feat	count	weight	rel_role	group_name
case> ...	65.0	0.857	adaptation_comment	Passerine__order
amod< ...	39.0	0.307	adaptation_comment	Passerine__order
compound> ...	38.0	0.344	adaptation_comment	Passerine__order
amod> ...	36.0	0.774	adaptation_comment	Passerine__order
obl< ...	33.0	0.349	adaptation_comment	Passerine__order
det> ...	28.0	0.696	adaptation_comment	Passerine__order
nmod< ...	26.0	0.479	adaptation_comment	Passerine__order
nmod> ...	23.0	0.561	adaptation_comment	Passerine__order
nmod>case> ...	23.0	0.904	adaptation_comment	Passerine__order
amod<det> ...	15.0	0.385	adaptation_comment	Passerine__order
compound< ...	15.0	0.339	adaptation_comment	Passerine__order
amod<case> ...	14.0	0.557	adaptation_comment	Passerine__order
det> the	14.0	0.763	adaptation_comment	Passerine__order
conj< ...	13.0	0.407	adaptation_comment	Passerine__order
cc> and	12.0	0.439	adaptation_comment	Passerine__order
cc> ...	12.0	0.317	adaptation_comment	Passerine__order
compound> tool	12.0	0.347	adaptation_comment	Passerine__order
nmod<case> ...	11.0	0.567	adaptation_comment	Passerine__order
obj< ...	11.0	0.303	adaptation_comment	Passerine__order
case> of	11.0	0.846	adaptation_comment	Passerine__order
cop> ...	11.0	0.211	adaptation_comment	Passerine__order
obl<obl>case> ...	11.0	0.378	adaptation_comment	Passerine__order
case> for	11.0	0.779	adaptation_comment	Passerine__order
obl<obl> ...	11.0	0.393	adaptation_comment	Passerine__order
nmod<det> ...	11.0	0.579	adaptation_comment	Passerine__order
obl<nsubj> ...	11.0	0.564	adaptation_comment	Passerine__order
cop> be	11.0	0.293	adaptation_comment	Passerine__order
conj> ...	11.0	0.757	adaptation_comment	Passerine__order
obl<advmod> ...	10.0	0.321	adaptation_comment	Passerine__order
amod<amod> ...	10.0	0.189	adaptation_comment	Passerine__order
det> a	10.0	0.764	adaptation_comment	Passerine__order
nsubj> ...	10.0	0.256	adaptation_comment	Passerine__order
case> on	10.0	0.889	adaptation_comment	Passerine__order
nmod:poss> ...	9.0	0.248	adaptation_comment	Passerine__order
obl<obj> ...	9.0	0.27	adaptation_comment	Passerine__order
obl>case> ...	9.0	0.355	adaptation_comment	Passerine__order
amod<det> a	9.0	0.411	adaptation_comment	Passerine__order
obl<acl< ...	8.0	0.209	adaptation_comment	Passerine__order
amod<nmod>case> ...	8.0	0.264	adaptation_comment	Passerine__order
nmod>amod> ...	8.0	0.353	adaptation_comment	Passerine__order
amod<nmod> ...	8.0	0.326	adaptation_comment	Passerine__order
compound<det> ...	8.0	0.669	adaptation_comment	Passerine__order
nmod>case> of	8.0	0.996	adaptation_comment	Passerine__order
obl> ...	8.0	0.326	adaptation_comment	Passerine__order
obl<mark> ...	8.0	0.515	adaptation_comment	Passerine__order
amod<nmod< ...	7.0	0.415	adaptation_comment	Passerine__order
advmod> ...	7.0	0.364	adaptation_comment	Passerine__order
nmod>det> ...	7.0	0.343	adaptation_comment	Passerine__order
compound<obj< ...	7.0	0.515	adaptation_comment	Passerine__order
nmod>nmod>case> ...	7.0	0.536	adaptation_comment	Passerine__order
conj>cc> ...	7.0	0.656	adaptation_comment	Passerine__order
nsubj< ...	7.0	0.796	adaptation_comment	Passerine__order
nmod>nmod> ...	7.0	0.376	adaptation_comment	Passerine__order
nmod<det> the	7.0	0.636	adaptation_comment	Passerine__order
compound<det> the	6.0	0.621	adaptation_comment	Passerine__order
nsubj:pass<obl>case> ...	6.0	0.65	adaptation_comment	Passerine__order
nsubj:pass<obl> ...	6.0	0.59	adaptation_comment	Passerine__order
amod<conj< ...	6.0	0.302	adaptation_comment	Passerine__order
amod<cop> be	6.0	0.375	adaptation_comment	Passerine__order
conj>cc> and	6.0	0.708	adaptation_comment	Passerine__order
nmod>det> the	6.0	0.332	adaptation_comment	Passerine__order
obl<nsubj:pass> ...	6.0	0.546	adaptation_comment	Passerine__order
nmod<nmod< ...	6.0	0.478	adaptation_comment	Passerine__order
amod<conj> ...	6.0	0.357	adaptation_comment	Passerine__order
obl<aux:pass> ...	6.0	0.332	adaptation_comment	Passerine__order
obl<aux:pass> be	6.0	0.332	adaptation_comment	Passerine__order
obl>det> ...	6.0	0.34	adaptation_comment	Passerine__order
amod<obj< ...	6.0	0.296	adaptation_comment	Passerine__order
compound<case> ...	6.0	0.178	adaptation_comment	Passerine__order
amod<cop> ...	6.0	0.411	adaptation_comment	Passerine__order
compound<obj<obl> ...	5.0	0.264	adaptation_comment	Passerine__order
obl<aux> ...	5.0	0.346	adaptation_comment	Passerine__order
compound<nmod>case> ...	5.0	0.424	adaptation_comment	Passerine__order
amod<case> in	5.0	0.524	adaptation_comment	Passerine__order
obj<obl> ...	5.0	0.289	adaptation_comment	Passerine__order
case>fixed> ...	5.0	0.477	adaptation_comment	Passerine__order
obj<obl>case> ...	5.0	0.236	adaptation_comment	Passerine__order
nmod>nmod>case> of	5.0	0.583	adaptation_comment	Passerine__order
compound<nmod> ...	5.0	0.217	adaptation_comment	Passerine__order
nsubj:pass< ...	5.0	0.413	adaptation_comment	Passerine__order
amod<det> the	5.0	0.386	adaptation_comment	Passerine__order
case> to	5.0	0.803	adaptation_comment	Passerine__order
nsubj:pass<aux:pass> be	5.0	0.755	adaptation_comment	Passerine__order
amod<obl< ...	5.0	0.266	adaptation_comment	Passerine__order
amod<nmod<det> ...	5.0	0.386	adaptation_comment	Passerine__order
conj>amod> ...	5.0	0.503	adaptation_comment	Passerine__order
obl<obl>amod> ...	5.0	0.275	adaptation_comment	Passerine__order
nsubj>det> ...	5.0	0.266	adaptation_comment	Passerine__order
obl>compound> ...	5.0	0.311	adaptation_comment	Passerine__order
amod<nsubj> ...	5.0	0.387	adaptation_comment	Passerine__order
amod<conj<conj> ...	5.0	0.118	adaptation_comment	Passerine__order
obj<nsubj> ...	5.0	0.421	adaptation_comment	Passerine__order
nsubj:pass<aux:pass> ...	5.0	0.755	adaptation_comment	Passerine__order
nmod>compound> ...	5.0	0.338	adaptation_comment	Passerine__order
amod<cc> ...	5.0	0.244	adaptation_comment	Passerine__order
obl<obl>det> ...	5.0	0.374	adaptation_comment	Passerine__order
amod<compound> ...	5.0	0.296	adaptation_comment	Passerine__order
nmod:poss> they	4.0	0.323	adaptation_comment	Passerine__order
nmod<det> a	4.0	0.607	adaptation_comment	Passerine__order
nsubj<conj>advmod> ...	4.0	0.623	adaptation_comment	Passerine__order
amod<obj<nsubj> ...	4.0	0.173	adaptation_comment	Passerine__order
compound< pattern	4.0	0.283	adaptation_comment	Passerine__order
appos>conj> ...	4.0	0.317	adaptation_comment	Passerine__order
amod<case> of	4.0	0.573	adaptation_comment	Passerine__order
amod<nmod>det> ...	4.0	0.48	adaptation_comment	Passerine__order
nsubj<conj> ...	4.0	0.351	adaptation_comment	Passerine__order
amod<conj>cc> ...	4.0	0.434	adaptation_comment	Passerine__order
amod<nmod<conj> ...	4.0	0.388	adaptation_comment	Passerine__order
obl<nsubj>amod> ...	4.0	0.244	adaptation_comment	Passerine__order
conj<cop> ...	4.0	0.625	adaptation_comment	Passerine__order
conj<cop> be	4.0	0.579	adaptation_comment	Passerine__order
advcl>advmod> ...	4.0	0.168	adaptation_comment	Passerine__order
advcl> ...	4.0	0.511	adaptation_comment	Passerine__order
nmod:poss> its	4.0	0.366	adaptation_comment	Passerine__order
obl<obj>nmod> ...	4.0	0.479	adaptation_comment	Passerine__order
obl<obj>det> ...	4.0	0.288	adaptation_comment	Passerine__order
conj<nsubj> ...	4.0	0.201	adaptation_comment	Passerine__order
compound<amod> ...	4.0	0.23	adaptation_comment	Passerine__order
compound<obj<aux> ...	4.0	0.402	adaptation_comment	Passerine__order
case>fixed> to	4.0	0.526	adaptation_comment	Passerine__order
compound<nmod< ...	4.0	0.295	adaptation_comment	Passerine__order
nmod<amod> ...	4.0	0.425	adaptation_comment	Passerine__order
obl<obl>det> a	4.0	0.369	adaptation_comment	Passerine__order
nmod<obl< ...	4.0	0.238	adaptation_comment	Passerine__order
nmod<obj< ...	4.0	0.479	adaptation_comment	Passerine__order
compound<obj<nsubj> ...	4.0	0.355	adaptation_comment	Passerine__order
conj<appos< ...	4.0	0.191	adaptation_comment	Passerine__order
nsubj<obl> ...	4.0	0.366	adaptation_comment	Passerine__order
nmod<nsubj< ...	4.0	0.487	adaptation_comment	Passerine__order
amod< behaviour	4.0	0.238	adaptation_comment	Passerine__order
amod< bird	4.0	0.356	adaptation_comment	Passerine__order
nsubj<obl>case> ...	4.0	0.74	adaptation_comment	Passerine__order
nmod<appos< ...	3.0	0.352	adaptation_comment	Passerine__order
obl<obj>det> the	3.0	0.342	adaptation_comment	Passerine__order
nmod<case> of	3.0	0.641	adaptation_comment	Passerine__order
obl<conj>cc> ...	3.0	0.595	adaptation_comment	Passerine__order
obl<conj> ...	3.0	0.341	adaptation_comment	Passerine__order
obl<conj< ...	3.0	0.37	adaptation_comment	Passerine__order
conj<amod> ...	3.0	0.71	adaptation_comment	Passerine__order
amod<nmod<amod> ...	3.0	0.45	adaptation_comment	Passerine__order
appos> ...	3.0	0.446	adaptation_comment	Passerine__order
obl<cc> ...	3.0	0.464	adaptation_comment	Passerine__order
acl:relcl>nsubj> ...	3.0	0.387	adaptation_comment	Passerine__order
obj<obl>nmod> ...	3.0	0.231	adaptation_comment	Passerine__order
nsubj>nmod>compound> ...	3.0	0.555	adaptation_comment	Passerine__order
nmod>case> in	3.0	0.984	adaptation_comment	Passerine__order
obl<advcl< ...	3.0	0.503	adaptation_comment	Passerine__order
acl:relcl> ...	3.0	0.301	adaptation_comment	Passerine__order
amod<nmod>case> in	3.0	0.323	adaptation_comment	Passerine__order
amod<case> with	3.0	0.642	adaptation_comment	Passerine__order
case> with	3.0	0.874	adaptation_comment	Passerine__order
acl:relcl>nsubj> which	3.0	0.406	adaptation_comment	Passerine__order
nmod<obj<nsubj> ...	3.0	0.222	adaptation_comment	Passerine__order
obl>det> the	3.0	0.354	adaptation_comment	Passerine__order
obl>compound> breeding	3.0	0.364	adaptation_comment	Passerine__order
obl>case> with	3.0	0.305	adaptation_comment	Passerine__order
nmod<nsubj<advcl> ...	3.0	0.482	adaptation_comment	Passerine__order
appos>conj>cc> ...	3.0	0.423	adaptation_comment	Passerine__order
nmod<nmod<compound> ...	3.0	0.264	adaptation_comment	Passerine__order
amod>advmod> ...	3.0	0.309	adaptation_comment	Passerine__order
conj<appos< behaviour	3.0	0.322	adaptation_comment	Passerine__order
amod< hierarchy	3.0	0.4	adaptation_comment	Passerine__order
conj<appos<conj> ecology	3.0	0.396	adaptation_comment	Passerine__order
amod<nmod<det> the	3.0	0.365	adaptation_comment	Passerine__order
amod<nsubj>det> ...	3.0	0.365	adaptation_comment	Passerine__order
conj>advmod> ...	3.0	0.335	adaptation_comment	Passerine__order
amod<cc> and	3.0	0.355	adaptation_comment	Passerine__order
conj<case> ...	3.0	0.422	adaptation_comment	Passerine__order
nsubj<advmod> ...	3.0	0.65	adaptation_comment	Passerine__order
acl:relcl>obj>conj> ...	3.0	0.562	adaptation_comment	Passerine__order
nsubj:pass<advmod> ...	3.0	0.531	adaptation_comment	Passerine__order
nsubj<aux> ...	3.0	0.548	adaptation_comment	Passerine__order
advcl>obl>case> ...	3.0	0.421	adaptation_comment	Passerine__order
advcl>obl> ...	3.0	0.561	adaptation_comment	Passerine__order
amod< structure	3.0	0.211	adaptation_comment	Passerine__order
nmod>conj> ...	3.0	0.407	adaptation_comment	Passerine__order
conj<nmod> ...	3.0	0.351	adaptation_comment	Passerine__order
amod<nmod>det> the	3.0	0.433	adaptation_comment	Passerine__order
compound<nmod>det> ...	3.0	0.417	adaptation_comment	Passerine__order
conj<nmod>case> ...	3.0	0.513	adaptation_comment	Passerine__order
nmod<compound> ...	3.0	0.251	adaptation_comment	Passerine__order
compound<obj<mark> ...	3.0	0.447	adaptation_comment	Passerine__order
compound<nmod>det> the	3.0	0.448	adaptation_comment	Passerine__order
nmod<conj< ...	3.0	0.426	adaptation_comment	Passerine__order
conj<nsubj>det> ...	3.0	0.173	adaptation_comment	Passerine__order
obl<parataxis> ...	3.0	0.234	adaptation_comment	Passerine__order
amod<obj<mark> ...	3.0	0.32	adaptation_comment	Passerine__order
amod<conj>cc> and	3.0	0.5	adaptation_comment	Passerine__order
amod<nmod:poss> ...	3.0	0.314	adaptation_comment	Passerine__order
nmod<nmod:poss> ...	3.0	0.414	adaptation_comment	Passerine__order
obl<acl<case> ...	3.0	0.347	adaptation_comment	Passerine__order
obj<nsubj>det> ...	3.0	0.27	adaptation_comment	Passerine__order
amod<conj<case> ...	3.0	0.442	adaptation_comment	Passerine__order
obl<nsubj:pass>amod> ...	3.0	0.312	adaptation_comment	Passerine__order
compound<nmod<case> ...	3.0	0.369	adaptation_comment	Passerine__order
nsubj<conj>cc> ...	3.0	0.528	adaptation_comment	Passerine__order
amod<nsubj< ...	3.0	0.266	adaptation_comment	Passerine__order
nmod>conj>cc> ...	3.0	0.411	adaptation_comment	Passerine__order
obl<cop> ...	3.0	0.388	adaptation_comment	Passerine__order
amod<nmod>amod> ...	3.0	0.495	adaptation_comment	Passerine__order
nsubj<obl>det> the	3.0	0.613	adaptation_comment	Passerine__order
obl<cop> be	3.0	0.388	adaptation_comment	Passerine__order
obl<conj>cc> and	3.0	0.639	adaptation_comment	Passerine__order
nmod>case> by	3.0	0.752	adaptation_comment	Passerine__order
nmod> bird	3.0	0.659	adaptation_comment	Passerine__order
nsubj<obl>nmod> ...	3.0	0.274	adaptation_comment	Passerine__order
nsubj<cop> ...	3.0	0.579	adaptation_comment	Passerine__order
nsubj<obl>det> ...	3.0	0.613	adaptation_comment	Passerine__order
obl<acl<conj> ...	3.0	0.229	adaptation_comment	Passerine__order
obj<nsubj>det> the	3.0	0.3	adaptation_comment	Passerine__order
nmod<nmod<nmod> ...	3.0	0.452	adaptation_comment	Passerine__order
nsubj<cop> be	3.0	0.584	adaptation_comment	Passerine__order
obl<mark> when	3.0	0.451	adaptation_comment	Passerine__order
conj<nsubj>det> the	3.0	0.195	adaptation_comment	Passerine__order
nsubj<obl>case> in	3.0	0.71	adaptation_comment	Passerine__order
conj<appos<conj> ...	3.0	0.279	adaptation_comment	Passerine__order
amod<obj<conj< ...	2.0	0.249	adaptation_comment	Passerine__order
nsubj:pass<obl>nummod> ...	2.0	0.224	adaptation_comment	Passerine__order
amod<obj<cc> and	2.0	0.476	adaptation_comment	Passerine__order
parataxis>nmod> ...	2.0	0.323	adaptation_comment	Passerine__order
amod<nmod>conj> ...	2.0	0.337	adaptation_comment	Passerine__order
amod<obl<nsubj> ...	2.0	0.35	adaptation_comment	Passerine__order
parataxis>nmod>case> ...	2.0	0.302	adaptation_comment	Passerine__order
nsubj:pass<advcl> ...	2.0	0.438	adaptation_comment	Passerine__order
nsubj:pass<advcl>mark> ...	2.0	0.447	adaptation_comment	Passerine__order
amod<obj<cc> ...	2.0	0.476	adaptation_comment	Passerine__order
nsubj:pass<obl>case> in	2.0	0.688	adaptation_comment	Passerine__order
obl<advcl>advmod> ...	2.0	0.599	adaptation_comment	Passerine__order
obj<conj>obl> ...	2.0	0.289	adaptation_comment	Passerine__order
obj<obl> male	2.0	0.566	adaptation_comment	Passerine__order
obl<advmod> mainly	2.0	0.289	adaptation_comment	Passerine__order
obl<obl>nmod> ...	2.0	0.472	adaptation_comment	Passerine__order
amod> male	2.0	0.766	adaptation_comment	Passerine__order
nmod>case> with	2.0	0.995	adaptation_comment	Passerine__order
obj<mark> ...	2.0	0.468	adaptation_comment	Passerine__order
obj<obl>amod> ...	2.0	0.152	adaptation_comment	Passerine__order
obj<advcl<obl> ...	2.0	0.429	adaptation_comment	Passerine__order
nmod>conj>cc> and	2.0	0.398	adaptation_comment	Passerine__order
obj<advcl< ...	2.0	0.126	adaptation_comment	Passerine__order
obj<advcl<mark> ...	2.0	0.332	adaptation_comment	Passerine__order
nmod<conj<conj> ...	2.0	0.248	adaptation_comment	Passerine__order
obl<conj>advmod> ...	2.0	0.527	adaptation_comment	Passerine__order
obl<obl>nummod> ...	2.0	0.327	adaptation_comment	Passerine__order
obl<advcl> ...	2.0	0.296	adaptation_comment	Passerine__order
nmod<conj<obl> ...	2.0	0.515	adaptation_comment	Passerine__order
nsubj:pass<obl>compound> ...	2.0	0.299	adaptation_comment	Passerine__order
obl<nsubj:pass>det> ...	2.0	0.736	adaptation_comment	Passerine__order
compound>amod> long	2.0	0.532	adaptation_comment	Passerine__order
obl<nsubj:pass>det> the	2.0	0.7	adaptation_comment	Passerine__order
amod<parataxis> ...	2.0	0.283	adaptation_comment	Passerine__order
obj<obl>case> in	2.0	0.244	adaptation_comment	Passerine__order
amod<nsubj<obl> ...	2.0	0.373	adaptation_comment	Passerine__order
amod<nsubj<advcl> ...	2.0	0.234	adaptation_comment	Passerine__order
nmod< one	2.0	0.526	adaptation_comment	Passerine__order
amod>advmod> most	2.0	0.348	adaptation_comment	Passerine__order
obl<mark> to	2.0	0.539	adaptation_comment	Passerine__order
amod<parataxis>nsubj> ...	2.0	0.409	adaptation_comment	Passerine__order
nsubj>nmod>case> ...	2.0	0.523	adaptation_comment	Passerine__order
amod<appos< ...	2.0	0.28	adaptation_comment	Passerine__order
nsubj>nmod>det> ...	2.0	0.316	adaptation_comment	Passerine__order
nsubj>nmod> ...	2.0	0.517	adaptation_comment	Passerine__order
advcl>mark> ...	2.0	0.413	adaptation_comment	Passerine__order
advcl>nsubj> ...	2.0	0.505	adaptation_comment	Passerine__order
advcl>aux> ...	2.0	0.409	adaptation_comment	Passerine__order
obl<aux> be	2.0	0.322	adaptation_comment	Passerine__order
amod< bond	2.0	0.467	adaptation_comment	Passerine__order
amod<conj>det> ...	2.0	0.505	adaptation_comment	Passerine__order
obj<conj> ...	2.0	0.238	adaptation_comment	Passerine__order
obl<acl<amod> ...	2.0	0.206	adaptation_comment	Passerine__order
obj<conj>obj> ...	2.0	0.295	adaptation_comment	Passerine__order
obj<obl>case> with	2.0	0.337	adaptation_comment	Passerine__order
nsubj<obl>nmod> range	2.0	0.512	adaptation_comment	Passerine__order
nmod<nmod>case> ...	2.0	0.346	adaptation_comment	Passerine__order
nmod<nmod> ...	2.0	0.524	adaptation_comment	Passerine__order
obl<acl<det> ...	2.0	0.543	adaptation_comment	Passerine__order
compound<obj<xcomp< ...	2.0	0.413	adaptation_comment	Passerine__order
nmod>nmod> paradise	2.0	0.537	adaptation_comment	Passerine__order
compound<nmod>amod> ...	2.0	0.362	adaptation_comment	Passerine__order
compound<nmod>conj> ...	2.0	0.276	adaptation_comment	Passerine__order
amod<obj<ccomp< ...	2.0	0.47	adaptation_comment	Passerine__order
amod<conj<nsubj> ...	2.0	0.378	adaptation_comment	Passerine__order
amod<conj<cop> ...	2.0	0.559	adaptation_comment	Passerine__order
conj<nsubj<advmod> ...	2.0	0.235	adaptation_comment	Passerine__order
compound>compound> ...	2.0	0.234	adaptation_comment	Passerine__order
compound<nmod>case> of	2.0	0.418	adaptation_comment	Passerine__order
compound<obj<xcomp< appear	2.0	0.432	adaptation_comment	Passerine__order
nmod<obl<nsubj> ...	2.0	0.364	adaptation_comment	Passerine__order
obl<advcl<obj> ...	2.0	0.265	adaptation_comment	Passerine__order
obl<obl>case> from	2.0	0.478	adaptation_comment	Passerine__order
nmod<obl<obl> ...	2.0	0.521	adaptation_comment	Passerine__order
amod<nmod:poss> they	2.0	0.439	adaptation_comment	Passerine__order
obl<conj<obl> ...	2.0	0.427	adaptation_comment	Passerine__order
conj>case> ...	2.0	0.431	adaptation_comment	Passerine__order
obl< make	2.0	0.531	adaptation_comment	Passerine__order
acl:relcl>obl>conj> ...	2.0	0.151	adaptation_comment	Passerine__order
obl<advcl<mark> ...	2.0	0.434	adaptation_comment	Passerine__order
nmod>conj>amod> ...	2.0	0.521	adaptation_comment	Passerine__order
conj>obl>case> ...	2.0	0.416	adaptation_comment	Passerine__order
conj>obl> ...	2.0	0.344	adaptation_comment	Passerine__order
amod<nsubj<advmod> ...	2.0	0.378	adaptation_comment	Passerine__order
nmod<nmod<obj< ...	2.0	0.296	adaptation_comment	Passerine__order
nsubj>nmod>det> the	2.0	0.231	adaptation_comment	Passerine__order
obl<advcl<nsubj> ...	2.0	0.304	adaptation_comment	Passerine__order
appos< ...	2.0	0.331	adaptation_comment	Passerine__order
compound<obj<mark> to	2.0	0.48	adaptation_comment	Passerine__order
amod<amod> complex	2.0	0.285	adaptation_comment	Passerine__order
conj<nsubj>amod> ...	2.0	0.275	adaptation_comment	Passerine__order
amod<nmod> flock	2.0	0.431	adaptation_comment	Passerine__order
amod<nmod>compound> jackdaw	2.0	0.335	adaptation_comment	Passerine__order
amod<nmod>amod> western	2.0	0.513	adaptation_comment	Passerine__order
nmod>nmod>case> between	2.0	0.586	adaptation_comment	Passerine__order
nmod>nmod> Africa	2.0	0.434	adaptation_comment	Passerine__order
amod<nmod<det> a	2.0	0.416	adaptation_comment	Passerine__order
nsubj:pass<advcl>amod> ...	2.0	0.338	adaptation_comment	Passerine__order
obl<xcomp< ...	2.0	0.498	adaptation_comment	Passerine__order
obl>amod> ...	2.0	0.364	adaptation_comment	Passerine__order
acl>obl> ...	2.0	0.194	adaptation_comment	Passerine__order
obj<parataxis<advmod> ...	2.0	0.477	adaptation_comment	Passerine__order
amod<obj< have	2.0	0.32	adaptation_comment	Passerine__order
acl>obl>case> ...	2.0	0.312	adaptation_comment	Passerine__order
acl> ...	2.0	0.441	adaptation_comment	Passerine__order
compound<nmod<obl< ...	2.0	0.312	adaptation_comment	Passerine__order
nsubj>amod> ...	2.0	0.229	adaptation_comment	Passerine__order
amod<nsubj>det> the	2.0	0.395	adaptation_comment	Passerine__order
det> some	2.0	0.755	adaptation_comment	Passerine__order
obl<parataxis>nsubj> ...	2.0	0.149	adaptation_comment	Passerine__order
obl<acl<case> of	2.0	0.442	adaptation_comment	Passerine__order
amod< dispute	2.0	0.533	adaptation_comment	Passerine__order
obl<acl< bird	2.0	0.261	adaptation_comment	Passerine__order
amod<conj<cop> be	2.0	0.559	adaptation_comment	Passerine__order
obj<nsubj> male	2.0	0.414	adaptation_comment	Passerine__order
obj< show	2.0	0.407	adaptation_comment	Passerine__order
nmod<nsubj<advmod> ...	2.0	0.283	adaptation_comment	Passerine__order
conj<appos<appos< ...	2.0	0.599	adaptation_comment	Passerine__order
amod<obj<mark> that	2.0	0.313	adaptation_comment	Passerine__order
compound<nmod>conj> blackcap	2.0	0.362	adaptation_comment	Passerine__order
compound<nmod> warbler	2.0	0.255	adaptation_comment	Passerine__order
compound<nmod>amod> garden	2.0	0.254	adaptation_comment	Passerine__order
obl<obl>case> in	2.0	0.389	adaptation_comment	Passerine__order
compound<obj< affect	2.0	0.695	adaptation_comment	Passerine__order
compound<obj<aux> be	2.0	0.378	adaptation_comment	Passerine__order
conj<nmod<obl< ...	2.0	0.529	adaptation_comment	Passerine__order
conj<nmod<case> ...	2.0	0.538	adaptation_comment	Passerine__order
nmod<nmod:poss>case> 's	2.0	0.278	adaptation_comment	Passerine__order
amod<conj<conj> language	2.0	0.174	adaptation_comment	Passerine__order
nsubj:pass<obl>acl> ...	2.0	0.389	adaptation_comment	Passerine__order
obl<acl<nmod< ...	2.0	0.379	adaptation_comment	Passerine__order
nmod<nmod:poss>case> ...	2.0	0.252	adaptation_comment	Passerine__order
nmod<cc> ...	2.0	0.398	adaptation_comment	Passerine__order
nsubj<aux> may	2.0	0.564	adaptation_comment	Passerine__order
obl<conj<nmod> ...	2.0	0.388	adaptation_comment	Passerine__order
nsubj:pass<obl>nmod> ...	2.0	0.484	adaptation_comment	Passerine__order
nsubj:pass<obl>det> ...	2.0	0.611	adaptation_comment	Passerine__order
advcl>obl>amod> ...	2.0	0.503	adaptation_comment	Passerine__order
nmod<case> on	2.0	0.576	adaptation_comment	Passerine__order
compound<obj<advcl> ...	2.0	0.236	adaptation_comment	Passerine__order
obj<advcl<mark> to	2.0	0.332	adaptation_comment	Passerine__order
nmod<cc> and	2.0	0.341	adaptation_comment	Passerine__order
conj<nmod< ...	2.0	0.2	adaptation_comment	Passerine__order
amod> other	2.0	0.775	adaptation_comment	Passerine__order
conj<nmod>amod> ...	2.0	0.29	adaptation_comment	Passerine__order
obl<nsubj>appos> ...	2.0	0.322	adaptation_comment	Passerine__order
obl<ccomp>nsubj> ...	2.0	0.183	adaptation_comment	Passerine__order
conj>advcl> ...	2.0	0.248	adaptation_comment	Passerine__order
conj<appos<appos< lyrebird	2.0	0.599	adaptation_comment	Passerine__order
nmod>case> from	2.0	1.021	adaptation_comment	Passerine__order
conj>advcl>mark> ...	2.0	0.645	adaptation_comment	Passerine__order
obl<acl<nsubj< ...	2.0	0.317	adaptation_comment	Passerine__order
compound>amod> ...	2.0	0.442	adaptation_comment	Passerine__order
appos>conj>cc> and	2.0	0.532	adaptation_comment	Passerine__order
obl<cc> and	2.0	0.441	adaptation_comment	Passerine__order
obl> bird	2.0	0.455	adaptation_comment	Passerine__order
advmod> very	2.0	0.329	adaptation_comment	Passerine__order
compound<det> a	2.0	0.689	adaptation_comment	Passerine__order
compound<obj<aux> have	2.0	0.367	adaptation_comment	Passerine__order
compound<case> before	2.0	0.282	adaptation_comment	Passerine__order
amod<conj<nmod< ...	2.0	0.313	adaptation_comment	Passerine__order
obl<ccomp> ...	2.0	0.324	adaptation_comment	Passerine__order
obl<ccomp>obj> ...	2.0	0.196	adaptation_comment	Passerine__order
obj<obl>acl> ...	2.0	0.288	adaptation_comment	Passerine__order
compound<obl< ...	2.0	0.548	adaptation_comment	Passerine__order
obj<obl>det> ...	2.0	0.522	adaptation_comment	Passerine__order
conj>nmod> ...	2.0	0.521	adaptation_comment	Passerine__order
obl<conj>obl> ...	2.0	0.166	adaptation_comment	Passerine__order
conj>det> ...	2.0	0.39	adaptation_comment	Passerine__order
nmod<nmod<advmod> ...	2.0	0.36	adaptation_comment	Passerine__order
nmod<nmod<obj> ...	2.0	0.312	adaptation_comment	Passerine__order
compound<nmod<nmod> ...	2.0	0.223	adaptation_comment	Passerine__order
conj>nmod>case> ...	2.0	0.434	adaptation_comment	Passerine__order
nsubj> they	2.0	0.493	adaptation_comment	Passerine__order
nmod>amod> superb	2.0	0.322	adaptation_comment	Passerine__order
nsubj>det> both	2.0	0.265	adaptation_comment	Passerine__order
obl> season	2.0	0.408	adaptation_comment	Passerine__order
amod<nmod<case> ...	2.0	0.494	adaptation_comment	Passerine__order
amod<conj>obl> ...	2.0	0.343	adaptation_comment	Passerine__order
amod<nmod<nsubj< ...	2.0	0.195	adaptation_comment	Passerine__order
obl>det> a	2.0	0.29	adaptation_comment	Passerine__order
amod<nmod<obj< ...	2.0	0.346	adaptation_comment	Passerine__order
appos>acl>obl> ...	2.0	0.444	adaptation_comment	Passerine__order
appos>acl> ...	2.0	0.476	adaptation_comment	Passerine__order
amod<conj>aux> ...	2.0	0.232	adaptation_comment	Passerine__order
amod<nmod>compound> ...	2.0	0.335	adaptation_comment	Passerine__order
nmod<nmod<det> ...	2.0	0.408	adaptation_comment	Passerine__order
conj>det> the	2.0	0.421	adaptation_comment	Passerine__order
obl>case> during	2.0	0.418	adaptation_comment	Passerine__order
obl<obj>amod> ...	2.0	0.407	adaptation_comment	Passerine__order
conj>case> in	2.0	0.512	adaptation_comment	Passerine__order
nsubj<det> a	1.0	0.562	adaptation_comment	Passerine__order
nmod<conj<nmod> ...	1.0	0.533	adaptation_comment	Passerine__order
conj<advmod> ...	1.0	0.467	adaptation_comment	Passerine__order
nmod<conj<nsubj:pass> ...	1.0	0.453	adaptation_comment	Passerine__order
obl<parataxis>obj> ...	1.0	0.347	adaptation_comment	Passerine__order
nsubj<advmod> highly	1.0	0.643	adaptation_comment	Passerine__order
nmod<conj<aux:pass> ...	1.0	0.583	adaptation_comment	Passerine__order
nsubj<obl>case> with	1.0	0.815	adaptation_comment	Passerine__order
obl<parataxis>advcl> ...	1.0	0.503	adaptation_comment	Passerine__order
nsubj:pass<obl>det> this	1.0	0.601	adaptation_comment	Passerine__order
obj<nsubj>nummod> ...	1.0	0.406	adaptation_comment	Passerine__order
conj<conj< ...	1.0	0.384	adaptation_comment	Passerine__order
conj<cc> ...	1.0	0.376	adaptation_comment	Passerine__order
nsubj<obl> species	1.0	0.537	adaptation_comment	Passerine__order
nmod>det> a	1.0	0.377	adaptation_comment	Passerine__order
appos<flat> ...	1.0	0.282	adaptation_comment	Passerine__order
appos<case> ...	1.0	0.461	adaptation_comment	Passerine__order
nsubj:pass<obl>det> the	1.0	0.636	adaptation_comment	Passerine__order
appos<obl< ...	1.0	0.311	adaptation_comment	Passerine__order
appos<obl<acl< ...	1.0	0.284	adaptation_comment	Passerine__order
nsubj:pass<obl>case> to	1.0	0.683	adaptation_comment	Passerine__order
acl>obl>amod> ...	1.0	0.255	adaptation_comment	Passerine__order
acl>obl>compound> ...	1.0	0.135	adaptation_comment	Passerine__order
acl>obl>nmod:poss> ...	1.0	0.565	adaptation_comment	Passerine__order
acl>obl>nmod> ...	1.0	0.288	adaptation_comment	Passerine__order
appos> bird	1.0	0.593	adaptation_comment	Passerine__order
nmod>nmod:poss> ...	1.0	0.388	adaptation_comment	Passerine__order
nsubj:pass<aux> have	1.0	0.328	adaptation_comment	Passerine__order
obl<nmod>case> ...	1.0	0.38	adaptation_comment	Passerine__order
obl<acl<det> the	1.0	0.513	adaptation_comment	Passerine__order
obl<nmod> ...	1.0	0.213	adaptation_comment	Passerine__order
advcl>conj>cc> and	1.0	0.252	adaptation_comment	Passerine__order
advcl>obl>case> in	1.0	0.488	adaptation_comment	Passerine__order
nsubj:pass<advcl>cop> be	1.0	0.518	adaptation_comment	Passerine__order
nsubj:pass<advcl>nsubj> it	1.0	0.232	adaptation_comment	Passerine__order
det> this	1.0	0.675	adaptation_comment	Passerine__order
nsubj:pass<advmod> however	1.0	0.475	adaptation_comment	Passerine__order
obl<obl> winter	1.0	0.522	adaptation_comment	Passerine__order
conj<det> ...	1.0	0.229	adaptation_comment	Passerine__order
advmod> more	1.0	0.402	adaptation_comment	Passerine__order
nsubj>compound> zebra	1.0	0.413	adaptation_comment	Passerine__order
obl< breed	1.0	0.333	adaptation_comment	Passerine__order
nsubj<conj>det> the	1.0	0.286	adaptation_comment	Passerine__order
nsubj<conj> south	1.0	0.523	adaptation_comment	Passerine__order
obl<obl>case> by	1.0	0.435	adaptation_comment	Passerine__order
nsubj<conj>cc> or	1.0	0.673	adaptation_comment	Passerine__order
nsubj<conj>advmod> so	1.0	0.63	adaptation_comment	Passerine__order
nmod:poss>case> ...	1.0	0.31	adaptation_comment	Passerine__order
nmod:poss>compound> ...	1.0	0.397	adaptation_comment	Passerine__order
nmod:poss>det> ...	1.0	0.444	adaptation_comment	Passerine__order
obl<amod> ...	1.0	0.245	adaptation_comment	Passerine__order
obl<det> ...	1.0	0.397	adaptation_comment	Passerine__order
nsubj<nmod>case> of	1.0	0.357	adaptation_comment	Passerine__order
nsubj<nmod>det> a	1.0	0.422	adaptation_comment	Passerine__order
nmod<advmod> ...	1.0	0.49	adaptation_comment	Passerine__order
nsubj<conj>cc> but	1.0	0.733	adaptation_comment	Passerine__order
compound<nmod<cc> and	1.0	0.305	adaptation_comment	Passerine__order
compound<nmod<det> the	1.0	0.329	adaptation_comment	Passerine__order
nsubj<obl> part	1.0	0.379	adaptation_comment	Passerine__order
nmod>nmod>compound> ...	1.0	0.394	adaptation_comment	Passerine__order
compound<nmod>case> in	1.0	0.486	adaptation_comment	Passerine__order
nsubj:pass<advcl>nsubj:pass> ...	1.0	0.374	adaptation_comment	Passerine__order
nsubj:pass<advcl>aux:pass> ...	1.0	0.299	adaptation_comment	Passerine__order
nmod<advmod>advmod> ...	1.0	0.637	adaptation_comment	Passerine__order
nmod<nsubj<mark> as	1.0	0.293	adaptation_comment	Passerine__order
compound<obl< take	1.0	0.697	adaptation_comment	Passerine__order
nmod<conj<mark> ...	1.0	0.443	adaptation_comment	Passerine__order
compound<obl<obl> summer	1.0	0.472	adaptation_comment	Passerine__order
case> in	1.0	0.867	adaptation_comment	Passerine__order
nsubj:pass<advcl>obl> ...	1.0	0.213	adaptation_comment	Passerine__order
nmod<appos<cc> and	1.0	0.416	adaptation_comment	Passerine__order
nmod<nsubj<conj> ...	1.0	0.373	adaptation_comment	Passerine__order
conj<acl> ...	1.0	0.427	adaptation_comment	Passerine__order
conj>aux> ...	1.0	0.465	adaptation_comment	Passerine__order
conj>obj>nmod> ...	1.0	0.415	adaptation_comment	Passerine__order
conj>obj> ...	1.0	0.444	adaptation_comment	Passerine__order
conj<nsubj< ...	1.0	0.245	adaptation_comment	Passerine__order
conj<nsubj<ccomp< ...	1.0	0.351	adaptation_comment	Passerine__order
conj>advcl>cop> ...	1.0	0.269	adaptation_comment	Passerine__order
compound<acl>obl> ...	1.0	0.265	adaptation_comment	Passerine__order
compound<acl> ...	1.0	0.471	adaptation_comment	Passerine__order
compound<obl<acl< ...	1.0	0.222	adaptation_comment	Passerine__order
nmod<acl> ...	1.0	0.499	adaptation_comment	Passerine__order
nmod<obl<obj> ...	1.0	0.418	adaptation_comment	Passerine__order
conj>aux:pass> ...	1.0	0.254	adaptation_comment	Passerine__order
appos>conj>amod> ...	1.0	0.399	adaptation_comment	Passerine__order
appos>nmod> ...	1.0	0.333	adaptation_comment	Passerine__order
appos>nmod>case> ...	1.0	0.169	adaptation_comment	Passerine__order
appos>conj>compound> ...	1.0	0.37	adaptation_comment	Passerine__order
appos>det> ...	1.0	0.378	adaptation_comment	Passerine__order
obl<nsubj>det> ...	1.0	0.428	adaptation_comment	Passerine__order
nmod<appos<conj> ...	1.0	0.281	adaptation_comment	Passerine__order
appos>compound> ...	1.0	0.502	adaptation_comment	Passerine__order
obl<acl<advmod> ...	1.0	0.438	adaptation_comment	Passerine__order
obl<acl<obl< ...	1.0	0.555	adaptation_comment	Passerine__order
nmod<appos<advmod> ...	1.0	0.481	adaptation_comment	Passerine__order
nmod<appos<cop> ...	1.0	0.487	adaptation_comment	Passerine__order
nmod<appos<nsubj> ...	1.0	0.428	adaptation_comment	Passerine__order
nmod<compound>amod> ...	1.0	0.217	adaptation_comment	Passerine__order
conj<obl<nsubj:pass> ...	1.0	0.307	adaptation_comment	Passerine__order
conj>nmod>conj> ...	1.0	0.411	adaptation_comment	Passerine__order
conj>nmod>det> ...	1.0	0.391	adaptation_comment	Passerine__order
conj>compound> ...	1.0	0.256	adaptation_comment	Passerine__order
conj>compound>compound> ...	1.0	0.353	adaptation_comment	Passerine__order
acl>obj> ...	1.0	0.481	adaptation_comment	Passerine__order
acl>mark> ...	1.0	0.297	adaptation_comment	Passerine__order
nmod<nmod<case> ...	1.0	0.269	adaptation_comment	Passerine__order
nmod<nmod<obl< ...	1.0	0.17	adaptation_comment	Passerine__order
conj<obl<obl> ...	1.0	0.325	adaptation_comment	Passerine__order
conj<obl< ...	1.0	0.33	adaptation_comment	Passerine__order
conj<obl<advmod> ...	1.0	0.329	adaptation_comment	Passerine__order
conj<obl<aux:pass> ...	1.0	0.26	adaptation_comment	Passerine__order
conj<nsubj<mark> ...	1.0	0.529	adaptation_comment	Passerine__order
nsubj<conj>nsubj:pass> ...	1.0	0.393	adaptation_comment	Passerine__order
acl:relcl>ccomp> ...	1.0	0.501	adaptation_comment	Passerine__order
nsubj<amod> ...	1.0	0.289	adaptation_comment	Passerine__order
nsubj<obl:npmod>det> ...	1.0	0.358	adaptation_comment	Passerine__order
conj<compound>conj> ...	1.0	0.504	adaptation_comment	Passerine__order
conj<compound> ...	1.0	0.31	adaptation_comment	Passerine__order
conj<appos<amod> ...	1.0	0.189	adaptation_comment	Passerine__order
nsubj<nmod> ...	1.0	0.339	adaptation_comment	Passerine__order
nsubj<nmod>amod> ...	1.0	0.399	adaptation_comment	Passerine__order
nsubj<nmod>det> ...	1.0	0.452	adaptation_comment	Passerine__order
nsubj<nmod>case> ...	1.0	0.287	adaptation_comment	Passerine__order
nsubj<amod>advmod> ...	1.0	0.473	adaptation_comment	Passerine__order
compound<obl<nsubj> ...	1.0	0.405	adaptation_comment	Passerine__order
nsubj<det> ...	1.0	0.544	adaptation_comment	Passerine__order
conj<appos<appos> ...	1.0	0.205	adaptation_comment	Passerine__order
conj<appos<parataxis< ...	1.0	0.343	adaptation_comment	Passerine__order
nsubj<obl>compound> ...	1.0	0.214	adaptation_comment	Passerine__order
nsubj<obl>advmod> ...	1.0	0.352	adaptation_comment	Passerine__order
appos>amod> ...	1.0	0.437	adaptation_comment	Passerine__order
appos>advmod> ...	1.0	0.219	adaptation_comment	Passerine__order
nmod>nmod>nmod:poss> ...	1.0	0.339	adaptation_comment	Passerine__order
nsubj<obl:npmod> ...	1.0	0.244	adaptation_comment	Passerine__order
compound<obl<obj> ...	1.0	0.337	adaptation_comment	Passerine__order
nsubj<conj>aux:pass> ...	1.0	0.636	adaptation_comment	Passerine__order
advcl>conj>obl> ...	1.0	0.534	adaptation_comment	Passerine__order
advcl>conj> ...	1.0	0.243	adaptation_comment	Passerine__order
advcl>conj>advmod> ...	1.0	0.436	adaptation_comment	Passerine__order
advcl>conj>cc> ...	1.0	0.252	adaptation_comment	Passerine__order
nsubj>compound> ...	1.0	0.439	adaptation_comment	Passerine__order
nsubj:pass<advcl>case> ...	1.0	0.116	adaptation_comment	Passerine__order
nsubj:pass<advcl>cop> ...	1.0	0.518	adaptation_comment	Passerine__order
nsubj:pass<advcl>nsubj> ...	1.0	0.259	adaptation_comment	Passerine__order
compound<obl<obl> ...	1.0	0.382	adaptation_comment	Passerine__order
obj<advcl<advmod> ...	1.0	0.394	adaptation_comment	Passerine__order
compound<nmod<compound> ...	1.0	0.468	adaptation_comment	Passerine__order
compound<nmod<det> ...	1.0	0.336	adaptation_comment	Passerine__order
compound<nmod<advmod> ...	1.0	0.352	adaptation_comment	Passerine__order
compound<nmod<cc> ...	1.0	0.291	adaptation_comment	Passerine__order
compound<nmod<conj< ...	1.0	0.368	adaptation_comment	Passerine__order
compound<obl<conj> ...	1.0	0.504	adaptation_comment	Passerine__order
nmod>nummod> ...	1.0	0.342	adaptation_comment	Passerine__order
nmod<appos<obj> ...	1.0	0.341	adaptation_comment	Passerine__order
obl<acl<nmod> ...	1.0	0.225	adaptation_comment	Passerine__order
nmod<appos<cc> ...	1.0	0.416	adaptation_comment	Passerine__order
parataxis> ...	1.0	0.363	adaptation_comment	Passerine__order
amod<amod>advmod> ...	1.0	0.327	adaptation_comment	Passerine__order
obl<compound:prt> ...	1.0	0.305	adaptation_comment	Passerine__order
nsubj<conj>xcomp> ...	1.0	0.288	adaptation_comment	Passerine__order
obj<advcl<acl< ...	1.0	0.198	adaptation_comment	Passerine__order
obj<advcl<obj> ...	1.0	0.474	adaptation_comment	Passerine__order
obj<nsubj>nmod:poss> ...	1.0	0.303	adaptation_comment	Passerine__order
obl<acl<nsubj> ...	1.0	0.187	adaptation_comment	Passerine__order
nmod<appos<conj< ...	1.0	0.408	adaptation_comment	Passerine__order
nsubj:pass<aux> ...	1.0	0.268	adaptation_comment	Passerine__order
obl<obl>acl> ...	1.0	0.323	adaptation_comment	Passerine__order
obl<xcomp<obl> ...	1.0	0.404	adaptation_comment	Passerine__order
obl<xcomp<nsubj> ...	1.0	0.549	adaptation_comment	Passerine__order
conj<obj< ...	1.0	0.361	adaptation_comment	Passerine__order
conj<obj<mark> ...	1.0	0.421	adaptation_comment	Passerine__order
conj<obj<advcl< ...	1.0	0.236	adaptation_comment	Passerine__order
nsubj<conj>advcl> ...	1.0	0.301	adaptation_comment	Passerine__order
nsubj<conj>nmod> ...	1.0	0.202	adaptation_comment	Passerine__order
nsubj<conj>det> ...	1.0	0.255	adaptation_comment	Passerine__order
nsubj<obl>amod> ...	1.0	0.315	adaptation_comment	Passerine__order
nsubj<advmod>obl> ...	1.0	0.218	adaptation_comment	Passerine__order
nsubj<advmod>advmod> ...	1.0	0.443	adaptation_comment	Passerine__order
nmod<nsubj<cc> ...	1.0	0.464	adaptation_comment	Passerine__order
nmod<nsubj<mark> ...	1.0	0.196	adaptation_comment	Passerine__order
nmod<nsubj<advcl< ...	1.0	0.465	adaptation_comment	Passerine__order
acl:relcl>ccomp>obl> ...	1.0	0.396	adaptation_comment	Passerine__order
acl:relcl>ccomp>nsubj> ...	1.0	0.403	adaptation_comment	Passerine__order
conj<acl>obl> ...	1.0	0.249	adaptation_comment	Passerine__order
nsubj<ccomp> ...	1.0	0.518	adaptation_comment	Passerine__order
obl<parataxis>aux> ...	1.0	0.378	adaptation_comment	Passerine__order
nmod<nsubj:pass< ...	1.0	0.449	adaptation_comment	Passerine__order
nmod<nsubj:pass<aux:pass> ...	1.0	0.237	adaptation_comment	Passerine__order
nmod<nsubj:pass<advmod> ...	1.0	0.352	adaptation_comment	Passerine__order
nmod<nsubj:pass<aux> ...	1.0	0.343	adaptation_comment	Passerine__order
nsubj>nmod>case> of	1.0	0.585	adaptation_comment	Passerine__order
nmod<nsubj<obl> ...	1.0	0.372	adaptation_comment	Passerine__order
nmod<nsubj<aux> ...	1.0	0.384	adaptation_comment	Passerine__order
nsubj<ccomp>aux:pass> ...	1.0	0.26	adaptation_comment	Passerine__order
obl<parataxis>obl> ...	1.0	0.322	adaptation_comment	Passerine__order
nsubj<ccomp>aux> ...	1.0	0.219	adaptation_comment	Passerine__order
nsubj<ccomp>nsubj:pass> ...	1.0	0.644	adaptation_comment	Passerine__order
nsubj<mark> ...	1.0	0.436	adaptation_comment	Passerine__order
nsubj<advcl< ...	1.0	0.349	adaptation_comment	Passerine__order
obl<parataxis>aux:pass> ...	1.0	0.453	adaptation_comment	Passerine__order
nmod<nsubj<cop> ...	1.0	0.184	adaptation_comment	Passerine__order
nsubj:pass<obl>nmod:poss> ...	1.0	0.24	adaptation_comment	Passerine__order
obj<advcl> ...	1.0	0.363	adaptation_comment	Passerine__order
compound>nmod>case> ...	1.0	0.41	adaptation_comment	Passerine__order
compound>compound>compound> ...	1.0	0.257	adaptation_comment	Passerine__order
obl<advcl>obj> ...	1.0	0.548	adaptation_comment	Passerine__order
obl<advcl>mark> ...	1.0	0.52	adaptation_comment	Passerine__order
obj<cc> ...	1.0	0.267	adaptation_comment	Passerine__order
obj<conj< ...	1.0	0.286	adaptation_comment	Passerine__order
obj<conj<cop> ...	1.0	0.637	adaptation_comment	Passerine__order
obj<conj<nsubj> ...	1.0	0.233	adaptation_comment	Passerine__order
obj<advcl>obj> ...	1.0	0.435	adaptation_comment	Passerine__order
obj<advcl>conj> ...	1.0	0.284	adaptation_comment	Passerine__order
obj<advcl>mark> ...	1.0	0.208	adaptation_comment	Passerine__order
amod>obl:npmod> ...	1.0	0.284	adaptation_comment	Passerine__order
obj<advmod> ...	1.0	0.497	adaptation_comment	Passerine__order
obj<nsubj>conj> ...	1.0	0.377	adaptation_comment	Passerine__order
cc:preconj> ...	1.0	0.334	adaptation_comment	Passerine__order
obl<amod< ...	1.0	0.179	adaptation_comment	Passerine__order
nmod<nsubj<obj> ...	1.0	0.348	adaptation_comment	Passerine__order
conj>cop> ...	1.0	0.226	adaptation_comment	Passerine__order
acl:relcl>obl> ...	1.0	0.232	adaptation_comment	Passerine__order
acl:relcl>obl>amod> ...	1.0	0.181	adaptation_comment	Passerine__order
acl:relcl>obl>case> ...	1.0	0.442	adaptation_comment	Passerine__order
obl<conj<cop> ...	1.0	0.303	adaptation_comment	Passerine__order
obl<conj<nsubj> ...	1.0	0.445	adaptation_comment	Passerine__order
obl<advcl<acl< ...	1.0	0.439	adaptation_comment	Passerine__order
acl:relcl>obj> ...	1.0	0.347	adaptation_comment	Passerine__order
obj<nsubj>amod> ...	1.0	0.312	adaptation_comment	Passerine__order
obj<nsubj>advmod> ...	1.0	0.588	adaptation_comment	Passerine__order
obj<parataxis< ...	1.0	0.331	adaptation_comment	Passerine__order
obl<obj>appos> ...	1.0	0.26	adaptation_comment	Passerine__order
obl<xcomp<cc> ...	1.0	0.248	adaptation_comment	Passerine__order
obl<xcomp<advcl< ...	1.0	0.37	adaptation_comment	Passerine__order
nmod<nmod<amod> ...	1.0	0.332	adaptation_comment	Passerine__order
acl:relcl>obj>amod> ...	1.0	0.431	adaptation_comment	Passerine__order
acl:relcl>aux> ...	1.0	0.343	adaptation_comment	Passerine__order
obl<conj<det> ...	1.0	0.257	adaptation_comment	Passerine__order
obl<conj<advmod> ...	1.0	0.371	adaptation_comment	Passerine__order
conj<advcl<obl> ...	1.0	0.36	adaptation_comment	Passerine__order
conj<advcl< ...	1.0	0.257	adaptation_comment	Passerine__order
conj<advcl<aux:pass> ...	1.0	0.263	adaptation_comment	Passerine__order
conj<nsubj>nmod> ...	1.0	0.299	adaptation_comment	Passerine__order
conj<mark> ...	1.0	0.378	adaptation_comment	Passerine__order
conj<nmod<appos> ...	1.0	0.546	adaptation_comment	Passerine__order
conj<nmod<advmod> ...	1.0	0.34	adaptation_comment	Passerine__order
compound>nmod> ...	1.0	0.298	adaptation_comment	Passerine__order
obl<advcl>obl> ...	1.0	0.299	adaptation_comment	Passerine__order
acl:relcl>ccomp>advmod> ...	1.0	0.396	adaptation_comment	Passerine__order
compound<nmod:poss> ...	1.0	0.161	adaptation_comment	Passerine__order
obl<nsubj>compound> ...	1.0	0.418	adaptation_comment	Passerine__order
obl<conj<case> ...	1.0	0.435	adaptation_comment	Passerine__order
obl<conj<obl< ...	1.0	0.336	adaptation_comment	Passerine__order
obl<obj>nmod:poss> ...	1.0	0.619	adaptation_comment	Passerine__order
compound<nmod:poss>case> ...	1.0	0.29	adaptation_comment	Passerine__order
obl<nsubj>nmod:poss> ...	1.0	0.216	adaptation_comment	Passerine__order
obl<parataxis< ...	1.0	0.245	adaptation_comment	Passerine__order
obl<parataxis<advmod> ...	1.0	0.39	adaptation_comment	Passerine__order
obl<parataxis<aux:pass> ...	1.0	0.412	adaptation_comment	Passerine__order
obl<parataxis<nsubj:pass> ...	1.0	0.329	adaptation_comment	Passerine__order
nmod<obj<mark> ...	1.0	0.435	adaptation_comment	Passerine__order
nmod<obj<xcomp< ...	1.0	0.22	adaptation_comment	Passerine__order
advcl>obj> ...	1.0	0.363	adaptation_comment	Passerine__order
nmod>nmod>conj> ...	1.0	0.373	adaptation_comment	Passerine__order
obl<acl:relcl>nsubj> ...	1.0	0.254	adaptation_comment	Passerine__order
compound<obj<acl< ...	1.0	0.231	adaptation_comment	Passerine__order
nmod<nmod<nsubj> ...	1.0	0.18	adaptation_comment	Passerine__order
conj<obl>amod> ...	1.0	0.25	adaptation_comment	Passerine__order
conj<obl> ...	1.0	0.353	adaptation_comment	Passerine__order
conj<obl>det> ...	1.0	0.351	adaptation_comment	Passerine__order
conj<obl>case> ...	1.0	0.393	adaptation_comment	Passerine__order
obj<conj>advmod> ...	1.0	0.417	adaptation_comment	Passerine__order
obj<obl>conj> ...	1.0	0.258	adaptation_comment	Passerine__order
obj<nsubj>nmod> ...	1.0	0.324	adaptation_comment	Passerine__order
obl<advcl<xcomp> ...	1.0	0.266	adaptation_comment	Passerine__order
obl<advcl<aux> ...	1.0	0.289	adaptation_comment	Passerine__order
obl<acl:relcl> ...	1.0	0.566	adaptation_comment	Passerine__order
obl<ccomp<obl> ...	1.0	0.277	adaptation_comment	Passerine__order
obl<ccomp< ...	1.0	0.368	adaptation_comment	Passerine__order
obl<ccomp<nsubj> ...	1.0	0.346	adaptation_comment	Passerine__order
obj<ccomp<obl> ...	1.0	0.337	adaptation_comment	Passerine__order
amod<nmod:poss>case> ...	1.0	0.369	adaptation_comment	Passerine__order
obl<obj>compound> ...	1.0	0.152	adaptation_comment	Passerine__order
nmod<nmod>compound> ...	1.0	0.386	adaptation_comment	Passerine__order
nmod<nmod>amod> ...	1.0	0.583	adaptation_comment	Passerine__order
nmod<conj<advmod> ...	1.0	0.67	adaptation_comment	Passerine__order
nmod<conj<nsubj> ...	1.0	0.266	adaptation_comment	Passerine__order
obj<ccomp< ...	1.0	0.218	adaptation_comment	Passerine__order
obj<ccomp<nsubj> ...	1.0	0.351	adaptation_comment	Passerine__order
compound<nsubj<conj> ...	1.0	0.278	adaptation_comment	Passerine__order
compound<nsubj<obl> ...	1.0	0.227	adaptation_comment	Passerine__order
compound<nsubj< ...	1.0	0.377	adaptation_comment	Passerine__order
compound<nmod>compound> ...	1.0	0.255	adaptation_comment	Passerine__order
nmod<obl<advmod> ...	1.0	0.243	adaptation_comment	Passerine__order
nmod<obl<aux:pass> ...	1.0	0.248	adaptation_comment	Passerine__order
nmod<obl<nsubj:pass> ...	1.0	0.421	adaptation_comment	Passerine__order
amod<conj>compound> ...	1.0	0.175	adaptation_comment	Passerine__order
amod<conj<compound> ...	1.0	0.4	adaptation_comment	Passerine__order
nsubj<conj>obl> ...	1.0	0.317	adaptation_comment	Passerine__order
nsubj<conj>obj> ...	1.0	0.431	adaptation_comment	Passerine__order
nsubj<conj>aux> ...	1.0	0.65	adaptation_comment	Passerine__order
nsubj<conj>nsubj> ...	1.0	0.276	adaptation_comment	Passerine__order
nsubj<obj>nmod> ...	1.0	0.407	adaptation_comment	Passerine__order
nsubj<obj> ...	1.0	0.18	adaptation_comment	Passerine__order
nsubj<obj>det> ...	1.0	0.447	adaptation_comment	Passerine__order
compound<obj<conj> ...	1.0	0.274	adaptation_comment	Passerine__order
compound<nmod>nmod> ...	1.0	0.169	adaptation_comment	Passerine__order
compound<obj<advmod> ...	1.0	0.513	adaptation_comment	Passerine__order
compound>compound> juvenile	1.0	0.332	adaptation_comment	Passerine__order
nmod<obj< show	1.0	0.602	adaptation_comment	Passerine__order
nmod<nsubj<obj> tool	1.0	0.361	adaptation_comment	Passerine__order
nmod> crow	1.0	0.768	adaptation_comment	Passerine__order
nmod<nsubj:pass<aux:pass> be	1.0	0.237	adaptation_comment	Passerine__order
nmod<nsubj<cop> be	1.0	0.184	adaptation_comment	Passerine__order
nmod<nmod:poss> they	1.0	0.379	adaptation_comment	Passerine__order
obl<parataxis>aux:pass> be	1.0	0.453	adaptation_comment	Passerine__order
obl<nsubj:pass> it	1.0	0.577	adaptation_comment	Passerine__order
nmod>conj>cc> or	1.0	0.431	adaptation_comment	Passerine__order
obl<aux> will	1.0	0.352	adaptation_comment	Passerine__order
obl<nsubj> it	1.0	0.595	adaptation_comment	Passerine__order
obl<advmod> also	1.0	0.318	adaptation_comment	Passerine__order
obj<cc> and	1.0	0.42	adaptation_comment	Passerine__order
obj<conj<cop> be	1.0	0.637	adaptation_comment	Passerine__order
obj<advcl>mark> to	1.0	0.274	adaptation_comment	Passerine__order
obl<amod< species	1.0	0.337	adaptation_comment	Passerine__order
nmod<nsubj:pass<aux> have	1.0	0.309	adaptation_comment	Passerine__order
advmod> mainly	1.0	0.386	adaptation_comment	Passerine__order
obl>det> some	1.0	0.398	adaptation_comment	Passerine__order
obl>case> in	1.0	0.396	adaptation_comment	Passerine__order
acl:relcl>obj>conj> raven	1.0	0.606	adaptation_comment	Passerine__order
nmod<nsubj< fly	1.0	0.609	adaptation_comment	Passerine__order
nmod<amod> common	1.0	0.366	adaptation_comment	Passerine__order
nsubj<ccomp>aux:pass> be	1.0	0.26	adaptation_comment	Passerine__order
nsubj<advmod> so	1.0	0.678	adaptation_comment	Passerine__order
nsubj<aux> be	1.0	0.514	adaptation_comment	Passerine__order
nsubj<mark> where	1.0	0.409	adaptation_comment	Passerine__order
obl<acl<det> a	1.0	0.581	adaptation_comment	Passerine__order
amod<nmod:poss>case> 's	1.0	0.369	adaptation_comment	Passerine__order
nmod<nmod> area	1.0	0.593	adaptation_comment	Passerine__order
nmod<nmod>case> in	1.0	0.414	adaptation_comment	Passerine__order
nmod<conj<advmod> also	1.0	0.67	adaptation_comment	Passerine__order
obl< know	1.0	0.379	adaptation_comment	Passerine__order
obl<advmod> well	1.0	0.381	adaptation_comment	Passerine__order
compound>nmod> paradise	1.0	0.303	adaptation_comment	Passerine__order
compound>nmod>case> of	1.0	0.434	adaptation_comment	Passerine__order
obl<advcl>mark> to	1.0	0.601	adaptation_comment	Passerine__order
obj< suggest	1.0	0.372	adaptation_comment	Passerine__order
compound<nmod>case> from	1.0	0.481	adaptation_comment	Passerine__order
nmod<obl<aux:pass> be	1.0	0.248	adaptation_comment	Passerine__order
obl<advmod> then	1.0	0.558	adaptation_comment	Passerine__order
nmod>nmod:poss> its	1.0	0.439	adaptation_comment	Passerine__order
nsubj:pass<obl>case> by	1.0	0.667	adaptation_comment	Passerine__order
nmod<case> by	1.0	0.642	adaptation_comment	Passerine__order
nmod<conj<aux:pass> be	1.0	0.583	adaptation_comment	Passerine__order
conj<advmod> particularly	1.0	0.518	adaptation_comment	Passerine__order
nmod<obl<nsubj> bird	1.0	0.441	adaptation_comment	Passerine__order
conj<nmod>case> of	1.0	0.487	adaptation_comment	Passerine__order
conj<det> the	1.0	0.28	adaptation_comment	Passerine__order
acl>obl>case> on	1.0	0.342	adaptation_comment	Passerine__order
acl>obl>case> by	1.0	0.283	adaptation_comment	Passerine__order
appos<case> by	1.0	0.408	adaptation_comment	Passerine__order
nmod<case> as	1.0	0.643	adaptation_comment	Passerine__order
nmod:poss>case> 's	1.0	0.31	adaptation_comment	Passerine__order
nmod:poss>det> the	1.0	0.444	adaptation_comment	Passerine__order
nsubj:pass<advcl>aux:pass> be	1.0	0.299	adaptation_comment	Passerine__order
nsubj:pass<advcl>mark> when	1.0	0.448	adaptation_comment	Passerine__order
nsubj:pass<obl>case> on	1.0	0.649	adaptation_comment	Passerine__order
nsubj:pass<advmod> first	1.0	0.494	adaptation_comment	Passerine__order
obl<obl>case> as	1.0	0.441	adaptation_comment	Passerine__order
conj<nmod>case> to	1.0	0.595	adaptation_comment	Passerine__order
conj<case> in	1.0	0.495	adaptation_comment	Passerine__order
compound<nmod<case> as	1.0	0.395	adaptation_comment	Passerine__order
nsubj> chiffchaff	1.0	0.199	adaptation_comment	Passerine__order
nsubj>amod> common	1.0	0.333	adaptation_comment	Passerine__order
nsubj>det> the	1.0	0.373	adaptation_comment	Passerine__order
compound<case> for	1.0	0.274	adaptation_comment	Passerine__order
nmod<amod> other	1.0	0.483	adaptation_comment	Passerine__order
obl<conj<det> the	1.0	0.257	adaptation_comment	Passerine__order
obl<conj<advmod> only	1.0	0.454	adaptation_comment	Passerine__order
conj<advcl<aux:pass> be	1.0	0.263	adaptation_comment	Passerine__order
conj<case> of	1.0	0.417	adaptation_comment	Passerine__order
conj>obl>case> during	1.0	0.454	adaptation_comment	Passerine__order
amod>advmod> more	1.0	0.483	adaptation_comment	Passerine__order
conj>cop> be	1.0	0.226	adaptation_comment	Passerine__order
nmod<obj< have	1.0	0.602	adaptation_comment	Passerine__order
obl<nsubj:pass> they	1.0	0.577	adaptation_comment	Passerine__order
conj>cc> but	1.0	0.734	adaptation_comment	Passerine__order
obl<cc> but	1.0	0.496	adaptation_comment	Passerine__order
obl<conj<cop> be	1.0	0.303	adaptation_comment	Passerine__order
obl<nsubj> bird	1.0	0.561	adaptation_comment	Passerine__order
acl>mark> to	1.0	0.299	adaptation_comment	Passerine__order
conj>nmod>det> a	1.0	0.401	adaptation_comment	Passerine__order
conj>nmod>case> with	1.0	0.5	adaptation_comment	Passerine__order
conj>aux:pass> be	1.0	0.254	adaptation_comment	Passerine__order
appos>det> a	1.0	0.327	adaptation_comment	Passerine__order
obl<aux> can	1.0	0.416	adaptation_comment	Passerine__order
nmod<case> in	1.0	0.63	adaptation_comment	Passerine__order
obl<nsubj> raven	1.0	0.425	adaptation_comment	Passerine__order
obl<obl>case> with	1.0	0.373	adaptation_comment	Passerine__order
obl<nsubj> most	1.0	0.667	adaptation_comment	Passerine__order
obl<nsubj>det> the	1.0	0.511	adaptation_comment	Passerine__order
obl<nsubj> crow	1.0	0.521	adaptation_comment	Passerine__order
nmod<nmod< call	1.0	0.594	adaptation_comment	Passerine__order
nmod<nmod<compound> alarm	1.0	0.312	adaptation_comment	Passerine__order
nmod<nmod<det> the	1.0	0.399	adaptation_comment	Passerine__order
nmod<nmod<case> in	1.0	0.292	adaptation_comment	Passerine__order
nmod<nmod<advmod> often	1.0	0.406	adaptation_comment	Passerine__order
conj< bird	1.0	0.424	adaptation_comment	Passerine__order
conj<obl< know	1.0	0.523	adaptation_comment	Passerine__order
conj<obl<aux:pass> be	1.0	0.26	adaptation_comment	Passerine__order
case>fixed> as	1.0	0.454	adaptation_comment	Passerine__order
case> such	1.0	0.849	adaptation_comment	Passerine__order
nmod<nmod<det> a	1.0	0.369	adaptation_comment	Passerine__order
conj<nsubj<mark> that	1.0	0.632	adaptation_comment	Passerine__order
conj>advcl>cop> be	1.0	0.269	adaptation_comment	Passerine__order
nsubj<conj>aux:pass> be	1.0	0.636	adaptation_comment	Passerine__order
nmod< species	1.0	0.498	adaptation_comment	Passerine__order
advmod> especially	1.0	0.394	adaptation_comment	Passerine__order
obl<compound:prt> up	1.0	0.402	adaptation_comment	Passerine__order
conj>aux> will	1.0	0.465	adaptation_comment	Passerine__order
compound<case> on	1.0	0.28	adaptation_comment	Passerine__order
nmod<case> with	1.0	0.552	adaptation_comment	Passerine__order
nmod<obl<nsubj> male	1.0	0.419	adaptation_comment	Passerine__order
nmod>case> for	1.0	0.757	adaptation_comment	Passerine__order
obl<obj>det> a	1.0	0.288	adaptation_comment	Passerine__order
obl<obl>case> to	1.0	0.377	adaptation_comment	Passerine__order
obl<obj>nmod:poss> they	1.0	0.619	adaptation_comment	Passerine__order
obl<obl>det> the	1.0	0.383	adaptation_comment	Passerine__order
obl<mark> that	1.0	0.589	adaptation_comment	Passerine__order
obl<parataxis<aux:pass> be	1.0	0.412	adaptation_comment	Passerine__order
nsubj<conj>advmod> also	1.0	0.578	adaptation_comment	Passerine__order
nsubj<conj>aux> will	1.0	0.603	adaptation_comment	Passerine__order
nsubj<conj>cc> and	1.0	0.701	adaptation_comment	Passerine__order
nmod<nmod>case> for	1.0	0.315	adaptation_comment	Passerine__order
nsubj<obj>det> the	1.0	0.432	adaptation_comment	Passerine__order
nmod<obj<mark> to	1.0	0.444	adaptation_comment	Passerine__order
nsubj> species	1.0	0.279	adaptation_comment	Passerine__order
conj<obl>det> a	1.0	0.356	adaptation_comment	Passerine__order
obj<obl>det> a	1.0	0.524	adaptation_comment	Passerine__order
obl<acl<case> in	1.0	0.346	adaptation_comment	Passerine__order
nmod<appos<advmod> highly	1.0	0.519	adaptation_comment	Passerine__order
nmod<appos<cop> be	1.0	0.487	adaptation_comment	Passerine__order
obj<obl>det> the	1.0	0.528	adaptation_comment	Passerine__order
nmod>case> to	1.0	0.988	adaptation_comment	Passerine__order
obl<aux> have	1.0	0.31	adaptation_comment	Passerine__order
compound<nmod<case> in	1.0	0.48	adaptation_comment	Passerine__order
nmod<nmod<advmod> also	1.0	0.533	adaptation_comment	Passerine__order
obl<conj>obl> range	1.0	0.2	adaptation_comment	Passerine__order
amod> ...	109.0	0.774	adaptation_topic	Passerine__order
det> ...	101.0	0.696	adaptation_topic	Passerine__order
det> the	86.0	0.763	adaptation_topic	Passerine__order
nsubj< ...	78.0	0.796	adaptation_topic	Passerine__order
case> ...	77.0	0.857	adaptation_topic	Passerine__order
compound> ...	67.0	0.344	adaptation_topic	Passerine__order
nsubj<obl>case> ...	49.0	0.74	adaptation_topic	Passerine__order
nsubj<obl> ...	47.0	0.366	adaptation_topic	Passerine__order
nmod< ...	46.0	0.479	adaptation_topic	Passerine__order
amod> common	33.0	0.838	adaptation_topic	Passerine__order
nmod<det> ...	31.0	0.579	adaptation_topic	Passerine__order
case> of	30.0	0.846	adaptation_topic	Passerine__order
nsubj<cop> ...	29.0	0.579	adaptation_topic	Passerine__order
nsubj<cop> be	29.0	0.584	adaptation_topic	Passerine__order
appos> ...	27.0	0.446	adaptation_topic	Passerine__order
nsubj:pass<aux:pass> ...	26.0	0.755	adaptation_topic	Passerine__order
nsubj<obj> ...	26.0	0.18	adaptation_topic	Passerine__order
nsubj:pass< ...	26.0	0.413	adaptation_topic	Passerine__order
nsubj:pass<aux:pass> be	26.0	0.755	adaptation_topic	Passerine__order
nsubj<advmod> ...	23.0	0.65	adaptation_topic	Passerine__order
nsubj:pass<obl> ...	23.0	0.59	adaptation_topic	Passerine__order
nmod> ...	23.0	0.561	adaptation_topic	Passerine__order
nmod>case> ...	23.0	0.904	adaptation_topic	Passerine__order
nsubj:pass<obl>case> ...	23.0	0.65	adaptation_topic	Passerine__order
nmod<det> the	22.0	0.636	adaptation_topic	Passerine__order
compound< ...	20.0	0.339	adaptation_topic	Passerine__order
nsubj<conj> ...	20.0	0.351	adaptation_topic	Passerine__order
nmod<case> ...	18.0	0.567	adaptation_topic	Passerine__order
nsubj<obl>det> ...	18.0	0.613	adaptation_topic	Passerine__order
obl< ...	17.0	0.349	adaptation_topic	Passerine__order
nsubj<conj>cc> ...	17.0	0.528	adaptation_topic	Passerine__order
nsubj<obl>amod> ...	17.0	0.315	adaptation_topic	Passerine__order
nsubj<nmod>case> ...	17.0	0.287	adaptation_topic	Passerine__order
nsubj<nmod> ...	16.0	0.339	adaptation_topic	Passerine__order
nsubj<advcl> ...	15.0	0.417	adaptation_topic	Passerine__order
conj< ...	15.0	0.407	adaptation_topic	Passerine__order
obj< ...	15.0	0.303	adaptation_topic	Passerine__order
nsubj<aux> ...	14.0	0.548	adaptation_topic	Passerine__order
nmod<amod> ...	14.0	0.425	adaptation_topic	Passerine__order
nsubj<det> ...	14.0	0.544	adaptation_topic	Passerine__order
appos> behaviour	14.0	0.534	adaptation_topic	Passerine__order
nsubj<conj>cc> and	14.0	0.701	adaptation_topic	Passerine__order
nsubj<amod> ...	14.0	0.289	adaptation_topic	Passerine__order
appos>conj>cc> and	13.0	0.532	adaptation_topic	Passerine__order
appos>conj>cc> ...	13.0	0.423	adaptation_topic	Passerine__order
appos>conj> ...	13.0	0.317	adaptation_topic	Passerine__order
nsubj<obl>nmod> ...	13.0	0.274	adaptation_topic	Passerine__order
nmod<obl< ...	13.0	0.238	adaptation_topic	Passerine__order
conj> ...	13.0	0.757	adaptation_topic	Passerine__order
nsubj<advcl>mark> ...	12.0	0.516	adaptation_topic	Passerine__order
nsubj<obj>amod> ...	12.0	0.362	adaptation_topic	Passerine__order
amod> Eurasian	12.0	0.815	adaptation_topic	Passerine__order
conj<case> ...	12.0	0.422	adaptation_topic	Passerine__order
nsubj:pass<conj> ...	11.0	0.497	adaptation_topic	Passerine__order
nsubj:pass<conj>cc> ...	11.0	0.282	adaptation_topic	Passerine__order
nmod<nsubj< ...	11.0	0.487	adaptation_topic	Passerine__order
nsubj<obj>det> ...	11.0	0.447	adaptation_topic	Passerine__order
nsubj<obj>conj> ...	11.0	0.648	adaptation_topic	Passerine__order
nmod>case> of	10.0	0.996	adaptation_topic	Passerine__order
conj>cc> and	10.0	0.708	adaptation_topic	Passerine__order
cc> ...	10.0	0.317	adaptation_topic	Passerine__order
conj>cc> ...	10.0	0.656	adaptation_topic	Passerine__order
nmod:poss< ...	10.0	0.195	adaptation_topic	Passerine__order
cc> and	10.0	0.439	adaptation_topic	Passerine__order
nsubj:pass<obl>amod> ...	10.0	0.476	adaptation_topic	Passerine__order
nsubj<nmod>det> ...	10.0	0.452	adaptation_topic	Passerine__order
compound> barn	10.0	0.511	adaptation_topic	Passerine__order
nsubj:pass<conj>cc> and	9.0	0.297	adaptation_topic	Passerine__order
obj<nsubj> ...	9.0	0.421	adaptation_topic	Passerine__order
nsubj<obl>det> a	9.0	0.653	adaptation_topic	Passerine__order
case> 's	9.0	0.934	adaptation_topic	Passerine__order
det> a	9.0	0.764	adaptation_topic	Passerine__order
compound<amod> ...	9.0	0.23	adaptation_topic	Passerine__order
case> in	9.0	0.867	adaptation_topic	Passerine__order
nsubj<obl>case> in	9.0	0.71	adaptation_topic	Passerine__order
compound<nmod< ...	9.0	0.295	adaptation_topic	Passerine__order
obl<nsubj> ...	9.0	0.564	adaptation_topic	Passerine__order
nsubj:pass<advcl> ...	9.0	0.438	adaptation_topic	Passerine__order
compound<case> ...	9.0	0.178	adaptation_topic	Passerine__order
nsubj<conj>obl> ...	9.0	0.317	adaptation_topic	Passerine__order
conj<conj> ...	9.0	0.851	adaptation_topic	Passerine__order
nsubj<advcl>advmod> ...	9.0	0.421	adaptation_topic	Passerine__order
nsubj<det> a	9.0	0.562	adaptation_topic	Passerine__order
nmod> paradise	8.0	0.833	adaptation_topic	Passerine__order
nsubj<conj>advmod> ...	8.0	0.623	adaptation_topic	Passerine__order
obj<obl>case> ...	8.0	0.236	adaptation_topic	Passerine__order
obj<obl> ...	8.0	0.289	adaptation_topic	Passerine__order
nsubj:pass<conj>advmod> ...	8.0	0.43	adaptation_topic	Passerine__order
nsubj<mark> ...	8.0	0.436	adaptation_topic	Passerine__order
amod> superb	8.0	0.872	adaptation_topic	Passerine__order
advmod> ...	8.0	0.364	adaptation_topic	Passerine__order
nsubj<obj>det> a	8.0	0.49	adaptation_topic	Passerine__order
nsubj<obl>det> the	8.0	0.613	adaptation_topic	Passerine__order
appos>conj> ecology	8.0	0.371	adaptation_topic	Passerine__order
appos>appos> ...	7.0	0.229	adaptation_topic	Passerine__order
nmod<compound> ...	7.0	0.251	adaptation_topic	Passerine__order
compound<nmod<det> ...	7.0	0.336	adaptation_topic	Passerine__order
nmod<nsubj<cop> ...	7.0	0.184	adaptation_topic	Passerine__order
appos< ...	7.0	0.331	adaptation_topic	Passerine__order
nsubj:pass<obl>case> in	7.0	0.688	adaptation_topic	Passerine__order
nmod<nsubj<cop> be	7.0	0.184	adaptation_topic	Passerine__order
nsubj<advcl>obj> ...	7.0	0.432	adaptation_topic	Passerine__order
nsubj<obj>nmod> ...	7.0	0.407	adaptation_topic	Passerine__order
compound<det> ...	7.0	0.669	adaptation_topic	Passerine__order
nmod<nsubj:pass<aux:pass> ...	7.0	0.237	adaptation_topic	Passerine__order
compound> carrion	7.0	0.349	adaptation_topic	Passerine__order
nmod<nsubj:pass< ...	7.0	0.449	adaptation_topic	Passerine__order
nmod<nsubj:pass<aux:pass> be	7.0	0.237	adaptation_topic	Passerine__order
nsubj<mark> that	7.0	0.469	adaptation_topic	Passerine__order
nsubj<obl>nmod:poss> ...	7.0	0.376	adaptation_topic	Passerine__order
nsubj:pass<aux> ...	7.0	0.268	adaptation_topic	Passerine__order
amod> male	7.0	0.766	adaptation_topic	Passerine__order
nmod>det> ...	7.0	0.343	adaptation_topic	Passerine__order
nmod<nsubj<obl> ...	6.0	0.372	adaptation_topic	Passerine__order
nmod<nsubj:pass<obl> ...	6.0	0.279	adaptation_topic	Passerine__order
nsubj<nmod>det> the	6.0	0.452	adaptation_topic	Passerine__order
nsubj:pass<advmod> ...	6.0	0.531	adaptation_topic	Passerine__order
nmod>conj> ...	6.0	0.407	adaptation_topic	Passerine__order
obl<acl< ...	6.0	0.209	adaptation_topic	Passerine__order
nsubj<advcl>nsubj> ...	6.0	0.333	adaptation_topic	Passerine__order
compound> song	6.0	0.454	adaptation_topic	Passerine__order
obl<nsubj>det> ...	6.0	0.428	adaptation_topic	Passerine__order
conj<nmod< ...	6.0	0.2	adaptation_topic	Passerine__order
nsubj<nmod>case> of	6.0	0.357	adaptation_topic	Passerine__order
nsubj<conj>aux> ...	6.0	0.65	adaptation_topic	Passerine__order
obl<advmod> ...	6.0	0.321	adaptation_topic	Passerine__order
compound<case> of	6.0	0.088	adaptation_topic	Passerine__order
nmod:poss<case> ...	6.0	0.39	adaptation_topic	Passerine__order
nsubj<obl>conj> ...	6.0	0.391	adaptation_topic	Passerine__order
nsubj<xcomp> ...	6.0	0.196	adaptation_topic	Passerine__order
compound<det> the	5.0	0.621	adaptation_topic	Passerine__order
nsubj:pass<obl>nmod:poss> ...	5.0	0.24	adaptation_topic	Passerine__order
nmod<obl<nsubj> ...	5.0	0.364	adaptation_topic	Passerine__order
nsubj<aux> will	5.0	0.591	adaptation_topic	Passerine__order
nmod<obl<advmod> ...	5.0	0.243	adaptation_topic	Passerine__order
nsubj<obl>compound> ...	5.0	0.214	adaptation_topic	Passerine__order
obj<aux> ...	5.0	0.451	adaptation_topic	Passerine__order
nsubj:pass<obl>compound> ...	5.0	0.299	adaptation_topic	Passerine__order
nsubj< have	5.0	0.891	adaptation_topic	Passerine__order
nsubj<obl>nmod:poss> they	5.0	0.353	adaptation_topic	Passerine__order
nsubj:pass<obl>det> ...	5.0	0.611	adaptation_topic	Passerine__order
nsubj:pass<conj>obl> ...	5.0	0.257	adaptation_topic	Passerine__order
nsubj:pass<xcomp> ...	5.0	0.184	adaptation_topic	Passerine__order
nsubj<nmod>case> in	5.0	0.304	adaptation_topic	Passerine__order
nsubj<ccomp< ...	5.0	0.434	adaptation_topic	Passerine__order
nsubj<nmod>nmod> ...	5.0	0.254	adaptation_topic	Passerine__order
amod> other	5.0	0.775	adaptation_topic	Passerine__order
nsubj:pass<obl>case> for	5.0	0.613	adaptation_topic	Passerine__order
compound<nmod<det> the	5.0	0.329	adaptation_topic	Passerine__order
nsubj<ccomp<nsubj> ...	5.0	0.287	adaptation_topic	Passerine__order
nsubj<obl>case> with	5.0	0.815	adaptation_topic	Passerine__order
compound> house	5.0	0.492	adaptation_topic	Passerine__order
nsubj:pass<advcl>mark> ...	5.0	0.447	adaptation_topic	Passerine__order
nsubj<obj>compound> ...	5.0	0.323	adaptation_topic	Passerine__order
nsubj:pass<advcl>obl> ...	5.0	0.213	adaptation_topic	Passerine__order
nsubj<xcomp>obl> ...	5.0	0.439	adaptation_topic	Passerine__order
nmod<det> a	5.0	0.607	adaptation_topic	Passerine__order
nmod<nmod> ...	5.0	0.524	adaptation_topic	Passerine__order
nmod<nmod>case> ...	5.0	0.346	adaptation_topic	Passerine__order
nsubj<acl:relcl< ...	5.0	0.472	adaptation_topic	Passerine__order
nsubj<amod>advmod> ...	5.0	0.473	adaptation_topic	Passerine__order
nsubj<xcomp>advmod> ...	5.0	0.642	adaptation_topic	Passerine__order
obj<obl>case> in	5.0	0.244	adaptation_topic	Passerine__order
nsubj:pass<obl>nmod> ...	5.0	0.484	adaptation_topic	Passerine__order
obj<obl>compound> ...	5.0	0.363	adaptation_topic	Passerine__order
nmod>amod> ...	5.0	0.353	adaptation_topic	Passerine__order
nsubj<det> the	5.0	0.522	adaptation_topic	Passerine__order
obj<nsubj>amod> ...	4.0	0.312	adaptation_topic	Passerine__order
nsubj<conj< ...	4.0	0.232	adaptation_topic	Passerine__order
nsubj:pass<xcomp>obj> ...	4.0	0.337	adaptation_topic	Passerine__order
nsubj<cc> ...	4.0	0.361	adaptation_topic	Passerine__order
conj<nmod<obj< ...	4.0	0.654	adaptation_topic	Passerine__order
nsubj:pass<aux> have	4.0	0.328	adaptation_topic	Passerine__order
appos<det> ...	4.0	0.439	adaptation_topic	Passerine__order
obl<cop> ...	4.0	0.388	adaptation_topic	Passerine__order
nsubj<obl>advmod> ...	4.0	0.352	adaptation_topic	Passerine__order
conj<det> ...	4.0	0.229	adaptation_topic	Passerine__order
obl<cop> be	4.0	0.388	adaptation_topic	Passerine__order
nmod<nsubj<conj> ...	4.0	0.373	adaptation_topic	Passerine__order
nsubj<conj>amod> ...	4.0	0.472	adaptation_topic	Passerine__order
conj<det> the	4.0	0.28	adaptation_topic	Passerine__order
nsubj<acl> ...	4.0	0.37	adaptation_topic	Passerine__order
nsubj<nmod>amod> ...	4.0	0.399	adaptation_topic	Passerine__order
nsubj<conj>nsubj> ...	4.0	0.276	adaptation_topic	Passerine__order
nsubj< bird	4.0	0.912	adaptation_topic	Passerine__order
nsubj<advcl>obl> ...	4.0	0.301	adaptation_topic	Passerine__order
nmod<nmod< ...	4.0	0.478	adaptation_topic	Passerine__order
amod> western	4.0	0.721	adaptation_topic	Passerine__order
obj<conj> ...	4.0	0.238	adaptation_topic	Passerine__order
nsubj:pass<conj>nsubj> ...	4.0	0.479	adaptation_topic	Passerine__order
obl<advcl> ...	4.0	0.296	adaptation_topic	Passerine__order
obl<conj> ...	4.0	0.341	adaptation_topic	Passerine__order
nmod<nmod>amod> ...	4.0	0.583	adaptation_topic	Passerine__order
nsubj<acl:relcl<det> ...	4.0	0.449	adaptation_topic	Passerine__order
nsubj<acl:relcl<case> ...	4.0	0.278	adaptation_topic	Passerine__order
nmod<obj< ...	4.0	0.479	adaptation_topic	Passerine__order
nsubj<acl>obl> ...	4.0	0.624	adaptation_topic	Passerine__order
compound<compound> ...	4.0	0.294	adaptation_topic	Passerine__order
obl<amod> ...	4.0	0.245	adaptation_topic	Passerine__order
compound<conj> ...	4.0	0.393	adaptation_topic	Passerine__order
acl>obl>case> ...	4.0	0.312	adaptation_topic	Passerine__order
obl<nsubj>det> the	4.0	0.511	adaptation_topic	Passerine__order
acl>obl> ...	4.0	0.194	adaptation_topic	Passerine__order
acl> ...	4.0	0.441	adaptation_topic	Passerine__order
compound<nmod<obj< ...	4.0	0.213	adaptation_topic	Passerine__order
conj<conj>cc> and	4.0	0.429	adaptation_topic	Passerine__order
conj<conj>cc> ...	4.0	0.493	adaptation_topic	Passerine__order
nmod<obj<nsubj> ...	4.0	0.222	adaptation_topic	Passerine__order
conj<amod> ...	4.0	0.71	adaptation_topic	Passerine__order
nsubj:pass<obl>case> by	4.0	0.667	adaptation_topic	Passerine__order
nmod:poss<nmod< ...	3.0	0.405	adaptation_topic	Passerine__order
nsubj<conj>cc> but	3.0	0.733	adaptation_topic	Passerine__order
nmod<case> for	3.0	0.572	adaptation_topic	Passerine__order
obl<advcl>mark> ...	3.0	0.52	adaptation_topic	Passerine__order
nsubj:pass<xcomp>mark> to	3.0	0.493	adaptation_topic	Passerine__order
conj<case> of	3.0	0.417	adaptation_topic	Passerine__order
nsubj<nmod>compound> ...	3.0	0.195	adaptation_topic	Passerine__order
nsubj:pass<aux> can	3.0	0.304	adaptation_topic	Passerine__order
nmod>case> from	3.0	1.021	adaptation_topic	Passerine__order
nsubj<nmod>det> a	3.0	0.422	adaptation_topic	Passerine__order
nsubj<obl>case> on	3.0	0.769	adaptation_topic	Passerine__order
nmod<nmod>case> of	3.0	0.356	adaptation_topic	Passerine__order
obj<conj>cc> and	3.0	0.194	adaptation_topic	Passerine__order
nmod>case> in	3.0	0.984	adaptation_topic	Passerine__order
nsubj<xcomp>mark> ...	3.0	0.494	adaptation_topic	Passerine__order
nmod< species	3.0	0.498	adaptation_topic	Passerine__order
nsubj:pass<obl>nmod:poss> its	3.0	0.358	adaptation_topic	Passerine__order
conj<nmod<amod> ...	3.0	0.3	adaptation_topic	Passerine__order
case>fixed> as	3.0	0.454	adaptation_topic	Passerine__order
nsubj:pass<obl>det> the	3.0	0.636	adaptation_topic	Passerine__order
amod> great	3.0	0.862	adaptation_topic	Passerine__order
appos> description	3.0	0.484	adaptation_topic	Passerine__order
case> such	3.0	0.849	adaptation_topic	Passerine__order
nmod>det> a	3.0	0.377	adaptation_topic	Passerine__order
compound<nmod<case> ...	3.0	0.369	adaptation_topic	Passerine__order
obl<nsubj>compound> ...	3.0	0.418	adaptation_topic	Passerine__order
nsubj<acl:relcl<det> the	3.0	0.443	adaptation_topic	Passerine__order
obj<obl>det> ...	3.0	0.522	adaptation_topic	Passerine__order
case>fixed> ...	3.0	0.477	adaptation_topic	Passerine__order
nmod<advmod> ...	3.0	0.49	adaptation_topic	Passerine__order
nsubj<obl>case> unlike	3.0	0.777	adaptation_topic	Passerine__order
nmod<obl<advcl> ...	3.0	0.573	adaptation_topic	Passerine__order
nmod:poss<obl< ...	3.0	0.429	adaptation_topic	Passerine__order
nsubj<parataxis< ...	3.0	0.25	adaptation_topic	Passerine__order
nmod:poss<compound> ...	3.0	0.221	adaptation_topic	Passerine__order
nmod:poss<nmod<amod> ...	3.0	0.38	adaptation_topic	Passerine__order
nsubj<conj>cop> be	3.0	0.444	adaptation_topic	Passerine__order
nmod<nsubj:pass<advmod> ...	3.0	0.352	adaptation_topic	Passerine__order
nsubj<conj<nsubj> ...	3.0	0.45	adaptation_topic	Passerine__order
obl<acl<det> the	3.0	0.513	adaptation_topic	Passerine__order
nsubj<obj>acl:relcl> ...	3.0	0.478	adaptation_topic	Passerine__order
nsubj<ccomp> ...	3.0	0.518	adaptation_topic	Passerine__order
appos>amod> ...	3.0	0.437	adaptation_topic	Passerine__order
nsubj:pass<advcl>advmod> ...	3.0	0.336	adaptation_topic	Passerine__order
nsubj<parataxis>advmod> ...	3.0	0.507	adaptation_topic	Passerine__order
nsubj<parataxis> ...	3.0	0.16	adaptation_topic	Passerine__order
nsubj<obl>case> as	3.0	0.759	adaptation_topic	Passerine__order
compound<nmod<amod> ...	3.0	0.355	adaptation_topic	Passerine__order
amod>advmod> ...	3.0	0.309	adaptation_topic	Passerine__order
nsubj< species	3.0	0.917	adaptation_topic	Passerine__order
nsubj<aux> can	3.0	0.573	adaptation_topic	Passerine__order
case> with	3.0	0.874	adaptation_topic	Passerine__order
obl<advcl>nsubj> ...	3.0	0.305	adaptation_topic	Passerine__order
nmod<conj> ...	3.0	0.433	adaptation_topic	Passerine__order
obj<conj>obl> ...	3.0	0.289	adaptation_topic	Passerine__order
nmod<conj>cc> ...	3.0	0.199	adaptation_topic	Passerine__order
obj<conj>obj> ...	3.0	0.295	adaptation_topic	Passerine__order
obj<conj>cc> ...	3.0	0.169	adaptation_topic	Passerine__order
nsubj<obl>case> from	3.0	0.73	adaptation_topic	Passerine__order
nmod:poss<case> to	3.0	0.391	adaptation_topic	Passerine__order
nmod<nsubj<advmod> ...	3.0	0.283	adaptation_topic	Passerine__order
amod>conj> ...	3.0	0.258	adaptation_topic	Passerine__order
nsubj:pass<advcl>obj> ...	3.0	0.214	adaptation_topic	Passerine__order
nsubj<conj>obj> ...	3.0	0.431	adaptation_topic	Passerine__order
nsubj<xcomp>mark> to	3.0	0.494	adaptation_topic	Passerine__order
appos>compound> ...	3.0	0.502	adaptation_topic	Passerine__order
obl<acl<det> ...	3.0	0.543	adaptation_topic	Passerine__order
nsubj<conj>cop> ...	3.0	0.444	adaptation_topic	Passerine__order
nmod<obl<obj> ...	3.0	0.418	adaptation_topic	Passerine__order
acl:relcl>nsubj> ...	3.0	0.387	adaptation_topic	Passerine__order
conj<obl< ...	3.0	0.33	adaptation_topic	Passerine__order
nsubj<aux> may	3.0	0.564	adaptation_topic	Passerine__order
nmod<nmod<det> ...	3.0	0.408	adaptation_topic	Passerine__order
nmod<nmod<nmod> ...	3.0	0.452	adaptation_topic	Passerine__order
appos>appos>conj> ...	3.0	0.599	adaptation_topic	Passerine__order
nsubj<acl:relcl<obl< ...	3.0	0.263	adaptation_topic	Passerine__order
nmod>conj>cc> and	3.0	0.398	adaptation_topic	Passerine__order
nmod<obl<obl> ...	3.0	0.521	adaptation_topic	Passerine__order
conj<nmod<compound> ...	3.0	0.424	adaptation_topic	Passerine__order
acl:relcl> ...	3.0	0.301	adaptation_topic	Passerine__order
obj<nsubj>compound> ...	3.0	0.356	adaptation_topic	Passerine__order
compound<conj>cc> ...	3.0	0.309	adaptation_topic	Passerine__order
appos<amod> ...	3.0	0.409	adaptation_topic	Passerine__order
compound<compound< ...	3.0	0.207	adaptation_topic	Passerine__order
nsubj<appos> ...	3.0	0.27	adaptation_topic	Passerine__order
nsubj:pass<conj>case> ...	3.0	0.337	adaptation_topic	Passerine__order
nmod<obl<mark> ...	3.0	0.288	adaptation_topic	Passerine__order
obj<mark> ...	3.0	0.468	adaptation_topic	Passerine__order
nsubj:pass<xcomp>advmod> ...	3.0	0.445	adaptation_topic	Passerine__order
compound>compound> ...	3.0	0.234	adaptation_topic	Passerine__order
appos<nmod> ...	3.0	0.354	adaptation_topic	Passerine__order
appos<nmod>case> ...	3.0	0.361	adaptation_topic	Passerine__order
appos<case> ...	3.0	0.461	adaptation_topic	Passerine__order
nsubj<advcl>xcomp> ...	3.0	0.264	adaptation_topic	Passerine__order
nsubj:pass<ccomp>advmod> ...	3.0	0.327	adaptation_topic	Passerine__order
nmod>conj>cc> ...	3.0	0.411	adaptation_topic	Passerine__order
nsubj:pass<xcomp>mark> ...	3.0	0.493	adaptation_topic	Passerine__order
nmod>det> the	3.0	0.332	adaptation_topic	Passerine__order
nsubj<cc> and	3.0	0.384	adaptation_topic	Passerine__order
nsubj<advcl>mark> although	3.0	0.543	adaptation_topic	Passerine__order
obl<advcl>obl> ...	3.0	0.299	adaptation_topic	Passerine__order
nsubj<advmod> not	3.0	0.728	adaptation_topic	Passerine__order
nmod<nsubj<det> a	2.0	0.39	adaptation_topic	Passerine__order
compound<nmod<obj< analyse	2.0	0.459	adaptation_topic	Passerine__order
nsubj<obl>nmod> range	2.0	0.512	adaptation_topic	Passerine__order
obj<parataxis<conj> ...	2.0	0.314	adaptation_topic	Passerine__order
nsubj<conj>aux> can	2.0	0.685	adaptation_topic	Passerine__order
obj<parataxis<obl> ...	2.0	0.175	adaptation_topic	Passerine__order
nsubj:pass<conj>aux:pass> be	2.0	0.375	adaptation_topic	Passerine__order
compound<case> in	2.0	0.125	adaptation_topic	Passerine__order
nsubj<appos>amod> ...	2.0	0.302	adaptation_topic	Passerine__order
nsubj<amod> social	2.0	0.278	adaptation_topic	Passerine__order
conj<case> in	2.0	0.495	adaptation_topic	Passerine__order
nmod<nsubj<advmod> highly	2.0	0.399	adaptation_topic	Passerine__order
obl<nsubj:pass> ...	2.0	0.546	adaptation_topic	Passerine__order
compound<nmod<amod> social	2.0	0.323	adaptation_topic	Passerine__order
compound<det> a	2.0	0.689	adaptation_topic	Passerine__order
nsubj<amod> only	2.0	0.338	adaptation_topic	Passerine__order
case> as	2.0	0.92	adaptation_topic	Passerine__order
nsubj:pass<conj>advmod> also	2.0	0.604	adaptation_topic	Passerine__order
nsubj:pass<conj>cc> but	2.0	0.275	adaptation_topic	Passerine__order
nsubj:pass< believe	2.0	0.447	adaptation_topic	Passerine__order
nmod:poss<nmod<det> the	2.0	0.434	adaptation_topic	Passerine__order
nsubj<acl:relcl<nummod> ...	2.0	0.241	adaptation_topic	Passerine__order
obl<nsubj:pass>amod> ...	2.0	0.312	adaptation_topic	Passerine__order
nsubj<obl> which	2.0	0.432	adaptation_topic	Passerine__order
compound<amod> western	2.0	0.408	adaptation_topic	Passerine__order
obj< include	2.0	0.415	adaptation_topic	Passerine__order
nmod:poss<case> of	2.0	0.425	adaptation_topic	Passerine__order
conj< crow	2.0	0.443	adaptation_topic	Passerine__order
nsubj:pass<obl> mimicry	2.0	0.581	adaptation_topic	Passerine__order
nsubj:pass<conj>aux> ...	2.0	0.183	adaptation_topic	Passerine__order
conj<nmod<det> ...	2.0	0.569	adaptation_topic	Passerine__order
nmod<conj>cc> and	2.0	0.25	adaptation_topic	Passerine__order
acl:relcl<obl<aux> ...	2.0	0.428	adaptation_topic	Passerine__order
obj<obl>case> with	2.0	0.337	adaptation_topic	Passerine__order
nsubj:pass<conj>nsubj> it	2.0	0.633	adaptation_topic	Passerine__order
obj< show	2.0	0.407	adaptation_topic	Passerine__order
nmod<nsubj:pass<ccomp> ...	2.0	0.408	adaptation_topic	Passerine__order
nsubj<conj>aux> have	2.0	0.661	adaptation_topic	Passerine__order
nmod>case> with	2.0	0.995	adaptation_topic	Passerine__order
nsubj<conj>aux:pass> be	2.0	0.636	adaptation_topic	Passerine__order
nmod<nsubj:pass<xcomp> ...	2.0	0.368	adaptation_topic	Passerine__order
nmod<case> on	2.0	0.576	adaptation_topic	Passerine__order
obj<aux> have	2.0	0.495	adaptation_topic	Passerine__order
nsubj< build	2.0	0.719	adaptation_topic	Passerine__order
appos<det> the	2.0	0.464	adaptation_topic	Passerine__order
nmod<nmod<det> the	2.0	0.399	adaptation_topic	Passerine__order
obj<advcl> ...	2.0	0.363	adaptation_topic	Passerine__order
nsubj<nmod>case> to	2.0	0.35	adaptation_topic	Passerine__order
nsubj<aux> have	2.0	0.553	adaptation_topic	Passerine__order
amod>advmod> long	2.0	0.436	adaptation_topic	Passerine__order
nmod< study	2.0	0.491	adaptation_topic	Passerine__order
compound<conj>cc> and	2.0	0.345	adaptation_topic	Passerine__order
acl>obl>amod> ...	2.0	0.255	adaptation_topic	Passerine__order
nsubj<obl>case> like	2.0	0.803	adaptation_topic	Passerine__order
obj<advcl>mark> ...	2.0	0.208	adaptation_topic	Passerine__order
conj<obl<advmod> ...	2.0	0.329	adaptation_topic	Passerine__order
obj<nsubj>det> the	2.0	0.3	adaptation_topic	Passerine__order
obj<advcl>obl> ...	2.0	0.252	adaptation_topic	Passerine__order
nmod>amod> unusual	2.0	0.38	adaptation_topic	Passerine__order
nsubj:pass<advmod> occasionally	2.0	0.575	adaptation_topic	Passerine__order
conj<nmod<det> the	2.0	0.616	adaptation_topic	Passerine__order
appos<compound> ...	2.0	0.461	adaptation_topic	Passerine__order
obl< see	2.0	0.442	adaptation_topic	Passerine__order
nsubj<obl>amod> similar	2.0	0.462	adaptation_topic	Passerine__order
conj< warbler	2.0	0.385	adaptation_topic	Passerine__order
appos<nmod>det> ...	2.0	0.585	adaptation_topic	Passerine__order
conj<nmod< pattern	2.0	0.192	adaptation_topic	Passerine__order
conj<nmod<compound> migration	2.0	0.436	adaptation_topic	Passerine__order
conj<nmod<obj< affect	2.0	0.528	adaptation_topic	Passerine__order
obl<aux:pass> be	2.0	0.332	adaptation_topic	Passerine__order
compound>nmod>compound> ...	2.0	0.319	adaptation_topic	Passerine__order
obj<mark> to	2.0	0.504	adaptation_topic	Passerine__order
case> to	2.0	0.803	adaptation_topic	Passerine__order
nsubj<nmod>case> with	2.0	0.331	adaptation_topic	Passerine__order
appos<nmod>det> the	2.0	0.585	adaptation_topic	Passerine__order
compound< species	2.0	0.401	adaptation_topic	Passerine__order
obl<conj>aux:pass> be	2.0	0.42	adaptation_topic	Passerine__order
nsubj<obl> bird	2.0	0.47	adaptation_topic	Passerine__order
nsubj:pass<obl>case> as	2.0	0.681	adaptation_topic	Passerine__order
nmod<cop> ...	2.0	0.247	adaptation_topic	Passerine__order
nsubj<obj> call	2.0	0.296	adaptation_topic	Passerine__order
obj<ccomp> ...	2.0	0.284	adaptation_topic	Passerine__order
nsubj<ccomp>xcomp> ...	2.0	0.235	adaptation_topic	Passerine__order
nmod<conj< ...	2.0	0.426	adaptation_topic	Passerine__order
nmod<conj<nmod> ...	2.0	0.533	adaptation_topic	Passerine__order
nmod<amod>advmod> ...	2.0	0.594	adaptation_topic	Passerine__order
nmod:poss<nsubj<amod> ...	2.0	0.395	adaptation_topic	Passerine__order
nsubj<advcl>cop> ...	2.0	0.19	adaptation_topic	Passerine__order
nmod:poss<nsubj< ...	2.0	0.387	adaptation_topic	Passerine__order
nmod<appos<amod> ...	2.0	0.268	adaptation_topic	Passerine__order
compound>amod> ...	2.0	0.442	adaptation_topic	Passerine__order
nmod:poss<obl<nsubj> ...	2.0	0.27	adaptation_topic	Passerine__order
compound<conj>compound> ...	2.0	0.584	adaptation_topic	Passerine__order
nsubj<conj<amod> ...	2.0	0.165	adaptation_topic	Passerine__order
compound<obj< ...	2.0	0.515	adaptation_topic	Passerine__order
compound<nmod<nmod< ...	2.0	0.284	adaptation_topic	Passerine__order
compound<nmod<nummod> ...	2.0	0.316	adaptation_topic	Passerine__order
nmod<obj<advcl> ...	2.0	0.311	adaptation_topic	Passerine__order
compound<nmod<nmod> ...	2.0	0.223	adaptation_topic	Passerine__order
appos<nsubj< ...	2.0	0.302	adaptation_topic	Passerine__order
conj<conj>amod> ...	2.0	0.654	adaptation_topic	Passerine__order
conj>amod> ...	2.0	0.503	adaptation_topic	Passerine__order
nsubj:pass<conj>nsubj:pass> ...	2.0	0.457	adaptation_topic	Passerine__order
obl<acl<case> ...	2.0	0.347	adaptation_topic	Passerine__order
obl<acl<obl< ...	2.0	0.555	adaptation_topic	Passerine__order
obl<acl<amod> ...	2.0	0.206	adaptation_topic	Passerine__order
nmod<appos< ...	2.0	0.352	adaptation_topic	Passerine__order
nmod<cop> be	2.0	0.247	adaptation_topic	Passerine__order
nsubj:pass<obl>conj> ...	2.0	0.439	adaptation_topic	Passerine__order
obl<advcl>advmod> ...	2.0	0.599	adaptation_topic	Passerine__order
nsubj<advcl>conj> ...	2.0	0.379	adaptation_topic	Passerine__order
amod>obl:npmod> ...	2.0	0.284	adaptation_topic	Passerine__order
conj<case>fixed> ...	2.0	0.5	adaptation_topic	Passerine__order
obl<conj>amod> ...	2.0	0.338	adaptation_topic	Passerine__order
nmod<nsubj:pass<advcl> ...	2.0	0.286	adaptation_topic	Passerine__order
obl<conj>appos> ...	2.0	0.546	adaptation_topic	Passerine__order
nmod:poss<amod> ...	2.0	0.178	adaptation_topic	Passerine__order
obl<mark> ...	2.0	0.515	adaptation_topic	Passerine__order
nsubj<compound> ...	2.0	0.444	adaptation_topic	Passerine__order
parataxis> ...	2.0	0.363	adaptation_topic	Passerine__order
obl<acl<nsubj< ...	2.0	0.317	adaptation_topic	Passerine__order
nsubj<nmod>conj> ...	2.0	0.19	adaptation_topic	Passerine__order
acl>obl>compound> ...	2.0	0.135	adaptation_topic	Passerine__order
conj<nsubj< ...	2.0	0.245	adaptation_topic	Passerine__order
obj<advmod> ...	2.0	0.497	adaptation_topic	Passerine__order
nmod<nmod<compound> ...	2.0	0.264	adaptation_topic	Passerine__order
obl<ccomp< ...	2.0	0.368	adaptation_topic	Passerine__order
obl<ccomp<obl> ...	2.0	0.277	adaptation_topic	Passerine__order
nmod:poss<nsubj>nmod> ...	2.0	0.346	adaptation_topic	Passerine__order
obl<aux:pass> ...	2.0	0.332	adaptation_topic	Passerine__order
nmod<nsubj<advcl> ...	2.0	0.482	adaptation_topic	Passerine__order
nsubj<conj>det> ...	2.0	0.255	adaptation_topic	Passerine__order
nsubj:pass<conj>aux:pass> ...	2.0	0.375	adaptation_topic	Passerine__order
appos<nsubj<advmod> ...	2.0	0.501	adaptation_topic	Passerine__order
nummod> ...	2.0	0.532	adaptation_topic	Passerine__order
nsubj:pass<conj>advcl> ...	2.0	0.358	adaptation_topic	Passerine__order
nmod<nsubj<aux> ...	2.0	0.384	adaptation_topic	Passerine__order
nsubj<parataxis>obl> ...	2.0	0.3	adaptation_topic	Passerine__order
nsubj<obl>appos> ...	2.0	0.214	adaptation_topic	Passerine__order
appos<appos> ...	2.0	0.599	adaptation_topic	Passerine__order
compound<nmod>case> ...	2.0	0.424	adaptation_topic	Passerine__order
nsubj<nmod>acl:relcl> ...	2.0	0.356	adaptation_topic	Passerine__order
nmod<nsubj<obj> ...	2.0	0.348	adaptation_topic	Passerine__order
compound<nmod> ...	2.0	0.217	adaptation_topic	Passerine__order
nmod<nsubj> ...	2.0	0.249	adaptation_topic	Passerine__order
nsubj:pass<parataxis<advmod> ...	2.0	0.218	adaptation_topic	Passerine__order
nsubj:pass<parataxis< ...	2.0	0.43	adaptation_topic	Passerine__order
nsubj<obl>nummod> ...	2.0	0.471	adaptation_topic	Passerine__order
nsubj:pass<mark> ...	2.0	0.189	adaptation_topic	Passerine__order
nsubj<conj>nmod> ...	2.0	0.202	adaptation_topic	Passerine__order
nsubj<nmod> genus	2.0	0.377	adaptation_topic	Passerine__order
nsubj<conj>xcomp> ...	2.0	0.288	adaptation_topic	Passerine__order
nsubj<conj>amod> northern	2.0	0.559	adaptation_topic	Passerine__order
appos>appos>conj> mimicry	2.0	0.871	adaptation_topic	Passerine__order
appos>appos> Vocalisation	2.0	0.519	adaptation_topic	Passerine__order
nsubj:pass< distinguished	2.0	0.34	adaptation_topic	Passerine__order
nsubj<acl:relcl< european	2.0	0.659	adaptation_topic	Passerine__order
obj<nsubj>case> ...	2.0	0.479	adaptation_topic	Passerine__order
obj<nsubj>det> ...	2.0	0.27	adaptation_topic	Passerine__order
compound<appos> ...	2.0	0.268	adaptation_topic	Passerine__order
appos<conj>amod> ...	2.0	0.368	adaptation_topic	Passerine__order
obl<conj>nsubj:pass> ...	2.0	0.48	adaptation_topic	Passerine__order
nmod<nsubj<det> ...	2.0	0.364	adaptation_topic	Passerine__order
obl<conj>aux:pass> ...	2.0	0.42	adaptation_topic	Passerine__order
nmod<obl<cop> ...	2.0	0.473	adaptation_topic	Passerine__order
nsubj:pass<conj<nsubj> ...	2.0	0.304	adaptation_topic	Passerine__order
nmod<nsubj<amod> ...	2.0	0.369	adaptation_topic	Passerine__order
appos<conj>nmod> ...	2.0	0.417	adaptation_topic	Passerine__order
nsubj<parataxis<nsubj> ...	2.0	0.213	adaptation_topic	Passerine__order
nsubj<case> ...	2.0	0.349	adaptation_topic	Passerine__order
amod>conj>cc> ...	2.0	0.416	adaptation_topic	Passerine__order
nmod:poss<nmod<det> ...	2.0	0.434	adaptation_topic	Passerine__order
conj<nsubj<amod> ...	2.0	0.401	adaptation_topic	Passerine__order
acl:relcl>advmod> ...	2.0	0.522	adaptation_topic	Passerine__order
compound<conj<case> ...	2.0	0.295	adaptation_topic	Passerine__order
nsubj<obj>nummod> ...	2.0	0.26	adaptation_topic	Passerine__order
compound<conj< ...	2.0	0.379	adaptation_topic	Passerine__order
conj<obl<aux> ...	2.0	0.347	adaptation_topic	Passerine__order
nsubj<conj>aux:pass> ...	2.0	0.636	adaptation_topic	Passerine__order
compound<compound<compound> ...	2.0	0.305	adaptation_topic	Passerine__order
compound<compound<det> ...	2.0	0.415	adaptation_topic	Passerine__order
nmod<appos<goeswith> ...	2.0	0.349	adaptation_topic	Passerine__order
nmod<nmod>det> ...	2.0	0.396	adaptation_topic	Passerine__order
nsubj:pass<conj>amod> ...	2.0	0.302	adaptation_topic	Passerine__order
nsubj:pass<advcl<nmod> ...	2.0	0.348	adaptation_topic	Passerine__order
appos> distribution	2.0	0.463	adaptation_topic	Passerine__order
conj<case>fixed> as	2.0	0.5	adaptation_topic	Passerine__order
nsubj<obl> territory	2.0	0.438	adaptation_topic	Passerine__order
nmod<case> to	2.0	0.542	adaptation_topic	Passerine__order
nsubj<obl>case> to	2.0	0.738	adaptation_topic	Passerine__order
nmod:poss<compound> breed	2.0	0.262	adaptation_topic	Passerine__order
nmod<compound> courtship	2.0	0.218	adaptation_topic	Passerine__order
nsubj<obl>compound> breeding	2.0	0.196	adaptation_topic	Passerine__order
nsubj<advcl>nsubj> they	2.0	0.386	adaptation_topic	Passerine__order
conj<case> such	2.0	0.364	adaptation_topic	Passerine__order
nsubj:pass<obl> sparrowhawk	2.0	0.594	adaptation_topic	Passerine__order
det> some	2.0	0.755	adaptation_topic	Passerine__order
nsubj:pass<obl>amod> Eurasian	2.0	0.433	adaptation_topic	Passerine__order
parataxis> behaviour	2.0	0.448	adaptation_topic	Passerine__order
nmod<amod> spectacular	2.0	0.508	adaptation_topic	Passerine__order
nsubj:pass<obl>nmod:poss> they	2.0	0.395	adaptation_topic	Passerine__order
compound> king	2.0	0.535	adaptation_topic	Passerine__order
nsubj<case> in	2.0	0.4	adaptation_topic	Passerine__order
nmod> Africa	2.0	0.462	adaptation_topic	Passerine__order
obj<obl>det> the	2.0	0.528	adaptation_topic	Passerine__order
amod> ree	2.0	0.8	adaptation_topic	Passerine__order
appos>conj> habitat	2.0	0.46	adaptation_topic	Passerine__order
nsubj<obl>amod> other	2.0	0.388	adaptation_topic	Passerine__order
obl<nsubj>compound> song	2.0	0.56	adaptation_topic	Passerine__order
nsubj< return	2.0	0.639	adaptation_topic	Passerine__order
obl<nsubj> thrush	2.0	0.532	adaptation_topic	Passerine__order
nsubj<advcl>advmod> not	2.0	0.48	adaptation_topic	Passerine__order
nsubj<advcl>cop> be	2.0	0.19	adaptation_topic	Passerine__order
nsubj<advcl>mark> in	2.0	0.553	adaptation_topic	Passerine__order
nsubj<advcl> bird	2.0	0.478	adaptation_topic	Passerine__order
nsubj<advcl>mark> to	2.0	0.528	adaptation_topic	Passerine__order
nsubj<obl>nmod:poss> its	2.0	0.399	adaptation_topic	Passerine__order
nmod<obl<cop> be	2.0	0.473	adaptation_topic	Passerine__order
nsubj<obj>det> the	2.0	0.432	adaptation_topic	Passerine__order
nsubj<advcl>obj> egg	2.0	0.608	adaptation_topic	Passerine__order
nsubj< eat	2.0	0.878	adaptation_topic	Passerine__order
nmod<amod> other	2.0	0.483	adaptation_topic	Passerine__order
nmod<obj<acl< ...	1.0	0.309	adaptation_topic	Passerine__order
nsubj<nmod>amod> common	1.0	0.437	adaptation_topic	Passerine__order
nmod<nsubj<obl> part	1.0	0.504	adaptation_topic	Passerine__order
nmod<obj<mark> ...	1.0	0.435	adaptation_topic	Passerine__order
conj>amod>obl:npmod> ...	1.0	0.414	adaptation_topic	Passerine__order
nsubj:pass<nmod>case> in	1.0	0.218	adaptation_topic	Passerine__order
nsubj<advmod> occasionally	1.0	0.664	adaptation_topic	Passerine__order
obj<obl>nmod> ...	1.0	0.231	adaptation_topic	Passerine__order
appos> reference	1.0	0.455	adaptation_topic	Passerine__order
nsubj<ccomp>nsubj:pass> ...	1.0	0.644	adaptation_topic	Passerine__order
nsubj<ccomp>aux:pass> ...	1.0	0.26	adaptation_topic	Passerine__order
appos>advmod> ...	1.0	0.219	adaptation_topic	Passerine__order
appos>det> ...	1.0	0.378	adaptation_topic	Passerine__order
nsubj<advcl>advmod> often	1.0	0.436	adaptation_topic	Passerine__order
nsubj:pass<advcl>mark> as	1.0	0.392	adaptation_topic	Passerine__order
nsubj<advcl> fly	1.0	0.472	adaptation_topic	Passerine__order
nsubj<nmod> cuckoo	1.0	0.49	adaptation_topic	Passerine__order
nsubj:pass< describe	1.0	0.392	adaptation_topic	Passerine__order
nsubj:pass<advmod> first	1.0	0.494	adaptation_topic	Passerine__order
nsubj:pass<mark> although	1.0	0.215	adaptation_topic	Passerine__order
nsubj<advcl>aux:pass> be	1.0	0.382	adaptation_topic	Passerine__order
nsubj<amod>advmod> more	1.0	0.537	adaptation_topic	Passerine__order
nsubj< member	1.0	0.876	adaptation_topic	Passerine__order
nsubj<nmod>nmod:poss> its	1.0	0.449	adaptation_topic	Passerine__order
nsubj<obl> part	1.0	0.379	adaptation_topic	Passerine__order
nsubj<parataxis>obj> ...	1.0	0.357	adaptation_topic	Passerine__order
nmod<nsubj:pass<aux> ...	1.0	0.343	adaptation_topic	Passerine__order
obl<acl<cc> and	1.0	0.426	adaptation_topic	Passerine__order
nsubj<parataxis>aux> ...	1.0	0.207	adaptation_topic	Passerine__order
nsubj<parataxis>nsubj> ...	1.0	0.357	adaptation_topic	Passerine__order
obj<det> the	1.0	0.671	adaptation_topic	Passerine__order
nsubj<acl:relcl>nsubj> that	1.0	0.386	adaptation_topic	Passerine__order
nsubj:pass<nmod>case> ...	1.0	0.275	adaptation_topic	Passerine__order
nsubj:pass<nmod> ...	1.0	0.27	adaptation_topic	Passerine__order
obl<advcl>mark> although	1.0	0.527	adaptation_topic	Passerine__order
obl<advmod> not	1.0	0.381	adaptation_topic	Passerine__order
nmod:poss<obl<nsubj:pass> ...	1.0	0.301	adaptation_topic	Passerine__order
nmod:poss<obl<aux:pass> ...	1.0	0.673	adaptation_topic	Passerine__order
obl<advmod> usually	1.0	0.441	adaptation_topic	Passerine__order
nmod:poss<obl<obl> ...	1.0	0.345	adaptation_topic	Passerine__order
nsubj<acl:relcl>nsubj> ...	1.0	0.355	adaptation_topic	Passerine__order
nsubj<acl:relcl>aux> ...	1.0	0.376	adaptation_topic	Passerine__order
nsubj<acl:relcl> ...	1.0	0.461	adaptation_topic	Passerine__order
nsubj<acl:relcl>obl> ...	1.0	0.289	adaptation_topic	Passerine__order
nsubj<advcl<nsubj> ...	1.0	0.42	adaptation_topic	Passerine__order
nsubj<advcl< ...	1.0	0.349	adaptation_topic	Passerine__order
nsubj<advcl<obj> ...	1.0	0.303	adaptation_topic	Passerine__order
nsubj:pass<conj>nmod> ...	1.0	0.191	adaptation_topic	Passerine__order
nmod<conj<acl> ...	1.0	0.476	adaptation_topic	Passerine__order
nmod<cc> ...	1.0	0.398	adaptation_topic	Passerine__order
nmod<nmod<obj< ...	1.0	0.296	adaptation_topic	Passerine__order
det:predet> ...	1.0	0.221	adaptation_topic	Passerine__order
nsubj<ccomp< suggest	1.0	0.455	adaptation_topic	Passerine__order
nsubj<ccomp<nsubj> study	1.0	0.334	adaptation_topic	Passerine__order
appos>compound>compound> ...	1.0	0.269	adaptation_topic	Passerine__order
nmod<appos>det> ...	1.0	0.529	adaptation_topic	Passerine__order
nmod<appos>amod> ...	1.0	0.189	adaptation_topic	Passerine__order
nmod<appos> ...	1.0	0.342	adaptation_topic	Passerine__order
nmod<conj<amod> ...	1.0	0.216	adaptation_topic	Passerine__order
nmod<conj<det> ...	1.0	0.552	adaptation_topic	Passerine__order
nmod<conj<cop> ...	1.0	0.355	adaptation_topic	Passerine__order
conj<nmod<advmod> perhaps	1.0	0.382	adaptation_topic	Passerine__order
nsubj<nmod>appos> ...	1.0	0.227	adaptation_topic	Passerine__order
conj<nmod< thrush	1.0	0.285	adaptation_topic	Passerine__order
conj<nmod<amod> other	1.0	0.39	adaptation_topic	Passerine__order
obl<acl<conj< ...	1.0	0.279	adaptation_topic	Passerine__order
obl<acl<cc> ...	1.0	0.393	adaptation_topic	Passerine__order
conj<nmod<case> with	1.0	0.602	adaptation_topic	Passerine__order
conj<nmod<obl< gregarious	1.0	0.611	adaptation_topic	Passerine__order
nmod<conj<nsubj> ...	1.0	0.266	adaptation_topic	Passerine__order
obl<acl<conj> ...	1.0	0.229	adaptation_topic	Passerine__order
obj<det> ...	1.0	0.671	adaptation_topic	Passerine__order
obj<nummod> ...	1.0	0.588	adaptation_topic	Passerine__order
nsubj<mark> although	1.0	0.424	adaptation_topic	Passerine__order
conj<nsubj<parataxis> ...	1.0	0.19	adaptation_topic	Passerine__order
conj<acl> ...	1.0	0.427	adaptation_topic	Passerine__order
compound>compound> juvenile	1.0	0.332	adaptation_topic	Passerine__order
appos<nmod>case> from	1.0	0.332	adaptation_topic	Passerine__order
appos<case> to	1.0	0.573	adaptation_topic	Passerine__order
conj<nsubj<obl> ...	1.0	0.241	adaptation_topic	Passerine__order
appos<nmod>amod> ...	1.0	0.186	adaptation_topic	Passerine__order
amod>compound> ...	1.0	0.279	adaptation_topic	Passerine__order
appos<nsubj:pass<aux:pass> ...	1.0	0.434	adaptation_topic	Passerine__order
appos<nsubj:pass< ...	1.0	0.292	adaptation_topic	Passerine__order
appos<nsubj:pass<obl> ...	1.0	0.199	adaptation_topic	Passerine__order
nmod:poss<obl<aux:pass> be	1.0	0.673	adaptation_topic	Passerine__order
obl<xcomp>mark> ...	1.0	0.563	adaptation_topic	Passerine__order
obl<xcomp> ...	1.0	0.332	adaptation_topic	Passerine__order
obl<xcomp>advmod> ...	1.0	0.216	adaptation_topic	Passerine__order
obl<xcomp>obl> ...	1.0	0.325	adaptation_topic	Passerine__order
nsubj<xcomp>obj> ...	1.0	0.542	adaptation_topic	Passerine__order
nsubj<obl:tmod> ...	1.0	0.455	adaptation_topic	Passerine__order
nmod>case>fixed> ...	1.0	0.459	adaptation_topic	Passerine__order
nmod>case>fixed> as	1.0	0.459	adaptation_topic	Passerine__order
nmod>case> such	1.0	0.824	adaptation_topic	Passerine__order
advmod> perhaps	1.0	0.404	adaptation_topic	Passerine__order
nmod>conj>amod> ...	1.0	0.521	adaptation_topic	Passerine__order
nmod>compound> ...	1.0	0.338	adaptation_topic	Passerine__order
nmod>compound>conj> ...	1.0	0.228	adaptation_topic	Passerine__order
appos<obl< ...	1.0	0.311	adaptation_topic	Passerine__order
conj<nmod<obl< ...	1.0	0.529	adaptation_topic	Passerine__order
conj<nmod<advmod> ...	1.0	0.34	adaptation_topic	Passerine__order
conj<nmod<case> ...	1.0	0.538	adaptation_topic	Passerine__order
nmod<nsubj:pass<advmod> first	1.0	0.349	adaptation_topic	Passerine__order
nmod>compound>conj> South	1.0	0.228	adaptation_topic	Passerine__order
nsubj<advcl>aux> ...	1.0	0.128	adaptation_topic	Passerine__order
obl<advcl>aux> ...	1.0	0.395	adaptation_topic	Passerine__order
nsubj<acl>aux:pass> be	1.0	0.247	adaptation_topic	Passerine__order
nsubj:pass<obl>amod> vocal	1.0	0.476	adaptation_topic	Passerine__order
nmod<nsubj<obl> species	1.0	0.409	adaptation_topic	Passerine__order
nsubj:pass<advmod> however	1.0	0.475	adaptation_topic	Passerine__order
nmod<cc> and	1.0	0.341	adaptation_topic	Passerine__order
nsubj<conj>advmod> so	1.0	0.63	adaptation_topic	Passerine__order
nsubj<obl>advmod> much	1.0	0.424	adaptation_topic	Passerine__order
nsubj<advcl>mark> as	1.0	0.511	adaptation_topic	Passerine__order
det> this	1.0	0.675	adaptation_topic	Passerine__order
nmod>case> as	1.0	0.962	adaptation_topic	Passerine__order
nsubj<advmod> generally	1.0	0.662	adaptation_topic	Passerine__order
nsubj<amod>advmod> highly	1.0	0.476	adaptation_topic	Passerine__order
nsubj< family	1.0	0.891	adaptation_topic	Passerine__order
conj<obl<aux> have	1.0	0.388	adaptation_topic	Passerine__order
conj<obl<aux:pass> be	1.0	0.26	adaptation_topic	Passerine__order
nmod<nmod>case> include	1.0	0.43	adaptation_topic	Passerine__order
nmod<nmod>det> the	1.0	0.417	adaptation_topic	Passerine__order
nmod>nmod>case> in	1.0	0.504	adaptation_topic	Passerine__order
nmod>nmod>det> the	1.0	0.445	adaptation_topic	Passerine__order
nmod<obj< have	1.0	0.602	adaptation_topic	Passerine__order
case> for	1.0	0.779	adaptation_topic	Passerine__order
nmod:poss<nmod<case> in	1.0	0.378	adaptation_topic	Passerine__order
compound<nmod<case> in	1.0	0.48	adaptation_topic	Passerine__order
obj<advcl<cop> be	1.0	0.303	adaptation_topic	Passerine__order
nmod<obj< include	1.0	0.511	adaptation_topic	Passerine__order
obj<mark> while	1.0	0.534	adaptation_topic	Passerine__order
obj<aux> do	1.0	0.443	adaptation_topic	Passerine__order
obj<advcl<aux> have	1.0	0.511	adaptation_topic	Passerine__order
nsubj>amod> Eurasian	1.0	0.349	adaptation_topic	Passerine__order
nsubj>det> the	1.0	0.373	adaptation_topic	Passerine__order
cop> be	1.0	0.293	adaptation_topic	Passerine__order
nmod> genus	1.0	0.655	adaptation_topic	Passerine__order
nsubj<conj<nsubj> these	1.0	0.551	adaptation_topic	Passerine__order
nsubj<conj<cop> be	1.0	0.61	adaptation_topic	Passerine__order
nsubj<cc> but	1.0	0.349	adaptation_topic	Passerine__order
nmod<conj<det> the	1.0	0.58	adaptation_topic	Passerine__order
nmod<advmod> where	1.0	0.591	adaptation_topic	Passerine__order
nmod<acl:relcl> ...	1.0	0.545	adaptation_topic	Passerine__order
nsubj:pass<conj>aux> have	1.0	0.181	adaptation_topic	Passerine__order
nsubj<acl:relcl<case> into	1.0	0.295	adaptation_topic	Passerine__order
nsubj<obl>case> of	1.0	0.741	adaptation_topic	Passerine__order
nmod<conj<cop> be	1.0	0.355	adaptation_topic	Passerine__order
compound<compound< species	1.0	0.234	adaptation_topic	Passerine__order
nsubj:pass<conj>case> in	1.0	0.299	adaptation_topic	Passerine__order
nsubj:pass<advcl>mark> by	1.0	0.401	adaptation_topic	Passerine__order
nsubj:pass<advcl>cop> be	1.0	0.518	adaptation_topic	Passerine__order
obl<amod> same	1.0	0.322	adaptation_topic	Passerine__order
nsubj<amod> common	1.0	0.434	adaptation_topic	Passerine__order
nsubj<nmod>case> for	1.0	0.342	adaptation_topic	Passerine__order
obl<det> the	1.0	0.372	adaptation_topic	Passerine__order
nsubj<conj>det> the	1.0	0.286	adaptation_topic	Passerine__order
nsubj:pass<obl>det> a	1.0	0.581	adaptation_topic	Passerine__order
nsubj:pass<obl> species	1.0	0.525	adaptation_topic	Passerine__order
compound<compound<case> of	1.0	0.38	adaptation_topic	Passerine__order
compound<compound<det> the	1.0	0.407	adaptation_topic	Passerine__order
nsubj<acl> breed	1.0	0.458	adaptation_topic	Passerine__order
nsubj<conj> Asia	1.0	0.526	adaptation_topic	Passerine__order
nsubj<conj>advmod> south	1.0	0.779	adaptation_topic	Passerine__order
nmod<acl:relcl>obl> ...	1.0	0.186	adaptation_topic	Passerine__order
nsubj<conj<xcomp> ...	1.0	0.39	adaptation_topic	Passerine__order
nsubj<ccomp>nsubj> ...	1.0	0.509	adaptation_topic	Passerine__order
nsubj<ccomp>conj> ...	1.0	0.315	adaptation_topic	Passerine__order
obl<ccomp<nsubj> ...	1.0	0.346	adaptation_topic	Passerine__order
compound<nmod<obl< ...	1.0	0.312	adaptation_topic	Passerine__order
nmod< number	1.0	0.537	adaptation_topic	Passerine__order
nmod<obl<nsubj:pass> ...	1.0	0.421	adaptation_topic	Passerine__order
nsubj<conj<ccomp< ...	1.0	0.254	adaptation_topic	Passerine__order
nmod<obl<aux:pass> ...	1.0	0.248	adaptation_topic	Passerine__order
obj<xcomp<conj< ...	1.0	0.444	adaptation_topic	Passerine__order
obj<xcomp< ...	1.0	0.288	adaptation_topic	Passerine__order
nsubj<ccomp<ccomp< ...	1.0	0.312	adaptation_topic	Passerine__order
nsubj<ccomp<mark> ...	1.0	0.351	adaptation_topic	Passerine__order
nsubj<advmod>obl> ...	1.0	0.218	adaptation_topic	Passerine__order
conj<nmod>case> ...	1.0	0.513	adaptation_topic	Passerine__order
conj<nmod> ...	1.0	0.351	adaptation_topic	Passerine__order
nmod<nsubj:pass<aux> have	1.0	0.309	adaptation_topic	Passerine__order
conj<obl<obj> ...	1.0	0.276	adaptation_topic	Passerine__order
nmod<amod> small	1.0	0.511	adaptation_topic	Passerine__order
nmod<appos<conj> ...	1.0	0.281	adaptation_topic	Passerine__order
nsubj<parataxis<det> ...	1.0	0.456	adaptation_topic	Passerine__order
nsubj<parataxis<conj> ...	1.0	0.236	adaptation_topic	Passerine__order
compound<obj<acl< ...	1.0	0.231	adaptation_topic	Passerine__order
compound<obj<mark> ...	1.0	0.447	adaptation_topic	Passerine__order
compound<obj<advcl> ...	1.0	0.236	adaptation_topic	Passerine__order
nsubj<ccomp<parataxis< ...	1.0	0.626	adaptation_topic	Passerine__order
obj<nsubj>advmod> ...	1.0	0.588	adaptation_topic	Passerine__order
obj<ccomp>aux> ...	1.0	0.36	adaptation_topic	Passerine__order
obj<ccomp>obj> ...	1.0	0.307	adaptation_topic	Passerine__order
nsubj<ccomp>aux> ...	1.0	0.219	adaptation_topic	Passerine__order
nsubj<ccomp>obj> ...	1.0	0.202	adaptation_topic	Passerine__order
conj<nmod<nsubj:pass< ...	1.0	0.403	adaptation_topic	Passerine__order
nsubj<parataxis<cop> ...	1.0	0.448	adaptation_topic	Passerine__order
conj>xcomp> ...	1.0	0.446	adaptation_topic	Passerine__order
nsubj<obj> area	1.0	0.307	adaptation_topic	Passerine__order
nmod<nmod>compound> ...	1.0	0.386	adaptation_topic	Passerine__order
conj<conj>det> ...	1.0	0.5	adaptation_topic	Passerine__order
conj<nsubj<cop> ...	1.0	0.48	adaptation_topic	Passerine__order
conj<nsubj<det> ...	1.0	0.332	adaptation_topic	Passerine__order
obl<xcomp<nsubj> ...	1.0	0.549	adaptation_topic	Passerine__order
obl<xcomp< ...	1.0	0.498	adaptation_topic	Passerine__order
conj>aux:pass> ...	1.0	0.254	adaptation_topic	Passerine__order
nmod<obl<aux> ...	1.0	0.262	adaptation_topic	Passerine__order
nmod<nsubj<mark> ...	1.0	0.196	adaptation_topic	Passerine__order
nsubj<obl>acl:relcl> ...	1.0	0.513	adaptation_topic	Passerine__order
conj<appos<conj< ...	1.0	0.258	adaptation_topic	Passerine__order
conj<appos<case> ...	1.0	0.449	adaptation_topic	Passerine__order
conj<appos< ...	1.0	0.191	adaptation_topic	Passerine__order
nmod:poss<nsubj<cop> ...	1.0	0.628	adaptation_topic	Passerine__order
nmod:poss<nsubj<det> ...	1.0	0.487	adaptation_topic	Passerine__order
nmod:poss<nsubj<nmod> ...	1.0	0.36	adaptation_topic	Passerine__order
compound<nmod<nsubj< ...	1.0	0.529	adaptation_topic	Passerine__order
obj<ccomp>conj> ...	1.0	0.264	adaptation_topic	Passerine__order
nmod<nsubj<ccomp< ...	1.0	0.203	adaptation_topic	Passerine__order
conj<nsubj:pass<aux> ...	1.0	0.149	adaptation_topic	Passerine__order
conj<nsubj:pass<advmod> ...	1.0	0.442	adaptation_topic	Passerine__order
conj<nsubj:pass<aux:pass> ...	1.0	0.3	adaptation_topic	Passerine__order
conj<nsubj:pass< ...	1.0	0.315	adaptation_topic	Passerine__order
nsubj<ccomp<obl> ...	1.0	0.242	adaptation_topic	Passerine__order
compound<acl:relcl>nsubj> ...	1.0	0.518	adaptation_topic	Passerine__order
compound<acl:relcl> ...	1.0	0.334	adaptation_topic	Passerine__order
compound<nmod<nsubj:pass< ...	1.0	0.321	adaptation_topic	Passerine__order
compound<conj>nmod> ...	1.0	0.174	adaptation_topic	Passerine__order
nsubj:pass<xcomp>cop> ...	1.0	0.287	adaptation_topic	Passerine__order
nsubj<parataxis<obj> ...	1.0	0.278	adaptation_topic	Passerine__order
nmod:poss<nmod<nsubj< ...	1.0	0.398	adaptation_topic	Passerine__order
compound<conj<nmod< ...	1.0	0.34	adaptation_topic	Passerine__order
compound<conj<det> ...	1.0	0.446	adaptation_topic	Passerine__order
compound<conj<amod> ...	1.0	0.549	adaptation_topic	Passerine__order
compound<conj<compound> ...	1.0	0.211	adaptation_topic	Passerine__order
compound<cc> ...	1.0	0.254	adaptation_topic	Passerine__order
obl<acl<nummod> ...	1.0	0.295	adaptation_topic	Passerine__order
compound<obj<aux> ...	1.0	0.402	adaptation_topic	Passerine__order
nsubj:pass<xcomp>det> ...	1.0	0.384	adaptation_topic	Passerine__order
nsubj:pass<xcomp>amod> ...	1.0	0.232	adaptation_topic	Passerine__order
nsubj:pass<xcomp>nmod> ...	1.0	0.402	adaptation_topic	Passerine__order
nsubj:pass<conj>det> ...	1.0	0.548	adaptation_topic	Passerine__order
compound<obj<conj< ...	1.0	0.298	adaptation_topic	Passerine__order
compound<obj<cc> ...	1.0	0.36	adaptation_topic	Passerine__order
compound<obj<advmod> ...	1.0	0.513	adaptation_topic	Passerine__order
compound<obj<obl> ...	1.0	0.264	adaptation_topic	Passerine__order
compound<obj<conj> ...	1.0	0.274	adaptation_topic	Passerine__order
nsubj<ccomp<acl:relcl< ...	1.0	0.156	adaptation_topic	Passerine__order
obl<det> ...	1.0	0.397	adaptation_topic	Passerine__order
nsubj<conj>case> ...	1.0	0.453	adaptation_topic	Passerine__order
nsubj<conj>compound> ...	1.0	0.398	adaptation_topic	Passerine__order
nsubj:pass<parataxis<obl> ...	1.0	0.29	adaptation_topic	Passerine__order
compound<compound<nmod< ...	1.0	0.452	adaptation_topic	Passerine__order
compound<compound<case> ...	1.0	0.377	adaptation_topic	Passerine__order
compound<compound>compound> ...	1.0	0.479	adaptation_topic	Passerine__order
compound<compound<compound< ...	1.0	0.27	adaptation_topic	Passerine__order
nsubj<conj<cop> ...	1.0	0.61	adaptation_topic	Passerine__order
nsubj:pass<acl< ...	1.0	0.427	adaptation_topic	Passerine__order
nmod<nsubj<nmod> ...	1.0	0.406	adaptation_topic	Passerine__order
nsubj:pass<advcl>cop> ...	1.0	0.518	adaptation_topic	Passerine__order
nmod>amod>advmod> ...	1.0	0.17	adaptation_topic	Passerine__order
nsubj<compound:prt> ...	1.0	0.438	adaptation_topic	Passerine__order
nsubj<conj>conj> ...	1.0	0.386	adaptation_topic	Passerine__order
nmod<obl<ccomp> ...	1.0	0.259	adaptation_topic	Passerine__order
nsubj<nsubj< ...	1.0	0.256	adaptation_topic	Passerine__order
nmod<nsubj>nmod:poss> ...	1.0	0.386	adaptation_topic	Passerine__order
nmod<obl>case> ...	1.0	0.365	adaptation_topic	Passerine__order
nmod<obl>nmod:poss> ...	1.0	0.34	adaptation_topic	Passerine__order
nmod<obl> ...	1.0	0.282	adaptation_topic	Passerine__order
nsubj<advcl>nsubj:pass> ...	1.0	0.503	adaptation_topic	Passerine__order
nsubj<advcl>aux:pass> ...	1.0	0.382	adaptation_topic	Passerine__order
nsubj<nmod>nmod:poss> ...	1.0	0.456	adaptation_topic	Passerine__order
nsubj:pass<advcl<nsubj> ...	1.0	0.339	adaptation_topic	Passerine__order
nsubj:pass<advcl< ...	1.0	0.352	adaptation_topic	Passerine__order
nsubj> ...	1.0	0.256	adaptation_topic	Passerine__order
obl>case> ...	1.0	0.355	adaptation_topic	Passerine__order
obl> ...	1.0	0.326	adaptation_topic	Passerine__order
nsubj>det> ...	1.0	0.266	adaptation_topic	Passerine__order
nsubj>amod> ...	1.0	0.229	adaptation_topic	Passerine__order
cop> ...	1.0	0.211	adaptation_topic	Passerine__order
nsubj< one	1.0	0.804	adaptation_topic	Passerine__order
nsubj<nmod>acl> ...	1.0	0.567	adaptation_topic	Passerine__order
nsubj<appos>acl> ...	1.0	0.428	adaptation_topic	Passerine__order
nsubj<conj<aux> ...	1.0	0.236	adaptation_topic	Passerine__order
nsubj<conj<obj> ...	1.0	0.531	adaptation_topic	Passerine__order
nmod>nmod>case> ...	1.0	0.536	adaptation_topic	Passerine__order
nmod>nmod>det> ...	1.0	0.445	adaptation_topic	Passerine__order
nmod>nmod> ...	1.0	0.376	adaptation_topic	Passerine__order
nmod:poss<nmod<obl< ...	1.0	0.352	adaptation_topic	Passerine__order
nmod:poss<nmod<case> ...	1.0	0.409	adaptation_topic	Passerine__order
conj<obl<nsubj:pass> ...	1.0	0.307	adaptation_topic	Passerine__order
conj<obl<aux:pass> ...	1.0	0.26	adaptation_topic	Passerine__order
conj<advmod> ...	1.0	0.467	adaptation_topic	Passerine__order
nmod<nmod>nmod> ...	1.0	0.202	adaptation_topic	Passerine__order
nmod<obj<aux> ...	1.0	0.383	adaptation_topic	Passerine__order
nsubj<appos>conj> ...	1.0	0.247	adaptation_topic	Passerine__order
compound<nmod>conj> ...	1.0	0.276	adaptation_topic	Passerine__order
compound<nmod>det> ...	1.0	0.417	adaptation_topic	Passerine__order
appos<amod>conj> ...	1.0	0.477	adaptation_topic	Passerine__order
appos<appos>compound> ...	1.0	0.267	adaptation_topic	Passerine__order
nsubj<appos>nummod> ...	1.0	0.418	adaptation_topic	Passerine__order
nmod:poss<nsubj<obj> ...	1.0	0.388	adaptation_topic	Passerine__order
amod>obl>case> ...	1.0	0.505	adaptation_topic	Passerine__order
amod>obl> ...	1.0	0.286	adaptation_topic	Passerine__order
nmod<conj>advmod> ...	1.0	0.438	adaptation_topic	Passerine__order
nmod<conj>nmod> ...	1.0	0.305	adaptation_topic	Passerine__order
obj<nsubj>conj> ...	1.0	0.377	adaptation_topic	Passerine__order
obj<advcl<nsubj> ...	1.0	0.151	adaptation_topic	Passerine__order
nsubj:pass<advcl>amod> ...	1.0	0.338	adaptation_topic	Passerine__order
appos>flat> ...	1.0	0.375	adaptation_topic	Passerine__order
nsubj<acl>mark> ...	1.0	0.357	adaptation_topic	Passerine__order
nsubj<acl>advmod> ...	1.0	0.569	adaptation_topic	Passerine__order
nsubj<acl>aux:pass> ...	1.0	0.247	adaptation_topic	Passerine__order
nsubj<acl>advcl> ...	1.0	0.357	adaptation_topic	Passerine__order
nsubj:pass<obl>appos> ...	1.0	0.198	adaptation_topic	Passerine__order
nsubj:pass<advcl>case> ...	1.0	0.116	adaptation_topic	Passerine__order
obj<advcl<aux> ...	1.0	0.478	adaptation_topic	Passerine__order
obj<advcl<advmod> ...	1.0	0.394	adaptation_topic	Passerine__order
obj<advcl<cop> ...	1.0	0.303	adaptation_topic	Passerine__order
obj<advcl< ...	1.0	0.126	adaptation_topic	Passerine__order
compound<nmod<advmod> ...	1.0	0.352	adaptation_topic	Passerine__order
nsubj<acl:relcl<amod> ...	1.0	0.319	adaptation_topic	Passerine__order
nsubj:pass<parataxis<obj> ...	1.0	0.216	adaptation_topic	Passerine__order
nmod<obl<advmod> not	1.0	0.221	adaptation_topic	Passerine__order
appos<nmod<nsubj< ...	1.0	0.352	adaptation_topic	Passerine__order
compound<nsubj< ...	1.0	0.377	adaptation_topic	Passerine__order
compound<nsubj<obj> ...	1.0	0.489	adaptation_topic	Passerine__order
compound<nsubj<obl> ...	1.0	0.227	adaptation_topic	Passerine__order
appos<nsubj:pass<aux:pass> be	1.0	0.434	adaptation_topic	Passerine__order
nsubj<xcomp>advcl> ...	1.0	0.214	adaptation_topic	Passerine__order
advmod> especially	1.0	0.394	adaptation_topic	Passerine__order
appos<det> some	1.0	0.431	adaptation_topic	Passerine__order
acl:relcl>obl>case> ...	1.0	0.442	adaptation_topic	Passerine__order
acl:relcl>obl>amod> ...	1.0	0.181	adaptation_topic	Passerine__order
acl:relcl>obl> ...	1.0	0.232	adaptation_topic	Passerine__order
obj<obl>amod> ...	1.0	0.152	adaptation_topic	Passerine__order
appos<amod>advmod> ...	1.0	0.231	adaptation_topic	Passerine__order
nsubj<nmod>advmod> ...	1.0	0.514	adaptation_topic	Passerine__order
nsubj<conj>nsubj:pass> ...	1.0	0.393	adaptation_topic	Passerine__order
obl<xcomp>mark> to	1.0	0.563	adaptation_topic	Passerine__order
obj<acl:relcl<amod> ...	1.0	0.228	adaptation_topic	Passerine__order
obj<acl:relcl< ...	1.0	0.369	adaptation_topic	Passerine__order
obj<acl:relcl<nsubj< ...	1.0	0.228	adaptation_topic	Passerine__order
amod>advmod> more	1.0	0.483	adaptation_topic	Passerine__order
compound<compound<nmod> ...	1.0	0.534	adaptation_topic	Passerine__order
appos<nmod<amod> ...	1.0	0.281	adaptation_topic	Passerine__order
appos<nmod< ...	1.0	0.392	adaptation_topic	Passerine__order
acl:relcl>obl>nmod> ...	1.0	0.303	adaptation_topic	Passerine__order
obl<acl:relcl< ...	1.0	0.261	adaptation_topic	Passerine__order
appos>det> the	1.0	0.434	adaptation_topic	Passerine__order
nsubj<ccomp>aux:pass> be	1.0	0.26	adaptation_topic	Passerine__order
nsubj<obl:npmod>det> ...	1.0	0.358	adaptation_topic	Passerine__order
nsubj<obl:npmod> ...	1.0	0.244	adaptation_topic	Passerine__order
nmod<nsubj<expl> ...	1.0	0.318	adaptation_topic	Passerine__order
list> ...	1.0	0.372	adaptation_topic	Passerine__order
nsubj:pass<obl> ability	1.0	0.595	adaptation_topic	Passerine__order
obl<nsubj>amod> ...	1.0	0.244	adaptation_topic	Passerine__order
compound<appos<appos> ...	1.0	0.285	adaptation_topic	Passerine__order
compound<appos< ...	1.0	0.467	adaptation_topic	Passerine__order
conj>flat> ...	1.0	0.282	adaptation_topic	Passerine__order
appos<obj> ...	1.0	0.447	adaptation_topic	Passerine__order
compound>conj>cc> ...	1.0	0.441	adaptation_topic	Passerine__order
compound>conj> ...	1.0	0.259	adaptation_topic	Passerine__order
flat> ...	1.0	0.154	adaptation_topic	Passerine__order
conj>compound> ...	1.0	0.256	adaptation_topic	Passerine__order
obj<obl>flat> ...	1.0	0.436	adaptation_topic	Passerine__order
nmod:poss<nsubj:pass< ...	1.0	0.259	adaptation_topic	Passerine__order
obj<obl>conj> ...	1.0	0.258	adaptation_topic	Passerine__order
obj<conj>advmod> ...	1.0	0.417	adaptation_topic	Passerine__order
det> all	1.0	0.754	adaptation_topic	Passerine__order
obj<conj>appos> ...	1.0	0.215	adaptation_topic	Passerine__order
obj<conj>nmod> ...	1.0	0.345	adaptation_topic	Passerine__order
conj<obj<acl:relcl< ...	1.0	0.288	adaptation_topic	Passerine__order
conj<obj<nsubj> ...	1.0	0.254	adaptation_topic	Passerine__order
conj<obj<aux> ...	1.0	0.564	adaptation_topic	Passerine__order
conj<obj< ...	1.0	0.361	adaptation_topic	Passerine__order
nmod:poss<nsubj:pass<aux:pass> ...	1.0	0.385	adaptation_topic	Passerine__order
nsubj<conj<advmod> ...	1.0	0.52	adaptation_topic	Passerine__order
nmod<nsubj<parataxis> ...	1.0	0.118	adaptation_topic	Passerine__order
nsubj<obj>obl> ...	1.0	0.315	adaptation_topic	Passerine__order
nmod<obl<acl:relcl< ...	1.0	0.217	adaptation_topic	Passerine__order
nsubj<conj> south	1.0	0.523	adaptation_topic	Passerine__order
nsubj<obl>nmod:npmod> ...	1.0	0.491	adaptation_topic	Passerine__order
nsubj<conj>advcl> ...	1.0	0.301	adaptation_topic	Passerine__order
nsubj<conj>ccomp> ...	1.0	0.405	adaptation_topic	Passerine__order
nsubj<advcl>acl:relcl> ...	1.0	0.378	adaptation_topic	Passerine__order
nmod<case> than	1.0	0.449	adaptation_topic	Passerine__order
acl:relcl>nsubj>det> ...	1.0	0.427	adaptation_topic	Passerine__order
acl:relcl>nsubj>compound> ...	1.0	0.19	adaptation_topic	Passerine__order
acl:relcl>advcl>mark> ...	1.0	0.514	adaptation_topic	Passerine__order
acl:relcl>advcl> ...	1.0	0.279	adaptation_topic	Passerine__order
acl:relcl>advcl>obj> ...	1.0	0.497	adaptation_topic	Passerine__order
nsubj:pass<advcl>xcomp> ...	1.0	0.524	adaptation_topic	Passerine__order
nmod<obj<obl> ...	1.0	0.458	adaptation_topic	Passerine__order
nmod:poss<nmod>case> ...	1.0	0.343	adaptation_topic	Passerine__order
nmod:poss<nmod> ...	1.0	0.128	adaptation_topic	Passerine__order
nmod:poss<nsubj:pass<advmod> ...	1.0	0.349	adaptation_topic	Passerine__order
nsubj:pass<conj<obl> ...	1.0	0.179	adaptation_topic	Passerine__order
nsubj:pass<conj>xcomp> ...	1.0	0.323	adaptation_topic	Passerine__order
nsubj:pass<conj< ...	1.0	0.237	adaptation_topic	Passerine__order
obl<conj>conj> ...	1.0	0.528	adaptation_topic	Passerine__order
conj<nsubj< be	1.0	0.278	adaptation_topic	Passerine__order
nsubj:pass<obl>acl:relcl> ...	1.0	0.499	adaptation_topic	Passerine__order
nsubj:pass<conj<cop> ...	1.0	0.415	adaptation_topic	Passerine__order
nsubj:pass<conj<advmod> ...	1.0	0.385	adaptation_topic	Passerine__order
nsubj:pass<advcl>nsubj:pass> ...	1.0	0.374	adaptation_topic	Passerine__order
nmod<obj<mark> that	1.0	0.38	adaptation_topic	Passerine__order
acl:relcl>obj>det> ...	1.0	0.359	adaptation_topic	Passerine__order
acl:relcl>obj>amod> ...	1.0	0.431	adaptation_topic	Passerine__order
acl:relcl>obj> ...	1.0	0.347	adaptation_topic	Passerine__order
nmod<obl<amod< ...	1.0	0.322	adaptation_topic	Passerine__order
conj> thrush	1.0	0.817	adaptation_topic	Passerine__order
acl:relcl>aux> ...	1.0	0.343	adaptation_topic	Passerine__order
nmod<obj<nsubj> this	1.0	0.39	adaptation_topic	Passerine__order
nmod<appos<case> ...	1.0	0.46	adaptation_topic	Passerine__order
nmod<obl<acl< ...	1.0	0.384	adaptation_topic	Passerine__order
appos<conj> ...	1.0	0.705	adaptation_topic	Passerine__order
appos<nummod> ...	1.0	0.284	adaptation_topic	Passerine__order
appos<nsubj<obj> ...	1.0	0.302	adaptation_topic	Passerine__order
appos<nsubj<obl> ...	1.0	0.321	adaptation_topic	Passerine__order
nsubj:pass<conj>obj> ...	1.0	0.328	adaptation_topic	Passerine__order
nmod<appos<nmod< ...	1.0	0.377	adaptation_topic	Passerine__order
obl<acl<nmod> ...	1.0	0.225	adaptation_topic	Passerine__order
obl<obl>advmod> ...	1.0	0.44	adaptation_topic	Passerine__order
obl<obl>case> ...	1.0	0.378	adaptation_topic	Passerine__order
obl<obl> ...	1.0	0.393	adaptation_topic	Passerine__order
obl<obl>acl> ...	1.0	0.323	adaptation_topic	Passerine__order
obj<conj< ...	1.0	0.286	adaptation_topic	Passerine__order
acl>obl>det> ...	1.0	0.315	adaptation_topic	Passerine__order
acl>obl>nmod> ...	1.0	0.288	adaptation_topic	Passerine__order
obj<nsubj>appos> ...	1.0	0.512	adaptation_topic	Passerine__order
nmod<obl<advmod> usually	1.0	0.322	adaptation_topic	Passerine__order
obl<nmod> ...	1.0	0.213	adaptation_topic	Passerine__order
obl<nmod>det> ...	1.0	0.554	adaptation_topic	Passerine__order
obl<nmod>case> ...	1.0	0.38	adaptation_topic	Passerine__order
nmod<obl<conj< ...	1.0	0.217	adaptation_topic	Passerine__order
obl<conj>cc> ...	1.0	0.595	adaptation_topic	Passerine__order
obl<conj>aux> ...	1.0	0.388	adaptation_topic	Passerine__order
obl<conj>obl> ...	1.0	0.166	adaptation_topic	Passerine__order
obl<conj>compound> ...	1.0	0.279	adaptation_topic	Passerine__order
nsubj<parataxis>parataxis> ...	1.0	0.629	adaptation_topic	Passerine__order
obl<acl<appos< ...	1.0	0.473	adaptation_topic	Passerine__order
nmod<case> with	1.0	0.552	adaptation_topic	Passerine__order
nsubj<parataxis>det> ...	1.0	0.612	adaptation_topic	Passerine__order
nmod<obl<advcl< ...	1.0	0.264	adaptation_topic	Passerine__order
nsubj:pass<advcl>aux:pass> ...	1.0	0.299	adaptation_topic	Passerine__order
nmod<conj>amod> ...	1.0	0.437	adaptation_topic	Passerine__order
nmod<conj>compound> ...	1.0	0.386	adaptation_topic	Passerine__order
nmod<conj<obl< ...	1.0	0.251	adaptation_topic	Passerine__order
nmod<conj<case> ...	1.0	0.288	adaptation_topic	Passerine__order
nmod<conj<compound> ...	1.0	0.185	adaptation_topic	Passerine__order
nmod<conj<conj> ...	1.0	0.248	adaptation_topic	Passerine__order
nmod<nummod> ...	1.0	0.377	adaptation_topic	Passerine__order
nmod:poss< call	1.0	0.184	adaptation_topic	Passerine__order
compound>nmod> ...	1.0	0.298	adaptation_topic	Passerine__order
nmod<nmod<nsubj> ...	1.0	0.18	adaptation_topic	Passerine__order
nmod<nmod<cop> ...	1.0	0.282	adaptation_topic	Passerine__order
nmod<nmod<amod> ...	1.0	0.332	adaptation_topic	Passerine__order
nsubj<appos>advmod> ...	1.0	0.369	adaptation_topic	Passerine__order
appos<nmod>compound> ...	1.0	0.316	adaptation_topic	Passerine__order
compound>nummod> ...	1.0	0.328	adaptation_topic	Passerine__order
compound>nmod>case> ...	1.0	0.41	adaptation_topic	Passerine__order
obj<xcomp>mark> ...	1.0	0.216	adaptation_topic	Passerine__order
obj<xcomp> ...	1.0	0.326	adaptation_topic	Passerine__order
obj<xcomp>obj> ...	1.0	0.552	adaptation_topic	Passerine__order
obl<conj<nsubj> ...	1.0	0.445	adaptation_topic	Passerine__order
obl<conj< ...	1.0	0.37	adaptation_topic	Passerine__order
obl<conj<obj> ...	1.0	0.358	adaptation_topic	Passerine__order
obj<parataxis< ...	1.0	0.331	adaptation_topic	Passerine__order
obj<parataxis<advmod> ...	1.0	0.477	adaptation_topic	Passerine__order
obj<acl<nmod< ...	1.0	0.207	adaptation_topic	Passerine__order
obj<acl<case> ...	1.0	0.271	adaptation_topic	Passerine__order
obj<acl<det> ...	1.0	0.324	adaptation_topic	Passerine__order
obj<acl< ...	1.0	0.237	adaptation_topic	Passerine__order
obj<parataxis<nsubj> ...	1.0	0.404	adaptation_topic	Passerine__order
obj<advcl>advmod> ...	1.0	0.281	adaptation_topic	Passerine__order
nsubj:pass<ccomp> ...	1.0	0.399	adaptation_topic	Passerine__order
nsubj:pass<obl>amod> northern	1.0	0.416	adaptation_topic	Passerine__order
nmod<nummod> 2	1.0	0.455	adaptation_topic	Passerine__order
acl> live	1.0	0.506	adaptation_topic	Passerine__order
acl>obl>case> in	1.0	0.365	adaptation_topic	Passerine__order
obj<acl<det> a	1.0	0.314	adaptation_topic	Passerine__order
nsubj<obl>amod> native	1.0	0.218	adaptation_topic	Passerine__order
obj<aux> may	1.0	0.477	adaptation_topic	Passerine__order
obj<xcomp>mark> to	1.0	0.216	adaptation_topic	Passerine__order
nmod<case> by	1.0	0.642	adaptation_topic	Passerine__order
nmod<nmod<cop> be	1.0	0.282	adaptation_topic	Passerine__order
compound<nmod<obj< show	1.0	0.275	adaptation_topic	Passerine__order
compound<nmod< distribution	1.0	0.241	adaptation_topic	Passerine__order
nsubj:pass<advcl>aux:pass> be	1.0	0.299	adaptation_topic	Passerine__order
nmod<nsubj:pass< find	1.0	0.55	adaptation_topic	Passerine__order
appos<nmod>case> in	1.0	0.332	adaptation_topic	Passerine__order
nmod>amod> nominate	1.0	0.401	adaptation_topic	Passerine__order
appos<nmod>case> at	1.0	0.332	adaptation_topic	Passerine__order
nmod<obl<nsubj> male	1.0	0.419	adaptation_topic	Passerine__order
nmod<obl< distinct	1.0	0.378	adaptation_topic	Passerine__order
nmod<case> from	1.0	0.588	adaptation_topic	Passerine__order
nmod<amod>advmod> more	1.0	0.577	adaptation_topic	Passerine__order
obl<nsubj> it	1.0	0.595	adaptation_topic	Passerine__order
obl<advmod> very	1.0	0.377	adaptation_topic	Passerine__order
obl< similar	1.0	0.38	adaptation_topic	Passerine__order
conj< greenfinch	1.0	0.351	adaptation_topic	Passerine__order
nmod<obl<nsubj> that	1.0	0.458	adaptation_topic	Passerine__order
nsubj<obj>amod> natural	1.0	0.476	adaptation_topic	Passerine__order
nsubj<obj> predator	1.0	0.315	adaptation_topic	Passerine__order
conj<nmod<obj< kill	1.0	0.744	adaptation_topic	Passerine__order
conj<nmod<amod> large	1.0	0.436	adaptation_topic	Passerine__order
conj<nmod< number	1.0	0.349	adaptation_topic	Passerine__order
obl<conj>cc> but	1.0	0.622	adaptation_topic	Passerine__order
acl>obl>case> to	1.0	0.34	adaptation_topic	Passerine__order
acl>obl> bird	1.0	0.377	adaptation_topic	Passerine__order
obl<mark> to	1.0	0.539	adaptation_topic	Passerine__order
nmod<obl< find	1.0	0.364	adaptation_topic	Passerine__order
nmod<appos<case> of	1.0	0.476	adaptation_topic	Passerine__order
nummod> one	1.0	0.755	adaptation_topic	Passerine__order
nmod<case> in	1.0	0.63	adaptation_topic	Passerine__order
acl> trap	1.0	0.618	adaptation_topic	Passerine__order
acl>obl>case> on	1.0	0.342	adaptation_topic	Passerine__order
appos< species	1.0	0.468	adaptation_topic	Passerine__order
acl:relcl>nsubj> which	1.0	0.406	adaptation_topic	Passerine__order
nsubj<conj>det> a	1.0	0.278	adaptation_topic	Passerine__order
acl:relcl>advmod> not	1.0	0.556	adaptation_topic	Passerine__order
acl:relcl> have	1.0	0.311	adaptation_topic	Passerine__order
acl:relcl>obj>det> a	1.0	0.351	adaptation_topic	Passerine__order
nmod<obl< similar	1.0	0.429	adaptation_topic	Passerine__order
nmod< that	1.0	0.526	adaptation_topic	Passerine__order
nmod:poss<nsubj:pass<aux:pass> be	1.0	0.385	adaptation_topic	Passerine__order
amod>conj>cc> and	1.0	0.394	adaptation_topic	Passerine__order
acl:relcl>advmod> where	1.0	0.494	adaptation_topic	Passerine__order
det> these	1.0	0.663	adaptation_topic	Passerine__order
nsubj:pass<obl>det> some	1.0	0.664	adaptation_topic	Passerine__order
obj<conj>obj> it	1.0	0.254	adaptation_topic	Passerine__order
nsubj<obj>det> some	1.0	0.514	adaptation_topic	Passerine__order
conj<obj<nsubj> which	1.0	0.441	adaptation_topic	Passerine__order
conj<obj< include	1.0	0.303	adaptation_topic	Passerine__order
conj<amod> red	1.0	0.826	adaptation_topic	Passerine__order
conj<conj> gull	1.0	0.897	adaptation_topic	Passerine__order
nsubj:pass< introduce	1.0	0.516	adaptation_topic	Passerine__order
nsubj:pass<obl>case> to	1.0	0.683	adaptation_topic	Passerine__order
obj<obl> Spain	1.0	0.376	adaptation_topic	Passerine__order
nsubj:pass<obl>case> from	1.0	0.68	adaptation_topic	Passerine__order
nsubj:pass<obl>compound> bird	1.0	0.227	adaptation_topic	Passerine__order
nsubj:pass<conj<cop> be	1.0	0.415	adaptation_topic	Passerine__order
nsubj:pass<obl> Australia	1.0	0.719	adaptation_topic	Passerine__order
obl<nsubj>det> this	1.0	0.403	adaptation_topic	Passerine__order
obl<nsubj> most	1.0	0.667	adaptation_topic	Passerine__order
nsubj<obj> nest	1.0	0.23	adaptation_topic	Passerine__order
appos>appos> Breeding	1.0	0.585	adaptation_topic	Passerine__order
nmod<det> some	1.0	0.622	adaptation_topic	Passerine__order
list> bird	1.0	0.393	adaptation_topic	Passerine__order
compound>conj>cc> and	1.0	0.548	adaptation_topic	Passerine__order
nmod<nsubj<expl> there	1.0	0.401	adaptation_topic	Passerine__order
nmod<nsubj< be	1.0	0.49	adaptation_topic	Passerine__order
nmod<amod> several	1.0	0.459	adaptation_topic	Passerine__order
amod>obl:npmod> white	1.0	0.372	adaptation_topic	Passerine__order
nmod<nmod< size	1.0	0.41	adaptation_topic	Passerine__order
nsubj<acl:relcl<det> a	1.0	0.462	adaptation_topic	Passerine__order
nsubj<advmod> highly	1.0	0.643	adaptation_topic	Passerine__order
appos<case> of	1.0	0.578	adaptation_topic	Passerine__order
appos< crow	1.0	0.34	adaptation_topic	Passerine__order
appos>appos> voice	1.0	0.388	adaptation_topic	Passerine__order
case> from	1.0	0.923	adaptation_topic	Passerine__order
nsubj< be	1.0	0.932	adaptation_topic	Passerine__order
nsubj<conj> have	1.0	0.356	adaptation_topic	Passerine__order
obl<nsubj> group	1.0	0.587	adaptation_topic	Passerine__order
nsubj:pass<obl>compound> North	1.0	0.42	adaptation_topic	Passerine__order
acl:relcl>nsubj> that	1.0	0.453	adaptation_topic	Passerine__order
acl:relcl>obl>case> from	1.0	0.455	adaptation_topic	Passerine__order
acl:relcl>obl> Europe	1.0	0.262	adaptation_topic	Passerine__order
compound<nmod<case> for	1.0	0.291	adaptation_topic	Passerine__order
obl<mark> that	1.0	0.589	adaptation_topic	Passerine__order
obl<advcl>mark> when	1.0	0.632	adaptation_topic	Passerine__order
conj<nmod<amod> small	1.0	0.433	adaptation_topic	Passerine__order
conj<nmod< bird	1.0	0.172	adaptation_topic	Passerine__order
conj<case> include	1.0	0.273	adaptation_topic	Passerine__order
nmod<nmod>case> on	1.0	0.313	adaptation_topic	Passerine__order
conj>aux:pass> be	1.0	0.254	adaptation_topic	Passerine__order
nsubj<parataxis<cop> be	1.0	0.448	adaptation_topic	Passerine__order
nmod<amod>advmod> most	1.0	0.577	adaptation_topic	Passerine__order
conj<conj>det> the	1.0	0.531	adaptation_topic	Passerine__order
conj<conj>amod> common	1.0	0.749	adaptation_topic	Passerine__order
conj<nsubj<cop> be	1.0	0.48	adaptation_topic	Passerine__order
conj<nsubj< bird	1.0	0.276	adaptation_topic	Passerine__order
conj>amod> other	1.0	0.48	adaptation_topic	Passerine__order
conj<case> along	1.0	0.592	adaptation_topic	Passerine__order
conj<case> with	1.0	0.479	adaptation_topic	Passerine__order
conj<nmod>case> in	1.0	0.552	adaptation_topic	Passerine__order
conj<obl<advmod> also	1.0	0.45	adaptation_topic	Passerine__order
nsubj<advmod> so	1.0	0.678	adaptation_topic	Passerine__order
nsubj<ccomp< be	1.0	0.556	adaptation_topic	Passerine__order
nmod<obl<aux> have	1.0	0.318	adaptation_topic	Passerine__order
nmod<obl<aux:pass> be	1.0	0.248	adaptation_topic	Passerine__order
nsubj<ccomp<mark> that	1.0	0.314	adaptation_topic	Passerine__order
det:predet> all	1.0	0.221	adaptation_topic	Passerine__order
nsubj<advcl>mark> when	1.0	0.512	adaptation_topic	Passerine__order
nsubj<advcl>obj> they	1.0	0.505	adaptation_topic	Passerine__order
nmod<nsubj<aux> be	1.0	0.397	adaptation_topic	Passerine__order
nsubj<obj>amod> short	1.0	0.313	adaptation_topic	Passerine__order
nmod<nmod<obj< have	1.0	0.32	adaptation_topic	Passerine__order
nsubj<acl> replace	1.0	0.564	adaptation_topic	Passerine__order
nmod<nsubj<aux> have	1.0	0.374	adaptation_topic	Passerine__order
nsubj<nmod> length	1.0	0.415	adaptation_topic	Passerine__order
nmod<nmod< one	1.0	0.564	adaptation_topic	Passerine__order
nsubj<nmod> wingspan	1.0	0.427	adaptation_topic	Passerine__order
nmod:poss< range	1.0	0.281	adaptation_topic	Passerine__order
case> on	1.0	0.889	adaptation_topic	Passerine__order
compound<nmod>det> a	1.0	0.406	adaptation_topic	Passerine__order
compound<amod> common	1.0	0.153	adaptation_topic	Passerine__order
nsubj<conj< include	1.0	0.284	adaptation_topic	Passerine__order
nsubj<advmod> also	1.0	0.697	adaptation_topic	Passerine__order
nsubj<amod> small	1.0	0.236	adaptation_topic	Passerine__order
nsubj<ccomp>aux> have	1.0	0.172	adaptation_topic	Passerine__order
compound<obj<mark> to	1.0	0.48	adaptation_topic	Passerine__order
nsubj<advcl> consum	1.0	0.442	adaptation_topic	Passerine__order
nsubj<aux> be	1.0	0.514	adaptation_topic	Passerine__order
conj<conj> raven	1.0	0.928	adaptation_topic	Passerine__order
nsubj<advcl>nsubj> it	1.0	0.327	adaptation_topic	Passerine__order
appos<nsubj<advmod> also	1.0	0.483	adaptation_topic	Passerine__order
appos<det> a	1.0	0.446	adaptation_topic	Passerine__order
nsubj<advmod> mainly	1.0	0.634	adaptation_topic	Passerine__order
conj<nmod<nsubj:pass< know	1.0	0.521	adaptation_topic	Passerine__order
nsubj:pass<obl> captivity	1.0	0.577	adaptation_topic	Passerine__order
nsubj:pass<advcl>mark> when	1.0	0.448	adaptation_topic	Passerine__order
nmod<case> of	1.0	0.641	adaptation_topic	Passerine__order
obl<acl<nsubj< include	1.0	0.392	adaptation_topic	Passerine__order
nsubj<amod>advmod> very	1.0	0.565	adaptation_topic	Passerine__order
nmod<nsubj< black	1.0	0.504	adaptation_topic	Passerine__order
nsubj<advmod> mostly	1.0	0.625	adaptation_topic	Passerine__order
nsubj<conj>nsubj> it	1.0	0.411	adaptation_topic	Passerine__order
advmod> typically	1.0	0.466	adaptation_topic	Passerine__order
nsubj<ccomp<nsubj> Aristotle	1.0	0.417	adaptation_topic	Passerine__order
nmod<nsubj:pass< know	1.0	0.567	adaptation_topic	Passerine__order
nmod<appos>det> the	1.0	0.541	adaptation_topic	Passerine__order
nsubj<obl>det> some	1.0	0.629	adaptation_topic	Passerine__order
obj<nsubj> crow	1.0	0.465	adaptation_topic	Passerine__order
obj<aux> be	1.0	0.485	adaptation_topic	Passerine__order
obj<advmod> perhaps	1.0	0.516	adaptation_topic	Passerine__order
obj<nsubj> most	1.0	0.456	adaptation_topic	Passerine__order
obj<obl>case> to	1.0	0.279	adaptation_topic	Passerine__order
nmod<nmod<det> a	1.0	0.369	adaptation_topic	Passerine__order
obj<obl>det> a	1.0	0.524	adaptation_topic	Passerine__order
appos>conj> systematic	1.0	0.41	adaptation_topic	Passerine__order
obl<obl>case> in	1.0	0.389	adaptation_topic	Passerine__order
obl<obl> area	1.0	0.541	adaptation_topic	Passerine__order
acl>obl>det> a	1.0	0.289	adaptation_topic	Passerine__order
conj> rook	1.0	0.801	adaptation_topic	Passerine__order
nmod<nsubj<parataxis> have	1.0	0.1	adaptation_topic	Passerine__order
conj< bird	1.0	0.424	adaptation_topic	Passerine__order
conj<nsubj:pass<aux> have	1.0	0.149	adaptation_topic	Passerine__order
conj<nsubj:pass<advmod> typically	1.0	0.519	adaptation_topic	Passerine__order
conj<nsubj:pass<aux:pass> be	1.0	0.3	adaptation_topic	Passerine__order
conj> raven	1.0	0.756	adaptation_topic	Passerine__order
appos> Taxonomy	1.0	0.389	adaptation_topic	Passerine__order
det> both	1.0	0.75	adaptation_topic	Passerine__order
conj> crow	1.0	0.803	adaptation_topic	Passerine__order
obl<acl<case> in	1.0	0.346	adaptation_topic	Passerine__order
nmod< call	1.0	0.506	adaptation_topic	Passerine__order
nsubj<conj>obj> they	1.0	0.478	adaptation_topic	Passerine__order
compound<amod> european	1.0	0.228	adaptation_topic	Passerine__order
compound< nests	1.0	0.407	adaptation_topic	Passerine__order
compound<nmod<case> of	1.0	0.404	adaptation_topic	Passerine__order
compound<nmod< species	1.0	0.27	adaptation_topic	Passerine__order
compound<conj<det> a	1.0	0.429	adaptation_topic	Passerine__order
compound<cc> and	1.0	0.344	adaptation_topic	Passerine__order
nsubj<obl> month	1.0	0.367	adaptation_topic	Passerine__order
compound<obj<advmod> also	1.0	0.552	adaptation_topic	Passerine__order
nsubj:pass<advcl>mark> to	1.0	0.49	adaptation_topic	Passerine__order
compound< group	1.0	0.494	adaptation_topic	Passerine__order
nsubj:pass< know	1.0	0.421	adaptation_topic	Passerine__order
compound<nmod<det> a	1.0	0.308	adaptation_topic	Passerine__order
compound<nmod< member	1.0	0.378	adaptation_topic	Passerine__order
nmod:poss<nsubj<cop> be	1.0	0.628	adaptation_topic	Passerine__order
nsubj:pass<xcomp>cop> be	1.0	0.287	adaptation_topic	Passerine__order
nsubj:pass<obl>case> on	1.0	0.649	adaptation_topic	Passerine__order
nsubj:pass<conj>det> the	1.0	0.548	adaptation_topic	Passerine__order
compound<amod> Eurasian	1.0	0.184	adaptation_topic	Passerine__order
amod> ...	298.0	0.774	free_topic	Passerine__order
det> ...	265.0	0.696	free_topic	Passerine__order
case> ...	254.0	0.857	free_topic	Passerine__order
det> the	210.0	0.763	free_topic	Passerine__order
conj<conj> ...	206.0	0.851	free_topic	Passerine__order
compound> ...	198.0	0.344	free_topic	Passerine__order
nmod< ...	132.0	0.479	free_topic	Passerine__order
conj< ...	125.0	0.407	free_topic	Passerine__order
nsubj< ...	121.0	0.796	free_topic	Passerine__order
compound< ...	119.0	0.339	free_topic	Passerine__order
appos> ...	114.0	0.446	free_topic	Passerine__order
conj> ...	107.0	0.757	free_topic	Passerine__order
obl< ...	93.0	0.349	free_topic	Passerine__order
nmod>case> ...	88.0	0.904	free_topic	Passerine__order
nmod> ...	86.0	0.561	free_topic	Passerine__order
case> of	82.0	0.846	free_topic	Passerine__order
nmod<det> ...	70.0	0.579	free_topic	Passerine__order
cc> ...	68.0	0.317	free_topic	Passerine__order
appos< ...	67.0	0.331	free_topic	Passerine__order
appos<conj> ...	65.0	0.705	free_topic	Passerine__order
conj>cc> ...	60.0	0.656	free_topic	Passerine__order
conj<conj>cc> ...	60.0	0.493	free_topic	Passerine__order
nsubj<cop> ...	56.0	0.579	free_topic	Passerine__order
nsubj<cop> be	56.0	0.584	free_topic	Passerine__order
conj<case> ...	56.0	0.422	free_topic	Passerine__order
nsubj<obl> ...	55.0	0.366	free_topic	Passerine__order
nsubj<obl>case> ...	54.0	0.74	free_topic	Passerine__order
nsubj:pass<obl> ...	53.0	0.59	free_topic	Passerine__order
nsubj:pass<obl>case> ...	53.0	0.65	free_topic	Passerine__order
cc> and	52.0	0.439	free_topic	Passerine__order
obj< ...	51.0	0.303	free_topic	Passerine__order
nmod<amod> ...	50.0	0.425	free_topic	Passerine__order
conj<conj>cc> and	49.0	0.429	free_topic	Passerine__order
det> a	46.0	0.764	free_topic	Passerine__order
nmod>case> of	44.0	0.996	free_topic	Passerine__order
conj>cc> and	44.0	0.708	free_topic	Passerine__order
nsubj:pass< ...	41.0	0.413	free_topic	Passerine__order
nsubj:pass<aux:pass> ...	41.0	0.755	free_topic	Passerine__order
nsubj:pass<aux:pass> be	41.0	0.755	free_topic	Passerine__order
flat> ...	41.0	0.154	free_topic	Passerine__order
nmod<det> the	41.0	0.636	free_topic	Passerine__order
nsubj<obj> ...	40.0	0.18	free_topic	Passerine__order
conj<amod> ...	40.0	0.71	free_topic	Passerine__order
nmod<case> ...	39.0	0.567	free_topic	Passerine__order
obl<nsubj> ...	38.0	0.564	free_topic	Passerine__order
nsubj<advmod> ...	36.0	0.65	free_topic	Passerine__order
nmod> paradise	35.0	0.833	free_topic	Passerine__order
amod> Eurasian	35.0	0.815	free_topic	Passerine__order
compound<case> ...	35.0	0.178	free_topic	Passerine__order
appos<appos> ...	35.0	0.599	free_topic	Passerine__order
amod> common	34.0	0.838	free_topic	Passerine__order
conj<conj>amod> ...	33.0	0.654	free_topic	Passerine__order
compound<amod> ...	33.0	0.23	free_topic	Passerine__order
nsubj<conj> ...	32.0	0.351	free_topic	Passerine__order
conj<nmod< ...	32.0	0.2	free_topic	Passerine__order
appos<det> ...	30.0	0.439	free_topic	Passerine__order
obl<advmod> ...	29.0	0.321	free_topic	Passerine__order
appos<amod> ...	28.0	0.409	free_topic	Passerine__order
compound<appos< ...	28.0	0.467	free_topic	Passerine__order
conj<obj< ...	28.0	0.361	free_topic	Passerine__order
obj<nsubj> ...	27.0	0.421	free_topic	Passerine__order
flat< ...	27.0	0.223	free_topic	Passerine__order
obl<obl>case> ...	27.0	0.378	free_topic	Passerine__order
nsubj<conj>cc> ...	26.0	0.528	free_topic	Passerine__order
obl<obl> ...	26.0	0.393	free_topic	Passerine__order
conj>compound> ...	26.0	0.256	free_topic	Passerine__order
conj<det> ...	26.0	0.229	free_topic	Passerine__order
compound<det> ...	26.0	0.669	free_topic	Passerine__order
appos<conj>compound> ...	25.0	0.349	free_topic	Passerine__order
flat<flat> ...	24.0	0.44	free_topic	Passerine__order
appos>compound> ...	24.0	0.502	free_topic	Passerine__order
appos<det> the	24.0	0.464	free_topic	Passerine__order
nmod<nsubj< ...	24.0	0.487	free_topic	Passerine__order
obl<cop> be	24.0	0.388	free_topic	Passerine__order
list<list> ...	24.0	0.333	free_topic	Passerine__order
conj>amod> ...	24.0	0.503	free_topic	Passerine__order
obl<cop> ...	24.0	0.388	free_topic	Passerine__order
case> in	23.0	0.867	free_topic	Passerine__order
nmod<det> a	23.0	0.607	free_topic	Passerine__order
nsubj:pass<obl>det> ...	23.0	0.611	free_topic	Passerine__order
obj<obl> ...	22.0	0.289	free_topic	Passerine__order
nsubj> ...	22.0	0.256	free_topic	Passerine__order
obj<obl>case> ...	22.0	0.236	free_topic	Passerine__order
compound<appos<conj> ...	22.0	0.343	free_topic	Passerine__order
conj<conj>compound> ...	22.0	0.497	free_topic	Passerine__order
nsubj<obj>det> ...	22.0	0.447	free_topic	Passerine__order
appos<conj>amod> ...	21.0	0.368	free_topic	Passerine__order
nsubj<obl>det> ...	21.0	0.613	free_topic	Passerine__order
obl<aux:pass> be	21.0	0.332	free_topic	Passerine__order
nsubj<conj>cc> and	21.0	0.701	free_topic	Passerine__order
obl<aux:pass> ...	21.0	0.332	free_topic	Passerine__order
compound<det> the	21.0	0.621	free_topic	Passerine__order
conj<obl< ...	20.0	0.33	free_topic	Passerine__order
nmod<nmod< ...	20.0	0.478	free_topic	Passerine__order
obl<nsubj>det> ...	20.0	0.428	free_topic	Passerine__order
nsubj<obj>amod> ...	20.0	0.362	free_topic	Passerine__order
conj<obj<nsubj> ...	20.0	0.254	free_topic	Passerine__order
obl<nsubj:pass> ...	20.0	0.546	free_topic	Passerine__order
nsubj<advcl> ...	20.0	0.417	free_topic	Passerine__order
conj<appos> ...	19.0	0.557	free_topic	Passerine__order
nmod<obj< ...	19.0	0.479	free_topic	Passerine__order
appos<conj>cc> ...	19.0	0.499	free_topic	Passerine__order
conj<det> the	19.0	0.28	free_topic	Passerine__order
appos>conj> ...	19.0	0.317	free_topic	Passerine__order
compound<nmod< ...	19.0	0.295	free_topic	Passerine__order
nsubj<nmod> ...	19.0	0.339	free_topic	Passerine__order
nsubj<nmod>case> ...	19.0	0.287	free_topic	Passerine__order
case> to	19.0	0.803	free_topic	Passerine__order
compound<appos<amod> ...	18.0	0.234	free_topic	Passerine__order
nmod>compound> ...	18.0	0.338	free_topic	Passerine__order
appos<case> ...	18.0	0.461	free_topic	Passerine__order
obl<nsubj>det> the	18.0	0.511	free_topic	Passerine__order
cop> ...	18.0	0.211	free_topic	Passerine__order
cop> be	18.0	0.293	free_topic	Passerine__order
appos<conj>appos> ...	17.0	0.595	free_topic	Passerine__order
nsubj<obl>case> in	17.0	0.71	free_topic	Passerine__order
case> from	17.0	0.923	free_topic	Passerine__order
advmod> ...	17.0	0.364	free_topic	Passerine__order
nmod>det> ...	17.0	0.343	free_topic	Passerine__order
flat<nsubj:pass<obl> ...	17.0	0.203	free_topic	Passerine__order
nmod>case> in	17.0	0.984	free_topic	Passerine__order
nsubj<det> ...	17.0	0.544	free_topic	Passerine__order
nmod<obl< ...	17.0	0.238	free_topic	Passerine__order
nsubj<amod> ...	16.0	0.289	free_topic	Passerine__order
nsubj<advcl>mark> ...	16.0	0.516	free_topic	Passerine__order
nsubj<obl>nmod> ...	16.0	0.274	free_topic	Passerine__order
nmod<cop> ...	16.0	0.247	free_topic	Passerine__order
appos>conj>cc> ...	16.0	0.423	free_topic	Passerine__order
nsubj:pass<obl>case> in	16.0	0.688	free_topic	Passerine__order
nmod<nmod>case> ...	16.0	0.346	free_topic	Passerine__order
nmod<cop> be	16.0	0.247	free_topic	Passerine__order
nmod<nmod> ...	16.0	0.524	free_topic	Passerine__order
appos<compound> ...	15.0	0.461	free_topic	Passerine__order
nsubj< have	15.0	0.891	free_topic	Passerine__order
amod> european	15.0	0.781	free_topic	Passerine__order
acl:relcl> ...	15.0	0.301	free_topic	Passerine__order
nmod>det> the	15.0	0.332	free_topic	Passerine__order
nmod<nsubj> ...	15.0	0.249	free_topic	Passerine__order
nsubj<obj>det> a	15.0	0.49	free_topic	Passerine__order
case>fixed> ...	15.0	0.477	free_topic	Passerine__order
case> such	15.0	0.849	free_topic	Passerine__order
nsubj:pass<obl>amod> ...	15.0	0.476	free_topic	Passerine__order
obl<obl>case> in	15.0	0.389	free_topic	Passerine__order
conj<nmod> ...	15.0	0.351	free_topic	Passerine__order
nsubj:pass<advmod> ...	15.0	0.531	free_topic	Passerine__order
appos>amod> ...	15.0	0.437	free_topic	Passerine__order
case>fixed> as	15.0	0.454	free_topic	Passerine__order
conj<conj>det> ...	14.0	0.5	free_topic	Passerine__order
nsubj:pass<obl>det> the	14.0	0.636	free_topic	Passerine__order
amod>advmod> ...	14.0	0.309	free_topic	Passerine__order
obl<obj> ...	14.0	0.27	free_topic	Passerine__order
conj<nmod>case> ...	14.0	0.513	free_topic	Passerine__order
nsubj:pass<obl>compound> ...	14.0	0.299	free_topic	Passerine__order
nmod<nmod<det> ...	14.0	0.408	free_topic	Passerine__order
appos>conj>cc> and	14.0	0.532	free_topic	Passerine__order
compound<obl< ...	13.0	0.548	free_topic	Passerine__order
appos<conj>cc> and	13.0	0.574	free_topic	Passerine__order
compound>compound> ...	13.0	0.234	free_topic	Passerine__order
nsubj<obl>det> the	13.0	0.613	free_topic	Passerine__order
conj>det> ...	13.0	0.39	free_topic	Passerine__order
nsubj<obj>nmod> ...	13.0	0.407	free_topic	Passerine__order
conj<case>fixed> as	13.0	0.5	free_topic	Passerine__order
conj<case> such	13.0	0.364	free_topic	Passerine__order
acl> ...	13.0	0.441	free_topic	Passerine__order
nsubj<obl>amod> ...	13.0	0.315	free_topic	Passerine__order
case> for	13.0	0.779	free_topic	Passerine__order
compound<appos<appos> ...	13.0	0.285	free_topic	Passerine__order
compound<compound> ...	13.0	0.294	free_topic	Passerine__order
appos<conj>det> ...	13.0	0.406	free_topic	Passerine__order
nmod< bird	13.0	0.527	free_topic	Passerine__order
obj<conj> ...	13.0	0.238	free_topic	Passerine__order
nsubj<obl>conj> ...	13.0	0.391	free_topic	Passerine__order
amod> great	13.0	0.862	free_topic	Passerine__order
nmod>amod> ...	13.0	0.353	free_topic	Passerine__order
conj<case>fixed> ...	13.0	0.5	free_topic	Passerine__order
nsubj<mark> ...	13.0	0.436	free_topic	Passerine__order
nmod<compound> ...	12.0	0.251	free_topic	Passerine__order
nmod<nsubj:pass<aux:pass> ...	12.0	0.237	free_topic	Passerine__order
nmod<nsubj:pass<aux:pass> be	12.0	0.237	free_topic	Passerine__order
nmod<nsubj:pass< ...	12.0	0.449	free_topic	Passerine__order
compound> house	12.0	0.492	free_topic	Passerine__order
compound<appos> ...	12.0	0.268	free_topic	Passerine__order
conj<obj< include	12.0	0.303	free_topic	Passerine__order
conj<nsubj< ...	12.0	0.245	free_topic	Passerine__order
conj<nmod<amod> ...	12.0	0.3	free_topic	Passerine__order
appos<conj<conj> ...	12.0	0.378	free_topic	Passerine__order
conj<case> include	12.0	0.273	free_topic	Passerine__order
acl:relcl>nsubj> ...	12.0	0.387	free_topic	Passerine__order
compound<nmod<det> ...	12.0	0.336	free_topic	Passerine__order
nsubj<aux> ...	12.0	0.548	free_topic	Passerine__order
nsubj<ccomp< ...	12.0	0.434	free_topic	Passerine__order
nmod:poss> ...	12.0	0.248	free_topic	Passerine__order
nsubj<conj>obj> ...	11.0	0.431	free_topic	Passerine__order
nsubj<obl>case> to	11.0	0.738	free_topic	Passerine__order
compound<appos<det> ...	11.0	0.226	free_topic	Passerine__order
obl<nsubj:pass>det> ...	11.0	0.736	free_topic	Passerine__order
conj<obl>case> ...	11.0	0.393	free_topic	Passerine__order
conj<compound> ...	11.0	0.31	free_topic	Passerine__order
case> as	11.0	0.92	free_topic	Passerine__order
case> with	11.0	0.874	free_topic	Passerine__order
appos<nmod>case> ...	11.0	0.361	free_topic	Passerine__order
appos<nmod> ...	11.0	0.354	free_topic	Passerine__order
nmod<case> of	11.0	0.641	free_topic	Passerine__order
nsubj>det> ...	11.0	0.266	free_topic	Passerine__order
nmod< species	11.0	0.498	free_topic	Passerine__order
compound<conj> ...	11.0	0.393	free_topic	Passerine__order
nmod<nsubj<obl> ...	11.0	0.372	free_topic	Passerine__order
appos<cop> ...	11.0	0.67	free_topic	Passerine__order
appos<cop> be	11.0	0.67	free_topic	Passerine__order
conj<nsubj> ...	10.0	0.201	free_topic	Passerine__order
conj>cc> or	10.0	0.706	free_topic	Passerine__order
appos<nsubj> ...	10.0	0.359	free_topic	Passerine__order
compound> passerine	10.0	0.356	free_topic	Passerine__order
compound> family	10.0	0.32	free_topic	Passerine__order
conj<conj>det> the	10.0	0.531	free_topic	Passerine__order
flat<det> the	10.0	0.402	free_topic	Passerine__order
obl<advcl> ...	10.0	0.296	free_topic	Passerine__order
nsubj<ccomp<nsubj> ...	10.0	0.287	free_topic	Passerine__order
acl>obl>case> ...	10.0	0.312	free_topic	Passerine__order
obl<acl< ...	10.0	0.209	free_topic	Passerine__order
case> 's	10.0	0.934	free_topic	Passerine__order
flat<det> ...	10.0	0.402	free_topic	Passerine__order
amod> male	10.0	0.766	free_topic	Passerine__order
cc> or	10.0	0.459	free_topic	Passerine__order
nsubj<conj>nsubj> ...	10.0	0.276	free_topic	Passerine__order
conj<conj>flat> ...	10.0	0.649	free_topic	Passerine__order
conj<obj<advmod> ...	10.0	0.436	free_topic	Passerine__order
obl<obl>det> ...	10.0	0.374	free_topic	Passerine__order
nsubj<det> a	10.0	0.562	free_topic	Passerine__order
nmod:poss< ...	10.0	0.195	free_topic	Passerine__order
nmod:poss>case> ...	10.0	0.31	free_topic	Passerine__order
conj<obl> ...	10.0	0.353	free_topic	Passerine__order
compound<appos<det> the	10.0	0.221	free_topic	Passerine__order
conj<obl<nsubj> ...	10.0	0.276	free_topic	Passerine__order
nmod<conj<conj> ...	10.0	0.248	free_topic	Passerine__order
obl<nsubj>amod> ...	10.0	0.244	free_topic	Passerine__order
nmod:poss>case> 's	10.0	0.31	free_topic	Passerine__order
obj<advmod> ...	10.0	0.497	free_topic	Passerine__order
obj<conj>cc> ...	10.0	0.169	free_topic	Passerine__order
obj<obl>case> in	9.0	0.244	free_topic	Passerine__order
conj>nmod> ...	9.0	0.521	free_topic	Passerine__order
compound<appos<nmod> ...	9.0	0.323	free_topic	Passerine__order
obj> ...	9.0	0.258	free_topic	Passerine__order
conj>det> the	9.0	0.421	free_topic	Passerine__order
compound< bird	9.0	0.409	free_topic	Passerine__order
compound<nmod> ...	9.0	0.217	free_topic	Passerine__order
compound<nmod>case> ...	9.0	0.424	free_topic	Passerine__order
compound<case> of	9.0	0.088	free_topic	Passerine__order
appos<obl< ...	9.0	0.311	free_topic	Passerine__order
nsubj<conj>obl> ...	9.0	0.317	free_topic	Passerine__order
obj<mark> ...	9.0	0.468	free_topic	Passerine__order
conj<nmod<case> ...	9.0	0.538	free_topic	Passerine__order
appos>flat> ...	9.0	0.375	free_topic	Passerine__order
conj>nmod>case> ...	9.0	0.434	free_topic	Passerine__order
appos<nsubj< ...	9.0	0.302	free_topic	Passerine__order
acl:relcl>obj> ...	9.0	0.347	free_topic	Passerine__order
appos< name	9.0	0.34	free_topic	Passerine__order
list<list>compound> ...	9.0	0.25	free_topic	Passerine__order
acl>obl> ...	9.0	0.194	free_topic	Passerine__order
nsubj<advcl>nsubj> ...	8.0	0.333	free_topic	Passerine__order
obl<conj> ...	8.0	0.341	free_topic	Passerine__order
appos>nmod> ...	8.0	0.333	free_topic	Passerine__order
obj<xcomp< ...	8.0	0.288	free_topic	Passerine__order
appos>nmod>case> ...	8.0	0.169	free_topic	Passerine__order
conj<obl<advmod> ...	8.0	0.329	free_topic	Passerine__order
nmod<nummod> ...	8.0	0.377	free_topic	Passerine__order
obl<aux> ...	8.0	0.346	free_topic	Passerine__order
obl<advcl>mark> ...	8.0	0.52	free_topic	Passerine__order
compound<nsubj< ...	8.0	0.377	free_topic	Passerine__order
flat<nsubj:pass< ...	8.0	0.271	free_topic	Passerine__order
nsubj<obl>compound> ...	8.0	0.214	free_topic	Passerine__order
obl<xcomp< ...	8.0	0.498	free_topic	Passerine__order
flat<nsubj:pass<aux:pass> ...	8.0	0.302	free_topic	Passerine__order
obj<nsubj>det> ...	8.0	0.27	free_topic	Passerine__order
obj<conj>cc> and	8.0	0.194	free_topic	Passerine__order
nsubj>det> the	8.0	0.373	free_topic	Passerine__order
nsubj<advcl>obl> ...	8.0	0.301	free_topic	Passerine__order
nsubj<nmod>amod> ...	8.0	0.399	free_topic	Passerine__order
nmod<conj> ...	8.0	0.433	free_topic	Passerine__order
compound<appos<flat> ...	8.0	0.176	free_topic	Passerine__order
compound<conj< ...	8.0	0.379	free_topic	Passerine__order
compound<conj>cc> ...	8.0	0.309	free_topic	Passerine__order
compound<flat> ...	8.0	0.268	free_topic	Passerine__order
nsubj:pass<obl>case> by	8.0	0.667	free_topic	Passerine__order
nmod<nmod>case> of	8.0	0.356	free_topic	Passerine__order
nsubj<conj>advmod> ...	8.0	0.623	free_topic	Passerine__order
nsubj<obj>nmod:poss> ...	8.0	0.305	free_topic	Passerine__order
compound> grasshopper	8.0	0.27	free_topic	Passerine__order
obj<nsubj>compound> ...	8.0	0.356	free_topic	Passerine__order
appos<obj< ...	8.0	0.212	free_topic	Passerine__order
nsubj<advcl>obj> ...	8.0	0.432	free_topic	Passerine__order
nsubj>amod> ...	8.0	0.229	free_topic	Passerine__order
nsubj<nmod>det> ...	8.0	0.452	free_topic	Passerine__order
obj<conj>obl> ...	8.0	0.289	free_topic	Passerine__order
nmod<nsubj<obj> ...	8.0	0.348	free_topic	Passerine__order
compound< species	8.0	0.401	free_topic	Passerine__order
flat< genus	8.0	0.341	free_topic	Passerine__order
compound> barn	8.0	0.511	free_topic	Passerine__order
obj> warbler	8.0	0.44	free_topic	Passerine__order
nsubj<nmod>case> of	8.0	0.357	free_topic	Passerine__order
flat<nsubj:pass<aux:pass> be	8.0	0.302	free_topic	Passerine__order
appos> behaviour	8.0	0.534	free_topic	Passerine__order
amod> small	8.0	0.789	free_topic	Passerine__order
appos<conj> sparrow	8.0	0.768	free_topic	Passerine__order
conj<obj<nsubj> predator	8.0	0.245	free_topic	Passerine__order
conj<amod>advmod> ...	7.0	0.283	free_topic	Passerine__order
obj<aux> ...	7.0	0.451	free_topic	Passerine__order
nmod<nmod<nsubj> ...	7.0	0.18	free_topic	Passerine__order
conj<nmod<nsubj> ...	7.0	0.265	free_topic	Passerine__order
nsubj<mark> that	7.0	0.469	free_topic	Passerine__order
conj<obj> ...	7.0	0.465	free_topic	Passerine__order
conj<advmod> ...	7.0	0.467	free_topic	Passerine__order
appos<conj>advmod> ...	7.0	0.266	free_topic	Passerine__order
nsubj<conj<conj> ...	7.0	0.302	free_topic	Passerine__order
obl< related	7.0	0.36	free_topic	Passerine__order
conj<nmod>det> ...	7.0	0.182	free_topic	Passerine__order
nsubj<xcomp> ...	7.0	0.196	free_topic	Passerine__order
obl<nsubj:pass> species	7.0	0.556	free_topic	Passerine__order
conj<nmod< bird	7.0	0.172	free_topic	Passerine__order
nsubj:pass<obl>det> a	7.0	0.581	free_topic	Passerine__order
conj<appos<list> ...	7.0	0.565	free_topic	Passerine__order
compound<nmod<obj< ...	7.0	0.213	free_topic	Passerine__order
conj<conj> tits	7.0	0.908	free_topic	Passerine__order
nmod<obl> ...	7.0	0.282	free_topic	Passerine__order
compound<appos<case> ...	7.0	0.259	free_topic	Passerine__order
nmod<case> to	7.0	0.542	free_topic	Passerine__order
conj<nmod<det> ...	7.0	0.569	free_topic	Passerine__order
nmod<obl>case> ...	7.0	0.365	free_topic	Passerine__order
obj<acl:relcl< ...	7.0	0.369	free_topic	Passerine__order
nsubj:pass<mark> ...	7.0	0.189	free_topic	Passerine__order
amod> superb	7.0	0.872	free_topic	Passerine__order
obl<advcl>obl> ...	7.0	0.299	free_topic	Passerine__order
obl<conj>cc> ...	7.0	0.595	free_topic	Passerine__order
appos>appos> ...	7.0	0.229	free_topic	Passerine__order
nmod<nsubj<aux> ...	7.0	0.384	free_topic	Passerine__order
obl<conj< ...	7.0	0.37	free_topic	Passerine__order
conj<obj<obl> ...	7.0	0.334	free_topic	Passerine__order
nmod<obl<obl> ...	7.0	0.521	free_topic	Passerine__order
nsubj<obl>case> from	7.0	0.73	free_topic	Passerine__order
nmod<nmod<det> a	7.0	0.369	free_topic	Passerine__order
nmod<obl<aux:pass> be	7.0	0.248	free_topic	Passerine__order
flat<nsubj:pass< introduce	7.0	0.257	free_topic	Passerine__order
conj<case> with	7.0	0.479	free_topic	Passerine__order
nmod<obl<aux:pass> ...	7.0	0.248	free_topic	Passerine__order
parataxis> ...	7.0	0.363	free_topic	Passerine__order
nsubj:pass<obl>nmod> ...	7.0	0.484	free_topic	Passerine__order
nmod<conj< ...	7.0	0.426	free_topic	Passerine__order
nsubj:pass<obl>appos> ...	7.0	0.198	free_topic	Passerine__order
nsubj:pass<conj> ...	7.0	0.497	free_topic	Passerine__order
appos<appos>det> ...	7.0	0.355	free_topic	Passerine__order
compound>amod> ...	7.0	0.442	free_topic	Passerine__order
appos<flat> ...	7.0	0.282	free_topic	Passerine__order
conj< tits	7.0	0.438	free_topic	Passerine__order
nmod<obj<nsubj> ...	7.0	0.222	free_topic	Passerine__order
compound<nmod<det> a	7.0	0.308	free_topic	Passerine__order
appos<conj<appos> ...	7.0	0.325	free_topic	Passerine__order
conj<nmod>case> of	7.0	0.487	free_topic	Passerine__order
appos<conj>det> the	7.0	0.42	free_topic	Passerine__order
conj<obl<aux:pass> ...	7.0	0.26	free_topic	Passerine__order
conj<obl<aux:pass> be	7.0	0.26	free_topic	Passerine__order
obl<mark> ...	7.0	0.515	free_topic	Passerine__order
compound<nmod<case> ...	7.0	0.369	free_topic	Passerine__order
appos<obj<nsubj> ...	6.0	0.398	free_topic	Passerine__order
compound<compound< ...	6.0	0.207	free_topic	Passerine__order
flat<nsubj< ...	6.0	0.225	free_topic	Passerine__order
appos<nmod< ...	6.0	0.392	free_topic	Passerine__order
appos>det> ...	6.0	0.378	free_topic	Passerine__order
obl<obl>nmod> ...	6.0	0.472	free_topic	Passerine__order
nmod<nsubj:pass<obl> ...	6.0	0.279	free_topic	Passerine__order
conj<det> a	6.0	0.304	free_topic	Passerine__order
nmod<nmod>det> ...	6.0	0.396	free_topic	Passerine__order
list<list>amod> ...	6.0	0.271	free_topic	Passerine__order
list<flat> ...	6.0	0.34	free_topic	Passerine__order
conj<obj>conj> ...	6.0	0.187	free_topic	Passerine__order
nsubj<obl>det> a	6.0	0.653	free_topic	Passerine__order
nsubj:pass<aux> have	6.0	0.328	free_topic	Passerine__order
conj<nmod>det> the	6.0	0.201	free_topic	Passerine__order
compound<conj>cc> and	6.0	0.345	free_topic	Passerine__order
nmod<nmod<det> the	6.0	0.399	free_topic	Passerine__order
nmod>case> to	6.0	0.988	free_topic	Passerine__order
conj<nmod<obl< ...	6.0	0.529	free_topic	Passerine__order
amod> other	6.0	0.775	free_topic	Passerine__order
nsubj:pass<conj>cc> ...	6.0	0.282	free_topic	Passerine__order
conj<list<list> ...	6.0	0.496	free_topic	Passerine__order
conj<nummod> ...	6.0	0.232	free_topic	Passerine__order
conj<appos< ...	6.0	0.191	free_topic	Passerine__order
nmod<nsubj>det> ...	6.0	0.378	free_topic	Passerine__order
nmod:poss> Lawes	6.0	0.34	free_topic	Passerine__order
compound<case> in	6.0	0.125	free_topic	Passerine__order
list<appos> ...	6.0	0.355	free_topic	Passerine__order
conj<conj>nmod> ...	6.0	0.191	free_topic	Passerine__order
conj<obj<conj> ...	6.0	0.373	free_topic	Passerine__order
parataxis< ...	6.0	0.144	free_topic	Passerine__order
nsubj<nsubj> ...	6.0	0.271	free_topic	Passerine__order
conj>appos> ...	6.0	0.278	free_topic	Passerine__order
appos> description	6.0	0.484	free_topic	Passerine__order
nummod> ...	6.0	0.532	free_topic	Passerine__order
nsubj<obl>advmod> ...	6.0	0.352	free_topic	Passerine__order
obj<xcomp<nsubj> ...	6.0	0.207	free_topic	Passerine__order
appos> species	6.0	0.52	free_topic	Passerine__order
acl:relcl>nsubj> which	6.0	0.406	free_topic	Passerine__order
nmod<nsubj<cop> ...	6.0	0.184	free_topic	Passerine__order
obj<mark> to	6.0	0.504	free_topic	Passerine__order
nmod:poss<case> ...	6.0	0.39	free_topic	Passerine__order
amod> ree	6.0	0.8	free_topic	Passerine__order
nmod<nsubj<advmod> ...	6.0	0.283	free_topic	Passerine__order
nmod<nmod<cop> ...	6.0	0.282	free_topic	Passerine__order
nsubj:pass<obl>case> as	6.0	0.681	free_topic	Passerine__order
compound<nmod<amod> ...	6.0	0.355	free_topic	Passerine__order
obl<nsubj:pass>det> the	6.0	0.7	free_topic	Passerine__order
nsubj<xcomp>mark> to	6.0	0.494	free_topic	Passerine__order
conj<obl<nsubj:pass> ...	6.0	0.307	free_topic	Passerine__order
nmod<obl<nsubj:pass> ...	6.0	0.421	free_topic	Passerine__order
nmod>flat> ...	6.0	0.457	free_topic	Passerine__order
appos<list> ...	6.0	0.179	free_topic	Passerine__order
appos<conj>nmod> ...	6.0	0.417	free_topic	Passerine__order
nmod<nmod<obj< ...	6.0	0.296	free_topic	Passerine__order
nmod<nsubj<cop> be	6.0	0.184	free_topic	Passerine__order
nsubj:pass<nsubj:pass> ...	6.0	0.303	free_topic	Passerine__order
nmod<obl<advmod> ...	6.0	0.243	free_topic	Passerine__order
nmod<obl<nsubj> ...	6.0	0.364	free_topic	Passerine__order
nsubj:pass<aux> ...	6.0	0.268	free_topic	Passerine__order
obj<obl>det> ...	6.0	0.522	free_topic	Passerine__order
nmod<conj>cc> ...	6.0	0.199	free_topic	Passerine__order
acl:relcl>obl> ...	6.0	0.232	free_topic	Passerine__order
nmod<nmod<cop> be	6.0	0.282	free_topic	Passerine__order
nsubj<det> the	6.0	0.522	free_topic	Passerine__order
compound< family	6.0	0.29	free_topic	Passerine__order
conj>nmod>case> of	6.0	0.446	free_topic	Passerine__order
acl:relcl>obl>case> ...	6.0	0.442	free_topic	Passerine__order
obl<obl>compound> ...	6.0	0.191	free_topic	Passerine__order
nsubj<conj< ...	6.0	0.232	free_topic	Passerine__order
conj<obl<obj> ...	6.0	0.276	free_topic	Passerine__order
nsubj:pass<conj>cc> and	6.0	0.297	free_topic	Passerine__order
nmod<appos> ...	6.0	0.342	free_topic	Passerine__order
conj< swift	6.0	0.437	free_topic	Passerine__order
nsubj<xcomp>mark> ...	6.0	0.494	free_topic	Passerine__order
appos> Taxonomy	6.0	0.389	free_topic	Passerine__order
obl<obl>det> the	6.0	0.383	free_topic	Passerine__order
conj<nmod<obj< ...	6.0	0.654	free_topic	Passerine__order
appos<amod>advmod> ...	5.0	0.231	free_topic	Passerine__order
obl<parataxis<nsubj> ...	5.0	0.291	free_topic	Passerine__order
nsubj<cc> ...	5.0	0.361	free_topic	Passerine__order
conj<nmod<obj> ...	5.0	0.242	free_topic	Passerine__order
appos<nsubj<cop> be	5.0	0.415	free_topic	Passerine__order
nmod<nmod>amod> ...	5.0	0.583	free_topic	Passerine__order
obl<acl<amod> ...	5.0	0.206	free_topic	Passerine__order
nmod<obl>case> in	5.0	0.352	free_topic	Passerine__order
obl<acl<det> ...	5.0	0.543	free_topic	Passerine__order
obj<obl>amod> ...	5.0	0.152	free_topic	Passerine__order
nmod<advmod> ...	5.0	0.49	free_topic	Passerine__order
obl<parataxis< ...	5.0	0.245	free_topic	Passerine__order
conj<case> in	5.0	0.495	free_topic	Passerine__order
obl<cc> ...	5.0	0.464	free_topic	Passerine__order
obj<aux:pass> ...	5.0	0.411	free_topic	Passerine__order
compound<acl> ...	5.0	0.471	free_topic	Passerine__order
obj<nsubj:pass> ...	5.0	0.345	free_topic	Passerine__order
conj< greenfinch	5.0	0.351	free_topic	Passerine__order
nsubj<nmod> bird	5.0	0.446	free_topic	Passerine__order
obl<advmod> closely	5.0	0.253	free_topic	Passerine__order
nsubj<amod>advmod> ...	5.0	0.473	free_topic	Passerine__order
obj<nsubj>det> the	5.0	0.3	free_topic	Passerine__order
nmod<obl<conj> ...	5.0	0.263	free_topic	Passerine__order
obl<parataxis>obl> ...	5.0	0.322	free_topic	Passerine__order
appos<det> a	5.0	0.446	free_topic	Passerine__order
appos<obl<aux:pass> be	5.0	0.358	free_topic	Passerine__order
parataxis>obl>amod> ...	5.0	0.476	free_topic	Passerine__order
nmod<nmod>det> the	5.0	0.417	free_topic	Passerine__order
appos<nsubj>det> ...	5.0	0.369	free_topic	Passerine__order
appos<nsubj>compound> ...	5.0	0.172	free_topic	Passerine__order
nmod<obj<conj< ...	5.0	0.397	free_topic	Passerine__order
conj<nsubj<advmod> ...	5.0	0.235	free_topic	Passerine__order
obj<obl>nmod> ...	5.0	0.231	free_topic	Passerine__order
appos>nummod> ...	5.0	0.41	free_topic	Passerine__order
obj<nsubj>nmod> ...	5.0	0.324	free_topic	Passerine__order
obl<obj>det> ...	5.0	0.288	free_topic	Passerine__order
appos<advcl<obl> ...	5.0	0.389	free_topic	Passerine__order
appos< bird	5.0	0.332	free_topic	Passerine__order
obj<aux:pass> be	5.0	0.411	free_topic	Passerine__order
appos<cc> ...	5.0	0.498	free_topic	Passerine__order
conj<conj> fox	5.0	0.908	free_topic	Passerine__order
appos<conj< ...	5.0	0.174	free_topic	Passerine__order
conj<obl<nmod> ...	5.0	0.446	free_topic	Passerine__order
conj<flat> ...	5.0	0.138	free_topic	Passerine__order
nsubj<advmod> not	5.0	0.728	free_topic	Passerine__order
appos<obl<obl> ...	5.0	0.272	free_topic	Passerine__order
obl<nsubj>nmod> ...	5.0	0.15	free_topic	Passerine__order
conj<obl>case> to	5.0	0.423	free_topic	Passerine__order
conj<obl<obl> ...	5.0	0.325	free_topic	Passerine__order
conj<conj> crow	5.0	0.928	free_topic	Passerine__order
conj<cop> ...	5.0	0.625	free_topic	Passerine__order
obl<parataxis> ...	5.0	0.234	free_topic	Passerine__order
obl<obj>amod> ...	5.0	0.407	free_topic	Passerine__order
nmod<amod> small	5.0	0.511	free_topic	Passerine__order
appos<nsubj<cop> ...	5.0	0.415	free_topic	Passerine__order
nmod< call	5.0	0.506	free_topic	Passerine__order
nmod<nmod<amod> ...	5.0	0.332	free_topic	Passerine__order
conj<advcl> ...	5.0	0.349	free_topic	Passerine__order
conj<amod>advmod> long	5.0	0.214	free_topic	Passerine__order
conj<amod> tail	5.0	0.651	free_topic	Passerine__order
appos<obl<aux:pass> ...	5.0	0.358	free_topic	Passerine__order
acl:relcl>advmod> ...	5.0	0.522	free_topic	Passerine__order
nmod<conj>cc> and	5.0	0.25	free_topic	Passerine__order
conj<appos>amod> ...	5.0	0.27	free_topic	Passerine__order
conj<conj>compound> coal	5.0	0.392	free_topic	Passerine__order
compound> king	5.0	0.535	free_topic	Passerine__order
compound> carrion	5.0	0.349	free_topic	Passerine__order
nmod<case> in	5.0	0.63	free_topic	Passerine__order
obj<conj>advmod> ...	5.0	0.417	free_topic	Passerine__order
compound<obj< ...	5.0	0.515	free_topic	Passerine__order
nmod>case> by	5.0	0.752	free_topic	Passerine__order
conj> raven	5.0	0.756	free_topic	Passerine__order
nmod<nsubj>det> the	5.0	0.384	free_topic	Passerine__order
nsubj:pass<nsubj:pass>amod> ...	5.0	0.44	free_topic	Passerine__order
nsubj<obj>nmod:poss> they	5.0	0.303	free_topic	Passerine__order
conj<nmod<conj> ...	5.0	0.189	free_topic	Passerine__order
appos<nsubj>det> the	5.0	0.429	free_topic	Passerine__order
conj<conj>appos> ...	5.0	0.38	free_topic	Passerine__order
conj<case> of	5.0	0.417	free_topic	Passerine__order
conj< crow	5.0	0.443	free_topic	Passerine__order
compound<nmod<det> the	5.0	0.329	free_topic	Passerine__order
obl<conj>cc> and	5.0	0.639	free_topic	Passerine__order
compound<conj<conj> ...	5.0	0.438	free_topic	Passerine__order
conj<nmod<obj> rise	5.0	0.242	free_topic	Passerine__order
nsubj<advcl< ...	5.0	0.349	free_topic	Passerine__order
nmod:poss<nmod< ...	5.0	0.405	free_topic	Passerine__order
conj<nmod<nsubj> survey	5.0	0.295	free_topic	Passerine__order
conj<cop> be	5.0	0.579	free_topic	Passerine__order
conj<nmod< record	5.0	0.357	free_topic	Passerine__order
compound<obl<advmod> ...	5.0	0.575	free_topic	Passerine__order
nsubj<conj>cc> but	5.0	0.733	free_topic	Passerine__order
compound<cc> ...	5.0	0.254	free_topic	Passerine__order
nmod<nsubj<conj> ...	5.0	0.373	free_topic	Passerine__order
nsubj:pass< know	5.0	0.421	free_topic	Passerine__order
nmod<appos< ...	5.0	0.352	free_topic	Passerine__order
nmod< that	4.0	0.526	free_topic	Passerine__order
nsubj<obj>det> the	4.0	0.432	free_topic	Passerine__order
flat<conj<conj> ...	4.0	0.438	free_topic	Passerine__order
obl<advmod>advmod> ...	4.0	0.344	free_topic	Passerine__order
nmod<obj<cc> ...	4.0	0.227	free_topic	Passerine__order
nmod< subspecy	4.0	0.479	free_topic	Passerine__order
compound<nsubj<cop> ...	4.0	0.352	free_topic	Passerine__order
appos>conj> ecology	4.0	0.371	free_topic	Passerine__order
obl<mark> to	4.0	0.539	free_topic	Passerine__order
conj< squirrel	4.0	0.477	free_topic	Passerine__order
nsubj<obj>conj> ...	4.0	0.648	free_topic	Passerine__order
nsubj<obl>nummod> ...	4.0	0.471	free_topic	Passerine__order
obl<nsubj> it	4.0	0.595	free_topic	Passerine__order
appos>nmod>case> of	4.0	0.222	free_topic	Passerine__order
conj<nmod<det> the	4.0	0.616	free_topic	Passerine__order
flat<compound< ...	4.0	0.417	free_topic	Passerine__order
nmod<nmod>compound> ...	4.0	0.386	free_topic	Passerine__order
conj> chaffinch	4.0	0.636	free_topic	Passerine__order
nsubj<nmod>det> the	4.0	0.452	free_topic	Passerine__order
nmod<nmod<compound> ...	4.0	0.264	free_topic	Passerine__order
nmod>case> with	4.0	0.995	free_topic	Passerine__order
obj<advcl> ...	4.0	0.363	free_topic	Passerine__order
obl<acl<flat> ...	4.0	0.418	free_topic	Passerine__order
nmod<amod> large	4.0	0.504	free_topic	Passerine__order
conj<nmod<compound> ...	4.0	0.424	free_topic	Passerine__order
obl<acl<case> ...	4.0	0.347	free_topic	Passerine__order
obj<advcl>mark> ...	4.0	0.208	free_topic	Passerine__order
conj<nmod<conj< ...	4.0	0.277	free_topic	Passerine__order
nsubj<parataxis> ...	4.0	0.16	free_topic	Passerine__order
amod>compound> ...	4.0	0.279	free_topic	Passerine__order
conj<nmod<appos> ...	4.0	0.546	free_topic	Passerine__order
appos<nmod>case> of	4.0	0.449	free_topic	Passerine__order
conj<obl<advcl> ...	4.0	0.264	free_topic	Passerine__order
nsubj:pass<xcomp>mark> ...	4.0	0.493	free_topic	Passerine__order
conj<obj<mark> to	4.0	0.44	free_topic	Passerine__order
compound<obl<nsubj> ...	4.0	0.405	free_topic	Passerine__order
appos>amod>advmod> ...	4.0	0.36	free_topic	Passerine__order
compound<appos>amod> ...	4.0	0.29	free_topic	Passerine__order
obj<acl<det> the	4.0	0.353	free_topic	Passerine__order
compound> leaf	4.0	0.321	free_topic	Passerine__order
obl<obl>det> a	4.0	0.369	free_topic	Passerine__order
obj<advcl>obl> ...	4.0	0.252	free_topic	Passerine__order
nsubj:pass<xcomp> ...	4.0	0.184	free_topic	Passerine__order
nsubj<nmod>nmod> ...	4.0	0.254	free_topic	Passerine__order
appos<nmod>det> the	4.0	0.585	free_topic	Passerine__order
nsubj:pass<advcl<nsubj> ...	4.0	0.339	free_topic	Passerine__order
conj<case> to	4.0	0.528	free_topic	Passerine__order
conj<nsubj:pass< ...	4.0	0.315	free_topic	Passerine__order
obl<advcl< ...	4.0	0.503	free_topic	Passerine__order
conj<nmod<case> by	4.0	0.544	free_topic	Passerine__order
appos>det> the	4.0	0.434	free_topic	Passerine__order
nmod<cc> ...	4.0	0.398	free_topic	Passerine__order
compound<nmod<obl< ...	4.0	0.312	free_topic	Passerine__order
nsubj:pass<obl>case> to	4.0	0.683	free_topic	Passerine__order
acl:relcl>obj>det> ...	4.0	0.359	free_topic	Passerine__order
conj<conj>cc> but	4.0	0.439	free_topic	Passerine__order
compound<appos<compound> ...	4.0	0.278	free_topic	Passerine__order
nsubj:pass<obl>conj> ...	4.0	0.439	free_topic	Passerine__order
nsubj>compound> ...	4.0	0.439	free_topic	Passerine__order
obl<obj>compound> ...	4.0	0.152	free_topic	Passerine__order
obl< see	4.0	0.442	free_topic	Passerine__order
compound<nmod<cop> be	4.0	0.251	free_topic	Passerine__order
appos<nmod>det> ...	4.0	0.585	free_topic	Passerine__order
appos<amod>advmod> most	4.0	0.278	free_topic	Passerine__order
obj<acl< ...	4.0	0.237	free_topic	Passerine__order
obl<nsubj:pass>amod> ...	4.0	0.312	free_topic	Passerine__order
obj<nmod>case> ...	4.0	0.333	free_topic	Passerine__order
obj<acl<det> ...	4.0	0.324	free_topic	Passerine__order
obj>conj>cc> ...	4.0	0.291	free_topic	Passerine__order
obj>conj>cc> Acrocephalus	4.0	0.43	free_topic	Passerine__order
obj>conj> ...	4.0	0.34	free_topic	Passerine__order
nmod<amod>advmod> ...	4.0	0.594	free_topic	Passerine__order
nmod<nmod<advmod> ...	4.0	0.36	free_topic	Passerine__order
compound<case> to	4.0	0.181	free_topic	Passerine__order
obj<nsubj>conj> ...	4.0	0.377	free_topic	Passerine__order
appos<obl<nsubj:pass> ...	4.0	0.574	free_topic	Passerine__order
acl:relcl>advcl> ...	4.0	0.279	free_topic	Passerine__order
nmod<amod> other	4.0	0.483	free_topic	Passerine__order
conj<aux> ...	4.0	0.36	free_topic	Passerine__order
obj< include	4.0	0.415	free_topic	Passerine__order
nmod<mark> ...	4.0	0.483	free_topic	Passerine__order
mark> ...	4.0	0.305	free_topic	Passerine__order
compound<nummod> ...	4.0	0.201	free_topic	Passerine__order
nmod< study	4.0	0.491	free_topic	Passerine__order
amod>advmod> long	4.0	0.436	free_topic	Passerine__order
nsubj<advmod> also	4.0	0.697	free_topic	Passerine__order
obj<conj< ...	4.0	0.286	free_topic	Passerine__order
conj<conj>advmod> ...	4.0	0.692	free_topic	Passerine__order
amod> western	4.0	0.721	free_topic	Passerine__order
obl<conj<obl> ...	4.0	0.427	free_topic	Passerine__order
conj<conj> raven	4.0	0.928	free_topic	Passerine__order
compound<appos<nmod< ...	4.0	0.222	free_topic	Passerine__order
obl:npmod<amod< ...	4.0	0.351	free_topic	Passerine__order
flat<appos> ...	4.0	0.319	free_topic	Passerine__order
nsubj:pass<conj>obl> ...	4.0	0.257	free_topic	Passerine__order
obl<obl>case> by	4.0	0.435	free_topic	Passerine__order
nsubj<nmod>case> for	4.0	0.342	free_topic	Passerine__order
nmod>nmod>case> ...	4.0	0.536	free_topic	Passerine__order
obl:npmod< ...	4.0	0.353	free_topic	Passerine__order
flat< Stephen	4.0	0.274	free_topic	Passerine__order
nmod>nmod> ...	4.0	0.376	free_topic	Passerine__order
compound<appos<conj< ...	4.0	0.159	free_topic	Passerine__order
compound<nmod>compound> ...	4.0	0.255	free_topic	Passerine__order
compound<nmod>det> ...	4.0	0.417	free_topic	Passerine__order
appos>compound> Corvus	4.0	0.39	free_topic	Passerine__order
compound>appos> ...	4.0	0.445	free_topic	Passerine__order
nmod<cc> and	4.0	0.341	free_topic	Passerine__order
nsubj:pass<conj<obl> ...	4.0	0.179	free_topic	Passerine__order
nsubj<cc> and	4.0	0.384	free_topic	Passerine__order
conj<advcl>mark> ...	4.0	0.393	free_topic	Passerine__order
nsubj<aux> have	4.0	0.553	free_topic	Passerine__order
conj<conj> warbler	4.0	0.874	free_topic	Passerine__order
obl<obj>nmod> ...	4.0	0.479	free_topic	Passerine__order
compound<case> for	4.0	0.274	free_topic	Passerine__order
appos<nsubj<conj> ...	4.0	0.229	free_topic	Passerine__order
nsubj<advcl<nsubj> ...	4.0	0.42	free_topic	Passerine__order
nmod<nmod<case> ...	4.0	0.269	free_topic	Passerine__order
obl<obl>amod> ...	4.0	0.275	free_topic	Passerine__order
nsubj<obl>case> for	4.0	0.703	free_topic	Passerine__order
nsubj>nmod>case> ...	4.0	0.523	free_topic	Passerine__order
conj<conj>amod> Australasian	4.0	0.709	free_topic	Passerine__order
nsubj:pass<obl>nmod:poss> ...	4.0	0.24	free_topic	Passerine__order
nsubj>nmod> ...	4.0	0.517	free_topic	Passerine__order
nsubj<nmod>compound> ...	4.0	0.195	free_topic	Passerine__order
obj<obl>nummod> ...	4.0	0.341	free_topic	Passerine__order
appos> reference	4.0	0.455	free_topic	Passerine__order
nmod< group	4.0	0.477	free_topic	Passerine__order
conj<nmod<nmod> ...	4.0	0.258	free_topic	Passerine__order
obl<conj<nsubj> ...	4.0	0.445	free_topic	Passerine__order
compound<appos<cc> ...	4.0	0.411	free_topic	Passerine__order
obl<obl> size	4.0	0.382	free_topic	Passerine__order
appos<conj>cc> or	4.0	0.515	free_topic	Passerine__order
appos<advcl< ...	4.0	0.277	free_topic	Passerine__order
conj<nsubj>det> ...	4.0	0.173	free_topic	Passerine__order
compound<obl<obl> ...	4.0	0.382	free_topic	Passerine__order
conj<appos>compound> ...	4.0	0.374	free_topic	Passerine__order
conj<appos<conj> ...	4.0	0.279	free_topic	Passerine__order
nsubj:pass<xcomp>mark> to	4.0	0.493	free_topic	Passerine__order
compound<nsubj<obl> ...	4.0	0.227	free_topic	Passerine__order
compound<conj<nsubj> ...	4.0	0.221	free_topic	Passerine__order
compound<appos<cop> be	4.0	0.253	free_topic	Passerine__order
compound<nmod>det> the	4.0	0.448	free_topic	Passerine__order
conj>flat> ...	4.0	0.282	free_topic	Passerine__order
obj<obl>case> as	4.0	0.419	free_topic	Passerine__order
obl<cc> and	4.0	0.441	free_topic	Passerine__order
obj<obl>case> by	4.0	0.313	free_topic	Passerine__order
nsubj< bird	4.0	0.912	free_topic	Passerine__order
compound>flat> ...	4.0	0.234	free_topic	Passerine__order
compound<appos<cop> ...	4.0	0.253	free_topic	Passerine__order
flat<compound> ...	4.0	0.303	free_topic	Passerine__order
nsubj<conj>amod> ...	4.0	0.472	free_topic	Passerine__order
compound<appos<cc> and	4.0	0.393	free_topic	Passerine__order
appos<appos>nmod> ...	4.0	0.206	free_topic	Passerine__order
compound<nsubj<cop> be	4.0	0.352	free_topic	Passerine__order
conj<obl<aux> ...	4.0	0.347	free_topic	Passerine__order
obl<nsubj:pass>compound> ...	4.0	0.344	free_topic	Passerine__order
acl:relcl>advcl>mark> ...	4.0	0.514	free_topic	Passerine__order
conj<nsubj>det> the	4.0	0.195	free_topic	Passerine__order
compound<nmod<cop> ...	4.0	0.251	free_topic	Passerine__order
acl>obl>nmod> ...	4.0	0.288	free_topic	Passerine__order
compound<nmod<nsubj> ...	4.0	0.271	free_topic	Passerine__order
conj<nsubj<obl> ...	4.0	0.241	free_topic	Passerine__order
nsubj:pass<obl>case> for	4.0	0.613	free_topic	Passerine__order
nmod<det> some	4.0	0.622	free_topic	Passerine__order
obj<parataxis>conj> ...	4.0	0.309	free_topic	Passerine__order
obj<nsubj>amod> ...	4.0	0.312	free_topic	Passerine__order
nsubj<advcl>mark> when	4.0	0.512	free_topic	Passerine__order
appos<appos>compound> ...	4.0	0.267	free_topic	Passerine__order
compound< goose	4.0	0.567	free_topic	Passerine__order
conj<nsubj>compound> ...	4.0	0.422	free_topic	Passerine__order
appos<mark> ...	4.0	0.34	free_topic	Passerine__order
conj<obj<mark> ...	4.0	0.421	free_topic	Passerine__order
compound<amod> other	4.0	0.244	free_topic	Passerine__order
compound<nmod< bird	3.0	0.235	free_topic	Passerine__order
compound<compound> family	3.0	0.408	free_topic	Passerine__order
appos<compound< ...	3.0	0.344	free_topic	Passerine__order
obl<xcomp<advmod> ...	3.0	0.735	free_topic	Passerine__order
nmod:poss<amod> ...	3.0	0.178	free_topic	Passerine__order
appos<compound<amod> ...	3.0	0.421	free_topic	Passerine__order
appos<nsubj<appos> ...	3.0	0.347	free_topic	Passerine__order
nmod<obj<advcl< say	3.0	0.446	free_topic	Passerine__order
compound<amod>advmod> ...	3.0	0.177	free_topic	Passerine__order
nmod< number	3.0	0.537	free_topic	Passerine__order
compound<appos<obl< ...	3.0	0.259	free_topic	Passerine__order
nmod<obj< kill	3.0	0.496	free_topic	Passerine__order
obj<cc> and	3.0	0.42	free_topic	Passerine__order
nmod<nsubj:pass<xcomp> ...	3.0	0.368	free_topic	Passerine__order
obj<acl:relcl<amod> ...	3.0	0.228	free_topic	Passerine__order
obl<xcomp<nsubj> ...	3.0	0.549	free_topic	Passerine__order
nsubj<conj<nsubj> ...	3.0	0.45	free_topic	Passerine__order
compound<obl<mark> ...	3.0	0.382	free_topic	Passerine__order
nmod<obl>det> ...	3.0	0.381	free_topic	Passerine__order
obj<obl>det> a	3.0	0.524	free_topic	Passerine__order
nmod:poss<nmod<case> ...	3.0	0.409	free_topic	Passerine__order
nsubj<xcomp>obl> ...	3.0	0.439	free_topic	Passerine__order
conj<advcl>obl> ...	3.0	0.186	free_topic	Passerine__order
appos<nmod>amod> ...	3.0	0.186	free_topic	Passerine__order
conj< bird	3.0	0.424	free_topic	Passerine__order
appos<cc> and	3.0	0.621	free_topic	Passerine__order
obl<advcl>obj> ...	3.0	0.548	free_topic	Passerine__order
conj<case> for	3.0	0.45	free_topic	Passerine__order
obl<advcl>nsubj> ...	3.0	0.305	free_topic	Passerine__order
conj<nsubj>amod> ...	3.0	0.275	free_topic	Passerine__order
appos<acl:relcl> ...	3.0	0.239	free_topic	Passerine__order
conj<obl<cop> ...	3.0	0.425	free_topic	Passerine__order
conj<obl<det> ...	3.0	0.248	free_topic	Passerine__order
compound<obl<acl< ...	3.0	0.222	free_topic	Passerine__order
conj<obl<det> a	3.0	0.248	free_topic	Passerine__order
nmod<nsubj:pass<aux> ...	3.0	0.343	free_topic	Passerine__order
nsubj<obj>acl> ...	3.0	0.174	free_topic	Passerine__order
conj<nmod<cc> ...	3.0	0.573	free_topic	Passerine__order
compound<appos<nsubj> ...	3.0	0.517	free_topic	Passerine__order
nmod<obj<cc> and	3.0	0.22	free_topic	Passerine__order
amod>amod> ...	3.0	0.382	free_topic	Passerine__order
obj<obl>det> the	3.0	0.528	free_topic	Passerine__order
nmod<conj<obl> ...	3.0	0.515	free_topic	Passerine__order
nsubj<advcl>cop> ...	3.0	0.19	free_topic	Passerine__order
obl<parataxis<obl> ...	3.0	0.269	free_topic	Passerine__order
nsubj<obl>case> on	3.0	0.769	free_topic	Passerine__order
conj<obl<cop> be	3.0	0.425	free_topic	Passerine__order
obj<nsubj>flat> ...	3.0	0.299	free_topic	Passerine__order
conj<nmod>compound> ...	3.0	0.357	free_topic	Passerine__order
compound<nmod>case> in	3.0	0.486	free_topic	Passerine__order
obl<parataxis>advmod> ...	3.0	0.377	free_topic	Passerine__order
nmod<nmod<obl< ...	3.0	0.17	free_topic	Passerine__order
obl<advcl<obj> ...	3.0	0.265	free_topic	Passerine__order
nsubj<xcomp>obj> ...	3.0	0.542	free_topic	Passerine__order
obl<acl<det> the	3.0	0.513	free_topic	Passerine__order
conj<nsubj<advmod> also	3.0	0.189	free_topic	Passerine__order
compound<nmod<nmod< ...	3.0	0.284	free_topic	Passerine__order
amod>amod> red	3.0	0.35	free_topic	Passerine__order
compound<nmod<case> of	3.0	0.404	free_topic	Passerine__order
appos>nmod:poss>case> 's	3.0	0.237	free_topic	Passerine__order
obj<conj<nsubj> ...	3.0	0.233	free_topic	Passerine__order
nmod<obl<advcl> ...	3.0	0.573	free_topic	Passerine__order
nsubj<conj> have	3.0	0.356	free_topic	Passerine__order
conj<obj<advcl> ...	3.0	0.312	free_topic	Passerine__order
obj<cc> ...	3.0	0.267	free_topic	Passerine__order
appos<nmod<case> ...	3.0	0.32	free_topic	Passerine__order
acl:relcl>obl>det> ...	3.0	0.274	free_topic	Passerine__order
nmod<conj>amod> ...	3.0	0.437	free_topic	Passerine__order
nsubj<advcl>cop> be	3.0	0.19	free_topic	Passerine__order
nsubj<parataxis<advmod> ...	3.0	0.278	free_topic	Passerine__order
nsubj<conj<parataxis< ...	3.0	0.334	free_topic	Passerine__order
nsubj<acl:relcl< ...	3.0	0.472	free_topic	Passerine__order
appos<nsubj<case> ...	3.0	0.434	free_topic	Passerine__order
nmod<nsubj:pass<advcl> ...	3.0	0.286	free_topic	Passerine__order
nmod<obj<advmod> ...	3.0	0.181	free_topic	Passerine__order
parataxis<obl> ...	3.0	0.331	free_topic	Passerine__order
conj< gull	3.0	0.531	free_topic	Passerine__order
nsubj:pass<obl>advmod> ...	3.0	0.191	free_topic	Passerine__order
obl<acl:relcl< ...	3.0	0.261	free_topic	Passerine__order
appos<nmod:poss> ...	3.0	0.316	free_topic	Passerine__order
nmod:poss<case> of	3.0	0.425	free_topic	Passerine__order
nmod:poss<nmod<det> the	3.0	0.434	free_topic	Passerine__order
nsubj< one	3.0	0.804	free_topic	Passerine__order
conj<conj> jay	3.0	0.893	free_topic	Passerine__order
appos<appos>nummod> ...	3.0	0.341	free_topic	Passerine__order
appos<nummod> ...	3.0	0.284	free_topic	Passerine__order
nmod> species	3.0	0.606	free_topic	Passerine__order
obj<acl<case> ...	3.0	0.271	free_topic	Passerine__order
obl<det> the	3.0	0.372	free_topic	Passerine__order
appos<compound> genus	3.0	0.443	free_topic	Passerine__order
appos<nsubj<case> from	3.0	0.434	free_topic	Passerine__order
appos<conj>nummod> ...	3.0	0.267	free_topic	Passerine__order
obl<conj>obl> ...	3.0	0.166	free_topic	Passerine__order
appos<list>compound> ...	3.0	0.397	free_topic	Passerine__order
obj<nsubj> that	3.0	0.446	free_topic	Passerine__order
obl<nsubj:pass>det> this	3.0	0.751	free_topic	Passerine__order
compound<nsubj<obj> ...	3.0	0.489	free_topic	Passerine__order
compound<obl<cop> ...	3.0	0.272	free_topic	Passerine__order
parataxis<obl>case> ...	3.0	0.635	free_topic	Passerine__order
obl<amod<conj> ...	3.0	0.427	free_topic	Passerine__order
obl<amod<appos> ...	3.0	0.221	free_topic	Passerine__order
conj>obl>case> ...	3.0	0.416	free_topic	Passerine__order
conj<obj<appos> ...	3.0	0.32	free_topic	Passerine__order
appos>nmod:poss>compound> ...	3.0	0.455	free_topic	Passerine__order
nmod<mark> to	3.0	0.431	free_topic	Passerine__order
compound<case> from	3.0	0.154	free_topic	Passerine__order
amod>obl:npmod> ...	3.0	0.284	free_topic	Passerine__order
nsubj<obl>nmod:poss> ...	3.0	0.376	free_topic	Passerine__order
conj<nsubj<cop> be	3.0	0.48	free_topic	Passerine__order
nmod<nmod<conj> ...	3.0	0.283	free_topic	Passerine__order
flat<flat> Gould	3.0	0.541	free_topic	Passerine__order
appos<case> as	3.0	0.583	free_topic	Passerine__order
conj>obl> ...	3.0	0.344	free_topic	Passerine__order
obl<xcomp< look	3.0	0.668	free_topic	Passerine__order
nsubj<compound> ...	3.0	0.444	free_topic	Passerine__order
nmod<obl>amod> ...	3.0	0.354	free_topic	Passerine__order
nmod<nmod>conj> ...	3.0	0.406	free_topic	Passerine__order
nsubj<nmod>case> with	3.0	0.331	free_topic	Passerine__order
nsubj<nmod>det> a	3.0	0.422	free_topic	Passerine__order
nsubj<nsubj>compound> ...	3.0	0.19	free_topic	Passerine__order
conj<appos<flat> ...	3.0	0.355	free_topic	Passerine__order
nsubj<nsubj>det> ...	3.0	0.22	free_topic	Passerine__order
conj<appos<appos> ...	3.0	0.205	free_topic	Passerine__order
nsubj<appos> ...	3.0	0.27	free_topic	Passerine__order
parataxis<nsubj> ...	3.0	0.497	free_topic	Passerine__order
parataxis<cop> ...	3.0	0.377	free_topic	Passerine__order
obl<amod< ...	3.0	0.179	free_topic	Passerine__order
nmod<obj<advcl< ...	3.0	0.569	free_topic	Passerine__order
obl:npmod<amod< gull	3.0	0.478	free_topic	Passerine__order
nsubj<ccomp<obl> ...	3.0	0.242	free_topic	Passerine__order
nmod>nmod>case> of	3.0	0.583	free_topic	Passerine__order
nmod<xcomp< ...	3.0	0.394	free_topic	Passerine__order
appos<obj<advcl> ...	3.0	0.372	free_topic	Passerine__order
nsubj<conj>advcl> ...	3.0	0.301	free_topic	Passerine__order
appos<case> from	3.0	0.392	free_topic	Passerine__order
conj<obl<parataxis< ...	3.0	0.295	free_topic	Passerine__order
obl<aux> can	3.0	0.416	free_topic	Passerine__order
conj<nsubj:pass<mark> ...	3.0	0.442	free_topic	Passerine__order
appos< warbler	3.0	0.445	free_topic	Passerine__order
obj<conj>aux:pass> be	3.0	0.199	free_topic	Passerine__order
nsubj<conj>aux> ...	3.0	0.65	free_topic	Passerine__order
conj>nmod:poss> ...	3.0	0.307	free_topic	Passerine__order
appos<obj<obl> ...	3.0	0.375	free_topic	Passerine__order
compound<nmod<compound> ...	3.0	0.468	free_topic	Passerine__order
nmod>appos> ...	3.0	0.131	free_topic	Passerine__order
appos<conj>flat> ...	3.0	0.341	free_topic	Passerine__order
flat<conj<amod> ...	3.0	0.298	free_topic	Passerine__order
appos<case> with	3.0	0.553	free_topic	Passerine__order
compound<nmod>case> on	3.0	0.522	free_topic	Passerine__order
obl<acl<nmod< ...	3.0	0.379	free_topic	Passerine__order
conj>case> ...	3.0	0.431	free_topic	Passerine__order
flat<conj< ...	3.0	0.309	free_topic	Passerine__order
conj> bird	3.0	0.674	free_topic	Passerine__order
acl:relcl>aux:pass> ...	3.0	0.1	free_topic	Passerine__order
acl:relcl>nsubj:pass> ...	3.0	0.301	free_topic	Passerine__order
compound<flat<flat> ...	3.0	0.343	free_topic	Passerine__order
obj<xcomp<mark> ...	3.0	0.236	free_topic	Passerine__order
appos<nsubj<advmod> ...	3.0	0.501	free_topic	Passerine__order
nsubj<obj>compound> ...	3.0	0.323	free_topic	Passerine__order
nsubj:pass<advcl< ...	3.0	0.352	free_topic	Passerine__order
appos<nsubj<aux> ...	3.0	0.312	free_topic	Passerine__order
obl< know	3.0	0.379	free_topic	Passerine__order
nsubj<advcl>mark> since	3.0	0.476	free_topic	Passerine__order
conj<nsubj:pass<aux:pass> ...	3.0	0.3	free_topic	Passerine__order
nsubj:pass<obl>nmod:poss> they	3.0	0.395	free_topic	Passerine__order
obl<nsubj> species	3.0	0.604	free_topic	Passerine__order
nsubj<parataxis>cop> ...	3.0	0.293	free_topic	Passerine__order
conj<nmod<advmod> ...	3.0	0.34	free_topic	Passerine__order
obl<obl>nmod:poss> ...	3.0	0.422	free_topic	Passerine__order
nsubj<parataxis<obl> ...	3.0	0.293	free_topic	Passerine__order
obj<obl>nmod:poss> ...	3.0	0.428	free_topic	Passerine__order
nsubj<advcl<obj> ...	3.0	0.303	free_topic	Passerine__order
nsubj<parataxis< ...	3.0	0.25	free_topic	Passerine__order
acl>obl>det> ...	3.0	0.315	free_topic	Passerine__order
obl<det> ...	3.0	0.397	free_topic	Passerine__order
nmod:poss<nmod<det> ...	3.0	0.434	free_topic	Passerine__order
compound<appos<obj< ...	3.0	0.282	free_topic	Passerine__order
conj>cc> Acrocephalus	3.0	0.741	free_topic	Passerine__order
nsubj:pass<conj< ...	3.0	0.237	free_topic	Passerine__order
appos<appos>det> a	3.0	0.389	free_topic	Passerine__order
obj<conj>aux:pass> ...	3.0	0.199	free_topic	Passerine__order
obl<nsubj>compound> ...	3.0	0.418	free_topic	Passerine__order
obl<amod<nmod> ...	3.0	0.259	free_topic	Passerine__order
nmod<nsubj<xcomp> ...	3.0	0.205	free_topic	Passerine__order
nmod<obj<mark> ...	3.0	0.435	free_topic	Passerine__order
appos<conj>amod> true	3.0	0.462	free_topic	Passerine__order
parataxis>obl> ...	3.0	0.235	free_topic	Passerine__order
appos<conj> pipit	3.0	0.638	free_topic	Passerine__order
appos<conj>appos> Anthus	3.0	0.637	free_topic	Passerine__order
nsubj:pass<mark> while	3.0	0.267	free_topic	Passerine__order
nsubj<nmod>acl> ...	3.0	0.567	free_topic	Passerine__order
conj<conj>det> a	3.0	0.466	free_topic	Passerine__order
parataxis>obl>case> ...	3.0	0.258	free_topic	Passerine__order
nsubj<nmod>nummod> ...	3.0	0.169	free_topic	Passerine__order
appos<conj>compound> house	3.0	0.437	free_topic	Passerine__order
compound<amod> small	3.0	0.351	free_topic	Passerine__order
nmod<acl>obj> ...	3.0	0.307	free_topic	Passerine__order
nmod<acl> ...	3.0	0.499	free_topic	Passerine__order
nmod<case> by	3.0	0.642	free_topic	Passerine__order
obj<acl:relcl<compound> ...	3.0	0.235	free_topic	Passerine__order
compound<cc> and	3.0	0.344	free_topic	Passerine__order
appos<conj>amod> other	3.0	0.456	free_topic	Passerine__order
obj<acl:relcl<det> ...	3.0	0.331	free_topic	Passerine__order
compound<appos>nmod> ...	3.0	0.331	free_topic	Passerine__order
conj> thrush	3.0	0.817	free_topic	Passerine__order
list> ...	3.0	0.372	free_topic	Passerine__order
conj<appos>flat> ...	3.0	0.436	free_topic	Passerine__order
appos<conj>compound> World	3.0	0.352	free_topic	Passerine__order
appos<acl:relcl> lark	3.0	0.239	free_topic	Passerine__order
appos<acl:relcl>nsubj> it	3.0	0.384	free_topic	Passerine__order
list<list>amod> common	3.0	0.266	free_topic	Passerine__order
compound<acl>mark> ...	3.0	0.273	free_topic	Passerine__order
parataxis<cop> be	3.0	0.377	free_topic	Passerine__order
list<list>compound> Papilio	3.0	0.289	free_topic	Passerine__order
nmod<conj<case> ...	3.0	0.288	free_topic	Passerine__order
nsubj:pass< find	3.0	0.442	free_topic	Passerine__order
nsubj<obl>case> as	3.0	0.759	free_topic	Passerine__order
conj<obl> Australia	3.0	0.429	free_topic	Passerine__order
nsubj<nsubj>det> the	3.0	0.22	free_topic	Passerine__order
appos<advcl< take	3.0	0.339	free_topic	Passerine__order
appos<advcl<obl> preference	3.0	0.605	free_topic	Passerine__order
appos<mark> for	3.0	0.327	free_topic	Passerine__order
nsubj<conj>cop> be	3.0	0.444	free_topic	Passerine__order
appos<obl<advmod> ...	3.0	0.428	free_topic	Passerine__order
conj>amod> other	3.0	0.48	free_topic	Passerine__order
appos<nsubj> whatever	3.0	0.4	free_topic	Passerine__order
obj< mean	3.0	0.395	free_topic	Passerine__order
nmod:poss<nsubj:pass<advmod> ...	3.0	0.349	free_topic	Passerine__order
appos<amod> abundant	3.0	0.613	free_topic	Passerine__order
appos< —be	3.0	0.377	free_topic	Passerine__order
compound<acl:relcl>obj> ...	3.0	0.306	free_topic	Passerine__order
appos<conj>appos> Passeridae	3.0	0.617	free_topic	Passerine__order
appos<conj>amod> northern	3.0	0.393	free_topic	Passerine__order
appos<conj>amod> inexperienc	3.0	0.441	free_topic	Passerine__order
appos<conj> yearling	3.0	0.635	free_topic	Passerine__order
appos<conj>advmod> always	3.0	0.421	free_topic	Passerine__order
appos<conj>det> a	3.0	0.365	free_topic	Passerine__order
appos<conj> favorite	3.0	0.802	free_topic	Passerine__order
obl<nsubj:pass>nmod> ...	3.0	0.157	free_topic	Passerine__order
conj>nmod>conj> ...	3.0	0.411	free_topic	Passerine__order
conj<nmod< animal	3.0	0.19	free_topic	Passerine__order
conj<nsubj<cop> ...	3.0	0.48	free_topic	Passerine__order
obl< similar	3.0	0.38	free_topic	Passerine__order
conj<amod> common	3.0	0.755	free_topic	Passerine__order
nsubj<parataxis>cop> be	3.0	0.33	free_topic	Passerine__order
nsubj<advcl>advmod> ...	3.0	0.421	free_topic	Passerine__order
obl< record	3.0	0.375	free_topic	Passerine__order
nmod<nsubj<parataxis> ...	3.0	0.118	free_topic	Passerine__order
compound<compound<conj> ...	3.0	0.356	free_topic	Passerine__order
nmod<nsubj<aux> may	3.0	0.396	free_topic	Passerine__order
nmod<nsubj<det> ...	3.0	0.364	free_topic	Passerine__order
nmod<nsubj<advmod> also	3.0	0.35	free_topic	Passerine__order
appos<conj>det> —and	3.0	0.447	free_topic	Passerine__order
appos<conj>appos> Emberiza	3.0	0.727	free_topic	Passerine__order
nsubj<obl>case> of	3.0	0.741	free_topic	Passerine__order
appos<conj> bunting	3.0	0.749	free_topic	Passerine__order
nmod<conj>obl> ...	3.0	0.465	free_topic	Passerine__order
appos<appos>det> Oenanto	3.0	0.342	free_topic	Passerine__order
nsubj:pass<nsubj:pass> bird	3.0	0.28	free_topic	Passerine__order
appos<appos> oenanthey	3.0	0.581	free_topic	Passerine__order
nsubj<amod> little	3.0	0.336	free_topic	Passerine__order
compound<compound>flat> ...	3.0	0.255	free_topic	Passerine__order
compound<compound<case> ...	3.0	0.377	free_topic	Passerine__order
nsubj<conj<obl> ...	3.0	0.272	free_topic	Passerine__order
appos>nmod:poss> ...	3.0	0.56	free_topic	Passerine__order
conj>conj> ...	3.0	0.212	free_topic	Passerine__order
appos>nmod:poss>case> ...	3.0	0.237	free_topic	Passerine__order
obl<conj>nsubj> ...	3.0	0.311	free_topic	Passerine__order
nmod<nmod>case> with	3.0	0.391	free_topic	Passerine__order
obl<conj>obj> ...	3.0	0.311	free_topic	Passerine__order
compound<nmod< distribution	3.0	0.241	free_topic	Passerine__order
appos<appos> Turdus	3.0	0.574	free_topic	Passerine__order
compound<nmod<obj< show	3.0	0.275	free_topic	Passerine__order
conj<conj>amod> great	3.0	0.733	free_topic	Passerine__order
appos<conj> kinglet	3.0	0.779	free_topic	Passerine__order
appos<conj>appos> Regulidae	3.0	0.638	free_topic	Passerine__order
conj<conj>compound> mountain	3.0	0.48	free_topic	Passerine__order
nsubj>nmod>case> of	3.0	0.585	free_topic	Passerine__order
nsubj<obj>nmod:poss> its	3.0	0.312	free_topic	Passerine__order
nmod> George	3.0	0.629	free_topic	Passerine__order
obj< film	3.0	0.233	free_topic	Passerine__order
nmod<case> as	3.0	0.643	free_topic	Passerine__order
nmod<nsubj<aux> have	3.0	0.374	free_topic	Passerine__order
acl:relcl>obj>amod> ...	3.0	0.431	free_topic	Passerine__order
nsubj<conj>cop> ...	3.0	0.444	free_topic	Passerine__order
nsubj:pass<xcomp>obl> ...	3.0	0.196	free_topic	Passerine__order
obj<nmod> ...	3.0	0.226	free_topic	Passerine__order
compound<appos< flycatcher	3.0	0.524	free_topic	Passerine__order
nsubj<obj> range	3.0	0.311	free_topic	Passerine__order
nsubj:pass<nsubj:pass>nmod> ...	3.0	0.232	free_topic	Passerine__order
nmod>flat> Gray	3.0	0.487	free_topic	Passerine__order
appos<advcl<advmod> ...	3.0	0.303	free_topic	Passerine__order
nsubj<conj>nsubj> it	3.0	0.411	free_topic	Passerine__order
nsubj<conj>nmod> ...	3.0	0.202	free_topic	Passerine__order
obl<advcl>advmod> ...	3.0	0.599	free_topic	Passerine__order
nsubj<aux> can	3.0	0.573	free_topic	Passerine__order
nmod<obj<conj> ...	3.0	0.28	free_topic	Passerine__order
compound<nsubj:pass<aux:pass> ...	3.0	0.2	free_topic	Passerine__order
compound<nsubj:pass< ...	3.0	0.423	free_topic	Passerine__order
flat<cc> ...	3.0	0.39	free_topic	Passerine__order
obl< designate	3.0	0.249	free_topic	Passerine__order
appos<advcl<nsubj:pass> ...	3.0	0.385	free_topic	Passerine__order
conj<nsubj:pass<aux:pass> be	3.0	0.3	free_topic	Passerine__order
obj<nsubj:pass>amod> ...	3.0	0.638	free_topic	Passerine__order
appos<advcl<aux> ...	3.0	0.666	free_topic	Passerine__order
obl<nsubj:pass>compound> type	3.0	0.455	free_topic	Passerine__order
acl>obl>case> in	3.0	0.365	free_topic	Passerine__order
nsubj:pass< describe	3.0	0.392	free_topic	Passerine__order
nsubj:pass<obl> naturalist	3.0	0.707	free_topic	Passerine__order
compound<appos<conj> sparrow	3.0	0.419	free_topic	Passerine__order
obj<nmod>case> in	3.0	0.557	free_topic	Passerine__order
acl:relcl>aux:pass> be	3.0	0.1	free_topic	Passerine__order
acl:relcl>obl>case> in	3.0	0.377	free_topic	Passerine__order
obj<parataxis> ...	3.0	0.28	free_topic	Passerine__order
obj<aux> have	3.0	0.495	free_topic	Passerine__order
appos<advcl<nsubj:pass> species	3.0	0.385	free_topic	Passerine__order
appos<case> of	3.0	0.578	free_topic	Passerine__order
appos<advcl<aux> will	3.0	0.666	free_topic	Passerine__order
appos< sparrow	3.0	0.397	free_topic	Passerine__order
appos<advcl<aux:pass> be	3.0	0.55	free_topic	Passerine__order
appos<advcl<advmod> almost	3.0	0.303	free_topic	Passerine__order
nmod<nummod> passerine	3.0	0.383	free_topic	Passerine__order
nsubj< family	3.0	0.891	free_topic	Passerine__order
compound<compound<amod> ...	3.0	0.494	free_topic	Passerine__order
obl<obj> call	3.0	0.413	free_topic	Passerine__order
nsubj<ccomp<nsubj> study	3.0	0.334	free_topic	Passerine__order
nmod<obl< similar	3.0	0.429	free_topic	Passerine__order
conj<obj<xcomp< ...	3.0	0.307	free_topic	Passerine__order
compound<appos< sparrow	3.0	0.541	free_topic	Passerine__order
nsubj> example	3.0	0.335	free_topic	Passerine__order
compound> song	3.0	0.454	free_topic	Passerine__order
compound<obl<cop> be	3.0	0.272	free_topic	Passerine__order
compound<conj<amod> ...	3.0	0.549	free_topic	Passerine__order
compound<nsubj<advmod> ...	3.0	0.407	free_topic	Passerine__order
appos<advcl<aux:pass> ...	3.0	0.55	free_topic	Passerine__order
compound<nsubj:pass<aux:pass> be	3.0	0.2	free_topic	Passerine__order
acl:relcl>obj>det> the	3.0	0.373	free_topic	Passerine__order
obl<aux> have	3.0	0.31	free_topic	Passerine__order
compound<appos> Pliocene	3.0	0.464	free_topic	Passerine__order
nsubj<ccomp< show	3.0	0.549	free_topic	Passerine__order
appos<acl:relcl>nsubj> ...	3.0	0.384	free_topic	Passerine__order
nsubj:pass< introduce	3.0	0.516	free_topic	Passerine__order
nsubj> species	3.0	0.279	free_topic	Passerine__order
list< Papilio	2.0	0.441	free_topic	Passerine__order
parataxis<parataxis>conj> disperse	2.0	0.349	free_topic	Passerine__order
flat<nsubj<obj> ...	2.0	0.245	free_topic	Passerine__order
obl<advmod> also	2.0	0.318	free_topic	Passerine__order
obj<parataxis>conj> lark	2.0	0.326	free_topic	Passerine__order
compound<compound<conj< ...	2.0	0.328	free_topic	Passerine__order
obl<conj<mark> that	2.0	0.18	free_topic	Passerine__order
conj<conj<det> ...	2.0	0.436	free_topic	Passerine__order
flat<conj<conj> Cinclus	2.0	0.352	free_topic	Passerine__order
flat<conj<flat> dipper	2.0	0.247	free_topic	Passerine__order
flat<conj<conj> european	2.0	0.46	free_topic	Passerine__order
conj>compound>compound> ...	2.0	0.353	free_topic	Passerine__order
conj<conj< ...	2.0	0.384	free_topic	Passerine__order
flat<conj< dipper	2.0	0.313	free_topic	Passerine__order
flat<compound>amod> ...	2.0	0.271	free_topic	Passerine__order
flat<conj<appos> ...	2.0	0.265	free_topic	Passerine__order
flat<conj<amod> throat	2.0	0.588	free_topic	Passerine__order
appos<obj< introduce	2.0	0.246	free_topic	Passerine__order
compound<appos< name	2.0	0.569	free_topic	Passerine__order
conj<appos> Coloeus	2.0	0.645	free_topic	Passerine__order
compound<appos<amod> binomial	2.0	0.336	free_topic	Passerine__order
nsubj:pass<mark> that	2.0	0.275	free_topic	Passerine__order
compound>amod> common	2.0	0.564	free_topic	Passerine__order
compound<conj>cc> &	2.0	0.397	free_topic	Passerine__order
parataxis<parataxis>nsubj> bird	2.0	0.305	free_topic	Passerine__order
parataxis<parataxis> eat	2.0	0.647	free_topic	Passerine__order
parataxis<parataxis>obj> haw	2.0	0.394	free_topic	Passerine__order
conj<nmod<obl> ...	2.0	0.336	free_topic	Passerine__order
conj<nmod<conj> bird	2.0	0.216	free_topic	Passerine__order
list<appos> 1880	2.0	0.33	free_topic	Passerine__order
obj<parataxis> sparrow	2.0	0.318	free_topic	Passerine__order
list<list>compound> species	2.0	0.264	free_topic	Passerine__order
nmod>amod> open	2.0	0.489	free_topic	Passerine__order
nmod:poss<nmod<nsubj< ...	2.0	0.398	free_topic	Passerine__order
nsubj<conj>mark> ...	2.0	0.395	free_topic	Passerine__order
list<list> phestus	2.0	0.375	free_topic	Passerine__order
list<list> guérin-	2.0	0.366	free_topic	Passerine__order
nsubj<conj>xcomp> ...	2.0	0.288	free_topic	Passerine__order
list<appos>compound> castor	2.0	0.268	free_topic	Passerine__order
conj<nsubj:pass<mark> that	2.0	0.446	free_topic	Passerine__order
list<list> group	2.0	0.277	free_topic	Passerine__order
obl<amod<nummod> ...	2.0	0.449	free_topic	Passerine__order
flat< Brown	2.0	0.244	free_topic	Passerine__order
nmod>flat> Robert	2.0	0.521	free_topic	Passerine__order
conj>amod>advmod> ...	2.0	0.517	free_topic	Passerine__order
list<list>amod> mormon	2.0	0.36	free_topic	Passerine__order
nsubj:pass<obl>case> on	2.0	0.649	free_topic	Passerine__order
conj>appos>compound> ...	2.0	0.237	free_topic	Passerine__order
list<list> Méneville	2.0	0.335	free_topic	Passerine__order
list<list>nummod> 1830	2.0	0.618	free_topic	Passerine__order
obj<nsubj>amod> avian	2.0	0.265	free_topic	Passerine__order
list<list> Linnaeus	2.0	0.336	free_topic	Passerine__order
obj<advmod> only	2.0	0.465	free_topic	Passerine__order
obj<nsubj> prey	2.0	0.401	free_topic	Passerine__order
list<list> 1758	2.0	0.329	free_topic	Passerine__order
obl<obl> 1840	2.0	0.377	free_topic	Passerine__order
conj<appos> parotia	2.0	0.453	free_topic	Passerine__order
list<list> 1832	2.0	0.323	free_topic	Passerine__order
list<appos> 1879	2.0	0.366	free_topic	Passerine__order
list<flat> Moore	2.0	0.447	free_topic	Passerine__order
list<flat> mahadeva	2.0	0.438	free_topic	Passerine__order
nsubj:pass<conj> refer	2.0	0.609	free_topic	Passerine__order
list<flat>punct> ambrax	2.0	0.505	free_topic	Passerine__order
list<flat>compound> Papilio	2.0	0.42	free_topic	Passerine__order
list<list> raven	2.0	0.388	free_topic	Passerine__order
flat<nsubj:pass<obl> naturalist	2.0	0.203	free_topic	Passerine__order
conj<appos>det> ...	2.0	0.255	free_topic	Passerine__order
list<flat> Boisduval	2.0	0.417	free_topic	Passerine__order
nsubj<acl> use	2.0	0.413	free_topic	Passerine__order
list<appos> Papilio	2.0	0.394	free_topic	Passerine__order
conj<nmod<amod> other	2.0	0.39	free_topic	Passerine__order
obj<parataxis>advmod> i.e.	2.0	0.396	free_topic	Passerine__order
conj<nsubj> species	2.0	0.27	free_topic	Passerine__order
list<list>compound> Ambrax	2.0	0.285	free_topic	Passerine__order
list<list> butterfly	2.0	0.471	free_topic	Passerine__order
nmod<conj> bird	2.0	0.631	free_topic	Passerine__order
list<list> Papilio	2.0	0.34	free_topic	Passerine__order
list<list>compound> castor	2.0	0.386	free_topic	Passerine__order
obj<nsubj>amod> prefer	2.0	0.216	free_topic	Passerine__order
nmod> country	2.0	0.383	free_topic	Passerine__order
flat<cc> cinclus	2.0	0.394	free_topic	Passerine__order
obj<nsubj>appos> ...	2.0	0.512	free_topic	Passerine__order
flat<flat> dipper	2.0	0.593	free_topic	Passerine__order
conj<nsubj<aux> ...	2.0	0.346	free_topic	Passerine__order
conj<nsubj<parataxis< ...	2.0	0.338	free_topic	Passerine__order
conj<nsubj<expl> ...	2.0	0.469	free_topic	Passerine__order
nsubj<obl>compound> breeding	2.0	0.196	free_topic	Passerine__order
conj<nsubj<obj> ...	2.0	0.256	free_topic	Passerine__order
conj<nmod<cc> and	2.0	0.616	free_topic	Passerine__order
conj<case> by	2.0	0.328	free_topic	Passerine__order
nsubj<expl> ...	2.0	0.411	free_topic	Passerine__order
acl>obl>compound> ...	2.0	0.135	free_topic	Passerine__order
acl:relcl> catch	2.0	0.373	free_topic	Passerine__order
nmod<nmod>case> by	2.0	0.296	free_topic	Passerine__order
nmod<nsubj:pass< estimate	2.0	0.419	free_topic	Passerine__order
nmod<amod> common	2.0	0.366	free_topic	Passerine__order
conj<obl<nsubj< adapt	2.0	0.371	free_topic	Passerine__order
obl<xcomp<aux:pass> be	2.0	0.31	free_topic	Passerine__order
conj<compound> alpine	2.0	0.383	free_topic	Passerine__order
conj<conj>nmod> site	2.0	0.204	free_topic	Passerine__order
flat<flat> Cinclus	2.0	0.449	free_topic	Passerine__order
appos<acl>advmod> ...	2.0	0.341	free_topic	Passerine__order
nsubj<obl>amod> other	2.0	0.388	free_topic	Passerine__order
nmod<conj<aux:pass> ...	2.0	0.583	free_topic	Passerine__order
obl<parataxis<aux> have	2.0	0.405	free_topic	Passerine__order
appos<acl> ...	2.0	0.426	free_topic	Passerine__order
amod>compound> red	2.0	0.312	free_topic	Passerine__order
obl<obj>det> the	2.0	0.342	free_topic	Passerine__order
obl<parataxis<aux> ...	2.0	0.405	free_topic	Passerine__order
nsubj:pass<obl>case> from	2.0	0.68	free_topic	Passerine__order
obj<acl:relcl<cop> be	2.0	0.7	free_topic	Passerine__order
nsubj<ccomp< find	2.0	0.524	free_topic	Passerine__order
conj<appos> Tetraoninae	2.0	0.392	free_topic	Passerine__order
appos<conj<nmod> ...	2.0	0.274	free_topic	Passerine__order
conj>case> via	2.0	0.402	free_topic	Passerine__order
conj>compound> NCBI	2.0	0.532	free_topic	Passerine__order
conj<obj<nsubj> they	2.0	0.409	free_topic	Passerine__order
conj<obj<advmod> specifically	2.0	0.46	free_topic	Passerine__order
conj<obj< note	2.0	0.419	free_topic	Passerine__order
appos<conj<case> ...	2.0	0.164	free_topic	Passerine__order
appos<compound> house	2.0	0.6	free_topic	Passerine__order
conj<appos>amod> bill	2.0	0.311	free_topic	Passerine__order
conj<appos> chough	2.0	0.701	free_topic	Passerine__order
acl> singe	2.0	0.5	free_topic	Passerine__order
nsubj<parataxis>aux> ...	2.0	0.207	free_topic	Passerine__order
obj<conj>nmod> waterfowl	2.0	0.361	free_topic	Passerine__order
obj<acl:relcl<nsubj< ...	2.0	0.228	free_topic	Passerine__order
obl:npmod<amod<det> ...	2.0	0.751	free_topic	Passerine__order
conj> species	2.0	0.804	free_topic	Passerine__order
conj>nmod> bird	2.0	0.657	free_topic	Passerine__order
amod>conj>cc> and	2.0	0.394	free_topic	Passerine__order
conj<obj< take	2.0	0.462	free_topic	Passerine__order
nsubj<obj>det> some	2.0	0.514	free_topic	Passerine__order
obl<conj<det> the	2.0	0.257	free_topic	Passerine__order
conj<obl< few	2.0	0.486	free_topic	Passerine__order
nmod<obl<amod< ...	2.0	0.322	free_topic	Passerine__order
nsubj<advcl>aux:pass> be	2.0	0.382	free_topic	Passerine__order
nsubj<advcl>nsubj:pass> it	2.0	0.558	free_topic	Passerine__order
obj<conj>amod> small	2.0	0.506	free_topic	Passerine__order
nsubj<nmod>case> in	2.0	0.304	free_topic	Passerine__order
conj>det> a	2.0	0.46	free_topic	Passerine__order
obj<parataxis>conj> pipit	2.0	0.323	free_topic	Passerine__order
conj<conj>flat> Cinclus	2.0	0.671	free_topic	Passerine__order
nmod>nmod>det> the	2.0	0.445	free_topic	Passerine__order
nmod>det> a	2.0	0.377	free_topic	Passerine__order
obl<acl<flat> Cinclus	2.0	0.551	free_topic	Passerine__order
flat<conj<nsubj< look	2.0	0.424	free_topic	Passerine__order
appos>conj>conj> ...	2.0	0.363	free_topic	Passerine__order
flat<acl>obl> Cinclus	2.0	0.458	free_topic	Passerine__order
flat<acl> cap	2.0	0.501	free_topic	Passerine__order
flat<flat> White	2.0	0.588	free_topic	Passerine__order
nmod<amod>compound> ...	2.0	0.287	free_topic	Passerine__order
compound<appos<case> to	2.0	0.318	free_topic	Passerine__order
flat<flat>case> mexicanus	2.0	0.451	free_topic	Passerine__order
compound<appos< tit	2.0	0.385	free_topic	Passerine__order
appos<nsubj<compound> ...	2.0	0.289	free_topic	Passerine__order
nsubj< species	2.0	0.917	free_topic	Passerine__order
compound<conj<acl> ...	2.0	0.173	free_topic	Passerine__order
obl<obj>det> a	2.0	0.288	free_topic	Passerine__order
conj<conj>nmod> paradise	2.0	0.229	free_topic	Passerine__order
flat<nsubj<det> ...	2.0	0.353	free_topic	Passerine__order
flat<nsubj<cop> ...	2.0	0.363	free_topic	Passerine__order
conj<nummod> four	2.0	0.458	free_topic	Passerine__order
conj<obj< have	2.0	0.44	free_topic	Passerine__order
conj<obj<nsubj> Holarctic	2.0	0.27	free_topic	Passerine__order
nmod<nsubj:pass<aux> may	2.0	0.357	free_topic	Passerine__order
appos>amod> common	2.0	0.533	free_topic	Passerine__order
obj<conj> young	2.0	0.313	free_topic	Passerine__order
obl<conj>amod> ...	2.0	0.338	free_topic	Passerine__order
obl<conj>det> ...	2.0	0.531	free_topic	Passerine__order
obl<conj>case> ...	2.0	0.167	free_topic	Passerine__order
conj<conj>nsubj> guinea	2.0	0.446	free_topic	Passerine__order
conj<conj>cop> be	2.0	0.375	free_topic	Passerine__order
acl:relcl>nsubj:pass> that	2.0	0.255	free_topic	Passerine__order
conj<conj> gull	2.0	0.897	free_topic	Passerine__order
obj<conj>det> the	2.0	0.471	free_topic	Passerine__order
nmod>nmod:poss> ...	2.0	0.388	free_topic	Passerine__order
nmod<nmod< one	2.0	0.564	free_topic	Passerine__order
compound<appos<nmod> sparrow	2.0	0.401	free_topic	Passerine__order
conj<advmod> e.g.	2.0	0.535	free_topic	Passerine__order
compound<appos<nmod> centimetre	2.0	0.181	free_topic	Passerine__order
nmod:poss> they	2.0	0.323	free_topic	Passerine__order
nmod> family	2.0	0.638	free_topic	Passerine__order
nsubj<conj> bird	2.0	0.344	free_topic	Passerine__order
obj<conj> shorebird	2.0	0.336	free_topic	Passerine__order
conj<obl>amod> ...	2.0	0.25	free_topic	Passerine__order
det> that	2.0	0.713	free_topic	Passerine__order
conj<obj<obl> Nouveau	2.0	0.526	free_topic	Passerine__order
conj>compound> wax	2.0	0.407	free_topic	Passerine__order
compound<appos<advmod> ...	2.0	0.328	free_topic	Passerine__order
nsubj:pass<obl>advmod> all	2.0	0.243	free_topic	Passerine__order
appos<amod> common	2.0	0.549	free_topic	Passerine__order
appos<compound> grasshopper	2.0	0.712	free_topic	Passerine__order
nsubj:pass<obl>case> over	2.0	0.597	free_topic	Passerine__order
obj<advcl<nsubj:pass> ...	2.0	0.245	free_topic	Passerine__order
compound<appos<acl:relcl> ...	2.0	0.436	free_topic	Passerine__order
obj<conj>cc> but	2.0	0.2	free_topic	Passerine__order
nmod<amod> genetic	2.0	0.45	free_topic	Passerine__order
compound<nmod:poss> ...	2.0	0.161	free_topic	Passerine__order
obj<obl>nmod:poss> they	2.0	0.576	free_topic	Passerine__order
conj>amod>obl:npmod> ...	2.0	0.414	free_topic	Passerine__order
conj>compound> wood	2.0	0.377	free_topic	Passerine__order
conj> warbler	2.0	0.897	free_topic	Passerine__order
nmod<compound> sister	2.0	0.418	free_topic	Passerine__order
obj<advcl<aux> ...	2.0	0.478	free_topic	Passerine__order
acl>obl>amod> ...	2.0	0.255	free_topic	Passerine__order
obj<advcl<aux:pass> ...	2.0	0.597	free_topic	Passerine__order
obj<advcl< ...	2.0	0.126	free_topic	Passerine__order
appos>nmod>det> the	2.0	0.187	free_topic	Passerine__order
appos>nmod>case> in	2.0	0.187	free_topic	Passerine__order
nsubj:pass<advmod> first	2.0	0.494	free_topic	Passerine__order
nmod<obj<nsubj> species	2.0	0.266	free_topic	Passerine__order
appos< range	2.0	0.333	free_topic	Passerine__order
nsubj:pass<obl>amod> french	2.0	0.693	free_topic	Passerine__order
flat<compound<compound> ...	2.0	0.219	free_topic	Passerine__order
obj<obl> species	2.0	0.469	free_topic	Passerine__order
nmod<obl<acl< ...	2.0	0.384	free_topic	Passerine__order
compound<obl< describe	2.0	0.406	free_topic	Passerine__order
conj<appos<nmod< ...	2.0	0.351	free_topic	Passerine__order
obj<conj>nsubj> ...	2.0	0.424	free_topic	Passerine__order
nsubj:pass<advcl<obj> ...	2.0	0.228	free_topic	Passerine__order
appos<conj>compound> Canary	2.0	0.494	free_topic	Passerine__order
obl<parataxis<cop> be	2.0	0.319	free_topic	Passerine__order
compound<obl<aux:pass> be	2.0	0.259	free_topic	Passerine__order
conj>obj> ...	2.0	0.444	free_topic	Passerine__order
obj>conj>obj> ...	2.0	0.291	free_topic	Passerine__order
obj>conj>nsubj> ...	2.0	0.513	free_topic	Passerine__order
nmod<nmod>acl:relcl> ...	2.0	0.443	free_topic	Passerine__order
obj<acl<obl< ...	2.0	0.449	free_topic	Passerine__order
obj<acl<amod> ...	2.0	0.489	free_topic	Passerine__order
nsubj<obj>acl:relcl> ...	2.0	0.478	free_topic	Passerine__order
appos<conj>amod> northeast	2.0	0.437	free_topic	Passerine__order
conj>obl>det> the	2.0	0.291	free_topic	Passerine__order
nsubj<obj>flat> ...	2.0	0.493	free_topic	Passerine__order
appos<appos>compound> Passer	2.0	0.212	free_topic	Passerine__order
conj>compound> Canary	2.0	0.275	free_topic	Passerine__order
nmod<acl>obl> ...	2.0	0.274	free_topic	Passerine__order
nsubj<parataxis<nsubj> ...	2.0	0.213	free_topic	Passerine__order
nmod:poss>det> the	2.0	0.444	free_topic	Passerine__order
appos<nsubj<obj> ...	2.0	0.302	free_topic	Passerine__order
compound<amod> black	2.0	0.219	free_topic	Passerine__order
compound<obl<aux> have	2.0	0.404	free_topic	Passerine__order
nsubj<mark> when	2.0	0.4	free_topic	Passerine__order
conj<appos<case> ...	2.0	0.449	free_topic	Passerine__order
compound<cc>fixed> ...	2.0	0.712	free_topic	Passerine__order
nmod<obl<cop> be	2.0	0.473	free_topic	Passerine__order
mark> as	2.0	0.387	free_topic	Passerine__order
compound<nsubj<aux> ...	2.0	0.182	free_topic	Passerine__order
nsubj<advcl>mark> though	2.0	0.557	free_topic	Passerine__order
obl<obl>case> to	2.0	0.377	free_topic	Passerine__order
conj<conj>advmod> also	2.0	0.711	free_topic	Passerine__order
nsubj>acl>obl> ...	2.0	0.419	free_topic	Passerine__order
obl<obj>compound> alarm	2.0	0.331	free_topic	Passerine__order
conj<conj>cc> or	2.0	0.44	free_topic	Passerine__order
nsubj>nummod> ...	2.0	0.216	free_topic	Passerine__order
compound<nsubj<conj> ...	2.0	0.278	free_topic	Passerine__order
obj<obj>amod> ...	2.0	0.212	free_topic	Passerine__order
obj<obj> ...	2.0	0.349	free_topic	Passerine__order
nmod<case> with	2.0	0.552	free_topic	Passerine__order
advmod> mainly	2.0	0.386	free_topic	Passerine__order
appos<nsubj<aux> may	2.0	0.325	free_topic	Passerine__order
obl<conj>cc> but	2.0	0.622	free_topic	Passerine__order
flat<appos> species	2.0	0.364	free_topic	Passerine__order
appos<appos> species	2.0	0.573	free_topic	Passerine__order
compound>appos> species	2.0	0.36	free_topic	Passerine__order
compound<appos> bushtit	2.0	0.32	free_topic	Passerine__order
conj<nmod<nmod< ...	2.0	0.469	free_topic	Passerine__order
obj<acl:relcl<det> a	2.0	0.301	free_topic	Passerine__order
obj<acl:relcl> ...	2.0	0.485	free_topic	Passerine__order
cc> &	2.0	0.236	free_topic	Passerine__order
nsubj<obl>nmod:poss> they	2.0	0.353	free_topic	Passerine__order
compound<obj<obl> ...	2.0	0.264	free_topic	Passerine__order
compound<case> with	2.0	0.267	free_topic	Passerine__order
nsubj:pass<xcomp>conj> ...	2.0	0.289	free_topic	Passerine__order
appos<conj>amod> Eurasian	2.0	0.338	free_topic	Passerine__order
nsubj:pass<nsubj:pass>det> ...	2.0	0.462	free_topic	Passerine__order
nsubj<advcl>mark> while	2.0	0.633	free_topic	Passerine__order
nsubj>case> ...	2.0	0.37	free_topic	Passerine__order
obl<acl<det> a	2.0	0.581	free_topic	Passerine__order
compound< warbler	2.0	0.591	free_topic	Passerine__order
compound<conj<obj< ...	2.0	0.516	free_topic	Passerine__order
compound<det> a	2.0	0.689	free_topic	Passerine__order
appos<nmod:poss>case> 's	2.0	0.239	free_topic	Passerine__order
nmod<nsubj:pass<advmod> ...	2.0	0.352	free_topic	Passerine__order
nmod>case>fixed> ...	2.0	0.459	free_topic	Passerine__order
appos<nsubj> species	2.0	0.409	free_topic	Passerine__order
compound<nsubj:pass<nsubj:pass> ...	2.0	0.469	free_topic	Passerine__order
compound<cop> ...	2.0	0.359	free_topic	Passerine__order
appos<conj>appos> oz	2.0	0.529	free_topic	Passerine__order
obj<nsubj> species	2.0	0.556	free_topic	Passerine__order
nsubj<conj<advmod> ...	2.0	0.52	free_topic	Passerine__order
nmod:poss<nsubj:pass<aux:pass> be	2.0	0.385	free_topic	Passerine__order
obj<obl>nummod> one	2.0	0.335	free_topic	Passerine__order
nmod:poss< tail	2.0	0.3	free_topic	Passerine__order
acl:relcl>obl>nmod> ...	2.0	0.303	free_topic	Passerine__order
appos< species	2.0	0.468	free_topic	Passerine__order
nmod>case> for	2.0	0.757	free_topic	Passerine__order
compound>nummod> ...	2.0	0.328	free_topic	Passerine__order
obl<parataxis>aux> ...	2.0	0.378	free_topic	Passerine__order
conj<obj<obl> 1817	2.0	0.532	free_topic	Passerine__order
conj>compound>amod> ...	2.0	0.361	free_topic	Passerine__order
conj<obj<conj> describe	2.0	0.547	free_topic	Passerine__order
conj<obj<advcl> detailed	2.0	0.312	free_topic	Passerine__order
conj<obj<obl> song	2.0	0.418	free_topic	Passerine__order
conj<obj< look	2.0	0.464	free_topic	Passerine__order
conj<obl< consider	2.0	0.278	free_topic	Passerine__order
conj<obj<advmod> similar	2.0	0.497	free_topic	Passerine__order
conj<obj<det> the	2.0	0.443	free_topic	Passerine__order
conj<obj<xcomp< separate	2.0	0.301	free_topic	Passerine__order
flat> Abbey	2.0	0.375	free_topic	Passerine__order
nsubj>det> a	2.0	0.309	free_topic	Passerine__order
obl<acl:relcl<det> ...	2.0	0.536	free_topic	Passerine__order
nsubj>nmod>det> the	2.0	0.231	free_topic	Passerine__order
nsubj<advmod> mostly	2.0	0.625	free_topic	Passerine__order
nsubj<nsubj> helper	2.0	0.325	free_topic	Passerine__order
obl<amod<amod> ...	2.0	0.234	free_topic	Passerine__order
conj<obl<advmod> also	2.0	0.45	free_topic	Passerine__order
nsubj:pass< consider	2.0	0.493	free_topic	Passerine__order
nmod<obl<acl:relcl< ...	2.0	0.217	free_topic	Passerine__order
parataxis>obl>det> ...	2.0	0.418	free_topic	Passerine__order
appos<nsubj>appos> ...	2.0	0.484	free_topic	Passerine__order
conj<obl<obj> intelligent	2.0	0.361	free_topic	Passerine__order
conj<obl<nsubj:pass> parrot	2.0	0.388	free_topic	Passerine__order
conj<nsubj<acl> ...	2.0	0.568	free_topic	Passerine__order
parataxis< important	2.0	0.294	free_topic	Passerine__order
appos>nmod:poss>compound> Parotia	2.0	0.524	free_topic	Passerine__order
compound<acl>obj> ...	2.0	0.573	free_topic	Passerine__order
conj<nmod<obj< include	2.0	0.64	free_topic	Passerine__order
conj<nmod<det> some	2.0	0.543	free_topic	Passerine__order
conj< jackdaw	2.0	0.4	free_topic	Passerine__order
parataxis<nsubj> Haw	2.0	0.683	free_topic	Passerine__order
parataxis<obl>case> for	2.0	0.597	free_topic	Passerine__order
conj<appos> Corvida	2.0	0.549	free_topic	Passerine__order
parataxis<obl> wildlife	2.0	0.582	free_topic	Passerine__order
cc>fixed> ...	2.0	0.327	free_topic	Passerine__order
conj<acl> ...	2.0	0.427	free_topic	Passerine__order
parataxis<obl>nmod> winter	2.0	0.557	free_topic	Passerine__order
advmod> particularly	2.0	0.392	free_topic	Passerine__order
compound<nmod>amod> ...	2.0	0.362	free_topic	Passerine__order
acl>obl>det> the	2.0	0.359	free_topic	Passerine__order
nsubj<obj>amod> large	2.0	0.391	free_topic	Passerine__order
nmod<nsubj> species	2.0	0.282	free_topic	Passerine__order
nmod:poss<nmod<case> in	2.0	0.378	free_topic	Passerine__order
conj<conj>amod> common	2.0	0.749	free_topic	Passerine__order
conj<nmod< species	2.0	0.316	free_topic	Passerine__order
obl<conj<cop> be	2.0	0.303	free_topic	Passerine__order
obl<acl<nsubj< ...	2.0	0.317	free_topic	Passerine__order
conj<case> along	2.0	0.592	free_topic	Passerine__order
conj<appos>compound> family	2.0	0.363	free_topic	Passerine__order
obl<advcl>cop> ...	2.0	0.617	free_topic	Passerine__order
appos<nmod<det> ...	2.0	0.397	free_topic	Passerine__order
appos<nmod<cop> ...	2.0	0.317	free_topic	Passerine__order
conj<acl:relcl>nsubj> ...	2.0	0.438	free_topic	Passerine__order
nsubj<nmod> tail	2.0	0.445	free_topic	Passerine__order
conj<acl:relcl> ...	2.0	0.276	free_topic	Passerine__order
acl:relcl> attract	2.0	0.406	free_topic	Passerine__order
conj<conj>acl> ...	2.0	0.419	free_topic	Passerine__order
det> all	2.0	0.754	free_topic	Passerine__order
compound<acl>mark> to	2.0	0.239	free_topic	Passerine__order
nmod<nmod<appos> ...	2.0	0.282	free_topic	Passerine__order
conj<obj<conj> jay	2.0	0.514	free_topic	Passerine__order
conj<obl<nmod> mammal	2.0	0.398	free_topic	Passerine__order
flat<appos< ...	2.0	0.419	free_topic	Passerine__order
nsubj>amod> common	2.0	0.333	free_topic	Passerine__order
obl<advcl>aux:pass> be	2.0	0.331	free_topic	Passerine__order
obl<advcl>mark> since	2.0	0.37	free_topic	Passerine__order
appos> status	2.0	0.29	free_topic	Passerine__order
appos>conj> conservation	2.0	0.291	free_topic	Passerine__order
conj<nsubj<det> ...	2.0	0.332	free_topic	Passerine__order
nsubj<case> ...	2.0	0.349	free_topic	Passerine__order
nmod<acl:relcl>nsubj> that	2.0	0.278	free_topic	Passerine__order
appos<conj<conj> sparrow	2.0	0.51	free_topic	Passerine__order
conj<nsubj<compound> ...	2.0	0.26	free_topic	Passerine__order
nmod<obj<acl< ...	2.0	0.309	free_topic	Passerine__order
obl<advmod>advmod> most	2.0	0.397	free_topic	Passerine__order
appos> distribution	2.0	0.463	free_topic	Passerine__order
compound<nmod<nmod:poss> ...	2.0	0.444	free_topic	Passerine__order
appos<nmod<nsubj> ...	2.0	0.44	free_topic	Passerine__order
nsubj<advcl<cop> be	2.0	0.379	free_topic	Passerine__order
conj<obl<advmod> however	2.0	0.433	free_topic	Passerine__order
nsubj:pass<conj>advmod> ...	2.0	0.43	free_topic	Passerine__order
conj<obl<nsubj> family	2.0	0.337	free_topic	Passerine__order
conj<obl< dominate	2.0	0.438	free_topic	Passerine__order
conj<obl<obj> diet	2.0	0.238	free_topic	Passerine__order
compound<conj<cop> be	2.0	0.355	free_topic	Passerine__order
compound<conj<det> a	2.0	0.429	free_topic	Passerine__order
compound<amod> similar	2.0	0.205	free_topic	Passerine__order
nmod:poss< range	2.0	0.281	free_topic	Passerine__order
conj<nmod> range	2.0	0.408	free_topic	Passerine__order
conj<obl<advcl> descende	2.0	0.252	free_topic	Passerine__order
nsubj<obl>appos> ...	2.0	0.214	free_topic	Passerine__order
conj<obl<nmod> bird	2.0	0.613	free_topic	Passerine__order
conj<obj<nsubj> animal	2.0	0.315	free_topic	Passerine__order
appos>conj> habitat	2.0	0.46	free_topic	Passerine__order
compound<conj>amod> ...	2.0	0.303	free_topic	Passerine__order
compound<conj>det> ...	2.0	0.319	free_topic	Passerine__order
conj<conj>appos> Alcidae	2.0	0.326	free_topic	Passerine__order
conj>nmod>det> ...	2.0	0.391	free_topic	Passerine__order
obj<ccomp>obj> ...	2.0	0.307	free_topic	Passerine__order
obl<xcomp<mark> ...	2.0	0.55	free_topic	Passerine__order
appos<nmod<obl< ...	2.0	0.308	free_topic	Passerine__order
appos<appos>appos> ...	2.0	0.263	free_topic	Passerine__order
compound<nmod<amod> common	2.0	0.432	free_topic	Passerine__order
compound<nmod<nsubj> it	2.0	0.366	free_topic	Passerine__order
conj<obl<nsubj< ...	2.0	0.371	free_topic	Passerine__order
nsubj:pass<nmod>case> ...	2.0	0.275	free_topic	Passerine__order
nsubj:pass<nmod> ...	2.0	0.27	free_topic	Passerine__order
conj<obl<aux> have	2.0	0.388	free_topic	Passerine__order
nmod<nsubj<advcl> ...	2.0	0.482	free_topic	Passerine__order
obj<conj>obj> ...	2.0	0.295	free_topic	Passerine__order
obl<nsubj> bird	2.0	0.561	free_topic	Passerine__order
obj<ccomp> ...	2.0	0.284	free_topic	Passerine__order
obj<ccomp>advmod> ...	2.0	0.443	free_topic	Passerine__order
obl<advcl>cop> be	2.0	0.617	free_topic	Passerine__order
flat<acl>obl> ...	2.0	0.458	free_topic	Passerine__order
nsubj<acl:relcl<case> ...	2.0	0.278	free_topic	Passerine__order
nsubj<acl:relcl<det> ...	2.0	0.449	free_topic	Passerine__order
appos<obj<advmod> ...	2.0	0.194	free_topic	Passerine__order
flat<conj<flat> ...	2.0	0.247	free_topic	Passerine__order
flat<flat>case> ...	2.0	0.451	free_topic	Passerine__order
flat<acl> ...	2.0	0.501	free_topic	Passerine__order
flat<conj<nsubj< ...	2.0	0.424	free_topic	Passerine__order
appos<nsubj<obl> ...	2.0	0.321	free_topic	Passerine__order
nmod>nmod>det> ...	2.0	0.445	free_topic	Passerine__order
nmod<nsubj> bird	2.0	0.403	free_topic	Passerine__order
obl<obl>flat> ...	2.0	0.426	free_topic	Passerine__order
obl<conj<det> ...	2.0	0.257	free_topic	Passerine__order
nmod<appos<advmod> ...	2.0	0.481	free_topic	Passerine__order
obl<amod< bird	2.0	0.291	free_topic	Passerine__order
acl:relcl>advcl>obj> ...	2.0	0.497	free_topic	Passerine__order
nsubj:pass<obl> 1758	2.0	0.675	free_topic	Passerine__order
obl<advmod<advcl> ...	2.0	0.341	free_topic	Passerine__order
conj<obj<appos> br	2.0	0.282	free_topic	Passerine__order
conj<obj< identify	2.0	0.423	free_topic	Passerine__order
conj<obj<advmod> how	2.0	0.408	free_topic	Passerine__order
nmod<nsubj<expl> ...	2.0	0.318	free_topic	Passerine__order
nsubj:pass<obl>appos> Carl	2.0	0.237	free_topic	Passerine__order
nsubj<obj> young	2.0	0.171	free_topic	Passerine__order
compound>compound>flat> ...	2.0	0.355	free_topic	Passerine__order
list>amod> ...	2.0	0.57	free_topic	Passerine__order
nsubj<advcl>mark> to	2.0	0.528	free_topic	Passerine__order
list>compound> ...	2.0	0.28	free_topic	Passerine__order
nsubj:pass<obl>amod> swedish	2.0	0.709	free_topic	Passerine__order
nsubj:pass<obl>nmod> edition	2.0	0.452	free_topic	Passerine__order
conj<compound>amod> ...	2.0	0.496	free_topic	Passerine__order
nmod>case> on	2.0	0.867	free_topic	Passerine__order
obj<nmod>compound> ...	2.0	0.243	free_topic	Passerine__order
obl<obl>acl:relcl> ...	2.0	0.533	free_topic	Passerine__order
appos<obj<aux> ...	2.0	0.306	free_topic	Passerine__order
obl<nsubj> they	2.0	0.676	free_topic	Passerine__order
conj>nummod> ...	2.0	0.387	free_topic	Passerine__order
appos>conj>compound> ...	2.0	0.37	free_topic	Passerine__order
nsubj<conj>appos> ...	2.0	0.302	free_topic	Passerine__order
conj>advmod> ...	2.0	0.335	free_topic	Passerine__order
nsubj<appos>conj> ...	2.0	0.247	free_topic	Passerine__order
appos<nmod<cop> be	2.0	0.317	free_topic	Passerine__order
nsubj<advcl<cop> ...	2.0	0.379	free_topic	Passerine__order
conj<obj>det> ...	2.0	0.352	free_topic	Passerine__order
obl<advmod<obj> ...	2.0	0.358	free_topic	Passerine__order
nsubj<acl:relcl<obl< ...	2.0	0.263	free_topic	Passerine__order
conj<nsubj:pass<obl> ...	2.0	0.166	free_topic	Passerine__order
conj<nsubj:pass<aux> ...	2.0	0.149	free_topic	Passerine__order
acl:relcl>obj>compound> ...	2.0	0.324	free_topic	Passerine__order
compound<parataxis> ...	2.0	0.247	free_topic	Passerine__order
nsubj<ccomp<mark> ...	2.0	0.351	free_topic	Passerine__order
list<flat>compound> ...	2.0	0.323	free_topic	Passerine__order
acl:relcl>aux> ...	2.0	0.343	free_topic	Passerine__order
conj>amod> eastern	2.0	0.509	free_topic	Passerine__order
nsubj<conj>acl:relcl> ...	2.0	0.143	free_topic	Passerine__order
list<appos>compound> ...	2.0	0.118	free_topic	Passerine__order
acl:relcl>obl>compound> ...	2.0	0.431	free_topic	Passerine__order
nsubj<ccomp>aux> ...	2.0	0.219	free_topic	Passerine__order
nsubj<ccomp> ...	2.0	0.518	free_topic	Passerine__order
nsubj<ccomp>obl> ...	2.0	0.282	free_topic	Passerine__order
nmod<xcomp< think	2.0	0.47	free_topic	Passerine__order
conj<appos>nmod:poss> ...	2.0	0.595	free_topic	Passerine__order
conj>obl>det> ...	2.0	0.291	free_topic	Passerine__order
appos>conj>nummod> ...	2.0	0.467	free_topic	Passerine__order
appos<advcl>mark> ...	2.0	0.281	free_topic	Passerine__order
obl<advmod> now	2.0	0.318	free_topic	Passerine__order
conj<conj>conj> ...	2.0	0.365	free_topic	Passerine__order
appos<nsubj>amod> ...	2.0	0.312	free_topic	Passerine__order
appos<obl< designate	2.0	0.483	free_topic	Passerine__order
appos<obl<nsubj:pass> species	2.0	0.621	free_topic	Passerine__order
nmod:poss>compound> ...	2.0	0.397	free_topic	Passerine__order
compound<obl<aux> ...	2.0	0.404	free_topic	Passerine__order
appos<advcl> ...	2.0	0.195	free_topic	Passerine__order
appos<nmod:poss>case> ...	2.0	0.239	free_topic	Passerine__order
appos>nmod>det> ...	2.0	0.187	free_topic	Passerine__order
appos>nmod>compound> ...	2.0	0.544	free_topic	Passerine__order
compound<nmod<case> in	2.0	0.48	free_topic	Passerine__order
parataxis>obj> ...	2.0	0.268	free_topic	Passerine__order
conj<appos>det> the	2.0	0.255	free_topic	Passerine__order
conj<nsubj:pass<ccomp< ...	2.0	0.411	free_topic	Passerine__order
parataxis<parataxis>obj> ...	2.0	0.394	free_topic	Passerine__order
acl>advmod> ...	2.0	0.45	free_topic	Passerine__order
appos<cc>fixed> ...	2.0	0.362	free_topic	Passerine__order
parataxis<obl>nmod> ...	2.0	0.557	free_topic	Passerine__order
parataxis<parataxis>nsubj> ...	2.0	0.305	free_topic	Passerine__order
parataxis<parataxis> ...	2.0	0.647	free_topic	Passerine__order
parataxis<parataxis>conj> ...	2.0	0.349	free_topic	Passerine__order
obj>conj> ree	2.0	0.409	free_topic	Passerine__order
obj>conj>obj> warbler	2.0	0.291	free_topic	Passerine__order
list<flat>punct> ...	2.0	0.505	free_topic	Passerine__order
conj<conj<det> a	2.0	0.436	free_topic	Passerine__order
list< ...	2.0	0.488	free_topic	Passerine__order
flat<obj<obl> ...	2.0	0.377	free_topic	Passerine__order
obj>conj>nsubj> luscinius	2.0	0.461	free_topic	Passerine__order
conj<nmod<nsubj:pass< ...	2.0	0.403	free_topic	Passerine__order
obj<xcomp<advmod> ...	2.0	0.329	free_topic	Passerine__order
list<list>nummod> ...	2.0	0.618	free_topic	Passerine__order
nsubj<nsubj>amod> ...	2.0	0.371	free_topic	Passerine__order
compound<nsubj<nsubj> ...	2.0	0.234	free_topic	Passerine__order
parataxis<obl>conj> ...	2.0	0.382	free_topic	Passerine__order
nmod>compound> paradise	2.0	0.31	free_topic	Passerine__order
conj<conj>nmod:poss> ...	2.0	0.389	free_topic	Passerine__order
nmod<appos<case> ...	2.0	0.46	free_topic	Passerine__order
compound<conj<appos> ...	2.0	0.353	free_topic	Passerine__order
appos<conj>case> ...	2.0	0.212	free_topic	Passerine__order
nsubj:pass<advcl>mark> ...	2.0	0.447	free_topic	Passerine__order
nsubj:pass<advcl> ...	2.0	0.438	free_topic	Passerine__order
nsubj<obl>amod> open	2.0	0.331	free_topic	Passerine__order
nsubj<nmod>acl:relcl> ...	2.0	0.356	free_topic	Passerine__order
nmod>conj> ...	2.0	0.407	free_topic	Passerine__order
obl>compound> ...	2.0	0.311	free_topic	Passerine__order
obl>acl:relcl>obl> ...	2.0	0.223	free_topic	Passerine__order
nsubj<obl> raven	2.0	0.49	free_topic	Passerine__order
nmod>conj>cc> ...	2.0	0.411	free_topic	Passerine__order
nsubj<aux> will	2.0	0.591	free_topic	Passerine__order
appos<nmod> chimpanzee	2.0	0.33	free_topic	Passerine__order
obl> ...	2.0	0.326	free_topic	Passerine__order
appos<nmod>case> in	2.0	0.332	free_topic	Passerine__order
compound<conj>nmod> ...	2.0	0.174	free_topic	Passerine__order
conj<appos<nmod< species	2.0	0.351	free_topic	Passerine__order
conj<appos<case> of	2.0	0.456	free_topic	Passerine__order
flat<nsubj<obl> ...	2.0	0.313	free_topic	Passerine__order
conj<obj>amod> ...	2.0	0.339	free_topic	Passerine__order
obl>case> ...	2.0	0.355	free_topic	Passerine__order
obl<advcl>aux:pass> ...	2.0	0.331	free_topic	Passerine__order
appos<nmod> species	2.0	0.455	free_topic	Passerine__order
amod>compound> long	2.0	0.214	free_topic	Passerine__order
flat<nsubj<ccomp> ...	2.0	0.115	free_topic	Passerine__order
advcl>conj>advmod> ...	2.0	0.436	free_topic	Passerine__order
obl<conj<cop> ...	2.0	0.303	free_topic	Passerine__order
obj<advcl<aux:pass> be	2.0	0.597	free_topic	Passerine__order
acl:relcl>obl>det> a	2.0	0.325	free_topic	Passerine__order
nmod<obl>det> this	2.0	0.41	free_topic	Passerine__order
conj<conj>nummod> ...	2.0	0.601	free_topic	Passerine__order
conj<nsubj:pass<advmod> ...	2.0	0.442	free_topic	Passerine__order
conj<appos<compound> ...	2.0	0.44	free_topic	Passerine__order
conj<acl:relcl<compound> ...	2.0	0.468	free_topic	Passerine__order
nmod<amod> several	2.0	0.459	free_topic	Passerine__order
obl<advcl>nsubj:pass> ...	2.0	0.238	free_topic	Passerine__order
acl:relcl>obl>case> by	2.0	0.526	free_topic	Passerine__order
obj<nsubj:pass> tigerfish	2.0	0.433	free_topic	Passerine__order
obj<obl> scientist	2.0	0.517	free_topic	Passerine__order
obj<nsubj>compound> Fierce	2.0	0.495	free_topic	Passerine__order
obj<nsubj> fish	2.0	0.442	free_topic	Passerine__order
obj<nmod> flight	2.0	0.24	free_topic	Passerine__order
appos>conj> systematic	2.0	0.41	free_topic	Passerine__order
flat> W.	2.0	0.282	free_topic	Passerine__order
nmod:poss<nsubj:pass<aux:pass> ...	2.0	0.385	free_topic	Passerine__order
nmod:poss<nsubj:pass< ...	2.0	0.259	free_topic	Passerine__order
nmod:poss<nsubj:pass<obl> ...	2.0	0.243	free_topic	Passerine__order
obj<conj> chase	2.0	0.249	free_topic	Passerine__order
obj<nsubj:pass>amod> african	2.0	0.643	free_topic	Passerine__order
compound<appos>compound> ...	2.0	0.223	free_topic	Passerine__order
flat<appos>nummod> ...	2.0	0.66	free_topic	Passerine__order
compound>appos>nummod> ...	2.0	0.121	free_topic	Passerine__order
nsubj:pass<nsubj:pass>det> the	2.0	0.462	free_topic	Passerine__order
nsubj:pass<nsubj:pass>amod> main	2.0	0.505	free_topic	Passerine__order
nsubj:pass<nsubj:pass> target	2.0	0.316	free_topic	Passerine__order
nsubj:pass<nsubj:pass>nmod> measure	2.0	0.165	free_topic	Passerine__order
nmod>case>fixed> as	2.0	0.459	free_topic	Passerine__order
nsubj:pass<xcomp> react	2.0	0.235	free_topic	Passerine__order
nsubj:pass<xcomp>obl> stimuli	2.0	0.331	free_topic	Passerine__order
conj>nmod>amod> ...	2.0	0.539	free_topic	Passerine__order
nsubj:pass<xcomp>conj> avoid	2.0	0.289	free_topic	Passerine__order
nmod>case> such	2.0	0.824	free_topic	Passerine__order
appos<case> in	2.0	0.457	free_topic	Passerine__order
nmod<det> any	2.0	0.574	free_topic	Passerine__order
compound<conj>det> the	2.0	0.319	free_topic	Passerine__order
nmod<obl<cop> ...	2.0	0.473	free_topic	Passerine__order
conj<acl:relcl>nsubj> which	2.0	0.438	free_topic	Passerine__order
nsubj:pass<nmod>conj> ...	2.0	0.629	free_topic	Passerine__order
nsubj:pass<ccomp> ...	2.0	0.399	free_topic	Passerine__order
nmod<obl<aux> ...	2.0	0.262	free_topic	Passerine__order
nmod:poss<obl<conj> ...	2.0	0.368	free_topic	Passerine__order
conj<list<flat> ...	2.0	0.382	free_topic	Passerine__order
nsubj<parataxis>advmod> ...	2.0	0.507	free_topic	Passerine__order
conj<list<appos> ...	2.0	0.392	free_topic	Passerine__order
obl<acl:relcl<obj< ...	2.0	0.341	free_topic	Passerine__order
obl<acl:relcl<compound> ...	2.0	0.277	free_topic	Passerine__order
appos<nmod>compound> ...	2.0	0.316	free_topic	Passerine__order
compound<appos>nmod> Csarnota	2.0	0.286	free_topic	Passerine__order
nmod<ccomp<nsubj> ...	2.0	0.353	free_topic	Passerine__order
obj<acl<case> of	2.0	0.233	free_topic	Passerine__order
nmod<ccomp< ...	2.0	0.177	free_topic	Passerine__order
compound<advcl<nsubj> ...	2.0	0.348	free_topic	Passerine__order
parataxis> behaviour	2.0	0.448	free_topic	Passerine__order
nmod<obj<advcl> ...	2.0	0.311	free_topic	Passerine__order
nmod<conj<obl< ...	2.0	0.251	free_topic	Passerine__order
compound<acl>obl> ...	2.0	0.265	free_topic	Passerine__order
conj<nmod<case> in	2.0	0.547	free_topic	Passerine__order
compound<acl:relcl> ...	2.0	0.334	free_topic	Passerine__order
compound<conj<obl> ...	2.0	0.495	free_topic	Passerine__order
conj<obj<acl:relcl< ...	2.0	0.288	free_topic	Passerine__order
compound<acl:relcl>advmod> ...	2.0	0.234	free_topic	Passerine__order
nmod<nmod< genus	2.0	0.505	free_topic	Passerine__order
conj<conj>nsubj> ...	2.0	0.348	free_topic	Passerine__order
obj<acl:relcl<cop> ...	2.0	0.7	free_topic	Passerine__order
obj<conj>det> ...	2.0	0.471	free_topic	Passerine__order
obj<conj>nmod> ...	2.0	0.345	free_topic	Passerine__order
obj<obl>compound> ...	2.0	0.363	free_topic	Passerine__order
conj<conj>cop> ...	2.0	0.375	free_topic	Passerine__order
obl<acl<nmod> ...	2.0	0.225	free_topic	Passerine__order
obj<acl:relcl<nsubj> ...	2.0	0.342	free_topic	Passerine__order
obl<acl<case> for	2.0	0.418	free_topic	Passerine__order
obj<parataxis>advmod> ...	2.0	0.293	free_topic	Passerine__order
appos>amod> late	2.0	0.32	free_topic	Passerine__order
appos>nmod> Polgardi	2.0	0.34	free_topic	Passerine__order
appos>appos> Hungary	2.0	0.499	free_topic	Passerine__order
nmod<nmod<obj< have	2.0	0.32	free_topic	Passerine__order
obj<conj>amod> ...	2.0	0.544	free_topic	Passerine__order
nmod<appos>det> ...	2.0	0.529	free_topic	Passerine__order
nmod<obl<conj< ...	2.0	0.217	free_topic	Passerine__order
nmod<acl:relcl>nsubj> ...	2.0	0.292	free_topic	Passerine__order
nmod<acl:relcl> ...	2.0	0.545	free_topic	Passerine__order
nmod<nmod> bird	2.0	0.579	free_topic	Passerine__order
nmod<acl:relcl>obl> ...	2.0	0.186	free_topic	Passerine__order
compound<compound<nmod< ...	2.0	0.452	free_topic	Passerine__order
nmod<amod>advmod> most	2.0	0.577	free_topic	Passerine__order
compound<nmod< species	2.0	0.27	free_topic	Passerine__order
nmod<appos>advmod> ...	2.0	0.223	free_topic	Passerine__order
obl<advcl<nsubj> ...	2.0	0.304	free_topic	Passerine__order
nsubj<conj>case> ...	2.0	0.453	free_topic	Passerine__order
nsubj<nsubj<conj> ...	2.0	0.351	free_topic	Passerine__order
appos<parataxis> ...	2.0	0.434	free_topic	Passerine__order
nmod<conj<appos> ...	2.0	0.338	free_topic	Passerine__order
compound<obl<advcl> ...	2.0	0.364	free_topic	Passerine__order
compound<mark> ...	2.0	0.366	free_topic	Passerine__order
amod>conj>cc> ...	2.0	0.416	free_topic	Passerine__order
compound<conj<det> ...	2.0	0.446	free_topic	Passerine__order
obl<conj<obj> ...	2.0	0.358	free_topic	Passerine__order
obl<compound:prt> ...	2.0	0.305	free_topic	Passerine__order
appos<nsubj>appos> Prunella	2.0	0.484	free_topic	Passerine__order
nmod<acl:relcl<case> ...	2.0	0.319	free_topic	Passerine__order
obl<xcomp<cc> ...	2.0	0.248	free_topic	Passerine__order
nsubj< be	2.0	0.932	free_topic	Passerine__order
appos>det> a	2.0	0.327	free_topic	Passerine__order
obl<parataxis<cop> ...	2.0	0.319	free_topic	Passerine__order
obl<advmod> slightly	2.0	0.302	free_topic	Passerine__order
obl<amod> ...	2.0	0.245	free_topic	Passerine__order
nsubj<acl> ...	2.0	0.37	free_topic	Passerine__order
obj<nsubj> which	2.0	0.477	free_topic	Passerine__order
conj<nsubj<parataxis< goldfinch	2.0	0.338	free_topic	Passerine__order
conj<nsubj<expl> there	2.0	0.469	free_topic	Passerine__order
conj<nmod<nsubj< ...	2.0	0.56	free_topic	Passerine__order
appos<nmod>flat> ...	2.0	0.314	free_topic	Passerine__order
compound< video	2.0	0.426	free_topic	Passerine__order
conj<nsubj< be	2.0	0.278	free_topic	Passerine__order
compound<obj<nsubj> ...	2.0	0.355	free_topic	Passerine__order
compound<obl<advcl< ...	2.0	0.308	free_topic	Passerine__order
nmod<advcl>obj> ...	2.0	0.229	free_topic	Passerine__order
compound<conj> photo	2.0	0.476	free_topic	Passerine__order
nmod<advcl> ...	2.0	0.208	free_topic	Passerine__order
appos<amod> German	2.0	0.387	free_topic	Passerine__order
compound<obl<nsubj:pass> ...	2.0	0.175	free_topic	Passerine__order
appos<nsubj> name	2.0	0.272	free_topic	Passerine__order
appos<nsubj>compound> genus	2.0	0.175	free_topic	Passerine__order
compound<appos<case> in	2.0	0.315	free_topic	Passerine__order
conj<nmod<obj< kill	2.0	0.744	free_topic	Passerine__order
conj<nmod>case> in	2.0	0.552	free_topic	Passerine__order
conj<obj<det> ...	2.0	0.443	free_topic	Passerine__order
obj<acl:relcl<case> ...	2.0	0.188	free_topic	Passerine__order
compound<obl<xcomp< ...	2.0	0.38	free_topic	Passerine__order
nsubj:pass<cc> ...	2.0	0.449	free_topic	Passerine__order
appos<obl>det> ...	2.0	0.47	free_topic	Passerine__order
nmod:poss<nmod<obl< ...	2.0	0.352	free_topic	Passerine__order
nmod<obj<obl> ...	2.0	0.458	free_topic	Passerine__order
appos<obl>case> ...	2.0	0.266	free_topic	Passerine__order
obl:npmod< tail	2.0	0.429	free_topic	Passerine__order
conj<nmod< number	2.0	0.349	free_topic	Passerine__order
conj<nmod<amod> large	2.0	0.436	free_topic	Passerine__order
nsubj:pass<ccomp<nsubj> ...	2.0	0.368	free_topic	Passerine__order
obl<conj<appos> ...	2.0	0.278	free_topic	Passerine__order
nsubj<advcl>nsubj> it	2.0	0.327	free_topic	Passerine__order
appos>nmod>case> to	2.0	0.191	free_topic	Passerine__order
nmod<conj<aux:pass> be	2.0	0.583	free_topic	Passerine__order
obl<xcomp<conj< ...	2.0	0.186	free_topic	Passerine__order
nmod:poss>det> ...	2.0	0.444	free_topic	Passerine__order
obl<obl>nmod:poss> its	2.0	0.436	free_topic	Passerine__order
appos<appos>nmod> braun	2.0	0.356	free_topic	Passerine__order
nsubj<acl>advcl> ...	2.0	0.357	free_topic	Passerine__order
conj<obl>case> in	2.0	0.487	free_topic	Passerine__order
nsubj<expl> there	2.0	0.411	free_topic	Passerine__order
nsubj:pass<ccomp< ...	2.0	0.488	free_topic	Passerine__order
appos<advmod> ...	2.0	0.363	free_topic	Passerine__order
flat> press	2.0	0.249	free_topic	Passerine__order
compound<conj<cop> ...	2.0	0.355	free_topic	Passerine__order
nmod<obj> ...	2.0	0.365	free_topic	Passerine__order
appos<nsubj:pass>amod> ...	2.0	0.522	free_topic	Passerine__order
flat<nsubj<cop> be	2.0	0.363	free_topic	Passerine__order
compound<appos<amod> Eurasian	2.0	0.267	free_topic	Passerine__order
compound<appos<nsubj> species	2.0	0.499	free_topic	Passerine__order
flat<nsubj<det> a	2.0	0.353	free_topic	Passerine__order
nsubj:pass<conj<xcomp< ...	2.0	0.341	free_topic	Passerine__order
obl<xcomp<aux:pass> ...	2.0	0.31	free_topic	Passerine__order
nmod<nmod>flat> ...	2.0	0.197	free_topic	Passerine__order
obj<obl>appos> ...	2.0	0.354	free_topic	Passerine__order
flat> Hood	2.0	0.292	free_topic	Passerine__order
nsubj>nmod>det> ...	2.0	0.316	free_topic	Passerine__order
parataxis<nmod<compound> ...	2.0	0.229	free_topic	Passerine__order
nsubj<advcl>nsubj:pass> ...	2.0	0.503	free_topic	Passerine__order
nmod<case> than	2.0	0.449	free_topic	Passerine__order
conj<obl>case> from	2.0	0.436	free_topic	Passerine__order
appos<appos> diminutive	2.0	0.667	free_topic	Passerine__order
nsubj<advcl>aux:pass> ...	2.0	0.382	free_topic	Passerine__order
obj<advcl>conj> ...	2.0	0.284	free_topic	Passerine__order
appos<nmod<amod> ...	2.0	0.281	free_topic	Passerine__order
conj<nsubj<det> a	2.0	0.307	free_topic	Passerine__order
conj<aux> can	2.0	0.506	free_topic	Passerine__order
flat<nsubj:pass<obl> edition	2.0	0.218	free_topic	Passerine__order
flat<nsubj:pass<obl> 1758	2.0	0.229	free_topic	Passerine__order
amod>conj> ...	2.0	0.258	free_topic	Passerine__order
compound<obl<aux:pass> ...	2.0	0.259	free_topic	Passerine__order
appos<obl> ...	2.0	0.28	free_topic	Passerine__order
compound<conj> sound	2.0	0.271	free_topic	Passerine__order
nsubj:pass<conj<obj> ...	2.0	0.392	free_topic	Passerine__order
nmod<nsubj<det> a	2.0	0.39	free_topic	Passerine__order
nsubj>nmod>amod> ...	2.0	0.345	free_topic	Passerine__order
compound<nmod>compound> bird	2.0	0.275	free_topic	Passerine__order
obj<nsubj>det> a	2.0	0.293	free_topic	Passerine__order
obl<conj<ccomp< ...	2.0	0.335	free_topic	Passerine__order
compound<nmod> collection	2.0	0.307	free_topic	Passerine__order
obl<nsubj>det> a	2.0	0.424	free_topic	Passerine__order
conj<obl>case> by	2.0	0.534	free_topic	Passerine__order
nsubj:pass<conj<det> ...	2.0	0.421	free_topic	Passerine__order
obl<conj<mark> ...	2.0	0.18	free_topic	Passerine__order
nsubj>conj> ...	1.0	0.242	free_topic	Passerine__order
nsubj>conj>cc> ...	1.0	0.405	free_topic	Passerine__order
advcl>conj> ...	1.0	0.243	free_topic	Passerine__order
advcl>conj>cc> ...	1.0	0.252	free_topic	Passerine__order
nsubj>conj>amod> ...	1.0	0.333	free_topic	Passerine__order
conj<advcl< ...	1.0	0.257	free_topic	Passerine__order
conj>aux:pass> ...	1.0	0.254	free_topic	Passerine__order
conj<mark> ...	1.0	0.378	free_topic	Passerine__order
conj<advcl<aux:pass> ...	1.0	0.263	free_topic	Passerine__order
conj<advcl<nsubj:pass> ...	1.0	0.441	free_topic	Passerine__order
advcl>conj>obl> ...	1.0	0.534	free_topic	Passerine__order
conj>obl>compound> ...	1.0	0.35	free_topic	Passerine__order
conj<advcl<obl> ...	1.0	0.36	free_topic	Passerine__order
advcl>obj> ...	1.0	0.363	free_topic	Passerine__order
compound<appos<conj> finch	1.0	0.426	free_topic	Passerine__order
nsubj:pass<obj> ...	1.0	0.3	free_topic	Passerine__order
compound>conj>cc> and	1.0	0.548	free_topic	Passerine__order
conj<appos>appos> ...	1.0	0.305	free_topic	Passerine__order
nmod<obj<nsubj> it	1.0	0.356	free_topic	Passerine__order
nsubj<obl:tmod> ...	1.0	0.455	free_topic	Passerine__order
appos<conj<obj< ...	1.0	0.369	free_topic	Passerine__order
conj>cop> ...	1.0	0.226	free_topic	Passerine__order
advcl>mark> ...	1.0	0.413	free_topic	Passerine__order
advcl>nsubj> ...	1.0	0.505	free_topic	Passerine__order
advcl> ...	1.0	0.511	free_topic	Passerine__order
appos<conj<cop> be	1.0	0.427	free_topic	Passerine__order
nsubj<advcl>advmod> not	1.0	0.48	free_topic	Passerine__order
compound<case>fixed> as	1.0	0.426	free_topic	Passerine__order
compound<parataxis<compound> ...	1.0	0.472	free_topic	Passerine__order
compound<parataxis< ...	1.0	0.418	free_topic	Passerine__order
nsubj<nmod>compound> passerine	1.0	0.395	free_topic	Passerine__order
conj<nmod>case> include	1.0	0.42	free_topic	Passerine__order
conj<appos>nummod> ...	1.0	0.389	free_topic	Passerine__order
appos<conj> chough	1.0	0.773	free_topic	Passerine__order
obl<xcomp<obj> ...	1.0	0.306	free_topic	Passerine__order
conj<advcl>obj> ...	1.0	0.357	free_topic	Passerine__order
obl<xcomp<advcl< ...	1.0	0.37	free_topic	Passerine__order
appos<conj<cop> ...	1.0	0.427	free_topic	Passerine__order
appos<conj<amod> ...	1.0	0.267	free_topic	Passerine__order
appos<conj<acl:relcl> ...	1.0	0.419	free_topic	Passerine__order
appos<conj<nsubj> ...	1.0	0.323	free_topic	Passerine__order
conj<nsubj:pass<advmod> typically	1.0	0.519	free_topic	Passerine__order
conj<conj> species	1.0	0.81	free_topic	Passerine__order
appos>nmod>conj> ...	1.0	0.518	free_topic	Passerine__order
compound<nmod<case> for	1.0	0.291	free_topic	Passerine__order
conj<amod>advmod> black	1.0	0.273	free_topic	Passerine__order
nsubj<conj>compound> ...	1.0	0.398	free_topic	Passerine__order
nmod<conj<nmod< ...	1.0	0.407	free_topic	Passerine__order
nmod:poss< song	1.0	0.29	free_topic	Passerine__order
nmod> America	1.0	0.483	free_topic	Passerine__order
nmod>compound> North	1.0	0.428	free_topic	Passerine__order
appos<amod> Eurasian	1.0	0.376	free_topic	Passerine__order
obl<nsubj>conj> ...	1.0	0.332	free_topic	Passerine__order
conj<nmod>conj> ...	1.0	0.397	free_topic	Passerine__order
obl<acl<case> of	1.0	0.442	free_topic	Passerine__order
nsubj<obl>amod> recent	1.0	0.144	free_topic	Passerine__order
nsubj:pass<obl> ability	1.0	0.595	free_topic	Passerine__order
nsubj:pass<obl>amod> vocal	1.0	0.476	free_topic	Passerine__order
obj<acl:relcl<det> the	1.0	0.366	free_topic	Passerine__order
acl:relcl>obj>conj> ...	1.0	0.562	free_topic	Passerine__order
compound<compound< species	1.0	0.234	free_topic	Passerine__order
nmod<nsubj<det> the	1.0	0.343	free_topic	Passerine__order
nsubj<obj>amod> natural	1.0	0.476	free_topic	Passerine__order
appos<nmod>case> for	1.0	0.543	free_topic	Passerine__order
appos<obj< have	1.0	0.568	free_topic	Passerine__order
compound<appos<case> with	1.0	0.276	free_topic	Passerine__order
compound>conj> ...	1.0	0.259	free_topic	Passerine__order
obl< use	1.0	0.557	free_topic	Passerine__order
compound>conj>cc> ...	1.0	0.441	free_topic	Passerine__order
appos<conj<appos< ...	1.0	0.441	free_topic	Passerine__order
nsubj<mark> where	1.0	0.409	free_topic	Passerine__order
obl<nsubj>nmod:poss> ...	1.0	0.216	free_topic	Passerine__order
compound<obj<aux> ...	1.0	0.402	free_topic	Passerine__order
acl:relcl>obj>det> a	1.0	0.351	free_topic	Passerine__order
acl:relcl> contain	1.0	0.287	free_topic	Passerine__order
appos>flat> monedula	1.0	0.612	free_topic	Passerine__order
nmod>nmod>nummod> ...	1.0	0.231	free_topic	Passerine__order
obl<nmod>case> ...	1.0	0.38	free_topic	Passerine__order
conj>nmod:poss> its	1.0	0.416	free_topic	Passerine__order
nsubj:pass<cc> and	1.0	0.493	free_topic	Passerine__order
nsubj:pass<obl>nummod> ...	1.0	0.224	free_topic	Passerine__order
obl>case> with	1.0	0.305	free_topic	Passerine__order
compound<compound<case> in	1.0	0.384	free_topic	Passerine__order
appos<nsubj<ccomp< ...	1.0	0.402	free_topic	Passerine__order
amod>obl:npmod> large	1.0	0.246	free_topic	Passerine__order
nsubj<case> among	1.0	0.247	free_topic	Passerine__order
nsubj<obl>det> some	1.0	0.629	free_topic	Passerine__order
amod>advmod> very	1.0	0.434	free_topic	Passerine__order
obl>case> in	1.0	0.396	free_topic	Passerine__order
nsubj> warbler	1.0	0.295	free_topic	Passerine__order
obl<nmod> ...	1.0	0.213	free_topic	Passerine__order
conj<conj>nmod> Europe	1.0	0.305	free_topic	Passerine__order
obl>det> some	1.0	0.398	free_topic	Passerine__order
conj<parataxis> ...	1.0	0.155	free_topic	Passerine__order
nsubj<aux> do	1.0	0.583	free_topic	Passerine__order
nmod<obl<aux> have	1.0	0.318	free_topic	Passerine__order
nmod<obl<cc> but	1.0	0.295	free_topic	Passerine__order
conj<parataxis>nsubj> ...	1.0	0.401	free_topic	Passerine__order
obl<obl>nummod> ...	1.0	0.327	free_topic	Passerine__order
parataxis>nmod> paradise	1.0	0.51	free_topic	Passerine__order
obl<advcl>aux> ...	1.0	0.395	free_topic	Passerine__order
parataxis>nmod>case> of	1.0	0.324	free_topic	Passerine__order
parataxis> bird	1.0	0.374	free_topic	Passerine__order
compound<nmod<compound> passerine	1.0	0.643	free_topic	Passerine__order
compound<nmod<nsubj> bird	1.0	0.305	free_topic	Passerine__order
obj<aux> may	1.0	0.477	free_topic	Passerine__order
appos<parataxis>nsubj> ...	1.0	0.49	free_topic	Passerine__order
acl> live	1.0	0.506	free_topic	Passerine__order
parataxis>nsubj> ...	1.0	0.241	free_topic	Passerine__order
conj>compound>flat> ...	1.0	0.513	free_topic	Passerine__order
nsubj<xcomp>advmod> ...	1.0	0.642	free_topic	Passerine__order
nmod<appos>det> a	1.0	0.539	free_topic	Passerine__order
conj<nsubj:pass<aux> have	1.0	0.149	free_topic	Passerine__order
conj<nmod> bird	1.0	0.468	free_topic	Passerine__order
obl<conj< pale	1.0	0.305	free_topic	Passerine__order
nmod<nsubj:pass< know	1.0	0.567	free_topic	Passerine__order
nmod<nsubj:pass<aux> have	1.0	0.309	free_topic	Passerine__order
obl<advcl>mark> to	1.0	0.601	free_topic	Passerine__order
nmod<conj>nmod> paradise	1.0	0.403	free_topic	Passerine__order
appos<nsubj<xcomp> ...	1.0	0.499	free_topic	Passerine__order
appos<nsubj<cc> ...	1.0	0.532	free_topic	Passerine__order
appos<nsubj<conj< ...	1.0	0.421	free_topic	Passerine__order
conj<obl<acl< ...	1.0	0.543	free_topic	Passerine__order
flat< Genus	1.0	0.211	free_topic	Passerine__order
nmod<conj>det> the	1.0	0.473	free_topic	Passerine__order
obj<nmod>nmod> ...	1.0	0.149	free_topic	Passerine__order
obj<obl> Spain	1.0	0.376	free_topic	Passerine__order
compound>nmod> paradise	1.0	0.303	free_topic	Passerine__order
compound>nmod>case> of	1.0	0.434	free_topic	Passerine__order
appos>appos> voice	1.0	0.388	free_topic	Passerine__order
obl<conj>obl> range	1.0	0.2	free_topic	Passerine__order
nsubj:pass<obl>amod> many	1.0	0.576	free_topic	Passerine__order
obj<xcomp<advcl< ...	1.0	0.512	free_topic	Passerine__order
nmod<conj>cc> but	1.0	0.192	free_topic	Passerine__order
nmod<acl:relcl>cop> be	1.0	0.29	free_topic	Passerine__order
nmod>compound> family	1.0	0.453	free_topic	Passerine__order
nmod>compound>nmod> paradise	1.0	0.328	free_topic	Passerine__order
nmod>compound> bird	1.0	0.324	free_topic	Passerine__order
obl<parataxis<aux:pass> be	1.0	0.412	free_topic	Passerine__order
nmod<obj<xcomp< ...	1.0	0.22	free_topic	Passerine__order
compound<appos<amod> common	1.0	0.241	free_topic	Passerine__order
nmod>conj>cc> and	1.0	0.398	free_topic	Passerine__order
nmod<nmod>case> to	1.0	0.4	free_topic	Passerine__order
conj<nsubj> some	1.0	0.276	free_topic	Passerine__order
conj<obj>nmod> ...	1.0	0.32	free_topic	Passerine__order
nmod<nmod>amod> many	1.0	0.706	free_topic	Passerine__order
nsubj<advcl>advmod> often	1.0	0.436	free_topic	Passerine__order
conj<nsubj>nmod> warbler	1.0	0.217	free_topic	Passerine__order
obl<parataxis>aux:pass> be	1.0	0.453	free_topic	Passerine__order
nmod>conj>cc> or	1.0	0.431	free_topic	Passerine__order
nmod<obj< show	1.0	0.602	free_topic	Passerine__order
obl<nsubj:pass>det> a	1.0	0.742	free_topic	Passerine__order
nmod<obj<acl< map	1.0	0.42	free_topic	Passerine__order
nsubj<advcl>mark> as	1.0	0.511	free_topic	Passerine__order
obj<nmod>det> ...	1.0	0.511	free_topic	Passerine__order
nsubj<conj<aux:pass> be	1.0	0.331	free_topic	Passerine__order
flat<compound< warbler	1.0	0.408	free_topic	Passerine__order
compound>appos> warbler	1.0	0.393	free_topic	Passerine__order
nsubj:pass<obl>det> this	1.0	0.601	free_topic	Passerine__order
nmod<appos<cop> ...	1.0	0.487	free_topic	Passerine__order
appos<obl<obj> ...	1.0	0.306	free_topic	Passerine__order
nsubj<parataxis<det> ...	1.0	0.456	free_topic	Passerine__order
nsubj<parataxis<compound> ...	1.0	0.239	free_topic	Passerine__order
conj<nmod:poss>case> ...	1.0	0.58	free_topic	Passerine__order
conj<nmod:poss> ...	1.0	0.289	free_topic	Passerine__order
obj<conj<cop> ...	1.0	0.637	free_topic	Passerine__order
nmod<appos<nsubj> ...	1.0	0.428	free_topic	Passerine__order
appos<nsubj:pass<obl> ...	1.0	0.199	free_topic	Passerine__order
appos<nsubj:pass< ...	1.0	0.292	free_topic	Passerine__order
obj<ccomp>aux> ...	1.0	0.36	free_topic	Passerine__order
nmod<conj<obj< ...	1.0	0.596	free_topic	Passerine__order
acl:relcl>nsubj>compound> ...	1.0	0.19	free_topic	Passerine__order
appos<nsubj:pass<aux:pass> ...	1.0	0.434	free_topic	Passerine__order
acl:relcl>nsubj>det> ...	1.0	0.427	free_topic	Passerine__order
obj<advcl<advmod> ...	1.0	0.394	free_topic	Passerine__order
compound<nsubj<compound> ...	1.0	0.345	free_topic	Passerine__order
nsubj<appos>det> ...	1.0	0.442	free_topic	Passerine__order
nsubj<appos>amod> ...	1.0	0.302	free_topic	Passerine__order
nsubj<appos>acl> ...	1.0	0.428	free_topic	Passerine__order
nsubj>acl> ...	1.0	0.444	free_topic	Passerine__order
obl<obj>conj> ...	1.0	0.303	free_topic	Passerine__order
nmod>amod>advmod> ...	1.0	0.17	free_topic	Passerine__order
nsubj<conj<cop> ...	1.0	0.61	free_topic	Passerine__order
nsubj<nummod> ...	1.0	0.239	free_topic	Passerine__order
obj<nsubj>case> ...	1.0	0.479	free_topic	Passerine__order
nsubj<advcl<obl> ...	1.0	0.45	free_topic	Passerine__order
conj<obj<parataxis< ...	1.0	0.559	free_topic	Passerine__order
nmod<nmod<nmod> ...	1.0	0.452	free_topic	Passerine__order
conj>advcl> ...	1.0	0.248	free_topic	Passerine__order
acl:relcl>obl>amod> ...	1.0	0.181	free_topic	Passerine__order
obl<advcl<xcomp> ...	1.0	0.266	free_topic	Passerine__order
obl<advcl<mark> ...	1.0	0.434	free_topic	Passerine__order
nsubj<parataxis>obl> ...	1.0	0.3	free_topic	Passerine__order
nsubj<parataxis>nsubj> ...	1.0	0.357	free_topic	Passerine__order
conj<acl>obl> ...	1.0	0.249	free_topic	Passerine__order
nsubj<parataxis<obj> ...	1.0	0.278	free_topic	Passerine__order
nsubj<conj>conj> ...	1.0	0.386	free_topic	Passerine__order
compound<nmod<nsubj< ...	1.0	0.529	free_topic	Passerine__order
compound<nmod<nummod> ...	1.0	0.316	free_topic	Passerine__order
compound<advmod> ...	1.0	0.608	free_topic	Passerine__order
nmod<nsubj<compound:prt> ...	1.0	0.526	free_topic	Passerine__order
obl<conj>compound> ...	1.0	0.279	free_topic	Passerine__order
obj<advcl>advmod> ...	1.0	0.281	free_topic	Passerine__order
nsubj:pass<advcl>amod> ...	1.0	0.338	free_topic	Passerine__order
nsubj:pass<advcl>cop> ...	1.0	0.518	free_topic	Passerine__order
obl<nsubj:pass>flat> ...	1.0	0.533	free_topic	Passerine__order
compound<flat< ...	1.0	0.365	free_topic	Passerine__order
obl<obl>appos> ...	1.0	0.177	free_topic	Passerine__order
nsubj<conj<obj> ...	1.0	0.531	free_topic	Passerine__order
obl<conj<obl< ...	1.0	0.336	free_topic	Passerine__order
obl<conj<case> ...	1.0	0.435	free_topic	Passerine__order
compound<amod>compound> ...	1.0	0.426	free_topic	Passerine__order
obl<advcl<acl< ...	1.0	0.439	free_topic	Passerine__order
nsubj<acl:relcl>conj> ...	1.0	0.293	free_topic	Passerine__order
compound<nmod:poss>case> ...	1.0	0.29	free_topic	Passerine__order
nsubj<acl:relcl> ...	1.0	0.461	free_topic	Passerine__order
nsubj<acl:relcl>aux> ...	1.0	0.376	free_topic	Passerine__order
nsubj<acl:relcl>nsubj> ...	1.0	0.355	free_topic	Passerine__order
compound<appos<list> ...	1.0	0.324	free_topic	Passerine__order
nsubj<acl:relcl<amod> ...	1.0	0.319	free_topic	Passerine__order
flat<flat>compound> ...	1.0	0.406	free_topic	Passerine__order
obl<acl<conj< ...	1.0	0.279	free_topic	Passerine__order
obl<acl<cc> ...	1.0	0.393	free_topic	Passerine__order
nmod>compound>compound> ...	1.0	0.183	free_topic	Passerine__order
obj<acl:relcl<obj< ...	1.0	0.331	free_topic	Passerine__order
nsubj<ccomp<nsubj:pass> ...	1.0	0.275	free_topic	Passerine__order
nsubj>flat> ...	1.0	0.304	free_topic	Passerine__order
nsubj<ccomp<aux:pass> ...	1.0	0.481	free_topic	Passerine__order
nsubj<ccomp<advmod> ...	1.0	0.328	free_topic	Passerine__order
conj>conj>parataxis> ...	1.0	0.498	free_topic	Passerine__order
conj>conj>cc> ...	1.0	0.25	free_topic	Passerine__order
obj>conj>conj> ...	1.0	0.429	free_topic	Passerine__order
nmod<nmod<obj> ...	1.0	0.312	free_topic	Passerine__order
nmod<appos<nmod< ...	1.0	0.377	free_topic	Passerine__order
nmod:poss<obl< ...	1.0	0.429	free_topic	Passerine__order
nsubj:pass<conj>nmod> ...	1.0	0.191	free_topic	Passerine__order
nsubj:pass<conj>amod> ...	1.0	0.302	free_topic	Passerine__order
conj<list>amod> ...	1.0	0.593	free_topic	Passerine__order
obj<xcomp> ...	1.0	0.326	free_topic	Passerine__order
conj<obj<aux> ...	1.0	0.564	free_topic	Passerine__order
conj>conj>compound> ...	1.0	0.391	free_topic	Passerine__order
conj<list>compound> ...	1.0	0.296	free_topic	Passerine__order
conj<list> ...	1.0	0.654	free_topic	Passerine__order
nsubj:pass<conj>det> ...	1.0	0.548	free_topic	Passerine__order
nmod:poss<obl<obl> ...	1.0	0.345	free_topic	Passerine__order
nmod:poss<obl<amod< ...	1.0	0.319	free_topic	Passerine__order
obl<nsubj>appos> ...	1.0	0.322	free_topic	Passerine__order
obl<ccomp> ...	1.0	0.324	free_topic	Passerine__order
nmod<amod>conj> ...	1.0	0.36	free_topic	Passerine__order
flat>compound> ...	1.0	0.319	free_topic	Passerine__order
appos<flat>compound> ...	1.0	0.253	free_topic	Passerine__order
appos<appos>flat> ...	1.0	0.425	free_topic	Passerine__order
nsubj<advcl>xcomp> ...	1.0	0.264	free_topic	Passerine__order
conj<appos<parataxis< ...	1.0	0.343	free_topic	Passerine__order
obj<ccomp>conj> ...	1.0	0.264	free_topic	Passerine__order
obl<acl:relcl<conj> ...	1.0	0.408	free_topic	Passerine__order
compound<list< ...	1.0	0.495	free_topic	Passerine__order
compound<list<list> ...	1.0	0.206	free_topic	Passerine__order
appos<list>amod> ...	1.0	0.369	free_topic	Passerine__order
obl<xcomp<nsubj:pass> ...	1.0	0.266	free_topic	Passerine__order
nmod<nmod>nmod> ...	1.0	0.202	free_topic	Passerine__order
list>compound>compound> ...	1.0	0.545	free_topic	Passerine__order
compound<parataxis>compound> ...	1.0	0.531	free_topic	Passerine__order
appos<amod>conj> ...	1.0	0.477	free_topic	Passerine__order
conj>acl> ...	1.0	0.377	free_topic	Passerine__order
conj>acl>obj> ...	1.0	0.294	free_topic	Passerine__order
nsubj<obj>appos> ...	1.0	0.288	free_topic	Passerine__order
flat<compound<appos< ...	1.0	0.279	free_topic	Passerine__order
appos>advmod> ...	1.0	0.219	free_topic	Passerine__order
compound>compound>amod> ...	1.0	0.426	free_topic	Passerine__order
compound<nsubj:pass<aux> ...	1.0	0.18	free_topic	Passerine__order
compound<nsubj> ...	1.0	0.427	free_topic	Passerine__order
obj<advcl<obl> ...	1.0	0.429	free_topic	Passerine__order
nmod<nsubj>conj> ...	1.0	0.186	free_topic	Passerine__order
nmod:poss<nmod<amod> ...	1.0	0.38	free_topic	Passerine__order
nmod:poss<compound> ...	1.0	0.221	free_topic	Passerine__order
nmod<conj>conj> ...	1.0	0.433	free_topic	Passerine__order
obl<parataxis>advcl> ...	1.0	0.503	free_topic	Passerine__order
nsubj<advcl<advmod> ...	1.0	0.399	free_topic	Passerine__order
nsubj:pass<obl>acl> ...	1.0	0.389	free_topic	Passerine__order
compound<acl:relcl>nsubj> ...	1.0	0.518	free_topic	Passerine__order
nmod<conj<acl> ...	1.0	0.476	free_topic	Passerine__order
nmod<conj<nsubj> ...	1.0	0.266	free_topic	Passerine__order
conj<amod>compound> ...	1.0	0.351	free_topic	Passerine__order
nmod<advmod>advmod> ...	1.0	0.637	free_topic	Passerine__order
compound<obj<acl< ...	1.0	0.231	free_topic	Passerine__order
nmod<nsubj<ccomp> ...	1.0	0.481	free_topic	Passerine__order
obl<nsubj:pass>nummod> ...	1.0	0.321	free_topic	Passerine__order
obl<acl<obl< ...	1.0	0.555	free_topic	Passerine__order
nmod<xcomp<obl> ...	1.0	0.406	free_topic	Passerine__order
conj<nmod<appos< ...	1.0	0.199	free_topic	Passerine__order
nsubj<parataxis>obj> ...	1.0	0.357	free_topic	Passerine__order
nsubj<parataxis>conj> ...	1.0	0.354	free_topic	Passerine__order
appos<nmod<compound> ...	1.0	0.34	free_topic	Passerine__order
compound<appos<nsubj< ...	1.0	0.513	free_topic	Passerine__order
nsubj>appos> ...	1.0	0.259	free_topic	Passerine__order
nsubj>appos>flat> ...	1.0	0.298	free_topic	Passerine__order
flat<compound>compound> ...	1.0	0.651	free_topic	Passerine__order
compound<compound>amod> ...	1.0	0.399	free_topic	Passerine__order
compound<conj<parataxis> ...	1.0	0.365	free_topic	Passerine__order
appos<obl>amod> ...	1.0	0.323	free_topic	Passerine__order
conj<obl>det> ...	1.0	0.351	free_topic	Passerine__order
conj<aux:pass> ...	1.0	0.398	free_topic	Passerine__order
conj<nsubj:pass> ...	1.0	0.374	free_topic	Passerine__order
nsubj<conj<xcomp> ...	1.0	0.39	free_topic	Passerine__order
conj<obj<advcl< ...	1.0	0.236	free_topic	Passerine__order
nmod>nummod> ...	1.0	0.342	free_topic	Passerine__order
nmod<xcomp<nsubj:pass> ...	1.0	0.322	free_topic	Passerine__order
conj<obj<acl< ...	1.0	0.42	free_topic	Passerine__order
obj<det> ...	1.0	0.671	free_topic	Passerine__order
obj<obl>flat> ...	1.0	0.436	free_topic	Passerine__order
nsubj:pass<conj<advmod> ...	1.0	0.385	free_topic	Passerine__order
nsubj<nmod>advmod> ...	1.0	0.514	free_topic	Passerine__order
obl<case> ...	1.0	0.431	free_topic	Passerine__order
nmod<xcomp<aux:pass> ...	1.0	0.421	free_topic	Passerine__order
nmod<xcomp<advmod> ...	1.0	0.338	free_topic	Passerine__order
compound<obl<cc> ...	1.0	0.332	free_topic	Passerine__order
nmod>nmod>amod> ...	1.0	0.311	free_topic	Passerine__order
conj>nmod:poss>case> ...	1.0	0.711	free_topic	Passerine__order
acl:relcl>cop> ...	1.0	0.297	free_topic	Passerine__order
nmod>nmod>compound> ...	1.0	0.394	free_topic	Passerine__order
conj>appos>amod> ...	1.0	0.328	free_topic	Passerine__order
compound<obl<conj< ...	1.0	0.316	free_topic	Passerine__order
ccomp< ...	1.0	0.148	free_topic	Passerine__order
ccomp<nsubj> ...	1.0	0.294	free_topic	Passerine__order
nsubj:pass<conj>xcomp> ...	1.0	0.323	free_topic	Passerine__order
nsubj:pass<conj>aux> ...	1.0	0.183	free_topic	Passerine__order
conj<obl>nmod> ...	1.0	0.252	free_topic	Passerine__order
obl<acl:relcl> ...	1.0	0.566	free_topic	Passerine__order
obl<acl:relcl>nsubj> ...	1.0	0.254	free_topic	Passerine__order
appos<obl<acl< ...	1.0	0.284	free_topic	Passerine__order
conj<nsubj<acl:relcl> ...	1.0	0.367	free_topic	Passerine__order
appos<conj<obl< ...	1.0	0.426	free_topic	Passerine__order
nsubj:pass<xcomp>cop> ...	1.0	0.287	free_topic	Passerine__order
nsubj:pass<xcomp>det> ...	1.0	0.384	free_topic	Passerine__order
nsubj:pass<xcomp>amod> ...	1.0	0.232	free_topic	Passerine__order
nsubj:pass<xcomp>nmod> ...	1.0	0.402	free_topic	Passerine__order
nsubj:pass<xcomp>obj> ...	1.0	0.337	free_topic	Passerine__order
compound<nmod>nmod:poss> ...	1.0	0.443	free_topic	Passerine__order
nmod<obl<advcl< ...	1.0	0.264	free_topic	Passerine__order
nmod<obl<mark> ...	1.0	0.288	free_topic	Passerine__order
conj>nmod>nmod> ...	1.0	0.386	free_topic	Passerine__order
acl>obl>appos> ...	1.0	0.3	free_topic	Passerine__order
nsubj<conj>nsubj:pass> ...	1.0	0.393	free_topic	Passerine__order
nsubj<conj>aux:pass> ...	1.0	0.636	free_topic	Passerine__order
appos<nsubj<nmod> ...	1.0	0.205	free_topic	Passerine__order
appos<nsubj<det> ...	1.0	0.181	free_topic	Passerine__order
appos<acl>obl> ...	1.0	0.323	free_topic	Passerine__order
conj<nmod>amod> ...	1.0	0.29	free_topic	Passerine__order
conj<compound>flat> ...	1.0	0.639	free_topic	Passerine__order
nsubj<acl>advmod> ...	1.0	0.569	free_topic	Passerine__order
nsubj<parataxis>aux:pass> ...	1.0	0.411	free_topic	Passerine__order
nmod<compound>amod> ...	1.0	0.217	free_topic	Passerine__order
nmod<appos>flat> ...	1.0	0.292	free_topic	Passerine__order
nmod<appos>nummod> ...	1.0	0.402	free_topic	Passerine__order
obl<conj>nmod> ...	1.0	0.511	free_topic	Passerine__order
nsubj<acl>obj> ...	1.0	0.255	free_topic	Passerine__order
obl<parataxis>obj> ...	1.0	0.347	free_topic	Passerine__order
nmod>nmod>nmod:poss> ...	1.0	0.339	free_topic	Passerine__order
obj<acl:relcl<obl< ...	1.0	0.32	free_topic	Passerine__order
obl<obl>advmod> ...	1.0	0.44	free_topic	Passerine__order
nsubj<parataxis<cop> ...	1.0	0.448	free_topic	Passerine__order
nsubj:pass<appos>amod> ...	1.0	0.483	free_topic	Passerine__order
nsubj:pass<appos> ...	1.0	0.352	free_topic	Passerine__order
nsubj:pass<conj>nsubj> ...	1.0	0.479	free_topic	Passerine__order
conj<nsubj<conj> ...	1.0	0.394	free_topic	Passerine__order
compound<nmod>conj> ...	1.0	0.276	free_topic	Passerine__order
nsubj:pass<conj>obj> ...	1.0	0.328	free_topic	Passerine__order
nsubj:pass<conj>aux:pass> ...	1.0	0.375	free_topic	Passerine__order
nsubj:pass<conj>nsubj:pass> ...	1.0	0.457	free_topic	Passerine__order
compound>compound>compound> ...	1.0	0.257	free_topic	Passerine__order
nsubj<ccomp<ccomp< ...	1.0	0.312	free_topic	Passerine__order
nsubj<compound:prt> ...	1.0	0.438	free_topic	Passerine__order
nsubj<obl>nmod:npmod> ...	1.0	0.491	free_topic	Passerine__order
conj<appos<nsubj> ...	1.0	0.552	free_topic	Passerine__order
nsubj<obl>acl:relcl> ...	1.0	0.513	free_topic	Passerine__order
advmod>obl> ...	1.0	0.4	free_topic	Passerine__order
advmod>obl>amod> ...	1.0	0.345	free_topic	Passerine__order
acl>mark> ...	1.0	0.297	free_topic	Passerine__order
advmod>obl>case> ...	1.0	0.312	free_topic	Passerine__order
conj>nsubj> ...	1.0	0.372	free_topic	Passerine__order
conj>xcomp>mark> ...	1.0	0.538	free_topic	Passerine__order
conj>xcomp> ...	1.0	0.446	free_topic	Passerine__order
conj<nsubj<parataxis> ...	1.0	0.19	free_topic	Passerine__order
conj>xcomp>obl> ...	1.0	0.145	free_topic	Passerine__order
xcomp<nsubj:pass> ...	1.0	0.558	free_topic	Passerine__order
xcomp<aux:pass> ...	1.0	0.489	free_topic	Passerine__order
xcomp< ...	1.0	0.178	free_topic	Passerine__order
acl:relcl>ccomp>nsubj> ...	1.0	0.403	free_topic	Passerine__order
parataxis<advcl>obl> ...	1.0	0.195	free_topic	Passerine__order
nsubj:pass<conj>case> ...	1.0	0.337	free_topic	Passerine__order
flat<appos<amod> ...	1.0	0.359	free_topic	Passerine__order
nsubj:pass<conj>compound> ...	1.0	0.419	free_topic	Passerine__order
parataxis<advcl>mark> ...	1.0	0.46	free_topic	Passerine__order
parataxis<advcl> ...	1.0	0.332	free_topic	Passerine__order
nsubj:pass<parataxis<advmod> ...	1.0	0.218	free_topic	Passerine__order
parataxis<conj>cc> ...	1.0	0.314	free_topic	Passerine__order
parataxis<conj>det> ...	1.0	0.335	free_topic	Passerine__order
parataxis<conj>amod> ...	1.0	0.482	free_topic	Passerine__order
parataxis<conj> ...	1.0	0.357	free_topic	Passerine__order
obl<parataxis>nsubj> ...	1.0	0.149	free_topic	Passerine__order
advmod>advmod> ...	1.0	0.493	free_topic	Passerine__order
nsubj:pass<parataxis<obl> ...	1.0	0.29	free_topic	Passerine__order
nsubj:pass<parataxis<obj> ...	1.0	0.216	free_topic	Passerine__order
acl:relcl>ccomp>advmod> ...	1.0	0.396	free_topic	Passerine__order
acl:relcl>ccomp> ...	1.0	0.501	free_topic	Passerine__order
acl:relcl>ccomp>obl> ...	1.0	0.396	free_topic	Passerine__order
compound<nmod<nmod> ...	1.0	0.223	free_topic	Passerine__order
compound<nsubj:pass<obl> ...	1.0	0.203	free_topic	Passerine__order
obl<parataxis<advmod> ...	1.0	0.39	free_topic	Passerine__order
nsubj:pass<parataxis< ...	1.0	0.43	free_topic	Passerine__order
obj<acl<nmod< ...	1.0	0.207	free_topic	Passerine__order
acl>obj> ...	1.0	0.481	free_topic	Passerine__order
nsubj:pass<parataxis<nsubj> ...	1.0	0.228	free_topic	Passerine__order
obl<obj>nummod> ...	1.0	0.268	free_topic	Passerine__order
obl<acl<appos< ...	1.0	0.473	free_topic	Passerine__order
compound<nmod>nummod> ...	1.0	0.419	free_topic	Passerine__order
conj<advcl>conj> ...	1.0	0.244	free_topic	Passerine__order
nmod<obj<aux> ...	1.0	0.383	free_topic	Passerine__order
nmod<nsubj<mark> ...	1.0	0.196	free_topic	Passerine__order
conj<amod>conj> ...	1.0	0.374	free_topic	Passerine__order
conj<obj<cc> ...	1.0	0.414	free_topic	Passerine__order
conj<obj<conj< ...	1.0	0.249	free_topic	Passerine__order
nmod<nsubj>nmod> ...	1.0	0.333	free_topic	Passerine__order
nmod<nsubj<advcl< ...	1.0	0.465	free_topic	Passerine__order
compound<compound<compound< ...	1.0	0.27	free_topic	Passerine__order
nsubj<acl>obl> ...	1.0	0.624	free_topic	Passerine__order
obl<acl<nummod> ...	1.0	0.295	free_topic	Passerine__order
obj<ccomp< ...	1.0	0.218	free_topic	Passerine__order
nmod<nsubj>nmod:poss> ...	1.0	0.386	free_topic	Passerine__order
obj<nsubj>nummod> ...	1.0	0.406	free_topic	Passerine__order
conj<conj<case> ...	1.0	0.314	free_topic	Passerine__order
obl<conj<advmod> ...	1.0	0.371	free_topic	Passerine__order
conj<cc> ...	1.0	0.376	free_topic	Passerine__order
conj<advcl>nsubj> ...	1.0	0.359	free_topic	Passerine__order
conj<amod< ...	1.0	0.322	free_topic	Passerine__order
appos<compound<conj< ...	1.0	0.311	free_topic	Passerine__order
nmod<nsubj<nmod> ...	1.0	0.406	free_topic	Passerine__order
aux> ...	1.0	0.455	free_topic	Passerine__order
obl<acl:relcl<cop> ...	1.0	0.497	free_topic	Passerine__order
obl<acl:relcl<nsubj> ...	1.0	0.362	free_topic	Passerine__order
compound<conj<case> ...	1.0	0.295	free_topic	Passerine__order
nmod<nmod:poss> ...	1.0	0.414	free_topic	Passerine__order
compound<conj<obl< ...	1.0	0.393	free_topic	Passerine__order
nmod<nmod:poss>case> ...	1.0	0.252	free_topic	Passerine__order
compound<nmod<acl:relcl> ...	1.0	0.211	free_topic	Passerine__order
appos<nmod>nmod> ...	1.0	0.473	free_topic	Passerine__order
appos<compound<compound> ...	1.0	0.293	free_topic	Passerine__order
compound<nmod<acl> ...	1.0	0.292	free_topic	Passerine__order
nmod<appos<obj> ...	1.0	0.341	free_topic	Passerine__order
compound<nmod<advmod> ...	1.0	0.352	free_topic	Passerine__order
compound<nmod<cc> ...	1.0	0.291	free_topic	Passerine__order
nmod<obl<obj> ...	1.0	0.418	free_topic	Passerine__order
obj<obl>case> to	1.0	0.279	free_topic	Passerine__order
conj<obj>det> a	1.0	0.349	free_topic	Passerine__order
conj<obj>det> the	1.0	0.371	free_topic	Passerine__order
conj<det:predet> ...	1.0	0.457	free_topic	Passerine__order
appos<compound<appos> ...	1.0	0.318	free_topic	Passerine__order
compound>appos>compound> ...	1.0	0.374	free_topic	Passerine__order
appos>conj>amod> ...	1.0	0.399	free_topic	Passerine__order
nmod>conj>amod> ...	1.0	0.521	free_topic	Passerine__order
nmod>nmod> species	1.0	0.477	free_topic	Passerine__order
obl<parataxis>aux:pass> ...	1.0	0.453	free_topic	Passerine__order
nsubj<conj<aux> ...	1.0	0.236	free_topic	Passerine__order
conj<nsubj<mark> ...	1.0	0.529	free_topic	Passerine__order
conj<nsubj<amod> ...	1.0	0.401	free_topic	Passerine__order
appos<obl<conj> ...	1.0	0.65	free_topic	Passerine__order
obl<conj>conj> ...	1.0	0.528	free_topic	Passerine__order
conj<obl>appos> ...	1.0	0.285	free_topic	Passerine__order
obl>det> ...	1.0	0.34	free_topic	Passerine__order
conj<conj<conj> ...	1.0	0.344	free_topic	Passerine__order
conj<nsubj>nmod> ...	1.0	0.299	free_topic	Passerine__order
nsubj<conj<aux:pass> ...	1.0	0.331	free_topic	Passerine__order
nmod<nsubj>appos> ...	1.0	0.361	free_topic	Passerine__order
nsubj<advmod>advmod> ...	1.0	0.443	free_topic	Passerine__order
nsubj<ccomp>nsubj> ...	1.0	0.509	free_topic	Passerine__order
nmod<acl:relcl>cop> ...	1.0	0.29	free_topic	Passerine__order
nmod:poss<nmod>case> ...	1.0	0.343	free_topic	Passerine__order
nmod:poss<nmod> ...	1.0	0.128	free_topic	Passerine__order
nsubj:pass<obl>acl:relcl> ...	1.0	0.499	free_topic	Passerine__order
conj<nmod>case> among	1.0	0.455	free_topic	Passerine__order
obl<conj<conj> ...	1.0	0.328	free_topic	Passerine__order
nsubj>conj>cc> and	1.0	0.427	free_topic	Passerine__order
nmod<conj>obj> ...	1.0	0.285	free_topic	Passerine__order
obl<parataxis<nsubj:pass> ...	1.0	0.329	free_topic	Passerine__order
obl<parataxis<aux:pass> ...	1.0	0.412	free_topic	Passerine__order
conj>aux:pass> be	1.0	0.254	free_topic	Passerine__order
conj>obl>case> in	1.0	0.422	free_topic	Passerine__order
conj>cop> be	1.0	0.226	free_topic	Passerine__order
conj>nmod>case> on	1.0	0.461	free_topic	Passerine__order
conj<mark> as	1.0	0.319	free_topic	Passerine__order
compound<case>fixed> ...	1.0	0.426	free_topic	Passerine__order
conj<advcl<aux:pass> be	1.0	0.263	free_topic	Passerine__order
advcl>nsubj> they	1.0	0.492	free_topic	Passerine__order
advcl>conj>cc> and	1.0	0.252	free_topic	Passerine__order
nmod>compound>nmod> ...	1.0	0.328	free_topic	Passerine__order
conj>appos> warbler	1.0	0.39	free_topic	Passerine__order
nmod<obj<mark> to	1.0	0.444	free_topic	Passerine__order
appos<csubj> ...	1.0	0.208	free_topic	Passerine__order
appos<csubj>obl> ...	1.0	0.515	free_topic	Passerine__order
compound>nmod>case> ...	1.0	0.41	free_topic	Passerine__order
compound>nmod> ...	1.0	0.298	free_topic	Passerine__order
appos<obl>det> the	1.0	0.489	free_topic	Passerine__order
conj<nsubj<advcl< ...	1.0	0.124	free_topic	Passerine__order
conj<appos<amod> ...	1.0	0.189	free_topic	Passerine__order
nmod<appos>amod> ...	1.0	0.189	free_topic	Passerine__order
appos<nmod> paradise	1.0	0.388	free_topic	Passerine__order
nsubj<advmod> generally	1.0	0.662	free_topic	Passerine__order
nsubj<conj>advmod> also	1.0	0.578	free_topic	Passerine__order
nmod<nmod<nsubj:pass< ...	1.0	0.491	free_topic	Passerine__order
nmod<nmod<nmod< ...	1.0	0.218	free_topic	Passerine__order
nmod>appos>flat> ...	1.0	0.353	free_topic	Passerine__order
compound<obj<xcomp< ...	1.0	0.413	free_topic	Passerine__order
compound<obj<mark> ...	1.0	0.447	free_topic	Passerine__order
obj<conj<obj> ...	1.0	0.463	free_topic	Passerine__order
obl<advcl<advmod> ...	1.0	0.325	free_topic	Passerine__order
obl<amod> same	1.0	0.322	free_topic	Passerine__order
obl:npmod<amod<case> ...	1.0	0.169	free_topic	Passerine__order
nsubj<obj> bill	1.0	0.212	free_topic	Passerine__order
nmod<acl:relcl>obj> ...	1.0	0.537	free_topic	Passerine__order
compound<compound<det> ...	1.0	0.415	free_topic	Passerine__order
nsubj<conj>det> ...	1.0	0.255	free_topic	Passerine__order
nsubj<nsubj< ...	1.0	0.256	free_topic	Passerine__order
nsubj<advcl>acl:relcl> ...	1.0	0.378	free_topic	Passerine__order
obl:npmod<amod<nmod< ...	1.0	0.291	free_topic	Passerine__order
det> these	1.0	0.663	free_topic	Passerine__order
nmod<nsubj< be	1.0	0.49	free_topic	Passerine__order
nmod<nsubj<expl> there	1.0	0.401	free_topic	Passerine__order
nmod<conj<xcomp> ...	1.0	0.314	free_topic	Passerine__order
nmod<conj<nsubj:pass> ...	1.0	0.453	free_topic	Passerine__order
nmod<case> for	1.0	0.572	free_topic	Passerine__order
compound<compound<obl< ...	1.0	0.37	free_topic	Passerine__order
obj<obl>conj> ...	1.0	0.258	free_topic	Passerine__order
nmod:poss<nsubj< ...	1.0	0.387	free_topic	Passerine__order
obj<obl>acl> ...	1.0	0.288	free_topic	Passerine__order
nmod:poss<nsubj<obj> ...	1.0	0.388	free_topic	Passerine__order
flat<list> ...	1.0	0.21	free_topic	Passerine__order
obl<xcomp>obj> ...	1.0	0.244	free_topic	Passerine__order
obl<xcomp>obl> ...	1.0	0.325	free_topic	Passerine__order
conj<nmod>nmod> ...	1.0	0.419	free_topic	Passerine__order
obl<xcomp> ...	1.0	0.332	free_topic	Passerine__order
nmod<obl<cc> ...	1.0	0.294	free_topic	Passerine__order
nmod<conj>nmod> ...	1.0	0.305	free_topic	Passerine__order
parataxis>nmod>case> ...	1.0	0.302	free_topic	Passerine__order
parataxis>nmod> ...	1.0	0.323	free_topic	Passerine__order
nmod<appos>nmod> ...	1.0	0.146	free_topic	Passerine__order
nmod<conj>det> ...	1.0	0.473	free_topic	Passerine__order
nmod<nmod< call	1.0	0.594	free_topic	Passerine__order
acl:relcl>obj>nmod> ...	1.0	0.361	free_topic	Passerine__order
nmod<nsubj<amod> ...	1.0	0.369	free_topic	Passerine__order
nmod<nsubj<acl:relcl> ...	1.0	0.467	free_topic	Passerine__order
appos>compound> family	1.0	0.639	free_topic	Passerine__order
nsubj<conj> those	1.0	0.329	free_topic	Passerine__order
nsubj>nmod>compound> ...	1.0	0.555	free_topic	Passerine__order
nmod<nmod<compound> alarm	1.0	0.312	free_topic	Passerine__order
obl<advcl>mark> although	1.0	0.527	free_topic	Passerine__order
obl<compound> ...	1.0	0.204	free_topic	Passerine__order
appos<amod> great	1.0	0.517	free_topic	Passerine__order
nsubj<obj>amod> coastal	1.0	0.412	free_topic	Passerine__order
nsubj<advcl>mark> although	1.0	0.543	free_topic	Passerine__order
nsubj<conj>aux:pass> be	1.0	0.636	free_topic	Passerine__order
compound<obl< take	1.0	0.697	free_topic	Passerine__order
nsubj:pass<xcomp>det> a	1.0	0.351	free_topic	Passerine__order
nsubj:pass<xcomp>cop> be	1.0	0.287	free_topic	Passerine__order
appos<nsubj<det> a	1.0	0.181	free_topic	Passerine__order
appos<acl> know	1.0	0.455	free_topic	Passerine__order
appos<acl>advmod> also	1.0	0.284	free_topic	Passerine__order
nsubj:pass< take	1.0	0.45	free_topic	Passerine__order
conj>nmod>det> the	1.0	0.411	free_topic	Passerine__order
nmod>amod> southern	1.0	0.516	free_topic	Passerine__order
obl< find	1.0	0.432	free_topic	Passerine__order
obj<aux> do	1.0	0.443	free_topic	Passerine__order
obl<aux> may	1.0	0.363	free_topic	Passerine__order
compound<case> by	1.0	0.387	free_topic	Passerine__order
nmod> genus	1.0	0.655	free_topic	Passerine__order
nmod<obl<nsubj:pass> it	1.0	0.536	free_topic	Passerine__order
nsubj:pass<conj>nsubj> it	1.0	0.633	free_topic	Passerine__order
obl<nsubj:pass> it	1.0	0.577	free_topic	Passerine__order
nmod>nmod:poss> its	1.0	0.439	free_topic	Passerine__order
conj<obl>det> the	1.0	0.352	free_topic	Passerine__order
conj<aux:pass> be	1.0	0.398	free_topic	Passerine__order
nmod<nsubj< black	1.0	0.504	free_topic	Passerine__order
compound<nmod<nmod< group	1.0	0.501	free_topic	Passerine__order
nmod<nmod<case> to	1.0	0.315	free_topic	Passerine__order
obl<conj>det> the	1.0	0.523	free_topic	Passerine__order
obl<advcl>mark> as	1.0	0.671	free_topic	Passerine__order
obl<nsubj:pass>nummod> three	1.0	0.24	free_topic	Passerine__order
obl<acl<case> in	1.0	0.346	free_topic	Passerine__order
appos>compound> Turdus	1.0	0.604	free_topic	Passerine__order
obl<obl>case> as	1.0	0.441	free_topic	Passerine__order
compound<appos<det> a	1.0	0.233	free_topic	Passerine__order
appos<conj<case> in	1.0	0.197	free_topic	Passerine__order
nsubj<parataxis>aux> have	1.0	0.209	free_topic	Passerine__order
advmod> perhaps	1.0	0.404	free_topic	Passerine__order
appos<case> by	1.0	0.408	free_topic	Passerine__order
conj<det> this	1.0	0.176	free_topic	Passerine__order
nmod<advmod> where	1.0	0.591	free_topic	Passerine__order
nsubj<parataxis>aux:pass> be	1.0	0.411	free_topic	Passerine__order
acl>obl>case> by	1.0	0.283	free_topic	Passerine__order
nsubj<parataxis<cop> be	1.0	0.448	free_topic	Passerine__order
det> each	1.0	0.78	free_topic	Passerine__order
nsubj<obl>advmod> especially	1.0	0.354	free_topic	Passerine__order
nsubj<amod>advmod> highly	1.0	0.476	free_topic	Passerine__order
nmod<nsubj< fly	1.0	0.609	free_topic	Passerine__order
nmod<nsubj<aux> be	1.0	0.397	free_topic	Passerine__order
case> on	1.0	0.889	free_topic	Passerine__order
nummod> million	1.0	0.539	free_topic	Passerine__order
advmod> more	1.0	0.402	free_topic	Passerine__order
compound<obl< close	1.0	0.615	free_topic	Passerine__order
nsubj:pass<advmod> formally	1.0	0.537	free_topic	Passerine__order
nsubj:pass<cc> but	1.0	0.411	free_topic	Passerine__order
obj<obl>nmod:poss> he	1.0	0.383	free_topic	Passerine__order
obl<cc> but	1.0	0.496	free_topic	Passerine__order
obl<conj<advmod> only	1.0	0.454	free_topic	Passerine__order
aux> may	1.0	0.533	free_topic	Passerine__order
appos>amod> cultural	1.0	0.61	free_topic	Passerine__order
nmod<nmod:poss>case> 's	1.0	0.278	free_topic	Passerine__order
conj<obl> bird	1.0	0.416	free_topic	Passerine__order
acl>obl>case> to	1.0	0.34	free_topic	Passerine__order
acl>mark> to	1.0	0.299	free_topic	Passerine__order
advmod> apparently	1.0	0.434	free_topic	Passerine__order
compound< group	1.0	0.494	free_topic	Passerine__order
appos<obl>det> a	1.0	0.456	free_topic	Passerine__order
nsubj<cc> but	1.0	0.349	free_topic	Passerine__order
acl:relcl> lack	1.0	0.317	free_topic	Passerine__order
acl:relcl>nsubj> that	1.0	0.453	free_topic	Passerine__order
compound<amod> common	1.0	0.153	free_topic	Passerine__order
nmod<obj< include	1.0	0.511	free_topic	Passerine__order
compound< nests	1.0	0.407	free_topic	Passerine__order
nsubj:pass<conj>aux> have	1.0	0.181	free_topic	Passerine__order
nmod:poss<case> to	1.0	0.391	free_topic	Passerine__order
obl<xcomp<cc> and	1.0	0.233	free_topic	Passerine__order
conj<amod> ree	1.0	0.663	free_topic	Passerine__order
conj<obl< related	1.0	0.215	free_topic	Passerine__order
conj<obl<advmod> closely	1.0	0.526	free_topic	Passerine__order
acl:relcl>cop> be	1.0	0.297	free_topic	Passerine__order
conj>amod> ree	1.0	0.595	free_topic	Passerine__order
conj>nmod:poss>case> 's	1.0	0.711	free_topic	Passerine__order
obl<nsubj> most	1.0	0.667	free_topic	Passerine__order
obj<det> the	1.0	0.671	free_topic	Passerine__order
compound<case> as	1.0	0.109	free_topic	Passerine__order
compound<obl<cc> but	1.0	0.332	free_topic	Passerine__order
nsubj:pass<mark> although	1.0	0.215	free_topic	Passerine__order
compound<compound> name	1.0	0.475	free_topic	Passerine__order
compound<nmod< Naturae	1.0	0.318	free_topic	Passerine__order
compound<nmod<compound> Systema	1.0	0.359	free_topic	Passerine__order
compound<nmod<nmod:poss> he	1.0	0.486	free_topic	Passerine__order
compound<nmod<nmod< edition	1.0	0.279	free_topic	Passerine__order
nmod>compound> finch	1.0	0.346	free_topic	Passerine__order
nsubj<ccomp<nsubj> Aristotle	1.0	0.417	free_topic	Passerine__order
nmod<nsubj:pass<advmod> first	1.0	0.349	free_topic	Passerine__order
conj<nmod:poss>case> 's	1.0	0.58	free_topic	Passerine__order
conj<nmod<case> of	1.0	0.538	free_topic	Passerine__order
nmod<obj<mark> that	1.0	0.38	free_topic	Passerine__order
obl<advcl>mark> when	1.0	0.632	free_topic	Passerine__order
obl<aux> will	1.0	0.352	free_topic	Passerine__order
obl<nsubj> raven	1.0	0.425	free_topic	Passerine__order
nsubj<advcl>nsubj> they	1.0	0.386	free_topic	Passerine__order
nmod<nsubj<obj> tool	1.0	0.361	free_topic	Passerine__order
appos<case> for	1.0	0.622	free_topic	Passerine__order
nmod<nsubj<obl> part	1.0	0.504	free_topic	Passerine__order
appos<nsubj<advmod> also	1.0	0.483	free_topic	Passerine__order
appos<det> some	1.0	0.431	free_topic	Passerine__order
obl<acl< bird	1.0	0.261	free_topic	Passerine__order
conj>case> in	1.0	0.512	free_topic	Passerine__order
compound<nmod:poss>case> 's	1.0	0.382	free_topic	Passerine__order
nsubj<acl:relcl>nsubj> which	1.0	0.347	free_topic	Passerine__order
obj<obl>case> with	1.0	0.337	free_topic	Passerine__order
list> bird	1.0	0.393	free_topic	Passerine__order
conj<obj<conj> ree	1.0	0.344	free_topic	Passerine__order
cc> Acrocephalus	1.0	0.331	free_topic	Passerine__order
conj< warbler	1.0	0.385	free_topic	Passerine__order
conj<obj< ree	1.0	0.397	free_topic	Passerine__order
conj>conj>cc> Acrocephalus	1.0	0.25	free_topic	Passerine__order
conj>obj> warbler	1.0	0.444	free_topic	Passerine__order
nsubj> Basra	1.0	0.429	free_topic	Passerine__order
nmod<nsubj:pass< find	1.0	0.55	free_topic	Passerine__order
conj> ree	1.0	0.728	free_topic	Passerine__order
parataxis>obl>det> the	1.0	0.405	free_topic	Passerine__order
nmod<nsubj<obl> species	1.0	0.409	free_topic	Passerine__order
conj<obj> warbler	1.0	0.503	free_topic	Passerine__order
nmod<nsubj<parataxis> have	1.0	0.1	free_topic	Passerine__order
nmod<nmod>case> in	1.0	0.414	free_topic	Passerine__order
appos<nmod>case> at	1.0	0.332	free_topic	Passerine__order
compound<cop> be	1.0	0.383	free_topic	Passerine__order
obj<mark> while	1.0	0.534	free_topic	Passerine__order
compound<conj<obj< include	1.0	0.665	free_topic	Passerine__order
nsubj:pass< believe	1.0	0.447	free_topic	Passerine__order
nsubj:pass<obl>case> because	1.0	0.643	free_topic	Passerine__order
nsubj:pass<obl>amod> northern	1.0	0.416	free_topic	Passerine__order
conj<conj>amod> other	1.0	0.647	free_topic	Passerine__order
amod>advmod> most	1.0	0.348	free_topic	Passerine__order
nmod<nsubj>nmod> paradise	1.0	0.333	free_topic	Passerine__order
nsubj<nmod>amod> colourful	1.0	0.53	free_topic	Passerine__order
cc>fixed> as	1.0	0.323	free_topic	Passerine__order
cc>fixed> well	1.0	0.334	free_topic	Passerine__order
cc> as	1.0	0.495	free_topic	Passerine__order
nsubj<conj>aux> may	1.0	0.698	free_topic	Passerine__order
nsubj<advmod> highly	1.0	0.643	free_topic	Passerine__order
det> both	1.0	0.75	free_topic	Passerine__order
mark> that	1.0	0.298	free_topic	Passerine__order
nmod<xcomp<aux:pass> be	1.0	0.421	free_topic	Passerine__order
nmod<nmod< nest	1.0	0.465	free_topic	Passerine__order
nsubj<conj>aux> will	1.0	0.603	free_topic	Passerine__order
nsubj<advcl>obj> insect	1.0	0.358	free_topic	Passerine__order
nsubj<obl>nmod:poss> its	1.0	0.399	free_topic	Passerine__order
compound<nmod<nmod:poss> its	1.0	0.414	free_topic	Passerine__order
conj<nmod<amod> various	1.0	0.307	free_topic	Passerine__order
obl<acl:relcl<det> the	1.0	0.527	free_topic	Passerine__order
obl<acl:relcl<cop> be	1.0	0.497	free_topic	Passerine__order
nsubj<obl> winter	1.0	0.434	free_topic	Passerine__order
nsubj:pass<conj>aux:pass> be	1.0	0.375	free_topic	Passerine__order
nsubj:pass<obl>case> with	1.0	0.678	free_topic	Passerine__order
appos<nmod<det> the	1.0	0.398	free_topic	Passerine__order
conj>xcomp>mark> to	1.0	0.538	free_topic	Passerine__order
nsubj<obj>conj> population	1.0	0.742	free_topic	Passerine__order
nsubj<obj>amod> extensive	1.0	0.422	free_topic	Passerine__order
nmod<obj< resemble	1.0	0.698	free_topic	Passerine__order
obl<obl> winter	1.0	0.522	free_topic	Passerine__order
conj<obl<advcl> introduce	1.0	0.414	free_topic	Passerine__order
conj<obl< apply	1.0	0.23	free_topic	Passerine__order
conj<obl<advmod> not	1.0	0.434	free_topic	Passerine__order
conj<obl<aux> do	1.0	0.358	free_topic	Passerine__order
conj<obl<nsubj> U.S.	1.0	0.164	free_topic	Passerine__order
nsubj<obj>acl> estimate	1.0	0.155	free_topic	Passerine__order
nsubj<parataxis>advmod> so	1.0	0.559	free_topic	Passerine__order
nsubj<obl>case> like	1.0	0.803	free_topic	Passerine__order
nsubj:pass< distribute	1.0	0.439	free_topic	Passerine__order
compound<nmod< member	1.0	0.378	free_topic	Passerine__order
compound<nmod<amod> colourful	1.0	0.418	free_topic	Passerine__order
conj<obj<nsubj> which	1.0	0.441	free_topic	Passerine__order
nsubj<conj>aux> can	1.0	0.685	free_topic	Passerine__order
conj>amod> browed	1.0	0.506	free_topic	Passerine__order
nsubj<ccomp<obl> habitat	1.0	0.215	free_topic	Passerine__order
nsubj<ccomp<aux:pass> be	1.0	0.481	free_topic	Passerine__order
nsubj:pass<conj> breed	1.0	0.572	free_topic	Passerine__order
nsubj:pass<conj>det> the	1.0	0.548	free_topic	Passerine__order
nsubj:pass<nmod>case> in	1.0	0.218	free_topic	Passerine__order
nmod<nmod<case> in	1.0	0.292	free_topic	Passerine__order
nmod<nsubj< have	1.0	0.49	free_topic	Passerine__order
obj< kill	1.0	0.345	free_topic	Passerine__order
obj<aux> be	1.0	0.485	free_topic	Passerine__order
conj<obj<nsubj> that	1.0	0.414	free_topic	Passerine__order
nsubj<obl> species	1.0	0.537	free_topic	Passerine__order
nmod< member	1.0	0.455	free_topic	Passerine__order
conj<nmod<amod> small	1.0	0.433	free_topic	Passerine__order
compound<obl<advmod> together	1.0	0.728	free_topic	Passerine__order
compound<obl<nsubj> that	1.0	0.393	free_topic	Passerine__order
nsubj:pass<obl> species	1.0	0.525	free_topic	Passerine__order
nsubj:pass<advmod> now	1.0	0.593	free_topic	Passerine__order
acl>obl>det> a	1.0	0.289	free_topic	Passerine__order
acl>obl>case> as	1.0	0.298	free_topic	Passerine__order
nsubj< return	1.0	0.639	free_topic	Passerine__order
nsubj<obl>advmod> much	1.0	0.424	free_topic	Passerine__order
nmod<obl< belong	1.0	0.505	free_topic	Passerine__order
nsubj<advcl> avoid	1.0	0.513	free_topic	Passerine__order
nsubj<conj> move	1.0	0.368	free_topic	Passerine__order
nsubj<conj>det> the	1.0	0.286	free_topic	Passerine__order
nmod<obl<nsubj> it	1.0	0.444	free_topic	Passerine__order
nsubj<amod> Latin	1.0	0.252	free_topic	Passerine__order
nmod<amod> Latin	1.0	0.401	free_topic	Passerine__order
compound<compound<det> the	1.0	0.407	free_topic	Passerine__order
compound<compound<case> of	1.0	0.38	free_topic	Passerine__order
obl:npmod<amod<det> the	1.0	0.764	free_topic	Passerine__order
compound<obj<mark> to	1.0	0.48	free_topic	Passerine__order
compound<obj<xcomp< appear	1.0	0.432	free_topic	Passerine__order
obl<mark> as	1.0	0.626	free_topic	Passerine__order
obl<acl<nmod> crow	1.0	0.225	free_topic	Passerine__order
nmod<case> from	1.0	0.588	free_topic	Passerine__order
nmod<nmod< bird	1.0	0.707	free_topic	Passerine__order
nmod<nmod< size	1.0	0.41	free_topic	Passerine__order
nmod<nmod<nmod< bird	1.0	0.201	free_topic	Passerine__order
conj>cc> Corvus	1.0	0.809	free_topic	Passerine__order
nmod<conj< know	1.0	0.459	free_topic	Passerine__order
nmod<nmod>case> such	1.0	0.456	free_topic	Passerine__order
conj<amod> Eurasian	1.0	0.822	free_topic	Passerine__order
nsubj:pass<advmod> likely	1.0	0.508	free_topic	Passerine__order
nmod<appos<case> of	1.0	0.476	free_topic	Passerine__order
nmod<nmod<advmod> also	1.0	0.533	free_topic	Passerine__order
nmod<obl<nsubj> that	1.0	0.458	free_topic	Passerine__order
nmod<obl<aux> may	1.0	0.244	free_topic	Passerine__order
nmod:poss< nest	1.0	0.407	free_topic	Passerine__order
acl:relcl>nsubj> they	1.0	0.419	free_topic	Passerine__order
nmod<nmod<advmod> often	1.0	0.406	free_topic	Passerine__order
appos>compound> Chloris	1.0	0.445	free_topic	Passerine__order
nmod<nsubj< include	1.0	0.409	free_topic	Passerine__order
compound<appos<case> of	1.0	0.288	free_topic	Passerine__order
conj<obl< know	1.0	0.523	free_topic	Passerine__order
nsubj:pass<obl>nmod:poss> its	1.0	0.358	free_topic	Passerine__order
conj>nmod> prey	1.0	0.655	free_topic	Passerine__order
nmod<amod> various	1.0	0.45	free_topic	Passerine__order
nmod<obj< have	1.0	0.602	free_topic	Passerine__order
obl<advmod> not	1.0	0.381	free_topic	Passerine__order
obl<nsubj> that	1.0	0.649	free_topic	Passerine__order
nsubj<obl>case> with	1.0	0.815	free_topic	Passerine__order
nsubj:pass< distinguished	1.0	0.34	free_topic	Passerine__order
nsubj:pass<advcl>cop> be	1.0	0.518	free_topic	Passerine__order
acl>obl>case> at	1.0	0.397	free_topic	Passerine__order
obl<mark> that	1.0	0.589	free_topic	Passerine__order
conj<nmod>det> a	1.0	0.177	free_topic	Passerine__order
conj<nmod<nsubj:pass< know	1.0	0.521	free_topic	Passerine__order
conj<nmod<amod> several	1.0	0.395	free_topic	Passerine__order
obl<obl>case> with	1.0	0.373	free_topic	Passerine__order
obl<compound:prt> up	1.0	0.402	free_topic	Passerine__order
conj>amod> common	1.0	0.5	free_topic	Passerine__order
nsubj<obl> which	1.0	0.432	free_topic	Passerine__order
nsubj<acl:relcl<det> a	1.0	0.462	free_topic	Passerine__order
nsubj<acl:relcl<case> into	1.0	0.295	free_topic	Passerine__order
conj<conj>appos> crow	1.0	0.433	free_topic	Passerine__order
conj<conj>cc> as	1.0	0.456	free_topic	Passerine__order
conj<nmod<amod> classic	1.0	0.241	free_topic	Passerine__order
acl>obl>case> on	1.0	0.342	free_topic	Passerine__order
compound<appos<nmod> paradise	1.0	0.494	free_topic	Passerine__order
compound<appos< bird	1.0	0.466	free_topic	Passerine__order
nsubj<ccomp>aux> have	1.0	0.172	free_topic	Passerine__order
acl:relcl>obl>case> to	1.0	0.487	free_topic	Passerine__order
nsubj<obl> month	1.0	0.367	free_topic	Passerine__order
nsubj<ccomp<mark> that	1.0	0.314	free_topic	Passerine__order
compound<nmod>case> from	1.0	0.481	free_topic	Passerine__order
xcomp< consider	1.0	0.308	free_topic	Passerine__order
xcomp<aux:pass> be	1.0	0.489	free_topic	Passerine__order
conj>obl>case> during	1.0	0.454	free_topic	Passerine__order
nsubj<aux> be	1.0	0.514	free_topic	Passerine__order
nsubj<ccomp< suggest	1.0	0.455	free_topic	Passerine__order
nsubj:pass<conj>case> in	1.0	0.299	free_topic	Passerine__order
parataxis<conj>det> a	1.0	0.335	free_topic	Passerine__order
parataxis<conj>cc> and	1.0	0.348	free_topic	Passerine__order
obl<nsubj> group	1.0	0.587	free_topic	Passerine__order
obj<nsubj> name	1.0	0.408	free_topic	Passerine__order
advmod> also	1.0	0.33	free_topic	Passerine__order
obl<nsubj:pass> they	1.0	0.577	free_topic	Passerine__order
obj< take	1.0	0.427	free_topic	Passerine__order
obj<obl>case> during	1.0	0.238	free_topic	Passerine__order
compound<appos> PDF	1.0	0.372	free_topic	Passerine__order
nmod>compound> type	1.0	0.482	free_topic	Passerine__order
nmod>case> as	1.0	0.962	free_topic	Passerine__order
obj<conj<cop> be	1.0	0.637	free_topic	Passerine__order
nsubj:pass<advmod> also	1.0	0.603	free_topic	Passerine__order
nsubj< eat	1.0	0.878	free_topic	Passerine__order
nsubj<advmod> mainly	1.0	0.634	free_topic	Passerine__order
nsubj:pass<obl>det> some	1.0	0.664	free_topic	Passerine__order
nsubj:pass<obl> bird	1.0	0.599	free_topic	Passerine__order
conj<conj>amod> Eurasian	1.0	0.652	free_topic	Passerine__order
nsubj<obj>amod> short	1.0	0.313	free_topic	Passerine__order
appos>conj>cc> or	1.0	0.456	free_topic	Passerine__order
obl<advmod> then	1.0	0.558	free_topic	Passerine__order
nsubj<conj<cop> be	1.0	0.61	free_topic	Passerine__order
nmod<case> on	1.0	0.576	free_topic	Passerine__order
compound<amod> Eurasian	1.0	0.184	free_topic	Passerine__order
nsubj<advcl> eat	1.0	0.446	free_topic	Passerine__order
appos>appos> feed	1.0	0.637	free_topic	Passerine__order
conj<obj<nsubj> female	1.0	0.356	free_topic	Passerine__order
conj<obj<parataxis< tend	1.0	0.32	free_topic	Passerine__order
nsubj<conj>advmod> so	1.0	0.63	free_topic	Passerine__order
nsubj<appos>det> the	1.0	0.445	free_topic	Passerine__order
nsubj<acl:relcl< european	1.0	0.659	free_topic	Passerine__order
nsubj<acl:relcl<det> the	1.0	0.443	free_topic	Passerine__order
obl<advcl<mark> to	1.0	0.438	free_topic	Passerine__order
nsubj:pass<conj<det> a	1.0	0.47	free_topic	Passerine__order
acl:relcl>obl>det> the	1.0	0.289	free_topic	Passerine__order
nsubj<amod> common	1.0	0.434	free_topic	Passerine__order
obj< suggest	1.0	0.372	free_topic	Passerine__order
appos<nsubj< come	1.0	0.397	free_topic	Passerine__order
nsubj<conj<nsubj> these	1.0	0.551	free_topic	Passerine__order
obl<nsubj:pass> genus	1.0	0.688	free_topic	Passerine__order
nsubj<conj< include	1.0	0.284	free_topic	Passerine__order
nsubj<nmod> cuckoo	1.0	0.49	free_topic	Passerine__order
obj<mark> by	1.0	0.52	free_topic	Passerine__order
obj<advcl<aux> have	1.0	0.511	free_topic	Passerine__order
obj<conj>obj> it	1.0	0.254	free_topic	Passerine__order
nmod<appos<advmod> highly	1.0	0.519	free_topic	Passerine__order
nmod<appos<cop> be	1.0	0.487	free_topic	Passerine__order
appos<nsubj:pass<aux:pass> be	1.0	0.434	free_topic	Passerine__order
compound<amod> traditional	1.0	0.563	free_topic	Passerine__order
conj<appos<conj> turtle	1.0	0.339	free_topic	Passerine__order
conj<appos<conj> snakes	1.0	0.371	free_topic	Passerine__order
conj<appos< bird	1.0	0.264	free_topic	Passerine__order
conj> crow	1.0	0.803	free_topic	Passerine__order
appos<nmod< species	1.0	0.527	free_topic	Passerine__order
parataxis<compound> ...	1.0	0.465	free_topic	Passerine__order
case> ...	58.0	0.857	location_comment	Passerine__order
conj> ...	34.0	0.757	location_comment	Passerine__order
compound< ...	32.0	0.339	location_comment	Passerine__order
obl< ...	30.0	0.349	location_comment	Passerine__order
compound<conj<conj> ...	29.0	0.438	location_comment	Passerine__order
nmod< ...	25.0	0.479	location_comment	Passerine__order
det> ...	24.0	0.696	location_comment	Passerine__order
case> in	24.0	0.867	location_comment	Passerine__order
conj>cc> ...	23.0	0.656	location_comment	Passerine__order
conj<conj> ...	22.0	0.851	location_comment	Passerine__order
det> the	21.0	0.763	location_comment	Passerine__order
conj>cc> and	19.0	0.708	location_comment	Passerine__order
conj< ...	18.0	0.407	location_comment	Passerine__order
amod> ...	18.0	0.774	location_comment	Passerine__order
nmod<amod> ...	13.0	0.425	location_comment	Passerine__order
cc> ...	12.0	0.317	location_comment	Passerine__order
compound<case> ...	12.0	0.178	location_comment	Passerine__order
nmod>case> ...	12.0	0.904	location_comment	Passerine__order
nmod<case> ...	11.0	0.567	location_comment	Passerine__order
compound<conj< ...	11.0	0.379	location_comment	Passerine__order
nmod> ...	11.0	0.561	location_comment	Passerine__order
obl<nsubj> ...	11.0	0.564	location_comment	Passerine__order
case> of	11.0	0.846	location_comment	Passerine__order
conj>amod> ...	10.0	0.503	location_comment	Passerine__order
compound<cc> ...	10.0	0.254	location_comment	Passerine__order
compound<conj<conj> warbler	10.0	0.571	location_comment	Passerine__order
conj<amod> ...	10.0	0.71	location_comment	Passerine__order
conj<case> ...	10.0	0.422	location_comment	Passerine__order
obl<obl> ...	9.0	0.393	location_comment	Passerine__order
obl<advmod> ...	9.0	0.321	location_comment	Passerine__order
compound> ...	9.0	0.344	location_comment	Passerine__order
compound<amod> ...	9.0	0.23	location_comment	Passerine__order
obl<obl>case> ...	9.0	0.378	location_comment	Passerine__order
conj<conj>amod> ...	8.0	0.654	location_comment	Passerine__order
obl<aux:pass> be	8.0	0.332	location_comment	Passerine__order
conj<conj>cc> ...	8.0	0.493	location_comment	Passerine__order
conj>compound> ...	8.0	0.256	location_comment	Passerine__order
compound<nmod< ...	8.0	0.295	location_comment	Passerine__order
cc> and	8.0	0.439	location_comment	Passerine__order
obl<aux:pass> ...	8.0	0.332	location_comment	Passerine__order
nmod<det> ...	8.0	0.579	location_comment	Passerine__order
nmod<nmod> ...	8.0	0.524	location_comment	Passerine__order
nmod<obl< ...	7.0	0.238	location_comment	Passerine__order
obl<nsubj:pass> ...	7.0	0.546	location_comment	Passerine__order
obl<obl>nmod> ...	7.0	0.472	location_comment	Passerine__order
compound< warbler	7.0	0.591	location_comment	Passerine__order
compound<det> ...	7.0	0.669	location_comment	Passerine__order
nmod<nmod>case> ...	7.0	0.346	location_comment	Passerine__order
case> on	6.0	0.889	location_comment	Passerine__order
compound<cc> and	6.0	0.344	location_comment	Passerine__order
obj< ...	6.0	0.303	location_comment	Passerine__order
parataxis<nmod>conj> ...	6.0	0.283	location_comment	Passerine__order
nmod<amod>advmod> ...	6.0	0.594	location_comment	Passerine__order
nmod>case> of	6.0	0.996	location_comment	Passerine__order
compound<conj<case> ...	6.0	0.295	location_comment	Passerine__order
obl<advcl< ...	5.0	0.503	location_comment	Passerine__order
conj<det> the	5.0	0.28	location_comment	Passerine__order
conj<nmod> ...	5.0	0.351	location_comment	Passerine__order
conj<nmod>case> ...	5.0	0.513	location_comment	Passerine__order
conj<det> ...	5.0	0.229	location_comment	Passerine__order
conj<conj>cc> and	5.0	0.429	location_comment	Passerine__order
nsubj< ...	5.0	0.796	location_comment	Passerine__order
obl<acl<conj> ...	5.0	0.229	location_comment	Passerine__order
conj<obl< ...	5.0	0.33	location_comment	Passerine__order
nmod<conj<conj> ...	5.0	0.248	location_comment	Passerine__order
compound<compound> ...	5.0	0.294	location_comment	Passerine__order
appos> ...	5.0	0.446	location_comment	Passerine__order
nmod<det> the	5.0	0.636	location_comment	Passerine__order
nmod<compound> ...	5.0	0.251	location_comment	Passerine__order
obl< breed	4.0	0.333	location_comment	Passerine__order
obl<obl>amod> ...	4.0	0.275	location_comment	Passerine__order
obl<conj> ...	4.0	0.341	location_comment	Passerine__order
compound<conj> ...	4.0	0.393	location_comment	Passerine__order
compound<conj<appos> ...	4.0	0.353	location_comment	Passerine__order
obl<obl>det> ...	4.0	0.374	location_comment	Passerine__order
compound<nmod<case> ...	4.0	0.369	location_comment	Passerine__order
nmod<obl<aux:pass> be	4.0	0.248	location_comment	Passerine__order
compound<appos> ...	4.0	0.268	location_comment	Passerine__order
conj>det> ...	4.0	0.39	location_comment	Passerine__order
nmod>compound> ...	4.0	0.338	location_comment	Passerine__order
obl<conj>cc> ...	4.0	0.595	location_comment	Passerine__order
nmod<conj> ...	4.0	0.433	location_comment	Passerine__order
compound<case> of	4.0	0.088	location_comment	Passerine__order
compound<obl< ...	4.0	0.548	location_comment	Passerine__order
compound<conj<conj> ree	4.0	0.566	location_comment	Passerine__order
nmod<nsubj> ...	4.0	0.249	location_comment	Passerine__order
conj<nmod< ...	4.0	0.2	location_comment	Passerine__order
nmod<obl<aux:pass> ...	4.0	0.248	location_comment	Passerine__order
obl<mark> ...	4.0	0.515	location_comment	Passerine__order
nmod<nmod>amod> ...	4.0	0.583	location_comment	Passerine__order
compound<det> the	4.0	0.621	location_comment	Passerine__order
conj>cc> or	4.0	0.706	location_comment	Passerine__order
compound<nmod>case> ...	4.0	0.424	location_comment	Passerine__order
compound<nmod> ...	4.0	0.217	location_comment	Passerine__order
obl<acl<amod> ...	3.0	0.206	location_comment	Passerine__order
nmod>conj>cc> and	3.0	0.398	location_comment	Passerine__order
conj>nmod> ...	3.0	0.521	location_comment	Passerine__order
compound<conj<nmod< ...	3.0	0.34	location_comment	Passerine__order
compound<nmod:poss> ...	3.0	0.161	location_comment	Passerine__order
compound<obl<advmod> ...	3.0	0.575	location_comment	Passerine__order
compound<nmod<conj> ...	3.0	0.238	location_comment	Passerine__order
nmod<obl<nsubj:pass> ...	3.0	0.421	location_comment	Passerine__order
obl<acl< ...	3.0	0.209	location_comment	Passerine__order
nmod<case> in	3.0	0.63	location_comment	Passerine__order
compound<cc> Acrocephalus	3.0	0.251	location_comment	Passerine__order
conj<nmod>conj> ...	3.0	0.397	location_comment	Passerine__order
obl<advcl<nsubj> ...	3.0	0.304	location_comment	Passerine__order
conj>nmod>case> ...	3.0	0.434	location_comment	Passerine__order
obl<nsubj>det> the	3.0	0.511	location_comment	Passerine__order
compound<obj< ...	3.0	0.515	location_comment	Passerine__order
nmod<obl<advmod> ...	3.0	0.243	location_comment	Passerine__order
conj<obl<advmod> ...	3.0	0.329	location_comment	Passerine__order
obl<nsubj>det> ...	3.0	0.428	location_comment	Passerine__order
nmod<conj< ...	3.0	0.426	location_comment	Passerine__order
case>fixed> ...	3.0	0.477	location_comment	Passerine__order
obl<obl>case> to	3.0	0.377	location_comment	Passerine__order
conj<obl<acl< ...	3.0	0.543	location_comment	Passerine__order
nmod<obl<obl> ...	3.0	0.521	location_comment	Passerine__order
compound<conj<obl< ...	3.0	0.393	location_comment	Passerine__order
obj<advcl< ...	3.0	0.126	location_comment	Passerine__order
nmod>det> ...	3.0	0.343	location_comment	Passerine__order
obl<advcl<advmod> ...	3.0	0.325	location_comment	Passerine__order
obl<obj> ...	3.0	0.27	location_comment	Passerine__order
conj<nsubj> ...	3.0	0.201	location_comment	Passerine__order
obl<cop> be	3.0	0.388	location_comment	Passerine__order
nummod> ...	3.0	0.532	location_comment	Passerine__order
obl<obj>amod> ...	3.0	0.407	location_comment	Passerine__order
nmod<cop> ...	3.0	0.247	location_comment	Passerine__order
obl<conj>cc> and	3.0	0.639	location_comment	Passerine__order
conj<cop> ...	3.0	0.625	location_comment	Passerine__order
nmod<conj>cc> ...	3.0	0.199	location_comment	Passerine__order
nmod>det> the	3.0	0.332	location_comment	Passerine__order
obl<nsubj:pass> it	3.0	0.577	location_comment	Passerine__order
conj<conj>nmod> ...	3.0	0.191	location_comment	Passerine__order
parataxis<nmod>case> ...	3.0	0.249	location_comment	Passerine__order
nmod<det> a	3.0	0.607	location_comment	Passerine__order
nmod<cop> be	3.0	0.247	location_comment	Passerine__order
conj<amod>advmod> ...	3.0	0.283	location_comment	Passerine__order
obl<obl>conj> ...	3.0	0.319	location_comment	Passerine__order
nmod>nmod>case> in	3.0	0.504	location_comment	Passerine__order
conj>det> the	3.0	0.421	location_comment	Passerine__order
nmod>appos>nummod> ...	3.0	0.46	location_comment	Passerine__order
acl:relcl>obl>amod> ...	3.0	0.181	location_comment	Passerine__order
obl< find	3.0	0.432	location_comment	Passerine__order
obl<obl>nummod> ...	3.0	0.327	location_comment	Passerine__order
nmod>conj> ...	3.0	0.407	location_comment	Passerine__order
nmod>conj>cc> ...	3.0	0.411	location_comment	Passerine__order
obl<cop> ...	3.0	0.388	location_comment	Passerine__order
obl<aux> ...	3.0	0.346	location_comment	Passerine__order
case> such	3.0	0.849	location_comment	Passerine__order
nmod>nmod>case> ...	3.0	0.536	location_comment	Passerine__order
compound<case> in	3.0	0.125	location_comment	Passerine__order
cc> or	3.0	0.459	location_comment	Passerine__order
conj<obj< ...	3.0	0.361	location_comment	Passerine__order
nmod<nsubj< ...	3.0	0.487	location_comment	Passerine__order
case>fixed> as	3.0	0.454	location_comment	Passerine__order
obl<cc> ...	3.0	0.464	location_comment	Passerine__order
compound<conj>cc> ...	3.0	0.309	location_comment	Passerine__order
nmod>nmod> ...	3.0	0.376	location_comment	Passerine__order
nmod>appos> ...	3.0	0.131	location_comment	Passerine__order
conj<cop> be	3.0	0.579	location_comment	Passerine__order
compound<nsubj< ...	3.0	0.377	location_comment	Passerine__order
compound<nmod>amod> ...	2.0	0.362	location_comment	Passerine__order
nmod<obl<conj< ...	2.0	0.217	location_comment	Passerine__order
obl<amod< ...	2.0	0.179	location_comment	Passerine__order
nmod<conj>cc> and	2.0	0.25	location_comment	Passerine__order
conj<conj<conj> ...	2.0	0.344	location_comment	Passerine__order
compound<nmod<advmod> ...	2.0	0.352	location_comment	Passerine__order
nmod<obl<aux> ...	2.0	0.262	location_comment	Passerine__order
compound<nmod<nummod> ...	2.0	0.316	location_comment	Passerine__order
obl<obl> m	2.0	0.598	location_comment	Passerine__order
conj<nmod<nmod< ...	2.0	0.469	location_comment	Passerine__order
nmod:poss> ...	2.0	0.248	location_comment	Passerine__order
conj<obl>case> ...	2.0	0.393	location_comment	Passerine__order
conj<conj< ...	2.0	0.384	location_comment	Passerine__order
conj<cc> ...	2.0	0.376	location_comment	Passerine__order
conj<obl<nsubj> ...	2.0	0.276	location_comment	Passerine__order
conj<obl>nmod> ...	2.0	0.252	location_comment	Passerine__order
conj<obl> ...	2.0	0.353	location_comment	Passerine__order
conj<obl>det> ...	2.0	0.351	location_comment	Passerine__order
conj<nmod>nmod> ...	2.0	0.419	location_comment	Passerine__order
nsubj<cop> be	2.0	0.584	location_comment	Passerine__order
parataxis<nmod> ...	2.0	0.323	location_comment	Passerine__order
conj<nmod<case> ...	2.0	0.538	location_comment	Passerine__order
nmod<nmod< ...	2.0	0.478	location_comment	Passerine__order
conj<nsubj>det> ...	2.0	0.173	location_comment	Passerine__order
conj<nmod<amod> ...	2.0	0.3	location_comment	Passerine__order
obl<conj<nsubj> ...	2.0	0.445	location_comment	Passerine__order
nmod<cc> and	2.0	0.341	location_comment	Passerine__order
conj<obj<nsubj> ...	2.0	0.254	location_comment	Passerine__order
obl<xcomp<obl> ...	2.0	0.404	location_comment	Passerine__order
acl:relcl>obl> ...	2.0	0.232	location_comment	Passerine__order
acl:relcl> ...	2.0	0.301	location_comment	Passerine__order
acl:relcl>nsubj> ...	2.0	0.387	location_comment	Passerine__order
advmod> ...	2.0	0.364	location_comment	Passerine__order
nmod<nsubj<aux> ...	2.0	0.384	location_comment	Passerine__order
compound<conj>amod> ...	2.0	0.303	location_comment	Passerine__order
compound<conj>compound> ...	2.0	0.584	location_comment	Passerine__order
conj<nmod>conj> Asia	2.0	0.365	location_comment	Passerine__order
conj<nmod> Europe	2.0	0.369	location_comment	Passerine__order
compound<nsubj<cop> ...	2.0	0.352	location_comment	Passerine__order
compound<appos>nmod> ...	2.0	0.331	location_comment	Passerine__order
conj<nmod>case> of	2.0	0.487	location_comment	Passerine__order
compound<conj<nsubj> ...	2.0	0.221	location_comment	Passerine__order
obl<xcomp< ...	2.0	0.498	location_comment	Passerine__order
compound<conj<obj> ...	2.0	0.329	location_comment	Passerine__order
conj>nmod>case> of	2.0	0.446	location_comment	Passerine__order
compound<obl<conj> ...	2.0	0.504	location_comment	Passerine__order
compound<obl<amod< ...	2.0	0.45	location_comment	Passerine__order
compound>flat> ...	2.0	0.234	location_comment	Passerine__order
compound<cop> ...	2.0	0.359	location_comment	Passerine__order
nmod<case> to	2.0	0.542	location_comment	Passerine__order
compound<nmod<nmod< ...	2.0	0.284	location_comment	Passerine__order
nmod>amod> ...	2.0	0.353	location_comment	Passerine__order
conj<obl>case> in	2.0	0.487	location_comment	Passerine__order
conj<nsubj>det> the	2.0	0.195	location_comment	Passerine__order
conj<case> in	2.0	0.495	location_comment	Passerine__order
det> a	2.0	0.764	location_comment	Passerine__order
obl<conj<obj> ...	2.0	0.358	location_comment	Passerine__order
conj<cc> and	2.0	0.383	location_comment	Passerine__order
nmod<nsubj<obj> ...	2.0	0.348	location_comment	Passerine__order
obl<xcomp> ...	2.0	0.332	location_comment	Passerine__order
obl<nsubj:pass>nmod> ...	2.0	0.157	location_comment	Passerine__order
obl<nsubj:pass>amod> ...	2.0	0.312	location_comment	Passerine__order
obj<advcl<nsubj:pass> ...	2.0	0.245	location_comment	Passerine__order
nmod<cc> ...	2.0	0.398	location_comment	Passerine__order
flat< ...	2.0	0.223	location_comment	Passerine__order
compound<nmod<obl< ...	2.0	0.312	location_comment	Passerine__order
obj<advcl<aux:pass> ...	2.0	0.597	location_comment	Passerine__order
compound<appos>compound> ...	2.0	0.223	location_comment	Passerine__order
compound<conj<amod> ...	2.0	0.549	location_comment	Passerine__order
compound<nmod<det> ...	2.0	0.336	location_comment	Passerine__order
obl<advcl>obj> ...	2.0	0.548	location_comment	Passerine__order
obl<advcl> ...	2.0	0.296	location_comment	Passerine__order
obl<obl>case> in	2.0	0.389	location_comment	Passerine__order
obl<advcl>mark> ...	2.0	0.52	location_comment	Passerine__order
obl<conj< ...	2.0	0.37	location_comment	Passerine__order
obl<advcl<compound> ...	2.0	0.374	location_comment	Passerine__order
nummod>advmod> ...	2.0	0.124	location_comment	Passerine__order
obl<obl>det> the	2.0	0.383	location_comment	Passerine__order
obl<obl> coast	2.0	0.558	location_comment	Passerine__order
obl<advcl<obl> ...	2.0	0.204	location_comment	Passerine__order
nmod<nmod>compound> ...	2.0	0.386	location_comment	Passerine__order
obl<advcl<obj> ...	2.0	0.265	location_comment	Passerine__order
obl<advcl<aux> ...	2.0	0.289	location_comment	Passerine__order
compound<nmod<obj< ...	2.0	0.213	location_comment	Passerine__order
compound<conj<appos< ...	2.0	0.555	location_comment	Passerine__order
conj>nmod>amod> ...	2.0	0.539	location_comment	Passerine__order
obj<nsubj> ...	2.0	0.421	location_comment	Passerine__order
acl:relcl>obl>case> ...	2.0	0.442	location_comment	Passerine__order
nmod<case>fixed> ...	2.0	0.18	location_comment	Passerine__order
conj>advmod> ...	2.0	0.335	location_comment	Passerine__order
compound<cop> be	2.0	0.383	location_comment	Passerine__order
nmod<nsubj> it	2.0	0.4	location_comment	Passerine__order
nmod< bird	2.0	0.527	location_comment	Passerine__order
obl<acl:relcl< ...	2.0	0.261	location_comment	Passerine__order
compound<nmod>case> in	2.0	0.486	location_comment	Passerine__order
compound<nmod:poss> its	2.0	0.284	location_comment	Passerine__order
nmod>nummod> ...	2.0	0.342	location_comment	Passerine__order
nmod<nsubj<conj> ...	2.0	0.373	location_comment	Passerine__order
conj<obj< avoid	2.0	0.411	location_comment	Passerine__order
compound<conj<obj> warbler	2.0	0.329	location_comment	Passerine__order
compound<conj< ree	2.0	0.426	location_comment	Passerine__order
compound<nsubj<cop> be	2.0	0.352	location_comment	Passerine__order
compound<conj<nsubj> Tuamotu	2.0	0.16	location_comment	Passerine__order
nmod<case> for	2.0	0.572	location_comment	Passerine__order
obl< make	2.0	0.531	location_comment	Passerine__order
obl<nsubj> that	2.0	0.649	location_comment	Passerine__order
nmod>appos> ft	2.0	0.221	location_comment	Passerine__order
conj<obl<acl< warbler	2.0	0.533	location_comment	Passerine__order
obl<conj>amod> ...	2.0	0.338	location_comment	Passerine__order
obl<obl>nmod> Europe	2.0	0.57	location_comment	Passerine__order
conj>amod> tall	2.0	0.551	location_comment	Passerine__order
compound<conj<case> as	2.0	0.351	location_comment	Passerine__order
compound<amod> western	2.0	0.408	location_comment	Passerine__order
obl<advcl<conj> ...	2.0	0.378	location_comment	Passerine__order
nmod<case>fixed> as	2.0	0.18	location_comment	Passerine__order
nmod>case> in	2.0	0.984	location_comment	Passerine__order
conj<nmod>amod> ...	2.0	0.29	location_comment	Passerine__order
conj<case> with	2.0	0.479	location_comment	Passerine__order
conj<obl< associate	2.0	0.296	location_comment	Passerine__order
obl<obj>nmod> ...	2.0	0.479	location_comment	Passerine__order
obl<cc> and	2.0	0.441	location_comment	Passerine__order
conj<obl<advmod> usually	2.0	0.393	location_comment	Passerine__order
nmod<obl< favour	2.0	0.537	location_comment	Passerine__order
compound<conj<conj> brevicaudata	2.0	0.508	location_comment	Passerine__order
nsubj<cop> ...	2.0	0.579	location_comment	Passerine__order
conj<conj>advmod> ...	2.0	0.692	location_comment	Passerine__order
case> with	2.0	0.874	location_comment	Passerine__order
nmod<nmod>case> in	2.0	0.414	location_comment	Passerine__order
compound<amod> many	2.0	0.343	location_comment	Passerine__order
compound<case> with	2.0	0.267	location_comment	Passerine__order
conj>compound> forest	2.0	0.318	location_comment	Passerine__order
compound<compound<compound> ...	2.0	0.305	location_comment	Passerine__order
conj> warbler	2.0	0.897	location_comment	Passerine__order
nummod> lowland	2.0	0.591	location_comment	Passerine__order
obl<nsubj:pass<obl> ...	2.0	0.528	location_comment	Passerine__order
compound<nmod<det> the	2.0	0.329	location_comment	Passerine__order
obj<advcl<aux:pass> be	2.0	0.597	location_comment	Passerine__order
conj<conj>case> ...	2.0	0.224	location_comment	Passerine__order
obl<advmod> usually	2.0	0.441	location_comment	Passerine__order
obl<obl>case> from	2.0	0.478	location_comment	Passerine__order
acl> ...	2.0	0.441	location_comment	Passerine__order
conj<conj>cc> or	2.0	0.44	location_comment	Passerine__order
nmod<parataxis<conj> ...	2.0	0.404	location_comment	Passerine__order
compound<conj>cc> Acrocephalus	2.0	0.373	location_comment	Passerine__order
acl>obj> ...	2.0	0.481	location_comment	Passerine__order
nsubj<mark> ...	2.0	0.436	location_comment	Passerine__order
compound<obj<cc> ...	1.0	0.36	location_comment	Passerine__order
compound<obj<conj< ...	1.0	0.298	location_comment	Passerine__order
compound<conj<compound< ...	1.0	0.493	location_comment	Passerine__order
compound>compound> ...	1.0	0.234	location_comment	Passerine__order
conj>advcl>cop> be	1.0	0.269	location_comment	Passerine__order
compound<obj<conj> ...	1.0	0.274	location_comment	Passerine__order
obl<aux> may	1.0	0.363	location_comment	Passerine__order
compound<obj<nsubj> ...	1.0	0.355	location_comment	Passerine__order
obl< use	1.0	0.557	location_comment	Passerine__order
obj< use	1.0	0.32	location_comment	Passerine__order
nmod>case> on	1.0	0.867	location_comment	Passerine__order
nsubj<advcl> fly	1.0	0.472	location_comment	Passerine__order
obl<acl<advmod> ...	1.0	0.438	location_comment	Passerine__order
nsubj<aux> have	1.0	0.553	location_comment	Passerine__order
obl<xcomp<obj> ...	1.0	0.306	location_comment	Passerine__order
obl<compound:prt> ...	1.0	0.305	location_comment	Passerine__order
obl<acl<cop> ...	1.0	0.4	location_comment	Passerine__order
nsubj<mark> that	1.0	0.469	location_comment	Passerine__order
nmod>case>fixed> as	1.0	0.459	location_comment	Passerine__order
nmod>case> such	1.0	0.824	location_comment	Passerine__order
det> some	1.0	0.755	location_comment	Passerine__order
nsubj<ccomp< show	1.0	0.549	location_comment	Passerine__order
obj<nsubj> species	1.0	0.556	location_comment	Passerine__order
obl<amod< species	1.0	0.337	location_comment	Passerine__order
nmod<obl< find	1.0	0.364	location_comment	Passerine__order
obl<advmod> well	1.0	0.381	location_comment	Passerine__order
nsubj<mark> when	1.0	0.4	location_comment	Passerine__order
conj<conj>amod> ree	1.0	0.827	location_comment	Passerine__order
nsubj<advcl<aux:pass> be	1.0	0.573	location_comment	Passerine__order
nmod<obj< show	1.0	0.602	location_comment	Passerine__order
nmod<obj<acl< map	1.0	0.42	location_comment	Passerine__order
flat<compound< ...	1.0	0.417	location_comment	Passerine__order
nsubj<obl>det> the	1.0	0.613	location_comment	Passerine__order
nsubj<obl>case> on	1.0	0.769	location_comment	Passerine__order
nsubj< be	1.0	0.932	location_comment	Passerine__order
conj>amod> ree	1.0	0.595	location_comment	Passerine__order
compound<obl<obl> summer	1.0	0.472	location_comment	Passerine__order
compound<obl<nsubj> it	1.0	0.497	location_comment	Passerine__order
obl<acl<nsubj> ...	1.0	0.187	location_comment	Passerine__order
nmod<obl<advmod> usually	1.0	0.322	location_comment	Passerine__order
nummod> million	1.0	0.539	location_comment	Passerine__order
obl<nsubj:pass<aux> have	1.0	0.298	location_comment	Passerine__order
obl<nsubj:pass<aux:pass> be	1.0	0.359	location_comment	Passerine__order
nmod<conj>cc> but	1.0	0.192	location_comment	Passerine__order
obl<acl:relcl<cop> be	1.0	0.497	location_comment	Passerine__order
compound<mark> to	1.0	0.395	location_comment	Passerine__order
nmod<nmod>case> such	1.0	0.456	location_comment	Passerine__order
acl> have	1.0	0.499	location_comment	Passerine__order
obl<mark> as	1.0	0.626	location_comment	Passerine__order
nmod<nmod<nsubj:pass< ...	1.0	0.491	location_comment	Passerine__order
obj<advcl<advmod> ...	1.0	0.394	location_comment	Passerine__order
compound<compound<case> ...	1.0	0.377	location_comment	Passerine__order
compound<compound<obl< ...	1.0	0.37	location_comment	Passerine__order
conj>acl:relcl> ...	1.0	0.353	location_comment	Passerine__order
conj>acl:relcl>nsubj> ...	1.0	0.293	location_comment	Passerine__order
obj<advmod> ...	1.0	0.497	location_comment	Passerine__order
obj<mark> ...	1.0	0.468	location_comment	Passerine__order
nmod<nsubj:pass<xcomp> ...	1.0	0.368	location_comment	Passerine__order
compound<compound< ...	1.0	0.207	location_comment	Passerine__order
nmod<nsubj:pass< ...	1.0	0.449	location_comment	Passerine__order
nmod<nsubj:pass<aux:pass> ...	1.0	0.237	location_comment	Passerine__order
nmod<nsubj:pass<aux> ...	1.0	0.343	location_comment	Passerine__order
nmod<advmod> ...	1.0	0.49	location_comment	Passerine__order
compound<compound<det> ...	1.0	0.415	location_comment	Passerine__order
compound<compound<nmod> ...	1.0	0.534	location_comment	Passerine__order
obl<obj>nmod:poss> ...	1.0	0.619	location_comment	Passerine__order
nsubj<acl:relcl< ...	1.0	0.472	location_comment	Passerine__order
acl>mark> ...	1.0	0.297	location_comment	Passerine__order
amod>conj> ...	1.0	0.258	location_comment	Passerine__order
obj<obj> ...	1.0	0.349	location_comment	Passerine__order
conj<obl<advcl> ...	1.0	0.264	location_comment	Passerine__order
nmod<conj<amod> ...	1.0	0.216	location_comment	Passerine__order
conj<obl<aux> ...	1.0	0.347	location_comment	Passerine__order
nmod<nsubj<parataxis> ...	1.0	0.118	location_comment	Passerine__order
compound<nsubj<aux> ...	1.0	0.182	location_comment	Passerine__order
nmod>advmod> ...	1.0	0.374	location_comment	Passerine__order
compound<appos< ...	1.0	0.467	location_comment	Passerine__order
compound<nsubj<obj> ...	1.0	0.489	location_comment	Passerine__order
nmod>nmod>det> ...	1.0	0.445	location_comment	Passerine__order
obl<xcomp>mark> ...	1.0	0.563	location_comment	Passerine__order
nmod>nmod>compound> ...	1.0	0.394	location_comment	Passerine__order
nmod<compound>amod> ...	1.0	0.217	location_comment	Passerine__order
obl<obj>det> ...	1.0	0.288	location_comment	Passerine__order
obl<xcomp>obl> ...	1.0	0.325	location_comment	Passerine__order
compound<acl:relcl>nsubj> ...	1.0	0.518	location_comment	Passerine__order
obl<acl:relcl<det> ...	1.0	0.536	location_comment	Passerine__order
compound<acl:relcl> ...	1.0	0.334	location_comment	Passerine__order
advmod>advmod> ...	1.0	0.493	location_comment	Passerine__order
obl<conj>det> ...	1.0	0.531	location_comment	Passerine__order
compound<conj<det> ...	1.0	0.446	location_comment	Passerine__order
compound<nmod<amod> ...	1.0	0.355	location_comment	Passerine__order
compound<nmod<nmod:poss> ...	1.0	0.444	location_comment	Passerine__order
obl<advcl<xcomp> ...	1.0	0.266	location_comment	Passerine__order
obl<conj>conj> ...	1.0	0.528	location_comment	Passerine__order
conj<obj<advcl< ...	1.0	0.236	location_comment	Passerine__order
conj<parataxis< ...	1.0	0.462	location_comment	Passerine__order
obl<amod<amod> ...	1.0	0.234	location_comment	Passerine__order
obj<nsubj>amod> ...	1.0	0.312	location_comment	Passerine__order
obl<nmod> ...	1.0	0.213	location_comment	Passerine__order
obl<nmod>case> ...	1.0	0.38	location_comment	Passerine__order
nsubj<advcl<nsubj:pass> ...	1.0	0.417	location_comment	Passerine__order
conj<parataxis<nsubj> ...	1.0	0.299	location_comment	Passerine__order
compound<nsubj<conj> ...	1.0	0.278	location_comment	Passerine__order
compound<nsubj<compound> ...	1.0	0.345	location_comment	Passerine__order
nsubj<obj>nmod> ...	1.0	0.407	location_comment	Passerine__order
nsubj<obj>acl:relcl> ...	1.0	0.478	location_comment	Passerine__order
nsubj<advcl<aux:pass> ...	1.0	0.573	location_comment	Passerine__order
nsubj<advmod> ...	1.0	0.65	location_comment	Passerine__order
nmod<conj>obj> ...	1.0	0.285	location_comment	Passerine__order
nmod<conj>advmod> ...	1.0	0.438	location_comment	Passerine__order
nmod<nsubj>amod> ...	1.0	0.427	location_comment	Passerine__order
obl<nsubj:pass< ...	1.0	0.478	location_comment	Passerine__order
obl<nsubj:pass<aux:pass> ...	1.0	0.359	location_comment	Passerine__order
obl<nsubj:pass<aux> ...	1.0	0.298	location_comment	Passerine__order
nmod>conj>nmod> ...	1.0	0.538	location_comment	Passerine__order
nsubj<advcl<advmod> ...	1.0	0.399	location_comment	Passerine__order
nmod>conj>amod> ...	1.0	0.521	location_comment	Passerine__order
nmod>case>fixed> ...	1.0	0.459	location_comment	Passerine__order
nsubj<ccomp< ...	1.0	0.434	location_comment	Passerine__order
nsubj<ccomp<nsubj> ...	1.0	0.287	location_comment	Passerine__order
nsubj<ccomp<ccomp< ...	1.0	0.312	location_comment	Passerine__order
nsubj<advcl<acl> ...	1.0	0.524	location_comment	Passerine__order
nsubj<advcl< ...	1.0	0.349	location_comment	Passerine__order
nsubj<obj> ...	1.0	0.18	location_comment	Passerine__order
conj>advcl>mark> ...	1.0	0.645	location_comment	Passerine__order
obl<nsubj>compound> ...	1.0	0.418	location_comment	Passerine__order
conj>advcl> ...	1.0	0.248	location_comment	Passerine__order
conj>advcl>cop> ...	1.0	0.269	location_comment	Passerine__order
nmod<obl<acl< ...	1.0	0.384	location_comment	Passerine__order
conj>obl> ...	1.0	0.344	location_comment	Passerine__order
conj>obl>compound> ...	1.0	0.35	location_comment	Passerine__order
conj>obl>case> ...	1.0	0.416	location_comment	Passerine__order
nsubj<advcl>obl> ...	1.0	0.301	location_comment	Passerine__order
nsubj<advcl> ...	1.0	0.417	location_comment	Passerine__order
nsubj<aux> ...	1.0	0.548	location_comment	Passerine__order
obl<conj>compound> ...	1.0	0.279	location_comment	Passerine__order
compound<mark> ...	1.0	0.366	location_comment	Passerine__order
nmod<obj<acl< ...	1.0	0.309	location_comment	Passerine__order
compound<xcomp< ...	1.0	0.309	location_comment	Passerine__order
obl<acl:relcl<conj> ...	1.0	0.408	location_comment	Passerine__order
obl<acl:relcl<cop> ...	1.0	0.497	location_comment	Passerine__order
obl<acl:relcl<nsubj> ...	1.0	0.362	location_comment	Passerine__order
nmod<obj< ...	1.0	0.479	location_comment	Passerine__order
nsubj<parataxis>obj> ...	1.0	0.357	location_comment	Passerine__order
compound<obl<nsubj> ...	1.0	0.405	location_comment	Passerine__order
nsubj<parataxis> ...	1.0	0.16	location_comment	Passerine__order
nsubj<parataxis>advmod> ...	1.0	0.507	location_comment	Passerine__order
nsubj<obl> ...	1.0	0.366	location_comment	Passerine__order
nsubj<obl>det> ...	1.0	0.613	location_comment	Passerine__order
nsubj<obl>case> ...	1.0	0.74	location_comment	Passerine__order
compound<obl<obl> ...	1.0	0.382	location_comment	Passerine__order
compound<obl<obj> ...	1.0	0.337	location_comment	Passerine__order
compound<nmod<nsubj< ...	1.0	0.529	location_comment	Passerine__order
compound<nmod<acl> ...	1.0	0.292	location_comment	Passerine__order
compound<nmod<nmod> ...	1.0	0.223	location_comment	Passerine__order
nmod<nmod<amod> ...	1.0	0.332	location_comment	Passerine__order
nmod<nmod<case> ...	1.0	0.269	location_comment	Passerine__order
nmod<nmod<cc> ...	1.0	0.449	location_comment	Passerine__order
nmod<nmod<conj< ...	1.0	0.448	location_comment	Passerine__order
obj<parataxis< ...	1.0	0.331	location_comment	Passerine__order
appos>nmod>compound> ...	1.0	0.544	location_comment	Passerine__order
conj<obj<advmod> ...	1.0	0.436	location_comment	Passerine__order
nmod<conj>nmod> ...	1.0	0.305	location_comment	Passerine__order
nmod<nmod>nmod> ...	1.0	0.202	location_comment	Passerine__order
nmod<nmod>det> ...	1.0	0.396	location_comment	Passerine__order
nmod<nmod:poss> ...	1.0	0.414	location_comment	Passerine__order
appos>nmod>case> ...	1.0	0.169	location_comment	Passerine__order
appos>nmod> ...	1.0	0.333	location_comment	Passerine__order
acl:relcl>cop> ...	1.0	0.297	location_comment	Passerine__order
obl<nsubj:pass>det> ...	1.0	0.736	location_comment	Passerine__order
nmod<acl>obl> ...	1.0	0.274	location_comment	Passerine__order
nmod<acl> ...	1.0	0.499	location_comment	Passerine__order
obl<conj>nmod> ...	1.0	0.511	location_comment	Passerine__order
obl<obl>advmod> ...	1.0	0.44	location_comment	Passerine__order
nmod<nsubj<obl> ...	1.0	0.372	location_comment	Passerine__order
obl<xcomp>obj> ...	1.0	0.244	location_comment	Passerine__order
obl<xcomp>advmod> ...	1.0	0.216	location_comment	Passerine__order
nmod<conj<mark> ...	1.0	0.443	location_comment	Passerine__order
appos>nmod>conj> ...	1.0	0.518	location_comment	Passerine__order
compound<conj<compound> ...	1.0	0.211	location_comment	Passerine__order
obl<advcl>obl> ...	1.0	0.299	location_comment	Passerine__order
acl:relcl>aux> ...	1.0	0.343	location_comment	Passerine__order
acl:relcl>obl>nmod> ...	1.0	0.303	location_comment	Passerine__order
obj<advcl<obl> ...	1.0	0.429	location_comment	Passerine__order
compound<obl<nsubj:pass> ...	1.0	0.175	location_comment	Passerine__order
compound<obj<mark> ...	1.0	0.447	location_comment	Passerine__order
compound<obj<xcomp< ...	1.0	0.413	location_comment	Passerine__order
nmod<appos>flat> ...	1.0	0.292	location_comment	Passerine__order
nmod<appos>nmod> ...	1.0	0.146	location_comment	Passerine__order
nmod<appos> ...	1.0	0.342	location_comment	Passerine__order
nmod<appos>advmod> ...	1.0	0.223	location_comment	Passerine__order
nmod<amod>conj> ...	1.0	0.36	location_comment	Passerine__order
compound<nmod>nmod:poss> ...	1.0	0.443	location_comment	Passerine__order
nmod<conj<det> ...	1.0	0.552	location_comment	Passerine__order
nmod<conj<obj< ...	1.0	0.596	location_comment	Passerine__order
conj<compound> ...	1.0	0.31	location_comment	Passerine__order
conj<amod>conj> ...	1.0	0.374	location_comment	Passerine__order
conj<nmod<nmod> ...	1.0	0.258	location_comment	Passerine__order
conj<nmod<conj< ...	1.0	0.277	location_comment	Passerine__order
conj<case>fixed> ...	1.0	0.5	location_comment	Passerine__order
compound<obl<aux:pass> ...	1.0	0.259	location_comment	Passerine__order
compound<nmod>flat> ...	1.0	0.34	location_comment	Passerine__order
nmod<nsubj<expl> ...	1.0	0.318	location_comment	Passerine__order
nmod<nsubj<cc> ...	1.0	0.464	location_comment	Passerine__order
compound<nsubj<advmod> ...	1.0	0.407	location_comment	Passerine__order
compound<appos>amod> ...	1.0	0.29	location_comment	Passerine__order
compound<appos>det> ...	1.0	0.308	location_comment	Passerine__order
compound<acl>obl> ...	1.0	0.265	location_comment	Passerine__order
compound<acl> ...	1.0	0.471	location_comment	Passerine__order
compound<nsubj> ...	1.0	0.427	location_comment	Passerine__order
nmod>conj>compound> ...	1.0	0.128	location_comment	Passerine__order
obl<xcomp<conj< ...	1.0	0.186	location_comment	Passerine__order
obl<xcomp<cc> ...	1.0	0.248	location_comment	Passerine__order
obl<xcomp<nsubj> ...	1.0	0.549	location_comment	Passerine__order
flat> ...	1.0	0.154	location_comment	Passerine__order
nmod<obl<cop> ...	1.0	0.473	location_comment	Passerine__order
nmod<obl<cc> ...	1.0	0.294	location_comment	Passerine__order
nmod<parataxis> ...	1.0	0.268	location_comment	Passerine__order
conj>compound>flat> ...	1.0	0.513	location_comment	Passerine__order
conj>case> ...	1.0	0.431	location_comment	Passerine__order
nmod<obl> ...	1.0	0.282	location_comment	Passerine__order
nmod<obl>amod> ...	1.0	0.354	location_comment	Passerine__order
nmod<obl>case> ...	1.0	0.365	location_comment	Passerine__order
nmod<obj> ...	1.0	0.365	location_comment	Passerine__order
nmod<nsubj>appos> ...	1.0	0.361	location_comment	Passerine__order
nmod<nsubj>compound> ...	1.0	0.363	location_comment	Passerine__order
conj>amod>obl:npmod> ...	1.0	0.414	location_comment	Passerine__order
conj>compound>amod> ...	1.0	0.361	location_comment	Passerine__order
nmod<conj>amod> ...	1.0	0.437	location_comment	Passerine__order
obl<nsubj>amod> ...	1.0	0.244	location_comment	Passerine__order
acl:relcl>advmod> ...	1.0	0.522	location_comment	Passerine__order
conj<conj>compound> ...	1.0	0.497	location_comment	Passerine__order
conj<nmod<conj> ...	1.0	0.189	location_comment	Passerine__order
conj<appos> ...	1.0	0.557	location_comment	Passerine__order
conj<appos>amod> ...	1.0	0.27	location_comment	Passerine__order
nmod>compound>conj> ...	1.0	0.228	location_comment	Passerine__order
obl<case> ...	1.0	0.431	location_comment	Passerine__order
obl<conj<nmod> ...	1.0	0.388	location_comment	Passerine__order
conj>nmod>det> ...	1.0	0.391	location_comment	Passerine__order
obl<obl>appos> ...	1.0	0.177	location_comment	Passerine__order
nmod<nsubj>det> ...	1.0	0.378	location_comment	Passerine__order
aux> ...	1.0	0.455	location_comment	Passerine__order
conj<advmod> ...	1.0	0.467	location_comment	Passerine__order
nmod<obl<nsubj> ...	1.0	0.364	location_comment	Passerine__order
amod>advmod> ...	1.0	0.309	location_comment	Passerine__order
amod>cop> ...	1.0	0.36	location_comment	Passerine__order
amod>nsubj> ...	1.0	0.357	location_comment	Passerine__order
obl<appos> ...	1.0	0.296	location_comment	Passerine__order
nmod:poss>case> ...	1.0	0.31	location_comment	Passerine__order
nmod:poss>det> ...	1.0	0.444	location_comment	Passerine__order
obj<acl< ...	1.0	0.237	location_comment	Passerine__order
obj<acl<det> ...	1.0	0.324	location_comment	Passerine__order
compound<nmod<nsubj:pass< ...	1.0	0.321	location_comment	Passerine__order
compound<nmod:poss>case> ...	1.0	0.29	location_comment	Passerine__order
cop> ...	1.0	0.211	location_comment	Passerine__order
conj<conj<case> ...	1.0	0.314	location_comment	Passerine__order
conj<nmod>det> ...	1.0	0.182	location_comment	Passerine__order
obl<appos>nummod> ...	1.0	0.339	location_comment	Passerine__order
obl<obl>acl> ...	1.0	0.323	location_comment	Passerine__order
obl<advcl>nsubj> ...	1.0	0.305	location_comment	Passerine__order
obl<nsubj:pass>nummod> ...	1.0	0.321	location_comment	Passerine__order
conj<nmod<det> ...	1.0	0.569	location_comment	Passerine__order
parataxis<conj> ...	1.0	0.357	location_comment	Passerine__order
parataxis<conj>compound> ...	1.0	0.276	location_comment	Passerine__order
parataxis<conj>amod> ...	1.0	0.482	location_comment	Passerine__order
parataxis<conj>cc> ...	1.0	0.314	location_comment	Passerine__order
parataxis< ...	1.0	0.144	location_comment	Passerine__order
acl:relcl>nsubj> which	1.0	0.406	location_comment	Passerine__order
appos>nmod>case> of	1.0	0.222	location_comment	Passerine__order
nmod<nmod<case> in	1.0	0.292	location_comment	Passerine__order
obl<nsubj> it	1.0	0.595	location_comment	Passerine__order
obl<advcl>mark> to	1.0	0.601	location_comment	Passerine__order
nmod> Africa	1.0	0.462	location_comment	Passerine__order
nmod>compound> North	1.0	0.428	location_comment	Passerine__order
case> to	1.0	0.803	location_comment	Passerine__order
nmod<nmod>case> from	1.0	0.48	location_comment	Passerine__order
nmod<nmod>det> the	1.0	0.417	location_comment	Passerine__order
nmod<nmod:poss> they	1.0	0.379	location_comment	Passerine__order
acl:relcl>obl>case> to	1.0	0.487	location_comment	Passerine__order
acl:relcl>cop> be	1.0	0.297	location_comment	Passerine__order
conj<obj<nsubj> they	1.0	0.409	location_comment	Passerine__order
compound<case> for	1.0	0.274	location_comment	Passerine__order
obl<advmod> mainly	1.0	0.289	location_comment	Passerine__order
obl<mark> to	1.0	0.539	location_comment	Passerine__order
obl<xcomp<cc> and	1.0	0.233	location_comment	Passerine__order
nmod<acl> know	1.0	0.579	location_comment	Passerine__order
compound<amod> other	1.0	0.244	location_comment	Passerine__order
compound<case> on	1.0	0.28	location_comment	Passerine__order
nmod<case> with	1.0	0.552	location_comment	Passerine__order
obj<acl<det> the	1.0	0.353	location_comment	Passerine__order
compound<nmod:poss>case> 's	1.0	0.382	location_comment	Passerine__order
case> for	1.0	0.779	location_comment	Passerine__order
nmod<nmod>case> on	1.0	0.313	location_comment	Passerine__order
nmod<nmod> area	1.0	0.593	location_comment	Passerine__order
nmod<compound> bird	1.0	0.321	location_comment	Passerine__order
compound<conj<case> in	1.0	0.248	location_comment	Passerine__order
obl<nsubj> bird	1.0	0.561	location_comment	Passerine__order
nmod<nsubj<aux> be	1.0	0.397	location_comment	Passerine__order
obl<nsubj:pass>det> a	1.0	0.742	location_comment	Passerine__order
advmod> especially	1.0	0.394	location_comment	Passerine__order
amod> other	1.0	0.775	location_comment	Passerine__order
conj<nmod<case> with	1.0	0.602	location_comment	Passerine__order
conj<nmod< those	1.0	0.317	location_comment	Passerine__order
nmod<conj<det> the	1.0	0.58	location_comment	Passerine__order
conj<compound> water	1.0	0.305	location_comment	Passerine__order
conj<case> by	1.0	0.328	location_comment	Passerine__order
conj<case> such	1.0	0.364	location_comment	Passerine__order
nmod<nmod>case> of	1.0	0.356	location_comment	Passerine__order
conj<case>fixed> as	1.0	0.5	location_comment	Passerine__order
obl<compound:prt> up	1.0	0.402	location_comment	Passerine__order
conj>amod> other	1.0	0.48	location_comment	Passerine__order
obl<acl<cop> be	1.0	0.4	location_comment	Passerine__order
compound<compound> family	1.0	0.408	location_comment	Passerine__order
compound<nmod<case> as	1.0	0.395	location_comment	Passerine__order
flat<compound< warbler	1.0	0.408	location_comment	Passerine__order
nmod>amod> southern	1.0	0.516	location_comment	Passerine__order
nmod<nsubj< be	1.0	0.49	location_comment	Passerine__order
nmod<nsubj<aux> have	1.0	0.374	location_comment	Passerine__order
nmod<nsubj<expl> there	1.0	0.401	location_comment	Passerine__order
nmod<nsubj<cc> but	1.0	0.543	location_comment	Passerine__order
compound<appos>det> the	1.0	0.308	location_comment	Passerine__order
compound<conj>cc> and	1.0	0.345	location_comment	Passerine__order
compound<amod> traditional	1.0	0.563	location_comment	Passerine__order
compound<case> to	1.0	0.181	location_comment	Passerine__order
compound<obl< close	1.0	0.615	location_comment	Passerine__order
compound<obl<advmod> together	1.0	0.728	location_comment	Passerine__order
compound<obl<aux:pass> be	1.0	0.259	location_comment	Passerine__order
compound<obj<mark> to	1.0	0.48	location_comment	Passerine__order
nmod:poss>det> the	1.0	0.444	location_comment	Passerine__order
nmod:poss>case> 's	1.0	0.31	location_comment	Passerine__order
compound< bird	1.0	0.409	location_comment	Passerine__order
compound<det> some	1.0	0.759	location_comment	Passerine__order
nmod>nmod>det> the	1.0	0.445	location_comment	Passerine__order
nmod>nmod> Africa	1.0	0.434	location_comment	Passerine__order
obl<aux> will	1.0	0.352	location_comment	Passerine__order
obl<obj>det> a	1.0	0.288	location_comment	Passerine__order
obl<obl> area	1.0	0.541	location_comment	Passerine__order
obl<xcomp>mark> to	1.0	0.563	location_comment	Passerine__order
acl:relcl>nsubj> they	1.0	0.419	location_comment	Passerine__order
acl:relcl>advmod> where	1.0	0.494	location_comment	Passerine__order
conj<case> include	1.0	0.273	location_comment	Passerine__order
conj<nmod<case> of	1.0	0.538	location_comment	Passerine__order
conj<conj>amod> other	1.0	0.647	location_comment	Passerine__order
conj<conj>advmod> often	1.0	0.748	location_comment	Passerine__order
compound<nmod>case> include	1.0	0.44	location_comment	Passerine__order
nmod<nsubj:pass<aux:pass> be	1.0	0.237	location_comment	Passerine__order
nmod<amod> small	1.0	0.511	location_comment	Passerine__order
nmod<nsubj< include	1.0	0.409	location_comment	Passerine__order
obl<obj>nmod:poss> they	1.0	0.619	location_comment	Passerine__order
compound<compound<case> in	1.0	0.384	location_comment	Passerine__order
compound<compound<det> the	1.0	0.407	location_comment	Passerine__order
compound<conj<det> a	1.0	0.429	location_comment	Passerine__order
compound<nmod<nmod:poss> its	1.0	0.414	location_comment	Passerine__order
conj<conj>cc> but	1.0	0.439	location_comment	Passerine__order
obl<acl:relcl<det> the	1.0	0.527	location_comment	Passerine__order
conj<conj>advmod> also	1.0	0.711	location_comment	Passerine__order
compound<conj< crow	1.0	0.585	location_comment	Passerine__order
conj>amod> coastal	1.0	0.609	location_comment	Passerine__order
obl< record	1.0	0.375	location_comment	Passerine__order
conj<nmod< species	1.0	0.316	location_comment	Passerine__order
conj<nmod<det> the	1.0	0.616	location_comment	Passerine__order
parataxis<conj>cc> and	1.0	0.348	location_comment	Passerine__order
obl<aux> have	1.0	0.31	location_comment	Passerine__order
obl<nsubj:pass> species	1.0	0.556	location_comment	Passerine__order
nmod<obl<aux> have	1.0	0.318	location_comment	Passerine__order
cc> but	1.0	0.454	location_comment	Passerine__order
nmod<obl<nsubj> it	1.0	0.444	location_comment	Passerine__order
amod>advmod> very	1.0	0.434	location_comment	Passerine__order
amod>cop> be	1.0	0.36	location_comment	Passerine__order
aux> may	1.0	0.533	location_comment	Passerine__order
conj<nmod>det> a	1.0	0.177	location_comment	Passerine__order
cop> be	1.0	0.293	location_comment	Passerine__order
conj<obl>det> a	1.0	0.356	location_comment	Passerine__order
conj<nmod>case> among	1.0	0.455	location_comment	Passerine__order
obl<cc> but	1.0	0.496	location_comment	Passerine__order
case> from	1.0	0.923	location_comment	Passerine__order
conj> species	1.0	0.804	location_comment	Passerine__order
conj<obl>det> the	1.0	0.352	location_comment	Passerine__order
nmod> America	1.0	0.483	location_comment	Passerine__order
nmod>compound>conj> South	1.0	0.228	location_comment	Passerine__order
obl<nsubj>amod> taile	1.0	0.341	location_comment	Passerine__order
nmod:poss> they	1.0	0.323	location_comment	Passerine__order
conj>nmod>det> the	1.0	0.411	location_comment	Passerine__order
nmod<nsubj>det> the	1.0	0.384	location_comment	Passerine__order
conj>case> in	1.0	0.512	location_comment	Passerine__order
nmod<obl>case> in	1.0	0.352	location_comment	Passerine__order
nmod<obl< related	1.0	0.473	location_comment	Passerine__order
nmod<obl<cop> be	1.0	0.473	location_comment	Passerine__order
nmod<obl<aux> may	1.0	0.244	location_comment	Passerine__order
nmod<obl<cc> but	1.0	0.295	location_comment	Passerine__order
acl>obj>acl> ...	1.0	0.356	location_comment	Passerine__order
amod> ...	167.0	0.774	location_topic	Passerine__order
conj<conj> ...	130.0	0.851	location_topic	Passerine__order
det> ...	89.0	0.696	location_topic	Passerine__order
conj<conj>amod> ...	85.0	0.654	location_topic	Passerine__order
conj<conj>cc> ...	83.0	0.493	location_topic	Passerine__order
det> the	80.0	0.763	location_topic	Passerine__order
compound> ...	73.0	0.344	location_topic	Passerine__order
nsubj< ...	62.0	0.796	location_topic	Passerine__order
case> ...	61.0	0.857	location_topic	Passerine__order
conj<conj>cc> Acrocephalus	58.0	0.683	location_topic	Passerine__order
conj< ...	57.0	0.407	location_topic	Passerine__order
conj> ...	55.0	0.757	location_topic	Passerine__order
amod> common	47.0	0.838	location_topic	Passerine__order
conj<conj> warbler	46.0	0.874	location_topic	Passerine__order
conj>cc> ...	39.0	0.656	location_topic	Passerine__order
conj<conj>compound> ...	37.0	0.497	location_topic	Passerine__order
cc> ...	37.0	0.317	location_topic	Passerine__order
appos> ...	34.0	0.446	location_topic	Passerine__order
nmod< ...	32.0	0.479	location_topic	Passerine__order
nsubj<obl>case> ...	29.0	0.74	location_topic	Passerine__order
nsubj<obl> ...	29.0	0.366	location_topic	Passerine__order
conj>amod> ...	26.0	0.503	location_topic	Passerine__order
nsubj<conj> ...	26.0	0.351	location_topic	Passerine__order
conj<conj>amod> ree	25.0	0.827	location_topic	Passerine__order
nsubj<cop> ...	23.0	0.579	location_topic	Passerine__order
case> of	22.0	0.846	location_topic	Passerine__order
nsubj<cop> be	22.0	0.584	location_topic	Passerine__order
nsubj<conj>cc> ...	21.0	0.528	location_topic	Passerine__order
amod<conj<conj> ...	21.0	0.118	location_topic	Passerine__order
nsubj<obj> ...	21.0	0.18	location_topic	Passerine__order
conj<obl:npmod<conj> ...	20.0	0.469	location_topic	Passerine__order
conj<obl:npmod>conj> warbler	20.0	0.779	location_topic	Passerine__order
conj<obl:npmod>conj> ...	20.0	0.779	location_topic	Passerine__order
cc> Acrocephalus	20.0	0.331	location_topic	Passerine__order
appos< ...	20.0	0.331	location_topic	Passerine__order
nmod>case> ...	19.0	0.904	location_topic	Passerine__order
nsubj<obj>conj> ...	19.0	0.648	location_topic	Passerine__order
appos<conj> ...	19.0	0.705	location_topic	Passerine__order
conj>cc> Acrocephalus	19.0	0.741	location_topic	Passerine__order
amod> ree	19.0	0.8	location_topic	Passerine__order
conj<amod> ...	19.0	0.71	location_topic	Passerine__order
compound< ...	19.0	0.339	location_topic	Passerine__order
nmod> ...	18.0	0.561	location_topic	Passerine__order
conj< warbler	18.0	0.385	location_topic	Passerine__order
nsubj<advmod> ...	17.0	0.65	location_topic	Passerine__order
nsubj:pass<obl> ...	16.0	0.59	location_topic	Passerine__order
conj>compound> ...	15.0	0.256	location_topic	Passerine__order
nsubj:pass<aux:pass> ...	15.0	0.755	location_topic	Passerine__order
nsubj:pass<obl>case> ...	15.0	0.65	location_topic	Passerine__order
nsubj:pass<aux:pass> be	15.0	0.755	location_topic	Passerine__order
nsubj:pass< ...	15.0	0.413	location_topic	Passerine__order
conj<case> ...	15.0	0.422	location_topic	Passerine__order
obl< ...	15.0	0.349	location_topic	Passerine__order
conj> warbler	15.0	0.897	location_topic	Passerine__order
nsubj<obl>case> in	14.0	0.71	location_topic	Passerine__order
nmod<amod> ...	14.0	0.425	location_topic	Passerine__order
nmod<det> ...	13.0	0.579	location_topic	Passerine__order
nsubj<obj>amod> ...	13.0	0.362	location_topic	Passerine__order
nsubj:pass<obl>conj> ...	13.0	0.439	location_topic	Passerine__order
amod< ...	12.0	0.307	location_topic	Passerine__order
advmod> ...	12.0	0.364	location_topic	Passerine__order
amod<conj<conj> warbler	12.0	0.161	location_topic	Passerine__order
appos<conj<conj> ...	12.0	0.378	location_topic	Passerine__order
nmod<nsubj< ...	12.0	0.487	location_topic	Passerine__order
conj<obl:npmod<conj> warbler	12.0	0.48	location_topic	Passerine__order
conj<appos> ...	12.0	0.557	location_topic	Passerine__order
cc> and	12.0	0.439	location_topic	Passerine__order
conj<nsubj> ...	12.0	0.201	location_topic	Passerine__order
amod< warbler	12.0	0.224	location_topic	Passerine__order
nsubj<obl>det> ...	12.0	0.613	location_topic	Passerine__order
conj>cc> and	12.0	0.708	location_topic	Passerine__order
conj<conj>cc> and	11.0	0.429	location_topic	Passerine__order
nsubj<obl>nmod> ...	11.0	0.274	location_topic	Passerine__order
nsubj> ...	11.0	0.256	location_topic	Passerine__order
nsubj<nmod> ...	11.0	0.339	location_topic	Passerine__order
nsubj<nmod>case> ...	11.0	0.287	location_topic	Passerine__order
amod<amod> ...	11.0	0.189	location_topic	Passerine__order
conj<obj< ...	11.0	0.361	location_topic	Passerine__order
nsubj<obl>amod> ...	10.0	0.315	location_topic	Passerine__order
appos>conj> ...	10.0	0.317	location_topic	Passerine__order
nmod>case> of	10.0	0.996	location_topic	Passerine__order
nmod> paradise	10.0	0.833	location_topic	Passerine__order
amod> Eurasian	10.0	0.815	location_topic	Passerine__order
appos>conj>cc> ...	10.0	0.423	location_topic	Passerine__order
acl> ...	9.0	0.441	location_topic	Passerine__order
nsubj<conj>advmod> ...	9.0	0.623	location_topic	Passerine__order
conj<obj<conj> ...	9.0	0.373	location_topic	Passerine__order
nsubj<obj>det> ...	9.0	0.447	location_topic	Passerine__order
conj<conj>appos> ...	9.0	0.38	location_topic	Passerine__order
nsubj<obl>det> the	9.0	0.613	location_topic	Passerine__order
appos>conj>cc> and	9.0	0.532	location_topic	Passerine__order
nmod<case> ...	9.0	0.567	location_topic	Passerine__order
conj<conj> Acrocephalus	8.0	0.75	location_topic	Passerine__order
conj<obj<nsubj> ...	8.0	0.254	location_topic	Passerine__order
obj< ...	8.0	0.303	location_topic	Passerine__order
compound<amod> ...	8.0	0.23	location_topic	Passerine__order
nsubj<obj>det> a	8.0	0.49	location_topic	Passerine__order
nsubj< have	8.0	0.891	location_topic	Passerine__order
compound> song	8.0	0.454	location_topic	Passerine__order
amod<conj< ...	8.0	0.302	location_topic	Passerine__order
appos<conj>cc> ...	8.0	0.499	location_topic	Passerine__order
obj> warbler	8.0	0.44	location_topic	Passerine__order
conj<nmod< ...	8.0	0.2	location_topic	Passerine__order
nsubj<aux> ...	8.0	0.548	location_topic	Passerine__order
nsubj<obj>compound> ...	8.0	0.323	location_topic	Passerine__order
compound> barn	8.0	0.511	location_topic	Passerine__order
obj> ...	8.0	0.258	location_topic	Passerine__order
conj<conj>case> ...	8.0	0.224	location_topic	Passerine__order
nsubj<obj>nmod> ...	8.0	0.407	location_topic	Passerine__order
amod>compound> ...	7.0	0.279	location_topic	Passerine__order
obl<advmod> ...	7.0	0.321	location_topic	Passerine__order
nmod<obl<advmod> ...	7.0	0.243	location_topic	Passerine__order
nmod<det> the	7.0	0.636	location_topic	Passerine__order
case> with	7.0	0.874	location_topic	Passerine__order
compound<case> ...	7.0	0.178	location_topic	Passerine__order
nsubj<conj>obl> ...	7.0	0.317	location_topic	Passerine__order
amod> european	7.0	0.781	location_topic	Passerine__order
nsubj<advcl> ...	7.0	0.417	location_topic	Passerine__order
conj<parataxis<conj> ...	7.0	0.25	location_topic	Passerine__order
nsubj<det> ...	7.0	0.544	location_topic	Passerine__order
obj>conj> ...	7.0	0.34	location_topic	Passerine__order
nsubj<amod> ...	7.0	0.289	location_topic	Passerine__order
conj<conj>nsubj> ...	7.0	0.348	location_topic	Passerine__order
conj<conj>flat> ...	7.0	0.649	location_topic	Passerine__order
nsubj<conj>cc> and	7.0	0.701	location_topic	Passerine__order
conj<nsubj< ...	7.0	0.245	location_topic	Passerine__order
appos<det> ...	7.0	0.439	location_topic	Passerine__order
conj<conj>conj> ...	7.0	0.365	location_topic	Passerine__order
nmod<obl< ...	7.0	0.238	location_topic	Passerine__order
amod<cc> ...	7.0	0.244	location_topic	Passerine__order
nsubj<acl>obl> ...	7.0	0.624	location_topic	Passerine__order
appos<amod> ...	7.0	0.409	location_topic	Passerine__order
conj<nmod<case> ...	6.0	0.538	location_topic	Passerine__order
appos<conj>amod> ...	6.0	0.368	location_topic	Passerine__order
appos<conj>compound> ...	6.0	0.349	location_topic	Passerine__order
nsubj<parataxis>obl> ...	6.0	0.3	location_topic	Passerine__order
nmod<nsubj<obl> ...	6.0	0.372	location_topic	Passerine__order
nsubj<obl>conj> ...	6.0	0.391	location_topic	Passerine__order
obl<nsubj> ...	6.0	0.564	location_topic	Passerine__order
nsubj<det> a	6.0	0.562	location_topic	Passerine__order
amod> western	6.0	0.721	location_topic	Passerine__order
conj>cc> or	6.0	0.706	location_topic	Passerine__order
nsubj<nmod>det> ...	6.0	0.452	location_topic	Passerine__order
acl>obl>case> ...	6.0	0.312	location_topic	Passerine__order
nmod<nsubj<cop> be	6.0	0.184	location_topic	Passerine__order
nsubj:pass<obl>amod> ...	6.0	0.476	location_topic	Passerine__order
conj<compound> ...	6.0	0.31	location_topic	Passerine__order
appos> behaviour	6.0	0.534	location_topic	Passerine__order
conj<appos>compound> ...	6.0	0.374	location_topic	Passerine__order
nmod:poss< ...	6.0	0.195	location_topic	Passerine__order
compound> carrion	6.0	0.349	location_topic	Passerine__order
nsubj<parataxis> ...	6.0	0.16	location_topic	Passerine__order
acl>obl> ...	6.0	0.194	location_topic	Passerine__order
compound<det> ...	6.0	0.669	location_topic	Passerine__order
conj<parataxis> ...	6.0	0.155	location_topic	Passerine__order
appos<det> the	6.0	0.464	location_topic	Passerine__order
nsubj:pass<obl>compound> ...	6.0	0.299	location_topic	Passerine__order
conj<conj>obj> ...	6.0	0.185	location_topic	Passerine__order
compound<conj> ...	6.0	0.393	location_topic	Passerine__order
nmod<nsubj<cop> ...	6.0	0.184	location_topic	Passerine__order
amod>obl:npmod> ...	6.0	0.284	location_topic	Passerine__order
amod<cc> Acrocephalus	6.0	0.25	location_topic	Passerine__order
conj<nsubj> Acrocephalus	6.0	0.21	location_topic	Passerine__order
conj<obj<conj< ...	6.0	0.249	location_topic	Passerine__order
conj<obj<conj> warbler	6.0	0.483	location_topic	Passerine__order
obj>conj>cc> ...	6.0	0.291	location_topic	Passerine__order
nsubj<conj>cc> Acrocephalus	6.0	0.532	location_topic	Passerine__order
compound<det> the	5.0	0.621	location_topic	Passerine__order
conj<parataxis>amod> ...	5.0	0.515	location_topic	Passerine__order
conj<parataxis>nmod:poss> ...	5.0	0.489	location_topic	Passerine__order
conj<parataxis>cop> ...	5.0	0.309	location_topic	Passerine__order
parataxis<conj>cc> ...	5.0	0.314	location_topic	Passerine__order
parataxis<conj> ...	5.0	0.357	location_topic	Passerine__order
conj<parataxis>nsubj> ...	5.0	0.401	location_topic	Passerine__order
compound<nmod<det> the	5.0	0.329	location_topic	Passerine__order
compound<conj>cc> and	5.0	0.345	location_topic	Passerine__order
conj<parataxis>conj> ...	5.0	0.374	location_topic	Passerine__order
conj<obj< ree	5.0	0.397	location_topic	Passerine__order
compound<conj>cc> ...	5.0	0.309	location_topic	Passerine__order
obj>conj>cc> Acrocephalus	5.0	0.43	location_topic	Passerine__order
conj<compound>flat> ...	5.0	0.639	location_topic	Passerine__order
conj<obj<cc> ...	5.0	0.414	location_topic	Passerine__order
flat<compound<conj> ...	5.0	0.272	location_topic	Passerine__order
conj<obl:npmod> ...	5.0	0.317	location_topic	Passerine__order
conj<obl:npmod>amod> ...	5.0	0.627	location_topic	Passerine__order
amod<parataxis<conj> ...	5.0	0.395	location_topic	Passerine__order
compound<nmod< ...	5.0	0.295	location_topic	Passerine__order
obl:npmod<conj> ...	5.0	0.368	location_topic	Passerine__order
compound<nmod<det> ...	5.0	0.336	location_topic	Passerine__order
conj<obl:npmod> warbler	5.0	0.364	location_topic	Passerine__order
conj< bistrigicep	5.0	0.325	location_topic	Passerine__order
conj<compound> Paddyfield	5.0	0.38	location_topic	Passerine__order
conj<compound>flat> warbler	5.0	0.668	location_topic	Passerine__order
conj<parataxis>nsubj> Acrocephalus	5.0	0.439	location_topic	Passerine__order
conj<parataxis>cop> avicenniae	5.0	0.309	location_topic	Passerine__order
conj<parataxis>nmod:poss> Blyth	5.0	0.489	location_topic	Passerine__order
conj<parataxis>amod> ree	5.0	0.515	location_topic	Passerine__order
conj<parataxis> warbler	5.0	0.201	location_topic	Passerine__order
conj<parataxis>conj> warbler	5.0	0.358	location_topic	Passerine__order
nsubj<mark> ...	5.0	0.436	location_topic	Passerine__order
nsubj:pass<obl>case> in	5.0	0.688	location_topic	Passerine__order
nsubj<ccomp< ...	5.0	0.434	location_topic	Passerine__order
conj<case>fixed> ...	5.0	0.5	location_topic	Passerine__order
conj<conj>obj> warbler	5.0	0.241	location_topic	Passerine__order
conj<nmod<amod> ...	5.0	0.3	location_topic	Passerine__order
nsubj<parataxis<conj> ...	5.0	0.236	location_topic	Passerine__order
nsubj:pass<obl>det> ...	5.0	0.611	location_topic	Passerine__order
case> 's	5.0	0.934	location_topic	Passerine__order
conj<appos>amod> ...	5.0	0.27	location_topic	Passerine__order
obl:npmod<conj>cc> ...	5.0	0.523	location_topic	Passerine__order
conj<obl:npmod>amod> Moustach	5.0	0.627	location_topic	Passerine__order
conj>amod>conj> ...	5.0	0.392	location_topic	Passerine__order
nsubj<conj>nsubj> ...	5.0	0.276	location_topic	Passerine__order
nsubj<conj>amod> ...	5.0	0.472	location_topic	Passerine__order
conj<obl<advmod> ...	5.0	0.329	location_topic	Passerine__order
amod>advmod> ...	5.0	0.309	location_topic	Passerine__order
conj<conj>amod> rodericanus	5.0	0.681	location_topic	Passerine__order
nsubj<conj>compound> ...	5.0	0.398	location_topic	Passerine__order
nsubj<nmod>det> the	5.0	0.452	location_topic	Passerine__order
conj<obl< ...	5.0	0.33	location_topic	Passerine__order
conj<case> such	5.0	0.364	location_topic	Passerine__order
conj<case>fixed> as	5.0	0.5	location_topic	Passerine__order
amod>compound> red	5.0	0.312	location_topic	Passerine__order
nsubj<acl> ...	5.0	0.37	location_topic	Passerine__order
nsubj<conj>obj> ...	5.0	0.431	location_topic	Passerine__order
conj<conj>cc> fuscus	4.0	0.64	location_topic	Passerine__order
conj<amod<nsubj> ...	4.0	0.38	location_topic	Passerine__order
obl<nsubj>det> ...	4.0	0.428	location_topic	Passerine__order
conj<amod< ...	4.0	0.322	location_topic	Passerine__order
flat<conj<conj> ...	4.0	0.438	location_topic	Passerine__order
conj<obj<conj< warbler	4.0	0.292	location_topic	Passerine__order
nsubj:pass<obl>nmod> ...	4.0	0.484	location_topic	Passerine__order
conj<conj>compound> swamp	4.0	0.468	location_topic	Passerine__order
obl<aux:pass> ...	4.0	0.332	location_topic	Passerine__order
nsubj:pass<advcl> ...	4.0	0.438	location_topic	Passerine__order
conj<conj>advmod> ...	4.0	0.692	location_topic	Passerine__order
obj>conj>obj> warbler	4.0	0.291	location_topic	Passerine__order
amod<conj<conj> Acrocephalus	4.0	0.209	location_topic	Passerine__order
conj>amod> ree	4.0	0.595	location_topic	Passerine__order
nsubj<obl>advmod> ...	4.0	0.352	location_topic	Passerine__order
compound<nmod> ...	4.0	0.217	location_topic	Passerine__order
obj>conj> ree	4.0	0.409	location_topic	Passerine__order
compound<nmod>case> ...	4.0	0.424	location_topic	Passerine__order
conj<det> the	4.0	0.28	location_topic	Passerine__order
nmod<nsubj<nmod> ...	4.0	0.406	location_topic	Passerine__order
nmod>conj> ...	4.0	0.407	location_topic	Passerine__order
nsubj<conj>cc> or	4.0	0.673	location_topic	Passerine__order
appos>conj> ecology	4.0	0.371	location_topic	Passerine__order
appos> distribution	4.0	0.463	location_topic	Passerine__order
nsubj<advcl>nsubj> ...	4.0	0.333	location_topic	Passerine__order
parataxis<obl:npmod>conj> ...	4.0	0.413	location_topic	Passerine__order
conj<conj>nmod> ...	4.0	0.191	location_topic	Passerine__order
conj<obj<cc> Acrocephalus	4.0	0.428	location_topic	Passerine__order
conj<conj>flat> Millerbird	4.0	0.728	location_topic	Passerine__order
advmod>advmod> ...	4.0	0.493	location_topic	Passerine__order
nsubj<conj>nmod> ...	4.0	0.202	location_topic	Passerine__order
obl<cop> be	4.0	0.388	location_topic	Passerine__order
obl:npmod<conj>cc> Acrocephalus	4.0	0.521	location_topic	Passerine__order
nsubj<obl:npmod>conj> ...	4.0	0.327	location_topic	Passerine__order
appos<conj< ...	4.0	0.174	location_topic	Passerine__order
conj<conj>compound> Acrocephalus	4.0	0.618	location_topic	Passerine__order
conj<conj>case> arundinaceus	4.0	0.35	location_topic	Passerine__order
conj<conj>compound> Oriental	4.0	0.574	location_topic	Passerine__order
conj<conj>nsubj> orientalis	4.0	0.282	location_topic	Passerine__order
nsubj<aux> can	4.0	0.573	location_topic	Passerine__order
obj<nsubj> ...	4.0	0.421	location_topic	Passerine__order
conj<amod> Moustach	4.0	0.671	location_topic	Passerine__order
appos<nsubj< ...	4.0	0.302	location_topic	Passerine__order
nsubj:pass<advmod> ...	4.0	0.531	location_topic	Passerine__order
appos<appos> ...	4.0	0.599	location_topic	Passerine__order
nsubj< bird	4.0	0.912	location_topic	Passerine__order
conj<conj>conj> familiaris	4.0	0.352	location_topic	Passerine__order
nsubj<ccomp<nsubj> ...	4.0	0.287	location_topic	Passerine__order
nsubj<conj>cop> be	4.0	0.444	location_topic	Passerine__order
nmod>compound> ...	4.0	0.338	location_topic	Passerine__order
conj<nmod<obl< ...	4.0	0.529	location_topic	Passerine__order
amod<appos<conj> ...	4.0	0.338	location_topic	Passerine__order
conj<amod<conj< ...	4.0	0.618	location_topic	Passerine__order
conj<amod<cc> ...	4.0	0.259	location_topic	Passerine__order
parataxis<conj>cc> Acrocephalus	4.0	0.29	location_topic	Passerine__order
nsubj<conj> warbler	4.0	0.354	location_topic	Passerine__order
obj>conj>obj> ...	4.0	0.291	location_topic	Passerine__order
conj>compound>flat> ...	4.0	0.513	location_topic	Passerine__order
nmod<obj< ...	4.0	0.479	location_topic	Passerine__order
conj<det> ...	4.0	0.229	location_topic	Passerine__order
conj<conj>appos> scirpaceus	4.0	0.391	location_topic	Passerine__order
obl<conj<conj> ...	4.0	0.328	location_topic	Passerine__order
conj<obl:npmod<nsubj> ...	4.0	0.462	location_topic	Passerine__order
conj<obl:npmod< ...	4.0	0.354	location_topic	Passerine__order
conj<obl:npmod<compound> ...	4.0	0.213	location_topic	Passerine__order
conj<obj>conj> ...	4.0	0.187	location_topic	Passerine__order
obj>conj>nsubj> ...	4.0	0.513	location_topic	Passerine__order
conj<obl:npmod<parataxis> ...	4.0	0.471	location_topic	Passerine__order
obl<aux> ...	4.0	0.346	location_topic	Passerine__order
conj<amod< Rodrigue	4.0	0.698	location_topic	Passerine__order
conj>appos>amod> ...	4.0	0.328	location_topic	Passerine__order
nsubj<nmod>case> in	4.0	0.304	location_topic	Passerine__order
obj<nsubj>conj> ...	4.0	0.377	location_topic	Passerine__order
compound<conj<conj> ...	4.0	0.438	location_topic	Passerine__order
obl<cop> ...	4.0	0.388	location_topic	Passerine__order
amod> other	4.0	0.775	location_topic	Passerine__order
nsubj>compound> ...	4.0	0.439	location_topic	Passerine__order
conj<obl:npmod<conj> ree	4.0	0.471	location_topic	Passerine__order
conj>obj> ...	4.0	0.444	location_topic	Passerine__order
conj<obl:npmod<parataxis> warbler	4.0	0.471	location_topic	Passerine__order
appos>compound> ...	4.0	0.502	location_topic	Passerine__order
nsubj<obl:npmod>conj> warbler	4.0	0.327	location_topic	Passerine__order
conj<obl:npmod<conj> Acrocephalus	4.0	0.469	location_topic	Passerine__order
conj>compound>compound> ...	4.0	0.353	location_topic	Passerine__order
compound> king	4.0	0.535	location_topic	Passerine__order
nmod<obj<nsubj> ...	4.0	0.222	location_topic	Passerine__order
nsubj<conj>cop> ...	4.0	0.444	location_topic	Passerine__order
nsubj<advcl>obl> ...	4.0	0.301	location_topic	Passerine__order
conj<amod<conj< warbler	4.0	0.618	location_topic	Passerine__order
parataxis<conj>amod> ...	4.0	0.482	location_topic	Passerine__order
obl:npmod<conj>amod> ...	4.0	0.39	location_topic	Passerine__order
compound>compound> ...	4.0	0.234	location_topic	Passerine__order
nmod<obl<conj> ...	4.0	0.263	location_topic	Passerine__order
conj<amod<cc> Acrocephalus	4.0	0.259	location_topic	Passerine__order
cop> ...	4.0	0.211	location_topic	Passerine__order
nmod<obl<nsubj> ...	4.0	0.364	location_topic	Passerine__order
conj<obl:npmod<nsubj> Acrocephalus	4.0	0.462	location_topic	Passerine__order
conj<obl:npmod< bistrigicep	4.0	0.354	location_topic	Passerine__order
conj<obl:npmod<compound> Paddyfield	4.0	0.213	location_topic	Passerine__order
appos>amod> ...	4.0	0.437	location_topic	Passerine__order
parataxis<obl:npmod>conj> warbler	4.0	0.413	location_topic	Passerine__order
conj<conj>cc> or	4.0	0.44	location_topic	Passerine__order
nmod< bird	4.0	0.527	location_topic	Passerine__order
obl<aux:pass> be	4.0	0.332	location_topic	Passerine__order
nsubj<advcl>mark> ...	4.0	0.516	location_topic	Passerine__order
nmod<nsubj<advmod> ...	4.0	0.283	location_topic	Passerine__order
nsubj<mark> that	4.0	0.469	location_topic	Passerine__order
conj<amod<nsubj> sechellensis	4.0	0.38	location_topic	Passerine__order
nmod:poss<case> ...	4.0	0.39	location_topic	Passerine__order
conj<conj>compound> tangorum	4.0	0.551	location_topic	Passerine__order
obj<conj<conj> ...	4.0	0.36	location_topic	Passerine__order
conj<obl> ...	3.0	0.353	location_topic	Passerine__order
nsubj<conj>det> ...	3.0	0.255	location_topic	Passerine__order
nsubj:pass<aux> ...	3.0	0.268	location_topic	Passerine__order
conj< crow	3.0	0.443	location_topic	Passerine__order
conj<obj< include	3.0	0.303	location_topic	Passerine__order
conj<obl>case> ...	3.0	0.393	location_topic	Passerine__order
conj<advmod> ...	3.0	0.467	location_topic	Passerine__order
appos<appos>appos> ...	3.0	0.263	location_topic	Passerine__order
appos<conj>cc> and	3.0	0.574	location_topic	Passerine__order
obj<obl>compound> ...	3.0	0.363	location_topic	Passerine__order
appos<nsubj:pass<obl> ...	3.0	0.199	location_topic	Passerine__order
nsubj<advcl>cop> ...	3.0	0.19	location_topic	Passerine__order
nmod<advmod> ...	3.0	0.49	location_topic	Passerine__order
conj<obl<nsubj:pass> ...	3.0	0.307	location_topic	Passerine__order
nsubj<nmod>amod> ...	3.0	0.399	location_topic	Passerine__order
case>fixed> ...	3.0	0.477	location_topic	Passerine__order
appos>flat> ...	3.0	0.375	location_topic	Passerine__order
nsubj<appos> ...	3.0	0.27	location_topic	Passerine__order
conj<amod> red	3.0	0.826	location_topic	Passerine__order
conj<obl<aux:pass> ...	3.0	0.26	location_topic	Passerine__order
nmod<nsubj<amod> ...	3.0	0.369	location_topic	Passerine__order
compound<obl< ...	3.0	0.548	location_topic	Passerine__order
conj<nsubj>det> ...	3.0	0.173	location_topic	Passerine__order
nsubj<obl>compound> ...	3.0	0.214	location_topic	Passerine__order
appos<conj>det> the	3.0	0.42	location_topic	Passerine__order
obl<nsubj:pass> ...	3.0	0.546	location_topic	Passerine__order
nsubj<advcl>advmod> ...	3.0	0.421	location_topic	Passerine__order
nsubj<obl>appos> ...	3.0	0.214	location_topic	Passerine__order
det> a	3.0	0.764	location_topic	Passerine__order
amod<conj<conj> ree	3.0	0.289	location_topic	Passerine__order
amod<parataxis<conj> warbler	3.0	0.432	location_topic	Passerine__order
acl:relcl> ...	3.0	0.301	location_topic	Passerine__order
acl:relcl>nsubj> ...	3.0	0.387	location_topic	Passerine__order
conj<obj> ...	3.0	0.465	location_topic	Passerine__order
nsubj<nmod>compound> ...	3.0	0.195	location_topic	Passerine__order
nsubj:pass<advcl>mark> ...	3.0	0.447	location_topic	Passerine__order
nmod:poss<amod> ...	3.0	0.178	location_topic	Passerine__order
nmod<obl<advcl> ...	3.0	0.573	location_topic	Passerine__order
nmod<obl<cop> ...	3.0	0.473	location_topic	Passerine__order
nsubj<amod>advmod> ...	3.0	0.473	location_topic	Passerine__order
nsubj<xcomp>mark> to	3.0	0.494	location_topic	Passerine__order
nsubj<conj>cc> but	3.0	0.733	location_topic	Passerine__order
compound> grasshopper	3.0	0.27	location_topic	Passerine__order
amod<conj<parataxis> warbler	3.0	0.514	location_topic	Passerine__order
amod<conj<compound> Paddyfield	3.0	0.305	location_topic	Passerine__order
conj<nsubj>det> the	3.0	0.195	location_topic	Passerine__order
amod<conj< bistrigicep	3.0	0.377	location_topic	Passerine__order
nsubj:pass<conj>aux> ...	3.0	0.183	location_topic	Passerine__order
amod<conj<nsubj> Acrocephalus	3.0	0.423	location_topic	Passerine__order
nsubj:pass<conj> ...	3.0	0.497	location_topic	Passerine__order
nmod>case> in	3.0	0.984	location_topic	Passerine__order
amod<conj<obl:npmod> warbler	3.0	0.601	location_topic	Passerine__order
cc> or	3.0	0.459	location_topic	Passerine__order
acl>advmod> ...	3.0	0.45	location_topic	Passerine__order
amod<conj< warbler	3.0	0.331	location_topic	Passerine__order
nsubj<advmod> also	3.0	0.697	location_topic	Passerine__order
appos<conj>det> ...	3.0	0.406	location_topic	Passerine__order
amod> great	3.0	0.862	location_topic	Passerine__order
case>fixed> as	3.0	0.454	location_topic	Passerine__order
case> such	3.0	0.849	location_topic	Passerine__order
nmod:poss>case> ...	3.0	0.31	location_topic	Passerine__order
obj<conj> ...	3.0	0.238	location_topic	Passerine__order
conj>advmod> ...	3.0	0.335	location_topic	Passerine__order
conj>nmod>case> ...	3.0	0.434	location_topic	Passerine__order
obl<nsubj>compound> ...	3.0	0.418	location_topic	Passerine__order
conj>nmod> ...	3.0	0.521	location_topic	Passerine__order
amod<conj<amod> ...	3.0	0.408	location_topic	Passerine__order
amod<appos< ...	3.0	0.28	location_topic	Passerine__order
nsubj<conj>aux> ...	3.0	0.65	location_topic	Passerine__order
amod<conj<obl:npmod> ...	3.0	0.601	location_topic	Passerine__order
obl<nsubj>amod> ...	3.0	0.244	location_topic	Passerine__order
conj<nsubj<cop> ...	3.0	0.48	location_topic	Passerine__order
nmod<obl<cop> be	3.0	0.473	location_topic	Passerine__order
compound<amod> common	3.0	0.153	location_topic	Passerine__order
amod<conj<nsubj> ...	3.0	0.378	location_topic	Passerine__order
nsubj:pass<advcl>obj> ...	3.0	0.214	location_topic	Passerine__order
amod<conj<compound> ...	3.0	0.4	location_topic	Passerine__order
compound<nmod<nmod> ...	3.0	0.223	location_topic	Passerine__order
nmod<nsubj<obj> ...	3.0	0.348	location_topic	Passerine__order
amod<conj<parataxis> ...	3.0	0.514	location_topic	Passerine__order
conj<conj>amod> common	3.0	0.749	location_topic	Passerine__order
nmod<compound> ...	3.0	0.251	location_topic	Passerine__order
nmod:poss> ...	3.0	0.248	location_topic	Passerine__order
nsubj>conj>amod> ...	3.0	0.333	location_topic	Passerine__order
nsubj>conj> ...	3.0	0.242	location_topic	Passerine__order
nsubj<advcl>cop> be	3.0	0.19	location_topic	Passerine__order
conj<acl> ...	3.0	0.427	location_topic	Passerine__order
conj<obl<aux:pass> be	3.0	0.26	location_topic	Passerine__order
conj<conj>obl:npmod> schoenobaenus	3.0	0.451	location_topic	Passerine__order
conj<conj>compound> paludicola	3.0	0.696	location_topic	Passerine__order
compound>flat> ...	3.0	0.234	location_topic	Passerine__order
nsubj:pass<obl>det> the	3.0	0.636	location_topic	Passerine__order
conj<cop> ...	3.0	0.625	location_topic	Passerine__order
nmod<amod> other	3.0	0.483	location_topic	Passerine__order
flat< ...	3.0	0.223	location_topic	Passerine__order
conj<conj>obl:npmod> ...	3.0	0.427	location_topic	Passerine__order
nmod< member	3.0	0.455	location_topic	Passerine__order
obj<conj<conj> warbler	3.0	0.471	location_topic	Passerine__order
conj<conj>amod> Aquatic	3.0	0.57	location_topic	Passerine__order
acl:relcl>nsubj> which	3.0	0.406	location_topic	Passerine__order
case> in	3.0	0.867	location_topic	Passerine__order
nsubj<obl>case> to	3.0	0.738	location_topic	Passerine__order
flat<conj<conj> warbler	3.0	0.485	location_topic	Passerine__order
cop> be	3.0	0.293	location_topic	Passerine__order
conj<conj> gull	3.0	0.897	location_topic	Passerine__order
conj<conj>flat> warbler	3.0	0.613	location_topic	Passerine__order
conj<conj>conj> orientalis	3.0	0.42	location_topic	Passerine__order
conj<parataxis<conj> warbler	3.0	0.343	location_topic	Passerine__order
parataxis<conj>compound> ...	3.0	0.276	location_topic	Passerine__order
nsubj:pass<obl>case> for	3.0	0.613	location_topic	Passerine__order
det> this	3.0	0.675	location_topic	Passerine__order
nsubj:pass<conj<obl> ...	3.0	0.179	location_topic	Passerine__order
nsubj<nmod>case> of	3.0	0.357	location_topic	Passerine__order
compound<nmod>case> in	3.0	0.486	location_topic	Passerine__order
appos<cc> ...	3.0	0.498	location_topic	Passerine__order
nsubj<parataxis<conj> warbler	3.0	0.27	location_topic	Passerine__order
nsubj:pass< introduce	3.0	0.516	location_topic	Passerine__order
nsubj:pass<obl>case> by	3.0	0.667	location_topic	Passerine__order
conj<nsubj<obj> warbler	3.0	0.268	location_topic	Passerine__order
nsubj:pass<conj>aux> have	3.0	0.181	location_topic	Passerine__order
nsubj<obj> range	3.0	0.311	location_topic	Passerine__order
appos<conj>cc> Acrocephalus	3.0	0.547	location_topic	Passerine__order
appos>conj> habitat	3.0	0.46	location_topic	Passerine__order
nmod:poss>case> 's	3.0	0.31	location_topic	Passerine__order
conj<conj>amod> great	3.0	0.733	location_topic	Passerine__order
conj>amod>conj> warbler	3.0	0.408	location_topic	Passerine__order
conj<conj>amod> other	3.0	0.647	location_topic	Passerine__order
conj<conj>case> melanopogon	3.0	0.256	location_topic	Passerine__order
nmod<conj>amod> ...	3.0	0.437	location_topic	Passerine__order
nsubj<xcomp> ...	3.0	0.196	location_topic	Passerine__order
nsubj<conj>amod> ree	3.0	0.477	location_topic	Passerine__order
appos<nmod>case> ...	3.0	0.361	location_topic	Passerine__order
parataxis<conj> warbler	3.0	0.435	location_topic	Passerine__order
obl<nsubj>det> the	3.0	0.511	location_topic	Passerine__order
nmod< species	3.0	0.498	location_topic	Passerine__order
conj<nmod<amod> other	3.0	0.39	location_topic	Passerine__order
flat<compound<conj> warbler	3.0	0.261	location_topic	Passerine__order
conj<nmod<case> with	3.0	0.602	location_topic	Passerine__order
acl>obj> ...	3.0	0.481	location_topic	Passerine__order
nsubj<obl>amod> other	3.0	0.388	location_topic	Passerine__order
nsubj<xcomp>mark> ...	3.0	0.494	location_topic	Passerine__order
conj> raven	3.0	0.756	location_topic	Passerine__order
nsubj<parataxis>nsubj> ...	3.0	0.357	location_topic	Passerine__order
obl:npmod<conj> warbler	3.0	0.418	location_topic	Passerine__order
obl:npmod<conj>amod> ree	3.0	0.472	location_topic	Passerine__order
nsubj<compound> ...	3.0	0.444	location_topic	Passerine__order
nmod<det> a	3.0	0.607	location_topic	Passerine__order
obl<obl> ...	3.0	0.393	location_topic	Passerine__order
obl<obl>case> ...	3.0	0.378	location_topic	Passerine__order
parataxis<conj>amod> ree	3.0	0.377	location_topic	Passerine__order
conj<nsubj<obj> ...	3.0	0.256	location_topic	Passerine__order
conj<nsubj<cop> be	3.0	0.48	location_topic	Passerine__order
nsubj<obl>case> like	3.0	0.803	location_topic	Passerine__order
obl:npmod<conj>compound> ...	3.0	0.373	location_topic	Passerine__order
appos<nmod> ...	3.0	0.354	location_topic	Passerine__order
nmod>nmod>amod> ...	2.0	0.311	location_topic	Passerine__order
nsubj<xcomp>obl> ...	2.0	0.439	location_topic	Passerine__order
conj<obj<conj> ree	2.0	0.344	location_topic	Passerine__order
nmod:poss<nmod< ...	2.0	0.405	location_topic	Passerine__order
conj<conj>obl> ...	2.0	0.311	location_topic	Passerine__order
appos<nsubj> ...	2.0	0.359	location_topic	Passerine__order
appos<compound> ...	2.0	0.461	location_topic	Passerine__order
case> to	2.0	0.803	location_topic	Passerine__order
conj<conj> fox	2.0	0.908	location_topic	Passerine__order
list> bird	2.0	0.393	location_topic	Passerine__order
compound>conj> ...	2.0	0.259	location_topic	Passerine__order
nsubj>flat> ...	2.0	0.304	location_topic	Passerine__order
conj>obj>conj> ...	2.0	0.345	location_topic	Passerine__order
conj>conj> ...	2.0	0.212	location_topic	Passerine__order
nsubj:pass<conj>obl> ...	2.0	0.257	location_topic	Passerine__order
amod<compound> ...	2.0	0.296	location_topic	Passerine__order
compound<compound> ...	2.0	0.294	location_topic	Passerine__order
compound<nmod<amod> ...	2.0	0.355	location_topic	Passerine__order
compound<conj< ...	2.0	0.379	location_topic	Passerine__order
nsubj<obl>nummod> ...	2.0	0.471	location_topic	Passerine__order
nsubj<conj>det> the	2.0	0.286	location_topic	Passerine__order
conj>det> the	2.0	0.421	location_topic	Passerine__order
nsubj<appos>nmod> ...	2.0	0.264	location_topic	Passerine__order
acl>obl>case> in	2.0	0.365	location_topic	Passerine__order
nsubj<appos>conj> ...	2.0	0.247	location_topic	Passerine__order
compound< species	2.0	0.401	location_topic	Passerine__order
nsubj<ccomp> ...	2.0	0.518	location_topic	Passerine__order
conj<cop> be	2.0	0.579	location_topic	Passerine__order
amod<conj<obl:npmod< bistrigicep	2.0	0.632	location_topic	Passerine__order
nsubj<obj>acl> ...	2.0	0.174	location_topic	Passerine__order
compound<case> of	2.0	0.088	location_topic	Passerine__order
amod<appos<conj< warbler	2.0	0.413	location_topic	Passerine__order
amod<appos<cc> Acrocephalus	2.0	0.426	location_topic	Passerine__order
obl<aux> can	2.0	0.416	location_topic	Passerine__order
nmod>nmod> ...	2.0	0.376	location_topic	Passerine__order
nmod>nmod>case> ...	2.0	0.536	location_topic	Passerine__order
obl<nsubj> crow	2.0	0.521	location_topic	Passerine__order
advmod>obl> ...	2.0	0.4	location_topic	Passerine__order
advmod>obl>amod> ...	2.0	0.345	location_topic	Passerine__order
advmod>obl>case> ...	2.0	0.312	location_topic	Passerine__order
amod<conj<amod> Moustach	2.0	0.465	location_topic	Passerine__order
nsubj<obl>case> as	2.0	0.759	location_topic	Passerine__order
obl<advmod> very	2.0	0.377	location_topic	Passerine__order
compound<amod>advmod> ...	2.0	0.177	location_topic	Passerine__order
nsubj<parataxis>obj> ...	2.0	0.357	location_topic	Passerine__order
det> all	2.0	0.754	location_topic	Passerine__order
conj<nmod< bird	2.0	0.172	location_topic	Passerine__order
obl<cc> and	2.0	0.441	location_topic	Passerine__order
conj>conj>amod> ...	2.0	0.319	location_topic	Passerine__order
conj<conj>cop> be	2.0	0.375	location_topic	Passerine__order
appos<nsubj<cop> ...	2.0	0.415	location_topic	Passerine__order
acl>obl>det> ...	2.0	0.315	location_topic	Passerine__order
obl<conj<cop> be	2.0	0.303	location_topic	Passerine__order
appos<appos< ...	2.0	0.454	location_topic	Passerine__order
appos<appos<conj> ...	2.0	0.54	location_topic	Passerine__order
appos<nsubj<obj> warbler	2.0	0.353	location_topic	Passerine__order
conj<nsubj> Tuamotu	2.0	0.212	location_topic	Passerine__order
obj>conj>conj> ...	2.0	0.429	location_topic	Passerine__order
conj<nmod<advmod> perhaps	2.0	0.382	location_topic	Passerine__order
advmod>obl>case> in	2.0	0.291	location_topic	Passerine__order
obj<nsubj>conj> warbler	2.0	0.681	location_topic	Passerine__order
conj<conj>compound> meadow	2.0	0.414	location_topic	Passerine__order
nmod<acl:relcl>advmod> ...	2.0	0.665	location_topic	Passerine__order
conj<conj>advmod> he	2.0	0.759	location_topic	Passerine__order
conj<nmod<obl< gregarious	2.0	0.611	location_topic	Passerine__order
conj<nmod< thrush	2.0	0.285	location_topic	Passerine__order
nmod<nsubj<aux> ...	2.0	0.384	location_topic	Passerine__order
obl<advcl> ...	2.0	0.296	location_topic	Passerine__order
appos<obl< ...	2.0	0.311	location_topic	Passerine__order
appos<case> ...	2.0	0.461	location_topic	Passerine__order
obj<cc> Acrocephalus	2.0	0.299	location_topic	Passerine__order
appos<flat> ...	2.0	0.282	location_topic	Passerine__order
appos<obl<conj> ...	2.0	0.65	location_topic	Passerine__order
obl<advcl>nsubj> ...	2.0	0.305	location_topic	Passerine__order
conj<nsubj>appos> ...	2.0	0.331	location_topic	Passerine__order
nsubj<advcl>obl:npmod> ...	2.0	0.265	location_topic	Passerine__order
acl>obl>det> the	2.0	0.359	location_topic	Passerine__order
compound<conj<conj> warbler	2.0	0.571	location_topic	Passerine__order
nsubj<parataxis>aux> ...	2.0	0.207	location_topic	Passerine__order
conj<list> ...	2.0	0.654	location_topic	Passerine__order
appos<nsubj:pass<aux:pass> be	2.0	0.434	location_topic	Passerine__order
appos<nsubj<cop> be	2.0	0.415	location_topic	Passerine__order
nmod<nsubj<parataxis> ...	2.0	0.118	location_topic	Passerine__order
nmod<nsubj<acl:relcl> ...	2.0	0.467	location_topic	Passerine__order
nsubj<obj>acl:relcl> ...	2.0	0.478	location_topic	Passerine__order
appos>advmod> ...	2.0	0.219	location_topic	Passerine__order
appos<conj> chough	2.0	0.773	location_topic	Passerine__order
appos>conj>amod> ...	2.0	0.399	location_topic	Passerine__order
compound<obl<advmod> ...	2.0	0.575	location_topic	Passerine__order
nsubj:pass<cc> ...	2.0	0.449	location_topic	Passerine__order
appos<amod> billed	2.0	0.408	location_topic	Passerine__order
conj<obl<obl> ...	2.0	0.325	location_topic	Passerine__order
appos<appos<conj> chough	2.0	0.54	location_topic	Passerine__order
nsubj<nmod>nmod:poss> ...	2.0	0.456	location_topic	Passerine__order
nsubj:pass<conj>obj> ...	2.0	0.328	location_topic	Passerine__order
nmod<obl<obj> ...	2.0	0.418	location_topic	Passerine__order
obl<advcl>mark> ...	2.0	0.52	location_topic	Passerine__order
conj>compound> Seychelle	2.0	0.338	location_topic	Passerine__order
conj<nmod< species	2.0	0.316	location_topic	Passerine__order
conj<appos> warbler	2.0	0.606	location_topic	Passerine__order
conj<nsubj< ree	2.0	0.374	location_topic	Passerine__order
conj>appos> warbler	2.0	0.39	location_topic	Passerine__order
conj>appos>amod> ree	2.0	0.565	location_topic	Passerine__order
conj<obj>conj> Rimatara	2.0	0.39	location_topic	Passerine__order
conj<obj>conj> Acrocephalus	2.0	0.374	location_topic	Passerine__order
conj<obj> warbler	2.0	0.503	location_topic	Passerine__order
nsubj:pass<conj>nsubj> ...	2.0	0.479	location_topic	Passerine__order
nsubj>appos>amod> ...	2.0	0.462	location_topic	Passerine__order
nsubj>appos> ...	2.0	0.259	location_topic	Passerine__order
nsubj>conj>cc> ...	2.0	0.405	location_topic	Passerine__order
conj<nmod<compound> ...	2.0	0.424	location_topic	Passerine__order
conj<nmod<nmod< ...	2.0	0.469	location_topic	Passerine__order
conj<conj>cc> orinus	2.0	0.653	location_topic	Passerine__order
conj<appos>amod> ree	2.0	0.347	location_topic	Passerine__order
conj>amod> newtoni	2.0	0.48	location_topic	Passerine__order
conj<appos>amod> Clamorous	2.0	0.339	location_topic	Passerine__order
conj>compound> swamp	2.0	0.367	location_topic	Passerine__order
conj>compound>compound> brevipennis	2.0	0.43	location_topic	Passerine__order
conj<nmod<compound> bird	2.0	0.462	location_topic	Passerine__order
conj<nmod<case> of	2.0	0.538	location_topic	Passerine__order
conj<conj>cop> ...	2.0	0.375	location_topic	Passerine__order
conj<conj>det> ...	2.0	0.5	location_topic	Passerine__order
conj<nmod<nmod< consists	2.0	0.458	location_topic	Passerine__order
conj> ree	2.0	0.728	location_topic	Passerine__order
nsubj<conj>obj> warbler	2.0	0.56	location_topic	Passerine__order
obl<nsubj>compound> song	2.0	0.56	location_topic	Passerine__order
nmod<det> some	2.0	0.622	location_topic	Passerine__order
amod<amod>advmod> ...	2.0	0.327	location_topic	Passerine__order
obj>conj>nsubj> Marquesan	2.0	0.567	location_topic	Passerine__order
obl<nsubj> thrush	2.0	0.532	location_topic	Passerine__order
conj<nsubj<conj< bistrigicep	2.0	0.573	location_topic	Passerine__order
nsubj<conj>advcl> ...	2.0	0.301	location_topic	Passerine__order
amod<conj<obl:npmod< ...	2.0	0.632	location_topic	Passerine__order
amod<appos<conj< ...	2.0	0.413	location_topic	Passerine__order
amod<appos<cc> ...	2.0	0.426	location_topic	Passerine__order
conj<nsubj<cc> Acrocephalus	2.0	0.656	location_topic	Passerine__order
nsubj> Marquesan	2.0	0.337	location_topic	Passerine__order
conj>nsubj> ...	2.0	0.372	location_topic	Passerine__order
acl>obl>amod> ...	2.0	0.255	location_topic	Passerine__order
appos<acl> ...	2.0	0.426	location_topic	Passerine__order
conj<nmod> ...	2.0	0.351	location_topic	Passerine__order
conj> thrush	2.0	0.817	location_topic	Passerine__order
nsubj<obj>acl> estimate	2.0	0.155	location_topic	Passerine__order
nmod<obj<nsubj> this	2.0	0.39	location_topic	Passerine__order
nsubj<obj> area	2.0	0.307	location_topic	Passerine__order
nsubj<obj>conj> population	2.0	0.742	location_topic	Passerine__order
advcl<obl>case> in	2.0	0.321	location_topic	Passerine__order
appos> status	2.0	0.29	location_topic	Passerine__order
appos>conj> conservation	2.0	0.291	location_topic	Passerine__order
conj<nmod>case> ...	2.0	0.513	location_topic	Passerine__order
nsubj<conj<conj> ...	2.0	0.302	location_topic	Passerine__order
list> ...	2.0	0.372	location_topic	Passerine__order
nsubj<conj< ...	2.0	0.232	location_topic	Passerine__order
nmod<conj< ...	2.0	0.426	location_topic	Passerine__order
nsubj<advmod> very	2.0	0.667	location_topic	Passerine__order
nsubj< return	2.0	0.639	location_topic	Passerine__order
nsubj<obl>case> with	2.0	0.815	location_topic	Passerine__order
obl<acl<amod> ...	2.0	0.206	location_topic	Passerine__order
obl<acl< ...	2.0	0.209	location_topic	Passerine__order
conj<parataxis< ...	2.0	0.462	location_topic	Passerine__order
conj<parataxis<nsubj> ...	2.0	0.299	location_topic	Passerine__order
obj<conj>cc> ...	2.0	0.169	location_topic	Passerine__order
nsubj<obj>amod> extensive	2.0	0.422	location_topic	Passerine__order
nmod<cop> be	2.0	0.247	location_topic	Passerine__order
conj<appos<amod> ...	2.0	0.189	location_topic	Passerine__order
conj<nsubj<conj< ...	2.0	0.554	location_topic	Passerine__order
conj<nsubj<cc> ...	2.0	0.593	location_topic	Passerine__order
acl:relcl>obl> ...	2.0	0.232	location_topic	Passerine__order
acl:relcl>obl>case> ...	2.0	0.442	location_topic	Passerine__order
nsubj<advcl<conj> ...	2.0	0.343	location_topic	Passerine__order
compound<nsubj:pass<obl> ...	2.0	0.203	location_topic	Passerine__order
nsubj<advcl<appos> ...	2.0	0.65	location_topic	Passerine__order
case> as	2.0	0.92	location_topic	Passerine__order
nmod:poss< call	2.0	0.184	location_topic	Passerine__order
nsubj:pass<aux> have	2.0	0.328	location_topic	Passerine__order
obl<nmod>case> ...	2.0	0.38	location_topic	Passerine__order
obl<nmod> ...	2.0	0.213	location_topic	Passerine__order
nsubj:pass<obl>case> to	2.0	0.683	location_topic	Passerine__order
nsubj:pass<obl>det> a	2.0	0.581	location_topic	Passerine__order
conj<obj>compound> ...	2.0	0.549	location_topic	Passerine__order
nsubj:pass<conj>cc> and	2.0	0.297	location_topic	Passerine__order
conj<appos< ...	2.0	0.191	location_topic	Passerine__order
appos<conj<appos> ...	2.0	0.325	location_topic	Passerine__order
appos<nsubj<obj> ...	2.0	0.302	location_topic	Passerine__order
nsubj< member	2.0	0.876	location_topic	Passerine__order
nmod<nmod> ...	2.0	0.524	location_topic	Passerine__order
appos<nsubj:pass< ...	2.0	0.292	location_topic	Passerine__order
appos<obl>case> ...	2.0	0.266	location_topic	Passerine__order
appos<obl>det> ...	2.0	0.47	location_topic	Passerine__order
appos<obl> ...	2.0	0.28	location_topic	Passerine__order
conj<nmod<advmod> ...	2.0	0.34	location_topic	Passerine__order
conj<conj> crow	2.0	0.928	location_topic	Passerine__order
conj<nmod:poss> ...	2.0	0.289	location_topic	Passerine__order
conj<appos>compound> Corvus	2.0	0.403	location_topic	Passerine__order
nsubj<xcomp>obj> ...	2.0	0.542	location_topic	Passerine__order
nmod>conj>cc> and	2.0	0.398	location_topic	Passerine__order
conj< gull	2.0	0.531	location_topic	Passerine__order
nmod>det> ...	2.0	0.343	location_topic	Passerine__order
obj<nsubj>amod> ...	2.0	0.312	location_topic	Passerine__order
conj>det> ...	2.0	0.39	location_topic	Passerine__order
nsubj<obl>det> a	2.0	0.653	location_topic	Passerine__order
conj<nsubj:pass>nmod> ...	2.0	0.311	location_topic	Passerine__order
amod>obl:npmod> white	2.0	0.372	location_topic	Passerine__order
nsubj<advcl>obj> ...	2.0	0.432	location_topic	Passerine__order
appos<nsubj:pass<aux:pass> ...	2.0	0.434	location_topic	Passerine__order
conj<nsubj<conj> ...	2.0	0.394	location_topic	Passerine__order
nsubj<obl> corvid	2.0	0.391	location_topic	Passerine__order
nmod<nsubj<aux> be	2.0	0.397	location_topic	Passerine__order
parataxis> ...	2.0	0.363	location_topic	Passerine__order
flat> ...	2.0	0.154	location_topic	Passerine__order
nsubj<obl> species	2.0	0.537	location_topic	Passerine__order
nmod:poss<case> of	2.0	0.425	location_topic	Passerine__order
nsubj<aux> will	2.0	0.591	location_topic	Passerine__order
nmod<case> than	2.0	0.449	location_topic	Passerine__order
nsubj<cc> ...	2.0	0.361	location_topic	Passerine__order
nsubj<advmod> not	2.0	0.728	location_topic	Passerine__order
nmod:poss<obl< ...	2.0	0.429	location_topic	Passerine__order
appos>nmod:poss> ...	2.0	0.56	location_topic	Passerine__order
nmod:poss<compound> ...	2.0	0.221	location_topic	Passerine__order
nmod<acl>obl> ...	2.0	0.274	location_topic	Passerine__order
nmod<acl> ...	2.0	0.499	location_topic	Passerine__order
nmod<conj> ...	2.0	0.433	location_topic	Passerine__order
nmod<conj>cc> ...	2.0	0.199	location_topic	Passerine__order
nmod<nmod>case> ...	2.0	0.346	location_topic	Passerine__order
nmod<cop> ...	2.0	0.247	location_topic	Passerine__order
appos>appos> ...	2.0	0.229	location_topic	Passerine__order
conj<amod>compound> ...	2.0	0.351	location_topic	Passerine__order
nsubj<advmod> first	2.0	0.638	location_topic	Passerine__order
obj<conj< ...	2.0	0.286	location_topic	Passerine__order
nsubj<nmod> family	2.0	0.289	location_topic	Passerine__order
obj<conj<nsubj> ...	2.0	0.233	location_topic	Passerine__order
conj>appos> ...	2.0	0.278	location_topic	Passerine__order
case> for	2.0	0.779	location_topic	Passerine__order
nsubj:pass< distribute	2.0	0.439	location_topic	Passerine__order
nmod<conj>cc> and	2.0	0.25	location_topic	Passerine__order
compound>appos>conj> ...	2.0	0.227	location_topic	Passerine__order
nsubj<parataxis>obl> pair	2.0	0.47	location_topic	Passerine__order
nsubj<advcl> old	2.0	0.437	location_topic	Passerine__order
nsubj<advcl>obl:npmod> year	2.0	0.265	location_topic	Passerine__order
obl<cc> ...	2.0	0.464	location_topic	Passerine__order
nsubj<advcl>nsubj> they	2.0	0.386	location_topic	Passerine__order
nsubj<advcl>mark> when	2.0	0.512	location_topic	Passerine__order
nsubj< build	2.0	0.719	location_topic	Passerine__order
nsubj<nmod>nmod> ...	2.0	0.254	location_topic	Passerine__order
advcl<obl>case> ...	2.0	0.321	location_topic	Passerine__order
obl:npmod< ...	2.0	0.353	location_topic	Passerine__order
nsubj<acl> breed	2.0	0.458	location_topic	Passerine__order
amod> male	2.0	0.766	location_topic	Passerine__order
conj<case> like	2.0	0.384	location_topic	Passerine__order
appos<cc> Acrocephalus	2.0	0.286	location_topic	Passerine__order
appos<conj< warbler	2.0	0.287	location_topic	Passerine__order
nsubj:pass<advcl>advmod> ...	2.0	0.336	location_topic	Passerine__order
advcl<obl> ...	2.0	0.716	location_topic	Passerine__order
nsubj<obj> nest	2.0	0.23	location_topic	Passerine__order
nsubj<obl>case> from	2.0	0.73	location_topic	Passerine__order
obj<nsubj>appos> ...	2.0	0.512	location_topic	Passerine__order
appos<compound< ...	2.0	0.344	location_topic	Passerine__order
nmod:poss<nsubj< ...	2.0	0.387	location_topic	Passerine__order
conj<nsubj< bird	2.0	0.276	location_topic	Passerine__order
obj<cc> ...	2.0	0.267	location_topic	Passerine__order
compound<nmod<nsubj< ...	2.0	0.529	location_topic	Passerine__order
obl<conj< ...	2.0	0.37	location_topic	Passerine__order
nsubj<advcl>conj> ...	2.0	0.379	location_topic	Passerine__order
nmod<appos< ...	2.0	0.352	location_topic	Passerine__order
obl<conj<nsubj> ...	2.0	0.445	location_topic	Passerine__order
obl<obl>case> in	2.0	0.389	location_topic	Passerine__order
nsubj<cc> and	2.0	0.384	location_topic	Passerine__order
nmod:poss<nsubj<conj> ...	2.0	0.485	location_topic	Passerine__order
compound<conj> behaviour	2.0	0.42	location_topic	Passerine__order
nmod>det> the	2.0	0.332	location_topic	Passerine__order
nmod:poss<case> to	2.0	0.391	location_topic	Passerine__order
nsubj:pass<obl>acl> ...	2.0	0.389	location_topic	Passerine__order
acl>mark> ...	2.0	0.297	location_topic	Passerine__order
acl>obl>nmod> ...	2.0	0.288	location_topic	Passerine__order
nmod>conj>cc> ...	2.0	0.411	location_topic	Passerine__order
nmod<case> with	2.0	0.552	location_topic	Passerine__order
nsubj<obl> rainforest	2.0	0.416	location_topic	Passerine__order
nmod>case> as	2.0	0.962	location_topic	Passerine__order
obl<conj<cop> ...	2.0	0.303	location_topic	Passerine__order
obl<conj<advmod> ...	2.0	0.371	location_topic	Passerine__order
nsubj:pass<conj>cc> ...	2.0	0.282	location_topic	Passerine__order
appos> reference	2.0	0.455	location_topic	Passerine__order
conj>nmod>amod> ...	2.0	0.539	location_topic	Passerine__order
obl<advmod> not	1.0	0.381	location_topic	Passerine__order
obl< find	1.0	0.432	location_topic	Passerine__order
nmod:poss< range	1.0	0.281	location_topic	Passerine__order
compound<obl<aux> have	1.0	0.404	location_topic	Passerine__order
obl<advcl>mark> although	1.0	0.527	location_topic	Passerine__order
obl<advmod> usually	1.0	0.441	location_topic	Passerine__order
compound<obl<nsubj> it	1.0	0.497	location_topic	Passerine__order
nsubj<advcl>mark> although	1.0	0.543	location_topic	Passerine__order
compound<amod> other	1.0	0.244	location_topic	Passerine__order
nsubj<obl>case> unlike	1.0	0.777	location_topic	Passerine__order
conj<cc:preconj> both	1.0	0.508	location_topic	Passerine__order
advmod> also	1.0	0.33	location_topic	Passerine__order
nsubj>nmod>case> of	1.0	0.585	location_topic	Passerine__order
nsubj> species	1.0	0.279	location_topic	Passerine__order
nsubj>det> a	1.0	0.309	location_topic	Passerine__order
acl>conj>cc> and	1.0	0.391	location_topic	Passerine__order
compound<amod> many	1.0	0.343	location_topic	Passerine__order
advmod> perhaps	1.0	0.404	location_topic	Passerine__order
nmod>case> such	1.0	0.824	location_topic	Passerine__order
nmod<nsubj< have	1.0	0.49	location_topic	Passerine__order
nmod>case>fixed> as	1.0	0.459	location_topic	Passerine__order
obj<nsubj> warbler	1.0	0.556	location_topic	Passerine__order
obj<conj>cc> Acrocephalus	1.0	0.134	location_topic	Passerine__order
obj<conj>obj> warbler	1.0	0.406	location_topic	Passerine__order
nsubj<obj> warbler	1.0	0.342	location_topic	Passerine__order
obj<conj<nsubj> warbler	1.0	0.316	location_topic	Passerine__order
obj<conj<obj> warbler	1.0	0.483	location_topic	Passerine__order
obl<nsubj>det> this	1.0	0.403	location_topic	Passerine__order
obl<nsubj>amod> taile	1.0	0.341	location_topic	Passerine__order
appos<appos>det> a	1.0	0.389	location_topic	Passerine__order
appos<nmod>case> in	1.0	0.332	location_topic	Passerine__order
appos<nmod>case> from	1.0	0.332	location_topic	Passerine__order
compound>flat> Sedge	1.0	0.307	location_topic	Passerine__order
conj<nsubj< be	1.0	0.278	location_topic	Passerine__order
conj<nmod>case> with	1.0	0.566	location_topic	Passerine__order
flat<conj< warbler	1.0	0.323	location_topic	Passerine__order
flat< Acrocephalus	1.0	0.219	location_topic	Passerine__order
conj>cc> but	1.0	0.734	location_topic	Passerine__order
nsubj> they	1.0	0.493	location_topic	Passerine__order
conj<conj>cc> but	1.0	0.439	location_topic	Passerine__order
conj>obj>conj> warbler	1.0	0.316	location_topic	Passerine__order
appos<conj<case> in	1.0	0.197	location_topic	Passerine__order
nsubj<advmod> generally	1.0	0.662	location_topic	Passerine__order
nsubj<conj>nsubj> crow	1.0	0.337	location_topic	Passerine__order
nsubj<conj>aux> may	1.0	0.698	location_topic	Passerine__order
nmod:poss<compound> breed	1.0	0.262	location_topic	Passerine__order
conj<conj>advmod> often	1.0	0.748	location_topic	Passerine__order
obl<aux> may	1.0	0.363	location_topic	Passerine__order
conj> crow	1.0	0.803	location_topic	Passerine__order
conj<conj>det> the	1.0	0.531	location_topic	Passerine__order
cc> but	1.0	0.454	location_topic	Passerine__order
nsubj:pass<conj<cop> be	1.0	0.415	location_topic	Passerine__order
nsubj:pass<conj<det> a	1.0	0.47	location_topic	Passerine__order
nsubj:pass<cc> and	1.0	0.493	location_topic	Passerine__order
nmod:poss<nmod<case> in	1.0	0.378	location_topic	Passerine__order
nmod:poss<nmod<det> the	1.0	0.434	location_topic	Passerine__order
nsubj<conj> south	1.0	0.523	location_topic	Passerine__order
nsubj<ccomp<nsubj> study	1.0	0.334	location_topic	Passerine__order
nsubj<ccomp< suggest	1.0	0.455	location_topic	Passerine__order
acl> singe	1.0	0.5	location_topic	Passerine__order
appos<obl<aux:pass> be	1.0	0.358	location_topic	Passerine__order
appos<case> in	1.0	0.457	location_topic	Passerine__order
appos<cc> and	1.0	0.621	location_topic	Passerine__order
nmod<obl< distinct	1.0	0.378	location_topic	Passerine__order
nmod<case> from	1.0	0.588	location_topic	Passerine__order
nmod<det> any	1.0	0.574	location_topic	Passerine__order
obl:npmod<amod<det> the	1.0	0.764	location_topic	Passerine__order
compound<nmod<case> of	1.0	0.404	location_topic	Passerine__order
conj<case> to	1.0	0.528	location_topic	Passerine__order
nmod<obj<obl> ...	1.0	0.458	location_topic	Passerine__order
compound<nmod>det> ...	1.0	0.417	location_topic	Passerine__order
compound<nmod>amod> ...	1.0	0.362	location_topic	Passerine__order
compound<nmod>compound> ...	1.0	0.255	location_topic	Passerine__order
nmod<nsubj<ccomp< ...	1.0	0.203	location_topic	Passerine__order
nmod:poss<obl<amod< ...	1.0	0.319	location_topic	Passerine__order
nmod<obj<conj> ...	1.0	0.28	location_topic	Passerine__order
compound<conj<compound< ...	1.0	0.493	location_topic	Passerine__order
obl<nsubj:pass>nummod> ...	1.0	0.321	location_topic	Passerine__order
acl>obl>advmod> ...	1.0	0.596	location_topic	Passerine__order
acl>obl>appos> ...	1.0	0.3	location_topic	Passerine__order
compound<appos> ...	1.0	0.268	location_topic	Passerine__order
obj<case> ...	1.0	0.373	location_topic	Passerine__order
nmod:poss<nsubj<obj> ...	1.0	0.388	location_topic	Passerine__order
compound<conj>det> ...	1.0	0.319	location_topic	Passerine__order
compound<conj>amod> ...	1.0	0.303	location_topic	Passerine__order
compound<conj>compound> ...	1.0	0.584	location_topic	Passerine__order
obj<nummod> ...	1.0	0.588	location_topic	Passerine__order
obj<nmod>case> ...	1.0	0.333	location_topic	Passerine__order
obj<nmod> ...	1.0	0.226	location_topic	Passerine__order
compound<obl<nsubj:pass> ...	1.0	0.175	location_topic	Passerine__order
compound<obl<aux:pass> ...	1.0	0.259	location_topic	Passerine__order
compound<acl> ...	1.0	0.471	location_topic	Passerine__order
conj<nsubj<nmod> ...	1.0	0.282	location_topic	Passerine__order
appos>appos>compound> ...	1.0	0.226	location_topic	Passerine__order
appos<conj<appos< ...	1.0	0.441	location_topic	Passerine__order
appos<conj<amod> ...	1.0	0.267	location_topic	Passerine__order
compound<acl>obl> ...	1.0	0.265	location_topic	Passerine__order
parataxis<nsubj> ...	1.0	0.497	location_topic	Passerine__order
parataxis< ...	1.0	0.144	location_topic	Passerine__order
parataxis<compound> ...	1.0	0.465	location_topic	Passerine__order
conj<nsubj<det> ...	1.0	0.332	location_topic	Passerine__order
conj<appos>appos> ...	1.0	0.305	location_topic	Passerine__order
acl:relcl>obl>amod> ...	1.0	0.181	location_topic	Passerine__order
conj<nmod<obj< ...	1.0	0.654	location_topic	Passerine__order
compound<nsubj:pass< ...	1.0	0.423	location_topic	Passerine__order
compound<nsubj:pass<aux:pass> ...	1.0	0.2	location_topic	Passerine__order
compound<nsubj:pass<aux> ...	1.0	0.18	location_topic	Passerine__order
conj<obl<obj> ...	1.0	0.276	location_topic	Passerine__order
conj<obl<nsubj> ...	1.0	0.276	location_topic	Passerine__order
conj<obl>amod> ...	1.0	0.25	location_topic	Passerine__order
conj<obj>det> ...	1.0	0.352	location_topic	Passerine__order
conj<appos<conj> ...	1.0	0.279	location_topic	Passerine__order
conj<appos<conj< ...	1.0	0.258	location_topic	Passerine__order
compound<obj< ...	1.0	0.515	location_topic	Passerine__order
obj<obl> ...	1.0	0.289	location_topic	Passerine__order
nmod<conj<det> ...	1.0	0.552	location_topic	Passerine__order
nmod<cc> ...	1.0	0.398	location_topic	Passerine__order
obj<obl>case> ...	1.0	0.236	location_topic	Passerine__order
obj<obl>det> ...	1.0	0.522	location_topic	Passerine__order
obj<obl>nmod> ...	1.0	0.231	location_topic	Passerine__order
conj>acl:relcl>cop> ...	1.0	0.569	location_topic	Passerine__order
nmod:poss<obl<nsubj> ...	1.0	0.27	location_topic	Passerine__order
nsubj<ccomp>nsubj:pass> ...	1.0	0.644	location_topic	Passerine__order
conj>acl:relcl> ...	1.0	0.353	location_topic	Passerine__order
conj>acl:relcl>nsubj> ...	1.0	0.293	location_topic	Passerine__order
compound<obj<acl< ...	1.0	0.231	location_topic	Passerine__order
nmod<conj<obl> ...	1.0	0.515	location_topic	Passerine__order
nmod<conj<conj> ...	1.0	0.248	location_topic	Passerine__order
nmod<appos> ...	1.0	0.342	location_topic	Passerine__order
nmod<nsubj<det> ...	1.0	0.364	location_topic	Passerine__order
appos<conj<nsubj> ...	1.0	0.323	location_topic	Passerine__order
appos<conj<cop> ...	1.0	0.427	location_topic	Passerine__order
obl<nsubj:pass>nmod> ...	1.0	0.157	location_topic	Passerine__order
appos<conj<acl:relcl> ...	1.0	0.419	location_topic	Passerine__order
appos<conj<nmod> ...	1.0	0.274	location_topic	Passerine__order
appos<advmod> ...	1.0	0.363	location_topic	Passerine__order
obl<nsubj:pass>amod> ...	1.0	0.312	location_topic	Passerine__order
nsubj<ccomp>aux:pass> ...	1.0	0.26	location_topic	Passerine__order
nsubj<ccomp>xcomp> ...	1.0	0.235	location_topic	Passerine__order
appos>det> ...	1.0	0.378	location_topic	Passerine__order
obl<obl>flat> ...	1.0	0.426	location_topic	Passerine__order
acl>obj>acl> ...	1.0	0.356	location_topic	Passerine__order
obl<nsubj:pass>det> ...	1.0	0.736	location_topic	Passerine__order
obl<nsubj:pass>flat> ...	1.0	0.533	location_topic	Passerine__order
obl<obl>det> ...	1.0	0.374	location_topic	Passerine__order
obl<obl>compound> ...	1.0	0.191	location_topic	Passerine__order
nsubj<xcomp>advcl> ...	1.0	0.214	location_topic	Passerine__order
compound>amod> ...	1.0	0.442	location_topic	Passerine__order
conj<nsubj<amod> ...	1.0	0.401	location_topic	Passerine__order
nmod<appos<conj< ...	1.0	0.408	location_topic	Passerine__order
nmod<appos<cc> ...	1.0	0.416	location_topic	Passerine__order
nmod<conj>det> ...	1.0	0.473	location_topic	Passerine__order
nmod<conj>nmod> ...	1.0	0.305	location_topic	Passerine__order
acl>obj>nummod> ...	1.0	0.394	location_topic	Passerine__order
conj<obl>nmod> ...	1.0	0.252	location_topic	Passerine__order
conj<obl>compound> ...	1.0	0.214	location_topic	Passerine__order
conj<aux:pass> ...	1.0	0.398	location_topic	Passerine__order
conj<aux> ...	1.0	0.36	location_topic	Passerine__order
conj<nsubj:pass> ...	1.0	0.374	location_topic	Passerine__order
obl<xcomp>obl> ...	1.0	0.325	location_topic	Passerine__order
obl<xcomp>advmod> ...	1.0	0.216	location_topic	Passerine__order
obl<xcomp> ...	1.0	0.332	location_topic	Passerine__order
obl<xcomp>mark> ...	1.0	0.563	location_topic	Passerine__order
appos<obl>amod> ...	1.0	0.323	location_topic	Passerine__order
appos<nsubj>det> ...	1.0	0.369	location_topic	Passerine__order
nsubj:pass<obl>nmod:poss> ...	1.0	0.24	location_topic	Passerine__order
nsubj:pass<conj<nsubj> ...	1.0	0.304	location_topic	Passerine__order
nsubj:pass<conj<cop> ...	1.0	0.415	location_topic	Passerine__order
nsubj<obl:tmod> ...	1.0	0.455	location_topic	Passerine__order
nsubj:pass<conj<det> ...	1.0	0.421	location_topic	Passerine__order
nsubj:pass<conj< ...	1.0	0.237	location_topic	Passerine__order
nmod:poss<nmod<case> ...	1.0	0.409	location_topic	Passerine__order
nmod:poss<nmod<det> ...	1.0	0.434	location_topic	Passerine__order
conj<conj< ...	1.0	0.384	location_topic	Passerine__order
appos<conj>appos> ...	1.0	0.595	location_topic	Passerine__order
obl:npmod<amod<nmod< ...	1.0	0.291	location_topic	Passerine__order
obl:npmod<amod<case> ...	1.0	0.169	location_topic	Passerine__order
obl:npmod<amod<det> ...	1.0	0.751	location_topic	Passerine__order
obl:npmod<amod< ...	1.0	0.351	location_topic	Passerine__order
compound<nmod<nmod< ...	1.0	0.284	location_topic	Passerine__order
compound<nmod<case> ...	1.0	0.369	location_topic	Passerine__order
compound<nmod<conj> ...	1.0	0.238	location_topic	Passerine__order
compound<amod>compound> ...	1.0	0.426	location_topic	Passerine__order
nmod<obl<conj< ...	1.0	0.217	location_topic	Passerine__order
nsubj<conj<obl> ...	1.0	0.272	location_topic	Passerine__order
nsubj<conj<xcomp> ...	1.0	0.39	location_topic	Passerine__order
acl:relcl>cop> ...	1.0	0.297	location_topic	Passerine__order
compound<obl<nsubj> ...	1.0	0.405	location_topic	Passerine__order
compound<obl<aux> ...	1.0	0.404	location_topic	Passerine__order
compound<obl<obl> ...	1.0	0.382	location_topic	Passerine__order
nmod<nsubj<conj> ...	1.0	0.373	location_topic	Passerine__order
acl:relcl>obl>nmod> ...	1.0	0.303	location_topic	Passerine__order
conj<cc:preconj> ...	1.0	0.508	location_topic	Passerine__order
nmod<obj<advmod> ...	1.0	0.181	location_topic	Passerine__order
nmod<nmod:poss> ...	1.0	0.414	location_topic	Passerine__order
nmod<nmod:poss>case> ...	1.0	0.252	location_topic	Passerine__order
appos>acl> ...	1.0	0.476	location_topic	Passerine__order
nsubj>nmod> ...	1.0	0.517	location_topic	Passerine__order
nsubj>nmod>det> ...	1.0	0.316	location_topic	Passerine__order
nsubj>nmod>case> ...	1.0	0.523	location_topic	Passerine__order
nsubj>det> ...	1.0	0.266	location_topic	Passerine__order
nsubj<xcomp>advmod> ...	1.0	0.642	location_topic	Passerine__order
nmod>conj>amod> ...	1.0	0.521	location_topic	Passerine__order
nmod>case>fixed> ...	1.0	0.459	location_topic	Passerine__order
obl<advcl>obl> ...	1.0	0.299	location_topic	Passerine__order
obl<advcl>advmod> ...	1.0	0.599	location_topic	Passerine__order
obl<advcl>aux> ...	1.0	0.395	location_topic	Passerine__order
nsubj<advcl>aux> ...	1.0	0.128	location_topic	Passerine__order
acl>conj> ...	1.0	0.315	location_topic	Passerine__order
acl>conj>cc> ...	1.0	0.391	location_topic	Passerine__order
appos<conj>nmod> ...	1.0	0.417	location_topic	Passerine__order
appos<conj>flat> ...	1.0	0.341	location_topic	Passerine__order
appos<obl<obl> ...	1.0	0.272	location_topic	Passerine__order
conj>case> ...	1.0	0.431	location_topic	Passerine__order
conj>obl:npmod> ...	1.0	0.301	location_topic	Passerine__order
flat<compound< ...	1.0	0.417	location_topic	Passerine__order
conj>conj>cc> ...	1.0	0.25	location_topic	Passerine__order
appos<compound<appos> ...	1.0	0.318	location_topic	Passerine__order
appos<compound<conj< ...	1.0	0.311	location_topic	Passerine__order
conj<appos<flat> ...	1.0	0.355	location_topic	Passerine__order
conj<nmod:poss>case> ...	1.0	0.58	location_topic	Passerine__order
appos<obl<aux:pass> ...	1.0	0.358	location_topic	Passerine__order
appos<appos>det> ...	1.0	0.355	location_topic	Passerine__order
appos<appos>nmod> ...	1.0	0.206	location_topic	Passerine__order
appos<nmod>compound> ...	1.0	0.316	location_topic	Passerine__order
appos<nmod>nmod> ...	1.0	0.473	location_topic	Passerine__order
obl:npmod> ...	1.0	0.297	location_topic	Passerine__order
appos<nmod>amod> ...	1.0	0.186	location_topic	Passerine__order
appos<nmod>appos> ...	1.0	0.386	location_topic	Passerine__order
appos<conj<obl< ...	1.0	0.426	location_topic	Passerine__order
appos<conj<case> ...	1.0	0.164	location_topic	Passerine__order
nsubj:pass<obl>appos> ...	1.0	0.198	location_topic	Passerine__order
appos<obl<nsubj:pass> ...	1.0	0.574	location_topic	Passerine__order
obj<conj>obj> ...	1.0	0.295	location_topic	Passerine__order
obj<conj<obj> ...	1.0	0.463	location_topic	Passerine__order
flat<conj< ...	1.0	0.309	location_topic	Passerine__order
conj<nmod>compound> ...	1.0	0.357	location_topic	Passerine__order
nmod<obj<cc> ...	1.0	0.227	location_topic	Passerine__order
nmod<obj<conj< ...	1.0	0.397	location_topic	Passerine__order
conj<amod>advmod> ...	1.0	0.283	location_topic	Passerine__order
conj>obj>nmod> ...	1.0	0.415	location_topic	Passerine__order
appos<nsubj<cc> ...	1.0	0.532	location_topic	Passerine__order
appos<nsubj<conj< ...	1.0	0.421	location_topic	Passerine__order
conj<nsubj<parataxis> ...	1.0	0.19	location_topic	Passerine__order
conj<nsubj<obl> ...	1.0	0.241	location_topic	Passerine__order
appos<conj<obj< ...	1.0	0.369	location_topic	Passerine__order
nmod<conj<advmod> ...	1.0	0.67	location_topic	Passerine__order
nmod<conj<nsubj> ...	1.0	0.266	location_topic	Passerine__order
conj<nmod<appos< ...	1.0	0.199	location_topic	Passerine__order
nmod:poss<nsubj<det> ...	1.0	0.487	location_topic	Passerine__order
nmod<appos<amod> ...	1.0	0.268	location_topic	Passerine__order
nmod:poss>det> ...	1.0	0.444	location_topic	Passerine__order
nsubj:pass<advcl>cop> ...	1.0	0.518	location_topic	Passerine__order
nsubj:pass<advcl>obl> ...	1.0	0.213	location_topic	Passerine__order
nmod:poss<nsubj<cop> ...	1.0	0.628	location_topic	Passerine__order
nsubj<nmod>acl:relcl> ...	1.0	0.356	location_topic	Passerine__order
nmod<appos<case> ...	1.0	0.46	location_topic	Passerine__order
nsubj<ccomp>nsubj> ...	1.0	0.509	location_topic	Passerine__order
nsubj<ccomp>obj> ...	1.0	0.202	location_topic	Passerine__order
amod>obl>case> ...	1.0	0.505	location_topic	Passerine__order
amod>obl> ...	1.0	0.286	location_topic	Passerine__order
acl:relcl>obj>amod> ...	1.0	0.431	location_topic	Passerine__order
nmod<appos<nmod< ...	1.0	0.377	location_topic	Passerine__order
compound<obl<acl< ...	1.0	0.222	location_topic	Passerine__order
nsubj<obj>appos> ...	1.0	0.288	location_topic	Passerine__order
nmod<nsubj>det> ...	1.0	0.378	location_topic	Passerine__order
nmod<nsubj>compound> ...	1.0	0.363	location_topic	Passerine__order
nmod<nsubj> ...	1.0	0.249	location_topic	Passerine__order
nmod<amod>advmod> ...	1.0	0.594	location_topic	Passerine__order
nmod<acl>obj> ...	1.0	0.307	location_topic	Passerine__order
nsubj<conj<nsubj:pass> ...	1.0	0.458	location_topic	Passerine__order
nsubj<conj<aux:pass> ...	1.0	0.331	location_topic	Passerine__order
obj<xcomp<conj< ...	1.0	0.444	location_topic	Passerine__order
obj<xcomp< ...	1.0	0.288	location_topic	Passerine__order
obj<mark> ...	1.0	0.468	location_topic	Passerine__order
conj>nmod>det> ...	1.0	0.391	location_topic	Passerine__order
acl:relcl>obj> ...	1.0	0.347	location_topic	Passerine__order
acl:relcl>conj>cc> ...	1.0	0.373	location_topic	Passerine__order
acl:relcl>conj> ...	1.0	0.349	location_topic	Passerine__order
nmod<nsubj:pass<advmod> ...	1.0	0.352	location_topic	Passerine__order
conj<list>amod> ...	1.0	0.593	location_topic	Passerine__order
conj<list>compound> ...	1.0	0.296	location_topic	Passerine__order
conj>amod>advmod> ...	1.0	0.517	location_topic	Passerine__order
nsubj:pass<obl>acl:relcl> ...	1.0	0.499	location_topic	Passerine__order
nmod<nsubj:pass<aux> ...	1.0	0.343	location_topic	Passerine__order
nmod<nsubj:pass<aux:pass> ...	1.0	0.237	location_topic	Passerine__order
acl:relcl>conj>advmod> ...	1.0	0.445	location_topic	Passerine__order
nmod<nsubj:pass< ...	1.0	0.449	location_topic	Passerine__order
nmod<nsubj:pass<obl> ...	1.0	0.279	location_topic	Passerine__order
nsubj:pass<conj>advmod> ...	1.0	0.43	location_topic	Passerine__order
nmod<nsubj<advcl> ...	1.0	0.482	location_topic	Passerine__order
nmod<nsubj<compound:prt> ...	1.0	0.526	location_topic	Passerine__order
conj>amod> browed	1.0	0.506	location_topic	Passerine__order
conj<obj<aux> ...	1.0	0.564	location_topic	Passerine__order
nsubj<parataxis>advmod> ...	1.0	0.507	location_topic	Passerine__order
conj<acl>obl> ...	1.0	0.249	location_topic	Passerine__order
conj<obj<acl< ...	1.0	0.42	location_topic	Passerine__order
conj<obj<parataxis< ...	1.0	0.559	location_topic	Passerine__order
conj<amod>conj> ...	1.0	0.374	location_topic	Passerine__order
conj<obl<aux> ...	1.0	0.347	location_topic	Passerine__order
nsubj<ccomp<advmod> ...	1.0	0.328	location_topic	Passerine__order
nsubj<ccomp<obl> ...	1.0	0.242	location_topic	Passerine__order
nsubj<ccomp<aux:pass> ...	1.0	0.481	location_topic	Passerine__order
nsubj<ccomp<nsubj:pass> ...	1.0	0.275	location_topic	Passerine__order
obl<acl<nsubj< ...	1.0	0.317	location_topic	Passerine__order
nsubj<ccomp<parataxis< ...	1.0	0.626	location_topic	Passerine__order
nmod<obl> ...	1.0	0.282	location_topic	Passerine__order
nmod<obl>case> ...	1.0	0.365	location_topic	Passerine__order
nsubj<acl>obj> ...	1.0	0.255	location_topic	Passerine__order
amod>obl:npmod> short	1.0	0.315	location_topic	Passerine__order
nsubj> it	1.0	0.471	location_topic	Passerine__order
nmod<obj<nsubj> it	1.0	0.356	location_topic	Passerine__order
appos>appos> Breeding	1.0	0.585	location_topic	Passerine__order
acl:relcl>obl>case> in	1.0	0.377	location_topic	Passerine__order
acl:relcl>cop> be	1.0	0.297	location_topic	Passerine__order
compound<conj<nsubj> ...	1.0	0.221	location_topic	Passerine__order
nsubj<nmod>appos> ...	1.0	0.227	location_topic	Passerine__order
flat>case> ...	1.0	0.487	location_topic	Passerine__order
flat<appos< ...	1.0	0.419	location_topic	Passerine__order
obl<acl<conj< ...	1.0	0.279	location_topic	Passerine__order
obl<acl<compound> ...	1.0	0.075	location_topic	Passerine__order
appos<nsubj<conj> ...	1.0	0.229	location_topic	Passerine__order
flat>compound> ...	1.0	0.319	location_topic	Passerine__order
compound<conj<compound> ...	1.0	0.211	location_topic	Passerine__order
appos>nmod:poss>case> ...	1.0	0.237	location_topic	Passerine__order
nmod<nmod>det> ...	1.0	0.396	location_topic	Passerine__order
nsubj<obl>nmod:poss> ...	1.0	0.376	location_topic	Passerine__order
nsubj<parataxis<compound> ...	1.0	0.239	location_topic	Passerine__order
nsubj<parataxis< ...	1.0	0.25	location_topic	Passerine__order
nsubj<parataxis<nsubj> ...	1.0	0.213	location_topic	Passerine__order
compound>appos> ...	1.0	0.445	location_topic	Passerine__order
nsubj<conj>case> ...	1.0	0.453	location_topic	Passerine__order
nsubj<parataxis>conj> ...	1.0	0.354	location_topic	Passerine__order
nsubj<parataxis>amod> ...	1.0	0.439	location_topic	Passerine__order
nsubj<parataxis>cop> ...	1.0	0.293	location_topic	Passerine__order
nsubj<conj>appos> ...	1.0	0.302	location_topic	Passerine__order
nsubj<obl:npmod> ...	1.0	0.244	location_topic	Passerine__order
compound<cc> ...	1.0	0.254	location_topic	Passerine__order
compound<conj<parataxis> ...	1.0	0.365	location_topic	Passerine__order
nmod<obl<acl< ...	1.0	0.384	location_topic	Passerine__order
nmod<nmod<nmod< ...	1.0	0.218	location_topic	Passerine__order
nmod<obl<aux:pass> ...	1.0	0.248	location_topic	Passerine__order
parataxis>nsubj> ...	1.0	0.241	location_topic	Passerine__order
parataxis>obl>case> ...	1.0	0.258	location_topic	Passerine__order
parataxis>obl>det> ...	1.0	0.418	location_topic	Passerine__order
parataxis>obl> ...	1.0	0.235	location_topic	Passerine__order
obl<xcomp<nsubj> ...	1.0	0.549	location_topic	Passerine__order
mark> ...	1.0	0.305	location_topic	Passerine__order
obl<xcomp<advmod> ...	1.0	0.735	location_topic	Passerine__order
obl<xcomp< ...	1.0	0.498	location_topic	Passerine__order
obl<conj>cc> ...	1.0	0.595	location_topic	Passerine__order
obl<conj> ...	1.0	0.341	location_topic	Passerine__order
obl<xcomp<obj> ...	1.0	0.306	location_topic	Passerine__order
nummod> ...	1.0	0.532	location_topic	Passerine__order
advcl> ...	1.0	0.511	location_topic	Passerine__order
nmod<nmod<det> ...	1.0	0.408	location_topic	Passerine__order
conj>nmod>conj> ...	1.0	0.411	location_topic	Passerine__order
nsubj<case> ...	1.0	0.349	location_topic	Passerine__order
conj>amod>obl:npmod> ...	1.0	0.414	location_topic	Passerine__order
advcl< ...	1.0	0.562	location_topic	Passerine__order
nmod<obj<acl< ...	1.0	0.309	location_topic	Passerine__order
nmod<obj<mark> ...	1.0	0.435	location_topic	Passerine__order
nmod<obj<advcl> ...	1.0	0.311	location_topic	Passerine__order
advcl<nsubj> ...	1.0	0.41	location_topic	Passerine__order
nmod<obl<aux> ...	1.0	0.262	location_topic	Passerine__order
obj<aux> ...	1.0	0.451	location_topic	Passerine__order
obj<parataxis>advmod> ...	1.0	0.293	location_topic	Passerine__order
obj<parataxis> ...	1.0	0.28	location_topic	Passerine__order
obj<parataxis>conj> ...	1.0	0.309	location_topic	Passerine__order
conj>aux> ...	1.0	0.465	location_topic	Passerine__order
nsubj:pass<acl< ...	1.0	0.427	location_topic	Passerine__order
nsubj:pass<mark> ...	1.0	0.189	location_topic	Passerine__order
nmod<obl<nsubj:pass> ...	1.0	0.421	location_topic	Passerine__order
obl<nmod>amod> ...	1.0	0.397	location_topic	Passerine__order
obl<amod> ...	1.0	0.245	location_topic	Passerine__order
conj<nsubj<mark> ...	1.0	0.529	location_topic	Passerine__order
conj<nsubj<advcl< ...	1.0	0.124	location_topic	Passerine__order
nsubj<advcl<acl> ...	1.0	0.524	location_topic	Passerine__order
nsubj<advcl< ...	1.0	0.349	location_topic	Passerine__order
nsubj<advcl<cop> ...	1.0	0.379	location_topic	Passerine__order
nsubj<advcl<nsubj> ...	1.0	0.42	location_topic	Passerine__order
compound<nmod>nmod> ...	1.0	0.169	location_topic	Passerine__order
conj>obl>acl> ...	1.0	0.299	location_topic	Passerine__order
conj>obl> ...	1.0	0.344	location_topic	Passerine__order
conj>obl>case> ...	1.0	0.416	location_topic	Passerine__order
compound<nmod<obj< ...	1.0	0.213	location_topic	Passerine__order
appos>nmod> ...	1.0	0.333	location_topic	Passerine__order
appos>nmod>case> ...	1.0	0.169	location_topic	Passerine__order
aux> ...	1.0	0.455	location_topic	Passerine__order
amod<cop> ...	1.0	0.411	location_topic	Passerine__order
amod<nsubj> ...	1.0	0.387	location_topic	Passerine__order
conj<obl>appos> ...	1.0	0.285	location_topic	Passerine__order
conj<obl>det> ...	1.0	0.351	location_topic	Passerine__order
conj<nsubj>amod> ...	1.0	0.275	location_topic	Passerine__order
appos<obl<advmod> ...	1.0	0.428	location_topic	Passerine__order
appos<obl<nsubj> ...	1.0	0.141	location_topic	Passerine__order
nsubj<conj>conj> ...	1.0	0.386	location_topic	Passerine__order
nsubj<advmod>obl> ...	1.0	0.218	location_topic	Passerine__order
nmod<acl:relcl> ...	1.0	0.545	location_topic	Passerine__order
nmod<acl:relcl>cop> ...	1.0	0.29	location_topic	Passerine__order
nmod<acl:relcl>nsubj> ...	1.0	0.292	location_topic	Passerine__order
nmod<nummod> ...	1.0	0.377	location_topic	Passerine__order
nmod<nsubj<expl> ...	1.0	0.318	location_topic	Passerine__order
nmod<nmod< ...	1.0	0.478	location_topic	Passerine__order
amod<nmod:poss> ...	1.0	0.314	location_topic	Passerine__order
appos<nsubj<appos> ...	1.0	0.347	location_topic	Passerine__order
appos<nsubj<xcomp> ...	1.0	0.499	location_topic	Passerine__order
compound<appos<det> ...	1.0	0.226	location_topic	Passerine__order
compound<appos<amod> ...	1.0	0.234	location_topic	Passerine__order
compound<appos< ...	1.0	0.467	location_topic	Passerine__order
compound<appos<nsubj< ...	1.0	0.513	location_topic	Passerine__order
acl>obl>conj> ...	1.0	0.304	location_topic	Passerine__order
nsubj<nummod> ...	1.0	0.239	location_topic	Passerine__order
amod<nmod:poss>case> ...	1.0	0.369	location_topic	Passerine__order
appos<acl>advmod> ...	1.0	0.341	location_topic	Passerine__order
appos<acl>obl> ...	1.0	0.323	location_topic	Passerine__order
appos<nsubj<det> ...	1.0	0.181	location_topic	Passerine__order
appos<nsubj<amod> ...	1.0	0.278	location_topic	Passerine__order
appos<appos>compound> ...	1.0	0.267	location_topic	Passerine__order
appos<cop> ...	1.0	0.67	location_topic	Passerine__order
nmod>nmod>det> ...	1.0	0.445	location_topic	Passerine__order
compound>conj>compound> ...	1.0	0.451	location_topic	Passerine__order
compound>conj>cc> ...	1.0	0.441	location_topic	Passerine__order
amod<case> ...	1.0	0.557	location_topic	Passerine__order
amod<conj> ...	1.0	0.357	location_topic	Passerine__order
amod<conj>compound> ...	1.0	0.175	location_topic	Passerine__order
amod<conj>cc> ...	1.0	0.434	location_topic	Passerine__order
compound<nsubj:pass<aux:pass> be	1.0	0.2	location_topic	Passerine__order
appos<case> as	1.0	0.583	location_topic	Passerine__order
conj<obl>det> the	1.0	0.352	location_topic	Passerine__order
advmod> simply	1.0	0.29	location_topic	Passerine__order
conj<conj>det> a	1.0	0.466	location_topic	Passerine__order
nmod<nsubj<expl> there	1.0	0.401	location_topic	Passerine__order
nmod<nsubj< be	1.0	0.49	location_topic	Passerine__order
nmod< subspecy	1.0	0.479	location_topic	Passerine__order
nmod<acl:relcl>nsubj> which	1.0	0.333	location_topic	Passerine__order
nmod<acl:relcl>cop> be	1.0	0.29	location_topic	Passerine__order
nsubj<conj>advmod> south	1.0	0.779	location_topic	Passerine__order
nsubj<conj> move	1.0	0.368	location_topic	Passerine__order
appos>flat> monedula	1.0	0.612	location_topic	Passerine__order
nsubj<conj>det> a	1.0	0.278	location_topic	Passerine__order
nsubj<conj> bird	1.0	0.344	location_topic	Passerine__order
nmod<nsubj:pass<aux> have	1.0	0.309	location_topic	Passerine__order
nmod<nsubj:pass<aux:pass> be	1.0	0.237	location_topic	Passerine__order
nmod<amod> small	1.0	0.511	location_topic	Passerine__order
nmod:poss> Britain	1.0	0.387	location_topic	Passerine__order
conj<obl<nsubj:pass> bird	1.0	0.405	location_topic	Passerine__order
conj<obl<advmod> also	1.0	0.45	location_topic	Passerine__order
nmod< number	1.0	0.537	location_topic	Passerine__order
nsubj<nmod> genus	1.0	0.377	location_topic	Passerine__order
nsubj<parataxis>aux> have	1.0	0.209	location_topic	Passerine__order
appos>conj>cc> or	1.0	0.456	location_topic	Passerine__order
nsubj:pass<cc> but	1.0	0.411	location_topic	Passerine__order
nsubj:pass< find	1.0	0.442	location_topic	Passerine__order
conj<obl< take	1.0	0.377	location_topic	Passerine__order
conj<case> include	1.0	0.273	location_topic	Passerine__order
nsubj<obl>case> on	1.0	0.769	location_topic	Passerine__order
nsubj<compound> passerine	1.0	0.458	location_topic	Passerine__order
nsubj<obl>amod> open	1.0	0.331	location_topic	Passerine__order
nsubj<det> the	1.0	0.522	location_topic	Passerine__order
nsubj<amod>advmod> most	1.0	0.499	location_topic	Passerine__order
nsubj<amod> widespread	1.0	0.396	location_topic	Passerine__order
nsubj<nmod>nmod:poss> its	1.0	0.449	location_topic	Passerine__order
nmod<case> in	1.0	0.63	location_topic	Passerine__order
nmod<nmod< nest	1.0	0.465	location_topic	Passerine__order
nmod<nmod<nmod< bird	1.0	0.201	location_topic	Passerine__order
case> from	1.0	0.923	location_topic	Passerine__order
compound> family	1.0	0.32	location_topic	Passerine__order
compound<case> as	1.0	0.109	location_topic	Passerine__order
acl> know	1.0	0.494	location_topic	Passerine__order
compound<appos<det> the	1.0	0.221	location_topic	Passerine__order
acl>advmod> also	1.0	0.531	location_topic	Passerine__order
acl>obl>case> as	1.0	0.298	location_topic	Passerine__order
nsubj<amod> small	1.0	0.236	location_topic	Passerine__order
compound< nests	1.0	0.407	location_topic	Passerine__order
appos<cop> be	1.0	0.67	location_topic	Passerine__order
appos<conj>cc> or	1.0	0.515	location_topic	Passerine__order
obl< similar	1.0	0.38	location_topic	Passerine__order
obl<conj< pale	1.0	0.305	location_topic	Passerine__order
conj>nmod>case> with	1.0	0.5	location_topic	Passerine__order
appos<acl>advmod> also	1.0	0.284	location_topic	Passerine__order
appos<acl> know	1.0	0.455	location_topic	Passerine__order
appos<nsubj<det> a	1.0	0.181	location_topic	Passerine__order
appos<nsubj<amod> small	1.0	0.291	location_topic	Passerine__order
appos>nmod>case> with	1.0	0.234	location_topic	Passerine__order
appos>nmod> human	1.0	0.351	location_topic	Passerine__order
compound<nmod<obj< show	1.0	0.275	location_topic	Passerine__order
compound<nmod< distribution	1.0	0.241	location_topic	Passerine__order
conj>amod> coastal	1.0	0.609	location_topic	Passerine__order
nmod>nmod> species	1.0	0.477	location_topic	Passerine__order
amod<nmod:poss>case> 's	1.0	0.369	location_topic	Passerine__order
nmod>nmod>amod> same	1.0	0.411	location_topic	Passerine__order
nsubj<advmod> highly	1.0	0.643	location_topic	Passerine__order
nsubj<conj>obl> habitat	1.0	0.419	location_topic	Passerine__order
nsubj:pass<obl>compound> North	1.0	0.42	location_topic	Passerine__order
nmod>case> to	1.0	0.988	location_topic	Passerine__order
nmod>nmod>case> of	1.0	0.583	location_topic	Passerine__order
nmod>nmod>det> the	1.0	0.445	location_topic	Passerine__order
nsubj> Basra	1.0	0.429	location_topic	Passerine__order
conj>obj> warbler	1.0	0.444	location_topic	Passerine__order
conj>obj>conj> ree	1.0	0.391	location_topic	Passerine__order
nmod<amod>advmod> more	1.0	0.577	location_topic	Passerine__order
parataxis> behaviour	1.0	0.448	location_topic	Passerine__order
nsubj<advcl> avoid	1.0	0.513	location_topic	Passerine__order
nsubj<amod>advmod> more	1.0	0.537	location_topic	Passerine__order
nsubj<nmod>case> with	1.0	0.331	location_topic	Passerine__order
nsubj<acl> replace	1.0	0.564	location_topic	Passerine__order
nmod<obl>case> in	1.0	0.352	location_topic	Passerine__order
nmod<nsubj>det> the	1.0	0.384	location_topic	Passerine__order
obj<mark> to	1.0	0.504	location_topic	Passerine__order
obj< take	1.0	0.427	location_topic	Passerine__order
conj>nmod>case> on	1.0	0.461	location_topic	Passerine__order
conj>nmod>det> the	1.0	0.411	location_topic	Passerine__order
nsubj<ccomp< show	1.0	0.549	location_topic	Passerine__order
nsubj<obj> call	1.0	0.296	location_topic	Passerine__order
nmod>case> from	1.0	1.021	location_topic	Passerine__order
nmod>compound> North	1.0	0.428	location_topic	Passerine__order
nmod> America	1.0	0.483	location_topic	Passerine__order
nsubj<obj>det> the	1.0	0.432	location_topic	Passerine__order
nsubj<conj<aux:pass> be	1.0	0.331	location_topic	Passerine__order
nsubj<obl>nmod:poss> its	1.0	0.399	location_topic	Passerine__order
nsubj<conj> ree	1.0	0.379	location_topic	Passerine__order
compound>appos> warbler	1.0	0.393	location_topic	Passerine__order
compound<cc> Acrocephalus	1.0	0.251	location_topic	Passerine__order
compound< warbler	1.0	0.591	location_topic	Passerine__order
compound<conj<conj> ree	1.0	0.566	location_topic	Passerine__order
nsubj<obl> winter	1.0	0.434	location_topic	Passerine__order
flat> warbler	1.0	0.241	location_topic	Passerine__order
appos>nmod:poss>case> 's	1.0	0.237	location_topic	Passerine__order
nmod<nmod>case> from	1.0	0.48	location_topic	Passerine__order
nmod<nmod>det> the	1.0	0.417	location_topic	Passerine__order
nmod<nmod>case> to	1.0	0.4	location_topic	Passerine__order
appos> Taxonomy	1.0	0.389	location_topic	Passerine__order
appos< warbler	1.0	0.445	location_topic	Passerine__order
flat< Genus	1.0	0.211	location_topic	Passerine__order
conj<conj>cc> atyphus	1.0	0.609	location_topic	Passerine__order
obl<acl< bird	1.0	0.261	location_topic	Passerine__order
nsubj<obl>advmod> especially	1.0	0.354	location_topic	Passerine__order
nsubj:pass< know	1.0	0.421	location_topic	Passerine__order
nsubj<ccomp<aux:pass> be	1.0	0.481	location_topic	Passerine__order
nsubj<ccomp< find	1.0	0.524	location_topic	Passerine__order
nsubj<ccomp<obl> habitat	1.0	0.215	location_topic	Passerine__order
conj<conj> species	1.0	0.81	location_topic	Passerine__order
conj<case> by	1.0	0.328	location_topic	Passerine__order
conj<appos> corone	1.0	0.612	location_topic	Passerine__order
conj>cc> Corvus	1.0	0.809	location_topic	Passerine__order
conj<conj>cc> as	1.0	0.456	location_topic	Passerine__order
nsubj<amod> long	1.0	0.349	location_topic	Passerine__order
conj<conj>cc> Corvus	1.0	0.611	location_topic	Passerine__order
nmod:poss<nsubj<cop> be	1.0	0.628	location_topic	Passerine__order
nmod:poss<nsubj<det> a	1.0	0.519	location_topic	Passerine__order
nsubj:pass<obl> Australia	1.0	0.719	location_topic	Passerine__order
nsubj:pass<obl>compound> bird	1.0	0.227	location_topic	Passerine__order
nsubj<obl>amod> native	1.0	0.218	location_topic	Passerine__order
nsubj< one	1.0	0.804	location_topic	Passerine__order
nmod:poss>det> the	1.0	0.444	location_topic	Passerine__order
nmod:poss> Wilson	1.0	0.359	location_topic	Passerine__order
nsubj<nmod>compound> family	1.0	0.315	location_topic	Passerine__order
nsubj<nmod> Paradisaeida	1.0	0.42	location_topic	Passerine__order
nsubj:pass<obl>amod> many	1.0	0.576	location_topic	Passerine__order
nsubj:pass<advcl>mark> as	1.0	0.392	location_topic	Passerine__order
nsubj:pass<advcl>cop> be	1.0	0.518	location_topic	Passerine__order
nsubj<nmod>det> a	1.0	0.422	location_topic	Passerine__order
nsubj<conj>aux> can	1.0	0.685	location_topic	Passerine__order
nsubj<aux> do	1.0	0.583	location_topic	Passerine__order
obl<acl<nsubj< include	1.0	0.392	location_topic	Passerine__order
nsubj<ccomp> have	1.0	0.543	location_topic	Passerine__order
acl:relcl> have	1.0	0.311	location_topic	Passerine__order
acl:relcl>conj>cc> and	1.0	0.373	location_topic	Passerine__order
appos>amod> cultural	1.0	0.61	location_topic	Passerine__order
nsubj:pass<obl> species	1.0	0.525	location_topic	Passerine__order
nsubj:pass<obl>case> as	1.0	0.681	location_topic	Passerine__order
compound<appos> PDF	1.0	0.372	location_topic	Passerine__order
nmod:poss< song	1.0	0.29	location_topic	Passerine__order
compound<conj>det> the	1.0	0.319	location_topic	Passerine__order
compound<det> a	1.0	0.689	location_topic	Passerine__order
compound<nmod>det> the	1.0	0.448	location_topic	Passerine__order
obl<nsubj:pass>nummod> three	1.0	0.24	location_topic	Passerine__order
acl>obl>case> from	1.0	0.375	location_topic	Passerine__order
compound<obl<aux:pass> be	1.0	0.259	location_topic	Passerine__order
compound<case> with	1.0	0.267	location_topic	Passerine__order
conj<advmod> particularly	1.0	0.518	location_topic	Passerine__order
nmod< call	1.0	0.506	location_topic	Passerine__order
nsubj<ccomp< be	1.0	0.556	location_topic	Passerine__order
obl<xcomp>mark> to	1.0	0.563	location_topic	Passerine__order
amod>advmod> more	1.0	0.483	location_topic	Passerine__order
obj< include	1.0	0.415	location_topic	Passerine__order
nsubj<obj>amod> huge	1.0	0.422	location_topic	Passerine__order
appos<obl>det> a	1.0	0.456	location_topic	Passerine__order
advmod> apparently	1.0	0.434	location_topic	Passerine__order
appos<obl>det> the	1.0	0.489	location_topic	Passerine__order
conj<aux:pass> be	1.0	0.398	location_topic	Passerine__order
nmod<appos<cc> and	1.0	0.416	location_topic	Passerine__order
compound>amod> common	1.0	0.564	location_topic	Passerine__order
nmod<amod> common	1.0	0.366	location_topic	Passerine__order
nmod<conj>det> the	1.0	0.473	location_topic	Passerine__order
nmod> species	1.0	0.606	location_topic	Passerine__order
nmod>compound> type	1.0	0.482	location_topic	Passerine__order
conj<obl>case> in	1.0	0.487	location_topic	Passerine__order
obl<nsubj:pass>det> the	1.0	0.7	location_topic	Passerine__order
obl<nsubj:pass> genus	1.0	0.688	location_topic	Passerine__order
obl<obl>case> by	1.0	0.435	location_topic	Passerine__order
obl<obl>det> the	1.0	0.383	location_topic	Passerine__order
conj<nmod:poss>case> 's	1.0	0.58	location_topic	Passerine__order
conj<amod> ree	1.0	0.663	location_topic	Passerine__order
compound<case> in	1.0	0.125	location_topic	Passerine__order
obj< ree	1.0	0.387	location_topic	Passerine__order
conj>conj>cc> Acrocephalus	1.0	0.25	location_topic	Passerine__order
conj>case> melanopogon	1.0	0.49	location_topic	Passerine__order
conj>amod> Aquatic	1.0	0.566	location_topic	Passerine__order
conj>compound> paludicola	1.0	0.326	location_topic	Passerine__order
conj>compound>flat> Sedge	1.0	0.53	location_topic	Passerine__order
appos<flat> Blunt	1.0	0.496	location_topic	Passerine__order
conj<obl<nsubj> it	1.0	0.361	location_topic	Passerine__order
compound<nmod>case> of	1.0	0.418	location_topic	Passerine__order
conj<obj>det> the	1.0	0.371	location_topic	Passerine__order
appos< concinen	1.0	0.412	location_topic	Passerine__order
conj>advmod> simply	1.0	0.405	location_topic	Passerine__order
conj<conj>advmod> simply	1.0	0.775	location_topic	Passerine__order
conj<nsubj<det> a	1.0	0.307	location_topic	Passerine__order
conj<nsubj<nmod> family	1.0	0.283	location_topic	Passerine__order
appos<conj<amod> win	1.0	0.37	location_topic	Passerine__order
conj<case> with	1.0	0.479	location_topic	Passerine__order
acl:relcl> breed	1.0	0.268	location_topic	Passerine__order
nsubj:pass<conj> see	1.0	0.572	location_topic	Passerine__order
appos<nsubj:pass< use	1.0	0.272	location_topic	Passerine__order
advmod> more	1.0	0.402	location_topic	Passerine__order
nmod>case> on	1.0	0.867	location_topic	Passerine__order
acl>obl>case> at	1.0	0.397	location_topic	Passerine__order
conj>aux> will	1.0	0.465	location_topic	Passerine__order
obl<conj>cc> and	1.0	0.639	location_topic	Passerine__order
advmod> typically	1.0	0.466	location_topic	Passerine__order
nsubj<advcl<cop> be	1.0	0.379	location_topic	Passerine__order
nsubj<mark> although	1.0	0.424	location_topic	Passerine__order
nsubj<obj>amod> coastal	1.0	0.412	location_topic	Passerine__order
nsubj<conj>nsubj> it	1.0	0.411	location_topic	Passerine__order
nsubj<conj>advmod> also	1.0	0.578	location_topic	Passerine__order
nmod<obl<advmod> not	1.0	0.221	location_topic	Passerine__order
nmod<obl<advmod> usually	1.0	0.322	location_topic	Passerine__order
nmod<obj<mark> that	1.0	0.38	location_topic	Passerine__order
nsubj<conj> those	1.0	0.329	location_topic	Passerine__order
nsubj<case> in	1.0	0.4	location_topic	Passerine__order
nsubj< eat	1.0	0.878	location_topic	Passerine__order
nsubj<obj> predator	1.0	0.315	location_topic	Passerine__order
nsubj<conj>obj> they	1.0	0.478	location_topic	Passerine__order
nsubj<conj>aux> will	1.0	0.603	location_topic	Passerine__order
mark> as	1.0	0.387	location_topic	Passerine__order
conj>compound> song	1.0	0.256	location_topic	Passerine__order
parataxis>obl>det> the	1.0	0.405	location_topic	Passerine__order
nsubj:pass<aux> can	1.0	0.304	location_topic	Passerine__order
nsubj:pass<advcl>mark> to	1.0	0.49	location_topic	Passerine__order
conj>acl:relcl>nsubj> which	1.0	0.304	location_topic	Passerine__order
conj>acl:relcl>cop> be	1.0	0.569	location_topic	Passerine__order
nmod<conj<det> the	1.0	0.58	location_topic	Passerine__order
nmod<cc> and	1.0	0.341	location_topic	Passerine__order
conj>amod> common	1.0	0.5	location_topic	Passerine__order
nsubj:pass< associate	1.0	0.435	location_topic	Passerine__order
appos<conj<cop> be	1.0	0.427	location_topic	Passerine__order
obl<aux> have	1.0	0.31	location_topic	Passerine__order
appos<amod> great	1.0	0.517	location_topic	Passerine__order
nsubj<ccomp>aux:pass> be	1.0	0.26	location_topic	Passerine__order
det> some	1.0	0.755	location_topic	Passerine__order
appos>det> the	1.0	0.434	location_topic	Passerine__order
nsubj:pass<obl>nmod:poss> they	1.0	0.395	location_topic	Passerine__order
nsubj:pass<obl> ability	1.0	0.595	location_topic	Passerine__order
appos<det> some	1.0	0.431	location_topic	Passerine__order
advmod> especially	1.0	0.394	location_topic	Passerine__order
nsubj<aux> may	1.0	0.564	location_topic	Passerine__order
obj<obl>case> in	1.0	0.244	location_topic	Passerine__order
obj<obl>det> the	1.0	0.528	location_topic	Passerine__order
nsubj<advcl>advmod> not	1.0	0.48	location_topic	Passerine__order
conj<obj<nsubj> predator	1.0	0.245	location_topic	Passerine__order
obj<nsubj> most	1.0	0.456	location_topic	Passerine__order
obj< use	1.0	0.32	location_topic	Passerine__order
obl<nsubj>amod> common	1.0	0.281	location_topic	Passerine__order
obl<nsubj> raven	1.0	0.425	location_topic	Passerine__order
nmod<conj<advmod> also	1.0	0.67	location_topic	Passerine__order
conj<case> of	1.0	0.417	location_topic	Passerine__order
conj<nmod>case> of	1.0	0.487	location_topic	Passerine__order
nmod<conj< know	1.0	0.459	location_topic	Passerine__order
nmod<compound> passerine	1.0	0.264	location_topic	Passerine__order
nmod<amod> many	1.0	0.444	location_topic	Passerine__order
nmod<nsubj<det> the	1.0	0.343	location_topic	Passerine__order
conj<nmod< those	1.0	0.317	location_topic	Passerine__order
conj>nmod> prey	1.0	0.655	location_topic	Passerine__order
conj>nmod>case> of	1.0	0.446	location_topic	Passerine__order
nsubj:pass<mark> that	1.0	0.275	location_topic	Passerine__order
nmod<obl<aux:pass> be	1.0	0.248	location_topic	Passerine__order
nmod<case> by	1.0	0.642	location_topic	Passerine__order
conj>amod> other	1.0	0.48	location_topic	Passerine__order
conj> bird	1.0	0.674	location_topic	Passerine__order
appos>acl>obl> ...	1.0	0.444	location_topic	Passerine__order
amod> ...	148.0	0.774	taxongroup_comment	Passerine__order
det> ...	97.0	0.696	taxongroup_comment	Passerine__order
compound> ...	80.0	0.344	taxongroup_comment	Passerine__order
case> ...	80.0	0.857	taxongroup_comment	Passerine__order
det> the	72.0	0.763	taxongroup_comment	Passerine__order
nmod>case> ...	63.0	0.904	taxongroup_comment	Passerine__order
nmod> ...	62.0	0.561	taxongroup_comment	Passerine__order
conj<conj> ...	60.0	0.851	taxongroup_comment	Passerine__order
compound< ...	55.0	0.339	taxongroup_comment	Passerine__order
nmod< ...	52.0	0.479	taxongroup_comment	Passerine__order
amod> european	45.0	0.781	taxongroup_comment	Passerine__order
appos> ...	42.0	0.446	taxongroup_comment	Passerine__order
case> of	39.0	0.846	taxongroup_comment	Passerine__order
conj<conj>amod> ...	38.0	0.654	taxongroup_comment	Passerine__order
appos<appos> ...	36.0	0.599	taxongroup_comment	Passerine__order
nsubj< ...	35.0	0.796	taxongroup_comment	Passerine__order
conj< ...	35.0	0.407	taxongroup_comment	Passerine__order
conj<appos> ...	33.0	0.557	taxongroup_comment	Passerine__order
conj<conj>cc> ...	30.0	0.493	taxongroup_comment	Passerine__order
conj> ...	29.0	0.757	taxongroup_comment	Passerine__order
appos<conj> ...	28.0	0.705	taxongroup_comment	Passerine__order
appos< ...	28.0	0.331	taxongroup_comment	Passerine__order
nmod>case> of	25.0	0.996	taxongroup_comment	Passerine__order
nmod<det> ...	25.0	0.579	taxongroup_comment	Passerine__order
cc> ...	23.0	0.317	taxongroup_comment	Passerine__order
obl< ...	22.0	0.349	taxongroup_comment	Passerine__order
nsubj:pass<obl>case> ...	22.0	0.65	taxongroup_comment	Passerine__order
compound<conj<conj> ...	22.0	0.438	taxongroup_comment	Passerine__order
flat> ...	22.0	0.154	taxongroup_comment	Passerine__order
nsubj:pass<obl> ...	21.0	0.59	taxongroup_comment	Passerine__order
nmod> paradise	21.0	0.833	taxongroup_comment	Passerine__order
nmod<conj> ...	20.0	0.433	taxongroup_comment	Passerine__order
cop> ...	20.0	0.211	taxongroup_comment	Passerine__order
cop> be	20.0	0.293	taxongroup_comment	Passerine__order
nsubj> ...	20.0	0.256	taxongroup_comment	Passerine__order
nsubj<cop> ...	20.0	0.579	taxongroup_comment	Passerine__order
compound<case> ...	20.0	0.178	taxongroup_comment	Passerine__order
nsubj:pass<aux:pass> be	19.0	0.755	taxongroup_comment	Passerine__order
obj< ...	19.0	0.303	taxongroup_comment	Passerine__order
nmod>compound> ...	19.0	0.338	taxongroup_comment	Passerine__order
nsubj:pass< ...	19.0	0.413	taxongroup_comment	Passerine__order
nsubj:pass<aux:pass> ...	19.0	0.755	taxongroup_comment	Passerine__order
det> a	19.0	0.764	taxongroup_comment	Passerine__order
nmod>conj> ...	19.0	0.407	taxongroup_comment	Passerine__order
nsubj<cop> be	19.0	0.584	taxongroup_comment	Passerine__order
conj>cc> ...	18.0	0.656	taxongroup_comment	Passerine__order
appos<compound>conj> ...	18.0	0.646	taxongroup_comment	Passerine__order
nmod>case> in	18.0	0.984	taxongroup_comment	Passerine__order
cc> and	18.0	0.439	taxongroup_comment	Passerine__order
appos<amod> ...	18.0	0.409	taxongroup_comment	Passerine__order
acl>obl>case> ...	18.0	0.312	taxongroup_comment	Passerine__order
nmod<amod> ...	18.0	0.425	taxongroup_comment	Passerine__order
acl>obl> ...	18.0	0.194	taxongroup_comment	Passerine__order
nmod>det> ...	18.0	0.343	taxongroup_comment	Passerine__order
conj<compound>conj> ...	18.0	0.504	taxongroup_comment	Passerine__order
nmod<cop> ...	17.0	0.247	taxongroup_comment	Passerine__order
acl> ...	17.0	0.441	taxongroup_comment	Passerine__order
nmod<cop> be	17.0	0.247	taxongroup_comment	Passerine__order
nsubj<conj> ...	17.0	0.351	taxongroup_comment	Passerine__order
nmod<case> ...	17.0	0.567	taxongroup_comment	Passerine__order
compound<det> ...	17.0	0.669	taxongroup_comment	Passerine__order
nmod>det> the	16.0	0.332	taxongroup_comment	Passerine__order
appos>compound> ...	16.0	0.502	taxongroup_comment	Passerine__order
nsubj:pass<obl>conj> ...	16.0	0.439	taxongroup_comment	Passerine__order
nmod<nsubj> ...	15.0	0.249	taxongroup_comment	Passerine__order
conj>cc> and	15.0	0.708	taxongroup_comment	Passerine__order
nsubj>det> the	15.0	0.373	taxongroup_comment	Passerine__order
nmod<det> the	15.0	0.636	taxongroup_comment	Passerine__order
nsubj>det> ...	15.0	0.266	taxongroup_comment	Passerine__order
compound<det> the	14.0	0.621	taxongroup_comment	Passerine__order
appos<conj>cc> ...	14.0	0.499	taxongroup_comment	Passerine__order
nsubj<conj>cc> ...	13.0	0.528	taxongroup_comment	Passerine__order
list< ...	13.0	0.488	taxongroup_comment	Passerine__order
conj<appos> Corvus	13.0	0.69	taxongroup_comment	Passerine__order
nsubj<amod> ...	13.0	0.289	taxongroup_comment	Passerine__order
appos<conj>flat> ...	13.0	0.341	taxongroup_comment	Passerine__order
compound<amod> ...	13.0	0.23	taxongroup_comment	Passerine__order
nsubj<obl>case> ...	12.0	0.74	taxongroup_comment	Passerine__order
obl<advmod> ...	12.0	0.321	taxongroup_comment	Passerine__order
nsubj<obl> ...	12.0	0.366	taxongroup_comment	Passerine__order
list<compound>conj> ...	12.0	0.373	taxongroup_comment	Passerine__order
conj<det> ...	12.0	0.229	taxongroup_comment	Passerine__order
compound<nmod< ...	12.0	0.295	taxongroup_comment	Passerine__order
conj<det> the	12.0	0.28	taxongroup_comment	Passerine__order
acl:relcl> ...	11.0	0.301	taxongroup_comment	Passerine__order
amod>advmod> ...	11.0	0.309	taxongroup_comment	Passerine__order
appos<conj> Corvus	11.0	0.712	taxongroup_comment	Passerine__order
nmod<conj>amod> ...	11.0	0.437	taxongroup_comment	Passerine__order
acl>obl>case> in	11.0	0.365	taxongroup_comment	Passerine__order
appos<appos>compound> ...	11.0	0.267	taxongroup_comment	Passerine__order
conj<conj>cc> Acrocephalus	11.0	0.683	taxongroup_comment	Passerine__order
compound<appos< ...	11.0	0.467	taxongroup_comment	Passerine__order
appos<conj>amod> ...	11.0	0.368	taxongroup_comment	Passerine__order
nsubj<advmod> ...	11.0	0.65	taxongroup_comment	Passerine__order
nsubj<nmod> ...	11.0	0.339	taxongroup_comment	Passerine__order
appos<appos> crow	11.0	0.795	taxongroup_comment	Passerine__order
amod> other	11.0	0.775	taxongroup_comment	Passerine__order
conj<amod> ...	11.0	0.71	taxongroup_comment	Passerine__order
list<appos> ...	11.0	0.355	taxongroup_comment	Passerine__order
nsubj<nmod>case> ...	11.0	0.287	taxongroup_comment	Passerine__order
nsubj:pass<obl>amod> ...	10.0	0.476	taxongroup_comment	Passerine__order
nmod<det> a	10.0	0.607	taxongroup_comment	Passerine__order
acl:relcl>nsubj> ...	10.0	0.387	taxongroup_comment	Passerine__order
nsubj<det> ...	10.0	0.544	taxongroup_comment	Passerine__order
list< Rook	10.0	0.601	taxongroup_comment	Passerine__order
conj<conj>compound> ...	10.0	0.497	taxongroup_comment	Passerine__order
compound> passerine	10.0	0.356	taxongroup_comment	Passerine__order
nmod>amod> ...	10.0	0.353	taxongroup_comment	Passerine__order
compound<compound> ...	10.0	0.294	taxongroup_comment	Passerine__order
nsubj:pass<advmod> ...	10.0	0.531	taxongroup_comment	Passerine__order
conj<appos> crow	9.0	0.747	taxongroup_comment	Passerine__order
nsubj:pass<obl>case> in	9.0	0.688	taxongroup_comment	Passerine__order
conj<compound<list> ...	9.0	0.487	taxongroup_comment	Passerine__order
nmod<obl< ...	9.0	0.238	taxongroup_comment	Passerine__order
compound<appos<det> ...	9.0	0.226	taxongroup_comment	Passerine__order
conj<nmod>case> ...	9.0	0.513	taxongroup_comment	Passerine__order
obj<nsubj> ...	9.0	0.421	taxongroup_comment	Passerine__order
conj<conj>cc> and	9.0	0.429	taxongroup_comment	Passerine__order
compound<nmod<amod> ...	9.0	0.355	taxongroup_comment	Passerine__order
nmod< species	9.0	0.498	taxongroup_comment	Passerine__order
appos<appos>amod> ...	9.0	0.191	taxongroup_comment	Passerine__order
compound> song	9.0	0.454	taxongroup_comment	Passerine__order
conj<appos>compound> ...	9.0	0.374	taxongroup_comment	Passerine__order
nmod<compound> ...	9.0	0.251	taxongroup_comment	Passerine__order
conj<compound> ...	9.0	0.31	taxongroup_comment	Passerine__order
appos<compound<list> ...	9.0	0.376	taxongroup_comment	Passerine__order
conj<conj>flat> ...	9.0	0.649	taxongroup_comment	Passerine__order
appos< crow	9.0	0.34	taxongroup_comment	Passerine__order
conj<compound>conj> crow	9.0	0.577	taxongroup_comment	Passerine__order
nmod<nsubj>det> the	9.0	0.384	taxongroup_comment	Passerine__order
nmod<nmod>case> ...	9.0	0.346	taxongroup_comment	Passerine__order
nmod<nsubj>det> ...	9.0	0.378	taxongroup_comment	Passerine__order
appos<compound>conj> crow	9.0	0.766	taxongroup_comment	Passerine__order
conj<conj> warbler	9.0	0.874	taxongroup_comment	Passerine__order
appos<conj>compound> ...	9.0	0.349	taxongroup_comment	Passerine__order
nsubj<nmod>det> ...	9.0	0.452	taxongroup_comment	Passerine__order
conj<conj>amod> ree	8.0	0.827	taxongroup_comment	Passerine__order
acl:relcl>obj>conj> ...	8.0	0.562	taxongroup_comment	Passerine__order
conj>amod> ...	8.0	0.503	taxongroup_comment	Passerine__order
obl<aux:pass> ...	8.0	0.332	taxongroup_comment	Passerine__order
appos<det> ...	8.0	0.439	taxongroup_comment	Passerine__order
advmod> ...	8.0	0.364	taxongroup_comment	Passerine__order
nsubj<conj>amod> ...	8.0	0.472	taxongroup_comment	Passerine__order
obj<mark> ...	8.0	0.468	taxongroup_comment	Passerine__order
compound<conj< ...	8.0	0.379	taxongroup_comment	Passerine__order
appos<appos> Corvus	8.0	0.713	taxongroup_comment	Passerine__order
nsubj>amod> ...	8.0	0.229	taxongroup_comment	Passerine__order
compound<parataxis<appos> ...	8.0	0.227	taxongroup_comment	Passerine__order
conj<appos>amod> ...	8.0	0.27	taxongroup_comment	Passerine__order
conj<nmod> ...	8.0	0.351	taxongroup_comment	Passerine__order
obl<nsubj> ...	8.0	0.564	taxongroup_comment	Passerine__order
appos<conj> crow	8.0	0.762	taxongroup_comment	Passerine__order
nmod<nmod> ...	8.0	0.524	taxongroup_comment	Passerine__order
acl:relcl>obl> ...	8.0	0.232	taxongroup_comment	Passerine__order
list<compound>appos> ...	8.0	0.399	taxongroup_comment	Passerine__order
nsubj<obl>appos> ...	8.0	0.214	taxongroup_comment	Passerine__order
flat<conj>amod> ...	8.0	0.305	taxongroup_comment	Passerine__order
acl:relcl>obl>case> ...	8.0	0.442	taxongroup_comment	Passerine__order
obl<aux:pass> be	8.0	0.332	taxongroup_comment	Passerine__order
nsubj:pass<obl>nmod> ...	7.0	0.484	taxongroup_comment	Passerine__order
nsubj>appos> ...	7.0	0.259	taxongroup_comment	Passerine__order
appos<case> ...	7.0	0.461	taxongroup_comment	Passerine__order
nsubj<nmod>det> the	7.0	0.452	taxongroup_comment	Passerine__order
compound<nmod> ...	7.0	0.217	taxongroup_comment	Passerine__order
conj<nsubj< ...	7.0	0.245	taxongroup_comment	Passerine__order
conj<conj> crow	7.0	0.928	taxongroup_comment	Passerine__order
nummod> ...	7.0	0.532	taxongroup_comment	Passerine__order
nmod>conj>cc> ...	7.0	0.411	taxongroup_comment	Passerine__order
nsubj>conj> ...	7.0	0.242	taxongroup_comment	Passerine__order
amod> small	7.0	0.789	taxongroup_comment	Passerine__order
obj<obl> ...	7.0	0.289	taxongroup_comment	Passerine__order
conj<conj> Corvus	7.0	0.906	taxongroup_comment	Passerine__order
appos<nsubj< ...	7.0	0.302	taxongroup_comment	Passerine__order
compound<nmod>case> ...	7.0	0.424	taxongroup_comment	Passerine__order
compound<appos<det> the	7.0	0.221	taxongroup_comment	Passerine__order
conj>det> ...	7.0	0.39	taxongroup_comment	Passerine__order
amod> common	7.0	0.838	taxongroup_comment	Passerine__order
nsubj<obj> ...	7.0	0.18	taxongroup_comment	Passerine__order
conj>compound> ...	7.0	0.256	taxongroup_comment	Passerine__order
obl<nsubj>det> ...	7.0	0.428	taxongroup_comment	Passerine__order
conj<nsubj> ...	7.0	0.201	taxongroup_comment	Passerine__order
conj>det> the	7.0	0.421	taxongroup_comment	Passerine__order
obj<obl>case> ...	7.0	0.236	taxongroup_comment	Passerine__order
compound> leaf	7.0	0.321	taxongroup_comment	Passerine__order
nsubj<advcl> ...	7.0	0.417	taxongroup_comment	Passerine__order
nsubj>conj>det> the	6.0	0.359	taxongroup_comment	Passerine__order
list<conj> ...	6.0	0.425	taxongroup_comment	Passerine__order
flat<flat> ...	6.0	0.44	taxongroup_comment	Passerine__order
nsubj>conj>det> ...	6.0	0.359	taxongroup_comment	Passerine__order
conj<cop> be	6.0	0.579	taxongroup_comment	Passerine__order
obl<nsubj:pass> ...	6.0	0.546	taxongroup_comment	Passerine__order
nmod<conj< ...	6.0	0.426	taxongroup_comment	Passerine__order
nmod>conj>cc> and	6.0	0.398	taxongroup_comment	Passerine__order
nsubj>appos>compound> ...	6.0	0.401	taxongroup_comment	Passerine__order
nmod>nmod> ...	6.0	0.376	taxongroup_comment	Passerine__order
nsubj<parataxis<conj> ...	6.0	0.236	taxongroup_comment	Passerine__order
appos>conj> ...	6.0	0.317	taxongroup_comment	Passerine__order
acl>obl>amod> ...	6.0	0.255	taxongroup_comment	Passerine__order
acl>obl>det> ...	6.0	0.315	taxongroup_comment	Passerine__order
nmod>nmod>case> ...	6.0	0.536	taxongroup_comment	Passerine__order
appos<det> the	6.0	0.464	taxongroup_comment	Passerine__order
appos<conj>cc> Corvus	6.0	0.628	taxongroup_comment	Passerine__order
nsubj:pass<obl>det> ...	6.0	0.611	taxongroup_comment	Passerine__order
nsubj<det> the	6.0	0.522	taxongroup_comment	Passerine__order
conj<flat> ...	6.0	0.138	taxongroup_comment	Passerine__order
compound<nmod<det> ...	6.0	0.336	taxongroup_comment	Passerine__order
nsubj<advcl>obj> ...	6.0	0.432	taxongroup_comment	Passerine__order
conj<compound>amod> ...	6.0	0.496	taxongroup_comment	Passerine__order
appos<compound>amod> ...	6.0	0.385	taxongroup_comment	Passerine__order
appos<conj>flat> crow	6.0	0.53	taxongroup_comment	Passerine__order
acl:relcl>obl>amod> ...	6.0	0.181	taxongroup_comment	Passerine__order
compound> family	6.0	0.32	taxongroup_comment	Passerine__order
nsubj<obl>nmod> ...	6.0	0.274	taxongroup_comment	Passerine__order
nsubj<conj>cc> and	6.0	0.701	taxongroup_comment	Passerine__order
compound<appos<amod> ...	6.0	0.234	taxongroup_comment	Passerine__order
conj<cop> ...	6.0	0.625	taxongroup_comment	Passerine__order
conj<obj< ...	6.0	0.361	taxongroup_comment	Passerine__order
nmod<nsubj< ...	6.0	0.487	taxongroup_comment	Passerine__order
obl<nsubj>det> the	6.0	0.511	taxongroup_comment	Passerine__order
compound<compound< ...	6.0	0.207	taxongroup_comment	Passerine__order
obj<mark> to	6.0	0.504	taxongroup_comment	Passerine__order
obj<obl>appos> ...	6.0	0.354	taxongroup_comment	Passerine__order
nmod<nmod< ...	6.0	0.478	taxongroup_comment	Passerine__order
nsubj>conj>cc> ...	5.0	0.405	taxongroup_comment	Passerine__order
compound<obl< ...	5.0	0.548	taxongroup_comment	Passerine__order
acl>obl>nmod> ...	5.0	0.288	taxongroup_comment	Passerine__order
compound<nmod<det> a	5.0	0.308	taxongroup_comment	Passerine__order
case> for	5.0	0.779	taxongroup_comment	Passerine__order
nmod<obl<nsubj:pass> ...	5.0	0.421	taxongroup_comment	Passerine__order
nmod<obl<aux:pass> ...	5.0	0.248	taxongroup_comment	Passerine__order
obl<mark> ...	5.0	0.515	taxongroup_comment	Passerine__order
compound<parataxis<list> ...	5.0	0.491	taxongroup_comment	Passerine__order
appos<compound> ...	5.0	0.461	taxongroup_comment	Passerine__order
conj>appos> ...	5.0	0.278	taxongroup_comment	Passerine__order
acl>obl>compound> ...	5.0	0.135	taxongroup_comment	Passerine__order
list<compound>conj> crow	5.0	0.513	taxongroup_comment	Passerine__order
flat<conj> ...	5.0	0.491	taxongroup_comment	Passerine__order
conj<conj>cc> Corvus	5.0	0.611	taxongroup_comment	Passerine__order
nsubj>compound> ...	5.0	0.439	taxongroup_comment	Passerine__order
compound<appos<compound> ...	5.0	0.278	taxongroup_comment	Passerine__order
compound<nmod<nsubj> ...	5.0	0.271	taxongroup_comment	Passerine__order
compound<nmod<cop> ...	5.0	0.251	taxongroup_comment	Passerine__order
compound<appos<appos> ...	5.0	0.285	taxongroup_comment	Passerine__order
nmod<obl<aux:pass> be	5.0	0.248	taxongroup_comment	Passerine__order
conj< crow	5.0	0.443	taxongroup_comment	Passerine__order
appos>nmod> ...	5.0	0.333	taxongroup_comment	Passerine__order
nsubj<conj> warbler	5.0	0.354	taxongroup_comment	Passerine__order
nsubj<advcl>mark> ...	5.0	0.516	taxongroup_comment	Passerine__order
nsubj<obl>amod> ...	5.0	0.315	taxongroup_comment	Passerine__order
nsubj<obj>amod> ...	5.0	0.362	taxongroup_comment	Passerine__order
appos<nmod>case> ...	5.0	0.361	taxongroup_comment	Passerine__order
nmod<conj>cc> ...	5.0	0.199	taxongroup_comment	Passerine__order
nmod>case> such	5.0	0.824	taxongroup_comment	Passerine__order
nmod>case>fixed> as	5.0	0.459	taxongroup_comment	Passerine__order
nsubj<conj>compound> ...	5.0	0.398	taxongroup_comment	Passerine__order
appos<nmod> ...	5.0	0.354	taxongroup_comment	Passerine__order
compound>flat> ...	5.0	0.234	taxongroup_comment	Passerine__order
obl<conj>amod> ...	5.0	0.338	taxongroup_comment	Passerine__order
compound<nmod< bird	5.0	0.235	taxongroup_comment	Passerine__order
compound<case> in	5.0	0.125	taxongroup_comment	Passerine__order
obl<conj> ...	5.0	0.341	taxongroup_comment	Passerine__order
case> in	5.0	0.867	taxongroup_comment	Passerine__order
conj<conj>conj> ...	5.0	0.365	taxongroup_comment	Passerine__order
acl:relcl>nsubj> which	5.0	0.406	taxongroup_comment	Passerine__order
flat>compound> ...	5.0	0.319	taxongroup_comment	Passerine__order
conj<obj<nsubj> ...	5.0	0.254	taxongroup_comment	Passerine__order
compound<nmod<cop> be	5.0	0.251	taxongroup_comment	Passerine__order
appos>nmod>case> ...	5.0	0.169	taxongroup_comment	Passerine__order
compound<nmod<compound> ...	5.0	0.468	taxongroup_comment	Passerine__order
appos<nsubj>flat> ...	5.0	0.36	taxongroup_comment	Passerine__order
appos>compound> Paradisaea	5.0	0.569	taxongroup_comment	Passerine__order
nsubj<conj>cc> Acrocephalus	5.0	0.532	taxongroup_comment	Passerine__order
nmod>case>fixed> ...	5.0	0.459	taxongroup_comment	Passerine__order
conj<nmod>det> ...	4.0	0.182	taxongroup_comment	Passerine__order
obl<nsubj>compound> ...	4.0	0.418	taxongroup_comment	Passerine__order
nmod<conj>amod> Eurasian	4.0	0.465	taxongroup_comment	Passerine__order
conj<case> ...	4.0	0.422	taxongroup_comment	Passerine__order
acl>mark> to	4.0	0.299	taxongroup_comment	Passerine__order
nsubj<obj>det> a	4.0	0.49	taxongroup_comment	Passerine__order
conj<conj>flat> crow	4.0	0.609	taxongroup_comment	Passerine__order
appos<conj>cc> and	4.0	0.574	taxongroup_comment	Passerine__order
compound<amod> european	4.0	0.228	taxongroup_comment	Passerine__order
conj<compound< ...	4.0	0.396	taxongroup_comment	Passerine__order
amod>obl:npmod> ...	4.0	0.284	taxongroup_comment	Passerine__order
compound<obj< ...	4.0	0.515	taxongroup_comment	Passerine__order
appos<nsubj> ...	4.0	0.359	taxongroup_comment	Passerine__order
nsubj<obl:npmod>conj> ...	4.0	0.327	taxongroup_comment	Passerine__order
amod>advmod> most	4.0	0.348	taxongroup_comment	Passerine__order
obl<cop> ...	4.0	0.388	taxongroup_comment	Passerine__order
nsubj<advcl>nsubj> ...	4.0	0.333	taxongroup_comment	Passerine__order
nmod<amod> large	4.0	0.504	taxongroup_comment	Passerine__order
nsubj:pass<obl>det> the	4.0	0.636	taxongroup_comment	Passerine__order
parataxis<conj> ...	4.0	0.357	taxongroup_comment	Passerine__order
conj<nmod>compound> ...	4.0	0.357	taxongroup_comment	Passerine__order
conj<conj>case> ...	4.0	0.224	taxongroup_comment	Passerine__order
acl>obl>det> a	4.0	0.289	taxongroup_comment	Passerine__order
compound<nmod<conj> ...	4.0	0.238	taxongroup_comment	Passerine__order
nmod<nsubj>amod> ...	4.0	0.427	taxongroup_comment	Passerine__order
nmod>compound> finch	4.0	0.346	taxongroup_comment	Passerine__order
nmod<conj>cc> and	4.0	0.25	taxongroup_comment	Passerine__order
nmod<appos> ...	4.0	0.342	taxongroup_comment	Passerine__order
nmod<appos>conj> ...	4.0	0.243	taxongroup_comment	Passerine__order
conj<nsubj<obj> ...	4.0	0.256	taxongroup_comment	Passerine__order
flat>case> ...	4.0	0.487	taxongroup_comment	Passerine__order
nsubj<obj>det> ...	4.0	0.447	taxongroup_comment	Passerine__order
nmod< one	4.0	0.526	taxongroup_comment	Passerine__order
nmod<nsubj>appos> ...	4.0	0.361	taxongroup_comment	Passerine__order
acl:relcl>nsubj> that	4.0	0.453	taxongroup_comment	Passerine__order
conj<appos>flat> ...	4.0	0.436	taxongroup_comment	Passerine__order
nmod<case> to	4.0	0.542	taxongroup_comment	Passerine__order
conj<parataxis>conj> ...	4.0	0.374	taxongroup_comment	Passerine__order
compound< family	4.0	0.29	taxongroup_comment	Passerine__order
nsubj<obl>case> to	4.0	0.738	taxongroup_comment	Passerine__order
nmod<nsubj:pass< ...	4.0	0.449	taxongroup_comment	Passerine__order
nmod<nsubj:pass<aux:pass> ...	4.0	0.237	taxongroup_comment	Passerine__order
conj<obl:npmod>conj> ...	4.0	0.779	taxongroup_comment	Passerine__order
nsubj:pass<conj> ...	4.0	0.497	taxongroup_comment	Passerine__order
case> as	4.0	0.92	taxongroup_comment	Passerine__order
conj<obl:npmod>conj> warbler	4.0	0.779	taxongroup_comment	Passerine__order
nsubj:pass<obl>nmod:poss> ...	4.0	0.24	taxongroup_comment	Passerine__order
compound< coeleb	4.0	0.327	taxongroup_comment	Passerine__order
nmod<nsubj:pass<aux:pass> be	4.0	0.237	taxongroup_comment	Passerine__order
compound<appos<case> ...	4.0	0.259	taxongroup_comment	Passerine__order
acl>mark> ...	4.0	0.297	taxongroup_comment	Passerine__order
conj<obj< include	4.0	0.303	taxongroup_comment	Passerine__order
nmod<cc> ...	4.0	0.398	taxongroup_comment	Passerine__order
conj<obl>case> ...	4.0	0.393	taxongroup_comment	Passerine__order
obl<obl> ...	4.0	0.393	taxongroup_comment	Passerine__order
compound>conj>amod> ...	4.0	0.319	taxongroup_comment	Passerine__order
parataxis<conj>amod> ...	4.0	0.482	taxongroup_comment	Passerine__order
nsubj>conj>advmod> simply	4.0	0.375	taxongroup_comment	Passerine__order
nsubj>conj>cc> or	4.0	0.397	taxongroup_comment	Passerine__order
nsubj<nmod>nmod> ...	4.0	0.254	taxongroup_comment	Passerine__order
nsubj<nmod>case> of	4.0	0.357	taxongroup_comment	Passerine__order
nsubj<det> a	4.0	0.562	taxongroup_comment	Passerine__order
list<conj>flat> ...	4.0	0.356	taxongroup_comment	Passerine__order
nmod>compound> family	4.0	0.453	taxongroup_comment	Passerine__order
obl<conj>cc> ...	4.0	0.595	taxongroup_comment	Passerine__order
nsubj<appos> ...	4.0	0.27	taxongroup_comment	Passerine__order
nmod<nsubj<conj> ...	4.0	0.373	taxongroup_comment	Passerine__order
compound>compound> ...	4.0	0.234	taxongroup_comment	Passerine__order
list<appos> Corvus	4.0	0.425	taxongroup_comment	Passerine__order
acl:relcl> breed	4.0	0.268	taxongroup_comment	Passerine__order
nmod<obl<obl> ...	4.0	0.521	taxongroup_comment	Passerine__order
advcl>mark> ...	4.0	0.413	taxongroup_comment	Passerine__order
appos<list> ...	4.0	0.179	taxongroup_comment	Passerine__order
conj<obl> ...	4.0	0.353	taxongroup_comment	Passerine__order
nsubj>conj>advmod> ...	4.0	0.375	taxongroup_comment	Passerine__order
flat< ...	4.0	0.223	taxongroup_comment	Passerine__order
conj<nsubj<conj> ...	4.0	0.394	taxongroup_comment	Passerine__order
obl<cop> be	4.0	0.388	taxongroup_comment	Passerine__order
compound<conj<amod> ...	4.0	0.549	taxongroup_comment	Passerine__order
parataxis<appos> ...	4.0	0.377	taxongroup_comment	Passerine__order
appos> Corvus	4.0	0.634	taxongroup_comment	Passerine__order
obl<nsubj:pass>det> ...	4.0	0.736	taxongroup_comment	Passerine__order
nsubj<obl:npmod>conj> warbler	4.0	0.327	taxongroup_comment	Passerine__order
compound<compound< crow	4.0	0.152	taxongroup_comment	Passerine__order
case> with	4.0	0.874	taxongroup_comment	Passerine__order
compound>conj> ...	4.0	0.259	taxongroup_comment	Passerine__order
nmod>conj>amod> ...	4.0	0.521	taxongroup_comment	Passerine__order
compound<nmod<case> ...	4.0	0.369	taxongroup_comment	Passerine__order
nsubj<obl>det> ...	4.0	0.613	taxongroup_comment	Passerine__order
nmod<nsubj<obl> ...	4.0	0.372	taxongroup_comment	Passerine__order
nsubj<nmod>compound> ...	4.0	0.195	taxongroup_comment	Passerine__order
appos<nmod< ...	4.0	0.392	taxongroup_comment	Passerine__order
appos<compound<obl:npmod< ...	3.0	0.338	taxongroup_comment	Passerine__order
appos<list>list> ...	3.0	0.247	taxongroup_comment	Passerine__order
conj<nmod>det> the	3.0	0.201	taxongroup_comment	Passerine__order
obl<nsubj:pass>appos> ...	3.0	0.361	taxongroup_comment	Passerine__order
appos<compound< ...	3.0	0.344	taxongroup_comment	Passerine__order
appos<nmod<det> the	3.0	0.398	taxongroup_comment	Passerine__order
appos<amod> jungle	3.0	0.527	taxongroup_comment	Passerine__order
appos<appos>nmod> ...	3.0	0.206	taxongroup_comment	Passerine__order
obl<nsubj:pass>amod> ...	3.0	0.312	taxongroup_comment	Passerine__order
obj<obj> ...	3.0	0.349	taxongroup_comment	Passerine__order
appos<compound<flat> ...	3.0	0.483	taxongroup_comment	Passerine__order
appos<cop> ...	3.0	0.67	taxongroup_comment	Passerine__order
compound<nmod>case> of	3.0	0.418	taxongroup_comment	Passerine__order
nmod>nmod>compound> ...	3.0	0.394	taxongroup_comment	Passerine__order
appos<appos>amod> Mesopotamian	3.0	0.371	taxongroup_comment	Passerine__order
nmod:poss>case> 's	3.0	0.31	taxongroup_comment	Passerine__order
appos<appos> cornix	3.0	0.641	taxongroup_comment	Passerine__order
appos<conj>amod> Hood	3.0	0.587	taxongroup_comment	Passerine__order
appos<conj> species	3.0	0.754	taxongroup_comment	Passerine__order
appos<appos>compound> Carrion	3.0	0.275	taxongroup_comment	Passerine__order
case> from	3.0	0.923	taxongroup_comment	Passerine__order
appos<conj>amod> african	3.0	0.362	taxongroup_comment	Passerine__order
appos<conj>compound> North	3.0	0.441	taxongroup_comment	Passerine__order
appos<appos>amod> western	3.0	0.165	taxongroup_comment	Passerine__order
appos<appos>compound> carrion	3.0	0.216	taxongroup_comment	Passerine__order
appos<conj>flat> Eurasian	3.0	0.551	taxongroup_comment	Passerine__order
appos<conj>flat> unicolor	3.0	0.415	taxongroup_comment	Passerine__order
appos<conj>conj> ...	3.0	0.441	taxongroup_comment	Passerine__order
appos<nmod:poss> ...	3.0	0.316	taxongroup_comment	Passerine__order
appos<list> Corvus	3.0	0.182	taxongroup_comment	Passerine__order
appos<list>list> crow	3.0	0.247	taxongroup_comment	Passerine__order
appos<appos> corone	3.0	0.691	taxongroup_comment	Passerine__order
appos<cc> ...	3.0	0.498	taxongroup_comment	Passerine__order
appos<compound< orientalis	3.0	0.395	taxongroup_comment	Passerine__order
appos<conj>conj> splenden	3.0	0.441	taxongroup_comment	Passerine__order
appos<compound<flat> Rook	3.0	0.483	taxongroup_comment	Passerine__order
appos<compound<list> jackdaw	3.0	0.438	taxongroup_comment	Passerine__order
appos<compound<list> raven	3.0	0.386	taxongroup_comment	Passerine__order
appos<compound<list> Corvus	3.0	0.328	taxongroup_comment	Passerine__order
appos<compound<obl:npmod< neck	3.0	0.338	taxongroup_comment	Passerine__order
nmod>nmod>det> ...	3.0	0.445	taxongroup_comment	Passerine__order
appos<conj>amod> Collar	3.0	0.561	taxongroup_comment	Passerine__order
parataxis<appos>compound> ...	3.0	0.241	taxongroup_comment	Passerine__order
obl<aux> ...	3.0	0.346	taxongroup_comment	Passerine__order
conj<advcl>obj> ...	3.0	0.357	taxongroup_comment	Passerine__order
list<conj>amod> ...	3.0	0.367	taxongroup_comment	Passerine__order
nmod:poss>case> ...	3.0	0.31	taxongroup_comment	Passerine__order
conj<advcl>mark> ...	3.0	0.393	taxongroup_comment	Passerine__order
nmod:poss> ...	3.0	0.248	taxongroup_comment	Passerine__order
conj<advcl> ...	3.0	0.349	taxongroup_comment	Passerine__order
nsubj<obl>case> in	3.0	0.71	taxongroup_comment	Passerine__order
nsubj<advcl<advmod> ...	3.0	0.399	taxongroup_comment	Passerine__order
nmod>appos> ...	3.0	0.131	taxongroup_comment	Passerine__order
nmod<appos>det> ...	3.0	0.529	taxongroup_comment	Passerine__order
conj<nsubj>nmod> ...	3.0	0.299	taxongroup_comment	Passerine__order
amod>conj> ...	3.0	0.258	taxongroup_comment	Passerine__order
amod>conj>cc> ...	3.0	0.416	taxongroup_comment	Passerine__order
conj<compound<obl:npmod< ...	3.0	0.381	taxongroup_comment	Passerine__order
nmod< bird	3.0	0.527	taxongroup_comment	Passerine__order
amod>conj>cc> and	3.0	0.394	taxongroup_comment	Passerine__order
obl<advmod> also	3.0	0.318	taxongroup_comment	Passerine__order
obl<nmod>case> ...	3.0	0.38	taxongroup_comment	Passerine__order
obl<nmod>amod> ...	3.0	0.397	taxongroup_comment	Passerine__order
nmod<nummod> ...	3.0	0.377	taxongroup_comment	Passerine__order
list>amod> ...	3.0	0.57	taxongroup_comment	Passerine__order
parataxis< ...	3.0	0.144	taxongroup_comment	Passerine__order
compound<compound<conj< ...	3.0	0.328	taxongroup_comment	Passerine__order
list<compound<list> ...	3.0	0.738	taxongroup_comment	Passerine__order
obj<advcl> ...	3.0	0.363	taxongroup_comment	Passerine__order
obl<obl>case> ...	3.0	0.378	taxongroup_comment	Passerine__order
obl<nsubj:pass>det> the	3.0	0.7	taxongroup_comment	Passerine__order
acl:relcl>obl>amod> northern	3.0	0.279	taxongroup_comment	Passerine__order
nmod<obl<nsubj> ...	3.0	0.364	taxongroup_comment	Passerine__order
acl:relcl>obl> Europe	3.0	0.262	taxongroup_comment	Passerine__order
list> ...	3.0	0.372	taxongroup_comment	Passerine__order
nmod<obl<conj> ...	3.0	0.263	taxongroup_comment	Passerine__order
case> 's	3.0	0.934	taxongroup_comment	Passerine__order
obl<nmod> ...	3.0	0.213	taxongroup_comment	Passerine__order
list>compound> ...	3.0	0.28	taxongroup_comment	Passerine__order
conj<compound<flat> ...	3.0	0.483	taxongroup_comment	Passerine__order
compound<appos<conj> ...	3.0	0.343	taxongroup_comment	Passerine__order
nmod<conj>flat> ...	3.0	0.362	taxongroup_comment	Passerine__order
list<list>amod> ...	3.0	0.271	taxongroup_comment	Passerine__order
acl:relcl>advmod> ...	3.0	0.522	taxongroup_comment	Passerine__order
acl:relcl>obl>det> ...	3.0	0.274	taxongroup_comment	Passerine__order
compound<appos<nsubj< ...	3.0	0.513	taxongroup_comment	Passerine__order
list<flat> ...	3.0	0.34	taxongroup_comment	Passerine__order
list<compound>amod> ...	3.0	0.36	taxongroup_comment	Passerine__order
nmod>case> with	3.0	0.995	taxongroup_comment	Passerine__order
appos<nmod:poss> kubaryi	3.0	0.397	taxongroup_comment	Passerine__order
appos<compound>amod> tropical	3.0	0.595	taxongroup_comment	Passerine__order
appos<compound>amod> asian	3.0	0.286	taxongroup_comment	Passerine__order
appos<compound> species	3.0	0.676	taxongroup_comment	Passerine__order
appos<compound>conj> jackdaw	3.0	0.704	taxongroup_comment	Passerine__order
appos<compound>conj> Coloeus	3.0	0.656	taxongroup_comment	Passerine__order
nmod> family	3.0	0.638	taxongroup_comment	Passerine__order
appos<compound>conj> eastern	3.0	0.508	taxongroup_comment	Passerine__order
acl:relcl>obj> ...	3.0	0.347	taxongroup_comment	Passerine__order
compound< species	3.0	0.401	taxongroup_comment	Passerine__order
conj<list>list> ...	3.0	0.36	taxongroup_comment	Passerine__order
conj<list> ...	3.0	0.654	taxongroup_comment	Passerine__order
nmod<nmod>flat> ...	3.0	0.197	taxongroup_comment	Passerine__order
conj<nmod>amod> ...	3.0	0.29	taxongroup_comment	Passerine__order
conj<conj>amod> common	3.0	0.749	taxongroup_comment	Passerine__order
obj<advmod> ...	3.0	0.497	taxongroup_comment	Passerine__order
conj<nmod:poss> ...	3.0	0.289	taxongroup_comment	Passerine__order
conj<cc> ...	3.0	0.376	taxongroup_comment	Passerine__order
nsubj<aux> ...	3.0	0.548	taxongroup_comment	Passerine__order
obl<nsubj>amod> ...	3.0	0.244	taxongroup_comment	Passerine__order
obl<obj> ...	3.0	0.27	taxongroup_comment	Passerine__order
case> to	3.0	0.803	taxongroup_comment	Passerine__order
appos< Rook	3.0	0.412	taxongroup_comment	Passerine__order
nmod:poss< ...	3.0	0.195	taxongroup_comment	Passerine__order
obj<advcl< ...	3.0	0.126	taxongroup_comment	Passerine__order
appos<cc> Corvus	3.0	0.339	taxongroup_comment	Passerine__order
nmod<cc> and	3.0	0.341	taxongroup_comment	Passerine__order
nmod<case> of	3.0	0.641	taxongroup_comment	Passerine__order
conj<amod> jungle	3.0	0.776	taxongroup_comment	Passerine__order
conj<compound<obl:npmod< neck	3.0	0.381	taxongroup_comment	Passerine__order
appos>compound> Carduelis	3.0	0.603	taxongroup_comment	Passerine__order
nsubj:pass<conj>cc> ...	3.0	0.282	taxongroup_comment	Passerine__order
nsubj:pass<xcomp> ...	3.0	0.184	taxongroup_comment	Passerine__order
nsubj:pass<advcl> ...	3.0	0.438	taxongroup_comment	Passerine__order
nsubj:pass<advcl>mark> ...	3.0	0.447	taxongroup_comment	Passerine__order
appos>amod> ...	3.0	0.437	taxongroup_comment	Passerine__order
list<conj> Corvus	3.0	0.508	taxongroup_comment	Passerine__order
obj<nsubj>amod> ...	3.0	0.312	taxongroup_comment	Passerine__order
list<appos> crow	3.0	0.391	taxongroup_comment	Passerine__order
advcl> ...	3.0	0.511	taxongroup_comment	Passerine__order
flat<parataxis>conj> ...	3.0	0.274	taxongroup_comment	Passerine__order
nmod<nmod<det> the	3.0	0.399	taxongroup_comment	Passerine__order
compound<conj<conj> crow	3.0	0.513	taxongroup_comment	Passerine__order
nmod<nmod<det> ...	3.0	0.408	taxongroup_comment	Passerine__order
conj<conj> raven	3.0	0.928	taxongroup_comment	Passerine__order
appos<obj>conj> ...	3.0	0.473	taxongroup_comment	Passerine__order
conj<compound<list> Corvus	3.0	0.503	taxongroup_comment	Passerine__order
nsubj<nmod>case> in	3.0	0.304	taxongroup_comment	Passerine__order
conj<compound<list> raven	3.0	0.487	taxongroup_comment	Passerine__order
conj<appos> cornix	3.0	0.485	taxongroup_comment	Passerine__order
conj<conj>compound> North	3.0	0.408	taxongroup_comment	Passerine__order
conj<conj>amod> african	3.0	0.709	taxongroup_comment	Passerine__order
conj<conj> species	3.0	0.81	taxongroup_comment	Passerine__order
conj<conj>amod> Hood	3.0	0.581	taxongroup_comment	Passerine__order
conj<appos>flat> cornix	3.0	0.526	taxongroup_comment	Passerine__order
conj<appos>amod> Mesopotamian	3.0	0.333	taxongroup_comment	Passerine__order
conj<appos>compound> Carrion	3.0	0.348	taxongroup_comment	Passerine__order
conj<compound<list> jackdaw	3.0	0.499	taxongroup_comment	Passerine__order
conj<appos>amod> western	3.0	0.373	taxongroup_comment	Passerine__order
conj<appos>compound> carrion	3.0	0.284	taxongroup_comment	Passerine__order
conj<list> Corvus	3.0	0.66	taxongroup_comment	Passerine__order
conj<list>list> crow	3.0	0.36	taxongroup_comment	Passerine__order
conj<appos> corone	3.0	0.612	taxongroup_comment	Passerine__order
conj<compound< orientalis	3.0	0.509	taxongroup_comment	Passerine__order
conj<compound<flat> Rook	3.0	0.483	taxongroup_comment	Passerine__order
appos<obj>appos> ...	3.0	0.638	taxongroup_comment	Passerine__order
appos> crow	3.0	0.675	taxongroup_comment	Passerine__order
compound>parataxis>conj> ...	3.0	0.211	taxongroup_comment	Passerine__order
conj<parataxis> ...	3.0	0.155	taxongroup_comment	Passerine__order
conj< warbler	3.0	0.385	taxongroup_comment	Passerine__order
acl>obj> ...	3.0	0.481	taxongroup_comment	Passerine__order
appos<nsubj<conj> ...	3.0	0.229	taxongroup_comment	Passerine__order
appos<nsubj<obj> ...	3.0	0.302	taxongroup_comment	Passerine__order
nsubj<parataxis<conj> warbler	3.0	0.27	taxongroup_comment	Passerine__order
flat<conj> crow	3.0	0.52	taxongroup_comment	Passerine__order
conj<nsubj<conj< ...	3.0	0.554	taxongroup_comment	Passerine__order
compound>appos> ...	3.0	0.445	taxongroup_comment	Passerine__order
conj<nmod< ...	3.0	0.2	taxongroup_comment	Passerine__order
compound<nmod<amod> small	3.0	0.476	taxongroup_comment	Passerine__order
compound<nmod<compound> passerine	3.0	0.643	taxongroup_comment	Passerine__order
appos<cop> be	3.0	0.67	taxongroup_comment	Passerine__order
conj> species	3.0	0.804	taxongroup_comment	Passerine__order
nsubj<compound> ...	3.0	0.444	taxongroup_comment	Passerine__order
nsubj<conj>amod> ree	3.0	0.477	taxongroup_comment	Passerine__order
acl:relcl>obl>case> in	3.0	0.377	taxongroup_comment	Passerine__order
conj<nmod<amod> ...	3.0	0.3	taxongroup_comment	Passerine__order
nsubj<nmod>amod> ...	3.0	0.399	taxongroup_comment	Passerine__order
obj<nsubj>appos> ...	3.0	0.512	taxongroup_comment	Passerine__order
nmod< number	3.0	0.537	taxongroup_comment	Passerine__order
appos<obl<conj< ...	3.0	0.379	taxongroup_comment	Passerine__order
appos<obl< ...	3.0	0.311	taxongroup_comment	Passerine__order
nsubj> chaffinch	3.0	0.187	taxongroup_comment	Passerine__order
parataxis<flat> ...	3.0	0.554	taxongroup_comment	Passerine__order
nsubj<obl>det> the	3.0	0.613	taxongroup_comment	Passerine__order
nsubj<obl>conj> ...	3.0	0.391	taxongroup_comment	Passerine__order
obj<nsubj>conj> ...	3.0	0.377	taxongroup_comment	Passerine__order
compound<case> by	3.0	0.387	taxongroup_comment	Passerine__order
compound<nmod<case> in	3.0	0.48	taxongroup_comment	Passerine__order
obl<nsubj>conj> ...	3.0	0.332	taxongroup_comment	Passerine__order
appos>compound>compound> ...	3.0	0.269	taxongroup_comment	Passerine__order
nsubj<obl>advmod> ...	3.0	0.352	taxongroup_comment	Passerine__order
nsubj<advcl>obl> ...	3.0	0.301	taxongroup_comment	Passerine__order
nsubj<advcl>aux> ...	3.0	0.128	taxongroup_comment	Passerine__order
conj<conj>conj> splenden	3.0	0.449	taxongroup_comment	Passerine__order
obj<xcomp< ...	3.0	0.288	taxongroup_comment	Passerine__order
compound<appos<obl< ...	3.0	0.259	taxongroup_comment	Passerine__order
nsubj:pass<conj>cc> and	3.0	0.297	taxongroup_comment	Passerine__order
nsubj:pass<obl>acl:relcl> ...	3.0	0.499	taxongroup_comment	Passerine__order
nsubj<mark> ...	3.0	0.436	taxongroup_comment	Passerine__order
nsubj<conj>det> ...	3.0	0.255	taxongroup_comment	Passerine__order
list<compound>appos> crow	3.0	0.395	taxongroup_comment	Passerine__order
compound<nmod>det> ...	3.0	0.417	taxongroup_comment	Passerine__order
list<compound>conj> Corvus	3.0	0.43	taxongroup_comment	Passerine__order
appos<nmod<det> ...	3.0	0.397	taxongroup_comment	Passerine__order
nsubj:pass<obl>case> with	3.0	0.678	taxongroup_comment	Passerine__order
nmod<compound> passerine	3.0	0.264	taxongroup_comment	Passerine__order
appos<flat> ...	3.0	0.282	taxongroup_comment	Passerine__order
nsubj:pass<advmod> also	3.0	0.603	taxongroup_comment	Passerine__order
obj<obl>case> in	3.0	0.244	taxongroup_comment	Passerine__order
nmod<nsubj:pass<advmod> ...	3.0	0.352	taxongroup_comment	Passerine__order
obl<conj>cc> and	3.0	0.639	taxongroup_comment	Passerine__order
nsubj:pass<obl>compound> ...	3.0	0.299	taxongroup_comment	Passerine__order
list<compound>appos> Corvus	3.0	0.497	taxongroup_comment	Passerine__order
obj<acl:relcl< ...	3.0	0.369	taxongroup_comment	Passerine__order
conj<compound> species	3.0	0.443	taxongroup_comment	Passerine__order
nmod<nsubj>compound> ...	3.0	0.363	taxongroup_comment	Passerine__order
nmod>nmod>det> the	3.0	0.445	taxongroup_comment	Passerine__order
conj<cc> Corvus	3.0	0.404	taxongroup_comment	Passerine__order
nmod<nmod>case> in	3.0	0.414	taxongroup_comment	Passerine__order
conj<compound>conj> Coloeus	3.0	0.562	taxongroup_comment	Passerine__order
conj<compound>conj> eastern	3.0	0.615	taxongroup_comment	Passerine__order
conj<compound>amod> asian	3.0	0.435	taxongroup_comment	Passerine__order
conj<compound>amod> tropical	3.0	0.521	taxongroup_comment	Passerine__order
conj<nmod:poss> kubaryi	3.0	0.292	taxongroup_comment	Passerine__order
conj<compound>conj> jackdaw	3.0	0.563	taxongroup_comment	Passerine__order
nsubj<ccomp> ...	2.0	0.518	taxongroup_comment	Passerine__order
nmod<mark> to	2.0	0.431	taxongroup_comment	Passerine__order
nmod<xcomp< believe	2.0	0.409	taxongroup_comment	Passerine__order
conj<case>fixed> ...	2.0	0.5	taxongroup_comment	Passerine__order
nmod<xcomp<advcl< present	2.0	0.356	taxongroup_comment	Passerine__order
nsubj<ccomp>nsubj> ...	2.0	0.509	taxongroup_comment	Passerine__order
nmod<conj> tits	2.0	0.545	taxongroup_comment	Passerine__order
obj<advcl<obl> ...	2.0	0.429	taxongroup_comment	Passerine__order
nmod<conj> jay	2.0	0.52	taxongroup_comment	Passerine__order
nmod<conj> chaffinch	2.0	0.643	taxongroup_comment	Passerine__order
appos>flat> ...	2.0	0.375	taxongroup_comment	Passerine__order
nmod<conj>amod> european	2.0	0.445	taxongroup_comment	Passerine__order
nmod<conj> greenfinch	2.0	0.42	taxongroup_comment	Passerine__order
nmod<conj>compound> saffron	2.0	0.456	taxongroup_comment	Passerine__order
compound<nmod<cc> and	2.0	0.305	taxongroup_comment	Passerine__order
nmod<conj>amod> blue	2.0	0.524	taxongroup_comment	Passerine__order
nmod<conj> finch	2.0	0.44	taxongroup_comment	Passerine__order
nmod<conj>amod> common	2.0	0.436	taxongroup_comment	Passerine__order
nsubj<conj< ...	2.0	0.232	taxongroup_comment	Passerine__order
nsubj<appos>acl:relcl> ...	2.0	0.4	taxongroup_comment	Passerine__order
compound<obl<aux:pass> be	2.0	0.259	taxongroup_comment	Passerine__order
compound>nmod>case> of	2.0	0.434	taxongroup_comment	Passerine__order
nsubj>amod> Eurasian	2.0	0.349	taxongroup_comment	Passerine__order
ccomp<conj<obl> ...	2.0	0.33	taxongroup_comment	Passerine__order
nsubj>conj>amod> common	2.0	0.34	taxongroup_comment	Passerine__order
nsubj>conj> chaffinch	2.0	0.213	taxongroup_comment	Passerine__order
acl:relcl>obl>det> the	2.0	0.289	taxongroup_comment	Passerine__order
conj<obl>compound> ...	2.0	0.214	taxongroup_comment	Passerine__order
nsubj<nummod> ...	2.0	0.239	taxongroup_comment	Passerine__order
nsubj<conj>nmod> ...	2.0	0.202	taxongroup_comment	Passerine__order
nsubj:pass<aux> ...	2.0	0.268	taxongroup_comment	Passerine__order
obj<advcl>mark> to	2.0	0.274	taxongroup_comment	Passerine__order
nsubj:pass< take	2.0	0.45	taxongroup_comment	Passerine__order
conj<obj> ...	2.0	0.465	taxongroup_comment	Passerine__order
obl<advcl> ...	2.0	0.296	taxongroup_comment	Passerine__order
acl:relcl>cop> be	2.0	0.297	taxongroup_comment	Passerine__order
obl<advcl>nsubj> ...	2.0	0.305	taxongroup_comment	Passerine__order
obl<advcl>mark> ...	2.0	0.52	taxongroup_comment	Passerine__order
nmod<nsubj:pass<obl> ...	2.0	0.279	taxongroup_comment	Passerine__order
nsubj<advcl>advmod> ...	2.0	0.421	taxongroup_comment	Passerine__order
nsubj>amod> european	2.0	0.348	taxongroup_comment	Passerine__order
nsubj<case> ...	2.0	0.349	taxongroup_comment	Passerine__order
appos<nmod<nsubj< ...	2.0	0.352	taxongroup_comment	Passerine__order
nmod<conj> linnet	2.0	0.451	taxongroup_comment	Passerine__order
nmod<appos>det> a	2.0	0.539	taxongroup_comment	Passerine__order
compound<appos< chaffinch	2.0	0.405	taxongroup_comment	Passerine__order
nsubj<conj>nsubj> ...	2.0	0.276	taxongroup_comment	Passerine__order
obj<xcomp<cop> be	2.0	0.484	taxongroup_comment	Passerine__order
conj>nmod>case> of	2.0	0.446	taxongroup_comment	Passerine__order
nmod<conj<aux:pass> be	2.0	0.583	taxongroup_comment	Passerine__order
conj>nmod> chaffinch	2.0	0.685	taxongroup_comment	Passerine__order
nsubj<parataxis> ...	2.0	0.16	taxongroup_comment	Passerine__order
nsubj<obl:npmod> ...	2.0	0.244	taxongroup_comment	Passerine__order
conj>conj>amod> ...	2.0	0.319	taxongroup_comment	Passerine__order
compound<cc> ...	2.0	0.254	taxongroup_comment	Passerine__order
compound<conj<compound> ...	2.0	0.211	taxongroup_comment	Passerine__order
nmod<advcl>mark> although	2.0	0.424	taxongroup_comment	Passerine__order
compound<appos< warbler	2.0	0.532	taxongroup_comment	Passerine__order
compound<appos<compound> wood	2.0	0.402	taxongroup_comment	Passerine__order
obj<acl< ...	2.0	0.237	taxongroup_comment	Passerine__order
nsubj> chiffchaff	2.0	0.199	taxongroup_comment	Passerine__order
nsubj>amod> common	2.0	0.333	taxongroup_comment	Passerine__order
compound<conj>cc> and	2.0	0.345	taxongroup_comment	Passerine__order
compound<amod> other	2.0	0.244	taxongroup_comment	Passerine__order
compound<appos<nsubj< warbler	2.0	0.63	taxongroup_comment	Passerine__order
compound<list<list> ...	2.0	0.206	taxongroup_comment	Passerine__order
obj<xcomp<nsubj> ...	2.0	0.207	taxongroup_comment	Passerine__order
obj<xcomp<cop> ...	2.0	0.484	taxongroup_comment	Passerine__order
compound<parataxis<conj> ...	2.0	0.282	taxongroup_comment	Passerine__order
compound<parataxis< ...	2.0	0.418	taxongroup_comment	Passerine__order
nsubj<conj>obj> ...	2.0	0.431	taxongroup_comment	Passerine__order
conj<obl:npmod> ...	2.0	0.317	taxongroup_comment	Passerine__order
nmod<advcl>nsubj> sighting	2.0	0.272	taxongroup_comment	Passerine__order
nmod<advcl> pre-date	2.0	0.196	taxongroup_comment	Passerine__order
appos<nmod<case> ...	2.0	0.32	taxongroup_comment	Passerine__order
nmod<advcl>obj> date	2.0	0.285	taxongroup_comment	Passerine__order
conj<obj<nsubj> they	2.0	0.409	taxongroup_comment	Passerine__order
nsubj<obj>acl> ...	2.0	0.174	taxongroup_comment	Passerine__order
nmod>case> as	2.0	0.962	taxongroup_comment	Passerine__order
xcomp<aux:pass> be	2.0	0.489	taxongroup_comment	Passerine__order
compound<advmod> ...	2.0	0.608	taxongroup_comment	Passerine__order
compound<acl>mark> ...	2.0	0.273	taxongroup_comment	Passerine__order
compound<acl> ...	2.0	0.471	taxongroup_comment	Passerine__order
nsubj:pass<advcl< ...	2.0	0.352	taxongroup_comment	Passerine__order
obl<mark> to	2.0	0.539	taxongroup_comment	Passerine__order
nsubj:pass<mark> ...	2.0	0.189	taxongroup_comment	Passerine__order
nsubj<parataxis< ...	2.0	0.25	taxongroup_comment	Passerine__order
nsubj<parataxis<nsubj> ...	2.0	0.213	taxongroup_comment	Passerine__order
obl>det> a	2.0	0.29	taxongroup_comment	Passerine__order
compound<acl>obl> ...	2.0	0.265	taxongroup_comment	Passerine__order
compound<conj<case> ...	2.0	0.295	taxongroup_comment	Passerine__order
conj<conj>amod> Eurasian	2.0	0.652	taxongroup_comment	Passerine__order
compound>appos>conj> ...	2.0	0.227	taxongroup_comment	Passerine__order
appos< name	2.0	0.34	taxongroup_comment	Passerine__order
appos<appos>conj> ...	2.0	0.403	taxongroup_comment	Passerine__order
compound>nmod> paradise	2.0	0.303	taxongroup_comment	Passerine__order
nmod<conj<det> ...	2.0	0.552	taxongroup_comment	Passerine__order
nmod<nsubj<obl> Europe	2.0	0.407	taxongroup_comment	Passerine__order
nsubj<acl:relcl> ...	2.0	0.461	taxongroup_comment	Passerine__order
conj<amod>advmod> ...	2.0	0.283	taxongroup_comment	Passerine__order
compound<obj<nsubj> ...	2.0	0.355	taxongroup_comment	Passerine__order
conj<nmod>case> of	2.0	0.487	taxongroup_comment	Passerine__order
compound<obj<obl> ...	2.0	0.264	taxongroup_comment	Passerine__order
compound<obj<advcl> ...	2.0	0.236	taxongroup_comment	Passerine__order
conj<conj>flat> Eurasian	2.0	0.643	taxongroup_comment	Passerine__order
nsubj<acl:relcl>conj> ...	2.0	0.293	taxongroup_comment	Passerine__order
nsubj<acl:relcl>obl> ...	2.0	0.289	taxongroup_comment	Passerine__order
compound<appos> ...	2.0	0.268	taxongroup_comment	Passerine__order
acl>advmod> ...	2.0	0.45	taxongroup_comment	Passerine__order
acl>obl>nmod:poss> ...	2.0	0.565	taxongroup_comment	Passerine__order
nmod<conj<nsubj:pass> ...	2.0	0.453	taxongroup_comment	Passerine__order
conj<obl>case> in	2.0	0.487	taxongroup_comment	Passerine__order
nmod>nmod>case> from	2.0	0.482	taxongroup_comment	Passerine__order
nmod<conj<aux:pass> ...	2.0	0.583	taxongroup_comment	Passerine__order
nsubj<acl:relcl>nsubj> ...	2.0	0.355	taxongroup_comment	Passerine__order
conj<advcl>mark> to	2.0	0.327	taxongroup_comment	Passerine__order
xcomp<nsubj:pass> ...	2.0	0.558	taxongroup_comment	Passerine__order
xcomp<aux:pass> ...	2.0	0.489	taxongroup_comment	Passerine__order
xcomp< ...	2.0	0.178	taxongroup_comment	Passerine__order
conj<nsubj<ccomp< show	2.0	0.373	taxongroup_comment	Passerine__order
nmod<nummod> six	2.0	0.382	taxongroup_comment	Passerine__order
obl<amod> ...	2.0	0.245	taxongroup_comment	Passerine__order
list<conj> crow	2.0	0.434	taxongroup_comment	Passerine__order
nmod>conj> rook	2.0	0.366	taxongroup_comment	Passerine__order
list<conj>flat> crow	2.0	0.36	taxongroup_comment	Passerine__order
conj<conj>flat> unicolor	2.0	0.671	taxongroup_comment	Passerine__order
compound<nmod<nmod< ...	2.0	0.284	taxongroup_comment	Passerine__order
flat> crow	2.0	0.25	taxongroup_comment	Passerine__order
obj<nsubj>flat> ...	2.0	0.299	taxongroup_comment	Passerine__order
obl<mark> when	2.0	0.451	taxongroup_comment	Passerine__order
conj<nmod< species	2.0	0.316	taxongroup_comment	Passerine__order
compound<case> on	2.0	0.28	taxongroup_comment	Passerine__order
nsubj:pass<xcomp>obl> ...	2.0	0.196	taxongroup_comment	Passerine__order
nsubj:pass<xcomp>mark> ...	2.0	0.493	taxongroup_comment	Passerine__order
nmod:poss<amod> ...	2.0	0.178	taxongroup_comment	Passerine__order
acl:relcl>conj>cc> ...	2.0	0.373	taxongroup_comment	Passerine__order
nsubj:pass< introduce	2.0	0.516	taxongroup_comment	Passerine__order
nsubj<ccomp<nsubj> ...	2.0	0.287	taxongroup_comment	Passerine__order
nsubj<ccomp< ...	2.0	0.434	taxongroup_comment	Passerine__order
acl:relcl>conj> ...	2.0	0.349	taxongroup_comment	Passerine__order
acl:relcl>conj>nmod> ...	2.0	0.396	taxongroup_comment	Passerine__order
conj<nsubj>det> ...	2.0	0.173	taxongroup_comment	Passerine__order
nmod<nsubj<cop> ...	2.0	0.184	taxongroup_comment	Passerine__order
nmod<nsubj<det> ...	2.0	0.364	taxongroup_comment	Passerine__order
nsubj<cc> ...	2.0	0.361	taxongroup_comment	Passerine__order
appos<appos>flat> cornix	2.0	0.484	taxongroup_comment	Passerine__order
compound<compound<appos< crow	2.0	0.413	taxongroup_comment	Passerine__order
obj<parataxis<nsubj> ...	2.0	0.404	taxongroup_comment	Passerine__order
obj<parataxis< ...	2.0	0.331	taxongroup_comment	Passerine__order
nsubj:pass<advcl>obj> ...	2.0	0.214	taxongroup_comment	Passerine__order
nsubj<advcl< ...	2.0	0.349	taxongroup_comment	Passerine__order
obj<parataxis<obl> ...	2.0	0.175	taxongroup_comment	Passerine__order
nmod<nmod>compound> ...	2.0	0.386	taxongroup_comment	Passerine__order
nsubj:pass<advcl>nsubj> ...	2.0	0.259	taxongroup_comment	Passerine__order
nmod>appos>nmod> ...	2.0	0.284	taxongroup_comment	Passerine__order
conj<nsubj<mark> that	2.0	0.632	taxongroup_comment	Passerine__order
conj<det:predet> all	2.0	0.504	taxongroup_comment	Passerine__order
obj<conj> ...	2.0	0.238	taxongroup_comment	Passerine__order
nmod<obj<mark> ...	2.0	0.435	taxongroup_comment	Passerine__order
nmod<obj< ...	2.0	0.479	taxongroup_comment	Passerine__order
nmod<nsubj>amod> european	2.0	0.424	taxongroup_comment	Passerine__order
compound<compound<conj< species	2.0	0.407	taxongroup_comment	Passerine__order
appos<nsubj:pass<obl> ...	2.0	0.199	taxongroup_comment	Passerine__order
nmod<nmod<cc> ...	2.0	0.449	taxongroup_comment	Passerine__order
nmod<nmod<conj< ...	2.0	0.448	taxongroup_comment	Passerine__order
appos>appos> ...	2.0	0.229	taxongroup_comment	Passerine__order
obl<aux> have	2.0	0.31	taxongroup_comment	Passerine__order
nmod<obj<mark> to	2.0	0.444	taxongroup_comment	Passerine__order
acl>obl>case> by	2.0	0.283	taxongroup_comment	Passerine__order
nsubj:pass<obl>conj> starling	2.0	0.463	taxongroup_comment	Passerine__order
appos>conj>cc> ...	2.0	0.423	taxongroup_comment	Passerine__order
nmod<advmod<compound> ...	2.0	0.491	taxongroup_comment	Passerine__order
nsubj<obl>compound> ...	2.0	0.214	taxongroup_comment	Passerine__order
obl<nsubj:pass>compound> ...	2.0	0.344	taxongroup_comment	Passerine__order
conj<appos<goeswith> ...	2.0	0.24	taxongroup_comment	Passerine__order
nmod<conj<amod> ...	2.0	0.216	taxongroup_comment	Passerine__order
nmod<conj<conj> ...	2.0	0.248	taxongroup_comment	Passerine__order
conj> Corvus	2.0	0.823	taxongroup_comment	Passerine__order
nmod<nsubj<advcl< mediate	2.0	0.545	taxongroup_comment	Passerine__order
obl<obl>flat> ...	2.0	0.426	taxongroup_comment	Passerine__order
nmod<nsubj<mark> as	2.0	0.293	taxongroup_comment	Passerine__order
nmod<nmod<compound> ...	2.0	0.264	taxongroup_comment	Passerine__order
nmod<nsubj< breed	2.0	0.667	taxongroup_comment	Passerine__order
obj<conj>nmod> ...	2.0	0.345	taxongroup_comment	Passerine__order
appos>nmod> mile	2.0	0.41	taxongroup_comment	Passerine__order
nmod<amod> several	2.0	0.459	taxongroup_comment	Passerine__order
obj<conj>amod> ...	2.0	0.544	taxongroup_comment	Passerine__order
obl<nmod>det> ...	2.0	0.554	taxongroup_comment	Passerine__order
compound<nmod<cc> ...	2.0	0.291	taxongroup_comment	Passerine__order
conj<nsubj< sample	2.0	0.256	taxongroup_comment	Passerine__order
conj<nsubj<conj> carry	2.0	0.454	taxongroup_comment	Passerine__order
obj<acl<det> ...	2.0	0.324	taxongroup_comment	Passerine__order
compound<compound> family	2.0	0.408	taxongroup_comment	Passerine__order
obj<nsubj>nmod> ...	2.0	0.324	taxongroup_comment	Passerine__order
list> crow	2.0	0.397	taxongroup_comment	Passerine__order
obj<obl>compound> ...	2.0	0.363	taxongroup_comment	Passerine__order
obj<advcl>mark> ...	2.0	0.208	taxongroup_comment	Passerine__order
nmod>amod> square	2.0	0.486	taxongroup_comment	Passerine__order
ccomp< ...	2.0	0.148	taxongroup_comment	Passerine__order
appos>nmod>case> per	2.0	0.196	taxongroup_comment	Passerine__order
appos>nmod>amod> square	2.0	0.447	taxongroup_comment	Passerine__order
obj<advcl>obj> ...	2.0	0.435	taxongroup_comment	Passerine__order
compound>nmod>case> ...	2.0	0.41	taxongroup_comment	Passerine__order
compound>nmod> ...	2.0	0.298	taxongroup_comment	Passerine__order
conj> crow	2.0	0.803	taxongroup_comment	Passerine__order
obj<acl<case> ...	2.0	0.271	taxongroup_comment	Passerine__order
det> all	2.0	0.754	taxongroup_comment	Passerine__order
nmod<case> in	2.0	0.63	taxongroup_comment	Passerine__order
conj<nsubj<obl> crow	2.0	0.522	taxongroup_comment	Passerine__order
nsubj:pass<obl>case> on	2.0	0.649	taxongroup_comment	Passerine__order
conj<nsubj< tristis	2.0	0.272	taxongroup_comment	Passerine__order
nmod>nmod>amod> ...	2.0	0.311	taxongroup_comment	Passerine__order
conj<nsubj<obj> crow	2.0	0.299	taxongroup_comment	Passerine__order
nsubj> greenfinch	2.0	0.278	taxongroup_comment	Passerine__order
compound<acl>mark> to	2.0	0.239	taxongroup_comment	Passerine__order
compound<appos<nmod> ...	2.0	0.323	taxongroup_comment	Passerine__order
nsubj<nmod> family	2.0	0.289	taxongroup_comment	Passerine__order
conj> raven	2.0	0.756	taxongroup_comment	Passerine__order
nsubj<nmod> bird	2.0	0.446	taxongroup_comment	Passerine__order
parataxis<conj> magpie	2.0	0.377	taxongroup_comment	Passerine__order
nsubj<nmod>det> a	2.0	0.422	taxongroup_comment	Passerine__order
flat<conj> magpie	2.0	0.472	taxongroup_comment	Passerine__order
compound<conj<case> in	2.0	0.248	taxongroup_comment	Passerine__order
obl<obj>amod> ...	2.0	0.407	taxongroup_comment	Passerine__order
conj<det:predet> ...	2.0	0.457	taxongroup_comment	Passerine__order
obl<obj>compound> ...	2.0	0.152	taxongroup_comment	Passerine__order
obl<conj>advmod> ...	2.0	0.527	taxongroup_comment	Passerine__order
nsubj<conj>obl> ...	2.0	0.317	taxongroup_comment	Passerine__order
conj<nsubj<conj< moneduloides	2.0	0.542	taxongroup_comment	Passerine__order
obj<acl:relcl<det> ...	2.0	0.331	taxongroup_comment	Passerine__order
conj> bird	2.0	0.674	taxongroup_comment	Passerine__order
conj<nmod>case> orrough	2.0	0.49	taxongroup_comment	Passerine__order
advcl<nsubj>amod> ...	2.0	0.439	taxongroup_comment	Passerine__order
obj<acl:relcl<nsubj< ...	2.0	0.228	taxongroup_comment	Passerine__order
conj<nsubj<ccomp< ...	2.0	0.351	taxongroup_comment	Passerine__order
conj<nmod>compound> Forest	2.0	0.475	taxongroup_comment	Passerine__order
conj<nsubj<mark> ...	2.0	0.529	taxongroup_comment	Passerine__order
conj<nmod> raven	2.0	0.387	taxongroup_comment	Passerine__order
conj<conj>case> tasmanicus	2.0	0.348	taxongroup_comment	Passerine__order
nsubj<nmod>compound> finch	2.0	0.438	taxongroup_comment	Passerine__order
compound<det> a	2.0	0.689	taxongroup_comment	Passerine__order
nmod<mark> ...	2.0	0.483	taxongroup_comment	Passerine__order
appos<nsubj<cop> be	2.0	0.415	taxongroup_comment	Passerine__order
appos<list<flat> ...	2.0	0.334	taxongroup_comment	Passerine__order
conj>obl>case> ...	2.0	0.416	taxongroup_comment	Passerine__order
appos<obl>case> ...	2.0	0.266	taxongroup_comment	Passerine__order
nmod<case> on	2.0	0.576	taxongroup_comment	Passerine__order
nsubj:pass<advmod> often	2.0	0.519	taxongroup_comment	Passerine__order
nmod<nmod>case> of	2.0	0.356	taxongroup_comment	Passerine__order
appos> behaviour	2.0	0.534	taxongroup_comment	Passerine__order
conj>nmod> ...	2.0	0.521	taxongroup_comment	Passerine__order
appos>conj>cc> and	2.0	0.532	taxongroup_comment	Passerine__order
appos>conj> ecology	2.0	0.371	taxongroup_comment	Passerine__order
nmod<advcl>obj> ...	2.0	0.229	taxongroup_comment	Passerine__order
nmod<advcl> ...	2.0	0.208	taxongroup_comment	Passerine__order
nmod<advcl>nsubj> ...	2.0	0.272	taxongroup_comment	Passerine__order
nmod<advcl>mark> ...	2.0	0.424	taxongroup_comment	Passerine__order
appos<nsubj<det> a	2.0	0.181	taxongroup_comment	Passerine__order
appos<nsubj<compound> passerine	2.0	0.396	taxongroup_comment	Passerine__order
appos<nsubj< bird	2.0	0.244	taxongroup_comment	Passerine__order
compound<nmod>case> in	2.0	0.486	taxongroup_comment	Passerine__order
conj>nmod>case> ...	2.0	0.434	taxongroup_comment	Passerine__order
conj>nummod> ...	2.0	0.387	taxongroup_comment	Passerine__order
acl>obl>flat> ...	2.0	0.635	taxongroup_comment	Passerine__order
compound<appos<cc> ...	2.0	0.411	taxongroup_comment	Passerine__order
acl:relcl>cop> ...	2.0	0.297	taxongroup_comment	Passerine__order
compound<appos<conj< ...	2.0	0.159	taxongroup_comment	Passerine__order
conj<mark> ...	2.0	0.378	taxongroup_comment	Passerine__order
obl> ...	2.0	0.326	taxongroup_comment	Passerine__order
flat<flat>compound> ...	2.0	0.406	taxongroup_comment	Passerine__order
obj<mark> of	2.0	0.472	taxongroup_comment	Passerine__order
obl>det> ...	2.0	0.34	taxongroup_comment	Passerine__order
flat<conj>cc> ...	2.0	0.22	taxongroup_comment	Passerine__order
obl>case> ...	2.0	0.355	taxongroup_comment	Passerine__order
flat> warbler	2.0	0.241	taxongroup_comment	Passerine__order
nsubj<obl>appos> crow	2.0	0.378	taxongroup_comment	Passerine__order
mark> ...	2.0	0.305	taxongroup_comment	Passerine__order
appos<appos> hawaiiensis	2.0	0.503	taxongroup_comment	Passerine__order
obl<nsubj>appos> ...	2.0	0.322	taxongroup_comment	Passerine__order
obl<nsubj>nmod> ...	2.0	0.15	taxongroup_comment	Passerine__order
compound<conj< Chloris	2.0	0.486	taxongroup_comment	Passerine__order
compound<conj<obj< rosefinch	2.0	0.538	taxongroup_comment	Passerine__order
appos<obl<obj> ...	2.0	0.306	taxongroup_comment	Passerine__order
nmod<nmod:poss> ...	2.0	0.414	taxongroup_comment	Passerine__order
appos<appos>compound> Corvus	2.0	0.338	taxongroup_comment	Passerine__order
compound<appos<appos> crow	2.0	0.316	taxongroup_comment	Passerine__order
appos<obl<nsubj> ...	2.0	0.141	taxongroup_comment	Passerine__order
nsubj<obl>case> with	2.0	0.815	taxongroup_comment	Passerine__order
appos<appos>compound> species	2.0	0.27	taxongroup_comment	Passerine__order
appos<amod> bill	2.0	0.469	taxongroup_comment	Passerine__order
appos<amod>obl:npmod> White	2.0	0.583	taxongroup_comment	Passerine__order
appos<case> validus	2.0	0.271	taxongroup_comment	Passerine__order
appos<appos>amod> Corvus	2.0	0.234	taxongroup_comment	Passerine__order
nsubj:pass< associate	2.0	0.435	taxongroup_comment	Passerine__order
compound<conj<conj> greenfinch	2.0	0.507	taxongroup_comment	Passerine__order
appos<appos> tropicus	2.0	0.506	taxongroup_comment	Passerine__order
conj>obl> ...	2.0	0.344	taxongroup_comment	Passerine__order
nsubj<advcl>mark> to	2.0	0.528	taxongroup_comment	Passerine__order
nmod<conj<det> a	2.0	0.536	taxongroup_comment	Passerine__order
compound<conj<conj> species	2.0	0.435	taxongroup_comment	Passerine__order
appos<amod>obl:npmod> ...	2.0	0.583	taxongroup_comment	Passerine__order
compound<conj<conj> Linurgus	2.0	0.419	taxongroup_comment	Passerine__order
appos<appos>nmod> wild	2.0	0.395	taxongroup_comment	Passerine__order
obj<obl>amod> ...	2.0	0.152	taxongroup_comment	Passerine__order
obj<acl:relcl<compound> ...	2.0	0.235	taxongroup_comment	Passerine__order
obj<acl:relcl<amod> ...	2.0	0.228	taxongroup_comment	Passerine__order
compound<conj<conj> Rhodospiza	2.0	0.327	taxongroup_comment	Passerine__order
compound<flat<flat> crow	2.0	0.375	taxongroup_comment	Passerine__order
appos<obl<obj> crow	2.0	0.486	taxongroup_comment	Passerine__order
appos<obl< tristis	2.0	0.344	taxongroup_comment	Passerine__order
appos<conj>compound> Relict	2.0	0.423	taxongroup_comment	Passerine__order
appos<conj>cc> boreus	2.0	0.469	taxongroup_comment	Passerine__order
appos<conj>compound> grey	2.0	0.432	taxongroup_comment	Passerine__order
appos<nsubj< tristis	2.0	0.475	taxongroup_comment	Passerine__order
nsubj:pass<obl>case> by	2.0	0.667	taxongroup_comment	Passerine__order
nsubj:pass<obl>det> a	2.0	0.581	taxongroup_comment	Passerine__order
appos<nsubj<obj> crow	2.0	0.402	taxongroup_comment	Passerine__order
compound>amod> ...	2.0	0.442	taxongroup_comment	Passerine__order
appos<nsubj<obl> crow	2.0	0.368	taxongroup_comment	Passerine__order
nsubj< have	2.0	0.891	taxongroup_comment	Passerine__order
appos<obl<conj< moneduloides	2.0	0.377	taxongroup_comment	Passerine__order
nmod<appos>amod> ...	2.0	0.189	taxongroup_comment	Passerine__order
acl:relcl>obl>conj> ...	2.0	0.151	taxongroup_comment	Passerine__order
compound<conj> ...	2.0	0.393	taxongroup_comment	Passerine__order
compound<conj>cc> ...	2.0	0.309	taxongroup_comment	Passerine__order
obl<conj>aux> ...	2.0	0.388	taxongroup_comment	Passerine__order
appos<conj>appos> tasmanicus	2.0	0.486	taxongroup_comment	Passerine__order
nmod<nmod<case> ...	2.0	0.269	taxongroup_comment	Passerine__order
appos<obl<nsubj> crow	2.0	0.169	taxongroup_comment	Passerine__order
appos<conj>case> tasmanicus	2.0	0.479	taxongroup_comment	Passerine__order
parataxis<advcl> ...	2.0	0.332	taxongroup_comment	Passerine__order
conj<obj<parataxis< ...	2.0	0.559	taxongroup_comment	Passerine__order
appos<nsubj<conj< moneduloides	2.0	0.492	taxongroup_comment	Passerine__order
appos<amod> Torresian	2.0	0.458	taxongroup_comment	Passerine__order
nsubj<advmod> not	2.0	0.728	taxongroup_comment	Passerine__order
appos<nmod>case> orrough	2.0	0.414	taxongroup_comment	Passerine__order
appos<nmod>compound> Forest	2.0	0.551	taxongroup_comment	Passerine__order
appos<nmod> raven	2.0	0.333	taxongroup_comment	Passerine__order
nmod:poss<obl< ...	2.0	0.429	taxongroup_comment	Passerine__order
appos<csubj>obl> ...	2.0	0.515	taxongroup_comment	Passerine__order
nmod:poss<case> ...	2.0	0.39	taxongroup_comment	Passerine__order
conj<case>fixed> as	2.0	0.5	taxongroup_comment	Passerine__order
nmod>nmod>case> in	2.0	0.504	taxongroup_comment	Passerine__order
nsubj<conj>det> a	2.0	0.278	taxongroup_comment	Passerine__order
conj<case> such	2.0	0.364	taxongroup_comment	Passerine__order
nmod<conj>compound> ...	2.0	0.386	taxongroup_comment	Passerine__order
acl:relcl>obl>nmod> ...	2.0	0.303	taxongroup_comment	Passerine__order
nmod<xcomp< ...	2.0	0.394	taxongroup_comment	Passerine__order
compound<compound<appos< ...	2.0	0.413	taxongroup_comment	Passerine__order
appos<nsubj<obl> ...	2.0	0.321	taxongroup_comment	Passerine__order
nmod<obl<advmod> ...	2.0	0.243	taxongroup_comment	Passerine__order
compound<conj<obj< ...	2.0	0.516	taxongroup_comment	Passerine__order
appos<conj>appos> ...	2.0	0.595	taxongroup_comment	Passerine__order
appos<conj>case> ...	2.0	0.212	taxongroup_comment	Passerine__order
appos<nmod>compound> ...	2.0	0.316	taxongroup_comment	Passerine__order
appos<nsubj<conj< ...	2.0	0.421	taxongroup_comment	Passerine__order
appos<appos>flat> ...	2.0	0.425	taxongroup_comment	Passerine__order
nsubj:pass<advcl>xcomp> ...	2.0	0.524	taxongroup_comment	Passerine__order
nmod<nsubj<cop> be	2.0	0.184	taxongroup_comment	Passerine__order
nmod<nsubj<det> the	2.0	0.343	taxongroup_comment	Passerine__order
conj>appos>flat> ...	2.0	0.476	taxongroup_comment	Passerine__order
list<list> ...	2.0	0.333	taxongroup_comment	Passerine__order
list<list>compound> ...	2.0	0.25	taxongroup_comment	Passerine__order
compound<compound>compound> ...	2.0	0.479	taxongroup_comment	Passerine__order
obl<conj>acl> ...	2.0	0.289	taxongroup_comment	Passerine__order
list<compound> ...	2.0	0.252	taxongroup_comment	Passerine__order
acl:relcl>obl>case> throughout	2.0	0.367	taxongroup_comment	Passerine__order
obj<nsubj>appos> Corvus	2.0	0.534	taxongroup_comment	Passerine__order
conj<flat> crow	2.0	0.172	taxongroup_comment	Passerine__order
obj< take	2.0	0.427	taxongroup_comment	Passerine__order
nsubj>compound> wood	2.0	0.603	taxongroup_comment	Passerine__order
nsubj> warbler	2.0	0.295	taxongroup_comment	Passerine__order
nsubj>appos>compound> Phylloscopus	2.0	0.376	taxongroup_comment	Passerine__order
appos<list>compound> ...	2.0	0.397	taxongroup_comment	Passerine__order
compound<nmod>conj> ...	2.0	0.276	taxongroup_comment	Passerine__order
compound< warbler	2.0	0.591	taxongroup_comment	Passerine__order
acl:relcl>conj>cc> and	2.0	0.373	taxongroup_comment	Passerine__order
list<appos>compound> ...	2.0	0.118	taxongroup_comment	Passerine__order
nmod<xcomp<advcl< ...	2.0	0.356	taxongroup_comment	Passerine__order
nmod<amod> many	2.0	0.444	taxongroup_comment	Passerine__order
nmod<nmod> Britain	2.0	0.485	taxongroup_comment	Passerine__order
list<conj>cc> ...	2.0	0.394	taxongroup_comment	Passerine__order
compound<flat<flat> ...	2.0	0.343	taxongroup_comment	Passerine__order
nsubj<nmod> goldfinch	2.0	0.403	taxongroup_comment	Passerine__order
conj<obl>det> ...	2.0	0.351	taxongroup_comment	Passerine__order
nsubj< bird	2.0	0.912	taxongroup_comment	Passerine__order
nsubj<conj> Asia	2.0	0.526	taxongroup_comment	Passerine__order
obl<ccomp< ...	2.0	0.368	taxongroup_comment	Passerine__order
nsubj<conj>amod> central	2.0	0.59	taxongroup_comment	Passerine__order
obl<ccomp<nsubj> ...	2.0	0.346	taxongroup_comment	Passerine__order
acl:relcl>obj>det> ...	2.0	0.359	taxongroup_comment	Passerine__order
nsubj<acl:relcl>obl> Europe	2.0	0.316	taxongroup_comment	Passerine__order
flat<flat> crow	2.0	0.6	taxongroup_comment	Passerine__order
acl>obj>nmod:poss> ...	2.0	0.538	taxongroup_comment	Passerine__order
flat<flat> Bougainville	2.0	0.524	taxongroup_comment	Passerine__order
acl:relcl>obj>det> the	2.0	0.373	taxongroup_comment	Passerine__order
cc>fixed> ...	2.0	0.327	taxongroup_comment	Passerine__order
obj<obl>appos> crow	2.0	0.32	taxongroup_comment	Passerine__order
acl> know	2.0	0.494	taxongroup_comment	Passerine__order
acl>obl>case> as	2.0	0.298	taxongroup_comment	Passerine__order
compound<conj<conj> warbler	2.0	0.571	taxongroup_comment	Passerine__order
compound<appos< finch	2.0	0.565	taxongroup_comment	Passerine__order
nsubj<nmod>case> for	2.0	0.342	taxongroup_comment	Passerine__order
conj<appos>compound> Carduelis	2.0	0.445	taxongroup_comment	Passerine__order
flat< Bismarck	2.0	0.274	taxongroup_comment	Passerine__order
flat<conj>cc> Corvus	2.0	0.22	taxongroup_comment	Passerine__order
appos<obj< ...	2.0	0.212	taxongroup_comment	Passerine__order
nmod<nmod>case> with	2.0	0.391	taxongroup_comment	Passerine__order
nsubj<amod> Latin	2.0	0.252	taxongroup_comment	Passerine__order
obl<nsubj>appos> Corvus	2.0	0.347	taxongroup_comment	Passerine__order
nmod< group	2.0	0.477	taxongroup_comment	Passerine__order
appos<obj<nsubj> ...	2.0	0.398	taxongroup_comment	Passerine__order
nmod<conj<obl> ...	2.0	0.515	taxongroup_comment	Passerine__order
flat<conj>amod> Brown	2.0	0.287	taxongroup_comment	Passerine__order
compound<case> of	2.0	0.088	taxongroup_comment	Passerine__order
flat<conj>amod> head	2.0	0.353	taxongroup_comment	Passerine__order
compound<nmod>det> a	2.0	0.406	taxongroup_comment	Passerine__order
flat<flat>compound> Corvus	2.0	0.431	taxongroup_comment	Passerine__order
nmod>case> to	2.0	0.988	taxongroup_comment	Passerine__order
list<appos>amod> ...	2.0	0.37	taxongroup_comment	Passerine__order
conj<nsubj<obl> ...	2.0	0.241	taxongroup_comment	Passerine__order
nsubj<aux> may	2.0	0.564	taxongroup_comment	Passerine__order
nmod<nmod<cc> and	2.0	0.486	taxongroup_comment	Passerine__order
compound>conj> magpie	2.0	0.269	taxongroup_comment	Passerine__order
appos<nsubj<acl:relcl> ...	2.0	0.438	taxongroup_comment	Passerine__order
nmod<amod> Latin	2.0	0.401	taxongroup_comment	Passerine__order
acl>obl>det> the	2.0	0.359	taxongroup_comment	Passerine__order
appos<nsubj<compound> ...	2.0	0.289	taxongroup_comment	Passerine__order
appos<nsubj<amod> ...	2.0	0.278	taxongroup_comment	Passerine__order
appos<nsubj<det> ...	2.0	0.181	taxongroup_comment	Passerine__order
nmod<nsubj<advcl< ...	2.0	0.465	taxongroup_comment	Passerine__order
nmod<nsubj<mark> ...	2.0	0.196	taxongroup_comment	Passerine__order
nsubj>conj>amod> ...	2.0	0.333	taxongroup_comment	Passerine__order
nsubj<cc> and	2.0	0.384	taxongroup_comment	Passerine__order
appos<nsubj<cop> ...	2.0	0.415	taxongroup_comment	Passerine__order
nmod<conj<case> ...	2.0	0.288	taxongroup_comment	Passerine__order
obj<aux> ...	2.0	0.451	taxongroup_comment	Passerine__order
appos>nmod>amod> ...	2.0	0.447	taxongroup_comment	Passerine__order
nmod<obl<cc> ...	2.0	0.294	taxongroup_comment	Passerine__order
compound<nmod<obl< ...	2.0	0.312	taxongroup_comment	Passerine__order
appos<det> a	2.0	0.446	taxongroup_comment	Passerine__order
nsubj:pass<xcomp>mark> to	2.0	0.493	taxongroup_comment	Passerine__order
nmod<obl<obj> ...	2.0	0.418	taxongroup_comment	Passerine__order
nmod<obl<aux> ...	2.0	0.262	taxongroup_comment	Passerine__order
compound<obl<obl> ...	2.0	0.382	taxongroup_comment	Passerine__order
amod>obl>case> ...	2.0	0.505	taxongroup_comment	Passerine__order
compound<obl<aux:pass> ...	2.0	0.259	taxongroup_comment	Passerine__order
compound<obl<acl< ...	2.0	0.222	taxongroup_comment	Passerine__order
obl<advcl< ...	2.0	0.503	taxongroup_comment	Passerine__order
compound<compound<amod> ...	2.0	0.494	taxongroup_comment	Passerine__order
appos<obj>appos> Pica	2.0	0.793	taxongroup_comment	Passerine__order
appos<nmod<appos> ...	2.0	0.283	taxongroup_comment	Passerine__order
appos<nmod<amod> ...	2.0	0.281	taxongroup_comment	Passerine__order
conj<compound< crow	1.0	0.358	taxongroup_comment	Passerine__order
conj> rook	1.0	0.801	taxongroup_comment	Passerine__order
conj<compound<conj> species	1.0	0.449	taxongroup_comment	Passerine__order
advcl>obl>case> in	1.0	0.488	taxongroup_comment	Passerine__order
obj<nsubj> crow	1.0	0.465	taxongroup_comment	Passerine__order
amod>cop> be	1.0	0.36	taxongroup_comment	Passerine__order
conj<obl>det> the	1.0	0.352	taxongroup_comment	Passerine__order
conj<obl> bird	1.0	0.416	taxongroup_comment	Passerine__order
compound>conj> crow	1.0	0.307	taxongroup_comment	Passerine__order
conj<nmod>det> a	1.0	0.177	taxongroup_comment	Passerine__order
obl<nsubj>det> a	1.0	0.424	taxongroup_comment	Passerine__order
conj<nmod>case> to	1.0	0.595	taxongroup_comment	Passerine__order
acl>obl>case> from	1.0	0.375	taxongroup_comment	Passerine__order
obl<nsubj:pass<aux:pass> be	1.0	0.359	taxongroup_comment	Passerine__order
obl<nsubj:pass<aux> have	1.0	0.298	taxongroup_comment	Passerine__order
conj>cc> Corvus	1.0	0.809	taxongroup_comment	Passerine__order
list< Corvus	1.0	0.574	taxongroup_comment	Passerine__order
amod>obl:npmod> short	1.0	0.315	taxongroup_comment	Passerine__order
compound>compound> Corvus	1.0	0.341	taxongroup_comment	Passerine__order
obl<conj>det> the	1.0	0.523	taxongroup_comment	Passerine__order
nsubj<case> in	1.0	0.4	taxongroup_comment	Passerine__order
obl<conj>cop> be	1.0	0.574	taxongroup_comment	Passerine__order
obl<conj>aux:pass> be	1.0	0.42	taxongroup_comment	Passerine__order
obl<conj>aux> have	1.0	0.3	taxongroup_comment	Passerine__order
nsubj<aux> have	1.0	0.553	taxongroup_comment	Passerine__order
nsubj<advcl>mark> while	1.0	0.633	taxongroup_comment	Passerine__order
nmod<case> by	1.0	0.642	taxongroup_comment	Passerine__order
appos<obj< have	1.0	0.568	taxongroup_comment	Passerine__order
obj<acl:relcl<det> a	1.0	0.301	taxongroup_comment	Passerine__order
nmod< member	1.0	0.455	taxongroup_comment	Passerine__order
nmod>nmod>case> of	1.0	0.583	taxongroup_comment	Passerine__order
compound<appos>det> the	1.0	0.308	taxongroup_comment	Passerine__order
nsubj<advmod> occasionally	1.0	0.664	taxongroup_comment	Passerine__order
nsubj<parataxis>aux> have	1.0	0.209	taxongroup_comment	Passerine__order
obj<advcl<cop> be	1.0	0.303	taxongroup_comment	Passerine__order
nmod:poss<obl< place	1.0	0.492	taxongroup_comment	Passerine__order
obj< kill	1.0	0.345	taxongroup_comment	Passerine__order
obj<nsubj> which	1.0	0.477	taxongroup_comment	Passerine__order
compound>amod> common	1.0	0.564	taxongroup_comment	Passerine__order
conj>compound> wood	1.0	0.377	taxongroup_comment	Passerine__order
nsubj<parataxis>aux:pass> be	1.0	0.411	taxongroup_comment	Passerine__order
obj<acl:relcl<det> the	1.0	0.366	taxongroup_comment	Passerine__order
obj<obl>case> during	1.0	0.238	taxongroup_comment	Passerine__order
conj<compound> water	1.0	0.305	taxongroup_comment	Passerine__order
conj<conj>cc> atyphus	1.0	0.609	taxongroup_comment	Passerine__order
conj<obj< ree	1.0	0.397	taxongroup_comment	Passerine__order
conj<conj>nmod:poss> agricola	1.0	0.295	taxongroup_comment	Passerine__order
conj<amod> ree	1.0	0.663	taxongroup_comment	Passerine__order
compound<nmod<det> the	1.0	0.329	taxongroup_comment	Passerine__order
appos>nmod>det> the	1.0	0.187	taxongroup_comment	Passerine__order
appos>nmod>case> in	1.0	0.187	taxongroup_comment	Passerine__order
obl<nsubj> crow	1.0	0.521	taxongroup_comment	Passerine__order
appos<case> to	1.0	0.573	taxongroup_comment	Passerine__order
appos>compound> Corvus	1.0	0.39	taxongroup_comment	Passerine__order
appos>compound>compound> Corvus	1.0	0.256	taxongroup_comment	Passerine__order
appos<case> for	1.0	0.622	taxongroup_comment	Passerine__order
nmod<nmod< one	1.0	0.564	taxongroup_comment	Passerine__order
nmod<nmod<case> as	1.0	0.318	taxongroup_comment	Passerine__order
nmod:poss< call	1.0	0.184	taxongroup_comment	Passerine__order
nmod:poss<obl<aux:pass> be	1.0	0.673	taxongroup_comment	Passerine__order
flat< Genus	1.0	0.211	taxongroup_comment	Passerine__order
nsubj>conj>cc> and	1.0	0.427	taxongroup_comment	Passerine__order
obl<advcl<mark> to	1.0	0.438	taxongroup_comment	Passerine__order
acl:relcl>obl>case> from	1.0	0.455	taxongroup_comment	Passerine__order
nsubj:pass<advcl>cop> be	1.0	0.518	taxongroup_comment	Passerine__order
nmod<conj<appos> ...	1.0	0.338	taxongroup_comment	Passerine__order
conj>appos>compound> ...	1.0	0.237	taxongroup_comment	Passerine__order
conj<obl<ccomp< ...	1.0	0.49	taxongroup_comment	Passerine__order
conj<obl<mark> ...	1.0	0.351	taxongroup_comment	Passerine__order
conj<obl<nsubj> ...	1.0	0.276	taxongroup_comment	Passerine__order
conj<obl<cop> ...	1.0	0.425	taxongroup_comment	Passerine__order
conj<obl<advmod> ...	1.0	0.329	taxongroup_comment	Passerine__order
conj<obl< ...	1.0	0.33	taxongroup_comment	Passerine__order
appos<conj>advmod> ...	1.0	0.266	taxongroup_comment	Passerine__order
appos<conj>det> ...	1.0	0.406	taxongroup_comment	Passerine__order
appos<nsubj<nmod> ...	1.0	0.205	taxongroup_comment	Passerine__order
conj<advcl<nsubj:pass> ...	1.0	0.441	taxongroup_comment	Passerine__order
conj<advcl<aux:pass> ...	1.0	0.263	taxongroup_comment	Passerine__order
conj<advcl< ...	1.0	0.257	taxongroup_comment	Passerine__order
conj<obj>det> ...	1.0	0.352	taxongroup_comment	Passerine__order
conj<obj>amod> ...	1.0	0.339	taxongroup_comment	Passerine__order
compound<nmod<acl:relcl> ...	1.0	0.211	taxongroup_comment	Passerine__order
obl<xcomp< ...	1.0	0.498	taxongroup_comment	Passerine__order
compound<obj<acl< ...	1.0	0.231	taxongroup_comment	Passerine__order
obl<xcomp<aux:pass> ...	1.0	0.31	taxongroup_comment	Passerine__order
compound<conj>det> ...	1.0	0.319	taxongroup_comment	Passerine__order
compound<conj>nmod> ...	1.0	0.174	taxongroup_comment	Passerine__order
nmod<nsubj<obj> ...	1.0	0.348	taxongroup_comment	Passerine__order
nmod<nsubj<nmod> ...	1.0	0.406	taxongroup_comment	Passerine__order
nmod<nsubj<ccomp> ...	1.0	0.481	taxongroup_comment	Passerine__order
acl>conj>cc> ...	1.0	0.391	taxongroup_comment	Passerine__order
acl>conj> ...	1.0	0.315	taxongroup_comment	Passerine__order
obl<xcomp<nsubj:pass> ...	1.0	0.266	taxongroup_comment	Passerine__order
conj<obj>conj> ...	1.0	0.187	taxongroup_comment	Passerine__order
compound<obl<conj< ...	1.0	0.316	taxongroup_comment	Passerine__order
compound<obl<cc> ...	1.0	0.332	taxongroup_comment	Passerine__order
compound<obl<conj> ...	1.0	0.504	taxongroup_comment	Passerine__order
nmod>nmod>conj> ...	1.0	0.373	taxongroup_comment	Passerine__order
conj>xcomp>mark> ...	1.0	0.538	taxongroup_comment	Passerine__order
conj>xcomp> ...	1.0	0.446	taxongroup_comment	Passerine__order
conj>xcomp>obl> ...	1.0	0.145	taxongroup_comment	Passerine__order
nmod<conj<nsubj> ...	1.0	0.266	taxongroup_comment	Passerine__order
nmod<conj<cop> ...	1.0	0.355	taxongroup_comment	Passerine__order
acl:relcl>nsubj>det> ...	1.0	0.427	taxongroup_comment	Passerine__order
conj<nmod<obj< ...	1.0	0.654	taxongroup_comment	Passerine__order
conj<nmod<det> ...	1.0	0.569	taxongroup_comment	Passerine__order
compound<compound<compound> ...	1.0	0.305	taxongroup_comment	Passerine__order
appos<amod>advmod> ...	1.0	0.231	taxongroup_comment	Passerine__order
appos<obj<obl> ...	1.0	0.375	taxongroup_comment	Passerine__order
nsubj<ccomp<parataxis< ...	1.0	0.626	taxongroup_comment	Passerine__order
list>compound>compound> ...	1.0	0.545	taxongroup_comment	Passerine__order
nmod<obj<xcomp< ...	1.0	0.22	taxongroup_comment	Passerine__order
compound<nmod<nummod> ...	1.0	0.316	taxongroup_comment	Passerine__order
nmod<nsubj>conj> ...	1.0	0.186	taxongroup_comment	Passerine__order
nsubj<appos>nummod> ...	1.0	0.418	taxongroup_comment	Passerine__order
nmod<obl<acl:relcl< ...	1.0	0.217	taxongroup_comment	Passerine__order
nmod<obl<cop> ...	1.0	0.473	taxongroup_comment	Passerine__order
nmod<obl<conj< ...	1.0	0.217	taxongroup_comment	Passerine__order
case>fixed> ...	1.0	0.477	taxongroup_comment	Passerine__order
nmod<nmod<advmod> ...	1.0	0.36	taxongroup_comment	Passerine__order
nmod<nmod<cop> ...	1.0	0.282	taxongroup_comment	Passerine__order
conj>amod>obl:npmod> ...	1.0	0.414	taxongroup_comment	Passerine__order
acl>obl>conj> ...	1.0	0.304	taxongroup_comment	Passerine__order
nmod<nmod<nummod> ...	1.0	0.231	taxongroup_comment	Passerine__order
nmod<nmod<nmod> ...	1.0	0.452	taxongroup_comment	Passerine__order
compound<obj<mark> ...	1.0	0.447	taxongroup_comment	Passerine__order
nsubj<advcl<obl> ...	1.0	0.45	taxongroup_comment	Passerine__order
advcl<nsubj> ...	1.0	0.41	taxongroup_comment	Passerine__order
acl:relcl>aux> ...	1.0	0.343	taxongroup_comment	Passerine__order
compound<obl<nsubj> ...	1.0	0.405	taxongroup_comment	Passerine__order
compound<obl<obj> ...	1.0	0.337	taxongroup_comment	Passerine__order
nmod<nsubj>nmod:poss> ...	1.0	0.386	taxongroup_comment	Passerine__order
acl:relcl>obj>amod> ...	1.0	0.431	taxongroup_comment	Passerine__order
nmod<parataxis> ...	1.0	0.268	taxongroup_comment	Passerine__order
compound>appos>nummod> ...	1.0	0.121	taxongroup_comment	Passerine__order
appos<advcl>mark> ...	1.0	0.281	taxongroup_comment	Passerine__order
appos<advcl> ...	1.0	0.195	taxongroup_comment	Passerine__order
appos<nsubj>det> ...	1.0	0.369	taxongroup_comment	Passerine__order
advcl< ...	1.0	0.562	taxongroup_comment	Passerine__order
nsubj<conj>advmod> ...	1.0	0.623	taxongroup_comment	Passerine__order
obl<obj>conj> ...	1.0	0.303	taxongroup_comment	Passerine__order
conj<advcl>nsubj> ...	1.0	0.359	taxongroup_comment	Passerine__order
appos<nsubj<advmod> ...	1.0	0.501	taxongroup_comment	Passerine__order
appos<nsubj<xcomp> ...	1.0	0.499	taxongroup_comment	Passerine__order
compound<appos<advmod> ...	1.0	0.328	taxongroup_comment	Passerine__order
conj>nmod>amod> ...	1.0	0.539	taxongroup_comment	Passerine__order
conj>flat> ...	1.0	0.282	taxongroup_comment	Passerine__order
nsubj:pass<parataxis<nsubj> ...	1.0	0.228	taxongroup_comment	Passerine__order
nsubj:pass<parataxis< ...	1.0	0.43	taxongroup_comment	Passerine__order
nsubj:pass<parataxis<obj> ...	1.0	0.216	taxongroup_comment	Passerine__order
nsubj:pass<parataxis<obl> ...	1.0	0.29	taxongroup_comment	Passerine__order
compound<appos<list> ...	1.0	0.324	taxongroup_comment	Passerine__order
compound<appos<compound< ...	1.0	0.453	taxongroup_comment	Passerine__order
nmod<conj>conj> ...	1.0	0.433	taxongroup_comment	Passerine__order
nmod<nmod>conj> ...	1.0	0.406	taxongroup_comment	Passerine__order
obj<nsubj>det> ...	1.0	0.27	taxongroup_comment	Passerine__order
obj<obl>det> ...	1.0	0.522	taxongroup_comment	Passerine__order
appos<nsubj>amod> ...	1.0	0.312	taxongroup_comment	Passerine__order
appos<csubj> ...	1.0	0.208	taxongroup_comment	Passerine__order
obj<acl:relcl<obj< ...	1.0	0.331	taxongroup_comment	Passerine__order
obj<acl<nmod< ...	1.0	0.207	taxongroup_comment	Passerine__order
obj<xcomp>mark> ...	1.0	0.216	taxongroup_comment	Passerine__order
obj<xcomp> ...	1.0	0.326	taxongroup_comment	Passerine__order
obl<advcl<compound> ...	1.0	0.374	taxongroup_comment	Passerine__order
conj>aux:pass> ...	1.0	0.254	taxongroup_comment	Passerine__order
conj>obl>acl> ...	1.0	0.299	taxongroup_comment	Passerine__order
obj<advcl<acl< ...	1.0	0.198	taxongroup_comment	Passerine__order
conj<obj<conj> ...	1.0	0.373	taxongroup_comment	Passerine__order
nmod<conj>advmod> ...	1.0	0.438	taxongroup_comment	Passerine__order
conj<nmod<nsubj< ...	1.0	0.56	taxongroup_comment	Passerine__order
nmod>compound>compound> ...	1.0	0.183	taxongroup_comment	Passerine__order
nsubj<advcl<nsubj> ...	1.0	0.42	taxongroup_comment	Passerine__order
nsubj<advcl<cop> ...	1.0	0.379	taxongroup_comment	Passerine__order
nsubj<conj>aux:pass> ...	1.0	0.636	taxongroup_comment	Passerine__order
obl<obl>amod> ...	1.0	0.275	taxongroup_comment	Passerine__order
obl<obl>conj> ...	1.0	0.319	taxongroup_comment	Passerine__order
parataxis<advcl>obl> ...	1.0	0.195	taxongroup_comment	Passerine__order
parataxis<nsubj> ...	1.0	0.497	taxongroup_comment	Passerine__order
parataxis<cop> ...	1.0	0.377	taxongroup_comment	Passerine__order
parataxis<advcl>mark> ...	1.0	0.46	taxongroup_comment	Passerine__order
parataxis<conj>cc> ...	1.0	0.314	taxongroup_comment	Passerine__order
parataxis<conj>det> ...	1.0	0.335	taxongroup_comment	Passerine__order
compound<flat< ...	1.0	0.365	taxongroup_comment	Passerine__order
appos<nsubj<ccomp< ...	1.0	0.402	taxongroup_comment	Passerine__order
conj<xcomp< ...	1.0	0.521	taxongroup_comment	Passerine__order
nsubj<nmod>conj> ...	1.0	0.19	taxongroup_comment	Passerine__order
nsubj<nsubj< ...	1.0	0.256	taxongroup_comment	Passerine__order
appos<nmod>appos> ...	1.0	0.386	taxongroup_comment	Passerine__order
acl:relcl>obj>nmod> ...	1.0	0.361	taxongroup_comment	Passerine__order
flat<appos<amod> ...	1.0	0.359	taxongroup_comment	Passerine__order
flat<appos< ...	1.0	0.419	taxongroup_comment	Passerine__order
flat<compound>amod> ...	1.0	0.271	taxongroup_comment	Passerine__order
flat<compound> ...	1.0	0.303	taxongroup_comment	Passerine__order
compound<conj<appos> ...	1.0	0.353	taxongroup_comment	Passerine__order
appos<nmod<obl< ...	1.0	0.308	taxongroup_comment	Passerine__order
appos<obl<cc> ...	1.0	0.454	taxongroup_comment	Passerine__order
nsubj<parataxis>obl> ...	1.0	0.3	taxongroup_comment	Passerine__order
obj<xcomp<mark> ...	1.0	0.236	taxongroup_comment	Passerine__order
obj<acl:relcl<case> ...	1.0	0.188	taxongroup_comment	Passerine__order
compound<appos>det> ...	1.0	0.308	taxongroup_comment	Passerine__order
obj<advcl<cop> ...	1.0	0.303	taxongroup_comment	Passerine__order
acl>obj>nummod> ...	1.0	0.394	taxongroup_comment	Passerine__order
nsubj<parataxis>aux> ...	1.0	0.207	taxongroup_comment	Passerine__order
nsubj<parataxis>aux:pass> ...	1.0	0.411	taxongroup_comment	Passerine__order
amod>nsubj> ...	1.0	0.357	taxongroup_comment	Passerine__order
amod>cop> ...	1.0	0.36	taxongroup_comment	Passerine__order
conj<conj>acl> ...	1.0	0.419	taxongroup_comment	Passerine__order
acl>obl>appos> ...	1.0	0.3	taxongroup_comment	Passerine__order
appos>appos>compound> ...	1.0	0.226	taxongroup_comment	Passerine__order
appos>nummod> ...	1.0	0.41	taxongroup_comment	Passerine__order
conj<appos>nummod> ...	1.0	0.389	taxongroup_comment	Passerine__order
obl<compound> ...	1.0	0.204	taxongroup_comment	Passerine__order
obl<conj>appos> ...	1.0	0.546	taxongroup_comment	Passerine__order
obl<appos>nummod> ...	1.0	0.339	taxongroup_comment	Passerine__order
obl<appos> ...	1.0	0.296	taxongroup_comment	Passerine__order
obl<parataxis> ...	1.0	0.234	taxongroup_comment	Passerine__order
nmod<appos>compound> ...	1.0	0.238	taxongroup_comment	Passerine__order
nsubj>appos>flat> ...	1.0	0.298	taxongroup_comment	Passerine__order
amod>obl> ...	1.0	0.286	taxongroup_comment	Passerine__order
nummod>advmod> ...	1.0	0.124	taxongroup_comment	Passerine__order
nmod>advmod> ...	1.0	0.374	taxongroup_comment	Passerine__order
advcl>aux> ...	1.0	0.409	taxongroup_comment	Passerine__order
advcl>obl>case> ...	1.0	0.421	taxongroup_comment	Passerine__order
nmod<acl>obl> ...	1.0	0.274	taxongroup_comment	Passerine__order
advcl>obl> ...	1.0	0.561	taxongroup_comment	Passerine__order
obl<nsubj:pass<aux> ...	1.0	0.298	taxongroup_comment	Passerine__order
obl<nsubj:pass<aux:pass> ...	1.0	0.359	taxongroup_comment	Passerine__order
obl<nsubj:pass< ...	1.0	0.478	taxongroup_comment	Passerine__order
obl<nsubj:pass<obl> ...	1.0	0.528	taxongroup_comment	Passerine__order
nmod<acl> ...	1.0	0.499	taxongroup_comment	Passerine__order
obj<xcomp<advcl< ...	1.0	0.512	taxongroup_comment	Passerine__order
appos>advmod> ...	1.0	0.219	taxongroup_comment	Passerine__order
appos<flat>compound> ...	1.0	0.253	taxongroup_comment	Passerine__order
appos<obj> ...	1.0	0.447	taxongroup_comment	Passerine__order
compound>conj>compound> ...	1.0	0.451	taxongroup_comment	Passerine__order
appos<parataxis>nsubj> ...	1.0	0.49	taxongroup_comment	Passerine__order
appos<parataxis> ...	1.0	0.434	taxongroup_comment	Passerine__order
list<flat>compound> ...	1.0	0.323	taxongroup_comment	Passerine__order
nsubj<conj<ccomp< ...	1.0	0.254	taxongroup_comment	Passerine__order
nsubj<conj<nsubj> ...	1.0	0.45	taxongroup_comment	Passerine__order
conj>case> ...	1.0	0.431	taxongroup_comment	Passerine__order
nsubj<obj>appos> ...	1.0	0.288	taxongroup_comment	Passerine__order
conj<compound<conj> ...	1.0	0.494	taxongroup_comment	Passerine__order
obl<conj>det> ...	1.0	0.531	taxongroup_comment	Passerine__order
appos<list>amod> ...	1.0	0.369	taxongroup_comment	Passerine__order
flat<compound<appos< ...	1.0	0.279	taxongroup_comment	Passerine__order
flat<compound<conj> ...	1.0	0.272	taxongroup_comment	Passerine__order
flat<compound<compound> ...	1.0	0.219	taxongroup_comment	Passerine__order
flat<compound< ...	1.0	0.417	taxongroup_comment	Passerine__order
nsubj<parataxis<obj> ...	1.0	0.278	taxongroup_comment	Passerine__order
nsubj<ccomp>conj> ...	1.0	0.315	taxongroup_comment	Passerine__order
appos<advmod> ...	1.0	0.363	taxongroup_comment	Passerine__order
appos<nmod>det> ...	1.0	0.585	taxongroup_comment	Passerine__order
appos<obl> ...	1.0	0.28	taxongroup_comment	Passerine__order
obl<obj>det> ...	1.0	0.288	taxongroup_comment	Passerine__order
obl<obj>nummod> ...	1.0	0.268	taxongroup_comment	Passerine__order
parataxis<conj>compound> ...	1.0	0.276	taxongroup_comment	Passerine__order
nmod:poss<obl<nsubj:pass> ...	1.0	0.301	taxongroup_comment	Passerine__order
nmod:poss<obl<aux:pass> ...	1.0	0.673	taxongroup_comment	Passerine__order
nmod<nmod<obl< ...	1.0	0.17	taxongroup_comment	Passerine__order
obl<advcl<mark> ...	1.0	0.434	taxongroup_comment	Passerine__order
obl<advcl<obl> ...	1.0	0.204	taxongroup_comment	Passerine__order
obl<advcl<advmod> ...	1.0	0.325	taxongroup_comment	Passerine__order
nsubj>case> ...	1.0	0.37	taxongroup_comment	Passerine__order
nmod<nmod<nmod< ...	1.0	0.218	taxongroup_comment	Passerine__order
obl<conj>nsubj:pass> ...	1.0	0.48	taxongroup_comment	Passerine__order
obl<conj>aux:pass> ...	1.0	0.42	taxongroup_comment	Passerine__order
obl<conj>obl> ...	1.0	0.166	taxongroup_comment	Passerine__order
obl<conj>nsubj> ...	1.0	0.311	taxongroup_comment	Passerine__order
obl<conj>cop> ...	1.0	0.574	taxongroup_comment	Passerine__order
nmod>nmod>nummod> ...	1.0	0.231	taxongroup_comment	Passerine__order
nmod>nummod> ...	1.0	0.342	taxongroup_comment	Passerine__order
obl<obj>appos> ...	1.0	0.26	taxongroup_comment	Passerine__order
conj<conj>appos> ...	1.0	0.38	taxongroup_comment	Passerine__order
obj<conj<nsubj> ...	1.0	0.233	taxongroup_comment	Passerine__order
obj<conj< ...	1.0	0.286	taxongroup_comment	Passerine__order
obl<conj<ccomp< ...	1.0	0.335	taxongroup_comment	Passerine__order
obl<conj<nsubj> ...	1.0	0.445	taxongroup_comment	Passerine__order
obl<conj< ...	1.0	0.37	taxongroup_comment	Passerine__order
appos>amod>advmod> ...	1.0	0.36	taxongroup_comment	Passerine__order
appos>nmod>det> ...	1.0	0.187	taxongroup_comment	Passerine__order
conj<conj>nmod:poss> ...	1.0	0.389	taxongroup_comment	Passerine__order
conj<obj<conj< ...	1.0	0.249	taxongroup_comment	Passerine__order
nsubj:pass<advcl<obj> ...	1.0	0.228	taxongroup_comment	Passerine__order
nsubj:pass<advcl>cop> ...	1.0	0.518	taxongroup_comment	Passerine__order
conj<nmod>acl> ...	1.0	0.401	taxongroup_comment	Passerine__order
conj<xcomp<advcl< ...	1.0	0.272	taxongroup_comment	Passerine__order
advcl>obj> ...	1.0	0.363	taxongroup_comment	Passerine__order
nsubj<nmod>acl> ...	1.0	0.567	taxongroup_comment	Passerine__order
conj>advmod> ...	1.0	0.335	taxongroup_comment	Passerine__order
conj<nsubj<cop> ...	1.0	0.48	taxongroup_comment	Passerine__order
conj<nsubj<det> ...	1.0	0.332	taxongroup_comment	Passerine__order
conj<nsubj<amod> ...	1.0	0.401	taxongroup_comment	Passerine__order
conj<nsubj<compound> ...	1.0	0.26	taxongroup_comment	Passerine__order
conj<nsubj<nmod> ...	1.0	0.282	taxongroup_comment	Passerine__order
conj<nsubj<acl:relcl> ...	1.0	0.367	taxongroup_comment	Passerine__order
nsubj:pass<xcomp>det> ...	1.0	0.384	taxongroup_comment	Passerine__order
nsubj:pass<conj>aux> ...	1.0	0.183	taxongroup_comment	Passerine__order
nsubj:pass<conj>aux:pass> ...	1.0	0.375	taxongroup_comment	Passerine__order
nsubj<xcomp>obl> ...	1.0	0.439	taxongroup_comment	Passerine__order
nsubj<appos>amod> ...	1.0	0.302	taxongroup_comment	Passerine__order
nsubj<appos>acl> ...	1.0	0.428	taxongroup_comment	Passerine__order
nsubj<appos>conj> ...	1.0	0.247	taxongroup_comment	Passerine__order
nsubj<amod>advmod> ...	1.0	0.473	taxongroup_comment	Passerine__order
ccomp<nsubj> ...	1.0	0.294	taxongroup_comment	Passerine__order
nsubj:pass<conj>obl> ...	1.0	0.257	taxongroup_comment	Passerine__order
nmod<nmod>amod> ...	1.0	0.583	taxongroup_comment	Passerine__order
nmod<nmod>nmod> ...	1.0	0.202	taxongroup_comment	Passerine__order
nmod>nmod:poss> ...	1.0	0.388	taxongroup_comment	Passerine__order
nsubj<appos>det> ...	1.0	0.442	taxongroup_comment	Passerine__order
nsubj<ccomp>obl> ...	1.0	0.282	taxongroup_comment	Passerine__order
compound<acl>obj> ...	1.0	0.573	taxongroup_comment	Passerine__order
compound<nmod>nmod> ...	1.0	0.169	taxongroup_comment	Passerine__order
nsubj:pass<obj>det> ...	1.0	0.369	taxongroup_comment	Passerine__order
nsubj:pass<obj> ...	1.0	0.3	taxongroup_comment	Passerine__order
obj<acl<obl< ...	1.0	0.449	taxongroup_comment	Passerine__order
nsubj:pass<ccomp< ...	1.0	0.488	taxongroup_comment	Passerine__order
nsubj:pass<advcl<nsubj> ...	1.0	0.339	taxongroup_comment	Passerine__order
appos<nmod<compound> ...	1.0	0.34	taxongroup_comment	Passerine__order
aux> ...	1.0	0.455	taxongroup_comment	Passerine__order
conj<appos<appos> ...	1.0	0.205	taxongroup_comment	Passerine__order
nmod<nsubj:pass<xcomp> ...	1.0	0.368	taxongroup_comment	Passerine__order
appos<nsubj:pass<aux:pass> ...	1.0	0.434	taxongroup_comment	Passerine__order
appos<nsubj:pass< ...	1.0	0.292	taxongroup_comment	Passerine__order
conj<appos< ...	1.0	0.191	taxongroup_comment	Passerine__order
conj<advmod> ...	1.0	0.467	taxongroup_comment	Passerine__order
nmod<nmod>det> ...	1.0	0.396	taxongroup_comment	Passerine__order
nmod<conj<nmod> ...	1.0	0.533	taxongroup_comment	Passerine__order
nsubj:pass<obl>flat> ...	1.0	0.228	taxongroup_comment	Passerine__order
nsubj<xcomp>advmod> ...	1.0	0.642	taxongroup_comment	Passerine__order
compound<nsubj:pass<obl> ...	1.0	0.203	taxongroup_comment	Passerine__order
compound<appos<det> a	1.0	0.233	taxongroup_comment	Passerine__order
nsubj>compound> zebra	1.0	0.413	taxongroup_comment	Passerine__order
acl> have	1.0	0.499	taxongroup_comment	Passerine__order
nsubj<xcomp> ...	1.0	0.196	taxongroup_comment	Passerine__order
conj>obl>det> the	1.0	0.291	taxongroup_comment	Passerine__order
compound<conj<nsubj> ...	1.0	0.221	taxongroup_comment	Passerine__order
nsubj<parataxis<compound> ...	1.0	0.239	taxongroup_comment	Passerine__order
conj<amod<conj< ...	1.0	0.618	taxongroup_comment	Passerine__order
conj<amod<cc> ...	1.0	0.259	taxongroup_comment	Passerine__order
conj<amod<nsubj> ...	1.0	0.38	taxongroup_comment	Passerine__order
conj<amod< ...	1.0	0.322	taxongroup_comment	Passerine__order
nsubj<obj>conj> ...	1.0	0.648	taxongroup_comment	Passerine__order
nsubj<obj>nmod> ...	1.0	0.407	taxongroup_comment	Passerine__order
conj<nmod<obl< ...	1.0	0.529	taxongroup_comment	Passerine__order
conj<nmod<advmod> ...	1.0	0.34	taxongroup_comment	Passerine__order
conj<nmod<case> ...	1.0	0.538	taxongroup_comment	Passerine__order
nsubj<advcl>conj> ...	1.0	0.379	taxongroup_comment	Passerine__order
obl<advcl>aux> ...	1.0	0.395	taxongroup_comment	Passerine__order
obl<advcl>advmod> ...	1.0	0.599	taxongroup_comment	Passerine__order
obl<advcl>obl> ...	1.0	0.299	taxongroup_comment	Passerine__order
nsubj<xcomp>mark> ...	1.0	0.494	taxongroup_comment	Passerine__order
conj<nsubj<cc> ...	1.0	0.593	taxongroup_comment	Passerine__order
conj<conj>obj> ...	1.0	0.185	taxongroup_comment	Passerine__order
nsubj<parataxis>amod> ...	1.0	0.439	taxongroup_comment	Passerine__order
compound<conj<parataxis> ...	1.0	0.365	taxongroup_comment	Passerine__order
conj>conj> ...	1.0	0.212	taxongroup_comment	Passerine__order
nsubj<conj>appos> ...	1.0	0.302	taxongroup_comment	Passerine__order
nsubj<parataxis>nsubj> ...	1.0	0.357	taxongroup_comment	Passerine__order
nsubj<parataxis>cop> ...	1.0	0.293	taxongroup_comment	Passerine__order
nsubj<parataxis>conj> ...	1.0	0.354	taxongroup_comment	Passerine__order
conj<conj>nsubj> ...	1.0	0.348	taxongroup_comment	Passerine__order
nsubj<conj>case> ...	1.0	0.453	taxongroup_comment	Passerine__order
conj<obl:npmod>amod> ...	1.0	0.627	taxongroup_comment	Passerine__order
conj<compound>flat> ...	1.0	0.639	taxongroup_comment	Passerine__order
conj<parataxis>nsubj> ...	1.0	0.401	taxongroup_comment	Passerine__order
conj<parataxis>cop> ...	1.0	0.309	taxongroup_comment	Passerine__order
conj<parataxis>nmod:poss> ...	1.0	0.489	taxongroup_comment	Passerine__order
conj<parataxis>amod> ...	1.0	0.515	taxongroup_comment	Passerine__order
compound<nsubj:pass<aux:pass> ...	1.0	0.2	taxongroup_comment	Passerine__order
obl>amod> ...	1.0	0.364	taxongroup_comment	Passerine__order
obl<conj>compound> ...	1.0	0.279	taxongroup_comment	Passerine__order
compound<conj<det> ...	1.0	0.446	taxongroup_comment	Passerine__order
obl<ccomp<advmod> ...	1.0	0.424	taxongroup_comment	Passerine__order
nsubj<obl>acl:relcl> ...	1.0	0.513	taxongroup_comment	Passerine__order
nsubj<advcl>xcomp> ...	1.0	0.264	taxongroup_comment	Passerine__order
cc:preconj> ...	1.0	0.334	taxongroup_comment	Passerine__order
nmod<advmod> ...	1.0	0.49	taxongroup_comment	Passerine__order
nmod<conj>det> ...	1.0	0.473	taxongroup_comment	Passerine__order
list<compound>cc> ...	1.0	0.344	taxongroup_comment	Passerine__order
list<compound>nmod:poss> ...	1.0	0.343	taxongroup_comment	Passerine__order
list<compound>compound> ...	1.0	0.425	taxongroup_comment	Passerine__order
list<compound>list> ...	1.0	0.396	taxongroup_comment	Passerine__order
list<obl:npmod< ...	1.0	0.288	taxongroup_comment	Passerine__order
list<obl:npmod<amod< ...	1.0	0.343	taxongroup_comment	Passerine__order
compound<conj<obl< ...	1.0	0.393	taxongroup_comment	Passerine__order
nmod>conj>compound> ...	1.0	0.128	taxongroup_comment	Passerine__order
parataxis>nmod> ...	1.0	0.323	taxongroup_comment	Passerine__order
nmod>amod>advmod> ...	1.0	0.17	taxongroup_comment	Passerine__order
nmod<nsubj>nmod> ...	1.0	0.333	taxongroup_comment	Passerine__order
nsubj:pass<obl>appos> ...	1.0	0.198	taxongroup_comment	Passerine__order
compound<parataxis<compound> ...	1.0	0.472	taxongroup_comment	Passerine__order
compound<list<compound> ...	1.0	0.295	taxongroup_comment	Passerine__order
compound<list< ...	1.0	0.495	taxongroup_comment	Passerine__order
obj<obj>amod> ...	1.0	0.212	taxongroup_comment	Passerine__order
obj<advcl>advmod> ...	1.0	0.281	taxongroup_comment	Passerine__order
compound<conj<conj< ...	1.0	0.495	taxongroup_comment	Passerine__order
compound<conj<cc> ...	1.0	0.298	taxongroup_comment	Passerine__order
compound<nmod:poss> ...	1.0	0.161	taxongroup_comment	Passerine__order
compound<compound>amod> ...	1.0	0.399	taxongroup_comment	Passerine__order
nmod<conj<compound> ...	1.0	0.185	taxongroup_comment	Passerine__order
compound<nmod<nmod:poss> ...	1.0	0.444	taxongroup_comment	Passerine__order
compound<flat> ...	1.0	0.268	taxongroup_comment	Passerine__order
nmod<conj<obl< ...	1.0	0.251	taxongroup_comment	Passerine__order
nmod<obl<ccomp> ...	1.0	0.259	taxongroup_comment	Passerine__order
compound<obl<nsubj:pass> ...	1.0	0.175	taxongroup_comment	Passerine__order
nmod<obl<acl< ...	1.0	0.384	taxongroup_comment	Passerine__order
obj<case> ...	1.0	0.373	taxongroup_comment	Passerine__order
acl>obl>advmod> ...	1.0	0.596	taxongroup_comment	Passerine__order
advcl>nsubj> ...	1.0	0.505	taxongroup_comment	Passerine__order
advcl>advmod> ...	1.0	0.168	taxongroup_comment	Passerine__order
nmod<conj<nmod< ...	1.0	0.407	taxongroup_comment	Passerine__order
list<amod> ...	1.0	0.243	taxongroup_comment	Passerine__order
list<compound< ...	1.0	0.281	taxongroup_comment	Passerine__order
conj>acl:relcl> ...	1.0	0.353	taxongroup_comment	Passerine__order
compound<conj<compound< ...	1.0	0.493	taxongroup_comment	Passerine__order
compound<obl:npmod< ...	1.0	0.399	taxongroup_comment	Passerine__order
compound<obl:npmod<amod< ...	1.0	0.392	taxongroup_comment	Passerine__order
compound<obl<advmod> ...	1.0	0.575	taxongroup_comment	Passerine__order
conj>acl:relcl>nsubj> ...	1.0	0.293	taxongroup_comment	Passerine__order
conj>acl:relcl>cop> ...	1.0	0.569	taxongroup_comment	Passerine__order
obj<conj>appos> ...	1.0	0.215	taxongroup_comment	Passerine__order
parataxis>nmod>case> ...	1.0	0.302	taxongroup_comment	Passerine__order
conj<conj>det> ...	1.0	0.5	taxongroup_comment	Passerine__order
conj<conj>nmod> ...	1.0	0.191	taxongroup_comment	Passerine__order
nsubj<advcl<nsubj:pass> ...	1.0	0.417	taxongroup_comment	Passerine__order
nsubj<advcl<aux:pass> ...	1.0	0.573	taxongroup_comment	Passerine__order
nsubj<advcl<obj> ...	1.0	0.303	taxongroup_comment	Passerine__order
compound<appos>compound> ...	1.0	0.223	taxongroup_comment	Passerine__order
compound<obj<conj> ...	1.0	0.274	taxongroup_comment	Passerine__order
nmod<acl:relcl>nsubj> ...	1.0	0.292	taxongroup_comment	Passerine__order
nmod<acl:relcl> ...	1.0	0.545	taxongroup_comment	Passerine__order
nmod<acl:relcl>obj> ...	1.0	0.537	taxongroup_comment	Passerine__order
nmod<conj<xcomp> ...	1.0	0.314	taxongroup_comment	Passerine__order
nsubj:pass<conj>nmod> ...	1.0	0.191	taxongroup_comment	Passerine__order
conj<nsubj>compound> ...	1.0	0.422	taxongroup_comment	Passerine__order
parataxis> ...	1.0	0.363	taxongroup_comment	Passerine__order
compound<nsubj:pass< ...	1.0	0.423	taxongroup_comment	Passerine__order
nmod:poss<nsubj<cop> ...	1.0	0.628	taxongroup_comment	Passerine__order
nmod:poss<nsubj<amod> ...	1.0	0.395	taxongroup_comment	Passerine__order
nmod:poss<nsubj< ...	1.0	0.387	taxongroup_comment	Passerine__order
nmod:poss<nsubj<parataxis> ...	1.0	0.253	taxongroup_comment	Passerine__order
nmod:poss<nsubj<conj> ...	1.0	0.485	taxongroup_comment	Passerine__order
nsubj:pass<xcomp>obj> ...	1.0	0.337	taxongroup_comment	Passerine__order
compound<xcomp< ...	1.0	0.309	taxongroup_comment	Passerine__order
compound<mark> ...	1.0	0.366	taxongroup_comment	Passerine__order
compound<cop> ...	1.0	0.359	taxongroup_comment	Passerine__order
nsubj<conj<nsubj:pass> ...	1.0	0.458	taxongroup_comment	Passerine__order
nsubj<conj<aux:pass> ...	1.0	0.331	taxongroup_comment	Passerine__order
nsubj<conj<advmod> ...	1.0	0.52	taxongroup_comment	Passerine__order
nsubj<conj<obl> ...	1.0	0.272	taxongroup_comment	Passerine__order
nsubj<conj<conj> ...	1.0	0.302	taxongroup_comment	Passerine__order
acl:relcl>conj>advmod> ...	1.0	0.445	taxongroup_comment	Passerine__order
nsubj>nmod>case> ...	1.0	0.523	taxongroup_comment	Passerine__order
nsubj>nmod> ...	1.0	0.517	taxongroup_comment	Passerine__order
nsubj>acl> ...	1.0	0.444	taxongroup_comment	Passerine__order
nsubj>acl>obl> ...	1.0	0.419	taxongroup_comment	Passerine__order
nmod>compound>nmod> ...	1.0	0.328	taxongroup_comment	Passerine__order
nmod<nmod<amod> ...	1.0	0.332	taxongroup_comment	Passerine__order
conj<obj>compound> ...	1.0	0.549	taxongroup_comment	Passerine__order
conj<obj>nmod> ...	1.0	0.32	taxongroup_comment	Passerine__order
conj<advcl>conj> ...	1.0	0.244	taxongroup_comment	Passerine__order
conj<nsubj>amod> ...	1.0	0.275	taxongroup_comment	Passerine__order
obj<advcl<nsubj> ...	1.0	0.151	taxongroup_comment	Passerine__order
obj<advcl<obj> ...	1.0	0.474	taxongroup_comment	Passerine__order
parataxis<nmod> ...	1.0	0.323	taxongroup_comment	Passerine__order
parataxis<nmod>case> ...	1.0	0.249	taxongroup_comment	Passerine__order
obl<acl<nsubj< ...	1.0	0.317	taxongroup_comment	Passerine__order
compound<nmod<conj< ...	1.0	0.368	taxongroup_comment	Passerine__order
obl<acl<det> ...	1.0	0.543	taxongroup_comment	Passerine__order
obl<acl<compound> ...	1.0	0.075	taxongroup_comment	Passerine__order
obl<acl< ...	1.0	0.209	taxongroup_comment	Passerine__order
obl<acl<nmod> ...	1.0	0.225	taxongroup_comment	Passerine__order
obl<acl<appos> ...	1.0	0.338	taxongroup_comment	Passerine__order
nmod:poss>compound> ...	1.0	0.397	taxongroup_comment	Passerine__order
compound>appos>compound> ...	1.0	0.374	taxongroup_comment	Passerine__order
compound>conj>cc> ...	1.0	0.441	taxongroup_comment	Passerine__order
obj<advcl>conj> ...	1.0	0.284	taxongroup_comment	Passerine__order
obj<conj>cc> ...	1.0	0.169	taxongroup_comment	Passerine__order
nmod<obj<advcl< ...	1.0	0.569	taxongroup_comment	Passerine__order
nmod:poss> Wilson	1.0	0.359	taxongroup_comment	Passerine__order
compound< bird	1.0	0.409	taxongroup_comment	Passerine__order
compound<nmod> paradise	1.0	0.301	taxongroup_comment	Passerine__order
acl>advmod> also	1.0	0.531	taxongroup_comment	Passerine__order
acl>obl> bird	1.0	0.377	taxongroup_comment	Passerine__order
nsubj<amod> large	1.0	0.259	taxongroup_comment	Passerine__order
nsubj<nmod>compound> family	1.0	0.315	taxongroup_comment	Passerine__order
nsubj<nmod> Paradisaeida	1.0	0.42	taxongroup_comment	Passerine__order
nmod<acl:relcl>nsubj> that	1.0	0.278	taxongroup_comment	Passerine__order
compound> king	1.0	0.535	taxongroup_comment	Passerine__order
nsubj:pass<advmod> formally	1.0	0.537	taxongroup_comment	Passerine__order
nsubj:pass< describe	1.0	0.392	taxongroup_comment	Passerine__order
nsubj:pass<obl> 1758	1.0	0.675	taxongroup_comment	Passerine__order
compound>conj>cc> and	1.0	0.548	taxongroup_comment	Passerine__order
compound<nmod<nmod< group	1.0	0.501	taxongroup_comment	Passerine__order
compound<nmod<case> of	1.0	0.404	taxongroup_comment	Passerine__order
compound<nmod<amod> colourful	1.0	0.418	taxongroup_comment	Passerine__order
conj<amod> common	1.0	0.755	taxongroup_comment	Passerine__order
nsubj:pass<obl> edition	1.0	0.752	taxongroup_comment	Passerine__order
obl<acl<det> the	1.0	0.513	taxongroup_comment	Passerine__order
obl<acl< bird	1.0	0.261	taxongroup_comment	Passerine__order
obl< know	1.0	0.379	taxongroup_comment	Passerine__order
obj<obl>case> to	1.0	0.279	taxongroup_comment	Passerine__order
nmod<conj< know	1.0	0.459	taxongroup_comment	Passerine__order
nsubj:pass< know	1.0	0.421	taxongroup_comment	Passerine__order
nmod:poss<nsubj<cop> be	1.0	0.628	taxongroup_comment	Passerine__order
nsubj:pass<conj> see	1.0	0.572	taxongroup_comment	Passerine__order
compound<mark> to	1.0	0.395	taxongroup_comment	Passerine__order
compound<cop> be	1.0	0.383	taxongroup_comment	Passerine__order
nsubj<conj<aux:pass> be	1.0	0.331	taxongroup_comment	Passerine__order
obj<acl<det> the	1.0	0.353	taxongroup_comment	Passerine__order
obj< keep	1.0	0.356	taxongroup_comment	Passerine__order
compound<nsubj:pass<aux:pass> be	1.0	0.2	taxongroup_comment	Passerine__order
det> these	1.0	0.663	taxongroup_comment	Passerine__order
nsubj<amod> only	1.0	0.338	taxongroup_comment	Passerine__order
conj<nsubj> some	1.0	0.276	taxongroup_comment	Passerine__order
conj<nsubj>nmod> warbler	1.0	0.217	taxongroup_comment	Passerine__order
conj<conj>det> the	1.0	0.531	taxongroup_comment	Passerine__order
conj<conj>nmod> Europe	1.0	0.305	taxongroup_comment	Passerine__order
nsubj<advcl<aux:pass> be	1.0	0.573	taxongroup_comment	Passerine__order
appos>compound> Phylloscopus	1.0	0.56	taxongroup_comment	Passerine__order
nsubj<amod> common	1.0	0.434	taxongroup_comment	Passerine__order
nsubj<amod> widespread	1.0	0.396	taxongroup_comment	Passerine__order
nsubj<compound> leaf	1.0	0.379	taxongroup_comment	Passerine__order
nsubj<acl:relcl>nsubj> which	1.0	0.347	taxongroup_comment	Passerine__order
nsubj<acl:relcl> breed	1.0	0.503	taxongroup_comment	Passerine__order
conj<nsubj>det> the	1.0	0.195	taxongroup_comment	Passerine__order
compound<amod> western	1.0	0.408	taxongroup_comment	Passerine__order
nsubj:pass<obl> naturalist	1.0	0.707	taxongroup_comment	Passerine__order
appos<nmod< species	1.0	0.527	taxongroup_comment	Passerine__order
appos<case> of	1.0	0.578	taxongroup_comment	Passerine__order
appos< bird	1.0	0.332	taxongroup_comment	Passerine__order
appos<nmod>case> of	1.0	0.449	taxongroup_comment	Passerine__order
appos<nmod> paradise	1.0	0.388	taxongroup_comment	Passerine__order
det> each	1.0	0.78	taxongroup_comment	Passerine__order
nummod> one	1.0	0.755	taxongroup_comment	Passerine__order
nmod>det> a	1.0	0.377	taxongroup_comment	Passerine__order
nmod> species	1.0	0.606	taxongroup_comment	Passerine__order
det> some	1.0	0.755	taxongroup_comment	Passerine__order
nsubj<obl>case> of	1.0	0.741	taxongroup_comment	Passerine__order
nsubj<advcl>obj> they	1.0	0.505	taxongroup_comment	Passerine__order
obl<nsubj:pass>det> a	1.0	0.742	taxongroup_comment	Passerine__order
obl<advmod> well	1.0	0.381	taxongroup_comment	Passerine__order
compound<conj<det> the	1.0	0.466	taxongroup_comment	Passerine__order
compound<cc> and	1.0	0.344	taxongroup_comment	Passerine__order
nsubj:pass<obl>case> as	1.0	0.681	taxongroup_comment	Passerine__order
nsubj>nmod>case> of	1.0	0.585	taxongroup_comment	Passerine__order
nmod>compound> bird	1.0	0.324	taxongroup_comment	Passerine__order
nmod>compound>nmod> paradise	1.0	0.328	taxongroup_comment	Passerine__order
compound<nmod<nsubj> bird	1.0	0.305	taxongroup_comment	Passerine__order
obl<nsubj:pass>compound> type	1.0	0.455	taxongroup_comment	Passerine__order
obl<nsubj:pass> species	1.0	0.556	taxongroup_comment	Passerine__order
obl< designate	1.0	0.249	taxongroup_comment	Passerine__order
obl<obl>case> by	1.0	0.435	taxongroup_comment	Passerine__order
obl<obl>case> in	1.0	0.389	taxongroup_comment	Passerine__order
obl<obl> 1840	1.0	0.377	taxongroup_comment	Passerine__order
nmod<amod> various	1.0	0.45	taxongroup_comment	Passerine__order
obj<conj>cc> and	1.0	0.194	taxongroup_comment	Passerine__order
obj<conj> bird	1.0	0.308	taxongroup_comment	Passerine__order
appos>compound> family	1.0	0.639	taxongroup_comment	Passerine__order
parataxis> bird	1.0	0.374	taxongroup_comment	Passerine__order
parataxis>nmod>case> of	1.0	0.324	taxongroup_comment	Passerine__order
parataxis>nmod> paradise	1.0	0.51	taxongroup_comment	Passerine__order
nmod<nsubj> bird	1.0	0.403	taxongroup_comment	Passerine__order
nmod<nsubj>nmod> paradise	1.0	0.333	taxongroup_comment	Passerine__order
conj<obl>case> to	1.0	0.423	taxongroup_comment	Passerine__order
conj<nmod>case> include	1.0	0.42	taxongroup_comment	Passerine__order
obl< use	1.0	0.557	taxongroup_comment	Passerine__order
nsubj<obl>case> unlike	1.0	0.777	taxongroup_comment	Passerine__order
nsubj<xcomp>mark> to	1.0	0.494	taxongroup_comment	Passerine__order
obl< find	1.0	0.432	taxongroup_comment	Passerine__order
nsubj< build	1.0	0.719	taxongroup_comment	Passerine__order
advmod> perhaps	1.0	0.404	taxongroup_comment	Passerine__order
nsubj<advcl>mark> although	1.0	0.543	taxongroup_comment	Passerine__order
nsubj<obl>amod> other	1.0	0.388	taxongroup_comment	Passerine__order
obl<nsubj>compound> song	1.0	0.56	taxongroup_comment	Passerine__order
obl<nsubj> thrush	1.0	0.532	taxongroup_comment	Passerine__order
obl<advmod> not	1.0	0.381	taxongroup_comment	Passerine__order
obl<advmod> usually	1.0	0.441	taxongroup_comment	Passerine__order
obl<advcl>mark> although	1.0	0.527	taxongroup_comment	Passerine__order
nsubj<nmod>amod> colourful	1.0	0.53	taxongroup_comment	Passerine__order
nsubj< one	1.0	0.804	taxongroup_comment	Passerine__order
nsubj<obj> bill	1.0	0.212	taxongroup_comment	Passerine__order
nsubj<obl>det> a	1.0	0.653	taxongroup_comment	Passerine__order
appos>appos> feed	1.0	0.637	taxongroup_comment	Passerine__order
appos>nmod>case> with	1.0	0.234	taxongroup_comment	Passerine__order
appos>nmod> human	1.0	0.351	taxongroup_comment	Passerine__order
conj<conj>compound> Oriental	1.0	0.574	taxongroup_comment	Passerine__order
nsubj<conj> ree	1.0	0.379	taxongroup_comment	Passerine__order
nsubj<conj>obj> warbler	1.0	0.56	taxongroup_comment	Passerine__order
conj<obl:npmod>amod> Moustach	1.0	0.627	taxongroup_comment	Passerine__order
conj<obl:npmod> warbler	1.0	0.364	taxongroup_comment	Passerine__order
conj<nsubj> Acrocephalus	1.0	0.21	taxongroup_comment	Passerine__order
conj< bistrigicep	1.0	0.325	taxongroup_comment	Passerine__order
conj<compound> Paddyfield	1.0	0.38	taxongroup_comment	Passerine__order
conj<compound>flat> warbler	1.0	0.668	taxongroup_comment	Passerine__order
cc> Acrocephalus	1.0	0.331	taxongroup_comment	Passerine__order
compound>appos> warbler	1.0	0.393	taxongroup_comment	Passerine__order
conj<conj>cc> fuscus	1.0	0.64	taxongroup_comment	Passerine__order
conj<parataxis>nsubj> Acrocephalus	1.0	0.439	taxongroup_comment	Passerine__order
conj<parataxis>cop> avicenniae	1.0	0.309	taxongroup_comment	Passerine__order
conj<parataxis>nmod:poss> Blyth	1.0	0.489	taxongroup_comment	Passerine__order
conj<parataxis>amod> ree	1.0	0.515	taxongroup_comment	Passerine__order
conj<parataxis> warbler	1.0	0.201	taxongroup_comment	Passerine__order
conj<parataxis>conj> warbler	1.0	0.358	taxongroup_comment	Passerine__order
conj<conj>compound> Acrocephalus	1.0	0.618	taxongroup_comment	Passerine__order
compound<conj<conj> ree	1.0	0.566	taxongroup_comment	Passerine__order
compound<cc> Acrocephalus	1.0	0.251	taxongroup_comment	Passerine__order
conj<conj>case> arundinaceus	1.0	0.35	taxongroup_comment	Passerine__order
conj<conj>nsubj> orientalis	1.0	0.282	taxongroup_comment	Passerine__order
conj<nmod< thrush	1.0	0.285	taxongroup_comment	Passerine__order
appos<nsubj<obj> warbler	1.0	0.353	taxongroup_comment	Passerine__order
conj<amod<conj< warbler	1.0	0.618	taxongroup_comment	Passerine__order
conj<amod<cc> Acrocephalus	1.0	0.259	taxongroup_comment	Passerine__order
conj<amod<nsubj> sechellensis	1.0	0.38	taxongroup_comment	Passerine__order
conj<amod< Rodrigue	1.0	0.698	taxongroup_comment	Passerine__order
conj<conj>amod> rodericanus	1.0	0.681	taxongroup_comment	Passerine__order
conj<conj>amod> great	1.0	0.733	taxongroup_comment	Passerine__order
conj<conj>conj> orientalis	1.0	0.42	taxongroup_comment	Passerine__order
conj<conj>flat> Millerbird	1.0	0.728	taxongroup_comment	Passerine__order
conj<conj>conj> familiaris	1.0	0.352	taxongroup_comment	Passerine__order
nsubj<obj>amod> extensive	1.0	0.422	taxongroup_comment	Passerine__order
nsubj<obj> range	1.0	0.311	taxongroup_comment	Passerine__order
nsubj<obj>acl> estimate	1.0	0.155	taxongroup_comment	Passerine__order
nsubj<obj>conj> population	1.0	0.742	taxongroup_comment	Passerine__order
conj<nmod<obl< gregarious	1.0	0.611	taxongroup_comment	Passerine__order
conj<nmod<advmod> perhaps	1.0	0.382	taxongroup_comment	Passerine__order
conj<nmod<case> with	1.0	0.602	taxongroup_comment	Passerine__order
conj<nmod<amod> other	1.0	0.39	taxongroup_comment	Passerine__order
conj<conj>obj> warbler	1.0	0.241	taxongroup_comment	Passerine__order
conj<nsubj<conj< bistrigicep	1.0	0.573	taxongroup_comment	Passerine__order
conj<nsubj<cc> Acrocephalus	1.0	0.656	taxongroup_comment	Passerine__order
conj<appos>amod> Clamorous	1.0	0.339	taxongroup_comment	Passerine__order
conj<appos>amod> ree	1.0	0.347	taxongroup_comment	Passerine__order
conj<appos> warbler	1.0	0.606	taxongroup_comment	Passerine__order
conj<conj>cc> orinus	1.0	0.653	taxongroup_comment	Passerine__order
conj<nsubj< ree	1.0	0.374	taxongroup_comment	Passerine__order
conj<nsubj<obj> warbler	1.0	0.268	taxongroup_comment	Passerine__order
appos< warbler	1.0	0.445	taxongroup_comment	Passerine__order
appos<conj>cc> Acrocephalus	1.0	0.547	taxongroup_comment	Passerine__order
obj<nsubj> name	1.0	0.408	taxongroup_comment	Passerine__order
appos> Taxonomy	1.0	0.389	taxongroup_comment	Passerine__order
nsubj<nmod>case> with	1.0	0.331	taxongroup_comment	Passerine__order
nsubj<nmod> wingspan	1.0	0.427	taxongroup_comment	Passerine__order
nsubj<nmod>nmod> cm	1.0	0.456	taxongroup_comment	Passerine__order
nsubj<conj> weight	1.0	0.616	taxongroup_comment	Passerine__order
appos> description	1.0	0.484	taxongroup_comment	Passerine__order
amod> male	1.0	0.766	taxongroup_comment	Passerine__order
nsubj:pass<aux> can	1.0	0.304	taxongroup_comment	Passerine__order
nsubj:pass< distinguished	1.0	0.34	taxongroup_comment	Passerine__order
obj< include	1.0	0.415	taxongroup_comment	Passerine__order
nmod<nmod>det> the	1.0	0.417	taxongroup_comment	Passerine__order
appos<case> by	1.0	0.408	taxongroup_comment	Passerine__order
compound< group	1.0	0.494	taxongroup_comment	Passerine__order
nsubj:pass<conj> breed	1.0	0.572	taxongroup_comment	Passerine__order
nsubj:pass<obl> captivity	1.0	0.577	taxongroup_comment	Passerine__order
nsubj:pass<obl>case> because	1.0	0.643	taxongroup_comment	Passerine__order
nsubj:pass<obl>nmod:poss> they	1.0	0.395	taxongroup_comment	Passerine__order
compound<nmod>det> the	1.0	0.448	taxongroup_comment	Passerine__order
nmod< subspecy	1.0	0.479	taxongroup_comment	Passerine__order
nsubj<case> among	1.0	0.247	taxongroup_comment	Passerine__order
nsubj<ccomp> have	1.0	0.543	taxongroup_comment	Passerine__order
nsubj:pass< consider	1.0	0.493	taxongroup_comment	Passerine__order
nsubj:pass<xcomp>det> a	1.0	0.351	taxongroup_comment	Passerine__order
nsubj:pass<conj>aux:pass> be	1.0	0.375	taxongroup_comment	Passerine__order
nsubj<ccomp<nsubj> study	1.0	0.334	taxongroup_comment	Passerine__order
nsubj<ccomp< show	1.0	0.549	taxongroup_comment	Passerine__order
nsubj<mark> that	1.0	0.469	taxongroup_comment	Passerine__order
nsubj:pass<advcl>nsubj> it	1.0	0.232	taxongroup_comment	Passerine__order
conj>cc> or	1.0	0.706	taxongroup_comment	Passerine__order
conj>advmod> simply	1.0	0.405	taxongroup_comment	Passerine__order
nsubj<amod> small	1.0	0.236	taxongroup_comment	Passerine__order
nsubj<compound> passerine	1.0	0.458	taxongroup_comment	Passerine__order
nsubj<acl:relcl>nsubj> that	1.0	0.386	taxongroup_comment	Passerine__order
nsubj:pass<advcl>mark> because	1.0	0.407	taxongroup_comment	Passerine__order
conj<amod> european	1.0	0.803	taxongroup_comment	Passerine__order
cc> or	1.0	0.459	taxongroup_comment	Passerine__order
advmod> simply	1.0	0.29	taxongroup_comment	Passerine__order
conj<nsubj<cop> be	1.0	0.48	taxongroup_comment	Passerine__order
conj<nsubj<det> a	1.0	0.307	taxongroup_comment	Passerine__order
conj<nsubj<amod> small	1.0	0.398	taxongroup_comment	Passerine__order
conj<nsubj<compound> passerine	1.0	0.259	taxongroup_comment	Passerine__order
conj<nsubj< bird	1.0	0.276	taxongroup_comment	Passerine__order
conj<nsubj<nmod> family	1.0	0.283	taxongroup_comment	Passerine__order
nsubj:pass<advmod> now	1.0	0.593	taxongroup_comment	Passerine__order
appos> reference	1.0	0.455	taxongroup_comment	Passerine__order
nsubj<advcl>nsubj> they	1.0	0.386	taxongroup_comment	Passerine__order
nsubj<advcl> eat	1.0	0.446	taxongroup_comment	Passerine__order
nsubj<advcl>obj> insect	1.0	0.358	taxongroup_comment	Passerine__order
appos<nsubj:pass<aux:pass> be	1.0	0.434	taxongroup_comment	Passerine__order
appos<nsubj:pass< use	1.0	0.272	taxongroup_comment	Passerine__order
conj<obl<cop> be	1.0	0.425	taxongroup_comment	Passerine__order
conj<obl<advmod> closely	1.0	0.526	taxongroup_comment	Passerine__order
conj<obl< related	1.0	0.215	taxongroup_comment	Passerine__order
conj<case> to	1.0	0.528	taxongroup_comment	Passerine__order
nmod<obl< belong	1.0	0.505	taxongroup_comment	Passerine__order
nsubj<nmod>amod> european	1.0	0.427	taxongroup_comment	Passerine__order
appos<conj>cc> or	1.0	0.515	taxongroup_comment	Passerine__order
appos<conj>det> the	1.0	0.42	taxongroup_comment	Passerine__order
appos<nsubj<amod> small	1.0	0.291	taxongroup_comment	Passerine__order
nmod<obl< related	1.0	0.473	taxongroup_comment	Passerine__order
compound<appos<case> to	1.0	0.318	taxongroup_comment	Passerine__order
compound<appos<conj> finch	1.0	0.426	taxongroup_comment	Passerine__order
compound<appos<cc> and	1.0	0.393	taxongroup_comment	Passerine__order
obl<mark> that	1.0	0.589	taxongroup_comment	Passerine__order
obl<advmod> closely	1.0	0.253	taxongroup_comment	Passerine__order
obl< related	1.0	0.36	taxongroup_comment	Passerine__order
nsubj<advmod> also	1.0	0.697	taxongroup_comment	Passerine__order
nsubj<obl>advmod> especially	1.0	0.354	taxongroup_comment	Passerine__order
nsubj:pass<advcl>mark> by	1.0	0.401	taxongroup_comment	Passerine__order
nmod<obl<nsubj> that	1.0	0.458	taxongroup_comment	Passerine__order
nmod<obl<cop> be	1.0	0.473	taxongroup_comment	Passerine__order
nmod<obl<advmod> not	1.0	0.221	taxongroup_comment	Passerine__order
conj<advcl<aux:pass> be	1.0	0.263	taxongroup_comment	Passerine__order
conj<mark> as	1.0	0.319	taxongroup_comment	Passerine__order
conj<obj>det> a	1.0	0.349	taxongroup_comment	Passerine__order
conj<obl>det> a	1.0	0.356	taxongroup_comment	Passerine__order
acl> trap	1.0	0.618	taxongroup_comment	Passerine__order
compound<obl<cc> but	1.0	0.332	taxongroup_comment	Passerine__order
compound<det> some	1.0	0.759	taxongroup_comment	Passerine__order
compound<nmod>case> include	1.0	0.44	taxongroup_comment	Passerine__order
obl<xcomp<aux:pass> be	1.0	0.31	taxongroup_comment	Passerine__order
nmod<nmod:poss> they	1.0	0.379	taxongroup_comment	Passerine__order
conj<nmod<amod> several	1.0	0.395	taxongroup_comment	Passerine__order
conj<case> of	1.0	0.417	taxongroup_comment	Passerine__order
nsubj<advcl<cop> be	1.0	0.379	taxongroup_comment	Passerine__order
nsubj<mark> although	1.0	0.424	taxongroup_comment	Passerine__order
nsubj<obl> winter	1.0	0.434	taxongroup_comment	Passerine__order
nsubj<conj>cc> or	1.0	0.673	taxongroup_comment	Passerine__order
nsubj<conj>aux:pass> be	1.0	0.636	taxongroup_comment	Passerine__order
nmod<case> for	1.0	0.572	taxongroup_comment	Passerine__order
conj<obj<conj> favor	1.0	0.469	taxongroup_comment	Passerine__order
conj<obj<nsubj> relative	1.0	0.429	taxongroup_comment	Passerine__order
nsubj<conj>obl> habitat	1.0	0.419	taxongroup_comment	Passerine__order
conj<amod>advmod> black	1.0	0.273	taxongroup_comment	Passerine__order
acl:relcl>obl>case> to	1.0	0.487	taxongroup_comment	Passerine__order
xcomp< consider	1.0	0.308	taxongroup_comment	Passerine__order
compound<obj<mark> to	1.0	0.48	taxongroup_comment	Passerine__order
compound<conj>det> the	1.0	0.319	taxongroup_comment	Passerine__order
acl>conj>cc> and	1.0	0.391	taxongroup_comment	Passerine__order
nsubj<conj>nsubj> crow	1.0	0.337	taxongroup_comment	Passerine__order
conj<nmod<amod> classic	1.0	0.241	taxongroup_comment	Passerine__order
conj< jackdaw	1.0	0.4	taxongroup_comment	Passerine__order
cc> as	1.0	0.495	taxongroup_comment	Passerine__order
cc>fixed> well	1.0	0.334	taxongroup_comment	Passerine__order
cc>fixed> as	1.0	0.323	taxongroup_comment	Passerine__order
appos<nmod>case> for	1.0	0.543	taxongroup_comment	Passerine__order
appos<nmod>det> the	1.0	0.585	taxongroup_comment	Passerine__order
obl<obj>det> the	1.0	0.342	taxongroup_comment	Passerine__order
cc> Corvus	1.0	0.362	taxongroup_comment	Passerine__order
conj<nmod<det> some	1.0	0.543	taxongroup_comment	Passerine__order
conj<nmod<obj< include	1.0	0.64	taxongroup_comment	Passerine__order
nmod<amod> small	1.0	0.511	taxongroup_comment	Passerine__order
nmod<nmod> bird	1.0	0.579	taxongroup_comment	Passerine__order
nmod<amod> other	1.0	0.483	taxongroup_comment	Passerine__order
nmod<obl<cc> but	1.0	0.295	taxongroup_comment	Passerine__order
nmod<obl<nsubj:pass> it	1.0	0.536	taxongroup_comment	Passerine__order
nmod<case> with	1.0	0.552	taxongroup_comment	Passerine__order
case> such	1.0	0.849	taxongroup_comment	Passerine__order
case>fixed> as	1.0	0.454	taxongroup_comment	Passerine__order
nmod<appos>det> the	1.0	0.541	taxongroup_comment	Passerine__order
nmod<nmod<cop> be	1.0	0.282	taxongroup_comment	Passerine__order
nmod>nmod>amod> same	1.0	0.411	taxongroup_comment	Passerine__order
conj>xcomp>mark> to	1.0	0.538	taxongroup_comment	Passerine__order
nmod<conj<cop> be	1.0	0.355	taxongroup_comment	Passerine__order
amod> western	1.0	0.721	taxongroup_comment	Passerine__order
acl:relcl>obj>conj> raven	1.0	0.606	taxongroup_comment	Passerine__order
conj>amod> european	1.0	0.509	taxongroup_comment	Passerine__order
acl:relcl> contain	1.0	0.287	taxongroup_comment	Passerine__order
det> this	1.0	0.675	taxongroup_comment	Passerine__order
compound<nmod<nmod:poss> he	1.0	0.486	taxongroup_comment	Passerine__order
compound<case> for	1.0	0.274	taxongroup_comment	Passerine__order
appos<case> as	1.0	0.583	taxongroup_comment	Passerine__order
appos<amod> Eurasian	1.0	0.376	taxongroup_comment	Passerine__order
compound<case> as	1.0	0.109	taxongroup_comment	Passerine__order
conj>acl:relcl>nsubj> which	1.0	0.304	taxongroup_comment	Passerine__order
conj>acl:relcl>cop> be	1.0	0.569	taxongroup_comment	Passerine__order
nmod> country	1.0	0.383	taxongroup_comment	Passerine__order
conj<xcomp<advcl< present	1.0	0.272	taxongroup_comment	Passerine__order
conj<xcomp< believe	1.0	0.521	taxongroup_comment	Passerine__order
conj<mark> to	1.0	0.361	taxongroup_comment	Passerine__order
conj<nmod> bird	1.0	0.468	taxongroup_comment	Passerine__order
conj<nmod>acl> liberate	1.0	0.401	taxongroup_comment	Passerine__order
conj<nmod>case> along	1.0	0.571	taxongroup_comment	Passerine__order
conj<nmod>case> with	1.0	0.566	taxongroup_comment	Passerine__order
conj<nmod>compound> european	1.0	0.448	taxongroup_comment	Passerine__order
conj<nmod> goldfinch	1.0	0.366	taxongroup_comment	Passerine__order
advcl>nsubj> they	1.0	0.492	taxongroup_comment	Passerine__order
list< orientalis	1.0	0.41	taxongroup_comment	Passerine__order
list<flat> Rook	1.0	0.344	taxongroup_comment	Passerine__order
list<list>compound> monedula	1.0	0.271	taxongroup_comment	Passerine__order
list<list>amod> tail	1.0	0.303	taxongroup_comment	Passerine__order
list<list> raven	1.0	0.388	taxongroup_comment	Passerine__order
list<obl:npmod< neck	1.0	0.288	taxongroup_comment	Passerine__order
list<obl:npmod<amod< raven	1.0	0.343	taxongroup_comment	Passerine__order
compound<conj<conj< crow	1.0	0.495	taxongroup_comment	Passerine__order
compound<conj<cc> Corvus	1.0	0.298	taxongroup_comment	Passerine__order
compound<nmod:poss> levaillantii	1.0	0.189	taxongroup_comment	Passerine__order
compound<conj<amod> Collar	1.0	0.373	taxongroup_comment	Passerine__order
compound<conj< crow	1.0	0.585	taxongroup_comment	Passerine__order
list<compound>appos> corone	1.0	0.346	taxongroup_comment	Passerine__order
list<compound>list> Corvus	1.0	0.396	taxongroup_comment	Passerine__order
list<compound>appos> cornix	1.0	0.42	taxongroup_comment	Passerine__order
nmod>conj>cc> or	1.0	0.431	taxongroup_comment	Passerine__order
nmod>compound> carrion	1.0	0.426	taxongroup_comment	Passerine__order
nmod> crow	1.0	0.768	taxongroup_comment	Passerine__order
list<compound>conj> species	1.0	0.276	taxongroup_comment	Passerine__order
nmod<conj>det> the	1.0	0.473	taxongroup_comment	Passerine__order
list<compound>cc> Corvus	1.0	0.344	taxongroup_comment	Passerine__order
list<compound>nmod:poss> kubaryi	1.0	0.343	taxongroup_comment	Passerine__order
list<compound>compound> species	1.0	0.425	taxongroup_comment	Passerine__order
list<compound>amod> jungle	1.0	0.348	taxongroup_comment	Passerine__order
list<compound> crow	1.0	0.397	taxongroup_comment	Passerine__order
compound<compound< species	1.0	0.234	taxongroup_comment	Passerine__order
list<conj>cc> and	1.0	0.294	taxongroup_comment	Passerine__order
conj<conj> jay	1.0	0.893	taxongroup_comment	Passerine__order
advmod> particularly	1.0	0.392	taxongroup_comment	Passerine__order
obl<obl>case> with	1.0	0.373	taxongroup_comment	Passerine__order
nsubj:pass<aux> have	1.0	0.328	taxongroup_comment	Passerine__order
nsubj:pass<obl>case> for	1.0	0.613	taxongroup_comment	Passerine__order
acl:relcl> lack	1.0	0.317	taxongroup_comment	Passerine__order
appos<nsubj>det> the	1.0	0.429	taxongroup_comment	Passerine__order
obj<xcomp>mark> to	1.0	0.216	taxongroup_comment	Passerine__order
nsubj> it	1.0	0.471	taxongroup_comment	Passerine__order
amod>advmod> very	1.0	0.434	taxongroup_comment	Passerine__order
conj>aux:pass> be	1.0	0.254	taxongroup_comment	Passerine__order
conj>obl>case> in	1.0	0.422	taxongroup_comment	Passerine__order
obj<acl<det> a	1.0	0.314	taxongroup_comment	Passerine__order
parataxis<cop> be	1.0	0.377	taxongroup_comment	Passerine__order
parataxis<conj>cc> and	1.0	0.348	taxongroup_comment	Passerine__order
parataxis<conj>det> a	1.0	0.335	taxongroup_comment	Passerine__order
obj<acl<case> of	1.0	0.233	taxongroup_comment	Passerine__order
obj<nsubj> that	1.0	0.446	taxongroup_comment	Passerine__order
nmod<amod> common	1.0	0.366	taxongroup_comment	Passerine__order
case> on	1.0	0.889	taxongroup_comment	Passerine__order
compound<appos<amod> Eurasian	1.0	0.267	taxongroup_comment	Passerine__order
conj<conj> tits	1.0	0.908	taxongroup_comment	Passerine__order
conj<advcl>mark> although	1.0	0.343	taxongroup_comment	Passerine__order
conj<advcl>nsubj> sighting	1.0	0.265	taxongroup_comment	Passerine__order
conj<advcl> pre-date	1.0	0.427	taxongroup_comment	Passerine__order
conj<advcl>obj> date	1.0	0.577	taxongroup_comment	Passerine__order
compound<nmod<amod> common	1.0	0.432	taxongroup_comment	Passerine__order
appos<nsubj< come	1.0	0.397	taxongroup_comment	Passerine__order
compound<appos<case> of	1.0	0.288	taxongroup_comment	Passerine__order
nsubj> they	1.0	0.493	taxongroup_comment	Passerine__order
compound<appos<amod> common	1.0	0.241	taxongroup_comment	Passerine__order
compound<obl<nsubj> that	1.0	0.393	taxongroup_comment	Passerine__order
compound<case> from	1.0	0.154	taxongroup_comment	Passerine__order
nmod>amod> nominate	1.0	0.401	taxongroup_comment	Passerine__order
nmod<nmod>case> by	1.0	0.296	taxongroup_comment	Passerine__order
obj<advmod> perhaps	1.0	0.516	taxongroup_comment	Passerine__order
obj<nsubj>det> the	1.0	0.3	taxongroup_comment	Passerine__order
obj<aux> be	1.0	0.485	taxongroup_comment	Passerine__order
obj<obl>det> the	1.0	0.528	taxongroup_comment	Passerine__order
obl<nsubj>amod> common	1.0	0.281	taxongroup_comment	Passerine__order
obl<aux> can	1.0	0.416	taxongroup_comment	Passerine__order
conj>obl>det> ...	1.0	0.291	taxongroup_comment	Passerine__order
amod> ...	177.0	0.774	taxongroup_topic	Passerine__order
conj<conj> ...	162.0	0.851	taxongroup_topic	Passerine__order
det> ...	101.0	0.696	taxongroup_topic	Passerine__order
det> the	87.0	0.763	taxongroup_topic	Passerine__order
conj<conj>amod> ...	81.0	0.654	taxongroup_topic	Passerine__order
conj<conj>cc> ...	71.0	0.493	taxongroup_topic	Passerine__order
conj> ...	63.0	0.757	taxongroup_topic	Passerine__order
conj< ...	63.0	0.407	taxongroup_topic	Passerine__order
case> ...	61.0	0.857	taxongroup_topic	Passerine__order
nsubj< ...	54.0	0.796	taxongroup_topic	Passerine__order
compound> ...	52.0	0.344	taxongroup_topic	Passerine__order
amod> european	50.0	0.781	taxongroup_topic	Passerine__order
conj<conj>cc> Acrocephalus	46.0	0.683	taxongroup_topic	Passerine__order
appos> ...	45.0	0.446	taxongroup_topic	Passerine__order
conj>cc> ...	44.0	0.656	taxongroup_topic	Passerine__order
cc> ...	39.0	0.317	taxongroup_topic	Passerine__order
nsubj<cop> ...	37.0	0.579	taxongroup_topic	Passerine__order
nsubj<cop> be	37.0	0.584	taxongroup_topic	Passerine__order
nmod< ...	35.0	0.479	taxongroup_topic	Passerine__order
conj<amod> ...	35.0	0.71	taxongroup_topic	Passerine__order
conj<conj>compound> ...	34.0	0.497	taxongroup_topic	Passerine__order
conj<conj> warbler	32.0	0.874	taxongroup_topic	Passerine__order
conj<compound<appos> ...	32.0	0.53	taxongroup_topic	Passerine__order
conj>amod> ...	29.0	0.503	taxongroup_topic	Passerine__order
nsubj:pass<obl> ...	25.0	0.59	taxongroup_topic	Passerine__order
conj>cc> Acrocephalus	25.0	0.741	taxongroup_topic	Passerine__order
nsubj:pass<obl>case> ...	25.0	0.65	taxongroup_topic	Passerine__order
amod> ree	25.0	0.8	taxongroup_topic	Passerine__order
conj<compound<conj> ...	24.0	0.494	taxongroup_topic	Passerine__order
case> of	24.0	0.846	taxongroup_topic	Passerine__order
compound< ...	23.0	0.339	taxongroup_topic	Passerine__order
nsubj<nmod>case> ...	23.0	0.287	taxongroup_topic	Passerine__order
nsubj<amod> ...	23.0	0.289	taxongroup_topic	Passerine__order
appos<conj> ...	23.0	0.705	taxongroup_topic	Passerine__order
obj< ...	23.0	0.303	taxongroup_topic	Passerine__order
nsubj<conj> ...	23.0	0.351	taxongroup_topic	Passerine__order
nsubj<nmod> ...	22.0	0.339	taxongroup_topic	Passerine__order
flat<conj<conj> ...	22.0	0.438	taxongroup_topic	Passerine__order
nmod<det> ...	22.0	0.579	taxongroup_topic	Passerine__order
nmod<amod> ...	21.0	0.425	taxongroup_topic	Passerine__order
appos<appos> ...	21.0	0.599	taxongroup_topic	Passerine__order
conj<appos> ...	21.0	0.557	taxongroup_topic	Passerine__order
conj<obl:npmod<conj> ...	20.0	0.469	taxongroup_topic	Passerine__order
nsubj<det> ...	20.0	0.544	taxongroup_topic	Passerine__order
conj<conj>flat> ...	20.0	0.649	taxongroup_topic	Passerine__order
nsubj:pass< ...	19.0	0.413	taxongroup_topic	Passerine__order
cc> Acrocephalus	19.0	0.331	taxongroup_topic	Passerine__order
nsubj:pass<aux:pass> ...	19.0	0.755	taxongroup_topic	Passerine__order
nsubj:pass<aux:pass> be	19.0	0.755	taxongroup_topic	Passerine__order
amod> common	18.0	0.838	taxongroup_topic	Passerine__order
conj<conj>amod> ree	18.0	0.827	taxongroup_topic	Passerine__order
appos<compound>conj> ...	18.0	0.646	taxongroup_topic	Passerine__order
conj<conj>cc> and	17.0	0.429	taxongroup_topic	Passerine__order
nmod<det> the	17.0	0.636	taxongroup_topic	Passerine__order
conj<det> ...	17.0	0.229	taxongroup_topic	Passerine__order
flat<conj<appos> ...	16.0	0.265	taxongroup_topic	Passerine__order
conj< warbler	16.0	0.385	taxongroup_topic	Passerine__order
conj<det> the	16.0	0.28	taxongroup_topic	Passerine__order
nsubj<det> a	15.0	0.562	taxongroup_topic	Passerine__order
appos>compound> ...	15.0	0.502	taxongroup_topic	Passerine__order
appos< ...	14.0	0.331	taxongroup_topic	Passerine__order
conj<case> ...	14.0	0.422	taxongroup_topic	Passerine__order
nsubj<nmod>det> ...	14.0	0.452	taxongroup_topic	Passerine__order
nsubj<obj> ...	14.0	0.18	taxongroup_topic	Passerine__order
nsubj<conj>cc> ...	13.0	0.528	taxongroup_topic	Passerine__order
conj> warbler	13.0	0.897	taxongroup_topic	Passerine__order
conj>compound> ...	13.0	0.256	taxongroup_topic	Passerine__order
conj<nmod<amod> ...	13.0	0.3	taxongroup_topic	Passerine__order
nsubj<compound> ...	12.0	0.444	taxongroup_topic	Passerine__order
cc> and	12.0	0.439	taxongroup_topic	Passerine__order
conj<obl:npmod>conj> warbler	12.0	0.779	taxongroup_topic	Passerine__order
obl< ...	12.0	0.349	taxongroup_topic	Passerine__order
conj<compound<conj> Corvus	12.0	0.497	taxongroup_topic	Passerine__order
conj<compound<appos> Corvus	12.0	0.589	taxongroup_topic	Passerine__order
conj<compound<appos> crow	12.0	0.503	taxongroup_topic	Passerine__order
conj<conj> crow	12.0	0.928	taxongroup_topic	Passerine__order
conj<nsubj<amod> ...	12.0	0.401	taxongroup_topic	Passerine__order
conj<obl:npmod>conj> ...	12.0	0.779	taxongroup_topic	Passerine__order
nsubj<advmod> ...	12.0	0.65	taxongroup_topic	Passerine__order
conj<obl:npmod<conj> warbler	12.0	0.48	taxongroup_topic	Passerine__order
obj<nsubj> ...	12.0	0.421	taxongroup_topic	Passerine__order
conj<compound>conj> ...	12.0	0.504	taxongroup_topic	Passerine__order
nmod>case> ...	12.0	0.904	taxongroup_topic	Passerine__order
appos<conj>flat> ...	12.0	0.341	taxongroup_topic	Passerine__order
nmod> ...	12.0	0.561	taxongroup_topic	Passerine__order
appos<conj>amod> ...	12.0	0.368	taxongroup_topic	Passerine__order
nmod<case> ...	12.0	0.567	taxongroup_topic	Passerine__order
nsubj<obl>case> ...	11.0	0.74	taxongroup_topic	Passerine__order
nsubj:pass<obl>nmod> ...	11.0	0.484	taxongroup_topic	Passerine__order
conj<parataxis<conj> ...	11.0	0.25	taxongroup_topic	Passerine__order
list> ...	11.0	0.372	taxongroup_topic	Passerine__order
nsubj< bird	11.0	0.912	taxongroup_topic	Passerine__order
amod> Eurasian	11.0	0.815	taxongroup_topic	Passerine__order
nsubj<obl> ...	11.0	0.366	taxongroup_topic	Passerine__order
nsubj<nmod>det> the	11.0	0.452	taxongroup_topic	Passerine__order
conj>cc> and	10.0	0.708	taxongroup_topic	Passerine__order
conj<nsubj< ...	10.0	0.245	taxongroup_topic	Passerine__order
nsubj<conj>cc> and	10.0	0.701	taxongroup_topic	Passerine__order
nsubj<nmod>nmod> ...	10.0	0.254	taxongroup_topic	Passerine__order
compound> carrion	10.0	0.349	taxongroup_topic	Passerine__order
conj<compound<list> ...	10.0	0.487	taxongroup_topic	Passerine__order
nsubj<nmod>case> of	10.0	0.357	taxongroup_topic	Passerine__order
appos<conj>cc> ...	10.0	0.499	taxongroup_topic	Passerine__order
nsubj:pass<obl>amod> ...	10.0	0.476	taxongroup_topic	Passerine__order
det> a	10.0	0.764	taxongroup_topic	Passerine__order
list> bird	10.0	0.393	taxongroup_topic	Passerine__order
conj<obj< ...	9.0	0.361	taxongroup_topic	Passerine__order
appos<compound<list> ...	9.0	0.376	taxongroup_topic	Passerine__order
appos<compound>conj> crow	9.0	0.766	taxongroup_topic	Passerine__order
conj<compound> ...	9.0	0.31	taxongroup_topic	Passerine__order
appos<appos> Corvus	9.0	0.713	taxongroup_topic	Passerine__order
conj< crow	9.0	0.443	taxongroup_topic	Passerine__order
nsubj<advcl> ...	9.0	0.417	taxongroup_topic	Passerine__order
conj>det> ...	9.0	0.39	taxongroup_topic	Passerine__order
nsubj<nmod>compound> ...	9.0	0.195	taxongroup_topic	Passerine__order
nsubj<nmod>case> in	9.0	0.304	taxongroup_topic	Passerine__order
appos<conj> Corvus	9.0	0.712	taxongroup_topic	Passerine__order
conj<conj> Acrocephalus	9.0	0.75	taxongroup_topic	Passerine__order
list<list<appos> ...	8.0	0.352	taxongroup_topic	Passerine__order
flat<compound>appos> ...	8.0	0.373	taxongroup_topic	Passerine__order
nsubj<nmod>amod> ...	8.0	0.399	taxongroup_topic	Passerine__order
nsubj:pass<advmod> ...	8.0	0.531	taxongroup_topic	Passerine__order
nsubj:pass<obl>case> in	8.0	0.688	taxongroup_topic	Passerine__order
obj<obl> ...	8.0	0.289	taxongroup_topic	Passerine__order
compound<det> ...	8.0	0.669	taxongroup_topic	Passerine__order
conj>appos>amod> ...	8.0	0.328	taxongroup_topic	Passerine__order
conj<conj>flat> crow	8.0	0.609	taxongroup_topic	Passerine__order
conj<conj>amod> common	8.0	0.749	taxongroup_topic	Passerine__order
conj<compound<conj> crow	8.0	0.594	taxongroup_topic	Passerine__order
list<compound>appos> ...	8.0	0.399	taxongroup_topic	Passerine__order
conj<obj<nsubj> ...	8.0	0.254	taxongroup_topic	Passerine__order
conj>det> the	8.0	0.421	taxongroup_topic	Passerine__order
obj<conj< ...	8.0	0.286	taxongroup_topic	Passerine__order
obj<obl>case> ...	8.0	0.236	taxongroup_topic	Passerine__order
nsubj<advcl>advmod> ...	7.0	0.421	taxongroup_topic	Passerine__order
nsubj<aux> ...	7.0	0.548	taxongroup_topic	Passerine__order
compound<det> the	7.0	0.621	taxongroup_topic	Passerine__order
conj>obj>conj> ...	7.0	0.345	taxongroup_topic	Passerine__order
conj<appos>compound> ...	7.0	0.374	taxongroup_topic	Passerine__order
flat<conj<amod> ...	7.0	0.298	taxongroup_topic	Passerine__order
compound<nmod>case> ...	7.0	0.424	taxongroup_topic	Passerine__order
compound<amod> ...	7.0	0.23	taxongroup_topic	Passerine__order
conj<nmod>case> ...	7.0	0.513	taxongroup_topic	Passerine__order
obj<obl>case> in	7.0	0.244	taxongroup_topic	Passerine__order
conj<conj>case> ...	7.0	0.224	taxongroup_topic	Passerine__order
compound>compound> ...	7.0	0.234	taxongroup_topic	Passerine__order
flat< ...	7.0	0.223	taxongroup_topic	Passerine__order
obj< ree	7.0	0.387	taxongroup_topic	Passerine__order
compound<nmod> ...	7.0	0.217	taxongroup_topic	Passerine__order
nsubj<appos> ...	7.0	0.27	taxongroup_topic	Passerine__order
nsubj:pass<obl>nmod:poss> ...	7.0	0.24	taxongroup_topic	Passerine__order
conj<conj> raven	7.0	0.928	taxongroup_topic	Passerine__order
compound>conj> ...	7.0	0.259	taxongroup_topic	Passerine__order
conj<nsubj> ...	7.0	0.201	taxongroup_topic	Passerine__order
flat<conj<conj> crow	7.0	0.546	taxongroup_topic	Passerine__order
appos<cc> ...	7.0	0.498	taxongroup_topic	Passerine__order
nsubj<nmod> bird	7.0	0.446	taxongroup_topic	Passerine__order
case> for	7.0	0.779	taxongroup_topic	Passerine__order
conj<nmod< ...	7.0	0.2	taxongroup_topic	Passerine__order
obj<cc> ...	6.0	0.267	taxongroup_topic	Passerine__order
conj<nsubj<cop> be	6.0	0.48	taxongroup_topic	Passerine__order
appos<conj> crow	6.0	0.762	taxongroup_topic	Passerine__order
obj<nsubj>conj> ...	6.0	0.377	taxongroup_topic	Passerine__order
compound<conj> ...	6.0	0.393	taxongroup_topic	Passerine__order
conj<appos> crow	6.0	0.747	taxongroup_topic	Passerine__order
conj<conj>appos> ...	6.0	0.38	taxongroup_topic	Passerine__order
conj<appos> Corvus	6.0	0.69	taxongroup_topic	Passerine__order
flat<conj<appos> crow	6.0	0.316	taxongroup_topic	Passerine__order
conj>nsubj> ...	6.0	0.372	taxongroup_topic	Passerine__order
compound<appos<nmod> ...	6.0	0.323	taxongroup_topic	Passerine__order
compound> song	6.0	0.454	taxongroup_topic	Passerine__order
nsubj:pass<obl>det> ...	6.0	0.611	taxongroup_topic	Passerine__order
compound<appos< ...	6.0	0.467	taxongroup_topic	Passerine__order
list<compound>conj> ...	6.0	0.373	taxongroup_topic	Passerine__order
appos<compound>amod> ...	6.0	0.385	taxongroup_topic	Passerine__order
obj<cc> Acrocephalus	6.0	0.299	taxongroup_topic	Passerine__order
conj<obl< ...	6.0	0.33	taxongroup_topic	Passerine__order
conj<parataxis<flat> ...	6.0	0.509	taxongroup_topic	Passerine__order
conj<conj>conj> ...	6.0	0.365	taxongroup_topic	Passerine__order
appos<appos> crow	6.0	0.795	taxongroup_topic	Passerine__order
nsubj<obl>det> ...	6.0	0.613	taxongroup_topic	Passerine__order
appos<conj>flat> crow	6.0	0.53	taxongroup_topic	Passerine__order
nsubj<acl:relcl>obl> ...	6.0	0.289	taxongroup_topic	Passerine__order
conj<conj> Corvus	6.0	0.906	taxongroup_topic	Passerine__order
conj<appos>amod> ...	6.0	0.27	taxongroup_topic	Passerine__order
conj<compound>conj> crow	6.0	0.577	taxongroup_topic	Passerine__order
conj>cc> or	6.0	0.706	taxongroup_topic	Passerine__order
nmod<appos> ...	6.0	0.342	taxongroup_topic	Passerine__order
nmod:poss> ...	6.0	0.248	taxongroup_topic	Passerine__order
compound<appos< bird	6.0	0.466	taxongroup_topic	Passerine__order
conj>advmod> ...	6.0	0.335	taxongroup_topic	Passerine__order
compound<appos<nmod> paradise	6.0	0.494	taxongroup_topic	Passerine__order
conj>flat> ...	6.0	0.282	taxongroup_topic	Passerine__order
conj<nsubj<det> ...	6.0	0.332	taxongroup_topic	Passerine__order
conj<compound<list> Corvus	6.0	0.503	taxongroup_topic	Passerine__order
list<list<conj> ...	6.0	0.715	taxongroup_topic	Passerine__order
conj<nsubj<cop> ...	6.0	0.48	taxongroup_topic	Passerine__order
conj>appos> ...	6.0	0.278	taxongroup_topic	Passerine__order
nsubj<advcl>mark> ...	6.0	0.516	taxongroup_topic	Passerine__order
flat<compound>conj> ...	6.0	0.203	taxongroup_topic	Passerine__order
conj<cop> ...	6.0	0.625	taxongroup_topic	Passerine__order
nsubj<acl:relcl> ...	6.0	0.461	taxongroup_topic	Passerine__order
flat<conj<appos> Corvus	6.0	0.232	taxongroup_topic	Passerine__order
nsubj<conj>amod> ...	6.0	0.472	taxongroup_topic	Passerine__order
conj<amod> ree	6.0	0.663	taxongroup_topic	Passerine__order
nmod<obl< ...	6.0	0.238	taxongroup_topic	Passerine__order
conj<compound< ...	6.0	0.396	taxongroup_topic	Passerine__order
advmod> ...	6.0	0.364	taxongroup_topic	Passerine__order
nsubj<obj>amod> ...	6.0	0.362	taxongroup_topic	Passerine__order
nmod<nmod< ...	6.0	0.478	taxongroup_topic	Passerine__order
nsubj<acl:relcl>nsubj> ...	6.0	0.355	taxongroup_topic	Passerine__order
conj<nsubj<det> a	5.0	0.307	taxongroup_topic	Passerine__order
obj<nsubj>amod> ...	5.0	0.312	taxongroup_topic	Passerine__order
nmod<obj< ...	5.0	0.479	taxongroup_topic	Passerine__order
nsubj:pass<obl>det> the	5.0	0.636	taxongroup_topic	Passerine__order
nmod>det> ...	5.0	0.343	taxongroup_topic	Passerine__order
conj<conj>flat> warbler	5.0	0.613	taxongroup_topic	Passerine__order
obj<conj> ...	5.0	0.238	taxongroup_topic	Passerine__order
conj<conj>case> melanopogon	5.0	0.256	taxongroup_topic	Passerine__order
obj<mark> ...	5.0	0.468	taxongroup_topic	Passerine__order
conj<nsubj<compound> ...	5.0	0.26	taxongroup_topic	Passerine__order
obl<aux:pass> be	5.0	0.332	taxongroup_topic	Passerine__order
appos<amod> ...	5.0	0.409	taxongroup_topic	Passerine__order
nsubj<obl>nmod> ...	5.0	0.274	taxongroup_topic	Passerine__order
obl<aux:pass> ...	5.0	0.332	taxongroup_topic	Passerine__order
conj<cop> be	5.0	0.579	taxongroup_topic	Passerine__order
flat<conj<conj> warbler	5.0	0.485	taxongroup_topic	Passerine__order
compound<nmod>compound> ...	5.0	0.255	taxongroup_topic	Passerine__order
nsubj<conj>obj> ...	5.0	0.431	taxongroup_topic	Passerine__order
conj<nsubj< bird	5.0	0.276	taxongroup_topic	Passerine__order
nsubj<obj>det> ...	5.0	0.447	taxongroup_topic	Passerine__order
nsubj<det> the	5.0	0.522	taxongroup_topic	Passerine__order
nsubj:pass<conj> ...	5.0	0.497	taxongroup_topic	Passerine__order
nsubj<cc> ...	5.0	0.361	taxongroup_topic	Passerine__order
nsubj<aux> can	5.0	0.573	taxongroup_topic	Passerine__order
conj>amod>conj> ...	5.0	0.392	taxongroup_topic	Passerine__order
nmod<compound> ...	5.0	0.251	taxongroup_topic	Passerine__order
nmod<case> of	5.0	0.641	taxongroup_topic	Passerine__order
compound<appos<compound> ...	5.0	0.278	taxongroup_topic	Passerine__order
flat<conj< ...	5.0	0.309	taxongroup_topic	Passerine__order
conj<conj>det> ...	5.0	0.5	taxongroup_topic	Passerine__order
nsubj<amod> common	5.0	0.434	taxongroup_topic	Passerine__order
conj<conj>amod> Aquatic	5.0	0.57	taxongroup_topic	Passerine__order
cc> or	5.0	0.459	taxongroup_topic	Passerine__order
nmod>compound> ...	5.0	0.338	taxongroup_topic	Passerine__order
conj>compound>flat> ...	5.0	0.513	taxongroup_topic	Passerine__order
obj<conj<conj> ...	5.0	0.36	taxongroup_topic	Passerine__order
nsubj:pass<obl>compound> ...	5.0	0.299	taxongroup_topic	Passerine__order
flat<compound<conj> ...	5.0	0.272	taxongroup_topic	Passerine__order
conj>amod> ree	5.0	0.595	taxongroup_topic	Passerine__order
nsubj> ...	5.0	0.256	taxongroup_topic	Passerine__order
appos<compound> ...	5.0	0.461	taxongroup_topic	Passerine__order
parataxis<conj>cc> ...	5.0	0.314	taxongroup_topic	Passerine__order
nmod:poss< ...	5.0	0.195	taxongroup_topic	Passerine__order
amod>advmod> ...	5.0	0.309	taxongroup_topic	Passerine__order
conj<obl<advmod> ...	5.0	0.329	taxongroup_topic	Passerine__order
conj<case>fixed> ...	5.0	0.5	taxongroup_topic	Passerine__order
conj<nmod<case> ...	5.0	0.538	taxongroup_topic	Passerine__order
parataxis<conj> ...	5.0	0.357	taxongroup_topic	Passerine__order
conj<nmod> ...	5.0	0.351	taxongroup_topic	Passerine__order
nmod:poss>case> ...	5.0	0.31	taxongroup_topic	Passerine__order
conj<conj>compound> paludicola	5.0	0.696	taxongroup_topic	Passerine__order
cop> ...	5.0	0.211	taxongroup_topic	Passerine__order
nsubj<compound> passerine	5.0	0.458	taxongroup_topic	Passerine__order
appos>amod> ...	5.0	0.437	taxongroup_topic	Passerine__order
appos<compound< ...	5.0	0.344	taxongroup_topic	Passerine__order
nmod<conj<conj> ...	5.0	0.248	taxongroup_topic	Passerine__order
obl:npmod<conj>cc> ...	5.0	0.523	taxongroup_topic	Passerine__order
conj<case> such	5.0	0.364	taxongroup_topic	Passerine__order
nmod:poss>case> 's	5.0	0.31	taxongroup_topic	Passerine__order
obl:npmod<conj> ...	5.0	0.368	taxongroup_topic	Passerine__order
conj<conj>obl:npmod> ...	5.0	0.427	taxongroup_topic	Passerine__order
nsubj<obl>conj> ...	5.0	0.391	taxongroup_topic	Passerine__order
conj<case>fixed> as	5.0	0.5	taxongroup_topic	Passerine__order
conj<compound<appos> corone	4.0	0.521	taxongroup_topic	Passerine__order
appos<conj< warbler	4.0	0.287	taxongroup_topic	Passerine__order
appos<cc> Acrocephalus	4.0	0.286	taxongroup_topic	Passerine__order
conj<compound<compound< ...	4.0	0.286	taxongroup_topic	Passerine__order
conj<obj<cc> Acrocephalus	4.0	0.428	taxongroup_topic	Passerine__order
compound<nmod>det> ...	4.0	0.417	taxongroup_topic	Passerine__order
conj<compound<compound< orientalis	4.0	0.286	taxongroup_topic	Passerine__order
nsubj<advcl>obj> ...	4.0	0.432	taxongroup_topic	Passerine__order
conj<nsubj<amod> small	4.0	0.398	taxongroup_topic	Passerine__order
nsubj<nmod>compound> finch	4.0	0.438	taxongroup_topic	Passerine__order
appos>conj> ...	4.0	0.317	taxongroup_topic	Passerine__order
nmod<nmod> ...	4.0	0.524	taxongroup_topic	Passerine__order
conj<nmod<det> ...	4.0	0.569	taxongroup_topic	Passerine__order
advmod> simply	4.0	0.29	taxongroup_topic	Passerine__order
conj<conj>amod> Eurasian	4.0	0.652	taxongroup_topic	Passerine__order
conj<conj> jay	4.0	0.893	taxongroup_topic	Passerine__order
conj<nsubj<nmod> ...	4.0	0.282	taxongroup_topic	Passerine__order
parataxis<conj>cc> Acrocephalus	4.0	0.29	taxongroup_topic	Passerine__order
conj<compound<appos> cornix	4.0	0.538	taxongroup_topic	Passerine__order
appos>conj>cc> ...	4.0	0.423	taxongroup_topic	Passerine__order
nmod<cop> be	4.0	0.247	taxongroup_topic	Passerine__order
nsubj<obl>det> a	4.0	0.653	taxongroup_topic	Passerine__order
parataxis<obl:npmod>conj> warbler	4.0	0.413	taxongroup_topic	Passerine__order
nmod>case> in	4.0	0.984	taxongroup_topic	Passerine__order
conj<compound<amod> jungle	4.0	0.556	taxongroup_topic	Passerine__order
conj<compound<conj> species	4.0	0.449	taxongroup_topic	Passerine__order
appos<conj< ...	4.0	0.174	taxongroup_topic	Passerine__order
conj<compound<nmod:poss> kubaryi	4.0	0.34	taxongroup_topic	Passerine__order
nmod<nsubj< ...	4.0	0.487	taxongroup_topic	Passerine__order
compound<nmod>det> the	4.0	0.448	taxongroup_topic	Passerine__order
conj<nmod< bird	4.0	0.172	taxongroup_topic	Passerine__order
conj<obl:npmod> ...	4.0	0.317	taxongroup_topic	Passerine__order
conj<amod> tropical	4.0	0.569	taxongroup_topic	Passerine__order
conj<conj>nsubj> ...	4.0	0.348	taxongroup_topic	Passerine__order
nsubj<amod>advmod> ...	4.0	0.473	taxongroup_topic	Passerine__order
conj<amod> asian	4.0	0.746	taxongroup_topic	Passerine__order
nmod>det> the	4.0	0.332	taxongroup_topic	Passerine__order
flat<conj<conj> Corvus	4.0	0.443	taxongroup_topic	Passerine__order
parataxis<obl:npmod>conj> ...	4.0	0.413	taxongroup_topic	Passerine__order
conj<nsubj<compound> passerine	4.0	0.259	taxongroup_topic	Passerine__order
nsubj<acl> ...	4.0	0.37	taxongroup_topic	Passerine__order
conj<nsubj> Acrocephalus	4.0	0.21	taxongroup_topic	Passerine__order
nmod<det> a	4.0	0.607	taxongroup_topic	Passerine__order
nmod< species	4.0	0.498	taxongroup_topic	Passerine__order
conj<conj>compound> Corvus	4.0	0.528	taxongroup_topic	Passerine__order
parataxis<conj>amod> ...	4.0	0.482	taxongroup_topic	Passerine__order
cop> be	4.0	0.293	taxongroup_topic	Passerine__order
conj<compound<cc> ...	4.0	0.246	taxongroup_topic	Passerine__order
conj<compound<nmod:poss> ...	4.0	0.34	taxongroup_topic	Passerine__order
conj<compound< crow	4.0	0.358	taxongroup_topic	Passerine__order
conj<compound<amod> ...	4.0	0.556	taxongroup_topic	Passerine__order
nmod<nsubj:pass<aux:pass> be	4.0	0.237	taxongroup_topic	Passerine__order
acl>obl> ...	4.0	0.194	taxongroup_topic	Passerine__order
appos>conj>cc> and	4.0	0.532	taxongroup_topic	Passerine__order
conj<obl:npmod<nsubj> Acrocephalus	4.0	0.462	taxongroup_topic	Passerine__order
conj<obl:npmod<conj> Acrocephalus	4.0	0.469	taxongroup_topic	Passerine__order
nmod<nsubj:pass<aux:pass> ...	4.0	0.237	taxongroup_topic	Passerine__order
conj<obj<conj< ...	4.0	0.249	taxongroup_topic	Passerine__order
conj<obj<cc> ...	4.0	0.414	taxongroup_topic	Passerine__order
conj<obl:npmod<conj> ree	4.0	0.471	taxongroup_topic	Passerine__order
conj<obl:npmod<parataxis> warbler	4.0	0.471	taxongroup_topic	Passerine__order
nmod<nsubj:pass< ...	4.0	0.449	taxongroup_topic	Passerine__order
appos> crow	4.0	0.675	taxongroup_topic	Passerine__order
nsubj<acl:relcl> breed	4.0	0.503	taxongroup_topic	Passerine__order
conj<obl:npmod<compound> Paddyfield	4.0	0.213	taxongroup_topic	Passerine__order
nsubj:pass<conj>cc> ...	4.0	0.282	taxongroup_topic	Passerine__order
conj<obl:npmod< bistrigicep	4.0	0.354	taxongroup_topic	Passerine__order
conj<conj>nmod> ...	4.0	0.191	taxongroup_topic	Passerine__order
conj<amod> Moustach	4.0	0.671	taxongroup_topic	Passerine__order
nsubj:pass<conj>cc> and	4.0	0.297	taxongroup_topic	Passerine__order
compound<case> ...	4.0	0.178	taxongroup_topic	Passerine__order
conj>appos> warbler	4.0	0.39	taxongroup_topic	Passerine__order
conj<compound>amod> ...	4.0	0.496	taxongroup_topic	Passerine__order
compound>amod> ...	4.0	0.442	taxongroup_topic	Passerine__order
conj>obj> warbler	4.0	0.444	taxongroup_topic	Passerine__order
nmod<obj<nsubj> ...	4.0	0.222	taxongroup_topic	Passerine__order
acl>obl>case> ...	4.0	0.312	taxongroup_topic	Passerine__order
nsubj<conj>det> ...	4.0	0.255	taxongroup_topic	Passerine__order
nsubj<acl:relcl>nsubj> that	4.0	0.386	taxongroup_topic	Passerine__order
obj<conj<obj< ree	4.0	0.432	taxongroup_topic	Passerine__order
obl:npmod<conj>amod> ...	4.0	0.39	taxongroup_topic	Passerine__order
acl> ...	4.0	0.441	taxongroup_topic	Passerine__order
obj<conj< warbler	4.0	0.35	taxongroup_topic	Passerine__order
obl:npmod<conj>cc> Acrocephalus	4.0	0.521	taxongroup_topic	Passerine__order
obl<mark> ...	4.0	0.515	taxongroup_topic	Passerine__order
appos>compound> Corvus	4.0	0.39	taxongroup_topic	Passerine__order
conj<nsubj<cc> ...	4.0	0.593	taxongroup_topic	Passerine__order
nmod<nsubj> ...	4.0	0.249	taxongroup_topic	Passerine__order
conj<compound<cc> Corvus	4.0	0.246	taxongroup_topic	Passerine__order
nmod<nmod>case> ...	4.0	0.346	taxongroup_topic	Passerine__order
conj<parataxis<conj> magpie	4.0	0.22	taxongroup_topic	Passerine__order
appos< crow	4.0	0.34	taxongroup_topic	Passerine__order
conj>advmod> simply	4.0	0.405	taxongroup_topic	Passerine__order
case> 's	4.0	0.934	taxongroup_topic	Passerine__order
nsubj<cc> and	4.0	0.384	taxongroup_topic	Passerine__order
obj<conj<obj< ...	4.0	0.432	taxongroup_topic	Passerine__order
obl<acl<appos> ...	4.0	0.338	taxongroup_topic	Passerine__order
nsubj<amod> small	4.0	0.236	taxongroup_topic	Passerine__order
conj<obl:npmod<nsubj> ...	4.0	0.462	taxongroup_topic	Passerine__order
appos<appos>compound> ...	4.0	0.267	taxongroup_topic	Passerine__order
conj<obl:npmod< ...	4.0	0.354	taxongroup_topic	Passerine__order
obj<nsubj>flat> ...	4.0	0.299	taxongroup_topic	Passerine__order
nsubj<obl>amod> ...	4.0	0.315	taxongroup_topic	Passerine__order
conj<obl:npmod<compound> ...	4.0	0.213	taxongroup_topic	Passerine__order
obj<obl>compound> ...	4.0	0.363	taxongroup_topic	Passerine__order
appos> Corvus	4.0	0.634	taxongroup_topic	Passerine__order
nsubj<advcl>obl> ...	4.0	0.301	taxongroup_topic	Passerine__order
appos<appos>amod> ...	4.0	0.191	taxongroup_topic	Passerine__order
nmod<cop> ...	4.0	0.247	taxongroup_topic	Passerine__order
conj>obj> ...	4.0	0.444	taxongroup_topic	Passerine__order
conj<appos< ...	4.0	0.191	taxongroup_topic	Passerine__order
conj<conj>det> the	4.0	0.531	taxongroup_topic	Passerine__order
nsubj:pass<obl>conj> ...	4.0	0.439	taxongroup_topic	Passerine__order
conj<obl:npmod<parataxis> ...	4.0	0.471	taxongroup_topic	Passerine__order
appos<conj>conj> ...	3.0	0.441	taxongroup_topic	Passerine__order
appos<compound> species	3.0	0.676	taxongroup_topic	Passerine__order
appos<compound<list> jackdaw	3.0	0.438	taxongroup_topic	Passerine__order
nsubj:pass< consider	3.0	0.493	taxongroup_topic	Passerine__order
appos> behaviour	3.0	0.534	taxongroup_topic	Passerine__order
appos>conj> ecology	3.0	0.371	taxongroup_topic	Passerine__order
compound<conj< ...	3.0	0.379	taxongroup_topic	Passerine__order
compound<nmod>nmod> ...	3.0	0.169	taxongroup_topic	Passerine__order
appos<nmod:poss> kubaryi	3.0	0.397	taxongroup_topic	Passerine__order
appos<compound<list> raven	3.0	0.386	taxongroup_topic	Passerine__order
appos<appos> corone	3.0	0.691	taxongroup_topic	Passerine__order
appos<list> Corvus	3.0	0.182	taxongroup_topic	Passerine__order
appos<compound>amod> asian	3.0	0.286	taxongroup_topic	Passerine__order
conj<mark> ...	3.0	0.378	taxongroup_topic	Passerine__order
appos> bird	3.0	0.593	taxongroup_topic	Passerine__order
nsubj>det> ...	3.0	0.266	taxongroup_topic	Passerine__order
appos<compound>amod> tropical	3.0	0.595	taxongroup_topic	Passerine__order
appos<compound<list> Corvus	3.0	0.328	taxongroup_topic	Passerine__order
appos<list>list> crow	3.0	0.247	taxongroup_topic	Passerine__order
appos<cc> Corvus	3.0	0.339	taxongroup_topic	Passerine__order
appos<appos> cornix	3.0	0.641	taxongroup_topic	Passerine__order
conj<conj> gull	3.0	0.897	taxongroup_topic	Passerine__order
appos<compound<obl:npmod< neck	3.0	0.338	taxongroup_topic	Passerine__order
ccomp< ...	3.0	0.148	taxongroup_topic	Passerine__order
compound>conj> crow	3.0	0.307	taxongroup_topic	Passerine__order
appos<compound>conj> jackdaw	3.0	0.704	taxongroup_topic	Passerine__order
flat<list> ...	3.0	0.21	taxongroup_topic	Passerine__order
nsubj<appos>det> ...	3.0	0.442	taxongroup_topic	Passerine__order
appos<conj>cc> Corvus	3.0	0.628	taxongroup_topic	Passerine__order
appos<conj>conj> splenden	3.0	0.441	taxongroup_topic	Passerine__order
appos<conj>amod> Collar	3.0	0.561	taxongroup_topic	Passerine__order
flat<compound>appos> crow	3.0	0.393	taxongroup_topic	Passerine__order
list< ...	3.0	0.488	taxongroup_topic	Passerine__order
appos<appos>flat> cornix	3.0	0.484	taxongroup_topic	Passerine__order
appos<conj>amod> Hood	3.0	0.587	taxongroup_topic	Passerine__order
conj>cop> be	3.0	0.226	taxongroup_topic	Passerine__order
appos<conj> species	3.0	0.754	taxongroup_topic	Passerine__order
compound<appos<det> the	3.0	0.221	taxongroup_topic	Passerine__order
conj> Corvus	3.0	0.823	taxongroup_topic	Passerine__order
compound<amod> european	3.0	0.228	taxongroup_topic	Passerine__order
appos<conj>amod> african	3.0	0.362	taxongroup_topic	Passerine__order
appos<conj>compound> North	3.0	0.441	taxongroup_topic	Passerine__order
conj>nmod:poss> ...	3.0	0.307	taxongroup_topic	Passerine__order
obj<ccomp<obl> ...	3.0	0.337	taxongroup_topic	Passerine__order
nmod:poss<amod> ...	3.0	0.178	taxongroup_topic	Passerine__order
nmod<nmod<case> ...	3.0	0.269	taxongroup_topic	Passerine__order
nsubj<parataxis> ...	3.0	0.16	taxongroup_topic	Passerine__order
nsubj<conj>conj> ...	3.0	0.386	taxongroup_topic	Passerine__order
compound<conj>flat> ...	3.0	0.482	taxongroup_topic	Passerine__order
appos<conj>flat> Eurasian	3.0	0.551	taxongroup_topic	Passerine__order
appos<conj>flat> unicolor	3.0	0.415	taxongroup_topic	Passerine__order
flat<compound>appos> Corvus	3.0	0.37	taxongroup_topic	Passerine__order
flat<list>amod> ...	3.0	0.369	taxongroup_topic	Passerine__order
nsubj<mark> ...	3.0	0.436	taxongroup_topic	Passerine__order
appos<amod> jungle	3.0	0.527	taxongroup_topic	Passerine__order
nsubj<ccomp< ...	3.0	0.434	taxongroup_topic	Passerine__order
nsubj< one	3.0	0.804	taxongroup_topic	Passerine__order
nsubj<ccomp<nsubj> ...	3.0	0.287	taxongroup_topic	Passerine__order
nsubj<acl>obl> ...	3.0	0.624	taxongroup_topic	Passerine__order
nmod<obl<obl> ...	3.0	0.521	taxongroup_topic	Passerine__order
appos<nmod:poss> ...	3.0	0.316	taxongroup_topic	Passerine__order
conj<obl<aux:pass> be	3.0	0.26	taxongroup_topic	Passerine__order
obl<conj> ...	3.0	0.341	taxongroup_topic	Passerine__order
nmod<conj< ...	3.0	0.426	taxongroup_topic	Passerine__order
compound>compound> Corvus	3.0	0.341	taxongroup_topic	Passerine__order
case>fixed> ...	3.0	0.477	taxongroup_topic	Passerine__order
nsubj<nmod> family	3.0	0.289	taxongroup_topic	Passerine__order
amod> western	3.0	0.721	taxongroup_topic	Passerine__order
conj> bird	3.0	0.674	taxongroup_topic	Passerine__order
appos>nmod>case> ...	3.0	0.169	taxongroup_topic	Passerine__order
appos>nmod> ...	3.0	0.333	taxongroup_topic	Passerine__order
appos<compound>conj> Coloeus	3.0	0.656	taxongroup_topic	Passerine__order
flat<compound>conj> Corvus	3.0	0.257	taxongroup_topic	Passerine__order
obj<acl< ...	3.0	0.237	taxongroup_topic	Passerine__order
flat<conj<compound< ...	3.0	0.357	taxongroup_topic	Passerine__order
appos<compound>conj> eastern	3.0	0.508	taxongroup_topic	Passerine__order
appos<conj>cc> and	3.0	0.574	taxongroup_topic	Passerine__order
conj<conj>flat> Millerbird	3.0	0.728	taxongroup_topic	Passerine__order
compound> leaf	3.0	0.321	taxongroup_topic	Passerine__order
nsubj<acl:relcl>obl> Europe	3.0	0.316	taxongroup_topic	Passerine__order
conj<conj>obl:npmod> schoenobaenus	3.0	0.451	taxongroup_topic	Passerine__order
appos>compound> Phylloscopus	3.0	0.56	taxongroup_topic	Passerine__order
appos<flat> ...	3.0	0.282	taxongroup_topic	Passerine__order
nsubj<compound> leaf	3.0	0.379	taxongroup_topic	Passerine__order
conj<parataxis<conj> warbler	3.0	0.343	taxongroup_topic	Passerine__order
conj>nsubj>flat> ...	3.0	0.31	taxongroup_topic	Passerine__order
obj<nsubj>appos> ...	3.0	0.512	taxongroup_topic	Passerine__order
conj<conj>acl> ...	3.0	0.419	taxongroup_topic	Passerine__order
compound>flat> ...	3.0	0.234	taxongroup_topic	Passerine__order
conj<nmod:poss> ...	3.0	0.289	taxongroup_topic	Passerine__order
conj<parataxis< ...	3.0	0.462	taxongroup_topic	Passerine__order
nsubj>det> the	3.0	0.373	taxongroup_topic	Passerine__order
parataxis<conj> warbler	3.0	0.435	taxongroup_topic	Passerine__order
parataxis<conj>amod> ree	3.0	0.377	taxongroup_topic	Passerine__order
conj<conj>obj> warbler	3.0	0.241	taxongroup_topic	Passerine__order
obj<conj<nsubj> ...	3.0	0.233	taxongroup_topic	Passerine__order
nsubj<nmod>compound> family	3.0	0.315	taxongroup_topic	Passerine__order
conj<amod< ...	3.0	0.322	taxongroup_topic	Passerine__order
conj<obj<nsubj> Black	3.0	0.362	taxongroup_topic	Passerine__order
conj<amod<cc> ...	3.0	0.259	taxongroup_topic	Passerine__order
conj<amod<conj< ...	3.0	0.618	taxongroup_topic	Passerine__order
obl:npmod<conj> warbler	3.0	0.418	taxongroup_topic	Passerine__order
obl:npmod<conj>amod> ree	3.0	0.472	taxongroup_topic	Passerine__order
conj<nsubj<obj> ...	3.0	0.256	taxongroup_topic	Passerine__order
conj<conj>acl> Speckle	3.0	0.54	taxongroup_topic	Passerine__order
compound<appos<appos> ...	3.0	0.285	taxongroup_topic	Passerine__order
conj<obj< browed	3.0	0.39	taxongroup_topic	Passerine__order
conj<obj<conj< warbler	3.0	0.292	taxongroup_topic	Passerine__order
conj>conj> ...	3.0	0.212	taxongroup_topic	Passerine__order
conj<amod> european	3.0	0.803	taxongroup_topic	Passerine__order
flat<compound<conj> warbler	3.0	0.261	taxongroup_topic	Passerine__order
obl:npmod<conj>compound> ...	3.0	0.373	taxongroup_topic	Passerine__order
conj<obl<nsubj:pass> ...	3.0	0.307	taxongroup_topic	Passerine__order
conj<obl<aux:pass> ...	3.0	0.26	taxongroup_topic	Passerine__order
obj<conj<conj> warbler	3.0	0.471	taxongroup_topic	Passerine__order
conj> ree	3.0	0.728	taxongroup_topic	Passerine__order
conj>appos>amod> ree	3.0	0.565	taxongroup_topic	Passerine__order
conj<conj>nsubj> orientalis	3.0	0.282	taxongroup_topic	Passerine__order
parataxis<conj>compound> ...	3.0	0.276	taxongroup_topic	Passerine__order
appos<nsubj:pass<obl> ...	3.0	0.199	taxongroup_topic	Passerine__order
conj<parataxis>cop> ...	3.0	0.309	taxongroup_topic	Passerine__order
conj<parataxis>nsubj> ...	3.0	0.401	taxongroup_topic	Passerine__order
conj<compound>flat> ...	3.0	0.639	taxongroup_topic	Passerine__order
conj<obl:npmod>amod> ...	3.0	0.627	taxongroup_topic	Passerine__order
obl<nsubj> ...	3.0	0.564	taxongroup_topic	Passerine__order
nmod<nsubj<obl> ...	3.0	0.372	taxongroup_topic	Passerine__order
nmod<nsubj<conj> ...	3.0	0.373	taxongroup_topic	Passerine__order
conj<nmod<obl< ...	3.0	0.529	taxongroup_topic	Passerine__order
conj>cop> ...	3.0	0.226	taxongroup_topic	Passerine__order
conj<parataxis>conj> warbler	3.0	0.358	taxongroup_topic	Passerine__order
list<compound>appos> crow	3.0	0.395	taxongroup_topic	Passerine__order
list<compound>appos> Corvus	3.0	0.497	taxongroup_topic	Passerine__order
list<compound>conj> Corvus	3.0	0.43	taxongroup_topic	Passerine__order
conj<conj> species	3.0	0.81	taxongroup_topic	Passerine__order
nsubj<ccomp<nsubj> study	3.0	0.334	taxongroup_topic	Passerine__order
nsubj<ccomp< show	3.0	0.549	taxongroup_topic	Passerine__order
nsubj<mark> that	3.0	0.469	taxongroup_topic	Passerine__order
acl>obl>det> ...	3.0	0.315	taxongroup_topic	Passerine__order
conj<parataxis>nmod:poss> ...	3.0	0.489	taxongroup_topic	Passerine__order
conj<parataxis>amod> ...	3.0	0.515	taxongroup_topic	Passerine__order
conj<nmod<amod> other	3.0	0.39	taxongroup_topic	Passerine__order
conj<parataxis> ...	3.0	0.155	taxongroup_topic	Passerine__order
conj<parataxis> warbler	3.0	0.201	taxongroup_topic	Passerine__order
conj<parataxis>amod> ree	3.0	0.515	taxongroup_topic	Passerine__order
conj<parataxis>nmod:poss> Blyth	3.0	0.489	taxongroup_topic	Passerine__order
conj<parataxis>cop> avicenniae	3.0	0.309	taxongroup_topic	Passerine__order
conj<parataxis>nsubj> Acrocephalus	3.0	0.439	taxongroup_topic	Passerine__order
conj<conj>appos> scirpaceus	3.0	0.391	taxongroup_topic	Passerine__order
conj<conj>compound> tangorum	3.0	0.551	taxongroup_topic	Passerine__order
conj<compound>flat> warbler	3.0	0.668	taxongroup_topic	Passerine__order
conj<compound> Paddyfield	3.0	0.38	taxongroup_topic	Passerine__order
conj< bistrigicep	3.0	0.325	taxongroup_topic	Passerine__order
conj<obl:npmod> warbler	3.0	0.364	taxongroup_topic	Passerine__order
conj<obl:npmod>amod> Moustach	3.0	0.627	taxongroup_topic	Passerine__order
appos<conj<amod> ...	3.0	0.267	taxongroup_topic	Passerine__order
nsubj<conj>det> a	3.0	0.278	taxongroup_topic	Passerine__order
conj<conj>obj> ...	3.0	0.185	taxongroup_topic	Passerine__order
conj<parataxis>conj> ...	3.0	0.374	taxongroup_topic	Passerine__order
conj<amod<nsubj> ...	3.0	0.38	taxongroup_topic	Passerine__order
conj> raven	3.0	0.756	taxongroup_topic	Passerine__order
list<list<appos> Corvus	3.0	0.301	taxongroup_topic	Passerine__order
nsubj<obl>compound> ...	3.0	0.214	taxongroup_topic	Passerine__order
nsubj<obj>det> a	3.0	0.49	taxongroup_topic	Passerine__order
nsubj< have	3.0	0.891	taxongroup_topic	Passerine__order
nsubj:pass<obl>case> with	3.0	0.678	taxongroup_topic	Passerine__order
obj<advcl< ...	3.0	0.126	taxongroup_topic	Passerine__order
case> from	3.0	0.923	taxongroup_topic	Passerine__order
nsubj<obl>case> to	3.0	0.738	taxongroup_topic	Passerine__order
nsubj<appos>conj> ...	3.0	0.247	taxongroup_topic	Passerine__order
nsubj:pass<advcl> ...	3.0	0.438	taxongroup_topic	Passerine__order
nsubj:pass<advcl>mark> ...	3.0	0.447	taxongroup_topic	Passerine__order
conj<conj>cc> or	3.0	0.44	taxongroup_topic	Passerine__order
compound<obj< ...	3.0	0.515	taxongroup_topic	Passerine__order
case> such	3.0	0.849	taxongroup_topic	Passerine__order
case>fixed> as	3.0	0.454	taxongroup_topic	Passerine__order
conj>amod>conj> warbler	3.0	0.408	taxongroup_topic	Passerine__order
compound>compound>flat> ...	3.0	0.355	taxongroup_topic	Passerine__order
conj<nsubj<conj> ...	3.0	0.394	taxongroup_topic	Passerine__order
list<list<appos> crow	3.0	0.332	taxongroup_topic	Passerine__order
compound<list> ...	3.0	0.508	taxongroup_topic	Passerine__order
nmod<amod> Latin	3.0	0.401	taxongroup_topic	Passerine__order
acl>obl>case> in	3.0	0.365	taxongroup_topic	Passerine__order
nsubj:pass<obl>flat> ...	3.0	0.228	taxongroup_topic	Passerine__order
appos<list>list> ...	3.0	0.247	taxongroup_topic	Passerine__order
nmod< subspecy	3.0	0.479	taxongroup_topic	Passerine__order
obl<xcomp< ...	3.0	0.498	taxongroup_topic	Passerine__order
compound<compound> ...	3.0	0.294	taxongroup_topic	Passerine__order
nsubj:pass<obl>case> by	3.0	0.667	taxongroup_topic	Passerine__order
appos<conj>compound> ...	3.0	0.349	taxongroup_topic	Passerine__order
obl<mark> to	3.0	0.539	taxongroup_topic	Passerine__order
appos<appos>flat> ...	3.0	0.425	taxongroup_topic	Passerine__order
appos<list> ...	3.0	0.179	taxongroup_topic	Passerine__order
appos<compound<flat> ...	3.0	0.483	taxongroup_topic	Passerine__order
compound<appos<det> ...	3.0	0.226	taxongroup_topic	Passerine__order
nsubj:pass<xcomp> ...	3.0	0.184	taxongroup_topic	Passerine__order
appos<compound<obl:npmod< ...	3.0	0.338	taxongroup_topic	Passerine__order
conj<nsubj<amod> common	3.0	0.499	taxongroup_topic	Passerine__order
conj<nsubj<cc> and	3.0	0.567	taxongroup_topic	Passerine__order
conj<advmod> ...	3.0	0.467	taxongroup_topic	Passerine__order
conj<nsubj<amod> widespread	3.0	0.486	taxongroup_topic	Passerine__order
conj<nsubj<nmod> family	3.0	0.283	taxongroup_topic	Passerine__order
compound<list>amod> ...	3.0	0.283	taxongroup_topic	Passerine__order
appos<compound<flat> Rook	3.0	0.483	taxongroup_topic	Passerine__order
conj>amod> common	3.0	0.5	taxongroup_topic	Passerine__order
nsubj<obj>compound> ...	3.0	0.323	taxongroup_topic	Passerine__order
conj<amod<conj< warbler	3.0	0.618	taxongroup_topic	Passerine__order
conj<amod<cc> Acrocephalus	3.0	0.259	taxongroup_topic	Passerine__order
compound>conj>compound> ...	3.0	0.451	taxongroup_topic	Passerine__order
conj<amod<nsubj> sechellensis	3.0	0.38	taxongroup_topic	Passerine__order
conj<amod< Rodrigue	3.0	0.698	taxongroup_topic	Passerine__order
conj<conj>amod> great	3.0	0.733	taxongroup_topic	Passerine__order
obl<acl<amod> ...	3.0	0.206	taxongroup_topic	Passerine__order
nsubj<advcl>nsubj> ...	3.0	0.333	taxongroup_topic	Passerine__order
obl<advmod> ...	3.0	0.321	taxongroup_topic	Passerine__order
nsubj<obj>nmod> ...	3.0	0.407	taxongroup_topic	Passerine__order
obl<advcl>mark> ...	3.0	0.52	taxongroup_topic	Passerine__order
obl<advcl> ...	3.0	0.296	taxongroup_topic	Passerine__order
appos<compound< orientalis	3.0	0.395	taxongroup_topic	Passerine__order
nsubj<obj>conj> ...	3.0	0.648	taxongroup_topic	Passerine__order
conj<conj>conj> familiaris	3.0	0.352	taxongroup_topic	Passerine__order
conj>compound>compound> ...	3.0	0.353	taxongroup_topic	Passerine__order
list<list<conj> Corvus	3.0	0.748	taxongroup_topic	Passerine__order
conj<conj> tits	3.0	0.908	taxongroup_topic	Passerine__order
obj<conj<obj> ...	3.0	0.463	taxongroup_topic	Passerine__order
conj>obj>conj> warbler	3.0	0.316	taxongroup_topic	Passerine__order
obj<conj>cc> ...	3.0	0.169	taxongroup_topic	Passerine__order
obj<conj>obj> ...	3.0	0.295	taxongroup_topic	Passerine__order
obl<advcl>nsubj> ...	3.0	0.305	taxongroup_topic	Passerine__order
nsubj<amod> widespread	3.0	0.396	taxongroup_topic	Passerine__order
obl<acl< ...	3.0	0.209	taxongroup_topic	Passerine__order
appos<conj>cc> Acrocephalus	3.0	0.547	taxongroup_topic	Passerine__order
appos>flat> ...	3.0	0.375	taxongroup_topic	Passerine__order
conj>flat>compound> ...	3.0	0.283	taxongroup_topic	Passerine__order
conj>flat>case> ...	3.0	0.365	taxongroup_topic	Passerine__order
conj<compound<list> raven	2.0	0.487	taxongroup_topic	Passerine__order
nmod<nsubj<cop> be	2.0	0.184	taxongroup_topic	Passerine__order
conj<compound<obl:npmod< neck	2.0	0.381	taxongroup_topic	Passerine__order
appos<appos>compound> carrion	2.0	0.216	taxongroup_topic	Passerine__order
conj<compound<flat> Rook	2.0	0.483	taxongroup_topic	Passerine__order
conj<conj>amod> african	2.0	0.709	taxongroup_topic	Passerine__order
conj<compound<list> jackdaw	2.0	0.499	taxongroup_topic	Passerine__order
conj<appos>compound> carrion	2.0	0.284	taxongroup_topic	Passerine__order
obl<acl<nmod> ...	2.0	0.225	taxongroup_topic	Passerine__order
flat<conj<list> ...	2.0	0.479	taxongroup_topic	Passerine__order
conj<appos>amod> western	2.0	0.373	taxongroup_topic	Passerine__order
conj<appos>compound> Carrion	2.0	0.348	taxongroup_topic	Passerine__order
conj<appos> cornix	2.0	0.485	taxongroup_topic	Passerine__order
list<list<conj> crow	2.0	0.799	taxongroup_topic	Passerine__order
conj<list> Corvus	2.0	0.66	taxongroup_topic	Passerine__order
conj<list>list> crow	2.0	0.36	taxongroup_topic	Passerine__order
conj<appos> corone	2.0	0.612	taxongroup_topic	Passerine__order
conj<appos>amod> Mesopotamian	2.0	0.333	taxongroup_topic	Passerine__order
appos<appos>amod> western	2.0	0.165	taxongroup_topic	Passerine__order
flat<conj<compound> ...	2.0	0.356	taxongroup_topic	Passerine__order
conj<compound< orientalis	2.0	0.509	taxongroup_topic	Passerine__order
flat<conj<nmod:poss> ...	2.0	0.629	taxongroup_topic	Passerine__order
conj<appos>flat> cornix	2.0	0.526	taxongroup_topic	Passerine__order
flat<conj<cc> ...	2.0	0.35	taxongroup_topic	Passerine__order
appos<appos>compound> Carrion	2.0	0.275	taxongroup_topic	Passerine__order
obl<acl<det> ...	2.0	0.543	taxongroup_topic	Passerine__order
conj<obl<nsubj:pass> bird	2.0	0.405	taxongroup_topic	Passerine__order
flat<conj<cc> Corvus	2.0	0.35	taxongroup_topic	Passerine__order
conj<nmod>compound> european	2.0	0.448	taxongroup_topic	Passerine__order
conj<advcl>mark> although	2.0	0.343	taxongroup_topic	Passerine__order
conj<advcl>nsubj> sighting	2.0	0.265	taxongroup_topic	Passerine__order
conj<advcl> pre-date	2.0	0.427	taxongroup_topic	Passerine__order
conj<advcl>obj> date	2.0	0.577	taxongroup_topic	Passerine__order
nmod<nmod>case> in	2.0	0.414	taxongroup_topic	Passerine__order
conj> chaffinch	2.0	0.636	taxongroup_topic	Passerine__order
nsubj:pass<conj>aux:pass> be	2.0	0.375	taxongroup_topic	Passerine__order
nsubj<acl>mark> to	2.0	0.349	taxongroup_topic	Passerine__order
nsubj<advcl>aux> ...	2.0	0.128	taxongroup_topic	Passerine__order
obl<conj>cc> and	2.0	0.639	taxongroup_topic	Passerine__order
nmod<conj< Fringilla	2.0	0.326	taxongroup_topic	Passerine__order
conj<nmod> goldfinch	2.0	0.366	taxongroup_topic	Passerine__order
conj<nmod>case> with	2.0	0.566	taxongroup_topic	Passerine__order
nsubj:pass<advcl>nsubj> ...	2.0	0.259	taxongroup_topic	Passerine__order
conj<nmod>case> along	2.0	0.571	taxongroup_topic	Passerine__order
nsubj:pass<obj>det> ...	2.0	0.369	taxongroup_topic	Passerine__order
nsubj<conj>aux:pass> be	2.0	0.636	taxongroup_topic	Passerine__order
nsubj<obl>det> the	2.0	0.613	taxongroup_topic	Passerine__order
obj<advcl<aux> ...	2.0	0.478	taxongroup_topic	Passerine__order
obj<acl<det> the	2.0	0.353	taxongroup_topic	Passerine__order
nsubj:pass<aux> ...	2.0	0.268	taxongroup_topic	Passerine__order
obj<mark> of	2.0	0.472	taxongroup_topic	Passerine__order
obj< keep	2.0	0.356	taxongroup_topic	Passerine__order
conj<xcomp<advcl< present	2.0	0.272	taxongroup_topic	Passerine__order
conj<xcomp< believe	2.0	0.521	taxongroup_topic	Passerine__order
conj<mark> to	2.0	0.361	taxongroup_topic	Passerine__order
conj<nmod>case> of	2.0	0.487	taxongroup_topic	Passerine__order
conj<nmod> bird	2.0	0.468	taxongroup_topic	Passerine__order
conj<nmod>acl> liberate	2.0	0.401	taxongroup_topic	Passerine__order
nmod<conj<conj> species	2.0	0.237	taxongroup_topic	Passerine__order
nmod<conj<conj> Subfamily	2.0	0.327	taxongroup_topic	Passerine__order
appos<conj<obj< ...	2.0	0.369	taxongroup_topic	Passerine__order
obl:npmod> ...	2.0	0.297	taxongroup_topic	Passerine__order
obl<nsubj>det> ...	2.0	0.428	taxongroup_topic	Passerine__order
nsubj< family	2.0	0.891	taxongroup_topic	Passerine__order
appos<nsubj:pass< ...	2.0	0.292	taxongroup_topic	Passerine__order
appos<nsubj:pass<aux:pass> ...	2.0	0.434	taxongroup_topic	Passerine__order
amod>compound> ...	2.0	0.279	taxongroup_topic	Passerine__order
conj<nsubj>det> the	2.0	0.195	taxongroup_topic	Passerine__order
appos<det> ...	2.0	0.439	taxongroup_topic	Passerine__order
det:predet> all	2.0	0.221	taxongroup_topic	Passerine__order
conj>compound> song	2.0	0.256	taxongroup_topic	Passerine__order
conj> thrush	2.0	0.817	taxongroup_topic	Passerine__order
nsubj<conj> carry	2.0	0.373	taxongroup_topic	Passerine__order
appos<conj<appos< ...	2.0	0.441	taxongroup_topic	Passerine__order
obj< include	2.0	0.415	taxongroup_topic	Passerine__order
nsubj>appos> ...	2.0	0.259	taxongroup_topic	Passerine__order
nsubj<advmod> also	2.0	0.697	taxongroup_topic	Passerine__order
nsubj<conj> Asia	2.0	0.526	taxongroup_topic	Passerine__order
nsubj<conj>amod> central	2.0	0.59	taxongroup_topic	Passerine__order
conj>obl:npmod> ...	2.0	0.301	taxongroup_topic	Passerine__order
conj>case> ...	2.0	0.431	taxongroup_topic	Passerine__order
conj>conj>cc> ...	2.0	0.25	taxongroup_topic	Passerine__order
nsubj<acl:relcl>nsubj> which	2.0	0.347	taxongroup_topic	Passerine__order
nmod:poss<case> ...	2.0	0.39	taxongroup_topic	Passerine__order
appos<compound<conj< ...	2.0	0.311	taxongroup_topic	Passerine__order
obj<obl>det> ...	2.0	0.522	taxongroup_topic	Passerine__order
nmod:poss<nsubj<cop> be	2.0	0.628	taxongroup_topic	Passerine__order
obj<obl>nmod> ...	2.0	0.231	taxongroup_topic	Passerine__order
nmod:poss<obl< ...	2.0	0.429	taxongroup_topic	Passerine__order
nsubj<advcl>mark> when	2.0	0.512	taxongroup_topic	Passerine__order
nsubj:pass<obj> ...	2.0	0.3	taxongroup_topic	Passerine__order
nsubj:pass<advcl>obj> ...	2.0	0.214	taxongroup_topic	Passerine__order
flat<conj<nmod:poss> kubaryi	2.0	0.629	taxongroup_topic	Passerine__order
conj<list>list> ...	2.0	0.36	taxongroup_topic	Passerine__order
conj<appos>flat> ...	2.0	0.436	taxongroup_topic	Passerine__order
conj<cc> ...	2.0	0.376	taxongroup_topic	Passerine__order
nmod<nmod<cc> ...	2.0	0.449	taxongroup_topic	Passerine__order
nmod<nmod<conj< ...	2.0	0.448	taxongroup_topic	Passerine__order
conj<obl<aux> ...	2.0	0.347	taxongroup_topic	Passerine__order
nsubj:pass<obl>case> on	2.0	0.649	taxongroup_topic	Passerine__order
nmod<obl<nsubj> ...	2.0	0.364	taxongroup_topic	Passerine__order
nmod<nmod<amod> ...	2.0	0.332	taxongroup_topic	Passerine__order
nmod<nmod<obl< ...	2.0	0.17	taxongroup_topic	Passerine__order
conj> crow	2.0	0.803	taxongroup_topic	Passerine__order
conj>flat> crow	2.0	0.258	taxongroup_topic	Passerine__order
nsubj<xcomp>obj> ...	2.0	0.542	taxongroup_topic	Passerine__order
nsubj<xcomp> ...	2.0	0.196	taxongroup_topic	Passerine__order
nsubj<xcomp>mark> ...	2.0	0.494	taxongroup_topic	Passerine__order
flat<list>compound> ...	2.0	0.418	taxongroup_topic	Passerine__order
conj<list> ...	2.0	0.654	taxongroup_topic	Passerine__order
conj<compound<flat> ...	2.0	0.483	taxongroup_topic	Passerine__order
amod> male	2.0	0.766	taxongroup_topic	Passerine__order
acl>obl>det> the	2.0	0.359	taxongroup_topic	Passerine__order
flat<conj<compound> species	2.0	0.356	taxongroup_topic	Passerine__order
flat<conj<amod> jungle	2.0	0.294	taxongroup_topic	Passerine__order
flat<conj< crow	2.0	0.34	taxongroup_topic	Passerine__order
flat< Corvus	2.0	0.314	taxongroup_topic	Passerine__order
flat<conj<conj> species	2.0	0.537	taxongroup_topic	Passerine__order
flat<conj<appos> cornix	2.0	0.335	taxongroup_topic	Passerine__order
flat<conj<list> Corvus	2.0	0.479	taxongroup_topic	Passerine__order
flat<conj<appos> corone	2.0	0.388	taxongroup_topic	Passerine__order
flat<conj<compound< orientalis	2.0	0.462	taxongroup_topic	Passerine__order
appos>compound>compound> ...	2.0	0.269	taxongroup_topic	Passerine__order
obl<acl<det> the	2.0	0.513	taxongroup_topic	Passerine__order
amod>obl:npmod> ...	2.0	0.284	taxongroup_topic	Passerine__order
case> as	2.0	0.92	taxongroup_topic	Passerine__order
conj<compound<obl:npmod< ...	2.0	0.381	taxongroup_topic	Passerine__order
nmod<nmod<conj> ...	2.0	0.283	taxongroup_topic	Passerine__order
nmod<nmod<compound> ...	2.0	0.264	taxongroup_topic	Passerine__order
appos<appos>amod> Mesopotamian	2.0	0.371	taxongroup_topic	Passerine__order
obl<aux> have	2.0	0.31	taxongroup_topic	Passerine__order
obl<advcl>mark> as	2.0	0.671	taxongroup_topic	Passerine__order
obl<advcl>nsubj> number	2.0	0.423	taxongroup_topic	Passerine__order
obl<advcl> breed	2.0	0.375	taxongroup_topic	Passerine__order
obl<advcl>obl> Europe	2.0	0.388	taxongroup_topic	Passerine__order
conj<amod> Eurasian	2.0	0.822	taxongroup_topic	Passerine__order
appos>compound> Fringilla	2.0	0.676	taxongroup_topic	Passerine__order
nmod>case> by	2.0	0.752	taxongroup_topic	Passerine__order
compound<appos<obj< ...	2.0	0.282	taxongroup_topic	Passerine__order
nmod<advmod<compound> ...	2.0	0.491	taxongroup_topic	Passerine__order
conj<conj>flat> Eurasian	2.0	0.643	taxongroup_topic	Passerine__order
obl<xcomp< believe	2.0	0.466	taxongroup_topic	Passerine__order
obl<xcomp<aux:pass> be	2.0	0.31	taxongroup_topic	Passerine__order
obl<xcomp<nsubj:pass> spread	2.0	0.32	taxongroup_topic	Passerine__order
nmod<acl> know	2.0	0.579	taxongroup_topic	Passerine__order
compound<conj>cc> ...	2.0	0.309	taxongroup_topic	Passerine__order
nmod<obl<aux:pass> ...	2.0	0.248	taxongroup_topic	Passerine__order
nmod<obl<nsubj:pass> ...	2.0	0.421	taxongroup_topic	Passerine__order
nmod<appos>flat> ...	2.0	0.292	taxongroup_topic	Passerine__order
nmod<conj> ...	2.0	0.433	taxongroup_topic	Passerine__order
nmod<conj>amod> ...	2.0	0.437	taxongroup_topic	Passerine__order
nmod<conj>det> ...	2.0	0.473	taxongroup_topic	Passerine__order
compound<nmod< ...	2.0	0.295	taxongroup_topic	Passerine__order
nsubj:pass<advmod> often	2.0	0.519	taxongroup_topic	Passerine__order
nmod<nmod>det> ...	2.0	0.396	taxongroup_topic	Passerine__order
nsubj:pass<xcomp>det> a	2.0	0.351	taxongroup_topic	Passerine__order
compound<obl<nmod> ...	2.0	0.348	taxongroup_topic	Passerine__order
compound<obl<amod> ...	2.0	0.411	taxongroup_topic	Passerine__order
compound<appos<case> ...	2.0	0.259	taxongroup_topic	Passerine__order
conj<conj>compound> North	2.0	0.408	taxongroup_topic	Passerine__order
nmod<appos>compound> ...	2.0	0.238	taxongroup_topic	Passerine__order
conj<conj>flat> unicolor	2.0	0.671	taxongroup_topic	Passerine__order
nmod<nsubj:pass<obl> ...	2.0	0.279	taxongroup_topic	Passerine__order
nsubj:pass<advcl< ...	2.0	0.352	taxongroup_topic	Passerine__order
conj<nmod< species	2.0	0.316	taxongroup_topic	Passerine__order
conj<nmod<det> some	2.0	0.543	taxongroup_topic	Passerine__order
obj<nsubj> warbler	2.0	0.556	taxongroup_topic	Passerine__order
conj<nmod<case> by	2.0	0.544	taxongroup_topic	Passerine__order
compound<acl>obl> ...	2.0	0.265	taxongroup_topic	Passerine__order
obj<conj>cc> Acrocephalus	2.0	0.134	taxongroup_topic	Passerine__order
compound<acl> ...	2.0	0.471	taxongroup_topic	Passerine__order
obj<conj>obj> warbler	2.0	0.406	taxongroup_topic	Passerine__order
compound<acl>mark> ...	2.0	0.273	taxongroup_topic	Passerine__order
compound<advmod> ...	2.0	0.608	taxongroup_topic	Passerine__order
nsubj<nmod> Fringillidae	2.0	0.401	taxongroup_topic	Passerine__order
nsubj<obj> warbler	2.0	0.342	taxongroup_topic	Passerine__order
nsubj<conj>cc> Acrocephalus	2.0	0.532	taxongroup_topic	Passerine__order
nsubj<conj>obj> warbler	2.0	0.56	taxongroup_topic	Passerine__order
nmod>conj> ...	2.0	0.407	taxongroup_topic	Passerine__order
nmod>conj>amod> ...	2.0	0.521	taxongroup_topic	Passerine__order
nmod>conj>cc> ...	2.0	0.411	taxongroup_topic	Passerine__order
obj<conj<obj> warbler	2.0	0.483	taxongroup_topic	Passerine__order
obj<conj<nsubj> warbler	2.0	0.316	taxongroup_topic	Passerine__order
acl:relcl>obl>case> ...	2.0	0.442	taxongroup_topic	Passerine__order
acl:relcl> ...	2.0	0.301	taxongroup_topic	Passerine__order
acl:relcl>advmod> ...	2.0	0.522	taxongroup_topic	Passerine__order
acl:relcl>nsubj> ...	2.0	0.387	taxongroup_topic	Passerine__order
conj<nsubj<obj> warbler	2.0	0.268	taxongroup_topic	Passerine__order
ccomp<nsubj>amod> ...	2.0	0.438	taxongroup_topic	Passerine__order
conj<conj>amod> rodericanus	2.0	0.681	taxongroup_topic	Passerine__order
conj<conj>conj> orientalis	2.0	0.42	taxongroup_topic	Passerine__order
flat<conj< warbler	2.0	0.323	taxongroup_topic	Passerine__order
flat< Acrocephalus	2.0	0.219	taxongroup_topic	Passerine__order
obj<advcl<aux:pass> ...	2.0	0.597	taxongroup_topic	Passerine__order
obj<advcl<nsubj:pass> ...	2.0	0.245	taxongroup_topic	Passerine__order
nmod<case> to	2.0	0.542	taxongroup_topic	Passerine__order
nsubj<advmod> not	2.0	0.728	taxongroup_topic	Passerine__order
appos<case> ...	2.0	0.461	taxongroup_topic	Passerine__order
compound< bird	2.0	0.409	taxongroup_topic	Passerine__order
nsubj<conj>nmod> ...	2.0	0.202	taxongroup_topic	Passerine__order
nmod<nmod<det> ...	2.0	0.408	taxongroup_topic	Passerine__order
det:predet> ...	2.0	0.221	taxongroup_topic	Passerine__order
nsubj<nmod>case> with	2.0	0.331	taxongroup_topic	Passerine__order
conj<nsubj>det> ...	2.0	0.173	taxongroup_topic	Passerine__order
conj<obj<conj> ...	2.0	0.373	taxongroup_topic	Passerine__order
compound<nmod>case> in	2.0	0.486	taxongroup_topic	Passerine__order
nsubj<nmod>det> a	2.0	0.422	taxongroup_topic	Passerine__order
conj<nmod<obj< ...	2.0	0.654	taxongroup_topic	Passerine__order
nmod>compound>compound> ...	2.0	0.183	taxongroup_topic	Passerine__order
nsubj<appos>compound> ...	2.0	0.373	taxongroup_topic	Passerine__order
nsubj<csubj>obl> ...	2.0	0.468	taxongroup_topic	Passerine__order
compound<acl>mark> to	2.0	0.239	taxongroup_topic	Passerine__order
nmod:poss<nsubj<parataxis> ...	2.0	0.253	taxongroup_topic	Passerine__order
compound<appos<compound> Raggiana	2.0	0.298	taxongroup_topic	Passerine__order
nmod:poss<nsubj< ...	2.0	0.387	taxongroup_topic	Passerine__order
nmod:poss<nsubj<cop> ...	2.0	0.628	taxongroup_topic	Passerine__order
conj<nsubj<acl:relcl> ...	2.0	0.367	taxongroup_topic	Passerine__order
compound<nmod>conj> ...	2.0	0.276	taxongroup_topic	Passerine__order
nsubj:pass<advcl>mark> because	2.0	0.407	taxongroup_topic	Passerine__order
ccomp<nsubj> ...	2.0	0.294	taxongroup_topic	Passerine__order
obj<advcl<aux> have	2.0	0.511	taxongroup_topic	Passerine__order
conj<appos<goeswith> ...	2.0	0.24	taxongroup_topic	Passerine__order
nsubj<nummod> ...	2.0	0.239	taxongroup_topic	Passerine__order
nsubj<obl>case> with	2.0	0.815	taxongroup_topic	Passerine__order
nsubj<obl>amod> other	2.0	0.388	taxongroup_topic	Passerine__order
obj<advcl<aux:pass> be	2.0	0.597	taxongroup_topic	Passerine__order
case> in	2.0	0.867	taxongroup_topic	Passerine__order
ccomp<conj<obl> ...	2.0	0.33	taxongroup_topic	Passerine__order
det> these	2.0	0.663	taxongroup_topic	Passerine__order
nsubj<advcl>nsubj> they	2.0	0.386	taxongroup_topic	Passerine__order
nsubj:pass<obl>acl:relcl> ...	2.0	0.499	taxongroup_topic	Passerine__order
nsubj>amod> ...	2.0	0.229	taxongroup_topic	Passerine__order
nsubj<advcl>advmod> not	2.0	0.48	taxongroup_topic	Passerine__order
acl>obl>nmod> ...	2.0	0.288	taxongroup_topic	Passerine__order
nsubj:pass<obl> captivity	2.0	0.577	taxongroup_topic	Passerine__order
nsubj:pass<obl>case> as	2.0	0.681	taxongroup_topic	Passerine__order
nsubj:pass<conj>obl> ...	2.0	0.257	taxongroup_topic	Passerine__order
nsubj:pass<conj>aux:pass> ...	2.0	0.375	taxongroup_topic	Passerine__order
nsubj<acl:relcl>conj> ...	2.0	0.293	taxongroup_topic	Passerine__order
advcl>mark> ...	2.0	0.413	taxongroup_topic	Passerine__order
acl:relcl>obl> ...	2.0	0.232	taxongroup_topic	Passerine__order
conj<conj>nummod> ...	2.0	0.601	taxongroup_topic	Passerine__order
conj<obj<appos> ...	2.0	0.32	taxongroup_topic	Passerine__order
conj<nmod<det> the	2.0	0.616	taxongroup_topic	Passerine__order
conj<nmod<case> of	2.0	0.538	taxongroup_topic	Passerine__order
conj<nmod<nmod< one	2.0	0.683	taxongroup_topic	Passerine__order
appos<nsubj:pass<aux:pass> be	2.0	0.434	taxongroup_topic	Passerine__order
conj<appos<conj> ...	2.0	0.279	taxongroup_topic	Passerine__order
obl<nsubj>det> the	2.0	0.511	taxongroup_topic	Passerine__order
conj<obj< contain	2.0	0.417	taxongroup_topic	Passerine__order
conj<obj<nsubj> that	2.0	0.414	taxongroup_topic	Passerine__order
nsubj<conj>compound> ...	2.0	0.398	taxongroup_topic	Passerine__order
conj<obj<acl:relcl< bird	2.0	0.285	taxongroup_topic	Passerine__order
conj<conj>compound> Acrocephalus	2.0	0.618	taxongroup_topic	Passerine__order
conj<conj>case> arundinaceus	2.0	0.35	taxongroup_topic	Passerine__order
conj<nmod<amod> various	2.0	0.307	taxongroup_topic	Passerine__order
conj<nmod<amod> common	2.0	0.27	taxongroup_topic	Passerine__order
nsubj:pass<obl>nmod:poss> they	2.0	0.395	taxongroup_topic	Passerine__order
conj<parataxis< Cyanopica	2.0	0.563	taxongroup_topic	Passerine__order
conj<obl<advmod> also	2.0	0.45	taxongroup_topic	Passerine__order
conj<obl< take	2.0	0.377	taxongroup_topic	Passerine__order
conj<parataxis<compound< crow	2.0	0.442	taxongroup_topic	Passerine__order
conj<case> include	2.0	0.273	taxongroup_topic	Passerine__order
conj<parataxis<flat> Australian	2.0	0.599	taxongroup_topic	Passerine__order
conj<parataxis<flat> Corvus	2.0	0.534	taxongroup_topic	Passerine__order
conj<parataxis<flat> Genus	2.0	0.445	taxongroup_topic	Passerine__order
conj<parataxis<conj> crow	2.0	0.25	taxongroup_topic	Passerine__order
acl:relcl>conj>nmod> ...	2.0	0.396	taxongroup_topic	Passerine__order
conj<nmod<amod> black	2.0	0.36	taxongroup_topic	Passerine__order
list<compound>conj> crow	2.0	0.513	taxongroup_topic	Passerine__order
nsubj<acl>obj> ...	2.0	0.255	taxongroup_topic	Passerine__order
nmod<nsubj<cop> ...	2.0	0.184	taxongroup_topic	Passerine__order
nmod<nsubj<advmod> ...	2.0	0.283	taxongroup_topic	Passerine__order
nsubj:pass<appos>compound> ...	2.0	0.333	taxongroup_topic	Passerine__order
conj<compound> carrion	2.0	0.559	taxongroup_topic	Passerine__order
conj<nmod<amod> English	2.0	0.264	taxongroup_topic	Passerine__order
conj<conj>compound> Oriental	2.0	0.574	taxongroup_topic	Passerine__order
appos<conj<amod> win	2.0	0.37	taxongroup_topic	Passerine__order
appos< concinen	2.0	0.412	taxongroup_topic	Passerine__order
conj>compound> paludicola	2.0	0.326	taxongroup_topic	Passerine__order
conj<parataxis<compound< ...	2.0	0.442	taxongroup_topic	Passerine__order
obj<nsubj>conj> warbler	2.0	0.681	taxongroup_topic	Passerine__order
conj>cc>fixed> ...	2.0	0.511	taxongroup_topic	Passerine__order
conj>conj>cc> Acrocephalus	2.0	0.25	taxongroup_topic	Passerine__order
conj<nmod<nmod< ...	2.0	0.469	taxongroup_topic	Passerine__order
conj>case> melanopogon	2.0	0.49	taxongroup_topic	Passerine__order
conj>amod> Aquatic	2.0	0.566	taxongroup_topic	Passerine__order
conj>compound>flat> Sedge	2.0	0.53	taxongroup_topic	Passerine__order
conj>obj>conj> ree	2.0	0.391	taxongroup_topic	Passerine__order
conj<obj<acl:relcl< ...	2.0	0.288	taxongroup_topic	Passerine__order
conj<conj>obl:npmod> bistrigicep	2.0	0.443	taxongroup_topic	Passerine__order
nsubj<conj>obl> ...	2.0	0.317	taxongroup_topic	Passerine__order
nsubj<conj>advcl> ...	2.0	0.301	taxongroup_topic	Passerine__order
compound>flat> Sedge	2.0	0.307	taxongroup_topic	Passerine__order
list<list> ...	2.0	0.333	taxongroup_topic	Passerine__order
conj<obl<nsubj> ...	2.0	0.276	taxongroup_topic	Passerine__order
nmod<obj<mark> ...	2.0	0.435	taxongroup_topic	Passerine__order
conj<conj>cc> fuscus	2.0	0.64	taxongroup_topic	Passerine__order
amod> great	2.0	0.862	taxongroup_topic	Passerine__order
nsubj>nmod> ...	2.0	0.517	taxongroup_topic	Passerine__order
nsubj>nmod>case> ...	2.0	0.523	taxongroup_topic	Passerine__order
nsubj:pass<obl>case> to	2.0	0.683	taxongroup_topic	Passerine__order
compound<obj<nsubj> ...	2.0	0.355	taxongroup_topic	Passerine__order
nmod<obl>case> ...	2.0	0.365	taxongroup_topic	Passerine__order
appos<flat> Blunt	2.0	0.496	taxongroup_topic	Passerine__order
compound<nmod>flat> ...	2.0	0.34	taxongroup_topic	Passerine__order
nsubj<conj>obj> haematozoan	2.0	0.524	taxongroup_topic	Passerine__order
obl<advcl>obl> ...	2.0	0.299	taxongroup_topic	Passerine__order
obj<ccomp<obj> ...	2.0	0.233	taxongroup_topic	Passerine__order
list<compound> ...	2.0	0.252	taxongroup_topic	Passerine__order
nmod>case> as	2.0	0.962	taxongroup_topic	Passerine__order
nsubj<nmod>acl> ...	2.0	0.567	taxongroup_topic	Passerine__order
nsubj:pass<xcomp>det> ...	2.0	0.384	taxongroup_topic	Passerine__order
obj<ccomp<conj> ...	2.0	0.394	taxongroup_topic	Passerine__order
nmod<nmod< bird	2.0	0.707	taxongroup_topic	Passerine__order
compound< video	2.0	0.426	taxongroup_topic	Passerine__order
compound<conj> photo	2.0	0.476	taxongroup_topic	Passerine__order
nsubj:pass< associate	2.0	0.435	taxongroup_topic	Passerine__order
compound<conj>cc> &	2.0	0.397	taxongroup_topic	Passerine__order
nmod<acl>obl> ...	2.0	0.274	taxongroup_topic	Passerine__order
compound<conj> sound	2.0	0.271	taxongroup_topic	Passerine__order
nmod<acl>advmod> ...	2.0	0.226	taxongroup_topic	Passerine__order
nmod>conj>cc> and	2.0	0.398	taxongroup_topic	Passerine__order
compound<nmod>case> on	2.0	0.522	taxongroup_topic	Passerine__order
compound<list>compound> ...	2.0	0.416	taxongroup_topic	Passerine__order
obj<acl<det> ...	2.0	0.324	taxongroup_topic	Passerine__order
flat<compound>conj> crow	2.0	0.159	taxongroup_topic	Passerine__order
nsubj<nmod> wingspan	2.0	0.427	taxongroup_topic	Passerine__order
nmod< that	2.0	0.526	taxongroup_topic	Passerine__order
case> with	2.0	0.874	taxongroup_topic	Passerine__order
list>list>amod> ...	2.0	0.239	taxongroup_topic	Passerine__order
nsubj<acl>mark> ...	2.0	0.357	taxongroup_topic	Passerine__order
nmod>flat> ...	2.0	0.457	taxongroup_topic	Passerine__order
nsubj<xcomp>mark> to	2.0	0.494	taxongroup_topic	Passerine__order
nmod<nummod> ...	2.0	0.377	taxongroup_topic	Passerine__order
obl<conj>obl> ...	2.0	0.166	taxongroup_topic	Passerine__order
nmod<nmod>det> the	2.0	0.417	taxongroup_topic	Passerine__order
obl<aux> ...	2.0	0.346	taxongroup_topic	Passerine__order
obl<xcomp<aux:pass> ...	2.0	0.31	taxongroup_topic	Passerine__order
obl<xcomp<nsubj:pass> ...	2.0	0.266	taxongroup_topic	Passerine__order
nmod<conj>det> the	2.0	0.473	taxongroup_topic	Passerine__order
obl<conj>advmod> ...	2.0	0.527	taxongroup_topic	Passerine__order
nmod<nmod>amod> ...	2.0	0.583	taxongroup_topic	Passerine__order
compound<nmod>case> of	2.0	0.418	taxongroup_topic	Passerine__order
obj<nmod>case> ...	2.0	0.333	taxongroup_topic	Passerine__order
obl<conj>cc> ...	2.0	0.595	taxongroup_topic	Passerine__order
obj<nmod> ...	2.0	0.226	taxongroup_topic	Passerine__order
nsubj:pass<xcomp>nmod> ...	2.0	0.402	taxongroup_topic	Passerine__order
nmod<obl<aux:pass> be	2.0	0.248	taxongroup_topic	Passerine__order
nsubj<conj>aux:pass> ...	2.0	0.636	taxongroup_topic	Passerine__order
compound<nmod>compound> collection	2.0	0.264	taxongroup_topic	Passerine__order
nmod<acl> ...	2.0	0.499	taxongroup_topic	Passerine__order
conj>conj>compound> ...	2.0	0.391	taxongroup_topic	Passerine__order
nmod<case> on	2.0	0.576	taxongroup_topic	Passerine__order
conj<xcomp< ...	2.0	0.521	taxongroup_topic	Passerine__order
appos>nmod>case> with	2.0	0.234	taxongroup_topic	Passerine__order
conj<nmod>acl> ...	2.0	0.401	taxongroup_topic	Passerine__order
appos>nmod> human	2.0	0.351	taxongroup_topic	Passerine__order
conj<nmod>compound> ...	2.0	0.357	taxongroup_topic	Passerine__order
conj<advcl>obj> ...	2.0	0.357	taxongroup_topic	Passerine__order
conj<advcl>nsubj> ...	2.0	0.359	taxongroup_topic	Passerine__order
nmod>amod> ...	2.0	0.353	taxongroup_topic	Passerine__order
conj<advcl>mark> ...	2.0	0.393	taxongroup_topic	Passerine__order
nsubj<conj> weight	2.0	0.616	taxongroup_topic	Passerine__order
appos>nummod> ...	2.0	0.41	taxongroup_topic	Passerine__order
conj<cc> Corvus	2.0	0.404	taxongroup_topic	Passerine__order
conj<nmod:poss> kubaryi	2.0	0.292	taxongroup_topic	Passerine__order
conj<compound>amod> tropical	2.0	0.521	taxongroup_topic	Passerine__order
conj<compound>amod> asian	2.0	0.435	taxongroup_topic	Passerine__order
conj<compound> species	2.0	0.443	taxongroup_topic	Passerine__order
conj<compound>conj> jackdaw	2.0	0.563	taxongroup_topic	Passerine__order
conj<compound>conj> Coloeus	2.0	0.562	taxongroup_topic	Passerine__order
conj<compound>conj> eastern	2.0	0.615	taxongroup_topic	Passerine__order
conj<amod> jungle	2.0	0.776	taxongroup_topic	Passerine__order
cc> Corvus	2.0	0.362	taxongroup_topic	Passerine__order
acl>obl>amod> ...	2.0	0.255	taxongroup_topic	Passerine__order
conj<xcomp<advcl< ...	2.0	0.272	taxongroup_topic	Passerine__order
conj<advcl> ...	2.0	0.349	taxongroup_topic	Passerine__order
appos> description	2.0	0.484	taxongroup_topic	Passerine__order
appos> reference	2.0	0.455	taxongroup_topic	Passerine__order
compound>conj>amod> ...	2.0	0.319	taxongroup_topic	Passerine__order
nsubj<nmod>nmod> cm	2.0	0.456	taxongroup_topic	Passerine__order
conj> rook	2.0	0.801	taxongroup_topic	Passerine__order
compound>appos> ...	2.0	0.445	taxongroup_topic	Passerine__order
conj<conj>nmod> Europe	1.0	0.305	taxongroup_topic	Passerine__order
amod>conj>cc> and	1.0	0.394	taxongroup_topic	Passerine__order
appos> species	1.0	0.52	taxongroup_topic	Passerine__order
nmod<nsubj<det> the	1.0	0.343	taxongroup_topic	Passerine__order
conj<nsubj>nmod> warbler	1.0	0.217	taxongroup_topic	Passerine__order
conj<nsubj> some	1.0	0.276	taxongroup_topic	Passerine__order
conj<obl<advcl> introduce	1.0	0.414	taxongroup_topic	Passerine__order
appos>det> ...	1.0	0.378	taxongroup_topic	Passerine__order
appos>advmod> ...	1.0	0.219	taxongroup_topic	Passerine__order
compound<obj<aux> have	1.0	0.367	taxongroup_topic	Passerine__order
list<compound> crow	1.0	0.397	taxongroup_topic	Passerine__order
list<compound>conj> species	1.0	0.276	taxongroup_topic	Passerine__order
list<compound>appos> cornix	1.0	0.42	taxongroup_topic	Passerine__order
list<compound>list> Corvus	1.0	0.396	taxongroup_topic	Passerine__order
list<compound>appos> corone	1.0	0.346	taxongroup_topic	Passerine__order
list< orientalis	1.0	0.41	taxongroup_topic	Passerine__order
list<flat> Rook	1.0	0.344	taxongroup_topic	Passerine__order
list<list>compound> monedula	1.0	0.271	taxongroup_topic	Passerine__order
list<list>amod> tail	1.0	0.303	taxongroup_topic	Passerine__order
list<list> raven	1.0	0.388	taxongroup_topic	Passerine__order
list<obl:npmod< neck	1.0	0.288	taxongroup_topic	Passerine__order
list<obl:npmod<amod< raven	1.0	0.343	taxongroup_topic	Passerine__order
compound<obj<advmod> also	1.0	0.552	taxongroup_topic	Passerine__order
nsubj:pass<obl> edition	1.0	0.752	taxongroup_topic	Passerine__order
compound> barn	1.0	0.511	taxongroup_topic	Passerine__order
conj<conj>nmod:poss> agricola	1.0	0.295	taxongroup_topic	Passerine__order
nmod<case> from	1.0	0.588	taxongroup_topic	Passerine__order
nsubj:pass< describe	1.0	0.392	taxongroup_topic	Passerine__order
nmod:poss<compound> ...	1.0	0.221	taxongroup_topic	Passerine__order
compound< species	1.0	0.401	taxongroup_topic	Passerine__order
nsubj> species	1.0	0.279	taxongroup_topic	Passerine__order
nmod:poss<obl<nsubj> ...	1.0	0.27	taxongroup_topic	Passerine__order
nsubj>nmod>case> of	1.0	0.585	taxongroup_topic	Passerine__order
compound<mark> to	1.0	0.395	taxongroup_topic	Passerine__order
compound<cop> be	1.0	0.383	taxongroup_topic	Passerine__order
nsubj<conj> ree	1.0	0.379	taxongroup_topic	Passerine__order
nsubj< member	1.0	0.876	taxongroup_topic	Passerine__order
appos>compound> Turdus	1.0	0.604	taxongroup_topic	Passerine__order
nsubj<conj<aux:pass> be	1.0	0.331	taxongroup_topic	Passerine__order
conj<obj<nsubj> female	1.0	0.356	taxongroup_topic	Passerine__order
nsubj<aux> may	1.0	0.564	taxongroup_topic	Passerine__order
conj<obj<parataxis< tend	1.0	0.32	taxongroup_topic	Passerine__order
nsubj<amod> only	1.0	0.338	taxongroup_topic	Passerine__order
nmod:poss< nest	1.0	0.407	taxongroup_topic	Passerine__order
nsubj>compound> wood	1.0	0.603	taxongroup_topic	Passerine__order
acl:relcl>obl>case> throughout	1.0	0.367	taxongroup_topic	Passerine__order
nmod<nmod<det> a	1.0	0.369	taxongroup_topic	Passerine__order
conj<nmod<obj< include	1.0	0.64	taxongroup_topic	Passerine__order
conj<nmod<amod> classic	1.0	0.241	taxongroup_topic	Passerine__order
acl:relcl>conj>cc> and	1.0	0.373	taxongroup_topic	Passerine__order
acl:relcl>obl> Europe	1.0	0.262	taxongroup_topic	Passerine__order
nmod<nmod<case> as	1.0	0.318	taxongroup_topic	Passerine__order
conj< jackdaw	1.0	0.4	taxongroup_topic	Passerine__order
acl:relcl>obl>amod> northern	1.0	0.279	taxongroup_topic	Passerine__order
conj<conj>cc> as	1.0	0.456	taxongroup_topic	Passerine__order
acl:relcl> breed	1.0	0.268	taxongroup_topic	Passerine__order
acl:relcl>nsubj> which	1.0	0.406	taxongroup_topic	Passerine__order
conj<conj>appos> crow	1.0	0.433	taxongroup_topic	Passerine__order
nsubj>appos>compound> Phylloscopus	1.0	0.376	taxongroup_topic	Passerine__order
nsubj> warbler	1.0	0.295	taxongroup_topic	Passerine__order
conj<obl<nsubj> U.S.	1.0	0.164	taxongroup_topic	Passerine__order
obl<acl<cc> and	1.0	0.426	taxongroup_topic	Passerine__order
nmod:poss> Britain	1.0	0.387	taxongroup_topic	Passerine__order
conj<obl<aux> do	1.0	0.358	taxongroup_topic	Passerine__order
conj<obl<advmod> not	1.0	0.434	taxongroup_topic	Passerine__order
conj<obl< apply	1.0	0.23	taxongroup_topic	Passerine__order
conj<case> to	1.0	0.528	taxongroup_topic	Passerine__order
nmod<obj<mark> to	1.0	0.444	taxongroup_topic	Passerine__order
obl<acl< bird	1.0	0.261	taxongroup_topic	Passerine__order
conj<appos<nmod< species	1.0	0.351	taxongroup_topic	Passerine__order
conj<appos<case> of	1.0	0.456	taxongroup_topic	Passerine__order
conj<appos< bird	1.0	0.264	taxongroup_topic	Passerine__order
conj<advmod> e.g.	1.0	0.535	taxongroup_topic	Passerine__order
conj<appos<conj> snakes	1.0	0.371	taxongroup_topic	Passerine__order
conj<appos<conj> turtle	1.0	0.339	taxongroup_topic	Passerine__order
obl<obl> size	1.0	0.382	taxongroup_topic	Passerine__order
obl<obl>case> in	1.0	0.389	taxongroup_topic	Passerine__order
nsubj<conj> warbler	1.0	0.354	taxongroup_topic	Passerine__order
nmod<appos>det> a	1.0	0.539	taxongroup_topic	Passerine__order
nmod:poss< song	1.0	0.29	taxongroup_topic	Passerine__order
conj>nmod:poss>case> 's	1.0	0.711	taxongroup_topic	Passerine__order
amod>advmod> most	1.0	0.348	taxongroup_topic	Passerine__order
nsubj<nmod>case> to	1.0	0.35	taxongroup_topic	Passerine__order
nmod:poss<obl< place	1.0	0.492	taxongroup_topic	Passerine__order
nsubj<nmod> length	1.0	0.415	taxongroup_topic	Passerine__order
nsubj<amod> large	1.0	0.259	taxongroup_topic	Passerine__order
compound>amod> common	1.0	0.564	taxongroup_topic	Passerine__order
nsubj:pass<obl>case> from	1.0	0.68	taxongroup_topic	Passerine__order
nmod<obj< have	1.0	0.602	taxongroup_topic	Passerine__order
conj<obl<nsubj> it	1.0	0.361	taxongroup_topic	Passerine__order
det> this	1.0	0.675	taxongroup_topic	Passerine__order
conj<advmod> particularly	1.0	0.518	taxongroup_topic	Passerine__order
conj<case> of	1.0	0.417	taxongroup_topic	Passerine__order
conj<conj>compound> meadow	1.0	0.414	taxongroup_topic	Passerine__order
nsubj<obj>obl> ...	1.0	0.315	taxongroup_topic	Passerine__order
conj<nmod<advmod> ...	1.0	0.34	taxongroup_topic	Passerine__order
nmod:poss<nsubj<amod> ...	1.0	0.395	taxongroup_topic	Passerine__order
compound<nsubj:pass<obl> ...	1.0	0.203	taxongroup_topic	Passerine__order
compound<nsubj:pass<aux:pass> ...	1.0	0.2	taxongroup_topic	Passerine__order
compound<nsubj:pass< ...	1.0	0.423	taxongroup_topic	Passerine__order
nmod:poss<nsubj<conj> ...	1.0	0.485	taxongroup_topic	Passerine__order
nsubj:pass<xcomp>mark> ...	1.0	0.493	taxongroup_topic	Passerine__order
nsubj:pass<xcomp>obj> ...	1.0	0.337	taxongroup_topic	Passerine__order
nsubj:pass<xcomp>obl> ...	1.0	0.196	taxongroup_topic	Passerine__order
obj<conj>amod> ...	1.0	0.544	taxongroup_topic	Passerine__order
conj<nmod<compound> ...	1.0	0.424	taxongroup_topic	Passerine__order
nsubj:pass<advcl<nsubj> ...	1.0	0.339	taxongroup_topic	Passerine__order
nsubj:pass<mark> ...	1.0	0.189	taxongroup_topic	Passerine__order
nsubj:pass<ccomp< ...	1.0	0.488	taxongroup_topic	Passerine__order
obl<nsubj:pass>appos> ...	1.0	0.361	taxongroup_topic	Passerine__order
obl<nsubj:pass> ...	1.0	0.546	taxongroup_topic	Passerine__order
obj<acl<case> ...	1.0	0.271	taxongroup_topic	Passerine__order
obj<acl<obl< ...	1.0	0.449	taxongroup_topic	Passerine__order
compound<conj<conj> ...	1.0	0.438	taxongroup_topic	Passerine__order
compound<conj<case> ...	1.0	0.295	taxongroup_topic	Passerine__order
compound<acl>obj> ...	1.0	0.573	taxongroup_topic	Passerine__order
conj<appos<nsubj> ...	1.0	0.552	taxongroup_topic	Passerine__order
conj>nmod>nmod> ...	1.0	0.386	taxongroup_topic	Passerine__order
appos<nmod> ...	1.0	0.354	taxongroup_topic	Passerine__order
appos<nmod>compound> ...	1.0	0.316	taxongroup_topic	Passerine__order
appos<nmod>det> ...	1.0	0.585	taxongroup_topic	Passerine__order
appos<nmod>case> ...	1.0	0.361	taxongroup_topic	Passerine__order
appos<obl< ...	1.0	0.311	taxongroup_topic	Passerine__order
appos<obl<aux:pass> ...	1.0	0.358	taxongroup_topic	Passerine__order
appos<obl<nsubj:pass> ...	1.0	0.574	taxongroup_topic	Passerine__order
appos<obl<obl> ...	1.0	0.272	taxongroup_topic	Passerine__order
appos<obl<cc> ...	1.0	0.454	taxongroup_topic	Passerine__order
appos<obl<conj< ...	1.0	0.379	taxongroup_topic	Passerine__order
conj<obj<obl> ...	1.0	0.334	taxongroup_topic	Passerine__order
nummod> ...	1.0	0.532	taxongroup_topic	Passerine__order
conj>nmod> ...	1.0	0.521	taxongroup_topic	Passerine__order
conj<appos<amod> ...	1.0	0.189	taxongroup_topic	Passerine__order
conj>nmod>det> ...	1.0	0.391	taxongroup_topic	Passerine__order
conj>nmod>case> ...	1.0	0.434	taxongroup_topic	Passerine__order
acl:relcl>obl>nmod> ...	1.0	0.303	taxongroup_topic	Passerine__order
acl:relcl>obl>det> ...	1.0	0.274	taxongroup_topic	Passerine__order
acl:relcl>cop> ...	1.0	0.297	taxongroup_topic	Passerine__order
mark> ...	1.0	0.305	taxongroup_topic	Passerine__order
obj<xcomp>obj> ...	1.0	0.552	taxongroup_topic	Passerine__order
obj<xcomp> ...	1.0	0.326	taxongroup_topic	Passerine__order
nmod>conj>nmod> ...	1.0	0.538	taxongroup_topic	Passerine__order
nmod<obl<amod< ...	1.0	0.322	taxongroup_topic	Passerine__order
conj<acl>obl> ...	1.0	0.249	taxongroup_topic	Passerine__order
conj<acl> ...	1.0	0.427	taxongroup_topic	Passerine__order
nsubj<ccomp>obl> ...	1.0	0.282	taxongroup_topic	Passerine__order
nsubj<ccomp> ...	1.0	0.518	taxongroup_topic	Passerine__order
nsubj<ccomp>nsubj> ...	1.0	0.509	taxongroup_topic	Passerine__order
nmod<nmod>nmod> ...	1.0	0.202	taxongroup_topic	Passerine__order
nsubj:pass<conj>aux> ...	1.0	0.183	taxongroup_topic	Passerine__order
advcl>obj> ...	1.0	0.363	taxongroup_topic	Passerine__order
advcl> ...	1.0	0.511	taxongroup_topic	Passerine__order
nsubj<ccomp<acl:relcl< ...	1.0	0.156	taxongroup_topic	Passerine__order
conj<nsubj>amod> ...	1.0	0.275	taxongroup_topic	Passerine__order
compound<appos> ...	1.0	0.268	taxongroup_topic	Passerine__order
compound<appos>compound> ...	1.0	0.223	taxongroup_topic	Passerine__order
compound<list< ...	1.0	0.495	taxongroup_topic	Passerine__order
nmod<nsubj:pass<xcomp> ...	1.0	0.368	taxongroup_topic	Passerine__order
nsubj<obl>appos> ...	1.0	0.214	taxongroup_topic	Passerine__order
nsubj<appos>acl:relcl> ...	1.0	0.4	taxongroup_topic	Passerine__order
nsubj<case> ...	1.0	0.349	taxongroup_topic	Passerine__order
nmod>nmod:poss> ...	1.0	0.388	taxongroup_topic	Passerine__order
nmod<nsubj:pass<advmod> ...	1.0	0.352	taxongroup_topic	Passerine__order
appos<nmod<nsubj< ...	1.0	0.352	taxongroup_topic	Passerine__order
appos<nmod< ...	1.0	0.392	taxongroup_topic	Passerine__order
appos<nmod<compound> ...	1.0	0.34	taxongroup_topic	Passerine__order
appos<nmod<det> ...	1.0	0.397	taxongroup_topic	Passerine__order
aux> ...	1.0	0.455	taxongroup_topic	Passerine__order
conj<nmod>det> ...	1.0	0.182	taxongroup_topic	Passerine__order
nmod<conj<appos> ...	1.0	0.338	taxongroup_topic	Passerine__order
acl>obl>compound> ...	1.0	0.135	taxongroup_topic	Passerine__order
nmod<conj<nmod> ...	1.0	0.533	taxongroup_topic	Passerine__order
nmod<conj<amod> ...	1.0	0.216	taxongroup_topic	Passerine__order
nmod<conj<det> ...	1.0	0.552	taxongroup_topic	Passerine__order
conj<appos<appos> ...	1.0	0.205	taxongroup_topic	Passerine__order
nmod<nsubj>compound> ...	1.0	0.363	taxongroup_topic	Passerine__order
nmod<nsubj>det> ...	1.0	0.378	taxongroup_topic	Passerine__order
acl>mark> ...	1.0	0.297	taxongroup_topic	Passerine__order
obj<parataxis<obl> ...	1.0	0.175	taxongroup_topic	Passerine__order
obj<parataxis< ...	1.0	0.331	taxongroup_topic	Passerine__order
obj<parataxis<nsubj> ...	1.0	0.404	taxongroup_topic	Passerine__order
nsubj:pass<obl>appos> ...	1.0	0.198	taxongroup_topic	Passerine__order
conj<obl<advcl> ...	1.0	0.264	taxongroup_topic	Passerine__order
nsubj<conj<obl> ...	1.0	0.272	taxongroup_topic	Passerine__order
nsubj<conj<conj> ...	1.0	0.302	taxongroup_topic	Passerine__order
conj<appos<nmod< ...	1.0	0.351	taxongroup_topic	Passerine__order
conj<appos<case> ...	1.0	0.449	taxongroup_topic	Passerine__order
conj<obl<acl< ...	1.0	0.543	taxongroup_topic	Passerine__order
conj<obl<mark> ...	1.0	0.351	taxongroup_topic	Passerine__order
nmod<obj<acl< ...	1.0	0.309	taxongroup_topic	Passerine__order
nsubj:pass<obl>acl> ...	1.0	0.389	taxongroup_topic	Passerine__order
nmod<nsubj:pass<advcl> ...	1.0	0.286	taxongroup_topic	Passerine__order
conj<obj<parataxis< ...	1.0	0.559	taxongroup_topic	Passerine__order
conj<obj<advmod> ...	1.0	0.436	taxongroup_topic	Passerine__order
nmod<amod>conj> ...	1.0	0.36	taxongroup_topic	Passerine__order
nmod<appos>det> ...	1.0	0.529	taxongroup_topic	Passerine__order
nsubj<conj< ...	1.0	0.232	taxongroup_topic	Passerine__order
nsubj<conj<advmod> ...	1.0	0.52	taxongroup_topic	Passerine__order
nsubj<conj<aux:pass> ...	1.0	0.331	taxongroup_topic	Passerine__order
nsubj<conj<nsubj:pass> ...	1.0	0.458	taxongroup_topic	Passerine__order
compound>compound>amod> ...	1.0	0.426	taxongroup_topic	Passerine__order
nsubj<nmod>conj> ...	1.0	0.19	taxongroup_topic	Passerine__order
nsubj<nmod>appos> ...	1.0	0.227	taxongroup_topic	Passerine__order
nsubj<nmod>nummod> ...	1.0	0.169	taxongroup_topic	Passerine__order
nsubj<conj>appos> ...	1.0	0.302	taxongroup_topic	Passerine__order
nsubj<appos>nmod> ...	1.0	0.264	taxongroup_topic	Passerine__order
conj<obl<obl> ...	1.0	0.325	taxongroup_topic	Passerine__order
conj<obl<obj> ...	1.0	0.276	taxongroup_topic	Passerine__order
conj<obl<ccomp< ...	1.0	0.49	taxongroup_topic	Passerine__order
nmod<obj<advcl> ...	1.0	0.311	taxongroup_topic	Passerine__order
nmod<obj<obl> ...	1.0	0.458	taxongroup_topic	Passerine__order
nmod<appos>amod> ...	1.0	0.189	taxongroup_topic	Passerine__order
nmod<obl<acl< ...	1.0	0.384	taxongroup_topic	Passerine__order
nsubj>appos>compound> ...	1.0	0.401	taxongroup_topic	Passerine__order
nmod<nsubj<det> ...	1.0	0.364	taxongroup_topic	Passerine__order
amod>conj> ...	1.0	0.258	taxongroup_topic	Passerine__order
amod>conj>cc> ...	1.0	0.416	taxongroup_topic	Passerine__order
nsubj<obl:npmod> ...	1.0	0.244	taxongroup_topic	Passerine__order
conj<nsubj>compound> ...	1.0	0.422	taxongroup_topic	Passerine__order
acl:relcl>conj> ...	1.0	0.349	taxongroup_topic	Passerine__order
acl:relcl>conj>advmod> ...	1.0	0.445	taxongroup_topic	Passerine__order
acl:relcl>conj>cc> ...	1.0	0.373	taxongroup_topic	Passerine__order
acl:relcl>obl>amod> ...	1.0	0.181	taxongroup_topic	Passerine__order
nsubj>compound> ...	1.0	0.439	taxongroup_topic	Passerine__order
compound>appos>compound> ...	1.0	0.374	taxongroup_topic	Passerine__order
nsubj<acl>advmod> ...	1.0	0.569	taxongroup_topic	Passerine__order
obl<obl> ...	1.0	0.393	taxongroup_topic	Passerine__order
obl<obl>case> ...	1.0	0.378	taxongroup_topic	Passerine__order
obl<acl<cc> ...	1.0	0.393	taxongroup_topic	Passerine__order
obl<acl<conj< ...	1.0	0.279	taxongroup_topic	Passerine__order
nsubj:pass<appos> ...	1.0	0.352	taxongroup_topic	Passerine__order
nsubj:pass<appos>amod> ...	1.0	0.483	taxongroup_topic	Passerine__order
nmod<obl<acl:relcl< ...	1.0	0.217	taxongroup_topic	Passerine__order
compound<nmod>amod> ...	1.0	0.362	taxongroup_topic	Passerine__order
list<list>amod> ...	1.0	0.271	taxongroup_topic	Passerine__order
list<list>compound> ...	1.0	0.25	taxongroup_topic	Passerine__order
list<flat> ...	1.0	0.34	taxongroup_topic	Passerine__order
list<compound>list> ...	1.0	0.396	taxongroup_topic	Passerine__order
list<compound>amod> ...	1.0	0.36	taxongroup_topic	Passerine__order
list<compound>compound> ...	1.0	0.425	taxongroup_topic	Passerine__order
list<compound>nmod:poss> ...	1.0	0.343	taxongroup_topic	Passerine__order
list<compound>cc> ...	1.0	0.344	taxongroup_topic	Passerine__order
obl<conj>nmod> ...	1.0	0.511	taxongroup_topic	Passerine__order
obl<conj>cop> ...	1.0	0.574	taxongroup_topic	Passerine__order
obl<conj>nsubj> ...	1.0	0.311	taxongroup_topic	Passerine__order
obl<cop> ...	1.0	0.388	taxongroup_topic	Passerine__order
obl<nsubj>amod> ...	1.0	0.244	taxongroup_topic	Passerine__order
compound<nmod<conj> ...	1.0	0.238	taxongroup_topic	Passerine__order
compound<case>fixed> ...	1.0	0.426	taxongroup_topic	Passerine__order
list<obl:npmod< ...	1.0	0.288	taxongroup_topic	Passerine__order
compound<nmod<amod> ...	1.0	0.355	taxongroup_topic	Passerine__order
compound<nmod<advmod> ...	1.0	0.352	taxongroup_topic	Passerine__order
nsubj<parataxis>parataxis> ...	1.0	0.629	taxongroup_topic	Passerine__order
nsubj<parataxis>amod> ...	1.0	0.439	taxongroup_topic	Passerine__order
nsubj<parataxis>det> ...	1.0	0.612	taxongroup_topic	Passerine__order
nsubj<parataxis>advmod> ...	1.0	0.507	taxongroup_topic	Passerine__order
nsubj<conj>advmod> ...	1.0	0.623	taxongroup_topic	Passerine__order
nsubj<conj>aux> ...	1.0	0.65	taxongroup_topic	Passerine__order
nsubj<conj>nsubj> ...	1.0	0.276	taxongroup_topic	Passerine__order
nsubj<conj>ccomp> ...	1.0	0.405	taxongroup_topic	Passerine__order
nsubj<advcl>xcomp> ...	1.0	0.264	taxongroup_topic	Passerine__order
list<obl:npmod<amod< ...	1.0	0.343	taxongroup_topic	Passerine__order
conj>conj>parataxis> ...	1.0	0.498	taxongroup_topic	Passerine__order
obj<nsubj>nmod:poss> ...	1.0	0.303	taxongroup_topic	Passerine__order
conj>nmod:poss>case> ...	1.0	0.711	taxongroup_topic	Passerine__order
conj<conj>nmod:poss> ...	1.0	0.389	taxongroup_topic	Passerine__order
conj>acl>obj> ...	1.0	0.294	taxongroup_topic	Passerine__order
conj>acl> ...	1.0	0.377	taxongroup_topic	Passerine__order
nmod<advmod> ...	1.0	0.49	taxongroup_topic	Passerine__order
compound<cop> ...	1.0	0.359	taxongroup_topic	Passerine__order
compound<mark> ...	1.0	0.366	taxongroup_topic	Passerine__order
compound<xcomp< ...	1.0	0.309	taxongroup_topic	Passerine__order
nsubj>nmod>amod> ...	1.0	0.345	taxongroup_topic	Passerine__order
compound<obj<obl> ...	1.0	0.264	taxongroup_topic	Passerine__order
compound<nummod> ...	1.0	0.201	taxongroup_topic	Passerine__order
compound<obj<advmod> ...	1.0	0.513	taxongroup_topic	Passerine__order
compound<obj<aux> ...	1.0	0.402	taxongroup_topic	Passerine__order
nmod<obl> ...	1.0	0.282	taxongroup_topic	Passerine__order
nmod<obl>nmod:poss> ...	1.0	0.34	taxongroup_topic	Passerine__order
compound<list<compound> ...	1.0	0.295	taxongroup_topic	Passerine__order
nsubj<acl:relcl< ...	1.0	0.472	taxongroup_topic	Passerine__order
obl<nsubj>compound> ...	1.0	0.418	taxongroup_topic	Passerine__order
compound<nmod<nmod< ...	1.0	0.284	taxongroup_topic	Passerine__order
compound<appos<nsubj< ...	1.0	0.513	taxongroup_topic	Passerine__order
compound<nmod<case> ...	1.0	0.369	taxongroup_topic	Passerine__order
nmod<acl:relcl>obj> ...	1.0	0.537	taxongroup_topic	Passerine__order
compound<nmod<nmod:poss> ...	1.0	0.444	taxongroup_topic	Passerine__order
compound<nmod<compound> ...	1.0	0.468	taxongroup_topic	Passerine__order
compound<appos<nmod< ...	1.0	0.222	taxongroup_topic	Passerine__order
compound<obl<nsubj> ...	1.0	0.405	taxongroup_topic	Passerine__order
compound<obl<cop> ...	1.0	0.272	taxongroup_topic	Passerine__order
compound<obl< ...	1.0	0.548	taxongroup_topic	Passerine__order
nsubj:pass<advcl>advmod> ...	1.0	0.336	taxongroup_topic	Passerine__order
obj<advcl<cop> ...	1.0	0.303	taxongroup_topic	Passerine__order
obj<advcl<advmod> ...	1.0	0.394	taxongroup_topic	Passerine__order
obj<advcl<nsubj> ...	1.0	0.151	taxongroup_topic	Passerine__order
obj<aux> ...	1.0	0.451	taxongroup_topic	Passerine__order
nsubj<appos>acl> ...	1.0	0.428	taxongroup_topic	Passerine__order
nsubj<appos>amod> ...	1.0	0.302	taxongroup_topic	Passerine__order
nsubj:pass<advcl>obl> ...	1.0	0.213	taxongroup_topic	Passerine__order
compound<obj<advcl> ...	1.0	0.236	taxongroup_topic	Passerine__order
compound<appos<compound< ...	1.0	0.453	taxongroup_topic	Passerine__order
flat<compound>amod> ...	1.0	0.271	taxongroup_topic	Passerine__order
nmod<acl:relcl>nsubj> ...	1.0	0.292	taxongroup_topic	Passerine__order
nmod<obl<obj> ...	1.0	0.418	taxongroup_topic	Passerine__order
nmod<nmod<nummod> ...	1.0	0.231	taxongroup_topic	Passerine__order
nmod<obj<conj> ...	1.0	0.28	taxongroup_topic	Passerine__order
nsubj:pass<conj>compound> ...	1.0	0.419	taxongroup_topic	Passerine__order
nsubj:pass<conj>amod> ...	1.0	0.302	taxongroup_topic	Passerine__order
list<compound>compound> species	1.0	0.425	taxongroup_topic	Passerine__order
appos>appos> ...	1.0	0.229	taxongroup_topic	Passerine__order
flat<compound> ...	1.0	0.303	taxongroup_topic	Passerine__order
flat<compound>compound> ...	1.0	0.651	taxongroup_topic	Passerine__order
compound<appos<obl< ...	1.0	0.259	taxongroup_topic	Passerine__order
compound<parataxis> ...	1.0	0.247	taxongroup_topic	Passerine__order
compound<parataxis>compound> ...	1.0	0.531	taxongroup_topic	Passerine__order
nmod<conj>nmod> ...	1.0	0.305	taxongroup_topic	Passerine__order
nmod<nmod>compound> ...	1.0	0.386	taxongroup_topic	Passerine__order
nmod<nsubj>amod> ...	1.0	0.427	taxongroup_topic	Passerine__order
compound<cc> ...	1.0	0.254	taxongroup_topic	Passerine__order
compound<conj<det> ...	1.0	0.446	taxongroup_topic	Passerine__order
compound<conj<obj< ...	1.0	0.516	taxongroup_topic	Passerine__order
compound<nmod>nummod> ...	1.0	0.419	taxongroup_topic	Passerine__order
compound<appos<amod> ...	1.0	0.234	taxongroup_topic	Passerine__order
compound<obj<mark> ...	1.0	0.447	taxongroup_topic	Passerine__order
compound<obj<acl< ...	1.0	0.231	taxongroup_topic	Passerine__order
nsubj<advcl>acl:relcl> ...	1.0	0.378	taxongroup_topic	Passerine__order
appos<compound<appos> ...	1.0	0.318	taxongroup_topic	Passerine__order
conj<appos<flat> ...	1.0	0.355	taxongroup_topic	Passerine__order
conj<nmod:poss>case> ...	1.0	0.58	taxongroup_topic	Passerine__order
conj<nsubj>appos> ...	1.0	0.331	taxongroup_topic	Passerine__order
conj<parataxis<nsubj> ...	1.0	0.299	taxongroup_topic	Passerine__order
conj<conj< ...	1.0	0.384	taxongroup_topic	Passerine__order
parataxis<compound> ...	1.0	0.465	taxongroup_topic	Passerine__order
parataxis< ...	1.0	0.144	taxongroup_topic	Passerine__order
parataxis<nsubj> ...	1.0	0.497	taxongroup_topic	Passerine__order
appos<conj<conj> ...	1.0	0.378	taxongroup_topic	Passerine__order
obl<xcomp>obl> ...	1.0	0.325	taxongroup_topic	Passerine__order
obl<xcomp>advmod> ...	1.0	0.216	taxongroup_topic	Passerine__order
obl<xcomp> ...	1.0	0.332	taxongroup_topic	Passerine__order
obl<xcomp>mark> ...	1.0	0.563	taxongroup_topic	Passerine__order
nsubj<advcl>cop> ...	1.0	0.19	taxongroup_topic	Passerine__order
nsubj<obl>advmod> ...	1.0	0.352	taxongroup_topic	Passerine__order
nsubj<advcl>conj> ...	1.0	0.379	taxongroup_topic	Passerine__order
nsubj<obj>acl> ...	1.0	0.174	taxongroup_topic	Passerine__order
appos<nsubj<obj> ...	1.0	0.302	taxongroup_topic	Passerine__order
appos<nsubj< ...	1.0	0.302	taxongroup_topic	Passerine__order
appos<nsubj<cc> ...	1.0	0.532	taxongroup_topic	Passerine__order
appos<nsubj<conj< ...	1.0	0.421	taxongroup_topic	Passerine__order
conj<nsubj<conj< ...	1.0	0.554	taxongroup_topic	Passerine__order
conj<nsubj<parataxis> ...	1.0	0.19	taxongroup_topic	Passerine__order
conj<nsubj<obl> ...	1.0	0.241	taxongroup_topic	Passerine__order
flat<compound< ...	1.0	0.417	taxongroup_topic	Passerine__order
obl:npmod< ...	1.0	0.353	taxongroup_topic	Passerine__order
nmod<acl:relcl> ...	1.0	0.545	taxongroup_topic	Passerine__order
nmod<acl:relcl>obl> ...	1.0	0.186	taxongroup_topic	Passerine__order
nsubj<acl:relcl<case> ...	1.0	0.278	taxongroup_topic	Passerine__order
nsubj:pass<cc> ...	1.0	0.449	taxongroup_topic	Passerine__order
list<amod> ...	1.0	0.243	taxongroup_topic	Passerine__order
nmod<obl<advcl> ...	1.0	0.573	taxongroup_topic	Passerine__order
compound>nummod> ...	1.0	0.328	taxongroup_topic	Passerine__order
compound>appos>nummod> ...	1.0	0.121	taxongroup_topic	Passerine__order
nsubj:pass<conj<obl> ...	1.0	0.179	taxongroup_topic	Passerine__order
nsubj:pass<conj<obj> ...	1.0	0.392	taxongroup_topic	Passerine__order
nsubj:pass<conj< ...	1.0	0.237	taxongroup_topic	Passerine__order
nsubj:pass<conj<nsubj> ...	1.0	0.304	taxongroup_topic	Passerine__order
nsubj<obl>nmod:poss> ...	1.0	0.376	taxongroup_topic	Passerine__order
obl<conj>aux:pass> ...	1.0	0.42	taxongroup_topic	Passerine__order
obl<conj>aux> ...	1.0	0.388	taxongroup_topic	Passerine__order
obl<conj>nsubj:pass> ...	1.0	0.48	taxongroup_topic	Passerine__order
obl<xcomp<nsubj> ...	1.0	0.549	taxongroup_topic	Passerine__order
obl<xcomp<advmod> ...	1.0	0.735	taxongroup_topic	Passerine__order
nsubj<acl>aux:pass> ...	1.0	0.247	taxongroup_topic	Passerine__order
conj>appos>compound> ...	1.0	0.237	taxongroup_topic	Passerine__order
obl<obj> ...	1.0	0.27	taxongroup_topic	Passerine__order
obl<obj>det> ...	1.0	0.288	taxongroup_topic	Passerine__order
obl<ccomp< ...	1.0	0.368	taxongroup_topic	Passerine__order
obl<ccomp<advmod> ...	1.0	0.424	taxongroup_topic	Passerine__order
list<appos>compound> ...	1.0	0.118	taxongroup_topic	Passerine__order
list<appos> ...	1.0	0.355	taxongroup_topic	Passerine__order
list<conj>cc> ...	1.0	0.394	taxongroup_topic	Passerine__order
nsubj<acl:relcl<obl< ...	1.0	0.263	taxongroup_topic	Passerine__order
obj<acl:relcl< ...	1.0	0.369	taxongroup_topic	Passerine__order
obj<acl:relcl<det> ...	1.0	0.331	taxongroup_topic	Passerine__order
obj<acl:relcl<case> ...	1.0	0.188	taxongroup_topic	Passerine__order
obj<acl:relcl<obl< ...	1.0	0.32	taxongroup_topic	Passerine__order
nsubj<appos>advmod> ...	1.0	0.369	taxongroup_topic	Passerine__order
nmod:poss<nsubj<nmod> ...	1.0	0.36	taxongroup_topic	Passerine__order
nmod:poss<nsubj<det> ...	1.0	0.487	taxongroup_topic	Passerine__order
nsubj<parataxis>obl> ...	1.0	0.3	taxongroup_topic	Passerine__order
nsubj<parataxis>nsubj> ...	1.0	0.357	taxongroup_topic	Passerine__order
nmod<nmod<obj< ...	1.0	0.296	taxongroup_topic	Passerine__order
list<compound< ...	1.0	0.281	taxongroup_topic	Passerine__order
list<conj> ...	1.0	0.425	taxongroup_topic	Passerine__order
obl<ccomp<nsubj> ...	1.0	0.346	taxongroup_topic	Passerine__order
conj<conj>advmod> ...	1.0	0.692	taxongroup_topic	Passerine__order
compound<obl:npmod<amod< ...	1.0	0.392	taxongroup_topic	Passerine__order
compound<obl:npmod< ...	1.0	0.399	taxongroup_topic	Passerine__order
compound<flat> ...	1.0	0.268	taxongroup_topic	Passerine__order
nmod>appos>flat> ...	1.0	0.353	taxongroup_topic	Passerine__order
nmod>appos> ...	1.0	0.131	taxongroup_topic	Passerine__order
acl>advmod> ...	1.0	0.45	taxongroup_topic	Passerine__order
obl<acl<nsubj< ...	1.0	0.317	taxongroup_topic	Passerine__order
obl<acl<conj> ...	1.0	0.229	taxongroup_topic	Passerine__order
amod>amod> ...	1.0	0.382	taxongroup_topic	Passerine__order
compound<conj<amod> ...	1.0	0.549	taxongroup_topic	Passerine__order
appos<compound<compound> ...	1.0	0.293	taxongroup_topic	Passerine__order
compound<nmod:poss> ...	1.0	0.161	taxongroup_topic	Passerine__order
compound<conj<cc> ...	1.0	0.298	taxongroup_topic	Passerine__order
compound<conj<conj< ...	1.0	0.495	taxongroup_topic	Passerine__order
conj>compound>amod> ...	1.0	0.361	taxongroup_topic	Passerine__order
nsubj<conj>acl:relcl> ...	1.0	0.143	taxongroup_topic	Passerine__order
nmod<nmod<advmod> ...	1.0	0.36	taxongroup_topic	Passerine__order
conj<cc:preconj> ...	1.0	0.508	taxongroup_topic	Passerine__order
obj<obl>nmod:poss> ...	1.0	0.428	taxongroup_topic	Passerine__order
obj<ccomp< ...	1.0	0.218	taxongroup_topic	Passerine__order
obj<ccomp<nsubj> ...	1.0	0.351	taxongroup_topic	Passerine__order
obj<nmod>nmod> ...	1.0	0.149	taxongroup_topic	Passerine__order
obj<nmod>det> ...	1.0	0.511	taxongroup_topic	Passerine__order
obj<conj>obl> ...	1.0	0.289	taxongroup_topic	Passerine__order
obj<nsubj>det> ...	1.0	0.27	taxongroup_topic	Passerine__order
nmod<conj>advmod> ...	1.0	0.438	taxongroup_topic	Passerine__order
obl<acl<compound> ...	1.0	0.075	taxongroup_topic	Passerine__order
obl<acl<case> ...	1.0	0.347	taxongroup_topic	Passerine__order
obl<acl<cop> ...	1.0	0.4	taxongroup_topic	Passerine__order
obl<acl<nsubj> ...	1.0	0.187	taxongroup_topic	Passerine__order
nmod<xcomp<obl> ...	1.0	0.406	taxongroup_topic	Passerine__order
nmod<xcomp< ...	1.0	0.394	taxongroup_topic	Passerine__order
nmod<xcomp<advmod> ...	1.0	0.338	taxongroup_topic	Passerine__order
nmod<xcomp<aux:pass> ...	1.0	0.421	taxongroup_topic	Passerine__order
nmod<xcomp<nsubj:pass> ...	1.0	0.322	taxongroup_topic	Passerine__order
nmod<nsubj<obj> ...	1.0	0.348	taxongroup_topic	Passerine__order
nmod<nsubj<cc> ...	1.0	0.464	taxongroup_topic	Passerine__order
nmod<appos>nmod> ...	1.0	0.146	taxongroup_topic	Passerine__order
nmod<appos>nummod> ...	1.0	0.402	taxongroup_topic	Passerine__order
list<compound>amod> jungle	1.0	0.348	taxongroup_topic	Passerine__order
list<compound>nmod:poss> kubaryi	1.0	0.343	taxongroup_topic	Passerine__order
nmod>case> of	1.0	0.996	taxongroup_topic	Passerine__order
nsubj:pass<obl> bird	1.0	0.599	taxongroup_topic	Passerine__order
nmod> paradise	1.0	0.833	taxongroup_topic	Passerine__order
nmod<obj< resemble	1.0	0.698	taxongroup_topic	Passerine__order
nmod<case> as	1.0	0.643	taxongroup_topic	Passerine__order
appos>appos> feed	1.0	0.637	taxongroup_topic	Passerine__order
nsubj<advcl> consum	1.0	0.442	taxongroup_topic	Passerine__order
conj>amod> other	1.0	0.48	taxongroup_topic	Passerine__order
nsubj< eat	1.0	0.878	taxongroup_topic	Passerine__order
nsubj<obj>amod> huge	1.0	0.422	taxongroup_topic	Passerine__order
nmod<obl<nsubj> bird	1.0	0.441	taxongroup_topic	Passerine__order
nmod< bird	1.0	0.527	taxongroup_topic	Passerine__order
nsubj<conj>det> the	1.0	0.286	taxongroup_topic	Passerine__order
conj<conj>amod> Hood	1.0	0.581	taxongroup_topic	Passerine__order
nmod<amod> common	1.0	0.366	taxongroup_topic	Passerine__order
nmod<acl:relcl>nsubj> which	1.0	0.333	taxongroup_topic	Passerine__order
conj<obl<aux> have	1.0	0.388	taxongroup_topic	Passerine__order
conj<case> for	1.0	0.45	taxongroup_topic	Passerine__order
nmod<amod> other	1.0	0.483	taxongroup_topic	Passerine__order
conj<cc:preconj> both	1.0	0.508	taxongroup_topic	Passerine__order
conj<det> this	1.0	0.176	taxongroup_topic	Passerine__order
conj< bird	1.0	0.424	taxongroup_topic	Passerine__order
nmod<nmod<case> to	1.0	0.315	taxongroup_topic	Passerine__order
nmod<nmod< one	1.0	0.564	taxongroup_topic	Passerine__order
nmod<amod> various	1.0	0.45	taxongroup_topic	Passerine__order
compound<conj<obj< include	1.0	0.665	taxongroup_topic	Passerine__order
compound<conj<det> the	1.0	0.466	taxongroup_topic	Passerine__order
compound<cc> and	1.0	0.344	taxongroup_topic	Passerine__order
compound<compound> name	1.0	0.475	taxongroup_topic	Passerine__order
compound<nmod<nmod< edition	1.0	0.279	taxongroup_topic	Passerine__order
compound<nmod<case> of	1.0	0.404	taxongroup_topic	Passerine__order
compound<nmod<nmod:poss> he	1.0	0.486	taxongroup_topic	Passerine__order
compound<nmod<compound> Systema	1.0	0.359	taxongroup_topic	Passerine__order
compound<nmod< Naturae	1.0	0.318	taxongroup_topic	Passerine__order
compound<appos<case> with	1.0	0.276	taxongroup_topic	Passerine__order
compound<obl<cop> be	1.0	0.272	taxongroup_topic	Passerine__order
compound<nmod> paradise	1.0	0.301	taxongroup_topic	Passerine__order
nmod<compound> bird	1.0	0.321	taxongroup_topic	Passerine__order
appos> distribution	1.0	0.463	taxongroup_topic	Passerine__order
appos>conj> habitat	1.0	0.46	taxongroup_topic	Passerine__order
nmod< member	1.0	0.455	taxongroup_topic	Passerine__order
nmod<nmod>case> include	1.0	0.43	taxongroup_topic	Passerine__order
nmod<conj> bird	1.0	0.631	taxongroup_topic	Passerine__order
nmod<conj>nmod> paradise	1.0	0.403	taxongroup_topic	Passerine__order
nmod<case> in	1.0	0.63	taxongroup_topic	Passerine__order
nmod>compound> type	1.0	0.482	taxongroup_topic	Passerine__order
nmod> genus	1.0	0.655	taxongroup_topic	Passerine__order
compound<nmod>compound> bird	1.0	0.275	taxongroup_topic	Passerine__order
list< Corvus	1.0	0.574	taxongroup_topic	Passerine__order
conj<conj>cc> Corvus	1.0	0.611	taxongroup_topic	Passerine__order
conj<conj>conj> splenden	1.0	0.449	taxongroup_topic	Passerine__order
obl<acl<cop> be	1.0	0.4	taxongroup_topic	Passerine__order
obj<nsubj>det> the	1.0	0.3	taxongroup_topic	Passerine__order
nmod<nsubj<cc> but	1.0	0.543	taxongroup_topic	Passerine__order
nmod<nsubj< have	1.0	0.49	taxongroup_topic	Passerine__order
nmod<xcomp<aux:pass> be	1.0	0.421	taxongroup_topic	Passerine__order
nmod<nmod>case> for	1.0	0.315	taxongroup_topic	Passerine__order
nmod<nmod>amod> many	1.0	0.706	taxongroup_topic	Passerine__order
conj> species	1.0	0.804	taxongroup_topic	Passerine__order
amod>obl:npmod> large	1.0	0.246	taxongroup_topic	Passerine__order
obl< know	1.0	0.379	taxongroup_topic	Passerine__order
compound<conj< crow	1.0	0.585	taxongroup_topic	Passerine__order
obl<acl<nmod> crow	1.0	0.225	taxongroup_topic	Passerine__order
compound<conj<amod> Collar	1.0	0.373	taxongroup_topic	Passerine__order
compound<conj<conj< crow	1.0	0.495	taxongroup_topic	Passerine__order
compound<conj<cc> Corvus	1.0	0.298	taxongroup_topic	Passerine__order
compound<nmod:poss> levaillantii	1.0	0.189	taxongroup_topic	Passerine__order
appos>compound>compound> Corvus	1.0	0.256	taxongroup_topic	Passerine__order
acl> know	1.0	0.494	taxongroup_topic	Passerine__order
acl>obl>case> as	1.0	0.298	taxongroup_topic	Passerine__order
conj>cc> Corvus	1.0	0.809	taxongroup_topic	Passerine__order
appos>nmod>case> in	1.0	0.187	taxongroup_topic	Passerine__order
nmod>compound> carrion	1.0	0.426	taxongroup_topic	Passerine__order
nmod> crow	1.0	0.768	taxongroup_topic	Passerine__order
nsubj<cc> but	1.0	0.349	taxongroup_topic	Passerine__order
conj<nmod:poss>case> 's	1.0	0.58	taxongroup_topic	Passerine__order
conj<nsubj< be	1.0	0.278	taxongroup_topic	Passerine__order
conj<nsubj<conj< bistrigicep	1.0	0.573	taxongroup_topic	Passerine__order
conj>amod> browed	1.0	0.506	taxongroup_topic	Passerine__order
nmod:poss< call	1.0	0.184	taxongroup_topic	Passerine__order
det> some	1.0	0.755	taxongroup_topic	Passerine__order
appos>det> the	1.0	0.434	taxongroup_topic	Passerine__order
nmod:poss<case> to	1.0	0.391	taxongroup_topic	Passerine__order
nsubj:pass<obl>case> for	1.0	0.613	taxongroup_topic	Passerine__order
nsubj:pass<obl> ability	1.0	0.595	taxongroup_topic	Passerine__order
appos<det> some	1.0	0.431	taxongroup_topic	Passerine__order
obj<obl>det> the	1.0	0.528	taxongroup_topic	Passerine__order
advmod> especially	1.0	0.394	taxongroup_topic	Passerine__order
conj<nmod<obl< gregarious	1.0	0.611	taxongroup_topic	Passerine__order
conj<nmod<advmod> perhaps	1.0	0.382	taxongroup_topic	Passerine__order
conj<nmod<case> with	1.0	0.602	taxongroup_topic	Passerine__order
conj<nmod< thrush	1.0	0.285	taxongroup_topic	Passerine__order
amod>advmod> more	1.0	0.483	taxongroup_topic	Passerine__order
obl<nsubj>compound> song	1.0	0.56	taxongroup_topic	Passerine__order
obl<nsubj> thrush	1.0	0.532	taxongroup_topic	Passerine__order
obl<xcomp>mark> to	1.0	0.563	taxongroup_topic	Passerine__order
conj<nsubj<cc> Acrocephalus	1.0	0.656	taxongroup_topic	Passerine__order
conj<appos>amod> Clamorous	1.0	0.339	taxongroup_topic	Passerine__order
obj<mark> while	1.0	0.534	taxongroup_topic	Passerine__order
obj<aux> do	1.0	0.443	taxongroup_topic	Passerine__order
nsubj< build	1.0	0.719	taxongroup_topic	Passerine__order
obj<advcl<cop> be	1.0	0.303	taxongroup_topic	Passerine__order
nsubj<advcl>cop> be	1.0	0.19	taxongroup_topic	Passerine__order
nsubj<advcl> bird	1.0	0.478	taxongroup_topic	Passerine__order
conj<case> in	1.0	0.495	taxongroup_topic	Passerine__order
compound<obj<mark> to	1.0	0.48	taxongroup_topic	Passerine__order
nsubj:pass<advcl>mark> when	1.0	0.448	taxongroup_topic	Passerine__order
nsubj:pass<aux> have	1.0	0.328	taxongroup_topic	Passerine__order
nsubj:pass<advmod> likely	1.0	0.508	taxongroup_topic	Passerine__order
nsubj<amod>advmod> very	1.0	0.565	taxongroup_topic	Passerine__order
nsubj<conj> bird	1.0	0.344	taxongroup_topic	Passerine__order
nsubj<obj> bill	1.0	0.212	taxongroup_topic	Passerine__order
nsubj<nmod>amod> common	1.0	0.437	taxongroup_topic	Passerine__order
nsubj<nmod>amod> colourful	1.0	0.53	taxongroup_topic	Passerine__order
conj<appos>amod> ree	1.0	0.347	taxongroup_topic	Passerine__order
conj>compound> Seychelle	1.0	0.338	taxongroup_topic	Passerine__order
conj>amod> newtoni	1.0	0.48	taxongroup_topic	Passerine__order
conj<appos> warbler	1.0	0.606	taxongroup_topic	Passerine__order
conj<conj>cc> orinus	1.0	0.653	taxongroup_topic	Passerine__order
conj<nsubj< ree	1.0	0.374	taxongroup_topic	Passerine__order
appos<nsubj<obj> warbler	1.0	0.353	taxongroup_topic	Passerine__order
obl< find	1.0	0.432	taxongroup_topic	Passerine__order
nsubj<obj>det> some	1.0	0.514	taxongroup_topic	Passerine__order
nsubj<advcl>mark> although	1.0	0.543	taxongroup_topic	Passerine__order
conj>compound>compound> brevipennis	1.0	0.43	taxongroup_topic	Passerine__order
nsubj<obj>amod> extensive	1.0	0.422	taxongroup_topic	Passerine__order
nsubj<obj> range	1.0	0.311	taxongroup_topic	Passerine__order
nsubj<obj>acl> estimate	1.0	0.155	taxongroup_topic	Passerine__order
nsubj<obj>conj> population	1.0	0.742	taxongroup_topic	Passerine__order
list<compound>cc> Corvus	1.0	0.344	taxongroup_topic	Passerine__order
compound< group	1.0	0.494	taxongroup_topic	Passerine__order
nsubj:pass<conj> breed	1.0	0.572	taxongroup_topic	Passerine__order
nsubj:pass<obl>case> because	1.0	0.643	taxongroup_topic	Passerine__order
compound<conj<case> in	1.0	0.248	taxongroup_topic	Passerine__order
nsubj<ccomp> have	1.0	0.543	taxongroup_topic	Passerine__order
nmod>case> with	1.0	0.995	taxongroup_topic	Passerine__order
nsubj<case> among	1.0	0.247	taxongroup_topic	Passerine__order
compound<det> a	1.0	0.689	taxongroup_topic	Passerine__order
compound<nsubj:pass<aux:pass> be	1.0	0.2	taxongroup_topic	Passerine__order
nsubj<advcl> eat	1.0	0.446	taxongroup_topic	Passerine__order
nsubj<advcl>obj> insect	1.0	0.358	taxongroup_topic	Passerine__order
nsubj<advcl>mark> to	1.0	0.528	taxongroup_topic	Passerine__order
nmod<conj<det> a	1.0	0.536	taxongroup_topic	Passerine__order
nsubj:pass<advmod> now	1.0	0.593	taxongroup_topic	Passerine__order
nsubj:pass<advmod> also	1.0	0.603	taxongroup_topic	Passerine__order
nsubj:pass<obl>det> a	1.0	0.581	taxongroup_topic	Passerine__order
nsubj:pass<aux> can	1.0	0.304	taxongroup_topic	Passerine__order
nsubj:pass< distinguished	1.0	0.34	taxongroup_topic	Passerine__order
appos<nmod<det> the	1.0	0.398	taxongroup_topic	Passerine__order
appos<case> by	1.0	0.408	taxongroup_topic	Passerine__order
appos> Taxonomy	1.0	0.389	taxongroup_topic	Passerine__order
conj<nmod>det> the	1.0	0.201	taxongroup_topic	Passerine__order
nsubj:pass<xcomp>mark> to	1.0	0.493	taxongroup_topic	Passerine__order
nsubj<conj>cc> but	1.0	0.733	taxongroup_topic	Passerine__order
conj>amod> european	1.0	0.509	taxongroup_topic	Passerine__order
appos<obl<aux:pass> be	1.0	0.358	taxongroup_topic	Passerine__order
appos<case> with	1.0	0.553	taxongroup_topic	Passerine__order
appos<nmod>det> the	1.0	0.585	taxongroup_topic	Passerine__order
conj< greenfinch	1.0	0.351	taxongroup_topic	Passerine__order
obl<cop> be	1.0	0.388	taxongroup_topic	Passerine__order
obl<conj>cop> be	1.0	0.574	taxongroup_topic	Passerine__order
nsubj<conj>aux> will	1.0	0.603	taxongroup_topic	Passerine__order
nmod<obj< include	1.0	0.511	taxongroup_topic	Passerine__order
nmod<det> some	1.0	0.622	taxongroup_topic	Passerine__order
obl<nsubj> species	1.0	0.604	taxongroup_topic	Passerine__order
nsubj<parataxis>advmod> so	1.0	0.559	taxongroup_topic	Passerine__order
compound<nmod< bird	1.0	0.235	taxongroup_topic	Passerine__order
compound<case>fixed> as	1.0	0.426	taxongroup_topic	Passerine__order
nmod<obl< similar	1.0	0.429	taxongroup_topic	Passerine__order
obj<mark> by	1.0	0.52	taxongroup_topic	Passerine__order
nmod>case> to	1.0	0.988	taxongroup_topic	Passerine__order
nsubj:pass<conj> see	1.0	0.572	taxongroup_topic	Passerine__order
obj< kill	1.0	0.345	taxongroup_topic	Passerine__order
conj>det> a	1.0	0.46	taxongroup_topic	Passerine__order
obj<obl>det> a	1.0	0.524	taxongroup_topic	Passerine__order
obj<conj>cc> and	1.0	0.194	taxongroup_topic	Passerine__order
obj<conj>amod> small	1.0	0.506	taxongroup_topic	Passerine__order
obj<conj> bird	1.0	0.308	taxongroup_topic	Passerine__order
appos>compound> Chloris	1.0	0.445	taxongroup_topic	Passerine__order
conj<nmod<compound> bird	1.0	0.462	taxongroup_topic	Passerine__order
conj>nmod>det> a	1.0	0.401	taxongroup_topic	Passerine__order
mark> that	1.0	0.298	taxongroup_topic	Passerine__order
nmod>case> from	1.0	1.021	taxongroup_topic	Passerine__order
nmod>det> a	1.0	0.377	taxongroup_topic	Passerine__order
acl:relcl>nsubj> that	1.0	0.453	taxongroup_topic	Passerine__order
acl:relcl>cop> be	1.0	0.297	taxongroup_topic	Passerine__order
acl:relcl>advmod> not	1.0	0.556	taxongroup_topic	Passerine__order
acl:relcl>obl>case> to	1.0	0.487	taxongroup_topic	Passerine__order
acl:relcl>obl>det> the	1.0	0.289	taxongroup_topic	Passerine__order
appos<nsubj:pass< use	1.0	0.272	taxongroup_topic	Passerine__order
list<conj>cc> and	1.0	0.294	taxongroup_topic	Passerine__order
compound<amod> common	1.0	0.153	taxongroup_topic	Passerine__order
nmod<nummod> 2	1.0	0.455	taxongroup_topic	Passerine__order
nsubj:pass<cc> and	1.0	0.493	taxongroup_topic	Passerine__order
nsubj:pass<obl> species	1.0	0.525	taxongroup_topic	Passerine__order
nsubj<aux> have	1.0	0.553	taxongroup_topic	Passerine__order
nsubj<obl>case> in	1.0	0.71	taxongroup_topic	Passerine__order
conj<amod> common	1.0	0.755	taxongroup_topic	Passerine__order
nsubj<obl>case> like	1.0	0.803	taxongroup_topic	Passerine__order
nsubj<obl> bird	1.0	0.47	taxongroup_topic	Passerine__order
nsubj<obl>nmod:poss> they	1.0	0.353	taxongroup_topic	Passerine__order
obj<obl>case> as	1.0	0.419	taxongroup_topic	Passerine__order
nsubj<obl>case> as	1.0	0.759	taxongroup_topic	Passerine__order
nsubj<obl>case> on	1.0	0.769	taxongroup_topic	Passerine__order
obj<obl>nmod:poss> he	1.0	0.383	taxongroup_topic	Passerine__order
obj<nmod>case> in	1.0	0.557	taxongroup_topic	Passerine__order
conj<conj>advmod> simply	1.0	0.775	taxongroup_topic	Passerine__order
nsubj<obl>amod> recent	1.0	0.144	taxongroup_topic	Passerine__order
obl< use	1.0	0.557	taxongroup_topic	Passerine__order
conj>nmod:poss> its	1.0	0.416	taxongroup_topic	Passerine__order
obl<conj>aux> have	1.0	0.3	taxongroup_topic	Passerine__order
obl<conj>aux:pass> be	1.0	0.42	taxongroup_topic	Passerine__order
nsubj<acl>aux:pass> be	1.0	0.247	taxongroup_topic	Passerine__order
nsubj<amod>advmod> most	1.0	0.499	taxongroup_topic	Passerine__order
nsubj<nmod>amod> european	1.0	0.427	taxongroup_topic	Passerine__order
obl<mark> that	1.0	0.589	taxongroup_topic	Passerine__order
obl<obj>det> the	1.0	0.342	taxongroup_topic	Passerine__order
nmod:poss<nsubj<det> a	1.0	0.519	taxongroup_topic	Passerine__order
appos>compound> Carduelis	1.0	0.603	taxongroup_topic	Passerine__order
conj<appos>compound> Carduelis	1.0	0.445	taxongroup_topic	Passerine__order
nsubj:pass<advcl>nsubj> it	1.0	0.232	taxongroup_topic	Passerine__order
obj<nsubj> name	1.0	0.408	taxongroup_topic	Passerine__order
nmod<nmod> Britain	1.0	0.485	taxongroup_topic	Passerine__order
nmod<amod> many	1.0	0.444	taxongroup_topic	Passerine__order
acl>mark> to	1.0	0.299	taxongroup_topic	Passerine__order
acl>obl>det> a	1.0	0.289	taxongroup_topic	Passerine__order
nmod<nsubj>det> the	1.0	0.384	taxongroup_topic	Passerine__order
appos<det> the	1.0	0.464	taxongroup_topic	Passerine__order
nsubj<advmod> very	1.0	0.667	taxongroup_topic	Passerine__order
obj<nsubj> that	1.0	0.446	taxongroup_topic	Passerine__order
nsubj<amod> long	1.0	0.349	taxongroup_topic	Passerine__order
nsubj<appos>det> the	1.0	0.445	taxongroup_topic	Passerine__order
obj<acl:relcl<det> a	1.0	0.301	taxongroup_topic	Passerine__order
conj<obj<conj> favor	1.0	0.469	taxongroup_topic	Passerine__order
nsubj<nmod>compound> passerine	1.0	0.395	taxongroup_topic	Passerine__order
nmod<nmod<cc> and	1.0	0.486	taxongroup_topic	Passerine__order
nmod<nmod<det> the	1.0	0.399	taxongroup_topic	Passerine__order
conj<case> like	1.0	0.384	taxongroup_topic	Passerine__order
conj<obj<nsubj> relative	1.0	0.429	taxongroup_topic	Passerine__order
conj<obj< include	1.0	0.303	taxongroup_topic	Passerine__order
conj<conj>nmod> paradise	1.0	0.229	taxongroup_topic	Passerine__order
conj<nsubj>nmod> ...	1.0	0.299	taxongroup_topic	Passerine__order
amod> ...	830.0	0.774	ALL	Passerine__order
det> ...	648.0	0.696	ALL	Passerine__order
case> ...	626.0	0.857	ALL	Passerine__order
det> the	524.0	0.763	ALL	Passerine__order
conj<conj> ...	523.0	0.851	ALL	Passerine__order
compound> ...	481.0	0.344	ALL	Passerine__order
nmod< ...	333.0	0.479	ALL	Passerine__order
nsubj< ...	324.0	0.796	ALL	Passerine__order
conj< ...	294.0	0.407	ALL	Passerine__order
conj> ...	291.0	0.757	ALL	Passerine__order
compound< ...	276.0	0.339	ALL	Passerine__order
appos> ...	253.0	0.446	ALL	Passerine__order
nmod>case> ...	233.0	0.904	ALL	Passerine__order
nmod> ...	228.0	0.561	ALL	Passerine__order
obl< ...	214.0	0.349	ALL	Passerine__order
case> of	207.0	0.846	ALL	Passerine__order
conj<conj>cc> ...	206.0	0.493	ALL	Passerine__order
conj>cc> ...	185.0	0.656	ALL	Passerine__order
conj<conj>amod> ...	183.0	0.654	ALL	Passerine__order
cc> ...	175.0	0.317	ALL	Passerine__order
nmod<det> ...	173.0	0.579	ALL	Passerine__order
nsubj<cop> ...	150.0	0.579	ALL	Passerine__order
nsubj<cop> be	149.0	0.584	ALL	Passerine__order
nsubj<obl>case> ...	146.0	0.74	ALL	Passerine__order
nsubj<obl> ...	145.0	0.366	ALL	Passerine__order
appos<conj> ...	131.0	0.705	ALL	Passerine__order
amod> common	130.0	0.838	ALL	Passerine__order
appos< ...	129.0	0.331	ALL	Passerine__order
nsubj:pass<obl> ...	127.0	0.59	ALL	Passerine__order
nmod<amod> ...	126.0	0.425	ALL	Passerine__order
nsubj:pass<obl>case> ...	126.0	0.65	ALL	Passerine__order
obj< ...	124.0	0.303	ALL	Passerine__order
cc> and	115.0	0.439	ALL	Passerine__order
nmod<case> ...	113.0	0.567	ALL	Passerine__order
conj<amod> ...	112.0	0.71	ALL	Passerine__order
conj>cc> and	112.0	0.708	ALL	Passerine__order
nsubj:pass< ...	112.0	0.413	ALL	Passerine__order
nsubj:pass<aux:pass> ...	112.0	0.755	ALL	Passerine__order
nsubj:pass<aux:pass> be	112.0	0.755	ALL	Passerine__order
conj<case> ...	109.0	0.422	ALL	Passerine__order
nmod<det> the	107.0	0.636	ALL	Passerine__order
nsubj<conj> ...	107.0	0.351	ALL	Passerine__order
nmod>case> of	103.0	0.996	ALL	Passerine__order
nsubj<obj> ...	100.0	0.18	ALL	Passerine__order
appos<appos> ...	98.0	0.599	ALL	Passerine__order
nsubj<advmod> ...	92.0	0.65	ALL	Passerine__order
det> a	92.0	0.764	ALL	Passerine__order
conj<conj>compound> ...	91.0	0.497	ALL	Passerine__order
conj<conj>cc> and	91.0	0.429	ALL	Passerine__order
conj>amod> ...	91.0	0.503	ALL	Passerine__order
compound<case> ...	91.0	0.178	ALL	Passerine__order
conj<appos> ...	82.0	0.557	ALL	Passerine__order
obl<nsubj> ...	82.0	0.564	ALL	Passerine__order
nsubj<conj>cc> ...	80.0	0.528	ALL	Passerine__order
compound<amod> ...	78.0	0.23	ALL	Passerine__order
compound<det> ...	76.0	0.669	ALL	Passerine__order
nmod> paradise	74.0	0.833	ALL	Passerine__order
conj<conj>cc> Acrocephalus	74.0	0.683	ALL	Passerine__order
nsubj<nmod>case> ...	73.0	0.287	ALL	Passerine__order
amod> european	73.0	0.781	ALL	Passerine__order
nsubj<nmod> ...	71.0	0.339	ALL	Passerine__order
obl<advmod> ...	70.0	0.321	ALL	Passerine__order
amod> Eurasian	68.0	0.815	ALL	Passerine__order
conj>compound> ...	67.0	0.256	ALL	Passerine__order
flat> ...	66.0	0.154	ALL	Passerine__order
nsubj> ...	65.0	0.256	ALL	Passerine__order
case> in	65.0	0.867	ALL	Passerine__order
obj<nsubj> ...	63.0	0.421	ALL	Passerine__order
nsubj<amod> ...	63.0	0.289	ALL	Passerine__order
nsubj<det> ...	63.0	0.544	ALL	Passerine__order
nmod<nsubj< ...	63.0	0.487	ALL	Passerine__order
conj<det> ...	62.0	0.229	ALL	Passerine__order
appos>compound> ...	61.0	0.502	ALL	Passerine__order
appos<amod> ...	60.0	0.409	ALL	Passerine__order
nmod<obl< ...	60.0	0.238	ALL	Passerine__order
compound<det> the	60.0	0.621	ALL	Passerine__order
conj<conj> warbler	60.0	0.874	ALL	Passerine__order
compound<nmod< ...	59.0	0.295	ALL	Passerine__order
conj<nmod< ...	59.0	0.2	ALL	Passerine__order
conj<obj< ...	58.0	0.361	ALL	Passerine__order
nsubj<obl>det> ...	57.0	0.613	ALL	Passerine__order
cop> ...	56.0	0.211	ALL	Passerine__order
compound<conj<conj> ...	56.0	0.438	ALL	Passerine__order
nmod>det> ...	56.0	0.343	ALL	Passerine__order
obl<obl> ...	55.0	0.393	ALL	Passerine__order
cop> be	55.0	0.293	ALL	Passerine__order
obl<obl>case> ...	55.0	0.378	ALL	Passerine__order
advmod> ...	54.0	0.364	ALL	Passerine__order
nmod>compound> ...	54.0	0.338	ALL	Passerine__order
conj<det> the	54.0	0.28	ALL	Passerine__order
nsubj<conj>cc> and	53.0	0.701	ALL	Passerine__order
appos>conj> ...	52.0	0.317	ALL	Passerine__order
nsubj<advcl> ...	52.0	0.417	ALL	Passerine__order
nmod<det> a	52.0	0.607	ALL	Passerine__order
obl<aux:pass> ...	51.0	0.332	ALL	Passerine__order
amod< ...	51.0	0.307	ALL	Passerine__order
obl<aux:pass> be	51.0	0.332	ALL	Passerine__order
nsubj<obj>amod> ...	50.0	0.362	ALL	Passerine__order
acl> ...	48.0	0.441	ALL	Passerine__order
appos<det> ...	48.0	0.439	ALL	Passerine__order
compound<appos< ...	48.0	0.467	ALL	Passerine__order
appos<conj>amod> ...	48.0	0.368	ALL	Passerine__order
appos<conj>cc> ...	47.0	0.499	ALL	Passerine__order
nmod>case> in	47.0	0.984	ALL	Passerine__order
nsubj<obj>det> ...	46.0	0.447	ALL	Passerine__order
obj<obl>case> ...	46.0	0.236	ALL	Passerine__order
nmod>det> the	46.0	0.332	ALL	Passerine__order
obj<obl> ...	46.0	0.289	ALL	Passerine__order
nsubj<obl>nmod> ...	45.0	0.274	ALL	Passerine__order
nsubj<aux> ...	45.0	0.548	ALL	Passerine__order
nsubj<obl>amod> ...	45.0	0.315	ALL	Passerine__order
nsubj<obl>case> in	44.0	0.71	ALL	Passerine__order
nmod<nmod< ...	44.0	0.478	ALL	Passerine__order
appos>conj>cc> ...	44.0	0.423	ALL	Passerine__order
obl<nsubj:pass> ...	44.0	0.546	ALL	Passerine__order
conj<obj<nsubj> ...	44.0	0.254	ALL	Passerine__order
nsubj:pass<obl>det> ...	44.0	0.611	ALL	Passerine__order
nsubj:pass<obl>amod> ...	43.0	0.476	ALL	Passerine__order
nmod<nmod> ...	43.0	0.524	ALL	Passerine__order
nmod<nmod>case> ...	43.0	0.346	ALL	Passerine__order
nmod<cop> ...	42.0	0.247	ALL	Passerine__order
nmod<cop> be	42.0	0.247	ALL	Passerine__order
appos<conj>compound> ...	42.0	0.349	ALL	Passerine__order
nmod<compound> ...	42.0	0.251	ALL	Passerine__order
nsubj<nmod>det> ...	41.0	0.452	ALL	Passerine__order
obl<cop> be	41.0	0.388	ALL	Passerine__order
obl<cop> ...	41.0	0.388	ALL	Passerine__order
flat< ...	41.0	0.223	ALL	Passerine__order
nsubj<det> a	41.0	0.562	ALL	Passerine__order
acl>obl>case> ...	41.0	0.312	ALL	Passerine__order
nsubj:pass<advmod> ...	41.0	0.531	ALL	Passerine__order
nmod>amod> ...	40.0	0.353	ALL	Passerine__order
nsubj:pass<obl>case> in	40.0	0.688	ALL	Passerine__order
acl>obl> ...	40.0	0.194	ALL	Passerine__order
conj<nmod>case> ...	40.0	0.513	ALL	Passerine__order
appos>conj>cc> and	40.0	0.532	ALL	Passerine__order
conj<obl< ...	40.0	0.33	ALL	Passerine__order
obl<nsubj>det> ...	39.0	0.428	ALL	Passerine__order
nmod<nsubj> ...	39.0	0.249	ALL	Passerine__order
nmod<conj> ...	39.0	0.433	ALL	Passerine__order
conj<conj>flat> ...	39.0	0.649	ALL	Passerine__order
nmod<obj< ...	38.0	0.479	ALL	Passerine__order
acl:relcl> ...	38.0	0.301	ALL	Passerine__order
conj<nmod> ...	38.0	0.351	ALL	Passerine__order
appos<det> the	38.0	0.464	ALL	Passerine__order
compound<nmod>case> ...	37.0	0.424	ALL	Passerine__order
nsubj<advcl>mark> ...	37.0	0.516	ALL	Passerine__order
case> for	37.0	0.779	ALL	Passerine__order
compound<nmod> ...	37.0	0.217	ALL	Passerine__order
conj>cc> Acrocephalus	36.0	0.741	ALL	Passerine__order
appos<compound>conj> ...	36.0	0.646	ALL	Passerine__order
amod>advmod> ...	36.0	0.309	ALL	Passerine__order
conj>det> ...	36.0	0.39	ALL	Passerine__order
conj<nsubj> ...	36.0	0.201	ALL	Passerine__order
conj<nmod<amod> ...	35.0	0.3	ALL	Passerine__order
compound<compound> ...	35.0	0.294	ALL	Passerine__order
nsubj:pass<obl>conj> ...	34.0	0.439	ALL	Passerine__order
nmod:poss> ...	34.0	0.248	ALL	Passerine__order
amod> ree	34.0	0.8	ALL	Passerine__order
acl:relcl>nsubj> ...	34.0	0.387	ALL	Passerine__order
nsubj>det> ...	34.0	0.266	ALL	Passerine__order
nsubj<obj>det> a	33.0	0.49	ALL	Passerine__order
nsubj:pass<obl>compound> ...	33.0	0.299	ALL	Passerine__order
compound<nmod<det> ...	33.0	0.336	ALL	Passerine__order
compound<conj> ...	33.0	0.393	ALL	Passerine__order
obl<acl< ...	33.0	0.209	ALL	Passerine__order
nsubj<mark> ...	33.0	0.436	ALL	Passerine__order
obl<nsubj>det> the	33.0	0.511	ALL	Passerine__order
nsubj<obl>det> the	33.0	0.613	ALL	Passerine__order
nmod>conj> ...	32.0	0.407	ALL	Passerine__order
nmod<nsubj<obl> ...	32.0	0.372	ALL	Passerine__order
case> to	32.0	0.803	ALL	Passerine__order
case>fixed> ...	32.0	0.477	ALL	Passerine__order
conj<compound<appos> ...	32.0	0.53	ALL	Passerine__order
compound<conj< ...	32.0	0.379	ALL	Passerine__order
appos<case> ...	32.0	0.461	ALL	Passerine__order
conj<compound>conj> ...	31.0	0.504	ALL	Passerine__order
nmod< species	31.0	0.498	ALL	Passerine__order
conj<nsubj< ...	31.0	0.245	ALL	Passerine__order
nsubj<obj>nmod> ...	31.0	0.407	ALL	Passerine__order
compound>compound> ...	31.0	0.234	ALL	Passerine__order
conj<compound> ...	31.0	0.31	ALL	Passerine__order
nsubj< have	30.0	0.891	ALL	Passerine__order
flat<flat> ...	30.0	0.44	ALL	Passerine__order
nmod:poss< ...	30.0	0.195	ALL	Passerine__order
obl<mark> ...	30.0	0.515	ALL	Passerine__order
case> with	30.0	0.874	ALL	Passerine__order
conj<conj>amod> ree	30.0	0.827	ALL	Passerine__order
appos> behaviour	30.0	0.534	ALL	Passerine__order
conj>det> the	30.0	0.421	ALL	Passerine__order
obl<obj> ...	30.0	0.27	ALL	Passerine__order
case> 's	29.0	0.934	ALL	Passerine__order
nsubj<nmod>det> the	29.0	0.452	ALL	Passerine__order
appos<conj>flat> ...	29.0	0.341	ALL	Passerine__order
nsubj:pass<obl>nmod> ...	29.0	0.484	ALL	Passerine__order
nsubj<conj>obl> ...	29.0	0.317	ALL	Passerine__order
case>fixed> as	28.0	0.454	ALL	Passerine__order
conj< warbler	28.0	0.385	ALL	Passerine__order
list<list> ...	28.0	0.333	ALL	Passerine__order
compound<obl< ...	28.0	0.548	ALL	Passerine__order
case> such	28.0	0.849	ALL	Passerine__order
nsubj<obl>conj> ...	28.0	0.391	ALL	Passerine__order
nsubj<conj>advmod> ...	28.0	0.623	ALL	Passerine__order
appos<compound> ...	28.0	0.461	ALL	Passerine__order
nsubj:pass<obl>det> the	28.0	0.636	ALL	Passerine__order
obj<conj> ...	28.0	0.238	ALL	Passerine__order
obl<conj> ...	28.0	0.341	ALL	Passerine__order
nsubj<nmod>case> of	28.0	0.357	ALL	Passerine__order
compound> barn	27.0	0.511	ALL	Passerine__order
nsubj:pass<conj> ...	27.0	0.497	ALL	Passerine__order
obj<mark> ...	27.0	0.468	ALL	Passerine__order
amod> other	27.0	0.775	ALL	Passerine__order
appos>amod> ...	27.0	0.437	ALL	Passerine__order
compound> carrion	27.0	0.349	ALL	Passerine__order
case> from	26.0	0.923	ALL	Passerine__order
conj>cc> or	26.0	0.706	ALL	Passerine__order
compound<appos<amod> ...	26.0	0.234	ALL	Passerine__order
nmod<nsubj:pass<aux:pass> be	26.0	0.237	ALL	Passerine__order
flat<conj<conj> ...	26.0	0.438	ALL	Passerine__order
conj<conj> crow	26.0	0.928	ALL	Passerine__order
amod<conj<conj> ...	26.0	0.118	ALL	Passerine__order
nmod<nsubj:pass< ...	26.0	0.449	ALL	Passerine__order
cc> Acrocephalus	26.0	0.331	ALL	Passerine__order
nmod<nsubj:pass<aux:pass> ...	26.0	0.237	ALL	Passerine__order
nsubj>det> the	26.0	0.373	ALL	Passerine__order
nsubj<ccomp< ...	26.0	0.434	ALL	Passerine__order
conj<case>fixed> ...	25.0	0.5	ALL	Passerine__order
nsubj<conj>obj> ...	25.0	0.431	ALL	Passerine__order
compound<appos<conj> ...	25.0	0.343	ALL	Passerine__order
nsubj<advcl>obj> ...	25.0	0.432	ALL	Passerine__order
obl<aux> ...	25.0	0.346	ALL	Passerine__order
nmod<conj<conj> ...	25.0	0.248	ALL	Passerine__order
conj<compound<conj> ...	25.0	0.494	ALL	Passerine__order
nsubj<nmod>amod> ...	25.0	0.399	ALL	Passerine__order
conj<appos>compound> ...	25.0	0.374	ALL	Passerine__order
conj<case>fixed> as	25.0	0.5	ALL	Passerine__order
nsubj<obj>conj> ...	25.0	0.648	ALL	Passerine__order
conj<case> such	25.0	0.364	ALL	Passerine__order
nmod<conj< ...	25.0	0.426	ALL	Passerine__order
compound<appos<det> ...	24.0	0.226	ALL	Passerine__order
nsubj:pass<conj>cc> ...	24.0	0.282	ALL	Passerine__order
nmod<nmod<det> ...	24.0	0.408	ALL	Passerine__order
conj< crow	24.0	0.443	ALL	Passerine__order
obl<obl>case> in	24.0	0.389	ALL	Passerine__order
conj<cop> ...	24.0	0.625	ALL	Passerine__order
conj> warbler	24.0	0.897	ALL	Passerine__order
appos<conj<conj> ...	24.0	0.378	ALL	Passerine__order
conj<nmod<case> ...	23.0	0.538	ALL	Passerine__order
nmod<nsubj<cop> be	23.0	0.184	ALL	Passerine__order
nmod<nsubj<cop> ...	23.0	0.184	ALL	Passerine__order
obl<nsubj>amod> ...	23.0	0.244	ALL	Passerine__order
conj<obl<advmod> ...	23.0	0.329	ALL	Passerine__order
amod> male	23.0	0.766	ALL	Passerine__order
compound<case> of	23.0	0.088	ALL	Passerine__order
nsubj< bird	23.0	0.912	ALL	Passerine__order
compound<obj< ...	23.0	0.515	ALL	Passerine__order
nmod>nmod> ...	23.0	0.376	ALL	Passerine__order
appos<nmod>case> ...	23.0	0.361	ALL	Passerine__order
conj<cop> be	23.0	0.579	ALL	Passerine__order
compound<conj>cc> ...	23.0	0.309	ALL	Passerine__order
nmod>nmod>case> ...	23.0	0.536	ALL	Passerine__order
appos<nmod> ...	23.0	0.354	ALL	Passerine__order
nmod< bird	23.0	0.527	ALL	Passerine__order
compound<nmod<case> ...	23.0	0.369	ALL	Passerine__order
appos<conj>cc> and	23.0	0.574	ALL	Passerine__order
nsubj<ccomp<nsubj> ...	23.0	0.287	ALL	Passerine__order
compound<nmod<amod> ...	22.0	0.355	ALL	Passerine__order
nmod:poss>case> 's	22.0	0.31	ALL	Passerine__order
compound<appos> ...	22.0	0.268	ALL	Passerine__order
nmod<obl<obl> ...	22.0	0.521	ALL	Passerine__order
nmod<obl<nsubj> ...	22.0	0.364	ALL	Passerine__order
obl<conj>cc> ...	22.0	0.595	ALL	Passerine__order
nmod<case> of	22.0	0.641	ALL	Passerine__order
nmod:poss>case> ...	22.0	0.31	ALL	Passerine__order
nsubj:pass<conj>cc> and	22.0	0.297	ALL	Passerine__order
obj<obl>case> in	22.0	0.244	ALL	Passerine__order
compound<appos<appos> ...	22.0	0.285	ALL	Passerine__order
nsubj<conj>nsubj> ...	22.0	0.276	ALL	Passerine__order
nsubj<det> the	21.0	0.522	ALL	Passerine__order
nsubj<mark> that	21.0	0.469	ALL	Passerine__order
cc> or	21.0	0.459	ALL	Passerine__order
nmod<conj>amod> ...	21.0	0.437	ALL	Passerine__order
amod<amod> ...	21.0	0.189	ALL	Passerine__order
nsubj<nmod>nmod> ...	21.0	0.254	ALL	Passerine__order
conj<conj>det> ...	21.0	0.5	ALL	Passerine__order
acl:relcl>obl> ...	21.0	0.232	ALL	Passerine__order
nmod<obl<advmod> ...	21.0	0.243	ALL	Passerine__order
appos<nsubj< ...	21.0	0.302	ALL	Passerine__order
conj<obl>case> ...	21.0	0.393	ALL	Passerine__order
acl:relcl>obl>case> ...	21.0	0.442	ALL	Passerine__order
nsubj:pass<advcl> ...	21.0	0.438	ALL	Passerine__order
appos<appos>compound> ...	21.0	0.267	ALL	Passerine__order
case> as	21.0	0.92	ALL	Passerine__order
compound<appos<det> the	21.0	0.221	ALL	Passerine__order
obl<advcl> ...	21.0	0.296	ALL	Passerine__order
nmod<obj<nsubj> ...	21.0	0.222	ALL	Passerine__order
conj<appos>amod> ...	21.0	0.27	ALL	Passerine__order
conj<obj< include	21.0	0.303	ALL	Passerine__order
obl<obl>det> ...	20.0	0.374	ALL	Passerine__order
conj<obl> ...	20.0	0.353	ALL	Passerine__order
compound> passerine	20.0	0.356	ALL	Passerine__order
conj<obl:npmod>conj> ...	20.0	0.779	ALL	Passerine__order
nsubj<advcl>obl> ...	20.0	0.301	ALL	Passerine__order
nummod> ...	20.0	0.532	ALL	Passerine__order
nmod<obl<aux:pass> ...	20.0	0.248	ALL	Passerine__order
nsubj>amod> ...	20.0	0.229	ALL	Passerine__order
compound> song	20.0	0.454	ALL	Passerine__order
nmod<obl<aux:pass> be	20.0	0.248	ALL	Passerine__order
nsubj<obl>det> a	20.0	0.653	ALL	Passerine__order
appos<conj>appos> ...	20.0	0.595	ALL	Passerine__order
conj<obl:npmod<conj> ...	20.0	0.469	ALL	Passerine__order
nsubj<obl>compound> ...	20.0	0.214	ALL	Passerine__order
nsubj<compound> ...	20.0	0.444	ALL	Passerine__order
nsubj<nmod>compound> ...	20.0	0.195	ALL	Passerine__order
nsubj:pass<obl>case> by	20.0	0.667	ALL	Passerine__order
conj>nmod>case> ...	20.0	0.434	ALL	Passerine__order
appos<conj> Corvus	20.0	0.712	ALL	Passerine__order
conj<obl:npmod>conj> warbler	20.0	0.779	ALL	Passerine__order
conj>nmod> ...	20.0	0.521	ALL	Passerine__order
nsubj<obl>case> to	20.0	0.738	ALL	Passerine__order
conj<appos> Corvus	19.0	0.69	ALL	Passerine__order
nmod<conj>cc> ...	19.0	0.199	ALL	Passerine__order
amod> great	19.0	0.862	ALL	Passerine__order
acl:relcl>nsubj> which	19.0	0.406	ALL	Passerine__order
nmod<appos> ...	19.0	0.342	ALL	Passerine__order
nsubj<advcl>nsubj> ...	19.0	0.333	ALL	Passerine__order
case> on	19.0	0.889	ALL	Passerine__order
list> ...	19.0	0.372	ALL	Passerine__order
nmod>conj>cc> ...	19.0	0.411	ALL	Passerine__order
nsubj:pass<aux> ...	19.0	0.268	ALL	Passerine__order
obl<nsubj:pass>det> ...	19.0	0.736	ALL	Passerine__order
compound<cc> ...	19.0	0.254	ALL	Passerine__order
nsubj<conj>amod> ...	19.0	0.472	ALL	Passerine__order
compound<nmod<det> the	19.0	0.329	ALL	Passerine__order
conj<compound<list> ...	19.0	0.487	ALL	Passerine__order
nsubj<nmod>case> in	19.0	0.304	ALL	Passerine__order
appos>nmod> ...	18.0	0.333	ALL	Passerine__order
list< ...	18.0	0.488	ALL	Passerine__order
nmod<nsubj<conj> ...	18.0	0.373	ALL	Passerine__order
appos>nmod>case> ...	18.0	0.169	ALL	Passerine__order
obj<nsubj>amod> ...	18.0	0.312	ALL	Passerine__order
compound>amod> ...	18.0	0.442	ALL	Passerine__order
obj<conj>cc> ...	18.0	0.169	ALL	Passerine__order
appos>appos> ...	18.0	0.229	ALL	Passerine__order
obl<xcomp< ...	18.0	0.498	ALL	Passerine__order
appos<compound>conj> crow	18.0	0.766	ALL	Passerine__order
appos>flat> ...	18.0	0.375	ALL	Passerine__order
list<appos> ...	18.0	0.355	ALL	Passerine__order
appos<compound<list> ...	18.0	0.376	ALL	Passerine__order
conj<obj<conj> ...	18.0	0.373	ALL	Passerine__order
nmod<nsubj<obj> ...	18.0	0.348	ALL	Passerine__order
flat<conj<appos> ...	18.0	0.265	ALL	Passerine__order
appos>conj> ecology	18.0	0.371	ALL	Passerine__order
list<compound>conj> ...	18.0	0.373	ALL	Passerine__order
nmod<obl<nsubj:pass> ...	18.0	0.421	ALL	Passerine__order
compound> house	17.0	0.492	ALL	Passerine__order
conj<conj>appos> ...	17.0	0.38	ALL	Passerine__order
appos<conj>det> ...	17.0	0.406	ALL	Passerine__order
obl<conj>cc> and	17.0	0.639	ALL	Passerine__order
nmod<case> to	17.0	0.542	ALL	Passerine__order
compound<appos<nmod> ...	17.0	0.323	ALL	Passerine__order
appos<appos> Corvus	17.0	0.713	ALL	Passerine__order
compound<case> in	17.0	0.125	ALL	Passerine__order
nmod<nsubj<advmod> ...	17.0	0.283	ALL	Passerine__order
nmod<nsubj>det> ...	17.0	0.378	ALL	Passerine__order
compound> family	17.0	0.32	ALL	Passerine__order
nsubj<amod>advmod> ...	17.0	0.473	ALL	Passerine__order
obj<advmod> ...	17.0	0.497	ALL	Passerine__order
nmod:poss<case> ...	17.0	0.39	ALL	Passerine__order
flat<nsubj:pass<obl> ...	17.0	0.203	ALL	Passerine__order
appos<appos> crow	17.0	0.795	ALL	Passerine__order
nsubj<obj>compound> ...	17.0	0.323	ALL	Passerine__order
appos<obl< ...	17.0	0.311	ALL	Passerine__order
conj>appos> ...	17.0	0.278	ALL	Passerine__order
obl<acl<amod> ...	17.0	0.206	ALL	Passerine__order
obl<advcl>mark> ...	17.0	0.52	ALL	Passerine__order
acl>obl>case> in	17.0	0.365	ALL	Passerine__order
obj> ...	17.0	0.258	ALL	Passerine__order
amod> western	17.0	0.721	ALL	Passerine__order
nsubj<parataxis> ...	16.0	0.16	ALL	Passerine__order
list<compound>appos> ...	16.0	0.399	ALL	Passerine__order
nsubj:pass<advcl>mark> ...	16.0	0.447	ALL	Passerine__order
conj<obl<nsubj> ...	16.0	0.276	ALL	Passerine__order
compound<compound< ...	16.0	0.207	ALL	Passerine__order
amod>obl:npmod> ...	16.0	0.284	ALL	Passerine__order
nmod<nmod>amod> ...	16.0	0.583	ALL	Passerine__order
conj<advmod> ...	16.0	0.467	ALL	Passerine__order
nmod<nsubj>det> the	16.0	0.384	ALL	Passerine__order
conj>advmod> ...	16.0	0.335	ALL	Passerine__order
compound<conj>cc> and	16.0	0.345	ALL	Passerine__order
nsubj<appos> ...	16.0	0.27	ALL	Passerine__order
appos<nsubj> ...	16.0	0.359	ALL	Passerine__order
conj<conj>nmod> ...	16.0	0.191	ALL	Passerine__order
nmod>conj>cc> and	16.0	0.398	ALL	Passerine__order
obl<conj< ...	16.0	0.37	ALL	Passerine__order
conj<appos< ...	16.0	0.191	ALL	Passerine__order
nsubj:pass<obl>nmod:poss> ...	16.0	0.24	ALL	Passerine__order
conj<case> include	16.0	0.273	ALL	Passerine__order
obj> warbler	16.0	0.44	ALL	Passerine__order
nsubj<xcomp> ...	16.0	0.196	ALL	Passerine__order
nsubj<obl>advmod> ...	16.0	0.352	ALL	Passerine__order
appos<cc> ...	16.0	0.498	ALL	Passerine__order
nsubj<advcl>advmod> ...	16.0	0.421	ALL	Passerine__order
compound< species	16.0	0.401	ALL	Passerine__order
nsubj<cc> ...	16.0	0.361	ALL	Passerine__order
obj<mark> to	15.0	0.504	ALL	Passerine__order
obl<nsubj:pass>amod> ...	15.0	0.312	ALL	Passerine__order
conj<appos> crow	15.0	0.747	ALL	Passerine__order
conj<conj> raven	15.0	0.928	ALL	Passerine__order
nsubj<obl>appos> ...	15.0	0.214	ALL	Passerine__order
amod<case> ...	15.0	0.557	ALL	Passerine__order
nsubj<aux> can	15.0	0.573	ALL	Passerine__order
conj<conj>case> ...	15.0	0.224	ALL	Passerine__order
nmod<conj>cc> and	15.0	0.25	ALL	Passerine__order
obj<conj< ...	15.0	0.286	ALL	Passerine__order
conj<compound>conj> crow	15.0	0.577	ALL	Passerine__order
appos<cop> ...	15.0	0.67	ALL	Passerine__order
nsubj<acl>obl> ...	15.0	0.624	ALL	Passerine__order
nsubj<acl> ...	15.0	0.37	ALL	Passerine__order
conj<nmod>case> of	15.0	0.487	ALL	Passerine__order
compound<nmod>det> ...	15.0	0.417	ALL	Passerine__order
conj<nsubj>det> ...	15.0	0.173	ALL	Passerine__order
obl<obl>nmod> ...	15.0	0.472	ALL	Passerine__order
obj<nsubj>det> ...	15.0	0.27	ALL	Passerine__order
acl:relcl>obj> ...	15.0	0.347	ALL	Passerine__order
nmod<nummod> ...	15.0	0.377	ALL	Passerine__order
amod> small	15.0	0.789	ALL	Passerine__order
obj<aux> ...	15.0	0.451	ALL	Passerine__order
amod<det> ...	15.0	0.385	ALL	Passerine__order
conj<nmod<det> ...	15.0	0.569	ALL	Passerine__order
amod> superb	15.0	0.872	ALL	Passerine__order
appos<cop> be	15.0	0.67	ALL	Passerine__order
conj<conj>det> the	15.0	0.531	ALL	Passerine__order
conj<nmod<obl< ...	14.0	0.529	ALL	Passerine__order
obl>case> ...	14.0	0.355	ALL	Passerine__order
conj<nmod< bird	14.0	0.172	ALL	Passerine__order
nmod<cc> ...	14.0	0.398	ALL	Passerine__order
nmod<case> in	14.0	0.63	ALL	Passerine__order
compound<nmod<obj< ...	14.0	0.213	ALL	Passerine__order
compound<appos<compound> ...	14.0	0.278	ALL	Passerine__order
nsubj<conj< ...	14.0	0.232	ALL	Passerine__order
obl<obl>amod> ...	14.0	0.275	ALL	Passerine__order
compound>flat> ...	14.0	0.234	ALL	Passerine__order
nsubj:pass<aux> have	14.0	0.328	ALL	Passerine__order
appos<flat> ...	14.0	0.282	ALL	Passerine__order
appos<conj> crow	14.0	0.762	ALL	Passerine__order
obj<nsubj>conj> ...	14.0	0.377	ALL	Passerine__order
appos< crow	14.0	0.34	ALL	Passerine__order
nsubj<conj>aux> ...	14.0	0.65	ALL	Passerine__order
nmod<nmod>case> of	14.0	0.356	ALL	Passerine__order
acl>obl>amod> ...	14.0	0.255	ALL	Passerine__order
nmod<nsubj:pass<obl> ...	14.0	0.279	ALL	Passerine__order
obl<advcl>obl> ...	14.0	0.299	ALL	Passerine__order
conj<obl<aux:pass> be	14.0	0.26	ALL	Passerine__order
conj<nmod<obj< ...	14.0	0.654	ALL	Passerine__order
conj<nsubj<amod> ...	14.0	0.401	ALL	Passerine__order
conj<obl<aux:pass> ...	14.0	0.26	ALL	Passerine__order
obj<conj>obl> ...	14.0	0.289	ALL	Passerine__order
nmod<advmod> ...	14.0	0.49	ALL	Passerine__order
amod<conj< ...	14.0	0.302	ALL	Passerine__order
compound>conj> ...	14.0	0.259	ALL	Passerine__order
conj> raven	14.0	0.756	ALL	Passerine__order
conj<nsubj>det> the	14.0	0.195	ALL	Passerine__order
nmod<nsubj<aux> ...	14.0	0.384	ALL	Passerine__order
nsubj>compound> ...	14.0	0.439	ALL	Passerine__order
obl<advcl< ...	14.0	0.503	ALL	Passerine__order
conj<amod>advmod> ...	13.0	0.283	ALL	Passerine__order
obl<acl<det> ...	13.0	0.543	ALL	Passerine__order
parataxis> ...	13.0	0.363	ALL	Passerine__order
nsubj<conj>cc> but	13.0	0.733	ALL	Passerine__order
obj<advcl< ...	13.0	0.126	ALL	Passerine__order
nsubj<cc> and	13.0	0.384	ALL	Passerine__order
compound<nmod<det> a	13.0	0.308	ALL	Passerine__order
conj<conj> Corvus	13.0	0.906	ALL	Passerine__order
acl>obl>nmod> ...	13.0	0.288	ALL	Passerine__order
obl> ...	13.0	0.326	ALL	Passerine__order
conj<parataxis<conj> ...	13.0	0.25	ALL	Passerine__order
compound<appos<case> ...	13.0	0.259	ALL	Passerine__order
obl<mark> to	13.0	0.539	ALL	Passerine__order
conj<obl<nsubj:pass> ...	13.0	0.307	ALL	Passerine__order
acl:relcl>advmod> ...	13.0	0.522	ALL	Passerine__order
obj<conj>cc> and	13.0	0.194	ALL	Passerine__order
list> bird	13.0	0.393	ALL	Passerine__order
obj<xcomp< ...	13.0	0.288	ALL	Passerine__order
compound< bird	13.0	0.409	ALL	Passerine__order
appos<appos>amod> ...	13.0	0.191	ALL	Passerine__order
obj<obl>det> ...	13.0	0.522	ALL	Passerine__order
acl>obl>det> ...	13.0	0.315	ALL	Passerine__order
compound<nsubj< ...	13.0	0.377	ALL	Passerine__order
nmod<amod>advmod> ...	13.0	0.594	ALL	Passerine__order
nsubj:pass<conj>obl> ...	13.0	0.257	ALL	Passerine__order
appos<list> ...	13.0	0.179	ALL	Passerine__order
obl<cc> ...	13.0	0.464	ALL	Passerine__order
conj<conj>conj> ...	13.0	0.365	ALL	Passerine__order
acl:relcl>obl>amod> ...	13.0	0.181	ALL	Passerine__order
nmod<cc> and	13.0	0.341	ALL	Passerine__order
nmod<nmod<compound> ...	13.0	0.264	ALL	Passerine__order
nsubj:pass<xcomp> ...	13.0	0.184	ALL	Passerine__order
appos<compound< ...	12.0	0.344	ALL	Passerine__order
conj<compound<appos> crow	12.0	0.503	ALL	Passerine__order
nmod<obl>case> ...	12.0	0.365	ALL	Passerine__order
conj<conj>amod> common	12.0	0.749	ALL	Passerine__order
amod< warbler	12.0	0.224	ALL	Passerine__order
obl<obj>det> ...	12.0	0.288	ALL	Passerine__order
compound<cc> and	12.0	0.344	ALL	Passerine__order
nsubj:pass<obl>det> a	12.0	0.581	ALL	Passerine__order
nsubj:pass<mark> ...	12.0	0.189	ALL	Passerine__order
conj<obj<advmod> ...	12.0	0.436	ALL	Passerine__order
nsubj<nmod> bird	12.0	0.446	ALL	Passerine__order
amod<conj<conj> warbler	12.0	0.161	ALL	Passerine__order
obj<nsubj>det> the	12.0	0.3	ALL	Passerine__order
nsubj<conj>det> ...	12.0	0.255	ALL	Passerine__order
conj<compound<appos> Corvus	12.0	0.589	ALL	Passerine__order
obj<acl:relcl< ...	12.0	0.369	ALL	Passerine__order
conj<nsubj<cop> ...	12.0	0.48	ALL	Passerine__order
amod<cc> ...	12.0	0.244	ALL	Passerine__order
conj<nmod>det> ...	12.0	0.182	ALL	Passerine__order
obl<obj>amod> ...	12.0	0.407	ALL	Passerine__order
nsubj<conj>nmod> ...	12.0	0.202	ALL	Passerine__order
acl:relcl>obj>conj> ...	12.0	0.562	ALL	Passerine__order
conj<compound<conj> Corvus	12.0	0.497	ALL	Passerine__order
conj<nsubj<cop> be	12.0	0.48	ALL	Passerine__order
nsubj<xcomp>mark> ...	12.0	0.494	ALL	Passerine__order
conj>flat> ...	12.0	0.282	ALL	Passerine__order
conj<case> of	12.0	0.417	ALL	Passerine__order
nmod<nmod>det> ...	12.0	0.396	ALL	Passerine__order
obl<nsubj>compound> ...	12.0	0.418	ALL	Passerine__order
compound<conj<conj> warbler	12.0	0.571	ALL	Passerine__order
conj<compound>amod> ...	12.0	0.496	ALL	Passerine__order
appos<conj>flat> crow	12.0	0.53	ALL	Passerine__order
compound> tool	12.0	0.347	ALL	Passerine__order
nmod<nmod<det> the	12.0	0.399	ALL	Passerine__order
compound> king	12.0	0.535	ALL	Passerine__order
appos<compound>amod> ...	12.0	0.385	ALL	Passerine__order
nmod<appos< ...	12.0	0.352	ALL	Passerine__order
compound<nmod>case> in	12.0	0.486	ALL	Passerine__order
nmod<obl<conj> ...	12.0	0.263	ALL	Passerine__order
list<list>compound> ...	12.0	0.25	ALL	Passerine__order
nsubj:pass<obl>case> for	12.0	0.613	ALL	Passerine__order
conj<conj>flat> crow	12.0	0.609	ALL	Passerine__order
conj<obj> ...	12.0	0.465	ALL	Passerine__order
nsubj<xcomp>mark> to	12.0	0.494	ALL	Passerine__order
compound<nmod>det> the	12.0	0.448	ALL	Passerine__order
nsubj<obl>nmod:poss> ...	12.0	0.376	ALL	Passerine__order
nmod:poss<amod> ...	12.0	0.178	ALL	Passerine__order
conj<obl:npmod<conj> warbler	12.0	0.48	ALL	Passerine__order
obl<nsubj:pass>det> the	12.0	0.7	ALL	Passerine__order
compound<nmod>compound> ...	11.0	0.255	ALL	Passerine__order
conj>nmod>case> of	11.0	0.446	ALL	Passerine__order
conj<obj<conj< ...	11.0	0.249	ALL	Passerine__order
appos< name	11.0	0.34	ALL	Passerine__order
appos<conj>det> the	11.0	0.42	ALL	Passerine__order
nsubj:pass<obl>case> as	11.0	0.681	ALL	Passerine__order
compound> leaf	11.0	0.321	ALL	Passerine__order
appos<conj< ...	11.0	0.174	ALL	Passerine__order
compound<conj<case> ...	11.0	0.295	ALL	Passerine__order
nmod>case> with	11.0	0.995	ALL	Passerine__order
obl<conj>amod> ...	11.0	0.338	ALL	Passerine__order
compound<obj<obl> ...	11.0	0.264	ALL	Passerine__order
nmod<nmod<case> ...	11.0	0.269	ALL	Passerine__order
compound> grasshopper	11.0	0.27	ALL	Passerine__order
nmod<nmod>compound> ...	11.0	0.386	ALL	Passerine__order
compound<nmod<nmod< ...	11.0	0.284	ALL	Passerine__order
obl<conj<nsubj> ...	11.0	0.445	ALL	Passerine__order
appos> description	11.0	0.484	ALL	Passerine__order
compound< warbler	11.0	0.591	ALL	Passerine__order
nmod>case> to	11.0	0.988	ALL	Passerine__order
compound<conj<amod> ...	11.0	0.549	ALL	Passerine__order
obj>conj> ...	11.0	0.34	ALL	Passerine__order
obj<nsubj>compound> ...	11.0	0.356	ALL	Passerine__order
compound<nmod<obl< ...	11.0	0.312	ALL	Passerine__order
parataxis<conj> ...	11.0	0.357	ALL	Passerine__order
nsubj>conj> ...	11.0	0.242	ALL	Passerine__order
nsubj<obl>case> from	11.0	0.73	ALL	Passerine__order
compound<obj<nsubj> ...	11.0	0.355	ALL	Passerine__order
nmod<nmod<amod> ...	11.0	0.332	ALL	Passerine__order
nsubj<advmod> also	11.0	0.697	ALL	Passerine__order
conj<conj>cc> or	11.0	0.44	ALL	Passerine__order
conj<obj>conj> ...	11.0	0.187	ALL	Passerine__order
compound<obl<advmod> ...	11.0	0.575	ALL	Passerine__order
conj<conj> tits	11.0	0.908	ALL	Passerine__order
nmod<amod> other	11.0	0.483	ALL	Passerine__order
conj<conj>advmod> ...	11.0	0.692	ALL	Passerine__order
amod>compound> ...	11.0	0.279	ALL	Passerine__order
nmod<obl> ...	11.0	0.282	ALL	Passerine__order
nsubj:pass<obl>appos> ...	11.0	0.198	ALL	Passerine__order
conj<case> with	11.0	0.479	ALL	Passerine__order
nsubj:pass<conj>advmod> ...	11.0	0.43	ALL	Passerine__order
conj>obj> ...	11.0	0.444	ALL	Passerine__order
conj<flat> ...	11.0	0.138	ALL	Passerine__order
parataxis< ...	11.0	0.144	ALL	Passerine__order
appos<nmod< ...	11.0	0.392	ALL	Passerine__order
nsubj<advcl< ...	11.0	0.349	ALL	Passerine__order
appos<obj< ...	10.0	0.212	ALL	Passerine__order
nsubj<conj>cop> be	10.0	0.444	ALL	Passerine__order
nmod<nmod>det> the	10.0	0.417	ALL	Passerine__order
conj<advcl> ...	10.0	0.349	ALL	Passerine__order
nsubj:pass<obl>case> to	10.0	0.683	ALL	Passerine__order
nsubj<advmod> not	10.0	0.728	ALL	Passerine__order
nmod<obl<obj> ...	10.0	0.418	ALL	Passerine__order
nmod<nmod<det> a	10.0	0.369	ALL	Passerine__order
nsubj<acl:relcl< ...	10.0	0.472	ALL	Passerine__order
conj<nmod<compound> ...	10.0	0.424	ALL	Passerine__order
flat<conj<amod> ...	10.0	0.298	ALL	Passerine__order
list<list>amod> ...	10.0	0.271	ALL	Passerine__order
obl<aux> have	10.0	0.31	ALL	Passerine__order
compound<acl> ...	10.0	0.471	ALL	Passerine__order
nmod>case> by	10.0	0.752	ALL	Passerine__order
obj<obl>nmod> ...	10.0	0.231	ALL	Passerine__order
obj<advcl> ...	10.0	0.363	ALL	Passerine__order
acl>obj> ...	10.0	0.481	ALL	Passerine__order
obj<conj>obj> ...	10.0	0.295	ALL	Passerine__order
obl<advcl>nsubj> ...	10.0	0.305	ALL	Passerine__order
list<flat> ...	10.0	0.34	ALL	Passerine__order
acl>obl>compound> ...	10.0	0.135	ALL	Passerine__order
conj<compound< ...	10.0	0.396	ALL	Passerine__order
parataxis<conj>amod> ...	10.0	0.482	ALL	Passerine__order
obl<acl<det> the	10.0	0.513	ALL	Passerine__order
nmod>appos> ...	10.0	0.131	ALL	Passerine__order
nsubj<conj>cop> ...	10.0	0.444	ALL	Passerine__order
nmod<nmod<obj< ...	10.0	0.296	ALL	Passerine__order
obl<obj>nmod> ...	10.0	0.479	ALL	Passerine__order
compound<nmod<compound> ...	10.0	0.468	ALL	Passerine__order
obj<acl< ...	10.0	0.237	ALL	Passerine__order
conj<appos<conj> ...	10.0	0.279	ALL	Passerine__order
list< Rook	10.0	0.601	ALL	Passerine__order
nsubj>appos> ...	10.0	0.259	ALL	Passerine__order
flat<det> the	10.0	0.402	ALL	Passerine__order
nmod>nmod>case> of	10.0	0.583	ALL	Passerine__order
conj<conj> Acrocephalus	10.0	0.75	ALL	Passerine__order
obj>conj>cc> ...	10.0	0.291	ALL	Passerine__order
obl<amod> ...	10.0	0.245	ALL	Passerine__order
conj<case> in	10.0	0.495	ALL	Passerine__order
compound<flat> ...	10.0	0.268	ALL	Passerine__order
obl<cc> and	10.0	0.441	ALL	Passerine__order
nsubj<conj<conj> ...	10.0	0.302	ALL	Passerine__order
obl<obl>det> the	10.0	0.383	ALL	Passerine__order
conj<nmod>compound> ...	10.0	0.357	ALL	Passerine__order
compound< family	10.0	0.29	ALL	Passerine__order
nsubj>nmod>case> ...	10.0	0.523	ALL	Passerine__order
obj<cc> ...	10.0	0.267	ALL	Passerine__order
conj<obl<aux> ...	10.0	0.347	ALL	Passerine__order
nmod<acl> ...	10.0	0.499	ALL	Passerine__order
nsubj>nmod> ...	10.0	0.517	ALL	Passerine__order
obl<acl<case> ...	10.0	0.347	ALL	Passerine__order
obj<obl>amod> ...	10.0	0.152	ALL	Passerine__order
flat<det> ...	10.0	0.402	ALL	Passerine__order
obl<acl<conj> ...	10.0	0.229	ALL	Passerine__order
compound<nmod<conj> ...	9.0	0.238	ALL	Passerine__order
nsubj<aux> have	9.0	0.553	ALL	Passerine__order
compound<nmod<nsubj> ...	9.0	0.271	ALL	Passerine__order
appos<nsubj<cop> be	9.0	0.415	ALL	Passerine__order
nsubj<nmod>det> a	9.0	0.422	ALL	Passerine__order
amod>conj> ...	9.0	0.258	ALL	Passerine__order
obl<conj>obl> ...	9.0	0.166	ALL	Passerine__order
compound<nmod<nmod> ...	9.0	0.223	ALL	Passerine__order
nmod<obj<mark> ...	9.0	0.435	ALL	Passerine__order
appos>compound> Corvus	9.0	0.39	ALL	Passerine__order
compound<nmod<cop> be	9.0	0.251	ALL	Passerine__order
compound<obl<nsubj> ...	9.0	0.405	ALL	Passerine__order
appos<nsubj<cop> ...	9.0	0.415	ALL	Passerine__order
compound<det> a	9.0	0.689	ALL	Passerine__order
conj<nmod>det> the	9.0	0.201	ALL	Passerine__order
appos> reference	9.0	0.455	ALL	Passerine__order
conj<compound<list> Corvus	9.0	0.503	ALL	Passerine__order
nmod:poss<nmod< ...	9.0	0.405	ALL	Passerine__order
compound<obl<obl> ...	9.0	0.382	ALL	Passerine__order
nsubj<parataxis>obl> ...	9.0	0.3	ALL	Passerine__order
appos<conj>cc> Corvus	9.0	0.628	ALL	Passerine__order
amod<det> a	9.0	0.411	ALL	Passerine__order
appos<nmod:poss> ...	9.0	0.316	ALL	Passerine__order
conj>appos>amod> ...	9.0	0.328	ALL	Passerine__order
conj<appos>flat> ...	9.0	0.436	ALL	Passerine__order
advcl> ...	9.0	0.511	ALL	Passerine__order
nsubj<advcl>mark> when	9.0	0.512	ALL	Passerine__order
nmod<nmod<nsubj> ...	9.0	0.18	ALL	Passerine__order
obj<acl<det> ...	9.0	0.324	ALL	Passerine__order
nsubj<obl>case> as	9.0	0.759	ALL	Passerine__order
obl<parataxis> ...	9.0	0.234	ALL	Passerine__order
nsubj<conj>compound> ...	9.0	0.398	ALL	Passerine__order
nsubj<conj>advcl> ...	9.0	0.301	ALL	Passerine__order
conj<nsubj<det> ...	9.0	0.332	ALL	Passerine__order
compound<nmod< bird	9.0	0.235	ALL	Passerine__order
conj<conj>nsubj> ...	9.0	0.348	ALL	Passerine__order
obj<advcl>mark> ...	9.0	0.208	ALL	Passerine__order
obj>conj>cc> Acrocephalus	9.0	0.43	ALL	Passerine__order
conj>compound>compound> ...	9.0	0.353	ALL	Passerine__order
conj>case> ...	9.0	0.431	ALL	Passerine__order
conj<parataxis> ...	9.0	0.155	ALL	Passerine__order
obj<nsubj>appos> ...	9.0	0.512	ALL	Passerine__order
conj>obl>case> ...	9.0	0.416	ALL	Passerine__order
obl<nmod> ...	9.0	0.213	ALL	Passerine__order
obl<nmod>case> ...	9.0	0.38	ALL	Passerine__order
nsubj:pass<xcomp>mark> ...	9.0	0.493	ALL	Passerine__order
appos<conj<appos> ...	9.0	0.325	ALL	Passerine__order
obj<obl>compound> ...	9.0	0.363	ALL	Passerine__order
conj>obl> ...	9.0	0.344	ALL	Passerine__order
conj>compound>flat> ...	9.0	0.513	ALL	Passerine__order
nsubj<obl>case> on	9.0	0.769	ALL	Passerine__order
nsubj:pass<advcl>obj> ...	9.0	0.214	ALL	Passerine__order
nsubj:pass<conj<obl> ...	9.0	0.179	ALL	Passerine__order
obl<acl<nsubj< ...	9.0	0.317	ALL	Passerine__order
conj>obj>conj> ...	9.0	0.345	ALL	Passerine__order
nsubj:pass<xcomp>mark> to	9.0	0.493	ALL	Passerine__order
nmod<obl<advcl> ...	9.0	0.573	ALL	Passerine__order
obl>det> ...	9.0	0.34	ALL	Passerine__order
conj<obl<obl> ...	9.0	0.325	ALL	Passerine__order
compound<nmod<cop> ...	9.0	0.251	ALL	Passerine__order
appos> Taxonomy	9.0	0.389	ALL	Passerine__order
conj<conj> gull	9.0	0.897	ALL	Passerine__order
obj< include	9.0	0.415	ALL	Passerine__order
conj<nmod< species	9.0	0.316	ALL	Passerine__order
obl<nsubj:pass> species	9.0	0.556	ALL	Passerine__order
nmod>conj>amod> ...	9.0	0.521	ALL	Passerine__order
conj<cc> ...	9.0	0.376	ALL	Passerine__order
conj<nmod<det> the	9.0	0.616	ALL	Passerine__order
acl>mark> ...	9.0	0.297	ALL	Passerine__order
compound>appos> ...	9.0	0.445	ALL	Passerine__order
nsubj:pass< introduce	9.0	0.516	ALL	Passerine__order
nmod<nsubj:pass<advmod> ...	9.0	0.352	ALL	Passerine__order
conj<advcl>mark> ...	9.0	0.393	ALL	Passerine__order
nsubj<obl>case> with	9.0	0.815	ALL	Passerine__order
conj<obj<cc> ...	9.0	0.414	ALL	Passerine__order
nsubj<ccomp> ...	9.0	0.518	ALL	Passerine__order
conj<obj<nsubj> predator	9.0	0.245	ALL	Passerine__order
conj<obl<obj> ...	9.0	0.276	ALL	Passerine__order
appos<conj>nmod> ...	9.0	0.417	ALL	Passerine__order
list<list<appos> ...	8.0	0.352	ALL	Passerine__order
conj<nsubj<obj> ...	8.0	0.256	ALL	Passerine__order
nmod<amod> small	8.0	0.511	ALL	Passerine__order
appos>nummod> ...	8.0	0.41	ALL	Passerine__order
nmod<conj<obl> ...	8.0	0.515	ALL	Passerine__order
obl<xcomp<nsubj> ...	8.0	0.549	ALL	Passerine__order
nmod<nmod<nmod> ...	8.0	0.452	ALL	Passerine__order
obj<conj<nsubj> ...	8.0	0.233	ALL	Passerine__order
appos> Corvus	8.0	0.634	ALL	Passerine__order
nmod<amod> large	8.0	0.504	ALL	Passerine__order
conj<list> ...	8.0	0.654	ALL	Passerine__order
nsubj<ccomp< show	8.0	0.549	ALL	Passerine__order
nmod>case>fixed> ...	8.0	0.459	ALL	Passerine__order
nmod>det> a	8.0	0.377	ALL	Passerine__order
nmod<acl>obl> ...	8.0	0.274	ALL	Passerine__order
nmod>nmod>det> the	8.0	0.445	ALL	Passerine__order
nmod<nsubj<advcl> ...	8.0	0.482	ALL	Passerine__order
flat<nsubj:pass<aux:pass> be	8.0	0.302	ALL	Passerine__order
conj<nmod>amod> ...	8.0	0.29	ALL	Passerine__order
conj<nsubj<det> a	8.0	0.307	ALL	Passerine__order
obl<obl>det> a	8.0	0.369	ALL	Passerine__order
conj<conj> jay	8.0	0.893	ALL	Passerine__order
nmod<obl<cop> ...	8.0	0.473	ALL	Passerine__order
nsubj:pass< know	8.0	0.421	ALL	Passerine__order
obj<obl>appos> ...	8.0	0.354	ALL	Passerine__order
flat< genus	8.0	0.341	ALL	Passerine__order
flat<conj< ...	8.0	0.309	ALL	Passerine__order
nmod>flat> ...	8.0	0.457	ALL	Passerine__order
obj<nsubj>flat> ...	8.0	0.299	ALL	Passerine__order
nmod:poss<obl< ...	8.0	0.429	ALL	Passerine__order
nmod<obl<aux> ...	8.0	0.262	ALL	Passerine__order
conj<obj<obl> ...	8.0	0.334	ALL	Passerine__order
nmod<obl<cop> be	8.0	0.473	ALL	Passerine__order
nmod<nmod<cop> be	8.0	0.282	ALL	Passerine__order
nmod<nmod<advmod> ...	8.0	0.36	ALL	Passerine__order
conj<nsubj>amod> ...	8.0	0.275	ALL	Passerine__order
obj<nsubj>nmod> ...	8.0	0.324	ALL	Passerine__order
conj<compound<conj> crow	8.0	0.594	ALL	Passerine__order
obj<xcomp<nsubj> ...	8.0	0.207	ALL	Passerine__order
conj<conj> species	8.0	0.81	ALL	Passerine__order
appos<nmod>det> ...	8.0	0.585	ALL	Passerine__order
flat<conj>amod> ...	8.0	0.305	ALL	Passerine__order
amod<nmod>case> ...	8.0	0.264	ALL	Passerine__order
conj<nmod<nmod< ...	8.0	0.469	ALL	Passerine__order
nsubj<xcomp>obl> ...	8.0	0.439	ALL	Passerine__order
nmod>nmod>det> ...	8.0	0.445	ALL	Passerine__order
compound<nmod>conj> ...	8.0	0.276	ALL	Passerine__order
compound<nmod:poss> ...	8.0	0.161	ALL	Passerine__order
nsubj<obl>nmod:poss> they	8.0	0.353	ALL	Passerine__order
nmod>case> such	8.0	0.824	ALL	Passerine__order
appos<det> a	8.0	0.446	ALL	Passerine__order
nmod>case>fixed> as	8.0	0.459	ALL	Passerine__order
nsubj<obj>det> the	8.0	0.432	ALL	Passerine__order
compound<appos<flat> ...	8.0	0.176	ALL	Passerine__order
nsubj<acl:relcl>nsubj> ...	8.0	0.355	ALL	Passerine__order
nsubj<acl:relcl> ...	8.0	0.461	ALL	Passerine__order
nmod<case> on	8.0	0.576	ALL	Passerine__order
conj<nmod:poss> ...	8.0	0.289	ALL	Passerine__order
conj> bird	8.0	0.674	ALL	Passerine__order
conj>nsubj> ...	8.0	0.372	ALL	Passerine__order
conj<amod> ree	8.0	0.663	ALL	Passerine__order
compound<nmod>amod> ...	8.0	0.362	ALL	Passerine__order
appos<obj<nsubj> ...	8.0	0.398	ALL	Passerine__order
nsubj<obj>nmod:poss> ...	8.0	0.305	ALL	Passerine__order
compound<amod> other	8.0	0.244	ALL	Passerine__order
appos<conj>advmod> ...	8.0	0.266	ALL	Passerine__order
conj<parataxis>conj> ...	8.0	0.374	ALL	Passerine__order
appos> distribution	8.0	0.463	ALL	Passerine__order
compound<parataxis<appos> ...	8.0	0.227	ALL	Passerine__order
nsubj<obl>nummod> ...	8.0	0.471	ALL	Passerine__order
flat<nsubj:pass<aux:pass> ...	8.0	0.302	ALL	Passerine__order
nsubj<nmod>case> with	8.0	0.331	ALL	Passerine__order
compound<nmod>case> of	8.0	0.418	ALL	Passerine__order
amod<nmod> ...	8.0	0.326	ALL	Passerine__order
flat<nsubj:pass< ...	8.0	0.271	ALL	Passerine__order
parataxis<conj>cc> ...	8.0	0.314	ALL	Passerine__order
conj>amod> ree	8.0	0.595	ALL	Passerine__order
nmod>case> as	8.0	0.962	ALL	Passerine__order
acl:relcl>obl>nmod> ...	8.0	0.303	ALL	Passerine__order
appos<nmod>det> the	8.0	0.585	ALL	Passerine__order
nmod<det> some	8.0	0.622	ALL	Passerine__order
nmod<nmod<cop> ...	8.0	0.282	ALL	Passerine__order
mark> ...	8.0	0.305	ALL	Passerine__order
nmod<nsubj<det> ...	8.0	0.364	ALL	Passerine__order
flat<compound>appos> ...	8.0	0.373	ALL	Passerine__order
appos>det> ...	8.0	0.378	ALL	Passerine__order
appos<appos>det> ...	8.0	0.355	ALL	Passerine__order
appos<appos>nmod> ...	8.0	0.206	ALL	Passerine__order
appos<conj> sparrow	8.0	0.768	ALL	Passerine__order
nsubj<aux> will	8.0	0.591	ALL	Passerine__order
nsubj<parataxis< ...	8.0	0.25	ALL	Passerine__order
nmod< subspecy	8.0	0.479	ALL	Passerine__order
acl>advmod> ...	8.0	0.45	ALL	Passerine__order
obl< related	8.0	0.36	ALL	Passerine__order
nmod<nmod:poss> ...	8.0	0.414	ALL	Passerine__order
nsubj>conj>cc> ...	8.0	0.405	ALL	Passerine__order
nmod<obl<conj< ...	7.0	0.217	ALL	Passerine__order
obj<conj>advmod> ...	7.0	0.417	ALL	Passerine__order
nsubj<appos>conj> ...	7.0	0.247	ALL	Passerine__order
conj>nmod>amod> ...	7.0	0.539	ALL	Passerine__order
compound<obj<mark> ...	7.0	0.447	ALL	Passerine__order
nmod<appos>det> ...	7.0	0.529	ALL	Passerine__order
nmod<nsubj:pass<xcomp> ...	7.0	0.368	ALL	Passerine__order
conj<obj< ree	7.0	0.397	ALL	Passerine__order
obl<advcl<nsubj> ...	7.0	0.304	ALL	Passerine__order
obl<obj>compound> ...	7.0	0.152	ALL	Passerine__order
list<conj> ...	7.0	0.425	ALL	Passerine__order
conj<obj<conj< warbler	7.0	0.292	ALL	Passerine__order
obl<acl<nmod> ...	7.0	0.225	ALL	Passerine__order
nmod< that	7.0	0.526	ALL	Passerine__order
nsubj<xcomp>obj> ...	7.0	0.542	ALL	Passerine__order
nmod< call	7.0	0.506	ALL	Passerine__order
conj>conj> ...	7.0	0.212	ALL	Passerine__order
nmod<nsubj<parataxis> ...	7.0	0.118	ALL	Passerine__order
conj<nsubj<advmod> ...	7.0	0.235	ALL	Passerine__order
conj<nmod<amod> other	7.0	0.39	ALL	Passerine__order
conj<obj<cc> Acrocephalus	7.0	0.428	ALL	Passerine__order
nsubj<nmod>case> for	7.0	0.342	ALL	Passerine__order
nsubj<amod> common	7.0	0.434	ALL	Passerine__order
conj<nsubj<obl> ...	7.0	0.241	ALL	Passerine__order
nsubj<conj>aux:pass> ...	7.0	0.636	ALL	Passerine__order
nsubj<advcl>cop> ...	7.0	0.19	ALL	Passerine__order
nsubj:pass<conj>nsubj> ...	7.0	0.479	ALL	Passerine__order
compound<acl>obl> ...	7.0	0.265	ALL	Passerine__order
conj< greenfinch	7.0	0.351	ALL	Passerine__order
obj<obl>det> the	7.0	0.528	ALL	Passerine__order
conj<conj> fox	7.0	0.908	ALL	Passerine__order
acl>obl>det> the	7.0	0.359	ALL	Passerine__order
conj> species	7.0	0.804	ALL	Passerine__order
nsubj<acl:relcl>obl> ...	7.0	0.289	ALL	Passerine__order
compound<nmod<case> in	7.0	0.48	ALL	Passerine__order
nsubj<conj>cc> Acrocephalus	7.0	0.532	ALL	Passerine__order
appos<nsubj<obj> ...	7.0	0.302	ALL	Passerine__order
compound<obj<aux> ...	7.0	0.402	ALL	Passerine__order
nmod< number	7.0	0.537	ALL	Passerine__order
nsubj:pass<conj>aux> ...	7.0	0.183	ALL	Passerine__order
nsubj:pass<advcl< ...	7.0	0.352	ALL	Passerine__order
appos<nsubj<conj> ...	7.0	0.229	ALL	Passerine__order
amod>advmod> most	7.0	0.348	ALL	Passerine__order
compound<conj<nsubj> ...	7.0	0.221	ALL	Passerine__order
acl:relcl>nsubj> that	7.0	0.453	ALL	Passerine__order
nsubj<parataxis>advmod> ...	7.0	0.507	ALL	Passerine__order
nsubj<obj>acl:relcl> ...	7.0	0.478	ALL	Passerine__order
appos> crow	7.0	0.675	ALL	Passerine__order
nmod<obl<acl< ...	7.0	0.384	ALL	Passerine__order
compound<nmod<case> of	7.0	0.404	ALL	Passerine__order
list<compound>conj> crow	7.0	0.513	ALL	Passerine__order
nmod<case> with	7.0	0.552	ALL	Passerine__order
acl:relcl>obj>amod> ...	7.0	0.431	ALL	Passerine__order
compound<obl<acl< ...	7.0	0.222	ALL	Passerine__order
obl<obj>det> the	7.0	0.342	ALL	Passerine__order
nmod<obl>case> in	7.0	0.352	ALL	Passerine__order
flat<compound< ...	7.0	0.417	ALL	Passerine__order
amod>conj>cc> ...	7.0	0.416	ALL	Passerine__order
acl:relcl>obl>case> in	7.0	0.377	ALL	Passerine__order
conj<conj>cc> Corvus	7.0	0.611	ALL	Passerine__order
appos> species	7.0	0.52	ALL	Passerine__order
appos<nmod>compound> ...	7.0	0.316	ALL	Passerine__order
appos<obl<obl> ...	7.0	0.272	ALL	Passerine__order
conj>amod> other	7.0	0.48	ALL	Passerine__order
conj<nsubj<compound> ...	7.0	0.26	ALL	Passerine__order
det> this	7.0	0.675	ALL	Passerine__order
nmod>case> from	7.0	1.021	ALL	Passerine__order
conj<appos<list> ...	7.0	0.565	ALL	Passerine__order
compound<conj<appos> ...	7.0	0.353	ALL	Passerine__order
nsubj<conj<nsubj> ...	7.0	0.45	ALL	Passerine__order
conj<obl>case> in	7.0	0.487	ALL	Passerine__order
nmod<nmod>case> in	7.0	0.414	ALL	Passerine__order
conj<obl>det> ...	7.0	0.351	ALL	Passerine__order
nsubj<advcl>cop> be	7.0	0.19	ALL	Passerine__order
obl<advcl>advmod> ...	7.0	0.599	ALL	Passerine__order
conj<acl> ...	7.0	0.427	ALL	Passerine__order
amod<nmod< ...	7.0	0.415	ALL	Passerine__order
conj< tits	7.0	0.438	ALL	Passerine__order
nsubj<parataxis<conj> ...	7.0	0.236	ALL	Passerine__order
nsubj<conj>aux:pass> be	7.0	0.636	ALL	Passerine__order
compound<case> for	7.0	0.274	ALL	Passerine__order
conj<case> to	7.0	0.528	ALL	Passerine__order
obl>compound> ...	7.0	0.311	ALL	Passerine__order
obl<aux> can	7.0	0.416	ALL	Passerine__order
conj<nmod<nsubj> ...	7.0	0.265	ALL	Passerine__order
amod>compound> red	7.0	0.312	ALL	Passerine__order
nsubj<obl>case> like	7.0	0.803	ALL	Passerine__order
appos>conj> habitat	7.0	0.46	ALL	Passerine__order
conj<mark> ...	7.0	0.378	ALL	Passerine__order
appos<amod>advmod> ...	7.0	0.231	ALL	Passerine__order
appos<obl<aux:pass> be	7.0	0.358	ALL	Passerine__order
acl:relcl>obj>det> ...	7.0	0.359	ALL	Passerine__order
nmod:poss<case> of	7.0	0.425	ALL	Passerine__order
obj<acl<det> the	7.0	0.353	ALL	Passerine__order
compound<appos<obl< ...	7.0	0.259	ALL	Passerine__order
conj<conj>amod> great	7.0	0.733	ALL	Passerine__order
nsubj< one	7.0	0.804	ALL	Passerine__order
obl<obl>compound> ...	7.0	0.191	ALL	Passerine__order
obj< ree	7.0	0.387	ALL	Passerine__order
nsubj<advcl<nsubj> ...	7.0	0.42	ALL	Passerine__order
nsubj>nmod>case> of	7.0	0.585	ALL	Passerine__order
appos<nsubj>det> ...	7.0	0.369	ALL	Passerine__order
nsubj<obl>amod> other	7.0	0.388	ALL	Passerine__order
nsubj<ccomp<nsubj> study	7.0	0.334	ALL	Passerine__order
nmod<case> for	7.0	0.572	ALL	Passerine__order
nsubj:pass<advcl>obl> ...	7.0	0.213	ALL	Passerine__order
nmod<nsubj<nmod> ...	7.0	0.406	ALL	Passerine__order
conj<nsubj< bird	7.0	0.276	ALL	Passerine__order
conj> crow	7.0	0.803	ALL	Passerine__order
compound<appos< bird	7.0	0.466	ALL	Passerine__order
advcl>mark> ...	7.0	0.413	ALL	Passerine__order
amod<cop> ...	7.0	0.411	ALL	Passerine__order
flat<conj<conj> crow	7.0	0.546	ALL	Passerine__order
compound<appos<nmod> paradise	7.0	0.494	ALL	Passerine__order
conj> thrush	7.0	0.817	ALL	Passerine__order
obl<nsubj>nmod> ...	7.0	0.15	ALL	Passerine__order
obl<advcl<obj> ...	7.0	0.265	ALL	Passerine__order
obj<nmod>case> ...	7.0	0.333	ALL	Passerine__order
nmod<case> by	7.0	0.642	ALL	Passerine__order
amod<conj> ...	7.0	0.357	ALL	Passerine__order
nmod:poss> they	7.0	0.323	ALL	Passerine__order
acl:relcl>obl>det> ...	7.0	0.274	ALL	Passerine__order
conj<nsubj<conj> ...	7.0	0.394	ALL	Passerine__order
obl<obl>case> by	7.0	0.435	ALL	Passerine__order
appos<obl<aux:pass> ...	7.0	0.358	ALL	Passerine__order
nmod<nmod<obl< ...	7.0	0.17	ALL	Passerine__order
conj<conj>amod> Eurasian	7.0	0.652	ALL	Passerine__order
obl<nsubj> it	7.0	0.595	ALL	Passerine__order
nsubj<aux> may	7.0	0.564	ALL	Passerine__order
nsubj<acl:relcl<case> ...	7.0	0.278	ALL	Passerine__order
amod<compound> ...	7.0	0.296	ALL	Passerine__order
nmod:poss<nsubj< ...	7.0	0.387	ALL	Passerine__order
flat<nsubj:pass< introduce	7.0	0.257	ALL	Passerine__order
appos<nmod:poss> kubaryi	6.0	0.397	ALL	Passerine__order
appos<conj>conj> splenden	6.0	0.441	ALL	Passerine__order
nmod:poss<nmod<det> the	6.0	0.434	ALL	Passerine__order
nmod<conj<case> ...	6.0	0.288	ALL	Passerine__order
compound<obj<mark> to	6.0	0.48	ALL	Passerine__order
appos<amod> jungle	6.0	0.527	ALL	Passerine__order
appos<cc> Corvus	6.0	0.339	ALL	Passerine__order
nsubj>conj>det> ...	6.0	0.359	ALL	Passerine__order
appos<conj>amod> Collar	6.0	0.561	ALL	Passerine__order
appos<compound>amod> tropical	6.0	0.595	ALL	Passerine__order
appos<compound>amod> asian	6.0	0.286	ALL	Passerine__order
obj<advcl<aux:pass> ...	6.0	0.597	ALL	Passerine__order
appos<compound> species	6.0	0.676	ALL	Passerine__order
nsubj:pass<obl>acl> ...	6.0	0.389	ALL	Passerine__order
compound<nsubj<cop> ...	6.0	0.352	ALL	Passerine__order
appos<compound>conj> jackdaw	6.0	0.704	ALL	Passerine__order
nsubj<nsubj> ...	6.0	0.271	ALL	Passerine__order
appos<compound<obl:npmod< neck	6.0	0.338	ALL	Passerine__order
appos<compound>conj> Coloeus	6.0	0.656	ALL	Passerine__order
obj<advcl<nsubj:pass> ...	6.0	0.245	ALL	Passerine__order
compound<conj<det> ...	6.0	0.446	ALL	Passerine__order
appos<compound>conj> eastern	6.0	0.508	ALL	Passerine__order
amod<cop> be	6.0	0.375	ALL	Passerine__order
amod>advmod> long	6.0	0.436	ALL	Passerine__order
appos<appos> corone	6.0	0.691	ALL	Passerine__order
conj>nmod:poss> ...	6.0	0.307	ALL	Passerine__order
nsubj<acl:relcl<obl< ...	6.0	0.263	ALL	Passerine__order
conj<obl<advcl> ...	6.0	0.264	ALL	Passerine__order
compound<obl<aux:pass> ...	6.0	0.259	ALL	Passerine__order
conj<nmod<conj> ...	6.0	0.189	ALL	Passerine__order
nsubj<acl:relcl<det> ...	6.0	0.449	ALL	Passerine__order
appos<conj>compound> North	6.0	0.441	ALL	Passerine__order
acl:relcl>aux> ...	6.0	0.343	ALL	Passerine__order
conj<nmod<advmod> ...	6.0	0.34	ALL	Passerine__order
appos<conj>amod> african	6.0	0.362	ALL	Passerine__order
appos<appos> cornix	6.0	0.641	ALL	Passerine__order
appos<list> Corvus	6.0	0.182	ALL	Passerine__order
nsubj>appos>compound> ...	6.0	0.401	ALL	Passerine__order
obl< know	6.0	0.379	ALL	Passerine__order
nsubj<conj>conj> ...	6.0	0.386	ALL	Passerine__order
appos<nsubj>det> the	6.0	0.429	ALL	Passerine__order
nsubj:pass<conj< ...	6.0	0.237	ALL	Passerine__order
appos<conj>amod> Hood	6.0	0.587	ALL	Passerine__order
nsubj:pass<obl>nmod:poss> they	6.0	0.395	ALL	Passerine__order
flat<conj<appos> crow	6.0	0.316	ALL	Passerine__order
nsubj<obj>acl> ...	6.0	0.174	ALL	Passerine__order
compound<compound> family	6.0	0.408	ALL	Passerine__order
nmod<nsubj:pass<advcl> ...	6.0	0.286	ALL	Passerine__order
appos<compound<list> Corvus	6.0	0.328	ALL	Passerine__order
appos<compound<list> raven	6.0	0.386	ALL	Passerine__order
acl:relcl>cop> ...	6.0	0.297	ALL	Passerine__order
advmod>advmod> ...	6.0	0.493	ALL	Passerine__order
appos<conj>cc> or	6.0	0.515	ALL	Passerine__order
appos<compound<list> jackdaw	6.0	0.438	ALL	Passerine__order
appos<compound<flat> Rook	6.0	0.483	ALL	Passerine__order
nsubj<conj>det> the	6.0	0.286	ALL	Passerine__order
appos<conj>flat> unicolor	6.0	0.415	ALL	Passerine__order
appos<compound< orientalis	6.0	0.395	ALL	Passerine__order
appos<nsubj:pass<obl> ...	6.0	0.199	ALL	Passerine__order
appos<conj> species	6.0	0.754	ALL	Passerine__order
appos<list>list> crow	6.0	0.247	ALL	Passerine__order
obj<advcl<obl> ...	6.0	0.429	ALL	Passerine__order
nsubj<nmod>acl> ...	6.0	0.567	ALL	Passerine__order
appos<conj>flat> Eurasian	6.0	0.551	ALL	Passerine__order
conj<det> a	6.0	0.304	ALL	Passerine__order
flat<conj<appos> Corvus	6.0	0.232	ALL	Passerine__order
obl<nsubj:pass>nmod> ...	6.0	0.157	ALL	Passerine__order
list<list<conj> ...	6.0	0.715	ALL	Passerine__order
nsubj<amod> small	6.0	0.236	ALL	Passerine__order
compound<appos<nsubj< ...	6.0	0.513	ALL	Passerine__order
appos<list>list> ...	6.0	0.247	ALL	Passerine__order
nsubj:pass<obl>acl:relcl> ...	6.0	0.499	ALL	Passerine__order
flat<compound> ...	6.0	0.303	ALL	Passerine__order
obl<advmod> also	6.0	0.318	ALL	Passerine__order
obl<amod< ...	6.0	0.179	ALL	Passerine__order
conj<advcl>obj> ...	6.0	0.357	ALL	Passerine__order
nsubj< family	6.0	0.891	ALL	Passerine__order
appos<conj>conj> ...	6.0	0.441	ALL	Passerine__order
amod<nsubj> ...	6.0	0.387	ALL	Passerine__order
appos<obl>case> ...	6.0	0.266	ALL	Passerine__order
obl<advmod> closely	6.0	0.253	ALL	Passerine__order
obj<nmod> ...	6.0	0.226	ALL	Passerine__order
obl<acl:relcl< ...	6.0	0.261	ALL	Passerine__order
appos<obl<nsubj:pass> ...	6.0	0.574	ALL	Passerine__order
appos<compound<flat> ...	6.0	0.483	ALL	Passerine__order
nmod< group	6.0	0.477	ALL	Passerine__order
amod<cc> Acrocephalus	6.0	0.25	ALL	Passerine__order
acl>mark> to	6.0	0.299	ALL	Passerine__order
obl<parataxis< ...	6.0	0.245	ALL	Passerine__order
compound<amod> common	6.0	0.153	ALL	Passerine__order
nmod<nsubj>appos> ...	6.0	0.361	ALL	Passerine__order
nmod>nmod>case> in	6.0	0.504	ALL	Passerine__order
obl<ccomp< ...	6.0	0.368	ALL	Passerine__order
nmod<amod> common	6.0	0.366	ALL	Passerine__order
appos<compound<obl:npmod< ...	6.0	0.338	ALL	Passerine__order
obj<acl:relcl<amod> ...	6.0	0.228	ALL	Passerine__order
obl<acl< bird	6.0	0.261	ALL	Passerine__order
obl:npmod< ...	6.0	0.353	ALL	Passerine__order
nsubj<advcl>mark> to	6.0	0.528	ALL	Passerine__order
compound<appos>compound> ...	6.0	0.223	ALL	Passerine__order
nsubj> species	6.0	0.279	ALL	Passerine__order
flat<nsubj< ...	6.0	0.225	ALL	Passerine__order
acl:relcl>cop> be	6.0	0.297	ALL	Passerine__order
nsubj<compound> passerine	6.0	0.458	ALL	Passerine__order
compound<appos<cc> ...	6.0	0.411	ALL	Passerine__order
obl<conj>advmod> ...	6.0	0.527	ALL	Passerine__order
amod<obj< ...	6.0	0.296	ALL	Passerine__order
conj<parataxis>nsubj> ...	6.0	0.401	ALL	Passerine__order
nsubj<advcl>xcomp> ...	6.0	0.264	ALL	Passerine__order
obl<nsubj:pass>compound> ...	6.0	0.344	ALL	Passerine__order
obl<obl>nummod> ...	6.0	0.327	ALL	Passerine__order
nsubj<xcomp>advmod> ...	6.0	0.642	ALL	Passerine__order
conj<conj< ...	6.0	0.384	ALL	Passerine__order
conj<obl:npmod> ...	6.0	0.317	ALL	Passerine__order
nsubj:pass<obl>case> on	6.0	0.649	ALL	Passerine__order
compound<obl<aux:pass> be	6.0	0.259	ALL	Passerine__order
conj<conj>obj> ...	6.0	0.185	ALL	Passerine__order
nsubj<obj> range	6.0	0.311	ALL	Passerine__order
obl<advcl>obj> ...	6.0	0.548	ALL	Passerine__order
nsubj:pass<advcl>advmod> ...	6.0	0.336	ALL	Passerine__order
obl<obl>case> to	6.0	0.377	ALL	Passerine__order
obj<advcl<aux:pass> be	6.0	0.597	ALL	Passerine__order
compound<nmod<advmod> ...	6.0	0.352	ALL	Passerine__order
conj<nummod> ...	6.0	0.232	ALL	Passerine__order
compound<appos<conj< ...	6.0	0.159	ALL	Passerine__order
nmod>nmod>compound> ...	6.0	0.394	ALL	Passerine__order
amod>conj>cc> and	6.0	0.394	ALL	Passerine__order
nmod<mark> ...	6.0	0.483	ALL	Passerine__order
nmod<xcomp< ...	6.0	0.394	ALL	Passerine__order
flat<compound>conj> ...	6.0	0.203	ALL	Passerine__order
conj<nmod<case> by	6.0	0.544	ALL	Passerine__order
det> some	6.0	0.755	ALL	Passerine__order
obj<obj> ...	6.0	0.349	ALL	Passerine__order
nsubj>conj>amod> ...	6.0	0.333	ALL	Passerine__order
appos< bird	6.0	0.332	ALL	Passerine__order
obj<cc> Acrocephalus	6.0	0.299	ALL	Passerine__order
nmod:poss<nmod<det> ...	6.0	0.434	ALL	Passerine__order
nmod<obj<conj< ...	6.0	0.397	ALL	Passerine__order
compound>conj>amod> ...	6.0	0.319	ALL	Passerine__order
conj< swift	6.0	0.437	ALL	Passerine__order
nmod<acl:relcl> ...	6.0	0.545	ALL	Passerine__order
obj>conj> ree	6.0	0.409	ALL	Passerine__order
obj<acl<case> ...	6.0	0.271	ALL	Passerine__order
conj<obj<conj> warbler	6.0	0.483	ALL	Passerine__order
appos<nsubj<advmod> ...	6.0	0.501	ALL	Passerine__order
conj<compound>flat> ...	6.0	0.639	ALL	Passerine__order
obj>conj>obj> warbler	6.0	0.291	ALL	Passerine__order
obl<parataxis>obl> ...	6.0	0.322	ALL	Passerine__order
list<compound>conj> Corvus	6.0	0.43	ALL	Passerine__order
list<compound>appos> Corvus	6.0	0.497	ALL	Passerine__order
conj< bird	6.0	0.424	ALL	Passerine__order
list<compound>appos> crow	6.0	0.395	ALL	Passerine__order
conj> ree	6.0	0.728	ALL	Passerine__order
compound<nmod<nummod> ...	6.0	0.316	ALL	Passerine__order
flat>compound> ...	6.0	0.319	ALL	Passerine__order
nmod<nsubj:pass<aux> ...	6.0	0.343	ALL	Passerine__order
appos>compound>compound> ...	6.0	0.269	ALL	Passerine__order
conj>obj> warbler	6.0	0.444	ALL	Passerine__order
conj<list<list> ...	6.0	0.496	ALL	Passerine__order
obl<conj<obl> ...	6.0	0.427	ALL	Passerine__order
conj<nsubj> Acrocephalus	6.0	0.21	ALL	Passerine__order
obj<acl:relcl<det> ...	6.0	0.331	ALL	Passerine__order
conj<nmod<case> of	6.0	0.538	ALL	Passerine__order
acl>obl>det> a	6.0	0.289	ALL	Passerine__order
nsubj:pass<advcl<nsubj> ...	6.0	0.339	ALL	Passerine__order
conj<parataxis<flat> ...	6.0	0.509	ALL	Passerine__order
conj> chaffinch	6.0	0.636	ALL	Passerine__order
obj<obl>det> a	6.0	0.524	ALL	Passerine__order
nsubj<parataxis<nsubj> ...	6.0	0.213	ALL	Passerine__order
compound<nsubj<cop> be	6.0	0.352	ALL	Passerine__order
parataxis<nmod>conj> ...	6.0	0.283	ALL	Passerine__order
nmod<nsubj>amod> ...	6.0	0.427	ALL	Passerine__order
obj<advcl>obl> ...	6.0	0.252	ALL	Passerine__order
nsubj<advcl>nsubj> they	6.0	0.386	ALL	Passerine__order
obl< see	6.0	0.442	ALL	Passerine__order
nmod< one	6.0	0.526	ALL	Passerine__order
nsubj:pass<xcomp>obj> ...	6.0	0.337	ALL	Passerine__order
appos<appos>flat> ...	6.0	0.425	ALL	Passerine__order
nsubj<case> ...	6.0	0.349	ALL	Passerine__order
nsubj:pass<nsubj:pass> ...	6.0	0.303	ALL	Passerine__order
nsubj:pass< describe	6.0	0.392	ALL	Passerine__order
nmod:poss> Lawes	6.0	0.34	ALL	Passerine__order
flat<compound<conj> ...	6.0	0.272	ALL	Passerine__order
conj<conj>cc> but	6.0	0.439	ALL	Passerine__order
det> all	6.0	0.754	ALL	Passerine__order
nsubj>conj>det> the	6.0	0.359	ALL	Passerine__order
nmod< member	6.0	0.455	ALL	Passerine__order
obj>conj>obj> ...	6.0	0.291	ALL	Passerine__order
conj<appos> corone	6.0	0.612	ALL	Passerine__order
compound<nsubj<obl> ...	6.0	0.227	ALL	Passerine__order
nmod<nsubj<amod> ...	6.0	0.369	ALL	Passerine__order
nmod< study	6.0	0.491	ALL	Passerine__order
nsubj<conj>cc> or	6.0	0.673	ALL	Passerine__order
conj<conj>acl> ...	6.0	0.419	ALL	Passerine__order
conj>nmod>det> ...	6.0	0.391	ALL	Passerine__order
conj<obl>case> to	6.0	0.423	ALL	Passerine__order
obj>conj>nsubj> ...	6.0	0.513	ALL	Passerine__order
conj<obj<mark> ...	5.0	0.421	ALL	Passerine__order
obj<nsubj> that	5.0	0.446	ALL	Passerine__order
nmod>compound> finch	5.0	0.346	ALL	Passerine__order
nsubj:pass<conj>aux:pass> ...	5.0	0.375	ALL	Passerine__order
appos<appos>amod> western	5.0	0.165	ALL	Passerine__order
appos<appos>flat> cornix	5.0	0.484	ALL	Passerine__order
conj>amod> common	5.0	0.5	ALL	Passerine__order
obl<acl<nmod< ...	5.0	0.379	ALL	Passerine__order
appos<appos>compound> Carrion	5.0	0.275	ALL	Passerine__order
nsubj>amod> common	5.0	0.333	ALL	Passerine__order
conj<obj<appos> ...	5.0	0.32	ALL	Passerine__order
nsubj<parataxis>nsubj> ...	5.0	0.357	ALL	Passerine__order
compound<conj<obl< ...	5.0	0.393	ALL	Passerine__order
conj< gull	5.0	0.531	ALL	Passerine__order
conj<appos<appos> ...	5.0	0.205	ALL	Passerine__order
compound<nmod<nmod:poss> ...	5.0	0.444	ALL	Passerine__order
compound<conj>amod> ...	5.0	0.303	ALL	Passerine__order
compound<obj<acl< ...	5.0	0.231	ALL	Passerine__order
nsubj<ccomp<obl> ...	5.0	0.242	ALL	Passerine__order
compound>amod> common	5.0	0.564	ALL	Passerine__order
nsubj:pass<conj>aux> have	5.0	0.181	ALL	Passerine__order
nmod<obj<acl< ...	5.0	0.309	ALL	Passerine__order
appos<nmod<det> ...	5.0	0.397	ALL	Passerine__order
nmod<nmod<conj> ...	5.0	0.283	ALL	Passerine__order
nmod<obl<acl:relcl< ...	5.0	0.217	ALL	Passerine__order
compound<nmod<nsubj< ...	5.0	0.529	ALL	Passerine__order
conj<nmod<obj> ...	5.0	0.242	ALL	Passerine__order
appos<obl> ...	5.0	0.28	ALL	Passerine__order
conj>amod>obl:npmod> ...	5.0	0.414	ALL	Passerine__order
compound<nmod>case> on	5.0	0.522	ALL	Passerine__order
compound<obl<nsubj:pass> ...	5.0	0.175	ALL	Passerine__order
obl<xcomp<aux:pass> ...	5.0	0.31	ALL	Passerine__order
appos>compound> Paradisaea	5.0	0.569	ALL	Passerine__order
nsubj:pass<nsubj:pass>amod> ...	5.0	0.44	ALL	Passerine__order
nmod<conj<aux:pass> ...	5.0	0.583	ALL	Passerine__order
conj<obl<advmod> also	5.0	0.45	ALL	Passerine__order
nmod<conj<aux:pass> be	5.0	0.583	ALL	Passerine__order
conj<obl<nmod> ...	5.0	0.446	ALL	Passerine__order
appos>advmod> ...	5.0	0.219	ALL	Passerine__order
conj<compound<conj> species	5.0	0.449	ALL	Passerine__order
obl< find	5.0	0.432	ALL	Passerine__order
nsubj:pass<xcomp>obl> ...	5.0	0.196	ALL	Passerine__order
nsubj<parataxis>aux> ...	5.0	0.207	ALL	Passerine__order
compound<cop> ...	5.0	0.359	ALL	Passerine__order
conj> Corvus	5.0	0.823	ALL	Passerine__order
conj<nsubj>compound> ...	5.0	0.422	ALL	Passerine__order
nmod:poss>det> the	5.0	0.444	ALL	Passerine__order
nmod:poss>det> ...	5.0	0.444	ALL	Passerine__order
nsubj>nmod>det> ...	5.0	0.316	ALL	Passerine__order
obl<xcomp<advmod> ...	5.0	0.735	ALL	Passerine__order
compound<amod>advmod> ...	5.0	0.177	ALL	Passerine__order
appos<nmod<amod> ...	5.0	0.281	ALL	Passerine__order
nmod:poss<nmod<case> ...	5.0	0.409	ALL	Passerine__order
nmod<obj<obl> ...	5.0	0.458	ALL	Passerine__order
nmod<nmod>flat> ...	5.0	0.197	ALL	Passerine__order
compound<nummod> ...	5.0	0.201	ALL	Passerine__order
nmod>nummod> ...	5.0	0.342	ALL	Passerine__order
compound<appos<nmod< ...	5.0	0.222	ALL	Passerine__order
compound<conj<obj< ...	5.0	0.516	ALL	Passerine__order
acl:relcl>advcl>mark> ...	5.0	0.514	ALL	Passerine__order
acl:relcl>advcl> ...	5.0	0.279	ALL	Passerine__order
appos<appos>amod> Mesopotamian	5.0	0.371	ALL	Passerine__order
compound<nsubj:pass<aux:pass> ...	5.0	0.2	ALL	Passerine__order
obl<nsubj:pass> it	5.0	0.577	ALL	Passerine__order
nsubj:pass<cc> ...	5.0	0.449	ALL	Passerine__order
compound<nsubj:pass< ...	5.0	0.423	ALL	Passerine__order
obl<mark> that	5.0	0.589	ALL	Passerine__order
compound<compound<conj< ...	5.0	0.328	ALL	Passerine__order
nsubj< species	5.0	0.917	ALL	Passerine__order
appos<nsubj>compound> ...	5.0	0.172	ALL	Passerine__order
nsubj:pass<advcl>cop> be	5.0	0.518	ALL	Passerine__order
nmod>nmod>amod> ...	5.0	0.311	ALL	Passerine__order
compound<appos>nmod> ...	5.0	0.331	ALL	Passerine__order
nsubj<conj>xcomp> ...	5.0	0.288	ALL	Passerine__order
obl<det> ...	5.0	0.397	ALL	Passerine__order
nmod<obj<cc> ...	5.0	0.227	ALL	Passerine__order
nsubj<advcl<obj> ...	5.0	0.303	ALL	Passerine__order
conj<nmod<nmod> ...	5.0	0.258	ALL	Passerine__order
appos<appos>compound> carrion	5.0	0.216	ALL	Passerine__order
appos<nmod>amod> ...	5.0	0.186	ALL	Passerine__order
compound<nsubj<obj> ...	5.0	0.489	ALL	Passerine__order
appos<list>compound> ...	5.0	0.397	ALL	Passerine__order
nmod> family	5.0	0.638	ALL	Passerine__order
nmod<nmod< one	5.0	0.564	ALL	Passerine__order
obj<aux:pass> ...	5.0	0.411	ALL	Passerine__order
conj<compound< crow	5.0	0.358	ALL	Passerine__order
compound<appos>amod> ...	5.0	0.29	ALL	Passerine__order
obl<conj<obj> ...	5.0	0.358	ALL	Passerine__order
obj<nsubj:pass> ...	5.0	0.345	ALL	Passerine__order
conj<aux> ...	5.0	0.36	ALL	Passerine__order
nmod<nsubj<mark> ...	5.0	0.196	ALL	Passerine__order
obj<acl:relcl<nsubj< ...	5.0	0.228	ALL	Passerine__order
conj<amod< ...	5.0	0.322	ALL	Passerine__order
obl<xcomp<aux:pass> be	5.0	0.31	ALL	Passerine__order
obl:npmod<amod< ...	5.0	0.351	ALL	Passerine__order
compound<case> to	5.0	0.181	ALL	Passerine__order
parataxis>obl>amod> ...	5.0	0.476	ALL	Passerine__order
nmod<nsubj<aux> be	5.0	0.397	ALL	Passerine__order
obl<parataxis<nsubj> ...	5.0	0.291	ALL	Passerine__order
conj<compound> species	5.0	0.443	ALL	Passerine__order
compound<obj<advcl> ...	5.0	0.236	ALL	Passerine__order
conj<obj<parataxis< ...	5.0	0.559	ALL	Passerine__order
conj>appos> warbler	5.0	0.39	ALL	Passerine__order
compound<acl>mark> ...	5.0	0.273	ALL	Passerine__order
nmod<obj<mark> to	5.0	0.444	ALL	Passerine__order
conj<obj<acl:relcl< ...	5.0	0.288	ALL	Passerine__order
obl<conj<cop> ...	5.0	0.303	ALL	Passerine__order
nmod<case> as	5.0	0.643	ALL	Passerine__order
compound<compound<amod> ...	5.0	0.494	ALL	Passerine__order
conj<parataxis>cop> ...	5.0	0.309	ALL	Passerine__order
conj<parataxis>nmod:poss> ...	5.0	0.489	ALL	Passerine__order
obj<obl>case> with	5.0	0.337	ALL	Passerine__order
compound<conj<conj> ree	5.0	0.566	ALL	Passerine__order
conj<parataxis>amod> ...	5.0	0.515	ALL	Passerine__order
conj<nsubj<cc> ...	5.0	0.593	ALL	Passerine__order
nsubj<conj> warbler	5.0	0.354	ALL	Passerine__order
conj<obl:npmod>amod> Moustach	5.0	0.627	ALL	Passerine__order
conj<obl:npmod> warbler	5.0	0.364	ALL	Passerine__order
conj< bistrigicep	5.0	0.325	ALL	Passerine__order
conj<compound> Paddyfield	5.0	0.38	ALL	Passerine__order
conj<compound>flat> warbler	5.0	0.668	ALL	Passerine__order
nsubj<advcl<advmod> ...	5.0	0.399	ALL	Passerine__order
nmod<obj<conj> ...	5.0	0.28	ALL	Passerine__order
amod<case> in	5.0	0.524	ALL	Passerine__order
conj<parataxis>nsubj> Acrocephalus	5.0	0.439	ALL	Passerine__order
nmod<conj<nsubj> ...	5.0	0.266	ALL	Passerine__order
conj<obl:npmod>amod> ...	5.0	0.627	ALL	Passerine__order
nmod<obj<advcl> ...	5.0	0.311	ALL	Passerine__order
advcl>advmod> ...	5.0	0.168	ALL	Passerine__order
compound<nsubj:pass<aux:pass> be	5.0	0.2	ALL	Passerine__order
nmod<nsubj<aux> have	5.0	0.374	ALL	Passerine__order
conj<conj>amod> other	5.0	0.647	ALL	Passerine__order
obj<aux> have	5.0	0.495	ALL	Passerine__order
obj<aux:pass> be	5.0	0.411	ALL	Passerine__order
conj<nsubj<mark> ...	5.0	0.529	ALL	Passerine__order
compound<case> with	5.0	0.267	ALL	Passerine__order
conj<conj>compound> paludicola	5.0	0.696	ALL	Passerine__order
nsubj<nummod> ...	5.0	0.239	ALL	Passerine__order
conj<appos<amod> ...	5.0	0.189	ALL	Passerine__order
conj<obj<nsubj> they	5.0	0.409	ALL	Passerine__order
nmod<conj>det> ...	5.0	0.473	ALL	Passerine__order
conj<obl<acl< ...	5.0	0.543	ALL	Passerine__order
nmod<nsubj<expl> ...	5.0	0.318	ALL	Passerine__order
nsubj<conj>det> a	5.0	0.278	ALL	Passerine__order
compound>compound>flat> ...	5.0	0.355	ALL	Passerine__order
list>amod> ...	5.0	0.57	ALL	Passerine__order
obl<ccomp<nsubj> ...	5.0	0.346	ALL	Passerine__order
list>compound> ...	5.0	0.28	ALL	Passerine__order
nsubj<acl:relcl>nsubj> that	5.0	0.386	ALL	Passerine__order
conj>cop> be	5.0	0.226	ALL	Passerine__order
nmod<conj>nmod> ...	5.0	0.305	ALL	Passerine__order
appos<case> of	5.0	0.578	ALL	Passerine__order
compound<compound<compound> ...	5.0	0.305	ALL	Passerine__order
obj<acl:relcl<compound> ...	5.0	0.235	ALL	Passerine__order
conj<parataxis>cop> avicenniae	5.0	0.309	ALL	Passerine__order
parataxis<conj>compound> ...	5.0	0.276	ALL	Passerine__order
nsubj:pass<aux> can	5.0	0.304	ALL	Passerine__order
amod<conj>cc> ...	5.0	0.434	ALL	Passerine__order
conj>amod>conj> ...	5.0	0.392	ALL	Passerine__order
compound>conj>compound> ...	5.0	0.451	ALL	Passerine__order
conj<nmod<appos> ...	5.0	0.546	ALL	Passerine__order
obl:npmod<conj> ...	5.0	0.368	ALL	Passerine__order
conj>nmod>conj> ...	5.0	0.411	ALL	Passerine__order
obl:npmod<conj>cc> ...	5.0	0.523	ALL	Passerine__order
obj<conj<conj> ...	5.0	0.36	ALL	Passerine__order
compound<nmod< distribution	5.0	0.241	ALL	Passerine__order
conj<conj>obl:npmod> ...	5.0	0.427	ALL	Passerine__order
compound<nmod<obj< show	5.0	0.275	ALL	Passerine__order
amod<parataxis<conj> ...	5.0	0.395	ALL	Passerine__order
obl<nsubj>appos> ...	5.0	0.322	ALL	Passerine__order
compound<nmod>nmod> ...	5.0	0.169	ALL	Passerine__order
conj<nsubj<nmod> ...	5.0	0.282	ALL	Passerine__order
nsubj<nmod> family	5.0	0.289	ALL	Passerine__order
nmod<acl:relcl>nsubj> ...	5.0	0.292	ALL	Passerine__order
conj<parataxis< ...	5.0	0.462	ALL	Passerine__order
nsubj<obl>case> of	5.0	0.741	ALL	Passerine__order
nmod<conj<det> ...	5.0	0.552	ALL	Passerine__order
obl<obl> size	5.0	0.382	ALL	Passerine__order
compound<conj>compound> ...	5.0	0.584	ALL	Passerine__order
compound<amod> european	5.0	0.228	ALL	Passerine__order
compound<compound<case> ...	5.0	0.377	ALL	Passerine__order
nsubj<nmod>compound> family	5.0	0.315	ALL	Passerine__order
obl<mark> when	5.0	0.451	ALL	Passerine__order
conj<parataxis>nmod:poss> Blyth	5.0	0.489	ALL	Passerine__order
obj<parataxis< ...	5.0	0.331	ALL	Passerine__order
acl>obl>case> as	5.0	0.298	ALL	Passerine__order
conj<parataxis>amod> ree	5.0	0.515	ALL	Passerine__order
conj<parataxis> warbler	5.0	0.201	ALL	Passerine__order
conj<parataxis>conj> warbler	5.0	0.358	ALL	Passerine__order
nmod<nsubj>compound> ...	5.0	0.363	ALL	Passerine__order
conj>advmod> simply	5.0	0.405	ALL	Passerine__order
acl:relcl> breed	5.0	0.268	ALL	Passerine__order
conj<conj>obj> warbler	5.0	0.241	ALL	Passerine__order
obl<advcl<advmod> ...	5.0	0.325	ALL	Passerine__order
obj<conj>nmod> ...	5.0	0.345	ALL	Passerine__order
obj<conj>amod> ...	5.0	0.544	ALL	Passerine__order
obl<conj>nsubj> ...	5.0	0.311	ALL	Passerine__order
nmod<appos>amod> ...	5.0	0.189	ALL	Passerine__order
amod<det> the	5.0	0.386	ALL	Passerine__order
nsubj:pass< consider	5.0	0.493	ALL	Passerine__order
obj<parataxis>conj> ...	5.0	0.309	ALL	Passerine__order
amod<appos< ...	5.0	0.28	ALL	Passerine__order
conj<conj>compound> coal	5.0	0.392	ALL	Passerine__order
conj<amod> tail	5.0	0.651	ALL	Passerine__order
conj<conj>amod> rodericanus	5.0	0.681	ALL	Passerine__order
amod<conj<nsubj> ...	5.0	0.378	ALL	Passerine__order
conj<amod>advmod> long	5.0	0.214	ALL	Passerine__order
conj<nmod<obj> rise	5.0	0.242	ALL	Passerine__order
conj<nmod< record	5.0	0.357	ALL	Passerine__order
conj<nmod<nsubj> survey	5.0	0.295	ALL	Passerine__order
nmod<nmod>case> with	5.0	0.391	ALL	Passerine__order
advmod> simply	5.0	0.29	ALL	Passerine__order
conj<nsubj>nmod> ...	5.0	0.299	ALL	Passerine__order
conj<appos>amod> western	5.0	0.373	ALL	Passerine__order
nmod<obl< similar	5.0	0.429	ALL	Passerine__order
nsubj<conj>nsubj> it	5.0	0.411	ALL	Passerine__order
conj<appos>compound> Carrion	5.0	0.348	ALL	Passerine__order
compound<flat<flat> ...	5.0	0.343	ALL	Passerine__order
appos<case> as	5.0	0.583	ALL	Passerine__order
obl<obl>flat> ...	5.0	0.426	ALL	Passerine__order
conj<appos> cornix	5.0	0.485	ALL	Passerine__order
conj<appos>amod> Mesopotamian	5.0	0.333	ALL	Passerine__order
list<appos>compound> ...	5.0	0.118	ALL	Passerine__order
obj<obl>case> as	5.0	0.419	ALL	Passerine__order
conj<conj>amod> african	5.0	0.709	ALL	Passerine__order
appos<nsubj<obl> ...	5.0	0.321	ALL	Passerine__order
conj<conj>compound> North	5.0	0.408	ALL	Passerine__order
conj>cop> ...	5.0	0.226	ALL	Passerine__order
obl<conj<cop> be	5.0	0.303	ALL	Passerine__order
nsubj<obj>nmod:poss> they	5.0	0.303	ALL	Passerine__order
flat<conj<conj> warbler	5.0	0.485	ALL	Passerine__order
conj<conj>flat> warbler	5.0	0.613	ALL	Passerine__order
compound<amod> western	5.0	0.408	ALL	Passerine__order
nmod<conj>det> the	5.0	0.473	ALL	Passerine__order
nsubj<ccomp>nsubj> ...	5.0	0.509	ALL	Passerine__order
appos>amod>advmod> ...	5.0	0.36	ALL	Passerine__order
conj<appos>compound> carrion	5.0	0.284	ALL	Passerine__order
conj<list> Corvus	5.0	0.66	ALL	Passerine__order
conj<list>list> crow	5.0	0.36	ALL	Passerine__order
acl:relcl>obj>det> the	5.0	0.373	ALL	Passerine__order
obl< breed	5.0	0.333	ALL	Passerine__order
parataxis<nsubj> ...	5.0	0.497	ALL	Passerine__order
obl<conj<conj> ...	5.0	0.328	ALL	Passerine__order
parataxis> behaviour	5.0	0.448	ALL	Passerine__order
conj<nmod<det> some	5.0	0.543	ALL	Passerine__order
appos<nsubj>flat> ...	5.0	0.36	ALL	Passerine__order
flat<conj> ...	5.0	0.491	ALL	Passerine__order
compound<parataxis<list> ...	5.0	0.491	ALL	Passerine__order
nsubj:pass<advcl>cop> ...	5.0	0.518	ALL	Passerine__order
appos<advcl<obl> ...	5.0	0.389	ALL	Passerine__order
conj<nsubj:pass< ...	5.0	0.315	ALL	Passerine__order
conj<compound< orientalis	5.0	0.509	ALL	Passerine__order
compound<appos<cc> and	5.0	0.393	ALL	Passerine__order
compound>nmod> ...	5.0	0.298	ALL	Passerine__order
compound<appos<obj< ...	5.0	0.282	ALL	Passerine__order
compound>nmod>case> ...	5.0	0.41	ALL	Passerine__order
conj<compound<obl:npmod< neck	5.0	0.381	ALL	Passerine__order
conj<compound<list> raven	5.0	0.487	ALL	Passerine__order
conj<compound<list> jackdaw	5.0	0.499	ALL	Passerine__order
conj<compound<flat> Rook	5.0	0.483	ALL	Passerine__order
nmod<mark> to	5.0	0.431	ALL	Passerine__order
appos<nmod<case> ...	5.0	0.32	ALL	Passerine__order
conj<appos>flat> cornix	5.0	0.526	ALL	Passerine__order
nsubj:pass<conj>aux:pass> be	5.0	0.375	ALL	Passerine__order
conj<nmod<conj< ...	5.0	0.277	ALL	Passerine__order
appos>nmod>case> of	5.0	0.222	ALL	Passerine__order
conj<compound<obl:npmod< ...	5.0	0.381	ALL	Passerine__order
conj<compound<flat> ...	5.0	0.483	ALL	Passerine__order
nmod<amod> several	5.0	0.459	ALL	Passerine__order
conj<nmod:poss> kubaryi	5.0	0.292	ALL	Passerine__order
conj<list>list> ...	5.0	0.36	ALL	Passerine__order
conj<compound>amod> tropical	5.0	0.521	ALL	Passerine__order
obl< similar	5.0	0.38	ALL	Passerine__order
appos<nmod>case> of	5.0	0.449	ALL	Passerine__order
amod<obl< ...	5.0	0.266	ALL	Passerine__order
conj<compound>conj> Coloeus	5.0	0.562	ALL	Passerine__order
appos>det> the	5.0	0.434	ALL	Passerine__order
conj<compound>conj> jackdaw	5.0	0.563	ALL	Passerine__order
amod<nmod<det> ...	5.0	0.386	ALL	Passerine__order
conj<conj>case> melanopogon	5.0	0.256	ALL	Passerine__order
conj<cc> Corvus	5.0	0.404	ALL	Passerine__order
appos>nmod:poss> ...	5.0	0.56	ALL	Passerine__order
conj<conj>amod> Aquatic	5.0	0.57	ALL	Passerine__order
conj<compound>amod> asian	5.0	0.435	ALL	Passerine__order
nmod>compound> family	5.0	0.453	ALL	Passerine__order
appos<appos>appos> ...	5.0	0.263	ALL	Passerine__order
conj<amod> jungle	5.0	0.776	ALL	Passerine__order
conj<compound>conj> eastern	5.0	0.615	ALL	Passerine__order
conj<amod> common	5.0	0.755	ALL	Passerine__order
nsubj<conj<obl> ...	5.0	0.272	ALL	Passerine__order
obl<acl<appos> ...	5.0	0.338	ALL	Passerine__order
nmod> species	5.0	0.606	ALL	Passerine__order
conj<obl:npmod<parataxis> warbler	4.0	0.471	ALL	Passerine__order
conj<appos<flat> ...	4.0	0.355	ALL	Passerine__order
appos<conj<amod> ...	4.0	0.267	ALL	Passerine__order
obl<nsubj> species	4.0	0.604	ALL	Passerine__order
conj<amod> Moustach	4.0	0.671	ALL	Passerine__order
amod<nmod:poss> ...	4.0	0.314	ALL	Passerine__order
nmod:poss>compound> ...	4.0	0.397	ALL	Passerine__order
conj<nmod<case> with	4.0	0.602	ALL	Passerine__order
nmod<nmod>conj> ...	4.0	0.406	ALL	Passerine__order
conj<obl:npmod<conj> ree	4.0	0.471	ALL	Passerine__order
appos<mark> ...	4.0	0.34	ALL	Passerine__order
nsubj:pass<advmod> also	4.0	0.603	ALL	Passerine__order
nsubj<obl>compound> breeding	4.0	0.196	ALL	Passerine__order
nmod<obl>amod> ...	4.0	0.354	ALL	Passerine__order
nsubj<advcl<cop> be	4.0	0.379	ALL	Passerine__order
conj<obl:npmod< bistrigicep	4.0	0.354	ALL	Passerine__order
amod<conj<conj> Acrocephalus	4.0	0.209	ALL	Passerine__order
conj>case> in	4.0	0.512	ALL	Passerine__order
conj<obl:npmod<compound> Paddyfield	4.0	0.213	ALL	Passerine__order
appos<nsubj:pass<aux:pass> be	4.0	0.434	ALL	Passerine__order
flat<compound>amod> ...	4.0	0.271	ALL	Passerine__order
conj<conj>compound> tangorum	4.0	0.551	ALL	Passerine__order
conj<obl:npmod<conj> Acrocephalus	4.0	0.469	ALL	Passerine__order
conj<conj>appos> scirpaceus	4.0	0.391	ALL	Passerine__order
conj<obl:npmod<nsubj> Acrocephalus	4.0	0.462	ALL	Passerine__order
obl<nmod>amod> ...	4.0	0.397	ALL	Passerine__order
conj<nmod>conj> ...	4.0	0.397	ALL	Passerine__order
conj<conj>compound> swamp	4.0	0.468	ALL	Passerine__order
obl<nsubj>conj> ...	4.0	0.332	ALL	Passerine__order
nsubj< eat	4.0	0.878	ALL	Passerine__order
acl> know	4.0	0.494	ALL	Passerine__order
appos<advcl< ...	4.0	0.277	ALL	Passerine__order
obl<nsubj> crow	4.0	0.521	ALL	Passerine__order
conj<nmod>case> with	4.0	0.566	ALL	Passerine__order
compound>conj>cc> ...	4.0	0.441	ALL	Passerine__order
conj<amod<nsubj> ...	4.0	0.38	ALL	Passerine__order
appos<conj< warbler	4.0	0.287	ALL	Passerine__order
appos<cc> Acrocephalus	4.0	0.286	ALL	Passerine__order
conj<conj>nummod> ...	4.0	0.601	ALL	Passerine__order
parataxis<conj>cc> Acrocephalus	4.0	0.29	ALL	Passerine__order
nsubj:pass<parataxis< ...	4.0	0.43	ALL	Passerine__order
ccomp< ...	4.0	0.148	ALL	Passerine__order
compound<case> by	4.0	0.387	ALL	Passerine__order
appos>nmod>case> in	4.0	0.187	ALL	Passerine__order
flat>case> ...	4.0	0.487	ALL	Passerine__order
cc>fixed> ...	4.0	0.327	ALL	Passerine__order
compound<conj<compound> ...	4.0	0.211	ALL	Passerine__order
conj<amod<cc> ...	4.0	0.259	ALL	Passerine__order
advcl>nsubj> ...	4.0	0.505	ALL	Passerine__order
nmod<obj<advcl< ...	4.0	0.569	ALL	Passerine__order
conj<amod<conj< ...	4.0	0.618	ALL	Passerine__order
nsubj> they	4.0	0.493	ALL	Passerine__order
parataxis<obl:npmod>conj> warbler	4.0	0.413	ALL	Passerine__order
conj<conj>det> a	4.0	0.466	ALL	Passerine__order
conj>obj>conj> warbler	4.0	0.316	ALL	Passerine__order
conj<nsubj<conj< ...	4.0	0.554	ALL	Passerine__order
nsubj:pass< find	4.0	0.442	ALL	Passerine__order
conj<nsubj<nmod> family	4.0	0.283	ALL	Passerine__order
conj>aux:pass> ...	4.0	0.254	ALL	Passerine__order
amod<conj<compound> ...	4.0	0.4	ALL	Passerine__order
conj<obj>det> ...	4.0	0.352	ALL	Passerine__order
conj>compound>amod> ...	4.0	0.361	ALL	Passerine__order
compound<conj>nmod> ...	4.0	0.174	ALL	Passerine__order
nsubj<acl:relcl<det> the	4.0	0.443	ALL	Passerine__order
amod<appos<conj> ...	4.0	0.338	ALL	Passerine__order
compound<mark> ...	4.0	0.366	ALL	Passerine__order
nmod<compound> passerine	4.0	0.264	ALL	Passerine__order
conj<case> by	4.0	0.328	ALL	Passerine__order
conj<conj>cop> ...	4.0	0.375	ALL	Passerine__order
obj< take	4.0	0.427	ALL	Passerine__order
nsubj<obl:npmod> ...	4.0	0.244	ALL	Passerine__order
compound<nmod<cc> ...	4.0	0.291	ALL	Passerine__order
nsubj<obl:npmod>conj> ...	4.0	0.327	ALL	Passerine__order
compound<conj>cc> &	4.0	0.397	ALL	Passerine__order
amod>obl>case> ...	4.0	0.505	ALL	Passerine__order
obl< record	4.0	0.375	ALL	Passerine__order
conj>appos>compound> ...	4.0	0.237	ALL	Passerine__order
nmod:poss<nsubj<cop> ...	4.0	0.628	ALL	Passerine__order
compound>nummod> ...	4.0	0.328	ALL	Passerine__order
nmod<nsubj< be	4.0	0.49	ALL	Passerine__order
appos>nmod:poss>case> 's	4.0	0.237	ALL	Passerine__order
amod<nmod<conj> ...	4.0	0.388	ALL	Passerine__order
appos<amod>advmod> most	4.0	0.278	ALL	Passerine__order
nsubj<advcl>advmod> not	4.0	0.48	ALL	Passerine__order
nsubj:pass<advcl>nsubj> ...	4.0	0.259	ALL	Passerine__order
compound>nmod> paradise	4.0	0.303	ALL	Passerine__order
compound>nmod>case> of	4.0	0.434	ALL	Passerine__order
compound<nsubj<conj> ...	4.0	0.278	ALL	Passerine__order
compound<nsubj<advmod> ...	4.0	0.407	ALL	Passerine__order
nsubj:pass<advmod> first	4.0	0.494	ALL	Passerine__order
obj<acl:relcl<det> a	4.0	0.301	ALL	Passerine__order
conj<compound<cc> ...	4.0	0.246	ALL	Passerine__order
conj<compound<nmod:poss> ...	4.0	0.34	ALL	Passerine__order
conj<compound<amod> ...	4.0	0.556	ALL	Passerine__order
conj<compound<compound< ...	4.0	0.286	ALL	Passerine__order
amod<obj<nsubj> ...	4.0	0.173	ALL	Passerine__order
obj<obl>case> by	4.0	0.313	ALL	Passerine__order
compound< goose	4.0	0.567	ALL	Passerine__order
obj<nmod>case> in	4.0	0.557	ALL	Passerine__order
nsubj<conj>aux> can	4.0	0.685	ALL	Passerine__order
nsubj<conj<advmod> ...	4.0	0.52	ALL	Passerine__order
obj<ccomp<obl> ...	4.0	0.337	ALL	Passerine__order
obl< use	4.0	0.557	ALL	Passerine__order
acl:relcl>obl>conj> ...	4.0	0.151	ALL	Passerine__order
advcl>obl>case> ...	4.0	0.421	ALL	Passerine__order
advcl>obl> ...	4.0	0.561	ALL	Passerine__order
compound<cop> be	4.0	0.383	ALL	Passerine__order
amod<nmod>det> ...	4.0	0.48	ALL	Passerine__order
obl>case> with	4.0	0.305	ALL	Passerine__order
conj<conj>amod> Australasian	4.0	0.709	ALL	Passerine__order
conj<nmod> bird	4.0	0.468	ALL	Passerine__order
conj>cc> Corvus	4.0	0.809	ALL	Passerine__order
list<conj>flat> ...	4.0	0.356	ALL	Passerine__order
obj<advcl<aux> ...	4.0	0.478	ALL	Passerine__order
conj< squirrel	4.0	0.477	ALL	Passerine__order
nsubj>conj>advmod> ...	4.0	0.375	ALL	Passerine__order
appos<appos>det> a	4.0	0.389	ALL	Passerine__order
nmod<amod> Latin	4.0	0.401	ALL	Passerine__order
appos<obl<advmod> ...	4.0	0.428	ALL	Passerine__order
nmod<appos>conj> ...	4.0	0.243	ALL	Passerine__order
nsubj:pass<obl>nmod:poss> its	4.0	0.358	ALL	Passerine__order
nsubj:pass< distinguished	4.0	0.34	ALL	Passerine__order
appos< warbler	4.0	0.445	ALL	Passerine__order
appos<case> with	4.0	0.553	ALL	Passerine__order
nmod<obj< have	4.0	0.602	ALL	Passerine__order
parataxis<appos> ...	4.0	0.377	ALL	Passerine__order
nmod<case> from	4.0	0.588	ALL	Passerine__order
nmod<nsubj<det> a	4.0	0.39	ALL	Passerine__order
nmod<nsubj<det> the	4.0	0.343	ALL	Passerine__order
nmod<appos>det> a	4.0	0.539	ALL	Passerine__order
compound<nmod<compound> passerine	4.0	0.643	ALL	Passerine__order
nmod<acl>obj> ...	4.0	0.307	ALL	Passerine__order
compound<acl>mark> to	4.0	0.239	ALL	Passerine__order
list<compound> ...	4.0	0.252	ALL	Passerine__order
obj<conj<obj< ...	4.0	0.432	ALL	Passerine__order
appos<obl<conj< ...	4.0	0.379	ALL	Passerine__order
conj<appos<case> ...	4.0	0.449	ALL	Passerine__order
list<compound>amod> ...	4.0	0.36	ALL	Passerine__order
nsubj<nmod>nummod> ...	4.0	0.169	ALL	Passerine__order
conj>aux:pass> be	4.0	0.254	ALL	Passerine__order
flat< Stephen	4.0	0.274	ALL	Passerine__order
nsubj:pass<conj>obj> ...	4.0	0.328	ALL	Passerine__order
compound<conj<nmod< ...	4.0	0.34	ALL	Passerine__order
conj<amod> red	4.0	0.826	ALL	Passerine__order
nmod:poss<nsubj<cop> be	4.0	0.628	ALL	Passerine__order
nsubj< member	4.0	0.876	ALL	Passerine__order
nsubj>nmod>det> the	4.0	0.231	ALL	Passerine__order
compound<obj<conj> ...	4.0	0.274	ALL	Passerine__order
conj<conj>conj> familiaris	4.0	0.352	ALL	Passerine__order
conj<conj>flat> Millerbird	4.0	0.728	ALL	Passerine__order
flat<appos< ...	4.0	0.419	ALL	Passerine__order
nmod<obj<advmod> ...	4.0	0.181	ALL	Passerine__order
compound<obl<conj> ...	4.0	0.504	ALL	Passerine__order
conj<amod< Rodrigue	4.0	0.698	ALL	Passerine__order
obl<obl>conj> ...	4.0	0.319	ALL	Passerine__order
conj<amod<nsubj> sechellensis	4.0	0.38	ALL	Passerine__order
conj<amod<cc> Acrocephalus	4.0	0.259	ALL	Passerine__order
nsubj:pass<conj<nsubj> ...	4.0	0.304	ALL	Passerine__order
appos<nsubj<conj< ...	4.0	0.421	ALL	Passerine__order
nsubj<obl> species	4.0	0.537	ALL	Passerine__order
appos>conj> conservation	4.0	0.291	ALL	Passerine__order
nmod<nsubj<expl> there	4.0	0.401	ALL	Passerine__order
nsubj<amod> widespread	4.0	0.396	ALL	Passerine__order
nmod:poss<nmod<case> in	4.0	0.378	ALL	Passerine__order
nsubj< build	4.0	0.719	ALL	Passerine__order
nmod:poss<case> to	4.0	0.391	ALL	Passerine__order
appos> status	4.0	0.29	ALL	Passerine__order
parataxis<obl:npmod>conj> ...	4.0	0.413	ALL	Passerine__order
compound<conj>det> ...	4.0	0.319	ALL	Passerine__order
conj<obl:npmod<nsubj> ...	4.0	0.462	ALL	Passerine__order
conj<obl:npmod< ...	4.0	0.354	ALL	Passerine__order
conj<obl:npmod<compound> ...	4.0	0.213	ALL	Passerine__order
conj<obl:npmod<parataxis> ...	4.0	0.471	ALL	Passerine__order
obl:npmod<conj>amod> ...	4.0	0.39	ALL	Passerine__order
conj<amod<conj< warbler	4.0	0.618	ALL	Passerine__order
appos<conj>cc> Acrocephalus	4.0	0.547	ALL	Passerine__order
obl<conj>aux> ...	4.0	0.388	ALL	Passerine__order
nmod<conj>advmod> ...	4.0	0.438	ALL	Passerine__order
nsubj<nmod>conj> ...	4.0	0.19	ALL	Passerine__order
nsubj<obl:npmod>conj> warbler	4.0	0.327	ALL	Passerine__order
nmod<conj<nmod> ...	4.0	0.533	ALL	Passerine__order
compound<cc> Acrocephalus	4.0	0.251	ALL	Passerine__order
nmod:poss< range	4.0	0.281	ALL	Passerine__order
obl<conj>nsubj:pass> ...	4.0	0.48	ALL	Passerine__order
obl<conj>aux:pass> ...	4.0	0.42	ALL	Passerine__order
nsubj< return	4.0	0.639	ALL	Passerine__order
list<list> raven	4.0	0.388	ALL	Passerine__order
obj<parataxis<obl> ...	4.0	0.175	ALL	Passerine__order
conj<conj>cop> be	4.0	0.375	ALL	Passerine__order
nsubj:pass<obl> species	4.0	0.525	ALL	Passerine__order
compound<conj<det> a	4.0	0.429	ALL	Passerine__order
nsubj<parataxis>cop> ...	4.0	0.293	ALL	Passerine__order
parataxis<nmod>case> ...	4.0	0.249	ALL	Passerine__order
nmod<nmod<conj< ...	4.0	0.448	ALL	Passerine__order
compound<conj>det> the	4.0	0.319	ALL	Passerine__order
nmod<nmod<cc> ...	4.0	0.449	ALL	Passerine__order
appos<nmod>case> in	4.0	0.332	ALL	Passerine__order
conj<conj>cc> fuscus	4.0	0.64	ALL	Passerine__order
conj<conj>nsubj> orientalis	4.0	0.282	ALL	Passerine__order
conj<conj>compound> Oriental	4.0	0.574	ALL	Passerine__order
conj<conj>case> arundinaceus	4.0	0.35	ALL	Passerine__order
conj<conj>compound> Acrocephalus	4.0	0.618	ALL	Passerine__order
compound<case> from	4.0	0.154	ALL	Passerine__order
nmod<conj<amod> ...	4.0	0.216	ALL	Passerine__order
obl<obl>case> from	4.0	0.478	ALL	Passerine__order
obl:npmod<conj>cc> Acrocephalus	4.0	0.521	ALL	Passerine__order
obl< designate	4.0	0.249	ALL	Passerine__order
nsubj<obl>case> for	4.0	0.703	ALL	Passerine__order
acl:relcl>obl>det> the	4.0	0.289	ALL	Passerine__order
obl<obj>det> a	4.0	0.288	ALL	Passerine__order
conj<amod> tropical	4.0	0.569	ALL	Passerine__order
conj<amod> asian	4.0	0.746	ALL	Passerine__order
obj< show	4.0	0.407	ALL	Passerine__order
conj> rook	4.0	0.801	ALL	Passerine__order
obj<advcl<advmod> ...	4.0	0.394	ALL	Passerine__order
appos<acl> ...	4.0	0.426	ALL	Passerine__order
appos<nsubj:pass<aux:pass> ...	4.0	0.434	ALL	Passerine__order
conj<compound<appos> cornix	4.0	0.538	ALL	Passerine__order
appos<nsubj<det> ...	4.0	0.181	ALL	Passerine__order
nsubj<appos>det> ...	4.0	0.442	ALL	Passerine__order
nsubj<obl>nmod> range	4.0	0.512	ALL	Passerine__order
nmod<conj<nsubj:pass> ...	4.0	0.453	ALL	Passerine__order
nmod<nmod>nmod> ...	4.0	0.202	ALL	Passerine__order
obl<xcomp<nsubj:pass> ...	4.0	0.266	ALL	Passerine__order
compound<obl<cop> be	4.0	0.272	ALL	Passerine__order
appos<obl>det> ...	4.0	0.47	ALL	Passerine__order
appos<advmod> ...	4.0	0.363	ALL	Passerine__order
appos<nsubj:pass< ...	4.0	0.292	ALL	Passerine__order
obl<det> the	4.0	0.372	ALL	Passerine__order
compound<obj<xcomp< ...	4.0	0.413	ALL	Passerine__order
conj<compound<nmod:poss> kubaryi	4.0	0.34	ALL	Passerine__order
nmod:poss<nmod<amod> ...	4.0	0.38	ALL	Passerine__order
nsubj>conj>advmod> simply	4.0	0.375	ALL	Passerine__order
appos<nsubj<det> a	4.0	0.181	ALL	Passerine__order
conj<conj>flat> Eurasian	4.0	0.643	ALL	Passerine__order
nsubj>conj>cc> or	4.0	0.397	ALL	Passerine__order
obj<conj<obj> ...	4.0	0.463	ALL	Passerine__order
nsubj:pass<obl>case> from	4.0	0.68	ALL	Passerine__order
obj<ccomp> ...	4.0	0.284	ALL	Passerine__order
compound<acl:relcl> ...	4.0	0.334	ALL	Passerine__order
appos<nummod> ...	4.0	0.284	ALL	Passerine__order
conj<compound<cc> Corvus	4.0	0.246	ALL	Passerine__order
acl:relcl>obl> Europe	4.0	0.262	ALL	Passerine__order
conj<compound<appos> corone	4.0	0.521	ALL	Passerine__order
nsubj<advmod> highly	4.0	0.643	ALL	Passerine__order
nsubj<nmod>compound> finch	4.0	0.438	ALL	Passerine__order
nmod:poss<compound> ...	4.0	0.221	ALL	Passerine__order
list<appos> Corvus	4.0	0.425	ALL	Passerine__order
obj<cc> and	4.0	0.42	ALL	Passerine__order
compound<appos<cop> ...	4.0	0.253	ALL	Passerine__order
compound<compound< crow	4.0	0.152	ALL	Passerine__order
obj<parataxis> ...	4.0	0.28	ALL	Passerine__order
obl<nsubj:pass>compound> type	4.0	0.455	ALL	Passerine__order
nmod<case> than	4.0	0.449	ALL	Passerine__order
nsubj>nmod>compound> ...	4.0	0.555	ALL	Passerine__order
conj>advcl> ...	4.0	0.248	ALL	Passerine__order
conj<obl<cop> be	4.0	0.425	ALL	Passerine__order
nmod<obl<mark> ...	4.0	0.288	ALL	Passerine__order
obj<obl>nummod> ...	4.0	0.341	ALL	Passerine__order
nsubj:pass<conj>amod> ...	4.0	0.302	ALL	Passerine__order
conj<conj>compound> Corvus	4.0	0.528	ALL	Passerine__order
obl>det> a	4.0	0.29	ALL	Passerine__order
case>fixed> to	4.0	0.526	ALL	Passerine__order
nmod:poss> its	4.0	0.366	ALL	Passerine__order
conj<compound<amod> jungle	4.0	0.556	ALL	Passerine__order
conj<parataxis<conj> magpie	4.0	0.22	ALL	Passerine__order
nsubj< be	4.0	0.932	ALL	Passerine__order
nsubj<acl>obj> ...	4.0	0.255	ALL	Passerine__order
parataxis<cop> be	4.0	0.377	ALL	Passerine__order
nsubj<acl:relcl> breed	4.0	0.503	ALL	Passerine__order
nmod<advcl>obj> ...	4.0	0.229	ALL	Passerine__order
nmod<advcl> ...	4.0	0.208	ALL	Passerine__order
conj>nummod> ...	4.0	0.387	ALL	Passerine__order
nmod<appos>flat> ...	4.0	0.292	ALL	Passerine__order
acl>obl>case> by	4.0	0.283	ALL	Passerine__order
obj<acl:relcl<case> ...	4.0	0.188	ALL	Passerine__order
conj<case> for	4.0	0.45	ALL	Passerine__order
obj<conj<obj< ree	4.0	0.432	ALL	Passerine__order
nsubj<conj>case> ...	4.0	0.453	ALL	Passerine__order
compound<compound<det> ...	4.0	0.415	ALL	Passerine__order
nmod<nsubj<advcl< ...	4.0	0.465	ALL	Passerine__order
compound<appos<cop> be	4.0	0.253	ALL	Passerine__order
obj<xcomp> ...	4.0	0.326	ALL	Passerine__order
amod< bird	4.0	0.356	ALL	Passerine__order
obl<nsubj> bird	4.0	0.561	ALL	Passerine__order
conj<advcl>nsubj> ...	4.0	0.359	ALL	Passerine__order
obj<conj< warbler	4.0	0.35	ALL	Passerine__order
nsubj<conj>appos> ...	4.0	0.302	ALL	Passerine__order
conj<obl<aux> have	4.0	0.388	ALL	Passerine__order
obl<xcomp<cc> ...	4.0	0.248	ALL	Passerine__order
nmod<acl:relcl>obl> ...	4.0	0.186	ALL	Passerine__order
conj<obl>det> the	4.0	0.352	ALL	Passerine__order
obl<compound:prt> ...	4.0	0.305	ALL	Passerine__order
amod>amod> ...	4.0	0.382	ALL	Passerine__order
compound< pattern	4.0	0.283	ALL	Passerine__order
obl<conj<advmod> ...	4.0	0.371	ALL	Passerine__order
nsubj:pass<xcomp>det> ...	4.0	0.384	ALL	Passerine__order
nsubj:pass<xcomp>nmod> ...	4.0	0.402	ALL	Passerine__order
appos<cc> and	4.0	0.621	ALL	Passerine__order
conj<obl<cop> ...	4.0	0.425	ALL	Passerine__order
conj<conj>flat> unicolor	4.0	0.671	ALL	Passerine__order
nmod>case> on	4.0	0.867	ALL	Passerine__order
conj<nsubj:pass<aux:pass> ...	4.0	0.3	ALL	Passerine__order
nsubj<conj>aux> will	4.0	0.603	ALL	Passerine__order
compound>appos>nummod> ...	4.0	0.121	ALL	Passerine__order
nsubj<ccomp>aux> ...	4.0	0.219	ALL	Passerine__order
flat<appos> ...	4.0	0.319	ALL	Passerine__order
nmod<obl<amod< ...	4.0	0.322	ALL	Passerine__order
nsubj<conj> have	4.0	0.356	ALL	Passerine__order
nmod<conj<obl< ...	4.0	0.251	ALL	Passerine__order
conj<obl>amod> ...	4.0	0.25	ALL	Passerine__order
conj<obj<mark> to	4.0	0.44	ALL	Passerine__order
nsubj<advcl>mark> although	4.0	0.543	ALL	Passerine__order
nsubj<conj> bird	4.0	0.344	ALL	Passerine__order
nsubj:pass<obl>case> with	4.0	0.678	ALL	Passerine__order
appos>conj>amod> ...	4.0	0.399	ALL	Passerine__order
appos>nmod:poss>case> ...	4.0	0.237	ALL	Passerine__order
conj<acl>obl> ...	4.0	0.249	ALL	Passerine__order
nmod>nmod:poss> ...	4.0	0.388	ALL	Passerine__order
obl< make	4.0	0.531	ALL	Passerine__order
conj<conj>nmod:poss> ...	4.0	0.389	ALL	Passerine__order
conj<conj>conj> splenden	4.0	0.449	ALL	Passerine__order
compound<conj> photo	4.0	0.476	ALL	Passerine__order
parataxis>obl>case> ...	4.0	0.258	ALL	Passerine__order
nsubj:pass<conj>case> ...	4.0	0.337	ALL	Passerine__order
nsubj<obl>nmod:poss> its	4.0	0.399	ALL	Passerine__order
nmod:poss<nsubj:pass<advmod> ...	4.0	0.349	ALL	Passerine__order
parataxis>obl> ...	4.0	0.235	ALL	Passerine__order
appos<nsubj<compound> ...	4.0	0.289	ALL	Passerine__order
appos<nsubj<appos> ...	4.0	0.347	ALL	Passerine__order
obl<acl<obl< ...	4.0	0.555	ALL	Passerine__order
nsubj<nmod>acl:relcl> ...	4.0	0.356	ALL	Passerine__order
parataxis<cop> ...	4.0	0.377	ALL	Passerine__order
compound<nsubj:pass<obl> ...	4.0	0.203	ALL	Passerine__order
conj<nmod<obj< include	4.0	0.64	ALL	Passerine__order
nsubj:pass<advcl>amod> ...	4.0	0.338	ALL	Passerine__order
appos> bird	4.0	0.593	ALL	Passerine__order
nmod<appos<case> ...	4.0	0.46	ALL	Passerine__order
amod<case> of	4.0	0.573	ALL	Passerine__order
compound<case> on	4.0	0.28	ALL	Passerine__order
conj< jackdaw	4.0	0.4	ALL	Passerine__order
obl<conj>compound> ...	4.0	0.279	ALL	Passerine__order
compound<obl<cop> ...	4.0	0.272	ALL	Passerine__order
appos<conj>case> ...	4.0	0.212	ALL	Passerine__order
compound>compound> Corvus	4.0	0.341	ALL	Passerine__order
compound<conj> sound	4.0	0.271	ALL	Passerine__order
conj<obl>nmod> ...	4.0	0.252	ALL	Passerine__order
obl<acl<flat> ...	4.0	0.418	ALL	Passerine__order
nmod<nmod:poss>case> ...	4.0	0.252	ALL	Passerine__order
obl<acl<conj< ...	4.0	0.279	ALL	Passerine__order
parataxis>nmod>case> ...	4.0	0.302	ALL	Passerine__order
conj<compound<compound< orientalis	4.0	0.286	ALL	Passerine__order
nmod>compound>compound> ...	4.0	0.183	ALL	Passerine__order
amod< behaviour	4.0	0.238	ALL	Passerine__order
aux> ...	4.0	0.455	ALL	Passerine__order
flat<list> ...	4.0	0.21	ALL	Passerine__order
conj<conj>amod> Hood	4.0	0.581	ALL	Passerine__order
nsubj<parataxis>obj> ...	4.0	0.357	ALL	Passerine__order
nmod<obl<cc> ...	4.0	0.294	ALL	Passerine__order
obl<xcomp> ...	4.0	0.332	ALL	Passerine__order
acl:relcl>obl>case> to	4.0	0.487	ALL	Passerine__order
appos<nmod<det> the	4.0	0.398	ALL	Passerine__order
conj<nsubj:pass<aux:pass> be	4.0	0.3	ALL	Passerine__order
conj<nsubj<amod> small	4.0	0.398	ALL	Passerine__order
compound< coeleb	4.0	0.327	ALL	Passerine__order
compound< video	4.0	0.426	ALL	Passerine__order
nsubj<advcl<cop> ...	4.0	0.379	ALL	Passerine__order
compound>conj> crow	4.0	0.307	ALL	Passerine__order
conj<nsubj<compound> passerine	4.0	0.259	ALL	Passerine__order
obl<conj>det> ...	4.0	0.531	ALL	Passerine__order
nsubj:pass<obl> naturalist	4.0	0.707	ALL	Passerine__order
obl<advcl<mark> ...	4.0	0.434	ALL	Passerine__order
obl<conj>aux:pass> be	4.0	0.42	ALL	Passerine__order
det> these	4.0	0.663	ALL	Passerine__order
obj<xcomp<mark> ...	4.0	0.236	ALL	Passerine__order
appos<obj<obl> ...	4.0	0.375	ALL	Passerine__order
parataxis>nmod> ...	4.0	0.323	ALL	Passerine__order
obl<advmod>advmod> ...	4.0	0.344	ALL	Passerine__order
obj<obl>nmod:poss> ...	4.0	0.428	ALL	Passerine__order
flat<conj<conj> Corvus	4.0	0.443	ALL	Passerine__order
nmod<conj>amod> Eurasian	4.0	0.465	ALL	Passerine__order
obj<advcl>conj> ...	4.0	0.284	ALL	Passerine__order
appos<conj>amod> true	3.0	0.462	ALL	Passerine__order
appos<appos> oenanthey	3.0	0.581	ALL	Passerine__order
nmod> America	3.0	0.483	ALL	Passerine__order
nsubj:pass< distribute	3.0	0.439	ALL	Passerine__order
flat<compound>appos> crow	3.0	0.393	ALL	Passerine__order
appos<appos>det> Oenanto	3.0	0.342	ALL	Passerine__order
conj<advcl<aux:pass> be	3.0	0.263	ALL	Passerine__order
appos<conj>amod> northern	3.0	0.393	ALL	Passerine__order
compound<compound< species	3.0	0.234	ALL	Passerine__order
appos<conj>appos> Passeridae	3.0	0.617	ALL	Passerine__order
appos<conj>compound> World	3.0	0.352	ALL	Passerine__order
flat<compound>appos> Corvus	3.0	0.37	ALL	Passerine__order
appos<conj> kinglet	3.0	0.779	ALL	Passerine__order
conj<appos< behaviour	3.0	0.322	ALL	Passerine__order
conj<appos<conj> ecology	3.0	0.396	ALL	Passerine__order
appos<conj> chough	3.0	0.773	ALL	Passerine__order
appos<conj>advmod> always	3.0	0.421	ALL	Passerine__order
nsubj<obl> which	3.0	0.432	ALL	Passerine__order
compound<nmod<cc> and	3.0	0.305	ALL	Passerine__order
appos<conj> yearling	3.0	0.635	ALL	Passerine__order
nsubj>flat> ...	3.0	0.304	ALL	Passerine__order
appos<conj>amod> inexperienc	3.0	0.441	ALL	Passerine__order
appos<conj>det> —and	3.0	0.447	ALL	Passerine__order
appos<conj>appos> Emberiza	3.0	0.727	ALL	Passerine__order
appos<conj> bunting	3.0	0.749	ALL	Passerine__order
obl<acl<case> of	3.0	0.442	ALL	Passerine__order
appos<conj>appos> Regulidae	3.0	0.638	ALL	Passerine__order
flat<compound>conj> Corvus	3.0	0.257	ALL	Passerine__order
nmod:poss< song	3.0	0.29	ALL	Passerine__order
nmod>compound> North	3.0	0.428	ALL	Passerine__order
appos<conj>det> a	3.0	0.365	ALL	Passerine__order
appos<conj> favorite	3.0	0.802	ALL	Passerine__order
compound>conj>cc> and	3.0	0.548	ALL	Passerine__order
appos<appos> Turdus	3.0	0.574	ALL	Passerine__order
compound<appos< flycatcher	3.0	0.524	ALL	Passerine__order
nsubj<obj>amod> extensive	3.0	0.422	ALL	Passerine__order
nmod<nmod:poss> they	3.0	0.379	ALL	Passerine__order
nsubj<obj>acl> estimate	3.0	0.155	ALL	Passerine__order
nmod<conj> bird	3.0	0.631	ALL	Passerine__order
compound<obj<xcomp< appear	3.0	0.432	ALL	Passerine__order
nmod> country	3.0	0.383	ALL	Passerine__order
obj<conj>amod> small	3.0	0.506	ALL	Passerine__order
mark> as	3.0	0.387	ALL	Passerine__order
obl<conj>cc> but	3.0	0.622	ALL	Passerine__order
nmod<obl<nsubj> that	3.0	0.458	ALL	Passerine__order
nmod<obl<cc> but	3.0	0.295	ALL	Passerine__order
nmod<obl<aux> have	3.0	0.318	ALL	Passerine__order
flat< Genus	3.0	0.211	ALL	Passerine__order
nmod<nsubj:pass<aux> have	3.0	0.309	ALL	Passerine__order
obl<advcl>mark> to	3.0	0.601	ALL	Passerine__order
nsubj:pass<cc> and	3.0	0.493	ALL	Passerine__order
conj<conj>advmod> also	3.0	0.711	ALL	Passerine__order
advmod> particularly	3.0	0.392	ALL	Passerine__order
list<list<conj> Corvus	3.0	0.748	ALL	Passerine__order
obl<obl> 1840	3.0	0.377	ALL	Passerine__order
conj<conj>cc> as	3.0	0.456	ALL	Passerine__order
nmod<amod> various	3.0	0.45	ALL	Passerine__order
acl>obl>case> on	3.0	0.342	ALL	Passerine__order
conj<amod> Eurasian	3.0	0.822	ALL	Passerine__order
conj<nmod<amod> classic	3.0	0.241	ALL	Passerine__order
nmod<acl:relcl>nsubj> that	3.0	0.278	ALL	Passerine__order
compound<compound<det> the	3.0	0.407	ALL	Passerine__order
nsubj<amod> Latin	3.0	0.252	ALL	Passerine__order
list<list<appos> Corvus	3.0	0.301	ALL	Passerine__order
obl:npmod<amod< gull	3.0	0.478	ALL	Passerine__order
nmod<conj< know	3.0	0.459	ALL	Passerine__order
list<list<appos> crow	3.0	0.332	ALL	Passerine__order
nmod<nmod< bird	3.0	0.707	ALL	Passerine__order
nsubj> warbler	3.0	0.295	ALL	Passerine__order
amod>advmod> very	3.0	0.434	ALL	Passerine__order
cc> Corvus	3.0	0.362	ALL	Passerine__order
appos<acl:relcl>nsubj> it	3.0	0.384	ALL	Passerine__order
appos<advcl<aux> will	3.0	0.666	ALL	Passerine__order
appos<advcl<aux:pass> be	3.0	0.55	ALL	Passerine__order
appos<advcl< take	3.0	0.339	ALL	Passerine__order
appos<advcl<obl> preference	3.0	0.605	ALL	Passerine__order
appos<mark> for	3.0	0.327	ALL	Passerine__order
appos<nsubj> whatever	3.0	0.4	ALL	Passerine__order
appos<amod> abundant	3.0	0.613	ALL	Passerine__order
appos< —be	3.0	0.377	ALL	Passerine__order
appos<acl:relcl> lark	3.0	0.239	ALL	Passerine__order
obl<nsubj:pass>det> a	3.0	0.742	ALL	Passerine__order
appos< species	3.0	0.468	ALL	Passerine__order
appos<conj> pipit	3.0	0.638	ALL	Passerine__order
appos<conj>appos> Anthus	3.0	0.637	ALL	Passerine__order
appos<conj>compound> house	3.0	0.437	ALL	Passerine__order
nmod>flat> Gray	3.0	0.487	ALL	Passerine__order
appos<conj>amod> other	3.0	0.456	ALL	Passerine__order
nsubj<obj>conj> population	3.0	0.742	ALL	Passerine__order
appos<advcl<nsubj:pass> species	3.0	0.385	ALL	Passerine__order
appos<advcl<advmod> almost	3.0	0.303	ALL	Passerine__order
obl<obj> call	3.0	0.413	ALL	Passerine__order
nmod:poss<nsubj:pass<aux:pass> be	3.0	0.385	ALL	Passerine__order
nmod>conj>cc> or	3.0	0.431	ALL	Passerine__order
nsubj<conj<aux:pass> be	3.0	0.331	ALL	Passerine__order
nmod<obj< show	3.0	0.602	ALL	Passerine__order
obj< kill	3.0	0.345	ALL	Passerine__order
obj<aux> be	3.0	0.485	ALL	Passerine__order
conj<obj<nsubj> that	3.0	0.414	ALL	Passerine__order
conj<nmod>det> a	3.0	0.177	ALL	Passerine__order
compound<appos< sparrow	3.0	0.541	ALL	Passerine__order
compound<appos<conj> sparrow	3.0	0.419	ALL	Passerine__order
nmod<nmod<case> in	3.0	0.292	ALL	Passerine__order
nmod<nsubj< have	3.0	0.49	ALL	Passerine__order
nmod> George	3.0	0.629	ALL	Passerine__order
nmod<nsubj<mark> as	3.0	0.293	ALL	Passerine__order
conj<advcl>mark> although	3.0	0.343	ALL	Passerine__order
conj<obl> Australia	3.0	0.429	ALL	Passerine__order
amod>obl:npmod> white	3.0	0.372	ALL	Passerine__order
advmod> especially	3.0	0.394	ALL	Passerine__order
list<appos> crow	3.0	0.391	ALL	Passerine__order
nmod<amod>conj> ...	3.0	0.36	ALL	Passerine__order
nsubj<conj>advmod> so	3.0	0.63	ALL	Passerine__order
conj<case> like	3.0	0.384	ALL	Passerine__order
compound<conj<conj> crow	3.0	0.513	ALL	Passerine__order
nsubj> chaffinch	3.0	0.187	ALL	Passerine__order
conj<advmod> particularly	3.0	0.518	ALL	Passerine__order
nsubj<amod> little	3.0	0.336	ALL	Passerine__order
nsubj<nmod>case> to	3.0	0.35	ALL	Passerine__order
appos>nmod>det> the	3.0	0.187	ALL	Passerine__order
nsubj<obl> bird	3.0	0.47	ALL	Passerine__order
compound<nmod<amod> small	3.0	0.476	ALL	Passerine__order
nmod>case> for	3.0	0.757	ALL	Passerine__order
det:predet> all	3.0	0.221	ALL	Passerine__order
parataxis<conj>amod> ree	3.0	0.377	ALL	Passerine__order
parataxis<conj> warbler	3.0	0.435	ALL	Passerine__order
nsubj:pass< associate	3.0	0.435	ALL	Passerine__order
nmod<conj<det> the	3.0	0.58	ALL	Passerine__order
list<conj> Corvus	3.0	0.508	ALL	Passerine__order
nsubj<amod> only	3.0	0.338	ALL	Passerine__order
conj<conj>acl> Speckle	3.0	0.54	ALL	Passerine__order
conj>obj>conj> ree	3.0	0.391	ALL	Passerine__order
appos>nmod>case> with	3.0	0.234	ALL	Passerine__order
appos>nmod> human	3.0	0.351	ALL	Passerine__order
acl:relcl>obl>amod> northern	3.0	0.279	ALL	Passerine__order
obl<advmod> very	3.0	0.377	ALL	Passerine__order
nsubj<case> in	3.0	0.4	ALL	Passerine__order
nsubj<conj>advmod> also	3.0	0.578	ALL	Passerine__order
conj>compound> song	3.0	0.256	ALL	Passerine__order
nsubj<mark> although	3.0	0.424	ALL	Passerine__order
nmod<nmod:poss>case> 's	3.0	0.278	ALL	Passerine__order
appos< Rook	3.0	0.412	ALL	Passerine__order
nsubj<acl:relcl< european	3.0	0.659	ALL	Passerine__order
nmod<amod> many	3.0	0.444	ALL	Passerine__order
conj<advmod> e.g.	3.0	0.535	ALL	Passerine__order
conj<parataxis<conj> warbler	3.0	0.343	ALL	Passerine__order
conj>amod>conj> warbler	3.0	0.408	ALL	Passerine__order
nsubj<advmod> generally	3.0	0.662	ALL	Passerine__order
nmod<nmod>case> by	3.0	0.296	ALL	Passerine__order
obj<advcl<aux> have	3.0	0.511	ALL	Passerine__order
conj<nmod<compound> bird	3.0	0.462	ALL	Passerine__order
conj<obl>det> a	3.0	0.356	ALL	Passerine__order
compound<obl<aux> have	3.0	0.404	ALL	Passerine__order
conj<conj>compound> meadow	3.0	0.414	ALL	Passerine__order
obl<advmod> usually	3.0	0.441	ALL	Passerine__order
obl<advmod> mainly	3.0	0.289	ALL	Passerine__order
nmod<acl> know	3.0	0.579	ALL	Passerine__order
nsubj<obl>case> unlike	3.0	0.777	ALL	Passerine__order
compound<amod> many	3.0	0.343	ALL	Passerine__order
parataxis>obl>det> ...	3.0	0.418	ALL	Passerine__order
compound<conj<case> in	3.0	0.248	ALL	Passerine__order
nmod> Africa	3.0	0.462	ALL	Passerine__order
compound< group	3.0	0.494	ALL	Passerine__order
nmod>nmod> Africa	3.0	0.434	ALL	Passerine__order
compound<conj< crow	3.0	0.585	ALL	Passerine__order
appos< sparrow	3.0	0.397	ALL	Passerine__order
conj<conj>obl:npmod> schoenobaenus	3.0	0.451	ALL	Passerine__order
nsubj<aux> be	3.0	0.514	ALL	Passerine__order
flat<conj> crow	3.0	0.52	ALL	Passerine__order
xcomp<aux:pass> be	3.0	0.489	ALL	Passerine__order
obl<advmod> well	3.0	0.381	ALL	Passerine__order
conj>obl>det> the	3.0	0.291	ALL	Passerine__order
conj<conj>compound> mountain	3.0	0.48	ALL	Passerine__order
nmod>compound> type	3.0	0.482	ALL	Passerine__order
conj>appos>amod> ree	3.0	0.565	ALL	Passerine__order
obj<conj<conj> warbler	3.0	0.471	ALL	Passerine__order
flat<compound<conj> warbler	3.0	0.261	ALL	Passerine__order
nsubj<ccomp< find	3.0	0.524	ALL	Passerine__order
obl:npmod<conj>amod> ree	3.0	0.472	ALL	Passerine__order
obl:npmod<conj> warbler	3.0	0.418	ALL	Passerine__order
amod<parataxis<conj> warbler	3.0	0.432	ALL	Passerine__order
amod<conj<conj> ree	3.0	0.289	ALL	Passerine__order
conj>det> a	3.0	0.46	ALL	Passerine__order
conj<xcomp< believe	3.0	0.521	ALL	Passerine__order
nsubj<conj>amod> ree	3.0	0.477	ALL	Passerine__order
nsubj<conj>obj> warbler	3.0	0.56	ALL	Passerine__order
conj<mark> to	3.0	0.361	ALL	Passerine__order
amod<conj>cc> and	3.0	0.5	ALL	Passerine__order
conj<nmod>acl> liberate	3.0	0.401	ALL	Passerine__order
conj<nmod>case> along	3.0	0.571	ALL	Passerine__order
conj<nmod>compound> european	3.0	0.448	ALL	Passerine__order
conj<nmod> goldfinch	3.0	0.366	ALL	Passerine__order
amod<cc> and	3.0	0.355	ALL	Passerine__order
conj<advcl>nsubj> sighting	3.0	0.265	ALL	Passerine__order
amod<nmod>det> the	3.0	0.433	ALL	Passerine__order
amod< structure	3.0	0.211	ALL	Passerine__order
obj<advcl>mark> to	3.0	0.274	ALL	Passerine__order
nmod> crow	3.0	0.768	ALL	Passerine__order
conj<advcl> pre-date	3.0	0.427	ALL	Passerine__order
compound<obj<aux> have	3.0	0.367	ALL	Passerine__order
conj<advcl>obj> date	3.0	0.577	ALL	Passerine__order
conj<nsubj<obj> warbler	3.0	0.268	ALL	Passerine__order
conj<xcomp<advcl< present	3.0	0.272	ALL	Passerine__order
obj<mark> of	3.0	0.472	ALL	Passerine__order
conj<case> along	3.0	0.592	ALL	Passerine__order
conj<nsubj<mark> that	3.0	0.632	ALL	Passerine__order
conj>conj>cc> ...	3.0	0.25	ALL	Passerine__order
amod<case> with	3.0	0.642	ALL	Passerine__order
amod<nmod>case> in	3.0	0.323	ALL	Passerine__order
conj<conj>nmod> paradise	3.0	0.229	ALL	Passerine__order
obj<obl>case> to	3.0	0.279	ALL	Passerine__order
conj<nsubj<amod> common	3.0	0.499	ALL	Passerine__order
list<list>compound> Papilio	3.0	0.289	ALL	Passerine__order
obj>conj>conj> ...	3.0	0.429	ALL	Passerine__order
list<list>amod> common	3.0	0.266	ALL	Passerine__order
nsubj<advcl>mark> while	3.0	0.633	ALL	Passerine__order
amod< hierarchy	3.0	0.4	ALL	Passerine__order
conj<nsubj<cc> and	3.0	0.567	ALL	Passerine__order
conj<nsubj<amod> widespread	3.0	0.486	ALL	Passerine__order
nsubj<mark> when	3.0	0.4	ALL	Passerine__order
amod<nmod<det> the	3.0	0.365	ALL	Passerine__order
nsubj<parataxis<conj> warbler	3.0	0.27	ALL	Passerine__order
nsubj> chiffchaff	3.0	0.199	ALL	Passerine__order
conj<obj< browed	3.0	0.39	ALL	Passerine__order
obl<obl>case> with	3.0	0.373	ALL	Passerine__order
nsubj<conj> Asia	3.0	0.526	ALL	Passerine__order
nsubj<nsubj>det> the	3.0	0.22	ALL	Passerine__order
obl<conj<det> the	3.0	0.257	ALL	Passerine__order
compound<nmod>det> a	3.0	0.406	ALL	Passerine__order
nsubj<nmod> wingspan	3.0	0.427	ALL	Passerine__order
obj< mean	3.0	0.395	ALL	Passerine__order
nsubj<obj> nest	3.0	0.23	ALL	Passerine__order
nsubj<nmod> genus	3.0	0.377	ALL	Passerine__order
nsubj<acl> breed	3.0	0.458	ALL	Passerine__order
conj<obj<nsubj> Black	3.0	0.362	ALL	Passerine__order
amod<conj< warbler	3.0	0.331	ALL	Passerine__order
amod<conj<obl:npmod> warbler	3.0	0.601	ALL	Passerine__order
amod<conj<nsubj> Acrocephalus	3.0	0.423	ALL	Passerine__order
amod<conj< bistrigicep	3.0	0.377	ALL	Passerine__order
amod<conj<compound> Paddyfield	3.0	0.305	ALL	Passerine__order
amod<conj<parataxis> warbler	3.0	0.514	ALL	Passerine__order
nsubj<obj>det> some	3.0	0.514	ALL	Passerine__order
nsubj>amod> Eurasian	3.0	0.349	ALL	Passerine__order
conj<amod> european	3.0	0.803	ALL	Passerine__order
appos>compound> Phylloscopus	3.0	0.56	ALL	Passerine__order
nsubj<compound> leaf	3.0	0.379	ALL	Passerine__order
obl>compound> breeding	3.0	0.364	ALL	Passerine__order
obl<compound:prt> up	3.0	0.402	ALL	Passerine__order
nsubj<acl:relcl>obl> Europe	3.0	0.316	ALL	Passerine__order
conj<conj>conj> orientalis	3.0	0.42	ALL	Passerine__order
appos>compound> Carduelis	3.0	0.603	ALL	Passerine__order
obl>det> the	3.0	0.354	ALL	Passerine__order
nsubj<advmod> very	3.0	0.667	ALL	Passerine__order
nsubj<obj> call	3.0	0.296	ALL	Passerine__order
parataxis<conj>cc> and	3.0	0.348	ALL	Passerine__order
nmod:poss< call	3.0	0.184	ALL	Passerine__order
nmod> bird	3.0	0.659	ALL	Passerine__order
acl:relcl>conj>cc> and	3.0	0.373	ALL	Passerine__order
nsubj<advmod> mostly	3.0	0.625	ALL	Passerine__order
compound<nmod<nmod:poss> he	3.0	0.486	ALL	Passerine__order
obl<nsubj> that	3.0	0.649	ALL	Passerine__order
conj<advcl<aux:pass> ...	3.0	0.263	ALL	Passerine__order
nsubj<advcl>conj> ...	3.0	0.379	ALL	Passerine__order
flat<list>amod> ...	3.0	0.369	ALL	Passerine__order
obl<xcomp<obl> ...	3.0	0.404	ALL	Passerine__order
appos>det> a	3.0	0.327	ALL	Passerine__order
obl<advcl<aux> ...	3.0	0.289	ALL	Passerine__order
appos<case> in	3.0	0.457	ALL	Passerine__order
flat<conj<compound< ...	3.0	0.357	ALL	Passerine__order
compound<advmod> ...	3.0	0.608	ALL	Passerine__order
appos<acl>advmod> ...	3.0	0.341	ALL	Passerine__order
flat<flat> Gould	3.0	0.541	ALL	Passerine__order
conj<nmod<obj< kill	3.0	0.744	ALL	Passerine__order
nmod<det> any	3.0	0.574	ALL	Passerine__order
conj<nmod<amod> large	3.0	0.436	ALL	Passerine__order
conj<nmod< number	3.0	0.349	ALL	Passerine__order
nmod<nmod<obj< have	3.0	0.32	ALL	Passerine__order
conj<nmod<nsubj:pass< ...	3.0	0.403	ALL	Passerine__order
obl<conj>appos> ...	3.0	0.546	ALL	Passerine__order
nsubj:pass<xcomp>advmod> ...	3.0	0.445	ALL	Passerine__order
appos<nsubj<amod> ...	3.0	0.278	ALL	Passerine__order
nsubj<appos>nmod> ...	3.0	0.264	ALL	Passerine__order
nummod>advmod> ...	3.0	0.124	ALL	Passerine__order
compound<nmod>flat> ...	3.0	0.34	ALL	Passerine__order
appos<nsubj<xcomp> ...	3.0	0.499	ALL	Passerine__order
obl<nmod>det> ...	3.0	0.554	ALL	Passerine__order
parataxis<obl> ...	3.0	0.331	ALL	Passerine__order
nsubj:pass<obl> 1758	3.0	0.675	ALL	Passerine__order
obl<ccomp<obl> ...	3.0	0.277	ALL	Passerine__order
obl<xcomp>obl> ...	3.0	0.325	ALL	Passerine__order
nsubj<advcl>aux:pass> ...	3.0	0.382	ALL	Passerine__order
nsubj<advcl>nsubj:pass> ...	3.0	0.503	ALL	Passerine__order
compound<obj<advmod> ...	3.0	0.513	ALL	Passerine__order
compound<parataxis< ...	3.0	0.418	ALL	Passerine__order
conj<det:predet> ...	3.0	0.457	ALL	Passerine__order
nsubj:pass<parataxis<obj> ...	3.0	0.216	ALL	Passerine__order
nsubj:pass<parataxis<advmod> ...	3.0	0.218	ALL	Passerine__order
nsubj:pass<parataxis<obl> ...	3.0	0.29	ALL	Passerine__order
appos<obl<conj> ...	3.0	0.65	ALL	Passerine__order
obl<conj>conj> ...	3.0	0.528	ALL	Passerine__order
nsubj<nsubj>compound> ...	3.0	0.19	ALL	Passerine__order
nsubj<nsubj>det> ...	3.0	0.22	ALL	Passerine__order
obl<xcomp<conj< ...	3.0	0.186	ALL	Passerine__order
appos<case> by	3.0	0.408	ALL	Passerine__order
nsubj<conj>nsubj:pass> ...	3.0	0.393	ALL	Passerine__order
compound<appos<amod> Eurasian	3.0	0.267	ALL	Passerine__order
nsubj<obl> winter	3.0	0.434	ALL	Passerine__order
parataxis<advcl> ...	3.0	0.332	ALL	Passerine__order
acl>obl>appos> ...	3.0	0.3	ALL	Passerine__order
obl<parataxis<obl> ...	3.0	0.269	ALL	Passerine__order
nmod:poss<nsubj<amod> ...	3.0	0.395	ALL	Passerine__order
parataxis<obl>case> ...	3.0	0.635	ALL	Passerine__order
compound<appos<nsubj> ...	3.0	0.517	ALL	Passerine__order
conj<nsubj<acl:relcl> ...	3.0	0.367	ALL	Passerine__order
compound<list< ...	3.0	0.495	ALL	Passerine__order
obl<nsubj> raven	3.0	0.425	ALL	Passerine__order
nsubj<parataxis<advmod> ...	3.0	0.278	ALL	Passerine__order
amod<conj<parataxis> ...	3.0	0.514	ALL	Passerine__order
conj<xcomp<advcl< ...	3.0	0.272	ALL	Passerine__order
nsubj:pass<conj>nmod> ...	3.0	0.191	ALL	Passerine__order
obl<acl<cc> ...	3.0	0.393	ALL	Passerine__order
obl<advcl<obl> ...	3.0	0.204	ALL	Passerine__order
obl<advcl<compound> ...	3.0	0.374	ALL	Passerine__order
compound<compound>flat> ...	3.0	0.255	ALL	Passerine__order
amod<conj<obl:npmod> ...	3.0	0.601	ALL	Passerine__order
compound<nmod< species	3.0	0.27	ALL	Passerine__order
conj<nmod>acl> ...	3.0	0.401	ALL	Passerine__order
appos<csubj>obl> ...	3.0	0.515	ALL	Passerine__order
nsubj:pass<ccomp> ...	3.0	0.399	ALL	Passerine__order
obl<conj<det> ...	3.0	0.257	ALL	Passerine__order
amod<conj<amod> ...	3.0	0.408	ALL	Passerine__order
list<conj>cc> ...	3.0	0.394	ALL	Passerine__order
conj<obj<conj> ree	3.0	0.344	ALL	Passerine__order
nsubj<obl>amod> open	3.0	0.331	ALL	Passerine__order
nmod<amod>advmod> most	3.0	0.577	ALL	Passerine__order
nmod<nmod> bird	3.0	0.579	ALL	Passerine__order
compound<conj>flat> ...	3.0	0.482	ALL	Passerine__order
compound>appos>compound> ...	3.0	0.374	ALL	Passerine__order
flat<flat>compound> ...	3.0	0.406	ALL	Passerine__order
nmod<nummod> passerine	3.0	0.383	ALL	Passerine__order
obl<aux> will	3.0	0.352	ALL	Passerine__order
obj<parataxis<advmod> ...	3.0	0.477	ALL	Passerine__order
conj>flat>case> ...	3.0	0.365	ALL	Passerine__order
conj>flat>compound> ...	3.0	0.283	ALL	Passerine__order
nsubj:pass< take	3.0	0.45	ALL	Passerine__order
nmod<nsubj<cc> ...	3.0	0.464	ALL	Passerine__order
appos<conj<nmod> ...	3.0	0.274	ALL	Passerine__order
nmod<appos<nmod< ...	3.0	0.377	ALL	Passerine__order
appos<conj<case> ...	3.0	0.164	ALL	Passerine__order
conj<obl<det> ...	3.0	0.248	ALL	Passerine__order
appos<obj<advcl> ...	3.0	0.372	ALL	Passerine__order
compound<appos> Pliocene	3.0	0.464	ALL	Passerine__order
nsubj<conj<aux:pass> ...	3.0	0.331	ALL	Passerine__order
nmod<nmod<obj> ...	3.0	0.312	ALL	Passerine__order
obj<parataxis<nsubj> ...	3.0	0.404	ALL	Passerine__order
nsubj:pass<ccomp>advmod> ...	3.0	0.327	ALL	Passerine__order
nsubj<acl:relcl>nsubj> which	3.0	0.347	ALL	Passerine__order
conj<conj<conj> ...	3.0	0.344	ALL	Passerine__order
compound<list>amod> ...	3.0	0.283	ALL	Passerine__order
compound<list> ...	3.0	0.508	ALL	Passerine__order
conj<nsubj:pass<mark> ...	3.0	0.442	ALL	Passerine__order
conj<nsubj:pass<aux> ...	3.0	0.149	ALL	Passerine__order
obl<conj>obj> ...	3.0	0.311	ALL	Passerine__order
nmod<appos>compound> ...	3.0	0.238	ALL	Passerine__order
conj<obl<det> a	3.0	0.248	ALL	Passerine__order
obl>amod> ...	3.0	0.364	ALL	Passerine__order
amod<amod>advmod> ...	3.0	0.327	ALL	Passerine__order
conj<obj>compound> ...	3.0	0.549	ALL	Passerine__order
appos<advcl>mark> ...	3.0	0.281	ALL	Passerine__order
nmod<appos>advmod> ...	3.0	0.223	ALL	Passerine__order
compound<conj<compound< ...	3.0	0.493	ALL	Passerine__order
compound<obl<mark> ...	3.0	0.382	ALL	Passerine__order
nmod<obj> ...	3.0	0.365	ALL	Passerine__order
conj<parataxis<nsubj> ...	3.0	0.299	ALL	Passerine__order
nsubj<conj<xcomp> ...	3.0	0.39	ALL	Passerine__order
amod<nsubj< ...	3.0	0.266	ALL	Passerine__order
appos>conj> systematic	3.0	0.41	ALL	Passerine__order
obl<ccomp> ...	3.0	0.324	ALL	Passerine__order
obj<advcl>obj> ...	3.0	0.435	ALL	Passerine__order
nsubj>nmod>amod> ...	3.0	0.345	ALL	Passerine__order
nmod:poss<nmod<obl< ...	3.0	0.352	ALL	Passerine__order
nsubj> example	3.0	0.335	ALL	Passerine__order
appos<advcl> ...	3.0	0.195	ALL	Passerine__order
amod<obj<mark> ...	3.0	0.32	ALL	Passerine__order
nsubj:pass<nsubj:pass> bird	3.0	0.28	ALL	Passerine__order
acl:relcl>aux:pass> be	3.0	0.1	ALL	Passerine__order
amod<conj<case> ...	3.0	0.442	ALL	Passerine__order
nsubj<advcl>aux> ...	3.0	0.128	ALL	Passerine__order
appos<appos>nummod> ...	3.0	0.341	ALL	Passerine__order
appos<nsubj>amod> ...	3.0	0.312	ALL	Passerine__order
obl<parataxis>advmod> ...	3.0	0.377	ALL	Passerine__order
conj<nmod<nsubj< ...	3.0	0.56	ALL	Passerine__order
nsubj<nsubj< ...	3.0	0.256	ALL	Passerine__order
nsubj:pass<conj<obj> ...	3.0	0.392	ALL	Passerine__order
nsubj:pass<conj<det> ...	3.0	0.421	ALL	Passerine__order
obl<advcl>mark> as	3.0	0.671	ALL	Passerine__order
nmod<conj>obl> ...	3.0	0.465	ALL	Passerine__order
appos<nsubj<aux> ...	3.0	0.312	ALL	Passerine__order
obj<conj>aux:pass> ...	3.0	0.199	ALL	Passerine__order
compound<compound>compound> ...	3.0	0.479	ALL	Passerine__order
compound<compound<nmod< ...	3.0	0.452	ALL	Passerine__order
nmod<acl:relcl>obj> ...	3.0	0.537	ALL	Passerine__order
obj<nsubj> which	3.0	0.477	ALL	Passerine__order
obl:npmod<conj>compound> ...	3.0	0.373	ALL	Passerine__order
compound<nmod>compound> bird	3.0	0.275	ALL	Passerine__order
conj<obl<parataxis< ...	3.0	0.295	ALL	Passerine__order
nmod<conj<appos> ...	3.0	0.338	ALL	Passerine__order
appos<compound<conj< ...	3.0	0.311	ALL	Passerine__order
appos<conj>nummod> ...	3.0	0.267	ALL	Passerine__order
obj< film	3.0	0.233	ALL	Passerine__order
acl>obl>nmod:poss> ...	3.0	0.565	ALL	Passerine__order
nmod<nmod<nmod< ...	3.0	0.218	ALL	Passerine__order
nsubj<acl>mark> ...	3.0	0.357	ALL	Passerine__order
nsubj<parataxis>aux> have	3.0	0.209	ALL	Passerine__order
compound<nmod<amod> common	3.0	0.432	ALL	Passerine__order
nsubj<acl>advcl> ...	3.0	0.357	ALL	Passerine__order
conj<nmod>nmod> ...	3.0	0.419	ALL	Passerine__order
nsubj<conj>acl:relcl> ...	3.0	0.143	ALL	Passerine__order
conj<nsubj<ccomp< ...	3.0	0.351	ALL	Passerine__order
nmod<nsubj<acl:relcl> ...	3.0	0.467	ALL	Passerine__order
xcomp<nsubj:pass> ...	3.0	0.558	ALL	Passerine__order
obj<obl>acl> ...	3.0	0.288	ALL	Passerine__order
xcomp<aux:pass> ...	3.0	0.489	ALL	Passerine__order
xcomp< ...	3.0	0.178	ALL	Passerine__order
nmod:poss<nsubj<obj> ...	3.0	0.388	ALL	Passerine__order
compound<parataxis> ...	3.0	0.247	ALL	Passerine__order
conj>acl:relcl> ...	3.0	0.353	ALL	Passerine__order
conj>acl:relcl>nsubj> ...	3.0	0.293	ALL	Passerine__order
nsubj<ccomp<ccomp< ...	3.0	0.312	ALL	Passerine__order
nsubj<ccomp<mark> ...	3.0	0.351	ALL	Passerine__order
obl<obl>advmod> ...	3.0	0.44	ALL	Passerine__order
obj<obl>conj> ...	3.0	0.258	ALL	Passerine__order
obl<acl<case> in	3.0	0.346	ALL	Passerine__order
nsubj<ccomp>obl> ...	3.0	0.282	ALL	Passerine__order
appos<nsubj<case> from	3.0	0.434	ALL	Passerine__order
appos<compound> genus	3.0	0.443	ALL	Passerine__order
obl<conj<ccomp< ...	3.0	0.335	ALL	Passerine__order
conj<nmod>case> in	3.0	0.552	ALL	Passerine__order
compound<list<list> ...	3.0	0.206	ALL	Passerine__order
nmod<appos>nmod> ...	3.0	0.146	ALL	Passerine__order
conj>obl>det> ...	3.0	0.291	ALL	Passerine__order
nsubj:pass<ccomp< ...	3.0	0.488	ALL	Passerine__order
nsubj<acl>advmod> ...	3.0	0.569	ALL	Passerine__order
obl<acl<nsubj> ...	3.0	0.187	ALL	Passerine__order
conj<nsubj< be	3.0	0.278	ALL	Passerine__order
conj<nsubj<advmod> also	3.0	0.189	ALL	Passerine__order
nsubj:pass<mark> while	3.0	0.267	ALL	Passerine__order
compound<amod> small	3.0	0.351	ALL	Passerine__order
appos>acl> ...	3.0	0.476	ALL	Passerine__order
obl<nsubj>det> a	3.0	0.424	ALL	Passerine__order
appos>nmod>det> ...	3.0	0.187	ALL	Passerine__order
amod<nsubj>det> ...	3.0	0.365	ALL	Passerine__order
advcl>aux> ...	3.0	0.409	ALL	Passerine__order
amod<nmod<amod> ...	3.0	0.45	ALL	Passerine__order
appos>nmod>compound> ...	3.0	0.544	ALL	Passerine__order
nsubj:pass<obl>advmod> ...	3.0	0.191	ALL	Passerine__order
obj<parataxis>advmod> ...	3.0	0.293	ALL	Passerine__order
conj<appos<case> of	3.0	0.456	ALL	Passerine__order
nmod<compound>amod> ...	3.0	0.217	ALL	Passerine__order
conj<appos<nmod< species	3.0	0.351	ALL	Passerine__order
conj<obj<advcl> ...	3.0	0.312	ALL	Passerine__order
conj<obl>compound> ...	3.0	0.214	ALL	Passerine__order
amod<nmod>amod> ...	3.0	0.495	ALL	Passerine__order
compound<obl<aux> ...	3.0	0.404	ALL	Passerine__order
appos>acl>obl> ...	3.0	0.444	ALL	Passerine__order
conj>xcomp> ...	3.0	0.446	ALL	Passerine__order
nmod<obj< kill	3.0	0.496	ALL	Passerine__order
conj<xcomp< ...	3.0	0.521	ALL	Passerine__order
obl<advcl<xcomp> ...	3.0	0.266	ALL	Passerine__order
nmod<nsubj<xcomp> ...	3.0	0.205	ALL	Passerine__order
obl<amod<conj> ...	3.0	0.427	ALL	Passerine__order
obl<amod<appos> ...	3.0	0.221	ALL	Passerine__order
obl<amod<amod> ...	3.0	0.234	ALL	Passerine__order
obl<aux> may	3.0	0.363	ALL	Passerine__order
advmod>obl> ...	3.0	0.4	ALL	Passerine__order
advmod>obl>amod> ...	3.0	0.345	ALL	Passerine__order
advmod>obl>case> ...	3.0	0.312	ALL	Passerine__order
compound<obl<obj> ...	3.0	0.337	ALL	Passerine__order
nmod<obj< include	3.0	0.511	ALL	Passerine__order
conj<nmod< animal	3.0	0.19	ALL	Passerine__order
nsubj<obl>acl:relcl> ...	3.0	0.513	ALL	Passerine__order
obj<acl<obl< ...	3.0	0.449	ALL	Passerine__order
compound< nests	3.0	0.407	ALL	Passerine__order
nsubj:pass<conj>nsubj:pass> ...	3.0	0.457	ALL	Passerine__order
conj<nsubj:pass<advmod> ...	3.0	0.442	ALL	Passerine__order
nsubj>det> a	3.0	0.309	ALL	Passerine__order
obj<acl<nmod< ...	3.0	0.207	ALL	Passerine__order
nsubj<obj>appos> ...	3.0	0.288	ALL	Passerine__order
flat<parataxis>conj> ...	3.0	0.274	ALL	Passerine__order
appos<conj<obj< ...	3.0	0.369	ALL	Passerine__order
obl<parataxis>aux> ...	3.0	0.378	ALL	Passerine__order
obl<parataxis>nsubj> ...	3.0	0.149	ALL	Passerine__order
nmod<obj<xcomp< ...	3.0	0.22	ALL	Passerine__order
acl:relcl>advcl>obj> ...	3.0	0.497	ALL	Passerine__order
obl<acl:relcl<det> ...	3.0	0.536	ALL	Passerine__order
conj>advcl>mark> ...	3.0	0.645	ALL	Passerine__order
appos>nmod:poss>compound> ...	3.0	0.455	ALL	Passerine__order
appos<nmod<nsubj< ...	3.0	0.352	ALL	Passerine__order
nsubj<advcl>mark> since	3.0	0.476	ALL	Passerine__order
compound<appos<case> to	3.0	0.318	ALL	Passerine__order
obl<amod<nmod> ...	3.0	0.259	ALL	Passerine__order
list<flat>compound> ...	3.0	0.323	ALL	Passerine__order
nmod:poss<nmod<nsubj< ...	3.0	0.398	ALL	Passerine__order
conj<obj>amod> ...	3.0	0.339	ALL	Passerine__order
nsubj:pass<mark> that	3.0	0.275	ALL	Passerine__order
nmod<obj<advcl< say	3.0	0.446	ALL	Passerine__order
nmod<nsubj>nmod:poss> ...	3.0	0.386	ALL	Passerine__order
nsubj:pass<advcl>xcomp> ...	3.0	0.524	ALL	Passerine__order
nsubj:pass<conj>nsubj> it	3.0	0.633	ALL	Passerine__order
nmod<conj>flat> ...	3.0	0.362	ALL	Passerine__order
appos<case> from	3.0	0.392	ALL	Passerine__order
compound<compound<conj> ...	3.0	0.356	ALL	Passerine__order
conj<amod>conj> ...	3.0	0.374	ALL	Passerine__order
nsubj:pass<obl>nummod> ...	3.0	0.224	ALL	Passerine__order
compound<acl>obj> ...	3.0	0.573	ALL	Passerine__order
nsubj:pass<obj> ...	3.0	0.3	ALL	Passerine__order
obl<xcomp< look	3.0	0.668	ALL	Passerine__order
nsubj<cc> but	3.0	0.349	ALL	Passerine__order
ccomp<nsubj> ...	3.0	0.294	ALL	Passerine__order
conj<nmod<amod> various	3.0	0.307	ALL	Passerine__order
obj<obj>amod> ...	3.0	0.212	ALL	Passerine__order
flat<cc> ...	3.0	0.39	ALL	Passerine__order
compound<nsubj<aux> ...	3.0	0.182	ALL	Passerine__order
nsubj>acl>obl> ...	3.0	0.419	ALL	Passerine__order
appos<parataxis> ...	3.0	0.434	ALL	Passerine__order
nsubj>case> ...	3.0	0.37	ALL	Passerine__order
obl<acl<det> a	3.0	0.581	ALL	Passerine__order
obj<nsubj:pass>amod> ...	3.0	0.638	ALL	Passerine__order
det:predet> ...	3.0	0.221	ALL	Passerine__order
obj<nsubj> species	3.0	0.556	ALL	Passerine__order
nsubj:pass<nsubj:pass>nmod> ...	3.0	0.232	ALL	Passerine__order
obj<advcl>advmod> ...	3.0	0.281	ALL	Passerine__order
obl<nsubj:pass<obl> ...	3.0	0.528	ALL	Passerine__order
obl<cc> but	3.0	0.496	ALL	Passerine__order
conj<appos<nmod< ...	3.0	0.351	ALL	Passerine__order
flat<compound<compound> ...	3.0	0.219	ALL	Passerine__order
advmod> mainly	3.0	0.386	ALL	Passerine__order
conj<advcl< ...	3.0	0.257	ALL	Passerine__order
nmod<obj<cc> and	3.0	0.22	ALL	Passerine__order
nsubj<obl>advmod> especially	3.0	0.354	ALL	Passerine__order
conj<amod>compound> ...	3.0	0.351	ALL	Passerine__order
nsubj<obj>nmod:poss> its	3.0	0.312	ALL	Passerine__order
advmod> more	3.0	0.402	ALL	Passerine__order
obj<conj>aux:pass> be	3.0	0.199	ALL	Passerine__order
obj<nsubj>case> ...	3.0	0.479	ALL	Passerine__order
advcl>conj>advmod> ...	3.0	0.436	ALL	Passerine__order
conj>compound> wood	3.0	0.377	ALL	Passerine__order
nsubj:pass<advcl<obj> ...	3.0	0.228	ALL	Passerine__order
appos<conj<appos< ...	3.0	0.441	ALL	Passerine__order
nsubj<parataxis<obl> ...	3.0	0.293	ALL	Passerine__order
nsubj<parataxis<obj> ...	3.0	0.278	ALL	Passerine__order
nsubj<acl:relcl>conj> ...	3.0	0.293	ALL	Passerine__order
appos<obj>conj> ...	3.0	0.473	ALL	Passerine__order
compound<nmod:poss>case> ...	3.0	0.29	ALL	Passerine__order
appos<obj>appos> ...	3.0	0.638	ALL	Passerine__order
compound<appos<advmod> ...	3.0	0.328	ALL	Passerine__order
compound>parataxis>conj> ...	3.0	0.211	ALL	Passerine__order
acl:relcl>aux:pass> ...	3.0	0.1	ALL	Passerine__order
acl:relcl>nsubj:pass> ...	3.0	0.301	ALL	Passerine__order
appos<compound<amod> ...	3.0	0.421	ALL	Passerine__order
obj<acl<case> of	3.0	0.233	ALL	Passerine__order
nmod<obl>det> ...	3.0	0.381	ALL	Passerine__order
nsubj<conj<parataxis< ...	3.0	0.334	ALL	Passerine__order
obl<nsubj> most	3.0	0.667	ALL	Passerine__order
advcl>obj> ...	3.0	0.363	ALL	Passerine__order
acl:relcl>nsubj>det> ...	3.0	0.427	ALL	Passerine__order
appos<obl<obj> ...	3.0	0.306	ALL	Passerine__order
compound<case> as	3.0	0.109	ALL	Passerine__order
parataxis<flat> ...	3.0	0.554	ALL	Passerine__order
nsubj<advcl>nsubj> it	3.0	0.327	ALL	Passerine__order
obl<obl>nmod:poss> ...	3.0	0.422	ALL	Passerine__order
obj<ccomp< ...	3.0	0.218	ALL	Passerine__order
nsubj<ccomp<parataxis< ...	3.0	0.626	ALL	Passerine__order
conj>nsubj>flat> ...	3.0	0.31	ALL	Passerine__order
acl> singe	3.0	0.5	ALL	Passerine__order
obl<nsubj:pass>appos> ...	3.0	0.361	ALL	Passerine__order
nmod<nsubj> bird	3.0	0.403	ALL	Passerine__order
parataxis<nmod> ...	3.0	0.323	ALL	Passerine__order
obl<obl>acl> ...	3.0	0.323	ALL	Passerine__order
parataxis<appos>compound> ...	3.0	0.241	ALL	Passerine__order
nmod> genus	3.0	0.655	ALL	Passerine__order
nsubj<appos>amod> ...	3.0	0.302	ALL	Passerine__order
nsubj<nmod>appos> ...	3.0	0.227	ALL	Passerine__order
nsubj<parataxis>cop> be	3.0	0.33	ALL	Passerine__order
appos<advcl<nsubj:pass> ...	3.0	0.385	ALL	Passerine__order
acl:relcl>conj> ...	3.0	0.349	ALL	Passerine__order
appos<advcl<aux:pass> ...	3.0	0.55	ALL	Passerine__order
obl<acl<compound> ...	3.0	0.075	ALL	Passerine__order
nmod<appos<amod> ...	3.0	0.268	ALL	Passerine__order
conj<obj<aux> ...	3.0	0.564	ALL	Passerine__order
conj<advcl>obl> ...	3.0	0.186	ALL	Passerine__order
amod>obl> ...	3.0	0.286	ALL	Passerine__order
acl:relcl>conj>cc> ...	3.0	0.373	ALL	Passerine__order
nmod<nsubj<aux> may	3.0	0.396	ALL	Passerine__order
nmod<nsubj<advmod> also	3.0	0.35	ALL	Passerine__order
obl<nsubj:pass>det> this	3.0	0.751	ALL	Passerine__order
conj<nmod<cc> ...	3.0	0.573	ALL	Passerine__order
obl<xcomp<obj> ...	3.0	0.306	ALL	Passerine__order
conj<obj> warbler	3.0	0.503	ALL	Passerine__order
appos<advcl<advmod> ...	3.0	0.303	ALL	Passerine__order
obl<conj>nmod> ...	3.0	0.511	ALL	Passerine__order
nmod:poss<nsubj<conj> ...	3.0	0.485	ALL	Passerine__order
conj>conj>compound> ...	3.0	0.391	ALL	Passerine__order
nmod<appos<advmod> ...	3.0	0.481	ALL	Passerine__order
appos>conj>compound> ...	3.0	0.37	ALL	Passerine__order
conj<obj<xcomp< ...	3.0	0.307	ALL	Passerine__order
nmod:poss<nsubj<det> ...	3.0	0.487	ALL	Passerine__order
appos<acl:relcl>nsubj> ...	3.0	0.384	ALL	Passerine__order
appos<advcl<aux> ...	3.0	0.666	ALL	Passerine__order
appos<acl:relcl> ...	3.0	0.239	ALL	Passerine__order
obl:npmod<amod<det> ...	3.0	0.751	ALL	Passerine__order
conj>conj>cc> Acrocephalus	3.0	0.25	ALL	Passerine__order
nsubj<nmod>nmod:poss> ...	3.0	0.456	ALL	Passerine__order
nsubj:pass<xcomp>det> a	3.0	0.351	ALL	Passerine__order
appos>appos>conj> ...	3.0	0.599	ALL	Passerine__order
nmod>appos>nummod> ...	3.0	0.46	ALL	Passerine__order
obl<nsubj:pass>nummod> ...	3.0	0.321	ALL	Passerine__order
appos<nsubj<case> ...	3.0	0.434	ALL	Passerine__order
appos<nmod<obl< ...	3.0	0.308	ALL	Passerine__order
nmod:poss<nsubj:pass< ...	3.0	0.259	ALL	Passerine__order
nmod:poss<nsubj:pass<aux:pass> ...	3.0	0.385	ALL	Passerine__order
compound<acl:relcl>obj> ...	3.0	0.306	ALL	Passerine__order
nmod<conj>compound> ...	3.0	0.386	ALL	Passerine__order
nsubj<advcl>aux:pass> be	3.0	0.382	ALL	Passerine__order
obj<ccomp>obj> ...	3.0	0.307	ALL	Passerine__order
appos<obl<nsubj> ...	3.0	0.141	ALL	Passerine__order
conj>amod>advmod> ...	3.0	0.517	ALL	Passerine__order
conj<obj<advcl< ...	3.0	0.236	ALL	Passerine__order
amod>amod> red	3.0	0.35	ALL	Passerine__order
nsubj:pass< believe	3.0	0.447	ALL	Passerine__order
nsubj:pass<obl>flat> ...	3.0	0.228	ALL	Passerine__order
compound<acl:relcl>nsubj> ...	3.0	0.518	ALL	Passerine__order
nmod>amod>advmod> ...	3.0	0.17	ALL	Passerine__order
nsubj:pass<nmod> ...	3.0	0.27	ALL	Passerine__order
list<compound<list> ...	3.0	0.738	ALL	Passerine__order
nsubj:pass<nmod>case> ...	3.0	0.275	ALL	Passerine__order
nsubj<advmod>obl> ...	3.0	0.218	ALL	Passerine__order
obl<conj<nmod> ...	3.0	0.388	ALL	Passerine__order
conj>nmod>det> the	3.0	0.411	ALL	Passerine__order
list<conj>amod> ...	3.0	0.367	ALL	Passerine__order
nsubj<obl> corvid	2.0	0.391	ALL	Passerine__order
conj<appos> warbler	2.0	0.606	ALL	Passerine__order
conj<appos>amod> ree	2.0	0.347	ALL	Passerine__order
acl>conj>cc> ...	2.0	0.391	ALL	Passerine__order
nmod<conj<mark> ...	2.0	0.443	ALL	Passerine__order
obl<acl<nsubj< include	2.0	0.392	ALL	Passerine__order
compound<nmod<nsubj:pass< ...	2.0	0.321	ALL	Passerine__order
nsubj:pass<obl> Australia	2.0	0.719	ALL	Passerine__order
conj<cc:preconj> ...	2.0	0.508	ALL	Passerine__order
conj<nsubj< ree	2.0	0.374	ALL	Passerine__order
acl:relcl> have	2.0	0.311	ALL	Passerine__order
nsubj<ccomp> have	2.0	0.543	ALL	Passerine__order
conj<conj>cc> orinus	2.0	0.653	ALL	Passerine__order
conj<conj>cc> atyphus	2.0	0.609	ALL	Passerine__order
nsubj<obl>amod> native	2.0	0.218	ALL	Passerine__order
amod>nsubj> ...	2.0	0.357	ALL	Passerine__order
nsubj:pass<obl>compound> bird	2.0	0.227	ALL	Passerine__order
compound<conj<appos< ...	2.0	0.555	ALL	Passerine__order
obl<nsubj:pass< ...	2.0	0.478	ALL	Passerine__order
appos<nsubj<obj> warbler	2.0	0.353	ALL	Passerine__order
nmod<nmod>case> from	2.0	0.48	ALL	Passerine__order
obl<nsubj:pass<aux:pass> ...	2.0	0.359	ALL	Passerine__order
nsubj<parataxis>obl> pair	2.0	0.47	ALL	Passerine__order
nmod<case>fixed> ...	2.0	0.18	ALL	Passerine__order
nmod:poss> Wilson	2.0	0.359	ALL	Passerine__order
nmod>compound>conj> ...	2.0	0.228	ALL	Passerine__order
obl<acl<cop> ...	2.0	0.4	ALL	Passerine__order
compound<compound<nmod> ...	2.0	0.534	ALL	Passerine__order
obl<acl<advmod> ...	2.0	0.438	ALL	Passerine__order
compound<conj<obj> ...	2.0	0.329	ALL	Passerine__order
nmod<amod>advmod> more	2.0	0.577	ALL	Passerine__order
nsubj<acl> replace	2.0	0.564	ALL	Passerine__order
nmod>advmod> ...	2.0	0.374	ALL	Passerine__order
nmod<parataxis<conj> ...	2.0	0.404	ALL	Passerine__order
nsubj<amod>advmod> more	2.0	0.537	ALL	Passerine__order
compound<obj<cc> ...	2.0	0.36	ALL	Passerine__order
obl<obj>nmod:poss> ...	2.0	0.619	ALL	Passerine__order
obl<advcl<conj> ...	2.0	0.378	ALL	Passerine__order
compound<obj<conj< ...	2.0	0.298	ALL	Passerine__order
compound<conj> behaviour	2.0	0.42	ALL	Passerine__order
nmod<parataxis> ...	2.0	0.268	ALL	Passerine__order
conj>advcl>cop> ...	2.0	0.269	ALL	Passerine__order
nmod:poss<nsubj<det> a	2.0	0.519	ALL	Passerine__order
conj<appos>amod> Clamorous	2.0	0.339	ALL	Passerine__order
acl>conj> ...	2.0	0.315	ALL	Passerine__order
conj<nsubj<cc> Acrocephalus	2.0	0.656	ALL	Passerine__order
conj<nsubj<conj< bistrigicep	2.0	0.573	ALL	Passerine__order
amod>cop> ...	2.0	0.36	ALL	Passerine__order
obl<nsubj:pass<aux> ...	2.0	0.298	ALL	Passerine__order
nmod>conj>nmod> ...	2.0	0.538	ALL	Passerine__order
nsubj<advcl<aux:pass> ...	2.0	0.573	ALL	Passerine__order
nmod>conj>compound> ...	2.0	0.128	ALL	Passerine__order
compound<obl<amod< ...	2.0	0.45	ALL	Passerine__order
nsubj:pass<advcl>mark> as	2.0	0.392	ALL	Passerine__order
nsubj<advcl<nsubj:pass> ...	2.0	0.417	ALL	Passerine__order
obl<appos>nummod> ...	2.0	0.339	ALL	Passerine__order
flat> warbler	2.0	0.241	ALL	Passerine__order
compound<xcomp< ...	2.0	0.309	ALL	Passerine__order
nsubj<nmod> Paradisaeida	2.0	0.42	ALL	Passerine__order
obl<appos> ...	2.0	0.296	ALL	Passerine__order
compound<appos>det> ...	2.0	0.308	ALL	Passerine__order
conj>aux> ...	2.0	0.465	ALL	Passerine__order
nsubj:pass<conj<cop> ...	2.0	0.415	ALL	Passerine__order
nmod<acl:relcl>advmod> ...	2.0	0.665	ALL	Passerine__order
nsubj<ccomp>aux:pass> be	2.0	0.26	ALL	Passerine__order
conj<nsubj>appos> ...	2.0	0.331	ALL	Passerine__order
appos<nsubj:pass< use	2.0	0.272	ALL	Passerine__order
conj<nmod<obl< gregarious	2.0	0.611	ALL	Passerine__order
conj<nmod<advmod> perhaps	2.0	0.382	ALL	Passerine__order
conj<nmod< thrush	2.0	0.285	ALL	Passerine__order
nsubj<advcl>obl:npmod> ...	2.0	0.265	ALL	Passerine__order
conj>acl:relcl>nsubj> which	2.0	0.304	ALL	Passerine__order
amod>advmod> more	2.0	0.483	ALL	Passerine__order
acl:relcl>conj>advmod> ...	2.0	0.445	ALL	Passerine__order
obl<nsubj>compound> song	2.0	0.56	ALL	Passerine__order
obl<nsubj> thrush	2.0	0.532	ALL	Passerine__order
obl<xcomp>mark> to	2.0	0.563	ALL	Passerine__order
nsubj<obj>amod> huge	2.0	0.422	ALL	Passerine__order
nmod<appos<cc> and	2.0	0.416	ALL	Passerine__order
nsubj<ccomp< be	2.0	0.556	ALL	Passerine__order
conj>acl:relcl>cop> be	2.0	0.569	ALL	Passerine__order
amod<conj<obl:npmod< ...	2.0	0.632	ALL	Passerine__order
nmod<obl<advmod> usually	2.0	0.322	ALL	Passerine__order
amod<conj>compound> ...	2.0	0.175	ALL	Passerine__order
nmod<obj<nsubj> this	2.0	0.39	ALL	Passerine__order
advcl<obl>case> in	2.0	0.321	ALL	Passerine__order
amod<nmod:poss>case> ...	2.0	0.369	ALL	Passerine__order
nsubj:pass<advcl>mark> to	2.0	0.49	ALL	Passerine__order
nsubj<obj> predator	2.0	0.315	ALL	Passerine__order
nsubj<conj>obj> they	2.0	0.478	ALL	Passerine__order
conj>aux> will	2.0	0.465	ALL	Passerine__order
amod<appos<conj< ...	2.0	0.413	ALL	Passerine__order
advmod> typically	2.0	0.466	ALL	Passerine__order
obl<nsubj>amod> common	2.0	0.281	ALL	Passerine__order
nsubj>appos>amod> ...	2.0	0.462	ALL	Passerine__order
obj<nsubj> most	2.0	0.456	ALL	Passerine__order
obj< use	2.0	0.32	ALL	Passerine__order
conj<nmod< those	2.0	0.317	ALL	Passerine__order
nmod<conj<advmod> also	2.0	0.67	ALL	Passerine__order
amod<appos<cc> ...	2.0	0.426	ALL	Passerine__order
nsubj<ccomp>obj> ...	2.0	0.202	ALL	Passerine__order
conj<obj>nmod> ...	2.0	0.32	ALL	Passerine__order
list<list>nummod> ...	2.0	0.618	ALL	Passerine__order
list<flat>punct> ...	2.0	0.505	ALL	Passerine__order
nmod>nmod>nummod> ...	2.0	0.231	ALL	Passerine__order
appos<flat> Blunt	2.0	0.496	ALL	Passerine__order
appos<nsubj<ccomp< ...	2.0	0.402	ALL	Passerine__order
obj<nmod>nmod> ...	2.0	0.149	ALL	Passerine__order
obj<nmod>compound> ...	2.0	0.243	ALL	Passerine__order
obj<nmod>det> ...	2.0	0.511	ALL	Passerine__order
obj<nsubj>conj> warbler	2.0	0.681	ALL	Passerine__order
appos<parataxis>nsubj> ...	2.0	0.49	ALL	Passerine__order
compound<advcl<nsubj> ...	2.0	0.348	ALL	Passerine__order
obj<xcomp<advcl< ...	2.0	0.512	ALL	Passerine__order
conj>case> melanopogon	2.0	0.49	ALL	Passerine__order
conj>amod> Aquatic	2.0	0.566	ALL	Passerine__order
conj>compound> paludicola	2.0	0.326	ALL	Passerine__order
conj>obl>compound> ...	2.0	0.35	ALL	Passerine__order
conj>compound>flat> Sedge	2.0	0.53	ALL	Passerine__order
conj<advcl<obl> ...	2.0	0.36	ALL	Passerine__order
conj<appos>nmod:poss> ...	2.0	0.595	ALL	Passerine__order
parataxis>nsubj> ...	2.0	0.241	ALL	Passerine__order
acl>obl>case> from	2.0	0.375	ALL	Passerine__order
appos<conj<amod> win	2.0	0.37	ALL	Passerine__order
conj<obl<nsubj> it	2.0	0.361	ALL	Passerine__order
nsubj:pass<conj> see	2.0	0.572	ALL	Passerine__order
conj<conj>advmod> simply	2.0	0.775	ALL	Passerine__order
obj<xcomp<conj< ...	2.0	0.444	ALL	Passerine__order
nsubj<conj<nsubj:pass> ...	2.0	0.458	ALL	Passerine__order
appos< concinen	2.0	0.412	ALL	Passerine__order
compound>appos>conj> ...	2.0	0.227	ALL	Passerine__order
nsubj<parataxis>amod> ...	2.0	0.439	ALL	Passerine__order
conj>conj>amod> ...	2.0	0.319	ALL	Passerine__order
appos<nmod>flat> ...	2.0	0.314	ALL	Passerine__order
obl<advcl>aux> ...	2.0	0.395	ALL	Passerine__order
nmod<obl<advmod> not	2.0	0.221	ALL	Passerine__order
appos<appos< ...	2.0	0.454	ALL	Passerine__order
nsubj<obl> rainforest	2.0	0.416	ALL	Passerine__order
amod<conj<amod> Moustach	2.0	0.465	ALL	Passerine__order
obj<nummod> ...	2.0	0.588	ALL	Passerine__order
obj<case> ...	2.0	0.373	ALL	Passerine__order
nmod<appos<cc> ...	2.0	0.416	ALL	Passerine__order
nmod<acl:relcl>nsubj> which	2.0	0.333	ALL	Passerine__order
nsubj<conj>advmod> south	2.0	0.779	ALL	Passerine__order
nmod<appos<conj< ...	2.0	0.408	ALL	Passerine__order
nsubj<xcomp>advcl> ...	2.0	0.214	ALL	Passerine__order
acl>obj>acl> ...	2.0	0.356	ALL	Passerine__order
acl>obj>nummod> ...	2.0	0.394	ALL	Passerine__order
conj<nsubj:pass>nmod> ...	2.0	0.311	ALL	Passerine__order
nsubj<amod>advmod> most	2.0	0.499	ALL	Passerine__order
obl<xcomp>advmod> ...	2.0	0.216	ALL	Passerine__order
amod<conj<obl:npmod< bistrigicep	2.0	0.632	ALL	Passerine__order
amod<appos<conj< warbler	2.0	0.413	ALL	Passerine__order
amod<appos<cc> Acrocephalus	2.0	0.426	ALL	Passerine__order
obl<xcomp>mark> ...	2.0	0.563	ALL	Passerine__order
nsubj<ccomp>xcomp> ...	2.0	0.235	ALL	Passerine__order
nsubj<ccomp>aux:pass> ...	2.0	0.26	ALL	Passerine__order
nsubj<ccomp>nsubj:pass> ...	2.0	0.644	ALL	Passerine__order
nmod:poss<obl<nsubj> ...	2.0	0.27	ALL	Passerine__order
nsubj<nmod>nmod:poss> its	2.0	0.449	ALL	Passerine__order
appos<appos<conj> ...	2.0	0.54	ALL	Passerine__order
parataxis<compound> ...	2.0	0.465	ALL	Passerine__order
conj<conj>obl> ...	2.0	0.311	ALL	Passerine__order
conj<appos>compound> Corvus	2.0	0.403	ALL	Passerine__order
appos<nmod>appos> ...	2.0	0.386	ALL	Passerine__order
conj>obj>nmod> ...	2.0	0.415	ALL	Passerine__order
appos<nsubj<cc> ...	2.0	0.532	ALL	Passerine__order
obl:npmod> ...	2.0	0.297	ALL	Passerine__order
nsubj<amod> long	2.0	0.349	ALL	Passerine__order
conj>obl:npmod> ...	2.0	0.301	ALL	Passerine__order
nsubj<obj> area	2.0	0.307	ALL	Passerine__order
nmod:poss> Britain	2.0	0.387	ALL	Passerine__order
nmod<nsubj<ccomp< ...	2.0	0.203	ALL	Passerine__order
conj<obl<nsubj:pass> bird	2.0	0.405	ALL	Passerine__order
conj<obl< take	2.0	0.377	ALL	Passerine__order
nsubj<advmod> first	2.0	0.638	ALL	Passerine__order
appos>appos>compound> ...	2.0	0.226	ALL	Passerine__order
conj<appos<conj< ...	2.0	0.258	ALL	Passerine__order
nsubj<advcl>obl:npmod> year	2.0	0.265	ALL	Passerine__order
nsubj<advcl> old	2.0	0.437	ALL	Passerine__order
acl>obl>advmod> ...	2.0	0.596	ALL	Passerine__order
conj>acl:relcl>cop> ...	2.0	0.569	ALL	Passerine__order
nmod<conj<advmod> ...	2.0	0.67	ALL	Passerine__order
nsubj:pass<acl< ...	2.0	0.427	ALL	Passerine__order
acl>advmod> also	2.0	0.531	ALL	Passerine__order
advmod>obl>case> in	2.0	0.291	ALL	Passerine__order
nmod>nmod>amod> same	2.0	0.411	ALL	Passerine__order
appos<appos<conj> chough	2.0	0.54	ALL	Passerine__order
appos<amod> billed	2.0	0.408	ALL	Passerine__order
advcl< ...	2.0	0.562	ALL	Passerine__order
amod<nmod:poss>case> 's	2.0	0.369	ALL	Passerine__order
advcl<nsubj> ...	2.0	0.41	ALL	Passerine__order
appos<nsubj<amod> small	2.0	0.291	ALL	Passerine__order
advcl<obl> ...	2.0	0.716	ALL	Passerine__order
advcl<obl>case> ...	2.0	0.321	ALL	Passerine__order
acl>obl>conj> ...	2.0	0.304	ALL	Passerine__order
conj>amod> coastal	2.0	0.609	ALL	Passerine__order
conj>nmod>case> with	2.0	0.5	ALL	Passerine__order
nsubj:pass<obl>compound> North	2.0	0.42	ALL	Passerine__order
nsubj<conj>obl> habitat	2.0	0.419	ALL	Passerine__order
conj>compound> Seychelle	2.0	0.338	ALL	Passerine__order
conj>amod> newtoni	2.0	0.48	ALL	Passerine__order
conj<nsubj> Tuamotu	2.0	0.212	ALL	Passerine__order
conj<obj>conj> Acrocephalus	2.0	0.374	ALL	Passerine__order
conj<obj>conj> Rimatara	2.0	0.39	ALL	Passerine__order
nsubj<advcl<appos> ...	2.0	0.65	ALL	Passerine__order
nsubj<advcl<acl> ...	2.0	0.524	ALL	Passerine__order
nsubj<advcl<conj> ...	2.0	0.343	ALL	Passerine__order
conj>obl>acl> ...	2.0	0.299	ALL	Passerine__order
nsubj> Marquesan	2.0	0.337	ALL	Passerine__order
obj>conj>nsubj> Marquesan	2.0	0.567	ALL	Passerine__order
nsubj<conj> ree	2.0	0.379	ALL	Passerine__order
conj>compound>compound> brevipennis	2.0	0.43	ALL	Passerine__order
conj>compound> swamp	2.0	0.367	ALL	Passerine__order
conj<obj<det> ...	2.0	0.443	ALL	Passerine__order
nmod<nsubj>conj> ...	2.0	0.186	ALL	Passerine__order
obl<nsubj>nmod:poss> ...	2.0	0.216	ALL	Passerine__order
acl> live	2.0	0.506	ALL	Passerine__order
compound<nmod<nsubj> bird	2.0	0.305	ALL	Passerine__order
parataxis> bird	2.0	0.374	ALL	Passerine__order
parataxis>nmod>case> of	2.0	0.324	ALL	Passerine__order
parataxis>nmod> paradise	2.0	0.51	ALL	Passerine__order
obj<ccomp<conj> ...	2.0	0.394	ALL	Passerine__order
obj<ccomp<obj> ...	2.0	0.233	ALL	Passerine__order
nmod<conj>nmod> paradise	2.0	0.403	ALL	Passerine__order
nmod<acl>advmod> ...	2.0	0.226	ALL	Passerine__order
nmod<nsubj:pass< know	2.0	0.567	ALL	Passerine__order
conj<nsubj:pass<aux> have	2.0	0.149	ALL	Passerine__order
compound<obl:npmod<amod< ...	2.0	0.392	ALL	Passerine__order
compound<obl:npmod< ...	2.0	0.399	ALL	Passerine__order
nmod<compound> sister	2.0	0.418	ALL	Passerine__order
obl<ccomp<advmod> ...	2.0	0.424	ALL	Passerine__order
list<amod> ...	2.0	0.243	ALL	Passerine__order
nsubj<appos>acl:relcl> ...	2.0	0.4	ALL	Passerine__order
obj<aux> may	2.0	0.477	ALL	Passerine__order
ccomp<conj<obl> ...	2.0	0.33	ALL	Passerine__order
nmod<obj<nsubj> it	2.0	0.356	ALL	Passerine__order
conj<appos<goeswith> ...	2.0	0.24	ALL	Passerine__order
compound<list<compound> ...	2.0	0.295	ALL	Passerine__order
obl<conj>obl> range	2.0	0.2	ALL	Passerine__order
compound<compound<case> in	2.0	0.384	ALL	Passerine__order
conj<nsubj> species	2.0	0.27	ALL	Passerine__order
nsubj<appos>compound> ...	2.0	0.373	ALL	Passerine__order
conj<appos> Coloeus	2.0	0.645	ALL	Passerine__order
conj<conj>nmod> Europe	2.0	0.305	ALL	Passerine__order
nsubj<csubj>obl> ...	2.0	0.468	ALL	Passerine__order
nmod:poss<nsubj<parataxis> ...	2.0	0.253	ALL	Passerine__order
list<compound< ...	2.0	0.281	ALL	Passerine__order
appos>flat> monedula	2.0	0.612	ALL	Passerine__order
conj>nmod:poss> its	2.0	0.416	ALL	Passerine__order
obl<conj< pale	2.0	0.305	ALL	Passerine__order
nsubj<aux> do	2.0	0.583	ALL	Passerine__order
acl:relcl> contain	2.0	0.287	ALL	Passerine__order
acl:relcl>obj>det> a	2.0	0.351	ALL	Passerine__order
appos< range	2.0	0.333	ALL	Passerine__order
compound<list>compound> ...	2.0	0.416	ALL	Passerine__order
nsubj<advcl>advmod> often	2.0	0.436	ALL	Passerine__order
nsubj:pass<obl>det> this	2.0	0.601	ALL	Passerine__order
flat<appos> species	2.0	0.364	ALL	Passerine__order
flat<compound< warbler	2.0	0.408	ALL	Passerine__order
appos<appos> species	2.0	0.573	ALL	Passerine__order
compound>appos> species	2.0	0.36	ALL	Passerine__order
compound>appos> warbler	2.0	0.393	ALL	Passerine__order
compound<appos> bushtit	2.0	0.32	ALL	Passerine__order
flat<list>compound> ...	2.0	0.418	ALL	Passerine__order
compound<appos<compound< ...	2.0	0.453	ALL	Passerine__order
appos>appos> voice	2.0	0.388	ALL	Passerine__order
obj<obl> Spain	2.0	0.376	ALL	Passerine__order
compound<obl<nmod> ...	2.0	0.348	ALL	Passerine__order
compound<obl<amod> ...	2.0	0.411	ALL	Passerine__order
nmod<advmod<compound> ...	2.0	0.491	ALL	Passerine__order
nsubj:pass<obj>det> ...	2.0	0.369	ALL	Passerine__order
parataxis<nmod<compound> ...	2.0	0.229	ALL	Passerine__order
compound<parataxis<compound> ...	2.0	0.472	ALL	Passerine__order
nmod<nmod>amod> many	2.0	0.706	ALL	Passerine__order
nmod<nmod>case> to	2.0	0.4	ALL	Passerine__order
nmod<nmod<nummod> ...	2.0	0.231	ALL	Passerine__order
flat<conj<compound> ...	2.0	0.356	ALL	Passerine__order
obl>case> in	2.0	0.396	ALL	Passerine__order
obl>det> some	2.0	0.398	ALL	Passerine__order
list>list>amod> ...	2.0	0.239	ALL	Passerine__order
nsubj<obl>det> some	2.0	0.629	ALL	Passerine__order
nsubj<case> among	2.0	0.247	ALL	Passerine__order
amod>obl:npmod> large	2.0	0.246	ALL	Passerine__order
flat<conj<list> ...	2.0	0.479	ALL	Passerine__order
obl<parataxis>aux:pass> be	2.0	0.453	ALL	Passerine__order
flat<conj<nmod:poss> ...	2.0	0.629	ALL	Passerine__order
nsubj<advcl>mark> as	2.0	0.511	ALL	Passerine__order
nsubj<advcl>mark> though	2.0	0.557	ALL	Passerine__order
nmod<obj<acl< map	2.0	0.42	ALL	Passerine__order
flat<conj<cc> ...	2.0	0.35	ALL	Passerine__order
conj<nsubj> some	2.0	0.276	ALL	Passerine__order
conj<nsubj>nmod> warbler	2.0	0.217	ALL	Passerine__order
compound<conj<cc> ...	2.0	0.298	ALL	Passerine__order
compound<conj<conj< ...	2.0	0.495	ALL	Passerine__order
obj<acl:relcl<det> the	2.0	0.366	ALL	Passerine__order
appos<conj>compound> Canary	2.0	0.494	ALL	Passerine__order
appos<nsubj<acl:relcl> ...	2.0	0.438	ALL	Passerine__order
acl>obl>flat> ...	2.0	0.635	ALL	Passerine__order
compound<compound<case> of	2.0	0.38	ALL	Passerine__order
advcl<nsubj>amod> ...	2.0	0.439	ALL	Passerine__order
nmod<advcl>nsubj> ...	2.0	0.272	ALL	Passerine__order
nmod<obl<nsubj> it	2.0	0.444	ALL	Passerine__order
nmod<obl< belong	2.0	0.505	ALL	Passerine__order
nmod<advcl>mark> ...	2.0	0.424	ALL	Passerine__order
obl<advmod>advmod> most	2.0	0.397	ALL	Passerine__order
nmod<xcomp<advcl< ...	2.0	0.356	ALL	Passerine__order
nsubj<obl>advmod> much	2.0	0.424	ALL	Passerine__order
conj<obj<nsubj> animal	2.0	0.315	ALL	Passerine__order
appos<nmod<appos> ...	2.0	0.283	ALL	Passerine__order
conj>compound> Canary	2.0	0.275	ALL	Passerine__order
obj<acl:relcl<cop> be	2.0	0.7	ALL	Passerine__order
appos>compound> Chloris	2.0	0.445	ALL	Passerine__order
obl<advmod> not	2.0	0.381	ALL	Passerine__order
nmod<obj<nsubj> species	2.0	0.266	ALL	Passerine__order
obl<conj>acl> ...	2.0	0.289	ALL	Passerine__order
appos>nmod>amod> ...	2.0	0.447	ALL	Passerine__order
appos<list<flat> ...	2.0	0.334	ALL	Passerine__order
conj>nmod> prey	2.0	0.655	ALL	Passerine__order
appos<amod> common	2.0	0.549	ALL	Passerine__order
appos<compound> grasshopper	2.0	0.712	ALL	Passerine__order
appos<amod>obl:npmod> ...	2.0	0.583	ALL	Passerine__order
nmod<nmod<advmod> often	2.0	0.406	ALL	Passerine__order
acl:relcl>nsubj> they	2.0	0.419	ALL	Passerine__order
flat<conj>cc> ...	2.0	0.22	ALL	Passerine__order
conj<obl< know	2.0	0.523	ALL	Passerine__order
conj>appos>flat> ...	2.0	0.476	ALL	Passerine__order
compound<appos<case> of	2.0	0.288	ALL	Passerine__order
nmod<nsubj< include	2.0	0.409	ALL	Passerine__order
list<appos>amod> ...	2.0	0.37	ALL	Passerine__order
obj<nsubj>amod> avian	2.0	0.265	ALL	Passerine__order
obj<nsubj> prey	2.0	0.401	ALL	Passerine__order
nmod>amod> open	2.0	0.489	ALL	Passerine__order
list<compound>nmod:poss> ...	2.0	0.343	ALL	Passerine__order
obj<parataxis>advmod> i.e.	2.0	0.396	ALL	Passerine__order
obj<parataxis> sparrow	2.0	0.318	ALL	Passerine__order
obj<parataxis>conj> lark	2.0	0.326	ALL	Passerine__order
obj<parataxis>conj> pipit	2.0	0.323	ALL	Passerine__order
list<compound>cc> ...	2.0	0.344	ALL	Passerine__order
obj<conj> shorebird	2.0	0.336	ALL	Passerine__order
obj<conj>det> the	2.0	0.471	ALL	Passerine__order
obj<conj> young	2.0	0.313	ALL	Passerine__order
obj<conj>nmod> waterfowl	2.0	0.361	ALL	Passerine__order
conj<parataxis<compound< ...	2.0	0.442	ALL	Passerine__order
conj>cc>fixed> ...	2.0	0.511	ALL	Passerine__order
obl<conj>cop> ...	2.0	0.574	ALL	Passerine__order
appos<obl<cc> ...	2.0	0.454	ALL	Passerine__order
ccomp<nsubj>amod> ...	2.0	0.438	ALL	Passerine__order
obl<mark> as	2.0	0.626	ALL	Passerine__order
obl<acl<nmod> crow	2.0	0.225	ALL	Passerine__order
obj<nsubj>amod> prefer	2.0	0.216	ALL	Passerine__order
list<compound>compound> ...	2.0	0.425	ALL	Passerine__order
list<compound>list> ...	2.0	0.396	ALL	Passerine__order
compound<compound<appos< ...	2.0	0.413	ALL	Passerine__order
nmod>appos>nmod> ...	2.0	0.284	ALL	Passerine__order
nsubj<conj> move	2.0	0.368	ALL	Passerine__order
nsubj<advcl> avoid	2.0	0.513	ALL	Passerine__order
obl:npmod<amod<det> the	2.0	0.764	ALL	Passerine__order
obj<xcomp<cop> ...	2.0	0.484	ALL	Passerine__order
compound<parataxis<conj> ...	2.0	0.282	ALL	Passerine__order
appos<appos>conj> ...	2.0	0.403	ALL	Passerine__order
nmod<nmod<nmod< bird	2.0	0.201	ALL	Passerine__order
nmod<nmod< size	2.0	0.41	ALL	Passerine__order
acl:relcl>conj>nmod> ...	2.0	0.396	ALL	Passerine__order
nsubj:pass<appos>compound> ...	2.0	0.333	ALL	Passerine__order
conj<obl<mark> ...	2.0	0.351	ALL	Passerine__order
conj<obl<ccomp< ...	2.0	0.49	ALL	Passerine__order
nmod<nmod>case> such	2.0	0.456	ALL	Passerine__order
list<obl:npmod<amod< ...	2.0	0.343	ALL	Passerine__order
list<obl:npmod< ...	2.0	0.288	ALL	Passerine__order
conj<appos>nummod> ...	2.0	0.389	ALL	Passerine__order
nmod>compound> bird	2.0	0.324	ALL	Passerine__order
nmod:poss<obl<nsubj:pass> ...	2.0	0.301	ALL	Passerine__order
nsubj<parataxis>parataxis> ...	2.0	0.629	ALL	Passerine__order
nsubj<parataxis>det> ...	2.0	0.612	ALL	Passerine__order
nmod:poss<nsubj>nmod> ...	2.0	0.346	ALL	Passerine__order
obj<xcomp>obj> ...	2.0	0.552	ALL	Passerine__order
obj<xcomp>mark> ...	2.0	0.216	ALL	Passerine__order
conj<conj>nsubj> guinea	2.0	0.446	ALL	Passerine__order
obj<parataxis<conj> ...	2.0	0.314	ALL	Passerine__order
compound<appos<nmod> sparrow	2.0	0.401	ALL	Passerine__order
compound<appos<nmod> centimetre	2.0	0.181	ALL	Passerine__order
appos<obl>det> the	2.0	0.489	ALL	Passerine__order
conj<obj>det> the	2.0	0.371	ALL	Passerine__order
conj<obj>det> a	2.0	0.349	ALL	Passerine__order
nmod<conj<compound> ...	2.0	0.185	ALL	Passerine__order
nmod<nsubj:pass<ccomp> ...	2.0	0.408	ALL	Passerine__order
nmod>nmod> species	2.0	0.477	ALL	Passerine__order
list< Papilio	2.0	0.441	ALL	Passerine__order
list<flat>punct> ambrax	2.0	0.505	ALL	Passerine__order
list<flat> Boisduval	2.0	0.417	ALL	Passerine__order
list<list> 1832	2.0	0.323	ALL	Passerine__order
list<list>compound> Ambrax	2.0	0.285	ALL	Passerine__order
nsubj>conj>cc> and	2.0	0.427	ALL	Passerine__order
obj<advcl<nsubj> ...	2.0	0.151	ALL	Passerine__order
conj>obl>case> in	2.0	0.422	ALL	Passerine__order
nsubj<appos>nummod> ...	2.0	0.418	ALL	Passerine__order
conj<conj>nmod> site	2.0	0.204	ALL	Passerine__order
nsubj<ccomp<acl:relcl< ...	2.0	0.156	ALL	Passerine__order
nsubj:pass<obl>amod> vocal	2.0	0.476	ALL	Passerine__order
nsubj:pass<obl> ability	2.0	0.595	ALL	Passerine__order
nsubj<obl>amod> recent	2.0	0.144	ALL	Passerine__order
obj<nsubj>advmod> ...	2.0	0.588	ALL	Passerine__order
nmod<appos<conj> ...	2.0	0.281	ALL	Passerine__order
conj<amod>advmod> black	2.0	0.273	ALL	Passerine__order
compound<nmod<case> for	2.0	0.291	ALL	Passerine__order
conj<advcl<nsubj:pass> ...	2.0	0.441	ALL	Passerine__order
nmod<appos<goeswith> ...	2.0	0.349	ALL	Passerine__order
nsubj<ccomp>conj> ...	2.0	0.315	ALL	Passerine__order
conj>nmod>case> on	2.0	0.461	ALL	Passerine__order
nsubj<conj<ccomp< ...	2.0	0.254	ALL	Passerine__order
advcl>nsubj> they	2.0	0.492	ALL	Passerine__order
advcl>conj>cc> and	2.0	0.252	ALL	Passerine__order
conj<mark> as	2.0	0.319	ALL	Passerine__order
conj<nmod>case> among	2.0	0.455	ALL	Passerine__order
nmod:poss<nsubj<nmod> ...	2.0	0.36	ALL	Passerine__order
list<list> butterfly	2.0	0.471	ALL	Passerine__order
list<list> Papilio	2.0	0.34	ALL	Passerine__order
list<list> phestus	2.0	0.375	ALL	Passerine__order
list<list> guérin-	2.0	0.366	ALL	Passerine__order
appos>nmod:poss>compound> Parotia	2.0	0.524	ALL	Passerine__order
obl<advcl>mark> although	2.0	0.527	ALL	Passerine__order
appos<obj> ...	2.0	0.447	ALL	Passerine__order
nsubj<obj>nummod> ...	2.0	0.26	ALL	Passerine__order
appos<amod> great	2.0	0.517	ALL	Passerine__order
nsubj<conj> those	2.0	0.329	ALL	Passerine__order
nsubj:pass<conj>advcl> ...	2.0	0.358	ALL	Passerine__order
obj<conj>appos> ...	2.0	0.215	ALL	Passerine__order
appos>compound> family	2.0	0.639	ALL	Passerine__order
nsubj<conj<amod> ...	2.0	0.165	ALL	Passerine__order
conj<appos>compound> family	2.0	0.363	ALL	Passerine__order
conj<appos> Corvida	2.0	0.549	ALL	Passerine__order
conj<obl<nsubj:pass> parrot	2.0	0.388	ALL	Passerine__order
conj<obl< consider	2.0	0.278	ALL	Passerine__order
conj<obl<obj> intelligent	2.0	0.361	ALL	Passerine__order
nsubj<conj>ccomp> ...	2.0	0.405	ALL	Passerine__order
nsubj<obj>obl> ...	2.0	0.315	ALL	Passerine__order
nmod<conj<cop> ...	2.0	0.355	ALL	Passerine__order
nmod:poss<obl<aux:pass> ...	2.0	0.673	ALL	Passerine__order
conj<appos> parotia	2.0	0.453	ALL	Passerine__order
list<appos> 1879	2.0	0.366	ALL	Passerine__order
list<flat> Moore	2.0	0.447	ALL	Passerine__order
nsubj:pass<advcl>nsubj:pass> ...	2.0	0.374	ALL	Passerine__order
list<list> Méneville	2.0	0.335	ALL	Passerine__order
list<list>nummod> 1830	2.0	0.618	ALL	Passerine__order
compound>nmod>compound> ...	2.0	0.319	ALL	Passerine__order
nsubj<appos>advmod> ...	2.0	0.369	ALL	Passerine__order
list<list> Linnaeus	2.0	0.336	ALL	Passerine__order
list<list> 1758	2.0	0.329	ALL	Passerine__order
nsubj:pass<advcl>aux:pass> ...	2.0	0.299	ALL	Passerine__order
list<list>amod> mormon	2.0	0.36	ALL	Passerine__order
list<list>compound> species	2.0	0.264	ALL	Passerine__order
list<list> group	2.0	0.277	ALL	Passerine__order
list<flat> mahadeva	2.0	0.438	ALL	Passerine__order
list<appos>compound> castor	2.0	0.268	ALL	Passerine__order
list<appos> Papilio	2.0	0.394	ALL	Passerine__order
list<list>compound> castor	2.0	0.386	ALL	Passerine__order
nsubj<obl:npmod>det> ...	2.0	0.358	ALL	Passerine__order
list<appos> 1880	2.0	0.33	ALL	Passerine__order
nsubj<acl:relcl<nummod> ...	2.0	0.241	ALL	Passerine__order
list<flat>compound> Papilio	2.0	0.42	ALL	Passerine__order
nmod>compound>nmod> paradise	2.0	0.328	ALL	Passerine__order
obj<advcl<mark> ...	2.0	0.332	ALL	Passerine__order
amod<nmod>conj> ...	2.0	0.337	ALL	Passerine__order
amod<obl<nsubj> ...	2.0	0.35	ALL	Passerine__order
amod<nmod<case> ...	2.0	0.494	ALL	Passerine__order
amod<conj>obl> ...	2.0	0.343	ALL	Passerine__order
amod<conj>aux> ...	2.0	0.232	ALL	Passerine__order
amod<conj<nmod< ...	2.0	0.313	ALL	Passerine__order
obl<ccomp>obj> ...	2.0	0.196	ALL	Passerine__order
obl<ccomp>nsubj> ...	2.0	0.183	ALL	Passerine__order
nmod>nmod>conj> ...	2.0	0.373	ALL	Passerine__order
amod<nmod>compound> ...	2.0	0.335	ALL	Passerine__order
amod<nmod<obj< ...	2.0	0.346	ALL	Passerine__order
amod<nmod<nsubj< ...	2.0	0.195	ALL	Passerine__order
appos<appos>compound> Passer	2.0	0.212	ALL	Passerine__order
amod<parataxis> ...	2.0	0.283	ALL	Passerine__order
amod<parataxis>nsubj> ...	2.0	0.409	ALL	Passerine__order
amod<nsubj<advcl> ...	2.0	0.234	ALL	Passerine__order
amod<nsubj<obl> ...	2.0	0.373	ALL	Passerine__order
amod<conj>det> ...	2.0	0.505	ALL	Passerine__order
amod<conj<cop> ...	2.0	0.559	ALL	Passerine__order
obj<advcl<acl< ...	2.0	0.198	ALL	Passerine__order
obj<advcl<obj> ...	2.0	0.474	ALL	Passerine__order
obj<advcl<cop> ...	2.0	0.303	ALL	Passerine__order
nmod<acl:relcl>cop> be	2.0	0.29	ALL	Passerine__order
nmod<conj>cc> but	2.0	0.192	ALL	Passerine__order
compound<appos<amod> common	2.0	0.241	ALL	Passerine__order
obl<parataxis<aux:pass> be	2.0	0.412	ALL	Passerine__order
nmod:poss< tail	2.0	0.3	ALL	Passerine__order
compound<nmod<conj< ...	2.0	0.368	ALL	Passerine__order
nsubj:pass<obl>amod> many	2.0	0.576	ALL	Passerine__order
nsubj<mark> where	2.0	0.409	ALL	Passerine__order
nsubj<obj>amod> natural	2.0	0.476	ALL	Passerine__order
conj<appos<appos< ...	2.0	0.599	ALL	Passerine__order
obj<nsubj>nmod:poss> ...	2.0	0.303	ALL	Passerine__order
compound<case>fixed> as	2.0	0.426	ALL	Passerine__order
conj<nmod>case> include	2.0	0.42	ALL	Passerine__order
nsubj<nmod>compound> passerine	2.0	0.395	ALL	Passerine__order
amod<obj<ccomp< ...	2.0	0.47	ALL	Passerine__order
obj<ccomp<nsubj> ...	2.0	0.351	ALL	Passerine__order
amod<obj<cc> ...	2.0	0.476	ALL	Passerine__order
amod<obj<conj< ...	2.0	0.249	ALL	Passerine__order
compound<appos<case> with	2.0	0.276	ALL	Passerine__order
conj<obj<nsubj> Holarctic	2.0	0.27	ALL	Passerine__order
conj<obj< have	2.0	0.44	ALL	Passerine__order
conj<nummod> four	2.0	0.458	ALL	Passerine__order
conj<appos> Tetraoninae	2.0	0.392	ALL	Passerine__order
conj<conj>appos> Alcidae	2.0	0.326	ALL	Passerine__order
acl:relcl<obl<aux> ...	2.0	0.428	ALL	Passerine__order
conj<nsubj:pass<advmod> typically	2.0	0.519	ALL	Passerine__order
nmod<obl<ccomp> ...	2.0	0.259	ALL	Passerine__order
nsubj<acl>aux:pass> ...	2.0	0.247	ALL	Passerine__order
conj<obj<advmod> specifically	2.0	0.46	ALL	Passerine__order
conj<obj< note	2.0	0.419	ALL	Passerine__order
conj<appos>amod> bill	2.0	0.311	ALL	Passerine__order
nsubj:pass<advcl>case> ...	2.0	0.116	ALL	Passerine__order
conj<appos> chough	2.0	0.701	ALL	Passerine__order
appos<nmod>case> for	2.0	0.543	ALL	Passerine__order
nmod<obl>nmod:poss> ...	2.0	0.34	ALL	Passerine__order
nsubj:pass<advcl<nmod> ...	2.0	0.348	ALL	Passerine__order
cc:preconj> ...	2.0	0.334	ALL	Passerine__order
advcl>obl>amod> ...	2.0	0.503	ALL	Passerine__order
appos<conj<cop> be	2.0	0.427	ALL	Passerine__order
appos<conj<conj> sparrow	2.0	0.51	ALL	Passerine__order
compound<appos<conj> finch	2.0	0.426	ALL	Passerine__order
amod<nsubj<advmod> ...	2.0	0.378	ALL	Passerine__order
obl<advcl>mark> since	2.0	0.37	ALL	Passerine__order
obl<advcl>aux:pass> be	2.0	0.331	ALL	Passerine__order
appos<obj< have	2.0	0.568	ALL	Passerine__order
obl<obj>appos> ...	2.0	0.26	ALL	Passerine__order
conj<obj<conj> jay	2.0	0.514	ALL	Passerine__order
appos<amod> Eurasian	2.0	0.376	ALL	Passerine__order
conj<cc> and	2.0	0.383	ALL	Passerine__order
advcl>conj>obl> ...	2.0	0.534	ALL	Passerine__order
nmod<nmod> Britain	2.0	0.485	ALL	Passerine__order
nsubj:pass<appos>amod> ...	2.0	0.483	ALL	Passerine__order
nsubj:pass<advmod> often	2.0	0.519	ALL	Passerine__order
nmod<conj<det> a	2.0	0.536	ALL	Passerine__order
nsubj<nmod>nmod> cm	2.0	0.456	ALL	Passerine__order
nsubj<conj> weight	2.0	0.616	ALL	Passerine__order
obj<conj> bird	2.0	0.308	ALL	Passerine__order
nsubj<nmod> Fringillidae	2.0	0.401	ALL	Passerine__order
conj>amod> european	2.0	0.509	ALL	Passerine__order
nsubj:pass<ccomp<nsubj> ...	2.0	0.368	ALL	Passerine__order
conj<obj<acl:relcl< bird	2.0	0.285	ALL	Passerine__order
conj<obj< contain	2.0	0.417	ALL	Passerine__order
conj<nmod<nmod< one	2.0	0.683	ALL	Passerine__order
conj<nmod<amod> common	2.0	0.27	ALL	Passerine__order
conj<nmod<amod> black	2.0	0.36	ALL	Passerine__order
conj<appos>compound> Carduelis	2.0	0.445	ALL	Passerine__order
nsubj:pass<appos> ...	2.0	0.352	ALL	Passerine__order
nsubj<conj>amod> central	2.0	0.59	ALL	Passerine__order
nmod<nmod<cc> and	2.0	0.486	ALL	Passerine__order
nmod>nmod>nmod:poss> ...	2.0	0.339	ALL	Passerine__order
nsubj<acl>mark> to	2.0	0.349	ALL	Passerine__order
obl<conj>aux> have	2.0	0.3	ALL	Passerine__order
nmod<conj< Fringilla	2.0	0.326	ALL	Passerine__order
nmod<conj<conj> species	2.0	0.237	ALL	Passerine__order
nmod<conj<conj> Subfamily	2.0	0.327	ALL	Passerine__order
obl<parataxis>obj> ...	2.0	0.347	ALL	Passerine__order
list<conj>cc> and	2.0	0.294	ALL	Passerine__order
conj<obj<nsubj> relative	2.0	0.429	ALL	Passerine__order
conj<obj<conj> favor	2.0	0.469	ALL	Passerine__order
nsubj<conj> carry	2.0	0.373	ALL	Passerine__order
nsubj<conj>obj> haematozoan	2.0	0.524	ALL	Passerine__order
conj<nmod<amod> English	2.0	0.264	ALL	Passerine__order
conj<compound> carrion	2.0	0.559	ALL	Passerine__order
obl<conj>cop> be	2.0	0.574	ALL	Passerine__order
compound<nmod>nmod:poss> ...	2.0	0.443	ALL	Passerine__order
nsubj:pass<xcomp>cop> ...	2.0	0.287	ALL	Passerine__order
conj>nmod>nmod> ...	2.0	0.386	ALL	Passerine__order
conj<conj>obl:npmod> bistrigicep	2.0	0.443	ALL	Passerine__order
conj<conj>nmod:poss> agricola	2.0	0.295	ALL	Passerine__order
nsubj<amod> large	2.0	0.259	ALL	Passerine__order
nmod<nmod<case> as	2.0	0.318	ALL	Passerine__order
nsubj:pass<obl> edition	2.0	0.752	ALL	Passerine__order
nmod:poss<obl< place	2.0	0.492	ALL	Passerine__order
nsubj>compound> wood	2.0	0.603	ALL	Passerine__order
nsubj>appos>compound> Phylloscopus	2.0	0.376	ALL	Passerine__order
acl:relcl>obl>case> throughout	2.0	0.367	ALL	Passerine__order
obl<parataxis<aux> ...	2.0	0.405	ALL	Passerine__order
appos<nsubj<nmod> ...	2.0	0.205	ALL	Passerine__order
appos<acl>obl> ...	2.0	0.323	ALL	Passerine__order
nmod<nummod> six	2.0	0.382	ALL	Passerine__order
nsubj:pass<xcomp>amod> ...	2.0	0.232	ALL	Passerine__order
list<obl:npmod<amod< raven	2.0	0.343	ALL	Passerine__order
obl<conj<appos> ...	2.0	0.278	ALL	Passerine__order
list<obl:npmod< neck	2.0	0.288	ALL	Passerine__order
conj<parataxis< Cyanopica	2.0	0.563	ALL	Passerine__order
obl<conj<mark> ...	2.0	0.18	ALL	Passerine__order
conj<parataxis<conj> crow	2.0	0.25	ALL	Passerine__order
conj<parataxis<flat> Genus	2.0	0.445	ALL	Passerine__order
conj<parataxis<flat> Corvus	2.0	0.534	ALL	Passerine__order
conj<parataxis<flat> Australian	2.0	0.599	ALL	Passerine__order
conj<parataxis<compound< crow	2.0	0.442	ALL	Passerine__order
list<compound>cc> Corvus	2.0	0.344	ALL	Passerine__order
list<compound>nmod:poss> kubaryi	2.0	0.343	ALL	Passerine__order
list<compound>compound> species	2.0	0.425	ALL	Passerine__order
list<compound>amod> jungle	2.0	0.348	ALL	Passerine__order
list<compound> crow	2.0	0.397	ALL	Passerine__order
nmod<obl<advcl< ...	2.0	0.264	ALL	Passerine__order
list<compound>conj> species	2.0	0.276	ALL	Passerine__order
list<compound>appos> cornix	2.0	0.42	ALL	Passerine__order
list<compound>list> Corvus	2.0	0.396	ALL	Passerine__order
list<compound>appos> corone	2.0	0.346	ALL	Passerine__order
list< orientalis	2.0	0.41	ALL	Passerine__order
list<flat> Rook	2.0	0.344	ALL	Passerine__order
list<list>compound> monedula	2.0	0.271	ALL	Passerine__order
list<list>amod> tail	2.0	0.303	ALL	Passerine__order
nsubj<nmod>amod> european	2.0	0.427	ALL	Passerine__order
obj<acl:relcl<obl< ...	2.0	0.32	ALL	Passerine__order
nsubj:pass<conj>xcomp> ...	2.0	0.323	ALL	Passerine__order
obj<xcomp<advmod> ...	2.0	0.329	ALL	Passerine__order
appos>conj>nummod> ...	2.0	0.467	ALL	Passerine__order
acl:relcl>ccomp>obl> ...	2.0	0.396	ALL	Passerine__order
acl:relcl>ccomp> ...	2.0	0.501	ALL	Passerine__order
acl:relcl>ccomp>advmod> ...	2.0	0.396	ALL	Passerine__order
acl:relcl>ccomp>nsubj> ...	2.0	0.403	ALL	Passerine__order
conj<appos<nsubj> ...	2.0	0.552	ALL	Passerine__order
acl:relcl>obl>compound> ...	2.0	0.431	ALL	Passerine__order
acl:relcl>obj>compound> ...	2.0	0.324	ALL	Passerine__order
nsubj<compound:prt> ...	2.0	0.438	ALL	Passerine__order
compound>compound>compound> ...	2.0	0.257	ALL	Passerine__order
conj>xcomp>obl> ...	2.0	0.145	ALL	Passerine__order
conj>xcomp>mark> ...	2.0	0.538	ALL	Passerine__order
compound<nmod>nummod> ...	2.0	0.419	ALL	Passerine__order
parataxis>obj> ...	2.0	0.268	ALL	Passerine__order
nmod<appos<obj> ...	2.0	0.341	ALL	Passerine__order
appos<nmod:poss>case> ...	2.0	0.239	ALL	Passerine__order
flat<conj<cc> Corvus	2.0	0.35	ALL	Passerine__order
flat<conj<nmod:poss> kubaryi	2.0	0.629	ALL	Passerine__order
flat<conj<compound> species	2.0	0.356	ALL	Passerine__order
flat<conj<amod> jungle	2.0	0.294	ALL	Passerine__order
flat<conj< crow	2.0	0.34	ALL	Passerine__order
obl<parataxis<advmod> ...	2.0	0.39	ALL	Passerine__order
nsubj:pass<parataxis<nsubj> ...	2.0	0.228	ALL	Passerine__order
flat<conj<conj> species	2.0	0.537	ALL	Passerine__order
nsubj:pass<conj>compound> ...	2.0	0.419	ALL	Passerine__order
parataxis<parataxis>conj> ...	2.0	0.349	ALL	Passerine__order
parataxis<parataxis>obj> ...	2.0	0.394	ALL	Passerine__order
parataxis<parataxis> ...	2.0	0.647	ALL	Passerine__order
list< Corvus	2.0	0.574	ALL	Passerine__order
parataxis<parataxis>nsubj> ...	2.0	0.305	ALL	Passerine__order
compound<conj<conj< crow	2.0	0.495	ALL	Passerine__order
compound<conj<cc> Corvus	2.0	0.298	ALL	Passerine__order
parataxis<obl>nmod> ...	2.0	0.557	ALL	Passerine__order
compound<nmod:poss> levaillantii	2.0	0.189	ALL	Passerine__order
appos>compound>compound> Corvus	2.0	0.256	ALL	Passerine__order
appos<cc>fixed> ...	2.0	0.362	ALL	Passerine__order
nmod<nsubj<compound:prt> ...	2.0	0.526	ALL	Passerine__order
nmod<advmod>advmod> ...	2.0	0.637	ALL	Passerine__order
parataxis<conj>det> ...	2.0	0.335	ALL	Passerine__order
parataxis<obl>conj> ...	2.0	0.382	ALL	Passerine__order
compound<conj<amod> Collar	2.0	0.373	ALL	Passerine__order
parataxis<advcl>obl> ...	2.0	0.195	ALL	Passerine__order
parataxis<advcl>mark> ...	2.0	0.46	ALL	Passerine__order
compound<nsubj<nsubj> ...	2.0	0.234	ALL	Passerine__order
nsubj<nsubj>amod> ...	2.0	0.371	ALL	Passerine__order
flat< Corvus	2.0	0.314	ALL	Passerine__order
flat<conj<appos> cornix	2.0	0.335	ALL	Passerine__order
appos<nsubj:pass>amod> ...	2.0	0.522	ALL	Passerine__order
obl<xcomp<nsubj:pass> spread	2.0	0.32	ALL	Passerine__order
obl<advcl>nsubj> number	2.0	0.423	ALL	Passerine__order
obl<advcl> breed	2.0	0.375	ALL	Passerine__order
obl<advcl>obl> Europe	2.0	0.388	ALL	Passerine__order
appos>compound> Fringilla	2.0	0.676	ALL	Passerine__order
nsubj>appos>flat> ...	2.0	0.298	ALL	Passerine__order
appos<nmod<compound> ...	2.0	0.34	ALL	Passerine__order
nsubj<parataxis>conj> ...	2.0	0.354	ALL	Passerine__order
conj<nmod<appos< ...	2.0	0.199	ALL	Passerine__order
nmod<xcomp<obl> ...	2.0	0.406	ALL	Passerine__order
obj< keep	2.0	0.356	ALL	Passerine__order
compound<conj<parataxis> ...	2.0	0.365	ALL	Passerine__order
compound<conj<cop> ...	2.0	0.355	ALL	Passerine__order
compound<obl<advcl< ...	2.0	0.308	ALL	Passerine__order
nmod<acl:relcl<case> ...	2.0	0.319	ALL	Passerine__order
appos<obl>amod> ...	2.0	0.323	ALL	Passerine__order
obl<xcomp< believe	2.0	0.466	ALL	Passerine__order
compound<compound>amod> ...	2.0	0.399	ALL	Passerine__order
flat<conj<list> Corvus	2.0	0.479	ALL	Passerine__order
obl<parataxis<cop> ...	2.0	0.319	ALL	Passerine__order
flat<conj<appos> corone	2.0	0.388	ALL	Passerine__order
flat<conj<compound< orientalis	2.0	0.462	ALL	Passerine__order
appos<compound<compound> ...	2.0	0.293	ALL	Passerine__order
appos<nmod>nmod> ...	2.0	0.473	ALL	Passerine__order
compound<compound<compound< ...	2.0	0.27	ALL	Passerine__order
compound<obl<advcl> ...	2.0	0.364	ALL	Passerine__order
nmod<obj<aux> ...	2.0	0.383	ALL	Passerine__order
conj<advcl>conj> ...	2.0	0.244	ALL	Passerine__order
obj<nsubj>nummod> ...	2.0	0.406	ALL	Passerine__order
obl<acl<nummod> ...	2.0	0.295	ALL	Passerine__order
obl<acl<appos< ...	2.0	0.473	ALL	Passerine__order
compound<obl<xcomp< ...	2.0	0.38	ALL	Passerine__order
nsubj:pass<conj<advmod> ...	2.0	0.385	ALL	Passerine__order
nsubj:pass<conj<xcomp< ...	2.0	0.341	ALL	Passerine__order
obj<obl>flat> ...	2.0	0.436	ALL	Passerine__order
obj<det> ...	2.0	0.671	ALL	Passerine__order
nmod>compound> carrion	2.0	0.426	ALL	Passerine__order
compound<obl<cc> ...	2.0	0.332	ALL	Passerine__order
compound<obl<conj< ...	2.0	0.316	ALL	Passerine__order
conj>flat> crow	2.0	0.258	ALL	Passerine__order
conj>nmod:poss>case> ...	2.0	0.711	ALL	Passerine__order
conj<advcl>mark> to	2.0	0.327	ALL	Passerine__order
obj<xcomp<cop> be	2.0	0.484	ALL	Passerine__order
obj<nsubj>appos> Corvus	2.0	0.534	ALL	Passerine__order
obj<obl>appos> crow	2.0	0.32	ALL	Passerine__order
obl<nsubj>appos> Corvus	2.0	0.347	ALL	Passerine__order
nsubj:pass<obl>conj> starling	2.0	0.463	ALL	Passerine__order
nmod>amod> square	2.0	0.486	ALL	Passerine__order
appos>nmod>case> per	2.0	0.196	ALL	Passerine__order
appos>nmod>amod> square	2.0	0.447	ALL	Passerine__order
appos>nmod> mile	2.0	0.41	ALL	Passerine__order
compound<appos<compound> wood	2.0	0.402	ALL	Passerine__order
compound<appos< warbler	2.0	0.532	ALL	Passerine__order
conj<aux:pass> ...	2.0	0.398	ALL	Passerine__order
conj<nsubj:pass> ...	2.0	0.374	ALL	Passerine__order
appos>conj>conj> ...	2.0	0.363	ALL	Passerine__order
nmod<nsubj<ccomp> ...	2.0	0.481	ALL	Passerine__order
nmod<amod>compound> ...	2.0	0.287	ALL	Passerine__order
flat<compound>compound> ...	2.0	0.651	ALL	Passerine__order
flat<nsubj<obj> ...	2.0	0.245	ALL	Passerine__order
parataxis<conj> magpie	2.0	0.377	ALL	Passerine__order
appos<appos>nmod> wild	2.0	0.395	ALL	Passerine__order
nmod<xcomp<advmod> ...	2.0	0.338	ALL	Passerine__order
obl<conj>case> ...	2.0	0.167	ALL	Passerine__order
flat<conj>amod> head	2.0	0.353	ALL	Passerine__order
flat<flat>compound> Corvus	2.0	0.431	ALL	Passerine__order
flat<flat> Bougainville	2.0	0.524	ALL	Passerine__order
flat<flat> crow	2.0	0.6	ALL	Passerine__order
appos<obj>appos> Pica	2.0	0.793	ALL	Passerine__order
compound>conj> magpie	2.0	0.269	ALL	Passerine__order
nsubj<obl>appos> crow	2.0	0.378	ALL	Passerine__order
appos<obl<conj< moneduloides	2.0	0.377	ALL	Passerine__order
appos<obl<nsubj> crow	2.0	0.169	ALL	Passerine__order
appos<obl< tristis	2.0	0.344	ALL	Passerine__order
appos<obl<obj> crow	2.0	0.486	ALL	Passerine__order
appos<case> validus	2.0	0.271	ALL	Passerine__order
appos<amod>obl:npmod> White	2.0	0.583	ALL	Passerine__order
appos<amod> bill	2.0	0.469	ALL	Passerine__order
appos<appos>compound> species	2.0	0.27	ALL	Passerine__order
appos<appos>compound> Corvus	2.0	0.338	ALL	Passerine__order
appos<appos> hawaiiensis	2.0	0.503	ALL	Passerine__order
appos<appos>amod> Corvus	2.0	0.234	ALL	Passerine__order
appos<appos> tropicus	2.0	0.506	ALL	Passerine__order
appos<nsubj>appos> ...	2.0	0.484	ALL	Passerine__order
nmod<xcomp<aux:pass> ...	2.0	0.421	ALL	Passerine__order
flat<conj>cc> Corvus	2.0	0.22	ALL	Passerine__order
conj<nsubj<acl> ...	2.0	0.568	ALL	Passerine__order
conj<acl:relcl>nsubj> ...	2.0	0.438	ALL	Passerine__order
flat<appos<amod> ...	2.0	0.359	ALL	Passerine__order
obj<acl<amod> ...	2.0	0.489	ALL	Passerine__order
nmod<nmod>acl:relcl> ...	2.0	0.443	ALL	Passerine__order
obj<conj>nsubj> ...	2.0	0.424	ALL	Passerine__order
nsubj<obj>flat> ...	2.0	0.493	ALL	Passerine__order
nsubj<acl:relcl>aux> ...	2.0	0.376	ALL	Passerine__order
compound<appos<list> ...	2.0	0.324	ALL	Passerine__order
compound<appos<acl:relcl> ...	2.0	0.436	ALL	Passerine__order
conj>conj>parataxis> ...	2.0	0.498	ALL	Passerine__order
compound<amod>compound> ...	2.0	0.426	ALL	Passerine__order
acl:relcl>nsubj>compound> ...	2.0	0.19	ALL	Passerine__order
conj<nmod:poss>case> ...	2.0	0.58	ALL	Passerine__order
obj<acl:relcl> ...	2.0	0.485	ALL	Passerine__order
nsubj>acl> ...	2.0	0.444	ALL	Passerine__order
nsubj>nummod> ...	2.0	0.216	ALL	Passerine__order
compound<nsubj:pass<aux> ...	2.0	0.18	ALL	Passerine__order
compound<nsubj:pass<nsubj:pass> ...	2.0	0.469	ALL	Passerine__order
nsubj:pass<xcomp>conj> ...	2.0	0.289	ALL	Passerine__order
nsubj:pass<nsubj:pass>det> ...	2.0	0.462	ALL	Passerine__order
flat<compound<appos< ...	2.0	0.279	ALL	Passerine__order
conj<acl:relcl> ...	2.0	0.276	ALL	Passerine__order
nmod<nmod<appos> ...	2.0	0.282	ALL	Passerine__order
nmod<xcomp<nsubj:pass> ...	2.0	0.322	ALL	Passerine__order
nsubj<obl>nmod:npmod> ...	2.0	0.491	ALL	Passerine__order
conj<appos>det> ...	2.0	0.255	ALL	Passerine__order
conj<obj<acl< ...	2.0	0.42	ALL	Passerine__order
obl<amod<nummod> ...	2.0	0.449	ALL	Passerine__order
nsubj<conj>mark> ...	2.0	0.395	ALL	Passerine__order
nsubj<nmod>advmod> ...	2.0	0.514	ALL	Passerine__order
obl<case> ...	2.0	0.431	ALL	Passerine__order
conj<nmod<obl> ...	2.0	0.336	ALL	Passerine__order
conj<conj<det> ...	2.0	0.436	ALL	Passerine__order
conj<conj<case> ...	2.0	0.314	ALL	Passerine__order
compound<conj<acl> ...	2.0	0.173	ALL	Passerine__order
compound<cc>fixed> ...	2.0	0.712	ALL	Passerine__order
nmod<nsubj>nmod> ...	2.0	0.333	ALL	Passerine__order
obl<advcl>cop> ...	2.0	0.617	ALL	Passerine__order
compound<nmod<acl:relcl> ...	2.0	0.211	ALL	Passerine__order
compound<nmod<acl> ...	2.0	0.292	ALL	Passerine__order
obl<acl:relcl<cop> ...	2.0	0.497	ALL	Passerine__order
obl<acl:relcl<nsubj> ...	2.0	0.362	ALL	Passerine__order
obl<obj>nummod> ...	2.0	0.268	ALL	Passerine__order
appos<nmod<cop> ...	2.0	0.317	ALL	Passerine__order
appos<nmod<nsubj> ...	2.0	0.44	ALL	Passerine__order
conj<nsubj<parataxis> ...	2.0	0.19	ALL	Passerine__order
flat<conj>amod> Brown	2.0	0.287	ALL	Passerine__order
flat< Bismarck	2.0	0.274	ALL	Passerine__order
nmod>nmod>case> from	2.0	0.482	ALL	Passerine__order
nmod<conj> jay	2.0	0.52	ALL	Passerine__order
nmod<conj> chaffinch	2.0	0.643	ALL	Passerine__order
nmod<conj>amod> european	2.0	0.445	ALL	Passerine__order
nmod<conj> greenfinch	2.0	0.42	ALL	Passerine__order
nmod<conj>compound> saffron	2.0	0.456	ALL	Passerine__order
nmod<conj> finch	2.0	0.44	ALL	Passerine__order
nmod<conj>amod> blue	2.0	0.524	ALL	Passerine__order
nmod<conj> tits	2.0	0.545	ALL	Passerine__order
nmod<conj> linnet	2.0	0.451	ALL	Passerine__order
nmod<advcl>mark> although	2.0	0.424	ALL	Passerine__order
nmod<advcl>nsubj> sighting	2.0	0.272	ALL	Passerine__order
nmod<advcl> pre-date	2.0	0.196	ALL	Passerine__order
nmod<advcl>obj> date	2.0	0.285	ALL	Passerine__order
nsubj<expl> ...	2.0	0.411	ALL	Passerine__order
compound<appos< chaffinch	2.0	0.405	ALL	Passerine__order
conj>nmod> chaffinch	2.0	0.685	ALL	Passerine__order
compound<appos<nsubj< warbler	2.0	0.63	ALL	Passerine__order
conj<nsubj<ccomp< show	2.0	0.373	ALL	Passerine__order
conj<det:predet> all	2.0	0.504	ALL	Passerine__order
nmod<conj>amod> common	2.0	0.436	ALL	Passerine__order
conj<nsubj<parataxis< ...	2.0	0.338	ALL	Passerine__order
conj<nsubj<conj> carry	2.0	0.454	ALL	Passerine__order
obl<acl:relcl> ...	2.0	0.566	ALL	Passerine__order
nmod>conj> rook	2.0	0.366	ALL	Passerine__order
compound<compound<appos< crow	2.0	0.413	ALL	Passerine__order
obl<acl:relcl>nsubj> ...	2.0	0.254	ALL	Passerine__order
flat> crow	2.0	0.25	ALL	Passerine__order
list<conj> crow	2.0	0.434	ALL	Passerine__order
list<conj>flat> crow	2.0	0.36	ALL	Passerine__order
appos<obl<acl< ...	2.0	0.284	ALL	Passerine__order
list> crow	2.0	0.397	ALL	Passerine__order
appos<conj<obl< ...	2.0	0.426	ALL	Passerine__order
compound<compound<conj< species	2.0	0.407	ALL	Passerine__order
nmod<nsubj<advcl< mediate	2.0	0.545	ALL	Passerine__order
nmod<nsubj< breed	2.0	0.667	ALL	Passerine__order
nmod<nsubj<obl> Europe	2.0	0.407	ALL	Passerine__order
nsubj>conj>amod> common	2.0	0.34	ALL	Passerine__order
nsubj>conj> chaffinch	2.0	0.213	ALL	Passerine__order
conj<nsubj<aux> ...	2.0	0.346	ALL	Passerine__order
conj<nsubj<expl> ...	2.0	0.469	ALL	Passerine__order
nmod<xcomp<advcl< present	2.0	0.356	ALL	Passerine__order
nmod<xcomp< believe	2.0	0.409	ALL	Passerine__order
conj<nsubj< sample	2.0	0.256	ALL	Passerine__order
nsubj<parataxis<cop> ...	2.0	0.448	ALL	Passerine__order
conj<flat> crow	2.0	0.172	ALL	Passerine__order
appos<nmod>compound> Forest	2.0	0.551	ALL	Passerine__order
appos<conj>case> tasmanicus	2.0	0.479	ALL	Passerine__order
appos<conj>compound> Relict	2.0	0.423	ALL	Passerine__order
flat<nsubj<cop> ...	2.0	0.363	ALL	Passerine__order
appos<conj>appos> tasmanicus	2.0	0.486	ALL	Passerine__order
appos<conj>cc> boreus	2.0	0.469	ALL	Passerine__order
appos<conj>compound> grey	2.0	0.432	ALL	Passerine__order
appos<nsubj< tristis	2.0	0.475	ALL	Passerine__order
appos<nsubj<obj> crow	2.0	0.402	ALL	Passerine__order
appos<nsubj<obl> crow	2.0	0.368	ALL	Passerine__order
conj<nsubj<conj< moneduloides	2.0	0.542	ALL	Passerine__order
conj<nmod>case> orrough	2.0	0.49	ALL	Passerine__order
conj<nmod>compound> Forest	2.0	0.475	ALL	Passerine__order
conj<nmod> raven	2.0	0.387	ALL	Passerine__order
conj<conj>case> tasmanicus	2.0	0.348	ALL	Passerine__order
conj<nsubj< tristis	2.0	0.272	ALL	Passerine__order
conj<nsubj<obj> crow	2.0	0.299	ALL	Passerine__order
conj<nsubj<obl> crow	2.0	0.522	ALL	Passerine__order
flat<conj> magpie	2.0	0.472	ALL	Passerine__order
nmod<appos>nummod> ...	2.0	0.402	ALL	Passerine__order
appos<nmod> raven	2.0	0.333	ALL	Passerine__order
appos<nmod>case> orrough	2.0	0.414	ALL	Passerine__order
nmod<nsubj>amod> european	2.0	0.424	ALL	Passerine__order
appos<amod> Torresian	2.0	0.458	ALL	Passerine__order
nsubj>amod> european	2.0	0.348	ALL	Passerine__order
compound<appos< finch	2.0	0.565	ALL	Passerine__order
nsubj<nmod> goldfinch	2.0	0.403	ALL	Passerine__order
nsubj<parataxis>aux:pass> ...	2.0	0.411	ALL	Passerine__order
appos<nsubj<compound> passerine	2.0	0.396	ALL	Passerine__order
appos<nsubj< bird	2.0	0.244	ALL	Passerine__order
nsubj> greenfinch	2.0	0.278	ALL	Passerine__order
flat<nsubj<det> ...	2.0	0.353	ALL	Passerine__order
compound<conj<obj< rosefinch	2.0	0.538	ALL	Passerine__order
compound<conj< Chloris	2.0	0.486	ALL	Passerine__order
compound<conj<conj> greenfinch	2.0	0.507	ALL	Passerine__order
compound<conj<conj> Rhodospiza	2.0	0.327	ALL	Passerine__order
compound<conj<conj> Linurgus	2.0	0.419	ALL	Passerine__order
compound<conj<conj> species	2.0	0.435	ALL	Passerine__order
compound<appos<appos> crow	2.0	0.316	ALL	Passerine__order
compound<flat<flat> crow	2.0	0.375	ALL	Passerine__order
appos<nsubj<conj< moneduloides	2.0	0.492	ALL	Passerine__order
flat<obj<obl> ...	2.0	0.377	ALL	Passerine__order
list<list<conj> crow	2.0	0.799	ALL	Passerine__order
conj<nsubj:pass<ccomp< ...	2.0	0.411	ALL	Passerine__order
flat<nsubj<obl> ...	2.0	0.313	ALL	Passerine__order
nsubj<advmod>advmod> ...	2.0	0.443	ALL	Passerine__order
obl<parataxis>aux:pass> ...	2.0	0.453	ALL	Passerine__order
nsubj<conj<aux> ...	2.0	0.236	ALL	Passerine__order
obl<obl> area	2.0	0.541	ALL	Passerine__order
obl>acl:relcl>obl> ...	2.0	0.223	ALL	Passerine__order
compound<conj<case> as	2.0	0.351	ALL	Passerine__order
conj<obl>appos> ...	2.0	0.285	ALL	Passerine__order
obl<obj>nmod:poss> they	2.0	0.619	ALL	Passerine__order
nsubj<advcl> fly	2.0	0.472	ALL	Passerine__order
conj>advcl>cop> be	2.0	0.269	ALL	Passerine__order
compound<obl<obl> summer	2.0	0.472	ALL	Passerine__order
compound<mark> to	2.0	0.395	ALL	Passerine__order
obl<amod< species	2.0	0.337	ALL	Passerine__order
nmod<obl< find	2.0	0.364	ALL	Passerine__order
conj<acl:relcl<compound> ...	2.0	0.468	ALL	Passerine__order
nsubj<advcl<aux:pass> be	2.0	0.573	ALL	Passerine__order
obl<nsubj:pass<aux> have	2.0	0.298	ALL	Passerine__order
compound<det> some	2.0	0.759	ALL	Passerine__order
acl> have	2.0	0.499	ALL	Passerine__order
flat<appos>nummod> ...	2.0	0.66	ALL	Passerine__order
nmod<nmod>case> on	2.0	0.313	ALL	Passerine__order
amod>cop> be	2.0	0.36	ALL	Passerine__order
appos<csubj> ...	2.0	0.208	ALL	Passerine__order
conj<nmod> Europe	2.0	0.369	ALL	Passerine__order
conj<nmod>conj> Asia	2.0	0.365	ALL	Passerine__order
nmod<conj>conj> ...	2.0	0.433	ALL	Passerine__order
nmod<obl< related	2.0	0.473	ALL	Passerine__order
obl<obl> m	2.0	0.598	ALL	Passerine__order
nmod>compound>conj> South	2.0	0.228	ALL	Passerine__order
acl:relcl>advmod> where	2.0	0.494	ALL	Passerine__order
appos<compound<appos> ...	2.0	0.318	ALL	Passerine__order
compound<nmod>case> include	2.0	0.44	ALL	Passerine__order
nmod>appos> ft	2.0	0.221	ALL	Passerine__order
obl<nsubj:pass<aux:pass> be	2.0	0.359	ALL	Passerine__order
nmod<nmod<compound> alarm	2.0	0.312	ALL	Passerine__order
nmod<acl:relcl>cop> ...	2.0	0.29	ALL	Passerine__order
nsubj<nmod>amod> common	2.0	0.437	ALL	Passerine__order
obl<acl<cc> and	2.0	0.426	ALL	Passerine__order
nsubj<obl> part	2.0	0.379	ALL	Passerine__order
nmod<conj<cop> be	2.0	0.355	ALL	Passerine__order
nmod<amod> spectacular	2.0	0.508	ALL	Passerine__order
nmod<compound> courtship	2.0	0.218	ALL	Passerine__order
nmod<appos>det> the	2.0	0.541	ALL	Passerine__order
nmod>amod> nominate	2.0	0.401	ALL	Passerine__order
nsubj<advcl>mark> in	2.0	0.553	ALL	Passerine__order
compound<compound<obl< ...	2.0	0.37	ALL	Passerine__order
nsubj<obl> territory	2.0	0.438	ALL	Passerine__order
flat<nsubj<ccomp> ...	2.0	0.115	ALL	Passerine__order
nsubj<advcl> bird	2.0	0.478	ALL	Passerine__order
obl<compound> ...	2.0	0.204	ALL	Passerine__order
nsubj<conj>aux> have	2.0	0.661	ALL	Passerine__order
acl:relcl>obj>nmod> ...	2.0	0.361	ALL	Passerine__order
nsubj:pass<advmod> occasionally	2.0	0.575	ALL	Passerine__order
obj<acl:relcl<cop> ...	2.0	0.7	ALL	Passerine__order
obj<acl:relcl<nsubj> ...	2.0	0.342	ALL	Passerine__order
obj<conj>det> ...	2.0	0.471	ALL	Passerine__order
nsubj<advcl>obj> egg	2.0	0.608	ALL	Passerine__order
nsubj<advmod> occasionally	2.0	0.664	ALL	Passerine__order
nmod<nmod< call	2.0	0.594	ALL	Passerine__order
nsubj:pass<obl> sparrowhawk	2.0	0.594	ALL	Passerine__order
conj<obj<xcomp< separate	2.0	0.301	ALL	Passerine__order
conj<obj<det> the	2.0	0.443	ALL	Passerine__order
conj<obj<advmod> similar	2.0	0.497	ALL	Passerine__order
conj<obj< look	2.0	0.464	ALL	Passerine__order
conj<obj<obl> song	2.0	0.418	ALL	Passerine__order
conj<obj<advcl> detailed	2.0	0.312	ALL	Passerine__order
conj<obj<conj> describe	2.0	0.547	ALL	Passerine__order
conj<obj<obl> 1817	2.0	0.532	ALL	Passerine__order
conj<obj<obl> Nouveau	2.0	0.526	ALL	Passerine__order
obl<amod> same	2.0	0.322	ALL	Passerine__order
conj<nsubj<advcl< ...	2.0	0.124	ALL	Passerine__order
conj<appos<compound> ...	2.0	0.44	ALL	Passerine__order
appos<case> to	2.0	0.573	ALL	Passerine__order
compound>compound> juvenile	2.0	0.332	ALL	Passerine__order
nmod:poss<obl<aux:pass> be	2.0	0.673	ALL	Passerine__order
obl<xcomp>obj> ...	2.0	0.244	ALL	Passerine__order
nsubj:pass<obl>amod> Eurasian	2.0	0.433	ALL	Passerine__order
nmod>compound>nmod> ...	2.0	0.328	ALL	Passerine__order
obl<obl> coast	2.0	0.558	ALL	Passerine__order
conj<conj>advmod> often	2.0	0.748	ALL	Passerine__order
nsubj<conj>nsubj> crow	2.0	0.337	ALL	Passerine__order
nmod:poss<compound> breed	2.0	0.262	ALL	Passerine__order
obl<advcl>aux:pass> ...	2.0	0.331	ALL	Passerine__order
nsubj<conj> south	2.0	0.523	ALL	Passerine__order
conj<nmod<nmod< consists	2.0	0.458	ALL	Passerine__order
obl<advcl>nsubj:pass> ...	2.0	0.238	ALL	Passerine__order
conj<conj>advmod> he	2.0	0.759	ALL	Passerine__order
appos<conj<acl:relcl> ...	2.0	0.419	ALL	Passerine__order
appos<conj<cop> ...	2.0	0.427	ALL	Passerine__order
appos<conj<nsubj> ...	2.0	0.323	ALL	Passerine__order
nsubj:pass<conj<cop> be	2.0	0.415	ALL	Passerine__order
conj<cc:preconj> both	2.0	0.508	ALL	Passerine__order
acl>conj>cc> and	2.0	0.391	ALL	Passerine__order
cc> but	2.0	0.454	ALL	Passerine__order
appos>appos> Breeding	2.0	0.585	ALL	Passerine__order
nmod<obl< distinct	2.0	0.378	ALL	Passerine__order
compound>flat> Sedge	2.0	0.307	ALL	Passerine__order
advcl>conj> ...	2.0	0.243	ALL	Passerine__order
conj>cc> but	2.0	0.734	ALL	Passerine__order
advcl>conj>cc> ...	2.0	0.252	ALL	Passerine__order
flat<conj< warbler	2.0	0.323	ALL	Passerine__order
flat< Acrocephalus	2.0	0.219	ALL	Passerine__order
nsubj<obl:tmod> ...	2.0	0.455	ALL	Passerine__order
obj<conj<nsubj> warbler	2.0	0.316	ALL	Passerine__order
obj<conj<obj> warbler	2.0	0.483	ALL	Passerine__order
obj<nsubj> warbler	2.0	0.556	ALL	Passerine__order
obj<conj>cc> Acrocephalus	2.0	0.134	ALL	Passerine__order
obj<conj>obj> warbler	2.0	0.406	ALL	Passerine__order
nsubj<obj> warbler	2.0	0.342	ALL	Passerine__order
appos<nmod>case> from	2.0	0.332	ALL	Passerine__order
conj<appos>appos> ...	2.0	0.305	ALL	Passerine__order
obl<nsubj>det> this	2.0	0.403	ALL	Passerine__order
obl<nsubj>amod> taile	2.0	0.341	ALL	Passerine__order
compound<obl<nsubj> it	2.0	0.497	ALL	Passerine__order
conj>compound> forest	2.0	0.318	ALL	Passerine__order
nmod<obl< favour	2.0	0.537	ALL	Passerine__order
nmod<conj<nmod< ...	2.0	0.407	ALL	Passerine__order
compound<nmod:poss> its	2.0	0.284	ALL	Passerine__order
compound<case>fixed> ...	2.0	0.426	ALL	Passerine__order
nmod:poss<nmod> ...	2.0	0.128	ALL	Passerine__order
nmod:poss<nmod>case> ...	2.0	0.343	ALL	Passerine__order
obl<obl>nmod> Europe	2.0	0.57	ALL	Passerine__order
compound<appos>det> the	2.0	0.308	ALL	Passerine__order
nmod<nsubj<cc> but	2.0	0.543	ALL	Passerine__order
nmod:poss<nsubj:pass<obl> ...	2.0	0.243	ALL	Passerine__order
obl<parataxis<aux:pass> ...	2.0	0.412	ALL	Passerine__order
obl<parataxis<nsubj:pass> ...	2.0	0.329	ALL	Passerine__order
nmod<conj>obj> ...	2.0	0.285	ALL	Passerine__order
nmod<compound> bird	2.0	0.321	ALL	Passerine__order
nmod<nmod> area	2.0	0.593	ALL	Passerine__order
nummod> lowland	2.0	0.591	ALL	Passerine__order
amod>obl:npmod> short	2.0	0.315	ALL	Passerine__order
nsubj> it	2.0	0.471	ALL	Passerine__order
compound<nmod<case> as	2.0	0.395	ALL	Passerine__order
obl<acl<cop> be	2.0	0.4	ALL	Passerine__order
compound<conj>cc> Acrocephalus	2.0	0.373	ALL	Passerine__order
compound<conj<nsubj> Tuamotu	2.0	0.16	ALL	Passerine__order
compound<conj< ree	2.0	0.426	ALL	Passerine__order
compound<conj<obj> warbler	2.0	0.329	ALL	Passerine__order
compound<conj<conj> brevicaudata	2.0	0.508	ALL	Passerine__order
conj<obl<acl< warbler	2.0	0.533	ALL	Passerine__order
appos>nmod>conj> ...	2.0	0.518	ALL	Passerine__order
conj<obl<advmod> usually	2.0	0.393	ALL	Passerine__order
conj<obl< associate	2.0	0.296	ALL	Passerine__order
nmod<case>fixed> as	2.0	0.18	ALL	Passerine__order
conj>amod> tall	2.0	0.551	ALL	Passerine__order
conj<obj< avoid	2.0	0.411	ALL	Passerine__order
obl<xcomp<advcl< ...	2.0	0.37	ALL	Passerine__order
nmod<nsubj> it	2.0	0.4	ALL	Passerine__order
conj<compound> water	2.0	0.305	ALL	Passerine__order
acl:relcl>obl>case> from	2.0	0.455	ALL	Passerine__order
conj<nsubj:pass<obl> ...	2.0	0.166	ALL	Passerine__order
compound>amod> long	2.0	0.532	ALL	Passerine__order
obl<aux> be	2.0	0.322	ALL	Passerine__order
conj>nmod>det> a	2.0	0.401	ALL	Passerine__order
advmod> very	2.0	0.329	ALL	Passerine__order
obl> bird	2.0	0.455	ALL	Passerine__order
conj>acl>obj> ...	2.0	0.294	ALL	Passerine__order
conj>acl> ...	2.0	0.377	ALL	Passerine__order
amod<nmod:poss> they	2.0	0.439	ALL	Passerine__order
obj<advcl<mark> to	2.0	0.332	ALL	Passerine__order
appos<amod>conj> ...	2.0	0.477	ALL	Passerine__order
nmod>amod> superb	2.0	0.322	ALL	Passerine__order
conj<appos<appos< lyrebird	2.0	0.599	ALL	Passerine__order
compound<parataxis>compound> ...	2.0	0.531	ALL	Passerine__order
list>compound>compound> ...	2.0	0.545	ALL	Passerine__order
compound>compound>amod> ...	2.0	0.426	ALL	Passerine__order
compound<case> before	2.0	0.282	ALL	Passerine__order
obj<obl> male	2.0	0.566	ALL	Passerine__order
nsubj>compound> zebra	2.0	0.413	ALL	Passerine__order
amod<obj<mark> that	2.0	0.313	ALL	Passerine__order
amod<conj<cop> be	2.0	0.559	ALL	Passerine__order
obj<acl:relcl<obj< ...	2.0	0.331	ALL	Passerine__order
amod< dispute	2.0	0.533	ALL	Passerine__order
obl<parataxis>advcl> ...	2.0	0.503	ALL	Passerine__order
amod<conj<conj> language	2.0	0.174	ALL	Passerine__order
compound<acl:relcl>advmod> ...	2.0	0.234	ALL	Passerine__order
amod<nsubj>det> the	2.0	0.395	ALL	Passerine__order
nmod<nmod>case> for	2.0	0.315	ALL	Passerine__order
amod<obj< have	2.0	0.32	ALL	Passerine__order
amod<nmod<det> a	2.0	0.416	ALL	Passerine__order
compound<conj<obl> ...	2.0	0.495	ALL	Passerine__order
amod<amod> complex	2.0	0.285	ALL	Passerine__order
nmod<conj<acl> ...	2.0	0.476	ALL	Passerine__order
amod<nmod>amod> western	2.0	0.513	ALL	Passerine__order
amod<nmod>compound> jackdaw	2.0	0.335	ALL	Passerine__order
amod<nmod> flock	2.0	0.431	ALL	Passerine__order
compound<nsubj> ...	2.0	0.427	ALL	Passerine__order
nsubj:pass<advcl>nsubj> it	2.0	0.232	ALL	Passerine__order
obl<advmod<advcl> ...	2.0	0.341	ALL	Passerine__order
compound<nmod> warbler	2.0	0.255	ALL	Passerine__order
nsubj<parataxis<compound> ...	2.0	0.239	ALL	Passerine__order
nmod<appos<cop> ...	2.0	0.487	ALL	Passerine__order
nmod<appos<nsubj> ...	2.0	0.428	ALL	Passerine__order
conj<obl<nsubj< ...	2.0	0.371	ALL	Passerine__order
nmod<conj<obj< ...	2.0	0.596	ALL	Passerine__order
obl<xcomp<mark> ...	2.0	0.55	ALL	Passerine__order
obj<ccomp>advmod> ...	2.0	0.443	ALL	Passerine__order
obj<ccomp>aux> ...	2.0	0.36	ALL	Passerine__order
obl<advcl<acl< ...	2.0	0.439	ALL	Passerine__order
obl<conj<case> ...	2.0	0.435	ALL	Passerine__order
obl<conj<obl< ...	2.0	0.336	ALL	Passerine__order
obl<nsubj:pass>flat> ...	2.0	0.533	ALL	Passerine__order
nsubj<conj<obj> ...	2.0	0.531	ALL	Passerine__order
obl<obl>appos> ...	2.0	0.177	ALL	Passerine__order
compound<flat< ...	2.0	0.365	ALL	Passerine__order
flat<conj<nsubj< ...	2.0	0.424	ALL	Passerine__order
flat<acl>obl> ...	2.0	0.458	ALL	Passerine__order
flat<acl> ...	2.0	0.501	ALL	Passerine__order
flat<flat>case> ...	2.0	0.451	ALL	Passerine__order
flat<conj<flat> ...	2.0	0.247	ALL	Passerine__order
appos<obj<advmod> ...	2.0	0.194	ALL	Passerine__order
nsubj<acl:relcl<amod> ...	2.0	0.319	ALL	Passerine__order
nsubj<parataxis<det> ...	2.0	0.456	ALL	Passerine__order
obj<conj<cop> ...	2.0	0.637	ALL	Passerine__order
compound<nsubj<compound> ...	2.0	0.345	ALL	Passerine__order
advcl>obl>case> in	2.0	0.488	ALL	Passerine__order
amod< bond	2.0	0.467	ALL	Passerine__order
appos<nmod> paradise	2.0	0.388	ALL	Passerine__order
obl<advmod<obj> ...	2.0	0.358	ALL	Passerine__order
nsubj<conj<cop> ...	2.0	0.61	ALL	Passerine__order
nsubj<obj> bill	2.0	0.212	ALL	Passerine__order
nsubj:pass<advcl>mark> because	2.0	0.407	ALL	Passerine__order
obl<obj>conj> ...	2.0	0.303	ALL	Passerine__order
compound<appos<compound> Raggiana	2.0	0.298	ALL	Passerine__order
nsubj<appos>acl> ...	2.0	0.428	ALL	Passerine__order
compound<conj<det> the	2.0	0.466	ALL	Passerine__order
compound<nmod> paradise	2.0	0.301	ALL	Passerine__order
compound<nmod>compound> collection	2.0	0.264	ALL	Passerine__order
flat<compound>conj> crow	2.0	0.159	ALL	Passerine__order
appos<obj<aux> ...	2.0	0.306	ALL	Passerine__order
obl<obl>acl:relcl> ...	2.0	0.533	ALL	Passerine__order
nsubj<advcl<obl> ...	2.0	0.45	ALL	Passerine__order
compound<nmod>conj> blackcap	2.0	0.362	ALL	Passerine__order
compound<nmod>amod> garden	2.0	0.254	ALL	Passerine__order
nmod>amod> unusual	2.0	0.38	ALL	Passerine__order
obj<advmod> perhaps	2.0	0.516	ALL	Passerine__order
nsubj<amod>advmod> very	2.0	0.565	ALL	Passerine__order
nsubj<amod> social	2.0	0.278	ALL	Passerine__order
nmod<conj<xcomp> ...	2.0	0.314	ALL	Passerine__order
compound<nmod<obj< analyse	2.0	0.459	ALL	Passerine__order
compound<nmod<amod> social	2.0	0.323	ALL	Passerine__order
obl:npmod<amod<case> ...	2.0	0.169	ALL	Passerine__order
obl:npmod<amod<nmod< ...	2.0	0.291	ALL	Passerine__order
nsubj<advcl>acl:relcl> ...	2.0	0.378	ALL	Passerine__order
nsubj<nsubj<conj> ...	2.0	0.351	ALL	Passerine__order
nsubj:pass<obl> mimicry	2.0	0.581	ALL	Passerine__order
nsubj:pass<conj>cc> but	2.0	0.275	ALL	Passerine__order
nsubj:pass<conj>advmod> also	2.0	0.604	ALL	Passerine__order
compound<obj<advmod> also	2.0	0.552	ALL	Passerine__order
nsubj<advmod> so	2.0	0.678	ALL	Passerine__order
appos<flat>compound> ...	2.0	0.253	ALL	Passerine__order
nsubj<advcl>obj> they	2.0	0.505	ALL	Passerine__order
nsubj<advcl> consum	2.0	0.442	ALL	Passerine__order
nmod<nsubj<advmod> highly	2.0	0.399	ALL	Passerine__order
obj<nsubj> crow	2.0	0.465	ALL	Passerine__order
nsubj:pass<advcl>mark> when	2.0	0.448	ALL	Passerine__order
nmod>appos>flat> ...	2.0	0.353	ALL	Passerine__order
nsubj:pass<advcl>aux:pass> be	2.0	0.299	ALL	Passerine__order
nmod<obl<nsubj> male	2.0	0.419	ALL	Passerine__order
nmod<nummod> 2	2.0	0.455	ALL	Passerine__order
obj<acl<det> a	2.0	0.314	ALL	Passerine__order
obj<xcomp>mark> to	2.0	0.216	ALL	Passerine__order
conj<nmod<obj< affect	2.0	0.528	ALL	Passerine__order
conj<nmod<compound> migration	2.0	0.436	ALL	Passerine__order
conj<nmod< pattern	2.0	0.192	ALL	Passerine__order
acl> trap	2.0	0.618	ALL	Passerine__order
nummod> one	2.0	0.755	ALL	Passerine__order
acl:relcl>advmod> not	2.0	0.556	ALL	Passerine__order
nsubj<obl>amod> similar	2.0	0.462	ALL	Passerine__order
nmod<nmod<nsubj:pass< ...	2.0	0.491	ALL	Passerine__order
acl>obl> bird	2.0	0.377	ALL	Passerine__order
nsubj:pass<obl> captivity	2.0	0.577	ALL	Passerine__order
nsubj<nmod> length	2.0	0.415	ALL	Passerine__order
compound<obj< affect	2.0	0.695	ALL	Passerine__order
conj<list<appos> ...	2.0	0.392	ALL	Passerine__order
conj<list<flat> ...	2.0	0.382	ALL	Passerine__order
nmod:poss<obl<amod< ...	2.0	0.319	ALL	Passerine__order
nmod>nmod> paradise	2.0	0.537	ALL	Passerine__order
nmod:poss<obl<obl> ...	2.0	0.345	ALL	Passerine__order
nmod:poss<obl<conj> ...	2.0	0.368	ALL	Passerine__order
nsubj>det> both	2.0	0.265	ALL	Passerine__order
nsubj<ccomp<advmod> ...	2.0	0.328	ALL	Passerine__order
nsubj<ccomp<aux:pass> ...	2.0	0.481	ALL	Passerine__order
nsubj<ccomp<nsubj:pass> ...	2.0	0.275	ALL	Passerine__order
obl>case> during	2.0	0.418	ALL	Passerine__order
obl> season	2.0	0.408	ALL	Passerine__order
acl:relcl>obj>conj> raven	2.0	0.606	ALL	Passerine__order
nsubj:pass<conj>det> ...	2.0	0.548	ALL	Passerine__order
nsubj:pass<nmod>conj> ...	2.0	0.629	ALL	Passerine__order
amod<obj<cc> and	2.0	0.476	ALL	Passerine__order
conj<list>amod> ...	2.0	0.593	ALL	Passerine__order
conj<list>compound> ...	2.0	0.296	ALL	Passerine__order
compound<obj<aux> be	2.0	0.378	ALL	Passerine__order
nmod<obl<nsubj> bird	2.0	0.441	ALL	Passerine__order
obj<nsubj> male	2.0	0.414	ALL	Passerine__order
nmod<ccomp< ...	2.0	0.177	ALL	Passerine__order
conj<appos<parataxis< ...	2.0	0.343	ALL	Passerine__order
nmod<ccomp<nsubj> ...	2.0	0.353	ALL	Passerine__order
appos<list>amod> ...	2.0	0.369	ALL	Passerine__order
nmod<nmod>case> include	2.0	0.43	ALL	Passerine__order
obj<advcl<cop> be	2.0	0.303	ALL	Passerine__order
nsubj:pass<advmod> however	2.0	0.475	ALL	Passerine__order
nsubj<acl>aux:pass> be	2.0	0.247	ALL	Passerine__order
appos>appos> Vocalisation	2.0	0.519	ALL	Passerine__order
appos>appos>conj> mimicry	2.0	0.871	ALL	Passerine__order
nsubj:pass<advcl>mark> by	2.0	0.401	ALL	Passerine__order
nsubj<conj>amod> northern	2.0	0.559	ALL	Passerine__order
obl<acl:relcl<conj> ...	2.0	0.408	ALL	Passerine__order
obl<acl:relcl<compound> ...	2.0	0.277	ALL	Passerine__order
nmod>nmod>case> between	2.0	0.586	ALL	Passerine__order
obl<acl:relcl<obj< ...	2.0	0.341	ALL	Passerine__order
obj<ccomp>conj> ...	2.0	0.264	ALL	Passerine__order
conj<nmod>case> to	2.0	0.595	ALL	Passerine__order
acl>obj>nmod:poss> ...	2.0	0.538	ALL	Passerine__order
nsubj> Basra	2.0	0.429	ALL	Passerine__order
nmod<nmod< nest	2.0	0.465	ALL	Passerine__order
obl<xcomp<cc> and	2.0	0.233	ALL	Passerine__order
compound<appos>nmod> Csarnota	2.0	0.286	ALL	Passerine__order
nsubj<nsubj> helper	2.0	0.325	ALL	Passerine__order
nmod<nmod< genus	2.0	0.505	ALL	Passerine__order
nmod<nsubj:pass< estimate	2.0	0.419	ALL	Passerine__order
compound<appos> PDF	2.0	0.372	ALL	Passerine__order
conj<obl<advcl> descende	2.0	0.252	ALL	Passerine__order
compound<nmod>case> from	2.0	0.481	ALL	Passerine__order
obl<acl<flat> Cinclus	2.0	0.551	ALL	Passerine__order
appos<nsubj> species	2.0	0.409	ALL	Passerine__order
conj<nmod> range	2.0	0.408	ALL	Passerine__order
conj<nmod<case> in	2.0	0.547	ALL	Passerine__order
appos<conj>appos> oz	2.0	0.529	ALL	Passerine__order
conj<obj<nsubj> which	2.0	0.441	ALL	Passerine__order
nsubj:pass<conj>case> in	2.0	0.299	ALL	Passerine__order
nsubj:pass<conj<det> a	2.0	0.47	ALL	Passerine__order
conj<obl> bird	2.0	0.416	ALL	Passerine__order
conj<obl<nmod> bird	2.0	0.613	ALL	Passerine__order
appos<nsubj<aux> may	2.0	0.325	ALL	Passerine__order
appos<nmod> species	2.0	0.455	ALL	Passerine__order
amod>compound> long	2.0	0.214	ALL	Passerine__order
nummod> million	2.0	0.539	ALL	Passerine__order
nmod<advmod> where	2.0	0.591	ALL	Passerine__order
conj<acl:relcl>nsubj> which	2.0	0.438	ALL	Passerine__order
nsubj<acl:relcl<case> into	2.0	0.295	ALL	Passerine__order
det> each	2.0	0.78	ALL	Passerine__order
nsubj<amod>advmod> highly	2.0	0.476	ALL	Passerine__order
nmod<nsubj< fly	2.0	0.609	ALL	Passerine__order
appos>amod> common	2.0	0.533	ALL	Passerine__order
compound<nmod:poss>case> 's	2.0	0.382	ALL	Passerine__order
compound<obl<nsubj> that	2.0	0.393	ALL	Passerine__order
nsubj<acl:relcl<det> a	2.0	0.462	ALL	Passerine__order
parataxis<conj>det> a	2.0	0.335	ALL	Passerine__order
conj<obl<nmod> mammal	2.0	0.398	ALL	Passerine__order
appos<compound> house	2.0	0.6	ALL	Passerine__order
obj<nsubj>det> a	2.0	0.293	ALL	Passerine__order
appos>amod> late	2.0	0.32	ALL	Passerine__order
appos>nmod> Polgardi	2.0	0.34	ALL	Passerine__order
appos>appos> Hungary	2.0	0.499	ALL	Passerine__order
obj<obl>case> during	2.0	0.238	ALL	Passerine__order
compound<amod> traditional	2.0	0.563	ALL	Passerine__order
obl<advmod> then	2.0	0.558	ALL	Passerine__order
nmod<nsubj:pass< find	2.0	0.55	ALL	Passerine__order
appos<nmod>case> at	2.0	0.332	ALL	Passerine__order
obl<acl<case> for	2.0	0.418	ALL	Passerine__order
nmod:poss< nest	2.0	0.407	ALL	Passerine__order
obj>conj>nsubj> luscinius	2.0	0.461	ALL	Passerine__order
nsubj<acl> use	2.0	0.413	ALL	Passerine__order
nmod<obl<aux> may	2.0	0.244	ALL	Passerine__order
aux> may	2.0	0.533	ALL	Passerine__order
nmod<xcomp< think	2.0	0.47	ALL	Passerine__order
conj<obl<advmod> however	2.0	0.433	ALL	Passerine__order
nmod<appos<case> of	2.0	0.476	ALL	Passerine__order
conj<nmod<conj> bird	2.0	0.216	ALL	Passerine__order
nsubj:pass<obl>case> over	2.0	0.597	ALL	Passerine__order
nsubj:pass<obl>advmod> all	2.0	0.243	ALL	Passerine__order
flat<acl> cap	2.0	0.501	ALL	Passerine__order
nmod<xcomp<aux:pass> be	2.0	0.421	ALL	Passerine__order
advmod> also	2.0	0.33	ALL	Passerine__order
conj<obl<nsubj< adapt	2.0	0.371	ALL	Passerine__order
nmod<appos<advmod> highly	2.0	0.519	ALL	Passerine__order
obj<nsubj> name	2.0	0.408	ALL	Passerine__order
nmod<appos<cop> be	2.0	0.487	ALL	Passerine__order
obj<conj> chase	2.0	0.249	ALL	Passerine__order
compound<amod> black	2.0	0.219	ALL	Passerine__order
nsubj<advcl>obj> insect	2.0	0.358	ALL	Passerine__order
nsubj<ccomp<nsubj> Aristotle	2.0	0.417	ALL	Passerine__order
compound<appos<case> in	2.0	0.315	ALL	Passerine__order
nmod<amod> genetic	2.0	0.45	ALL	Passerine__order
conj<appos>det> the	2.0	0.255	ALL	Passerine__order
mark> that	2.0	0.298	ALL	Passerine__order
det> both	2.0	0.75	ALL	Passerine__order
flat<acl>obl> Cinclus	2.0	0.458	ALL	Passerine__order
nsubj<conj<nsubj> these	2.0	0.551	ALL	Passerine__order
conj<obl<obj> diet	2.0	0.238	ALL	Passerine__order
nsubj<expl> there	2.0	0.411	ALL	Passerine__order
nsubj<nmod> cuckoo	2.0	0.49	ALL	Passerine__order
appos<conj>amod> Eurasian	2.0	0.338	ALL	Passerine__order
nsubj<parataxis<cop> be	2.0	0.448	ALL	Passerine__order
nmod<nmod<advmod> also	2.0	0.533	ALL	Passerine__order
obl<nsubj:pass> they	2.0	0.577	ALL	Passerine__order
appos<nmod:poss>case> 's	2.0	0.239	ALL	Passerine__order
xcomp< consider	2.0	0.308	ALL	Passerine__order
nsubj<conj< include	2.0	0.284	ALL	Passerine__order
flat<conj<nsubj< look	2.0	0.424	ALL	Passerine__order
appos>amod> cultural	2.0	0.61	ALL	Passerine__order
conj<det> this	2.0	0.176	ALL	Passerine__order
conj>amod> browed	2.0	0.506	ALL	Passerine__order
conj>amod> eastern	2.0	0.509	ALL	Passerine__order
acl:relcl>obl>case> by	2.0	0.526	ALL	Passerine__order
conj<nsubj<expl> there	2.0	0.469	ALL	Passerine__order
conj<obl<nsubj> family	2.0	0.337	ALL	Passerine__order
compound<nmod<nmod:poss> its	2.0	0.414	ALL	Passerine__order
conj<nsubj<parataxis< goldfinch	2.0	0.338	ALL	Passerine__order
conj<obl< dominate	2.0	0.438	ALL	Passerine__order
nsubj<ccomp<obl> habitat	2.0	0.215	ALL	Passerine__order
appos<obl>det> a	2.0	0.456	ALL	Passerine__order
appos>appos> feed	2.0	0.637	ALL	Passerine__order
conj>nmod> bird	2.0	0.657	ALL	Passerine__order
compound<obl<cc> but	2.0	0.332	ALL	Passerine__order
nsubj<advcl> eat	2.0	0.446	ALL	Passerine__order
nsubj<obl> month	2.0	0.367	ALL	Passerine__order
flat> press	2.0	0.249	ALL	Passerine__order
obl<obl>nmod:poss> its	2.0	0.436	ALL	Passerine__order
appos<det> some	2.0	0.431	ALL	Passerine__order
conj<obl< related	2.0	0.215	ALL	Passerine__order
conj<obl<advmod> closely	2.0	0.526	ALL	Passerine__order
obl:npmod< tail	2.0	0.429	ALL	Passerine__order
conj<conj>appos> crow	2.0	0.433	ALL	Passerine__order
compound<obl< describe	2.0	0.406	ALL	Passerine__order
parataxis< important	2.0	0.294	ALL	Passerine__order
parataxis<nsubj> Haw	2.0	0.683	ALL	Passerine__order
obj<conj>cc> but	2.0	0.2	ALL	Passerine__order
nmod<nmod<case> to	2.0	0.315	ALL	Passerine__order
compound<nmod<amod> colourful	2.0	0.418	ALL	Passerine__order
obl<advmod> slightly	2.0	0.302	ALL	Passerine__order
obj<nsubj:pass> tigerfish	2.0	0.433	ALL	Passerine__order
obj<obl>nmod:poss> they	2.0	0.576	ALL	Passerine__order
compound<nmod< member	2.0	0.378	ALL	Passerine__order
obj<nsubj:pass>amod> african	2.0	0.643	ALL	Passerine__order
appos>compound> Turdus	2.0	0.604	ALL	Passerine__order
obj<det> the	2.0	0.671	ALL	Passerine__order
obl<conj>det> the	2.0	0.523	ALL	Passerine__order
obj<mark> by	2.0	0.52	ALL	Passerine__order
nmod>nmod:poss> its	2.0	0.439	ALL	Passerine__order
appos<obl<nsubj:pass> species	2.0	0.621	ALL	Passerine__order
nsubj:pass<mark> although	2.0	0.215	ALL	Passerine__order
nsubj:pass<xcomp> react	2.0	0.235	ALL	Passerine__order
conj<aux> can	2.0	0.506	ALL	Passerine__order
nsubj:pass<xcomp>obl> stimuli	2.0	0.331	ALL	Passerine__order
nsubj:pass<xcomp>conj> avoid	2.0	0.289	ALL	Passerine__order
conj<obl>case> by	2.0	0.534	ALL	Passerine__order
compound<compound> name	2.0	0.475	ALL	Passerine__order
conj<aux:pass> be	2.0	0.398	ALL	Passerine__order
compound<nmod< Naturae	2.0	0.318	ALL	Passerine__order
compound<nmod<compound> Systema	2.0	0.359	ALL	Passerine__order
compound<nmod<nmod< edition	2.0	0.279	ALL	Passerine__order
conj<obl>case> from	2.0	0.436	ALL	Passerine__order
acl>obl>case> at	2.0	0.397	ALL	Passerine__order
compound<conj<obj< include	2.0	0.665	ALL	Passerine__order
conj<nmod<amod> several	2.0	0.395	ALL	Passerine__order
nmod<nsubj> species	2.0	0.282	ALL	Passerine__order
appos<nsubj<advmod> also	2.0	0.483	ALL	Passerine__order
conj>nmod:poss>case> 's	2.0	0.711	ALL	Passerine__order
nsubj:pass<nsubj:pass>det> the	2.0	0.462	ALL	Passerine__order
obl<parataxis<cop> be	2.0	0.319	ALL	Passerine__order
nmod<nsubj< black	2.0	0.504	ALL	Passerine__order
appos<nmod< species	2.0	0.527	ALL	Passerine__order
nsubj:pass<nsubj:pass>amod> main	2.0	0.505	ALL	Passerine__order
nsubj<nmod> tail	2.0	0.445	ALL	Passerine__order
compound<amod> Eurasian	2.0	0.184	ALL	Passerine__order
nsubj:pass<nsubj:pass> target	2.0	0.316	ALL	Passerine__order
conj<nmod<nsubj:pass< know	2.0	0.521	ALL	Passerine__order
nsubj:pass<nsubj:pass>nmod> measure	2.0	0.165	ALL	Passerine__order
obl<obl>case> as	2.0	0.441	ALL	Passerine__order
parataxis<obl>case> for	2.0	0.597	ALL	Passerine__order
obj<obl>nummod> one	2.0	0.335	ALL	Passerine__order
nsubj<parataxis>aux:pass> be	2.0	0.411	ALL	Passerine__order
obj<mark> while	2.0	0.534	ALL	Passerine__order
conj<obj< take	2.0	0.462	ALL	Passerine__order
obl<nsubj:pass>nummod> three	2.0	0.24	ALL	Passerine__order
obl<advmod> now	2.0	0.318	ALL	Passerine__order
obj<nsubj>compound> Fierce	2.0	0.495	ALL	Passerine__order
conj<appos<conj> turtle	2.0	0.339	ALL	Passerine__order
conj<appos<conj> snakes	2.0	0.371	ALL	Passerine__order
compound<nmod<nmod< group	2.0	0.501	ALL	Passerine__order
obj<obl> scientist	2.0	0.517	ALL	Passerine__order
nsubj<ccomp<mark> that	2.0	0.314	ALL	Passerine__order
obj<nsubj> fish	2.0	0.442	ALL	Passerine__order
parataxis<obl> wildlife	2.0	0.582	ALL	Passerine__order
appos>conj>cc> or	2.0	0.456	ALL	Passerine__order
obj<nmod> flight	2.0	0.24	ALL	Passerine__order
appos<obl< designate	2.0	0.483	ALL	Passerine__order
nsubj<ccomp<aux:pass> be	2.0	0.481	ALL	Passerine__order
compound<obl<advmod> together	2.0	0.728	ALL	Passerine__order
acl:relcl> attract	2.0	0.406	ALL	Passerine__order
nsubj<ccomp< suggest	2.0	0.455	ALL	Passerine__order
nsubj:pass<conj> breed	2.0	0.572	ALL	Passerine__order
obj<conj>obj> it	2.0	0.254	ALL	Passerine__order
nsubj:pass<conj>det> the	2.0	0.548	ALL	Passerine__order
obl<conj<advmod> only	2.0	0.454	ALL	Passerine__order
compound<obl< close	2.0	0.615	ALL	Passerine__order
acl:relcl> lack	2.0	0.317	ALL	Passerine__order
conj<obj<parataxis< tend	2.0	0.32	ALL	Passerine__order
conj<obj<nsubj> female	2.0	0.356	ALL	Passerine__order
conj<appos< bird	2.0	0.264	ALL	Passerine__order
compound<appos<det> a	2.0	0.233	ALL	Passerine__order
compound<amod> similar	2.0	0.205	ALL	Passerine__order
obj<obl>nmod:poss> he	2.0	0.383	ALL	Passerine__order
parataxis<parataxis>conj> disperse	2.0	0.349	ALL	Passerine__order
parataxis<parataxis>obj> haw	2.0	0.394	ALL	Passerine__order
parataxis<parataxis> eat	2.0	0.647	ALL	Passerine__order
parataxis<parataxis>nsubj> bird	2.0	0.305	ALL	Passerine__order
conj>compound> wax	2.0	0.407	ALL	Passerine__order
parataxis<obl>nmod> winter	2.0	0.557	ALL	Passerine__order
flat<nsubj:pass<obl> naturalist	2.0	0.203	ALL	Passerine__order
nsubj:pass<nmod>case> in	2.0	0.218	ALL	Passerine__order
compound<nmod> collection	2.0	0.307	ALL	Passerine__order
nsubj<obj>amod> large	2.0	0.391	ALL	Passerine__order
conj<nsubj:pass<mark> that	2.0	0.446	ALL	Passerine__order
nmod>flat> Robert	2.0	0.521	ALL	Passerine__order
conj<conj>flat> Cinclus	2.0	0.671	ALL	Passerine__order
nsubj:pass<obl>amod> french	2.0	0.693	ALL	Passerine__order
nsubj:pass<advmod> formally	2.0	0.537	ALL	Passerine__order
compound<conj<cop> be	2.0	0.355	ALL	Passerine__order
nsubj:pass<cc> but	2.0	0.411	ALL	Passerine__order
flat<nsubj<det> a	2.0	0.353	ALL	Passerine__order
acl:relcl> catch	2.0	0.373	ALL	Passerine__order
flat<nsubj<cop> be	2.0	0.363	ALL	Passerine__order
nsubj<obj> young	2.0	0.171	ALL	Passerine__order
obl<parataxis<aux> have	2.0	0.405	ALL	Passerine__order
conj<compound> alpine	2.0	0.383	ALL	Passerine__order
conj<obl<advmod> not	2.0	0.434	ALL	Passerine__order
conj<obl< apply	2.0	0.23	ALL	Passerine__order
obl<conj<mark> that	2.0	0.18	ALL	Passerine__order
nmod<obj<mark> that	2.0	0.38	ALL	Passerine__order
acl:relcl>obl>det> a	2.0	0.325	ALL	Passerine__order
nsubj:pass<xcomp>cop> be	2.0	0.287	ALL	Passerine__order
conj<obl<aux> do	2.0	0.358	ALL	Passerine__order
nmod<nsubj<obl> part	2.0	0.504	ALL	Passerine__order
appos<appos>nmod> braun	2.0	0.356	ALL	Passerine__order
appos<appos> diminutive	2.0	0.667	ALL	Passerine__order
conj<obl<advcl> introduce	2.0	0.414	ALL	Passerine__order
appos<obj< introduce	2.0	0.246	ALL	Passerine__order
compound<appos< tit	2.0	0.385	ALL	Passerine__order
conj<nmod<cc> and	2.0	0.616	ALL	Passerine__order
compound<appos<nsubj> species	2.0	0.499	ALL	Passerine__order
compound<appos< name	2.0	0.569	ALL	Passerine__order
nsubj:pass<obl>case> because	2.0	0.643	ALL	Passerine__order
compound<appos<amod> binomial	2.0	0.336	ALL	Passerine__order
obj<obl> species	2.0	0.469	ALL	Passerine__order
nmod<nsubj<obl> species	2.0	0.409	ALL	Passerine__order
cc> &	2.0	0.236	ALL	Passerine__order
nmod>amod> southern	2.0	0.516	ALL	Passerine__order
appos<nmod<cop> be	2.0	0.317	ALL	Passerine__order
conj<nmod<amod> small	2.0	0.433	ALL	Passerine__order
advmod> perhaps	2.0	0.404	ALL	Passerine__order
flat<conj<conj> Cinclus	2.0	0.352	ALL	Passerine__order
appos<case> for	2.0	0.622	ALL	Passerine__order
flat<nsubj:pass<obl> 1758	2.0	0.229	ALL	Passerine__order
conj<obl<nsubj> U.S.	2.0	0.164	ALL	Passerine__order
flat<nsubj:pass<obl> edition	2.0	0.218	ALL	Passerine__order
det> that	2.0	0.713	ALL	Passerine__order
nsubj<ccomp>aux> have	2.0	0.172	ALL	Passerine__order
nmod<nsubj<obj> tool	2.0	0.361	ALL	Passerine__order
appos<acl> know	2.0	0.455	ALL	Passerine__order
flat<conj<conj> european	2.0	0.46	ALL	Passerine__order
conj<obl< few	2.0	0.486	ALL	Passerine__order
appos<acl>advmod> also	2.0	0.284	ALL	Passerine__order
flat<conj<amod> throat	2.0	0.588	ALL	Passerine__order
acl:relcl>nsubj:pass> that	2.0	0.255	ALL	Passerine__order
obl<amod< bird	2.0	0.291	ALL	Passerine__order
conj<nmod:poss>case> 's	2.0	0.58	ALL	Passerine__order
appos<nsubj>compound> genus	2.0	0.175	ALL	Passerine__order
obl<obj>compound> alarm	2.0	0.331	ALL	Passerine__order
flat<conj< dipper	2.0	0.313	ALL	Passerine__order
nsubj<parataxis>advmod> so	2.0	0.559	ALL	Passerine__order
nmod<obl<nsubj:pass> it	2.0	0.536	ALL	Passerine__order
obl<acl:relcl<det> the	2.0	0.527	ALL	Passerine__order
obl<acl:relcl<cop> be	2.0	0.497	ALL	Passerine__order
obl<nsubj> group	2.0	0.587	ALL	Passerine__order
conj<conj<det> a	2.0	0.436	ALL	Passerine__order
nmod<obj< resemble	2.0	0.698	ALL	Passerine__order
nmod<nsubj:pass<aux> may	2.0	0.357	ALL	Passerine__order
advmod> apparently	2.0	0.434	ALL	Passerine__order
compound<nmod<nsubj> it	2.0	0.366	ALL	Passerine__order
appos<amod> German	2.0	0.387	ALL	Passerine__order
obl<obl> winter	2.0	0.522	ALL	Passerine__order
flat> Abbey	2.0	0.375	ALL	Passerine__order
appos<nsubj>appos> Prunella	2.0	0.484	ALL	Passerine__order
nsubj:pass<obl>amod> northern	2.0	0.416	ALL	Passerine__order
parataxis>obl>det> the	2.0	0.405	ALL	Passerine__order
appos<nsubj> name	2.0	0.272	ALL	Passerine__order
appos>nmod>case> to	2.0	0.191	ALL	Passerine__order
appos<nsubj< come	2.0	0.397	ALL	Passerine__order
nsubj<conj<cop> be	2.0	0.61	ALL	Passerine__order
compound<obl< take	2.0	0.697	ALL	Passerine__order
acl>obl>case> to	2.0	0.34	ALL	Passerine__order
obl<nsubj> they	2.0	0.676	ALL	Passerine__order
flat<conj<flat> dipper	2.0	0.247	ALL	Passerine__order
appos<conj>amod> northeast	2.0	0.437	ALL	Passerine__order
obl<nsubj:pass> genus	2.0	0.688	ALL	Passerine__order
obl<advcl>cop> be	2.0	0.617	ALL	Passerine__order
nsubj<advcl>nsubj:pass> it	2.0	0.558	ALL	Passerine__order
nsubj:pass<obl>appos> Carl	2.0	0.237	ALL	Passerine__order
nmod<nsubj:pass<advmod> first	2.0	0.349	ALL	Passerine__order
appos<conj<case> in	2.0	0.197	ALL	Passerine__order
nsubj:pass<obl>amod> swedish	2.0	0.709	ALL	Passerine__order
nsubj<obj>amod> short	2.0	0.313	ALL	Passerine__order
nsubj:pass<obl>nmod> edition	2.0	0.452	ALL	Passerine__order
nsubj<appos>det> the	2.0	0.445	ALL	Passerine__order
flat> Hood	2.0	0.292	ALL	Passerine__order
flat> W.	2.0	0.282	ALL	Passerine__order
nsubj:pass<advmod> likely	2.0	0.508	ALL	Passerine__order
nsubj<conj>aux> may	2.0	0.698	ALL	Passerine__order
conj>case> via	2.0	0.402	ALL	Passerine__order
obj< suggest	2.0	0.372	ALL	Passerine__order
flat<flat> dipper	2.0	0.593	ALL	Passerine__order
conj<obj<advmod> how	2.0	0.408	ALL	Passerine__order
obj<aux> do	2.0	0.443	ALL	Passerine__order
flat<flat> Cinclus	2.0	0.449	ALL	Passerine__order
nsubj:pass<advmod> now	2.0	0.593	ALL	Passerine__order
conj<obj<appos> br	2.0	0.282	ALL	Passerine__order
flat<flat>case> mexicanus	2.0	0.451	ALL	Passerine__order
obj<conj<cop> be	2.0	0.637	ALL	Passerine__order
obl<advcl>mark> when	2.0	0.632	ALL	Passerine__order
obj<advmod> only	2.0	0.465	ALL	Passerine__order
nmod<nsubj<parataxis> have	2.0	0.1	ALL	Passerine__order
conj>obl>case> during	2.0	0.454	ALL	Passerine__order
flat< Brown	2.0	0.244	ALL	Passerine__order
nsubj<obj>amod> coastal	2.0	0.412	ALL	Passerine__order
cc> as	2.0	0.495	ALL	Passerine__order
flat<cc> cinclus	2.0	0.394	ALL	Passerine__order
cc>fixed> well	2.0	0.334	ALL	Passerine__order
flat<flat> White	2.0	0.588	ALL	Passerine__order
nmod>compound> paradise	2.0	0.31	ALL	Passerine__order
cc>fixed> as	2.0	0.323	ALL	Passerine__order
nmod<obl>det> this	2.0	0.41	ALL	Passerine__order
nsubj:pass<obl>det> some	2.0	0.664	ALL	Passerine__order
nsubj:pass<conj> refer	2.0	0.609	ALL	Passerine__order
nmod<nsubj>nmod> paradise	2.0	0.333	ALL	Passerine__order
nsubj<advmod> mainly	2.0	0.634	ALL	Passerine__order
nsubj<nmod>amod> colourful	2.0	0.53	ALL	Passerine__order
obl<advcl<mark> to	2.0	0.438	ALL	Passerine__order
conj>xcomp>mark> to	2.0	0.538	ALL	Passerine__order
conj<obj< identify	2.0	0.423	ALL	Passerine__order
nsubj:pass<obl> bird	2.0	0.599	ALL	Passerine__order
nsubj<obl> raven	2.0	0.49	ALL	Passerine__order
conj>compound> NCBI	2.0	0.532	ALL	Passerine__order
appos<nmod> chimpanzee	2.0	0.33	ALL	Passerine__order
