feat	count	weight	rel_role	group_name
case> ...	17.0	0.909	adaptation_comment	Animal__kingdom
amod> ...	15.0	1.252	adaptation_comment	Animal__kingdom
obl< ...	10.0	0.365	adaptation_comment	Animal__kingdom
cop> be	10.0	0.745	adaptation_comment	Animal__kingdom
cop> ...	10.0	0.745	adaptation_comment	Animal__kingdom
conj> ...	9.0	1.014	adaptation_comment	Animal__kingdom
conj< ...	8.0	0.502	adaptation_comment	Animal__kingdom
conj>cc> ...	7.0	0.783	adaptation_comment	Animal__kingdom
nmod< ...	7.0	0.428	adaptation_comment	Animal__kingdom
det> ...	7.0	1.25	adaptation_comment	Animal__kingdom
nsubj> ...	7.0	0.298	adaptation_comment	Animal__kingdom
nsubj< ...	7.0	0.766	adaptation_comment	Animal__kingdom
nmod>case> ...	6.0	0.916	adaptation_comment	Animal__kingdom
obl<nsubj> ...	6.0	0.735	adaptation_comment	Animal__kingdom
cc> ...	6.0	0.943	adaptation_comment	Animal__kingdom
compound< ...	6.0	0.347	adaptation_comment	Animal__kingdom
cc> and	6.0	0.965	adaptation_comment	Animal__kingdom
nmod> ...	6.0	0.597	adaptation_comment	Animal__kingdom
case> of	5.0	0.941	adaptation_comment	Animal__kingdom
nmod<case> ...	5.0	0.897	adaptation_comment	Animal__kingdom
conj>cc> and	5.0	0.785	adaptation_comment	Animal__kingdom
obl<advmod> ...	5.0	0.276	adaptation_comment	Animal__kingdom
nsubj<advmod> ...	5.0	0.886	adaptation_comment	Animal__kingdom
amod< ...	5.0	0.566	adaptation_comment	Animal__kingdom
nmod<det> ...	4.0	0.58	adaptation_comment	Animal__kingdom
obl<nsubj>compound> ...	4.0	0.234	adaptation_comment	Animal__kingdom
conj<conj>cc> and	4.0	0.576	adaptation_comment	Animal__kingdom
conj<conj>cc> ...	4.0	0.527	adaptation_comment	Animal__kingdom
conj<conj> ...	4.0	0.906	adaptation_comment	Animal__kingdom
nsubj>amod> ...	4.0	0.2	adaptation_comment	Animal__kingdom
conj<nsubj> ...	4.0	0.552	adaptation_comment	Animal__kingdom
acl:relcl> ...	3.0	0.41	adaptation_comment	Animal__kingdom
det> the	3.0	1.274	adaptation_comment	Animal__kingdom
acl:relcl>nsubj> ...	3.0	0.558	adaptation_comment	Animal__kingdom
acl:relcl>obl>case> ...	3.0	0.592	adaptation_comment	Animal__kingdom
compound> ...	3.0	0.581	adaptation_comment	Animal__kingdom
nsubj<obj> ...	3.0	0.444	adaptation_comment	Animal__kingdom
nsubj<advcl> ...	3.0	0.788	adaptation_comment	Animal__kingdom
nsubj<conj>cc> ...	3.0	0.592	adaptation_comment	Animal__kingdom
nsubj<conj> ...	3.0	0.302	adaptation_comment	Animal__kingdom
amod<case> ...	3.0	0.627	adaptation_comment	Animal__kingdom
conj<case> ...	3.0	0.392	adaptation_comment	Animal__kingdom
amod<nmod>case> ...	3.0	0.161	adaptation_comment	Animal__kingdom
amod<nmod> ...	3.0	0.496	adaptation_comment	Animal__kingdom
amod<amod> ...	3.0	0.485	adaptation_comment	Animal__kingdom
nsubj<obl> ...	3.0	0.296	adaptation_comment	Animal__kingdom
conj<advmod> ...	3.0	0.447	adaptation_comment	Animal__kingdom
acl:relcl>nsubj> that	3.0	0.635	adaptation_comment	Animal__kingdom
nsubj<obl>case> ...	3.0	0.95	adaptation_comment	Animal__kingdom
obl<conj> ...	3.0	0.328	adaptation_comment	Animal__kingdom
conj<cop> be	3.0	0.458	adaptation_comment	Animal__kingdom
compound<det> ...	3.0	0.621	adaptation_comment	Animal__kingdom
nsubj>det> ...	3.0	0.533	adaptation_comment	Animal__kingdom
advmod> ...	3.0	0.401	adaptation_comment	Animal__kingdom
conj<cop> ...	3.0	0.458	adaptation_comment	Animal__kingdom
compound<det> a	3.0	0.634	adaptation_comment	Animal__kingdom
nmod>case> of	3.0	1.004	adaptation_comment	Animal__kingdom
obj< ...	3.0	0.474	adaptation_comment	Animal__kingdom
case> to	3.0	0.867	adaptation_comment	Animal__kingdom
nmod<det> the	3.0	0.636	adaptation_comment	Animal__kingdom
conj>obl> ...	2.0	0.382	adaptation_comment	Animal__kingdom
conj<nmod<nsubj< ...	2.0	0.532	adaptation_comment	Animal__kingdom
conj>amod> ...	2.0	0.222	adaptation_comment	Animal__kingdom
nmod<nmod< ...	2.0	0.542	adaptation_comment	Animal__kingdom
conj>obl>det> ...	2.0	0.334	adaptation_comment	Animal__kingdom
conj>obl>case> ...	2.0	0.509	adaptation_comment	Animal__kingdom
nsubj<conj<advmod> ...	2.0	0.544	adaptation_comment	Animal__kingdom
amod<obl< ...	2.0	0.607	adaptation_comment	Animal__kingdom
conj>advmod> ...	2.0	0.552	adaptation_comment	Animal__kingdom
conj<compound> ...	2.0	0.356	adaptation_comment	Animal__kingdom
conj<nmod<det> the	2.0	0.703	adaptation_comment	Animal__kingdom
appos> ...	2.0	0.347	adaptation_comment	Animal__kingdom
obl<aux:pass> be	2.0	0.404	adaptation_comment	Animal__kingdom
nmod<nmod<det> ...	2.0	0.675	adaptation_comment	Animal__kingdom
obl<nsubj:pass> ...	2.0	0.628	adaptation_comment	Animal__kingdom
conj>cc> or	2.0	0.815	adaptation_comment	Animal__kingdom
obl<conj>cc> ...	2.0	0.393	adaptation_comment	Animal__kingdom
obl<obl> ...	2.0	0.534	adaptation_comment	Animal__kingdom
obl<obl>case> ...	2.0	0.367	adaptation_comment	Animal__kingdom
obl<aux:pass> ...	2.0	0.404	adaptation_comment	Animal__kingdom
amod<obj<obl> ...	2.0	0.269	adaptation_comment	Animal__kingdom
conj>nmod> ...	2.0	0.296	adaptation_comment	Animal__kingdom
conj>nsubj>det> ...	2.0	0.419	adaptation_comment	Animal__kingdom
conj>nsubj>compound> ...	2.0	0.516	adaptation_comment	Animal__kingdom
conj>nsubj> ...	2.0	0.37	adaptation_comment	Animal__kingdom
conj>nmod>case> ...	2.0	0.478	adaptation_comment	Animal__kingdom
conj>nmod>compound> ...	2.0	0.128	adaptation_comment	Animal__kingdom
conj<nmod< ...	2.0	0.271	adaptation_comment	Animal__kingdom
amod<nmod>det> ...	2.0	0.414	adaptation_comment	Animal__kingdom
appos>conj> ...	2.0	0.409	adaptation_comment	Animal__kingdom
conj<nmod<det> ...	2.0	0.671	adaptation_comment	Animal__kingdom
obj<obl>case> ...	2.0	0.641	adaptation_comment	Animal__kingdom
acl:relcl>obl>det> ...	2.0	0.371	adaptation_comment	Animal__kingdom
obj<nsubj> ...	2.0	0.299	adaptation_comment	Animal__kingdom
acl:relcl>advmod> ...	2.0	0.307	adaptation_comment	Animal__kingdom
obj<aux> ...	2.0	0.336	adaptation_comment	Animal__kingdom
obl<obj> ...	2.0	0.537	adaptation_comment	Animal__kingdom
advcl> ...	2.0	0.386	adaptation_comment	Animal__kingdom
conj<nmod>case> ...	2.0	0.57	adaptation_comment	Animal__kingdom
obl<acl:relcl< ...	2.0	0.306	adaptation_comment	Animal__kingdom
obl<acl:relcl<amod> ...	2.0	0.361	adaptation_comment	Animal__kingdom
obl<acl:relcl<case> ...	2.0	0.302	adaptation_comment	Animal__kingdom
obl<advmod> not	2.0	0.246	adaptation_comment	Animal__kingdom
conj<nmod> ...	2.0	0.543	adaptation_comment	Animal__kingdom
acl:relcl>obl> ...	2.0	0.313	adaptation_comment	Animal__kingdom
nsubj<aux> ...	2.0	0.594	adaptation_comment	Animal__kingdom
conj<amod> ...	2.0	0.867	adaptation_comment	Animal__kingdom
obl<conj< ...	2.0	0.354	adaptation_comment	Animal__kingdom
obl<cc> ...	2.0	0.504	adaptation_comment	Animal__kingdom
obl<mark> ...	2.0	0.647	adaptation_comment	Animal__kingdom
compound<nmod< ...	2.0	0.217	adaptation_comment	Animal__kingdom
compound<case> ...	2.0	0.297	adaptation_comment	Animal__kingdom
compound<conj< ...	2.0	0.607	adaptation_comment	Animal__kingdom
amod<nmod>det> the	2.0	0.414	adaptation_comment	Animal__kingdom
amod< mammal	2.0	0.603	adaptation_comment	Animal__kingdom
obj<nmod>conj> ...	2.0	0.422	adaptation_comment	Animal__kingdom
acl:relcl>obj> ...	2.0	0.298	adaptation_comment	Animal__kingdom
amod< species	2.0	0.574	adaptation_comment	Animal__kingdom
nsubj<advcl>mark> ...	2.0	0.77	adaptation_comment	Animal__kingdom
nmod<nmod<nsubj< ...	2.0	0.381	adaptation_comment	Animal__kingdom
nsubj<advcl>obj> ...	2.0	0.316	adaptation_comment	Animal__kingdom
nmod<obl< ...	2.0	0.362	adaptation_comment	Animal__kingdom
nsubj>det> the	2.0	0.57	adaptation_comment	Animal__kingdom
conj<nsubj>appos> ...	2.0	0.172	adaptation_comment	Animal__kingdom
nsubj<advmod> not	2.0	1.024	adaptation_comment	Animal__kingdom
nsubj<obl>det> ...	2.0	0.718	adaptation_comment	Animal__kingdom
conj<nsubj>amod> ...	2.0	0.286	adaptation_comment	Animal__kingdom
nsubj<obl>amod> ...	2.0	0.709	adaptation_comment	Animal__kingdom
obl<nsubj> which	2.0	0.782	adaptation_comment	Animal__kingdom
nsubj<conj>amod> ...	2.0	0.474	adaptation_comment	Animal__kingdom
obl<parataxis<obl> ...	2.0	0.383	adaptation_comment	Animal__kingdom
conj<case> for	2.0	0.362	adaptation_comment	Animal__kingdom
obl<aux> ...	2.0	0.745	adaptation_comment	Animal__kingdom
nsubj<conj>nmod> ...	2.0	0.264	adaptation_comment	Animal__kingdom
advmod> mostly	2.0	0.418	adaptation_comment	Animal__kingdom
parataxis<amod> ...	2.0	0.464	adaptation_comment	Animal__kingdom
obj<obl>case> for	2.0	0.642	adaptation_comment	Animal__kingdom
obl<nsubj>det> ...	2.0	0.503	adaptation_comment	Animal__kingdom
conj<nsubj>nmod> ...	2.0	0.342	adaptation_comment	Animal__kingdom
amod> other	2.0	1.396	adaptation_comment	Animal__kingdom
det> a	2.0	1.284	adaptation_comment	Animal__kingdom
compound<obj< ...	2.0	0.581	adaptation_comment	Animal__kingdom
parataxis<nsubj>det> ...	1.0	0.499	adaptation_comment	Animal__kingdom
parataxis<conj>cc> ...	1.0	0.389	adaptation_comment	Animal__kingdom
parataxis<det> ...	1.0	0.442	adaptation_comment	Animal__kingdom
conj>nmod>nmod:poss> ...	1.0	0.28	adaptation_comment	Animal__kingdom
parataxis<nmod>case> ...	1.0	0.328	adaptation_comment	Animal__kingdom
parataxis< ...	1.0	0.301	adaptation_comment	Animal__kingdom
parataxis<nsubj> ...	1.0	0.748	adaptation_comment	Animal__kingdom
parataxis<cop> ...	1.0	0.475	adaptation_comment	Animal__kingdom
parataxis<nmod> ...	1.0	0.203	adaptation_comment	Animal__kingdom
compound<obj<aux> ...	1.0	0.339	adaptation_comment	Animal__kingdom
conj>det> ...	1.0	0.612	adaptation_comment	Animal__kingdom
conj>case> ...	1.0	0.647	adaptation_comment	Animal__kingdom
nsubj>appos> ...	1.0	0.359	adaptation_comment	Animal__kingdom
conj>nummod> ...	1.0	0.669	adaptation_comment	Animal__kingdom
parataxis<appos> ...	1.0	0.536	adaptation_comment	Animal__kingdom
parataxis<conj> ...	1.0	0.394	adaptation_comment	Animal__kingdom
conj<conj>advmod> ...	1.0	0.573	adaptation_comment	Animal__kingdom
conj>cop> ...	1.0	0.503	adaptation_comment	Animal__kingdom
conj<conj>obj> ...	1.0	0.305	adaptation_comment	Animal__kingdom
conj<nsubj>compound> ...	1.0	0.627	adaptation_comment	Animal__kingdom
obj<ccomp<aux> ...	1.0	0.521	adaptation_comment	Animal__kingdom
nsubj<advmod>advmod> ...	1.0	0.378	adaptation_comment	Animal__kingdom
nmod>case>fixed> ...	1.0	0.427	adaptation_comment	Animal__kingdom
nsubj<mark> ...	1.0	0.428	adaptation_comment	Animal__kingdom
nsubj<acl< ...	1.0	0.359	adaptation_comment	Animal__kingdom
nmod<nsubj<ccomp> ...	1.0	0.448	adaptation_comment	Animal__kingdom
obj<obl>advmod> ...	1.0	0.57	adaptation_comment	Animal__kingdom
obj<obl>det> ...	1.0	0.611	adaptation_comment	Animal__kingdom
obj<obl> ...	1.0	0.294	adaptation_comment	Animal__kingdom
obj<advcl>mark> ...	1.0	0.455	adaptation_comment	Animal__kingdom
obj<advcl> ...	1.0	0.676	adaptation_comment	Animal__kingdom
nmod<nsubj< ...	1.0	0.668	adaptation_comment	Animal__kingdom
advcl>obj> ...	1.0	0.248	adaptation_comment	Animal__kingdom
nmod>nmod> ...	1.0	0.426	adaptation_comment	Animal__kingdom
obj<ccomp< ...	1.0	0.291	adaptation_comment	Animal__kingdom
obj<ccomp<nsubj> ...	1.0	0.303	adaptation_comment	Animal__kingdom
conj<nsubj>det> ...	1.0	0.334	adaptation_comment	Animal__kingdom
nmod>amod> ...	1.0	0.535	adaptation_comment	Animal__kingdom
appos>conj>cc> ...	1.0	0.405	adaptation_comment	Animal__kingdom
conj>nmod>det> ...	1.0	0.633	adaptation_comment	Animal__kingdom
nmod<parataxis< ...	1.0	0.263	adaptation_comment	Animal__kingdom
nmod<obj>amod> ...	1.0	0.487	adaptation_comment	Animal__kingdom
nmod<obj> ...	1.0	0.495	adaptation_comment	Animal__kingdom
nmod<conj>cc> ...	1.0	0.134	adaptation_comment	Animal__kingdom
nmod<conj>amod> ...	1.0	0.208	adaptation_comment	Animal__kingdom
nmod<conj> ...	1.0	0.248	adaptation_comment	Animal__kingdom
nmod<conj>acl> ...	1.0	0.445	adaptation_comment	Animal__kingdom
compound<nmod<obj< ...	1.0	0.312	adaptation_comment	Animal__kingdom
obl<amod<acl:relcl> ...	1.0	0.681	adaptation_comment	Animal__kingdom
obl<amod< ...	1.0	0.296	adaptation_comment	Animal__kingdom
nsubj<advcl>xcomp> ...	1.0	0.618	adaptation_comment	Animal__kingdom
nsubj<advmod>obl> ...	1.0	0.67	adaptation_comment	Animal__kingdom
nsubj>appos>compound> ...	1.0	0.304	adaptation_comment	Animal__kingdom
conj>nmod>amod> ...	1.0	0.499	adaptation_comment	Animal__kingdom
compound<case> of	1.0	0.281	adaptation_comment	Animal__kingdom
conj>aux:pass> ...	1.0	0.317	adaptation_comment	Animal__kingdom
conj<nsubj>det> the	1.0	0.334	adaptation_comment	Animal__kingdom
conj>nmod>nmod> ...	1.0	0.271	adaptation_comment	Animal__kingdom
obl<conj>cc> and	1.0	0.516	adaptation_comment	Animal__kingdom
nsubj<mark> that	1.0	0.471	adaptation_comment	Animal__kingdom
nmod>case> such	1.0	0.79	adaptation_comment	Animal__kingdom
nmod>case>fixed> as	1.0	0.427	adaptation_comment	Animal__kingdom
nsubj<aux> may	1.0	0.58	adaptation_comment	Animal__kingdom
nsubj<obl>case> to	1.0	1.022	adaptation_comment	Animal__kingdom
nsubj<obl>amod> visual	1.0	0.808	adaptation_comment	Animal__kingdom
nsubj<advmod>advmod> more	1.0	0.381	adaptation_comment	Animal__kingdom
nsubj<advcl> make	1.0	0.846	adaptation_comment	Animal__kingdom
nsubj> species	1.0	0.335	adaptation_comment	Animal__kingdom
conj>nmod>det> the	1.0	0.633	adaptation_comment	Animal__kingdom
conj>aux:pass> be	1.0	0.317	adaptation_comment	Animal__kingdom
conj>obl>case> as	1.0	0.37	adaptation_comment	Animal__kingdom
appos< ...	1.0	0.503	adaptation_comment	Animal__kingdom
parataxis<cop> be	1.0	0.475	adaptation_comment	Animal__kingdom
parataxis<det> the	1.0	0.442	adaptation_comment	Animal__kingdom
appos<compound> ...	1.0	0.702	adaptation_comment	Animal__kingdom
conj<nmod>det> ...	1.0	0.237	adaptation_comment	Animal__kingdom
flat> ...	1.0	0.37	adaptation_comment	Animal__kingdom
obl<conj<obj> ...	1.0	0.253	adaptation_comment	Animal__kingdom
obl<conj<nsubj> ...	1.0	0.578	adaptation_comment	Animal__kingdom
obl<nsubj>conj> ...	1.0	0.485	adaptation_comment	Animal__kingdom
obl<acl:relcl<nmod< ...	1.0	0.419	adaptation_comment	Animal__kingdom
obl<obl>appos> ...	1.0	0.315	adaptation_comment	Animal__kingdom
nsubj<obl>nmod> ...	1.0	0.217	adaptation_comment	Animal__kingdom
advcl>obl>case> ...	1.0	0.512	adaptation_comment	Animal__kingdom
obl<obl>compound> ...	1.0	0.588	adaptation_comment	Animal__kingdom
conj>aux> ...	1.0	0.585	adaptation_comment	Animal__kingdom
xcomp< ...	1.0	0.258	adaptation_comment	Animal__kingdom
obl<advcl>mark> ...	1.0	0.593	adaptation_comment	Animal__kingdom
obl<parataxis< ...	1.0	0.366	adaptation_comment	Animal__kingdom
obl<parataxis<nsubj> ...	1.0	0.499	adaptation_comment	Animal__kingdom
xcomp<nsubj>det> ...	1.0	0.414	adaptation_comment	Animal__kingdom
xcomp<nsubj> ...	1.0	0.27	adaptation_comment	Animal__kingdom
xcomp<nsubj>nmod> ...	1.0	0.303	adaptation_comment	Animal__kingdom
nsubj<obj>conj> ...	1.0	0.397	adaptation_comment	Animal__kingdom
acl:relcl>obj>amod> ...	1.0	0.526	adaptation_comment	Animal__kingdom
nsubj<conj<obl> ...	1.0	0.4	adaptation_comment	Animal__kingdom
nsubj<conj<nsubj> ...	1.0	0.529	adaptation_comment	Animal__kingdom
nsubj<conj<cop> ...	1.0	0.516	adaptation_comment	Animal__kingdom
nsubj<conj< ...	1.0	0.195	adaptation_comment	Animal__kingdom
nsubj<cc> ...	1.0	0.418	adaptation_comment	Animal__kingdom
nsubj<obj>amod> ...	1.0	0.669	adaptation_comment	Animal__kingdom
advcl>obl> ...	1.0	0.852	adaptation_comment	Animal__kingdom
conj<obl<nsubj> ...	1.0	0.353	adaptation_comment	Animal__kingdom
compound<conj<obj< ...	1.0	0.694	adaptation_comment	Animal__kingdom
obl<nsubj:pass>nmod> ...	1.0	0.432	adaptation_comment	Animal__kingdom
compound<acl:relcl> ...	1.0	0.413	adaptation_comment	Animal__kingdom
compound<acl:relcl>nsubj> ...	1.0	0.326	adaptation_comment	Animal__kingdom
compound<nmod> ...	1.0	0.152	adaptation_comment	Animal__kingdom
obl<obl>det> ...	1.0	0.379	adaptation_comment	Animal__kingdom
compound<nmod>case> ...	1.0	0.831	adaptation_comment	Animal__kingdom
obl<obl>amod> ...	1.0	0.198	adaptation_comment	Animal__kingdom
obl<conj>aux:pass> ...	1.0	0.471	adaptation_comment	Animal__kingdom
obl<nsubj:pass>det> ...	1.0	0.65	adaptation_comment	Animal__kingdom
compound<obj<conj> ...	1.0	0.326	adaptation_comment	Animal__kingdom
obl<conj>obl> ...	1.0	0.352	adaptation_comment	Animal__kingdom
obj<advcl<nsubj> ...	1.0	0.195	adaptation_comment	Animal__kingdom
obj<advcl< ...	1.0	0.284	adaptation_comment	Animal__kingdom
obj<advcl<obj> ...	1.0	0.428	adaptation_comment	Animal__kingdom
compound<obj<acl:relcl< ...	1.0	0.352	adaptation_comment	Animal__kingdom
compound<obj<conj< ...	1.0	0.245	adaptation_comment	Animal__kingdom
conj>xcomp> ...	1.0	0.403	adaptation_comment	Animal__kingdom
nsubj>nmod>case> ...	1.0	0.477	adaptation_comment	Animal__kingdom
nsubj>nmod>nummod> ...	1.0	0.558	adaptation_comment	Animal__kingdom
nsubj>nmod> ...	1.0	0.347	adaptation_comment	Animal__kingdom
obl<advcl> ...	1.0	0.35	adaptation_comment	Animal__kingdom
obl<advcl>obj> ...	1.0	0.528	adaptation_comment	Animal__kingdom
conj<nmod<amod> ...	1.0	0.31	adaptation_comment	Animal__kingdom
conj<nsubj<cop> ...	1.0	0.33	adaptation_comment	Animal__kingdom
acl:relcl>cop> ...	1.0	0.69	adaptation_comment	Animal__kingdom
conj<nsubj<nmod> ...	1.0	0.217	adaptation_comment	Animal__kingdom
conj<nsubj< ...	1.0	0.346	adaptation_comment	Animal__kingdom
conj<nsubj<amod> ...	1.0	0.255	adaptation_comment	Animal__kingdom
acl:relcl>obl>amod> ...	1.0	0.34	adaptation_comment	Animal__kingdom
conj<nsubj<det> ...	1.0	0.373	adaptation_comment	Animal__kingdom
conj<det> ...	1.0	0.586	adaptation_comment	Animal__kingdom
nmod<obl<aux:pass> ...	1.0	0.262	adaptation_comment	Animal__kingdom
nsubj<xcomp>mark> ...	1.0	0.374	adaptation_comment	Animal__kingdom
nsubj<xcomp> ...	1.0	0.227	adaptation_comment	Animal__kingdom
nsubj<xcomp>obj> ...	1.0	0.36	adaptation_comment	Animal__kingdom
nsubj<xcomp>advcl> ...	1.0	0.335	adaptation_comment	Animal__kingdom
nmod<amod> ...	1.0	0.678	adaptation_comment	Animal__kingdom
nmod<obl<mark> ...	1.0	0.281	adaptation_comment	Animal__kingdom
nsubj<conj>conj> ...	1.0	0.372	adaptation_comment	Animal__kingdom
obl<parataxis>obl> ...	1.0	0.61	adaptation_comment	Animal__kingdom
conj<obl< ...	1.0	0.432	adaptation_comment	Animal__kingdom
nmod>nmod>case> ...	1.0	0.635	adaptation_comment	Animal__kingdom
nmod>compound> ...	1.0	0.366	adaptation_comment	Animal__kingdom
nmod<compound> ...	1.0	0.209	adaptation_comment	Animal__kingdom
compound<obj<nsubj> ...	1.0	0.485	adaptation_comment	Animal__kingdom
conj<nmod>compound> ...	1.0	0.306	adaptation_comment	Animal__kingdom
obl<acl:relcl<obl< ...	1.0	0.303	adaptation_comment	Animal__kingdom
nmod<obl<xcomp< ...	1.0	0.504	adaptation_comment	Animal__kingdom
obl<parataxis> ...	1.0	0.297	adaptation_comment	Animal__kingdom
obl<parataxis>advmod> ...	1.0	0.36	adaptation_comment	Animal__kingdom
obl<parataxis>aux:pass> ...	1.0	0.558	adaptation_comment	Animal__kingdom
obl<cop> ...	1.0	0.592	adaptation_comment	Animal__kingdom
conj<nmod>amod> ...	1.0	0.393	adaptation_comment	Animal__kingdom
obl<obj>amod> ...	1.0	0.613	adaptation_comment	Animal__kingdom
nmod<obl<obl> ...	1.0	0.494	adaptation_comment	Animal__kingdom
nmod<case>fixed> ...	1.0	0.425	adaptation_comment	Animal__kingdom
compound<nmod<amod> ...	1.0	0.374	adaptation_comment	Animal__kingdom
nsubj<advcl>nsubj> ...	1.0	0.292	adaptation_comment	Animal__kingdom
obj<nmod> ...	1.0	0.313	adaptation_comment	Animal__kingdom
acl:relcl>obj>det> ...	1.0	0.189	adaptation_comment	Animal__kingdom
nsubj<cop> ...	1.0	0.665	adaptation_comment	Animal__kingdom
acl:relcl>obj>nmod> ...	1.0	0.507	adaptation_comment	Animal__kingdom
nsubj<obj>det> ...	1.0	0.419	adaptation_comment	Animal__kingdom
nsubj<advcl>aux> ...	1.0	0.337	adaptation_comment	Animal__kingdom
nmod<obl<aux> ...	1.0	0.394	adaptation_comment	Animal__kingdom
nsubj<advcl>conj> ...	1.0	0.237	adaptation_comment	Animal__kingdom
nsubj<conj>obj> ...	1.0	0.171	adaptation_comment	Animal__kingdom
obj<nmod>case> ...	1.0	0.512	adaptation_comment	Animal__kingdom
nmod>nmod:poss> ...	1.0	0.398	adaptation_comment	Animal__kingdom
obj<nsubj>compound> ...	1.0	0.41	adaptation_comment	Animal__kingdom
nmod<cop> ...	1.0	0.287	adaptation_comment	Animal__kingdom
compound<nmod<nmod> ...	1.0	0.399	adaptation_comment	Animal__kingdom
nmod<obl<nsubj> ...	1.0	0.329	adaptation_comment	Animal__kingdom
compound<amod>obl:npmod> ...	1.0	0.23	adaptation_comment	Animal__kingdom
compound<amod> ...	1.0	0.382	adaptation_comment	Animal__kingdom
nsubj<advcl>obl> ...	1.0	0.532	adaptation_comment	Animal__kingdom
compound<nmod<appos> ...	1.0	0.163	adaptation_comment	Animal__kingdom
compound<conj<obl< ...	1.0	0.259	adaptation_comment	Animal__kingdom
compound<conj<case> ...	1.0	0.424	adaptation_comment	Animal__kingdom
nsubj<nsubj> ...	1.0	0.274	adaptation_comment	Animal__kingdom
compound<conj<nmod> ...	1.0	0.216	adaptation_comment	Animal__kingdom
compound<conj<appos> ...	1.0	0.423	adaptation_comment	Animal__kingdom
nsubj<obl>compound> ...	1.0	0.201	adaptation_comment	Animal__kingdom
nmod<nsubj>compound> ...	1.0	0.73	adaptation_comment	Animal__kingdom
nmod<nsubj> ...	1.0	0.352	adaptation_comment	Animal__kingdom
nsubj<acl< evidence	1.0	0.377	adaptation_comment	Animal__kingdom
obl<cop> be	1.0	0.592	adaptation_comment	Animal__kingdom
nmod<cop> be	1.0	0.424	adaptation_comment	Animal__kingdom
obj<nsubj> starfish	1.0	0.355	adaptation_comment	Animal__kingdom
obj<aux> do	1.0	0.345	adaptation_comment	Animal__kingdom
nmod>nmod:poss> its	1.0	0.411	adaptation_comment	Animal__kingdom
nsubj> they	1.0	0.474	adaptation_comment	Animal__kingdom
acl:relcl>obj>det> the	1.0	0.188	adaptation_comment	Animal__kingdom
acl:relcl>obl>case> on	1.0	0.722	adaptation_comment	Animal__kingdom
acl:relcl>obl>case> to	1.0	0.578	adaptation_comment	Animal__kingdom
acl:relcl>obl>det> the	1.0	0.441	adaptation_comment	Animal__kingdom
nsubj<obj>det> the	1.0	0.404	adaptation_comment	Animal__kingdom
obl<cc> and	1.0	0.463	adaptation_comment	Animal__kingdom
obl<mark> to	1.0	0.619	adaptation_comment	Animal__kingdom
compound<case> by	1.0	0.321	adaptation_comment	Animal__kingdom
compound<conj<case> by	1.0	0.467	adaptation_comment	Animal__kingdom
nsubj<obj> soil	1.0	0.537	adaptation_comment	Animal__kingdom
nsubj> most	1.0	0.309	adaptation_comment	Animal__kingdom
acl:relcl> feed	1.0	0.542	adaptation_comment	Animal__kingdom
nsubj<conj<cop> be	1.0	0.516	adaptation_comment	Animal__kingdom
nsubj<cc> and	1.0	0.346	adaptation_comment	Animal__kingdom
nsubj< have	1.0	0.821	adaptation_comment	Animal__kingdom
det> both	1.0	1.307	adaptation_comment	Animal__kingdom
nsubj<advcl>aux> can	1.0	0.349	adaptation_comment	Animal__kingdom
nsubj<advcl>obj> it	1.0	0.363	adaptation_comment	Animal__kingdom
nsubj<conj>cc> and	1.0	0.565	adaptation_comment	Animal__kingdom
conj<case> of	1.0	0.424	adaptation_comment	Animal__kingdom
conj>advmod> usually	1.0	0.617	adaptation_comment	Animal__kingdom
nsubj<xcomp>mark> to	1.0	0.374	adaptation_comment	Animal__kingdom
nsubj<aux> do	1.0	0.682	adaptation_comment	Animal__kingdom
nmod< number	1.0	0.485	adaptation_comment	Animal__kingdom
appos>conj>cc> and	1.0	0.438	adaptation_comment	Animal__kingdom
amod> large	1.0	1.4	adaptation_comment	Animal__kingdom
nmod<conj>cc> and	1.0	0.162	adaptation_comment	Animal__kingdom
nmod<conj>acl> grow	1.0	0.37	adaptation_comment	Animal__kingdom
conj<nsubj> they	1.0	0.742	adaptation_comment	Animal__kingdom
nmod>case> on	1.0	0.902	adaptation_comment	Animal__kingdom
nmod<case> of	1.0	1.041	adaptation_comment	Animal__kingdom
conj>cop> be	1.0	0.503	adaptation_comment	Animal__kingdom
conj>case> on	1.0	0.747	adaptation_comment	Animal__kingdom
conj>det> the	1.0	0.599	adaptation_comment	Animal__kingdom
conj>nmod>case> of	1.0	0.507	adaptation_comment	Animal__kingdom
nmod<nmod<det> a	1.0	0.715	adaptation_comment	Animal__kingdom
nmod>case> for	1.0	0.819	adaptation_comment	Animal__kingdom
nmod<obl<xcomp< know	1.0	0.501	adaptation_comment	Animal__kingdom
nmod<obl<mark> to	1.0	0.298	adaptation_comment	Animal__kingdom
nmod<obl<aux:pass> be	1.0	0.262	adaptation_comment	Animal__kingdom
nmod<case> by	1.0	0.889	adaptation_comment	Animal__kingdom
nmod<det> a	1.0	0.569	adaptation_comment	Animal__kingdom
nmod<amod> wide	1.0	0.762	adaptation_comment	Animal__kingdom
nmod< variety	1.0	0.51	adaptation_comment	Animal__kingdom
acl:relcl>cop> be	1.0	0.69	adaptation_comment	Animal__kingdom
acl:relcl>advmod> also	1.0	0.314	adaptation_comment	Animal__kingdom
acl:relcl>obl>case> in	1.0	0.483	adaptation_comment	Animal__kingdom
acl:relcl>obl>amod> coastal	1.0	0.319	adaptation_comment	Animal__kingdom
obj<nsubj> this	1.0	0.362	adaptation_comment	Animal__kingdom
obj<aux> may	1.0	0.348	adaptation_comment	Animal__kingdom
obj<obl>det> the	1.0	0.586	adaptation_comment	Animal__kingdom
obj<obl> animal	1.0	0.44	adaptation_comment	Animal__kingdom
obj<advcl>mark> to	1.0	0.502	adaptation_comment	Animal__kingdom
nsubj>amod> most	1.0	0.265	adaptation_comment	Animal__kingdom
conj<nmod>det> the	1.0	0.237	adaptation_comment	Animal__kingdom
obl<advcl>mark> to	1.0	0.63	adaptation_comment	Animal__kingdom
nsubj<cop> be	1.0	0.67	adaptation_comment	Animal__kingdom
nsubj<conj>cc> but	1.0	0.653	adaptation_comment	Animal__kingdom
nsubj<obl>det> the	1.0	0.755	adaptation_comment	Animal__kingdom
det> some	1.0	1.323	adaptation_comment	Animal__kingdom
obl<nsubj>compound> sea	1.0	0.312	adaptation_comment	Animal__kingdom
obl<aux> can	1.0	0.915	adaptation_comment	Animal__kingdom
obl<cc> but	1.0	0.638	adaptation_comment	Animal__kingdom
obl<obl>case> with	1.0	0.29	adaptation_comment	Animal__kingdom
conj<nmod>case> of	1.0	0.706	adaptation_comment	Animal__kingdom
conj<nmod>amod> other	1.0	0.358	adaptation_comment	Animal__kingdom
obl<nsubj>det> the	1.0	0.636	adaptation_comment	Animal__kingdom
obl<parataxis>aux:pass> be	1.0	0.558	adaptation_comment	Animal__kingdom
nmod> starfish	1.0	0.695	adaptation_comment	Animal__kingdom
nsubj<advcl> use	1.0	0.846	adaptation_comment	Animal__kingdom
nsubj<conj>cc> or	1.0	0.656	adaptation_comment	Animal__kingdom
nmod<obl<aux> can	1.0	0.258	adaptation_comment	Animal__kingdom
conj<det> both	1.0	0.551	adaptation_comment	Animal__kingdom
conj<nsubj<cop> be	1.0	0.33	adaptation_comment	Animal__kingdom
conj<nsubj<det> the	1.0	0.387	adaptation_comment	Animal__kingdom
nmod<case> for	1.0	0.832	adaptation_comment	Animal__kingdom
nmod<nmod<det> the	1.0	0.661	adaptation_comment	Animal__kingdom
case> by	1.0	0.99	adaptation_comment	Animal__kingdom
conj>aux> can	1.0	0.475	adaptation_comment	Animal__kingdom
compound<acl:relcl>nsubj> that	1.0	0.346	adaptation_comment	Animal__kingdom
nsubj<obl>case> with	1.0	0.993	adaptation_comment	Animal__kingdom
nsubj<obl>det> a	1.0	0.756	adaptation_comment	Animal__kingdom
obl<acl:relcl<case> of	1.0	0.265	adaptation_comment	Animal__kingdom
obl<aux> do	1.0	0.705	adaptation_comment	Animal__kingdom
obl<nsubj> animal	1.0	0.83	adaptation_comment	Animal__kingdom
obl<advmod> commonly	1.0	0.362	adaptation_comment	Animal__kingdom
compound<nmod>case> of	1.0	0.935	adaptation_comment	Animal__kingdom
obl<nsubj:pass>det> the	1.0	0.663	adaptation_comment	Animal__kingdom
obl<obl>case> to	1.0	0.364	adaptation_comment	Animal__kingdom
obl<obl>det> the	1.0	0.424	adaptation_comment	Animal__kingdom
obl<conj>cc> but	1.0	0.387	adaptation_comment	Animal__kingdom
obl<conj>aux:pass> be	1.0	0.471	adaptation_comment	Animal__kingdom
compound<obj<nsubj> which	1.0	0.666	adaptation_comment	Animal__kingdom
conj>obl>nmod> ...	1.0	0.229	adaptation_comment	Animal__kingdom
compound> ...	63.0	0.581	adaptation_topic	Animal__kingdom
conj> ...	32.0	1.014	adaptation_topic	Animal__kingdom
case> ...	22.0	0.909	adaptation_topic	Animal__kingdom
conj<conj> ...	21.0	0.906	adaptation_topic	Animal__kingdom
compound> sea	21.0	0.699	adaptation_topic	Animal__kingdom
det> ...	16.0	1.25	adaptation_topic	Animal__kingdom
det> the	15.0	1.274	adaptation_topic	Animal__kingdom
nmod< ...	12.0	0.428	adaptation_topic	Animal__kingdom
nsubj< ...	12.0	0.766	adaptation_topic	Animal__kingdom
obj< ...	12.0	0.474	adaptation_topic	Animal__kingdom
nsubj<obl> ...	10.0	0.296	adaptation_topic	Animal__kingdom
nsubj<obl>case> ...	10.0	0.95	adaptation_topic	Animal__kingdom
conj< ...	10.0	0.502	adaptation_topic	Animal__kingdom
amod> ...	9.0	1.252	adaptation_topic	Animal__kingdom
compound> moon	8.0	0.66	adaptation_topic	Animal__kingdom
conj>compound> ...	8.0	0.361	adaptation_topic	Animal__kingdom
conj>cc> ...	8.0	0.783	adaptation_topic	Animal__kingdom
conj<case> ...	8.0	0.392	adaptation_topic	Animal__kingdom
nmod<det> ...	8.0	0.58	adaptation_topic	Animal__kingdom
compound> tube	7.0	0.78	adaptation_topic	Animal__kingdom
appos< ...	7.0	0.503	adaptation_topic	Animal__kingdom
nmod<det> the	7.0	0.636	adaptation_topic	Animal__kingdom
compound>compound> ...	7.0	0.69	adaptation_topic	Animal__kingdom
compound> Aurelia	7.0	0.42	adaptation_topic	Animal__kingdom
compound< ...	7.0	0.347	adaptation_topic	Animal__kingdom
conj<conj>compound> ...	6.0	0.39	adaptation_topic	Animal__kingdom
case> of	6.0	0.941	adaptation_topic	Animal__kingdom
conj>cc> and	6.0	0.785	adaptation_topic	Animal__kingdom
compound<case> ...	6.0	0.297	adaptation_topic	Animal__kingdom
obj<nsubj> ...	6.0	0.299	adaptation_topic	Animal__kingdom
nsubj<advmod> ...	5.0	0.886	adaptation_topic	Animal__kingdom
conj<nmod< ...	5.0	0.271	adaptation_topic	Animal__kingdom
nsubj<obl>amod> ...	5.0	0.709	adaptation_topic	Animal__kingdom
conj<case>fixed> ...	5.0	0.686	adaptation_topic	Animal__kingdom
obj<advmod> ...	5.0	0.635	adaptation_topic	Animal__kingdom
conj>compound> sea	5.0	0.392	adaptation_topic	Animal__kingdom
conj<case> such	5.0	0.45	adaptation_topic	Animal__kingdom
conj>amod> ...	5.0	0.222	adaptation_topic	Animal__kingdom
conj<case>fixed> as	5.0	0.682	adaptation_topic	Animal__kingdom
compound<nmod< ...	5.0	0.217	adaptation_topic	Animal__kingdom
compound<det> ...	5.0	0.621	adaptation_topic	Animal__kingdom
conj<conj>cc> ...	4.0	0.527	adaptation_topic	Animal__kingdom
nmod<obl< ...	4.0	0.362	adaptation_topic	Animal__kingdom
nsubj<conj>cc> ...	4.0	0.592	adaptation_topic	Animal__kingdom
compound>nmod>case> of	4.0	0.639	adaptation_topic	Animal__kingdom
compound>nmod> thorn	4.0	0.387	adaptation_topic	Animal__kingdom
compound>nmod> ...	4.0	0.387	adaptation_topic	Animal__kingdom
nsubj<obj> ...	4.0	0.444	adaptation_topic	Animal__kingdom
obj<acl:relcl< ...	4.0	0.567	adaptation_topic	Animal__kingdom
compound<nmod<appos> ...	4.0	0.163	adaptation_topic	Animal__kingdom
nsubj<conj>cc> and	4.0	0.565	adaptation_topic	Animal__kingdom
appos<nsubj< ...	4.0	0.401	adaptation_topic	Animal__kingdom
obl< ...	4.0	0.365	adaptation_topic	Animal__kingdom
nmod> ...	4.0	0.597	adaptation_topic	Animal__kingdom
compound>nmod>case> ...	4.0	0.639	adaptation_topic	Animal__kingdom
nsubj<conj> ...	4.0	0.302	adaptation_topic	Animal__kingdom
nmod<amod> ...	4.0	0.678	adaptation_topic	Animal__kingdom
nmod>case> ...	4.0	0.916	adaptation_topic	Animal__kingdom
compound> crown	4.0	0.733	adaptation_topic	Animal__kingdom
appos<conj> ...	4.0	0.498	adaptation_topic	Animal__kingdom
nmod<case> ...	4.0	0.897	adaptation_topic	Animal__kingdom
compound<compound> ...	3.0	0.23	adaptation_topic	Animal__kingdom
cc> ...	3.0	0.943	adaptation_topic	Animal__kingdom
obj< include	3.0	0.333	adaptation_topic	Animal__kingdom
case> 's	3.0	0.914	adaptation_topic	Animal__kingdom
nsubj<aux> ...	3.0	0.594	adaptation_topic	Animal__kingdom
compound> Pompeii	3.0	0.604	adaptation_topic	Animal__kingdom
appos<nsubj<cop> be	3.0	0.443	adaptation_topic	Animal__kingdom
case> for	3.0	0.875	adaptation_topic	Animal__kingdom
obj<nsubj> which	3.0	0.353	adaptation_topic	Animal__kingdom
advmod> ...	3.0	0.401	adaptation_topic	Animal__kingdom
obj<acl<det> ...	3.0	0.671	adaptation_topic	Animal__kingdom
appos<nsubj<obl> ...	3.0	0.289	adaptation_topic	Animal__kingdom
appos<compound> ...	3.0	0.702	adaptation_topic	Animal__kingdom
compound<case> of	3.0	0.281	adaptation_topic	Animal__kingdom
obj<acl< ...	3.0	0.343	adaptation_topic	Animal__kingdom
conj<conj>amod> ...	3.0	0.472	adaptation_topic	Animal__kingdom
conj> cucumber	3.0	1.107	adaptation_topic	Animal__kingdom
nsubj:pass<obl> ...	3.0	0.34	adaptation_topic	Animal__kingdom
appos<amod> ...	3.0	0.54	adaptation_topic	Animal__kingdom
appos< starfish	3.0	0.692	adaptation_topic	Animal__kingdom
compound<nmod<nmod> ...	3.0	0.399	adaptation_topic	Animal__kingdom
conj<nmod<conj> ...	3.0	0.246	adaptation_topic	Animal__kingdom
conj<conj> crab	3.0	0.94	adaptation_topic	Animal__kingdom
appos> ...	3.0	0.347	adaptation_topic	Animal__kingdom
appos<nsubj<cop> ...	3.0	0.443	adaptation_topic	Animal__kingdom
nmod<obl<nsubj> ...	3.0	0.329	adaptation_topic	Animal__kingdom
obj<acl:relcl<case> ...	3.0	0.214	adaptation_topic	Animal__kingdom
nmod:poss< ...	3.0	0.271	adaptation_topic	Animal__kingdom
cc> and	3.0	0.965	adaptation_topic	Animal__kingdom
nsubj:pass< ...	2.0	0.261	adaptation_topic	Animal__kingdom
appos<case> ...	2.0	0.655	adaptation_topic	Animal__kingdom
nmod<obj< ...	2.0	0.629	adaptation_topic	Animal__kingdom
conj<det> ...	2.0	0.586	adaptation_topic	Animal__kingdom
conj<obj< ...	2.0	0.325	adaptation_topic	Animal__kingdom
obj<mark> to	2.0	0.564	adaptation_topic	Animal__kingdom
conj<obj<advmod> ...	2.0	0.996	adaptation_topic	Animal__kingdom
nsubj<obl>case> to	2.0	1.022	adaptation_topic	Animal__kingdom
nsubj:pass<aux:pass> ...	2.0	0.586	adaptation_topic	Animal__kingdom
nsubj:pass<advmod> ...	2.0	0.399	adaptation_topic	Animal__kingdom
obj<nsubj>det> ...	2.0	0.465	adaptation_topic	Animal__kingdom
nsubj<obl>det> ...	2.0	0.718	adaptation_topic	Animal__kingdom
appos<nsubj<advmod> ...	2.0	0.25	adaptation_topic	Animal__kingdom
nsubj<mark> ...	2.0	0.428	adaptation_topic	Animal__kingdom
conj<nmod<obj< ...	2.0	0.324	adaptation_topic	Animal__kingdom
obj<conj>amod> ...	2.0	0.262	adaptation_topic	Animal__kingdom
obj<acl:relcl<obl< ...	2.0	0.178	adaptation_topic	Animal__kingdom
compound>compound> sunflower	2.0	0.86	adaptation_topic	Animal__kingdom
obj<cc> and	2.0	0.581	adaptation_topic	Animal__kingdom
conj<nmod<compound> ...	2.0	0.45	adaptation_topic	Animal__kingdom
conj<nmod<amod> ...	2.0	0.31	adaptation_topic	Animal__kingdom
nmod>case> of	2.0	1.004	adaptation_topic	Animal__kingdom
nmod:poss<nmod< ...	2.0	0.495	adaptation_topic	Animal__kingdom
nsubj<obl>det> the	2.0	0.755	adaptation_topic	Animal__kingdom
nsubj:pass<obl>case> ...	2.0	0.53	adaptation_topic	Animal__kingdom
nsubj<obj>amod> ...	2.0	0.669	adaptation_topic	Animal__kingdom
appos<det> the	2.0	0.539	adaptation_topic	Animal__kingdom
nsubj<cop> be	2.0	0.67	adaptation_topic	Animal__kingdom
nsubj<obj>det> ...	2.0	0.419	adaptation_topic	Animal__kingdom
conj<nmod<case> ...	2.0	0.251	adaptation_topic	Animal__kingdom
nmod<case> in	2.0	1.006	adaptation_topic	Animal__kingdom
conj<obl< ...	2.0	0.432	adaptation_topic	Animal__kingdom
nmod<nsubj<cop> be	2.0	0.258	adaptation_topic	Animal__kingdom
obj<acl<det> a	2.0	0.685	adaptation_topic	Animal__kingdom
obj<acl<nmod> ...	2.0	0.612	adaptation_topic	Animal__kingdom
conj<amod> ...	2.0	0.867	adaptation_topic	Animal__kingdom
amod> other	2.0	1.396	adaptation_topic	Animal__kingdom
conj>nummod> ...	2.0	0.669	adaptation_topic	Animal__kingdom
conj<conj> snail	2.0	0.922	adaptation_topic	Animal__kingdom
appos<det> ...	2.0	0.401	adaptation_topic	Animal__kingdom
appos<appos> ...	2.0	0.127	adaptation_topic	Animal__kingdom
conj>cc> or	2.0	0.815	adaptation_topic	Animal__kingdom
compound<nmod<case> ...	2.0	0.382	adaptation_topic	Animal__kingdom
conj<conj> cucumber	2.0	0.892	adaptation_topic	Animal__kingdom
conj>compound> moon	2.0	0.364	adaptation_topic	Animal__kingdom
conj<conj>compound> sea	2.0	0.435	adaptation_topic	Animal__kingdom
conj> star	2.0	0.967	adaptation_topic	Animal__kingdom
obj<mark> ...	2.0	0.507	adaptation_topic	Animal__kingdom
conj<conj>cc> and	2.0	0.576	adaptation_topic	Animal__kingdom
compound<det> the	2.0	0.605	adaptation_topic	Animal__kingdom
compound>compound> Sunflower	2.0	0.816	adaptation_topic	Animal__kingdom
compound> Alvinella	2.0	0.438	adaptation_topic	Animal__kingdom
compound<nmod<conj> ...	2.0	0.454	adaptation_topic	Animal__kingdom
nsubj<aux> can	2.0	0.518	adaptation_topic	Animal__kingdom
conj<conj> worm	2.0	0.928	adaptation_topic	Animal__kingdom
obj<acl:relcl<compound> ...	2.0	0.227	adaptation_topic	Animal__kingdom
conj>nummod> sand	2.0	0.431	adaptation_topic	Animal__kingdom
nmod<nsubj< ...	2.0	0.668	adaptation_topic	Animal__kingdom
nmod<nsubj<cop> ...	2.0	0.258	adaptation_topic	Animal__kingdom
conj<conj>cc> or	2.0	0.495	adaptation_topic	Animal__kingdom
conj< fish	2.0	0.538	adaptation_topic	Animal__kingdom
nmod>amod> ...	2.0	0.535	adaptation_topic	Animal__kingdom
nmod>nmod>conj> ...	2.0	0.324	adaptation_topic	Animal__kingdom
nsubj<advcl< ...	2.0	0.275	adaptation_topic	Animal__kingdom
nsubj<advcl<conj> ...	2.0	0.208	adaptation_topic	Animal__kingdom
obj<conj< ...	2.0	0.193	adaptation_topic	Animal__kingdom
appos< name	2.0	0.297	adaptation_topic	Animal__kingdom
nsubj<nmod>conj> ...	2.0	0.406	adaptation_topic	Animal__kingdom
nsubj<nmod> ...	2.0	0.365	adaptation_topic	Animal__kingdom
case> include	2.0	0.841	adaptation_topic	Animal__kingdom
conj> insect	2.0	1.081	adaptation_topic	Animal__kingdom
nsubj<conj>acl> ...	2.0	0.392	adaptation_topic	Animal__kingdom
nsubj<advcl<advcl> ...	2.0	0.143	adaptation_topic	Animal__kingdom
nsubj<nmod>case> ...	2.0	0.241	adaptation_topic	Animal__kingdom
nsubj<obj>nmod> ...	2.0	0.337	adaptation_topic	Animal__kingdom
compound<nmod<obj< ...	2.0	0.312	adaptation_topic	Animal__kingdom
nsubj:pass<aux:pass> be	2.0	0.586	adaptation_topic	Animal__kingdom
obj<cc> ...	2.0	0.526	adaptation_topic	Animal__kingdom
nsubj<conj>advcl> ...	2.0	0.269	adaptation_topic	Animal__kingdom
compound<det> a	2.0	0.634	adaptation_topic	Animal__kingdom
nsubj<cop> ...	2.0	0.665	adaptation_topic	Animal__kingdom
compound>det> ...	2.0	0.755	adaptation_topic	Animal__kingdom
nsubj<advcl<nsubj> ...	2.0	0.342	adaptation_topic	Animal__kingdom
conj<obj<parataxis< ...	1.0	0.319	adaptation_topic	Animal__kingdom
nmod<conj<advmod> ...	1.0	0.436	adaptation_topic	Animal__kingdom
acl> ...	1.0	0.72	adaptation_topic	Animal__kingdom
appos>flat> ...	1.0	0.226	adaptation_topic	Animal__kingdom
acl>obj> ...	1.0	0.467	adaptation_topic	Animal__kingdom
nmod:poss<obj<conj< ...	1.0	0.486	adaptation_topic	Animal__kingdom
compound<nmod<det> ...	1.0	0.339	adaptation_topic	Animal__kingdom
obj<acl:relcl<obj< ...	1.0	0.463	adaptation_topic	Animal__kingdom
obj<parataxis<nsubj< ...	1.0	0.32	adaptation_topic	Animal__kingdom
obj<nsubj>amod> ...	1.0	0.308	adaptation_topic	Animal__kingdom
nmod<conj<nsubj> ...	1.0	0.24	adaptation_topic	Animal__kingdom
nmod<advmod> ...	1.0	0.434	adaptation_topic	Animal__kingdom
nmod<cop> ...	1.0	0.287	adaptation_topic	Animal__kingdom
nmod<nsubj> ...	1.0	0.352	adaptation_topic	Animal__kingdom
obj<conj>cc> ...	1.0	0.378	adaptation_topic	Animal__kingdom
obj<parataxis< ...	1.0	0.365	adaptation_topic	Animal__kingdom
obj<conj>nmod> ...	1.0	0.37	adaptation_topic	Animal__kingdom
nmod<cc> ...	1.0	0.527	adaptation_topic	Animal__kingdom
nmod<conj<obj> ...	1.0	0.269	adaptation_topic	Animal__kingdom
nmod<conj< ...	1.0	0.292	adaptation_topic	Animal__kingdom
obj<conj> ...	1.0	0.33	adaptation_topic	Animal__kingdom
appos<nsubj<obj> ...	1.0	0.305	adaptation_topic	Animal__kingdom
nsubj<mark> although	1.0	0.5	adaptation_topic	Animal__kingdom
nsubj<obj>nmod:poss> its	1.0	0.252	adaptation_topic	Animal__kingdom
nsubj<obj> mouth	1.0	0.484	adaptation_topic	Animal__kingdom
nsubj<obl>case> for	1.0	0.974	adaptation_topic	Animal__kingdom
nsubj<advcl<aux> can	1.0	0.26	adaptation_topic	Animal__kingdom
conj<obj< include	1.0	0.341	adaptation_topic	Animal__kingdom
conj<conj>amod> many	1.0	0.62	adaptation_topic	Animal__kingdom
conj<amod> large	1.0	0.883	adaptation_topic	Animal__kingdom
conj<nmod<case> by	1.0	0.293	adaptation_topic	Animal__kingdom
appos<appos>nummod> e.g.	1.0	0.278	adaptation_topic	Animal__kingdom
appos<appos> jellyfish	1.0	0.253	adaptation_topic	Animal__kingdom
appos<conj> ctenophora	1.0	0.503	adaptation_topic	Animal__kingdom
appos<appos>compound> comb	1.0	0.26	adaptation_topic	Animal__kingdom
appos<appos> jelly	1.0	0.253	adaptation_topic	Animal__kingdom
appos<conj> echinoderm	1.0	0.536	adaptation_topic	Animal__kingdom
nummod> e.g.	1.0	0.407	adaptation_topic	Animal__kingdom
conj> urchin	1.0	1.126	adaptation_topic	Animal__kingdom
appos<conj>cc> and	1.0	0.715	adaptation_topic	Animal__kingdom
appos<conj> flatworm	1.0	0.553	adaptation_topic	Animal__kingdom
appos<nsubj< predatory	1.0	0.845	adaptation_topic	Animal__kingdom
nsubj<obl>case> from	1.0	1.051	adaptation_topic	Animal__kingdom
nsubj<obl> May	1.0	0.406	adaptation_topic	Animal__kingdom
conj<compound> sea	1.0	0.42	adaptation_topic	Animal__kingdom
appos<compound>amod> ...	1.0	0.523	adaptation_topic	Animal__kingdom
amod> most	1.0	1.397	adaptation_topic	Animal__kingdom
nsubj<obl>case> with	1.0	0.993	adaptation_topic	Animal__kingdom
nmod:poss<obj<nsubj> ...	1.0	0.596	adaptation_topic	Animal__kingdom
appos<appos<det> ...	1.0	0.236	adaptation_topic	Animal__kingdom
appos<appos< ...	1.0	0.608	adaptation_topic	Animal__kingdom
appos<nmod<nmod< ...	1.0	0.308	adaptation_topic	Animal__kingdom
appos<nmod<case> ...	1.0	0.358	adaptation_topic	Animal__kingdom
appos<nmod<det> ...	1.0	0.51	adaptation_topic	Animal__kingdom
appos<nmod< ...	1.0	0.626	adaptation_topic	Animal__kingdom
obl<parataxis>aux:pass> be	1.0	0.558	adaptation_topic	Animal__kingdom
nmod<nmod>case> on	1.0	0.433	adaptation_topic	Animal__kingdom
nsubj<parataxis>aux:pass> be	1.0	0.5	adaptation_topic	Animal__kingdom
nmod<obl<mark> to	1.0	0.298	adaptation_topic	Animal__kingdom
obl<conj> have	1.0	0.329	adaptation_topic	Animal__kingdom
obl<nsubj>det> the	1.0	0.636	adaptation_topic	Animal__kingdom
nmod>case> such	1.0	0.79	adaptation_topic	Animal__kingdom
nmod>case>fixed> as	1.0	0.427	adaptation_topic	Animal__kingdom
nmod:poss<obj<cc> ...	1.0	0.245	adaptation_topic	Animal__kingdom
appos<appos<det> the	1.0	0.236	adaptation_topic	Animal__kingdom
nmod:poss<obj< ...	1.0	0.282	adaptation_topic	Animal__kingdom
nmod<nsubj:pass< ...	1.0	0.524	adaptation_topic	Animal__kingdom
compound<nmod>case> ...	1.0	0.831	adaptation_topic	Animal__kingdom
compound<nmod>nummod> ...	1.0	0.304	adaptation_topic	Animal__kingdom
compound<nmod> ...	1.0	0.152	adaptation_topic	Animal__kingdom
compound<nmod<nmod< ...	1.0	0.458	adaptation_topic	Animal__kingdom
compound<compound>flat> ...	1.0	0.607	adaptation_topic	Animal__kingdom
nsubj<obj>compound> ...	1.0	0.294	adaptation_topic	Animal__kingdom
nmod<obl<conj< ...	1.0	0.335	adaptation_topic	Animal__kingdom
nmod<amod>obl:npmod> ...	1.0	0.241	adaptation_topic	Animal__kingdom
nmod<nsubj:pass<aux:pass> ...	1.0	0.776	adaptation_topic	Animal__kingdom
nmod<nsubj:pass<obl> ...	1.0	0.415	adaptation_topic	Animal__kingdom
nmod<nsubj:pass<conj> ...	1.0	0.688	adaptation_topic	Animal__kingdom
conj<nmod<det> ...	1.0	0.671	adaptation_topic	Animal__kingdom
conj<nmod<nmod> ...	1.0	0.294	adaptation_topic	Animal__kingdom
acl:relcl>nsubj> ...	1.0	0.558	adaptation_topic	Animal__kingdom
acl:relcl> ...	1.0	0.41	adaptation_topic	Animal__kingdom
acl:relcl>obl>case> ...	1.0	0.592	adaptation_topic	Animal__kingdom
acl:relcl>obl>det> ...	1.0	0.371	adaptation_topic	Animal__kingdom
acl:relcl>obl> ...	1.0	0.313	adaptation_topic	Animal__kingdom
nmod<parataxis< ...	1.0	0.263	adaptation_topic	Animal__kingdom
compound<obj< ...	1.0	0.581	adaptation_topic	Animal__kingdom
nmod<conj>amod> ...	1.0	0.208	adaptation_topic	Animal__kingdom
obl<acl<nsubj< ...	1.0	0.351	adaptation_topic	Animal__kingdom
conj<nmod<nmod< ...	1.0	0.366	adaptation_topic	Animal__kingdom
obl<advcl<acl:relcl< ...	1.0	0.405	adaptation_topic	Animal__kingdom
obl<advcl<nsubj> ...	1.0	0.407	adaptation_topic	Animal__kingdom
obl<advcl<cop> ...	1.0	0.642	adaptation_topic	Animal__kingdom
obl<advcl<case> ...	1.0	0.787	adaptation_topic	Animal__kingdom
obl<advcl< ...	1.0	0.466	adaptation_topic	Animal__kingdom
nmod<obj<nsubj> ...	1.0	0.385	adaptation_topic	Animal__kingdom
nsubj<obl>nmod> ...	1.0	0.217	adaptation_topic	Animal__kingdom
nmod<conj>cc> ...	1.0	0.134	adaptation_topic	Animal__kingdom
nmod<conj>compound> ...	1.0	0.507	adaptation_topic	Animal__kingdom
compound<obj<obl> ...	1.0	0.293	adaptation_topic	Animal__kingdom
nmod<conj> ...	1.0	0.248	adaptation_topic	Animal__kingdom
nmod<conj>nmod> ...	1.0	0.202	adaptation_topic	Animal__kingdom
obl<xcomp<conj< ...	1.0	0.434	adaptation_topic	Animal__kingdom
obl<xcomp<cc> ...	1.0	0.22	adaptation_topic	Animal__kingdom
obl<xcomp<nsubj> ...	1.0	0.477	adaptation_topic	Animal__kingdom
obl<xcomp< ...	1.0	0.772	adaptation_topic	Animal__kingdom
obl<mark> ...	1.0	0.647	adaptation_topic	Animal__kingdom
obl<cop> ...	1.0	0.592	adaptation_topic	Animal__kingdom
nmod>nmod>case> ...	1.0	0.635	adaptation_topic	Animal__kingdom
nmod>nmod> ...	1.0	0.426	adaptation_topic	Animal__kingdom
case>fixed> ...	1.0	0.448	adaptation_topic	Animal__kingdom
conj<nsubj:pass<aux:pass> ...	1.0	0.329	adaptation_topic	Animal__kingdom
obl<nsubj>nmod> ...	1.0	0.173	adaptation_topic	Animal__kingdom
nmod<nmod> ...	1.0	0.485	adaptation_topic	Animal__kingdom
nsubj<parataxis>aux:pass> ...	1.0	0.5	adaptation_topic	Animal__kingdom
nsubj<parataxis>advmod> ...	1.0	0.301	adaptation_topic	Animal__kingdom
nsubj<parataxis> ...	1.0	0.188	adaptation_topic	Animal__kingdom
nsubj<parataxis>obl> ...	1.0	0.553	adaptation_topic	Animal__kingdom
nmod<obl<xcomp< ...	1.0	0.504	adaptation_topic	Animal__kingdom
nmod<obl<mark> ...	1.0	0.281	adaptation_topic	Animal__kingdom
obl<nsubj>det> ...	1.0	0.503	adaptation_topic	Animal__kingdom
obl<nsubj> ...	1.0	0.735	adaptation_topic	Animal__kingdom
nmod>case>fixed> ...	1.0	0.427	adaptation_topic	Animal__kingdom
nmod<nmod>case> ...	1.0	0.418	adaptation_topic	Animal__kingdom
nmod>compound> ...	1.0	0.366	adaptation_topic	Animal__kingdom
obl<conj> ...	1.0	0.328	adaptation_topic	Animal__kingdom
obl<conj>obj> ...	1.0	0.306	adaptation_topic	Animal__kingdom
obl<parataxis>nsubj:pass> ...	1.0	0.334	adaptation_topic	Animal__kingdom
obl<parataxis>aux:pass> ...	1.0	0.558	adaptation_topic	Animal__kingdom
obl<parataxis> ...	1.0	0.297	adaptation_topic	Animal__kingdom
obl<parataxis>xcomp> ...	1.0	0.881	adaptation_topic	Animal__kingdom
nsubj<xcomp> ...	1.0	0.227	adaptation_topic	Animal__kingdom
nsubj<obl>nummod> ...	1.0	0.535	adaptation_topic	Animal__kingdom
nsubj<conj>obj> ...	1.0	0.171	adaptation_topic	Animal__kingdom
nmod<nmod>compound> ...	1.0	0.295	adaptation_topic	Animal__kingdom
conj<conj>nmod> ...	1.0	0.213	adaptation_topic	Animal__kingdom
conj<nsubj:pass< ...	1.0	0.475	adaptation_topic	Animal__kingdom
appos<appos>nummod> ...	1.0	0.278	adaptation_topic	Animal__kingdom
nmod:poss<nmod<nsubj> ...	1.0	0.448	adaptation_topic	Animal__kingdom
nmod:poss<nmod<cop> ...	1.0	0.311	adaptation_topic	Animal__kingdom
nmod:poss<amod> ...	1.0	0.419	adaptation_topic	Animal__kingdom
obj<obl>det> ...	1.0	0.611	adaptation_topic	Animal__kingdom
obj<obl> ...	1.0	0.294	adaptation_topic	Animal__kingdom
nmod<obj<advcl< ...	1.0	0.214	adaptation_topic	Animal__kingdom
nmod<obj<mark> ...	1.0	0.413	adaptation_topic	Animal__kingdom
appos<conj>amod> ...	1.0	0.319	adaptation_topic	Animal__kingdom
appos<appos>conj> ...	1.0	0.378	adaptation_topic	Animal__kingdom
conj<conj>det> ...	1.0	0.45	adaptation_topic	Animal__kingdom
appos<appos>compound> ...	1.0	0.259	adaptation_topic	Animal__kingdom
nummod> ...	1.0	0.426	adaptation_topic	Animal__kingdom
appos<conj>cc> ...	1.0	0.715	adaptation_topic	Animal__kingdom
conj<compound> ...	1.0	0.356	adaptation_topic	Animal__kingdom
conj<nmod<obl< ...	1.0	0.533	adaptation_topic	Animal__kingdom
nsubj<obj>nmod:poss> ...	1.0	0.261	adaptation_topic	Animal__kingdom
nsubj<advcl<aux> ...	1.0	0.289	adaptation_topic	Animal__kingdom
nsubj<advcl<obl> ...	1.0	0.443	adaptation_topic	Animal__kingdom
conj<obj<nsubj> ...	1.0	0.209	adaptation_topic	Animal__kingdom
conj>obl> ...	1.0	0.382	adaptation_topic	Animal__kingdom
conj>obl>amod> ...	1.0	0.273	adaptation_topic	Animal__kingdom
conj>obl>det> ...	1.0	0.334	adaptation_topic	Animal__kingdom
nsubj<conj>det> ...	1.0	0.335	adaptation_topic	Animal__kingdom
nsubj<amod>advmod> ...	1.0	0.524	adaptation_topic	Animal__kingdom
nsubj<amod> ...	1.0	0.157	adaptation_topic	Animal__kingdom
nsubj<conj>case> ...	1.0	0.459	adaptation_topic	Animal__kingdom
nsubj<conj>obl> ...	1.0	0.344	adaptation_topic	Animal__kingdom
nsubj<conj>aux> ...	1.0	0.675	adaptation_topic	Animal__kingdom
nsubj<conj>cop> ...	1.0	0.469	adaptation_topic	Animal__kingdom
nsubj<acl:relcl<det> ...	1.0	0.302	adaptation_topic	Animal__kingdom
nsubj<acl:relcl< ...	1.0	0.377	adaptation_topic	Animal__kingdom
nsubj<conj>conj> ...	1.0	0.372	adaptation_topic	Animal__kingdom
obj<conj<xcomp> ...	1.0	0.117	adaptation_topic	Animal__kingdom
nmod:poss<nmod<obj< ...	1.0	0.25	adaptation_topic	Animal__kingdom
nmod:poss<nmod<det> ...	1.0	0.297	adaptation_topic	Animal__kingdom
nmod:poss<nmod<amod> ...	1.0	0.338	adaptation_topic	Animal__kingdom
nmod:poss<nmod<compound> ...	1.0	0.595	adaptation_topic	Animal__kingdom
nmod:poss<case> ...	1.0	0.495	adaptation_topic	Animal__kingdom
nmod:poss<nmod>case> ...	1.0	0.335	adaptation_topic	Animal__kingdom
nmod:poss<nmod> ...	1.0	0.421	adaptation_topic	Animal__kingdom
appos<conj>amod> most	1.0	0.37	adaptation_topic	Animal__kingdom
obj<conj<aux:pass> ...	1.0	0.248	adaptation_topic	Animal__kingdom
conj>obl>case> ...	1.0	0.509	adaptation_topic	Animal__kingdom
obj<advcl>mark> ...	1.0	0.455	adaptation_topic	Animal__kingdom
nmod:poss<compound> ...	1.0	0.481	adaptation_topic	Animal__kingdom
nmod<nsubj<advcl> ...	1.0	0.449	adaptation_topic	Animal__kingdom
nmod<nsubj<xcomp> ...	1.0	0.409	adaptation_topic	Animal__kingdom
compound<obl<nsubj> ...	1.0	0.439	adaptation_topic	Animal__kingdom
compound<obl< ...	1.0	0.736	adaptation_topic	Animal__kingdom
compound<obl<appos> ...	1.0	0.475	adaptation_topic	Animal__kingdom
compound<nmod<amod> ...	1.0	0.374	adaptation_topic	Animal__kingdom
obj<acl<amod> ...	1.0	0.193	adaptation_topic	Animal__kingdom
obj<advcl> ...	1.0	0.676	adaptation_topic	Animal__kingdom
obj<conj<nsubj:pass> ...	1.0	0.323	adaptation_topic	Animal__kingdom
obj<advcl>obj> ...	1.0	0.401	adaptation_topic	Animal__kingdom
compound<nmod<obl< ...	1.0	0.337	adaptation_topic	Animal__kingdom
compound<amod> ...	1.0	0.382	adaptation_topic	Animal__kingdom
compound>case> ...	1.0	0.542	adaptation_topic	Animal__kingdom
appos>compound> ...	1.0	0.489	adaptation_topic	Animal__kingdom
appos<nsubj<det> ...	1.0	0.237	adaptation_topic	Animal__kingdom
appos<nsubj<amod> ...	1.0	0.428	adaptation_topic	Animal__kingdom
appos<nsubj<nmod> ...	1.0	0.243	adaptation_topic	Animal__kingdom
appos<nsubj<conj> ...	1.0	0.138	adaptation_topic	Animal__kingdom
conj<obl<nsubj> ...	1.0	0.353	adaptation_topic	Animal__kingdom
conj<obl<cop> ...	1.0	0.412	adaptation_topic	Animal__kingdom
appos<obj<conj> ...	1.0	0.285	adaptation_topic	Animal__kingdom
nsubj<nsubj> ...	1.0	0.274	adaptation_topic	Animal__kingdom
nsubj<nsubj>nmod> ...	1.0	0.735	adaptation_topic	Animal__kingdom
nsubj<cc> ...	1.0	0.418	adaptation_topic	Animal__kingdom
obj<acl:relcl<amod> ...	1.0	0.351	adaptation_topic	Animal__kingdom
conj>nsubj> ...	1.0	0.37	adaptation_topic	Animal__kingdom
conj<nmod<appos> ...	1.0	0.304	adaptation_topic	Animal__kingdom
nmod>det> ...	1.0	0.76	adaptation_topic	Animal__kingdom
appos<obj<nsubj> ...	1.0	0.32	adaptation_topic	Animal__kingdom
appos<obj< ...	1.0	0.389	adaptation_topic	Animal__kingdom
appos<nsubj> ...	1.0	0.427	adaptation_topic	Animal__kingdom
appos<cop> ...	1.0	0.464	adaptation_topic	Animal__kingdom
obj<acl<nsubj> ...	1.0	0.393	adaptation_topic	Animal__kingdom
obj<acl<cop> ...	1.0	0.434	adaptation_topic	Animal__kingdom
obj<acl<compound> ...	1.0	0.219	adaptation_topic	Animal__kingdom
obl<acl< ...	1.0	0.302	adaptation_topic	Animal__kingdom
obl<advmod> ...	1.0	0.276	adaptation_topic	Animal__kingdom
conj>advmod>advmod> ...	1.0	0.524	adaptation_topic	Animal__kingdom
conj>advmod> ...	1.0	0.552	adaptation_topic	Animal__kingdom
nsubj<ccomp< ...	1.0	0.714	adaptation_topic	Animal__kingdom
nsubj<ccomp<aux:pass> ...	1.0	0.469	adaptation_topic	Animal__kingdom
nsubj<ccomp<nsubj:pass> ...	1.0	0.305	adaptation_topic	Animal__kingdom
obj<acl:relcl<nmod> ...	1.0	0.538	adaptation_topic	Animal__kingdom
nmod<obl<obl> ...	1.0	0.494	adaptation_topic	Animal__kingdom
nsubj:pass<obl>det> ...	1.0	0.612	adaptation_topic	Animal__kingdom
nsubj:pass<obl>amod> ...	1.0	0.317	adaptation_topic	Animal__kingdom
nsubj:pass<obl>nmod> ...	1.0	0.55	adaptation_topic	Animal__kingdom
nsubj:pass<xcomp>mark> ...	1.0	0.493	adaptation_topic	Animal__kingdom
nsubj:pass<xcomp>aux> ...	1.0	0.269	adaptation_topic	Animal__kingdom
nsubj:pass<xcomp>aux:pass> ...	1.0	0.74	adaptation_topic	Animal__kingdom
nsubj:pass<xcomp> ...	1.0	0.212	adaptation_topic	Animal__kingdom
nsubj:pass<xcomp>obl> ...	1.0	0.311	adaptation_topic	Animal__kingdom
nsubj:pass<ccomp> ...	1.0	0.329	adaptation_topic	Animal__kingdom
obj<acl:relcl<nmod< ...	1.0	0.409	adaptation_topic	Animal__kingdom
conj>nmod>case> ...	1.0	0.478	adaptation_topic	Animal__kingdom
conj>nmod> ...	1.0	0.296	adaptation_topic	Animal__kingdom
obj<conj<advmod> ...	1.0	0.21	adaptation_topic	Animal__kingdom
obj<conj<nsubj> ...	1.0	0.387	adaptation_topic	Animal__kingdom
obj<conj<obj> ...	1.0	0.473	adaptation_topic	Animal__kingdom
conj<obl<advcl< ...	1.0	0.544	adaptation_topic	Animal__kingdom
appos<conj> cnidarian	1.0	0.568	adaptation_topic	Animal__kingdom
appos< environment	1.0	0.668	adaptation_topic	Animal__kingdom
nsubj<nmod> bird	1.0	0.533	adaptation_topic	Animal__kingdom
nsubj<conj>aux> may	1.0	0.754	adaptation_topic	Animal__kingdom
nsubj<conj>cop> be	1.0	0.469	adaptation_topic	Animal__kingdom
nsubj<obl> which	1.0	0.374	adaptation_topic	Animal__kingdom
nsubj<obl>case> in	1.0	1.0	adaptation_topic	Animal__kingdom
nsubj<conj>det> the	1.0	0.426	adaptation_topic	Animal__kingdom
appos>compound> Acanthaster	1.0	0.519	adaptation_topic	Animal__kingdom
appos> planci	1.0	0.517	adaptation_topic	Animal__kingdom
appos<nsubj<det> a	1.0	0.237	adaptation_topic	Animal__kingdom
compound>det> the	1.0	0.732	adaptation_topic	Animal__kingdom
nsubj<aux> do	1.0	0.682	adaptation_topic	Animal__kingdom
nsubj< have	1.0	0.821	adaptation_topic	Animal__kingdom
nmod> size	1.0	0.606	adaptation_topic	Animal__kingdom
obj<conj<aux:pass> be	1.0	0.248	adaptation_topic	Animal__kingdom
nmod>amod> similar	1.0	0.536	adaptation_topic	Animal__kingdom
nsubj:pass<obl> area	1.0	0.35	adaptation_topic	Animal__kingdom
nsubj:pass<obl>case> for	1.0	0.744	adaptation_topic	Animal__kingdom
det> all	1.0	1.223	adaptation_topic	Animal__kingdom
nsubj:pass<xcomp>mark> to	1.0	0.493	adaptation_topic	Animal__kingdom
nsubj:pass<xcomp>aux> have	1.0	0.276	adaptation_topic	Animal__kingdom
nsubj:pass<xcomp>aux:pass> be	1.0	0.74	adaptation_topic	Animal__kingdom
obj<acl:relcl<case> to	1.0	0.302	adaptation_topic	Animal__kingdom
obj<nsubj> that	1.0	0.369	adaptation_topic	Animal__kingdom
advmod> strictly	1.0	0.377	adaptation_topic	Animal__kingdom
conj>amod> certain	1.0	0.201	adaptation_topic	Animal__kingdom
nsubj:pass<obl>det> the	1.0	0.662	adaptation_topic	Animal__kingdom
nsubj:pass<obl>case> in	1.0	0.483	adaptation_topic	Animal__kingdom
nmod:poss<nmod<det> the	1.0	0.339	adaptation_topic	Animal__kingdom
nmod:poss<case> of	1.0	0.592	adaptation_topic	Animal__kingdom
nmod:poss<nmod>case> to	1.0	0.334	adaptation_topic	Animal__kingdom
conj<case> in	1.0	0.428	adaptation_topic	Animal__kingdom
conj<det> some	1.0	0.568	adaptation_topic	Animal__kingdom
conj<obl<cop> be	1.0	0.412	adaptation_topic	Animal__kingdom
conj<obj<advmod> also	1.0	1.049	adaptation_topic	Animal__kingdom
obj<advmod> also	1.0	0.792	adaptation_topic	Animal__kingdom
obj< call	1.0	0.461	adaptation_topic	Animal__kingdom
conj<obj<parataxis< Aurelia	1.0	0.319	adaptation_topic	Animal__kingdom
conj<obj< call	1.0	0.535	adaptation_topic	Animal__kingdom
obj<conj>amod> other	1.0	0.323	adaptation_topic	Animal__kingdom
conj<det> the	1.0	0.632	adaptation_topic	Animal__kingdom
conj<amod> common	1.0	0.981	adaptation_topic	Animal__kingdom
conj< jellyfish	1.0	0.537	adaptation_topic	Animal__kingdom
conj<conj>compound> moon	1.0	0.458	adaptation_topic	Animal__kingdom
conj<obj<advmod> jelly	1.0	1.061	adaptation_topic	Animal__kingdom
compound<nmod<obj< show	1.0	0.431	adaptation_topic	Animal__kingdom
compound<nmod<det> the	1.0	0.337	adaptation_topic	Animal__kingdom
compound<nmod< distribution	1.0	0.233	adaptation_topic	Animal__kingdom
appos<nmod<det> the	1.0	0.555	adaptation_topic	Animal__kingdom
appos<case> of	1.0	0.691	adaptation_topic	Animal__kingdom
obj< attack	1.0	0.622	adaptation_topic	Animal__kingdom
compound< species	1.0	0.553	adaptation_topic	Animal__kingdom
compound<case> in	1.0	0.317	adaptation_topic	Animal__kingdom
compound<nmod<case> with	1.0	0.369	adaptation_topic	Animal__kingdom
nmod<cc> but	1.0	0.603	adaptation_topic	Animal__kingdom
nmod<cop> be	1.0	0.424	adaptation_topic	Animal__kingdom
acl> feed	1.0	0.799	adaptation_topic	Animal__kingdom
nmod:poss<obj<cc> but	1.0	0.236	adaptation_topic	Animal__kingdom
nmod<det> some	1.0	0.565	adaptation_topic	Animal__kingdom
nmod< animal	1.0	0.548	adaptation_topic	Animal__kingdom
nmod<nsubj< able	1.0	0.816	adaptation_topic	Animal__kingdom
conj>nmod>case> of	1.0	0.507	adaptation_topic	Animal__kingdom
conj>amod> aquatic	1.0	0.319	adaptation_topic	Animal__kingdom
appos<compound> marine	1.0	0.801	adaptation_topic	Animal__kingdom
compound<nmod<nmod< consumption	1.0	0.273	adaptation_topic	Animal__kingdom
compound<det> that	1.0	0.601	adaptation_topic	Animal__kingdom
compound<nmod>case> of	1.0	0.935	adaptation_topic	Animal__kingdom
compound<nmod<case> of	1.0	0.482	adaptation_topic	Animal__kingdom
nmod>nmod>case> of	1.0	0.807	adaptation_topic	Animal__kingdom
compound<nmod< ephyra	1.0	0.416	adaptation_topic	Animal__kingdom
nsubj<advmod> how	1.0	0.988	adaptation_topic	Animal__kingdom
nsubj<obl> time	1.0	0.352	adaptation_topic	Animal__kingdom
nsubj<obl>case> on	1.0	0.98	adaptation_topic	Animal__kingdom
nmod<obl<nsubj> this	1.0	0.344	adaptation_topic	Animal__kingdom
nmod<obl< allow	1.0	0.531	adaptation_topic	Animal__kingdom
nmod<case> for	1.0	0.832	adaptation_topic	Animal__kingdom
nmod<conj>cc> and	1.0	0.162	adaptation_topic	Animal__kingdom
nmod>case> in	1.0	1.027	adaptation_topic	Animal__kingdom
obl<mark> to	1.0	0.619	adaptation_topic	Animal__kingdom
obl<cop> be	1.0	0.592	adaptation_topic	Animal__kingdom
conj<nsubj:pass<aux:pass> be	1.0	0.329	adaptation_topic	Animal__kingdom
nmod:poss<nmod<cop> be	1.0	0.311	adaptation_topic	Animal__kingdom
obj<obl>det> the	1.0	0.586	adaptation_topic	Animal__kingdom
obj<nsubj>det> the	1.0	0.551	adaptation_topic	Animal__kingdom
nmod<obj<mark> to	1.0	0.51	adaptation_topic	Animal__kingdom
case> in	1.0	0.897	adaptation_topic	Animal__kingdom
appos<case> in	1.0	0.826	adaptation_topic	Animal__kingdom
case>fixed> as	1.0	0.408	adaptation_topic	Animal__kingdom
case> such	1.0	0.927	adaptation_topic	Animal__kingdom
nmod<obl<conj< suspect	1.0	0.344	adaptation_topic	Animal__kingdom
case> on	1.0	0.953	adaptation_topic	Animal__kingdom
nmod<amod> main	1.0	0.786	adaptation_topic	Animal__kingdom
nmod<nsubj:pass<aux:pass> be	1.0	0.776	adaptation_topic	Animal__kingdom
conj<nmod<det> a	1.0	0.707	adaptation_topic	Animal__kingdom
acl:relcl>nsubj> that	1.0	0.635	adaptation_topic	Animal__kingdom
acl:relcl> feed	1.0	0.542	adaptation_topic	Animal__kingdom
acl:relcl>obl>case> on	1.0	0.722	adaptation_topic	Animal__kingdom
acl:relcl>obl>det> the	1.0	0.441	adaptation_topic	Animal__kingdom
nsubj<obl>amod> same	1.0	0.573	adaptation_topic	Animal__kingdom
nsubj:pass<advmod> also	1.0	0.422	adaptation_topic	Animal__kingdom
obj<acl:relcl< turtle	1.0	0.684	adaptation_topic	Animal__kingdom
conj<nmod<obj< include	1.0	0.379	adaptation_topic	Animal__kingdom
nsubj<obl>case> at	1.0	0.828	adaptation_topic	Animal__kingdom
conj<case> on	1.0	0.446	adaptation_topic	Animal__kingdom
obj<conj< have	1.0	0.243	adaptation_topic	Animal__kingdom
obj< eat	1.0	0.531	adaptation_topic	Animal__kingdom
conj>amod> other	1.0	0.259	adaptation_topic	Animal__kingdom
conj<obl< feed	1.0	0.454	adaptation_topic	Animal__kingdom
nsubj<ccomp<nsubj:pass> it	1.0	0.305	adaptation_topic	Animal__kingdom
nsubj<ccomp<aux:pass> be	1.0	0.469	adaptation_topic	Animal__kingdom
nsubj<mark> that	1.0	0.471	adaptation_topic	Animal__kingdom
nsubj<cc> and	1.0	0.346	adaptation_topic	Animal__kingdom
nsubj<obj>det> a	1.0	0.499	adaptation_topic	Animal__kingdom
nmod>det> the	1.0	0.68	adaptation_topic	Animal__kingdom
conj>obl>case> as	1.0	0.37	adaptation_topic	Animal__kingdom
conj>obl>det> the	1.0	0.338	adaptation_topic	Animal__kingdom
conj<nmod< food	1.0	0.248	adaptation_topic	Animal__kingdom
conj<case> from	1.0	0.469	adaptation_topic	Animal__kingdom
obl<advcl<nsubj> which	1.0	0.502	adaptation_topic	Animal__kingdom
obl<advcl<cop> be	1.0	0.642	adaptation_topic	Animal__kingdom
case> to	1.0	0.867	adaptation_topic	Animal__kingdom
nmod<obj<nsubj> discovery	1.0	0.612	adaptation_topic	Animal__kingdom
amod> hydrothermal	1.0	0.956	adaptation_topic	Animal__kingdom
case> as	1.0	0.982	adaptation_topic	Animal__kingdom
appos<cop> be	1.0	0.464	adaptation_topic	Animal__kingdom
obj<acl<cop> be	1.0	0.434	adaptation_topic	Animal__kingdom
obj<advmod> commonly	1.0	0.821	adaptation_topic	Animal__kingdom
obl<advmod> commonly	1.0	0.362	adaptation_topic	Animal__kingdom
obl< know	1.0	0.449	adaptation_topic	Animal__kingdom
amod> ...	456.0	1.252	free_topic	Animal__kingdom
case> ...	379.0	0.909	free_topic	Animal__kingdom
det> ...	344.0	1.25	free_topic	Animal__kingdom
det> the	213.0	1.274	free_topic	Animal__kingdom
nmod< ...	197.0	0.428	free_topic	Animal__kingdom
nsubj< ...	158.0	0.766	free_topic	Animal__kingdom
case> of	142.0	0.941	free_topic	Animal__kingdom
nmod>case> ...	133.0	0.916	free_topic	Animal__kingdom
compound< ...	132.0	0.347	free_topic	Animal__kingdom
nmod> ...	127.0	0.597	free_topic	Animal__kingdom
conj<conj> ...	126.0	0.906	free_topic	Animal__kingdom
obl< ...	124.0	0.365	free_topic	Animal__kingdom
nmod<det> ...	108.0	0.58	free_topic	Animal__kingdom
compound> ...	100.0	0.581	free_topic	Animal__kingdom
nmod<amod> ...	95.0	0.678	free_topic	Animal__kingdom
conj< ...	92.0	0.502	free_topic	Animal__kingdom
obj< ...	91.0	0.474	free_topic	Animal__kingdom
nmod<case> ...	89.0	0.897	free_topic	Animal__kingdom
conj> ...	80.0	1.014	free_topic	Animal__kingdom
cc> ...	73.0	0.943	free_topic	Animal__kingdom
cop> be	69.0	0.745	free_topic	Animal__kingdom
cop> ...	69.0	0.745	free_topic	Animal__kingdom
amod> other	66.0	1.396	free_topic	Animal__kingdom
nsubj<obl>case> ...	63.0	0.95	free_topic	Animal__kingdom
compound<case> ...	63.0	0.297	free_topic	Animal__kingdom
nsubj<obl> ...	62.0	0.296	free_topic	Animal__kingdom
conj>cc> ...	62.0	0.783	free_topic	Animal__kingdom
nmod<det> the	61.0	0.636	free_topic	Animal__kingdom
nsubj> ...	60.0	0.298	free_topic	Animal__kingdom
nsubj<obj> ...	60.0	0.444	free_topic	Animal__kingdom
cc> and	59.0	0.965	free_topic	Animal__kingdom
acl:relcl> ...	58.0	0.41	free_topic	Animal__kingdom
det> a	54.0	1.284	free_topic	Animal__kingdom
nsubj<advmod> ...	54.0	0.886	free_topic	Animal__kingdom
conj>cc> and	53.0	0.785	free_topic	Animal__kingdom
nmod<obl< ...	52.0	0.362	free_topic	Animal__kingdom
nmod>det> ...	51.0	0.76	free_topic	Animal__kingdom
acl:relcl>nsubj> ...	50.0	0.558	free_topic	Animal__kingdom
compound<det> ...	50.0	0.621	free_topic	Animal__kingdom
nmod<obj< ...	45.0	0.629	free_topic	Animal__kingdom
obl<nsubj> ...	45.0	0.735	free_topic	Animal__kingdom
obl<advmod> ...	45.0	0.276	free_topic	Animal__kingdom
nsubj<conj> ...	43.0	0.302	free_topic	Animal__kingdom
nsubj<aux> ...	43.0	0.594	free_topic	Animal__kingdom
acl> ...	42.0	0.72	free_topic	Animal__kingdom
amod>advmod> ...	40.0	0.225	free_topic	Animal__kingdom
nsubj<cop> be	40.0	0.67	free_topic	Animal__kingdom
nsubj<cop> ...	40.0	0.665	free_topic	Animal__kingdom
conj<case> ...	39.0	0.392	free_topic	Animal__kingdom
nsubj<mark> ...	39.0	0.428	free_topic	Animal__kingdom
obj<nsubj> ...	39.0	0.299	free_topic	Animal__kingdom
compound<nmod< ...	39.0	0.217	free_topic	Animal__kingdom
nummod> ...	38.0	0.426	free_topic	Animal__kingdom
nmod>conj> ...	37.0	0.761	free_topic	Animal__kingdom
acl:relcl>nsubj> that	35.0	0.635	free_topic	Animal__kingdom
case> in	35.0	0.897	free_topic	Animal__kingdom
nmod>amod> ...	34.0	0.535	free_topic	Animal__kingdom
obj<mark> ...	33.0	0.507	free_topic	Animal__kingdom
nsubj:pass<aux:pass> ...	33.0	0.586	free_topic	Animal__kingdom
nsubj:pass< ...	33.0	0.261	free_topic	Animal__kingdom
nsubj:pass<aux:pass> be	33.0	0.586	free_topic	Animal__kingdom
nmod<det> a	33.0	0.569	free_topic	Animal__kingdom
nmod>det> the	33.0	0.68	free_topic	Animal__kingdom
obl<aux:pass> be	33.0	0.404	free_topic	Animal__kingdom
obl<aux:pass> ...	33.0	0.404	free_topic	Animal__kingdom
obl<nsubj:pass> ...	32.0	0.628	free_topic	Animal__kingdom
acl>obl> ...	31.0	0.524	free_topic	Animal__kingdom
acl>obl>case> ...	31.0	0.475	free_topic	Animal__kingdom
compound<det> the	30.0	0.605	free_topic	Animal__kingdom
advmod> ...	30.0	0.401	free_topic	Animal__kingdom
nmod<nmod< ...	30.0	0.542	free_topic	Animal__kingdom
det> these	29.0	1.197	free_topic	Animal__kingdom
nmod:poss< ...	29.0	0.271	free_topic	Animal__kingdom
obj<advmod> ...	28.0	0.635	free_topic	Animal__kingdom
conj<conj>cc> ...	28.0	0.527	free_topic	Animal__kingdom
nsubj<conj>cc> ...	28.0	0.592	free_topic	Animal__kingdom
acl:relcl>obl>case> ...	27.0	0.592	free_topic	Animal__kingdom
compound<case> of	27.0	0.281	free_topic	Animal__kingdom
conj<amod> ...	26.0	0.867	free_topic	Animal__kingdom
nsubj<advcl> ...	26.0	0.788	free_topic	Animal__kingdom
compound<amod> ...	26.0	0.382	free_topic	Animal__kingdom
case> to	26.0	0.867	free_topic	Animal__kingdom
acl:relcl>obl> ...	26.0	0.313	free_topic	Animal__kingdom
nmod>compound> ...	26.0	0.366	free_topic	Animal__kingdom
amod> small	25.0	1.345	free_topic	Animal__kingdom
nsubj<obj>det> ...	25.0	0.419	free_topic	Animal__kingdom
case> 's	25.0	0.914	free_topic	Animal__kingdom
obl<conj> ...	25.0	0.328	free_topic	Animal__kingdom
nsubj:pass<obl>case> ...	25.0	0.53	free_topic	Animal__kingdom
nsubj<xcomp> ...	24.0	0.227	free_topic	Animal__kingdom
obj<advcl< ...	24.0	0.284	free_topic	Animal__kingdom
nmod>case> in	24.0	1.027	free_topic	Animal__kingdom
nsubj:pass<obl> ...	24.0	0.34	free_topic	Animal__kingdom
conj<det> ...	23.0	0.586	free_topic	Animal__kingdom
nsubj<advcl>mark> ...	23.0	0.77	free_topic	Animal__kingdom
nmod<obl<nsubj> ...	23.0	0.329	free_topic	Animal__kingdom
conj<conj>cc> and	23.0	0.576	free_topic	Animal__kingdom
nmod<cop> ...	22.0	0.287	free_topic	Animal__kingdom
obl<obl> ...	22.0	0.534	free_topic	Animal__kingdom
obl<obj> ...	22.0	0.537	free_topic	Animal__kingdom
nmod<nsubj> ...	22.0	0.352	free_topic	Animal__kingdom
nmod<nmod<conj> ...	22.0	1.013	free_topic	Animal__kingdom
nsubj<conj>cc> and	22.0	0.565	free_topic	Animal__kingdom
nmod<obj<nsubj> ...	22.0	0.385	free_topic	Animal__kingdom
nmod<compound> ...	22.0	0.209	free_topic	Animal__kingdom
compound<obl< ...	22.0	0.736	free_topic	Animal__kingdom
nsubj<obl>det> ...	21.0	0.718	free_topic	Animal__kingdom
case> by	21.0	0.99	free_topic	Animal__kingdom
nmod>nmod>case> ...	21.0	0.635	free_topic	Animal__kingdom
obl<aux> ...	21.0	0.745	free_topic	Animal__kingdom
obl<nsubj>det> ...	21.0	0.503	free_topic	Animal__kingdom
nmod<cop> be	21.0	0.424	free_topic	Animal__kingdom
nsubj>amod> ...	21.0	0.2	free_topic	Animal__kingdom
nmod>nmod> ...	21.0	0.426	free_topic	Animal__kingdom
nmod<case> of	21.0	1.041	free_topic	Animal__kingdom
case> for	21.0	0.875	free_topic	Animal__kingdom
compound<nmod>case> ...	21.0	0.831	free_topic	Animal__kingdom
compound<nmod> ...	21.0	0.152	free_topic	Animal__kingdom
obl<obl>case> ...	21.0	0.367	free_topic	Animal__kingdom
nmod>case>fixed> as	20.0	0.427	free_topic	Animal__kingdom
nsubj<advcl< ...	20.0	0.275	free_topic	Animal__kingdom
nmod>case>fixed> ...	20.0	0.427	free_topic	Animal__kingdom
nmod>case> such	20.0	0.79	free_topic	Animal__kingdom
nsubj<ccomp< ...	20.0	0.714	free_topic	Animal__kingdom
acl>mark> ...	20.0	0.235	free_topic	Animal__kingdom
acl:relcl>obj> ...	20.0	0.298	free_topic	Animal__kingdom
nsubj<obj>amod> ...	20.0	0.669	free_topic	Animal__kingdom
compound<nmod<det> ...	20.0	0.339	free_topic	Animal__kingdom
conj<obl< ...	20.0	0.432	free_topic	Animal__kingdom
nmod>case> of	20.0	1.004	free_topic	Animal__kingdom
case> as	20.0	0.982	free_topic	Animal__kingdom
conj<nmod< ...	19.0	0.271	free_topic	Animal__kingdom
nsubj<xcomp>mark> to	19.0	0.374	free_topic	Animal__kingdom
nsubj<xcomp>mark> ...	19.0	0.374	free_topic	Animal__kingdom
conj<obj< ...	19.0	0.325	free_topic	Animal__kingdom
nmod>conj>cc> ...	19.0	0.262	free_topic	Animal__kingdom
amod> largest	19.0	1.278	free_topic	Animal__kingdom
nsubj<obl>amod> ...	19.0	0.709	free_topic	Animal__kingdom
nsubj>det> ...	19.0	0.533	free_topic	Animal__kingdom
obj<obl>case> ...	19.0	0.641	free_topic	Animal__kingdom
obl<conj< ...	18.0	0.354	free_topic	Animal__kingdom
nmod<nmod>case> ...	18.0	0.418	free_topic	Animal__kingdom
obj<obl> ...	18.0	0.294	free_topic	Animal__kingdom
amod> many	18.0	1.352	free_topic	Animal__kingdom
compound<nmod<amod> ...	18.0	0.374	free_topic	Animal__kingdom
obl<conj>cc> ...	18.0	0.393	free_topic	Animal__kingdom
obl<mark> ...	18.0	0.647	free_topic	Animal__kingdom
nsubj>det> the	17.0	0.57	free_topic	Animal__kingdom
nmod<nmod> ...	17.0	0.485	free_topic	Animal__kingdom
nmod<conj< ...	17.0	0.292	free_topic	Animal__kingdom
obj<advcl> ...	17.0	0.676	free_topic	Animal__kingdom
obl<acl< ...	17.0	0.302	free_topic	Animal__kingdom
conj<nmod> ...	17.0	0.543	free_topic	Animal__kingdom
nmod<obl<advmod> ...	17.0	0.245	free_topic	Animal__kingdom
appos> ...	16.0	0.347	free_topic	Animal__kingdom
appos< ...	16.0	0.503	free_topic	Animal__kingdom
det> any	16.0	1.279	free_topic	Animal__kingdom
acl:relcl>advmod> ...	16.0	0.307	free_topic	Animal__kingdom
nmod>case> with	16.0	0.977	free_topic	Animal__kingdom
conj<nmod>case> ...	16.0	0.57	free_topic	Animal__kingdom
nmod<obl<aux:pass> ...	16.0	0.262	free_topic	Animal__kingdom
amod> large	16.0	1.4	free_topic	Animal__kingdom
nmod<obl<aux:pass> be	16.0	0.262	free_topic	Animal__kingdom
nmod>nmod>case> of	15.0	0.807	free_topic	Animal__kingdom
nsubj<obl>case> in	15.0	1.0	free_topic	Animal__kingdom
nsubj< have	15.0	0.821	free_topic	Animal__kingdom
compound<nmod<case> ...	15.0	0.382	free_topic	Animal__kingdom
nmod:poss<case> ...	15.0	0.495	free_topic	Animal__kingdom
obl<conj>cc> and	15.0	0.516	free_topic	Animal__kingdom
nsubj<advcl<nsubj> ...	15.0	0.342	free_topic	Animal__kingdom
nmod<nsubj< ...	15.0	0.668	free_topic	Animal__kingdom
nmod<cc> ...	14.0	0.527	free_topic	Animal__kingdom
compound> land	14.0	0.72	free_topic	Animal__kingdom
acl>mark> to	14.0	0.289	free_topic	Animal__kingdom
conj<obl>case> ...	14.0	0.576	free_topic	Animal__kingdom
obl<nsubj>det> the	14.0	0.636	free_topic	Animal__kingdom
conj<conj>amod> ...	14.0	0.472	free_topic	Animal__kingdom
nsubj<conj>obl> ...	14.0	0.344	free_topic	Animal__kingdom
obl<cop> ...	14.0	0.592	free_topic	Animal__kingdom
nmod<nmod<det> ...	14.0	0.675	free_topic	Animal__kingdom
nmod<advmod> ...	14.0	0.434	free_topic	Animal__kingdom
amod> baby	14.0	1.153	free_topic	Animal__kingdom
obl<cop> be	14.0	0.592	free_topic	Animal__kingdom
amod>conj> ...	14.0	0.163	free_topic	Animal__kingdom
case> on	14.0	0.953	free_topic	Animal__kingdom
compound<nsubj< ...	14.0	0.613	free_topic	Animal__kingdom
compound<obj< ...	14.0	0.581	free_topic	Animal__kingdom
obl<advcl> ...	14.0	0.35	free_topic	Animal__kingdom
compound<compound> ...	14.0	0.23	free_topic	Animal__kingdom
nmod<obl<nsubj:pass> ...	14.0	0.505	free_topic	Animal__kingdom
nmod>conj>cc> and	14.0	0.297	free_topic	Animal__kingdom
amod>obl> ...	13.0	0.242	free_topic	Animal__kingdom
conj<obl> ...	13.0	0.214	free_topic	Animal__kingdom
obj<nsubj>det> ...	13.0	0.465	free_topic	Animal__kingdom
obj<advcl>mark> ...	13.0	0.455	free_topic	Animal__kingdom
amod>obl>case> ...	13.0	0.528	free_topic	Animal__kingdom
obj<conj>cc> ...	13.0	0.378	free_topic	Animal__kingdom
obj<conj> ...	13.0	0.33	free_topic	Animal__kingdom
compound<conj< ...	13.0	0.607	free_topic	Animal__kingdom
conj<nsubj> ...	13.0	0.552	free_topic	Animal__kingdom
nsubj<mark> that	13.0	0.471	free_topic	Animal__kingdom
nsubj:pass<advmod> ...	13.0	0.399	free_topic	Animal__kingdom
nsubj<obj>det> a	13.0	0.499	free_topic	Animal__kingdom
nmod:poss<amod> ...	13.0	0.419	free_topic	Animal__kingdom
obl<acl:relcl< ...	13.0	0.306	free_topic	Animal__kingdom
nsubj<obj>nmod> ...	13.0	0.337	free_topic	Animal__kingdom
compound<conj> ...	13.0	0.565	free_topic	Animal__kingdom
nmod<case> in	13.0	1.006	free_topic	Animal__kingdom
nsubj<xcomp>obj> ...	13.0	0.36	free_topic	Animal__kingdom
obj<mark> to	12.0	0.564	free_topic	Animal__kingdom
nsubj>compound> ...	12.0	0.515	free_topic	Animal__kingdom
obl<conj<obl> ...	12.0	0.654	free_topic	Animal__kingdom
nmod<obl<conj< ...	12.0	0.335	free_topic	Animal__kingdom
amod> larger	12.0	1.343	free_topic	Animal__kingdom
nmod<obl<aux> ...	12.0	0.394	free_topic	Animal__kingdom
nsubj<obl>nmod> ...	12.0	0.217	free_topic	Animal__kingdom
acl:relcl>obl>conj> ...	12.0	0.368	free_topic	Animal__kingdom
nmod<cc> and	12.0	0.565	free_topic	Animal__kingdom
obj<aux> ...	12.0	0.336	free_topic	Animal__kingdom
obl<cc> ...	12.0	0.504	free_topic	Animal__kingdom
compound<case> in	12.0	0.317	free_topic	Animal__kingdom
amod>conj>cc> ...	12.0	0.566	free_topic	Animal__kingdom
nmod<obl<obl> ...	12.0	0.494	free_topic	Animal__kingdom
nmod<obj<conj> ...	11.0	0.197	free_topic	Animal__kingdom
acl:relcl>cop> be	11.0	0.69	free_topic	Animal__kingdom
compound<conj<conj> ...	11.0	0.816	free_topic	Animal__kingdom
nmod< one	11.0	0.519	free_topic	Animal__kingdom
acl:relcl>aux> ...	11.0	0.437	free_topic	Animal__kingdom
nmod<nmod<det> the	11.0	0.661	free_topic	Animal__kingdom
compound<cc> ...	11.0	0.613	free_topic	Animal__kingdom
compound<det> a	11.0	0.634	free_topic	Animal__kingdom
nmod<obl<cc> ...	11.0	0.443	free_topic	Animal__kingdom
acl>obj> ...	11.0	0.467	free_topic	Animal__kingdom
conj<case> of	11.0	0.424	free_topic	Animal__kingdom
conj<cop> ...	11.0	0.458	free_topic	Animal__kingdom
conj<advmod> ...	11.0	0.447	free_topic	Animal__kingdom
obl<obl>amod> ...	11.0	0.198	free_topic	Animal__kingdom
conj>compound> ...	11.0	0.361	free_topic	Animal__kingdom
obl<obl>det> ...	11.0	0.379	free_topic	Animal__kingdom
compound<nmod<obj< ...	11.0	0.312	free_topic	Animal__kingdom
acl:relcl>cop> ...	11.0	0.69	free_topic	Animal__kingdom
mark> ...	11.0	0.559	free_topic	Animal__kingdom
compound<nmod<det> the	11.0	0.337	free_topic	Animal__kingdom
conj<cop> be	11.0	0.458	free_topic	Animal__kingdom
conj<nmod<case> ...	11.0	0.251	free_topic	Animal__kingdom
nsubj<amod> ...	11.0	0.157	free_topic	Animal__kingdom
acl:relcl>nsubj> which	11.0	0.621	free_topic	Animal__kingdom
compound<cc> and	10.0	0.595	free_topic	Animal__kingdom
compound<conj>cc> ...	10.0	0.241	free_topic	Animal__kingdom
compound<compound< ...	10.0	0.413	free_topic	Animal__kingdom
nsubj:pass<mark> ...	10.0	0.241	free_topic	Animal__kingdom
nsubj<advcl>obj> ...	10.0	0.316	free_topic	Animal__kingdom
acl>obl>case> in	10.0	0.502	free_topic	Animal__kingdom
nsubj:pass<obl>det> ...	10.0	0.612	free_topic	Animal__kingdom
obj<nsubj>amod> ...	10.0	0.308	free_topic	Animal__kingdom
obl<nsubj>amod> ...	10.0	0.309	free_topic	Animal__kingdom
amod>conj>cc> and	10.0	0.571	free_topic	Animal__kingdom
obl<mark> to	10.0	0.619	free_topic	Animal__kingdom
nsubj<obj>compound> ...	10.0	0.294	free_topic	Animal__kingdom
nsubj<conj< ...	10.0	0.195	free_topic	Animal__kingdom
nmod<obl<cc> and	10.0	0.451	free_topic	Animal__kingdom
nsubj<aux> can	10.0	0.518	free_topic	Animal__kingdom
compound< kingdom	10.0	0.41	free_topic	Animal__kingdom
conj>amod> ...	10.0	0.222	free_topic	Animal__kingdom
obl<advcl>mark> ...	10.0	0.593	free_topic	Animal__kingdom
nmod>nmod>det> ...	10.0	0.261	free_topic	Animal__kingdom
conj< plant	10.0	0.518	free_topic	Animal__kingdom
cc> or	10.0	1.069	free_topic	Animal__kingdom
appos<det> ...	10.0	0.401	free_topic	Animal__kingdom
obl<acl<det> ...	10.0	0.586	free_topic	Animal__kingdom
conj<nmod<det> ...	10.0	0.671	free_topic	Animal__kingdom
nsubj<obl>conj> ...	10.0	0.501	free_topic	Animal__kingdom
conj<det> the	10.0	0.632	free_topic	Animal__kingdom
nmod<nmod<amod> ...	10.0	0.404	free_topic	Animal__kingdom
nsubj<obj>conj> ...	10.0	0.397	free_topic	Animal__kingdom
conj> plant	10.0	1.084	free_topic	Animal__kingdom
obj<conj< ...	10.0	0.193	free_topic	Animal__kingdom
nmod<conj<amod> ...	10.0	0.355	free_topic	Animal__kingdom
nmod<nsubj>det> ...	10.0	0.622	free_topic	Animal__kingdom
nsubj<ccomp<nsubj> ...	10.0	0.377	free_topic	Animal__kingdom
nsubj<obl>det> the	9.0	0.755	free_topic	Animal__kingdom
nsubj<advcl<obj> ...	9.0	0.399	free_topic	Animal__kingdom
nsubj<obl>case> to	9.0	1.022	free_topic	Animal__kingdom
obj<cc> and	9.0	0.581	free_topic	Animal__kingdom
obj<advcl<nsubj> ...	9.0	0.195	free_topic	Animal__kingdom
nsubj<advcl<advmod> ...	9.0	0.304	free_topic	Animal__kingdom
amod>advmod> most	9.0	0.229	free_topic	Animal__kingdom
obj<cc> ...	9.0	0.526	free_topic	Animal__kingdom
nsubj<cc> ...	9.0	0.418	free_topic	Animal__kingdom
conj>obl>case> ...	9.0	0.509	free_topic	Animal__kingdom
obl<acl<amod> ...	9.0	0.306	free_topic	Animal__kingdom
conj<conj>advmod> ...	9.0	0.573	free_topic	Animal__kingdom
obl< use	9.0	0.353	free_topic	Animal__kingdom
nsubj<det> ...	9.0	0.377	free_topic	Animal__kingdom
nmod<conj> ...	9.0	0.248	free_topic	Animal__kingdom
nsubj<conj>obj> ...	9.0	0.171	free_topic	Animal__kingdom
acl>obl>det> ...	9.0	0.443	free_topic	Animal__kingdom
conj>obl> ...	9.0	0.382	free_topic	Animal__kingdom
obl<xcomp< ...	9.0	0.772	free_topic	Animal__kingdom
nsubj<aux> have	9.0	0.641	free_topic	Animal__kingdom
conj<appos> ...	9.0	0.344	free_topic	Animal__kingdom
nsubj<conj>advmod> ...	9.0	0.39	free_topic	Animal__kingdom
obl<conj<nsubj> ...	9.0	0.578	free_topic	Animal__kingdom
obj< allow	9.0	0.554	free_topic	Animal__kingdom
nsubj<obl>det> a	9.0	0.756	free_topic	Animal__kingdom
obl<nsubj:pass>det> ...	9.0	0.65	free_topic	Animal__kingdom
obl<conj<nsubj:pass> ...	8.0	0.385	free_topic	Animal__kingdom
obl<nsubj:pass>amod> ...	8.0	0.434	free_topic	Animal__kingdom
obj<obl>amod> ...	8.0	0.452	free_topic	Animal__kingdom
nmod:poss<obl< ...	8.0	0.545	free_topic	Animal__kingdom
parataxis> ...	8.0	0.252	free_topic	Animal__kingdom
nsubj<obj>det> the	8.0	0.404	free_topic	Animal__kingdom
nmod<conj<det> ...	8.0	0.64	free_topic	Animal__kingdom
nmod<nmod>amod> ...	8.0	0.451	free_topic	Animal__kingdom
nmod<conj>cc> ...	8.0	0.134	free_topic	Animal__kingdom
conj<obl<nsubj> ...	8.0	0.353	free_topic	Animal__kingdom
acl>obl>amod> ...	8.0	0.184	free_topic	Animal__kingdom
det> some	8.0	1.323	free_topic	Animal__kingdom
nsubj<cc> and	8.0	0.346	free_topic	Animal__kingdom
acl:relcl>xcomp> ...	8.0	0.573	free_topic	Animal__kingdom
acl:relcl>aux:pass> ...	8.0	0.188	free_topic	Animal__kingdom
acl:relcl>nsubj:pass> ...	8.0	0.346	free_topic	Animal__kingdom
acl:relcl>aux:pass> be	8.0	0.188	free_topic	Animal__kingdom
obl<obl>det> the	8.0	0.424	free_topic	Animal__kingdom
obl<nsubj:pass>det> the	8.0	0.663	free_topic	Animal__kingdom
nmod< variety	8.0	0.51	free_topic	Animal__kingdom
conj>nmod> ...	8.0	0.296	free_topic	Animal__kingdom
nmod>det> a	8.0	0.73	free_topic	Animal__kingdom
compound>compound> ...	8.0	0.69	free_topic	Animal__kingdom
nsubj<obl>nummod> ...	8.0	0.535	free_topic	Animal__kingdom
conj>nmod>case> ...	8.0	0.478	free_topic	Animal__kingdom
conj>det> ...	8.0	0.612	free_topic	Animal__kingdom
nmod<obj<mark> ...	8.0	0.413	free_topic	Animal__kingdom
nsubj:pass<conj> ...	8.0	0.415	free_topic	Animal__kingdom
nmod<conj<conj> ...	8.0	0.269	free_topic	Animal__kingdom
obl<appos> ...	8.0	0.198	free_topic	Animal__kingdom
compound<nsubj<obl> ...	8.0	0.598	free_topic	Animal__kingdom
nmod<nsubj>det> the	8.0	0.631	free_topic	Animal__kingdom
acl:relcl>obj>amod> ...	8.0	0.526	free_topic	Animal__kingdom
nmod:poss<nmod< ...	8.0	0.495	free_topic	Animal__kingdom
amod> most	8.0	1.397	free_topic	Animal__kingdom
obj<xcomp< ...	8.0	0.337	free_topic	Animal__kingdom
nsubj<advcl>obl> ...	8.0	0.532	free_topic	Animal__kingdom
nsubj:pass<obl>det> a	8.0	0.608	free_topic	Animal__kingdom
obl<obj>amod> ...	8.0	0.613	free_topic	Animal__kingdom
compound<nmod<det> a	8.0	0.325	free_topic	Animal__kingdom
nmod<obj<advcl< ...	8.0	0.214	free_topic	Animal__kingdom
compound<obl<nsubj> ...	8.0	0.439	free_topic	Animal__kingdom
nsubj:pass<aux> ...	8.0	0.211	free_topic	Animal__kingdom
appos<det> the	8.0	0.539	free_topic	Animal__kingdom
conj<conj>compound> ...	8.0	0.39	free_topic	Animal__kingdom
compound<nmod<nmod< ...	8.0	0.458	free_topic	Animal__kingdom
acl>advmod> ...	8.0	0.509	free_topic	Animal__kingdom
obl<conj<conj> ...	7.0	0.361	free_topic	Animal__kingdom
nsubj<advcl>advmod> ...	7.0	0.567	free_topic	Animal__kingdom
nsubj<obl>compound> ...	7.0	0.201	free_topic	Animal__kingdom
nmod<nsubj<obl> ...	7.0	0.327	free_topic	Animal__kingdom
obl<aux> have	7.0	0.746	free_topic	Animal__kingdom
obl<conj<cop> ...	7.0	0.253	free_topic	Animal__kingdom
obl<appos>det> the	7.0	0.519	free_topic	Animal__kingdom
nmod<nmod:poss> ...	7.0	0.333	free_topic	Animal__kingdom
nsubj<xcomp>obl> ...	7.0	0.425	free_topic	Animal__kingdom
conj<obl<advmod> ...	7.0	0.446	free_topic	Animal__kingdom
conj<obj<conj< ...	7.0	0.259	free_topic	Animal__kingdom
compound<nmod>amod> ...	7.0	0.431	free_topic	Animal__kingdom
obl<appos>det> ...	7.0	0.519	free_topic	Animal__kingdom
obl<conj<cop> be	7.0	0.253	free_topic	Animal__kingdom
obl<parataxis> ...	7.0	0.297	free_topic	Animal__kingdom
nsubj:pass<obl>nmod> ...	7.0	0.55	free_topic	Animal__kingdom
compound<nmod>nmod> ...	7.0	0.256	free_topic	Animal__kingdom
nmod<nmod>det> ...	7.0	0.459	free_topic	Animal__kingdom
obj<advcl>obj> ...	7.0	0.401	free_topic	Animal__kingdom
acl> live	7.0	0.731	free_topic	Animal__kingdom
obj<advcl<cop> ...	7.0	0.366	free_topic	Animal__kingdom
obj<nsubj>det> the	7.0	0.551	free_topic	Animal__kingdom
obj<advmod> not	7.0	0.572	free_topic	Animal__kingdom
amod>obl:npmod> ...	7.0	0.126	free_topic	Animal__kingdom
obj<nsubj>nmod> ...	7.0	0.586	free_topic	Animal__kingdom
obj< eat	7.0	0.531	free_topic	Animal__kingdom
nmod<nmod>case> of	7.0	0.408	free_topic	Animal__kingdom
compound<nsubj<advmod> ...	7.0	0.418	free_topic	Animal__kingdom
nsubj:pass<advcl< ...	7.0	0.285	free_topic	Animal__kingdom
advcl> ...	7.0	0.386	free_topic	Animal__kingdom
obj<obl>det> ...	7.0	0.611	free_topic	Animal__kingdom
nmod<nmod<nsubj< ...	7.0	0.381	free_topic	Animal__kingdom
compound<obj<mark> ...	7.0	0.295	free_topic	Animal__kingdom
nmod<obl<conj> ...	7.0	0.323	free_topic	Animal__kingdom
nmod<amod>advmod> ...	7.0	0.523	free_topic	Animal__kingdom
nsubj> they	7.0	0.474	free_topic	Animal__kingdom
conj<nmod<det> a	7.0	0.707	free_topic	Animal__kingdom
obl<conj<aux:pass> be	7.0	0.601	free_topic	Animal__kingdom
conj<conj>amod> other	7.0	0.613	free_topic	Animal__kingdom
obl<acl<det> the	7.0	0.573	free_topic	Animal__kingdom
nsubj<obj>nmod:poss> ...	7.0	0.261	free_topic	Animal__kingdom
nmod:poss<nmod<det> ...	7.0	0.297	free_topic	Animal__kingdom
compound<nmod>case> in	7.0	0.912	free_topic	Animal__kingdom
conj<nmod<obl< ...	7.0	0.533	free_topic	Animal__kingdom
nsubj<advcl>mark> to	7.0	0.773	free_topic	Animal__kingdom
acl:relcl>obl>amod> ...	7.0	0.34	free_topic	Animal__kingdom
nmod< group	7.0	0.434	free_topic	Animal__kingdom
nmod<obj<obl> ...	7.0	0.359	free_topic	Animal__kingdom
obj<advcl<cop> be	7.0	0.366	free_topic	Animal__kingdom
obl<conj<aux:pass> ...	7.0	0.601	free_topic	Animal__kingdom
obl<obj>det> ...	7.0	0.344	free_topic	Animal__kingdom
nsubj:pass<advcl> ...	7.0	0.557	free_topic	Animal__kingdom
nsubj:pass<advcl>mark> ...	7.0	0.531	free_topic	Animal__kingdom
nmod<nmod<cop> be	6.0	0.274	free_topic	Animal__kingdom
nsubj:pass<conj>cc> and	6.0	0.321	free_topic	Animal__kingdom
nmod<obl<cop> be	6.0	0.503	free_topic	Animal__kingdom
conj>nmod>case> of	6.0	0.507	free_topic	Animal__kingdom
compound<conj>cc> and	6.0	0.347	free_topic	Animal__kingdom
nsubj:pass<xcomp>mark> to	6.0	0.493	free_topic	Animal__kingdom
acl>obl>case> to	6.0	0.539	free_topic	Animal__kingdom
obj<advcl<aux:pass> be	6.0	0.769	free_topic	Animal__kingdom
obj<xcomp>mark> to	6.0	0.518	free_topic	Animal__kingdom
compound<conj<case> ...	6.0	0.424	free_topic	Animal__kingdom
nmod<obj<aux> ...	6.0	0.323	free_topic	Animal__kingdom
nsubj< appear	6.0	0.801	free_topic	Animal__kingdom
compound<obj<nsubj> ...	6.0	0.485	free_topic	Animal__kingdom
compound<nummod> ...	6.0	0.14	free_topic	Animal__kingdom
nmod<obj<mark> to	6.0	0.51	free_topic	Animal__kingdom
conj<compound> ...	6.0	0.356	free_topic	Animal__kingdom
compound<obl<conj> ...	6.0	0.291	free_topic	Animal__kingdom
compound<compound>compound> ...	6.0	0.428	free_topic	Animal__kingdom
nmod>conj>amod> ...	6.0	0.322	free_topic	Animal__kingdom
nsubj<advcl>nsubj> ...	6.0	0.292	free_topic	Animal__kingdom
obl<nsubj> that	6.0	0.798	free_topic	Animal__kingdom
nmod<case> on	6.0	0.93	free_topic	Animal__kingdom
obl<nsubj>compound> ...	6.0	0.234	free_topic	Animal__kingdom
nmod<obj<acl:relcl< ...	6.0	0.316	free_topic	Animal__kingdom
obl<advmod> not	6.0	0.246	free_topic	Animal__kingdom
nmod>case> per	6.0	0.851	free_topic	Animal__kingdom
nmod<case> by	6.0	0.889	free_topic	Animal__kingdom
obj<advcl>obl> ...	6.0	0.237	free_topic	Animal__kingdom
nsubj<conj>aux> ...	6.0	0.675	free_topic	Animal__kingdom
obl<advcl< ...	6.0	0.466	free_topic	Animal__kingdom
compound<nmod<obl< ...	6.0	0.337	free_topic	Animal__kingdom
compound<nmod<case> of	6.0	0.482	free_topic	Animal__kingdom
obj<xcomp>mark> ...	6.0	0.518	free_topic	Animal__kingdom
nmod<nmod>det> the	6.0	0.432	free_topic	Animal__kingdom
parataxis>obl> ...	6.0	0.343	free_topic	Animal__kingdom
obj<xcomp> ...	6.0	0.47	free_topic	Animal__kingdom
amod>obl>case> than	6.0	0.546	free_topic	Animal__kingdom
parataxis>obl>case> ...	6.0	0.298	free_topic	Animal__kingdom
nmod<obl<cop> ...	6.0	0.503	free_topic	Animal__kingdom
nsubj<parataxis>advmod> ...	6.0	0.301	free_topic	Animal__kingdom
nsubj<acl:relcl< ...	6.0	0.377	free_topic	Animal__kingdom
nmod<obj<cc> ...	6.0	0.243	free_topic	Animal__kingdom
obl<appos>appos> ...	6.0	0.167	free_topic	Animal__kingdom
nmod<obj<conj< ...	6.0	0.314	free_topic	Animal__kingdom
nsubj:pass<obl>case> in	6.0	0.483	free_topic	Animal__kingdom
obj<acl< ...	6.0	0.343	free_topic	Animal__kingdom
appos<amod> ...	6.0	0.54	free_topic	Animal__kingdom
acl>obl>compound> ...	6.0	0.151	free_topic	Animal__kingdom
nmod<nmod<case> ...	6.0	0.315	free_topic	Animal__kingdom
nsubj<obj>acl> ...	6.0	0.505	free_topic	Animal__kingdom
obl<conj>obj> ...	6.0	0.306	free_topic	Animal__kingdom
nmod:poss<obj< ...	6.0	0.282	free_topic	Animal__kingdom
nmod:poss<obl<nsubj> ...	6.0	0.647	free_topic	Animal__kingdom
obj<xcomp<nsubj> ...	6.0	0.236	free_topic	Animal__kingdom
nmod<obj<cc> and	6.0	0.243	free_topic	Animal__kingdom
acl:relcl>aux> can	6.0	0.259	free_topic	Animal__kingdom
xcomp< ...	6.0	0.258	free_topic	Animal__kingdom
nsubj<conj<obl> ...	6.0	0.4	free_topic	Animal__kingdom
obj<advcl<aux:pass> ...	6.0	0.769	free_topic	Animal__kingdom
nsubj:pass<conj>cc> ...	6.0	0.321	free_topic	Animal__kingdom
nsubj:pass<xcomp> ...	6.0	0.212	free_topic	Animal__kingdom
nsubj:pass<xcomp>mark> ...	6.0	0.493	free_topic	Animal__kingdom
nmod<case> to	6.0	0.877	free_topic	Animal__kingdom
obj<nsubj>compound> ...	6.0	0.41	free_topic	Animal__kingdom
nmod<nmod<cop> ...	6.0	0.274	free_topic	Animal__kingdom
conj<obl<obl> ...	6.0	0.388	free_topic	Animal__kingdom
nmod>nmod>amod> ...	6.0	0.391	free_topic	Animal__kingdom
obl<acl:relcl<obj< ...	6.0	0.354	free_topic	Animal__kingdom
obj<conj>cc> and	6.0	0.38	free_topic	Animal__kingdom
nmod<conj<case> ...	6.0	0.386	free_topic	Animal__kingdom
nmod<nmod<obj< ...	6.0	0.554	free_topic	Animal__kingdom
obl<cc> but	6.0	0.638	free_topic	Animal__kingdom
conj<obj<cc> ...	6.0	0.373	free_topic	Animal__kingdom
nmod<obl<mark> ...	6.0	0.281	free_topic	Animal__kingdom
appos>conj> ...	6.0	0.409	free_topic	Animal__kingdom
conj<obj<nsubj> ...	6.0	0.209	free_topic	Animal__kingdom
compound< prey	6.0	0.462	free_topic	Animal__kingdom
nmod<conj<cop> be	5.0	0.474	free_topic	Animal__kingdom
obl<ccomp< ...	5.0	0.312	free_topic	Animal__kingdom
nmod>case> include	5.0	0.895	free_topic	Animal__kingdom
compound<obl<advmod> ...	5.0	0.633	free_topic	Animal__kingdom
nsubj:pass<obl>amod> ...	5.0	0.317	free_topic	Animal__kingdom
advcl>mark> ...	5.0	0.552	free_topic	Animal__kingdom
nmod<nsubj:pass<aux:pass> be	5.0	0.776	free_topic	Animal__kingdom
nmod>case> for	5.0	0.819	free_topic	Animal__kingdom
obj<advcl<aux> ...	5.0	0.572	free_topic	Animal__kingdom
nmod>nmod>det> the	5.0	0.281	free_topic	Animal__kingdom
compound<nsubj<mark> ...	5.0	0.329	free_topic	Animal__kingdom
obj<obl>det> the	5.0	0.586	free_topic	Animal__kingdom
nmod>nmod>det> a	5.0	0.254	free_topic	Animal__kingdom
nmod<obj< include	5.0	0.638	free_topic	Animal__kingdom
nmod>case> on	5.0	0.902	free_topic	Animal__kingdom
acl:relcl>obl>case> on	5.0	0.722	free_topic	Animal__kingdom
obj<advcl<nsubj:pass> ...	5.0	0.29	free_topic	Animal__kingdom
amod>obl>conj> ...	5.0	0.278	free_topic	Animal__kingdom
nmod<appos> ...	5.0	0.152	free_topic	Animal__kingdom
nsubj<advmod> not	5.0	1.024	free_topic	Animal__kingdom
compound<obl<aux:pass> ...	5.0	0.29	free_topic	Animal__kingdom
compound<acl> ...	5.0	0.583	free_topic	Animal__kingdom
obl<acl<nsubj:pass< ...	5.0	0.267	free_topic	Animal__kingdom
cc>fixed> ...	5.0	0.233	free_topic	Animal__kingdom
obl<advcl<nsubj> ...	5.0	0.407	free_topic	Animal__kingdom
conj>advmod> ...	5.0	0.552	free_topic	Animal__kingdom
nmod<acl> ...	5.0	0.545	free_topic	Animal__kingdom
nsubj<nmod> ...	5.0	0.365	free_topic	Animal__kingdom
obj<conj>advmod> ...	5.0	0.518	free_topic	Animal__kingdom
nsubj<parataxis> ...	5.0	0.188	free_topic	Animal__kingdom
nsubj<nmod>case> ...	5.0	0.241	free_topic	Animal__kingdom
nmod:poss<nmod<det> a	5.0	0.279	free_topic	Animal__kingdom
nmod<nsubj<conj> ...	5.0	0.368	free_topic	Animal__kingdom
appos<case> ...	5.0	0.655	free_topic	Animal__kingdom
nmod<obl<advcl> ...	5.0	0.272	free_topic	Animal__kingdom
obj<nsubj> they	5.0	0.36	free_topic	Animal__kingdom
mark> to	5.0	0.58	free_topic	Animal__kingdom
nsubj<aux> be	5.0	0.573	free_topic	Animal__kingdom
obj<conj<obl> ...	5.0	0.241	free_topic	Animal__kingdom
nsubj<conj>nsubj> ...	5.0	0.249	free_topic	Animal__kingdom
acl>obl>det> the	5.0	0.445	free_topic	Animal__kingdom
nsubj<acl:relcl<amod> ...	5.0	0.263	free_topic	Animal__kingdom
obl<obj>nmod> ...	5.0	0.278	free_topic	Animal__kingdom
acl:relcl>obl>nmod> ...	5.0	0.347	free_topic	Animal__kingdom
nsubj<advcl>aux:pass> ...	5.0	0.29	free_topic	Animal__kingdom
conj<obj<mark> ...	5.0	0.36	free_topic	Animal__kingdom
nsubj:pass<advcl<obl> ...	5.0	0.255	free_topic	Animal__kingdom
conj<nsubj>amod> ...	5.0	0.286	free_topic	Animal__kingdom
nsubj<advcl<obl> ...	5.0	0.443	free_topic	Animal__kingdom
nmod>case> from	5.0	1.003	free_topic	Animal__kingdom
obj<advcl<obl> ...	5.0	0.549	free_topic	Animal__kingdom
obj<advcl<advmod> ...	5.0	0.562	free_topic	Animal__kingdom
obl<xcomp> ...	5.0	0.614	free_topic	Animal__kingdom
obl<advmod> also	5.0	0.32	free_topic	Animal__kingdom
conj< human	5.0	0.52	free_topic	Animal__kingdom
compound> sea	5.0	0.699	free_topic	Animal__kingdom
conj<nmod<case> of	5.0	0.282	free_topic	Animal__kingdom
acl:relcl>obl>det> ...	5.0	0.371	free_topic	Animal__kingdom
compound<compound<obl< ...	5.0	0.535	free_topic	Animal__kingdom
compound<compound<case> ...	5.0	0.429	free_topic	Animal__kingdom
nmod<nmod<nsubj> ...	5.0	0.198	free_topic	Animal__kingdom
conj>obl>case> in	5.0	0.499	free_topic	Animal__kingdom
conj<nsubj< ...	5.0	0.346	free_topic	Animal__kingdom
obl<aux> can	5.0	0.915	free_topic	Animal__kingdom
nmod<nsubj<obj> ...	5.0	0.358	free_topic	Animal__kingdom
acl:relcl>conj> ...	5.0	0.451	free_topic	Animal__kingdom
nsubj<conj>nmod> ...	5.0	0.264	free_topic	Animal__kingdom
nsubj<conj>det> ...	5.0	0.335	free_topic	Animal__kingdom
nsubj:pass<advcl>obl> ...	5.0	0.271	free_topic	Animal__kingdom
nsubj<acl< ...	5.0	0.359	free_topic	Animal__kingdom
nsubj<advcl>mark> when	5.0	0.661	free_topic	Animal__kingdom
nummod>advmod> ...	5.0	0.478	free_topic	Animal__kingdom
obj<conj<nsubj> ...	5.0	0.387	free_topic	Animal__kingdom
nmod>conj>compound> ...	5.0	0.157	free_topic	Animal__kingdom
compound<nmod>det> ...	5.0	0.318	free_topic	Animal__kingdom
conj<obj<advmod> ...	5.0	0.996	free_topic	Animal__kingdom
nmod>acl> ...	5.0	0.449	free_topic	Animal__kingdom
nsubj<aux> may	5.0	0.58	free_topic	Animal__kingdom
nsubj<advmod> also	5.0	0.896	free_topic	Animal__kingdom
det> this	5.0	1.143	free_topic	Animal__kingdom
obj<conj>cc> but	5.0	0.342	free_topic	Animal__kingdom
conj<nmod<nmod< ...	5.0	0.366	free_topic	Animal__kingdom
nmod:poss> ...	5.0	0.674	free_topic	Animal__kingdom
compound<compound<amod> ...	5.0	0.638	free_topic	Animal__kingdom
nmod<obj<nsubj> which	5.0	0.453	free_topic	Animal__kingdom
nsubj<advcl>advcl> ...	5.0	0.407	free_topic	Animal__kingdom
nmod<conj<cop> ...	5.0	0.474	free_topic	Animal__kingdom
acl:relcl>obj>det> ...	5.0	0.189	free_topic	Animal__kingdom
nmod<obl<obj> ...	5.0	0.554	free_topic	Animal__kingdom
nmod<conj<nsubj> ...	5.0	0.24	free_topic	Animal__kingdom
nmod<case> for	5.0	0.832	free_topic	Animal__kingdom
nmod<amod> many	5.0	0.648	free_topic	Animal__kingdom
nmod< species	5.0	0.482	free_topic	Animal__kingdom
obl<acl<case> ...	5.0	0.475	free_topic	Animal__kingdom
compound<appos< ...	5.0	0.581	free_topic	Animal__kingdom
acl:relcl>obl>case> in	5.0	0.483	free_topic	Animal__kingdom
nmod<nsubj:pass< ...	5.0	0.524	free_topic	Animal__kingdom
nmod<nsubj:pass<aux:pass> ...	5.0	0.776	free_topic	Animal__kingdom
nsubj:pass<obl>compound> ...	5.0	0.186	free_topic	Animal__kingdom
nmod<conj<compound> ...	5.0	0.199	free_topic	Animal__kingdom
det> all	5.0	1.223	free_topic	Animal__kingdom
compound<case> as	5.0	0.296	free_topic	Animal__kingdom
obl>case> ...	5.0	0.344	free_topic	Animal__kingdom
obl< know	5.0	0.449	free_topic	Animal__kingdom
nsubj<det> a	5.0	0.402	free_topic	Animal__kingdom
nmod<conj>cc> and	5.0	0.162	free_topic	Animal__kingdom
obl< feed	5.0	0.426	free_topic	Animal__kingdom
compound<obl<aux:pass> be	5.0	0.29	free_topic	Animal__kingdom
nmod<case> as	5.0	0.894	free_topic	Animal__kingdom
obj<advcl>mark> to	5.0	0.502	free_topic	Animal__kingdom
obl<obj>compound> ...	4.0	0.248	free_topic	Animal__kingdom
obl<obj>nmod:poss> ...	4.0	0.597	free_topic	Animal__kingdom
obl<xcomp<nsubj> ...	4.0	0.477	free_topic	Animal__kingdom
nsubj<aux> would	4.0	0.592	free_topic	Animal__kingdom
obl<conj>appos> ...	4.0	0.285	free_topic	Animal__kingdom
nsubj<nmod>case> of	4.0	0.353	free_topic	Animal__kingdom
nmod<obl<acl< ...	4.0	0.211	free_topic	Animal__kingdom
nsubj<acl>obl> ...	4.0	0.41	free_topic	Animal__kingdom
obl<advmod> often	4.0	0.381	free_topic	Animal__kingdom
acl:relcl> find	4.0	0.482	free_topic	Animal__kingdom
conj< cat	4.0	0.53	free_topic	Animal__kingdom
obl<acl:relcl<det> ...	4.0	0.576	free_topic	Animal__kingdom
obj<obl>case> in	4.0	0.647	free_topic	Animal__kingdom
nmod<acl:relcl>nsubj> ...	4.0	0.152	free_topic	Animal__kingdom
nmod<acl:relcl> ...	4.0	0.604	free_topic	Animal__kingdom
conj<obl<cop> ...	4.0	0.412	free_topic	Animal__kingdom
advcl< ...	4.0	0.637	free_topic	Animal__kingdom
acl:relcl>obl>det> the	4.0	0.441	free_topic	Animal__kingdom
nmod:poss<obl<obl> ...	4.0	0.462	free_topic	Animal__kingdom
obl<obj>det> the	4.0	0.383	free_topic	Animal__kingdom
nsubj<ccomp<obl> ...	4.0	0.212	free_topic	Animal__kingdom
nmod<obl<advcl< ...	4.0	0.489	free_topic	Animal__kingdom
acl:relcl>obj>nmod> ...	4.0	0.507	free_topic	Animal__kingdom
nsubj<advcl>aux:pass> be	4.0	0.291	free_topic	Animal__kingdom
conj<obl<cop> be	4.0	0.412	free_topic	Animal__kingdom
nsubj<acl> ...	4.0	0.513	free_topic	Animal__kingdom
acl:relcl>xcomp>mark> ...	4.0	0.406	free_topic	Animal__kingdom
nsubj:pass<advcl>aux:pass> ...	4.0	0.25	free_topic	Animal__kingdom
nsubj:pass<aux> have	4.0	0.19	free_topic	Animal__kingdom
conj<conj>obj> ...	4.0	0.305	free_topic	Animal__kingdom
appos>nmod>case> ...	4.0	0.274	free_topic	Animal__kingdom
appos>nmod>amod> ...	4.0	0.325	free_topic	Animal__kingdom
nsubj<ccomp<obj> ...	4.0	0.295	free_topic	Animal__kingdom
appos>nmod> ...	4.0	0.384	free_topic	Animal__kingdom
compound< phyla	4.0	0.409	free_topic	Animal__kingdom
nmod>appos> ...	4.0	0.278	free_topic	Animal__kingdom
obl<acl<nmod> ...	4.0	0.358	free_topic	Animal__kingdom
obl<obl>nmod:poss> ...	4.0	0.493	free_topic	Animal__kingdom
nmod<det> some	4.0	0.565	free_topic	Animal__kingdom
obl<nsubj>nmod> ...	4.0	0.173	free_topic	Animal__kingdom
nsubj<obl>case> by	4.0	0.969	free_topic	Animal__kingdom
conj<case> in	4.0	0.428	free_topic	Animal__kingdom
conj<det> both	4.0	0.551	free_topic	Animal__kingdom
compound<nsubj<cop> ...	4.0	0.428	free_topic	Animal__kingdom
compound<obl<cop> be	4.0	0.547	free_topic	Animal__kingdom
nsubj:pass<advcl>aux:pass> be	4.0	0.25	free_topic	Animal__kingdom
nmod<nsubj>amod> ...	4.0	0.239	free_topic	Animal__kingdom
nsubj<ccomp<advcl< ...	4.0	0.45	free_topic	Animal__kingdom
acl:relcl>xcomp>mark> to	4.0	0.406	free_topic	Animal__kingdom
conj<obj<advcl< ...	4.0	0.226	free_topic	Animal__kingdom
nsubj< make	4.0	0.81	free_topic	Animal__kingdom
obj< include	4.0	0.333	free_topic	Animal__kingdom
compound<obl<advcl< ...	4.0	0.279	free_topic	Animal__kingdom
nmod>case> to	4.0	1.042	free_topic	Animal__kingdom
case> include	4.0	0.841	free_topic	Animal__kingdom
nsubj<obj>nmod:poss> they	4.0	0.279	free_topic	Animal__kingdom
obl<cc> and	4.0	0.463	free_topic	Animal__kingdom
conj<nmod>det> ...	4.0	0.237	free_topic	Animal__kingdom
obj<xcomp>advmod> ...	4.0	0.475	free_topic	Animal__kingdom
obl<obl>case> on	4.0	0.337	free_topic	Animal__kingdom
nmod<nsubj<cop> be	4.0	0.258	free_topic	Animal__kingdom
acl:relcl>advcl> ...	4.0	0.556	free_topic	Animal__kingdom
compound<nsubj> ...	4.0	0.447	free_topic	Animal__kingdom
nsubj<mark> when	4.0	0.456	free_topic	Animal__kingdom
obj<advcl<mark> ...	4.0	0.284	free_topic	Animal__kingdom
conj>cc> or	4.0	0.815	free_topic	Animal__kingdom
compound<conj<nmod< ...	4.0	0.532	free_topic	Animal__kingdom
nsubj<acl:relcl>obl> ...	4.0	0.508	free_topic	Animal__kingdom
obl<ccomp<nsubj> ...	4.0	0.356	free_topic	Animal__kingdom
obj<aux> have	4.0	0.351	free_topic	Animal__kingdom
obj<mark> that	4.0	0.438	free_topic	Animal__kingdom
acl>obl>det> a	4.0	0.443	free_topic	Animal__kingdom
nmod:poss>case> ...	4.0	0.329	free_topic	Animal__kingdom
compound<nmod>compound> ...	4.0	0.393	free_topic	Animal__kingdom
appos>det> ...	4.0	0.495	free_topic	Animal__kingdom
conj>aux> ...	4.0	0.585	free_topic	Animal__kingdom
conj<conj>cc> or	4.0	0.495	free_topic	Animal__kingdom
obl<conj<advcl> ...	4.0	0.421	free_topic	Animal__kingdom
appos>amod> ...	4.0	0.441	free_topic	Animal__kingdom
obj<acl<amod> ...	4.0	0.193	free_topic	Animal__kingdom
nsubj<advcl>nsubj:pass> ...	4.0	0.62	free_topic	Animal__kingdom
obl<conj>det> ...	4.0	0.555	free_topic	Animal__kingdom
nsubj:pass<conj>advmod> ...	4.0	0.337	free_topic	Animal__kingdom
conj<conj> fish	4.0	0.926	free_topic	Animal__kingdom
acl>obl>nmod:poss> ...	4.0	0.709	free_topic	Animal__kingdom
nmod<conj<nmod> ...	4.0	0.38	free_topic	Animal__kingdom
conj<obl>det> ...	4.0	0.486	free_topic	Animal__kingdom
conj<nsubj:pass> ...	4.0	0.304	free_topic	Animal__kingdom
conj<aux:pass> ...	4.0	0.708	free_topic	Animal__kingdom
compound<obl<obl> ...	4.0	0.394	free_topic	Animal__kingdom
compound<obl<cop> ...	4.0	0.547	free_topic	Animal__kingdom
acl>aux> have	4.0	0.731	free_topic	Animal__kingdom
acl:relcl>obj>nmod:poss> ...	4.0	0.689	free_topic	Animal__kingdom
obl<nsubj> which	4.0	0.782	free_topic	Animal__kingdom
compound<advmod> ...	4.0	0.497	free_topic	Animal__kingdom
obl<appos>amod> ...	4.0	0.292	free_topic	Animal__kingdom
obl<xcomp<aux> ...	4.0	0.409	free_topic	Animal__kingdom
compound<nsubj<cop> be	4.0	0.428	free_topic	Animal__kingdom
advcl>obj> ...	4.0	0.248	free_topic	Animal__kingdom
advcl>nsubj> ...	4.0	0.574	free_topic	Animal__kingdom
amod>advcl>mark> ...	4.0	0.269	free_topic	Animal__kingdom
conj<nmod>det> the	4.0	0.237	free_topic	Animal__kingdom
obj<ccomp< ...	4.0	0.291	free_topic	Animal__kingdom
acl>obl>case> by	4.0	0.335	free_topic	Animal__kingdom
compound<nmod>conj> ...	4.0	0.361	free_topic	Animal__kingdom
conj> fungi	4.0	1.099	free_topic	Animal__kingdom
obl<conj>det> the	4.0	0.534	free_topic	Animal__kingdom
conj<nmod>case> of	4.0	0.706	free_topic	Animal__kingdom
obl< prey	4.0	0.381	free_topic	Animal__kingdom
conj<nmod<amod> ...	4.0	0.31	free_topic	Animal__kingdom
nmod<case> with	4.0	0.863	free_topic	Animal__kingdom
nmod>nummod> ...	4.0	0.212	free_topic	Animal__kingdom
nmod:poss<case> of	4.0	0.592	free_topic	Animal__kingdom
nmod<nsubj<cop> ...	4.0	0.258	free_topic	Animal__kingdom
nmod<nsubj>nmod> ...	4.0	0.22	free_topic	Animal__kingdom
nsubj:pass<obl>conj> ...	4.0	0.288	free_topic	Animal__kingdom
nmod<advcl>advmod> ...	4.0	0.416	free_topic	Animal__kingdom
compound>amod> ...	4.0	0.31	free_topic	Animal__kingdom
obj<advcl<conj> ...	4.0	0.235	free_topic	Animal__kingdom
nsubj<xcomp>advcl> ...	4.0	0.335	free_topic	Animal__kingdom
conj<obj<cc> and	4.0	0.357	free_topic	Animal__kingdom
nsubj<mark> as	4.0	0.459	free_topic	Animal__kingdom
nsubj< tend	4.0	0.807	free_topic	Animal__kingdom
nmod<obj< have	4.0	0.748	free_topic	Animal__kingdom
nmod<obl<aux> can	4.0	0.258	free_topic	Animal__kingdom
nmod<nsubj:pass<obl> ...	4.0	0.415	free_topic	Animal__kingdom
compound< feed	4.0	0.441	free_topic	Animal__kingdom
nsubj:pass<advcl<conj> ...	4.0	0.523	free_topic	Animal__kingdom
nsubj:pass<conj>obj> ...	4.0	0.341	free_topic	Animal__kingdom
nmod<advcl> ...	4.0	0.271	free_topic	Animal__kingdom
nsubj:pass<advcl<advmod> ...	4.0	0.342	free_topic	Animal__kingdom
conj<aux:pass> be	4.0	0.708	free_topic	Animal__kingdom
obl<conj>obl> ...	4.0	0.352	free_topic	Animal__kingdom
conj<det> a	4.0	0.599	free_topic	Animal__kingdom
compound<nmod>det> the	4.0	0.339	free_topic	Animal__kingdom
conj<nsubj<advmod> ...	4.0	0.209	free_topic	Animal__kingdom
nsubj<obl>nmod:poss> ...	4.0	0.325	free_topic	Animal__kingdom
conj>det> a	4.0	0.61	free_topic	Animal__kingdom
nsubj<parataxis< ...	4.0	0.367	free_topic	Animal__kingdom
nmod<obj<acl< ...	4.0	0.62	free_topic	Animal__kingdom
obj<advcl>advmod> ...	4.0	0.393	free_topic	Animal__kingdom
compound<nsubj<conj> ...	4.0	0.589	free_topic	Animal__kingdom
nmod<nsubj<advmod> ...	4.0	0.184	free_topic	Animal__kingdom
conj>case> ...	4.0	0.647	free_topic	Animal__kingdom
acl:relcl>aux> have	4.0	0.459	free_topic	Animal__kingdom
nmod<amod> large	4.0	0.749	free_topic	Animal__kingdom
obj< burrow	4.0	0.597	free_topic	Animal__kingdom
nmod<conj<det> the	4.0	0.626	free_topic	Animal__kingdom
acl>aux> ...	4.0	0.731	free_topic	Animal__kingdom
compound<nsubj<obj> ...	4.0	0.31	free_topic	Animal__kingdom
appos<nmod> ...	4.0	0.361	free_topic	Animal__kingdom
obl> ...	4.0	0.363	free_topic	Animal__kingdom
nmod:poss>case> 's	4.0	0.329	free_topic	Animal__kingdom
appos<nmod>case> ...	4.0	0.427	free_topic	Animal__kingdom
acl:relcl>conj>cc> ...	4.0	0.381	free_topic	Animal__kingdom
nsubj>nmod> ...	4.0	0.347	free_topic	Animal__kingdom
nsubj<aux> do	4.0	0.682	free_topic	Animal__kingdom
acl:relcl>nsubj:pass> that	4.0	0.381	free_topic	Animal__kingdom
obl<advcl>obj> ...	4.0	0.528	free_topic	Animal__kingdom
compound<case> for	4.0	0.295	free_topic	Animal__kingdom
obj<obl>conj> ...	4.0	0.208	free_topic	Animal__kingdom
obl<acl:relcl<compound> ...	4.0	0.597	free_topic	Animal__kingdom
nmod>nmod:poss> ...	4.0	0.398	free_topic	Animal__kingdom
compound<acl>obl> ...	4.0	0.265	free_topic	Animal__kingdom
compound< species	4.0	0.553	free_topic	Animal__kingdom
nmod<nmod>conj> ...	4.0	0.414	free_topic	Animal__kingdom
nsubj>nmod>case> ...	4.0	0.477	free_topic	Animal__kingdom
nmod<obl<aux> may	4.0	0.346	free_topic	Animal__kingdom
nmod<case> from	4.0	0.916	free_topic	Animal__kingdom
appos>nmod>conj> ...	4.0	0.37	free_topic	Animal__kingdom
compound< genera	4.0	0.339	free_topic	Animal__kingdom
nmod<nmod<obl< ...	3.0	0.192	free_topic	Animal__kingdom
acl:relcl>nmod> ...	3.0	0.156	free_topic	Animal__kingdom
obl<nsubj> species	3.0	0.728	free_topic	Animal__kingdom
compound<obj<mark> to	3.0	0.356	free_topic	Animal__kingdom
nmod:poss<nsubj<obj> ...	3.0	0.465	free_topic	Animal__kingdom
conj>obl>det> ...	3.0	0.334	free_topic	Animal__kingdom
acl:relcl>nmod>case> ...	3.0	0.327	free_topic	Animal__kingdom
nsubj<conj<aux:pass> be	3.0	0.379	free_topic	Animal__kingdom
nmod<obl< live	3.0	0.404	free_topic	Animal__kingdom
compound<conj<compound> ...	3.0	0.295	free_topic	Animal__kingdom
nsubj:pass<advcl>conj> ...	3.0	0.462	free_topic	Animal__kingdom
nsubj:pass<obl>case> by	3.0	0.556	free_topic	Animal__kingdom
nsubj<conj> occur	3.0	0.381	free_topic	Animal__kingdom
nsubj<obl>case> at	3.0	0.828	free_topic	Animal__kingdom
obl<acl<obl< ...	3.0	0.529	free_topic	Animal__kingdom
appos<appos> ...	3.0	0.127	free_topic	Animal__kingdom
obl<acl:relcl<det> the	3.0	0.577	free_topic	Animal__kingdom
nsubj<conj>cc> or	3.0	0.656	free_topic	Animal__kingdom
obl<conj<aux> ...	3.0	0.377	free_topic	Animal__kingdom
conj<nmod<nsubj> ...	3.0	0.365	free_topic	Animal__kingdom
conj<nmod<cop> ...	3.0	0.672	free_topic	Animal__kingdom
advcl>advmod> ...	3.0	0.274	free_topic	Animal__kingdom
obl<acl:relcl<case> ...	3.0	0.302	free_topic	Animal__kingdom
nmod<nummod> ...	3.0	0.718	free_topic	Animal__kingdom
conj>nmod:poss> ...	3.0	0.358	free_topic	Animal__kingdom
nsubj<conj>det> the	3.0	0.426	free_topic	Animal__kingdom
obl<advcl>advmod> ...	3.0	0.993	free_topic	Animal__kingdom
nsubj<parataxis<nsubj> ...	3.0	0.22	free_topic	Animal__kingdom
nmod:poss<obl<cop> ...	3.0	0.219	free_topic	Animal__kingdom
conj<obj< eat	3.0	0.328	free_topic	Animal__kingdom
nmod<nsubj<nmod> ...	3.0	0.505	free_topic	Animal__kingdom
conj<obl< feed	3.0	0.454	free_topic	Animal__kingdom
conj<case> on	3.0	0.446	free_topic	Animal__kingdom
nsubj<conj>advcl> ...	3.0	0.269	free_topic	Animal__kingdom
nmod<appos>det> ...	3.0	0.697	free_topic	Animal__kingdom
acl:relcl>amod> ...	3.0	0.204	free_topic	Animal__kingdom
nsubj<obj>acl:relcl> ...	3.0	0.754	free_topic	Animal__kingdom
nsubj:pass<obl>nmod:poss> they	3.0	0.24	free_topic	Animal__kingdom
compound<nmod<cop> ...	3.0	0.236	free_topic	Animal__kingdom
conj>nmod>amod> ...	3.0	0.499	free_topic	Animal__kingdom
aux> ...	3.0	0.356	free_topic	Animal__kingdom
nsubj< live	3.0	0.821	free_topic	Animal__kingdom
obl<obl>conj> ...	3.0	0.341	free_topic	Animal__kingdom
compound<obj<acl< ...	3.0	0.317	free_topic	Animal__kingdom
advcl<nsubj> ...	3.0	0.653	free_topic	Animal__kingdom
nsubj<advcl>cop> ...	3.0	0.311	free_topic	Animal__kingdom
nsubj<conj>case> ...	3.0	0.459	free_topic	Animal__kingdom
obj< protect	3.0	0.452	free_topic	Animal__kingdom
nsubj> elephant	3.0	0.337	free_topic	Animal__kingdom
nmod<conj<obl> ...	3.0	0.158	free_topic	Animal__kingdom
nmod<conj<aux> ...	3.0	0.317	free_topic	Animal__kingdom
conj<conj> worm	3.0	0.928	free_topic	Animal__kingdom
appos>conj>cc> and	3.0	0.438	free_topic	Animal__kingdom
acl:relcl>obl>case> to	3.0	0.578	free_topic	Animal__kingdom
conj<amod> other	3.0	0.949	free_topic	Animal__kingdom
nmod> region	3.0	0.667	free_topic	Animal__kingdom
nmod<nsubj:pass<advmod> ...	3.0	0.495	free_topic	Animal__kingdom
compound<obl<nsubj:pass> ...	3.0	0.208	free_topic	Animal__kingdom
nmod<conj>amod> ...	3.0	0.208	free_topic	Animal__kingdom
conj<obl<advcl> ...	3.0	0.165	free_topic	Animal__kingdom
nmod<obl<advmod> not	3.0	0.265	free_topic	Animal__kingdom
nsubj:pass<advcl<amod> ...	3.0	0.369	free_topic	Animal__kingdom
nmod:poss<nsubj< ...	3.0	0.647	free_topic	Animal__kingdom
compound<nmod<nsubj> ...	3.0	0.337	free_topic	Animal__kingdom
nmod<obj< eat	3.0	0.745	free_topic	Animal__kingdom
nsubj< evolve	3.0	0.952	free_topic	Animal__kingdom
conj<obl<cc> and	3.0	0.349	free_topic	Animal__kingdom
nmod<nsubj<ccomp> ...	3.0	0.448	free_topic	Animal__kingdom
case>fixed> ...	3.0	0.448	free_topic	Animal__kingdom
nmod<conj<acl> ...	3.0	0.605	free_topic	Animal__kingdom
obl<advcl<obj> ...	3.0	0.403	free_topic	Animal__kingdom
nmod<advmod> also	3.0	0.316	free_topic	Animal__kingdom
compound<obl<acl< ...	3.0	0.287	free_topic	Animal__kingdom
nsubj<advcl>amod> ...	3.0	0.451	free_topic	Animal__kingdom
amod>advmod> very	3.0	0.215	free_topic	Animal__kingdom
parataxis>advmod> ...	3.0	0.395	free_topic	Animal__kingdom
amod>advmod> somewhat	3.0	0.246	free_topic	Animal__kingdom
parataxis>nsubj> ...	3.0	0.43	free_topic	Animal__kingdom
obl<obj>nmod:poss> they	3.0	0.758	free_topic	Animal__kingdom
compound<nsubj<nsubj> ...	3.0	0.181	free_topic	Animal__kingdom
nsubj<acl:relcl<nmod> ...	3.0	0.476	free_topic	Animal__kingdom
obl<aux> may	3.0	0.868	free_topic	Animal__kingdom
appos<nmod<nsubj> ...	3.0	0.277	free_topic	Animal__kingdom
appos<appos>det> ...	3.0	0.469	free_topic	Animal__kingdom
compound<conj>amod> ...	3.0	0.33	free_topic	Animal__kingdom
parataxis>obl>det> ...	3.0	0.544	free_topic	Animal__kingdom
advcl>obj>det> ...	3.0	0.279	free_topic	Animal__kingdom
conj<conj> mollusc	3.0	0.89	free_topic	Animal__kingdom
obl<nsubj:pass>nmod> ...	3.0	0.432	free_topic	Animal__kingdom
conj<conj> crustacean	3.0	0.909	free_topic	Animal__kingdom
obj<nsubj>det> this	3.0	0.41	free_topic	Animal__kingdom
nummod>conj> ...	3.0	0.257	free_topic	Animal__kingdom
conj<case> for	3.0	0.362	free_topic	Animal__kingdom
obj<advcl<obj> ...	3.0	0.428	free_topic	Animal__kingdom
nsubj<appos>conj> ...	3.0	0.256	free_topic	Animal__kingdom
compound<conj>det> ...	3.0	0.241	free_topic	Animal__kingdom
advcl>obj>nmod> ...	3.0	0.273	free_topic	Animal__kingdom
conj< bird	3.0	0.53	free_topic	Animal__kingdom
nsubj<parataxis>nsubj> ...	3.0	0.4	free_topic	Animal__kingdom
conj<obj< include	3.0	0.341	free_topic	Animal__kingdom
nsubj<parataxis>cop> ...	3.0	0.483	free_topic	Animal__kingdom
obj< find	3.0	0.449	free_topic	Animal__kingdom
nsubj:pass<xcomp>obj> ...	3.0	0.222	free_topic	Animal__kingdom
nsubj<advcl<conj> ...	3.0	0.208	free_topic	Animal__kingdom
conj<nmod>case> with	3.0	0.639	free_topic	Animal__kingdom
nsubj<advcl<cop> be	3.0	0.522	free_topic	Animal__kingdom
conj<obl>case> in	3.0	0.655	free_topic	Animal__kingdom
nmod>compound> North	3.0	0.397	free_topic	Animal__kingdom
conj>cc> but	3.0	0.878	free_topic	Animal__kingdom
obj<mark> of	3.0	0.511	free_topic	Animal__kingdom
nsubj<acl:relcl> ...	3.0	0.752	free_topic	Animal__kingdom
acl:relcl>obj>det> the	3.0	0.188	free_topic	Animal__kingdom
obj<advcl< capable	3.0	0.288	free_topic	Animal__kingdom
conj>obl>det> the	3.0	0.338	free_topic	Animal__kingdom
obl<conj>amod> ...	3.0	0.449	free_topic	Animal__kingdom
obl<conj>nmod> ...	3.0	0.53	free_topic	Animal__kingdom
nsubj> it	3.0	0.357	free_topic	Animal__kingdom
obj< attack	3.0	0.622	free_topic	Animal__kingdom
conj<appos< ...	3.0	0.297	free_topic	Animal__kingdom
nsubj<advcl>conj> ...	3.0	0.237	free_topic	Animal__kingdom
conj>nmod:poss> they	3.0	0.358	free_topic	Animal__kingdom
compound<nmod<cop> be	3.0	0.236	free_topic	Animal__kingdom
nmod<amod>advmod> most	3.0	0.331	free_topic	Animal__kingdom
obj<mark> by	3.0	0.607	free_topic	Animal__kingdom
compound<nmod:poss> ...	3.0	0.36	free_topic	Animal__kingdom
nsubj:pass<appos> ...	3.0	0.382	free_topic	Animal__kingdom
nummod>conj>cc> ...	3.0	0.374	free_topic	Animal__kingdom
obl<advcl<advmod> ...	3.0	0.378	free_topic	Animal__kingdom
nsubj<conj>compound> ...	3.0	0.402	free_topic	Animal__kingdom
nmod:poss<nmod<conj< ...	3.0	0.354	free_topic	Animal__kingdom
appos<nmod< ...	3.0	0.626	free_topic	Animal__kingdom
nsubj<conj<aux:pass> ...	3.0	0.379	free_topic	Animal__kingdom
nsubj<conj<nsubj:pass> ...	3.0	0.503	free_topic	Animal__kingdom
nmod<case> through	3.0	0.866	free_topic	Animal__kingdom
nsubj<ccomp<cc> ...	3.0	0.402	free_topic	Animal__kingdom
nsubj<conj>cc> but	3.0	0.653	free_topic	Animal__kingdom
obl<nsubj:pass> which	3.0	0.797	free_topic	Animal__kingdom
obj<conj>nsubj> ...	3.0	0.451	free_topic	Animal__kingdom
acl:relcl>obj>compound> ...	3.0	0.196	free_topic	Animal__kingdom
nsubj<mark> so	3.0	0.478	free_topic	Animal__kingdom
obl<nmod> ...	3.0	0.266	free_topic	Animal__kingdom
nmod> species	3.0	0.668	free_topic	Animal__kingdom
nmod:poss<nmod<cc> ...	3.0	0.42	free_topic	Animal__kingdom
nsubj< include	3.0	0.886	free_topic	Animal__kingdom
conj<appos>compound> ...	3.0	0.236	free_topic	Animal__kingdom
nmod<obl<aux> have	3.0	0.505	free_topic	Animal__kingdom
obl<xcomp<advmod> ...	3.0	0.402	free_topic	Animal__kingdom
obl<xcomp>obj> ...	3.0	0.161	free_topic	Animal__kingdom
compound<nsubj:pass<aux:pass> be	3.0	0.271	free_topic	Animal__kingdom
nmod<amod> small	3.0	0.733	free_topic	Animal__kingdom
obl<nsubj:pass>compound> ...	3.0	0.434	free_topic	Animal__kingdom
appos<nmod<cop> ...	3.0	0.383	free_topic	Animal__kingdom
nmod> America	3.0	0.617	free_topic	Animal__kingdom
xcomp<aux:pass> be	3.0	0.522	free_topic	Animal__kingdom
nsubj<conj>conj> ...	3.0	0.372	free_topic	Animal__kingdom
nmod:poss<nmod<cop> ...	3.0	0.311	free_topic	Animal__kingdom
obj<acl<compound> ...	3.0	0.219	free_topic	Animal__kingdom
obj<mark> on	3.0	0.599	free_topic	Animal__kingdom
compound<det> some	3.0	0.646	free_topic	Animal__kingdom
conj<nmod<cop> be	3.0	0.672	free_topic	Animal__kingdom
nsubj<parataxis>cop> be	3.0	0.483	free_topic	Animal__kingdom
nsubj<obl>case> from	3.0	1.051	free_topic	Animal__kingdom
nsubj:pass<obl>nmod:poss> ...	3.0	0.24	free_topic	Animal__kingdom
nmod:poss<case> during	3.0	0.496	free_topic	Animal__kingdom
nsubj:pass<xcomp>obl> ...	3.0	0.311	free_topic	Animal__kingdom
nsubj<conj>aux> have	3.0	0.72	free_topic	Animal__kingdom
acl>obj>nmod:poss> ...	3.0	0.548	free_topic	Animal__kingdom
nmod:poss< life	3.0	0.384	free_topic	Animal__kingdom
conj<conj>nmod> ...	3.0	0.213	free_topic	Animal__kingdom
conj<obj<aux> ...	3.0	0.58	free_topic	Animal__kingdom
conj<obj<obl> ...	3.0	0.352	free_topic	Animal__kingdom
obj<obl>nmod> ...	3.0	0.147	free_topic	Animal__kingdom
nmod<compound> food	3.0	0.334	free_topic	Animal__kingdom
conj<nummod> ...	3.0	0.294	free_topic	Animal__kingdom
nmod<obj<advmod> ...	3.0	0.268	free_topic	Animal__kingdom
obl<conj<advmod> ...	3.0	0.503	free_topic	Animal__kingdom
obl<aux> do	3.0	0.705	free_topic	Animal__kingdom
nmod>det> this	3.0	0.755	free_topic	Animal__kingdom
nsubj<expl> there	3.0	0.402	free_topic	Animal__kingdom
compound<cop> ...	3.0	0.285	free_topic	Animal__kingdom
conj<conj>advmod> also	3.0	0.59	free_topic	Animal__kingdom
nmod>acl>obl> ...	3.0	0.484	free_topic	Animal__kingdom
nsubj<ccomp< suggest	3.0	0.747	free_topic	Animal__kingdom
nmod:poss<obj<nsubj> ...	3.0	0.596	free_topic	Animal__kingdom
nmod<acl:relcl>nsubj> that	3.0	0.169	free_topic	Animal__kingdom
nsubj<advcl<nmod> ...	3.0	0.532	free_topic	Animal__kingdom
nmod:poss<obj<acl:relcl< ...	3.0	0.329	free_topic	Animal__kingdom
nsubj<advcl<cop> ...	3.0	0.522	free_topic	Animal__kingdom
nsubj<conj>xcomp> ...	3.0	0.337	free_topic	Animal__kingdom
obj<conj>obj> ...	3.0	0.401	free_topic	Animal__kingdom
nsubj<advcl<aux:pass> ...	3.0	0.591	free_topic	Animal__kingdom
conj<aux> ...	3.0	0.274	free_topic	Animal__kingdom
nsubj<advcl<aux> ...	3.0	0.289	free_topic	Animal__kingdom
compound> Alvinella	3.0	0.438	free_topic	Animal__kingdom
nmod:poss< body	3.0	0.471	free_topic	Animal__kingdom
acl>obl>nmod:poss> they	3.0	0.742	free_topic	Animal__kingdom
conj>obl>amod> ...	3.0	0.273	free_topic	Animal__kingdom
nsubj<advcl<nsubj:pass> ...	3.0	0.481	free_topic	Animal__kingdom
compound<compound> marine	3.0	0.322	free_topic	Animal__kingdom
obl>case> with	3.0	0.392	free_topic	Animal__kingdom
conj<nsubj>det> ...	3.0	0.334	free_topic	Animal__kingdom
nmod> kilometer	3.0	0.697	free_topic	Animal__kingdom
nsubj:pass<appos>conj> ...	3.0	0.242	free_topic	Animal__kingdom
obj<aux> do	3.0	0.345	free_topic	Animal__kingdom
nsubj<obj>nummod> ...	3.0	0.298	free_topic	Animal__kingdom
nmod:poss<case> to	3.0	0.471	free_topic	Animal__kingdom
obl<obj>det> a	3.0	0.324	free_topic	Animal__kingdom
nmod<nmod:poss> he	3.0	0.391	free_topic	Animal__kingdom
obl<mark> that	3.0	0.705	free_topic	Animal__kingdom
conj<obl<cc> ...	3.0	0.349	free_topic	Animal__kingdom
compound<appos<compound> ...	3.0	0.322	free_topic	Animal__kingdom
obl<nsubj:pass> they	3.0	0.734	free_topic	Animal__kingdom
conj<obl<obj> ...	3.0	0.271	free_topic	Animal__kingdom
conj<case>fixed> ...	3.0	0.686	free_topic	Animal__kingdom
obl<advcl>mark> as	3.0	0.706	free_topic	Animal__kingdom
advcl>mark> although	3.0	0.482	free_topic	Animal__kingdom
obl<nsubj> they	3.0	0.76	free_topic	Animal__kingdom
compound<nmod<advmod> ...	3.0	0.311	free_topic	Animal__kingdom
nmod<det> this	3.0	0.601	free_topic	Animal__kingdom
acl:relcl>advmod>advmod> ...	3.0	0.459	free_topic	Animal__kingdom
obj<xcomp>conj> ...	3.0	0.564	free_topic	Animal__kingdom
conj<det> all	3.0	0.618	free_topic	Animal__kingdom
acl:relcl>advcl>mark> ...	3.0	0.573	free_topic	Animal__kingdom
advmod> ever	3.0	0.465	free_topic	Animal__kingdom
acl:relcl>conj>cc> or	3.0	0.362	free_topic	Animal__kingdom
obl<obl>nmod> ...	3.0	0.483	free_topic	Animal__kingdom
compound< flesh	3.0	0.515	free_topic	Animal__kingdom
nsubj<conj<obj> ...	3.0	0.53	free_topic	Animal__kingdom
nsubj<conj<nsubj> ...	3.0	0.529	free_topic	Animal__kingdom
obj<advcl>ccomp> ...	3.0	0.348	free_topic	Animal__kingdom
conj<obl<aux:pass> be	3.0	0.228	free_topic	Animal__kingdom
conj<obl< use	3.0	0.611	free_topic	Animal__kingdom
conj<obl<aux:pass> ...	3.0	0.228	free_topic	Animal__kingdom
nmod<nmod<appos> ...	3.0	0.322	free_topic	Animal__kingdom
nmod> size	3.0	0.606	free_topic	Animal__kingdom
obj<nsubj> group	3.0	0.314	free_topic	Animal__kingdom
conj<obl<conj> ...	3.0	0.304	free_topic	Animal__kingdom
xcomp<aux:pass> ...	3.0	0.522	free_topic	Animal__kingdom
xcomp<nsubj:pass> ...	3.0	0.504	free_topic	Animal__kingdom
amod>advcl>obj> ...	3.0	0.323	free_topic	Animal__kingdom
conj<obl>det> the	3.0	0.472	free_topic	Animal__kingdom
nmod:poss<obl<cop> be	3.0	0.219	free_topic	Animal__kingdom
conj<obl>case> by	3.0	0.697	free_topic	Animal__kingdom
compound<obl<obj> ...	3.0	0.372	free_topic	Animal__kingdom
obj<advcl<ccomp< ...	3.0	0.44	free_topic	Animal__kingdom
compound<det> these	3.0	0.547	free_topic	Animal__kingdom
amod>advcl> ...	3.0	0.465	free_topic	Animal__kingdom
conj<obl<aux> ...	3.0	0.401	free_topic	Animal__kingdom
nmod< number	3.0	0.485	free_topic	Animal__kingdom
acl>advcl>obl> ...	3.0	0.52	free_topic	Animal__kingdom
amod>obl>amod> ...	3.0	0.595	free_topic	Animal__kingdom
compound<compound>compound> fossil	3.0	0.655	free_topic	Animal__kingdom
nmod<obl>case> in	3.0	0.434	free_topic	Animal__kingdom
compound<nmod< compendium	3.0	0.271	free_topic	Animal__kingdom
nsubj:pass<obl>case> on	3.0	0.548	free_topic	Animal__kingdom
obl<nsubj>det> a	3.0	0.576	free_topic	Animal__kingdom
nsubj<mark> although	3.0	0.5	free_topic	Animal__kingdom
amod>cop> be	3.0	0.321	free_topic	Animal__kingdom
obl<parataxis>nsubj> ...	3.0	0.238	free_topic	Animal__kingdom
nmod<conj<det> a	3.0	0.676	free_topic	Animal__kingdom
acl:relcl> have	3.0	0.465	free_topic	Animal__kingdom
nmod<amod> active	3.0	0.682	free_topic	Animal__kingdom
nsubj<xcomp>advmod> ...	3.0	0.458	free_topic	Animal__kingdom
nsubj<acl<det> ...	3.0	0.239	free_topic	Animal__kingdom
nmod<appos< ...	3.0	0.334	free_topic	Animal__kingdom
compound<nmod>case> on	3.0	0.824	free_topic	Animal__kingdom
acl>obl>nmod> ...	3.0	0.165	free_topic	Animal__kingdom
nsubj<acl<obj< ...	3.0	0.225	free_topic	Animal__kingdom
conj<obl<nsubj:pass> ...	3.0	0.172	free_topic	Animal__kingdom
acl>advcl> ...	3.0	0.488	free_topic	Animal__kingdom
compound<conj>cc> or	3.0	0.223	free_topic	Animal__kingdom
nmod>amod> square	3.0	0.551	free_topic	Animal__kingdom
nsubj<advmod> how	3.0	0.988	free_topic	Animal__kingdom
compound<appos<case> ...	3.0	0.282	free_topic	Animal__kingdom
obl<parataxis>obl> ...	3.0	0.61	free_topic	Animal__kingdom
conj<conj>aux> ...	3.0	0.339	free_topic	Animal__kingdom
nmod:poss<nmod<case> ...	3.0	0.245	free_topic	Animal__kingdom
conj>obl>nmod> ...	3.0	0.229	free_topic	Animal__kingdom
conj>advcl>mark> ...	3.0	0.493	free_topic	Animal__kingdom
nmod<obj<xcomp< ...	3.0	0.434	free_topic	Animal__kingdom
nsubj<conj>amod> ...	3.0	0.474	free_topic	Animal__kingdom
conj<nsubj>det> the	3.0	0.334	free_topic	Animal__kingdom
conj>advcl> ...	3.0	0.189	free_topic	Animal__kingdom
compound<conj<obl< ...	3.0	0.259	free_topic	Animal__kingdom
nsubj<conj<advmod> ...	3.0	0.544	free_topic	Animal__kingdom
nmod>acl:relcl> ...	3.0	0.361	free_topic	Animal__kingdom
nmod<obl<advmod> also	3.0	0.296	free_topic	Animal__kingdom
nmod<acl>obl> ...	3.0	0.275	free_topic	Animal__kingdom
nmod<nmod>case> from	3.0	0.511	free_topic	Animal__kingdom
compound<cop> be	3.0	0.285	free_topic	Animal__kingdom
compound<nsubj:pass< ...	3.0	0.314	free_topic	Animal__kingdom
conj>det> the	3.0	0.599	free_topic	Animal__kingdom
nummod> five	3.0	0.65	free_topic	Animal__kingdom
nsubj<acl:relcl<case> ...	3.0	0.162	free_topic	Animal__kingdom
conj<conj>obl> ...	3.0	0.481	free_topic	Animal__kingdom
obl<appos>compound> ...	3.0	0.253	free_topic	Animal__kingdom
nmod<nsubj>conj> ...	3.0	0.593	free_topic	Animal__kingdom
nmod<conj>compound> ...	3.0	0.507	free_topic	Animal__kingdom
nsubj<det> the	3.0	0.4	free_topic	Animal__kingdom
nsubj<advcl<xcomp> ...	3.0	0.233	free_topic	Animal__kingdom
det> both	3.0	1.307	free_topic	Animal__kingdom
nmod<conj<obl< ...	3.0	0.405	free_topic	Animal__kingdom
obl<advcl>nsubj> ...	3.0	0.418	free_topic	Animal__kingdom
obj<acl:relcl< ...	3.0	0.567	free_topic	Animal__kingdom
nmod<obl> ...	3.0	0.53	free_topic	Animal__kingdom
obl<acl<det> a	3.0	0.601	free_topic	Animal__kingdom
nmod<obl>case> ...	3.0	0.471	free_topic	Animal__kingdom
appos<nmod<cop> be	3.0	0.383	free_topic	Animal__kingdom
nmod<nmod>nmod> ...	3.0	0.326	free_topic	Animal__kingdom
acl:relcl>xcomp>obj> ...	3.0	0.487	free_topic	Animal__kingdom
ccomp<nsubj> ...	3.0	0.295	free_topic	Animal__kingdom
ccomp< ...	3.0	0.282	free_topic	Animal__kingdom
acl:relcl>obl>compound> ...	3.0	0.255	free_topic	Animal__kingdom
nsubj<advcl>mark> while	3.0	0.888	free_topic	Animal__kingdom
compound<nsubj:pass<obl> ...	3.0	0.183	free_topic	Animal__kingdom
nsubj<advmod> where	3.0	0.803	free_topic	Animal__kingdom
appos>conj>cc> ...	3.0	0.405	free_topic	Animal__kingdom
nmod<nmod:poss> they	3.0	0.326	free_topic	Animal__kingdom
nsubj>amod> african	3.0	0.357	free_topic	Animal__kingdom
obl<parataxis< ...	3.0	0.366	free_topic	Animal__kingdom
compound<compound<conj< ...	3.0	0.181	free_topic	Animal__kingdom
det> each	3.0	1.301	free_topic	Animal__kingdom
obl<xcomp>mark> ...	3.0	0.191	free_topic	Animal__kingdom
nsubj<advcl>cop> be	3.0	0.311	free_topic	Animal__kingdom
nsubj:pass<advcl>nsubj:pass> ...	3.0	0.344	free_topic	Animal__kingdom
obl<xcomp>mark> to	3.0	0.191	free_topic	Animal__kingdom
amod>cop> ...	3.0	0.321	free_topic	Animal__kingdom
amod>obl>case> to	3.0	0.579	free_topic	Animal__kingdom
nsubj:pass<advcl<nsubj> ...	3.0	0.509	free_topic	Animal__kingdom
obj<advmod> also	3.0	0.792	free_topic	Animal__kingdom
conj<nmod>nmod> ...	3.0	0.326	free_topic	Animal__kingdom
nmod:poss<nmod<cc> and	3.0	0.42	free_topic	Animal__kingdom
nmod<nmod<nsubj:pass< ...	3.0	0.616	free_topic	Animal__kingdom
nmod:poss<nmod<cop> be	3.0	0.311	free_topic	Animal__kingdom
nmod<obl<nsubj:pass> it	3.0	0.554	free_topic	Animal__kingdom
nsubj<obl>advmod> ...	3.0	0.328	free_topic	Animal__kingdom
conj<obl<conj< ...	3.0	0.522	free_topic	Animal__kingdom
nsubj<acl< mystery	3.0	0.518	free_topic	Animal__kingdom
conj<nmod>amod> ...	3.0	0.393	free_topic	Animal__kingdom
nsubj<advmod> why	3.0	1.023	free_topic	Animal__kingdom
compound<nsubj:pass<aux:pass> ...	3.0	0.271	free_topic	Animal__kingdom
nsubj<conj<nmod> ...	3.0	0.429	free_topic	Animal__kingdom
nsubj<expl> ...	3.0	0.402	free_topic	Animal__kingdom
nsubj<obj>nmod:poss> its	3.0	0.252	free_topic	Animal__kingdom
acl:relcl>obj>conj> ...	3.0	0.559	free_topic	Animal__kingdom
obj<conj>obl> ...	3.0	0.415	free_topic	Animal__kingdom
nsubj:pass<obl>case> to	3.0	0.644	free_topic	Animal__kingdom
obj<conj>aux> ...	3.0	0.393	free_topic	Animal__kingdom
acl:relcl>xcomp>obl> ...	3.0	0.353	free_topic	Animal__kingdom
compound<obl<mark> ...	3.0	0.664	free_topic	Animal__kingdom
conj> anemone	3.0	1.09	free_topic	Animal__kingdom
acl:relcl>nsubj:pass> which	3.0	0.474	free_topic	Animal__kingdom
conj>compound> sea	3.0	0.392	free_topic	Animal__kingdom
nmod<amod> wide	3.0	0.762	free_topic	Animal__kingdom
nmod>conj>cc> or	3.0	0.246	free_topic	Animal__kingdom
obl<parataxis>advmod> ...	3.0	0.36	free_topic	Animal__kingdom
conj<obl<advcl< ...	3.0	0.544	free_topic	Animal__kingdom
nmod<appos>amod> ...	3.0	0.316	free_topic	Animal__kingdom
obl<xcomp< appear	2.0	0.772	free_topic	Animal__kingdom
conj<det> each	2.0	0.602	free_topic	Animal__kingdom
obl<acl:relcl<obl< follow	2.0	0.569	free_topic	Animal__kingdom
nummod> two	2.0	0.636	free_topic	Animal__kingdom
obl<acl:relcl<case> by	2.0	0.323	free_topic	Animal__kingdom
nsubj<acl:relcl<nummod> ...	2.0	0.476	free_topic	Animal__kingdom
obl<acl:relcl<nummod> ...	2.0	0.282	free_topic	Animal__kingdom
parataxis>nsubj>amod> ...	2.0	0.218	free_topic	Animal__kingdom
nsubj<advcl< have	2.0	0.272	free_topic	Animal__kingdom
appos< word	2.0	0.406	free_topic	Animal__kingdom
nmod:poss<obj<aux> ...	2.0	0.411	free_topic	Animal__kingdom
obl<compound:prt> ...	2.0	0.332	free_topic	Animal__kingdom
appos<case> in	2.0	0.826	free_topic	Animal__kingdom
obl<acl:relcl<obl< ...	2.0	0.303	free_topic	Animal__kingdom
obj<conj<obj> ...	2.0	0.473	free_topic	Animal__kingdom
nsubj<ccomp<acl:relcl< ...	2.0	0.52	free_topic	Animal__kingdom
nsubj<case> ...	2.0	0.357	free_topic	Animal__kingdom
compound<nmod> day	2.0	0.26	free_topic	Animal__kingdom
nmod:poss<nmod<obj< ...	2.0	0.25	free_topic	Animal__kingdom
flat< ...	2.0	0.289	free_topic	Animal__kingdom
nsubj:pass<conj>obl> ...	2.0	0.259	free_topic	Animal__kingdom
nsubj<conj>aux:pass> ...	2.0	0.67	free_topic	Animal__kingdom
obj<nsubj>conj> ...	2.0	0.278	free_topic	Animal__kingdom
nsubj>advmod> ...	2.0	0.227	free_topic	Animal__kingdom
nsubj<obj>det:predet> ...	2.0	0.442	free_topic	Animal__kingdom
conj<nsubj<cop> be	2.0	0.33	free_topic	Animal__kingdom
nmod:poss<case> on	2.0	0.459	free_topic	Animal__kingdom
obl<det> ...	2.0	0.79	free_topic	Animal__kingdom
appos<nmod>case> in	2.0	0.446	free_topic	Animal__kingdom
nmod<appos>det> the	2.0	0.64	free_topic	Animal__kingdom
obl<parataxis>obj> ...	2.0	0.248	free_topic	Animal__kingdom
obl<conj<amod> ...	2.0	0.42	free_topic	Animal__kingdom
conj<obj>compound> ...	2.0	0.702	free_topic	Animal__kingdom
conj<nsubj>compound> ...	2.0	0.627	free_topic	Animal__kingdom
amod>compound> ...	2.0	0.438	free_topic	Animal__kingdom
acl:relcl>nmod>conj> ...	2.0	0.19	free_topic	Animal__kingdom
nmod>acl:relcl>obj> ...	2.0	0.411	free_topic	Animal__kingdom
nmod<nsubj< include	2.0	0.73	free_topic	Animal__kingdom
obl<advcl>advcl> ...	2.0	0.341	free_topic	Animal__kingdom
obj<acl:relcl<det> ...	2.0	0.372	free_topic	Animal__kingdom
obl<advcl>cop> ...	2.0	0.452	free_topic	Animal__kingdom
case>fixed> as	2.0	0.408	free_topic	Animal__kingdom
obl<acl:relcl<nummod> four	2.0	0.282	free_topic	Animal__kingdom
nmod<conj<nsubj:pass< ...	2.0	0.205	free_topic	Animal__kingdom
nsubj<conj>obl> latitudes	2.0	0.365	free_topic	Animal__kingdom
obl<xcomp>obl> ...	2.0	0.258	free_topic	Animal__kingdom
case> such	2.0	0.927	free_topic	Animal__kingdom
nsubj<advcl> find	2.0	0.634	free_topic	Animal__kingdom
nmod:poss<nsubj:pass<obl> ...	2.0	0.328	free_topic	Animal__kingdom
appos<flat> antarctica	2.0	0.361	free_topic	Animal__kingdom
obj<nsubj> that	2.0	0.369	free_topic	Animal__kingdom
appos< Belgica	2.0	0.235	free_topic	Animal__kingdom
compound<conj>compound> ...	2.0	0.301	free_topic	Animal__kingdom
nmod<obl<acl:relcl< ...	2.0	0.319	free_topic	Animal__kingdom
advcl>nsubj>det> ...	2.0	0.275	free_topic	Animal__kingdom
nsubj< move	2.0	0.821	free_topic	Animal__kingdom
obl<amod> ...	2.0	0.255	free_topic	Animal__kingdom
obl<case> ...	2.0	0.322	free_topic	Animal__kingdom
nsubj<ccomp<advmod> ...	2.0	0.46	free_topic	Animal__kingdom
conj>obl> group	2.0	0.344	free_topic	Animal__kingdom
nsubj<ccomp<aux> ...	2.0	0.251	free_topic	Animal__kingdom
conj<obj> ...	2.0	0.238	free_topic	Animal__kingdom
advmod> however	2.0	0.45	free_topic	Animal__kingdom
nummod> 10	2.0	0.485	free_topic	Animal__kingdom
nmod<obj< form	2.0	0.765	free_topic	Animal__kingdom
appos<aux:pass> ...	2.0	0.51	free_topic	Animal__kingdom
nmod:poss<nsubj:pass<aux:pass> ...	2.0	0.358	free_topic	Animal__kingdom
appos<nsubj:pass> ...	2.0	0.234	free_topic	Animal__kingdom
appos<nsubj:pass>det> ...	2.0	0.332	free_topic	Animal__kingdom
compound<acl:relcl> ...	2.0	0.413	free_topic	Animal__kingdom
compound<acl:relcl>nsubj> ...	2.0	0.326	free_topic	Animal__kingdom
nmod:poss<nsubj:pass< ...	2.0	0.324	free_topic	Animal__kingdom
obj<xcomp<mark> ...	2.0	0.245	free_topic	Animal__kingdom
nmod>amod> other	2.0	0.566	free_topic	Animal__kingdom
conj<nmod<nmod< number	2.0	0.396	free_topic	Animal__kingdom
nmod:poss<obj>nmod> ...	2.0	0.276	free_topic	Animal__kingdom
obj<ccomp<nsubj> ...	2.0	0.303	free_topic	Animal__kingdom
obl<conj<det> a	2.0	0.467	free_topic	Animal__kingdom
acl:relcl>obl> area	2.0	0.352	free_topic	Animal__kingdom
nsubj<obl>nmod:poss> its	2.0	0.395	free_topic	Animal__kingdom
nsubj> estimate	2.0	0.336	free_topic	Animal__kingdom
nsubj>nmod>case> of	2.0	0.563	free_topic	Animal__kingdom
nsubj>nmod>det> the	2.0	0.167	free_topic	Animal__kingdom
conj<parataxis>conj> ...	2.0	0.424	free_topic	Animal__kingdom
compound<nmod<cc> and	2.0	0.467	free_topic	Animal__kingdom
nummod>conj>cc> and	2.0	0.34	free_topic	Animal__kingdom
nmod<amod> largest	2.0	0.655	free_topic	Animal__kingdom
appos<flat> ...	2.0	0.22	free_topic	Animal__kingdom
nsubj<parataxis>obl> ...	2.0	0.553	free_topic	Animal__kingdom
appos<nsubj< ...	2.0	0.401	free_topic	Animal__kingdom
obj<acl<conj> ...	2.0	0.238	free_topic	Animal__kingdom
obj<xcomp< able	2.0	0.52	free_topic	Animal__kingdom
conj>obj> ...	2.0	0.258	free_topic	Animal__kingdom
nmod:poss<nsubj:pass<aux:pass> be	2.0	0.358	free_topic	Animal__kingdom
compound<conj<nmod> ...	2.0	0.216	free_topic	Animal__kingdom
acl>obj>nmod:poss> they	2.0	0.516	free_topic	Animal__kingdom
nmod<nsubj:pass<aux> ...	2.0	0.383	free_topic	Animal__kingdom
obj<conj>mark> ...	2.0	0.335	free_topic	Animal__kingdom
obj<advcl<amod< ...	2.0	0.346	free_topic	Animal__kingdom
nmod<nsubj<xcomp> ...	2.0	0.409	free_topic	Animal__kingdom
conj<nmod< species	2.0	0.329	free_topic	Animal__kingdom
conj< coral	2.0	0.566	free_topic	Animal__kingdom
conj<conj>compound> sea	2.0	0.435	free_topic	Animal__kingdom
obj<advcl>conj> ...	2.0	0.504	free_topic	Animal__kingdom
nmod<amod> other	2.0	0.718	free_topic	Animal__kingdom
compound<nmod< diversity	2.0	0.206	free_topic	Animal__kingdom
nsubj<acl:relcl<nmod< ...	2.0	0.487	free_topic	Animal__kingdom
nmod<acl:relcl>obl> ...	2.0	0.201	free_topic	Animal__kingdom
nsubj<obl>nmod:poss> they	2.0	0.432	free_topic	Animal__kingdom
nmod> fish	2.0	0.698	free_topic	Animal__kingdom
nmod<obj< catch	2.0	0.544	free_topic	Animal__kingdom
nmod<conj>cc> or	2.0	0.278	free_topic	Animal__kingdom
nsubj<conj>aux> may	2.0	0.754	free_topic	Animal__kingdom
obl<acl:relcl<conj< ...	2.0	0.444	free_topic	Animal__kingdom
acl:relcl>conj>advmod> ...	2.0	0.581	free_topic	Animal__kingdom
obl<nsubj:pass>advmod> ...	2.0	0.611	free_topic	Animal__kingdom
compound<amod> small	2.0	0.501	free_topic	Animal__kingdom
nmod:poss<obl<aux> ...	2.0	0.322	free_topic	Animal__kingdom
parataxis>obl>nmod> ...	2.0	0.458	free_topic	Animal__kingdom
acl:relcl> live	2.0	0.516	free_topic	Animal__kingdom
compound<det> all	2.0	0.693	free_topic	Animal__kingdom
nmod>compound>compound> ...	2.0	0.237	free_topic	Animal__kingdom
compound<obl< use	2.0	0.829	free_topic	Animal__kingdom
nmod>nmod:poss> its	2.0	0.411	free_topic	Animal__kingdom
obl<parataxis<obj> turbine	2.0	0.585	free_topic	Animal__kingdom
nmod:poss<obl< fuse	2.0	0.632	free_topic	Animal__kingdom
nmod:poss<obl<nsubj> that	2.0	0.6	free_topic	Animal__kingdom
nsubj:pass< find	2.0	0.276	free_topic	Animal__kingdom
obj<aux:pass> be	2.0	0.62	free_topic	Animal__kingdom
compound<conj<case> of	2.0	0.49	free_topic	Animal__kingdom
nsubj<obj> tentacle	2.0	0.539	free_topic	Animal__kingdom
compound<case> to	2.0	0.305	free_topic	Animal__kingdom
conj<nmod<case> in	2.0	0.324	free_topic	Animal__kingdom
compound<nmod>case> for	2.0	0.915	free_topic	Animal__kingdom
amod>obl>case> as	2.0	0.532	free_topic	Animal__kingdom
acl:relcl>obl>case> with	2.0	0.741	free_topic	Animal__kingdom
obl<advcl>mark> to	2.0	0.63	free_topic	Animal__kingdom
nmod:poss<nmod<det> the	2.0	0.339	free_topic	Animal__kingdom
nmod:poss<obl<obl> bone	2.0	0.6	free_topic	Animal__kingdom
conj<nsubj<advmod> rapidly	2.0	0.309	free_topic	Animal__kingdom
conj<obl>case> on	2.0	0.649	free_topic	Animal__kingdom
conj<nsubj<parataxis> say	2.0	0.295	free_topic	Animal__kingdom
conj<nsubj<obl> world	2.0	0.284	free_topic	Animal__kingdom
conj<nsubj< decline	2.0	0.328	free_topic	Animal__kingdom
conj<nsubj<aux> be	2.0	0.361	free_topic	Animal__kingdom
nsubj<mark>fixed> that	2.0	0.618	free_topic	Animal__kingdom
compound>compound> meat	2.0	0.902	free_topic	Animal__kingdom
compound<amod> peculiar	2.0	0.465	free_topic	Animal__kingdom
acl:relcl>obj>det> a	2.0	0.194	free_topic	Animal__kingdom
nmod>compound> Kem	2.0	0.449	free_topic	Animal__kingdom
obl<parataxis< wind	2.0	0.376	free_topic	Animal__kingdom
xcomp<cc> and	2.0	0.255	free_topic	Animal__kingdom
acl:relcl> use	2.0	0.423	free_topic	Animal__kingdom
acl:relcl>obj> they	2.0	0.398	free_topic	Animal__kingdom
obl<advcl>aux:pass> ...	2.0	0.248	free_topic	Animal__kingdom
acl>obj>acl:relcl> ...	2.0	0.35	free_topic	Animal__kingdom
obl<obl>acl> ...	2.0	0.422	free_topic	Animal__kingdom
nmod<nsubj> which	2.0	0.392	free_topic	Animal__kingdom
advmod>advmod> ...	2.0	0.342	free_topic	Animal__kingdom
obl<advmod> typically	2.0	0.276	free_topic	Animal__kingdom
conj<conj>parataxis> ...	2.0	0.312	free_topic	Animal__kingdom
compound<nsubj<acl:relcl< ...	2.0	0.249	free_topic	Animal__kingdom
obj<obl>det> a	2.0	0.613	free_topic	Animal__kingdom
obj<obl>case> for	2.0	0.642	free_topic	Animal__kingdom
obj<xcomp<cop> be	2.0	0.766	free_topic	Animal__kingdom
appos<cop> be	2.0	0.464	free_topic	Animal__kingdom
compound<amod< ...	2.0	0.83	free_topic	Animal__kingdom
compound<amod<case> ...	2.0	0.783	free_topic	Animal__kingdom
nsubj<nmod>amod> ...	2.0	0.376	free_topic	Animal__kingdom
obl< inhabit	2.0	0.439	free_topic	Animal__kingdom
obl<advmod> then	2.0	0.363	free_topic	Animal__kingdom
nsubj<conj>obl> time	2.0	0.504	free_topic	Animal__kingdom
nsubj:pass<advcl>mark> although	2.0	0.696	free_topic	Animal__kingdom
nsubj:pass<advcl>aux> may	2.0	0.531	free_topic	Animal__kingdom
conj<conj>det> the	2.0	0.501	free_topic	Animal__kingdom
nsubj> goat	2.0	0.279	free_topic	Animal__kingdom
compound<nmod<case> with	2.0	0.369	free_topic	Animal__kingdom
obl<advcl>aux:pass> be	2.0	0.248	free_topic	Animal__kingdom
cc:preconj> both	2.0	0.344	free_topic	Animal__kingdom
nsubj:pass<aux> may	2.0	0.226	free_topic	Animal__kingdom
obl<obl>case> because	2.0	0.392	free_topic	Animal__kingdom
compound<nsubj<aux> have	2.0	0.603	free_topic	Animal__kingdom
nsubj<obl>acl> ...	2.0	0.298	free_topic	Animal__kingdom
amod>advmod> rather	2.0	0.247	free_topic	Animal__kingdom
compound<nmod<case> in	2.0	0.561	free_topic	Animal__kingdom
amod>advmod>advmod> most	2.0	0.594	free_topic	Animal__kingdom
nmod<nsubj< be	2.0	0.775	free_topic	Animal__kingdom
conj<amod> many	2.0	0.95	free_topic	Animal__kingdom
obj<mark> without	2.0	0.525	free_topic	Animal__kingdom
advcl> live	2.0	0.542	free_topic	Animal__kingdom
nmod:poss<obj<nsubj> that	2.0	0.571	free_topic	Animal__kingdom
appos<appos>det> the	2.0	0.492	free_topic	Animal__kingdom
nmod<obj<nsubj> that	2.0	0.377	free_topic	Animal__kingdom
obl< refer	2.0	0.414	free_topic	Animal__kingdom
nmod<obj<advmod> also	2.0	0.262	free_topic	Animal__kingdom
nsubj<obl> time	2.0	0.352	free_topic	Animal__kingdom
appos>det> a	2.0	0.468	free_topic	Animal__kingdom
nmod<nmod<conj> horse	2.0	1.033	free_topic	Animal__kingdom
compound<nmod>case> with	2.0	0.78	free_topic	Animal__kingdom
conj<obj<cc> but	2.0	0.435	free_topic	Animal__kingdom
obl<conj>aux:pass> be	2.0	0.471	free_topic	Animal__kingdom
nmod<obl<conj< regard	2.0	0.317	free_topic	Animal__kingdom
nmod<obj<mark> for	2.0	0.342	free_topic	Animal__kingdom
amod>advmod> highly	2.0	0.208	free_topic	Animal__kingdom
acl>obl>case> with	2.0	0.526	free_topic	Animal__kingdom
amod>advmod> much	2.0	0.251	free_topic	Animal__kingdom
nummod> 50	2.0	0.477	free_topic	Animal__kingdom
conj<nmod<obl< consist	2.0	0.703	free_topic	Animal__kingdom
acl>ccomp>mark> that	2.0	0.601	free_topic	Animal__kingdom
nsubj<aux> will	2.0	0.643	free_topic	Animal__kingdom
acl> mean	2.0	0.793	free_topic	Animal__kingdom
conj<nmod>case> in	2.0	0.532	free_topic	Animal__kingdom
nmod>conj> lemur	2.0	0.678	free_topic	Animal__kingdom
nmod>conj>compound> mouse	2.0	0.449	free_topic	Animal__kingdom
nmod>conj> fox	2.0	0.666	free_topic	Animal__kingdom
nmod>conj>amod> eare	2.0	0.249	free_topic	Animal__kingdom
conj> egg	2.0	0.847	free_topic	Animal__kingdom
nmod>nmod>case> <ith	2.0	0.494	free_topic	Animal__kingdom
nsubj<advcl>mark> though	2.0	0.913	free_topic	Animal__kingdom
nsubj<advcl>nsubj> they	2.0	0.341	free_topic	Animal__kingdom
nsubj<advcl> make	2.0	0.846	free_topic	Animal__kingdom
obl<obl> ground	2.0	0.627	free_topic	Animal__kingdom
compound<nummod> 170	2.0	0.145	free_topic	Animal__kingdom
compound<compound> Ordinance	2.0	0.32	free_topic	Animal__kingdom
compound<compound>compound> Protection	2.0	0.233	free_topic	Animal__kingdom
compound<case> under	2.0	0.32	free_topic	Animal__kingdom
compound<nmod< species	2.0	0.211	free_topic	Animal__kingdom
compound<nmod<amod> protecte	2.0	0.352	free_topic	Animal__kingdom
compound<nmod<nsubj> it	2.0	0.395	free_topic	Animal__kingdom
compound<nmod<obl> Kong	2.0	0.095	free_topic	Animal__kingdom
nsubj<obl>case> as	2.0	1.004	free_topic	Animal__kingdom
nmod>acl:relcl>aux:pass> be	2.0	0.467	free_topic	Animal__kingdom
conj<conj>advmod> even	2.0	0.722	free_topic	Animal__kingdom
nsubj> dolphin	2.0	0.339	free_topic	Animal__kingdom
nsubj>amod> spot	2.0	0.264	free_topic	Animal__kingdom
nsubj>compound> Atlantic	2.0	0.332	free_topic	Animal__kingdom
compound<conj<conj> disease	2.0	0.956	free_topic	Animal__kingdom
conj<nmod>case> for	2.0	0.729	free_topic	Animal__kingdom
obj<conj<cop> be	2.0	0.592	free_topic	Animal__kingdom
appos<nmod>det> the	2.0	0.573	free_topic	Animal__kingdom
nsubj<acl:relcl<obl> ...	2.0	0.276	free_topic	Animal__kingdom
appos<case> of	2.0	0.691	free_topic	Animal__kingdom
appos<nmod< family	2.0	0.644	free_topic	Animal__kingdom
appos<nmod<amod> diverse	2.0	0.189	free_topic	Animal__kingdom
appos<nmod<det> a	2.0	0.473	free_topic	Animal__kingdom
appos<nmod<nsubj> Asteriidae	2.0	0.233	free_topic	Animal__kingdom
advmod> even	2.0	0.44	free_topic	Animal__kingdom
nummod>advmod> around	2.0	0.575	free_topic	Animal__kingdom
amod>advmod> fully	2.0	0.251	free_topic	Animal__kingdom
nmod>acl>obj> ...	2.0	0.23	free_topic	Animal__kingdom
nmod:poss>det> ...	2.0	0.482	free_topic	Animal__kingdom
conj<appos<amod> ...	2.0	0.33	free_topic	Animal__kingdom
conj<conj< ...	2.0	0.176	free_topic	Animal__kingdom
xcomp<nsubj> ...	2.0	0.27	free_topic	Animal__kingdom
xcomp<nsubj>conj> ...	2.0	0.369	free_topic	Animal__kingdom
obl<acl:relcl<obj< lack	2.0	0.393	free_topic	Animal__kingdom
acl>obl>nummod> ...	2.0	0.541	free_topic	Animal__kingdom
compound<compound<det> ...	2.0	0.742	free_topic	Animal__kingdom
nmod<nsubj<cc> and	2.0	0.31	free_topic	Animal__kingdom
compound<compound<nmod> ...	2.0	0.396	free_topic	Animal__kingdom
advmod> how	2.0	0.342	free_topic	Animal__kingdom
nsubj<xcomp>obj> body	2.0	0.4	free_topic	Animal__kingdom
obl<conj>appos> 108	2.0	0.813	free_topic	Animal__kingdom
acl:relcl>obj>acl> ...	2.0	0.361	free_topic	Animal__kingdom
obl<conj> dingo	2.0	0.155	free_topic	Animal__kingdom
conj<nmod<det> the	2.0	0.703	free_topic	Animal__kingdom
conj<conj>amod> farm	2.0	0.38	free_topic	Animal__kingdom
nsubj<advcl<aux> can	2.0	0.26	free_topic	Animal__kingdom
nmod>amod>obl> ...	2.0	0.188	free_topic	Animal__kingdom
nmod>compound> pet	2.0	0.335	free_topic	Animal__kingdom
nsubj<advcl<advmod> usually	2.0	0.431	free_topic	Animal__kingdom
nsubj<advcl<compound> ...	2.0	0.446	free_topic	Animal__kingdom
nmod<conj<aux> have	2.0	0.336	free_topic	Animal__kingdom
nsubj<conj> able	2.0	0.264	free_topic	Animal__kingdom
nmod<conj<aux:pass> be	2.0	0.473	free_topic	Animal__kingdom
nsubj<advcl<aux:pass> be	2.0	0.539	free_topic	Animal__kingdom
obj<compound:prt> ...	2.0	0.597	free_topic	Animal__kingdom
obj<obl>case> to	2.0	0.643	free_topic	Animal__kingdom
advcl<advcl>mark> because	2.0	0.345	free_topic	Animal__kingdom
obj<conj<cop> ...	2.0	0.592	free_topic	Animal__kingdom
advcl<advcl> live	2.0	0.424	free_topic	Animal__kingdom
compound<conj>nmod> ...	2.0	0.265	free_topic	Animal__kingdom
obj<conj>cc> or	2.0	0.44	free_topic	Animal__kingdom
nsubj<advcl> form	2.0	0.809	free_topic	Animal__kingdom
parataxis>nummod> ...	2.0	0.361	free_topic	Animal__kingdom
advcl<cop> be	2.0	0.417	free_topic	Animal__kingdom
nsubj<conj<nsubj> they	2.0	0.646	free_topic	Animal__kingdom
aux> have	2.0	0.404	free_topic	Animal__kingdom
obl<advcl<cop> ...	2.0	0.642	free_topic	Animal__kingdom
xcomp< think	2.0	0.322	free_topic	Animal__kingdom
acl>obl> wild	2.0	0.372	free_topic	Animal__kingdom
compound<nmod< distribution	2.0	0.233	free_topic	Animal__kingdom
compound<nmod<obj< show	2.0	0.431	free_topic	Animal__kingdom
nsubj<obl>case> with	2.0	0.993	free_topic	Animal__kingdom
mark> that	2.0	0.692	free_topic	Animal__kingdom
acl>advmod> ever	2.0	0.614	free_topic	Animal__kingdom
obl<appos>amod> african	2.0	0.239	free_topic	Animal__kingdom
compound<appos<nmod< ...	2.0	0.377	free_topic	Animal__kingdom
compound<appos<nmod> ...	2.0	0.25	free_topic	Animal__kingdom
amod>obl> themselves	2.0	0.339	free_topic	Animal__kingdom
compound<nmod>nmod:poss> ...	2.0	0.358	free_topic	Animal__kingdom
acl> increase	2.0	0.653	free_topic	Animal__kingdom
obl<xcomp<cop> ...	2.0	0.35	free_topic	Animal__kingdom
nsubj:pass<advcl>xcomp> ...	2.0	0.427	free_topic	Animal__kingdom
nmod<nmod>case> include	2.0	0.334	free_topic	Animal__kingdom
obj<xcomp>obj> ...	2.0	0.416	free_topic	Animal__kingdom
obl<acl:relcl< hypercarnivore	2.0	0.398	free_topic	Animal__kingdom
nmod<conj<mark> ...	2.0	0.555	free_topic	Animal__kingdom
obl<appos> dog	2.0	0.193	free_topic	Animal__kingdom
compound<conj>aux> ...	2.0	0.249	free_topic	Animal__kingdom
conj<nsubj<obl> ...	2.0	0.288	free_topic	Animal__kingdom
xcomp<nsubj:pass> sauropod	2.0	0.473	free_topic	Animal__kingdom
nmod:poss<amod>obl:npmod> ...	2.0	0.404	free_topic	Animal__kingdom
conj<obl<amod< ...	2.0	0.382	free_topic	Animal__kingdom
advmod> possibly	2.0	0.414	free_topic	Animal__kingdom
nmod:poss<nmod<amod> ...	2.0	0.338	free_topic	Animal__kingdom
conj<nsubj<parataxis> ...	2.0	0.315	free_topic	Animal__kingdom
conj<nsubj<aux> ...	2.0	0.361	free_topic	Animal__kingdom
acl>aux:pass> be	2.0	0.342	free_topic	Animal__kingdom
obl<appos>appos> 112	2.0	0.174	free_topic	Animal__kingdom
obl<appos> dhole	2.0	0.239	free_topic	Animal__kingdom
obl<appos>appos> 136	2.0	0.172	free_topic	Animal__kingdom
obl<appos> wolf	2.0	0.23	free_topic	Animal__kingdom
obl<appos>amod> gray	2.0	0.352	free_topic	Animal__kingdom
parataxis>obl>det> the	2.0	0.518	free_topic	Animal__kingdom
compound<mark> that	2.0	0.513	free_topic	Animal__kingdom
obl<appos>appos> 142	2.0	0.184	free_topic	Animal__kingdom
obj<nsubj>nmod:poss> ...	2.0	0.343	free_topic	Animal__kingdom
compound<obl<advmod> also	2.0	0.611	free_topic	Animal__kingdom
nsubj<conj>advmod> however	2.0	0.483	free_topic	Animal__kingdom
cc>fixed> as	2.0	0.285	free_topic	Animal__kingdom
nmod<conj>det> ...	2.0	0.354	free_topic	Animal__kingdom
nsubj<ccomp<nsubj> analysis	2.0	0.382	free_topic	Animal__kingdom
nmod:poss<obl<advmod> ...	2.0	0.344	free_topic	Animal__kingdom
nsubj<mark> because	2.0	0.467	free_topic	Animal__kingdom
nmod<conj<nsubj:pass> ...	2.0	0.532	free_topic	Animal__kingdom
nmod<conj<aux:pass> ...	2.0	0.473	free_topic	Animal__kingdom
conj<case> as	2.0	0.463	free_topic	Animal__kingdom
advcl<advcl>mark> ...	2.0	0.345	free_topic	Animal__kingdom
advcl<advcl>nsubj> ...	2.0	0.228	free_topic	Animal__kingdom
advcl<advcl> ...	2.0	0.424	free_topic	Animal__kingdom
nmod<nsubj> it	2.0	0.382	free_topic	Animal__kingdom
advcl<cop> ...	2.0	0.417	free_topic	Animal__kingdom
ccomp<nsubj>nmod> ...	2.0	0.259	free_topic	Animal__kingdom
ccomp<obl>case> in	2.0	0.358	free_topic	Animal__kingdom
obl<nsubj>det> these	2.0	0.465	free_topic	Animal__kingdom
nsubj:pass< adapt	2.0	0.338	free_topic	Animal__kingdom
obj<conj<mark> ...	2.0	0.496	free_topic	Animal__kingdom
amod>obl> fish	2.0	0.275	free_topic	Animal__kingdom
cc>fixed> well	2.0	0.296	free_topic	Animal__kingdom
cc> as	2.0	0.912	free_topic	Animal__kingdom
obl<advcl<cop> be	2.0	0.642	free_topic	Animal__kingdom
obl<obl>case> by	2.0	0.535	free_topic	Animal__kingdom
obj<advcl> move	2.0	0.818	free_topic	Animal__kingdom
conj<xcomp< ...	2.0	0.673	free_topic	Animal__kingdom
nsubj<conj<conj> ...	2.0	0.419	free_topic	Animal__kingdom
nsubj:pass<mark> because	2.0	0.224	free_topic	Animal__kingdom
nsubj> Bonobo	2.0	0.41	free_topic	Animal__kingdom
obl<acl<acl> ...	2.0	0.676	free_topic	Animal__kingdom
obl<nsubj>det> some	2.0	0.406	free_topic	Animal__kingdom
acl:relcl>nsubj> they	2.0	0.627	free_topic	Animal__kingdom
compound<obj<xcomp< ...	2.0	0.317	free_topic	Animal__kingdom
compound<acl>mark> ...	2.0	0.656	free_topic	Animal__kingdom
obl<parataxis>det> the	2.0	0.268	free_topic	Animal__kingdom
obj<conj>cop> be	2.0	0.521	free_topic	Animal__kingdom
conj>obl>conj> ...	2.0	0.634	free_topic	Animal__kingdom
nsubj<advcl<nsubj> it	2.0	0.649	free_topic	Animal__kingdom
appos<nmod>conj> ...	2.0	0.442	free_topic	Animal__kingdom
nsubj<parataxis>amod> ...	2.0	0.308	free_topic	Animal__kingdom
nsubj<conj<compound:prt> ...	2.0	0.265	free_topic	Animal__kingdom
obl<nsubj:pass>conj> ...	2.0	0.197	free_topic	Animal__kingdom
nmod>det> both	2.0	0.768	free_topic	Animal__kingdom
nmod> sex	2.0	0.463	free_topic	Animal__kingdom
obl<nmod>case> ...	2.0	0.132	free_topic	Animal__kingdom
obl<xcomp<advcl> ...	2.0	0.338	free_topic	Animal__kingdom
nsubj<ccomp<conj< ...	2.0	0.683	free_topic	Animal__kingdom
nmod<obl< pass	2.0	0.375	free_topic	Animal__kingdom
nsubj<xcomp>ccomp> ...	2.0	0.257	free_topic	Animal__kingdom
obl<ccomp<nsubj:pass> ...	2.0	0.414	free_topic	Animal__kingdom
nsubj:pass<acl:relcl< ...	2.0	0.534	free_topic	Animal__kingdom
nmod<conj>det> a	2.0	0.354	free_topic	Animal__kingdom
obj<advcl<mark> to	2.0	0.287	free_topic	Animal__kingdom
nsubj:pass<advcl<nsubj:pass> ...	2.0	0.338	free_topic	Animal__kingdom
nsubj:pass<advcl<aux:pass> ...	2.0	0.461	free_topic	Animal__kingdom
nsubj<conj>obl> water	2.0	0.327	free_topic	Animal__kingdom
appos<nsubj>conj> ...	2.0	0.253	free_topic	Animal__kingdom
obj<xcomp<advmod> ...	2.0	0.212	free_topic	Animal__kingdom
obj<advmod> only	2.0	0.447	free_topic	Animal__kingdom
compound<acl>mark> to	2.0	0.656	free_topic	Animal__kingdom
nmod<amod>conj> ...	2.0	0.292	free_topic	Animal__kingdom
acl:relcl>advmod> not	2.0	0.301	free_topic	Animal__kingdom
nmod<obj< create	2.0	0.636	free_topic	Animal__kingdom
obl<obl>advmod> ...	2.0	0.431	free_topic	Animal__kingdom
conj<nmod:poss>case> 's	2.0	0.396	free_topic	Animal__kingdom
conj<nmod:poss>det> the	2.0	0.361	free_topic	Animal__kingdom
conj<nmod<obl< more	2.0	0.56	free_topic	Animal__kingdom
compound<obj<advcl< ...	2.0	0.445	free_topic	Animal__kingdom
nmod<nsubj<mark> ...	2.0	0.328	free_topic	Animal__kingdom
obj<advcl>mark> while	2.0	0.41	free_topic	Animal__kingdom
conj<nmod> insect	2.0	0.713	free_topic	Animal__kingdom
nsubj<xcomp> have	2.0	0.216	free_topic	Animal__kingdom
nmod:poss<nmod>case> ...	2.0	0.335	free_topic	Animal__kingdom
nmod:poss<nmod> ...	2.0	0.421	free_topic	Animal__kingdom
nmod:poss<obl<conj> ...	2.0	0.47	free_topic	Animal__kingdom
nsubj:pass< catch	2.0	0.177	free_topic	Animal__kingdom
nsubj:pass<mark> when	2.0	0.308	free_topic	Animal__kingdom
conj>amod>advmod> ...	2.0	0.478	free_topic	Animal__kingdom
obl<xcomp<cop> be	2.0	0.35	free_topic	Animal__kingdom
obl<conj>advmod> ...	2.0	0.664	free_topic	Animal__kingdom
nmod<cc> but	2.0	0.603	free_topic	Animal__kingdom
compound<obl<appos> ...	2.0	0.475	free_topic	Animal__kingdom
conj<obl<mark> ...	2.0	0.415	free_topic	Animal__kingdom
conj<conj>det> ...	2.0	0.45	free_topic	Animal__kingdom
conj<conj>nmod:poss> ...	2.0	0.5	free_topic	Animal__kingdom
nsubj<acl:relcl<obj< ...	2.0	0.312	free_topic	Animal__kingdom
obl<conj>aux> ...	2.0	0.343	free_topic	Animal__kingdom
conj<appos>nummod> ...	2.0	0.308	free_topic	Animal__kingdom
obl<advmod<compound> ...	2.0	0.436	free_topic	Animal__kingdom
compound<nsubj<det> the	2.0	0.389	free_topic	Animal__kingdom
advcl<conj> ...	2.0	0.23	free_topic	Animal__kingdom
nummod> three	2.0	0.637	free_topic	Animal__kingdom
advcl<conj>cc> ...	2.0	0.388	free_topic	Animal__kingdom
cc:preconj> ...	2.0	0.344	free_topic	Animal__kingdom
advcl<advmod> ...	2.0	0.252	free_topic	Animal__kingdom
nsubj<xcomp> use	2.0	0.236	free_topic	Animal__kingdom
obl<conj>amod> domestic	2.0	0.482	free_topic	Animal__kingdom
nmod<advcl>obl> ...	2.0	0.427	free_topic	Animal__kingdom
acl>advcl>mark> ...	2.0	0.639	free_topic	Animal__kingdom
nmod<advcl>mark> ...	2.0	0.221	free_topic	Animal__kingdom
conj<conj>amod> small	2.0	0.551	free_topic	Animal__kingdom
amod>advmod>advmod> ...	2.0	0.594	free_topic	Animal__kingdom
acl>obl> cm	2.0	0.449	free_topic	Animal__kingdom
nmod:poss<obl<acl:relcl< ...	2.0	0.449	free_topic	Animal__kingdom
nsubj<obj> tooth	2.0	0.565	free_topic	Animal__kingdom
conj>nmod>nmod> ...	2.0	0.271	free_topic	Animal__kingdom
conj<obj<conj> ...	2.0	0.428	free_topic	Animal__kingdom
nmod<obl<mark> although	2.0	0.268	free_topic	Animal__kingdom
conj<nmod>conj> ...	2.0	0.267	free_topic	Animal__kingdom
acl>obl>case> from	2.0	0.54	free_topic	Animal__kingdom
compound<nsubj<det> ...	2.0	0.379	free_topic	Animal__kingdom
obj<advcl<aux> have	2.0	0.62	free_topic	Animal__kingdom
nsubj<mark>fixed> ...	2.0	0.618	free_topic	Animal__kingdom
conj>amod>obl> ...	2.0	0.67	free_topic	Animal__kingdom
xcomp<obl> ...	2.0	0.431	free_topic	Animal__kingdom
obl<obj>conj> ...	2.0	0.272	free_topic	Animal__kingdom
obj<aux:pass> ...	2.0	0.62	free_topic	Animal__kingdom
nsubj:pass<obj> ...	2.0	0.247	free_topic	Animal__kingdom
xcomp<obl>case> ...	2.0	0.454	free_topic	Animal__kingdom
nsubj:pass<obj>conj> ...	2.0	0.393	free_topic	Animal__kingdom
conj<conj>obj> egg	2.0	0.381	free_topic	Animal__kingdom
nmod>appos>compound> ...	2.0	0.436	free_topic	Animal__kingdom
obj<obl>case> from	2.0	0.651	free_topic	Animal__kingdom
conj<acl> ...	2.0	0.304	free_topic	Animal__kingdom
obl<advcl>cop> be	2.0	0.452	free_topic	Animal__kingdom
conj>parataxis> ...	2.0	0.451	free_topic	Animal__kingdom
conj<acl>obl> ...	2.0	0.18	free_topic	Animal__kingdom
obl<parataxis>aux> ...	2.0	0.237	free_topic	Animal__kingdom
compound<nsubj<conj< ...	2.0	0.448	free_topic	Animal__kingdom
nmod<nmod< some	2.0	0.583	free_topic	Animal__kingdom
compound<appos<flat> ...	2.0	0.316	free_topic	Animal__kingdom
conj>compound> plant	2.0	0.364	free_topic	Animal__kingdom
obl<obl>nummod> ...	2.0	0.457	free_topic	Animal__kingdom
nmod:poss> world	2.0	0.764	free_topic	Animal__kingdom
obl<acl:relcl<nsubj> ...	2.0	0.144	free_topic	Animal__kingdom
conj>acl:relcl>nsubj> ...	2.0	0.382	free_topic	Animal__kingdom
nmod:poss>det> the	2.0	0.482	free_topic	Animal__kingdom
nmod<aux> ...	2.0	0.308	free_topic	Animal__kingdom
nsubj:pass<advcl<ccomp> ...	2.0	0.358	free_topic	Animal__kingdom
obl<xcomp<mark> ...	2.0	0.612	free_topic	Animal__kingdom
nmod:poss<obj<mark> ...	2.0	0.411	free_topic	Animal__kingdom
conj<case> such	2.0	0.45	free_topic	Animal__kingdom
conj<case>fixed> as	2.0	0.682	free_topic	Animal__kingdom
obj<xcomp<mark> to	2.0	0.267	free_topic	Animal__kingdom
obj< resemble	2.0	0.546	free_topic	Animal__kingdom
obl<parataxis>det> ...	2.0	0.268	free_topic	Animal__kingdom
nsubj<obl:tmod> ...	2.0	0.403	free_topic	Animal__kingdom
nsubj<ccomp<parataxis< ...	2.0	0.491	free_topic	Animal__kingdom
acl:relcl>advcl>mark> to	2.0	0.517	free_topic	Animal__kingdom
obl<conj<mark> ...	2.0	0.207	free_topic	Animal__kingdom
nsubj<ccomp<conj> ...	2.0	0.465	free_topic	Animal__kingdom
nmod>nmod>acl> ...	2.0	0.334	free_topic	Animal__kingdom
nmod<nsubj:pass<aux> have	2.0	0.383	free_topic	Animal__kingdom
nmod< that	2.0	0.526	free_topic	Animal__kingdom
nmod<conj<nmod< ...	2.0	0.296	free_topic	Animal__kingdom
advcl>nsubj>amod> ...	2.0	0.472	free_topic	Animal__kingdom
nmod:poss<nmod< reference	2.0	0.447	free_topic	Animal__kingdom
nmod<nsubj:pass<conj> ...	2.0	0.688	free_topic	Animal__kingdom
conj<amod> Endemic	2.0	0.75	free_topic	Animal__kingdom
nmod>conj> bird	2.0	0.688	free_topic	Animal__kingdom
obj<parataxis<nsubj> ...	2.0	0.431	free_topic	Animal__kingdom
obj<parataxis< ...	2.0	0.365	free_topic	Animal__kingdom
conj<obj<mark> to	2.0	0.62	free_topic	Animal__kingdom
obj<advcl<cc> ...	2.0	0.346	free_topic	Animal__kingdom
obj<advcl<conj< ...	2.0	0.366	free_topic	Animal__kingdom
nmod<acl:relcl< ...	2.0	0.4	free_topic	Animal__kingdom
conj<obl<nsubj> which	2.0	0.463	free_topic	Animal__kingdom
acl:relcl>obj> prey	2.0	0.371	free_topic	Animal__kingdom
acl:relcl>obj>nmod:poss> they	2.0	0.727	free_topic	Animal__kingdom
conj<nmod<conj> ...	2.0	0.246	free_topic	Animal__kingdom
obl<ccomp>advmod> ...	2.0	0.286	free_topic	Animal__kingdom
obl<ccomp> ...	2.0	0.37	free_topic	Animal__kingdom
obj<xcomp<cop> ...	2.0	0.766	free_topic	Animal__kingdom
conj>acl:relcl> ...	2.0	0.513	free_topic	Animal__kingdom
nsubj<obj>appos> ...	2.0	0.489	free_topic	Animal__kingdom
nmod<appos<nsubj< ...	2.0	0.242	free_topic	Animal__kingdom
nmod>nmod>conj> ...	2.0	0.324	free_topic	Animal__kingdom
compound<nsubj<aux> ...	2.0	0.535	free_topic	Animal__kingdom
conj<appos>appos> ...	2.0	0.442	free_topic	Animal__kingdom
nsubj<advcl<nsubj> they	2.0	0.529	free_topic	Animal__kingdom
conj<obj<aux> can	2.0	0.542	free_topic	Animal__kingdom
conj<obl<acl:relcl< ...	2.0	0.582	free_topic	Animal__kingdom
obl<det> the	2.0	0.79	free_topic	Animal__kingdom
obj<conj<amod> ...	2.0	0.607	free_topic	Animal__kingdom
advmod> therefore	2.0	0.505	free_topic	Animal__kingdom
obl<obl>compound> ...	2.0	0.588	free_topic	Animal__kingdom
compound>compound> live	2.0	0.804	free_topic	Animal__kingdom
conj<conj>advmod> occasionally	2.0	0.621	free_topic	Animal__kingdom
conj<appos>amod> ...	2.0	0.14	free_topic	Animal__kingdom
obj<ccomp<obl> ...	2.0	0.473	free_topic	Animal__kingdom
nmod<appos<amod> ...	2.0	0.217	free_topic	Animal__kingdom
conj<case> from	2.0	0.469	free_topic	Animal__kingdom
nsubj<conj>aux:pass> be	2.0	0.67	free_topic	Animal__kingdom
obj<conj<compound> ...	2.0	0.299	free_topic	Animal__kingdom
nmod<nmod<nummod> ...	2.0	0.452	free_topic	Animal__kingdom
nummod>advmod>fixed> ...	2.0	0.736	free_topic	Animal__kingdom
conj<obj<acl< ...	2.0	0.401	free_topic	Animal__kingdom
obj<mark> as	2.0	0.544	free_topic	Animal__kingdom
acl>obl>case> as	2.0	0.442	free_topic	Animal__kingdom
compound<nmod>nummod> ...	2.0	0.304	free_topic	Animal__kingdom
conj<appos>nmod:poss> ...	2.0	0.558	free_topic	Animal__kingdom
obj<nsubj>det> a	2.0	0.406	free_topic	Animal__kingdom
conj<obl>amod> ...	2.0	0.355	free_topic	Animal__kingdom
advcl<nsubj:pass> ...	2.0	0.399	free_topic	Animal__kingdom
nsubj:pass<advcl<aux:pass> be	2.0	0.461	free_topic	Animal__kingdom
obj<conj<nmod> ...	2.0	0.27	free_topic	Animal__kingdom
obj<conj<aux> ...	2.0	0.599	free_topic	Animal__kingdom
nmod:poss<amod> thing	2.0	0.571	free_topic	Animal__kingdom
nmod<compound>amod> ...	2.0	0.215	free_topic	Animal__kingdom
conj>advcl>mark> if	2.0	0.495	free_topic	Animal__kingdom
nmod:poss<amod>obl:npmod> wedge	2.0	0.404	free_topic	Animal__kingdom
conj>aux> will	2.0	0.594	free_topic	Animal__kingdom
nsubj<nsubj> ...	2.0	0.274	free_topic	Animal__kingdom
nsubj<nsubj>det> ...	2.0	0.512	free_topic	Animal__kingdom
acl>ccomp>obl> ...	2.0	0.43	free_topic	Animal__kingdom
compound<conj< plant	2.0	0.795	free_topic	Animal__kingdom
conj<acl:relcl<compound> ...	2.0	0.257	free_topic	Animal__kingdom
acl>ccomp> ...	2.0	0.526	free_topic	Animal__kingdom
acl>ccomp>nsubj> ...	2.0	0.67	free_topic	Animal__kingdom
acl>ccomp>mark> ...	2.0	0.601	free_topic	Animal__kingdom
nmod:poss<amod> shape	2.0	0.58	free_topic	Animal__kingdom
conj<acl:relcl< ...	2.0	0.622	free_topic	Animal__kingdom
amod>obl>det> ...	2.0	0.614	free_topic	Animal__kingdom
obl<conj>aux:pass> ...	2.0	0.471	free_topic	Animal__kingdom
nmod:poss< flipper	2.0	0.454	free_topic	Animal__kingdom
obl<acl:relcl<advmod> ...	2.0	0.297	free_topic	Animal__kingdom
advcl>nsubj> species	2.0	0.765	free_topic	Animal__kingdom
nsubj<conj> have	2.0	0.314	free_topic	Animal__kingdom
nsubj<acl:relcl>aux> ...	2.0	0.743	free_topic	Animal__kingdom
nmod>acl:relcl>xcomp> ...	2.0	0.362	free_topic	Animal__kingdom
nmod>acl:relcl>aux:pass> ...	2.0	0.467	free_topic	Animal__kingdom
nmod>acl:relcl>nsubj:pass> ...	2.0	0.277	free_topic	Animal__kingdom
nmod<obl< pry	2.0	0.31	free_topic	Animal__kingdom
nmod>compound>appos> ...	2.0	0.36	free_topic	Animal__kingdom
amod>conj>cc> or	2.0	0.566	free_topic	Animal__kingdom
nmod< class	2.0	0.382	free_topic	Animal__kingdom
appos>compound> ...	2.0	0.489	free_topic	Animal__kingdom
conj<nmod<nmod> ...	2.0	0.294	free_topic	Animal__kingdom
compound<nmod<obl> ...	2.0	0.095	free_topic	Animal__kingdom
conj>cc>fixed> ...	2.0	0.433	free_topic	Animal__kingdom
xcomp<cc> ...	2.0	0.255	free_topic	Animal__kingdom
xcomp<conj<obj> ...	2.0	0.623	free_topic	Animal__kingdom
xcomp<conj< ...	2.0	0.315	free_topic	Animal__kingdom
nsubj:pass<obl> meat	2.0	0.483	free_topic	Animal__kingdom
nsubj:pass<obl>case> at	2.0	0.328	free_topic	Animal__kingdom
conj<conj>aux> will	2.0	0.452	free_topic	Animal__kingdom
nsubj:pass<advmod> later	2.0	0.546	free_topic	Animal__kingdom
nmod>nmod> year	2.0	0.406	free_topic	Animal__kingdom
nmod<obl< use	2.0	0.587	free_topic	Animal__kingdom
nsubj:pass<obl>det> the	2.0	0.662	free_topic	Animal__kingdom
obj<acl<obj< ...	2.0	0.561	free_topic	Animal__kingdom
obl<obl>case> at	2.0	0.311	free_topic	Animal__kingdom
nmod<nsubj<nsubj> ...	2.0	0.425	free_topic	Animal__kingdom
nsubj<nmod>appos> ...	2.0	0.183	free_topic	Animal__kingdom
obj<obl>compound> ...	2.0	0.317	free_topic	Animal__kingdom
acl:relcl>obl>conj> bird	2.0	0.36	free_topic	Animal__kingdom
flat> ...	2.0	0.37	free_topic	Animal__kingdom
nsubj<acl:relcl>nsubj> ...	2.0	0.364	free_topic	Animal__kingdom
obj<obl> distance	2.0	0.463	free_topic	Animal__kingdom
acl:relcl>obl>conj> fish	2.0	0.397	free_topic	Animal__kingdom
acl:relcl> depend	2.0	0.468	free_topic	Animal__kingdom
compound<obj<advmod> ...	2.0	0.446	free_topic	Animal__kingdom
conj>obl>compound> ...	2.0	0.389	free_topic	Animal__kingdom
acl:relcl> feed	2.0	0.542	free_topic	Animal__kingdom
compound<nmod<compound> ...	2.0	0.573	free_topic	Animal__kingdom
obl<mark> though	2.0	0.571	free_topic	Animal__kingdom
amod>nsubj> ...	2.0	0.282	free_topic	Animal__kingdom
conj<nmod<case> to	2.0	0.291	free_topic	Animal__kingdom
acl> burrow	2.0	0.681	free_topic	Animal__kingdom
nmod<acl:relcl>obj> ...	2.0	0.626	free_topic	Animal__kingdom
appos<nmod>det> ...	2.0	0.556	free_topic	Animal__kingdom
appos<nmod<nmod> ...	2.0	0.362	free_topic	Animal__kingdom
nsubj<advcl>mark> by	2.0	0.687	free_topic	Animal__kingdom
appos<nmod<amod> ...	2.0	0.189	free_topic	Animal__kingdom
appos<nmod<det> ...	2.0	0.51	free_topic	Animal__kingdom
conj<advmod> rarely	2.0	0.437	free_topic	Animal__kingdom
obl>amod> ...	2.0	0.342	free_topic	Animal__kingdom
obl<advmod> primarily	2.0	0.257	free_topic	Animal__kingdom
compound<nmod<obj< have	2.0	0.363	free_topic	Animal__kingdom
appos<nsubj> ...	2.0	0.427	free_topic	Animal__kingdom
obl<obl>case> with	2.0	0.29	free_topic	Animal__kingdom
nsubj<ccomp<mark> ...	2.0	0.449	free_topic	Animal__kingdom
obl<obl>nmod:poss> its	2.0	0.704	free_topic	Animal__kingdom
obj<advcl>nsubj> ...	2.0	0.415	free_topic	Animal__kingdom
nmod<obl<advmod< ...	2.0	0.605	free_topic	Animal__kingdom
nmod<nmod<amod> only	2.0	0.396	free_topic	Animal__kingdom
nsubj> sheep	2.0	0.322	free_topic	Animal__kingdom
nmod:poss<obj<aux> could	2.0	0.411	free_topic	Animal__kingdom
compound<nmod<amod> various	2.0	0.451	free_topic	Animal__kingdom
ccomp<nsubj>det> ...	2.0	0.66	free_topic	Animal__kingdom
conj<nsubj<nmod> ...	2.0	0.217	free_topic	Animal__kingdom
nsubj<ccomp<acl< ...	2.0	0.405	free_topic	Animal__kingdom
conj<nsubj<mark> ...	2.0	0.411	free_topic	Animal__kingdom
nsubj:pass<advcl>aux> ...	2.0	0.561	free_topic	Animal__kingdom
obl<obl>case> in	2.0	0.459	free_topic	Animal__kingdom
conj<nsubj<cop> ...	2.0	0.33	free_topic	Animal__kingdom
acl>xcomp> ...	2.0	0.357	free_topic	Animal__kingdom
advcl>obj>det> a	2.0	0.315	free_topic	Animal__kingdom
nmod>amod>advmod> ...	2.0	0.217	free_topic	Animal__kingdom
nmod<nmod< Mechanisms	2.0	0.429	free_topic	Animal__kingdom
acl>obl>amod> high	2.0	0.133	free_topic	Animal__kingdom
obj<nsubj> this	2.0	0.362	free_topic	Animal__kingdom
obj<xcomp>obl> ...	2.0	0.366	free_topic	Animal__kingdom
acl>obj>acl> ...	2.0	0.299	free_topic	Animal__kingdom
obj<conj>cop> ...	2.0	0.521	free_topic	Animal__kingdom
ccomp<obl> ...	2.0	0.246	free_topic	Animal__kingdom
acl>aux:pass> ...	2.0	0.342	free_topic	Animal__kingdom
ccomp<obl>case> ...	2.0	0.371	free_topic	Animal__kingdom
nmod<appos>nmod> ...	2.0	0.253	free_topic	Animal__kingdom
nsubj>compound> bush	2.0	0.672	free_topic	Animal__kingdom
obl<nsubj>nmod:poss> ...	2.0	0.378	free_topic	Animal__kingdom
obl<acl:relcl<amod> ...	2.0	0.361	free_topic	Animal__kingdom
nsubj<ccomp<cc> and	2.0	0.348	free_topic	Animal__kingdom
amod>obl>nmod> ...	2.0	0.315	free_topic	Animal__kingdom
nsubj<obl>nummod> million	2.0	0.763	free_topic	Animal__kingdom
nsubj:pass<ccomp< ...	2.0	0.472	free_topic	Animal__kingdom
conj>compound> body	2.0	0.42	free_topic	Animal__kingdom
obj<obj> ...	2.0	0.322	free_topic	Animal__kingdom
acl:relcl>advcl>obl> ...	2.0	0.399	free_topic	Animal__kingdom
nsubj< use	2.0	0.762	free_topic	Animal__kingdom
nmod<nmod<det> a	2.0	0.715	free_topic	Animal__kingdom
nsubj<obj>amod> perilous	2.0	0.657	free_topic	Animal__kingdom
nmod<nsubj<cc> ...	2.0	0.31	free_topic	Animal__kingdom
nsubj<obj>det:predet> such	2.0	0.442	free_topic	Animal__kingdom
nsubj<advmod>obl> ...	2.0	0.67	free_topic	Animal__kingdom
amod>amod> ...	2.0	0.454	free_topic	Animal__kingdom
nsubj<obl>case> for	2.0	0.974	free_topic	Animal__kingdom
obl< see	2.0	0.353	free_topic	Animal__kingdom
compound<obl<mark> to	2.0	0.716	free_topic	Animal__kingdom
conj<mark> ...	2.0	0.512	free_topic	Animal__kingdom
obl<nsubj:pass> it	2.0	0.662	free_topic	Animal__kingdom
appos<acl> ...	2.0	0.439	free_topic	Animal__kingdom
nsubj<mark> about	2.0	0.468	free_topic	Animal__kingdom
nsubj<acl<det> a	2.0	0.275	free_topic	Animal__kingdom
nsubj<acl<obj< solve	2.0	0.22	free_topic	Animal__kingdom
acl>conj> ...	2.0	0.209	free_topic	Animal__kingdom
acl>xcomp>obl> ...	2.0	0.275	free_topic	Animal__kingdom
compound<nmod<cc> ...	2.0	0.467	free_topic	Animal__kingdom
conj<nmod:poss> ...	2.0	0.193	free_topic	Animal__kingdom
appos<aux:pass> be	2.0	0.51	free_topic	Animal__kingdom
conj<nmod:poss>case> ...	2.0	0.396	free_topic	Animal__kingdom
parataxis<conj<case> ...	2.0	0.374	free_topic	Animal__kingdom
obl<nmod>case> in	2.0	0.128	free_topic	Animal__kingdom
obl<parataxis<obj> ...	2.0	0.585	free_topic	Animal__kingdom
nsubj>nmod>det> ...	2.0	0.167	free_topic	Animal__kingdom
conj<case> to	2.0	0.384	free_topic	Animal__kingdom
compound<nmod<conj< ...	2.0	0.258	free_topic	Animal__kingdom
nsubj<advcl>xcomp> ...	2.0	0.618	free_topic	Animal__kingdom
nmod<nmod< one	2.0	0.706	free_topic	Animal__kingdom
obl<conj<det> ...	2.0	0.467	free_topic	Animal__kingdom
compound<amod>advmod> ...	2.0	0.28	free_topic	Animal__kingdom
compound<nmod<case> to	2.0	0.38	free_topic	Animal__kingdom
compound<appos<case> in	2.0	0.304	free_topic	Animal__kingdom
conj<aux> have	2.0	0.281	free_topic	Animal__kingdom
nsubj<advcl<advcl> ...	2.0	0.143	free_topic	Animal__kingdom
conj>acl:relcl>nsubj> that	2.0	0.414	free_topic	Animal__kingdom
obl<nmod<advcl> ...	2.0	0.335	free_topic	Animal__kingdom
conj>amod> military	2.0	0.232	free_topic	Animal__kingdom
obl<acl<conj> ...	2.0	0.389	free_topic	Animal__kingdom
compound<mark> ...	2.0	0.513	free_topic	Animal__kingdom
compound<nmod<nummod> ...	2.0	0.268	free_topic	Animal__kingdom
appos<cop> ...	2.0	0.464	free_topic	Animal__kingdom
nsubj:pass<obl>nummod> ...	2.0	0.221	free_topic	Animal__kingdom
conj<nmod>compound> ...	2.0	0.306	free_topic	Animal__kingdom
nsubj<aux> could	2.0	0.616	free_topic	Animal__kingdom
nsubj:pass<advcl<obj> ...	2.0	0.329	free_topic	Animal__kingdom
conj>acl> ...	2.0	0.413	free_topic	Animal__kingdom
nsubj<mark> while	2.0	0.523	free_topic	Animal__kingdom
obj<csubj< ...	2.0	0.357	free_topic	Animal__kingdom
nmod:poss<nsubj<obl> ...	2.0	0.38	free_topic	Animal__kingdom
compound<conj>det> the	2.0	0.28	free_topic	Animal__kingdom
conj<nmod:poss>det> ...	2.0	0.361	free_topic	Animal__kingdom
nsubj<obl>case> on	2.0	0.98	free_topic	Animal__kingdom
nmod<obj<parataxis< ...	2.0	0.382	free_topic	Animal__kingdom
obj<nsubj> scientist	2.0	0.329	free_topic	Animal__kingdom
nsubj<obl>compound> water	1.0	0.23	free_topic	Animal__kingdom
conj<nsubj< have	1.0	0.401	free_topic	Animal__kingdom
nmod<nsubj<expl> there	1.0	0.553	free_topic	Animal__kingdom
acl>obj>det> a	1.0	0.287	free_topic	Animal__kingdom
nsubj:pass< call	1.0	0.258	free_topic	Animal__kingdom
advmod> only	1.0	0.462	free_topic	Animal__kingdom
compound<case> on	1.0	0.325	free_topic	Animal__kingdom
compound<amod> new	1.0	0.559	free_topic	Animal__kingdom
conj<obj>det> the	1.0	0.689	free_topic	Animal__kingdom
conj<amod> true	1.0	0.925	free_topic	Animal__kingdom
conj<obj< contain	1.0	0.453	free_topic	Animal__kingdom
nmod<obj< find	1.0	0.536	free_topic	Animal__kingdom
nmod>conj> worm	1.0	0.894	free_topic	Animal__kingdom
nmod>acl>mark> to	1.0	0.328	free_topic	Animal__kingdom
appos<appos>det> a	1.0	0.452	free_topic	Animal__kingdom
parataxis>obl>case> in	1.0	0.339	free_topic	Animal__kingdom
nsubj<conj<cop> be	1.0	0.516	free_topic	Animal__kingdom
nsubj<conj>det> a	1.0	0.321	free_topic	Animal__kingdom
parataxis>conj>cc> and	1.0	0.485	free_topic	Animal__kingdom
nsubj>amod> most	1.0	0.265	free_topic	Animal__kingdom
conj>nmod>case> such	1.0	0.456	free_topic	Animal__kingdom
conj>case> on	1.0	0.747	free_topic	Animal__kingdom
nmod>conj> snail	1.0	0.879	free_topic	Animal__kingdom
conj<obl<nsubj> turtle	1.0	0.335	free_topic	Animal__kingdom
conj<nsubj> they	1.0	0.742	free_topic	Animal__kingdom
conj<obl<conj> fish	1.0	0.435	free_topic	Animal__kingdom
conj<conj> barnacle	1.0	0.91	free_topic	Animal__kingdom
conj<conj> mollusk	1.0	0.913	free_topic	Animal__kingdom
conj<compound> sea	1.0	0.42	free_topic	Animal__kingdom
conj<obl<advmod> mainly	1.0	0.501	free_topic	Animal__kingdom
conj<obl>case> to	1.0	0.632	free_topic	Animal__kingdom
nsubj:pass<xcomp>aux:pass> be	1.0	0.74	free_topic	Animal__kingdom
acl:relcl>obl>nmod:poss> they	1.0	0.28	free_topic	Animal__kingdom
acl:relcl>obl> range	1.0	0.375	free_topic	Animal__kingdom
nsubj> species	1.0	0.335	free_topic	Animal__kingdom
nsubj<advcl>aux> have	1.0	0.337	free_topic	Animal__kingdom
advmod> not	1.0	0.411	free_topic	Animal__kingdom
obl>det> the	1.0	0.273	free_topic	Animal__kingdom
amod>advmod> as	1.0	0.189	free_topic	Animal__kingdom
conj<obl>case> as	1.0	0.513	free_topic	Animal__kingdom
advmod> mostly	1.0	0.418	free_topic	Animal__kingdom
nsubj<obl>det> this	1.0	0.655	free_topic	Animal__kingdom
acl:relcl>nsubj>nmod:poss> whose	1.0	0.71	free_topic	Animal__kingdom
nmod<nmod<cc> and	1.0	0.342	free_topic	Animal__kingdom
nmod<obl< feed	1.0	0.486	free_topic	Animal__kingdom
obl<obl>det> a	1.0	0.348	free_topic	Animal__kingdom
obl<ccomp<cop> be	1.0	0.291	free_topic	Animal__kingdom
obl<aux> be	1.0	0.826	free_topic	Animal__kingdom
obl< find	1.0	0.453	free_topic	Animal__kingdom
nsubj:pass<obl>case> for	1.0	0.744	free_topic	Animal__kingdom
amod>advmod> more	1.0	0.256	free_topic	Animal__kingdom
obj< make	1.0	0.51	free_topic	Animal__kingdom
obj<advmod> sometimes	1.0	0.704	free_topic	Animal__kingdom
obl<ccomp<nsubj> it	1.0	0.44	free_topic	Animal__kingdom
conj<advmod> where	1.0	0.441	free_topic	Animal__kingdom
obj<obl>case> with	1.0	0.664	free_topic	Animal__kingdom
nmod<det> any	1.0	0.554	free_topic	Animal__kingdom
advmod> strictly	1.0	0.377	free_topic	Animal__kingdom
nsubj<appos>cop> be	1.0	0.412	free_topic	Animal__kingdom
obl<parataxis>aux:pass> be	1.0	0.558	free_topic	Animal__kingdom
conj>advmod> usually	1.0	0.617	free_topic	Animal__kingdom
nsubj<acl:relcl>nsubj> which	1.0	0.405	free_topic	Animal__kingdom
nmod<nmod>case> to	1.0	0.449	free_topic	Animal__kingdom
nmod<obl<advmod> typically	1.0	0.506	free_topic	Animal__kingdom
obj<advcl<cc> and	1.0	0.356	free_topic	Animal__kingdom
obj<acl:relcl<det> a	1.0	0.336	free_topic	Animal__kingdom
obj<nsubj> which	1.0	0.353	free_topic	Animal__kingdom
nmod<nmod<obj< provide	1.0	0.566	free_topic	Animal__kingdom
conj> insect	1.0	1.081	free_topic	Animal__kingdom
nmod<nmod<case> on	1.0	0.368	free_topic	Animal__kingdom
nmod<nmod< side	1.0	0.64	free_topic	Animal__kingdom
nmod<nmod:poss> its	1.0	0.359	free_topic	Animal__kingdom
cc> but	1.0	0.862	free_topic	Animal__kingdom
conj<obl<mark> to	1.0	0.51	free_topic	Animal__kingdom
obl<obj> system	1.0	0.483	free_topic	Animal__kingdom
nmod<obl< know	1.0	0.471	free_topic	Animal__kingdom
compound<nmod>case> of	1.0	0.935	free_topic	Animal__kingdom
compound> Pompeii	1.0	0.604	free_topic	Animal__kingdom
obl<nsubj:pass> that	1.0	0.773	free_topic	Animal__kingdom
nsubj<amod>advmod> ...	1.0	0.524	free_topic	Animal__kingdom
conj>nmod>det> ...	1.0	0.633	free_topic	Animal__kingdom
compound<conj<appos< ...	1.0	0.228	free_topic	Animal__kingdom
conj<conj>appos> ...	1.0	0.404	free_topic	Animal__kingdom
compound<conj<appos> ...	1.0	0.423	free_topic	Animal__kingdom
compound<obj<obl> ...	1.0	0.293	free_topic	Animal__kingdom
nsubj:pass<obj>det> ...	1.0	0.446	free_topic	Animal__kingdom
compound<nsubj<advcl< ...	1.0	0.318	free_topic	Animal__kingdom
obl<advmod>advmod> ...	1.0	0.525	free_topic	Animal__kingdom
obl<advcl<acl< ...	1.0	0.545	free_topic	Animal__kingdom
compound<obj<conj> ...	1.0	0.326	free_topic	Animal__kingdom
nmod<acl:relcl<det> ...	1.0	0.397	free_topic	Animal__kingdom
nmod<nmod<mark> ...	1.0	0.435	free_topic	Animal__kingdom
nsubj<acl:relcl>nsubj:pass> ...	1.0	0.294	free_topic	Animal__kingdom
compound<appos>nummod> ...	1.0	0.103	free_topic	Animal__kingdom
compound<appos> ...	1.0	0.209	free_topic	Animal__kingdom
compound<appos>compound> ...	1.0	0.239	free_topic	Animal__kingdom
nsubj<acl:relcl>aux:pass> ...	1.0	0.44	free_topic	Animal__kingdom
appos<nsubj:pass<obl> ...	1.0	0.275	free_topic	Animal__kingdom
appos<nsubj:pass< ...	1.0	0.228	free_topic	Animal__kingdom
appos<nsubj:pass<aux:pass> ...	1.0	0.457	free_topic	Animal__kingdom
compound<obj<aux> ...	1.0	0.339	free_topic	Animal__kingdom
conj<xcomp>mark> ...	1.0	0.393	free_topic	Animal__kingdom
conj<xcomp> ...	1.0	0.404	free_topic	Animal__kingdom
obj<obl>advmod> ...	1.0	0.57	free_topic	Animal__kingdom
obj<conj<advmod> ...	1.0	0.21	free_topic	Animal__kingdom
conj<xcomp>obj> ...	1.0	0.323	free_topic	Animal__kingdom
nsubj<conj>nummod> ...	1.0	0.572	free_topic	Animal__kingdom
compound<obl<ccomp> ...	1.0	0.664	free_topic	Animal__kingdom
obl<acl:relcl<obl> ...	1.0	0.224	free_topic	Animal__kingdom
compound>case> ...	1.0	0.542	free_topic	Animal__kingdom
obl<acl<conj< ...	1.0	0.252	free_topic	Animal__kingdom
ccomp<obj> ...	1.0	0.555	free_topic	Animal__kingdom
ccomp<obl>amod> ...	1.0	0.388	free_topic	Animal__kingdom
nsubj<parataxis<obj> ...	1.0	0.311	free_topic	Animal__kingdom
appos<conj> ...	1.0	0.498	free_topic	Animal__kingdom
appos<mark> ...	1.0	0.438	free_topic	Animal__kingdom
obj<conj<det> ...	1.0	0.245	free_topic	Animal__kingdom
obl<acl<cc> ...	1.0	0.575	free_topic	Animal__kingdom
acl:relcl>conj>amod> ...	1.0	0.408	free_topic	Animal__kingdom
acl:relcl>conj>case> ...	1.0	0.258	free_topic	Animal__kingdom
nsubj:pass<conj>det> ...	1.0	0.481	free_topic	Animal__kingdom
nsubj:pass<advcl>cop> ...	1.0	0.437	free_topic	Animal__kingdom
compound<appos<amod> ...	1.0	0.241	free_topic	Animal__kingdom
nsubj:pass<advcl>nsubj> ...	1.0	0.147	free_topic	Animal__kingdom
obj<ccomp<aux> ...	1.0	0.521	free_topic	Animal__kingdom
obl<advmod< ...	1.0	0.428	free_topic	Animal__kingdom
nmod<xcomp< ...	1.0	0.256	free_topic	Animal__kingdom
obl<acl:relcl>obl> ...	1.0	0.577	free_topic	Animal__kingdom
obl<acl:relcl> ...	1.0	0.391	free_topic	Animal__kingdom
obl<advcl>obl> ...	1.0	0.267	free_topic	Animal__kingdom
nmod<appos<case> ...	1.0	0.367	free_topic	Animal__kingdom
acl>obj>compound> ...	1.0	0.391	free_topic	Animal__kingdom
nsubj:pass<ccomp> ...	1.0	0.329	free_topic	Animal__kingdom
nsubj:pass<xcomp>amod> ...	1.0	0.372	free_topic	Animal__kingdom
nsubj:pass<xcomp>det> ...	1.0	0.29	free_topic	Animal__kingdom
nsubj:pass<xcomp>cop> ...	1.0	0.294	free_topic	Animal__kingdom
compound<obj<conj< ...	1.0	0.245	free_topic	Animal__kingdom
nmod<nsubj<aux> ...	1.0	0.321	free_topic	Animal__kingdom
acl>xcomp>mark> ...	1.0	0.667	free_topic	Animal__kingdom
nmod<acl:relcl>advmod> ...	1.0	0.616	free_topic	Animal__kingdom
nmod<acl:relcl>cop> ...	1.0	0.577	free_topic	Animal__kingdom
nmod<case>fixed> ...	1.0	0.425	free_topic	Animal__kingdom
nmod<nsubj<conj< ...	1.0	0.457	free_topic	Animal__kingdom
nmod<obj<advcl> ...	1.0	0.502	free_topic	Animal__kingdom
compound<conj<obj< ...	1.0	0.694	free_topic	Animal__kingdom
acl>conj>cc> ...	1.0	0.535	free_topic	Animal__kingdom
nmod<appos>conj> ...	1.0	0.387	free_topic	Animal__kingdom
obj<acl:relcl<case> ...	1.0	0.214	free_topic	Animal__kingdom
obj<acl:relcl<obl< ...	1.0	0.178	free_topic	Animal__kingdom
obj<acl:relcl<compound> ...	1.0	0.227	free_topic	Animal__kingdom
obj<acl:relcl<obj< ...	1.0	0.463	free_topic	Animal__kingdom
nmod<conj>obj> ...	1.0	0.383	free_topic	Animal__kingdom
obl<conj<case> ...	1.0	0.635	free_topic	Animal__kingdom
compound<obl<ccomp< ...	1.0	0.443	free_topic	Animal__kingdom
obl<acl<nsubj< ...	1.0	0.351	free_topic	Animal__kingdom
conj<obl<ccomp< ...	1.0	0.479	free_topic	Animal__kingdom
obl<acl<cop> ...	1.0	0.468	free_topic	Animal__kingdom
obl<acl<mark> ...	1.0	0.44	free_topic	Animal__kingdom
obl<acl<xcomp< ...	1.0	0.318	free_topic	Animal__kingdom
compound<nsubj:pass<xcomp> ...	1.0	0.548	free_topic	Animal__kingdom
nmod:poss<compound> ...	1.0	0.481	free_topic	Animal__kingdom
acl>obj>nmod> ...	1.0	0.4	free_topic	Animal__kingdom
conj<nsubj<advcl< ...	1.0	0.213	free_topic	Animal__kingdom
obl<acl:relcl<cc> ...	1.0	0.494	free_topic	Animal__kingdom
obj<acl<nmod> ...	1.0	0.612	free_topic	Animal__kingdom
nsubj<conj>cop> ...	1.0	0.469	free_topic	Animal__kingdom
nsubj<advcl>ccomp> ...	1.0	0.351	free_topic	Animal__kingdom
appos<nsubj<obl> ...	1.0	0.289	free_topic	Animal__kingdom
appos<compound> ...	1.0	0.702	free_topic	Animal__kingdom
acl:relcl>conj>obl> ...	1.0	0.307	free_topic	Animal__kingdom
nmod<parataxis> ...	1.0	0.314	free_topic	Animal__kingdom
nmod<parataxis>nsubj> ...	1.0	0.291	free_topic	Animal__kingdom
conj<obl>conj> ...	1.0	0.336	free_topic	Animal__kingdom
nmod>advmod> ...	1.0	0.426	free_topic	Animal__kingdom
amod>mark> ...	1.0	0.549	free_topic	Animal__kingdom
obj<nsubj:pass> ...	1.0	0.213	free_topic	Animal__kingdom
conj<obj<acl:relcl< ...	1.0	0.487	free_topic	Animal__kingdom
nmod<conj>advmod> ...	1.0	0.631	free_topic	Animal__kingdom
appos<nummod> ...	1.0	0.545	free_topic	Animal__kingdom
nsubj<nmod>det> ...	1.0	0.815	free_topic	Animal__kingdom
nmod<obl<xcomp< ...	1.0	0.504	free_topic	Animal__kingdom
obl<advcl<obl> ...	1.0	0.424	free_topic	Animal__kingdom
nmod<advcl>nsubj> ...	1.0	0.241	free_topic	Animal__kingdom
nmod<obl>nmod> ...	1.0	0.199	free_topic	Animal__kingdom
acl:relcl>det> ...	1.0	0.371	free_topic	Animal__kingdom
obl<acl:relcl<appos> ...	1.0	0.271	free_topic	Animal__kingdom
obl<acl:relcl<cop> ...	1.0	0.397	free_topic	Animal__kingdom
obl<xcomp<advcl< ...	1.0	0.246	free_topic	Animal__kingdom
conj<appos<nmod> ...	1.0	0.653	free_topic	Animal__kingdom
nmod>nmod:poss>case> ...	1.0	0.758	free_topic	Animal__kingdom
nmod>nmod:poss>det> ...	1.0	0.453	free_topic	Animal__kingdom
nsubj<nmod>conj> ...	1.0	0.406	free_topic	Animal__kingdom
nsubj<obl>acl:relcl> ...	1.0	0.415	free_topic	Animal__kingdom
nsubj:pass<advcl>advmod> ...	1.0	0.299	free_topic	Animal__kingdom
obj<xcomp<obl> ...	1.0	0.307	free_topic	Animal__kingdom
nmod<acl:relcl<case> ...	1.0	0.4	free_topic	Animal__kingdom
advcl<obj> ...	1.0	0.409	free_topic	Animal__kingdom
nmod<conj<appos> ...	1.0	0.251	free_topic	Animal__kingdom
nmod<conj<nummod> ...	1.0	0.769	free_topic	Animal__kingdom
advcl>cop> ...	1.0	0.335	free_topic	Animal__kingdom
nmod<nsubj:pass<xcomp> ...	1.0	0.441	free_topic	Animal__kingdom
nmod<obl<ccomp> ...	1.0	0.285	free_topic	Animal__kingdom
advmod>fixed> ...	1.0	0.7	free_topic	Animal__kingdom
nmod<advcl>obj> ...	1.0	0.252	free_topic	Animal__kingdom
xcomp<nsubj>nmod> ...	1.0	0.303	free_topic	Animal__kingdom
acl:relcl>nsubj>amod> ...	1.0	0.807	free_topic	Animal__kingdom
acl:relcl>nsubj>nmod:poss> ...	1.0	0.71	free_topic	Animal__kingdom
compound<conj<nsubj> ...	1.0	0.423	free_topic	Animal__kingdom
obl<amod<acl:relcl> ...	1.0	0.681	free_topic	Animal__kingdom
conj<nsubj>nmod> ...	1.0	0.342	free_topic	Animal__kingdom
obj<conj<ccomp< ...	1.0	0.444	free_topic	Animal__kingdom
amod>conj>advmod> ...	1.0	0.544	free_topic	Animal__kingdom
obl<amod< ...	1.0	0.296	free_topic	Animal__kingdom
advcl>obl>case> ...	1.0	0.512	free_topic	Animal__kingdom
conj<nmod<compound> ...	1.0	0.45	free_topic	Animal__kingdom
conj<nsubj>appos> ...	1.0	0.172	free_topic	Animal__kingdom
nsubj:pass<xcomp>advcl> ...	1.0	0.352	free_topic	Animal__kingdom
nsubj:pass<xcomp>aux:pass> ...	1.0	0.74	free_topic	Animal__kingdom
acl:relcl>obl>nmod:poss> ...	1.0	0.28	free_topic	Animal__kingdom
nmod<obj<nmod> ...	1.0	0.47	free_topic	Animal__kingdom
advcl>obl> ...	1.0	0.852	free_topic	Animal__kingdom
nmod>acl>mark> ...	1.0	0.328	free_topic	Animal__kingdom
nmod:poss<obj<advmod> ...	1.0	0.42	free_topic	Animal__kingdom
appos<appos>amod> ...	1.0	0.252	free_topic	Animal__kingdom
appos<nsubj>det> ...	1.0	0.363	free_topic	Animal__kingdom
obl>det> ...	1.0	0.273	free_topic	Animal__kingdom
nsubj:pass<parataxis> ...	1.0	0.527	free_topic	Animal__kingdom
obj<conj>nmod> ...	1.0	0.37	free_topic	Animal__kingdom
conj<nmod<obj< ...	1.0	0.324	free_topic	Animal__kingdom
nmod<nsubj<acl:relcl> ...	1.0	0.407	free_topic	Animal__kingdom
compound<nsubj<ccomp< ...	1.0	0.243	free_topic	Animal__kingdom
nmod:poss<nmod<nmod< ...	1.0	0.582	free_topic	Animal__kingdom
nmod<obj<acl:relcl> ...	1.0	0.61	free_topic	Animal__kingdom
conj<nsubj<obj> ...	1.0	0.709	free_topic	Animal__kingdom
acl>obj>amod> ...	1.0	0.324	free_topic	Animal__kingdom
acl>obj>det> ...	1.0	0.297	free_topic	Animal__kingdom
nsubj<parataxis<obl> ...	1.0	0.315	free_topic	Animal__kingdom
nmod:poss<nmod<compound> ...	1.0	0.595	free_topic	Animal__kingdom
conj<obj>amod> ...	1.0	0.499	free_topic	Animal__kingdom
conj<obj>det> ...	1.0	0.705	free_topic	Animal__kingdom
conj<advcl< ...	1.0	0.261	free_topic	Animal__kingdom
compound>flat> ...	1.0	0.658	free_topic	Animal__kingdom
conj<compound< ...	1.0	0.458	free_topic	Animal__kingdom
conj<compound<case> ...	1.0	0.301	free_topic	Animal__kingdom
conj<compound<nmod< ...	1.0	0.295	free_topic	Animal__kingdom
obl<acl<nsubj> ...	1.0	0.295	free_topic	Animal__kingdom
compound<obj<acl:relcl< ...	1.0	0.352	free_topic	Animal__kingdom
flat<compound<compound< ...	1.0	0.441	free_topic	Animal__kingdom
conj>obj>compound> ...	1.0	0.338	free_topic	Animal__kingdom
nsubj<conj>nmod:poss> ...	1.0	0.35	free_topic	Animal__kingdom
conj<nsubj<det> ...	1.0	0.373	free_topic	Animal__kingdom
nsubj<advmod>advmod> ...	1.0	0.378	free_topic	Animal__kingdom
compound<nmod<nmod> ...	1.0	0.399	free_topic	Animal__kingdom
nmod<obl<parataxis> ...	1.0	0.288	free_topic	Animal__kingdom
flat<compound< ...	1.0	0.187	free_topic	Animal__kingdom
nsubj<obj>case> ...	1.0	0.26	free_topic	Animal__kingdom
nmod>nmod>nmod> ...	1.0	0.318	free_topic	Animal__kingdom
obl<ccomp<advmod> ...	1.0	0.557	free_topic	Animal__kingdom
obl<conj<ccomp< ...	1.0	0.302	free_topic	Animal__kingdom
nmod<nmod<nmod< ...	1.0	0.21	free_topic	Animal__kingdom
obj<obj>acl> ...	1.0	0.482	free_topic	Animal__kingdom
obj<obj>det> ...	1.0	0.389	free_topic	Animal__kingdom
appos>flat> ...	1.0	0.226	free_topic	Animal__kingdom
appos<obj< ...	1.0	0.389	free_topic	Animal__kingdom
appos<obj<nsubj> ...	1.0	0.32	free_topic	Animal__kingdom
obj<conj<case> ...	1.0	0.366	free_topic	Animal__kingdom
nmod<obl<ccomp< ...	1.0	0.519	free_topic	Animal__kingdom
nmod:poss<nmod<nsubj> ...	1.0	0.448	free_topic	Animal__kingdom
nsubj>appos> ...	1.0	0.359	free_topic	Animal__kingdom
nsubj>appos>compound> ...	1.0	0.304	free_topic	Animal__kingdom
nsubj>nmod>nummod> ...	1.0	0.558	free_topic	Animal__kingdom
nmod<nmod<nmod> ...	1.0	0.334	free_topic	Animal__kingdom
nsubj<ccomp> ...	1.0	0.431	free_topic	Animal__kingdom
nsubj<nsubj>nmod> ...	1.0	0.735	free_topic	Animal__kingdom
compound<nmod<mark> ...	1.0	0.238	free_topic	Animal__kingdom
nsubj<compound:prt> ...	1.0	0.459	free_topic	Animal__kingdom
compound<advmod>advmod> ...	1.0	0.25	free_topic	Animal__kingdom
obl<parataxis>aux:pass> ...	1.0	0.558	free_topic	Animal__kingdom
nsubj<appos> ...	1.0	0.458	free_topic	Animal__kingdom
xcomp<aux> ...	1.0	0.219	free_topic	Animal__kingdom
parataxis>det> ...	1.0	0.627	free_topic	Animal__kingdom
compound<nsubj<cc> ...	1.0	0.246	free_topic	Animal__kingdom
nsubj<nummod> ...	1.0	0.431	free_topic	Animal__kingdom
nsubj:pass<xcomp>aux> ...	1.0	0.269	free_topic	Animal__kingdom
nsubj<acl:relcl<det> ...	1.0	0.302	free_topic	Animal__kingdom
appos<acl>obl> ...	1.0	0.42	free_topic	Animal__kingdom
compound<nsubj<advcl> ...	1.0	0.482	free_topic	Animal__kingdom
obj<ccomp<mark> ...	1.0	0.254	free_topic	Animal__kingdom
nmod>acl:relcl>advmod> ...	1.0	0.474	free_topic	Animal__kingdom
conj>acl>obl> ...	1.0	0.427	free_topic	Animal__kingdom
conj<nsubj:pass>compound> ...	1.0	0.51	free_topic	Animal__kingdom
compound<nsubj<nmod> ...	1.0	0.495	free_topic	Animal__kingdom
compound<nsubj<amod> ...	1.0	0.438	free_topic	Animal__kingdom
appos<nsubj<obj> ...	1.0	0.305	free_topic	Animal__kingdom
nsubj<appos>cop> ...	1.0	0.412	free_topic	Animal__kingdom
obj<acl<det> ...	1.0	0.671	free_topic	Animal__kingdom
obl<advcl>ccomp> ...	1.0	0.268	free_topic	Animal__kingdom
conj<obl<acl< ...	1.0	0.394	free_topic	Animal__kingdom
compound<nsubj<acl:relcl> ...	1.0	0.449	free_topic	Animal__kingdom
conj>nsubj> ...	1.0	0.37	free_topic	Animal__kingdom
obl<acl<obj< ...	1.0	0.358	free_topic	Animal__kingdom
conj>compound>compound> ...	1.0	0.346	free_topic	Animal__kingdom
obl<conj>nsubj> ...	1.0	0.378	free_topic	Animal__kingdom
nsubj:pass<obl>acl:relcl> ...	1.0	0.291	free_topic	Animal__kingdom
nmod<conj>acl> ...	1.0	0.445	free_topic	Animal__kingdom
compound<compound<acl:relcl> ...	1.0	0.367	free_topic	Animal__kingdom
obj<conj<xcomp> ...	1.0	0.117	free_topic	Animal__kingdom
appos<nmod>nmod> ...	1.0	0.25	free_topic	Animal__kingdom
appos<nmod>compound> ...	1.0	0.388	free_topic	Animal__kingdom
appos<nmod>amod> ...	1.0	0.328	free_topic	Animal__kingdom
obj<advcl<amod> ...	1.0	0.703	free_topic	Animal__kingdom
nmod<nmod<cc> ...	1.0	0.342	free_topic	Animal__kingdom
nmod<nmod<conj< ...	1.0	0.554	free_topic	Animal__kingdom
parataxis< ...	1.0	0.301	free_topic	Animal__kingdom
nmod<nsubj<expl> ...	1.0	0.553	free_topic	Animal__kingdom
obj<advcl<nmod> ...	1.0	0.29	free_topic	Animal__kingdom
obl<ccomp<obl> ...	1.0	0.26	free_topic	Animal__kingdom
obl<advmod>obl> ...	1.0	0.439	free_topic	Animal__kingdom
nmod<acl>obj> ...	1.0	0.256	free_topic	Animal__kingdom
nmod<nmod>appos> ...	1.0	0.239	free_topic	Animal__kingdom
nsubj<ccomp<advcl> ...	1.0	0.484	free_topic	Animal__kingdom
obl<ccomp<cop> ...	1.0	0.291	free_topic	Animal__kingdom
conj<acl:relcl<det> ...	1.0	0.405	free_topic	Animal__kingdom
conj<acl:relcl<case> ...	1.0	0.336	free_topic	Animal__kingdom
obl<parataxis<nsubj> ...	1.0	0.499	free_topic	Animal__kingdom
obl<parataxis<obl> ...	1.0	0.383	free_topic	Animal__kingdom
nmod<nsubj<advcl< ...	1.0	0.498	free_topic	Animal__kingdom
obj<acl:relcl<conj> ...	1.0	0.425	free_topic	Animal__kingdom
conj<obl<xcomp< ...	1.0	0.274	free_topic	Animal__kingdom
nsubj<advcl>aux> ...	1.0	0.337	free_topic	Animal__kingdom
nmod>nmod>compound> ...	1.0	0.383	free_topic	Animal__kingdom
parataxis>conj>obj> ...	1.0	0.673	free_topic	Animal__kingdom
parataxis>conj> ...	1.0	0.226	free_topic	Animal__kingdom
parataxis>conj>cc> ...	1.0	0.485	free_topic	Animal__kingdom
nsubj<conj<cop> ...	1.0	0.516	free_topic	Animal__kingdom
conj<acl:relcl<amod> ...	1.0	0.301	free_topic	Animal__kingdom
obj<conj>acl:relcl> ...	1.0	0.338	free_topic	Animal__kingdom
appos>nmod>det> ...	1.0	0.296	free_topic	Animal__kingdom
appos>nummod> ...	1.0	0.528	free_topic	Animal__kingdom
obj<aux> may	1.0	0.348	free_topic	Animal__kingdom
compound<obj<nsubj> which	1.0	0.666	free_topic	Animal__kingdom
conj> have	1.0	0.846	free_topic	Animal__kingdom
conj<nsubj<mark> while	1.0	0.578	free_topic	Animal__kingdom
conj<nsubj<det> the	1.0	0.387	free_topic	Animal__kingdom
nsubj<conj>nmod:poss> its	1.0	0.35	free_topic	Animal__kingdom
nsubj<conj>case> over	1.0	0.55	free_topic	Animal__kingdom
nsubj<obj>det> this	1.0	0.35	free_topic	Animal__kingdom
conj<nmod<nmod< variety	1.0	0.357	free_topic	Animal__kingdom
nsubj<advcl<advmod> now	1.0	0.254	free_topic	Animal__kingdom
conj<amod> large	1.0	0.883	free_topic	Animal__kingdom
nmod<nmod<case> in	1.0	0.321	free_topic	Animal__kingdom
appos<obj< include	1.0	0.383	free_topic	Animal__kingdom
appos>det> the	1.0	0.539	free_topic	Animal__kingdom
compound<case> when	1.0	0.331	free_topic	Animal__kingdom
nmod<conj<advmod> ...	1.0	0.436	free_topic	Animal__kingdom
compound<obl<aux> ...	1.0	0.352	free_topic	Animal__kingdom
nmod<conj>nmod> ...	1.0	0.202	free_topic	Animal__kingdom
nmod<conj>cop> ...	1.0	0.615	free_topic	Animal__kingdom
nmod<conj>nsubj> ...	1.0	0.292	free_topic	Animal__kingdom
conj>cop> ...	1.0	0.503	free_topic	Animal__kingdom
obl<acl<compound> ...	1.0	0.369	free_topic	Animal__kingdom
obl<obj>acl:relcl> ...	1.0	0.472	free_topic	Animal__kingdom
obl<advcl<conj> ...	1.0	0.569	free_topic	Animal__kingdom
compound<nmod<advcl> ...	1.0	0.268	free_topic	Animal__kingdom
nmod<nsubj<det> ...	1.0	0.353	free_topic	Animal__kingdom
nmod<appos>compound> ...	1.0	0.446	free_topic	Animal__kingdom
nmod<nmod<compound> ...	1.0	0.222	free_topic	Animal__kingdom
obj<advcl<advcl< ...	1.0	0.171	free_topic	Animal__kingdom
nsubj<ccomp<aux:pass> ...	1.0	0.469	free_topic	Animal__kingdom
nsubj<ccomp<nsubj:pass> ...	1.0	0.305	free_topic	Animal__kingdom
obj<conj<aux:pass> ...	1.0	0.248	free_topic	Animal__kingdom
obj<conj<nsubj:pass> ...	1.0	0.323	free_topic	Animal__kingdom
obl<ccomp< suggest	1.0	0.402	free_topic	Animal__kingdom
obl<advcl<case> ...	1.0	0.787	free_topic	Animal__kingdom
obl<obl>appos> ...	1.0	0.315	free_topic	Animal__kingdom
obl<advcl>nsubj:pass> ...	1.0	0.207	free_topic	Animal__kingdom
obl<xcomp<nsubj:pass> ...	1.0	0.192	free_topic	Animal__kingdom
obl<xcomp<conj< ...	1.0	0.434	free_topic	Animal__kingdom
obl<nmod>compound> ...	1.0	0.421	free_topic	Animal__kingdom
conj<parataxis> ...	1.0	0.245	free_topic	Animal__kingdom
conj<parataxis>nsubj> ...	1.0	0.338	free_topic	Animal__kingdom
nsubj:pass<obl>acl> ...	1.0	0.334	free_topic	Animal__kingdom
nsubj<compound> ...	1.0	0.381	free_topic	Animal__kingdom
obl<xcomp<cc> ...	1.0	0.22	free_topic	Animal__kingdom
obl<xcomp<aux:pass> ...	1.0	0.178	free_topic	Animal__kingdom
acl:relcl>advcl>obj> ...	1.0	0.618	free_topic	Animal__kingdom
appos<obl> ...	1.0	0.387	free_topic	Animal__kingdom
appos<obl>det> ...	1.0	0.501	free_topic	Animal__kingdom
appos<obl>case> ...	1.0	0.542	free_topic	Animal__kingdom
det:predet> ...	1.0	0.311	free_topic	Animal__kingdom
obj<xcomp<conj> ...	1.0	0.459	free_topic	Animal__kingdom
obj<xcomp<aux> ...	1.0	0.28	free_topic	Animal__kingdom
obj<xcomp<obj> ...	1.0	0.58	free_topic	Animal__kingdom
obl<xcomp>advmod> ...	1.0	0.433	free_topic	Animal__kingdom
obj<xcomp<advcl< ...	1.0	0.546	free_topic	Animal__kingdom
acl:relcl>case> ...	1.0	0.21	free_topic	Animal__kingdom
nmod<nmod>compound> ...	1.0	0.295	free_topic	Animal__kingdom
xcomp<nsubj>det> ...	1.0	0.414	free_topic	Animal__kingdom
obj<advcl<xcomp< ...	1.0	0.445	free_topic	Animal__kingdom
nmod<compound>compound> ...	1.0	0.266	free_topic	Animal__kingdom
nmod<ccomp< ...	1.0	0.277	free_topic	Animal__kingdom
nmod<mark> ...	1.0	0.248	free_topic	Animal__kingdom
nmod:poss<obj<conj< ...	1.0	0.486	free_topic	Animal__kingdom
nmod:poss<obj<cc> ...	1.0	0.245	free_topic	Animal__kingdom
parataxis>obj> ...	1.0	0.337	free_topic	Animal__kingdom
parataxis>obj>det> ...	1.0	0.511	free_topic	Animal__kingdom
nsubj>conj> ...	1.0	0.377	free_topic	Animal__kingdom
nsubj>conj>compound> ...	1.0	0.58	free_topic	Animal__kingdom
nsubj<acl:relcl<obl< ...	1.0	0.343	free_topic	Animal__kingdom
obj<conj>amod> ...	1.0	0.262	free_topic	Animal__kingdom
obj<nmod>conj> ...	1.0	0.422	free_topic	Animal__kingdom
obj<nmod> ...	1.0	0.313	free_topic	Animal__kingdom
obj<nmod>case> ...	1.0	0.512	free_topic	Animal__kingdom
compound<appos<det> ...	1.0	0.202	free_topic	Animal__kingdom
compound<obl<xcomp< ...	1.0	0.324	free_topic	Animal__kingdom
acl>obl>conj> ...	1.0	0.262	free_topic	Animal__kingdom
nmod<conj<obj> ...	1.0	0.269	free_topic	Animal__kingdom
conj<compound<case> of	1.0	0.301	free_topic	Animal__kingdom
nsubj<conj>aux> can	1.0	0.696	free_topic	Animal__kingdom
acl> produce	1.0	0.783	free_topic	Animal__kingdom
acl:relcl>obl>amod> coastal	1.0	0.319	free_topic	Animal__kingdom
nsubj:pass<obl> area	1.0	0.35	free_topic	Animal__kingdom
nsubj<obj> system	1.0	0.655	free_topic	Animal__kingdom
obl<conj<aux> can	1.0	0.597	free_topic	Animal__kingdom
compound<nmod< form	1.0	0.408	free_topic	Animal__kingdom
nsubj<obl> which	1.0	0.374	free_topic	Animal__kingdom
acl>obj> cell	1.0	0.533	free_topic	Animal__kingdom
obl<conj<mark> that	1.0	0.247	free_topic	Animal__kingdom
nmod<nmod<case> with	1.0	0.329	free_topic	Animal__kingdom
obj<advcl<aux> will	1.0	0.513	free_topic	Animal__kingdom
nmod<amod> main	1.0	0.786	free_topic	Animal__kingdom
compound>amod> deep	1.0	0.419	free_topic	Animal__kingdom
nsubj<obj> which	1.0	0.459	free_topic	Animal__kingdom
compound<amod> different	1.0	0.335	free_topic	Animal__kingdom
conj>amod> certain	1.0	0.201	free_topic	Animal__kingdom
conj>amod>advmod> even	1.0	0.548	free_topic	Animal__kingdom
obl<compound:prt> on	1.0	0.334	free_topic	Animal__kingdom
nsubj<conj>cop> be	1.0	0.469	free_topic	Animal__kingdom
conj<conj> urchin	1.0	0.902	free_topic	Animal__kingdom
appos> ecology	1.0	0.369	free_topic	Animal__kingdom
nsubj>amod> best	1.0	0.272	free_topic	Animal__kingdom
obl<acl:relcl<cc> and	1.0	0.494	free_topic	Animal__kingdom
nsubj<obl> May	1.0	0.406	free_topic	Animal__kingdom
nmod<obl<cc> but	1.0	0.437	free_topic	Animal__kingdom
acl>xcomp>mark> to	1.0	0.667	free_topic	Animal__kingdom
acl> know	1.0	0.728	free_topic	Animal__kingdom
nsubj:pass<advmod> also	1.0	0.422	free_topic	Animal__kingdom
nmod<acl:relcl>cop> be	1.0	0.577	free_topic	Animal__kingdom
obl<advmod> only	1.0	0.24	free_topic	Animal__kingdom
compound<nmod>det> a	1.0	0.329	free_topic	Animal__kingdom
compound<conj<case> on	1.0	0.442	free_topic	Animal__kingdom
nsubj<obl> tentacle	1.0	0.49	free_topic	Animal__kingdom
nmod<obl<advmod> now	1.0	0.382	free_topic	Animal__kingdom
nmod<amod> visual	1.0	0.493	free_topic	Animal__kingdom
nsubj<ccomp<aux> have	1.0	0.236	free_topic	Animal__kingdom
obl<obl> nematocyst	1.0	0.558	free_topic	Animal__kingdom
obl<obj> prey	1.0	0.612	free_topic	Animal__kingdom
obl<obj>amod> small	1.0	0.691	free_topic	Animal__kingdom
obl< catch	1.0	0.371	free_topic	Animal__kingdom
obl<acl< one	1.0	0.259	free_topic	Animal__kingdom
obl<acl<cop> be	1.0	0.468	free_topic	Animal__kingdom
obl<acl<mark> to	1.0	0.44	free_topic	Animal__kingdom
obl<acl<xcomp< think	1.0	0.318	free_topic	Animal__kingdom
appos>nmod>det> the	1.0	0.296	free_topic	Animal__kingdom
nsubj<obl>case> like	1.0	0.899	free_topic	Animal__kingdom
nsubj<parataxis>advmod> not	1.0	0.331	free_topic	Animal__kingdom
obl<advcl>mark> by	1.0	0.548	free_topic	Animal__kingdom
nsubj:pass<advmod> traditionally	1.0	0.501	free_topic	Animal__kingdom
obj<acl:relcl<det> the	1.0	0.418	free_topic	Animal__kingdom
compound<amod> most	1.0	0.425	free_topic	Animal__kingdom
obl<acl:relcl<cop> be	1.0	0.397	free_topic	Animal__kingdom
nmod<nmod>det> a	1.0	0.493	free_topic	Animal__kingdom
obl<obj> it	1.0	0.597	free_topic	Animal__kingdom
nsubj<nmod> bird	1.0	0.533	free_topic	Animal__kingdom
nmod<advmod> however	1.0	0.363	free_topic	Animal__kingdom
nmod>nmod:poss>case> 's	1.0	0.758	free_topic	Animal__kingdom
obl<conj> have	1.0	0.329	free_topic	Animal__kingdom
obl<conj>advmod> so	1.0	0.765	free_topic	Animal__kingdom
conj<conj>nmod:poss> they	1.0	0.564	free_topic	Animal__kingdom
nmod<det> every	1.0	0.558	free_topic	Animal__kingdom
obj<mark> than	1.0	0.429	free_topic	Animal__kingdom
acl>obl>case> at	1.0	0.449	free_topic	Animal__kingdom
nmod<advcl>mark> although	1.0	0.237	free_topic	Animal__kingdom
advcl>cop> be	1.0	0.335	free_topic	Animal__kingdom
nsubj<mark> since	1.0	0.396	free_topic	Animal__kingdom
nmod<nsubj<aux> have	1.0	0.357	free_topic	Animal__kingdom
obj<acl:relcl<case> to	1.0	0.302	free_topic	Animal__kingdom
conj<nmod<case> by	1.0	0.293	free_topic	Animal__kingdom
nsubj<ccomp< be	1.0	0.995	free_topic	Animal__kingdom
nmod<nmod<obj< include	1.0	0.702	free_topic	Animal__kingdom
acl>conj>cc> and	1.0	0.535	free_topic	Animal__kingdom
acl>advmod> now	1.0	0.555	free_topic	Animal__kingdom
conj<conj>compound> animal	1.0	0.32	free_topic	Animal__kingdom
nsubj<advmod> typically	1.0	0.668	free_topic	Animal__kingdom
obl<xcomp<aux:pass> be	1.0	0.178	free_topic	Animal__kingdom
obj<xcomp< use	1.0	0.479	free_topic	Animal__kingdom
nmod:poss<nmod>case> to	1.0	0.334	free_topic	Animal__kingdom
nsubj<conj> use	1.0	0.307	free_topic	Animal__kingdom
nsubj<obl>amod> same	1.0	0.573	free_topic	Animal__kingdom
nmod<obl<conj< suspect	1.0	0.344	free_topic	Animal__kingdom
nmod<obj< show	1.0	0.717	free_topic	Animal__kingdom
nmod:poss<obj<cc> and	1.0	0.261	free_topic	Animal__kingdom
nmod<mark> that	1.0	0.252	free_topic	Animal__kingdom
compound<compound<det> the	1.0	0.704	free_topic	Animal__kingdom
nmod<nsubj<det> a	1.0	0.358	free_topic	Animal__kingdom
conj>cop> be	1.0	0.503	free_topic	Animal__kingdom
obl<obj>compound> sea	1.0	0.328	free_topic	Animal__kingdom
nsubj<obj>compound> body	1.0	0.422	free_topic	Animal__kingdom
appos<amod> other	1.0	0.785	free_topic	Animal__kingdom
nsubj<ccomp< think	1.0	0.923	free_topic	Animal__kingdom
nmod<nsubj<mark> as	1.0	0.325	free_topic	Animal__kingdom
nmod<nmod< member	1.0	0.492	free_topic	Animal__kingdom
nmod<nmod<case> for	1.0	0.408	free_topic	Animal__kingdom
nsubj<ccomp<aux:pass> be	1.0	0.469	free_topic	Animal__kingdom
nmod<conj<advmod> traditionally	1.0	0.658	free_topic	Animal__kingdom
nmod<conj>cop> be	1.0	0.615	free_topic	Animal__kingdom
nsubj<ccomp<nsubj:pass> it	1.0	0.305	free_topic	Animal__kingdom
obj<aux> will	1.0	0.36	free_topic	Animal__kingdom
obj<conj<aux:pass> be	1.0	0.248	free_topic	Animal__kingdom
conj<nsubj> these	1.0	0.686	free_topic	Animal__kingdom
obl<xcomp<aux> have	1.0	0.439	free_topic	Animal__kingdom
nsubj<obj>det> no	1.0	0.432	free_topic	Animal__kingdom
obj<ccomp< suggest	1.0	0.282	free_topic	Animal__kingdom
conj<conj> snail	1.0	0.922	free_topic	Animal__kingdom
conj<conj> crab	1.0	0.94	free_topic	Animal__kingdom
nsubj<advcl>obj> they	1.0	0.519	free_topic	Animal__kingdom
obl< related	1.0	0.365	free_topic	Animal__kingdom
obl<acl:relcl<det> a	1.0	0.577	free_topic	Animal__kingdom
det:predet> all	1.0	0.311	free_topic	Animal__kingdom
compound<acl:relcl>nsubj> that	1.0	0.346	free_topic	Animal__kingdom
obl<advcl>nsubj> they	1.0	0.642	free_topic	Animal__kingdom
conj<amod> various	1.0	0.951	free_topic	Animal__kingdom
nsubj<obj> weight	1.0	0.518	free_topic	Animal__kingdom
nmod:poss<obj<nsubj> which	1.0	0.624	free_topic	Animal__kingdom
compound<obl< distribute	1.0	0.611	free_topic	Animal__kingdom
compound<obl<advmod> widely	1.0	0.498	free_topic	Animal__kingdom
compound<obl<nsubj:pass> predation	1.0	0.494	free_topic	Animal__kingdom
compound<appos<det> the	1.0	0.202	free_topic	Animal__kingdom
compound<case> with	1.0	0.311	free_topic	Animal__kingdom
acl>obl>case> on	1.0	0.548	free_topic	Animal__kingdom
case>fixed> to	1.0	0.481	free_topic	Animal__kingdom
obl<xcomp<nsubj> they	1.0	0.818	free_topic	Animal__kingdom
nmod:poss< diet	1.0	0.291	free_topic	Animal__kingdom
nsubj<case> in	1.0	0.392	free_topic	Animal__kingdom
conj>acl:relcl> live	1.0	0.532	free_topic	Animal__kingdom
conj<obl>case> with	1.0	0.542	free_topic	Animal__kingdom
compound<nmod<case> for	1.0	0.386	free_topic	Animal__kingdom
acl:relcl>conj>cc> and	1.0	0.398	free_topic	Animal__kingdom
nmod<det> all	1.0	0.61	free_topic	Animal__kingdom
nmod<amod> most	1.0	0.692	free_topic	Animal__kingdom
conj<nmod>amod> other	1.0	0.358	free_topic	Animal__kingdom
conj<obj<advmod> often	1.0	0.963	free_topic	Animal__kingdom
compound<nmod< system	1.0	0.248	free_topic	Animal__kingdom
nmod< part	1.0	0.536	free_topic	Animal__kingdom
acl:relcl>obl>case> by	1.0	0.611	free_topic	Animal__kingdom
obl<mark> when	1.0	0.547	free_topic	Animal__kingdom
nsubj:pass<advcl>cop> be	1.0	0.437	free_topic	Animal__kingdom
nsubj:pass<advcl>mark> by	1.0	0.41	free_topic	Animal__kingdom
nsubj:pass<advcl>mark> though	1.0	0.678	free_topic	Animal__kingdom
obj<conj<det> the	1.0	0.245	free_topic	Animal__kingdom
compound<nmod>case> from	1.0	0.888	free_topic	Animal__kingdom
nsubj:pass<xcomp>det> a	1.0	0.282	free_topic	Animal__kingdom
nsubj:pass<xcomp>cop> be	1.0	0.294	free_topic	Animal__kingdom
ccomp< think	1.0	0.388	free_topic	Animal__kingdom
obl<nsubj>amod> few	1.0	0.415	free_topic	Animal__kingdom
nummod> marine	1.0	0.359	free_topic	Animal__kingdom
nsubj:pass<advcl>mark> as	1.0	0.451	free_topic	Animal__kingdom
nmod< family	1.0	0.444	free_topic	Animal__kingdom
nmod:poss< position	1.0	0.431	free_topic	Animal__kingdom
obl<acl<cc> and	1.0	0.575	free_topic	Animal__kingdom
compound<nmod:poss> they	1.0	0.401	free_topic	Animal__kingdom
conj<obl>case> from	1.0	0.626	free_topic	Animal__kingdom
appos<nsubj< make	1.0	0.472	free_topic	Animal__kingdom
obl<parataxis>aux> can	1.0	0.246	free_topic	Animal__kingdom
nsubj<obj> soil	1.0	0.537	free_topic	Animal__kingdom
nsubj<advmod> more	1.0	0.868	free_topic	Animal__kingdom
compound<conj<case> by	1.0	0.467	free_topic	Animal__kingdom
nmod<compound> population	1.0	0.529	free_topic	Animal__kingdom
obj<advcl>nsubj> they	1.0	0.453	free_topic	Animal__kingdom
obj<advcl>mark> as	1.0	0.591	free_topic	Animal__kingdom
obj<advcl>obj> it	1.0	0.394	free_topic	Animal__kingdom
nmod<obj<aux> will	1.0	0.31	free_topic	Animal__kingdom
appos<nmod>case> of	1.0	0.572	free_topic	Animal__kingdom
appos< name	1.0	0.297	free_topic	Animal__kingdom
nmod<nmod< part	1.0	0.77	free_topic	Animal__kingdom
nsubj<acl< evidence	1.0	0.377	free_topic	Animal__kingdom
nsubj<obl>amod> other	1.0	0.828	free_topic	Animal__kingdom
nmod<obl< allow	1.0	0.531	free_topic	Animal__kingdom
conj<obl<advmod> also	1.0	0.584	free_topic	Animal__kingdom
conj<obl<aux> will	1.0	0.371	free_topic	Animal__kingdom
nmod<nsubj>det> these	1.0	0.633	free_topic	Animal__kingdom
conj< fish	1.0	0.538	free_topic	Animal__kingdom
nummod>advmod>fixed> than	1.0	0.714	free_topic	Animal__kingdom
obl<conj>cc> but	1.0	0.387	free_topic	Animal__kingdom
conj<conj>cc> but	1.0	0.542	free_topic	Animal__kingdom
nmod<appos>det> a	1.0	0.758	free_topic	Animal__kingdom
appos<nsubj:pass<aux:pass> be	1.0	0.457	free_topic	Animal__kingdom
flat> aurita	1.0	0.148	free_topic	Animal__kingdom
nsubj<acl:relcl>nsubj> that	1.0	0.477	free_topic	Animal__kingdom
nsubj<obl> general	1.0	0.331	free_topic	Animal__kingdom
nsubj<acl:relcl>aux:pass> be	1.0	0.44	free_topic	Animal__kingdom
nmod<nmod>case> in	1.0	0.496	free_topic	Animal__kingdom
nmod<acl:relcl> have	1.0	0.696	free_topic	Animal__kingdom
nmod<det> another	1.0	0.612	free_topic	Animal__kingdom
nsubj<advcl>mark> although	1.0	0.931	free_topic	Animal__kingdom
compound<nmod>case> to	1.0	0.847	free_topic	Animal__kingdom
conj>aux> can	1.0	0.475	free_topic	Animal__kingdom
nmod>nmod>case> like	1.0	0.69	free_topic	Animal__kingdom
compound>case> to	1.0	0.573	free_topic	Animal__kingdom
conj<xcomp>mark> to	1.0	0.393	free_topic	Animal__kingdom
compound> moon	1.0	0.66	free_topic	Animal__kingdom
compound<amod> other	1.0	0.39	free_topic	Animal__kingdom
nmod<obl<mark> to	1.0	0.298	free_topic	Animal__kingdom
nmod<obl<xcomp< know	1.0	0.501	free_topic	Animal__kingdom
nsubj<nmod>det> the	1.0	0.843	free_topic	Animal__kingdom
nsubj<nmod>case> in	1.0	0.297	free_topic	Animal__kingdom
conj<obj<nsubj> that	1.0	0.245	free_topic	Animal__kingdom
conj<obj<acl:relcl< animal	1.0	0.46	free_topic	Animal__kingdom
nsubj<conj>obl> animal	1.0	0.42	free_topic	Animal__kingdom
nmod>nummod> five	1.0	0.252	free_topic	Animal__kingdom
nsubj:pass<obj>det> a	1.0	0.446	free_topic	Animal__kingdom
nmod<compound> body	1.0	0.381	free_topic	Animal__kingdom
obl<advcl>mark> when	1.0	0.646	free_topic	Animal__kingdom
nsubj<obl> period	1.0	0.434	free_topic	Animal__kingdom
nsubj<advcl>advmod> not	1.0	0.65	free_topic	Animal__kingdom
nmod<nmod>case> with	1.0	0.437	free_topic	Animal__kingdom
conj>nmod>det> the	1.0	0.633	free_topic	Animal__kingdom
conj>cc>fixed> as	1.0	0.394	free_topic	Animal__kingdom
conj>cc>fixed> well	1.0	0.417	free_topic	Animal__kingdom
conj>cc> as	1.0	0.787	free_topic	Animal__kingdom
obl<nsubj> it	1.0	0.706	free_topic	Animal__kingdom
amod> ...	41.0	1.252	location_comment	Animal__kingdom
case> ...	29.0	0.909	location_comment	Animal__kingdom
det> ...	18.0	1.25	location_comment	Animal__kingdom
det> the	17.0	1.274	location_comment	Animal__kingdom
obl< ...	13.0	0.365	location_comment	Animal__kingdom
amod> hydrothermal	12.0	0.956	location_comment	Animal__kingdom
amod> intertidal	12.0	1.077	location_comment	Animal__kingdom
nmod< ...	12.0	0.428	location_comment	Animal__kingdom
nmod<det> ...	9.0	0.58	location_comment	Animal__kingdom
conj> ...	7.0	1.014	location_comment	Animal__kingdom
nmod<case> ...	7.0	0.897	location_comment	Animal__kingdom
nmod>case> ...	6.0	0.916	location_comment	Animal__kingdom
nmod> ...	6.0	0.597	location_comment	Animal__kingdom
nmod>det> ...	6.0	0.76	location_comment	Animal__kingdom
compound< ...	6.0	0.347	location_comment	Animal__kingdom
case> in	6.0	0.897	location_comment	Animal__kingdom
obl<nsubj> ...	6.0	0.735	location_comment	Animal__kingdom
compound<amod> ...	6.0	0.382	location_comment	Animal__kingdom
nmod<amod> ...	5.0	0.678	location_comment	Animal__kingdom
nmod<nmod> ...	5.0	0.485	location_comment	Animal__kingdom
case> of	5.0	0.941	location_comment	Animal__kingdom
nmod<nmod>case> ...	5.0	0.418	location_comment	Animal__kingdom
nsubj< ...	5.0	0.766	location_comment	Animal__kingdom
nsubj<parataxis>conj> ...	5.0	0.211	location_comment	Animal__kingdom
obl<obl> ...	5.0	0.534	location_comment	Animal__kingdom
conj>cc> ...	5.0	0.783	location_comment	Animal__kingdom
obl<obl>case> ...	5.0	0.367	location_comment	Animal__kingdom
nmod>det> the	5.0	0.68	location_comment	Animal__kingdom
compound<case> ...	4.0	0.297	location_comment	Animal__kingdom
compound<nmod< ...	4.0	0.217	location_comment	Animal__kingdom
obl<aux:pass> ...	4.0	0.404	location_comment	Animal__kingdom
conj>cc> and	4.0	0.785	location_comment	Animal__kingdom
obl<nsubj:pass> ...	4.0	0.628	location_comment	Animal__kingdom
nmod<nmod>det> ...	4.0	0.459	location_comment	Animal__kingdom
nmod<nmod>amod> ...	4.0	0.451	location_comment	Animal__kingdom
nsubj:pass<obl>case> ...	4.0	0.53	location_comment	Animal__kingdom
nmod<obl< ...	4.0	0.362	location_comment	Animal__kingdom
nmod<det> the	4.0	0.636	location_comment	Animal__kingdom
nsubj:pass< ...	4.0	0.261	location_comment	Animal__kingdom
nsubj:pass<obl> ...	4.0	0.34	location_comment	Animal__kingdom
compound> ...	4.0	0.581	location_comment	Animal__kingdom
nmod<nmod>det> the	4.0	0.432	location_comment	Animal__kingdom
nsubj:pass<aux:pass> be	4.0	0.586	location_comment	Animal__kingdom
nsubj:pass<aux:pass> ...	4.0	0.586	location_comment	Animal__kingdom
obl< find	4.0	0.453	location_comment	Animal__kingdom
obl<aux:pass> be	4.0	0.404	location_comment	Animal__kingdom
nsubj<nmod>case> ...	4.0	0.241	location_comment	Animal__kingdom
nsubj<nmod> ...	4.0	0.365	location_comment	Animal__kingdom
nmod<obl<aux:pass> ...	3.0	0.262	location_comment	Animal__kingdom
obj< ...	3.0	0.474	location_comment	Animal__kingdom
nmod<det> a	3.0	0.569	location_comment	Animal__kingdom
nmod>case> in	3.0	1.027	location_comment	Animal__kingdom
nmod>compound> ...	3.0	0.366	location_comment	Animal__kingdom
obl<obl>det> ...	3.0	0.379	location_comment	Animal__kingdom
nsubj<obl> ...	3.0	0.296	location_comment	Animal__kingdom
nsubj<appos>nmod> ...	3.0	0.424	location_comment	Animal__kingdom
nsubj<cop> be	3.0	0.67	location_comment	Animal__kingdom
nmod<obl<aux:pass> be	3.0	0.262	location_comment	Animal__kingdom
appos< ...	3.0	0.503	location_comment	Animal__kingdom
nmod<appos<nmod> ...	3.0	0.828	location_comment	Animal__kingdom
appos<compound> ...	3.0	0.702	location_comment	Animal__kingdom
appos> ...	3.0	0.347	location_comment	Animal__kingdom
case> to	3.0	0.867	location_comment	Animal__kingdom
compound<nmod<det> ...	3.0	0.339	location_comment	Animal__kingdom
nsubj<cop> ...	3.0	0.665	location_comment	Animal__kingdom
nsubj<obl>case> ...	3.0	0.95	location_comment	Animal__kingdom
nsubj<obl>amod> ...	3.0	0.709	location_comment	Animal__kingdom
obl<acl:relcl< ...	3.0	0.306	location_comment	Animal__kingdom
obl<acl:relcl<det> ...	2.0	0.576	location_comment	Animal__kingdom
obl<nsubj>amod> ...	2.0	0.309	location_comment	Animal__kingdom
compound<nmod<det> a	2.0	0.325	location_comment	Animal__kingdom
nsubj:pass<aux> ...	2.0	0.211	location_comment	Animal__kingdom
obl<conj<nsubj> ...	2.0	0.578	location_comment	Animal__kingdom
obl<conj< ...	2.0	0.354	location_comment	Animal__kingdom
obl<cc> ...	2.0	0.504	location_comment	Animal__kingdom
compound<nmod<obj< ...	2.0	0.312	location_comment	Animal__kingdom
obj<nsubj> ...	2.0	0.299	location_comment	Animal__kingdom
conj>amod> ...	2.0	0.222	location_comment	Animal__kingdom
nmod<appos<nmod> tide	2.0	0.762	location_comment	Animal__kingdom
compound<det> ...	2.0	0.621	location_comment	Animal__kingdom
nmod<obl<conj< symmetrical	2.0	0.568	location_comment	Animal__kingdom
nmod<nsubj> ...	2.0	0.352	location_comment	Animal__kingdom
nsubj<nmod>amod> ...	2.0	0.376	location_comment	Animal__kingdom
compound<case> of	2.0	0.281	location_comment	Animal__kingdom
obl<appos>nmod> ...	2.0	0.537	location_comment	Animal__kingdom
obl<appos> ...	2.0	0.198	location_comment	Animal__kingdom
compound> sea	2.0	0.699	location_comment	Animal__kingdom
nmod<obl<conj< ...	2.0	0.335	location_comment	Animal__kingdom
obl<cop> be	2.0	0.592	location_comment	Animal__kingdom
nsubj<conj>cc> and	2.0	0.565	location_comment	Animal__kingdom
nmod<obl<cc> ...	2.0	0.443	location_comment	Animal__kingdom
nsubj<nmod>case> at	2.0	0.181	location_comment	Animal__kingdom
nmod<obl<cc> and	2.0	0.451	location_comment	Animal__kingdom
nsubj<conj>cc> ...	2.0	0.592	location_comment	Animal__kingdom
nmod<obl< find	2.0	0.41	location_comment	Animal__kingdom
nmod<obl<obl> be	2.0	0.637	location_comment	Animal__kingdom
nmod<appos< ...	2.0	0.334	location_comment	Animal__kingdom
appos>nmod>case> ...	2.0	0.274	location_comment	Animal__kingdom
appos>nmod>amod> ...	2.0	0.325	location_comment	Animal__kingdom
appos>nmod> ...	2.0	0.384	location_comment	Animal__kingdom
case> on	2.0	0.953	location_comment	Animal__kingdom
nmod<det> every	2.0	0.558	location_comment	Animal__kingdom
nsubj<advmod> ...	2.0	0.886	location_comment	Animal__kingdom
compound<amod> coral	2.0	0.6	location_comment	Animal__kingdom
acl:relcl>nsubj> ...	2.0	0.558	location_comment	Animal__kingdom
acl:relcl> ...	2.0	0.41	location_comment	Animal__kingdom
nsubj<nmod> tide	2.0	0.374	location_comment	Animal__kingdom
nmod<nmod> zone	2.0	0.515	location_comment	Animal__kingdom
acl:relcl>obj>amod> ...	2.0	0.526	location_comment	Animal__kingdom
obl<cop> ...	2.0	0.592	location_comment	Animal__kingdom
nsubj<conj> ...	2.0	0.302	location_comment	Animal__kingdom
nmod<obl<obl> ...	2.0	0.494	location_comment	Animal__kingdom
nmod:poss<obl<obl> ...	2.0	0.462	location_comment	Animal__kingdom
appos<compound< ...	2.0	0.31	location_comment	Animal__kingdom
obl<nmod>case> ...	2.0	0.132	location_comment	Animal__kingdom
obj<advcl<obl> ...	2.0	0.549	location_comment	Animal__kingdom
nmod>compound> Pacific	2.0	0.383	location_comment	Animal__kingdom
obl<obl>det> the	2.0	0.424	location_comment	Animal__kingdom
obl<acl:relcl>obl> ...	2.0	0.577	location_comment	Animal__kingdom
obl<advmod> ...	2.0	0.276	location_comment	Animal__kingdom
nmod< part	2.0	0.536	location_comment	Animal__kingdom
nsubj:pass<obl>case> by	2.0	0.556	location_comment	Animal__kingdom
nmod<case> of	2.0	1.041	location_comment	Animal__kingdom
advmod> ...	2.0	0.401	location_comment	Animal__kingdom
nmod<obl<advmod> ...	2.0	0.245	location_comment	Animal__kingdom
nmod<nmod< ...	2.0	0.542	location_comment	Animal__kingdom
obl<aux> ...	2.0	0.745	location_comment	Animal__kingdom
obl<nsubj> that	2.0	0.798	location_comment	Animal__kingdom
obl<acl:relcl<det> a	2.0	0.577	location_comment	Animal__kingdom
obl<acl:relcl<amod> ...	2.0	0.361	location_comment	Animal__kingdom
obl<acl:relcl<case> ...	1.0	0.302	location_comment	Animal__kingdom
obj<parataxis< ...	1.0	0.365	location_comment	Animal__kingdom
obl<acl:relcl<obl< ...	1.0	0.303	location_comment	Animal__kingdom
compound<obj< ...	1.0	0.581	location_comment	Animal__kingdom
nmod<obl>case> in	1.0	0.434	location_comment	Animal__kingdom
compound>amod> ...	1.0	0.31	location_comment	Animal__kingdom
compound<obj<advcl< ...	1.0	0.445	location_comment	Animal__kingdom
acl:relcl>obj> ...	1.0	0.298	location_comment	Animal__kingdom
compound<obj<mark> ...	1.0	0.295	location_comment	Animal__kingdom
acl:relcl>nsubj>det> the	1.0	0.907	location_comment	Animal__kingdom
appos<amod> ...	1.0	0.54	location_comment	Animal__kingdom
acl:relcl>advmod> where	1.0	0.34	location_comment	Animal__kingdom
conj<case> ...	1.0	0.392	location_comment	Animal__kingdom
nmod<nmod<amod> ...	1.0	0.404	location_comment	Animal__kingdom
compound<nmod<advcl> ...	1.0	0.268	location_comment	Animal__kingdom
nmod<nmod<nsubj< ...	1.0	0.381	location_comment	Animal__kingdom
compound<nmod<cop> ...	1.0	0.236	location_comment	Animal__kingdom
compound<nmod<nsubj> ...	1.0	0.337	location_comment	Animal__kingdom
conj<nsubj<parataxis> ...	1.0	0.315	location_comment	Animal__kingdom
conj<nsubj< ...	1.0	0.346	location_comment	Animal__kingdom
conj<nsubj<amod> ...	1.0	0.255	location_comment	Animal__kingdom
case>fixed> as	1.0	0.408	location_comment	Animal__kingdom
conj<nsubj<cop> ...	1.0	0.33	location_comment	Animal__kingdom
case> such	1.0	0.927	location_comment	Animal__kingdom
conj< ...	1.0	0.502	location_comment	Animal__kingdom
conj<amod> ...	1.0	0.867	location_comment	Animal__kingdom
conj<nummod> ...	1.0	0.294	location_comment	Animal__kingdom
conj<det> ...	1.0	0.586	location_comment	Animal__kingdom
appos<det> ...	1.0	0.401	location_comment	Animal__kingdom
compound<nmod<cc> and	1.0	0.467	location_comment	Animal__kingdom
obl<advmod>obl> ...	1.0	0.439	location_comment	Animal__kingdom
compound<nmod< species	1.0	0.211	location_comment	Animal__kingdom
obl<obl>nummod> ...	1.0	0.457	location_comment	Animal__kingdom
obl<obl>appos> ...	1.0	0.315	location_comment	Animal__kingdom
obl<obl>nmod> ...	1.0	0.483	location_comment	Animal__kingdom
compound<conj<obl> ...	1.0	0.53	location_comment	Animal__kingdom
compound<conj<advmod> ...	1.0	0.689	location_comment	Animal__kingdom
compound<conj< ...	1.0	0.607	location_comment	Animal__kingdom
compound<cc> ...	1.0	0.613	location_comment	Animal__kingdom
compound<amod> small	1.0	0.501	location_comment	Animal__kingdom
flat< ...	1.0	0.289	location_comment	Animal__kingdom
flat<compound< ...	1.0	0.187	location_comment	Animal__kingdom
flat<compound<compound< ...	1.0	0.441	location_comment	Animal__kingdom
obl<obl>det> a	1.0	0.348	location_comment	Animal__kingdom
obl<obl>case> with	1.0	0.29	location_comment	Animal__kingdom
compound<det> the	1.0	0.605	location_comment	Animal__kingdom
nmod<nsubj>compound> ...	1.0	0.73	location_comment	Animal__kingdom
obl<cc> but	1.0	0.638	location_comment	Animal__kingdom
compound<amod>obl:npmod> ...	1.0	0.23	location_comment	Animal__kingdom
appos<appos<det> ...	1.0	0.236	location_comment	Animal__kingdom
appos<appos<compound> ...	1.0	0.412	location_comment	Animal__kingdom
appos<appos< ...	1.0	0.608	location_comment	Animal__kingdom
appos<compound>amod> ...	1.0	0.523	location_comment	Animal__kingdom
obl<conj<cop> be	1.0	0.253	location_comment	Animal__kingdom
obl<advcl>mark> when	1.0	0.646	location_comment	Animal__kingdom
obl<advcl>aux:pass> be	1.0	0.248	location_comment	Animal__kingdom
obl<nsubj:pass>det> the	1.0	0.663	location_comment	Animal__kingdom
nmod<conj>nsubj> ...	1.0	0.292	location_comment	Animal__kingdom
nmod<conj>advmod> ...	1.0	0.631	location_comment	Animal__kingdom
nmod<conj> ...	1.0	0.248	location_comment	Animal__kingdom
nmod<conj>cc> ...	1.0	0.134	location_comment	Animal__kingdom
obl< use	1.0	0.353	location_comment	Animal__kingdom
compound<nmod<det> the	1.0	0.337	location_comment	Animal__kingdom
nmod<cop> ...	1.0	0.287	location_comment	Animal__kingdom
nmod<nmod<cop> ...	1.0	0.274	location_comment	Animal__kingdom
obl<acl:relcl<compound> ...	1.0	0.597	location_comment	Animal__kingdom
nsubj:pass<obl>appos> ...	1.0	0.22	location_comment	Animal__kingdom
nsubj:pass<advcl>mark> ...	1.0	0.531	location_comment	Animal__kingdom
nsubj:pass<advcl>nsubj> ...	1.0	0.147	location_comment	Animal__kingdom
nsubj:pass<advcl>aux> ...	1.0	0.561	location_comment	Animal__kingdom
nsubj:pass<advcl> ...	1.0	0.557	location_comment	Animal__kingdom
nsubj:pass<advcl>obj> ...	1.0	0.362	location_comment	Animal__kingdom
appos<nummod> ...	1.0	0.545	location_comment	Animal__kingdom
nsubj:pass<obl>nmod> ...	1.0	0.55	location_comment	Animal__kingdom
obl<appos>det> ...	1.0	0.519	location_comment	Animal__kingdom
obl<acl:relcl> ...	1.0	0.391	location_comment	Animal__kingdom
amod>conj>cc> ...	1.0	0.566	location_comment	Animal__kingdom
amod>conj> ...	1.0	0.163	location_comment	Animal__kingdom
appos>nmod>det> ...	1.0	0.296	location_comment	Animal__kingdom
nmod<obl<advmod< ...	1.0	0.605	location_comment	Animal__kingdom
nsubj:pass<obl>acl> ...	1.0	0.334	location_comment	Animal__kingdom
nsubj:pass<obl>conj> ...	1.0	0.288	location_comment	Animal__kingdom
nummod>advmod>fixed> ...	1.0	0.736	location_comment	Animal__kingdom
nsubj:pass<advmod> ...	1.0	0.399	location_comment	Animal__kingdom
nmod:poss<case> ...	1.0	0.495	location_comment	Animal__kingdom
nmod:poss<amod> ...	1.0	0.419	location_comment	Animal__kingdom
nmod:poss< ...	1.0	0.271	location_comment	Animal__kingdom
nmod:poss<nmod>case> ...	1.0	0.335	location_comment	Animal__kingdom
nmod:poss<nmod> ...	1.0	0.421	location_comment	Animal__kingdom
nmod:poss<obl<nsubj> ...	1.0	0.647	location_comment	Animal__kingdom
nmod:poss<obl<aux> ...	1.0	0.322	location_comment	Animal__kingdom
nmod:poss<obl< ...	1.0	0.545	location_comment	Animal__kingdom
obj<advcl<nsubj:pass> ...	1.0	0.29	location_comment	Animal__kingdom
obj<advcl<aux> ...	1.0	0.572	location_comment	Animal__kingdom
obj<advcl<aux:pass> ...	1.0	0.769	location_comment	Animal__kingdom
obj<advcl< ...	1.0	0.284	location_comment	Animal__kingdom
obj<mark> ...	1.0	0.507	location_comment	Animal__kingdom
obj<nsubj>det> ...	1.0	0.465	location_comment	Animal__kingdom
obj<nsubj>nmod> ...	1.0	0.586	location_comment	Animal__kingdom
obj<aux> ...	1.0	0.336	location_comment	Animal__kingdom
nummod>advmod> ...	1.0	0.478	location_comment	Animal__kingdom
obl<conj<cop> ...	1.0	0.253	location_comment	Animal__kingdom
obl<conj<compound> ...	1.0	0.377	location_comment	Animal__kingdom
obl<advcl>mark> ...	1.0	0.593	location_comment	Animal__kingdom
obl<advcl>nsubj:pass> ...	1.0	0.207	location_comment	Animal__kingdom
obl<advcl>aux> ...	1.0	0.398	location_comment	Animal__kingdom
obl<advcl>aux:pass> ...	1.0	0.248	location_comment	Animal__kingdom
obl<advcl> ...	1.0	0.35	location_comment	Animal__kingdom
obl<nsubj:pass>det> ...	1.0	0.65	location_comment	Animal__kingdom
compound<nmod<conj< ...	1.0	0.258	location_comment	Animal__kingdom
compound<nmod<cc> ...	1.0	0.467	location_comment	Animal__kingdom
compound<nmod<nummod> ...	1.0	0.268	location_comment	Animal__kingdom
obl<nsubj:pass>amod> ...	1.0	0.434	location_comment	Animal__kingdom
obl<obl>amod> ...	1.0	0.198	location_comment	Animal__kingdom
obl<nmod>amod> ...	1.0	0.369	location_comment	Animal__kingdom
obl<nmod> ...	1.0	0.266	location_comment	Animal__kingdom
obl<xcomp>advmod> ...	1.0	0.433	location_comment	Animal__kingdom
obl<xcomp> ...	1.0	0.614	location_comment	Animal__kingdom
obl<conj<case> ...	1.0	0.635	location_comment	Animal__kingdom
nummod> ...	1.0	0.426	location_comment	Animal__kingdom
acl:relcl>xcomp> ...	1.0	0.573	location_comment	Animal__kingdom
nmod>nmod>case> ...	1.0	0.635	location_comment	Animal__kingdom
nmod>nmod> ...	1.0	0.426	location_comment	Animal__kingdom
nmod<acl:relcl<mark> ...	1.0	0.443	location_comment	Animal__kingdom
nmod<acl:relcl<nsubj> ...	1.0	0.612	location_comment	Animal__kingdom
nmod<acl:relcl<cop> ...	1.0	0.435	location_comment	Animal__kingdom
nmod<acl:relcl< ...	1.0	0.4	location_comment	Animal__kingdom
nmod<obl>case> ...	1.0	0.471	location_comment	Animal__kingdom
nmod<obl> ...	1.0	0.53	location_comment	Animal__kingdom
case>fixed> ...	1.0	0.448	location_comment	Animal__kingdom
obl<nsubj>nmod> ...	1.0	0.173	location_comment	Animal__kingdom
acl:relcl>advmod> ...	1.0	0.307	location_comment	Animal__kingdom
acl:relcl>nsubj>det> ...	1.0	0.907	location_comment	Animal__kingdom
nsubj<parataxis> ...	1.0	0.188	location_comment	Animal__kingdom
nmod<nsubj:pass<obl> ...	1.0	0.415	location_comment	Animal__kingdom
nmod<obl<nsubj:pass> ...	1.0	0.505	location_comment	Animal__kingdom
obl<advcl< ...	1.0	0.466	location_comment	Animal__kingdom
obl<advcl<conj> ...	1.0	0.569	location_comment	Animal__kingdom
obj<nsubj>compound> ...	1.0	0.41	location_comment	Animal__kingdom
nmod<nmod<nsubj> ...	1.0	0.198	location_comment	Animal__kingdom
nmod<amod>advmod> ...	1.0	0.523	location_comment	Animal__kingdom
nmod<appos>compound> ...	1.0	0.446	location_comment	Animal__kingdom
nmod<appos> ...	1.0	0.152	location_comment	Animal__kingdom
nsubj:pass<xcomp>mark> ...	1.0	0.493	location_comment	Animal__kingdom
nsubj:pass<xcomp>aux> ...	1.0	0.269	location_comment	Animal__kingdom
nsubj:pass<xcomp>cop> ...	1.0	0.294	location_comment	Animal__kingdom
nsubj:pass<xcomp>det> ...	1.0	0.29	location_comment	Animal__kingdom
nsubj:pass<xcomp>amod> ...	1.0	0.372	location_comment	Animal__kingdom
nsubj:pass<xcomp> ...	1.0	0.212	location_comment	Animal__kingdom
nsubj<advcl>mark> ...	1.0	0.77	location_comment	Animal__kingdom
obl<advcl<obl> ...	1.0	0.424	location_comment	Animal__kingdom
obl<advcl<advmod> ...	1.0	0.378	location_comment	Animal__kingdom
nsubj<advcl>cop> ...	1.0	0.311	location_comment	Animal__kingdom
nmod<obl<obj> ...	1.0	0.554	location_comment	Animal__kingdom
nmod<obl<conj> ...	1.0	0.323	location_comment	Animal__kingdom
appos<nsubj> ...	1.0	0.427	location_comment	Animal__kingdom
appos<obl>case> ...	1.0	0.542	location_comment	Animal__kingdom
appos<obl>det> ...	1.0	0.501	location_comment	Animal__kingdom
appos<obl> ...	1.0	0.387	location_comment	Animal__kingdom
obl<amod<obl< ...	1.0	0.551	location_comment	Animal__kingdom
obl<amod<case> ...	1.0	0.381	location_comment	Animal__kingdom
obl<amod< ...	1.0	0.296	location_comment	Animal__kingdom
obl<acl:relcl<obl> ...	1.0	0.224	location_comment	Animal__kingdom
obl<acl:relcl<nsubj> ...	1.0	0.144	location_comment	Animal__kingdom
obl<acl:relcl<cop> ...	1.0	0.397	location_comment	Animal__kingdom
obl<mark> ...	1.0	0.647	location_comment	Animal__kingdom
obl<obl>compound> ...	1.0	0.588	location_comment	Animal__kingdom
nsubj<advcl>nsubj> ...	1.0	0.292	location_comment	Animal__kingdom
nmod<nsubj:pass< ...	1.0	0.524	location_comment	Animal__kingdom
obl<conj<obl> ...	1.0	0.654	location_comment	Animal__kingdom
obl<obj>det> ...	1.0	0.344	location_comment	Animal__kingdom
obl<obj>amod> ...	1.0	0.613	location_comment	Animal__kingdom
obl<obj> ...	1.0	0.537	location_comment	Animal__kingdom
nmod>compound>compound> ...	1.0	0.237	location_comment	Animal__kingdom
obl<acl:relcl<conj< ...	1.0	0.444	location_comment	Animal__kingdom
obl<acl:relcl<cc> ...	1.0	0.494	location_comment	Animal__kingdom
obl<nsubj>appos> ...	1.0	0.331	location_comment	Animal__kingdom
nmod<appos<nsubj> ...	1.0	0.46	location_comment	Animal__kingdom
nmod<appos<cop> ...	1.0	0.501	location_comment	Animal__kingdom
nsubj<det> ...	1.0	0.377	location_comment	Animal__kingdom
nsubj<nmod>compound> ...	1.0	0.507	location_comment	Animal__kingdom
nsubj<nmod>conj> ...	1.0	0.406	location_comment	Animal__kingdom
nsubj<appos> ...	1.0	0.458	location_comment	Animal__kingdom
nmod<nsubj:pass<aux:pass> ...	1.0	0.776	location_comment	Animal__kingdom
obl<conj<advmod> ...	1.0	0.503	location_comment	Animal__kingdom
nmod<obj< ...	1.0	0.629	location_comment	Animal__kingdom
nsubj<advcl>advmod> ...	1.0	0.567	location_comment	Animal__kingdom
nmod<obj<advmod> ...	1.0	0.268	location_comment	Animal__kingdom
nsubj<advcl> ...	1.0	0.788	location_comment	Animal__kingdom
nsubj<conj>obj> ...	1.0	0.171	location_comment	Animal__kingdom
nsubj<conj>case> ...	1.0	0.459	location_comment	Animal__kingdom
nsubj<conj>nmod:poss> ...	1.0	0.35	location_comment	Animal__kingdom
nmod<appos<amod> ...	1.0	0.217	location_comment	Animal__kingdom
appos>amod> ...	1.0	0.441	location_comment	Animal__kingdom
nsubj<nmod>det> ...	1.0	0.815	location_comment	Animal__kingdom
nsubj<nmod>acl:relcl> ...	1.0	0.285	location_comment	Animal__kingdom
nmod>amod> ...	1.0	0.535	location_comment	Animal__kingdom
nsubj<obl>det> ...	1.0	0.718	location_comment	Animal__kingdom
nsubj<obl>nmod> ...	1.0	0.217	location_comment	Animal__kingdom
obl<acl<amod> ...	1.0	0.306	location_comment	Animal__kingdom
obl<acl< ...	1.0	0.302	location_comment	Animal__kingdom
obl<acl<conj> ...	1.0	0.389	location_comment	Animal__kingdom
obl<acl<nsubj< ...	1.0	0.351	location_comment	Animal__kingdom
nmod<obj<advcl< ...	1.0	0.214	location_comment	Animal__kingdom
nmod<obj<conj> ...	1.0	0.197	location_comment	Animal__kingdom
nmod<acl:relcl<cop> be	1.0	0.435	location_comment	Animal__kingdom
obl<acl:relcl<cop> be	1.0	0.397	location_comment	Animal__kingdom
obl<nsubj:pass> that	1.0	0.773	location_comment	Animal__kingdom
obl<aux> can	1.0	0.915	location_comment	Animal__kingdom
obl<advmod> also	1.0	0.32	location_comment	Animal__kingdom
obj<nsubj> starfish	1.0	0.355	location_comment	Animal__kingdom
nsubj<conj>nmod:poss> its	1.0	0.35	location_comment	Animal__kingdom
nsubj<advcl>mark> because	1.0	0.873	location_comment	Animal__kingdom
nsubj<advcl>cop> be	1.0	0.311	location_comment	Animal__kingdom
nsubj<conj> have	1.0	0.314	location_comment	Animal__kingdom
nsubj<conj>obj> amount	1.0	0.233	location_comment	Animal__kingdom
nmod<nmod<cop> be	1.0	0.274	location_comment	Animal__kingdom
nmod<nmod< one	1.0	0.706	location_comment	Animal__kingdom
nmod<amod>advmod> most	1.0	0.331	location_comment	Animal__kingdom
nsubj:pass<aux> have	1.0	0.19	location_comment	Animal__kingdom
nsubj:pass<xcomp>mark> to	1.0	0.493	location_comment	Animal__kingdom
nsubj:pass<xcomp>aux> have	1.0	0.276	location_comment	Animal__kingdom
nsubj:pass<xcomp>cop> be	1.0	0.294	location_comment	Animal__kingdom
nsubj:pass<xcomp>det> a	1.0	0.282	location_comment	Animal__kingdom
nmod<obl<nsubj:pass> it	1.0	0.554	location_comment	Animal__kingdom
nmod<conj>cc> and	1.0	0.162	location_comment	Animal__kingdom
compound<det> a	1.0	0.634	location_comment	Animal__kingdom
appos<appos<det> the	1.0	0.236	location_comment	Animal__kingdom
appos<det> the	1.0	0.539	location_comment	Animal__kingdom
nmod<amod> main	1.0	0.786	location_comment	Animal__kingdom
nmod<cop> be	1.0	0.424	location_comment	Animal__kingdom
obl<nsubj:pass> they	1.0	0.734	location_comment	Animal__kingdom
obl<obl>case> at	1.0	0.311	location_comment	Animal__kingdom
compound<cc> and	1.0	0.595	location_comment	Animal__kingdom
nmod<nsubj>compound> sea	1.0	0.719	location_comment	Animal__kingdom
nmod<nsubj> urchin	1.0	0.594	location_comment	Animal__kingdom
obj< find	1.0	0.449	location_comment	Animal__kingdom
advmod> only	1.0	0.462	location_comment	Animal__kingdom
compound>amod> deep	1.0	0.419	location_comment	Animal__kingdom
compound<obj<mark> to	1.0	0.356	location_comment	Animal__kingdom
compound<amod> new	1.0	0.559	location_comment	Animal__kingdom
obl<obl>case> in	1.0	0.459	location_comment	Animal__kingdom
compound<case> to	1.0	0.305	location_comment	Animal__kingdom
acl:relcl>nsubj> which	1.0	0.621	location_comment	Animal__kingdom
conj<det> a	1.0	0.599	location_comment	Animal__kingdom
conj<nsubj<cop> be	1.0	0.33	location_comment	Animal__kingdom
compound<nmod<cop> be	1.0	0.236	location_comment	Animal__kingdom
nsubj<nmod>det> the	1.0	0.843	location_comment	Animal__kingdom
obj<mark> as	1.0	0.544	location_comment	Animal__kingdom
obj<nsubj>det> the	1.0	0.551	location_comment	Animal__kingdom
obj<aux> will	1.0	0.36	location_comment	Animal__kingdom
nsubj:pass<obl>case> to	1.0	0.644	location_comment	Animal__kingdom
nsubj:pass<obl>case> on	1.0	0.548	location_comment	Animal__kingdom
nsubj:pass<obl> shore	1.0	0.355	location_comment	Animal__kingdom
nsubj:pass<advcl>mark> as	1.0	0.451	location_comment	Animal__kingdom
obj<advcl<aux:pass> be	1.0	0.769	location_comment	Animal__kingdom
obj<advcl<aux> will	1.0	0.513	location_comment	Animal__kingdom
case> 's	1.0	0.914	location_comment	Animal__kingdom
nmod:poss<nmod>case> to	1.0	0.334	location_comment	Animal__kingdom
nummod>advmod>fixed> than	1.0	0.714	location_comment	Animal__kingdom
nmod>case> for	1.0	0.819	location_comment	Animal__kingdom
nmod>det> a	1.0	0.73	location_comment	Animal__kingdom
nmod>nmod>case> of	1.0	0.807	location_comment	Animal__kingdom
appos>nmod>det> the	1.0	0.296	location_comment	Animal__kingdom
obl<appos>det> the	1.0	0.519	location_comment	Animal__kingdom
amod>conj>cc> or	1.0	0.566	location_comment	Animal__kingdom
obl<cc> and	1.0	0.463	location_comment	Animal__kingdom
obl< inhabit	1.0	0.439	location_comment	Animal__kingdom
obl<obj>det> the	1.0	0.383	location_comment	Animal__kingdom
nmod>case> on	1.0	0.902	location_comment	Animal__kingdom
nsubj<obl>case> from	1.0	1.051	location_comment	Animal__kingdom
obl<acl:relcl<cc> and	1.0	0.494	location_comment	Animal__kingdom
det> a	1.0	1.284	location_comment	Animal__kingdom
nmod<nmod>case> of	1.0	0.408	location_comment	Animal__kingdom
nsubj<advmod> typically	1.0	0.668	location_comment	Animal__kingdom
nsubj<obl>det> the	1.0	0.755	location_comment	Animal__kingdom
nmod<nmod>case> to	1.0	0.449	location_comment	Animal__kingdom
nmod<nmod>case> from	1.0	0.511	location_comment	Animal__kingdom
nmod<nsubj:pass<aux:pass> be	1.0	0.776	location_comment	Animal__kingdom
nsubj<advmod> also	1.0	0.896	location_comment	Animal__kingdom
nsubj<obl>case> to	1.0	1.022	location_comment	Animal__kingdom
nmod>case> of	1.0	1.004	location_comment	Animal__kingdom
nmod<appos<cop> be	1.0	0.501	location_comment	Animal__kingdom
nmod<nmod>case> in	1.0	0.496	location_comment	Animal__kingdom
nmod<nmod> range	1.0	0.661	location_comment	Animal__kingdom
conj>cc> or	1.0	0.815	location_comment	Animal__kingdom
nsubj<det> the	1.0	0.4	location_comment	Animal__kingdom
obl<xcomp>obl> ...	1.0	0.258	location_comment	Animal__kingdom
compound> ...	72.0	0.581	location_topic	Animal__kingdom
conj<conj> ...	52.0	0.906	location_topic	Animal__kingdom
compound> sea	22.0	0.699	location_topic	Animal__kingdom
case> ...	19.0	0.909	location_topic	Animal__kingdom
amod> ...	19.0	1.252	location_topic	Animal__kingdom
det> ...	19.0	1.25	location_topic	Animal__kingdom
nsubj< ...	18.0	0.766	location_topic	Animal__kingdom
det> the	16.0	1.274	location_topic	Animal__kingdom
conj> ...	15.0	1.014	location_topic	Animal__kingdom
nsubj<obl>case> ...	15.0	0.95	location_topic	Animal__kingdom
nsubj<obl> ...	14.0	0.296	location_topic	Animal__kingdom
conj< ...	14.0	0.502	location_topic	Animal__kingdom
appos> ...	14.0	0.347	location_topic	Animal__kingdom
nmod< ...	13.0	0.428	location_topic	Animal__kingdom
conj<conj>compound> ...	13.0	0.39	location_topic	Animal__kingdom
conj<conj>cc> ...	11.0	0.527	location_topic	Animal__kingdom
compound> Aurelia	10.0	0.42	location_topic	Animal__kingdom
compound< ...	9.0	0.347	location_topic	Animal__kingdom
obj< ...	9.0	0.474	location_topic	Animal__kingdom
conj<conj>cc> and	9.0	0.576	location_topic	Animal__kingdom
conj<conj>compound> sea	8.0	0.435	location_topic	Animal__kingdom
appos< ...	8.0	0.503	location_topic	Animal__kingdom
compound>amod> ...	7.0	0.31	location_topic	Animal__kingdom
compound>nmod> thorn	7.0	0.387	location_topic	Animal__kingdom
compound>nmod> ...	7.0	0.387	location_topic	Animal__kingdom
nsubj<advmod> ...	7.0	0.886	location_topic	Animal__kingdom
compound>nmod>case> ...	7.0	0.639	location_topic	Animal__kingdom
compound>nmod>case> of	7.0	0.639	location_topic	Animal__kingdom
nsubj<obj> ...	7.0	0.444	location_topic	Animal__kingdom
compound> crown	7.0	0.733	location_topic	Animal__kingdom
nsubj<cop> be	7.0	0.67	location_topic	Animal__kingdom
nmod<det> ...	7.0	0.58	location_topic	Animal__kingdom
nsubj<cop> ...	7.0	0.665	location_topic	Animal__kingdom
conj<case> ...	6.0	0.392	location_topic	Animal__kingdom
compound> tube	6.0	0.78	location_topic	Animal__kingdom
nsubj<obl>case> in	6.0	1.0	location_topic	Animal__kingdom
obj<nsubj> ...	6.0	0.299	location_topic	Animal__kingdom
conj<conj>amod> ...	6.0	0.472	location_topic	Animal__kingdom
compound<case> ...	6.0	0.297	location_topic	Animal__kingdom
compound> Pompeii	5.0	0.604	location_topic	Animal__kingdom
nmod<nsubj< ...	5.0	0.668	location_topic	Animal__kingdom
nsubj<nmod> ...	5.0	0.365	location_topic	Animal__kingdom
nsubj<nmod>case> ...	5.0	0.241	location_topic	Animal__kingdom
compound<det> ...	5.0	0.621	location_topic	Animal__kingdom
compound> moon	5.0	0.66	location_topic	Animal__kingdom
compound<nmod< ...	5.0	0.217	location_topic	Animal__kingdom
nsubj:pass<obl>case> ...	5.0	0.53	location_topic	Animal__kingdom
nsubj:pass<obl> ...	5.0	0.34	location_topic	Animal__kingdom
compound> Alvinella	5.0	0.438	location_topic	Animal__kingdom
conj>cc> ...	5.0	0.783	location_topic	Animal__kingdom
obj<advmod> ...	5.0	0.635	location_topic	Animal__kingdom
nsubj<conj> ...	5.0	0.302	location_topic	Animal__kingdom
nsubj<conj>cc> ...	5.0	0.592	location_topic	Animal__kingdom
conj<case> such	4.0	0.45	location_topic	Animal__kingdom
appos>compound> ...	4.0	0.489	location_topic	Animal__kingdom
appos<nsubj< ...	4.0	0.401	location_topic	Animal__kingdom
conj<case>fixed> as	4.0	0.682	location_topic	Animal__kingdom
nsubj:pass<aux:pass> be	4.0	0.586	location_topic	Animal__kingdom
nsubj:pass<aux:pass> ...	4.0	0.586	location_topic	Animal__kingdom
nsubj<advcl> ...	4.0	0.788	location_topic	Animal__kingdom
nsubj:pass< ...	4.0	0.261	location_topic	Animal__kingdom
compound<nmod<appos> ...	4.0	0.163	location_topic	Animal__kingdom
conj>compound> ...	4.0	0.361	location_topic	Animal__kingdom
nsubj<obl>amod> ...	4.0	0.709	location_topic	Animal__kingdom
nmod<amod> ...	4.0	0.678	location_topic	Animal__kingdom
conj<case>fixed> ...	4.0	0.686	location_topic	Animal__kingdom
conj<nsubj> ...	4.0	0.552	location_topic	Animal__kingdom
nmod<det> the	4.0	0.636	location_topic	Animal__kingdom
compound>det> ...	4.0	0.755	location_topic	Animal__kingdom
conj>cc> and	4.0	0.785	location_topic	Animal__kingdom
nmod<nsubj> ...	3.0	0.352	location_topic	Animal__kingdom
conj<det> ...	3.0	0.586	location_topic	Animal__kingdom
nsubj<obl>case> like	3.0	0.899	location_topic	Animal__kingdom
conj<det> the	3.0	0.632	location_topic	Animal__kingdom
conj<compound> ...	3.0	0.356	location_topic	Animal__kingdom
obj<mark> ...	3.0	0.507	location_topic	Animal__kingdom
conj<compound> sea	3.0	0.42	location_topic	Animal__kingdom
conj<conj>advmod> ...	3.0	0.573	location_topic	Animal__kingdom
obl< ...	3.0	0.365	location_topic	Animal__kingdom
conj<conj> crab	3.0	0.94	location_topic	Animal__kingdom
nsubj<compound> ...	3.0	0.381	location_topic	Animal__kingdom
conj<nmod< ...	3.0	0.271	location_topic	Animal__kingdom
conj<obj<advmod> ...	3.0	0.996	location_topic	Animal__kingdom
nsubj:pass<obl>det> ...	3.0	0.612	location_topic	Animal__kingdom
nmod<nsubj<obl> ...	3.0	0.327	location_topic	Animal__kingdom
nmod<nsubj<cop> ...	3.0	0.258	location_topic	Animal__kingdom
nmod<cop> be	3.0	0.424	location_topic	Animal__kingdom
appos<nsubj<obl> ...	3.0	0.289	location_topic	Animal__kingdom
nsubj<obl>compound> ...	3.0	0.201	location_topic	Animal__kingdom
conj<amod> ...	3.0	0.867	location_topic	Animal__kingdom
compound<nmod<nmod> ...	3.0	0.399	location_topic	Animal__kingdom
appos<amod> ...	3.0	0.54	location_topic	Animal__kingdom
acl> ...	3.0	0.72	location_topic	Animal__kingdom
obl<conj>nmod> ...	3.0	0.53	location_topic	Animal__kingdom
nmod<cop> ...	3.0	0.287	location_topic	Animal__kingdom
cc> and	3.0	0.965	location_topic	Animal__kingdom
compound>det> the	3.0	0.732	location_topic	Animal__kingdom
nsubj<conj>obl> ...	3.0	0.344	location_topic	Animal__kingdom
conj>amod> ...	3.0	0.222	location_topic	Animal__kingdom
nsubj<obj>amod> ...	3.0	0.669	location_topic	Animal__kingdom
nmod<nsubj<cop> be	3.0	0.258	location_topic	Animal__kingdom
case> in	3.0	0.897	location_topic	Animal__kingdom
appos<nsubj<cop> be	3.0	0.443	location_topic	Animal__kingdom
compound<case> of	3.0	0.281	location_topic	Animal__kingdom
obj<acl:relcl< ...	3.0	0.567	location_topic	Animal__kingdom
nmod<nmod<nmod> ...	3.0	0.334	location_topic	Animal__kingdom
conj<advmod> ...	3.0	0.447	location_topic	Animal__kingdom
appos< starfish	3.0	0.692	location_topic	Animal__kingdom
conj<conj> cucumber	3.0	0.892	location_topic	Animal__kingdom
appos<conj> ...	3.0	0.498	location_topic	Animal__kingdom
cc> ...	3.0	0.943	location_topic	Animal__kingdom
nsubj<obl>det> ...	3.0	0.718	location_topic	Animal__kingdom
nsubj<aux> ...	3.0	0.594	location_topic	Animal__kingdom
nsubj<conj>cc> and	3.0	0.565	location_topic	Animal__kingdom
case> of	3.0	0.941	location_topic	Animal__kingdom
conj<nmod<conj> ...	3.0	0.246	location_topic	Animal__kingdom
appos<nsubj<cop> ...	3.0	0.443	location_topic	Animal__kingdom
nsubj<advcl>obl> ...	2.0	0.532	location_topic	Animal__kingdom
conj> star	2.0	0.967	location_topic	Animal__kingdom
conj<cop> be	2.0	0.458	location_topic	Animal__kingdom
conj<conj>det> the	2.0	0.501	location_topic	Animal__kingdom
nmod<nmod<amod> ...	2.0	0.404	location_topic	Animal__kingdom
conj>compound> sea	2.0	0.392	location_topic	Animal__kingdom
conj<conj>nummod> sand	2.0	0.916	location_topic	Animal__kingdom
appos>amod> ...	2.0	0.441	location_topic	Animal__kingdom
nmod<nmod<advmod> ...	2.0	0.359	location_topic	Animal__kingdom
appos<nmod<det> ...	2.0	0.51	location_topic	Animal__kingdom
conj>nummod> ...	2.0	0.669	location_topic	Animal__kingdom
compound<nmod<det> ...	2.0	0.339	location_topic	Animal__kingdom
conj<obl< ...	2.0	0.432	location_topic	Animal__kingdom
conj<obl<obl> ...	2.0	0.388	location_topic	Animal__kingdom
appos<compound> ...	2.0	0.702	location_topic	Animal__kingdom
conj< star	2.0	0.516	location_topic	Animal__kingdom
compound<compound> ...	2.0	0.23	location_topic	Animal__kingdom
nmod< species	2.0	0.482	location_topic	Animal__kingdom
appos<nmod<nmod< ...	2.0	0.308	location_topic	Animal__kingdom
appos<nmod<case> ...	2.0	0.358	location_topic	Animal__kingdom
nsubj<obl>det> the	2.0	0.755	location_topic	Animal__kingdom
nmod<case> ...	2.0	0.897	location_topic	Animal__kingdom
conj<appos> ...	2.0	0.344	location_topic	Animal__kingdom
appos<nmod< ...	2.0	0.626	location_topic	Animal__kingdom
appos<case> ...	2.0	0.655	location_topic	Animal__kingdom
nsubj<mark> while	2.0	0.523	location_topic	Animal__kingdom
compound<nmod<conj> ...	2.0	0.454	location_topic	Animal__kingdom
nsubj:pass<obl>det> the	2.0	0.662	location_topic	Animal__kingdom
nmod<conj< ...	2.0	0.292	location_topic	Animal__kingdom
nsubj<det> ...	2.0	0.377	location_topic	Animal__kingdom
conj<nmod<amod> ...	2.0	0.31	location_topic	Animal__kingdom
case>fixed> ...	2.0	0.448	location_topic	Animal__kingdom
nsubj< move	2.0	0.821	location_topic	Animal__kingdom
conj<advcl>aux> have	2.0	0.41	location_topic	Animal__kingdom
conj<conj>advmod> not	2.0	0.765	location_topic	Animal__kingdom
conj<conj>cop> be	2.0	0.395	location_topic	Animal__kingdom
conj<obl> foot	2.0	0.359	location_topic	Animal__kingdom
conj<obl>compound> tube	2.0	0.372	location_topic	Animal__kingdom
conj<obl>amod> modify	2.0	0.43	location_topic	Animal__kingdom
conj<obl>case> from	2.0	0.626	location_topic	Animal__kingdom
conj<aux> have	2.0	0.281	location_topic	Animal__kingdom
conj<nsubj> these	2.0	0.686	location_topic	Animal__kingdom
conj<advcl>obj> tentacle	2.0	0.523	location_topic	Animal__kingdom
conj<advcl> branch	2.0	0.494	location_topic	Animal__kingdom
acl:relcl>obl>case> ...	2.0	0.592	location_topic	Animal__kingdom
conj<advcl>nsubj> cucumber	2.0	0.498	location_topic	Animal__kingdom
obl<advmod> ...	2.0	0.276	location_topic	Animal__kingdom
conj<advcl>mark> although	2.0	0.339	location_topic	Animal__kingdom
appos<nsubj<nmod> ...	2.0	0.243	location_topic	Animal__kingdom
appos<nsubj<det> ...	2.0	0.237	location_topic	Animal__kingdom
appos<flat> ...	2.0	0.22	location_topic	Animal__kingdom
acl>obj> ...	2.0	0.467	location_topic	Animal__kingdom
case> such	2.0	0.927	location_topic	Animal__kingdom
case>fixed> as	2.0	0.408	location_topic	Animal__kingdom
compound<nmod<amod> ...	2.0	0.374	location_topic	Animal__kingdom
nsubj<conj>obj> ...	2.0	0.171	location_topic	Animal__kingdom
compound<det> a	2.0	0.634	location_topic	Animal__kingdom
nmod<det> some	2.0	0.565	location_topic	Animal__kingdom
conj<conj>obl> arm	2.0	0.454	location_topic	Animal__kingdom
nsubj<conj>cc> but	2.0	0.653	location_topic	Animal__kingdom
conj<conj>amod> green	2.0	0.391	location_topic	Animal__kingdom
obj<conj>cc> ...	2.0	0.378	location_topic	Animal__kingdom
appos>flat> ...	2.0	0.226	location_topic	Animal__kingdom
obj<nsubj>amod> ...	2.0	0.308	location_topic	Animal__kingdom
nsubj<conj>compound> ...	2.0	0.402	location_topic	Animal__kingdom
conj<conj> snail	2.0	0.922	location_topic	Animal__kingdom
nsubj:pass<obl>acl> ...	2.0	0.334	location_topic	Animal__kingdom
nsubj:pass<obl>amod> ...	2.0	0.317	location_topic	Animal__kingdom
nsubj:pass<obl>nmod> ...	2.0	0.55	location_topic	Animal__kingdom
nsubj:pass<conj> ...	2.0	0.415	location_topic	Animal__kingdom
nsubj:pass<conj>det> ...	2.0	0.481	location_topic	Animal__kingdom
nsubj:pass<conj>case> ...	2.0	0.256	location_topic	Animal__kingdom
nsubj:pass<conj>cc> ...	2.0	0.321	location_topic	Animal__kingdom
obj<conj>amod> ...	2.0	0.262	location_topic	Animal__kingdom
conj<advcl>nsubj> ...	2.0	0.427	location_topic	Animal__kingdom
obj<conj> ...	2.0	0.33	location_topic	Animal__kingdom
conj<cop> ...	2.0	0.458	location_topic	Animal__kingdom
nsubj:pass< find	2.0	0.276	location_topic	Animal__kingdom
conj<obj< ...	2.0	0.325	location_topic	Animal__kingdom
nsubj:pass<obl>case> in	2.0	0.483	location_topic	Animal__kingdom
conj<nsubj>nmod> ...	2.0	0.342	location_topic	Animal__kingdom
nsubj:pass<conj>cc> and	2.0	0.321	location_topic	Animal__kingdom
conj<conj>det> ...	2.0	0.45	location_topic	Animal__kingdom
nsubj:pass<obl>case> from	2.0	0.439	location_topic	Animal__kingdom
conj<conj>nummod> ...	2.0	0.916	location_topic	Animal__kingdom
conj<conj>nmod> ...	2.0	0.213	location_topic	Animal__kingdom
conj<nmod<nmod> ...	2.0	0.294	location_topic	Animal__kingdom
appos<conj>cc> and	2.0	0.715	location_topic	Animal__kingdom
conj<advcl>mark> ...	2.0	0.37	location_topic	Animal__kingdom
compound<nmod<obj< ...	2.0	0.312	location_topic	Animal__kingdom
appos<nsubj<det> a	2.0	0.237	location_topic	Animal__kingdom
nmod> ...	2.0	0.597	location_topic	Animal__kingdom
appos> history	2.0	0.453	location_topic	Animal__kingdom
appos>amod> Evolutionary	2.0	0.331	location_topic	Animal__kingdom
nsubj< have	2.0	0.821	location_topic	Animal__kingdom
case> include	2.0	0.841	location_topic	Animal__kingdom
appos> planci	2.0	0.517	location_topic	Animal__kingdom
nsubj<advmod> not	2.0	1.024	location_topic	Animal__kingdom
compound<amod> ...	2.0	0.382	location_topic	Animal__kingdom
nsubj<mark> ...	2.0	0.428	location_topic	Animal__kingdom
nsubj<appos> ...	2.0	0.458	location_topic	Animal__kingdom
nsubj<advcl< ...	2.0	0.275	location_topic	Animal__kingdom
nsubj<advcl<obl> ...	2.0	0.443	location_topic	Animal__kingdom
nsubj<nmod>case> in	2.0	0.297	location_topic	Animal__kingdom
nmod>compound>compound> ...	2.0	0.237	location_topic	Animal__kingdom
nmod>case> ...	2.0	0.916	location_topic	Animal__kingdom
compound>case> ...	2.0	0.542	location_topic	Animal__kingdom
conj<conj> fish	2.0	0.926	location_topic	Animal__kingdom
compound<det> the	2.0	0.605	location_topic	Animal__kingdom
obj< attack	2.0	0.622	location_topic	Animal__kingdom
conj<obj<advmod> also	2.0	1.049	location_topic	Animal__kingdom
obl<conj> ...	2.0	0.328	location_topic	Animal__kingdom
conj>nmod>case> ...	2.0	0.478	location_topic	Animal__kingdom
obl<conj>cop> ...	2.0	0.191	location_topic	Animal__kingdom
obl<aux:pass> be	2.0	0.404	location_topic	Animal__kingdom
nsubj<aux> do	2.0	0.682	location_topic	Animal__kingdom
obj<advmod> also	2.0	0.792	location_topic	Animal__kingdom
appos>compound> Acanthaster	2.0	0.519	location_topic	Animal__kingdom
conj<conj>cop> ...	2.0	0.395	location_topic	Animal__kingdom
conj<obl>case> ...	2.0	0.576	location_topic	Animal__kingdom
conj<conj>obl> ...	2.0	0.481	location_topic	Animal__kingdom
obl<aux:pass> ...	2.0	0.404	location_topic	Animal__kingdom
nsubj<case> ...	2.0	0.357	location_topic	Animal__kingdom
conj<obl> ...	2.0	0.214	location_topic	Animal__kingdom
conj<obl>compound> ...	2.0	0.435	location_topic	Animal__kingdom
conj<obl>amod> ...	2.0	0.355	location_topic	Animal__kingdom
conj<aux> ...	2.0	0.274	location_topic	Animal__kingdom
appos<nmod<det> the	2.0	0.555	location_topic	Animal__kingdom
obl<obl>case> ...	2.0	0.367	location_topic	Animal__kingdom
obl<obl>amod> ...	2.0	0.198	location_topic	Animal__kingdom
conj<advcl>obj> ...	2.0	0.523	location_topic	Animal__kingdom
conj<advcl> ...	2.0	0.45	location_topic	Animal__kingdom
conj<advcl>aux> ...	2.0	0.41	location_topic	Animal__kingdom
obl<obl> ...	2.0	0.534	location_topic	Animal__kingdom
acl>conj>obl> ...	2.0	0.344	location_topic	Animal__kingdom
nsubj:pass<aux> ...	2.0	0.211	location_topic	Animal__kingdom
conj>compound> moon	2.0	0.364	location_topic	Animal__kingdom
nsubj<obj>nmod> ...	2.0	0.337	location_topic	Animal__kingdom
obl<conj>cop> be	2.0	0.191	location_topic	Animal__kingdom
nsubj<nmod>conj> ...	2.0	0.406	location_topic	Animal__kingdom
compound>amod> female	2.0	0.352	location_topic	Animal__kingdom
nsubj<obl>nmod> ...	2.0	0.217	location_topic	Animal__kingdom
compound<nmod<det> the	2.0	0.337	location_topic	Animal__kingdom
appos<conj>cc> ...	2.0	0.715	location_topic	Animal__kingdom
obj<nsubj> which	2.0	0.353	location_topic	Animal__kingdom
nmod<obl> ...	1.0	0.53	location_topic	Animal__kingdom
nmod<obl>case> ...	1.0	0.471	location_topic	Animal__kingdom
nmod<obj> ...	1.0	0.495	location_topic	Animal__kingdom
nmod<xcomp< ...	1.0	0.256	location_topic	Animal__kingdom
nsubj<case> in	1.0	0.392	location_topic	Animal__kingdom
nmod<mark> ...	1.0	0.248	location_topic	Animal__kingdom
compound<nmod> ...	1.0	0.152	location_topic	Animal__kingdom
obl<conj>cc> and	1.0	0.516	location_topic	Animal__kingdom
obl<conj>det> the	1.0	0.534	location_topic	Animal__kingdom
obl<obl>det> the	1.0	0.424	location_topic	Animal__kingdom
obl<obl>case> on	1.0	0.337	location_topic	Animal__kingdom
obl<nsubj:pass>det> the	1.0	0.663	location_topic	Animal__kingdom
conj<obj<parataxis< ...	1.0	0.319	location_topic	Animal__kingdom
obj<parataxis<nsubj< ...	1.0	0.32	location_topic	Animal__kingdom
nmod<obl>nmod> ...	1.0	0.199	location_topic	Animal__kingdom
nmod>det> the	1.0	0.68	location_topic	Animal__kingdom
nmod>case> in	1.0	1.027	location_topic	Animal__kingdom
compound<nmod>case> ...	1.0	0.831	location_topic	Animal__kingdom
compound>case> to	1.0	0.573	location_topic	Animal__kingdom
obj<parataxis< ...	1.0	0.365	location_topic	Animal__kingdom
det> a	1.0	1.284	location_topic	Animal__kingdom
nsubj<obl>case> as	1.0	1.004	location_topic	Animal__kingdom
nsubj<obl> time	1.0	0.352	location_topic	Animal__kingdom
appos<det> the	1.0	0.539	location_topic	Animal__kingdom
nmod<nsubj<obl> that	1.0	0.425	location_topic	Animal__kingdom
nsubj<ccomp<nsubj> ...	1.0	0.377	location_topic	Animal__kingdom
nsubj<ccomp<aux> ...	1.0	0.251	location_topic	Animal__kingdom
nsubj<ccomp< ...	1.0	0.714	location_topic	Animal__kingdom
amod> large	1.0	1.4	location_topic	Animal__kingdom
appos<nsubj<obj> ...	1.0	0.305	location_topic	Animal__kingdom
nmod<case> to	1.0	0.877	location_topic	Animal__kingdom
nmod<obl< related	1.0	0.449	location_topic	Animal__kingdom
nmod<obl<cop> be	1.0	0.503	location_topic	Animal__kingdom
nmod> size	1.0	0.606	location_topic	Animal__kingdom
nmod>amod> similar	1.0	0.536	location_topic	Animal__kingdom
nmod>case> of	1.0	1.004	location_topic	Animal__kingdom
nmod<xcomp<aux:pass> ...	1.0	0.454	location_topic	Animal__kingdom
nsubj<obj>amod> digestive	1.0	0.743	location_topic	Animal__kingdom
appos<appos<det> ...	1.0	0.236	location_topic	Animal__kingdom
appos<appos< ...	1.0	0.608	location_topic	Animal__kingdom
nsubj<obl>compound> water	1.0	0.23	location_topic	Animal__kingdom
nsubj<obl>nmod:poss> they	1.0	0.432	location_topic	Animal__kingdom
appos<compound>amod> ...	1.0	0.523	location_topic	Animal__kingdom
nsubj<nmod>nummod> ...	1.0	0.27	location_topic	Animal__kingdom
obj<conj>nmod> ...	1.0	0.37	location_topic	Animal__kingdom
nsubj<obj>det> a	1.0	0.499	location_topic	Animal__kingdom
nmod<xcomp<nsubj:pass> ...	1.0	0.367	location_topic	Animal__kingdom
nsubj<advmod> very	1.0	0.84	location_topic	Animal__kingdom
nsubj<conj> use	1.0	0.307	location_topic	Animal__kingdom
nsubj<conj>aux:pass> be	1.0	0.67	location_topic	Animal__kingdom
nmod<xcomp<aux> ...	1.0	0.513	location_topic	Animal__kingdom
nsubj:pass<obl> area	1.0	0.35	location_topic	Animal__kingdom
nsubj<nmod>amod> ...	1.0	0.376	location_topic	Animal__kingdom
obj<cc> and	1.0	0.581	location_topic	Animal__kingdom
nsubj<nmod>acl:relcl> ...	1.0	0.285	location_topic	Animal__kingdom
obj<conj<aux:pass> be	1.0	0.248	location_topic	Animal__kingdom
obj<nsubj>det> ...	1.0	0.465	location_topic	Animal__kingdom
nsubj:pass<aux> may	1.0	0.226	location_topic	Animal__kingdom
obl<acl<cop> ...	1.0	0.468	location_topic	Animal__kingdom
conj>cop> ...	1.0	0.503	location_topic	Animal__kingdom
conj>case> ...	1.0	0.647	location_topic	Animal__kingdom
conj>appos> ...	1.0	0.172	location_topic	Animal__kingdom
conj>appos>nmod> ...	1.0	0.474	location_topic	Animal__kingdom
conj>nmod>compound> ...	1.0	0.128	location_topic	Animal__kingdom
conj>nmod> ...	1.0	0.296	location_topic	Animal__kingdom
nsubj<nummod> ...	1.0	0.431	location_topic	Animal__kingdom
nsubj<advcl<nsubj> ...	1.0	0.342	location_topic	Animal__kingdom
nsubj<advcl<nmod> ...	1.0	0.532	location_topic	Animal__kingdom
conj<appos<compound> ...	1.0	0.348	location_topic	Animal__kingdom
conj<appos< ...	1.0	0.297	location_topic	Animal__kingdom
conj<appos<nsubj< ...	1.0	0.254	location_topic	Animal__kingdom
nmod<nsubj<advcl< ...	1.0	0.498	location_topic	Animal__kingdom
nmod<nsubj<mark> ...	1.0	0.328	location_topic	Animal__kingdom
nmod<nsubj<advmod> ...	1.0	0.184	location_topic	Animal__kingdom
nmod<nmod>case> ...	1.0	0.418	location_topic	Animal__kingdom
nmod<nmod>amod> ...	1.0	0.451	location_topic	Animal__kingdom
nmod<nmod> ...	1.0	0.485	location_topic	Animal__kingdom
obl<xcomp<nsubj:pass> ...	1.0	0.192	location_topic	Animal__kingdom
obl<xcomp<aux:pass> ...	1.0	0.178	location_topic	Animal__kingdom
obl<xcomp< ...	1.0	0.772	location_topic	Animal__kingdom
obl<mark> ...	1.0	0.647	location_topic	Animal__kingdom
acl>advmod> ...	1.0	0.509	location_topic	Animal__kingdom
acl>conj>cc> ...	1.0	0.535	location_topic	Animal__kingdom
conj>advmod> ...	1.0	0.552	location_topic	Animal__kingdom
nsubj:pass<conj>amod> ...	1.0	0.292	location_topic	Animal__kingdom
nsubj:pass<conj>advmod> ...	1.0	0.337	location_topic	Animal__kingdom
nsubj<advcl<aux:pass> ...	1.0	0.591	location_topic	Animal__kingdom
nsubj<advcl<advmod> ...	1.0	0.304	location_topic	Animal__kingdom
nsubj<advcl<conj> ...	1.0	0.208	location_topic	Animal__kingdom
compound<obj<xcomp< ...	1.0	0.317	location_topic	Animal__kingdom
compound<obj<mark> ...	1.0	0.295	location_topic	Animal__kingdom
compound<obj< ...	1.0	0.581	location_topic	Animal__kingdom
obj<ccomp<mark> ...	1.0	0.254	location_topic	Animal__kingdom
obj<ccomp<nsubj> ...	1.0	0.303	location_topic	Animal__kingdom
obj<ccomp< ...	1.0	0.291	location_topic	Animal__kingdom
obj<obl>case> ...	1.0	0.641	location_topic	Animal__kingdom
obj<obl> ...	1.0	0.294	location_topic	Animal__kingdom
obj<obl>conj> ...	1.0	0.208	location_topic	Animal__kingdom
obj<advcl<amod> ...	1.0	0.703	location_topic	Animal__kingdom
obj<advcl< ...	1.0	0.284	location_topic	Animal__kingdom
obj<advcl<nmod> ...	1.0	0.29	location_topic	Animal__kingdom
conj<nmod>case> ...	1.0	0.57	location_topic	Animal__kingdom
conj<nmod> ...	1.0	0.543	location_topic	Animal__kingdom
conj<appos>nmod:poss> ...	1.0	0.558	location_topic	Animal__kingdom
conj<appos>amod> ...	1.0	0.14	location_topic	Animal__kingdom
conj<appos>nmod> ...	1.0	0.449	location_topic	Animal__kingdom
conj<obl<obj> ...	1.0	0.271	location_topic	Animal__kingdom
appos>det> ...	1.0	0.495	location_topic	Animal__kingdom
nsubj:pass<advmod> ...	1.0	0.399	location_topic	Animal__kingdom
acl>conj> ...	1.0	0.209	location_topic	Animal__kingdom
nsubj<obj>nummod> ...	1.0	0.298	location_topic	Animal__kingdom
compound<nmod<case> ...	1.0	0.382	location_topic	Animal__kingdom
nsubj<ccomp>nsubj> ...	1.0	0.342	location_topic	Animal__kingdom
nsubj<ccomp> ...	1.0	0.431	location_topic	Animal__kingdom
nsubj<ccomp>conj> ...	1.0	0.232	location_topic	Animal__kingdom
nsubj<conj>advcl> ...	1.0	0.269	location_topic	Animal__kingdom
nsubj<conj>aux> ...	1.0	0.675	location_topic	Animal__kingdom
nsubj<conj>aux:pass> ...	1.0	0.67	location_topic	Animal__kingdom
appos<det> ...	1.0	0.401	location_topic	Animal__kingdom
appos<nsubj<amod> ...	1.0	0.428	location_topic	Animal__kingdom
appos<nsubj<conj> ...	1.0	0.138	location_topic	Animal__kingdom
nsubj:pass<obl>conj> ...	1.0	0.288	location_topic	Animal__kingdom
nsubj:pass<obj> ...	1.0	0.247	location_topic	Animal__kingdom
nsubj:pass<obj>nmod> ...	1.0	0.373	location_topic	Animal__kingdom
obj<conj<nsubj:pass> ...	1.0	0.323	location_topic	Animal__kingdom
obj<conj<aux:pass> ...	1.0	0.248	location_topic	Animal__kingdom
obj<conj< ...	1.0	0.193	location_topic	Animal__kingdom
obj<conj<xcomp> ...	1.0	0.117	location_topic	Animal__kingdom
obj<cc> ...	1.0	0.526	location_topic	Animal__kingdom
nmod>amod> ...	1.0	0.535	location_topic	Animal__kingdom
nmod<obl<nsubj> ...	1.0	0.329	location_topic	Animal__kingdom
nmod<obl<cop> ...	1.0	0.503	location_topic	Animal__kingdom
nmod<obl< ...	1.0	0.362	location_topic	Animal__kingdom
nmod<obl<obl> ...	1.0	0.494	location_topic	Animal__kingdom
nsubj<advcl>obj> ...	1.0	0.316	location_topic	Animal__kingdom
nsubj<obl>nmod:poss> ...	1.0	0.325	location_topic	Animal__kingdom
nsubj<ccomp>advmod> ...	1.0	0.212	location_topic	Animal__kingdom
nsubj<amod>advmod> ...	1.0	0.524	location_topic	Animal__kingdom
appos>compound>compound> ...	1.0	0.212	location_topic	Animal__kingdom
nsubj<amod> ...	1.0	0.157	location_topic	Animal__kingdom
nsubj<nmod>det> ...	1.0	0.815	location_topic	Animal__kingdom
nsubj<conj>case> ...	1.0	0.459	location_topic	Animal__kingdom
nsubj<conj>nummod> ...	1.0	0.572	location_topic	Animal__kingdom
nsubj<nsubj:pass<aux:pass> ...	1.0	0.333	location_topic	Animal__kingdom
nsubj<nsubj:pass< ...	1.0	0.415	location_topic	Animal__kingdom
compound<nsubj:pass<aux:pass> ...	1.0	0.271	location_topic	Animal__kingdom
compound<nsubj:pass< ...	1.0	0.314	location_topic	Animal__kingdom
compound<nsubj:pass<obl> ...	1.0	0.183	location_topic	Animal__kingdom
obl<nsubj:pass>det> ...	1.0	0.65	location_topic	Animal__kingdom
obl<nsubj:pass> ...	1.0	0.628	location_topic	Animal__kingdom
obl<obl>det> ...	1.0	0.379	location_topic	Animal__kingdom
obl<obl>nmod> ...	1.0	0.483	location_topic	Animal__kingdom
obl<advcl>mark> ...	1.0	0.593	location_topic	Animal__kingdom
obl<advcl> ...	1.0	0.35	location_topic	Animal__kingdom
obl<conj>nsubj> ...	1.0	0.378	location_topic	Animal__kingdom
obl<conj>det> ...	1.0	0.555	location_topic	Animal__kingdom
obl<conj>amod> ...	1.0	0.449	location_topic	Animal__kingdom
obl<conj>cc> ...	1.0	0.393	location_topic	Animal__kingdom
obl<conj>compound> ...	1.0	0.512	location_topic	Animal__kingdom
nmod>det> ...	1.0	0.76	location_topic	Animal__kingdom
nmod>compound> ...	1.0	0.366	location_topic	Animal__kingdom
nsubj<appos>nmod> ...	1.0	0.424	location_topic	Animal__kingdom
compound<nmod<obl< ...	1.0	0.337	location_topic	Animal__kingdom
nmod<conj<obj< ...	1.0	0.733	location_topic	Animal__kingdom
nmod<advmod> ...	1.0	0.434	location_topic	Animal__kingdom
obj<acl:relcl<compound> ...	1.0	0.227	location_topic	Animal__kingdom
appos<nummod> ...	1.0	0.545	location_topic	Animal__kingdom
appos<list> ...	1.0	0.24	location_topic	Animal__kingdom
nmod<acl>advmod> ...	1.0	0.323	location_topic	Animal__kingdom
nmod<acl> ...	1.0	0.545	location_topic	Animal__kingdom
nmod<acl>obl> ...	1.0	0.275	location_topic	Animal__kingdom
nmod:poss<obj<conj< ...	1.0	0.486	location_topic	Animal__kingdom
nmod:poss<obj<cc> ...	1.0	0.245	location_topic	Animal__kingdom
nmod:poss<obj<nsubj> ...	1.0	0.596	location_topic	Animal__kingdom
nmod:poss<obj< ...	1.0	0.282	location_topic	Animal__kingdom
nmod:poss<compound> ...	1.0	0.481	location_topic	Animal__kingdom
nmod:poss< ...	1.0	0.271	location_topic	Animal__kingdom
obl<acl<nsubj> ...	1.0	0.295	location_topic	Animal__kingdom
obl<acl<det> ...	1.0	0.586	location_topic	Animal__kingdom
obl<acl< ...	1.0	0.302	location_topic	Animal__kingdom
obl<acl<nmod> ...	1.0	0.358	location_topic	Animal__kingdom
nsubj:pass<obl>acl:relcl> ...	1.0	0.291	location_topic	Animal__kingdom
conj<nmod<obj< ...	1.0	0.324	location_topic	Animal__kingdom
conj<compound< ...	1.0	0.458	location_topic	Animal__kingdom
conj<compound<cc< ...	1.0	0.284	location_topic	Animal__kingdom
conj<conj>conj> ...	1.0	0.243	location_topic	Animal__kingdom
obj<acl:relcl<obj< ...	1.0	0.463	location_topic	Animal__kingdom
nmod<cc> ...	1.0	0.527	location_topic	Animal__kingdom
nsubj<obj>compound> ...	1.0	0.294	location_topic	Animal__kingdom
nmod<conj<obj> ...	1.0	0.269	location_topic	Animal__kingdom
nmod<conj<det> ...	1.0	0.64	location_topic	Animal__kingdom
nmod<conj<nmod> ...	1.0	0.38	location_topic	Animal__kingdom
conj<nmod<parataxis> ...	1.0	0.564	location_topic	Animal__kingdom
acl:relcl>nsubj> ...	1.0	0.558	location_topic	Animal__kingdom
acl:relcl>aux> ...	1.0	0.437	location_topic	Animal__kingdom
acl:relcl> ...	1.0	0.41	location_topic	Animal__kingdom
acl:relcl>obl>nummod> ...	1.0	0.342	location_topic	Animal__kingdom
acl:relcl>obl> ...	1.0	0.313	location_topic	Animal__kingdom
acl:relcl>obl>appos> ...	1.0	0.283	location_topic	Animal__kingdom
acl:relcl>advcl>conj> ...	1.0	0.344	location_topic	Animal__kingdom
acl:relcl>advcl> ...	1.0	0.556	location_topic	Animal__kingdom
acl:relcl>advcl>obj> ...	1.0	0.618	location_topic	Animal__kingdom
nsubj<obl>nummod> ...	1.0	0.535	location_topic	Animal__kingdom
nmod<nsubj>det> ...	1.0	0.622	location_topic	Animal__kingdom
nmod<nsubj>amod> ...	1.0	0.239	location_topic	Animal__kingdom
nmod<nsubj>nmod> ...	1.0	0.22	location_topic	Animal__kingdom
conj>acl:relcl>nsubj> ...	1.0	0.382	location_topic	Animal__kingdom
conj>acl:relcl> ...	1.0	0.513	location_topic	Animal__kingdom
compound<conj<nmod< ...	1.0	0.532	location_topic	Animal__kingdom
compound<conj<case> ...	1.0	0.424	location_topic	Animal__kingdom
compound<conj<compound> ...	1.0	0.295	location_topic	Animal__kingdom
compound<conj< ...	1.0	0.607	location_topic	Animal__kingdom
compound<cc> ...	1.0	0.613	location_topic	Animal__kingdom
nmod<conj<advmod> ...	1.0	0.436	location_topic	Animal__kingdom
nmod<conj<nsubj> ...	1.0	0.24	location_topic	Animal__kingdom
nsubj<obj>case> ...	1.0	0.26	location_topic	Animal__kingdom
nsubj<advcl>ccomp> ...	1.0	0.351	location_topic	Animal__kingdom
obj<advcl>obj> ...	1.0	0.401	location_topic	Animal__kingdom
conj<parataxis>compound> ...	1.0	0.245	location_topic	Animal__kingdom
conj<conj>aux> ...	1.0	0.339	location_topic	Animal__kingdom
conj<nsubj< ...	1.0	0.346	location_topic	Animal__kingdom
conj<nsubj<obl> ...	1.0	0.288	location_topic	Animal__kingdom
nmod<nsubj<aux> ...	1.0	0.321	location_topic	Animal__kingdom
nmod<nsubj<obj> ...	1.0	0.358	location_topic	Animal__kingdom
conj<obl<cop> ...	1.0	0.412	location_topic	Animal__kingdom
obj<acl:relcl<nsubj> ...	1.0	0.556	location_topic	Animal__kingdom
obj<acl:relcl<cop> ...	1.0	0.728	location_topic	Animal__kingdom
obj<acl:relcl<nmod> ...	1.0	0.538	location_topic	Animal__kingdom
conj<obj<acl:relcl< ...	1.0	0.487	location_topic	Animal__kingdom
conj<obj<nsubj> ...	1.0	0.209	location_topic	Animal__kingdom
conj<obj<conj> ...	1.0	0.428	location_topic	Animal__kingdom
appos<obj< ...	1.0	0.389	location_topic	Animal__kingdom
appos<conj>compound> ...	1.0	0.267	location_topic	Animal__kingdom
appos<nmod>case> ...	1.0	0.427	location_topic	Animal__kingdom
appos<nmod>det> ...	1.0	0.556	location_topic	Animal__kingdom
appos<nmod> ...	1.0	0.361	location_topic	Animal__kingdom
appos<nmod>nmod> ...	1.0	0.25	location_topic	Animal__kingdom
obj<acl<det> ...	1.0	0.671	location_topic	Animal__kingdom
obj<acl<amod> ...	1.0	0.193	location_topic	Animal__kingdom
obj<acl< ...	1.0	0.343	location_topic	Animal__kingdom
obj<acl<nmod> ...	1.0	0.612	location_topic	Animal__kingdom
obj<advcl>mark> ...	1.0	0.455	location_topic	Animal__kingdom
obj<advcl> ...	1.0	0.676	location_topic	Animal__kingdom
conj<parataxis> ...	1.0	0.245	location_topic	Animal__kingdom
conj<appos>compound> ...	1.0	0.236	location_topic	Animal__kingdom
conj<discourse> ...	1.0	0.343	location_topic	Animal__kingdom
nsubj<advcl>mark> ...	1.0	0.77	location_topic	Animal__kingdom
nsubj<advcl>nsubj> ...	1.0	0.292	location_topic	Animal__kingdom
nsubj<advcl>cop> ...	1.0	0.311	location_topic	Animal__kingdom
nsubj<advcl>amod> ...	1.0	0.451	location_topic	Animal__kingdom
nsubj<conj>advmod> ...	1.0	0.39	location_topic	Animal__kingdom
nmod<nmod<compound> ...	1.0	0.222	location_topic	Animal__kingdom
nmod<nmod< ...	1.0	0.542	location_topic	Animal__kingdom
nmod<nmod<appos> ...	1.0	0.322	location_topic	Animal__kingdom
nmod<appos> ...	1.0	0.152	location_topic	Animal__kingdom
nmod<nsubj<conj> ...	1.0	0.368	location_topic	Animal__kingdom
nmod<nsubj<advcl> ...	1.0	0.449	location_topic	Animal__kingdom
nmod<nsubj<xcomp> ...	1.0	0.409	location_topic	Animal__kingdom
compound<obl<nsubj> ...	1.0	0.439	location_topic	Animal__kingdom
compound<obl< ...	1.0	0.736	location_topic	Animal__kingdom
compound<obl<appos> ...	1.0	0.475	location_topic	Animal__kingdom
conj<nmod<obl< ...	1.0	0.533	location_topic	Animal__kingdom
conj<nmod<case> ...	1.0	0.251	location_topic	Animal__kingdom
discourse> ...	1.0	0.242	location_topic	Animal__kingdom
conj>det> ...	1.0	0.612	location_topic	Animal__kingdom
parataxis> ...	1.0	0.252	location_topic	Animal__kingdom
conj>aux> ...	1.0	0.585	location_topic	Animal__kingdom
conj>xcomp> ...	1.0	0.403	location_topic	Animal__kingdom
conj>xcomp>obl> ...	1.0	0.147	location_topic	Animal__kingdom
nmod<acl>advmod> commonly	1.0	0.323	location_topic	Animal__kingdom
compound>amod> deep	1.0	0.419	location_topic	Animal__kingdom
nmod<det> a	1.0	0.569	location_topic	Animal__kingdom
nmod:poss<obj<cc> but	1.0	0.236	location_topic	Animal__kingdom
nsubj:pass<obl>case> for	1.0	0.744	location_topic	Animal__kingdom
case> as	1.0	0.982	location_topic	Animal__kingdom
case> to	1.0	0.867	location_topic	Animal__kingdom
obl< refer	1.0	0.414	location_topic	Animal__kingdom
obl<advmod> commonly	1.0	0.362	location_topic	Animal__kingdom
obl<acl<det> a	1.0	0.601	location_topic	Animal__kingdom
obl<acl<cop> be	1.0	0.468	location_topic	Animal__kingdom
case> 's	1.0	0.914	location_topic	Animal__kingdom
nmod<cc> but	1.0	0.603	location_topic	Animal__kingdom
compound<case> on	1.0	0.325	location_topic	Animal__kingdom
compound<nmod<obj< have	1.0	0.363	location_topic	Animal__kingdom
compound<cc> and	1.0	0.595	location_topic	Animal__kingdom
case> for	1.0	0.875	location_topic	Animal__kingdom
acl> feed	1.0	0.799	location_topic	Animal__kingdom
conj<nmod<obj< include	1.0	0.379	location_topic	Animal__kingdom
nsubj<obl>det> all	1.0	0.632	location_topic	Animal__kingdom
nsubj:pass<obl> shore	1.0	0.355	location_topic	Animal__kingdom
nsubj<aux> have	1.0	0.641	location_topic	Animal__kingdom
nsubj<advcl>mark> although	1.0	0.931	location_topic	Animal__kingdom
nsubj<advmod> also	1.0	0.896	location_topic	Animal__kingdom
nsubj<advcl>cop> be	1.0	0.311	location_topic	Animal__kingdom
obj< eat	1.0	0.531	location_topic	Animal__kingdom
obj<nsubj> that	1.0	0.369	location_topic	Animal__kingdom
nsubj<obl>case> with	1.0	0.993	location_topic	Animal__kingdom
conj<compound<cc< lily	1.0	0.284	location_topic	Animal__kingdom
conj<compound< or	1.0	0.429	location_topic	Animal__kingdom
conj<conj>compound> britle	1.0	0.497	location_topic	Animal__kingdom
conj< starfish	1.0	0.539	location_topic	Animal__kingdom
conj<conj>amod> many	1.0	0.62	location_topic	Animal__kingdom
conj<conj> worm	1.0	0.928	location_topic	Animal__kingdom
nmod<xcomp<aux:pass> be	1.0	0.454	location_topic	Animal__kingdom
nmod<xcomp<aux> have	1.0	0.513	location_topic	Animal__kingdom
nmod<xcomp<nsubj:pass> it	1.0	0.379	location_topic	Animal__kingdom
obj<conj>amod> other	1.0	0.323	location_topic	Animal__kingdom
nmod<mark> to	1.0	0.297	location_topic	Animal__kingdom
obj< call	1.0	0.461	location_topic	Animal__kingdom
appos> ecology	1.0	0.369	location_topic	Animal__kingdom
compound<nmod>case> of	1.0	0.935	location_topic	Animal__kingdom
appos<case> of	1.0	0.691	location_topic	Animal__kingdom
nsubj<nmod> species	1.0	0.494	location_topic	Animal__kingdom
nsubj<nmod>case> to	1.0	0.29	location_topic	Animal__kingdom
nsubj<nmod>case> of	1.0	0.353	location_topic	Animal__kingdom
nsubj<det> a	1.0	0.402	location_topic	Animal__kingdom
det> that	1.0	1.214	location_topic	Animal__kingdom
nsubj<ccomp< suggest	1.0	0.747	location_topic	Animal__kingdom
nsubj<ccomp<aux> have	1.0	0.236	location_topic	Animal__kingdom
conj>cc> or	1.0	0.815	location_topic	Animal__kingdom
nsubj<obl>case> to	1.0	1.022	location_topic	Animal__kingdom
acl:relcl>obl>case> to	1.0	0.578	location_topic	Animal__kingdom
acl:relcl>aux> may	1.0	0.463	location_topic	Animal__kingdom
acl:relcl>nsubj> which	1.0	0.621	location_topic	Animal__kingdom
conj>acl:relcl> live	1.0	0.532	location_topic	Animal__kingdom
conj>acl:relcl>nsubj> that	1.0	0.414	location_topic	Animal__kingdom
nmod<nsubj>det> a	1.0	0.632	location_topic	Animal__kingdom
compound<nmod< distribution	1.0	0.233	location_topic	Animal__kingdom
compound<nmod<obj< show	1.0	0.431	location_topic	Animal__kingdom
conj<obj<advmod> jelly	1.0	1.061	location_topic	Animal__kingdom
conj<conj>cc> or	1.0	0.495	location_topic	Animal__kingdom
conj<conj>compound> moon	1.0	0.458	location_topic	Animal__kingdom
conj< jellyfish	1.0	0.537	location_topic	Animal__kingdom
conj<amod> common	1.0	0.981	location_topic	Animal__kingdom
conj<obj< call	1.0	0.535	location_topic	Animal__kingdom
conj<obj<parataxis< Aurelia	1.0	0.319	location_topic	Animal__kingdom
compound< species	1.0	0.553	location_topic	Animal__kingdom
nmod<conj<det> the	1.0	0.626	location_topic	Animal__kingdom
conj<nmod< organisms	1.0	0.433	location_topic	Animal__kingdom
nsubj:pass<aux> have	1.0	0.19	location_topic	Animal__kingdom
appos>det> the	1.0	0.539	location_topic	Animal__kingdom
conj>nmod>case> in	1.0	0.568	location_topic	Animal__kingdom
conj>cop> be	1.0	0.503	location_topic	Animal__kingdom
conj<amod> other	1.0	0.949	location_topic	Animal__kingdom
conj<case> on	1.0	0.446	location_topic	Animal__kingdom
obj<mark> that	1.0	0.438	location_topic	Animal__kingdom
obj<ccomp< suggest	1.0	0.282	location_topic	Animal__kingdom
compound< flesh	1.0	0.515	location_topic	Animal__kingdom
compound<obj<mark> to	1.0	0.356	location_topic	Animal__kingdom
nsubj<advcl<advmod> now	1.0	0.254	location_topic	Animal__kingdom
nsubj<advcl<aux:pass> be	1.0	0.539	location_topic	Animal__kingdom
obj<obl>case> by	1.0	0.587	location_topic	Animal__kingdom
conj<nsubj> food	1.0	0.563	location_topic	Animal__kingdom
conj<advmod> where	1.0	0.441	location_topic	Animal__kingdom
conj<nmod>case> in	1.0	0.532	location_topic	Animal__kingdom
obj<nsubj> they	1.0	0.36	location_topic	Animal__kingdom
obj<mark> than	1.0	0.429	location_topic	Animal__kingdom
amod> largest	1.0	1.278	location_topic	Animal__kingdom
nsubj<obl>case> by	1.0	0.969	location_topic	Animal__kingdom
acl>conj>cc> and	1.0	0.535	location_topic	Animal__kingdom
nsubj<det> the	1.0	0.4	location_topic	Animal__kingdom
compound<nsubj:pass<aux:pass> be	1.0	0.271	location_topic	Animal__kingdom
compound<det> some	1.0	0.646	location_topic	Animal__kingdom
nsubj<nsubj:pass<aux:pass> be	1.0	0.333	location_topic	Animal__kingdom
nsubj<conj>case> over	1.0	0.55	location_topic	Animal__kingdom
nsubj<nmod>det> the	1.0	0.843	location_topic	Animal__kingdom
obl<obl>case> to	1.0	0.364	location_topic	Animal__kingdom
nsubj<advcl<nsubj> fossil	1.0	0.547	location_topic	Animal__kingdom
obl<mark> to	1.0	0.619	location_topic	Animal__kingdom
obl<xcomp<aux:pass> be	1.0	0.178	location_topic	Animal__kingdom
appos<appos<det> the	1.0	0.236	location_topic	Animal__kingdom
nmod<nmod>case> of	1.0	0.408	location_topic	Animal__kingdom
nsubj<obl> period	1.0	0.434	location_topic	Animal__kingdom
conj<nmod<case> by	1.0	0.293	location_topic	Animal__kingdom
compound<case> in	1.0	0.317	location_topic	Animal__kingdom
conj>det> the	1.0	0.599	location_topic	Animal__kingdom
nmod<case> with	1.0	0.863	location_topic	Animal__kingdom
nmod<nsubj< able	1.0	0.816	location_topic	Animal__kingdom
nmod< animal	1.0	0.548	location_topic	Animal__kingdom
obj<mark> to	1.0	0.564	location_topic	Animal__kingdom
obj<acl<det> a	1.0	0.685	location_topic	Animal__kingdom
amod> most	1.0	1.397	location_topic	Animal__kingdom
appos<nmod>det> the	1.0	0.573	location_topic	Animal__kingdom
appos<nmod>case> in	1.0	0.446	location_topic	Animal__kingdom
nsubj<obl>amod> warm	1.0	0.615	location_topic	Animal__kingdom
compound<nmod<case> with	1.0	0.369	location_topic	Animal__kingdom
conj<conj> crustacean	1.0	0.909	location_topic	Animal__kingdom
conj<conj> urchin	1.0	0.902	location_topic	Animal__kingdom
conj<conj> barnacle	1.0	0.91	location_topic	Animal__kingdom
conj<obl<cop> be	1.0	0.412	location_topic	Animal__kingdom
nmod<nsubj<aux> can	1.0	0.442	location_topic	Animal__kingdom
conj<conj>amod> small	1.0	0.551	location_topic	Animal__kingdom
obj<conj>cc> and	1.0	0.38	location_topic	Animal__kingdom
conj<obj< include	1.0	0.341	location_topic	Animal__kingdom
conj<obj<nsubj> which	1.0	0.372	location_topic	Animal__kingdom
conj>amod> britle	1.0	0.398	location_topic	Animal__kingdom
obj<acl:relcl<cop> be	1.0	0.728	location_topic	Animal__kingdom
conj>nummod> sand	1.0	0.431	location_topic	Animal__kingdom
conj> cucumber	1.0	1.107	location_topic	Animal__kingdom
obj< include	1.0	0.333	location_topic	Animal__kingdom
obj<acl:relcl<nmod> Echinodermata	1.0	0.603	location_topic	Animal__kingdom
nsubj<obj>det> ...	1.0	0.419	location_topic	Animal__kingdom
case> ...	191.0	0.909	taxongroup_comment	Animal__kingdom
amod> ...	153.0	1.252	taxongroup_comment	Animal__kingdom
compound> ...	127.0	0.581	taxongroup_comment	Animal__kingdom
det> ...	123.0	1.25	taxongroup_comment	Animal__kingdom
nmod< ...	123.0	0.428	taxongroup_comment	Animal__kingdom
case> of	88.0	0.941	taxongroup_comment	Animal__kingdom
nsubj< ...	85.0	0.766	taxongroup_comment	Animal__kingdom
compound< ...	82.0	0.347	taxongroup_comment	Animal__kingdom
det> the	79.0	1.274	taxongroup_comment	Animal__kingdom
conj<conj> ...	76.0	0.906	taxongroup_comment	Animal__kingdom
conj> ...	68.0	1.014	taxongroup_comment	Animal__kingdom
nmod<det> ...	62.0	0.58	taxongroup_comment	Animal__kingdom
obl< ...	58.0	0.365	taxongroup_comment	Animal__kingdom
nmod>case> ...	51.0	0.916	taxongroup_comment	Animal__kingdom
nmod> ...	50.0	0.597	taxongroup_comment	Animal__kingdom
conj< ...	49.0	0.502	taxongroup_comment	Animal__kingdom
nmod<amod> ...	44.0	0.678	taxongroup_comment	Animal__kingdom
nsubj<obj> ...	40.0	0.444	taxongroup_comment	Animal__kingdom
conj>cc> ...	40.0	0.783	taxongroup_comment	Animal__kingdom
nsubj<obl>case> ...	39.0	0.95	taxongroup_comment	Animal__kingdom
compound> box	39.0	0.663	taxongroup_comment	Animal__kingdom
nsubj<obl> ...	38.0	0.296	taxongroup_comment	Animal__kingdom
obj< ...	37.0	0.474	taxongroup_comment	Animal__kingdom
nmod<case> ...	37.0	0.897	taxongroup_comment	Animal__kingdom
compound<case> ...	33.0	0.297	taxongroup_comment	Animal__kingdom
nsubj<cop> ...	30.0	0.665	taxongroup_comment	Animal__kingdom
nsubj<cop> be	29.0	0.67	taxongroup_comment	Animal__kingdom
nmod>conj> ...	29.0	0.761	taxongroup_comment	Animal__kingdom
conj>cc> and	28.0	0.785	taxongroup_comment	Animal__kingdom
nmod<det> the	28.0	0.636	taxongroup_comment	Animal__kingdom
appos< ...	28.0	0.503	taxongroup_comment	Animal__kingdom
nmod<det> a	27.0	0.569	taxongroup_comment	Animal__kingdom
nmod<cop> be	25.0	0.424	taxongroup_comment	Animal__kingdom
conj<conj>cc> ...	25.0	0.527	taxongroup_comment	Animal__kingdom
nmod<cop> ...	25.0	0.287	taxongroup_comment	Animal__kingdom
cc> ...	25.0	0.943	taxongroup_comment	Animal__kingdom
nmod<nsubj< ...	25.0	0.668	taxongroup_comment	Animal__kingdom
appos> ...	25.0	0.347	taxongroup_comment	Animal__kingdom
nmod<nsubj> ...	24.0	0.352	taxongroup_comment	Animal__kingdom
nsubj<advmod> ...	24.0	0.886	taxongroup_comment	Animal__kingdom
compound<amod> ...	23.0	0.382	taxongroup_comment	Animal__kingdom
compound<det> ...	23.0	0.621	taxongroup_comment	Animal__kingdom
nsubj<obj>amod> ...	22.0	0.669	taxongroup_comment	Animal__kingdom
obl<nsubj> ...	22.0	0.735	taxongroup_comment	Animal__kingdom
nsubj<conj> ...	22.0	0.302	taxongroup_comment	Animal__kingdom
acl:relcl> ...	22.0	0.41	taxongroup_comment	Animal__kingdom
acl:relcl>nsubj> ...	21.0	0.558	taxongroup_comment	Animal__kingdom
cc> and	21.0	0.965	taxongroup_comment	Animal__kingdom
conj<conj>cc> and	20.0	0.576	taxongroup_comment	Animal__kingdom
compound<nmod< ...	20.0	0.217	taxongroup_comment	Animal__kingdom
det> a	19.0	1.284	taxongroup_comment	Animal__kingdom
nmod<nmod< ...	19.0	0.542	taxongroup_comment	Animal__kingdom
nmod<compound> ...	18.0	0.209	taxongroup_comment	Animal__kingdom
nmod<obl< ...	18.0	0.362	taxongroup_comment	Animal__kingdom
compound<compound> ...	18.0	0.23	taxongroup_comment	Animal__kingdom
conj<case> ...	18.0	0.392	taxongroup_comment	Animal__kingdom
nmod>det> ...	18.0	0.76	taxongroup_comment	Animal__kingdom
nsubj<advcl> ...	18.0	0.788	taxongroup_comment	Animal__kingdom
nmod>compound> ...	17.0	0.366	taxongroup_comment	Animal__kingdom
conj>compound> ...	17.0	0.361	taxongroup_comment	Animal__kingdom
nsubj<conj>cc> ...	17.0	0.592	taxongroup_comment	Animal__kingdom
nmod<nmod> ...	17.0	0.485	taxongroup_comment	Animal__kingdom
nmod<nmod>case> ...	17.0	0.418	taxongroup_comment	Animal__kingdom
obj<nsubj> ...	16.0	0.299	taxongroup_comment	Animal__kingdom
conj<conj>compound> ...	16.0	0.39	taxongroup_comment	Animal__kingdom
nsubj<obj>det> ...	16.0	0.419	taxongroup_comment	Animal__kingdom
compound<conj<conj> ...	16.0	0.816	taxongroup_comment	Animal__kingdom
amod> other	16.0	1.396	taxongroup_comment	Animal__kingdom
nmod>det> the	16.0	0.68	taxongroup_comment	Animal__kingdom
nsubj< have	15.0	0.821	taxongroup_comment	Animal__kingdom
compound<nmod<det> ...	15.0	0.339	taxongroup_comment	Animal__kingdom
nmod<nsubj<conj> ...	15.0	0.368	taxongroup_comment	Animal__kingdom
obl<advmod> ...	15.0	0.276	taxongroup_comment	Animal__kingdom
nsubj<obl>case> in	15.0	1.0	taxongroup_comment	Animal__kingdom
appos<appos> ...	15.0	0.127	taxongroup_comment	Animal__kingdom
acl> ...	15.0	0.72	taxongroup_comment	Animal__kingdom
cop> ...	14.0	0.745	taxongroup_comment	Animal__kingdom
nmod<obj< ...	14.0	0.629	taxongroup_comment	Animal__kingdom
amod>advmod> ...	14.0	0.225	taxongroup_comment	Animal__kingdom
compound> crown	14.0	0.733	taxongroup_comment	Animal__kingdom
nsubj<advcl>mark> ...	14.0	0.77	taxongroup_comment	Animal__kingdom
compound>nmod>case> ...	14.0	0.639	taxongroup_comment	Animal__kingdom
compound<nmod<det> the	14.0	0.337	taxongroup_comment	Animal__kingdom
compound>nmod> ...	14.0	0.387	taxongroup_comment	Animal__kingdom
compound>nmod>case> of	14.0	0.639	taxongroup_comment	Animal__kingdom
compound>nmod> thorn	14.0	0.387	taxongroup_comment	Animal__kingdom
compound<det> the	14.0	0.605	taxongroup_comment	Animal__kingdom
cop> be	14.0	0.745	taxongroup_comment	Animal__kingdom
nmod>case> in	13.0	1.027	taxongroup_comment	Animal__kingdom
obj<advmod> ...	13.0	0.635	taxongroup_comment	Animal__kingdom
nsubj<aux> ...	13.0	0.594	taxongroup_comment	Animal__kingdom
nsubj<obl>amod> ...	13.0	0.709	taxongroup_comment	Animal__kingdom
case> as	13.0	0.982	taxongroup_comment	Animal__kingdom
appos<conj> ...	13.0	0.498	taxongroup_comment	Animal__kingdom
nsubj<advcl>obj> ...	13.0	0.316	taxongroup_comment	Animal__kingdom
nsubj> ...	13.0	0.298	taxongroup_comment	Animal__kingdom
compound<case> of	13.0	0.281	taxongroup_comment	Animal__kingdom
nsubj<obj>conj> ...	13.0	0.397	taxongroup_comment	Animal__kingdom
nmod<nmod<amod> ...	12.0	0.404	taxongroup_comment	Animal__kingdom
compound<nsubj<conj> ...	12.0	0.589	taxongroup_comment	Animal__kingdom
conj<conj>amod> ...	12.0	0.472	taxongroup_comment	Animal__kingdom
conj<appos>conj> ...	12.0	0.476	taxongroup_comment	Animal__kingdom
nsubj<obl>det> ...	12.0	0.718	taxongroup_comment	Animal__kingdom
acl:relcl>nsubj> that	12.0	0.635	taxongroup_comment	Animal__kingdom
obj<obl> ...	12.0	0.294	taxongroup_comment	Animal__kingdom
nmod>amod> ...	12.0	0.535	taxongroup_comment	Animal__kingdom
obj<obl>case> ...	12.0	0.641	taxongroup_comment	Animal__kingdom
nmod<obl<nsubj> ...	12.0	0.329	taxongroup_comment	Animal__kingdom
nsubj<conj>cc> and	12.0	0.565	taxongroup_comment	Animal__kingdom
conj<obj< ...	12.0	0.325	taxongroup_comment	Animal__kingdom
compound> moon	12.0	0.66	taxongroup_comment	Animal__kingdom
compound>amod> ...	12.0	0.31	taxongroup_comment	Animal__kingdom
obl<acl< ...	12.0	0.302	taxongroup_comment	Animal__kingdom
appos>compound> ...	11.0	0.489	taxongroup_comment	Animal__kingdom
conj<compound> ...	11.0	0.356	taxongroup_comment	Animal__kingdom
compound<nsubj< ...	11.0	0.613	taxongroup_comment	Animal__kingdom
nmod<nmod>amod> ...	11.0	0.451	taxongroup_comment	Animal__kingdom
acl>obl> ...	11.0	0.524	taxongroup_comment	Animal__kingdom
conj<appos> ...	11.0	0.344	taxongroup_comment	Animal__kingdom
nmod< species	11.0	0.482	taxongroup_comment	Animal__kingdom
nsubj<det> ...	11.0	0.377	taxongroup_comment	Animal__kingdom
compound<nmod> ...	11.0	0.152	taxongroup_comment	Animal__kingdom
compound<nmod>case> ...	11.0	0.831	taxongroup_comment	Animal__kingdom
nsubj<nmod> ...	11.0	0.365	taxongroup_comment	Animal__kingdom
nsubj<nmod>case> ...	11.0	0.241	taxongroup_comment	Animal__kingdom
nsubj<obj>det> a	10.0	0.499	taxongroup_comment	Animal__kingdom
nmod<nsubj<obl> ...	10.0	0.327	taxongroup_comment	Animal__kingdom
case> in	10.0	0.897	taxongroup_comment	Animal__kingdom
nmod>conj>cc> ...	10.0	0.262	taxongroup_comment	Animal__kingdom
obl<aux:pass> be	10.0	0.404	taxongroup_comment	Animal__kingdom
obl<obl> ...	10.0	0.534	taxongroup_comment	Animal__kingdom
conj>amod> ...	10.0	0.222	taxongroup_comment	Animal__kingdom
obl<obj> ...	10.0	0.537	taxongroup_comment	Animal__kingdom
acl:relcl>obj>conj> ...	10.0	0.559	taxongroup_comment	Animal__kingdom
acl>obl>case> ...	10.0	0.475	taxongroup_comment	Animal__kingdom
compound<appos< ...	10.0	0.581	taxongroup_comment	Animal__kingdom
nmod>conj>cc> and	10.0	0.297	taxongroup_comment	Animal__kingdom
compound> sea	10.0	0.699	taxongroup_comment	Animal__kingdom
compound<compound> box	10.0	0.275	taxongroup_comment	Animal__kingdom
compound< aurita	10.0	0.555	taxongroup_comment	Animal__kingdom
nsubj<obj>nmod> ...	10.0	0.337	taxongroup_comment	Animal__kingdom
obl<aux> ...	10.0	0.745	taxongroup_comment	Animal__kingdom
case> to	10.0	0.867	taxongroup_comment	Animal__kingdom
obl<aux:pass> ...	10.0	0.404	taxongroup_comment	Animal__kingdom
conj<amod> ...	10.0	0.867	taxongroup_comment	Animal__kingdom
nmod<conj> ...	10.0	0.248	taxongroup_comment	Animal__kingdom
acl:relcl>obj> ...	10.0	0.298	taxongroup_comment	Animal__kingdom
compound<conj< ...	9.0	0.607	taxongroup_comment	Animal__kingdom
nmod<acl> ...	9.0	0.545	taxongroup_comment	Animal__kingdom
appos<nmod>case> ...	9.0	0.427	taxongroup_comment	Animal__kingdom
appos<nmod> ...	9.0	0.361	taxongroup_comment	Animal__kingdom
appos<nsubj< ...	9.0	0.401	taxongroup_comment	Animal__kingdom
obj<acl:relcl< ...	9.0	0.567	taxongroup_comment	Animal__kingdom
nsubj<obj>compound> ...	9.0	0.294	taxongroup_comment	Animal__kingdom
compound< species	9.0	0.553	taxongroup_comment	Animal__kingdom
nmod<nmod<det> ...	9.0	0.675	taxongroup_comment	Animal__kingdom
nmod<nsubj<obj> ...	9.0	0.358	taxongroup_comment	Animal__kingdom
case>fixed> ...	9.0	0.448	taxongroup_comment	Animal__kingdom
nsubj<mark> ...	9.0	0.428	taxongroup_comment	Animal__kingdom
compound<nmod<amod> ...	9.0	0.374	taxongroup_comment	Animal__kingdom
obl<obl>case> ...	9.0	0.367	taxongroup_comment	Animal__kingdom
nsubj<advcl< ...	9.0	0.275	taxongroup_comment	Animal__kingdom
nsubj:pass< ...	9.0	0.261	taxongroup_comment	Animal__kingdom
nsubj:pass<aux:pass> ...	9.0	0.586	taxongroup_comment	Animal__kingdom
compound<obl< ...	9.0	0.736	taxongroup_comment	Animal__kingdom
case> on	9.0	0.953	taxongroup_comment	Animal__kingdom
conj<obl< ...	9.0	0.432	taxongroup_comment	Animal__kingdom
nmod<obl<obl> ...	9.0	0.494	taxongroup_comment	Animal__kingdom
nsubj<conj>obj> ...	9.0	0.171	taxongroup_comment	Animal__kingdom
nsubj:pass<aux:pass> be	9.0	0.586	taxongroup_comment	Animal__kingdom
compound<nmod<obj< ...	8.0	0.312	taxongroup_comment	Animal__kingdom
nmod<conj>cc> ...	8.0	0.134	taxongroup_comment	Animal__kingdom
nsubj:pass<obl> ...	8.0	0.34	taxongroup_comment	Animal__kingdom
case> for	8.0	0.875	taxongroup_comment	Animal__kingdom
nsubj<advcl>nsubj> ...	8.0	0.292	taxongroup_comment	Animal__kingdom
nmod>case> with	8.0	0.977	taxongroup_comment	Animal__kingdom
compound<nmod<case> ...	8.0	0.382	taxongroup_comment	Animal__kingdom
obl<mark> ...	8.0	0.647	taxongroup_comment	Animal__kingdom
nmod>case> include	8.0	0.895	taxongroup_comment	Animal__kingdom
obl<nsubj:pass> ...	8.0	0.628	taxongroup_comment	Animal__kingdom
acl:relcl>obl>case> ...	8.0	0.592	taxongroup_comment	Animal__kingdom
nmod<conj< ...	8.0	0.292	taxongroup_comment	Animal__kingdom
conj<nsubj> ...	8.0	0.552	taxongroup_comment	Animal__kingdom
appos<det> the	8.0	0.539	taxongroup_comment	Animal__kingdom
nmod<nsubj<cop> ...	8.0	0.258	taxongroup_comment	Animal__kingdom
nsubj:pass<obl>case> ...	8.0	0.53	taxongroup_comment	Animal__kingdom
nmod<case> of	8.0	1.041	taxongroup_comment	Animal__kingdom
nmod<acl>obl> ...	8.0	0.275	taxongroup_comment	Animal__kingdom
conj>cc> or	8.0	0.815	taxongroup_comment	Animal__kingdom
det> some	8.0	1.323	taxongroup_comment	Animal__kingdom
compound>compound> ...	8.0	0.69	taxongroup_comment	Animal__kingdom
appos<det> ...	8.0	0.401	taxongroup_comment	Animal__kingdom
nsubj<obl>det> the	8.0	0.755	taxongroup_comment	Animal__kingdom
case> by	8.0	0.99	taxongroup_comment	Animal__kingdom
nmod<nsubj<cop> be	8.0	0.258	taxongroup_comment	Animal__kingdom
conj<det> ...	8.0	0.586	taxongroup_comment	Animal__kingdom
compound<appos> ...	8.0	0.209	taxongroup_comment	Animal__kingdom
nmod<nmod<det> the	7.0	0.661	taxongroup_comment	Animal__kingdom
nsubj<parataxis> ...	7.0	0.188	taxongroup_comment	Animal__kingdom
acl:relcl>obl> ...	7.0	0.313	taxongroup_comment	Animal__kingdom
obl<obl>amod> ...	7.0	0.198	taxongroup_comment	Animal__kingdom
nmod<nsubj:pass<aux:pass> ...	7.0	0.776	taxongroup_comment	Animal__kingdom
nmod<nsubj:pass< ...	7.0	0.524	taxongroup_comment	Animal__kingdom
compound<nsubj<cop> ...	7.0	0.428	taxongroup_comment	Animal__kingdom
nsubj<amod> ...	7.0	0.157	taxongroup_comment	Animal__kingdom
obl<obj>amod> ...	7.0	0.613	taxongroup_comment	Animal__kingdom
nsubj<obj>acl:relcl> ...	7.0	0.754	taxongroup_comment	Animal__kingdom
obj< include	7.0	0.333	taxongroup_comment	Animal__kingdom
conj<obj<nsubj> ...	7.0	0.209	taxongroup_comment	Animal__kingdom
det> all	7.0	1.223	taxongroup_comment	Animal__kingdom
nmod<obj<nsubj> ...	7.0	0.385	taxongroup_comment	Animal__kingdom
compound> phylum	7.0	0.676	taxongroup_comment	Animal__kingdom
nsubj<det> a	7.0	0.402	taxongroup_comment	Animal__kingdom
amod> large	7.0	1.4	taxongroup_comment	Animal__kingdom
case> such	7.0	0.927	taxongroup_comment	Animal__kingdom
appos<nsubj<cop> be	7.0	0.443	taxongroup_comment	Animal__kingdom
case>fixed> as	7.0	0.408	taxongroup_comment	Animal__kingdom
nmod:poss>case> ...	7.0	0.329	taxongroup_comment	Animal__kingdom
conj<appos>compound> ...	7.0	0.236	taxongroup_comment	Animal__kingdom
nmod<nmod<case> ...	7.0	0.315	taxongroup_comment	Animal__kingdom
appos<nsubj<cop> ...	7.0	0.443	taxongroup_comment	Animal__kingdom
nmod>conj>compound> ...	7.0	0.157	taxongroup_comment	Animal__kingdom
compound<nsubj<cop> be	7.0	0.428	taxongroup_comment	Animal__kingdom
nmod:poss> ...	7.0	0.674	taxongroup_comment	Animal__kingdom
acl>obj> ...	7.0	0.467	taxongroup_comment	Animal__kingdom
nmod<conj>cc> and	7.0	0.162	taxongroup_comment	Animal__kingdom
appos>conj> ...	7.0	0.409	taxongroup_comment	Animal__kingdom
nmod:poss>case> 's	7.0	0.329	taxongroup_comment	Animal__kingdom
acl:relcl> include	7.0	0.525	taxongroup_comment	Animal__kingdom
acl:relcl>nsubj> which	7.0	0.621	taxongroup_comment	Animal__kingdom
nmod<nsubj:pass<aux:pass> be	7.0	0.776	taxongroup_comment	Animal__kingdom
compound<nmod>det> ...	6.0	0.318	taxongroup_comment	Animal__kingdom
nmod<case> to	6.0	0.877	taxongroup_comment	Animal__kingdom
obj<obl>det> ...	6.0	0.611	taxongroup_comment	Animal__kingdom
obl<acl:relcl< ...	6.0	0.306	taxongroup_comment	Animal__kingdom
advmod> ...	6.0	0.401	taxongroup_comment	Animal__kingdom
obj<xcomp< ...	6.0	0.337	taxongroup_comment	Animal__kingdom
compound<cc> and	6.0	0.595	taxongroup_comment	Animal__kingdom
nmod<nmod<nmod> ...	6.0	0.334	taxongroup_comment	Animal__kingdom
nmod<obl<cop> ...	6.0	0.503	taxongroup_comment	Animal__kingdom
nmod>case>fixed> ...	6.0	0.427	taxongroup_comment	Animal__kingdom
obj<xcomp<conj> ...	6.0	0.459	taxongroup_comment	Animal__kingdom
det> these	6.0	1.197	taxongroup_comment	Animal__kingdom
conj<det> the	6.0	0.632	taxongroup_comment	Animal__kingdom
nsubj<xcomp> ...	6.0	0.227	taxongroup_comment	Animal__kingdom
compound<cc> ...	6.0	0.613	taxongroup_comment	Animal__kingdom
nsubj<advcl<nsubj> ...	6.0	0.342	taxongroup_comment	Animal__kingdom
nmod>case>fixed> as	6.0	0.427	taxongroup_comment	Animal__kingdom
nmod:poss>det> the	6.0	0.482	taxongroup_comment	Animal__kingdom
acl:relcl>advmod> ...	6.0	0.307	taxongroup_comment	Animal__kingdom
nmod>case> such	6.0	0.79	taxongroup_comment	Animal__kingdom
nsubj<acl:relcl> ...	6.0	0.752	taxongroup_comment	Animal__kingdom
nsubj<acl:relcl>nsubj> ...	6.0	0.364	taxongroup_comment	Animal__kingdom
obj<nsubj> which	6.0	0.353	taxongroup_comment	Animal__kingdom
nmod<nmod>case> in	6.0	0.496	taxongroup_comment	Animal__kingdom
appos<appos>compound> ...	6.0	0.259	taxongroup_comment	Animal__kingdom
amod> most	6.0	1.397	taxongroup_comment	Animal__kingdom
nsubj<obl>conj> ...	6.0	0.501	taxongroup_comment	Animal__kingdom
appos<amod> ...	6.0	0.54	taxongroup_comment	Animal__kingdom
nmod<acl:relcl>nsubj> ...	6.0	0.152	taxongroup_comment	Animal__kingdom
nmod<acl:relcl> ...	6.0	0.604	taxongroup_comment	Animal__kingdom
nmod<obl<cop> be	6.0	0.503	taxongroup_comment	Animal__kingdom
conj<parataxis> ...	6.0	0.245	taxongroup_comment	Animal__kingdom
obl<aux> have	6.0	0.746	taxongroup_comment	Animal__kingdom
compound<nmod>conj> ...	6.0	0.361	taxongroup_comment	Animal__kingdom
appos<conj>cc> and	6.0	0.715	taxongroup_comment	Animal__kingdom
nmod:poss>det> ...	6.0	0.482	taxongroup_comment	Animal__kingdom
nmod>nmod>case> ...	6.0	0.635	taxongroup_comment	Animal__kingdom
nmod>nmod> ...	6.0	0.426	taxongroup_comment	Animal__kingdom
compound< planci	6.0	0.429	taxongroup_comment	Animal__kingdom
conj<nsubj< ...	6.0	0.346	taxongroup_comment	Animal__kingdom
compound< eye	6.0	0.385	taxongroup_comment	Animal__kingdom
obj<acl:relcl<case> ...	6.0	0.214	taxongroup_comment	Animal__kingdom
nmod:poss< ...	6.0	0.271	taxongroup_comment	Animal__kingdom
obl<nsubj>amod> ...	6.0	0.309	taxongroup_comment	Animal__kingdom
nsubj<nmod>det> ...	6.0	0.815	taxongroup_comment	Animal__kingdom
nmod<nsubj:pass<obl> ...	6.0	0.415	taxongroup_comment	Animal__kingdom
nmod<nsubj<advmod> ...	6.0	0.184	taxongroup_comment	Animal__kingdom
parataxis> ...	6.0	0.252	taxongroup_comment	Animal__kingdom
conj<obl<nsubj> ...	6.0	0.353	taxongroup_comment	Animal__kingdom
appos<conj>cc> ...	6.0	0.715	taxongroup_comment	Animal__kingdom
conj>cc>fixed> ...	5.0	0.433	taxongroup_comment	Animal__kingdom
conj>obj> ...	5.0	0.258	taxongroup_comment	Animal__kingdom
obj<obl>det> the	5.0	0.586	taxongroup_comment	Animal__kingdom
nmod<nmod<obj< ...	5.0	0.554	taxongroup_comment	Animal__kingdom
case> 's	5.0	0.914	taxongroup_comment	Animal__kingdom
obj<aux> ...	5.0	0.336	taxongroup_comment	Animal__kingdom
parataxis>obj>conj> ...	5.0	0.512	taxongroup_comment	Animal__kingdom
compound<det> a	5.0	0.634	taxongroup_comment	Animal__kingdom
obj< eat	5.0	0.531	taxongroup_comment	Animal__kingdom
conj<obj<advmod> ...	5.0	0.996	taxongroup_comment	Animal__kingdom
conj<cop> be	5.0	0.458	taxongroup_comment	Animal__kingdom
nsubj<xcomp>obl> ...	5.0	0.425	taxongroup_comment	Animal__kingdom
obj<mark> ...	5.0	0.507	taxongroup_comment	Animal__kingdom
amod> small	5.0	1.345	taxongroup_comment	Animal__kingdom
cc>compound>conj> ...	5.0	0.307	taxongroup_comment	Animal__kingdom
obj<advcl> ...	5.0	0.676	taxongroup_comment	Animal__kingdom
nsubj>compound> ...	5.0	0.515	taxongroup_comment	Animal__kingdom
obl<advcl> ...	5.0	0.35	taxongroup_comment	Animal__kingdom
obl<cop> be	5.0	0.592	taxongroup_comment	Animal__kingdom
compound<conj<case> ...	5.0	0.424	taxongroup_comment	Animal__kingdom
obl<acl<det> ...	5.0	0.586	taxongroup_comment	Animal__kingdom
nmod< class	5.0	0.382	taxongroup_comment	Animal__kingdom
obl<cop> ...	5.0	0.592	taxongroup_comment	Animal__kingdom
nmod<obl<advmod> ...	5.0	0.245	taxongroup_comment	Animal__kingdom
obl<acl<nsubj< ...	5.0	0.351	taxongroup_comment	Animal__kingdom
obl<acl<amod> ...	5.0	0.306	taxongroup_comment	Animal__kingdom
nmod<cc> ...	5.0	0.527	taxongroup_comment	Animal__kingdom
nsubj<aux> can	5.0	0.518	taxongroup_comment	Animal__kingdom
nmod<advmod> ...	5.0	0.434	taxongroup_comment	Animal__kingdom
compound<nmod<nmod< ...	5.0	0.458	taxongroup_comment	Animal__kingdom
compound>amod> deep	5.0	0.419	taxongroup_comment	Animal__kingdom
nsubj<conj>advmod> ...	5.0	0.39	taxongroup_comment	Animal__kingdom
obl<conj< ...	5.0	0.354	taxongroup_comment	Animal__kingdom
conj>obj>amod> ...	5.0	0.312	taxongroup_comment	Animal__kingdom
nsubj<nmod>compound> ...	5.0	0.507	taxongroup_comment	Animal__kingdom
obl<conj<nsubj> ...	5.0	0.578	taxongroup_comment	Animal__kingdom
flat> ...	5.0	0.37	taxongroup_comment	Animal__kingdom
nummod> ...	5.0	0.426	taxongroup_comment	Animal__kingdom
compound>det> ...	5.0	0.755	taxongroup_comment	Animal__kingdom
nsubj<nmod>amod> ...	5.0	0.376	taxongroup_comment	Animal__kingdom
nmod<conj<conj> ...	5.0	0.269	taxongroup_comment	Animal__kingdom
nmod<nmod>nmod> ...	5.0	0.326	taxongroup_comment	Animal__kingdom
conj<obl<advmod> ...	5.0	0.446	taxongroup_comment	Animal__kingdom
nsubj<advcl>obl> ...	5.0	0.532	taxongroup_comment	Animal__kingdom
nmod<nsubj>det> ...	5.0	0.622	taxongroup_comment	Animal__kingdom
obj<conj< ...	5.0	0.193	taxongroup_comment	Animal__kingdom
conj<conj>compound> sea	5.0	0.435	taxongroup_comment	Animal__kingdom
nmod<nmod>det> ...	5.0	0.459	taxongroup_comment	Animal__kingdom
nsubj<obl>compound> ...	5.0	0.201	taxongroup_comment	Animal__kingdom
compound<nmod>det> the	5.0	0.339	taxongroup_comment	Animal__kingdom
conj<cop> ...	5.0	0.458	taxongroup_comment	Animal__kingdom
nsubj<advcl<obl> ...	5.0	0.443	taxongroup_comment	Animal__kingdom
obj<cc> ...	5.0	0.526	taxongroup_comment	Animal__kingdom
obl<obj>det> ...	5.0	0.344	taxongroup_comment	Animal__kingdom
nsubj<nmod>case> of	5.0	0.353	taxongroup_comment	Animal__kingdom
nmod<appos> ...	5.0	0.152	taxongroup_comment	Animal__kingdom
obl<conj> ...	5.0	0.328	taxongroup_comment	Animal__kingdom
appos<case> ...	5.0	0.655	taxongroup_comment	Animal__kingdom
compound<nmod<advmod> ...	4.0	0.311	taxongroup_comment	Animal__kingdom
nmod<conj<obl> ...	4.0	0.158	taxongroup_comment	Animal__kingdom
nsubj<advcl>mark> to	4.0	0.773	taxongroup_comment	Animal__kingdom
conj<nmod< ...	4.0	0.271	taxongroup_comment	Animal__kingdom
appos>det> ...	4.0	0.495	taxongroup_comment	Animal__kingdom
nsubj<parataxis< ...	4.0	0.367	taxongroup_comment	Animal__kingdom
compound<case> in	4.0	0.317	taxongroup_comment	Animal__kingdom
obj<advcl< ...	4.0	0.284	taxongroup_comment	Animal__kingdom
nmod<conj>obl> ...	4.0	0.612	taxongroup_comment	Animal__kingdom
nsubj:pass<obl>case> in	4.0	0.483	taxongroup_comment	Animal__kingdom
nsubj>amod> ...	4.0	0.2	taxongroup_comment	Animal__kingdom
compound<appos<compound> ...	4.0	0.322	taxongroup_comment	Animal__kingdom
compound<obl<conj> ...	4.0	0.291	taxongroup_comment	Animal__kingdom
nsubj<parataxis>obl> ...	4.0	0.553	taxongroup_comment	Animal__kingdom
obl<acl<det> the	4.0	0.573	taxongroup_comment	Animal__kingdom
nsubj<nmod>det> the	4.0	0.843	taxongroup_comment	Animal__kingdom
det:predet> ...	4.0	0.311	taxongroup_comment	Animal__kingdom
case> include	4.0	0.841	taxongroup_comment	Animal__kingdom
conj>compound> sea	4.0	0.392	taxongroup_comment	Animal__kingdom
conj> coral	4.0	1.085	taxongroup_comment	Animal__kingdom
conj<nsubj<cop> ...	4.0	0.33	taxongroup_comment	Animal__kingdom
nsubj<conj>advcl> ...	4.0	0.269	taxongroup_comment	Animal__kingdom
nsubj<conj>aux> ...	4.0	0.675	taxongroup_comment	Animal__kingdom
appos<nsubj<conj> ...	4.0	0.138	taxongroup_comment	Animal__kingdom
conj>advmod> ...	4.0	0.552	taxongroup_comment	Animal__kingdom
nsubj:pass<parataxis>conj> ...	4.0	0.248	taxongroup_comment	Animal__kingdom
nsubj<obj>det> the	4.0	0.404	taxongroup_comment	Animal__kingdom
amod>advmod> more	4.0	0.256	taxongroup_comment	Animal__kingdom
obj<nsubj> that	4.0	0.369	taxongroup_comment	Animal__kingdom
nmod<obj<acl< ...	4.0	0.62	taxongroup_comment	Animal__kingdom
nsubj<conj>obl> ...	4.0	0.344	taxongroup_comment	Animal__kingdom
appos<appos>conj> ...	4.0	0.378	taxongroup_comment	Animal__kingdom
conj< fish	4.0	0.538	taxongroup_comment	Animal__kingdom
nmod<nmod>det> the	4.0	0.432	taxongroup_comment	Animal__kingdom
obj<xcomp<aux:pass> be	4.0	0.38	taxongroup_comment	Animal__kingdom
appos<appos>amod> ...	4.0	0.252	taxongroup_comment	Animal__kingdom
appos<compound>conj> ...	4.0	0.271	taxongroup_comment	Animal__kingdom
compound<conj<nmod< ...	4.0	0.532	taxongroup_comment	Animal__kingdom
conj<appos<conj> ...	4.0	0.796	taxongroup_comment	Animal__kingdom
conj<nsubj<cop> be	4.0	0.33	taxongroup_comment	Animal__kingdom
obl<nsubj>compound> ...	4.0	0.234	taxongroup_comment	Animal__kingdom
obl<conj>cc> ...	4.0	0.393	taxongroup_comment	Animal__kingdom
nmod<nummod> ...	4.0	0.718	taxongroup_comment	Animal__kingdom
nmod<nsubj<parataxis> ...	4.0	0.504	taxongroup_comment	Animal__kingdom
nsubj:pass<obl>amod> ...	4.0	0.317	taxongroup_comment	Animal__kingdom
obj<obl>amod> ...	4.0	0.452	taxongroup_comment	Animal__kingdom
conj<obl< feed	4.0	0.454	taxongroup_comment	Animal__kingdom
obj<xcomp<aux:pass> ...	4.0	0.38	taxongroup_comment	Animal__kingdom
nmod<amod> most	4.0	0.692	taxongroup_comment	Animal__kingdom
nmod<nmod<obl< ...	4.0	0.192	taxongroup_comment	Animal__kingdom
compound<obl<aux:pass> ...	4.0	0.29	taxongroup_comment	Animal__kingdom
compound<appos>amod> ...	4.0	0.56	taxongroup_comment	Animal__kingdom
nmod<mark> ...	4.0	0.248	taxongroup_comment	Animal__kingdom
nmod< group	4.0	0.434	taxongroup_comment	Animal__kingdom
nsubj:pass<obl>det> ...	4.0	0.612	taxongroup_comment	Animal__kingdom
obl<nsubj:pass>compound> ...	4.0	0.434	taxongroup_comment	Animal__kingdom
nsubj:pass<conj> ...	4.0	0.415	taxongroup_comment	Animal__kingdom
obl<advcl< ...	4.0	0.466	taxongroup_comment	Animal__kingdom
nsubj<advcl<conj> ...	4.0	0.208	taxongroup_comment	Animal__kingdom
compound<appos<nmod> ...	4.0	0.25	taxongroup_comment	Animal__kingdom
obj<advcl>advmod> ...	4.0	0.393	taxongroup_comment	Animal__kingdom
obj<advcl>mark> ...	4.0	0.455	taxongroup_comment	Animal__kingdom
nsubj<obl>nmod> ...	4.0	0.217	taxongroup_comment	Animal__kingdom
appos<nmod>compound> ...	4.0	0.388	taxongroup_comment	Animal__kingdom
appos<appos>flat> ...	4.0	0.423	taxongroup_comment	Animal__kingdom
compound<nmod<compound> ...	4.0	0.573	taxongroup_comment	Animal__kingdom
appos<flat> ...	4.0	0.22	taxongroup_comment	Animal__kingdom
nsubj<conj>amod> ...	4.0	0.474	taxongroup_comment	Animal__kingdom
nsubj<conj>nmod> ...	4.0	0.264	taxongroup_comment	Animal__kingdom
det:predet> all	4.0	0.311	taxongroup_comment	Animal__kingdom
compound<conj<nmod> ...	4.0	0.216	taxongroup_comment	Animal__kingdom
nsubj<obj>appos> ...	4.0	0.489	taxongroup_comment	Animal__kingdom
nmod>conj>compound> sea	4.0	0.301	taxongroup_comment	Animal__kingdom
cc>fixed> ...	4.0	0.233	taxongroup_comment	Animal__kingdom
nmod<acl>obj> ...	4.0	0.256	taxongroup_comment	Animal__kingdom
nsubj>det> ...	4.0	0.533	taxongroup_comment	Animal__kingdom
compound<obl<aux:pass> be	4.0	0.29	taxongroup_comment	Animal__kingdom
conj<case> on	4.0	0.446	taxongroup_comment	Animal__kingdom
nmod<nsubj<aux> ...	4.0	0.321	taxongroup_comment	Animal__kingdom
conj<appos>nummod> e.g.	4.0	0.447	taxongroup_comment	Animal__kingdom
nmod>acl:relcl>nsubj> ...	4.0	0.686	taxongroup_comment	Animal__kingdom
conj<appos>nummod> ...	4.0	0.308	taxongroup_comment	Animal__kingdom
obj<cc> and	4.0	0.581	taxongroup_comment	Animal__kingdom
nsubj<conj>cc> but	4.0	0.653	taxongroup_comment	Animal__kingdom
obj< call	4.0	0.461	taxongroup_comment	Animal__kingdom
nmod>acl:relcl> ...	4.0	0.361	taxongroup_comment	Animal__kingdom
obj<mark> to	4.0	0.564	taxongroup_comment	Animal__kingdom
compound>det> the	4.0	0.732	taxongroup_comment	Animal__kingdom
acl>obl>conj> ...	4.0	0.262	taxongroup_comment	Animal__kingdom
nsubj<obl>case> on	4.0	0.98	taxongroup_comment	Animal__kingdom
amod>obl:npmod> ...	4.0	0.126	taxongroup_comment	Animal__kingdom
nmod<acl:relcl>nsubj> which	4.0	0.204	taxongroup_comment	Animal__kingdom
conj<obl>amod> ...	3.0	0.355	taxongroup_comment	Animal__kingdom
compound<conj<appos< Anatomy	3.0	0.205	taxongroup_comment	Animal__kingdom
nsubj<nmod>conj> ...	3.0	0.406	taxongroup_comment	Animal__kingdom
obj<acl:relcl<det> ...	3.0	0.372	taxongroup_comment	Animal__kingdom
obj<acl:relcl<obl< ...	3.0	0.178	taxongroup_comment	Animal__kingdom
nmod>appos> ...	3.0	0.278	taxongroup_comment	Animal__kingdom
conj<conj> crustacean	3.0	0.909	taxongroup_comment	Animal__kingdom
appos<nmod>case> of	3.0	0.572	taxongroup_comment	Animal__kingdom
nsubj:pass<obl>det> a	3.0	0.608	taxongroup_comment	Animal__kingdom
nmod>nmod>compound> ...	3.0	0.383	taxongroup_comment	Animal__kingdom
appos<nmod>case> in	3.0	0.446	taxongroup_comment	Animal__kingdom
nsubj<advcl>xcomp> ...	3.0	0.618	taxongroup_comment	Animal__kingdom
nmod:poss> lion	3.0	0.799	taxongroup_comment	Animal__kingdom
nmod<det> some	3.0	0.565	taxongroup_comment	Animal__kingdom
appos<conj<appos> ...	3.0	0.293	taxongroup_comment	Animal__kingdom
appos<compound> ...	3.0	0.702	taxongroup_comment	Animal__kingdom
nsubj<conj>aux:pass> ...	3.0	0.67	taxongroup_comment	Animal__kingdom
obj<advcl>nsubj> ...	3.0	0.415	taxongroup_comment	Animal__kingdom
obj<advcl>cop> ...	3.0	0.348	taxongroup_comment	Animal__kingdom
obl<conj>cc> and	3.0	0.516	taxongroup_comment	Animal__kingdom
amod> largest	3.0	1.278	taxongroup_comment	Animal__kingdom
obl<nsubj>conj> ...	3.0	0.485	taxongroup_comment	Animal__kingdom
conj<case> in	3.0	0.428	taxongroup_comment	Animal__kingdom
compound<obl<nsubj:pass> ...	3.0	0.208	taxongroup_comment	Animal__kingdom
nsubj<obl>case> as	3.0	1.004	taxongroup_comment	Animal__kingdom
nsubj<advcl>advmod> ...	3.0	0.567	taxongroup_comment	Animal__kingdom
conj<conj> crab	3.0	0.94	taxongroup_comment	Animal__kingdom
nsubj<conj>aux:pass> be	3.0	0.67	taxongroup_comment	Animal__kingdom
nmod<nsubj< have	3.0	0.764	taxongroup_comment	Animal__kingdom
appos> planci	3.0	0.517	taxongroup_comment	Animal__kingdom
nmod>nmod>conj> ...	3.0	0.324	taxongroup_comment	Animal__kingdom
parataxis>nsubj> ...	3.0	0.43	taxongroup_comment	Animal__kingdom
nsubj:pass<conj>cc> and	3.0	0.321	taxongroup_comment	Animal__kingdom
nsubj:pass<xcomp>mark> to	3.0	0.493	taxongroup_comment	Animal__kingdom
nmod<obl< similar	3.0	0.428	taxongroup_comment	Animal__kingdom
conj< jelly	3.0	0.656	taxongroup_comment	Animal__kingdom
nmod<nsubj<aux> can	3.0	0.442	taxongroup_comment	Animal__kingdom
obj<advcl>cop> be	3.0	0.348	taxongroup_comment	Animal__kingdom
nsubj<parataxis<nsubj> ...	3.0	0.22	taxongroup_comment	Animal__kingdom
nsubj:pass<conj>obl> ...	3.0	0.259	taxongroup_comment	Animal__kingdom
nmod<obl<obj> ...	3.0	0.554	taxongroup_comment	Animal__kingdom
nsubj<obj> relationship	3.0	0.352	taxongroup_comment	Animal__kingdom
nsubj<obj>amod> symbiotic	3.0	0.8	taxongroup_comment	Animal__kingdom
obj<advcl<obl> ...	3.0	0.549	taxongroup_comment	Animal__kingdom
nsubj<parataxis>aux:pass> ...	3.0	0.5	taxongroup_comment	Animal__kingdom
nsubj<parataxis>advmod> ...	3.0	0.301	taxongroup_comment	Animal__kingdom
obl<conj>nmod> ...	3.0	0.53	taxongroup_comment	Animal__kingdom
appos>compound> Acanthaster	3.0	0.519	taxongroup_comment	Animal__kingdom
obl<nsubj>det> the	3.0	0.636	taxongroup_comment	Animal__kingdom
obl<compound:prt> ...	3.0	0.332	taxongroup_comment	Animal__kingdom
nsubj<mark> while	3.0	0.523	taxongroup_comment	Animal__kingdom
nmod<nsubj:pass<aux> have	3.0	0.383	taxongroup_comment	Animal__kingdom
nsubj< include	3.0	0.886	taxongroup_comment	Animal__kingdom
nmod<conj>amod> ...	3.0	0.208	taxongroup_comment	Animal__kingdom
nsubj<parataxis<obl> ...	3.0	0.315	taxongroup_comment	Animal__kingdom
appos<nsubj<advmod> ...	3.0	0.25	taxongroup_comment	Animal__kingdom
nsubj<advcl>nsubj> they	3.0	0.341	taxongroup_comment	Animal__kingdom
nmod<nsubj:pass<aux> ...	3.0	0.383	taxongroup_comment	Animal__kingdom
conj<compound> sea	3.0	0.42	taxongroup_comment	Animal__kingdom
nmod:poss>amod> ...	3.0	0.171	taxongroup_comment	Animal__kingdom
conj<conj> urchin	3.0	0.902	taxongroup_comment	Animal__kingdom
conj>det> ...	3.0	0.612	taxongroup_comment	Animal__kingdom
nmod<conj>nmod> ...	3.0	0.202	taxongroup_comment	Animal__kingdom
obj<obl>nummod> ...	3.0	0.586	taxongroup_comment	Animal__kingdom
nmod:poss<obj< ...	3.0	0.282	taxongroup_comment	Animal__kingdom
obl< refer	3.0	0.414	taxongroup_comment	Animal__kingdom
obj<acl:relcl<compound> ...	3.0	0.227	taxongroup_comment	Animal__kingdom
compound<case> on	3.0	0.325	taxongroup_comment	Animal__kingdom
appos<appos< ...	3.0	0.608	taxongroup_comment	Animal__kingdom
nmod<conj<advmod> ...	3.0	0.436	taxongroup_comment	Animal__kingdom
compound<appos< starfish	3.0	0.647	taxongroup_comment	Animal__kingdom
nmod<conj<nsubj> ...	3.0	0.24	taxongroup_comment	Animal__kingdom
appos>conj>cc> ...	3.0	0.405	taxongroup_comment	Animal__kingdom
ccomp<obl>case> ...	3.0	0.371	taxongroup_comment	Animal__kingdom
amod> many	3.0	1.352	taxongroup_comment	Animal__kingdom
compound<nmod>compound> ...	3.0	0.393	taxongroup_comment	Animal__kingdom
compound<conj<appos< ...	3.0	0.228	taxongroup_comment	Animal__kingdom
nmod<cc> but	3.0	0.603	taxongroup_comment	Animal__kingdom
obj<nsubj>compound> ...	3.0	0.41	taxongroup_comment	Animal__kingdom
acl>obj>det> ...	3.0	0.297	taxongroup_comment	Animal__kingdom
acl:relcl>obl>case> in	3.0	0.483	taxongroup_comment	Animal__kingdom
nsubj<appos> ...	3.0	0.458	taxongroup_comment	Animal__kingdom
nmod<nsubj>compound> ...	3.0	0.73	taxongroup_comment	Animal__kingdom
compound<compound<amod> ...	3.0	0.638	taxongroup_comment	Animal__kingdom
obl<obj>nmod> ...	3.0	0.278	taxongroup_comment	Animal__kingdom
acl:relcl>obj>amod> ...	3.0	0.526	taxongroup_comment	Animal__kingdom
conj<obj> ...	3.0	0.238	taxongroup_comment	Animal__kingdom
acl:relcl>obj>det> ...	3.0	0.189	taxongroup_comment	Animal__kingdom
acl:relcl>conj>cc> ...	3.0	0.381	taxongroup_comment	Animal__kingdom
conj< jellyfish	3.0	0.537	taxongroup_comment	Animal__kingdom
acl:relcl>conj> ...	3.0	0.451	taxongroup_comment	Animal__kingdom
conj<obj< call	3.0	0.535	taxongroup_comment	Animal__kingdom
obl<obj>det> the	3.0	0.383	taxongroup_comment	Animal__kingdom
nmod<obj<advcl> ...	3.0	0.502	taxongroup_comment	Animal__kingdom
nmod< family	3.0	0.444	taxongroup_comment	Animal__kingdom
conj<conj>cc> or	3.0	0.495	taxongroup_comment	Animal__kingdom
acl>obl>det> ...	3.0	0.443	taxongroup_comment	Animal__kingdom
compound<nmod<obj< show	3.0	0.431	taxongroup_comment	Animal__kingdom
compound<nmod< distribution	3.0	0.233	taxongroup_comment	Animal__kingdom
compound<nsubj<obj> ...	3.0	0.31	taxongroup_comment	Animal__kingdom
compound<nsubj<advmod> ...	3.0	0.418	taxongroup_comment	Animal__kingdom
ccomp<obl> ...	3.0	0.246	taxongroup_comment	Animal__kingdom
compound<nmod<obl< ...	3.0	0.337	taxongroup_comment	Animal__kingdom
conj<advmod> ...	3.0	0.447	taxongroup_comment	Animal__kingdom
obj<obl>case> in	3.0	0.647	taxongroup_comment	Animal__kingdom
conj>obl> ...	3.0	0.382	taxongroup_comment	Animal__kingdom
conj>obl>case> ...	3.0	0.509	taxongroup_comment	Animal__kingdom
nmod>compound>compound> ...	3.0	0.237	taxongroup_comment	Animal__kingdom
obl<cc> ...	3.0	0.504	taxongroup_comment	Animal__kingdom
nmod<nmod<nsubj< ...	3.0	0.381	taxongroup_comment	Animal__kingdom
nsubj<advmod> not	3.0	1.024	taxongroup_comment	Animal__kingdom
compound<compound< ...	3.0	0.413	taxongroup_comment	Animal__kingdom
nsubj<ccomp>advmod> ...	3.0	0.212	taxongroup_comment	Animal__kingdom
nsubj<ccomp>nsubj> ...	3.0	0.342	taxongroup_comment	Animal__kingdom
compound<nsubj<det> ...	3.0	0.379	taxongroup_comment	Animal__kingdom
nsubj<obl>case> with	3.0	0.993	taxongroup_comment	Animal__kingdom
nsubj<ccomp> ...	3.0	0.431	taxongroup_comment	Animal__kingdom
nmod<nsubj<mark> ...	3.0	0.328	taxongroup_comment	Animal__kingdom
compound<appos<nsubj< ...	3.0	0.503	taxongroup_comment	Animal__kingdom
obl<amod< ...	3.0	0.296	taxongroup_comment	Animal__kingdom
nmod<amod> other	3.0	0.718	taxongroup_comment	Animal__kingdom
obj<xcomp<nsubj:pass> ...	3.0	0.328	taxongroup_comment	Animal__kingdom
nmod<acl:relcl> include	3.0	0.646	taxongroup_comment	Animal__kingdom
appos<nsubj<det> a	3.0	0.237	taxongroup_comment	Animal__kingdom
nmod<nsubj<amod> ...	3.0	0.527	taxongroup_comment	Animal__kingdom
conj> have	3.0	0.846	taxongroup_comment	Animal__kingdom
nmod<nsubj:pass<conj> ...	3.0	0.688	taxongroup_comment	Animal__kingdom
nsubj<obl>advmod> ...	3.0	0.328	taxongroup_comment	Animal__kingdom
appos<nsubj<det> ...	3.0	0.237	taxongroup_comment	Animal__kingdom
obl<advcl>mark> ...	3.0	0.593	taxongroup_comment	Animal__kingdom
appos<nsubj<nmod> ...	3.0	0.243	taxongroup_comment	Animal__kingdom
nmod> jellyfish	3.0	0.641	taxongroup_comment	Animal__kingdom
nmod:poss<case> ...	3.0	0.495	taxongroup_comment	Animal__kingdom
nmod<amod> many	3.0	0.648	taxongroup_comment	Animal__kingdom
obl<acl<obj< ...	3.0	0.358	taxongroup_comment	Animal__kingdom
nummod> marine	3.0	0.359	taxongroup_comment	Animal__kingdom
obj<obl>acl> ...	3.0	0.223	taxongroup_comment	Animal__kingdom
obj<obl>nmod> ...	3.0	0.147	taxongroup_comment	Animal__kingdom
nmod:poss<nmod<amod> ...	3.0	0.338	taxongroup_comment	Animal__kingdom
nmod:poss<nmod< ...	3.0	0.495	taxongroup_comment	Animal__kingdom
obl< prey	3.0	0.381	taxongroup_comment	Animal__kingdom
obj<advmod> also	3.0	0.792	taxongroup_comment	Animal__kingdom
nmod<nmod<nmod< ...	3.0	0.21	taxongroup_comment	Animal__kingdom
conj<nsubj>compound> ...	3.0	0.627	taxongroup_comment	Animal__kingdom
nmod<acl:relcl>advmod> ...	3.0	0.616	taxongroup_comment	Animal__kingdom
conj<aux:pass> ...	3.0	0.708	taxongroup_comment	Animal__kingdom
acl:relcl>obj>conj> urchin	3.0	0.67	taxongroup_comment	Animal__kingdom
conj<nmod<amod> ...	3.0	0.31	taxongroup_comment	Animal__kingdom
nsubj<advmod> also	3.0	0.896	taxongroup_comment	Animal__kingdom
nmod<case> in	3.0	1.006	taxongroup_comment	Animal__kingdom
nmod<nsubj<det> the	3.0	0.353	taxongroup_comment	Animal__kingdom
appos>amod> ...	3.0	0.441	taxongroup_comment	Animal__kingdom
obl< feed	3.0	0.426	taxongroup_comment	Animal__kingdom
nmod< that	3.0	0.526	taxongroup_comment	Animal__kingdom
nsubj:pass<conj>cc> ...	3.0	0.321	taxongroup_comment	Animal__kingdom
nmod>nummod> ...	3.0	0.212	taxongroup_comment	Animal__kingdom
obj<acl:relcl<amod> ...	3.0	0.351	taxongroup_comment	Animal__kingdom
appos>nmod> ...	3.0	0.384	taxongroup_comment	Animal__kingdom
appos>nmod>case> ...	3.0	0.274	taxongroup_comment	Animal__kingdom
compound<appos<case> ...	3.0	0.282	taxongroup_comment	Animal__kingdom
nmod<amod>obl:npmod> ...	3.0	0.241	taxongroup_comment	Animal__kingdom
nmod<obj< contain	3.0	0.582	taxongroup_comment	Animal__kingdom
obl<aux> may	3.0	0.868	taxongroup_comment	Animal__kingdom
nsubj<obj>nummod> ...	3.0	0.298	taxongroup_comment	Animal__kingdom
nsubj:pass<xcomp>mark> ...	3.0	0.493	taxongroup_comment	Animal__kingdom
compound<nmod<case> of	3.0	0.482	taxongroup_comment	Animal__kingdom
nsubj<acl:relcl>nsubj> that	3.0	0.477	taxongroup_comment	Animal__kingdom
nmod<obj<conj< ...	3.0	0.314	taxongroup_comment	Animal__kingdom
nsubj<acl:relcl>obj> ...	3.0	0.421	taxongroup_comment	Animal__kingdom
nmod<acl:relcl>obj> ...	3.0	0.626	taxongroup_comment	Animal__kingdom
obl<conj<cop> be	3.0	0.253	taxongroup_comment	Animal__kingdom
nmod<nsubj<advcl> ...	3.0	0.449	taxongroup_comment	Animal__kingdom
obl<mark> to	3.0	0.619	taxongroup_comment	Animal__kingdom
nsubj>det> the	3.0	0.57	taxongroup_comment	Animal__kingdom
appos<obl< ...	3.0	0.272	taxongroup_comment	Animal__kingdom
nsubj<nmod>acl:relcl> ...	3.0	0.285	taxongroup_comment	Animal__kingdom
nmod>case> of	3.0	1.004	taxongroup_comment	Animal__kingdom
conj>obj>det> ...	3.0	0.338	taxongroup_comment	Animal__kingdom
acl:relcl>obl>amod> ...	3.0	0.34	taxongroup_comment	Animal__kingdom
conj<aux:pass> be	3.0	0.708	taxongroup_comment	Animal__kingdom
conj<obl> ...	3.0	0.214	taxongroup_comment	Animal__kingdom
parataxis>obj> ...	3.0	0.337	taxongroup_comment	Animal__kingdom
obl<conj<cop> ...	3.0	0.253	taxongroup_comment	Animal__kingdom
nmod<nsubj>det> the	3.0	0.631	taxongroup_comment	Animal__kingdom
conj<obj< include	3.0	0.341	taxongroup_comment	Animal__kingdom
compound<nmod>case> in	3.0	0.912	taxongroup_comment	Animal__kingdom
conj<obl>case> ...	3.0	0.576	taxongroup_comment	Animal__kingdom
acl:relcl>obj>det> the	3.0	0.188	taxongroup_comment	Animal__kingdom
nmod<nsubj<det> ...	3.0	0.353	taxongroup_comment	Animal__kingdom
nsubj<conj>compound> ...	3.0	0.402	taxongroup_comment	Animal__kingdom
nsubj<conj>det> ...	3.0	0.335	taxongroup_comment	Animal__kingdom
nsubj:pass<xcomp> ...	3.0	0.212	taxongroup_comment	Animal__kingdom
parataxis>advmod> ...	3.0	0.395	taxongroup_comment	Animal__kingdom
nmod:poss> Nomura	3.0	0.681	taxongroup_comment	Animal__kingdom
conj<parataxis>compound> ...	3.0	0.245	taxongroup_comment	Animal__kingdom
nsubj<parataxis>aux:pass> be	3.0	0.5	taxongroup_comment	Animal__kingdom
acl:relcl>obj> starfish	3.0	0.408	taxongroup_comment	Animal__kingdom
nsubj<obl>case> for	3.0	0.974	taxongroup_comment	Animal__kingdom
conj> anemone	3.0	1.09	taxongroup_comment	Animal__kingdom
acl>obl>det> the	3.0	0.445	taxongroup_comment	Animal__kingdom
compound<nmod>amod> ...	3.0	0.431	taxongroup_comment	Animal__kingdom
nmod<conj<compound> ...	3.0	0.199	taxongroup_comment	Animal__kingdom
obl<nsubj>nmod> ...	3.0	0.173	taxongroup_comment	Animal__kingdom
conj<appos>compound> sea	3.0	0.283	taxongroup_comment	Animal__kingdom
nmod<appos< ...	3.0	0.334	taxongroup_comment	Animal__kingdom
nsubj<obl>case> to	3.0	1.022	taxongroup_comment	Animal__kingdom
obl<nsubj>det> ...	3.0	0.503	taxongroup_comment	Animal__kingdom
nmod<nsubj> Canalipalpata	2.0	0.389	taxongroup_comment	Animal__kingdom
obj<xcomp<nsubj:pass> coral	2.0	0.399	taxongroup_comment	Animal__kingdom
obl<conj<nsubj> they	2.0	0.562	taxongroup_comment	Animal__kingdom
obj<xcomp< record	2.0	0.17	taxongroup_comment	Animal__kingdom
obj<obl>case> for	2.0	0.642	taxongroup_comment	Animal__kingdom
cc>fixed> as	2.0	0.285	taxongroup_comment	Animal__kingdom
obj<obl>amod> first	2.0	0.666	taxongroup_comment	Animal__kingdom
obj<obl> time	2.0	0.509	taxongroup_comment	Animal__kingdom
obj<obl>nmod> photograph	2.0	0.202	taxongroup_comment	Animal__kingdom
obj<obl>acl> take	2.0	0.249	taxongroup_comment	Animal__kingdom
obl<acl<nmod> ...	2.0	0.358	taxongroup_comment	Animal__kingdom
obj<obl>conj> ...	2.0	0.208	taxongroup_comment	Animal__kingdom
conj<nsubj> which	2.0	0.677	taxongroup_comment	Animal__kingdom
obj<conj<obj> ...	2.0	0.473	taxongroup_comment	Animal__kingdom
conj>obj>det> a	2.0	0.368	taxongroup_comment	Animal__kingdom
conj<conj>amod> common	2.0	0.474	taxongroup_comment	Animal__kingdom
cc>fixed> well	2.0	0.296	taxongroup_comment	Animal__kingdom
nmod<cc>fixed> ...	2.0	0.353	taxongroup_comment	Animal__kingdom
conj>obj> system	2.0	0.136	taxongroup_comment	Animal__kingdom
nsubj<conj>obj> system	2.0	0.328	taxongroup_comment	Animal__kingdom
nmod<nmod>case> of	2.0	0.408	taxongroup_comment	Animal__kingdom
nmod<acl>advmod> ...	2.0	0.323	taxongroup_comment	Animal__kingdom
nmod<obl<aux:pass> ...	2.0	0.262	taxongroup_comment	Animal__kingdom
obj<conj<nsubj> ...	2.0	0.387	taxongroup_comment	Animal__kingdom
obl<cc> and	2.0	0.463	taxongroup_comment	Animal__kingdom
cc> as	2.0	0.912	taxongroup_comment	Animal__kingdom
conj<amod> small	2.0	0.878	taxongroup_comment	Animal__kingdom
amod>conj> ...	2.0	0.163	taxongroup_comment	Animal__kingdom
compound<appos<appos< ...	2.0	0.435	taxongroup_comment	Animal__kingdom
nsubj<advcl>cop> be	2.0	0.311	taxongroup_comment	Animal__kingdom
nmod:poss>compound> giant	2.0	0.368	taxongroup_comment	Animal__kingdom
nmod>acl:relcl>compound> ...	2.0	0.182	taxongroup_comment	Animal__kingdom
nmod<acl>advmod> commonly	2.0	0.323	taxongroup_comment	Animal__kingdom
obj<obl>compound> ...	2.0	0.317	taxongroup_comment	Animal__kingdom
obl<nsubj>conj> complexity	2.0	0.501	taxongroup_comment	Animal__kingdom
obj<conj<det> the	2.0	0.245	taxongroup_comment	Animal__kingdom
obl<nsubj> habitat	2.0	0.748	taxongroup_comment	Animal__kingdom
acl>obl>case> in	2.0	0.502	taxongroup_comment	Animal__kingdom
obl<nsubj>amod> increase	2.0	0.461	taxongroup_comment	Animal__kingdom
appos>compound>compound> ...	2.0	0.212	taxongroup_comment	Animal__kingdom
acl:relcl> feed	2.0	0.542	taxongroup_comment	Animal__kingdom
nmod>nmod>case> of	2.0	0.807	taxongroup_comment	Animal__kingdom
nmod> Echinodermata	2.0	0.688	taxongroup_comment	Animal__kingdom
nsubj<obl> current	2.0	0.417	taxongroup_comment	Animal__kingdom
nmod< animal	2.0	0.548	taxongroup_comment	Animal__kingdom
nmod<nsubj<obj> evolution	2.0	0.337	taxongroup_comment	Animal__kingdom
nmod< part	2.0	0.536	taxongroup_comment	Animal__kingdom
nmod<obl<nsubj> this	2.0	0.344	taxongroup_comment	Animal__kingdom
compound>case> ...	2.0	0.542	taxongroup_comment	Animal__kingdom
nmod>amod> similar	2.0	0.536	taxongroup_comment	Animal__kingdom
nmod<obj<advmod> ...	2.0	0.268	taxongroup_comment	Animal__kingdom
obl<obl>amod> derive	2.0	0.305	taxongroup_comment	Animal__kingdom
obl<obj>amod> common	2.0	0.672	taxongroup_comment	Animal__kingdom
amod>conj>advmod> ...	2.0	0.544	taxongroup_comment	Animal__kingdom
obl<obj> system	2.0	0.483	taxongroup_comment	Animal__kingdom
obl<obj>compound> resolution	2.0	0.319	taxongroup_comment	Animal__kingdom
nmod<nsubj<obl> that	2.0	0.425	taxongroup_comment	Animal__kingdom
compound<appos<conj> ...	2.0	0.296	taxongroup_comment	Animal__kingdom
nmod<obj<aux> ...	2.0	0.323	taxongroup_comment	Animal__kingdom
nmod<acl:relcl>conj> ...	2.0	0.28	taxongroup_comment	Animal__kingdom
acl:relcl>obj>conj> cucumber	2.0	0.618	taxongroup_comment	Animal__kingdom
nsubj<acl:relcl>advmod> ...	2.0	0.479	taxongroup_comment	Animal__kingdom
obj<obl> embranchement	2.0	0.54	taxongroup_comment	Animal__kingdom
conj<obl>case> with	2.0	0.542	taxongroup_comment	Animal__kingdom
nmod<conj<obj> ...	2.0	0.269	taxongroup_comment	Animal__kingdom
appos<list> ...	2.0	0.24	taxongroup_comment	Animal__kingdom
appos<obl<obl> ...	2.0	0.198	taxongroup_comment	Animal__kingdom
acl:relcl>aux> ...	2.0	0.437	taxongroup_comment	Animal__kingdom
compound<nsubj:pass< ...	2.0	0.314	taxongroup_comment	Animal__kingdom
compound>compound> heat	2.0	0.658	taxongroup_comment	Animal__kingdom
conj<obj<advmod> jelly	2.0	1.061	taxongroup_comment	Animal__kingdom
compound<nsubj:pass<aux:pass> ...	2.0	0.271	taxongroup_comment	Animal__kingdom
conj<obl<conj> ...	2.0	0.304	taxongroup_comment	Animal__kingdom
obj<obl>nummod> four	2.0	0.293	taxongroup_comment	Animal__kingdom
acl> feed	2.0	0.799	taxongroup_comment	Animal__kingdom
appos<appos>compound> comb	2.0	0.26	taxongroup_comment	Animal__kingdom
nsubj<appos>nmod> ...	2.0	0.424	taxongroup_comment	Animal__kingdom
nmod<conj>det> ...	2.0	0.354	taxongroup_comment	Animal__kingdom
nmod>acl:relcl>advmod> ...	2.0	0.474	taxongroup_comment	Animal__kingdom
compound<nmod<obj< have	2.0	0.363	taxongroup_comment	Animal__kingdom
appos<appos> jelly	2.0	0.253	taxongroup_comment	Animal__kingdom
nsubj<aux> have	2.0	0.641	taxongroup_comment	Animal__kingdom
nmod<case> for	2.0	0.832	taxongroup_comment	Animal__kingdom
nmod<nmod<case> in	2.0	0.321	taxongroup_comment	Animal__kingdom
nsubj<conj>cop> be	2.0	0.469	taxongroup_comment	Animal__kingdom
conj<appos>amod> ...	2.0	0.14	taxongroup_comment	Animal__kingdom
nsubj<acl:relcl>obl> ...	2.0	0.508	taxongroup_comment	Animal__kingdom
obj<obl>case> into	2.0	0.686	taxongroup_comment	Animal__kingdom
compound>advmod> most	2.0	0.381	taxongroup_comment	Animal__kingdom
obl<nsubj> which	2.0	0.782	taxongroup_comment	Animal__kingdom
conj<appos< ...	2.0	0.297	taxongroup_comment	Animal__kingdom
compound>amod> coral	2.0	0.457	taxongroup_comment	Animal__kingdom
nsubj<nmod>nmod> ...	2.0	0.348	taxongroup_comment	Animal__kingdom
appos<nsubj<obl> ...	2.0	0.289	taxongroup_comment	Animal__kingdom
obj<acl:relcl<obj< ...	2.0	0.463	taxongroup_comment	Animal__kingdom
nsubj<parataxis>nsubj:pass> ...	2.0	0.441	taxongroup_comment	Animal__kingdom
appos<nsubj> ...	2.0	0.427	taxongroup_comment	Animal__kingdom
nmod< one	2.0	0.519	taxongroup_comment	Animal__kingdom
nmod<nmod>case> with	2.0	0.437	taxongroup_comment	Animal__kingdom
nsubj<parataxis>aux> ...	2.0	0.322	taxongroup_comment	Animal__kingdom
nsubj<advcl>nsubj> jellyfish	2.0	0.335	taxongroup_comment	Animal__kingdom
cc> or	2.0	1.069	taxongroup_comment	Animal__kingdom
nmod<obl<advcl> ...	2.0	0.272	taxongroup_comment	Animal__kingdom
nmod<obl<conj> ...	2.0	0.323	taxongroup_comment	Animal__kingdom
nmod>conj> starfish	2.0	0.902	taxongroup_comment	Animal__kingdom
compound>amod> Predatory	2.0	0.306	taxongroup_comment	Animal__kingdom
conj< coral	2.0	0.566	taxongroup_comment	Animal__kingdom
obl< know	2.0	0.449	taxongroup_comment	Animal__kingdom
nmod<nmod>nummod> ...	2.0	0.286	taxongroup_comment	Animal__kingdom
compound<obl< feed	2.0	0.762	taxongroup_comment	Animal__kingdom
nmod<nmod:poss> ...	2.0	0.333	taxongroup_comment	Animal__kingdom
obl<nsubj:pass<obl> ...	2.0	0.414	taxongroup_comment	Animal__kingdom
nmod>det> a	2.0	0.73	taxongroup_comment	Animal__kingdom
parataxis<nmod>conj> ...	2.0	0.593	taxongroup_comment	Animal__kingdom
conj<case> include	2.0	0.461	taxongroup_comment	Animal__kingdom
acl:relcl>obj>compound> ...	2.0	0.196	taxongroup_comment	Animal__kingdom
ccomp<obl>compound> ...	2.0	0.381	taxongroup_comment	Animal__kingdom
nsubj>compound> sea	2.0	0.678	taxongroup_comment	Animal__kingdom
ccomp<obl>nummod> ...	2.0	0.262	taxongroup_comment	Animal__kingdom
nmod>compound> phylum	2.0	0.441	taxongroup_comment	Animal__kingdom
conj<nsubj<advmod> ...	2.0	0.209	taxongroup_comment	Animal__kingdom
nmod<obl<aux:pass> be	2.0	0.262	taxongroup_comment	Animal__kingdom
obl<xcomp<nsubj> ...	2.0	0.477	taxongroup_comment	Animal__kingdom
nsubj:pass<aux> ...	2.0	0.211	taxongroup_comment	Animal__kingdom
obl< related	2.0	0.365	taxongroup_comment	Animal__kingdom
nsubj:pass<advmod> ...	2.0	0.399	taxongroup_comment	Animal__kingdom
conj<conj> mollusk	2.0	0.913	taxongroup_comment	Animal__kingdom
obl<advmod> closely	2.0	0.243	taxongroup_comment	Animal__kingdom
nmod<conj>advmod> ...	2.0	0.631	taxongroup_comment	Animal__kingdom
nmod<acl:relcl< ...	2.0	0.4	taxongroup_comment	Animal__kingdom
nmod<acl:relcl<det> ...	2.0	0.397	taxongroup_comment	Animal__kingdom
obl<advmod>advmod> more	2.0	0.52	taxongroup_comment	Animal__kingdom
nmod<nmod<conj> ...	2.0	1.013	taxongroup_comment	Animal__kingdom
obl<xcomp< ...	2.0	0.772	taxongroup_comment	Animal__kingdom
nsubj<acl:relcl> have	2.0	0.876	taxongroup_comment	Animal__kingdom
obl<obl>compound> ...	2.0	0.588	taxongroup_comment	Animal__kingdom
nsubj<advcl>mark> although	2.0	0.931	taxongroup_comment	Animal__kingdom
nmod<amod> visual	2.0	0.493	taxongroup_comment	Animal__kingdom
obl<conj>det> ...	2.0	0.555	taxongroup_comment	Animal__kingdom
obl<conj>advmod> ...	2.0	0.664	taxongroup_comment	Animal__kingdom
conj<obl<advmod> mainly	2.0	0.501	taxongroup_comment	Animal__kingdom
appos< annelid	2.0	0.711	taxongroup_comment	Animal__kingdom
nmod<obl>case> ...	2.0	0.471	taxongroup_comment	Animal__kingdom
nsubj<obj> system	2.0	0.655	taxongroup_comment	Animal__kingdom
obl<nsubj> that	2.0	0.798	taxongroup_comment	Animal__kingdom
nmod<nmod<nsubj> ...	2.0	0.198	taxongroup_comment	Animal__kingdom
nsubj<conj< ...	2.0	0.195	taxongroup_comment	Animal__kingdom
obl<acl:relcl<case> of	2.0	0.265	taxongroup_comment	Animal__kingdom
compound>amod> female	2.0	0.352	taxongroup_comment	Animal__kingdom
nsubj<cc> ...	2.0	0.418	taxongroup_comment	Animal__kingdom
nsubj<advcl<aux:pass> ...	2.0	0.591	taxongroup_comment	Animal__kingdom
obl<parataxis> ...	2.0	0.297	taxongroup_comment	Animal__kingdom
nsubj<advcl<nsubj:pass> ...	2.0	0.481	taxongroup_comment	Animal__kingdom
conj<xcomp>mark> to	2.0	0.393	taxongroup_comment	Animal__kingdom
obl<advmod>advmod> ...	2.0	0.525	taxongroup_comment	Animal__kingdom
nsubj<advmod> very	2.0	0.84	taxongroup_comment	Animal__kingdom
nsubj<conj>acl> ...	2.0	0.392	taxongroup_comment	Animal__kingdom
obl<nsubj>appos> ...	2.0	0.331	taxongroup_comment	Animal__kingdom
conj<compound> comb	2.0	0.338	taxongroup_comment	Animal__kingdom
obl<ccomp< ...	2.0	0.312	taxongroup_comment	Animal__kingdom
conj<case>fixed> ...	2.0	0.686	taxongroup_comment	Animal__kingdom
nsubj:pass<advcl> ...	2.0	0.557	taxongroup_comment	Animal__kingdom
nmod<xcomp< ...	2.0	0.256	taxongroup_comment	Animal__kingdom
appos>conj>cc> and	2.0	0.438	taxongroup_comment	Animal__kingdom
compound<compound>flat> ...	2.0	0.607	taxongroup_comment	Animal__kingdom
nsubj<acl>obj> ...	2.0	0.324	taxongroup_comment	Animal__kingdom
obj<xcomp<aux> have	2.0	0.267	taxongroup_comment	Animal__kingdom
nsubj<aux> do	2.0	0.682	taxongroup_comment	Animal__kingdom
obl<obl>case> to	2.0	0.364	taxongroup_comment	Animal__kingdom
nsubj<advcl<advcl> ...	2.0	0.143	taxongroup_comment	Animal__kingdom
nsubj<acl> ...	2.0	0.513	taxongroup_comment	Animal__kingdom
nsubj<advcl<obj> ...	2.0	0.399	taxongroup_comment	Animal__kingdom
nmod<obl<mark> to	2.0	0.298	taxongroup_comment	Animal__kingdom
obl<amod<case> ...	2.0	0.381	taxongroup_comment	Animal__kingdom
nsubj<parataxis>cop> be	2.0	0.483	taxongroup_comment	Animal__kingdom
nmod<obl<mark> ...	2.0	0.281	taxongroup_comment	Animal__kingdom
conj<nsubj<conj> ...	2.0	0.451	taxongroup_comment	Animal__kingdom
obl<obj>det> a	2.0	0.324	taxongroup_comment	Animal__kingdom
nmod<xcomp<aux:pass> ...	2.0	0.454	taxongroup_comment	Animal__kingdom
nsubj:pass<advcl>obj> ...	2.0	0.362	taxongroup_comment	Animal__kingdom
obl<nsubj>acl> ...	2.0	0.159	taxongroup_comment	Animal__kingdom
nsubj:pass<advcl>obl> ...	2.0	0.271	taxongroup_comment	Animal__kingdom
compound<obj< ...	2.0	0.581	taxongroup_comment	Animal__kingdom
nmod<amod>obl> ...	2.0	0.372	taxongroup_comment	Animal__kingdom
nsubj<obl>acl:relcl> ...	2.0	0.415	taxongroup_comment	Animal__kingdom
nmod<det> another	2.0	0.612	taxongroup_comment	Animal__kingdom
obl<ccomp<advmod> ...	2.0	0.557	taxongroup_comment	Animal__kingdom
acl>obl>amod> ...	2.0	0.184	taxongroup_comment	Animal__kingdom
nsubj< live	2.0	0.821	taxongroup_comment	Animal__kingdom
obl<advcl>obj> ...	2.0	0.528	taxongroup_comment	Animal__kingdom
compound<nmod<nmod> ...	2.0	0.399	taxongroup_comment	Animal__kingdom
obl<ccomp<nsubj> ...	2.0	0.356	taxongroup_comment	Animal__kingdom
nmod<xcomp<nsubj:pass> ...	2.0	0.367	taxongroup_comment	Animal__kingdom
obj<acl< ...	2.0	0.343	taxongroup_comment	Animal__kingdom
obj<acl<amod> ...	2.0	0.193	taxongroup_comment	Animal__kingdom
nsubj<mark> since	2.0	0.396	taxongroup_comment	Animal__kingdom
obj<acl<det> ...	2.0	0.671	taxongroup_comment	Animal__kingdom
nsubj:pass<xcomp>amod> ...	2.0	0.372	taxongroup_comment	Animal__kingdom
nmod>nmod>det> ...	2.0	0.261	taxongroup_comment	Animal__kingdom
nmod<nsubj>amod> ...	2.0	0.239	taxongroup_comment	Animal__kingdom
nsubj<nmod> animal	2.0	0.441	taxongroup_comment	Animal__kingdom
compound<nmod>case> such	2.0	0.983	taxongroup_comment	Animal__kingdom
appos<conj>amod> ...	2.0	0.319	taxongroup_comment	Animal__kingdom
acl>advmod> ...	2.0	0.509	taxongroup_comment	Animal__kingdom
conj<obl>det> ...	2.0	0.486	taxongroup_comment	Animal__kingdom
compound<nmod>acl:relcl> ...	2.0	0.364	taxongroup_comment	Animal__kingdom
nsubj<parataxis>aux> can	2.0	0.335	taxongroup_comment	Animal__kingdom
compound<det> that	2.0	0.601	taxongroup_comment	Animal__kingdom
nsubj<nmod>acl:relcl> include	2.0	0.381	taxongroup_comment	Animal__kingdom
appos<case>fixed> ...	2.0	0.292	taxongroup_comment	Animal__kingdom
obj<conj<det> ...	2.0	0.245	taxongroup_comment	Animal__kingdom
acl>mark> to	2.0	0.289	taxongroup_comment	Animal__kingdom
obl<obj>compound> ...	2.0	0.248	taxongroup_comment	Animal__kingdom
compound<case> with	2.0	0.311	taxongroup_comment	Animal__kingdom
compound<nmod>case> of	2.0	0.935	taxongroup_comment	Animal__kingdom
appos<nsubj<amod> ...	2.0	0.428	taxongroup_comment	Animal__kingdom
conj<conj>nsubj> ...	2.0	0.21	taxongroup_comment	Animal__kingdom
conj<nmod<conj> ...	2.0	0.246	taxongroup_comment	Animal__kingdom
acl:relcl> live	2.0	0.516	taxongroup_comment	Animal__kingdom
nmod< number	2.0	0.485	taxongroup_comment	Animal__kingdom
conj<nsubj:pass> ...	2.0	0.304	taxongroup_comment	Animal__kingdom
appos<parataxis<advmod> ...	2.0	0.53	taxongroup_comment	Animal__kingdom
obj<conj< have	2.0	0.243	taxongroup_comment	Animal__kingdom
compound<nsubj<advcl> ...	2.0	0.482	taxongroup_comment	Animal__kingdom
nmod<obj< eat	2.0	0.745	taxongroup_comment	Animal__kingdom
nmod<obj<advmod> occasionally	2.0	0.23	taxongroup_comment	Animal__kingdom
nmod<obj<aux> will	2.0	0.31	taxongroup_comment	Animal__kingdom
nsubj>conj>compound> ...	2.0	0.58	taxongroup_comment	Animal__kingdom
nmod<compound>compound> ...	2.0	0.266	taxongroup_comment	Animal__kingdom
nsubj<ccomp>conj> ...	2.0	0.232	taxongroup_comment	Animal__kingdom
nmod<obj<advcl> herbivorous	2.0	0.551	taxongroup_comment	Animal__kingdom
nmod:poss<obj<nsubj> ...	2.0	0.596	taxongroup_comment	Animal__kingdom
nsubj>conj> ...	2.0	0.377	taxongroup_comment	Animal__kingdom
nsubj<compound> ...	2.0	0.381	taxongroup_comment	Animal__kingdom
obl<conj<obl> ...	2.0	0.654	taxongroup_comment	Animal__kingdom
obl<conj<mark> ...	2.0	0.207	taxongroup_comment	Animal__kingdom
compound<nsubj<det> a	2.0	0.381	taxongroup_comment	Animal__kingdom
conj<obl>conj> ...	2.0	0.336	taxongroup_comment	Animal__kingdom
conj<nsubj>det> ...	2.0	0.334	taxongroup_comment	Animal__kingdom
compound<appos>nmod> ...	2.0	0.406	taxongroup_comment	Animal__kingdom
obl<advcl<cop> ...	2.0	0.642	taxongroup_comment	Animal__kingdom
nmod<compound>amod> ...	2.0	0.215	taxongroup_comment	Animal__kingdom
acl:relcl>obj>compound> moon	2.0	0.227	taxongroup_comment	Animal__kingdom
acl:relcl>obj> jelly	2.0	0.477	taxongroup_comment	Animal__kingdom
compound<conj<nmod> organism	2.0	0.201	taxongroup_comment	Animal__kingdom
compound<conj< Utility	2.0	0.731	taxongroup_comment	Animal__kingdom
nmod<amod>advmod> ...	2.0	0.523	taxongroup_comment	Animal__kingdom
conj>conj> ...	2.0	0.188	taxongroup_comment	Animal__kingdom
conj>conj>cc> ...	2.0	0.547	taxongroup_comment	Animal__kingdom
conj>nmod>case> ...	2.0	0.478	taxongroup_comment	Animal__kingdom
compound<det> some	2.0	0.646	taxongroup_comment	Animal__kingdom
appos> animal	2.0	0.487	taxongroup_comment	Animal__kingdom
conj>nmod> ...	2.0	0.296	taxongroup_comment	Animal__kingdom
compound<nsubj:pass<aux:pass> be	2.0	0.271	taxongroup_comment	Animal__kingdom
nmod:poss<obj<advmod> ...	2.0	0.42	taxongroup_comment	Animal__kingdom
compound<nmod< ephyra	2.0	0.416	taxongroup_comment	Animal__kingdom
nmod>compound> comb	2.0	0.433	taxongroup_comment	Animal__kingdom
obl<advcl<nsubj> ...	2.0	0.407	taxongroup_comment	Animal__kingdom
nmod<appos>advmod> ...	2.0	0.569	taxongroup_comment	Animal__kingdom
nsubj<xcomp>mark> to	2.0	0.374	taxongroup_comment	Animal__kingdom
nmod<conj<obj< ...	2.0	0.733	taxongroup_comment	Animal__kingdom
nmod>acl:relcl>nsubj> which	2.0	0.728	taxongroup_comment	Animal__kingdom
conj<appos> sponge	2.0	0.375	taxongroup_comment	Animal__kingdom
compound<obl<mark> ...	2.0	0.664	taxongroup_comment	Animal__kingdom
obl<advcl>advmod> ...	2.0	0.993	taxongroup_comment	Animal__kingdom
nsubj<obj>nmod:poss> ...	2.0	0.261	taxongroup_comment	Animal__kingdom
conj<conj>obl> ...	2.0	0.481	taxongroup_comment	Animal__kingdom
obl<advcl>nsubj> ...	2.0	0.418	taxongroup_comment	Animal__kingdom
obj<nsubj>compound> sea	2.0	0.386	taxongroup_comment	Animal__kingdom
conj<conj>advmod> ...	2.0	0.573	taxongroup_comment	Animal__kingdom
compound<nmod<nmod< consumption	2.0	0.273	taxongroup_comment	Animal__kingdom
conj<case> between	2.0	0.228	taxongroup_comment	Animal__kingdom
appos<nsubj<conj> part	2.0	0.232	taxongroup_comment	Animal__kingdom
nsubj<det> the	2.0	0.4	taxongroup_comment	Animal__kingdom
nsubj<advcl> move	2.0	0.787	taxongroup_comment	Animal__kingdom
nsubj< use	2.0	0.762	taxongroup_comment	Animal__kingdom
obl<obj>amod> visual	2.0	0.659	taxongroup_comment	Animal__kingdom
obj<conj<amod> ...	2.0	0.607	taxongroup_comment	Animal__kingdom
conj>amod> other	2.0	0.259	taxongroup_comment	Animal__kingdom
case>fixed> to	2.0	0.481	taxongroup_comment	Animal__kingdom
acl>obj>det> the	2.0	0.344	taxongroup_comment	Animal__kingdom
acl>obl>compound> ...	2.0	0.151	taxongroup_comment	Animal__kingdom
appos<appos>flat> auriof	2.0	0.567	taxongroup_comment	Animal__kingdom
nmod<nsubj> Cnidaria	2.0	0.666	taxongroup_comment	Animal__kingdom
appos<appos> Aurelia	2.0	0.159	taxongroup_comment	Animal__kingdom
nsubj<parataxis<advmod> ...	2.0	0.221	taxongroup_comment	Animal__kingdom
obl<advmod> more	2.0	0.219	taxongroup_comment	Animal__kingdom
obj<advcl<nsubj> ...	2.0	0.195	taxongroup_comment	Animal__kingdom
appos<nmod> Aurelia	2.0	0.342	taxongroup_comment	Animal__kingdom
nsubj< make	2.0	0.81	taxongroup_comment	Animal__kingdom
obj<advcl<mark> ...	2.0	0.284	taxongroup_comment	Animal__kingdom
conj<parataxis>compound> cancer	2.0	0.36	taxongroup_comment	Animal__kingdom
nsubj<obj> migration	2.0	0.3	taxongroup_comment	Animal__kingdom
conj>appos> ...	2.0	0.172	taxongroup_comment	Animal__kingdom
det> that	2.0	1.214	taxongroup_comment	Animal__kingdom
appos<nsubj:pass<obl> ...	2.0	0.275	taxongroup_comment	Animal__kingdom
appos<nsubj:pass< ...	2.0	0.228	taxongroup_comment	Animal__kingdom
obl<compound:prt> down	2.0	0.376	taxongroup_comment	Animal__kingdom
nsubj<obl> starfish	2.0	0.357	taxongroup_comment	Animal__kingdom
obj<xcomp<nsubj> ...	2.0	0.236	taxongroup_comment	Animal__kingdom
nsubj<parataxis>cop> ...	2.0	0.483	taxongroup_comment	Animal__kingdom
nsubj<parataxis>nsubj> ...	2.0	0.4	taxongroup_comment	Animal__kingdom
compound<nmod<advcl> ...	2.0	0.268	taxongroup_comment	Animal__kingdom
appos<conj> Bilateria	2.0	0.444	taxongroup_comment	Animal__kingdom
nsubj<parataxis<obj> ...	2.0	0.311	taxongroup_comment	Animal__kingdom
nsubj<parataxis<aux> ...	2.0	0.441	taxongroup_comment	Animal__kingdom
appos<case> to	2.0	0.69	taxongroup_comment	Animal__kingdom
obl<acl:relcl<case> ...	2.0	0.302	taxongroup_comment	Animal__kingdom
obl<acl:relcl<nmod< ...	2.0	0.419	taxongroup_comment	Animal__kingdom
nsubj:pass<aux> have	2.0	0.19	taxongroup_comment	Animal__kingdom
conj<obj<advcl> ...	2.0	0.266	taxongroup_comment	Animal__kingdom
nsubj<conj>cop> ...	2.0	0.469	taxongroup_comment	Animal__kingdom
obj<aux> be	2.0	0.334	taxongroup_comment	Animal__kingdom
obj<aux:pass> be	2.0	0.62	taxongroup_comment	Animal__kingdom
appos<obl<cop> be	2.0	0.705	taxongroup_comment	Animal__kingdom
appos<conj<appos> jellyfish	2.0	0.27	taxongroup_comment	Animal__kingdom
obj<obj> ...	2.0	0.322	taxongroup_comment	Animal__kingdom
nsubj<nmod>det> a	2.0	0.789	taxongroup_comment	Animal__kingdom
appos<acl:relcl>nsubj> which	2.0	0.459	taxongroup_comment	Animal__kingdom
obj<advcl>obl> ...	2.0	0.237	taxongroup_comment	Animal__kingdom
obj<aux:pass> ...	2.0	0.62	taxongroup_comment	Animal__kingdom
obj<nsubj:pass> ...	2.0	0.213	taxongroup_comment	Animal__kingdom
appos<conj< ...	2.0	0.291	taxongroup_comment	Animal__kingdom
nsubj<conj>aux> can	2.0	0.696	taxongroup_comment	Animal__kingdom
nmod>flat> ...	2.0	0.226	taxongroup_comment	Animal__kingdom
nmod<acl:relcl<det> the	2.0	0.388	taxongroup_comment	Animal__kingdom
nmod<nsubj> which	2.0	0.392	taxongroup_comment	Animal__kingdom
conj>compound> moon	2.0	0.364	taxongroup_comment	Animal__kingdom
nsubj<nmod>amod> few	2.0	0.527	taxongroup_comment	Animal__kingdom
appos<parataxis>obl> ...	2.0	0.377	taxongroup_comment	Animal__kingdom
appos<parataxis> ...	2.0	0.168	taxongroup_comment	Animal__kingdom
conj>det> the	2.0	0.599	taxongroup_comment	Animal__kingdom
compound< kingdom	2.0	0.41	taxongroup_comment	Animal__kingdom
nsubj<obl>det> a	2.0	0.756	taxongroup_comment	Animal__kingdom
appos<nmod>nmod> ...	2.0	0.25	taxongroup_comment	Animal__kingdom
nsubj<advcl<aux:pass> be	2.0	0.539	taxongroup_comment	Animal__kingdom
nmod:poss<obj<conj< ...	2.0	0.486	taxongroup_comment	Animal__kingdom
nmod:poss<obj<cc> ...	2.0	0.245	taxongroup_comment	Animal__kingdom
appos<obj<nsubj> ...	2.0	0.32	taxongroup_comment	Animal__kingdom
appos<obj< ...	2.0	0.389	taxongroup_comment	Animal__kingdom
nmod<xcomp<aux:pass> be	2.0	0.454	taxongroup_comment	Animal__kingdom
nmod<mark> to	2.0	0.297	taxongroup_comment	Animal__kingdom
appos<nsubj<obj> ...	2.0	0.305	taxongroup_comment	Animal__kingdom
nmod<nsubj<advcl< ...	2.0	0.498	taxongroup_comment	Animal__kingdom
nmod<nmod> surface	2.0	0.772	taxongroup_comment	Animal__kingdom
nmod<nmod>amod> upper	2.0	0.428	taxongroup_comment	Animal__kingdom
obj<advcl<advmod> ...	2.0	0.562	taxongroup_comment	Animal__kingdom
nmod<nmod>case> on	2.0	0.433	taxongroup_comment	Animal__kingdom
nmod<acl:relcl>nsubj> that	2.0	0.169	taxongroup_comment	Animal__kingdom
nsubj<obl> jellyfish	2.0	0.301	taxongroup_comment	Animal__kingdom
nmod<nsubj<xcomp> ...	2.0	0.409	taxongroup_comment	Animal__kingdom
nsubj<advcl<advmod> ...	2.0	0.304	taxongroup_comment	Animal__kingdom
conj<case> such	2.0	0.45	taxongroup_comment	Animal__kingdom
conj<case>fixed> as	2.0	0.682	taxongroup_comment	Animal__kingdom
appos<obj<conj> ...	2.0	0.285	taxongroup_comment	Animal__kingdom
appos<conj>appos> ...	2.0	0.486	taxongroup_comment	Animal__kingdom
obj<xcomp<aux> ...	2.0	0.28	taxongroup_comment	Animal__kingdom
compound<appos<nmod> urchin	2.0	0.267	taxongroup_comment	Animal__kingdom
appos<nmod>conj> ...	2.0	0.442	taxongroup_comment	Animal__kingdom
compound<nmod>nmod> ...	2.0	0.256	taxongroup_comment	Animal__kingdom
nmod>advmod> ...	2.0	0.426	taxongroup_comment	Animal__kingdom
amod>obl> ...	2.0	0.242	taxongroup_comment	Animal__kingdom
amod>obl>case> ...	2.0	0.528	taxongroup_comment	Animal__kingdom
nsubj<aux> may	2.0	0.58	taxongroup_comment	Animal__kingdom
nsubj<obl>case> from	2.0	1.051	taxongroup_comment	Animal__kingdom
parataxis>obj> jellyfish	2.0	0.389	taxongroup_comment	Animal__kingdom
compound<appos< star	2.0	0.612	taxongroup_comment	Animal__kingdom
nsubj<advcl<parataxis< ...	2.0	0.306	taxongroup_comment	Animal__kingdom
nsubj<conj>det> the	2.0	0.426	taxongroup_comment	Animal__kingdom
parataxis>obj>amod> ...	2.0	0.4	taxongroup_comment	Animal__kingdom
appos<obl<cop> ...	2.0	0.705	taxongroup_comment	Animal__kingdom
appos<obl<nsubj> ...	2.0	0.233	taxongroup_comment	Animal__kingdom
appos<obl<mark> ...	2.0	0.586	taxongroup_comment	Animal__kingdom
amod>obl>case> than	2.0	0.546	taxongroup_comment	Animal__kingdom
nmod>conj> coral	2.0	0.765	taxongroup_comment	Animal__kingdom
conj<nsubj< predatory	2.0	0.332	taxongroup_comment	Animal__kingdom
conj<appos>conj> cucumber	2.0	0.557	taxongroup_comment	Animal__kingdom
conj<appos>conj> dollar	2.0	0.671	taxongroup_comment	Animal__kingdom
conj<appos> jellyfish	2.0	0.361	taxongroup_comment	Animal__kingdom
conj<appos>conj> hydroid	2.0	0.456	taxongroup_comment	Animal__kingdom
obl<acl<appos> ...	2.0	0.22	taxongroup_comment	Animal__kingdom
obl<acl:relcl<amod> ...	2.0	0.361	taxongroup_comment	Animal__kingdom
conj<appos>compound> comb	2.0	0.327	taxongroup_comment	Animal__kingdom
conj<appos> jelly	2.0	0.384	taxongroup_comment	Animal__kingdom
conj<compound> marine	2.0	0.288	taxongroup_comment	Animal__kingdom
compound<nsubj<mark> ...	2.0	0.329	taxongroup_comment	Animal__kingdom
nmod:poss<nmod<obj< ...	2.0	0.25	taxongroup_comment	Animal__kingdom
compound<nsubj<advcl< ...	2.0	0.318	taxongroup_comment	Animal__kingdom
nsubj<xcomp>mark> ...	2.0	0.374	taxongroup_comment	Animal__kingdom
conj<appos> star	2.0	0.396	taxongroup_comment	Animal__kingdom
appos>det> a	2.0	0.468	taxongroup_comment	Animal__kingdom
conj<appos>conj> urchin	2.0	0.499	taxongroup_comment	Animal__kingdom
nmod<nsubj>compound> sea	2.0	0.719	taxongroup_comment	Animal__kingdom
nmod<nsubj> urchin	2.0	0.594	taxongroup_comment	Animal__kingdom
appos<nsubj:pass<aux:pass> be	2.0	0.457	taxongroup_comment	Animal__kingdom
nmod<obj< find	2.0	0.536	taxongroup_comment	Animal__kingdom
appos<obj<conj> excludes	2.0	0.365	taxongroup_comment	Animal__kingdom
appos<conj>appos> jellyfish	2.0	0.486	taxongroup_comment	Animal__kingdom
appos<conj> Hydrozoa	2.0	0.534	taxongroup_comment	Animal__kingdom
appos<appos> jellyfish	2.0	0.253	taxongroup_comment	Animal__kingdom
appos<conj> Cubozoa	2.0	0.509	taxongroup_comment	Animal__kingdom
appos<appos> Scyphozoa	2.0	0.229	taxongroup_comment	Animal__kingdom
appos< taxa	2.0	0.522	taxongroup_comment	Animal__kingdom
conj>nmod>case> of	2.0	0.507	taxongroup_comment	Animal__kingdom
appos<amod> major	2.0	0.781	taxongroup_comment	Animal__kingdom
appos<obj< include	2.0	0.383	taxongroup_comment	Animal__kingdom
appos<obj<nsubj> subphylum	2.0	0.226	taxongroup_comment	Animal__kingdom
compound<appos<case> from	2.0	0.329	taxongroup_comment	Animal__kingdom
obl<obl>case> in	2.0	0.459	taxongroup_comment	Animal__kingdom
compound<appos<compound> feather	2.0	0.358	taxongroup_comment	Animal__kingdom
nsubj<cc> and	2.0	0.346	taxongroup_comment	Animal__kingdom
appos<conj<nmod> ...	2.0	0.222	taxongroup_comment	Animal__kingdom
compound>advmod> ...	2.0	0.381	taxongroup_comment	Animal__kingdom
nsubj<acl:relcl>nsubj> which	2.0	0.405	taxongroup_comment	Animal__kingdom
nmod<nsubj>conj> ...	2.0	0.593	taxongroup_comment	Animal__kingdom
conj>advmod>advmod> ...	2.0	0.524	taxongroup_comment	Animal__kingdom
nmod<acl:relcl>advmod> also	2.0	0.545	taxongroup_comment	Animal__kingdom
nmod<nmod>conj> ...	2.0	0.414	taxongroup_comment	Animal__kingdom
obj<acl:relcl<conj> ...	2.0	0.425	taxongroup_comment	Animal__kingdom
nmod<nsubj< include	2.0	0.73	taxongroup_comment	Animal__kingdom
acl>obl>case> to	2.0	0.539	taxongroup_comment	Animal__kingdom
nsubj<amod> large	2.0	0.234	taxongroup_comment	Animal__kingdom
obj< allow	2.0	0.554	taxongroup_comment	Animal__kingdom
obj<obl>case> to	2.0	0.643	taxongroup_comment	Animal__kingdom
obl< use	2.0	0.353	taxongroup_comment	Animal__kingdom
compound<nsubj<nmod> ...	2.0	0.495	taxongroup_comment	Animal__kingdom
compound<appos>compound> ...	2.0	0.239	taxongroup_comment	Animal__kingdom
compound<amod>amod> ...	2.0	0.286	taxongroup_comment	Animal__kingdom
compound<amod>advmod> ...	2.0	0.28	taxongroup_comment	Animal__kingdom
nsubj< animal	2.0	0.793	taxongroup_comment	Animal__kingdom
conj<compound< ...	2.0	0.458	taxongroup_comment	Animal__kingdom
appos<nmod>amod> ...	2.0	0.328	taxongroup_comment	Animal__kingdom
appos<nsubj:pass<aux:pass> ...	2.0	0.457	taxongroup_comment	Animal__kingdom
acl>obj>acl> ...	2.0	0.299	taxongroup_comment	Animal__kingdom
nsubj<advcl> make	2.0	0.846	taxongroup_comment	Animal__kingdom
compound<nsubj<amod> ...	2.0	0.438	taxongroup_comment	Animal__kingdom
acl>mark> ...	2.0	0.235	taxongroup_comment	Animal__kingdom
conj<xcomp> ...	2.0	0.404	taxongroup_comment	Animal__kingdom
obj<acl:relcl< group	2.0	0.799	taxongroup_comment	Animal__kingdom
obj<acl:relcl<amod> diverse	2.0	0.384	taxongroup_comment	Animal__kingdom
obj<acl:relcl<det> a	2.0	0.336	taxongroup_comment	Animal__kingdom
nmod<case> with	2.0	0.863	taxongroup_comment	Animal__kingdom
conj<nsubj>appos> ...	2.0	0.172	taxongroup_comment	Animal__kingdom
compound<amod> other	2.0	0.39	taxongroup_comment	Animal__kingdom
acl:relcl>obj> jellyfish	2.0	0.419	taxongroup_comment	Animal__kingdom
acl:relcl>advmod> also	2.0	0.314	taxongroup_comment	Animal__kingdom
obl<advcl<cop> be	2.0	0.642	taxongroup_comment	Animal__kingdom
obl<mark> for	2.0	0.698	taxongroup_comment	Animal__kingdom
appos<advmod> ...	2.0	0.384	taxongroup_comment	Animal__kingdom
conj>cc> as	2.0	0.787	taxongroup_comment	Animal__kingdom
conj>cc>fixed> well	2.0	0.417	taxongroup_comment	Animal__kingdom
conj>cc>fixed> as	2.0	0.394	taxongroup_comment	Animal__kingdom
conj>amod> many	2.0	0.235	taxongroup_comment	Animal__kingdom
conj>compound> marine	2.0	0.353	taxongroup_comment	Animal__kingdom
nmod<nmod>case> from	2.0	0.511	taxongroup_comment	Animal__kingdom
nmod:poss>compound> ...	2.0	0.368	taxongroup_comment	Animal__kingdom
nsubj<advcl>cop> ...	2.0	0.311	taxongroup_comment	Animal__kingdom
appos>flat> ...	2.0	0.226	taxongroup_comment	Animal__kingdom
conj>conj>cc> and	2.0	0.547	taxongroup_comment	Animal__kingdom
compound<advmod> ...	2.0	0.497	taxongroup_comment	Animal__kingdom
nsubj<obl>amod> other	2.0	0.828	taxongroup_comment	Animal__kingdom
nmod>conj> anemone	2.0	0.856	taxongroup_comment	Animal__kingdom
nmod<nsubj>nmod> ...	2.0	0.22	taxongroup_comment	Animal__kingdom
nmod<ccomp<obl> ...	2.0	0.282	taxongroup_comment	Animal__kingdom
parataxis>conj> ...	2.0	0.226	taxongroup_comment	Animal__kingdom
obj<advcl>obj> ...	2.0	0.401	taxongroup_comment	Animal__kingdom
conj<conj>compound> moon	2.0	0.458	taxongroup_comment	Animal__kingdom
conj<amod> common	2.0	0.981	taxongroup_comment	Animal__kingdom
conj<obj<parataxis< ...	2.0	0.319	taxongroup_comment	Animal__kingdom
ccomp< ...	2.0	0.282	taxongroup_comment	Animal__kingdom
conj<acl:relcl< ...	2.0	0.622	taxongroup_comment	Animal__kingdom
conj<obj>det> ...	2.0	0.705	taxongroup_comment	Animal__kingdom
conj<obj>amod> ...	2.0	0.499	taxongroup_comment	Animal__kingdom
conj<obj<advmod> also	2.0	1.049	taxongroup_comment	Animal__kingdom
conj<obj<parataxis< Aurelia	2.0	0.319	taxongroup_comment	Animal__kingdom
obl<acl:relcl<conj> ...	2.0	0.297	taxongroup_comment	Animal__kingdom
obl<acl:relcl<appos< ...	2.0	0.375	taxongroup_comment	Animal__kingdom
conj<parataxis>conj> ...	2.0	0.424	taxongroup_comment	Animal__kingdom
nmod<ccomp< ...	2.0	0.277	taxongroup_comment	Animal__kingdom
conj<conj>appos> ...	2.0	0.404	taxongroup_comment	Animal__kingdom
compound<obl<nsubj> ...	2.0	0.439	taxongroup_comment	Animal__kingdom
compound<obl<advmod> ...	2.0	0.633	taxongroup_comment	Animal__kingdom
obj<parataxis< ...	2.0	0.365	taxongroup_comment	Animal__kingdom
conj<nmod<case> ...	2.0	0.251	taxongroup_comment	Animal__kingdom
conj<obl<mark> ...	2.0	0.415	taxongroup_comment	Animal__kingdom
nmod> starfish	2.0	0.695	taxongroup_comment	Animal__kingdom
nmod<ccomp<nsubj> ...	2.0	0.325	taxongroup_comment	Animal__kingdom
conj<xcomp>mark> ...	2.0	0.393	taxongroup_comment	Animal__kingdom
nsubj<conj>nsubj> ...	2.0	0.249	taxongroup_comment	Animal__kingdom
conj>advmod>advmod> more	2.0	0.516	taxongroup_comment	Animal__kingdom
nmod>compound> sea	2.0	0.452	taxongroup_comment	Animal__kingdom
nmod>case> to	2.0	1.042	taxongroup_comment	Animal__kingdom
nmod>nmod>det> the	2.0	0.281	taxongroup_comment	Animal__kingdom
obj<xcomp<parataxis> ...	2.0	0.447	taxongroup_comment	Animal__kingdom
compound<amod>obl> ...	2.0	0.286	taxongroup_comment	Animal__kingdom
conj<nsubj>nmod:poss> ...	2.0	0.241	taxongroup_comment	Animal__kingdom
nmod>nmod>case> among	2.0	0.712	taxongroup_comment	Animal__kingdom
conj>advmod> closely	2.0	0.431	taxongroup_comment	Animal__kingdom
appos<acl:relcl>nsubj> ...	2.0	0.459	taxongroup_comment	Animal__kingdom
appos<acl:relcl> ...	2.0	0.393	taxongroup_comment	Animal__kingdom
appos<acl:relcl>obj> ...	2.0	0.646	taxongroup_comment	Animal__kingdom
nmod<nmod<conj< ...	2.0	0.554	taxongroup_comment	Animal__kingdom
compound<amod> different	2.0	0.335	taxongroup_comment	Animal__kingdom
conj>compound> man	2.0	0.287	taxongroup_comment	Animal__kingdom
conj>obl>det> the	1.0	0.338	taxongroup_comment	Animal__kingdom
nsubj<obl>det> this	1.0	0.655	taxongroup_comment	Animal__kingdom
nmod< variety	1.0	0.51	taxongroup_comment	Animal__kingdom
nmod<case> on	1.0	0.93	taxongroup_comment	Animal__kingdom
obj<advcl>mark> as	1.0	0.591	taxongroup_comment	Animal__kingdom
acl>obl>case> on	1.0	0.548	taxongroup_comment	Animal__kingdom
nsubj<conj>det> a	1.0	0.321	taxongroup_comment	Animal__kingdom
conj> egg	1.0	0.847	taxongroup_comment	Animal__kingdom
nmod<obl< feed	1.0	0.486	taxongroup_comment	Animal__kingdom
nmod>conj> worm	1.0	0.894	taxongroup_comment	Animal__kingdom
acl>advmod> now	1.0	0.555	taxongroup_comment	Animal__kingdom
acl> know	1.0	0.728	taxongroup_comment	Animal__kingdom
conj<obl>case> as	1.0	0.513	taxongroup_comment	Animal__kingdom
conj<obl>det> the	1.0	0.472	taxongroup_comment	Animal__kingdom
nmod<conj>det> a	1.0	0.354	taxongroup_comment	Animal__kingdom
obj<advcl>mark> to	1.0	0.502	taxongroup_comment	Animal__kingdom
obj<mark> as	1.0	0.544	taxongroup_comment	Animal__kingdom
obl<advcl>nsubj> they	1.0	0.642	taxongroup_comment	Animal__kingdom
obl<advcl>mark> when	1.0	0.646	taxongroup_comment	Animal__kingdom
nmod<case> by	1.0	0.889	taxongroup_comment	Animal__kingdom
compound<nmod<case> in	1.0	0.561	taxongroup_comment	Animal__kingdom
obl<advcl>cop> be	1.0	0.452	taxongroup_comment	Animal__kingdom
nsubj>amod> most	1.0	0.265	taxongroup_comment	Animal__kingdom
obj<advcl<aux:pass> be	1.0	0.769	taxongroup_comment	Animal__kingdom
nmod<xcomp<aux> have	1.0	0.513	taxongroup_comment	Animal__kingdom
obl<nsubj:pass> they	1.0	0.734	taxongroup_comment	Animal__kingdom
obj<advcl<cc> and	1.0	0.356	taxongroup_comment	Animal__kingdom
nsubj<obl> general	1.0	0.331	taxongroup_comment	Animal__kingdom
nsubj<advcl>mark> while	1.0	0.888	taxongroup_comment	Animal__kingdom
nmod<conj<aux:pass> be	1.0	0.473	taxongroup_comment	Animal__kingdom
nmod<conj<aux> have	1.0	0.336	taxongroup_comment	Animal__kingdom
acl>obl>case> as	1.0	0.442	taxongroup_comment	Animal__kingdom
compound<nmod>case> to	1.0	0.847	taxongroup_comment	Animal__kingdom
nsubj<advcl>mark> in	1.0	0.713	taxongroup_comment	Animal__kingdom
compound<nmod>case> from	1.0	0.888	taxongroup_comment	Animal__kingdom
compound<nmod>det> a	1.0	0.329	taxongroup_comment	Animal__kingdom
conj<obl<cop> be	1.0	0.412	taxongroup_comment	Animal__kingdom
ccomp<obl>case> in	1.0	0.358	taxongroup_comment	Animal__kingdom
nsubj<obj>amod> main	1.0	0.694	taxongroup_comment	Animal__kingdom
nmod<xcomp<nsubj:pass> it	1.0	0.379	taxongroup_comment	Animal__kingdom
nmod<nmod> range	1.0	0.661	taxongroup_comment	Animal__kingdom
amod>obl:npmod>amod> several	1.0	0.729	taxongroup_comment	Animal__kingdom
amod>obl:npmod> time	1.0	0.18	taxongroup_comment	Animal__kingdom
amod> larger	1.0	1.343	taxongroup_comment	Animal__kingdom
amod>obl> themselves	1.0	0.339	taxongroup_comment	Animal__kingdom
compound<nmod< form	1.0	0.408	taxongroup_comment	Animal__kingdom
appos<obl<nsubj> segmentation	1.0	0.394	taxongroup_comment	Animal__kingdom
compound< phyla	1.0	0.409	taxongroup_comment	Animal__kingdom
appos<obl<mark> as	1.0	0.613	taxongroup_comment	Animal__kingdom
obl<compound:prt> on	1.0	0.334	taxongroup_comment	Animal__kingdom
nmod<mark> that	1.0	0.252	taxongroup_comment	Animal__kingdom
appos<obl<obl> member	1.0	0.214	taxongroup_comment	Animal__kingdom
appos<obl< obvious	1.0	0.309	taxongroup_comment	Animal__kingdom
nmod<obj<mark> to	1.0	0.51	taxongroup_comment	Animal__kingdom
obj<obl> animal	1.0	0.44	taxongroup_comment	Animal__kingdom
nmod<nmod<cop> be	1.0	0.274	taxongroup_comment	Animal__kingdom
appos<case> as	1.0	0.645	taxongroup_comment	Animal__kingdom
appos<amod> other	1.0	0.785	taxongroup_comment	Animal__kingdom
obj<obl>case> with	1.0	0.664	taxongroup_comment	Animal__kingdom
nmod<amod>advmod> most	1.0	0.331	taxongroup_comment	Animal__kingdom
nmod<nmod< part	1.0	0.77	taxongroup_comment	Animal__kingdom
nsubj>nmod>case> of	1.0	0.563	taxongroup_comment	Animal__kingdom
nmod:poss< body	1.0	0.471	taxongroup_comment	Animal__kingdom
nsubj<conj<cop> be	1.0	0.516	taxongroup_comment	Animal__kingdom
nsubj<obj> weight	1.0	0.518	taxongroup_comment	Animal__kingdom
nsubj<obj> mouth	1.0	0.484	taxongroup_comment	Animal__kingdom
nsubj<advcl>mark> by	1.0	0.687	taxongroup_comment	Animal__kingdom
acl:relcl>obl>case> by	1.0	0.611	taxongroup_comment	Animal__kingdom
nmod<appos>det> a	1.0	0.758	taxongroup_comment	Animal__kingdom
nmod:poss<obj<cc> but	1.0	0.236	taxongroup_comment	Animal__kingdom
nmod:poss< position	1.0	0.431	taxongroup_comment	Animal__kingdom
conj<conj> mollusc	1.0	0.89	taxongroup_comment	Animal__kingdom
nmod<nmod:poss> they	1.0	0.326	taxongroup_comment	Animal__kingdom
mark> that	1.0	0.692	taxongroup_comment	Animal__kingdom
ccomp< think	1.0	0.388	taxongroup_comment	Animal__kingdom
conj<nsubj> these	1.0	0.686	taxongroup_comment	Animal__kingdom
obj<xcomp< use	1.0	0.479	taxongroup_comment	Animal__kingdom
obl<ccomp< suggest	1.0	0.402	taxongroup_comment	Animal__kingdom
nmod<nmod:poss> its	1.0	0.359	taxongroup_comment	Animal__kingdom
conj<aux> have	1.0	0.281	taxongroup_comment	Animal__kingdom
appos< protostome	1.0	0.694	taxongroup_comment	Animal__kingdom
compound<amod> most	1.0	0.425	taxongroup_comment	Animal__kingdom
appos<case> within	1.0	0.604	taxongroup_comment	Animal__kingdom
conj<nsubj>det> the	1.0	0.334	taxongroup_comment	Animal__kingdom
conj<det> a	1.0	0.599	taxongroup_comment	Animal__kingdom
compound<nmod<case> for	1.0	0.386	taxongroup_comment	Animal__kingdom
nmod>nummod> five	1.0	0.252	taxongroup_comment	Animal__kingdom
appos<appos>det> a	1.0	0.452	taxongroup_comment	Animal__kingdom
nmod> sex	1.0	0.463	taxongroup_comment	Animal__kingdom
obl<cc> but	1.0	0.638	taxongroup_comment	Animal__kingdom
nmod<obl<cc> but	1.0	0.437	taxongroup_comment	Animal__kingdom
nmod<obl<advmod> typically	1.0	0.506	taxongroup_comment	Animal__kingdom
nmod<case> through	1.0	0.866	taxongroup_comment	Animal__kingdom
compound<amod> dwell	1.0	0.644	taxongroup_comment	Animal__kingdom
conj<obj<obl> ...	1.0	0.352	taxongroup_comment	Animal__kingdom
nsubj:pass<advcl>mark> ...	1.0	0.531	taxongroup_comment	Animal__kingdom
nsubj:pass<advcl>advmod> ...	1.0	0.299	taxongroup_comment	Animal__kingdom
nsubj:pass<advcl>conj> ...	1.0	0.462	taxongroup_comment	Animal__kingdom
obl<advcl<acl< ...	1.0	0.545	taxongroup_comment	Animal__kingdom
obl<advcl<obl> ...	1.0	0.424	taxongroup_comment	Animal__kingdom
nsubj:pass<xcomp>obj> ...	1.0	0.222	taxongroup_comment	Animal__kingdom
acl:relcl>obl>det> ...	1.0	0.371	taxongroup_comment	Animal__kingdom
conj<nsubj<obl> ...	1.0	0.288	taxongroup_comment	Animal__kingdom
conj<acl:relcl<det> ...	1.0	0.405	taxongroup_comment	Animal__kingdom
conj<acl:relcl<amod> ...	1.0	0.301	taxongroup_comment	Animal__kingdom
conj<conj>nummod> ...	1.0	0.916	taxongroup_comment	Animal__kingdom
conj<compound<cc< ...	1.0	0.284	taxongroup_comment	Animal__kingdom
compound<appos<nmod< ...	1.0	0.377	taxongroup_comment	Animal__kingdom
compound<appos<amod> ...	1.0	0.241	taxongroup_comment	Animal__kingdom
compound<appos>nummod> ...	1.0	0.103	taxongroup_comment	Animal__kingdom
conj<nsubj<det> ...	1.0	0.373	taxongroup_comment	Animal__kingdom
obj<xcomp<obl> ...	1.0	0.307	taxongroup_comment	Animal__kingdom
obl<xcomp>obl> ...	1.0	0.258	taxongroup_comment	Animal__kingdom
conj<obl<aux> ...	1.0	0.401	taxongroup_comment	Animal__kingdom
obj<nsubj>nmod> ...	1.0	0.586	taxongroup_comment	Animal__kingdom
acl>obj>compound> ...	1.0	0.391	taxongroup_comment	Animal__kingdom
acl>obj>nmod> ...	1.0	0.4	taxongroup_comment	Animal__kingdom
advcl>mark> ...	1.0	0.552	taxongroup_comment	Animal__kingdom
advcl>nsubj> ...	1.0	0.574	taxongroup_comment	Animal__kingdom
advcl>cop> ...	1.0	0.335	taxongroup_comment	Animal__kingdom
advcl> ...	1.0	0.386	taxongroup_comment	Animal__kingdom
advcl>obl>case> ...	1.0	0.512	taxongroup_comment	Animal__kingdom
advcl>obl> ...	1.0	0.852	taxongroup_comment	Animal__kingdom
nmod<conj>nsubj> ...	1.0	0.292	taxongroup_comment	Animal__kingdom
nmod<conj>cop> ...	1.0	0.615	taxongroup_comment	Animal__kingdom
conj<obj<acl< ...	1.0	0.401	taxongroup_comment	Animal__kingdom
acl>obl>nmod> ...	1.0	0.165	taxongroup_comment	Animal__kingdom
nmod<conj<cop> ...	1.0	0.474	taxongroup_comment	Animal__kingdom
conj<obj<aux> ...	1.0	0.58	taxongroup_comment	Animal__kingdom
compound<obl<ccomp> ...	1.0	0.664	taxongroup_comment	Animal__kingdom
compound<obl<aux> ...	1.0	0.352	taxongroup_comment	Animal__kingdom
compound<nmod<mark> ...	1.0	0.238	taxongroup_comment	Animal__kingdom
compound<nmod<nsubj> ...	1.0	0.337	taxongroup_comment	Animal__kingdom
acl:relcl>cop> ...	1.0	0.69	taxongroup_comment	Animal__kingdom
obl<parataxis>nsubj> ...	1.0	0.238	taxongroup_comment	Animal__kingdom
obl<parataxis>obj> ...	1.0	0.248	taxongroup_comment	Animal__kingdom
nmod<conj>obj> ...	1.0	0.383	taxongroup_comment	Animal__kingdom
appos<obl<ccomp< ...	1.0	0.5	taxongroup_comment	Animal__kingdom
appos<obl<advmod> ...	1.0	0.538	taxongroup_comment	Animal__kingdom
nmod<acl:relcl>cop> ...	1.0	0.577	taxongroup_comment	Animal__kingdom
nmod<acl:relcl>obl> ...	1.0	0.201	taxongroup_comment	Animal__kingdom
amod>obl>conj> ...	1.0	0.278	taxongroup_comment	Animal__kingdom
parataxis>obj>det> ...	1.0	0.511	taxongroup_comment	Animal__kingdom
compound<obj<conj> ...	1.0	0.326	taxongroup_comment	Animal__kingdom
compound<obj<nsubj> ...	1.0	0.485	taxongroup_comment	Animal__kingdom
compound<nsubj<ccomp< ...	1.0	0.243	taxongroup_comment	Animal__kingdom
conj<parataxis<nsubj> ...	1.0	0.392	taxongroup_comment	Animal__kingdom
conj<parataxis< ...	1.0	0.543	taxongroup_comment	Animal__kingdom
conj<obj>nmod> ...	1.0	0.168	taxongroup_comment	Animal__kingdom
obj<conj<ccomp< ...	1.0	0.444	taxongroup_comment	Animal__kingdom
obj<conj<case> ...	1.0	0.366	taxongroup_comment	Animal__kingdom
obj<conj<nmod> ...	1.0	0.27	taxongroup_comment	Animal__kingdom
amod>mark> ...	1.0	0.549	taxongroup_comment	Animal__kingdom
nsubj:pass<obl>nummod> ...	1.0	0.221	taxongroup_comment	Animal__kingdom
nsubj:pass<obl>appos> ...	1.0	0.22	taxongroup_comment	Animal__kingdom
nsubj:pass<parataxis> ...	1.0	0.527	taxongroup_comment	Animal__kingdom
obl<xcomp> ...	1.0	0.614	taxongroup_comment	Animal__kingdom
nsubj<advcl>aux> ...	1.0	0.337	taxongroup_comment	Animal__kingdom
nsubj<obl>acl> ...	1.0	0.298	taxongroup_comment	Animal__kingdom
obl<acl<conj< ...	1.0	0.252	taxongroup_comment	Animal__kingdom
obl<acl<cc> ...	1.0	0.575	taxongroup_comment	Animal__kingdom
nsubj<advcl<aux> ...	1.0	0.289	taxongroup_comment	Animal__kingdom
obl>case> ...	1.0	0.344	taxongroup_comment	Animal__kingdom
obl>det> ...	1.0	0.273	taxongroup_comment	Animal__kingdom
obl>amod> ...	1.0	0.342	taxongroup_comment	Animal__kingdom
obl> ...	1.0	0.363	taxongroup_comment	Animal__kingdom
nmod<nmod<cc> ...	1.0	0.342	taxongroup_comment	Animal__kingdom
nmod<obj<acl:relcl< ...	1.0	0.316	taxongroup_comment	Animal__kingdom
nmod<obj<nmod> ...	1.0	0.47	taxongroup_comment	Animal__kingdom
acl:relcl>obj>nmod> ...	1.0	0.507	taxongroup_comment	Animal__kingdom
nmod:poss<nmod<nmod< ...	1.0	0.582	taxongroup_comment	Animal__kingdom
nmod:poss<nmod<case> ...	1.0	0.245	taxongroup_comment	Animal__kingdom
compound<nmod<conj< ...	1.0	0.258	taxongroup_comment	Animal__kingdom
appos<nsubj>det> ...	1.0	0.363	taxongroup_comment	Animal__kingdom
appos<cop> ...	1.0	0.464	taxongroup_comment	Animal__kingdom
appos<nmod>det> ...	1.0	0.556	taxongroup_comment	Animal__kingdom
obj<acl:relcl<appos< ...	1.0	0.534	taxongroup_comment	Animal__kingdom
nsubj<ccomp< ...	1.0	0.714	taxongroup_comment	Animal__kingdom
appos<mark> ...	1.0	0.438	taxongroup_comment	Animal__kingdom
nmod>nmod:poss>det> ...	1.0	0.453	taxongroup_comment	Animal__kingdom
nmod>nmod:poss> ...	1.0	0.398	taxongroup_comment	Animal__kingdom
nmod>nmod:poss>case> ...	1.0	0.758	taxongroup_comment	Animal__kingdom
nsubj<ccomp<conj< ...	1.0	0.683	taxongroup_comment	Animal__kingdom
nsubj<ccomp<cc> ...	1.0	0.402	taxongroup_comment	Animal__kingdom
nsubj<ccomp<obl> ...	1.0	0.212	taxongroup_comment	Animal__kingdom
conj<nmod<nmod< ...	1.0	0.366	taxongroup_comment	Animal__kingdom
conj<nmod<compound> ...	1.0	0.45	taxongroup_comment	Animal__kingdom
nsubj<acl:relcl<obl< ...	1.0	0.343	taxongroup_comment	Animal__kingdom
nsubj<acl:relcl<case> ...	1.0	0.162	taxongroup_comment	Animal__kingdom
nsubj<acl:relcl< ...	1.0	0.377	taxongroup_comment	Animal__kingdom
acl:relcl>obl>nmod:poss> ...	1.0	0.28	taxongroup_comment	Animal__kingdom
compound<nsubj<acl:relcl> ...	1.0	0.449	taxongroup_comment	Animal__kingdom
nmod<parataxis>nsubj> ...	1.0	0.291	taxongroup_comment	Animal__kingdom
nmod<parataxis> ...	1.0	0.314	taxongroup_comment	Animal__kingdom
obl<amod<obl< ...	1.0	0.551	taxongroup_comment	Animal__kingdom
compound<nsubj<aux> ...	1.0	0.535	taxongroup_comment	Animal__kingdom
obl<xcomp<advcl< ...	1.0	0.246	taxongroup_comment	Animal__kingdom
obl<xcomp<mark> ...	1.0	0.612	taxongroup_comment	Animal__kingdom
obl<xcomp<aux> ...	1.0	0.409	taxongroup_comment	Animal__kingdom
amod>amod> ...	1.0	0.454	taxongroup_comment	Animal__kingdom
obl<advmod< ...	1.0	0.428	taxongroup_comment	Animal__kingdom
nsubj<advmod>advmod> ...	1.0	0.378	taxongroup_comment	Animal__kingdom
nsubj<advmod>obl> ...	1.0	0.67	taxongroup_comment	Animal__kingdom
nsubj<advcl<cop> ...	1.0	0.522	taxongroup_comment	Animal__kingdom
nmod<obl<acl:relcl< ...	1.0	0.319	taxongroup_comment	Animal__kingdom
nmod<cc:preconj> ...	1.0	0.526	taxongroup_comment	Animal__kingdom
conj>appos>nmod> ...	1.0	0.474	taxongroup_comment	Animal__kingdom
obj<advcl<advcl< ...	1.0	0.171	taxongroup_comment	Animal__kingdom
xcomp< ...	1.0	0.258	taxongroup_comment	Animal__kingdom
xcomp<aux:pass> ...	1.0	0.522	taxongroup_comment	Animal__kingdom
xcomp<aux> ...	1.0	0.219	taxongroup_comment	Animal__kingdom
compound<appos<flat> ...	1.0	0.316	taxongroup_comment	Animal__kingdom
compound<acl:relcl>nsubj> ...	1.0	0.326	taxongroup_comment	Animal__kingdom
compound<acl:relcl> ...	1.0	0.413	taxongroup_comment	Animal__kingdom
acl>obj>nmod:poss> ...	1.0	0.548	taxongroup_comment	Animal__kingdom
compound<nsubj:pass<xcomp> ...	1.0	0.548	taxongroup_comment	Animal__kingdom
compound<obl<acl< ...	1.0	0.287	taxongroup_comment	Animal__kingdom
compound<acl> ...	1.0	0.583	taxongroup_comment	Animal__kingdom
compound<acl>obl> ...	1.0	0.265	taxongroup_comment	Animal__kingdom
nmod<nsubj<ccomp> ...	1.0	0.448	taxongroup_comment	Animal__kingdom
compound<obl<obl> ...	1.0	0.394	taxongroup_comment	Animal__kingdom
xcomp<nsubj:pass> ...	1.0	0.504	taxongroup_comment	Animal__kingdom
compound<appos<det> ...	1.0	0.202	taxongroup_comment	Animal__kingdom
compound<advmod>advmod> ...	1.0	0.25	taxongroup_comment	Animal__kingdom
nmod<obl<ccomp> ...	1.0	0.285	taxongroup_comment	Animal__kingdom
obl<ccomp<obl> ...	1.0	0.26	taxongroup_comment	Animal__kingdom
nmod<obl<acl< ...	1.0	0.211	taxongroup_comment	Animal__kingdom
conj<nsubj:pass>compound> ...	1.0	0.51	taxongroup_comment	Animal__kingdom
conj<aux> ...	1.0	0.274	taxongroup_comment	Animal__kingdom
nmod<acl:relcl<case> ...	1.0	0.4	taxongroup_comment	Animal__kingdom
conj<obj<conj< ...	1.0	0.259	taxongroup_comment	Animal__kingdom
obj<conj<advmod> ...	1.0	0.21	taxongroup_comment	Animal__kingdom
appos>appos> ...	1.0	0.309	taxongroup_comment	Animal__kingdom
compound<conj> ...	1.0	0.565	taxongroup_comment	Animal__kingdom
compound<nmod:poss> ...	1.0	0.36	taxongroup_comment	Animal__kingdom
conj>obj>compound> ...	1.0	0.338	taxongroup_comment	Animal__kingdom
compound<conj<obl< ...	1.0	0.259	taxongroup_comment	Animal__kingdom
compound<conj<advmod> ...	1.0	0.689	taxongroup_comment	Animal__kingdom
nmod>conj>amod> ...	1.0	0.322	taxongroup_comment	Animal__kingdom
conj<ccomp< ...	1.0	0.559	taxongroup_comment	Animal__kingdom
conj<mark> ...	1.0	0.512	taxongroup_comment	Animal__kingdom
conj<nsubj>nmod> ...	1.0	0.342	taxongroup_comment	Animal__kingdom
compound<appos<appos> ...	1.0	0.284	taxongroup_comment	Animal__kingdom
conj>nummod> ...	1.0	0.669	taxongroup_comment	Animal__kingdom
nmod<obl<cc> ...	1.0	0.443	taxongroup_comment	Animal__kingdom
appos<appos>det> ...	1.0	0.469	taxongroup_comment	Animal__kingdom
conj<appos>nmod> ...	1.0	0.449	taxongroup_comment	Animal__kingdom
conj<appos>appos> ...	1.0	0.442	taxongroup_comment	Animal__kingdom
acl:relcl>nsubj>amod> ...	1.0	0.807	taxongroup_comment	Animal__kingdom
acl:relcl>advcl> ...	1.0	0.556	taxongroup_comment	Animal__kingdom
acl:relcl>advcl>conj> ...	1.0	0.344	taxongroup_comment	Animal__kingdom
acl:relcl>advcl>obl> ...	1.0	0.399	taxongroup_comment	Animal__kingdom
nmod<nmod<compound> ...	1.0	0.222	taxongroup_comment	Animal__kingdom
parataxis< ...	1.0	0.301	taxongroup_comment	Animal__kingdom
parataxis<nmod>case> ...	1.0	0.328	taxongroup_comment	Animal__kingdom
parataxis<nmod> ...	1.0	0.203	taxongroup_comment	Animal__kingdom
acl:relcl>nsubj>nmod:poss> ...	1.0	0.71	taxongroup_comment	Animal__kingdom
conj<parataxis>appos> ...	1.0	0.548	taxongroup_comment	Animal__kingdom
obj<csubj< ...	1.0	0.357	taxongroup_comment	Animal__kingdom
obl<conj>compound> ...	1.0	0.512	taxongroup_comment	Animal__kingdom
obl<advcl>ccomp> ...	1.0	0.268	taxongroup_comment	Animal__kingdom
nmod>acl:relcl>obj> ...	1.0	0.411	taxongroup_comment	Animal__kingdom
conj<nsubj<advcl< ...	1.0	0.213	taxongroup_comment	Animal__kingdom
conj<nsubj<mark> ...	1.0	0.411	taxongroup_comment	Animal__kingdom
nsubj<advcl>advcl> ...	1.0	0.407	taxongroup_comment	Animal__kingdom
acl>obj>amod> ...	1.0	0.324	taxongroup_comment	Animal__kingdom
nsubj<advcl>conj> ...	1.0	0.237	taxongroup_comment	Animal__kingdom
nmod<xcomp<aux> ...	1.0	0.513	taxongroup_comment	Animal__kingdom
conj<obl>compound> ...	1.0	0.435	taxongroup_comment	Animal__kingdom
nsubj<parataxis>conj> ...	1.0	0.211	taxongroup_comment	Animal__kingdom
obl<advcl>aux> ...	1.0	0.398	taxongroup_comment	Animal__kingdom
obl<advcl>obl> ...	1.0	0.267	taxongroup_comment	Animal__kingdom
obl<advcl>cop> ...	1.0	0.452	taxongroup_comment	Animal__kingdom
compound<nmod<conj> ...	1.0	0.454	taxongroup_comment	Animal__kingdom
compound<nmod>nmod:poss> ...	1.0	0.358	taxongroup_comment	Animal__kingdom
nmod<conj<nsubj:pass> ...	1.0	0.532	taxongroup_comment	Animal__kingdom
nmod<conj<aux> ...	1.0	0.317	taxongroup_comment	Animal__kingdom
nmod<conj<aux:pass> ...	1.0	0.473	taxongroup_comment	Animal__kingdom
discourse> ...	1.0	0.242	taxongroup_comment	Animal__kingdom
conj>obl>det> ...	1.0	0.334	taxongroup_comment	Animal__kingdom
nsubj<conj>case> ...	1.0	0.459	taxongroup_comment	Animal__kingdom
nmod<advcl>obj> ...	1.0	0.252	taxongroup_comment	Animal__kingdom
nmod<advcl> ...	1.0	0.271	taxongroup_comment	Animal__kingdom
obj<advcl<nsubj:pass> ...	1.0	0.29	taxongroup_comment	Animal__kingdom
nmod>appos>compound> ...	1.0	0.436	taxongroup_comment	Animal__kingdom
obj<advcl<xcomp< ...	1.0	0.445	taxongroup_comment	Animal__kingdom
obj<obj>det> ...	1.0	0.389	taxongroup_comment	Animal__kingdom
obj<obj>compound> ...	1.0	0.538	taxongroup_comment	Animal__kingdom
nsubj<xcomp>advmod> ...	1.0	0.458	taxongroup_comment	Animal__kingdom
nsubj<xcomp>obj> ...	1.0	0.36	taxongroup_comment	Animal__kingdom
obj<xcomp<mark> ...	1.0	0.245	taxongroup_comment	Animal__kingdom
obj<xcomp<advmod> ...	1.0	0.212	taxongroup_comment	Animal__kingdom
obj<xcomp<advcl< ...	1.0	0.546	taxongroup_comment	Animal__kingdom
obj<advcl<conj< ...	1.0	0.366	taxongroup_comment	Animal__kingdom
obj<advcl<cc> ...	1.0	0.346	taxongroup_comment	Animal__kingdom
obj<advcl<aux:pass> ...	1.0	0.769	taxongroup_comment	Animal__kingdom
nmod>conj>det> ...	1.0	0.253	taxongroup_comment	Animal__kingdom
obj<xcomp<obj> ...	1.0	0.58	taxongroup_comment	Animal__kingdom
conj<xcomp>obj> ...	1.0	0.323	taxongroup_comment	Animal__kingdom
obj<acl<nmod> ...	1.0	0.612	taxongroup_comment	Animal__kingdom
obj<acl<cop> ...	1.0	0.434	taxongroup_comment	Animal__kingdom
conj<compound<nmod< ...	1.0	0.295	taxongroup_comment	Animal__kingdom
conj<compound<case> ...	1.0	0.301	taxongroup_comment	Animal__kingdom
compound<obl<advcl< ...	1.0	0.279	taxongroup_comment	Animal__kingdom
appos<acl> ...	1.0	0.439	taxongroup_comment	Animal__kingdom
appos<acl>obl> ...	1.0	0.42	taxongroup_comment	Animal__kingdom
parataxis>obl>case> ...	1.0	0.298	taxongroup_comment	Animal__kingdom
parataxis>obl>det> ...	1.0	0.544	taxongroup_comment	Animal__kingdom
parataxis>obl> ...	1.0	0.343	taxongroup_comment	Animal__kingdom
conj>obl>amod> ...	1.0	0.273	taxongroup_comment	Animal__kingdom
nmod:poss<nmod<det> ...	1.0	0.297	taxongroup_comment	Animal__kingdom
acl:relcl>obl>nummod> ...	1.0	0.342	taxongroup_comment	Animal__kingdom
acl:relcl>conj>case> ...	1.0	0.258	taxongroup_comment	Animal__kingdom
acl:relcl>conj>obl> ...	1.0	0.307	taxongroup_comment	Animal__kingdom
compound<compound>compound> ...	1.0	0.428	taxongroup_comment	Animal__kingdom
nummod>advmod> ...	1.0	0.478	taxongroup_comment	Animal__kingdom
obj<acl<nsubj> ...	1.0	0.393	taxongroup_comment	Animal__kingdom
mark> ...	1.0	0.559	taxongroup_comment	Animal__kingdom
nmod<advcl>nsubj> ...	1.0	0.241	taxongroup_comment	Animal__kingdom
nsubj<advcl<nmod> ...	1.0	0.532	taxongroup_comment	Animal__kingdom
nmod<obj<mark> ...	1.0	0.413	taxongroup_comment	Animal__kingdom
nmod<nmod<mark> ...	1.0	0.435	taxongroup_comment	Animal__kingdom
nmod<nmod<cop> ...	1.0	0.274	taxongroup_comment	Animal__kingdom
nmod<appos>det> ...	1.0	0.697	taxongroup_comment	Animal__kingdom
conj<obj<conj> ...	1.0	0.428	taxongroup_comment	Animal__kingdom
nsubj<conj<obl> ...	1.0	0.4	taxongroup_comment	Animal__kingdom
nsubj<conj<nsubj> ...	1.0	0.529	taxongroup_comment	Animal__kingdom
nsubj<conj<cop> ...	1.0	0.516	taxongroup_comment	Animal__kingdom
obl<nmod>case> ...	1.0	0.132	taxongroup_comment	Animal__kingdom
obl<nmod>amod> ...	1.0	0.369	taxongroup_comment	Animal__kingdom
obl<nmod>compound> ...	1.0	0.421	taxongroup_comment	Animal__kingdom
obl<nmod> ...	1.0	0.266	taxongroup_comment	Animal__kingdom
nmod<nmod>compound> ...	1.0	0.295	taxongroup_comment	Animal__kingdom
amod>obl:npmod>amod> ...	1.0	0.729	taxongroup_comment	Animal__kingdom
conj<obl<ccomp< ...	1.0	0.479	taxongroup_comment	Animal__kingdom
conj<obl<cop> ...	1.0	0.412	taxongroup_comment	Animal__kingdom
nmod<advcl>mark> ...	1.0	0.221	taxongroup_comment	Animal__kingdom
nmod<obj<xcomp< ...	1.0	0.434	taxongroup_comment	Animal__kingdom
ccomp<nsubj> ...	1.0	0.295	taxongroup_comment	Animal__kingdom
ccomp<obj> ...	1.0	0.555	taxongroup_comment	Animal__kingdom
ccomp<obl>amod> ...	1.0	0.388	taxongroup_comment	Animal__kingdom
nsubj>nmod>case> ...	1.0	0.477	taxongroup_comment	Animal__kingdom
nsubj>nmod> ...	1.0	0.347	taxongroup_comment	Animal__kingdom
compound<compound<det> ...	1.0	0.742	taxongroup_comment	Animal__kingdom
conj<nsubj<mark> while	1.0	0.578	taxongroup_comment	Animal__kingdom
conj< star	1.0	0.516	taxongroup_comment	Animal__kingdom
compound<obl<nsubj:pass> predation	1.0	0.494	taxongroup_comment	Animal__kingdom
compound<obl<advmod> widely	1.0	0.498	taxongroup_comment	Animal__kingdom
compound<obl< distribute	1.0	0.611	taxongroup_comment	Animal__kingdom
nmod> fish	1.0	0.698	taxongroup_comment	Animal__kingdom
nmod>conj> snail	1.0	0.879	taxongroup_comment	Animal__kingdom
nmod<nmod<obj< provide	1.0	0.566	taxongroup_comment	Animal__kingdom
conj<parataxis> Asterias	1.0	0.353	taxongroup_comment	Animal__kingdom
conj<parataxis>appos> forbesi	1.0	0.548	taxongroup_comment	Animal__kingdom
conj<obj<advcl> come	1.0	0.391	taxongroup_comment	Animal__kingdom
obl<nsubj>compound> sea	1.0	0.312	taxongroup_comment	Animal__kingdom
obl<conj>cc> but	1.0	0.387	taxongroup_comment	Animal__kingdom
nmod<amod> wide	1.0	0.762	taxongroup_comment	Animal__kingdom
obj<conj<aux:pass> ...	1.0	0.248	taxongroup_comment	Animal__kingdom
compound<conj<compound> ...	1.0	0.295	taxongroup_comment	Animal__kingdom
obl<acl<nsubj> ...	1.0	0.295	taxongroup_comment	Animal__kingdom
obl<acl<cop> ...	1.0	0.468	taxongroup_comment	Animal__kingdom
nsubj<case> ...	1.0	0.357	taxongroup_comment	Animal__kingdom
obj<conj<nsubj:pass> ...	1.0	0.323	taxongroup_comment	Animal__kingdom
obj<conj<xcomp> ...	1.0	0.117	taxongroup_comment	Animal__kingdom
nmod<conj>compound> ...	1.0	0.507	taxongroup_comment	Animal__kingdom
obl<xcomp<conj< ...	1.0	0.434	taxongroup_comment	Animal__kingdom
obl<xcomp<cc> ...	1.0	0.22	taxongroup_comment	Animal__kingdom
compound<obj<obl> ...	1.0	0.293	taxongroup_comment	Animal__kingdom
compound<nmod>nummod> ...	1.0	0.304	taxongroup_comment	Animal__kingdom
nmod<obl<xcomp< ...	1.0	0.504	taxongroup_comment	Animal__kingdom
obl<ccomp<cop> ...	1.0	0.291	taxongroup_comment	Animal__kingdom
obj<parataxis<nsubj< ...	1.0	0.32	taxongroup_comment	Animal__kingdom
compound< feed	1.0	0.441	taxongroup_comment	Animal__kingdom
nsubj<advcl>obj> it	1.0	0.363	taxongroup_comment	Animal__kingdom
acl> live	1.0	0.731	taxongroup_comment	Animal__kingdom
conj<appos> maena	1.0	0.71	taxongroup_comment	Animal__kingdom
conj<appos>compound> Carcinus	1.0	0.345	taxongroup_comment	Animal__kingdom
conj<conj>amod> green	1.0	0.391	taxongroup_comment	Animal__kingdom
nmod<nmod< jellyfish	1.0	0.583	taxongroup_comment	Animal__kingdom
nsubj<mark> as	1.0	0.459	taxongroup_comment	Animal__kingdom
conj<parataxis> irroratus	1.0	0.29	taxongroup_comment	Animal__kingdom
conj<obj<nsubj> prey	1.0	0.238	taxongroup_comment	Animal__kingdom
conj<obj<advmod> often	1.0	0.963	taxongroup_comment	Animal__kingdom
conj<amod> various	1.0	0.951	taxongroup_comment	Animal__kingdom
conj<conj>compound> Jonah	1.0	0.355	taxongroup_comment	Animal__kingdom
conj<parataxis> borealis	1.0	0.32	taxongroup_comment	Animal__kingdom
conj<conj>compound> rock	1.0	0.557	taxongroup_comment	Animal__kingdom
nsubj<obj>nmod:poss> they	1.0	0.279	taxongroup_comment	Animal__kingdom
nsubj<advcl>mark> though	1.0	0.913	taxongroup_comment	Animal__kingdom
nsubj<advcl> use	1.0	0.846	taxongroup_comment	Animal__kingdom
nmod>conj> star	1.0	0.915	taxongroup_comment	Animal__kingdom
acl:relcl>nsubj>nmod:poss> whose	1.0	0.71	taxongroup_comment	Animal__kingdom
conj<nmod<det> ...	1.0	0.671	taxongroup_comment	Animal__kingdom
compound<compound<acl:relcl> ...	1.0	0.367	taxongroup_comment	Animal__kingdom
nmod<nmod<acl:relcl> ...	1.0	0.3	taxongroup_comment	Animal__kingdom
nsubj:pass<obj>det> ...	1.0	0.446	taxongroup_comment	Animal__kingdom
nsubj:pass<obj> ...	1.0	0.247	taxongroup_comment	Animal__kingdom
nsubj:pass<obj>nmod> ...	1.0	0.373	taxongroup_comment	Animal__kingdom
obj<xcomp>advmod> ...	1.0	0.475	taxongroup_comment	Animal__kingdom
obj<xcomp> ...	1.0	0.47	taxongroup_comment	Animal__kingdom
obj<xcomp>obl> ...	1.0	0.366	taxongroup_comment	Animal__kingdom
obj<conj>cc> ...	1.0	0.378	taxongroup_comment	Animal__kingdom
obj<conj>amod> ...	1.0	0.262	taxongroup_comment	Animal__kingdom
obj<conj> ...	1.0	0.33	taxongroup_comment	Animal__kingdom
obj<conj>acl:relcl> ...	1.0	0.338	taxongroup_comment	Animal__kingdom
nmod<obl<nsubj:pass> ...	1.0	0.505	taxongroup_comment	Animal__kingdom
obl<obl>det> ...	1.0	0.379	taxongroup_comment	Animal__kingdom
obl<acl:relcl<nsubj> ...	1.0	0.144	taxongroup_comment	Animal__kingdom
obl<acl:relcl<cop> ...	1.0	0.397	taxongroup_comment	Animal__kingdom
obl<acl:relcl<det> ...	1.0	0.576	taxongroup_comment	Animal__kingdom
obl<acl:relcl<compound> ...	1.0	0.597	taxongroup_comment	Animal__kingdom
nmod<nsubj:pass<xcomp> ...	1.0	0.441	taxongroup_comment	Animal__kingdom
nsubj<amod>advmod> ...	1.0	0.524	taxongroup_comment	Animal__kingdom
nmod<obl<parataxis> ...	1.0	0.288	taxongroup_comment	Animal__kingdom
conj<nsubj:pass<aux:pass> ...	1.0	0.329	taxongroup_comment	Animal__kingdom
obl<conj<obj> ...	1.0	0.253	taxongroup_comment	Animal__kingdom
conj<nmod<parataxis> ...	1.0	0.564	taxongroup_comment	Animal__kingdom
compound<nsubj<obl> ...	1.0	0.598	taxongroup_comment	Animal__kingdom
conj<discourse> ...	1.0	0.343	taxongroup_comment	Animal__kingdom
conj<acl> ...	1.0	0.304	taxongroup_comment	Animal__kingdom
conj<acl>obl> ...	1.0	0.18	taxongroup_comment	Animal__kingdom
conj<conj>obj> ...	1.0	0.305	taxongroup_comment	Animal__kingdom
compound<obl<xcomp< ...	1.0	0.324	taxongroup_comment	Animal__kingdom
conj<conj>cop> ...	1.0	0.395	taxongroup_comment	Animal__kingdom
conj<conj>nmod> ...	1.0	0.213	taxongroup_comment	Animal__kingdom
obl<discourse> ...	1.0	0.313	taxongroup_comment	Animal__kingdom
obl<conj>cop> ...	1.0	0.191	taxongroup_comment	Animal__kingdom
appos<appos>nummod> ...	1.0	0.278	taxongroup_comment	Animal__kingdom
obl<conj<aux> ...	1.0	0.377	taxongroup_comment	Animal__kingdom
conj<obl<acl:relcl< ...	1.0	0.582	taxongroup_comment	Animal__kingdom
conj<obl<obl> ...	1.0	0.388	taxongroup_comment	Animal__kingdom
obl<conj<ccomp< ...	1.0	0.302	taxongroup_comment	Animal__kingdom
nmod:poss<obj<acl:relcl< ...	1.0	0.329	taxongroup_comment	Animal__kingdom
nmod<nsubj<nsubj> ...	1.0	0.425	taxongroup_comment	Animal__kingdom
conj<obj<acl:relcl< ...	1.0	0.487	taxongroup_comment	Animal__kingdom
nsubj<parataxis>advcl> ...	1.0	0.606	taxongroup_comment	Animal__kingdom
conj<conj>nmod:poss> ...	1.0	0.5	taxongroup_comment	Animal__kingdom
conj<nsubj:pass< ...	1.0	0.475	taxongroup_comment	Animal__kingdom
appos<nummod> ...	1.0	0.545	taxongroup_comment	Animal__kingdom
nsubj<appos>amod> ...	1.0	0.352	taxongroup_comment	Animal__kingdom
acl:relcl>conj>amod> ...	1.0	0.408	taxongroup_comment	Animal__kingdom
conj<acl:relcl<case> ...	1.0	0.336	taxongroup_comment	Animal__kingdom
conj<obj>compound> ...	1.0	0.702	taxongroup_comment	Animal__kingdom
obl<acl:relcl<obj< ...	1.0	0.354	taxongroup_comment	Animal__kingdom
obl<acl:relcl<appos> ...	1.0	0.271	taxongroup_comment	Animal__kingdom
conj<obj<mark> ...	1.0	0.36	taxongroup_comment	Animal__kingdom
obl<acl:relcl<advmod> ...	1.0	0.297	taxongroup_comment	Animal__kingdom
nmod<obj<cc> ...	1.0	0.243	taxongroup_comment	Animal__kingdom
conj<nmod<obl< ...	1.0	0.533	taxongroup_comment	Animal__kingdom
conj<obl<xcomp< ...	1.0	0.274	taxongroup_comment	Animal__kingdom
nmod<conj<det> ...	1.0	0.64	taxongroup_comment	Animal__kingdom
nmod>acl>mark> ...	1.0	0.328	taxongroup_comment	Animal__kingdom
nmod>acl> ...	1.0	0.449	taxongroup_comment	Animal__kingdom
nmod>acl>obj> ...	1.0	0.23	taxongroup_comment	Animal__kingdom
compound<nsubj<cc> ...	1.0	0.246	taxongroup_comment	Animal__kingdom
acl:relcl>nsubj:pass> ...	1.0	0.346	taxongroup_comment	Animal__kingdom
acl:relcl>aux:pass> ...	1.0	0.188	taxongroup_comment	Animal__kingdom
compound<nsubj:pass<obl> ...	1.0	0.183	taxongroup_comment	Animal__kingdom
appos<appos<compound> ...	1.0	0.412	taxongroup_comment	Animal__kingdom
conj<nsubj<obj> ...	1.0	0.709	taxongroup_comment	Animal__kingdom
conj<nsubj<parataxis> ...	1.0	0.315	taxongroup_comment	Animal__kingdom
obl<advcl<advmod> ...	1.0	0.378	taxongroup_comment	Animal__kingdom
obl<obj>conj> ...	1.0	0.272	taxongroup_comment	Animal__kingdom
obl<obj>acl:relcl> ...	1.0	0.472	taxongroup_comment	Animal__kingdom
nsubj<appos>cop> ...	1.0	0.412	taxongroup_comment	Animal__kingdom
nmod<nsubj:pass<advmod> ...	1.0	0.495	taxongroup_comment	Animal__kingdom
compound<nsubj<conj< ...	1.0	0.448	taxongroup_comment	Animal__kingdom
compound<nsubj<acl:relcl< ...	1.0	0.249	taxongroup_comment	Animal__kingdom
flat< ...	1.0	0.289	taxongroup_comment	Animal__kingdom
nsubj<conj>conj> ...	1.0	0.372	taxongroup_comment	Animal__kingdom
nmod<nsubj<acl:relcl> ...	1.0	0.407	taxongroup_comment	Animal__kingdom
obl<conj<det> ...	1.0	0.467	taxongroup_comment	Animal__kingdom
obl<conj<amod> ...	1.0	0.42	taxongroup_comment	Animal__kingdom
obl<conj<compound> ...	1.0	0.377	taxongroup_comment	Animal__kingdom
obl<obl>advmod> ...	1.0	0.431	taxongroup_comment	Animal__kingdom
acl:relcl>obl>appos> ...	1.0	0.283	taxongroup_comment	Animal__kingdom
nsubj<acl:relcl>conj> ...	1.0	0.302	taxongroup_comment	Animal__kingdom
conj>nmod>det> ...	1.0	0.633	taxongroup_comment	Animal__kingdom
conj>nmod>amod> ...	1.0	0.499	taxongroup_comment	Animal__kingdom
conj<nmod<appos> ...	1.0	0.304	taxongroup_comment	Animal__kingdom
conj<nmod<nsubj< ...	1.0	0.532	taxongroup_comment	Animal__kingdom
conj<obl<amod< ...	1.0	0.382	taxongroup_comment	Animal__kingdom
amod>conj>cc> ...	1.0	0.566	taxongroup_comment	Animal__kingdom
nsubj<obl>nmod:poss> ...	1.0	0.325	taxongroup_comment	Animal__kingdom
conj<appos<conj< ...	1.0	0.19	taxongroup_comment	Animal__kingdom
nmod<nmod>appos> ...	1.0	0.239	taxongroup_comment	Animal__kingdom
conj<obl<acl< ...	1.0	0.394	taxongroup_comment	Animal__kingdom
nmod<conj<appos> ...	1.0	0.251	taxongroup_comment	Animal__kingdom
compound<conj<nsubj> ...	1.0	0.423	taxongroup_comment	Animal__kingdom
compound<conj<obl> ...	1.0	0.53	taxongroup_comment	Animal__kingdom
nsubj<compound:prt> ...	1.0	0.459	taxongroup_comment	Animal__kingdom
compound<flat< ...	1.0	0.366	taxongroup_comment	Animal__kingdom
nmod<conj>acl> ...	1.0	0.445	taxongroup_comment	Animal__kingdom
conj>nmod>compound> ...	1.0	0.128	taxongroup_comment	Animal__kingdom
obl<parataxis>nsubj:pass> ...	1.0	0.334	taxongroup_comment	Animal__kingdom
obl<advcl<acl:relcl< ...	1.0	0.405	taxongroup_comment	Animal__kingdom
nmod<acl:relcl<mark> ...	1.0	0.443	taxongroup_comment	Animal__kingdom
nmod<acl:relcl<nsubj> ...	1.0	0.612	taxongroup_comment	Animal__kingdom
nmod<acl:relcl<cop> ...	1.0	0.435	taxongroup_comment	Animal__kingdom
nmod<aux> ...	1.0	0.308	taxongroup_comment	Animal__kingdom
nmod<obl> ...	1.0	0.53	taxongroup_comment	Animal__kingdom
obl<parataxis>aux> ...	1.0	0.237	taxongroup_comment	Animal__kingdom
nmod>nmod>nmod> ...	1.0	0.318	taxongroup_comment	Animal__kingdom
acl:relcl>obl>conj> ...	1.0	0.368	taxongroup_comment	Animal__kingdom
nmod<nsubj<expl> ...	1.0	0.553	taxongroup_comment	Animal__kingdom
obl<conj>amod> ...	1.0	0.449	taxongroup_comment	Animal__kingdom
obl<nsubj>nmod:poss> ...	1.0	0.378	taxongroup_comment	Animal__kingdom
conj<nmod<obj< ...	1.0	0.324	taxongroup_comment	Animal__kingdom
obl<parataxis>advmod> ...	1.0	0.36	taxongroup_comment	Animal__kingdom
obl<parataxis>aux:pass> ...	1.0	0.558	taxongroup_comment	Animal__kingdom
obl<parataxis>xcomp> ...	1.0	0.881	taxongroup_comment	Animal__kingdom
obj<acl:relcl<nmod< ...	1.0	0.409	taxongroup_comment	Animal__kingdom
nsubj:pass<conj>det> ...	1.0	0.481	taxongroup_comment	Animal__kingdom
nsubj:pass<conj>amod> ...	1.0	0.292	taxongroup_comment	Animal__kingdom
obl<advcl>advcl> ...	1.0	0.341	taxongroup_comment	Animal__kingdom
obl<nsubj:pass>det> ...	1.0	0.65	taxongroup_comment	Animal__kingdom
conj>aux:pass> ...	1.0	0.317	taxongroup_comment	Animal__kingdom
conj>xcomp> ...	1.0	0.403	taxongroup_comment	Animal__kingdom
conj>xcomp>obl> ...	1.0	0.147	taxongroup_comment	Animal__kingdom
nsubj:pass<ccomp< ...	1.0	0.472	taxongroup_comment	Animal__kingdom
nsubj:pass<obl>compound> ...	1.0	0.186	taxongroup_comment	Animal__kingdom
nsubj:pass<xcomp>cop> ...	1.0	0.294	taxongroup_comment	Animal__kingdom
nsubj:pass<xcomp>det> ...	1.0	0.29	taxongroup_comment	Animal__kingdom
obj<obj>det> the	1.0	0.469	taxongroup_comment	Animal__kingdom
nsubj:pass<obl>det> the	1.0	0.662	taxongroup_comment	Animal__kingdom
nsubj:pass<obl>case> on	1.0	0.548	taxongroup_comment	Animal__kingdom
nmod<nmod<case> for	1.0	0.408	taxongroup_comment	Animal__kingdom
nsubj:pass<obj>det> a	1.0	0.446	taxongroup_comment	Animal__kingdom
nsubj:pass< consider	1.0	0.349	taxongroup_comment	Animal__kingdom
obj<conj>amod> other	1.0	0.323	taxongroup_comment	Animal__kingdom
obj<conj>cc> and	1.0	0.38	taxongroup_comment	Animal__kingdom
obl<obl>det> the	1.0	0.424	taxongroup_comment	Animal__kingdom
obl<obj> it	1.0	0.597	taxongroup_comment	Animal__kingdom
compound<nsubj<det> the	1.0	0.389	taxongroup_comment	Animal__kingdom
conj<obj< contain	1.0	0.453	taxongroup_comment	Animal__kingdom
conj<obj<nsubj> which	1.0	0.372	taxongroup_comment	Animal__kingdom
obl<conj<aux> can	1.0	0.597	taxongroup_comment	Animal__kingdom
conj<conj>nmod:poss> they	1.0	0.564	taxongroup_comment	Animal__kingdom
conj<nsubj:pass<aux:pass> be	1.0	0.329	taxongroup_comment	Animal__kingdom
nmod<nmod<det> some	1.0	0.691	taxongroup_comment	Animal__kingdom
obl<nsubj:pass> that	1.0	0.773	taxongroup_comment	Animal__kingdom
obl<acl:relcl<det> the	1.0	0.577	taxongroup_comment	Animal__kingdom
obl<acl:relcl<cop> be	1.0	0.397	taxongroup_comment	Animal__kingdom
nmod<obl< know	1.0	0.471	taxongroup_comment	Animal__kingdom
obl<advmod> typically	1.0	0.276	taxongroup_comment	Animal__kingdom
nsubj<nmod>amod> other	1.0	0.434	taxongroup_comment	Animal__kingdom
conj<amod> other	1.0	0.949	taxongroup_comment	Animal__kingdom
obl<advcl<nsubj> which	1.0	0.502	taxongroup_comment	Animal__kingdom
nmod<nmod>det> a	1.0	0.493	taxongroup_comment	Animal__kingdom
obj<acl:relcl<det> the	1.0	0.418	taxongroup_comment	Animal__kingdom
acl:relcl>aux> may	1.0	0.463	taxongroup_comment	Animal__kingdom
nmod>case> from	1.0	1.003	taxongroup_comment	Animal__kingdom
nmod<nsubj< be	1.0	0.775	taxongroup_comment	Animal__kingdom
nmod<nsubj<expl> there	1.0	0.553	taxongroup_comment	Animal__kingdom
appos<appos>nummod> e.g.	1.0	0.278	taxongroup_comment	Animal__kingdom
appos<nsubj< predatory	1.0	0.845	taxongroup_comment	Animal__kingdom
appos<conj> flatworm	1.0	0.553	taxongroup_comment	Animal__kingdom
appos<appos>compound> sea	1.0	0.347	taxongroup_comment	Animal__kingdom
appos<conj> echinoderm	1.0	0.536	taxongroup_comment	Animal__kingdom
appos<conj> ctenophora	1.0	0.503	taxongroup_comment	Animal__kingdom
nummod> e.g.	1.0	0.407	taxongroup_comment	Animal__kingdom
appos<conj> cnidarian	1.0	0.568	taxongroup_comment	Animal__kingdom
appos<conj>amod> most	1.0	0.37	taxongroup_comment	Animal__kingdom
appos< environment	1.0	0.668	taxongroup_comment	Animal__kingdom
appos<compound> marine	1.0	0.801	taxongroup_comment	Animal__kingdom
appos<case> in	1.0	0.826	taxongroup_comment	Animal__kingdom
nmod:poss<obj<nsubj> which	1.0	0.624	taxongroup_comment	Animal__kingdom
obl<conj<mark> that	1.0	0.247	taxongroup_comment	Animal__kingdom
conj<case> for	1.0	0.362	taxongroup_comment	Animal__kingdom
compound<case> as	1.0	0.296	taxongroup_comment	Animal__kingdom
compound<obl<mark> to	1.0	0.716	taxongroup_comment	Animal__kingdom
obj<acl:relcl< turtle	1.0	0.684	taxongroup_comment	Animal__kingdom
conj<conj>cc> but	1.0	0.542	taxongroup_comment	Animal__kingdom
obl<conj>cop> be	1.0	0.191	taxongroup_comment	Animal__kingdom
obl<discourse> Jellyfish	1.0	0.313	taxongroup_comment	Animal__kingdom
nmod<obj< have	1.0	0.748	taxongroup_comment	Animal__kingdom
conj<conj>cop> be	1.0	0.395	taxongroup_comment	Animal__kingdom
obj< make	1.0	0.51	taxongroup_comment	Animal__kingdom
conj<obj>det> the	1.0	0.689	taxongroup_comment	Animal__kingdom
acl:relcl>conj>cc> and	1.0	0.398	taxongroup_comment	Animal__kingdom
nmod>nmod>case> like	1.0	0.69	taxongroup_comment	Animal__kingdom
conj<obj<mark> to	1.0	0.62	taxongroup_comment	Animal__kingdom
obj<advcl>obj> it	1.0	0.394	taxongroup_comment	Animal__kingdom
nsubj<nmod>case> to	1.0	0.29	taxongroup_comment	Animal__kingdom
nsubj<parataxis>advmod> not	1.0	0.331	taxongroup_comment	Animal__kingdom
nmod<nmod<case> include	1.0	0.443	taxongroup_comment	Animal__kingdom
obj< resemble	1.0	0.546	taxongroup_comment	Animal__kingdom
nmod<cc> and	1.0	0.565	taxongroup_comment	Animal__kingdom
nmod<conj<det> the	1.0	0.626	taxongroup_comment	Animal__kingdom
conj<conj>amod> small	1.0	0.551	taxongroup_comment	Animal__kingdom
nmod>acl>mark> to	1.0	0.328	taxongroup_comment	Animal__kingdom
compound<compound<det> the	1.0	0.704	taxongroup_comment	Animal__kingdom
conj<obl<mark> to	1.0	0.51	taxongroup_comment	Animal__kingdom
nmod<obj<cc> and	1.0	0.243	taxongroup_comment	Animal__kingdom
conj<conj> snail	1.0	0.922	taxongroup_comment	Animal__kingdom
conj<nmod<case> in	1.0	0.324	taxongroup_comment	Animal__kingdom
acl:relcl>nsubj:pass> that	1.0	0.381	taxongroup_comment	Animal__kingdom
nsubj<advcl>mark> because	1.0	0.873	taxongroup_comment	Animal__kingdom
nsubj<advmod> however	1.0	1.035	taxongroup_comment	Animal__kingdom
conj<obl<conj> fish	1.0	0.435	taxongroup_comment	Animal__kingdom
conj<conj> barnacle	1.0	0.91	taxongroup_comment	Animal__kingdom
conj<obl<nsubj> turtle	1.0	0.335	taxongroup_comment	Animal__kingdom
nmod<nsubj< grow	1.0	0.717	taxongroup_comment	Animal__kingdom
conj<nsubj< have	1.0	0.401	taxongroup_comment	Animal__kingdom
conj<det> some	1.0	0.568	taxongroup_comment	Animal__kingdom
acl:relcl>aux:pass> be	1.0	0.188	taxongroup_comment	Animal__kingdom
nmod<nmod<obj< include	1.0	0.702	taxongroup_comment	Animal__kingdom
nmod<nmod< side	1.0	0.64	taxongroup_comment	Animal__kingdom
nmod<nmod<case> on	1.0	0.368	taxongroup_comment	Animal__kingdom
nsubj<obl>amod> warm	1.0	0.615	taxongroup_comment	Animal__kingdom
nsubj<appos>cop> be	1.0	0.412	taxongroup_comment	Animal__kingdom
conj<obl<advmod> also	1.0	0.584	taxongroup_comment	Animal__kingdom
nmod<det> any	1.0	0.554	taxongroup_comment	Animal__kingdom
nsubj<conj> find	1.0	0.432	taxongroup_comment	Animal__kingdom
conj<case> as	1.0	0.463	taxongroup_comment	Animal__kingdom
nmod<nsubj>det> a	1.0	0.632	taxongroup_comment	Animal__kingdom
appos>det> the	1.0	0.539	taxongroup_comment	Animal__kingdom
appos> jelly	1.0	0.527	taxongroup_comment	Animal__kingdom
obl<mark> that	1.0	0.705	taxongroup_comment	Animal__kingdom
obl<ccomp<cop> be	1.0	0.291	taxongroup_comment	Animal__kingdom
obl<ccomp<nsubj> it	1.0	0.44	taxongroup_comment	Animal__kingdom
conj<nmod<det> the	1.0	0.703	taxongroup_comment	Animal__kingdom
amod>conj>cc> and	1.0	0.571	taxongroup_comment	Animal__kingdom
nsubj<compound> marine	1.0	0.521	taxongroup_comment	Animal__kingdom
compound<conj<case> on	1.0	0.442	taxongroup_comment	Animal__kingdom
nmod<conj>det> the	1.0	0.36	taxongroup_comment	Animal__kingdom
nmod<conj>acl> grow	1.0	0.37	taxongroup_comment	Animal__kingdom
acl:relcl>nsubj> they	1.0	0.627	taxongroup_comment	Animal__kingdom
nsubj<conj>obj> amount	1.0	0.233	taxongroup_comment	Animal__kingdom
appos> ecology	1.0	0.369	taxongroup_comment	Animal__kingdom
compound>case> to	1.0	0.573	taxongroup_comment	Animal__kingdom
obl<advmod> commonly	1.0	0.362	taxongroup_comment	Animal__kingdom
nsubj<conj> use	1.0	0.307	taxongroup_comment	Animal__kingdom
nsubj<case> in	1.0	0.392	taxongroup_comment	Animal__kingdom
obl<acl<det> a	1.0	0.601	taxongroup_comment	Animal__kingdom
obl<acl<cop> be	1.0	0.468	taxongroup_comment	Animal__kingdom
compound> Pompeii	1.0	0.604	taxongroup_comment	Animal__kingdom
nmod<obl< related	1.0	0.449	taxongroup_comment	Animal__kingdom
nmod> size	1.0	0.606	taxongroup_comment	Animal__kingdom
obj<conj<aux:pass> be	1.0	0.248	taxongroup_comment	Animal__kingdom
nmod<obl< allow	1.0	0.531	taxongroup_comment	Animal__kingdom
nsubj:pass<xcomp>cop> be	1.0	0.294	taxongroup_comment	Animal__kingdom
nsubj<amod> marine	1.0	0.112	taxongroup_comment	Animal__kingdom
obj<obl>case> by	1.0	0.587	taxongroup_comment	Animal__kingdom
obl<nsubj:pass>det> the	1.0	0.663	taxongroup_comment	Animal__kingdom
amod>advmod> most	1.0	0.229	taxongroup_comment	Animal__kingdom
nmod:poss> world	1.0	0.764	taxongroup_comment	Animal__kingdom
acl>obl>case> at	1.0	0.449	taxongroup_comment	Animal__kingdom
conj>aux:pass> be	1.0	0.317	taxongroup_comment	Animal__kingdom
nsubj<mark> because	1.0	0.467	taxongroup_comment	Animal__kingdom
nsubj<obl> tentacle	1.0	0.49	taxongroup_comment	Animal__kingdom
obl<obl>case> with	1.0	0.29	taxongroup_comment	Animal__kingdom
obl<conj>det> the	1.0	0.534	taxongroup_comment	Animal__kingdom
conj< bird	1.0	0.53	taxongroup_comment	Animal__kingdom
conj<nmod< animal	1.0	0.272	taxongroup_comment	Animal__kingdom
nmod<acl:relcl<cop> be	1.0	0.435	taxongroup_comment	Animal__kingdom
obl<advmod> only	1.0	0.24	taxongroup_comment	Animal__kingdom
nmod<compound> body	1.0	0.381	taxongroup_comment	Animal__kingdom
nsubj<advcl>mark> as	1.0	0.911	taxongroup_comment	Animal__kingdom
nsubj<obj>det> this	1.0	0.35	taxongroup_comment	Animal__kingdom
obl<conj<det> a	1.0	0.467	taxongroup_comment	Animal__kingdom
obl<parataxis>aux:pass> be	1.0	0.558	taxongroup_comment	Animal__kingdom
obl<parataxis>aux> can	1.0	0.246	taxongroup_comment	Animal__kingdom
obl<nsubj> animal	1.0	0.83	taxongroup_comment	Animal__kingdom
nsubj:pass<advmod> traditionally	1.0	0.501	taxongroup_comment	Animal__kingdom
obj<acl:relcl< animal	1.0	0.679	taxongroup_comment	Animal__kingdom
obj<acl:relcl<case> of	1.0	0.23	taxongroup_comment	Animal__kingdom
obl<nsubj>amod> few	1.0	0.415	taxongroup_comment	Animal__kingdom
nsubj<obj>nmod:poss> its	1.0	0.252	taxongroup_comment	Animal__kingdom
nmod<case> as	1.0	0.894	taxongroup_comment	Animal__kingdom
nsubj<nmod>compound> phylum	1.0	0.543	taxongroup_comment	Animal__kingdom
nsubj<nmod> Echinodermata	1.0	0.283	taxongroup_comment	Animal__kingdom
nsubj<acl:relcl> include	1.0	0.719	taxongroup_comment	Animal__kingdom
conj>nmod>det> the	1.0	0.633	taxongroup_comment	Animal__kingdom
nmod<compound> water	1.0	0.458	taxongroup_comment	Animal__kingdom
nmod<nmod<det> a	1.0	0.715	taxongroup_comment	Animal__kingdom
conj< starfish	1.0	0.539	taxongroup_comment	Animal__kingdom
nmod<amod> largest	1.0	0.655	taxongroup_comment	Animal__kingdom
conj<obj>det> a	1.0	0.726	taxongroup_comment	Animal__kingdom
conj<compound<cc< lily	1.0	0.284	taxongroup_comment	Animal__kingdom
conj<compound< or	1.0	0.429	taxongroup_comment	Animal__kingdom
conj<conj> cucumber	1.0	0.892	taxongroup_comment	Animal__kingdom
conj<conj>nummod> sand	1.0	0.916	taxongroup_comment	Animal__kingdom
acl:relcl>advmod> not	1.0	0.301	taxongroup_comment	Animal__kingdom
acl:relcl>cop> be	1.0	0.69	taxongroup_comment	Animal__kingdom
nmod<nmod>case> unlike	1.0	0.433	taxongroup_comment	Animal__kingdom
nmod<acl:relcl> have	1.0	0.696	taxongroup_comment	Animal__kingdom
conj<conj>compound> britle	1.0	0.497	taxongroup_comment	Animal__kingdom
nmod<obl< use	1.0	0.587	taxongroup_comment	Animal__kingdom
nmod<obl<advmod> now	1.0	0.382	taxongroup_comment	Animal__kingdom
compound<case> for	1.0	0.295	taxongroup_comment	Animal__kingdom
nsubj<aux> be	1.0	0.573	taxongroup_comment	Animal__kingdom
acl:relcl>obl>det> the	1.0	0.441	taxongroup_comment	Animal__kingdom
acl:relcl>obl>case> on	1.0	0.722	taxongroup_comment	Animal__kingdom
nmod<compound> population	1.0	0.529	taxongroup_comment	Animal__kingdom
nmod<obl<advmod> also	1.0	0.296	taxongroup_comment	Animal__kingdom
obl<nsubj> they	1.0	0.76	taxongroup_comment	Animal__kingdom
obl<mark> when	1.0	0.547	taxongroup_comment	Animal__kingdom
nsubj:pass<advcl>mark> by	1.0	0.41	taxongroup_comment	Animal__kingdom
obl<conj>advmod> so	1.0	0.765	taxongroup_comment	Animal__kingdom
obl<advmod> often	1.0	0.381	taxongroup_comment	Animal__kingdom
obl<advmod> also	1.0	0.32	taxongroup_comment	Animal__kingdom
det> any	1.0	1.279	taxongroup_comment	Animal__kingdom
appos<obl<ccomp< think	1.0	0.5	taxongroup_comment	Animal__kingdom
compound<conj< plant	1.0	0.795	taxongroup_comment	Animal__kingdom
compound<conj<case> of	1.0	0.49	taxongroup_comment	Animal__kingdom
conj>obl>case> in	1.0	0.499	taxongroup_comment	Animal__kingdom
conj>cc> but	1.0	0.878	taxongroup_comment	Animal__kingdom
acl:relcl>conj>cc> or	1.0	0.362	taxongroup_comment	Animal__kingdom
parataxis>obl>case> in	1.0	0.339	taxongroup_comment	Animal__kingdom
conj< plant	1.0	0.518	taxongroup_comment	Animal__kingdom
conj<compound<case> of	1.0	0.301	taxongroup_comment	Animal__kingdom
compound<case> when	1.0	0.331	taxongroup_comment	Animal__kingdom
obj<acl<det> a	1.0	0.685	taxongroup_comment	Animal__kingdom
obj<acl<cop> be	1.0	0.434	taxongroup_comment	Animal__kingdom
obj<advmod> commonly	1.0	0.821	taxongroup_comment	Animal__kingdom
obj<advcl<obl> time	1.0	0.715	taxongroup_comment	Animal__kingdom
obj<advcl<obl> temperatur	1.0	0.558	taxongroup_comment	Animal__kingdom
obj<advcl< thrive	1.0	0.366	taxongroup_comment	Animal__kingdom
obj<advcl<mark> to	1.0	0.287	taxongroup_comment	Animal__kingdom
obj<advcl<xcomp< find	1.0	0.671	taxongroup_comment	Animal__kingdom
nmod>case> on	1.0	0.902	taxongroup_comment	Animal__kingdom
nmod<obj< identify	1.0	0.625	taxongroup_comment	Animal__kingdom
nmod<obj<nsubj> discovery	1.0	0.612	taxongroup_comment	Animal__kingdom
nmod:poss< diet	1.0	0.291	taxongroup_comment	Animal__kingdom
nmod:poss<nmod<det> a	1.0	0.279	taxongroup_comment	Animal__kingdom
nmod<nsubj<mark> as	1.0	0.325	taxongroup_comment	Animal__kingdom
appos<nsubj< make	1.0	0.472	taxongroup_comment	Animal__kingdom
nsubj<obj>compound> body	1.0	0.422	taxongroup_comment	Animal__kingdom
nmod<acl:relcl>cop> be	1.0	0.577	taxongroup_comment	Animal__kingdom
nmod<obj< form	1.0	0.765	taxongroup_comment	Animal__kingdom
nmod>amod> other	1.0	0.566	taxongroup_comment	Animal__kingdom
appos<flat> Ctenophora	1.0	0.295	taxongroup_comment	Animal__kingdom
appos< Cnidaria	1.0	0.691	taxongroup_comment	Animal__kingdom
appos<obl< related	1.0	0.264	taxongroup_comment	Animal__kingdom
appos<obl<advmod> closely	1.0	0.566	taxongroup_comment	Animal__kingdom
appos<obl<nsubj> Calcarea	1.0	0.276	taxongroup_comment	Animal__kingdom
appos<obl<mark> that	1.0	0.579	taxongroup_comment	Animal__kingdom
nsubj<advcl< have	1.0	0.272	taxongroup_comment	Animal__kingdom
nsubj<advcl<nsubj> they	1.0	0.529	taxongroup_comment	Animal__kingdom
compound<nmod:poss> they	1.0	0.401	taxongroup_comment	Animal__kingdom
conj> plant	1.0	1.084	taxongroup_comment	Animal__kingdom
compound<nmod<det> a	1.0	0.325	taxongroup_comment	Animal__kingdom
compound<appos<det> the	1.0	0.202	taxongroup_comment	Animal__kingdom
flat> aurita	1.0	0.148	taxongroup_comment	Animal__kingdom
amod>advmod> as	1.0	0.189	taxongroup_comment	Animal__kingdom
compound<obl< use	1.0	0.829	taxongroup_comment	Animal__kingdom
nmod:poss<case> of	1.0	0.592	taxongroup_comment	Animal__kingdom
appos<cop> be	1.0	0.464	taxongroup_comment	Animal__kingdom
acl:relcl> have	1.0	0.465	taxongroup_comment	Animal__kingdom
amod>advmod> very	1.0	0.215	taxongroup_comment	Animal__kingdom
nmod<obj<nsubj> which	1.0	0.453	taxongroup_comment	Animal__kingdom
nsubj<nmod> species	1.0	0.494	taxongroup_comment	Animal__kingdom
nsubj<nmod>acl:relcl> release	1.0	0.53	taxongroup_comment	Animal__kingdom
nsubj<aux> could	1.0	0.616	taxongroup_comment	Animal__kingdom
obl< see	1.0	0.353	taxongroup_comment	Animal__kingdom
obj<advcl>nsubj> they	1.0	0.453	taxongroup_comment	Animal__kingdom
obj<advmod> sometimes	1.0	0.704	taxongroup_comment	Animal__kingdom
appos<appos>amod> large	1.0	0.458	taxongroup_comment	Animal__kingdom
appos<appos>compound> box	1.0	0.361	taxongroup_comment	Animal__kingdom
obl< catch	1.0	0.371	taxongroup_comment	Animal__kingdom
nmod:poss<obj<cc> and	1.0	0.261	taxongroup_comment	Animal__kingdom
acl>obj>nmod:poss> they	1.0	0.516	taxongroup_comment	Animal__kingdom
compound<acl:relcl>nsubj> that	1.0	0.346	taxongroup_comment	Animal__kingdom
nmod<nummod> three	1.0	0.713	taxongroup_comment	Animal__kingdom
compound<nmod< system	1.0	0.248	taxongroup_comment	Animal__kingdom
nmod<nmod<cc> and	1.0	0.342	taxongroup_comment	Animal__kingdom
conj<nmod<case> of	1.0	0.282	taxongroup_comment	Animal__kingdom
nsubj<obj> which	1.0	0.459	taxongroup_comment	Animal__kingdom
conj<nmod< organisms	1.0	0.433	taxongroup_comment	Animal__kingdom
obj<aux> may	1.0	0.348	taxongroup_comment	Animal__kingdom
nsubj<obl>amod> visual	1.0	0.808	taxongroup_comment	Animal__kingdom
nsubj<obl>det> all	1.0	0.632	taxongroup_comment	Animal__kingdom
acl>obj>det> a	1.0	0.287	taxongroup_comment	Animal__kingdom
acl> produce	1.0	0.783	taxongroup_comment	Animal__kingdom
acl:relcl>obl> range	1.0	0.375	taxongroup_comment	Animal__kingdom
acl:relcl>obl>nmod:poss> they	1.0	0.28	taxongroup_comment	Animal__kingdom
nsubj<advmod> how	1.0	0.988	taxongroup_comment	Animal__kingdom
nsubj<ccomp<cc> and	1.0	0.348	taxongroup_comment	Animal__kingdom
nmod>nmod:poss>case> 's	1.0	0.758	taxongroup_comment	Animal__kingdom
obl<advcl>mark> to	1.0	0.63	taxongroup_comment	Animal__kingdom
obl<acl<cc> and	1.0	0.575	taxongroup_comment	Animal__kingdom
nsubj<advcl>aux> can	1.0	0.349	taxongroup_comment	Animal__kingdom
obl>det> the	1.0	0.273	taxongroup_comment	Animal__kingdom
nsubj<advcl>mark> since	1.0	0.676	taxongroup_comment	Animal__kingdom
nmod<amod> large	1.0	0.749	taxongroup_comment	Animal__kingdom
nsubj<advcl>mark> when	1.0	0.661	taxongroup_comment	Animal__kingdom
nsubj<mark> although	1.0	0.5	taxongroup_comment	Animal__kingdom
obl<aux> be	1.0	0.826	taxongroup_comment	Animal__kingdom
acl> use	1.0	0.793	taxongroup_comment	Animal__kingdom
acl>obj> cell	1.0	0.533	taxongroup_comment	Animal__kingdom
obj<aux> have	1.0	0.351	taxongroup_comment	Animal__kingdom
obj<nsubj> scientist	1.0	0.329	taxongroup_comment	Animal__kingdom
obj<advmod> not	1.0	0.572	taxongroup_comment	Animal__kingdom
obj<obl>det> a	1.0	0.613	taxongroup_comment	Animal__kingdom
nmod<conj<cop> be	1.0	0.474	taxongroup_comment	Animal__kingdom
conj<conj>amod> many	1.0	0.62	taxongroup_comment	Animal__kingdom
advcl>cop> be	1.0	0.335	taxongroup_comment	Animal__kingdom
advcl>mark> although	1.0	0.482	taxongroup_comment	Animal__kingdom
advmod> not	1.0	0.411	taxongroup_comment	Animal__kingdom
conj<obl<aux> will	1.0	0.371	taxongroup_comment	Animal__kingdom
conj<conj> fish	1.0	0.926	taxongroup_comment	Animal__kingdom
nmod<conj>cop> be	1.0	0.615	taxongroup_comment	Animal__kingdom
nsubj<conj> have	1.0	0.314	taxongroup_comment	Animal__kingdom
nsubj<conj>advmod> not	1.0	0.418	taxongroup_comment	Animal__kingdom
xcomp<aux:pass> be	1.0	0.522	taxongroup_comment	Animal__kingdom
obl<xcomp<nsubj> they	1.0	0.818	taxongroup_comment	Animal__kingdom
nmod<nsubj< able	1.0	0.816	taxongroup_comment	Animal__kingdom
obl<xcomp<aux> have	1.0	0.439	taxongroup_comment	Animal__kingdom
compound<case> by	1.0	0.321	taxongroup_comment	Animal__kingdom
nsubj<advcl>obj> they	1.0	0.519	taxongroup_comment	Animal__kingdom
obl<obl>case> on	1.0	0.337	taxongroup_comment	Animal__kingdom
nsubj<advmod> typically	1.0	0.668	taxongroup_comment	Animal__kingdom
nsubj<advcl<cop> be	1.0	0.522	taxongroup_comment	Animal__kingdom
appos> Cubozoa	1.0	0.605	taxongroup_comment	Animal__kingdom
nmod<cc:preconj> either	1.0	0.526	taxongroup_comment	Animal__kingdom
nmod<amod> main	1.0	0.786	taxongroup_comment	Animal__kingdom
nsubj:pass<obl>case> by	1.0	0.556	taxongroup_comment	Animal__kingdom
nsubj:pass<obl>case> to	1.0	0.644	taxongroup_comment	Animal__kingdom
nsubj<advcl<nsubj> fossil	1.0	0.547	taxongroup_comment	Animal__kingdom
nsubj<advmod>advmod> more	1.0	0.381	taxongroup_comment	Animal__kingdom
nsubj<advmod> closely	1.0	0.823	taxongroup_comment	Animal__kingdom
nsubj<obj>det> no	1.0	0.432	taxongroup_comment	Animal__kingdom
nsubj>amod> best	1.0	0.272	taxongroup_comment	Animal__kingdom
acl>obj>acl:relcl> ...	1.0	0.35	taxongroup_comment	Animal__kingdom
case> ...	173.0	0.909	taxongroup_topic	Animal__kingdom
compound> ...	165.0	0.581	taxongroup_topic	Animal__kingdom
conj<conj> ...	134.0	0.906	taxongroup_topic	Animal__kingdom
conj> ...	127.0	1.014	taxongroup_topic	Animal__kingdom
nmod< ...	112.0	0.428	taxongroup_topic	Animal__kingdom
det> ...	107.0	1.25	taxongroup_topic	Animal__kingdom
amod> ...	102.0	1.252	taxongroup_topic	Animal__kingdom
nsubj< ...	98.0	0.766	taxongroup_topic	Animal__kingdom
det> the	71.0	1.274	taxongroup_topic	Animal__kingdom
conj< ...	66.0	0.502	taxongroup_topic	Animal__kingdom
case> of	65.0	0.941	taxongroup_topic	Animal__kingdom
conj>cc> ...	56.0	0.783	taxongroup_topic	Animal__kingdom
obl< ...	52.0	0.365	taxongroup_topic	Animal__kingdom
compound< ...	49.0	0.347	taxongroup_topic	Animal__kingdom
nmod<det> ...	49.0	0.58	taxongroup_topic	Animal__kingdom
conj>cc> and	47.0	0.785	taxongroup_topic	Animal__kingdom
nsubj<cop> ...	46.0	0.665	taxongroup_topic	Animal__kingdom
nsubj<cop> be	45.0	0.67	taxongroup_topic	Animal__kingdom
nmod<amod> ...	43.0	0.678	taxongroup_topic	Animal__kingdom
conj>compound> ...	43.0	0.361	taxongroup_topic	Animal__kingdom
nsubj<obl>case> ...	42.0	0.95	taxongroup_topic	Animal__kingdom
conj<conj>cc> ...	41.0	0.527	taxongroup_topic	Animal__kingdom
compound> box	40.0	0.663	taxongroup_topic	Animal__kingdom
nsubj<obl> ...	40.0	0.296	taxongroup_topic	Animal__kingdom
nsubj<obj> ...	36.0	0.444	taxongroup_topic	Animal__kingdom
conj<conj>cc> and	36.0	0.576	taxongroup_topic	Animal__kingdom
nmod<case> ...	35.0	0.897	taxongroup_topic	Animal__kingdom
compound> sea	35.0	0.699	taxongroup_topic	Animal__kingdom
obj< ...	33.0	0.474	taxongroup_topic	Animal__kingdom
appos> ...	33.0	0.347	taxongroup_topic	Animal__kingdom
nsubj<advmod> ...	31.0	0.886	taxongroup_topic	Animal__kingdom
cc> ...	31.0	0.943	taxongroup_topic	Animal__kingdom
conj<conj>compound> ...	30.0	0.39	taxongroup_topic	Animal__kingdom
appos< ...	29.0	0.503	taxongroup_topic	Animal__kingdom
nsubj<conj> ...	28.0	0.302	taxongroup_topic	Animal__kingdom
nmod<nsubj< ...	28.0	0.668	taxongroup_topic	Animal__kingdom
nsubj<nmod>case> ...	28.0	0.241	taxongroup_topic	Animal__kingdom
conj<case> ...	27.0	0.392	taxongroup_topic	Animal__kingdom
nsubj<nmod> ...	27.0	0.365	taxongroup_topic	Animal__kingdom
conj>compound> sea	25.0	0.392	taxongroup_topic	Animal__kingdom
nmod<det> the	25.0	0.636	taxongroup_topic	Animal__kingdom
conj<conj>amod> ...	22.0	0.472	taxongroup_topic	Animal__kingdom
compound<case> ...	21.0	0.297	taxongroup_topic	Animal__kingdom
cc> and	21.0	0.965	taxongroup_topic	Animal__kingdom
nsubj<conj>cc> ...	21.0	0.592	taxongroup_topic	Animal__kingdom
nsubj<advcl> ...	21.0	0.788	taxongroup_topic	Animal__kingdom
nmod>case> ...	20.0	0.916	taxongroup_topic	Animal__kingdom
nmod<compound> ...	20.0	0.209	taxongroup_topic	Animal__kingdom
nmod> ...	20.0	0.597	taxongroup_topic	Animal__kingdom
appos<appos> ...	19.0	0.127	taxongroup_topic	Animal__kingdom
nsubj<det> ...	19.0	0.377	taxongroup_topic	Animal__kingdom
nsubj<obj>amod> ...	19.0	0.669	taxongroup_topic	Animal__kingdom
obl<nsubj> ...	19.0	0.735	taxongroup_topic	Animal__kingdom
nmod<nmod< ...	18.0	0.542	taxongroup_topic	Animal__kingdom
obj<nsubj> ...	17.0	0.299	taxongroup_topic	Animal__kingdom
obl<advmod> ...	17.0	0.276	taxongroup_topic	Animal__kingdom
conj<obj< ...	17.0	0.325	taxongroup_topic	Animal__kingdom
det> a	17.0	1.284	taxongroup_topic	Animal__kingdom
case>fixed> ...	17.0	0.448	taxongroup_topic	Animal__kingdom
nsubj<amod> ...	16.0	0.157	taxongroup_topic	Animal__kingdom
nsubj<aux> ...	16.0	0.594	taxongroup_topic	Animal__kingdom
conj>amod> ...	16.0	0.222	taxongroup_topic	Animal__kingdom
case> as	16.0	0.982	taxongroup_topic	Animal__kingdom
compound<compound> ...	15.0	0.23	taxongroup_topic	Animal__kingdom
nmod<det> a	15.0	0.569	taxongroup_topic	Animal__kingdom
nsubj<mark> ...	15.0	0.428	taxongroup_topic	Animal__kingdom
nsubj<obj>det> ...	15.0	0.419	taxongroup_topic	Animal__kingdom
conj<amod> ...	15.0	0.867	taxongroup_topic	Animal__kingdom
nsubj<advcl>mark> ...	15.0	0.77	taxongroup_topic	Animal__kingdom
nsubj<obl>amod> ...	15.0	0.709	taxongroup_topic	Animal__kingdom
nsubj< have	15.0	0.821	taxongroup_topic	Animal__kingdom
nmod<obl< ...	15.0	0.362	taxongroup_topic	Animal__kingdom
nsubj<conj>cc> and	14.0	0.565	taxongroup_topic	Animal__kingdom
conj<conj>compound> sea	14.0	0.435	taxongroup_topic	Animal__kingdom
appos<conj> ...	14.0	0.498	taxongroup_topic	Animal__kingdom
compound>nmod> thorn	14.0	0.387	taxongroup_topic	Animal__kingdom
nmod<nmod>case> ...	14.0	0.418	taxongroup_topic	Animal__kingdom
compound> crown	14.0	0.733	taxongroup_topic	Animal__kingdom
nsubj<obl>det> ...	14.0	0.718	taxongroup_topic	Animal__kingdom
nmod<nmod> ...	14.0	0.485	taxongroup_topic	Animal__kingdom
nsubj<nmod>case> of	14.0	0.353	taxongroup_topic	Animal__kingdom
nsubj<det> a	14.0	0.402	taxongroup_topic	Animal__kingdom
compound>nmod> ...	14.0	0.387	taxongroup_topic	Animal__kingdom
compound>nmod>case> ...	14.0	0.639	taxongroup_topic	Animal__kingdom
acl> ...	14.0	0.72	taxongroup_topic	Animal__kingdom
compound>nmod>case> of	14.0	0.639	taxongroup_topic	Animal__kingdom
nmod<nsubj<cop> be	13.0	0.258	taxongroup_topic	Animal__kingdom
case>fixed> as	13.0	0.408	taxongroup_topic	Animal__kingdom
nsubj<obl>case> in	13.0	1.0	taxongroup_topic	Animal__kingdom
appos>compound> ...	13.0	0.489	taxongroup_topic	Animal__kingdom
case> such	13.0	0.927	taxongroup_topic	Animal__kingdom
nmod<nsubj<cop> ...	13.0	0.258	taxongroup_topic	Animal__kingdom
nmod<nsubj> ...	13.0	0.352	taxongroup_topic	Animal__kingdom
conj<nmod< ...	13.0	0.271	taxongroup_topic	Animal__kingdom
compound<amod> ...	13.0	0.382	taxongroup_topic	Animal__kingdom
nsubj<nmod>amod> ...	13.0	0.376	taxongroup_topic	Animal__kingdom
nsubj:pass<aux:pass> be	12.0	0.586	taxongroup_topic	Animal__kingdom
nsubj<obj>det> a	12.0	0.499	taxongroup_topic	Animal__kingdom
compound<det> ...	12.0	0.621	taxongroup_topic	Animal__kingdom
nsubj:pass< ...	12.0	0.261	taxongroup_topic	Animal__kingdom
obl<acl< ...	12.0	0.302	taxongroup_topic	Animal__kingdom
conj<obj<nsubj> ...	12.0	0.209	taxongroup_topic	Animal__kingdom
compound>amod> ...	12.0	0.31	taxongroup_topic	Animal__kingdom
nsubj<obj>nmod> ...	12.0	0.337	taxongroup_topic	Animal__kingdom
compound<nmod< ...	12.0	0.217	taxongroup_topic	Animal__kingdom
nsubj:pass<aux:pass> ...	12.0	0.586	taxongroup_topic	Animal__kingdom
nsubj<advcl>obj> ...	12.0	0.316	taxongroup_topic	Animal__kingdom
nsubj<advcl>nsubj> ...	11.0	0.292	taxongroup_topic	Animal__kingdom
conj<appos<conj> ...	11.0	0.796	taxongroup_topic	Animal__kingdom
case> in	11.0	0.897	taxongroup_topic	Animal__kingdom
nmod<conj< ...	11.0	0.292	taxongroup_topic	Animal__kingdom
conj<obl< ...	11.0	0.432	taxongroup_topic	Animal__kingdom
parataxis<conj> ...	11.0	0.394	taxongroup_topic	Animal__kingdom
conj<compound> ...	11.0	0.356	taxongroup_topic	Animal__kingdom
obl<obl> ...	11.0	0.534	taxongroup_topic	Animal__kingdom
compound> moon	11.0	0.66	taxongroup_topic	Animal__kingdom
obl<obl>case> ...	10.0	0.367	taxongroup_topic	Animal__kingdom
conj<det> ...	10.0	0.586	taxongroup_topic	Animal__kingdom
compound<compound> box	10.0	0.275	taxongroup_topic	Animal__kingdom
case> for	10.0	0.875	taxongroup_topic	Animal__kingdom
conj<nmod<case> ...	10.0	0.251	taxongroup_topic	Animal__kingdom
acl:relcl> ...	10.0	0.41	taxongroup_topic	Animal__kingdom
compound> Aurelia	10.0	0.42	taxongroup_topic	Animal__kingdom
nmod<cop> be	10.0	0.424	taxongroup_topic	Animal__kingdom
nsubj<ccomp< ...	10.0	0.714	taxongroup_topic	Animal__kingdom
nmod<obl<nsubj> ...	10.0	0.329	taxongroup_topic	Animal__kingdom
nmod<cop> ...	10.0	0.287	taxongroup_topic	Animal__kingdom
nmod<nsubj<obl> ...	10.0	0.327	taxongroup_topic	Animal__kingdom
nmod< species	10.0	0.482	taxongroup_topic	Animal__kingdom
nmod<conj> ...	9.0	0.248	taxongroup_topic	Animal__kingdom
case> to	9.0	0.867	taxongroup_topic	Animal__kingdom
nmod>compound> ...	9.0	0.366	taxongroup_topic	Animal__kingdom
case> include	9.0	0.841	taxongroup_topic	Animal__kingdom
obj< include	9.0	0.333	taxongroup_topic	Animal__kingdom
nsubj<acl:relcl> ...	9.0	0.752	taxongroup_topic	Animal__kingdom
acl>obl> ...	9.0	0.524	taxongroup_topic	Animal__kingdom
conj<obj< include	9.0	0.341	taxongroup_topic	Animal__kingdom
nsubj<nmod>det> ...	9.0	0.815	taxongroup_topic	Animal__kingdom
acl>obl>case> ...	9.0	0.475	taxongroup_topic	Animal__kingdom
conj<det> the	9.0	0.632	taxongroup_topic	Animal__kingdom
nmod<obj< ...	9.0	0.629	taxongroup_topic	Animal__kingdom
nmod<nsubj<conj> ...	9.0	0.368	taxongroup_topic	Animal__kingdom
compound<case> of	9.0	0.281	taxongroup_topic	Animal__kingdom
acl:relcl>nsubj> ...	9.0	0.558	taxongroup_topic	Animal__kingdom
nsubj<nmod>compound> ...	9.0	0.507	taxongroup_topic	Animal__kingdom
obj<obl> ...	9.0	0.294	taxongroup_topic	Animal__kingdom
obj<advmod> ...	9.0	0.635	taxongroup_topic	Animal__kingdom
nmod<nsubj<advmod> ...	8.0	0.184	taxongroup_topic	Animal__kingdom
appos<det> the	8.0	0.539	taxongroup_topic	Animal__kingdom
nmod>det> the	8.0	0.68	taxongroup_topic	Animal__kingdom
conj<conj> crab	8.0	0.94	taxongroup_topic	Animal__kingdom
compound<nmod<det> ...	8.0	0.339	taxongroup_topic	Animal__kingdom
nmod<nmod<amod> ...	8.0	0.404	taxongroup_topic	Animal__kingdom
obl<aux:pass> ...	8.0	0.404	taxongroup_topic	Animal__kingdom
nsubj<acl:relcl>nsubj> ...	8.0	0.364	taxongroup_topic	Animal__kingdom
obl<aux:pass> be	8.0	0.404	taxongroup_topic	Animal__kingdom
nmod<case> of	8.0	1.041	taxongroup_topic	Animal__kingdom
nmod<nmod<det> ...	8.0	0.675	taxongroup_topic	Animal__kingdom
obj<obl>case> ...	8.0	0.641	taxongroup_topic	Animal__kingdom
compound<obl< ...	8.0	0.736	taxongroup_topic	Animal__kingdom
nmod>det> ...	8.0	0.76	taxongroup_topic	Animal__kingdom
nsubj<advcl< ...	8.0	0.275	taxongroup_topic	Animal__kingdom
nmod< animal	8.0	0.548	taxongroup_topic	Animal__kingdom
obl<mark> ...	8.0	0.647	taxongroup_topic	Animal__kingdom
nsubj<conj>obj> ...	8.0	0.171	taxongroup_topic	Animal__kingdom
nsubj<conj>obl> ...	8.0	0.344	taxongroup_topic	Animal__kingdom
conj< starfish	8.0	0.539	taxongroup_topic	Animal__kingdom
nmod<conj>cc> ...	8.0	0.134	taxongroup_topic	Animal__kingdom
case> on	8.0	0.953	taxongroup_topic	Animal__kingdom
nsubj<parataxis> ...	8.0	0.188	taxongroup_topic	Animal__kingdom
nmod<cc> ...	8.0	0.527	taxongroup_topic	Animal__kingdom
appos<det> ...	8.0	0.401	taxongroup_topic	Animal__kingdom
appos<nsubj< ...	8.0	0.401	taxongroup_topic	Animal__kingdom
nsubj:pass<obl>case> ...	8.0	0.53	taxongroup_topic	Animal__kingdom
flat> ...	8.0	0.37	taxongroup_topic	Animal__kingdom
amod>advmod> ...	8.0	0.225	taxongroup_topic	Animal__kingdom
compound< species	8.0	0.553	taxongroup_topic	Animal__kingdom
nsubj:pass<obl> ...	8.0	0.34	taxongroup_topic	Animal__kingdom
obj<acl:relcl< ...	8.0	0.567	taxongroup_topic	Animal__kingdom
compound<nmod<det> the	8.0	0.337	taxongroup_topic	Animal__kingdom
appos<nmod> ...	7.0	0.361	taxongroup_topic	Animal__kingdom
nmod<obl<cop> be	7.0	0.503	taxongroup_topic	Animal__kingdom
nsubj> ...	7.0	0.298	taxongroup_topic	Animal__kingdom
obj<obl>det> ...	7.0	0.611	taxongroup_topic	Animal__kingdom
nsubj<obl>nmod> ...	7.0	0.217	taxongroup_topic	Animal__kingdom
nmod<conj>cc> and	7.0	0.162	taxongroup_topic	Animal__kingdom
nsubj<advcl>obl> ...	7.0	0.532	taxongroup_topic	Animal__kingdom
nmod<amod> other	7.0	0.718	taxongroup_topic	Animal__kingdom
appos<nmod>case> ...	7.0	0.427	taxongroup_topic	Animal__kingdom
conj> cucumber	7.0	1.107	taxongroup_topic	Animal__kingdom
nsubj<obj>acl:relcl> ...	7.0	0.754	taxongroup_topic	Animal__kingdom
conj<nmod<amod> ...	7.0	0.31	taxongroup_topic	Animal__kingdom
nmod>case> in	7.0	1.027	taxongroup_topic	Animal__kingdom
appos<appos>compound> ...	7.0	0.259	taxongroup_topic	Animal__kingdom
nmod<nmod<case> ...	7.0	0.315	taxongroup_topic	Animal__kingdom
nmod<obl<cop> ...	7.0	0.503	taxongroup_topic	Animal__kingdom
advmod> ...	7.0	0.401	taxongroup_topic	Animal__kingdom
conj>nmod>conj> ...	7.0	0.677	taxongroup_topic	Animal__kingdom
nsubj<mark> that	7.0	0.471	taxongroup_topic	Animal__kingdom
det> some	7.0	1.323	taxongroup_topic	Animal__kingdom
nmod<appos> ...	7.0	0.152	taxongroup_topic	Animal__kingdom
nsubj<obl>det> the	7.0	0.755	taxongroup_topic	Animal__kingdom
nmod<nmod>amod> ...	7.0	0.451	taxongroup_topic	Animal__kingdom
conj<conj> cucumber	7.0	0.892	taxongroup_topic	Animal__kingdom
obl<obl>amod> ...	7.0	0.198	taxongroup_topic	Animal__kingdom
nsubj<nmod>acl:relcl> ...	7.0	0.285	taxongroup_topic	Animal__kingdom
nsubj<nmod>nummod> ...	7.0	0.27	taxongroup_topic	Animal__kingdom
nmod<nsubj<obj> ...	7.0	0.358	taxongroup_topic	Animal__kingdom
amod> other	7.0	1.396	taxongroup_topic	Animal__kingdom
compound<nsubj< ...	7.0	0.613	taxongroup_topic	Animal__kingdom
appos<amod> ...	7.0	0.54	taxongroup_topic	Animal__kingdom
appos<case> ...	7.0	0.655	taxongroup_topic	Animal__kingdom
conj<parataxis> ...	7.0	0.245	taxongroup_topic	Animal__kingdom
nmod:poss>case> 's	7.0	0.329	taxongroup_topic	Animal__kingdom
nmod<nsubj:pass<obl> ...	7.0	0.415	taxongroup_topic	Animal__kingdom
conj<case> include	7.0	0.461	taxongroup_topic	Animal__kingdom
nmod:poss>case> ...	7.0	0.329	taxongroup_topic	Animal__kingdom
nmod:poss> ...	7.0	0.674	taxongroup_topic	Animal__kingdom
obl<obj> ...	7.0	0.537	taxongroup_topic	Animal__kingdom
conj>cc> or	7.0	0.815	taxongroup_topic	Animal__kingdom
conj<obl<nsubj> ...	7.0	0.353	taxongroup_topic	Animal__kingdom
nsubj<parataxis>obl> ...	6.0	0.553	taxongroup_topic	Animal__kingdom
conj<obj<advmod> ...	6.0	0.996	taxongroup_topic	Animal__kingdom
conj<nsubj> ...	6.0	0.552	taxongroup_topic	Animal__kingdom
obj<nsubj> which	6.0	0.353	taxongroup_topic	Animal__kingdom
nmod<nsubj>det> ...	6.0	0.622	taxongroup_topic	Animal__kingdom
nmod<case> to	6.0	0.877	taxongroup_topic	Animal__kingdom
amod> large	6.0	1.4	taxongroup_topic	Animal__kingdom
appos>amod> ...	6.0	0.441	taxongroup_topic	Animal__kingdom
cc>fixed> ...	6.0	0.233	taxongroup_topic	Animal__kingdom
conj<obl<advmod> ...	6.0	0.446	taxongroup_topic	Animal__kingdom
conj> star	6.0	0.967	taxongroup_topic	Animal__kingdom
nmod<nsubj:pass<aux:pass> be	6.0	0.776	taxongroup_topic	Animal__kingdom
nsubj< animal	6.0	0.793	taxongroup_topic	Animal__kingdom
conj<nsubj< ...	6.0	0.346	taxongroup_topic	Animal__kingdom
appos<conj>cc> ...	6.0	0.715	taxongroup_topic	Animal__kingdom
nmod<nsubj:pass<aux:pass> ...	6.0	0.776	taxongroup_topic	Animal__kingdom
appos<compound> ...	6.0	0.702	taxongroup_topic	Animal__kingdom
nmod:poss>det> the	6.0	0.482	taxongroup_topic	Animal__kingdom
nmod<nsubj:pass< ...	6.0	0.524	taxongroup_topic	Animal__kingdom
conj>det> ...	6.0	0.612	taxongroup_topic	Animal__kingdom
obl<acl<amod> ...	6.0	0.306	taxongroup_topic	Animal__kingdom
conj> urchin	6.0	1.126	taxongroup_topic	Animal__kingdom
obl<cop> be	6.0	0.592	taxongroup_topic	Animal__kingdom
case> by	6.0	0.99	taxongroup_topic	Animal__kingdom
cc> or	6.0	1.069	taxongroup_topic	Animal__kingdom
conj> coral	6.0	1.085	taxongroup_topic	Animal__kingdom
nsubj<advcl<nsubj> ...	6.0	0.342	taxongroup_topic	Animal__kingdom
nsubj<obl>conj> ...	6.0	0.501	taxongroup_topic	Animal__kingdom
obl<nsubj:pass> ...	6.0	0.628	taxongroup_topic	Animal__kingdom
advcl<obj>conj> ...	6.0	0.298	taxongroup_topic	Animal__kingdom
nmod>nmod> ...	6.0	0.426	taxongroup_topic	Animal__kingdom
nsubj<conj>cc> but	6.0	0.653	taxongroup_topic	Animal__kingdom
appos<conj>cc> and	6.0	0.715	taxongroup_topic	Animal__kingdom
nmod<conj<conj> ...	6.0	0.269	taxongroup_topic	Animal__kingdom
nsubj<advmod> also	6.0	0.896	taxongroup_topic	Animal__kingdom
compound< eye	6.0	0.385	taxongroup_topic	Animal__kingdom
nsubj<nmod>det> the	6.0	0.843	taxongroup_topic	Animal__kingdom
nmod<obl<obl> ...	6.0	0.494	taxongroup_topic	Animal__kingdom
nmod<obj<nsubj> ...	6.0	0.385	taxongroup_topic	Animal__kingdom
nmod<acl> ...	6.0	0.545	taxongroup_topic	Animal__kingdom
cop> ...	6.0	0.745	taxongroup_topic	Animal__kingdom
conj<obj<acl:relcl< ...	6.0	0.487	taxongroup_topic	Animal__kingdom
nmod>nmod>case> ...	6.0	0.635	taxongroup_topic	Animal__kingdom
nmod<nmod<obj< ...	6.0	0.554	taxongroup_topic	Animal__kingdom
nmod:poss>det> ...	6.0	0.482	taxongroup_topic	Animal__kingdom
nmod<nmod<nmod> ...	6.0	0.334	taxongroup_topic	Animal__kingdom
obl<cop> ...	6.0	0.592	taxongroup_topic	Animal__kingdom
compound<conj< ...	6.0	0.607	taxongroup_topic	Animal__kingdom
obl<obj>conj> ...	6.0	0.272	taxongroup_topic	Animal__kingdom
cop> be	6.0	0.745	taxongroup_topic	Animal__kingdom
obl<nsubj>det> ...	5.0	0.503	taxongroup_topic	Animal__kingdom
nsubj<conj>nmod> ...	5.0	0.264	taxongroup_topic	Animal__kingdom
conj<nmod<conj> ...	5.0	0.246	taxongroup_topic	Animal__kingdom
conj<appos< ...	5.0	0.297	taxongroup_topic	Animal__kingdom
conj<nmod<nmod< ...	5.0	0.366	taxongroup_topic	Animal__kingdom
nsubj<nmod>nmod> ...	5.0	0.348	taxongroup_topic	Animal__kingdom
conj<conj> crustacean	5.0	0.909	taxongroup_topic	Animal__kingdom
nmod<nmod<det> the	5.0	0.661	taxongroup_topic	Animal__kingdom
acl:relcl>obj> ...	5.0	0.298	taxongroup_topic	Animal__kingdom
conj< fish	5.0	0.538	taxongroup_topic	Animal__kingdom
obl<conj> ...	5.0	0.328	taxongroup_topic	Animal__kingdom
obl<nsubj>amod> ...	5.0	0.309	taxongroup_topic	Animal__kingdom
conj<conj> fish	5.0	0.926	taxongroup_topic	Animal__kingdom
obl<acl:relcl< ...	5.0	0.306	taxongroup_topic	Animal__kingdom
conj<conj> mollusk	5.0	0.913	taxongroup_topic	Animal__kingdom
nsubj<advcl<obl> ...	5.0	0.443	taxongroup_topic	Animal__kingdom
nmod<nmod>case> in	5.0	0.496	taxongroup_topic	Animal__kingdom
obj<obl>det> the	5.0	0.586	taxongroup_topic	Animal__kingdom
nsubj<obj>conj> ...	5.0	0.397	taxongroup_topic	Animal__kingdom
det> these	5.0	1.197	taxongroup_topic	Animal__kingdom
conj>nmod>case> ...	5.0	0.478	taxongroup_topic	Animal__kingdom
obl<aux> ...	5.0	0.745	taxongroup_topic	Animal__kingdom
conj>nmod> ...	5.0	0.296	taxongroup_topic	Animal__kingdom
nsubj<obl>det> a	5.0	0.756	taxongroup_topic	Animal__kingdom
nsubj<conj>advmod> ...	5.0	0.39	taxongroup_topic	Animal__kingdom
nsubj:pass<xcomp>mark> ...	5.0	0.493	taxongroup_topic	Animal__kingdom
nmod>conj> ...	5.0	0.761	taxongroup_topic	Animal__kingdom
parataxis<conj>cc> ...	5.0	0.389	taxongroup_topic	Animal__kingdom
amod> most	5.0	1.397	taxongroup_topic	Animal__kingdom
nmod<obl<advmod> ...	5.0	0.245	taxongroup_topic	Animal__kingdom
conj<parataxis<conj> ...	5.0	0.385	taxongroup_topic	Animal__kingdom
obj<aux> ...	5.0	0.336	taxongroup_topic	Animal__kingdom
conj> anemone	5.0	1.09	taxongroup_topic	Animal__kingdom
obj<conj< ...	5.0	0.193	taxongroup_topic	Animal__kingdom
obj<conj>amod> ...	5.0	0.262	taxongroup_topic	Animal__kingdom
appos<flat> ...	5.0	0.22	taxongroup_topic	Animal__kingdom
nsubj<ccomp<nsubj> ...	5.0	0.377	taxongroup_topic	Animal__kingdom
compound<nmod<obj< ...	5.0	0.312	taxongroup_topic	Animal__kingdom
acl>obj> ...	5.0	0.467	taxongroup_topic	Animal__kingdom
nmod<advmod> ...	5.0	0.434	taxongroup_topic	Animal__kingdom
appos<appos>amod> ...	5.0	0.252	taxongroup_topic	Animal__kingdom
parataxis<conj>cc> and	5.0	0.401	taxongroup_topic	Animal__kingdom
compound>amod> deep	5.0	0.419	taxongroup_topic	Animal__kingdom
nsubj<obl>compound> ...	5.0	0.201	taxongroup_topic	Animal__kingdom
nmod<conj<nsubj> ...	5.0	0.24	taxongroup_topic	Animal__kingdom
nmod<conj<advmod> ...	5.0	0.436	taxongroup_topic	Animal__kingdom
obl<obj>amod> ...	5.0	0.613	taxongroup_topic	Animal__kingdom
nsubj<aux> can	5.0	0.518	taxongroup_topic	Animal__kingdom
cc>compound>conj> ...	5.0	0.307	taxongroup_topic	Animal__kingdom
acl:relcl>obl>case> ...	5.0	0.592	taxongroup_topic	Animal__kingdom
nsubj:pass<xcomp> ...	5.0	0.212	taxongroup_topic	Animal__kingdom
compound>det> ...	5.0	0.755	taxongroup_topic	Animal__kingdom
nsubj:pass<xcomp>mark> to	5.0	0.493	taxongroup_topic	Animal__kingdom
nmod<appos< ...	5.0	0.334	taxongroup_topic	Animal__kingdom
obl<acl<nsubj< ...	5.0	0.351	taxongroup_topic	Animal__kingdom
appos<nsubj<obl> ...	5.0	0.289	taxongroup_topic	Animal__kingdom
nmod<acl>obl> ...	5.0	0.275	taxongroup_topic	Animal__kingdom
nsubj:pass<obl>det> ...	5.0	0.612	taxongroup_topic	Animal__kingdom
compound<det> the	5.0	0.605	taxongroup_topic	Animal__kingdom
nsubj<acl:relcl>nsubj> that	4.0	0.477	taxongroup_topic	Animal__kingdom
conj<case>fixed> as	4.0	0.682	taxongroup_topic	Animal__kingdom
nsubj<obl>case> from	4.0	1.051	taxongroup_topic	Animal__kingdom
appos<appos>flat> ...	4.0	0.423	taxongroup_topic	Animal__kingdom
conj<case> such	4.0	0.45	taxongroup_topic	Animal__kingdom
nsubj<advcl>advmod> ...	4.0	0.567	taxongroup_topic	Animal__kingdom
nmod<nsubj<amod> ...	4.0	0.527	taxongroup_topic	Animal__kingdom
compound<appos> ...	4.0	0.209	taxongroup_topic	Animal__kingdom
nsubj<obl>case> with	4.0	0.993	taxongroup_topic	Animal__kingdom
nsubj<nmod>case> with	4.0	0.278	taxongroup_topic	Animal__kingdom
nmod<nmod>nmod> ...	4.0	0.326	taxongroup_topic	Animal__kingdom
nmod< family	4.0	0.444	taxongroup_topic	Animal__kingdom
compound>compound> ...	4.0	0.69	taxongroup_topic	Animal__kingdom
conj<obj<nsubj> which	4.0	0.372	taxongroup_topic	Animal__kingdom
nsubj:pass<advcl>advmod> ...	4.0	0.299	taxongroup_topic	Animal__kingdom
nsubj<nmod> animal	4.0	0.441	taxongroup_topic	Animal__kingdom
nsubj<xcomp> ...	4.0	0.227	taxongroup_topic	Animal__kingdom
nmod>case> include	4.0	0.895	taxongroup_topic	Animal__kingdom
nmod<nsubj<det> ...	4.0	0.353	taxongroup_topic	Animal__kingdom
nsubj<acl:relcl>obj> ...	4.0	0.421	taxongroup_topic	Animal__kingdom
obl<nsubj>det> the	4.0	0.636	taxongroup_topic	Animal__kingdom
nsubj:pass<advcl>obl> ...	4.0	0.271	taxongroup_topic	Animal__kingdom
nsubj:pass<advcl> ...	4.0	0.557	taxongroup_topic	Animal__kingdom
conj<advmod> ...	4.0	0.447	taxongroup_topic	Animal__kingdom
appos<appos> jellyfish	4.0	0.253	taxongroup_topic	Animal__kingdom
appos<compound>conj> ...	4.0	0.271	taxongroup_topic	Animal__kingdom
nsubj<conj>amod> ...	4.0	0.474	taxongroup_topic	Animal__kingdom
obl<conj>nmod> ...	4.0	0.53	taxongroup_topic	Animal__kingdom
parataxis< ...	4.0	0.301	taxongroup_topic	Animal__kingdom
nmod<nsubj<aux> ...	4.0	0.321	taxongroup_topic	Animal__kingdom
obl<advcl< ...	4.0	0.466	taxongroup_topic	Animal__kingdom
obj<acl:relcl<case> ...	4.0	0.214	taxongroup_topic	Animal__kingdom
nmod<obl<aux:pass> ...	4.0	0.262	taxongroup_topic	Animal__kingdom
nsubj<det> the	4.0	0.4	taxongroup_topic	Animal__kingdom
nmod<nsubj<mark> ...	4.0	0.328	taxongroup_topic	Animal__kingdom
nsubj:pass<conj> ...	4.0	0.415	taxongroup_topic	Animal__kingdom
obl<nsubj:pass>compound> ...	4.0	0.434	taxongroup_topic	Animal__kingdom
nmod<obl<aux:pass> be	4.0	0.262	taxongroup_topic	Animal__kingdom
acl:relcl>obl> ...	4.0	0.313	taxongroup_topic	Animal__kingdom
appos<obj< ...	4.0	0.389	taxongroup_topic	Animal__kingdom
obl<conj< ...	4.0	0.354	taxongroup_topic	Animal__kingdom
appos<conj> Hydrozoa	4.0	0.534	taxongroup_topic	Animal__kingdom
conj>det> the	4.0	0.599	taxongroup_topic	Animal__kingdom
conj<conj>amod> other	4.0	0.613	taxongroup_topic	Animal__kingdom
nmod< group	4.0	0.434	taxongroup_topic	Animal__kingdom
nmod<obj<advmod> ...	4.0	0.268	taxongroup_topic	Animal__kingdom
compound>det> the	4.0	0.732	taxongroup_topic	Animal__kingdom
obj<cc> and	4.0	0.581	taxongroup_topic	Animal__kingdom
conj<case> on	4.0	0.446	taxongroup_topic	Animal__kingdom
conj<obl< feed	4.0	0.454	taxongroup_topic	Animal__kingdom
conj<cop> ...	4.0	0.458	taxongroup_topic	Animal__kingdom
nmod<nsubj<advcl> ...	4.0	0.449	taxongroup_topic	Animal__kingdom
compound<nmod<amod> ...	4.0	0.374	taxongroup_topic	Animal__kingdom
compound<nmod> ...	4.0	0.152	taxongroup_topic	Animal__kingdom
nsubj<ccomp< suggest	4.0	0.747	taxongroup_topic	Animal__kingdom
amod> small	4.0	1.345	taxongroup_topic	Animal__kingdom
conj<cop> be	4.0	0.458	taxongroup_topic	Animal__kingdom
acl>obl>amod> ...	4.0	0.184	taxongroup_topic	Animal__kingdom
compound<det> a	4.0	0.634	taxongroup_topic	Animal__kingdom
nsubj<conj>advcl> ...	4.0	0.269	taxongroup_topic	Animal__kingdom
obj< eat	4.0	0.531	taxongroup_topic	Animal__kingdom
conj<parataxis>compound> cancer	4.0	0.36	taxongroup_topic	Animal__kingdom
compound<appos< ...	4.0	0.581	taxongroup_topic	Animal__kingdom
nsubj<conj>aux> ...	4.0	0.675	taxongroup_topic	Animal__kingdom
acl:relcl>nsubj> which	4.0	0.621	taxongroup_topic	Animal__kingdom
nmod>amod> ...	4.0	0.535	taxongroup_topic	Animal__kingdom
nsubj<nmod>conj> ...	4.0	0.406	taxongroup_topic	Animal__kingdom
obj<cc> ...	4.0	0.526	taxongroup_topic	Animal__kingdom
nsubj<advmod> not	4.0	1.024	taxongroup_topic	Animal__kingdom
nsubj<advcl>cop> ...	4.0	0.311	taxongroup_topic	Animal__kingdom
nmod<det> some	4.0	0.565	taxongroup_topic	Animal__kingdom
nsubj<obl>case> to	4.0	1.022	taxongroup_topic	Animal__kingdom
conj<nmod< animal	4.0	0.272	taxongroup_topic	Animal__kingdom
appos<nsubj<cop> be	4.0	0.443	taxongroup_topic	Animal__kingdom
nsubj>compound> ...	4.0	0.515	taxongroup_topic	Animal__kingdom
compound<nmod>case> ...	4.0	0.831	taxongroup_topic	Animal__kingdom
appos<nsubj<cop> ...	4.0	0.443	taxongroup_topic	Animal__kingdom
conj<parataxis>compound> ...	4.0	0.245	taxongroup_topic	Animal__kingdom
obl<acl<det> ...	4.0	0.586	taxongroup_topic	Animal__kingdom
nsubj<compound> ...	4.0	0.381	taxongroup_topic	Animal__kingdom
conj<case>fixed> ...	4.0	0.686	taxongroup_topic	Animal__kingdom
appos>det> ...	4.0	0.495	taxongroup_topic	Animal__kingdom
nsubj:pass<obl>case> in	4.0	0.483	taxongroup_topic	Animal__kingdom
conj<nmod<obl< ...	4.0	0.533	taxongroup_topic	Animal__kingdom
nsubj<advcl>cop> be	4.0	0.311	taxongroup_topic	Animal__kingdom
conj>amod> other	4.0	0.259	taxongroup_topic	Animal__kingdom
nmod<nummod> ...	4.0	0.718	taxongroup_topic	Animal__kingdom
nmod<nmod<obl< ...	4.0	0.192	taxongroup_topic	Animal__kingdom
appos<nmod<case> ...	4.0	0.358	taxongroup_topic	Animal__kingdom
nsubj<appos> ...	4.0	0.458	taxongroup_topic	Animal__kingdom
nmod<obj<conj< ...	4.0	0.314	taxongroup_topic	Animal__kingdom
conj< jellyfish	4.0	0.537	taxongroup_topic	Animal__kingdom
nmod<nmod<nsubj< ...	3.0	0.381	taxongroup_topic	Animal__kingdom
nmod:poss> lion	3.0	0.799	taxongroup_topic	Animal__kingdom
appos<nmod>case> in	3.0	0.446	taxongroup_topic	Animal__kingdom
appos<nmod>case> of	3.0	0.572	taxongroup_topic	Animal__kingdom
conj<nsubj<cop> ...	3.0	0.33	taxongroup_topic	Animal__kingdom
nsubj:pass<obl>det> a	3.0	0.608	taxongroup_topic	Animal__kingdom
nsubj<amod> large	3.0	0.234	taxongroup_topic	Animal__kingdom
obl<acl<obj< ...	3.0	0.358	taxongroup_topic	Animal__kingdom
obl<aux> have	3.0	0.746	taxongroup_topic	Animal__kingdom
nsubj<aux> may	3.0	0.58	taxongroup_topic	Animal__kingdom
obj<parataxis< ...	3.0	0.365	taxongroup_topic	Animal__kingdom
obl<nsubj>conj> ...	3.0	0.485	taxongroup_topic	Animal__kingdom
obj<conj> ...	3.0	0.33	taxongroup_topic	Animal__kingdom
obj<conj>cc> ...	3.0	0.378	taxongroup_topic	Animal__kingdom
conj<nsubj<cop> be	3.0	0.33	taxongroup_topic	Animal__kingdom
appos<nsubj<obj> ...	3.0	0.305	taxongroup_topic	Animal__kingdom
appos<nmod< ...	3.0	0.626	taxongroup_topic	Animal__kingdom
appos<nmod<nmod< ...	3.0	0.308	taxongroup_topic	Animal__kingdom
obj<obl>case> in	3.0	0.647	taxongroup_topic	Animal__kingdom
acl:relcl>obl>amod> ...	3.0	0.34	taxongroup_topic	Animal__kingdom
nsubj<obj>amod> symbiotic	3.0	0.8	taxongroup_topic	Animal__kingdom
nsubj<obj> relationship	3.0	0.352	taxongroup_topic	Animal__kingdom
nsubj:pass<conj>cc> and	3.0	0.321	taxongroup_topic	Animal__kingdom
conj<nsubj<advmod> ...	3.0	0.209	taxongroup_topic	Animal__kingdom
nsubj<obl>case> as	3.0	1.004	taxongroup_topic	Animal__kingdom
obj<nsubj>compound> ...	3.0	0.41	taxongroup_topic	Animal__kingdom
obj<nsubj>nmod> ...	3.0	0.586	taxongroup_topic	Animal__kingdom
conj<conj> barnacle	3.0	0.91	taxongroup_topic	Animal__kingdom
conj<conj> urchin	3.0	0.902	taxongroup_topic	Animal__kingdom
nsubj<advcl>nsubj> they	3.0	0.341	taxongroup_topic	Animal__kingdom
nmod<nsubj<aux> can	3.0	0.442	taxongroup_topic	Animal__kingdom
nmod:poss>amod> ...	3.0	0.171	taxongroup_topic	Animal__kingdom
nmod<nsubj>det> the	3.0	0.631	taxongroup_topic	Animal__kingdom
cc> as	3.0	0.912	taxongroup_topic	Animal__kingdom
cc>fixed> well	3.0	0.296	taxongroup_topic	Animal__kingdom
nmod<case> in	3.0	1.006	taxongroup_topic	Animal__kingdom
nmod>nmod>compound> ...	3.0	0.383	taxongroup_topic	Animal__kingdom
cc>fixed> as	3.0	0.285	taxongroup_topic	Animal__kingdom
nmod:poss> Nomura	3.0	0.681	taxongroup_topic	Animal__kingdom
compound<conj<appos< Anatomy	3.0	0.205	taxongroup_topic	Animal__kingdom
conj<conj> snail	3.0	0.922	taxongroup_topic	Animal__kingdom
compound<obl<aux:pass> ...	3.0	0.29	taxongroup_topic	Animal__kingdom
conj> insect	3.0	1.081	taxongroup_topic	Animal__kingdom
nmod<cc> and	3.0	0.565	taxongroup_topic	Animal__kingdom
conj<compound> sea	3.0	0.42	taxongroup_topic	Animal__kingdom
obl<conj>cc> ...	3.0	0.393	taxongroup_topic	Animal__kingdom
nsubj>det> the	3.0	0.57	taxongroup_topic	Animal__kingdom
obj<obl>conj> ...	3.0	0.208	taxongroup_topic	Animal__kingdom
conj<case> as	3.0	0.463	taxongroup_topic	Animal__kingdom
obl<conj>det> ...	3.0	0.555	taxongroup_topic	Animal__kingdom
amod> largest	3.0	1.278	taxongroup_topic	Animal__kingdom
obj<conj<nsubj> ...	3.0	0.387	taxongroup_topic	Animal__kingdom
nmod<conj<cop> be	3.0	0.474	taxongroup_topic	Animal__kingdom
nsubj<obj> system	3.0	0.655	taxongroup_topic	Animal__kingdom
obl<conj>cc> and	3.0	0.516	taxongroup_topic	Animal__kingdom
conj<nmod<case> of	3.0	0.282	taxongroup_topic	Animal__kingdom
nsubj:pass<conj>cc> ...	3.0	0.321	taxongroup_topic	Animal__kingdom
compound<obl<aux:pass> be	3.0	0.29	taxongroup_topic	Animal__kingdom
conj< coral	3.0	0.566	taxongroup_topic	Animal__kingdom
nmod<amod> many	3.0	0.648	taxongroup_topic	Animal__kingdom
nsubj<advcl<advcl> ...	3.0	0.143	taxongroup_topic	Animal__kingdom
compound<cc> ...	3.0	0.613	taxongroup_topic	Animal__kingdom
nsubj:pass<aux> have	3.0	0.19	taxongroup_topic	Animal__kingdom
nsubj<acl:relcl>nsubj> which	3.0	0.405	taxongroup_topic	Animal__kingdom
nsubj:pass<aux> ...	3.0	0.211	taxongroup_topic	Animal__kingdom
nsubj<ccomp<aux:pass> be	3.0	0.469	taxongroup_topic	Animal__kingdom
nsubj<ccomp<nsubj:pass> it	3.0	0.305	taxongroup_topic	Animal__kingdom
nsubj<conj>det> ...	3.0	0.335	taxongroup_topic	Animal__kingdom
conj<nsubj<obj> ...	3.0	0.709	taxongroup_topic	Animal__kingdom
conj<appos> ...	3.0	0.344	taxongroup_topic	Animal__kingdom
nsubj<acl:relcl>conj> ...	3.0	0.302	taxongroup_topic	Animal__kingdom
nsubj<parataxis>nsubj> ...	3.0	0.4	taxongroup_topic	Animal__kingdom
nsubj:pass<advcl>obj> ...	3.0	0.362	taxongroup_topic	Animal__kingdom
compound<nsubj<cop> be	3.0	0.428	taxongroup_topic	Animal__kingdom
nmod>conj>cc> and	3.0	0.297	taxongroup_topic	Animal__kingdom
nmod<nmod>det> ...	3.0	0.459	taxongroup_topic	Animal__kingdom
amod> many	3.0	1.352	taxongroup_topic	Animal__kingdom
obj<advcl<mark> ...	3.0	0.284	taxongroup_topic	Animal__kingdom
obj<advcl< ...	3.0	0.284	taxongroup_topic	Animal__kingdom
obl< feed	3.0	0.426	taxongroup_topic	Animal__kingdom
obj<obj> ...	3.0	0.322	taxongroup_topic	Animal__kingdom
appos>conj> ...	3.0	0.409	taxongroup_topic	Animal__kingdom
appos<obj<conj> excludes	3.0	0.365	taxongroup_topic	Animal__kingdom
appos<conj>appos> jellyfish	3.0	0.486	taxongroup_topic	Animal__kingdom
conj>advmod> ...	3.0	0.552	taxongroup_topic	Animal__kingdom
nsubj<obj>compound> ...	3.0	0.294	taxongroup_topic	Animal__kingdom
nsubj<obl>case> for	3.0	0.974	taxongroup_topic	Animal__kingdom
acl:relcl>advmod> ...	3.0	0.307	taxongroup_topic	Animal__kingdom
nmod<conj<cop> ...	3.0	0.474	taxongroup_topic	Animal__kingdom
nsubj<appos>amod> ...	3.0	0.352	taxongroup_topic	Animal__kingdom
nsubj>det> ...	3.0	0.533	taxongroup_topic	Animal__kingdom
nmod<conj<compound> ...	3.0	0.199	taxongroup_topic	Animal__kingdom
case>fixed> to	3.0	0.481	taxongroup_topic	Animal__kingdom
obl<advcl>obj> ...	3.0	0.528	taxongroup_topic	Animal__kingdom
obl<advmod> also	3.0	0.32	taxongroup_topic	Animal__kingdom
conj<obj< contain	3.0	0.453	taxongroup_topic	Animal__kingdom
obl< know	3.0	0.449	taxongroup_topic	Animal__kingdom
obl<advcl> ...	3.0	0.35	taxongroup_topic	Animal__kingdom
conj<nmod<compound> ...	3.0	0.45	taxongroup_topic	Animal__kingdom
nmod<appos>conj> ...	3.0	0.387	taxongroup_topic	Animal__kingdom
nmod<nsubj>amod> ...	3.0	0.239	taxongroup_topic	Animal__kingdom
nsubj<acl:relcl>advmod> ...	3.0	0.479	taxongroup_topic	Animal__kingdom
conj<conj>advmod> ...	3.0	0.573	taxongroup_topic	Animal__kingdom
nsubj<acl:relcl>obl> ...	3.0	0.508	taxongroup_topic	Animal__kingdom
nmod<conj>det> ...	3.0	0.354	taxongroup_topic	Animal__kingdom
nsubj<obj>nummod> ...	3.0	0.298	taxongroup_topic	Animal__kingdom
nsubj<nmod>det> a	3.0	0.789	taxongroup_topic	Animal__kingdom
appos<conj> Cubozoa	3.0	0.509	taxongroup_topic	Animal__kingdom
appos<obl< ...	3.0	0.272	taxongroup_topic	Animal__kingdom
appos< taxa	3.0	0.522	taxongroup_topic	Animal__kingdom
nsubj<advcl<obj> ...	3.0	0.399	taxongroup_topic	Animal__kingdom
nsubj<ccomp<nsubj:pass> ...	3.0	0.305	taxongroup_topic	Animal__kingdom
nsubj<ccomp<aux:pass> ...	3.0	0.469	taxongroup_topic	Animal__kingdom
obl<conj<obl> ...	3.0	0.654	taxongroup_topic	Animal__kingdom
acl:relcl>nsubj> that	3.0	0.635	taxongroup_topic	Animal__kingdom
nmod<nsubj<xcomp> ...	3.0	0.409	taxongroup_topic	Animal__kingdom
parataxis<nsubj> ...	3.0	0.748	taxongroup_topic	Animal__kingdom
nmod<nsubj<det> the	3.0	0.353	taxongroup_topic	Animal__kingdom
nmod<compound>compound> ...	3.0	0.266	taxongroup_topic	Animal__kingdom
nsubj<conj>compound> ...	3.0	0.402	taxongroup_topic	Animal__kingdom
nmod< that	3.0	0.526	taxongroup_topic	Animal__kingdom
nsubj<ccomp<obl> ...	3.0	0.212	taxongroup_topic	Animal__kingdom
conj<conj>nummod> ...	3.0	0.916	taxongroup_topic	Animal__kingdom
compound<obl<conj> ...	3.0	0.291	taxongroup_topic	Animal__kingdom
appos<list> ...	3.0	0.24	taxongroup_topic	Animal__kingdom
nsubj<obj>nmod:poss> ...	3.0	0.261	taxongroup_topic	Animal__kingdom
compound<nsubj<cop> ...	3.0	0.428	taxongroup_topic	Animal__kingdom
obl<acl<det> the	3.0	0.573	taxongroup_topic	Animal__kingdom
obj<acl:relcl<compound> ...	3.0	0.227	taxongroup_topic	Animal__kingdom
nsubj<nmod>compound> phylum	3.0	0.543	taxongroup_topic	Animal__kingdom
nsubj<conj>aux:pass> ...	3.0	0.67	taxongroup_topic	Animal__kingdom
appos<amod> major	3.0	0.781	taxongroup_topic	Animal__kingdom
nmod>conj>cc> ...	3.0	0.262	taxongroup_topic	Animal__kingdom
appos<obj< include	3.0	0.383	taxongroup_topic	Animal__kingdom
nmod<amod>advmod> ...	3.0	0.523	taxongroup_topic	Animal__kingdom
appos<obj<nsubj> subphylum	3.0	0.226	taxongroup_topic	Animal__kingdom
nsubj:pass<advmod> ...	3.0	0.399	taxongroup_topic	Animal__kingdom
appos<advmod> ...	3.0	0.384	taxongroup_topic	Animal__kingdom
nmod<cc>fixed> ...	3.0	0.353	taxongroup_topic	Animal__kingdom
nmod<obl<nsubj:pass> ...	3.0	0.505	taxongroup_topic	Animal__kingdom
amod>conj> ...	3.0	0.163	taxongroup_topic	Animal__kingdom
nsubj<parataxis>aux:pass> ...	3.0	0.5	taxongroup_topic	Animal__kingdom
compound<nmod<case> ...	3.0	0.382	taxongroup_topic	Animal__kingdom
appos<obj<nsubj> ...	3.0	0.32	taxongroup_topic	Animal__kingdom
nmod>nmod>conj> ...	3.0	0.324	taxongroup_topic	Animal__kingdom
appos<conj>appos> ...	3.0	0.486	taxongroup_topic	Animal__kingdom
appos<obj<conj> ...	3.0	0.285	taxongroup_topic	Animal__kingdom
obl<conj<nsubj> ...	3.0	0.578	taxongroup_topic	Animal__kingdom
nmod<conj>compound> ...	3.0	0.507	taxongroup_topic	Animal__kingdom
nmod<conj>amod> ...	3.0	0.208	taxongroup_topic	Animal__kingdom
appos<appos>compound> box	3.0	0.361	taxongroup_topic	Animal__kingdom
appos<appos>conj> ...	3.0	0.378	taxongroup_topic	Animal__kingdom
acl>advmod> ...	3.0	0.509	taxongroup_topic	Animal__kingdom
compound<cc> and	3.0	0.595	taxongroup_topic	Animal__kingdom
conj<obl<conj> ...	3.0	0.304	taxongroup_topic	Animal__kingdom
compound> Pompeii	3.0	0.604	taxongroup_topic	Animal__kingdom
appos< starfish	3.0	0.692	taxongroup_topic	Animal__kingdom
obj<advmod> also	3.0	0.792	taxongroup_topic	Animal__kingdom
obj< call	3.0	0.461	taxongroup_topic	Animal__kingdom
compound<compound< ...	3.0	0.413	taxongroup_topic	Animal__kingdom
det> that	3.0	1.214	taxongroup_topic	Animal__kingdom
compound<conj<appos< ...	3.0	0.228	taxongroup_topic	Animal__kingdom
compound<nsubj<obj> ...	3.0	0.31	taxongroup_topic	Animal__kingdom
compound<conj<nmod> ...	3.0	0.216	taxongroup_topic	Animal__kingdom
conj<obj<advmod> also	3.0	1.049	taxongroup_topic	Animal__kingdom
nsubj:pass<obl>amod> ...	3.0	0.317	taxongroup_topic	Animal__kingdom
obj<advcl>advmod> ...	3.0	0.393	taxongroup_topic	Animal__kingdom
obj<obl>acl> ...	3.0	0.223	taxongroup_topic	Animal__kingdom
nsubj<aux> have	3.0	0.641	taxongroup_topic	Animal__kingdom
nsubj<parataxis>aux:pass> be	3.0	0.5	taxongroup_topic	Animal__kingdom
obj<obl>nmod> ...	3.0	0.147	taxongroup_topic	Animal__kingdom
conj<obj<advcl> ...	3.0	0.266	taxongroup_topic	Animal__kingdom
nsubj:pass<conj>obl> ...	3.0	0.259	taxongroup_topic	Animal__kingdom
nmod<nmod<nmod< ...	3.0	0.21	taxongroup_topic	Animal__kingdom
nsubj<xcomp>obl> ...	3.0	0.425	taxongroup_topic	Animal__kingdom
obj<obl>amod> ...	3.0	0.452	taxongroup_topic	Animal__kingdom
obl< refer	3.0	0.414	taxongroup_topic	Animal__kingdom
obj<xcomp< ...	3.0	0.337	taxongroup_topic	Animal__kingdom
conj<conj>nummod> sand	3.0	0.916	taxongroup_topic	Animal__kingdom
conj<conj>compound> britle	3.0	0.497	taxongroup_topic	Animal__kingdom
nsubj<aux> do	3.0	0.682	taxongroup_topic	Animal__kingdom
appos<nsubj<conj> ...	3.0	0.138	taxongroup_topic	Animal__kingdom
compound<nmod<obj< show	3.0	0.431	taxongroup_topic	Animal__kingdom
compound<compound<amod> ...	3.0	0.638	taxongroup_topic	Animal__kingdom
appos<conj<appos> ...	3.0	0.293	taxongroup_topic	Animal__kingdom
nsubj<nmod> worm	3.0	0.451	taxongroup_topic	Animal__kingdom
nsubj<nmod> species	3.0	0.494	taxongroup_topic	Animal__kingdom
nmod:poss< ...	3.0	0.271	taxongroup_topic	Animal__kingdom
nsubj<advcl>mark> although	3.0	0.931	taxongroup_topic	Animal__kingdom
compound<nmod< distribution	3.0	0.233	taxongroup_topic	Animal__kingdom
acl:relcl>obj>amod> ...	3.0	0.526	taxongroup_topic	Animal__kingdom
nsubj<conj>aux:pass> be	3.0	0.67	taxongroup_topic	Animal__kingdom
conj<compound< or	2.0	0.429	taxongroup_topic	Animal__kingdom
nmod<conj<aux> have	2.0	0.336	taxongroup_topic	Animal__kingdom
compound<flat<list> ...	2.0	0.196	taxongroup_topic	Animal__kingdom
conj<obl<advmod> mainly	2.0	0.501	taxongroup_topic	Animal__kingdom
compound<obl<nsubj> ...	2.0	0.439	taxongroup_topic	Animal__kingdom
compound<flat<appos> ...	2.0	0.31	taxongroup_topic	Animal__kingdom
det> all	2.0	1.223	taxongroup_topic	Animal__kingdom
obl< use	2.0	0.353	taxongroup_topic	Animal__kingdom
nmod<conj<aux:pass> be	2.0	0.473	taxongroup_topic	Animal__kingdom
obj<acl:relcl<appos< ...	2.0	0.534	taxongroup_topic	Animal__kingdom
nsubj>obl>amod> ...	2.0	0.326	taxongroup_topic	Animal__kingdom
obl<compound:prt> ...	2.0	0.332	taxongroup_topic	Animal__kingdom
obl<conj<cop> be	2.0	0.253	taxongroup_topic	Animal__kingdom
nsubj<obl>det> all	2.0	0.632	taxongroup_topic	Animal__kingdom
obl<obl>case> to	2.0	0.364	taxongroup_topic	Animal__kingdom
xcomp>obl>compound> ...	2.0	0.258	taxongroup_topic	Animal__kingdom
nsubj<acl:relcl> have	2.0	0.876	taxongroup_topic	Animal__kingdom
conj<conj>det> the	2.0	0.501	taxongroup_topic	Animal__kingdom
nsubj<obl>case> like	2.0	0.899	taxongroup_topic	Animal__kingdom
nsubj<nmod>case> to	2.0	0.29	taxongroup_topic	Animal__kingdom
appos<nmod>amod> ...	2.0	0.328	taxongroup_topic	Animal__kingdom
conj<compound<cc< lily	2.0	0.284	taxongroup_topic	Animal__kingdom
nsubj:pass<obj> ...	2.0	0.247	taxongroup_topic	Animal__kingdom
nsubj:pass<advcl>mark> ...	2.0	0.531	taxongroup_topic	Animal__kingdom
appos<appos>amod> large	2.0	0.458	taxongroup_topic	Animal__kingdom
conj<compound<cc< ...	2.0	0.284	taxongroup_topic	Animal__kingdom
nmod<obl<conj> ...	2.0	0.323	taxongroup_topic	Animal__kingdom
discourse> ...	2.0	0.242	taxongroup_topic	Animal__kingdom
conj<conj>det> ...	2.0	0.45	taxongroup_topic	Animal__kingdom
conj<obj> ...	2.0	0.238	taxongroup_topic	Animal__kingdom
obl<acl<nmod> ...	2.0	0.358	taxongroup_topic	Animal__kingdom
appos<parataxis>conj> ...	2.0	0.466	taxongroup_topic	Animal__kingdom
parataxis<obj>amod> ...	2.0	0.297	taxongroup_topic	Animal__kingdom
parataxis<obj> ...	2.0	0.332	taxongroup_topic	Animal__kingdom
conj<conj> mollusc	2.0	0.89	taxongroup_topic	Animal__kingdom
nmod<obl< similar	2.0	0.428	taxongroup_topic	Animal__kingdom
appos<parataxis> ...	2.0	0.168	taxongroup_topic	Animal__kingdom
conj<nmod<obj< ...	2.0	0.324	taxongroup_topic	Animal__kingdom
nmod<conj<nsubj:pass> ...	2.0	0.532	taxongroup_topic	Animal__kingdom
obl<acl:relcl<conj> ...	2.0	0.297	taxongroup_topic	Animal__kingdom
nmod<nsubj< able	2.0	0.816	taxongroup_topic	Animal__kingdom
nmod<conj<aux> ...	2.0	0.317	taxongroup_topic	Animal__kingdom
nmod<conj<aux:pass> ...	2.0	0.473	taxongroup_topic	Animal__kingdom
nmod<conj<obl> ...	2.0	0.158	taxongroup_topic	Animal__kingdom
obl<acl<cop> ...	2.0	0.468	taxongroup_topic	Animal__kingdom
conj<obj>amod> ...	2.0	0.499	taxongroup_topic	Animal__kingdom
conj<obj>det> ...	2.0	0.705	taxongroup_topic	Animal__kingdom
nmod<amod> visual	2.0	0.493	taxongroup_topic	Animal__kingdom
nmod<obl<aux> ...	2.0	0.394	taxongroup_topic	Animal__kingdom
conj<acl:relcl< ...	2.0	0.622	taxongroup_topic	Animal__kingdom
nsubj:pass<xcomp>obj> ...	2.0	0.222	taxongroup_topic	Animal__kingdom
nmod<case> as	2.0	0.894	taxongroup_topic	Animal__kingdom
conj<compound< ...	2.0	0.458	taxongroup_topic	Animal__kingdom
nsubj<advcl>ccomp> ...	2.0	0.351	taxongroup_topic	Animal__kingdom
obl<acl<cop> be	2.0	0.468	taxongroup_topic	Animal__kingdom
acl> know	2.0	0.728	taxongroup_topic	Animal__kingdom
obj<nsubj>det> ...	2.0	0.465	taxongroup_topic	Animal__kingdom
nsubj<nmod>nummod> marine	2.0	0.346	taxongroup_topic	Animal__kingdom
obj<nsubj>amod> ...	2.0	0.308	taxongroup_topic	Animal__kingdom
nsubj<ccomp<parataxis> ...	2.0	0.265	taxongroup_topic	Animal__kingdom
acl:relcl>obl>case> in	2.0	0.483	taxongroup_topic	Animal__kingdom
nsubj<ccomp<advmod> ...	2.0	0.46	taxongroup_topic	Animal__kingdom
acl>obl>case> as	2.0	0.442	taxongroup_topic	Animal__kingdom
parataxis<advmod> ...	2.0	0.661	taxongroup_topic	Animal__kingdom
acl>advmod> also	2.0	0.621	taxongroup_topic	Animal__kingdom
obj<conj>nmod> ...	2.0	0.37	taxongroup_topic	Animal__kingdom
conj>compound>compound> ...	2.0	0.346	taxongroup_topic	Animal__kingdom
appos<conj<appos> jellyfish	2.0	0.27	taxongroup_topic	Animal__kingdom
obj<advcl<mark> to	2.0	0.287	taxongroup_topic	Animal__kingdom
appos<conj<nmod> ...	2.0	0.222	taxongroup_topic	Animal__kingdom
nmod<cc:preconj> ...	2.0	0.526	taxongroup_topic	Animal__kingdom
nmod<cc> but	2.0	0.603	taxongroup_topic	Animal__kingdom
compound<nmod<nmod> ...	2.0	0.399	taxongroup_topic	Animal__kingdom
conj< jelly	2.0	0.656	taxongroup_topic	Animal__kingdom
conj<parataxis< ...	2.0	0.543	taxongroup_topic	Animal__kingdom
compound<advmod> ...	2.0	0.497	taxongroup_topic	Animal__kingdom
nsubj<conj>det> the	2.0	0.426	taxongroup_topic	Animal__kingdom
compound<nmod<conj< ...	2.0	0.258	taxongroup_topic	Animal__kingdom
compound<nsubj<conj> ...	2.0	0.589	taxongroup_topic	Animal__kingdom
compound<case> on	2.0	0.325	taxongroup_topic	Animal__kingdom
nsubj<appos>nmod> ...	2.0	0.424	taxongroup_topic	Animal__kingdom
compound<nsubj<obl> ...	2.0	0.598	taxongroup_topic	Animal__kingdom
nmod:poss<obj<nsubj> ...	2.0	0.596	taxongroup_topic	Animal__kingdom
nsubj<nmod>compound> polychaete	2.0	0.545	taxongroup_topic	Animal__kingdom
obj<parataxis<nsubj< ...	2.0	0.32	taxongroup_topic	Animal__kingdom
compound> phylum	2.0	0.676	taxongroup_topic	Animal__kingdom
obl<conj<cop> ...	2.0	0.253	taxongroup_topic	Animal__kingdom
nsubj< live	2.0	0.821	taxongroup_topic	Animal__kingdom
conj<appos<amod> ...	2.0	0.33	taxongroup_topic	Animal__kingdom
nmod>conj>compound> ...	2.0	0.157	taxongroup_topic	Animal__kingdom
nmod<obj<advcl> ...	2.0	0.502	taxongroup_topic	Animal__kingdom
appos< Anthozoa	2.0	0.683	taxongroup_topic	Animal__kingdom
appos<appos>compound> sea	2.0	0.347	taxongroup_topic	Animal__kingdom
nmod<obj<aux> ...	2.0	0.323	taxongroup_topic	Animal__kingdom
discourse> jellyfish	2.0	0.305	taxongroup_topic	Animal__kingdom
appos<appos> jelly	2.0	0.253	taxongroup_topic	Animal__kingdom
acl>obl>det> ...	2.0	0.443	taxongroup_topic	Animal__kingdom
obj<obj>compound> ...	2.0	0.538	taxongroup_topic	Animal__kingdom
nmod<conj<obj> ...	2.0	0.269	taxongroup_topic	Animal__kingdom
obl<obl>det> ...	2.0	0.379	taxongroup_topic	Animal__kingdom
obj<advcl> ...	2.0	0.676	taxongroup_topic	Animal__kingdom
nsubj<acl:relcl> include	2.0	0.719	taxongroup_topic	Animal__kingdom
nsubj<nmod> Echinodermata	2.0	0.283	taxongroup_topic	Animal__kingdom
compound<conj<case> ...	2.0	0.424	taxongroup_topic	Animal__kingdom
compound<conj<nmod< ...	2.0	0.532	taxongroup_topic	Animal__kingdom
obl<nsubj:pass<obl> ...	2.0	0.414	taxongroup_topic	Animal__kingdom
nsubj<conj>case> ...	2.0	0.459	taxongroup_topic	Animal__kingdom
conj<obj<acl< ...	2.0	0.401	taxongroup_topic	Animal__kingdom
appos<obl<cop> ...	2.0	0.705	taxongroup_topic	Animal__kingdom
appos<obl<nsubj> ...	2.0	0.233	taxongroup_topic	Animal__kingdom
appos<obl<mark> ...	2.0	0.586	taxongroup_topic	Animal__kingdom
acl>xcomp>obl> ...	2.0	0.275	taxongroup_topic	Animal__kingdom
obl<advcl<cop> be	2.0	0.642	taxongroup_topic	Animal__kingdom
obj<xcomp<conj> ...	2.0	0.459	taxongroup_topic	Animal__kingdom
obl<mark> for	2.0	0.698	taxongroup_topic	Animal__kingdom
nmod<obj<mark> ...	2.0	0.413	taxongroup_topic	Animal__kingdom
obl<cc> ...	2.0	0.504	taxongroup_topic	Animal__kingdom
nsubj:pass< consider	2.0	0.349	taxongroup_topic	Animal__kingdom
obl<conj<aux> ...	2.0	0.377	taxongroup_topic	Animal__kingdom
nsubj<obl>advmod> ...	2.0	0.328	taxongroup_topic	Animal__kingdom
appos<appos> Scyphozoa	2.0	0.229	taxongroup_topic	Animal__kingdom
nsubj<parataxis< ...	2.0	0.367	taxongroup_topic	Animal__kingdom
nmod:poss<obj< ...	2.0	0.282	taxongroup_topic	Animal__kingdom
obl<obl>case> on	2.0	0.337	taxongroup_topic	Animal__kingdom
nsubj<obl> ancestor	2.0	0.307	taxongroup_topic	Animal__kingdom
nsubj<obl>amod> similar	2.0	0.772	taxongroup_topic	Animal__kingdom
conj>nummod> sand	2.0	0.431	taxongroup_topic	Animal__kingdom
parataxis> ...	2.0	0.252	taxongroup_topic	Animal__kingdom
compound<amod>obl> ...	2.0	0.286	taxongroup_topic	Animal__kingdom
nmod<cc:preconj> either	2.0	0.526	taxongroup_topic	Animal__kingdom
nmod<nmod<det> some	2.0	0.691	taxongroup_topic	Animal__kingdom
parataxis>conj>cc> ...	2.0	0.485	taxongroup_topic	Animal__kingdom
conj<nsubj>det> ...	2.0	0.334	taxongroup_topic	Animal__kingdom
parataxis>conj> ...	2.0	0.226	taxongroup_topic	Animal__kingdom
amod>conj>advmod> ...	2.0	0.544	taxongroup_topic	Animal__kingdom
nsubj<advmod> closely	2.0	0.823	taxongroup_topic	Animal__kingdom
compound>amod> Predatory	2.0	0.306	taxongroup_topic	Animal__kingdom
compound>amod> coral	2.0	0.457	taxongroup_topic	Animal__kingdom
nsubj< evolve	2.0	0.952	taxongroup_topic	Animal__kingdom
conj>nmod>det> ...	2.0	0.633	taxongroup_topic	Animal__kingdom
nsubj:pass<obl>compound> ...	2.0	0.186	taxongroup_topic	Animal__kingdom
compound<obl<nsubj:pass> ...	2.0	0.208	taxongroup_topic	Animal__kingdom
amod>amod> ...	2.0	0.454	taxongroup_topic	Animal__kingdom
amod>conj>cc> ...	2.0	0.566	taxongroup_topic	Animal__kingdom
nmod<compound> water	2.0	0.458	taxongroup_topic	Animal__kingdom
obl<acl:relcl<case> ...	2.0	0.302	taxongroup_topic	Animal__kingdom
appos>compound> Acanthaster	2.0	0.519	taxongroup_topic	Animal__kingdom
obj<aux> be	2.0	0.334	taxongroup_topic	Animal__kingdom
nmod<advcl> ...	2.0	0.271	taxongroup_topic	Animal__kingdom
case> 's	2.0	0.914	taxongroup_topic	Animal__kingdom
nmod<advcl>mark> ...	2.0	0.221	taxongroup_topic	Animal__kingdom
nmod<nmod<acl:relcl> ...	2.0	0.3	taxongroup_topic	Animal__kingdom
obl<compound:prt> down	2.0	0.376	taxongroup_topic	Animal__kingdom
nsubj<advcl<advmod> ...	2.0	0.304	taxongroup_topic	Animal__kingdom
nmod<obj<cc> ...	2.0	0.243	taxongroup_topic	Animal__kingdom
appos<nmod>nmod> ...	2.0	0.25	taxongroup_topic	Animal__kingdom
nsubj<advmod> however	2.0	1.035	taxongroup_topic	Animal__kingdom
nsubj<acl> ...	2.0	0.513	taxongroup_topic	Animal__kingdom
appos<obl<advmod> ...	2.0	0.538	taxongroup_topic	Animal__kingdom
appos<nummod> ...	2.0	0.545	taxongroup_topic	Animal__kingdom
nmod>nmod>case> of	2.0	0.807	taxongroup_topic	Animal__kingdom
appos<conj< ...	2.0	0.291	taxongroup_topic	Animal__kingdom
obl<mark> to	2.0	0.619	taxongroup_topic	Animal__kingdom
obl<obl>case> with	2.0	0.29	taxongroup_topic	Animal__kingdom
nmod<nsubj<ccomp< ...	2.0	0.386	taxongroup_topic	Animal__kingdom
conj>acl>obl> ...	2.0	0.427	taxongroup_topic	Animal__kingdom
conj>acl> ...	2.0	0.413	taxongroup_topic	Animal__kingdom
obl< catch	2.0	0.371	taxongroup_topic	Animal__kingdom
nmod<nmod>case> at	2.0	0.458	taxongroup_topic	Animal__kingdom
nmod<nmod>det> the	2.0	0.432	taxongroup_topic	Animal__kingdom
flat< ...	2.0	0.289	taxongroup_topic	Animal__kingdom
nsubj<acl>obj> ...	2.0	0.324	taxongroup_topic	Animal__kingdom
obj<xcomp<nsubj:pass> coral	2.0	0.399	taxongroup_topic	Animal__kingdom
compound<nmod<case> of	2.0	0.482	taxongroup_topic	Animal__kingdom
obj<obl>acl> take	2.0	0.249	taxongroup_topic	Animal__kingdom
conj>cc>fixed> ...	2.0	0.433	taxongroup_topic	Animal__kingdom
appos<parataxis>obl> ...	2.0	0.377	taxongroup_topic	Animal__kingdom
conj<nmod<det> ...	2.0	0.671	taxongroup_topic	Animal__kingdom
nsubj<parataxis>advcl> ...	2.0	0.606	taxongroup_topic	Animal__kingdom
nsubj<obj>nmod:poss> its	2.0	0.252	taxongroup_topic	Animal__kingdom
nsubj<parataxis>obj> ...	2.0	0.357	taxongroup_topic	Animal__kingdom
compound<nmod>case> of	2.0	0.935	taxongroup_topic	Animal__kingdom
obl<nsubj>appos> ...	2.0	0.331	taxongroup_topic	Animal__kingdom
obj<xcomp<aux:pass> be	2.0	0.38	taxongroup_topic	Animal__kingdom
obj<obl>nmod> photograph	2.0	0.202	taxongroup_topic	Animal__kingdom
obj<obl> time	2.0	0.509	taxongroup_topic	Animal__kingdom
obl<ccomp< ...	2.0	0.312	taxongroup_topic	Animal__kingdom
obj<obl>amod> first	2.0	0.666	taxongroup_topic	Animal__kingdom
obl<ccomp<advmod> ...	2.0	0.557	taxongroup_topic	Animal__kingdom
obj<obl>case> for	2.0	0.642	taxongroup_topic	Animal__kingdom
obj<xcomp< record	2.0	0.17	taxongroup_topic	Animal__kingdom
nmod<nsubj<obl> that	2.0	0.425	taxongroup_topic	Animal__kingdom
appos>nummod> ...	2.0	0.528	taxongroup_topic	Animal__kingdom
compound>amod> female	2.0	0.352	taxongroup_topic	Animal__kingdom
nsubj>amod> ...	2.0	0.2	taxongroup_topic	Animal__kingdom
obj<conj<xcomp> ...	2.0	0.117	taxongroup_topic	Animal__kingdom
nsubj<nmod>acl:relcl> release	2.0	0.53	taxongroup_topic	Animal__kingdom
compound<det> some	2.0	0.646	taxongroup_topic	Animal__kingdom
obl<obl>amod> derive	2.0	0.305	taxongroup_topic	Animal__kingdom
parataxis>conj>cc> and	2.0	0.485	taxongroup_topic	Animal__kingdom
nsubj<ccomp< think	2.0	0.923	taxongroup_topic	Animal__kingdom
acl:relcl>aux> ...	2.0	0.437	taxongroup_topic	Animal__kingdom
appos>nmod> ...	2.0	0.384	taxongroup_topic	Animal__kingdom
appos>nmod>case> ...	2.0	0.274	taxongroup_topic	Animal__kingdom
nsubj<advmod> very	2.0	0.84	taxongroup_topic	Animal__kingdom
compound<case> with	2.0	0.311	taxongroup_topic	Animal__kingdom
acl:relcl>obj> jelly	2.0	0.477	taxongroup_topic	Animal__kingdom
nmod<nsubj>nmod> ...	2.0	0.22	taxongroup_topic	Animal__kingdom
compound<nsubj:pass<aux:pass> be	2.0	0.271	taxongroup_topic	Animal__kingdom
compound<flat< ...	2.0	0.366	taxongroup_topic	Animal__kingdom
nmod<obj<cc> and	2.0	0.243	taxongroup_topic	Animal__kingdom
obj<advcl<obl> ...	2.0	0.549	taxongroup_topic	Animal__kingdom
nmod>compound>compound> ...	2.0	0.237	taxongroup_topic	Animal__kingdom
obj<advcl<xcomp< ...	2.0	0.445	taxongroup_topic	Animal__kingdom
appos>compound>compound> ...	2.0	0.212	taxongroup_topic	Animal__kingdom
nsubj:pass<xcomp>obl> ...	2.0	0.311	taxongroup_topic	Animal__kingdom
nsubj<ccomp>nsubj> ...	2.0	0.342	taxongroup_topic	Animal__kingdom
compound<case> in	2.0	0.317	taxongroup_topic	Animal__kingdom
nmod<ccomp<obl> ...	2.0	0.282	taxongroup_topic	Animal__kingdom
nsubj<obj>appos> ...	2.0	0.489	taxongroup_topic	Animal__kingdom
nmod<nsubj<acl:relcl> ...	2.0	0.407	taxongroup_topic	Animal__kingdom
conj<appos< animal	2.0	0.26	taxongroup_topic	Animal__kingdom
nsubj<nmod>case> over	2.0	0.258	taxongroup_topic	Animal__kingdom
nsubj<mark> while	2.0	0.523	taxongroup_topic	Animal__kingdom
acl:relcl>obj>compound> moon	2.0	0.227	taxongroup_topic	Animal__kingdom
appos> jelly	2.0	0.527	taxongroup_topic	Animal__kingdom
amod>conj>cc> and	2.0	0.571	taxongroup_topic	Animal__kingdom
nmod:poss>compound> ...	2.0	0.368	taxongroup_topic	Animal__kingdom
acl>obl>det> the	2.0	0.445	taxongroup_topic	Animal__kingdom
nmod<acl:relcl> ...	2.0	0.604	taxongroup_topic	Animal__kingdom
nmod<acl:relcl>nsubj> ...	2.0	0.152	taxongroup_topic	Animal__kingdom
compound<nmod<nmod< ...	2.0	0.458	taxongroup_topic	Animal__kingdom
conj<nmod<case> by	2.0	0.293	taxongroup_topic	Animal__kingdom
nmod<obl< related	2.0	0.449	taxongroup_topic	Animal__kingdom
nsubj:pass<obl>det> the	2.0	0.662	taxongroup_topic	Animal__kingdom
appos>flat> ...	2.0	0.226	taxongroup_topic	Animal__kingdom
conj>nummod> ...	2.0	0.669	taxongroup_topic	Animal__kingdom
conj<case> for	2.0	0.362	taxongroup_topic	Animal__kingdom
nsubj<parataxis>advmod> ...	2.0	0.301	taxongroup_topic	Animal__kingdom
conj<conj>amod> many	2.0	0.62	taxongroup_topic	Animal__kingdom
obl<advcl>mark> ...	2.0	0.593	taxongroup_topic	Animal__kingdom
acl>obl>nmod> ...	2.0	0.165	taxongroup_topic	Animal__kingdom
nmod>case> from	2.0	1.003	taxongroup_topic	Animal__kingdom
appos> Cubozoa	2.0	0.605	taxongroup_topic	Animal__kingdom
nsubj<advcl>mark> since	2.0	0.676	taxongroup_topic	Animal__kingdom
appos<nmod>compound> ...	2.0	0.388	taxongroup_topic	Animal__kingdom
nmod<conj>nmod> ...	2.0	0.202	taxongroup_topic	Animal__kingdom
appos> anemone	2.0	0.544	taxongroup_topic	Animal__kingdom
obl<xcomp<nsubj> ...	2.0	0.477	taxongroup_topic	Animal__kingdom
obl<xcomp< ...	2.0	0.772	taxongroup_topic	Animal__kingdom
appos>compound> sea	2.0	0.547	taxongroup_topic	Animal__kingdom
acl> use	2.0	0.793	taxongroup_topic	Animal__kingdom
conj<appos<conj< ...	2.0	0.19	taxongroup_topic	Animal__kingdom
acl>mark> ...	2.0	0.235	taxongroup_topic	Animal__kingdom
appos<nsubj<conj> part	2.0	0.232	taxongroup_topic	Animal__kingdom
acl>obj>det> ...	2.0	0.297	taxongroup_topic	Animal__kingdom
appos<appos> animal	2.0	0.193	taxongroup_topic	Animal__kingdom
acl>obj>acl> ...	2.0	0.299	taxongroup_topic	Animal__kingdom
appos<obl<cop> be	2.0	0.705	taxongroup_topic	Animal__kingdom
compound<nsubj<amod> ...	2.0	0.438	taxongroup_topic	Animal__kingdom
nsubj<ccomp> ...	2.0	0.431	taxongroup_topic	Animal__kingdom
compound<appos<nmod> ...	2.0	0.25	taxongroup_topic	Animal__kingdom
nsubj<obl>amod> other	2.0	0.828	taxongroup_topic	Animal__kingdom
conj>compound> man	2.0	0.287	taxongroup_topic	Animal__kingdom
conj>conj>cc> ...	2.0	0.547	taxongroup_topic	Animal__kingdom
obj<acl:relcl<det> ...	2.0	0.372	taxongroup_topic	Animal__kingdom
nsubj<conj>aux> can	2.0	0.696	taxongroup_topic	Animal__kingdom
parataxis<conj>appos> ...	2.0	0.57	taxongroup_topic	Animal__kingdom
conj<nmod<conj> life	2.0	0.233	taxongroup_topic	Animal__kingdom
obj<acl:relcl< echinoderm	2.0	0.604	taxongroup_topic	Animal__kingdom
conj<parataxis> Asterias	2.0	0.353	taxongroup_topic	Animal__kingdom
conj<parataxis>appos> forbesi	2.0	0.548	taxongroup_topic	Animal__kingdom
nmod:poss>compound> giant	2.0	0.368	taxongroup_topic	Animal__kingdom
nsubj<conj> have	2.0	0.314	taxongroup_topic	Animal__kingdom
appos<nsubj> ...	2.0	0.427	taxongroup_topic	Animal__kingdom
conj<appos>compound> ...	2.0	0.236	taxongroup_topic	Animal__kingdom
conj<appos<appos> ...	2.0	0.31	taxongroup_topic	Animal__kingdom
conj>compound> moon	2.0	0.364	taxongroup_topic	Animal__kingdom
conj<nsubj<parataxis> ...	2.0	0.315	taxongroup_topic	Animal__kingdom
conj<obj<advcl> come	2.0	0.391	taxongroup_topic	Animal__kingdom
conj>conj> ...	2.0	0.188	taxongroup_topic	Animal__kingdom
conj<appos> maena	2.0	0.71	taxongroup_topic	Animal__kingdom
conj<nmod< plant	2.0	0.358	taxongroup_topic	Animal__kingdom
conj<conj>amod> small	2.0	0.551	taxongroup_topic	Animal__kingdom
conj<conj>compound> Jonah	2.0	0.355	taxongroup_topic	Animal__kingdom
nsubj<obl>case> on	2.0	0.98	taxongroup_topic	Animal__kingdom
nsubj<conj>advmod> not	2.0	0.418	taxongroup_topic	Animal__kingdom
conj<parataxis> borealis	2.0	0.32	taxongroup_topic	Animal__kingdom
conj<nmod<nmod< variety	2.0	0.357	taxongroup_topic	Animal__kingdom
nmod>nmod>det> the	2.0	0.281	taxongroup_topic	Animal__kingdom
obl<nsubj> echinoderm	2.0	0.716	taxongroup_topic	Animal__kingdom
nmod>nmod>case> among	2.0	0.712	taxongroup_topic	Animal__kingdom
conj<amod> small	2.0	0.878	taxongroup_topic	Animal__kingdom
conj<parataxis> irroratus	2.0	0.29	taxongroup_topic	Animal__kingdom
obl<nsubj> which	2.0	0.782	taxongroup_topic	Animal__kingdom
compound<amod> different	2.0	0.335	taxongroup_topic	Animal__kingdom
appos<appos>flat> auriof	2.0	0.567	taxongroup_topic	Animal__kingdom
appos<appos> Aurelia	2.0	0.159	taxongroup_topic	Animal__kingdom
conj<conj>amod> green	2.0	0.391	taxongroup_topic	Animal__kingdom
conj<appos>compound> Carcinus	2.0	0.345	taxongroup_topic	Animal__kingdom
appos<nmod> Aurelia	2.0	0.342	taxongroup_topic	Animal__kingdom
appos<nmod<det> the	2.0	0.555	taxongroup_topic	Animal__kingdom
nsubj<parataxis>aux> ...	2.0	0.322	taxongroup_topic	Animal__kingdom
nmod<appos>compound> ...	2.0	0.446	taxongroup_topic	Animal__kingdom
nsubj<mark> since	2.0	0.396	taxongroup_topic	Animal__kingdom
obl<conj>cop> ...	2.0	0.191	taxongroup_topic	Animal__kingdom
conj>amod> large	2.0	0.318	taxongroup_topic	Animal__kingdom
nsubj<nmod>acl:relcl> include	2.0	0.381	taxongroup_topic	Animal__kingdom
nsubj<advcl> have	2.0	0.761	taxongroup_topic	Animal__kingdom
nmod<obl>case> ...	2.0	0.471	taxongroup_topic	Animal__kingdom
conj<nmod<det> the	2.0	0.703	taxongroup_topic	Animal__kingdom
nsubj<advcl>mark> as	2.0	0.911	taxongroup_topic	Animal__kingdom
nsubj<parataxis> have	2.0	0.253	taxongroup_topic	Animal__kingdom
nsubj<parataxis>obj> layer	2.0	0.357	taxongroup_topic	Animal__kingdom
obj<xcomp<nsubj:pass> ...	2.0	0.328	taxongroup_topic	Animal__kingdom
obj<xcomp<aux:pass> ...	2.0	0.38	taxongroup_topic	Animal__kingdom
conj<obj<acl:relcl< echinoderm	2.0	0.547	taxongroup_topic	Animal__kingdom
obj<nsubj> that	2.0	0.369	taxongroup_topic	Animal__kingdom
obj<acl:relcl< animal	2.0	0.679	taxongroup_topic	Animal__kingdom
obj<conj>amod> other	2.0	0.323	taxongroup_topic	Animal__kingdom
conj>appos> ...	2.0	0.172	taxongroup_topic	Animal__kingdom
obj<acl:relcl<case> of	2.0	0.23	taxongroup_topic	Animal__kingdom
conj<conj>amod> common	2.0	0.474	taxongroup_topic	Animal__kingdom
nmod<compound>amod> ...	2.0	0.215	taxongroup_topic	Animal__kingdom
nsubj<nmod>amod> other	2.0	0.434	taxongroup_topic	Animal__kingdom
obl<discourse> ...	2.0	0.313	taxongroup_topic	Animal__kingdom
nmod<nummod> three	2.0	0.713	taxongroup_topic	Animal__kingdom
nsubj<advcl<nsubj:pass> ...	2.0	0.481	taxongroup_topic	Animal__kingdom
nsubj<obl>acl:relcl> ...	2.0	0.415	taxongroup_topic	Animal__kingdom
nsubj<advcl<aux:pass> be	2.0	0.539	taxongroup_topic	Animal__kingdom
nmod>nmod>det> ...	2.0	0.261	taxongroup_topic	Animal__kingdom
obl<discourse> Jellyfish	2.0	0.313	taxongroup_topic	Animal__kingdom
obl<conj>cop> be	2.0	0.191	taxongroup_topic	Animal__kingdom
obj<parataxis<conj> ...	2.0	0.403	taxongroup_topic	Animal__kingdom
obl<conj>det> the	2.0	0.534	taxongroup_topic	Animal__kingdom
nmod<obl<advcl> ...	2.0	0.272	taxongroup_topic	Animal__kingdom
obl<conj>advmod> ...	2.0	0.664	taxongroup_topic	Animal__kingdom
conj<obl<advmod> also	2.0	0.584	taxongroup_topic	Animal__kingdom
nmod<det> another	2.0	0.612	taxongroup_topic	Animal__kingdom
conj<conj> worm	2.0	0.928	taxongroup_topic	Animal__kingdom
nmod<nsubj:pass<conj> ...	2.0	0.688	taxongroup_topic	Animal__kingdom
nsubj<conj>obj> system	2.0	0.328	taxongroup_topic	Animal__kingdom
nsubj<advcl<aux:pass> ...	2.0	0.591	taxongroup_topic	Animal__kingdom
nmod<nmod>case> with	2.0	0.437	taxongroup_topic	Animal__kingdom
acl>obl>case> in	2.0	0.502	taxongroup_topic	Animal__kingdom
conj<obl<obl> ...	2.0	0.388	taxongroup_topic	Animal__kingdom
acl:relcl>obj>compound> ...	2.0	0.196	taxongroup_topic	Animal__kingdom
conj<conj>compound> rock	2.0	0.557	taxongroup_topic	Animal__kingdom
obl<advcl<nsubj> ...	2.0	0.407	taxongroup_topic	Animal__kingdom
obl<obj>compound> ...	2.0	0.248	taxongroup_topic	Animal__kingdom
nummod> ...	2.0	0.426	taxongroup_topic	Animal__kingdom
nmod<compound> feather	2.0	0.486	taxongroup_topic	Animal__kingdom
conj<conj>cc> or	2.0	0.495	taxongroup_topic	Animal__kingdom
amod>obl>case> ...	2.0	0.528	taxongroup_topic	Animal__kingdom
nsubj<advcl>mark> to	2.0	0.773	taxongroup_topic	Animal__kingdom
conj<nsubj< have	2.0	0.401	taxongroup_topic	Animal__kingdom
nmod<case> from	2.0	0.916	taxongroup_topic	Animal__kingdom
amod>obl> ...	2.0	0.242	taxongroup_topic	Animal__kingdom
obj<acl:relcl<det> the	2.0	0.418	taxongroup_topic	Animal__kingdom
appos<appos< ...	2.0	0.608	taxongroup_topic	Animal__kingdom
obl<obj>det> ...	2.0	0.344	taxongroup_topic	Animal__kingdom
compound<nsubj<det> ...	2.0	0.379	taxongroup_topic	Animal__kingdom
nsubj<obj> spine	2.0	0.573	taxongroup_topic	Animal__kingdom
obl<advcl<cop> ...	2.0	0.642	taxongroup_topic	Animal__kingdom
conj>obl>case> ...	2.0	0.509	taxongroup_topic	Animal__kingdom
conj>obl> ...	2.0	0.382	taxongroup_topic	Animal__kingdom
obl<advmod> more	2.0	0.219	taxongroup_topic	Animal__kingdom
nmod<conj>det> the	2.0	0.36	taxongroup_topic	Animal__kingdom
conj<conj>nsubj> ...	2.0	0.21	taxongroup_topic	Animal__kingdom
nmod<nsubj<advcl< ...	2.0	0.498	taxongroup_topic	Animal__kingdom
nsubj< use	2.0	0.762	taxongroup_topic	Animal__kingdom
appos<nmod<det> ...	2.0	0.51	taxongroup_topic	Animal__kingdom
nmod<appos> evolution	2.0	0.428	taxongroup_topic	Animal__kingdom
conj>compound> britle	2.0	0.449	taxongroup_topic	Animal__kingdom
obl<amod<case> ...	2.0	0.381	taxongroup_topic	Animal__kingdom
nmod<obj<advcl> herbivorous	2.0	0.551	taxongroup_topic	Animal__kingdom
conj>conj>cc> and	2.0	0.547	taxongroup_topic	Animal__kingdom
nsubj<conj> find	2.0	0.432	taxongroup_topic	Animal__kingdom
nmod<obj<aux> will	2.0	0.31	taxongroup_topic	Animal__kingdom
nmod<obj<advmod> occasionally	2.0	0.23	taxongroup_topic	Animal__kingdom
nmod<obj< eat	2.0	0.745	taxongroup_topic	Animal__kingdom
nmod<appos>compound> echinoderm	2.0	0.519	taxongroup_topic	Animal__kingdom
acl>mark> to	2.0	0.289	taxongroup_topic	Animal__kingdom
nmod<nmod<case> include	2.0	0.443	taxongroup_topic	Animal__kingdom
obl<amod< ...	2.0	0.296	taxongroup_topic	Animal__kingdom
compound<appos>nmod> ...	2.0	0.406	taxongroup_topic	Animal__kingdom
nmod<nsubj<parataxis> ...	2.0	0.504	taxongroup_topic	Animal__kingdom
conj>nmod>det> the	2.0	0.633	taxongroup_topic	Animal__kingdom
nmod<nsubj< grow	2.0	0.717	taxongroup_topic	Animal__kingdom
nmod<nmod<advmod> ...	2.0	0.359	taxongroup_topic	Animal__kingdom
conj<nsubj> which	2.0	0.677	taxongroup_topic	Animal__kingdom
obj<conj>cc> and	2.0	0.38	taxongroup_topic	Animal__kingdom
conj>compound> animal	2.0	0.385	taxongroup_topic	Animal__kingdom
nsubj:pass<xcomp>amod> ...	2.0	0.372	taxongroup_topic	Animal__kingdom
conj>nmod>case> in	2.0	0.568	taxongroup_topic	Animal__kingdom
nmod<conj<obj< ...	2.0	0.733	taxongroup_topic	Animal__kingdom
nsubj<amod> marine	2.0	0.112	taxongroup_topic	Animal__kingdom
conj<obj<nsubj> prey	2.0	0.238	taxongroup_topic	Animal__kingdom
compound<nsubj:pass<aux:pass> ...	2.0	0.271	taxongroup_topic	Animal__kingdom
conj<obj<advmod> often	2.0	0.963	taxongroup_topic	Animal__kingdom
compound<nsubj:pass< ...	2.0	0.314	taxongroup_topic	Animal__kingdom
obj<acl:relcl<nmod< ...	2.0	0.409	taxongroup_topic	Animal__kingdom
nsubj>conj>compound> ...	2.0	0.58	taxongroup_topic	Animal__kingdom
nmod<nmod<case> in	2.0	0.321	taxongroup_topic	Animal__kingdom
nsubj>conj> ...	2.0	0.377	taxongroup_topic	Animal__kingdom
nmod<appos>advmod> ...	2.0	0.569	taxongroup_topic	Animal__kingdom
nsubj<nmod>amod> few	2.0	0.527	taxongroup_topic	Animal__kingdom
nsubj<obl> current	2.0	0.417	taxongroup_topic	Animal__kingdom
compound<conj<nmod> organism	2.0	0.201	taxongroup_topic	Animal__kingdom
compound<conj< Utility	2.0	0.731	taxongroup_topic	Animal__kingdom
conj<obl>case> ...	2.0	0.576	taxongroup_topic	Animal__kingdom
nsubj<advcl>aux> ...	2.0	0.337	taxongroup_topic	Animal__kingdom
obl<obl>case> in	2.0	0.459	taxongroup_topic	Animal__kingdom
nsubj<compound> marine	2.0	0.521	taxongroup_topic	Animal__kingdom
conj<parataxis>appos> ...	2.0	0.548	taxongroup_topic	Animal__kingdom
conj<obj< call	2.0	0.535	taxongroup_topic	Animal__kingdom
obl<mark> that	2.0	0.705	taxongroup_topic	Animal__kingdom
conj<amod> various	2.0	0.951	taxongroup_topic	Animal__kingdom
conj<conj>obl> ...	2.0	0.481	taxongroup_topic	Animal__kingdom
conj<compound> comb	1.0	0.338	taxongroup_topic	Animal__kingdom
nmod<obj<mark> to	1.0	0.51	taxongroup_topic	Animal__kingdom
nsubj<xcomp>mark> to	1.0	0.374	taxongroup_topic	Animal__kingdom
nsubj<ccomp< be	1.0	0.995	taxongroup_topic	Animal__kingdom
advmod> not	1.0	0.411	taxongroup_topic	Animal__kingdom
advcl>mark> although	1.0	0.482	taxongroup_topic	Animal__kingdom
advcl>cop> be	1.0	0.335	taxongroup_topic	Animal__kingdom
conj<obl<aux> will	1.0	0.371	taxongroup_topic	Animal__kingdom
acl:relcl>cop> ...	1.0	0.69	taxongroup_topic	Animal__kingdom
acl:relcl>case> ...	1.0	0.21	taxongroup_topic	Animal__kingdom
nsubj<obj>nmod:poss> they	1.0	0.279	taxongroup_topic	Animal__kingdom
nmod<conj>cop> be	1.0	0.615	taxongroup_topic	Animal__kingdom
nmod<nmod< jellyfish	1.0	0.583	taxongroup_topic	Animal__kingdom
acl:relcl>det> ...	1.0	0.371	taxongroup_topic	Animal__kingdom
conj<obj<cc> and	1.0	0.357	taxongroup_topic	Animal__kingdom
conj<obj<acl:relcl< animal	1.0	0.46	taxongroup_topic	Animal__kingdom
nmod> Echinodermata	1.0	0.688	taxongroup_topic	Animal__kingdom
conj<obj<nsubj> that	1.0	0.245	taxongroup_topic	Animal__kingdom
conj<nummod> ...	1.0	0.294	taxongroup_topic	Animal__kingdom
conj<obj>det> a	1.0	0.726	taxongroup_topic	Animal__kingdom
nsubj<parataxis>cop> be	1.0	0.483	taxongroup_topic	Animal__kingdom
nmod< number	1.0	0.485	taxongroup_topic	Animal__kingdom
obl<acl:relcl<case> of	1.0	0.265	taxongroup_topic	Animal__kingdom
obl<nsubj> they	1.0	0.76	taxongroup_topic	Animal__kingdom
obl<mark> when	1.0	0.547	taxongroup_topic	Animal__kingdom
conj<appos<nsubj< ...	1.0	0.254	taxongroup_topic	Animal__kingdom
obl<conj>advmod> so	1.0	0.765	taxongroup_topic	Animal__kingdom
obl<advmod> often	1.0	0.381	taxongroup_topic	Animal__kingdom
compound<case> for	1.0	0.295	taxongroup_topic	Animal__kingdom
nmod<obl<advmod> now	1.0	0.382	taxongroup_topic	Animal__kingdom
nsubj:pass<advcl>mark> by	1.0	0.41	taxongroup_topic	Animal__kingdom
nmod<obl< use	1.0	0.587	taxongroup_topic	Animal__kingdom
compound<obl< use	1.0	0.829	taxongroup_topic	Animal__kingdom
obl<nsubj> that	1.0	0.798	taxongroup_topic	Animal__kingdom
acl:relcl>obl>det> the	1.0	0.441	taxongroup_topic	Animal__kingdom
acl:relcl>obl>case> on	1.0	0.722	taxongroup_topic	Animal__kingdom
acl:relcl> feed	1.0	0.542	taxongroup_topic	Animal__kingdom
nmod<compound> population	1.0	0.529	taxongroup_topic	Animal__kingdom
conj<appos<compound> ...	1.0	0.348	taxongroup_topic	Animal__kingdom
nmod<obl<advmod> also	1.0	0.296	taxongroup_topic	Animal__kingdom
nsubj<advcl>conj> ...	1.0	0.237	taxongroup_topic	Animal__kingdom
nsubj<aux> be	1.0	0.573	taxongroup_topic	Animal__kingdom
nsubj<obj>acl> ...	1.0	0.505	taxongroup_topic	Animal__kingdom
obj<xcomp<aux> have	1.0	0.267	taxongroup_topic	Animal__kingdom
acl>obj> cell	1.0	0.533	taxongroup_topic	Animal__kingdom
appos<cop> be	1.0	0.464	taxongroup_topic	Animal__kingdom
appos<acl:relcl>nsubj> which	1.0	0.459	taxongroup_topic	Animal__kingdom
obl<conj>obj> ...	1.0	0.306	taxongroup_topic	Animal__kingdom
compound<acl:relcl>nsubj> that	1.0	0.346	taxongroup_topic	Animal__kingdom
obl< see	1.0	0.353	taxongroup_topic	Animal__kingdom
nmod<case> with	1.0	0.863	taxongroup_topic	Animal__kingdom
nsubj<aux> could	1.0	0.616	taxongroup_topic	Animal__kingdom
nmod:poss<case> of	1.0	0.592	taxongroup_topic	Animal__kingdom
obj<aux:pass> be	1.0	0.62	taxongroup_topic	Animal__kingdom
obj<advmod> sometimes	1.0	0.704	taxongroup_topic	Animal__kingdom
obj<advcl>nsubj> they	1.0	0.453	taxongroup_topic	Animal__kingdom
obj<advcl>cop> be	1.0	0.348	taxongroup_topic	Animal__kingdom
nmod:poss<obj<cc> and	1.0	0.261	taxongroup_topic	Animal__kingdom
obj<nsubj>nmod:poss> ...	1.0	0.343	taxongroup_topic	Animal__kingdom
acl>obj>nmod:poss> they	1.0	0.516	taxongroup_topic	Animal__kingdom
compound<nmod< system	1.0	0.248	taxongroup_topic	Animal__kingdom
nmod<amod> large	1.0	0.749	taxongroup_topic	Animal__kingdom
nsubj<advcl>mark> when	1.0	0.661	taxongroup_topic	Animal__kingdom
nsubj<advcl>nsubj> jellyfish	1.0	0.335	taxongroup_topic	Animal__kingdom
acl> produce	1.0	0.783	taxongroup_topic	Animal__kingdom
acl>obj>det> a	1.0	0.287	taxongroup_topic	Animal__kingdom
conj<obl> ...	1.0	0.214	taxongroup_topic	Animal__kingdom
compound<nsubj<det> a	1.0	0.381	taxongroup_topic	Animal__kingdom
nsubj<advcl>aux> can	1.0	0.349	taxongroup_topic	Animal__kingdom
nmod<nmod<cc> and	1.0	0.342	taxongroup_topic	Animal__kingdom
nmod<obj<nsubj> which	1.0	0.453	taxongroup_topic	Animal__kingdom
amod>advmod> very	1.0	0.215	taxongroup_topic	Animal__kingdom
acl:relcl> have	1.0	0.465	taxongroup_topic	Animal__kingdom
obl>det> the	1.0	0.273	taxongroup_topic	Animal__kingdom
conj<obl>amod> ...	1.0	0.355	taxongroup_topic	Animal__kingdom
obl<acl<cc> and	1.0	0.575	taxongroup_topic	Animal__kingdom
obl<advcl>mark> to	1.0	0.63	taxongroup_topic	Animal__kingdom
nsubj:pass<obl>case> to	1.0	0.644	taxongroup_topic	Animal__kingdom
conj>amod>advmod> ...	1.0	0.478	taxongroup_topic	Animal__kingdom
nsubj:pass<obl>case> by	1.0	0.556	taxongroup_topic	Animal__kingdom
nmod<amod> main	1.0	0.786	taxongroup_topic	Animal__kingdom
appos<nsubj:pass<aux:pass> be	1.0	0.457	taxongroup_topic	Animal__kingdom
nsubj<obj>det> no	1.0	0.432	taxongroup_topic	Animal__kingdom
nsubj<advcl<nsubj> fossil	1.0	0.547	taxongroup_topic	Animal__kingdom
nsubj<advcl<cop> be	1.0	0.522	taxongroup_topic	Animal__kingdom
obj< allow	1.0	0.554	taxongroup_topic	Animal__kingdom
obj<obl>case> to	1.0	0.643	taxongroup_topic	Animal__kingdom
obj<advmod> not	1.0	0.572	taxongroup_topic	Animal__kingdom
obl<aux> be	1.0	0.826	taxongroup_topic	Animal__kingdom
obj<nsubj> scientist	1.0	0.329	taxongroup_topic	Animal__kingdom
obj<aux> have	1.0	0.351	taxongroup_topic	Animal__kingdom
acl>obj>det> the	1.0	0.344	taxongroup_topic	Animal__kingdom
nmod<nsubj:pass<aux> have	1.0	0.383	taxongroup_topic	Animal__kingdom
obj<obl>det> a	1.0	0.613	taxongroup_topic	Animal__kingdom
obj<acl:relcl<nmod> ...	1.0	0.538	taxongroup_topic	Animal__kingdom
obj<acl:relcl<cop> ...	1.0	0.728	taxongroup_topic	Animal__kingdom
nsubj<advcl>obj> they	1.0	0.519	taxongroup_topic	Animal__kingdom
obj<conj<advmod> ...	1.0	0.21	taxongroup_topic	Animal__kingdom
obj<conj<cop> ...	1.0	0.592	taxongroup_topic	Animal__kingdom
nsubj<mark> although	1.0	0.5	taxongroup_topic	Animal__kingdom
compound<case> by	1.0	0.321	taxongroup_topic	Animal__kingdom
nsubj<advmod>advmod> more	1.0	0.381	taxongroup_topic	Animal__kingdom
nsubj>amod> best	1.0	0.272	taxongroup_topic	Animal__kingdom
nsubj<advmod> typically	1.0	0.668	taxongroup_topic	Animal__kingdom
xcomp<aux:pass> be	1.0	0.522	taxongroup_topic	Animal__kingdom
obl<xcomp<nsubj> they	1.0	0.818	taxongroup_topic	Animal__kingdom
obl<xcomp<aux> have	1.0	0.439	taxongroup_topic	Animal__kingdom
obj<acl:relcl<nsubj> ...	1.0	0.556	taxongroup_topic	Animal__kingdom
conj<nsubj<mark> ...	1.0	0.411	taxongroup_topic	Animal__kingdom
conj<nsubj<advcl< ...	1.0	0.213	taxongroup_topic	Animal__kingdom
conj<obl<cop> be	1.0	0.412	taxongroup_topic	Animal__kingdom
nsubj:pass<advcl>cop> ...	1.0	0.437	taxongroup_topic	Animal__kingdom
acl:relcl>conj> ...	1.0	0.451	taxongroup_topic	Animal__kingdom
acl:relcl>conj>amod> ...	1.0	0.408	taxongroup_topic	Animal__kingdom
acl:relcl>conj>cc> ...	1.0	0.381	taxongroup_topic	Animal__kingdom
acl:relcl>obj>det> ...	1.0	0.189	taxongroup_topic	Animal__kingdom
obj<advcl>obj> ...	1.0	0.401	taxongroup_topic	Animal__kingdom
obl<conj<det> ...	1.0	0.467	taxongroup_topic	Animal__kingdom
obl<conj<amod> ...	1.0	0.42	taxongroup_topic	Animal__kingdom
obl<conj<compound> ...	1.0	0.377	taxongroup_topic	Animal__kingdom
obl<obl>nmod> ...	1.0	0.483	taxongroup_topic	Animal__kingdom
obj<conj<amod> ...	1.0	0.607	taxongroup_topic	Animal__kingdom
obj<conj<det> ...	1.0	0.245	taxongroup_topic	Animal__kingdom
nmod>conj>det> ...	1.0	0.253	taxongroup_topic	Animal__kingdom
obj<conj<obj> ...	1.0	0.473	taxongroup_topic	Animal__kingdom
nsubj<parataxis>nsubj:pass> ...	1.0	0.441	taxongroup_topic	Animal__kingdom
nsubj:pass<advcl>nsubj> ...	1.0	0.147	taxongroup_topic	Animal__kingdom
obl<acl:relcl<obj< ...	1.0	0.354	taxongroup_topic	Animal__kingdom
conj<obj>compound> ...	1.0	0.702	taxongroup_topic	Animal__kingdom
conj<nmod<nmod> ...	1.0	0.294	taxongroup_topic	Animal__kingdom
conj<acl:relcl<case> ...	1.0	0.336	taxongroup_topic	Animal__kingdom
obl<conj<nsubj:pass> ...	1.0	0.385	taxongroup_topic	Animal__kingdom
nmod<nsubj<nmod> ...	1.0	0.505	taxongroup_topic	Animal__kingdom
nsubj<ccomp<advcl< ...	1.0	0.45	taxongroup_topic	Animal__kingdom
nmod<nsubj<conj< ...	1.0	0.457	taxongroup_topic	Animal__kingdom
nmod<nsubj:pass<advmod> ...	1.0	0.495	taxongroup_topic	Animal__kingdom
nmod<nsubj<cc> ...	1.0	0.31	taxongroup_topic	Animal__kingdom
compound<appos<appos< ...	1.0	0.435	taxongroup_topic	Animal__kingdom
compound<obl<ccomp< ...	1.0	0.443	taxongroup_topic	Animal__kingdom
compound<obl<obj> ...	1.0	0.372	taxongroup_topic	Animal__kingdom
nsubj<ccomp<parataxis< ...	1.0	0.491	taxongroup_topic	Animal__kingdom
nsubj<appos>cop> ...	1.0	0.412	taxongroup_topic	Animal__kingdom
conj<parataxis<nsubj> ...	1.0	0.392	taxongroup_topic	Animal__kingdom
obl<obj>acl:relcl> ...	1.0	0.472	taxongroup_topic	Animal__kingdom
nmod<nmod>compound> ...	1.0	0.295	taxongroup_topic	Animal__kingdom
obl<acl<xcomp< ...	1.0	0.318	taxongroup_topic	Animal__kingdom
obl<acl<mark> ...	1.0	0.44	taxongroup_topic	Animal__kingdom
obl<obj>nmod> ...	1.0	0.278	taxongroup_topic	Animal__kingdom
nmod<conj<amod> ...	1.0	0.355	taxongroup_topic	Animal__kingdom
obj<mark> ...	1.0	0.507	taxongroup_topic	Animal__kingdom
appos<obl<obl> ...	1.0	0.198	taxongroup_topic	Animal__kingdom
obl<conj<aux:pass> ...	1.0	0.601	taxongroup_topic	Animal__kingdom
nmod<obj<obl> ...	1.0	0.359	taxongroup_topic	Animal__kingdom
nmod<obj<acl:relcl> ...	1.0	0.61	taxongroup_topic	Animal__kingdom
conj>nmod>nmod:poss> ...	1.0	0.28	taxongroup_topic	Animal__kingdom
nmod<obj<conj> ...	1.0	0.197	taxongroup_topic	Animal__kingdom
acl>xcomp>mark> ...	1.0	0.667	taxongroup_topic	Animal__kingdom
acl>xcomp> ...	1.0	0.357	taxongroup_topic	Animal__kingdom
parataxis<nsubj>det> ...	1.0	0.499	taxongroup_topic	Animal__kingdom
obj<advcl<obj> ...	1.0	0.428	taxongroup_topic	Animal__kingdom
amod>compound> ...	1.0	0.438	taxongroup_topic	Animal__kingdom
compound<nsubj<advmod> ...	1.0	0.418	taxongroup_topic	Animal__kingdom
compound<nsubj<cc> ...	1.0	0.246	taxongroup_topic	Animal__kingdom
compound<nsubj<conj< ...	1.0	0.448	taxongroup_topic	Animal__kingdom
conj>acl:relcl>nsubj> ...	1.0	0.382	taxongroup_topic	Animal__kingdom
nsubj<ccomp<cc> ...	1.0	0.402	taxongroup_topic	Animal__kingdom
nsubj<ccomp<conj< ...	1.0	0.683	taxongroup_topic	Animal__kingdom
nmod>nmod:poss>case> ...	1.0	0.758	taxongroup_topic	Animal__kingdom
nmod>nmod:poss> ...	1.0	0.398	taxongroup_topic	Animal__kingdom
nmod>nmod:poss>det> ...	1.0	0.453	taxongroup_topic	Animal__kingdom
nmod<conj>acl> ...	1.0	0.445	taxongroup_topic	Animal__kingdom
appos<mark> ...	1.0	0.438	taxongroup_topic	Animal__kingdom
nsubj<compound:prt> ...	1.0	0.459	taxongroup_topic	Animal__kingdom
nsubj<acl:relcl<obl< ...	1.0	0.343	taxongroup_topic	Animal__kingdom
nsubj<acl:relcl<case> ...	1.0	0.162	taxongroup_topic	Animal__kingdom
conj>acl:relcl> ...	1.0	0.513	taxongroup_topic	Animal__kingdom
nmod<parataxis>nsubj> ...	1.0	0.291	taxongroup_topic	Animal__kingdom
nmod<nsubj>compound> ...	1.0	0.73	taxongroup_topic	Animal__kingdom
nmod<acl:relcl>conj> ...	1.0	0.28	taxongroup_topic	Animal__kingdom
compound<nsubj<acl:relcl> ...	1.0	0.449	taxongroup_topic	Animal__kingdom
nmod<nmod>nummod> ...	1.0	0.286	taxongroup_topic	Animal__kingdom
nmod<nmod>appos> ...	1.0	0.239	taxongroup_topic	Animal__kingdom
conj<obl<acl< ...	1.0	0.394	taxongroup_topic	Animal__kingdom
nmod<conj<appos> ...	1.0	0.251	taxongroup_topic	Animal__kingdom
acl:relcl>obl>nmod:poss> ...	1.0	0.28	taxongroup_topic	Animal__kingdom
nsubj<conj>nsubj> ...	1.0	0.249	taxongroup_topic	Animal__kingdom
compound<conj<nsubj> ...	1.0	0.423	taxongroup_topic	Animal__kingdom
compound<conj<obl> ...	1.0	0.53	taxongroup_topic	Animal__kingdom
nsubj<acl:relcl< ...	1.0	0.377	taxongroup_topic	Animal__kingdom
nmod<ccomp< ...	1.0	0.277	taxongroup_topic	Animal__kingdom
nmod<ccomp<nsubj> ...	1.0	0.325	taxongroup_topic	Animal__kingdom
nmod<appos<nsubj> ...	1.0	0.46	taxongroup_topic	Animal__kingdom
nmod<appos<cop> ...	1.0	0.501	taxongroup_topic	Animal__kingdom
compound<obl<advmod> ...	1.0	0.633	taxongroup_topic	Animal__kingdom
nmod<acl>obj> ...	1.0	0.256	taxongroup_topic	Animal__kingdom
obl<acl:relcl<advmod> ...	1.0	0.297	taxongroup_topic	Animal__kingdom
obl<acl:relcl<appos< ...	1.0	0.375	taxongroup_topic	Animal__kingdom
nmod<appos<case> ...	1.0	0.367	taxongroup_topic	Animal__kingdom
nsubj:pass<mark> ...	1.0	0.241	taxongroup_topic	Animal__kingdom
conj<obj<mark> ...	1.0	0.36	taxongroup_topic	Animal__kingdom
nsubj:pass<advcl<nsubj> ...	1.0	0.509	taxongroup_topic	Animal__kingdom
nsubj:pass<advcl<advmod> ...	1.0	0.342	taxongroup_topic	Animal__kingdom
nsubj:pass<advcl< ...	1.0	0.285	taxongroup_topic	Animal__kingdom
nsubj:pass<advcl<obj> ...	1.0	0.329	taxongroup_topic	Animal__kingdom
appos<conj>compound> ...	1.0	0.267	taxongroup_topic	Animal__kingdom
obl<acl:relcl<appos> ...	1.0	0.271	taxongroup_topic	Animal__kingdom
conj>cop> ...	1.0	0.503	taxongroup_topic	Animal__kingdom
nsubj<conj>conj> ...	1.0	0.372	taxongroup_topic	Animal__kingdom
compound<compound<det> ...	1.0	0.742	taxongroup_topic	Animal__kingdom
compound<compound<acl:relcl> ...	1.0	0.367	taxongroup_topic	Animal__kingdom
nmod>acl>obj> ...	1.0	0.23	taxongroup_topic	Animal__kingdom
nmod>acl> ...	1.0	0.449	taxongroup_topic	Animal__kingdom
nsubj:pass<xcomp>advcl> ...	1.0	0.352	taxongroup_topic	Animal__kingdom
nmod>acl>mark> ...	1.0	0.328	taxongroup_topic	Animal__kingdom
nmod<conj<det> ...	1.0	0.64	taxongroup_topic	Animal__kingdom
obj<obj>det> ...	1.0	0.389	taxongroup_topic	Animal__kingdom
conj<obl<mark> ...	1.0	0.415	taxongroup_topic	Animal__kingdom
conj<obl<xcomp< ...	1.0	0.274	taxongroup_topic	Animal__kingdom
obj<obj>acl> ...	1.0	0.482	taxongroup_topic	Animal__kingdom
obl<advcl<advmod> ...	1.0	0.378	taxongroup_topic	Animal__kingdom
obl<obl>nmod:poss> ...	1.0	0.493	taxongroup_topic	Animal__kingdom
nsubj:pass<xcomp>cop> ...	1.0	0.294	taxongroup_topic	Animal__kingdom
nsubj:pass<xcomp>det> ...	1.0	0.29	taxongroup_topic	Animal__kingdom
obj<acl<det> ...	1.0	0.671	taxongroup_topic	Animal__kingdom
obj<acl<amod> ...	1.0	0.193	taxongroup_topic	Animal__kingdom
obj<acl< ...	1.0	0.343	taxongroup_topic	Animal__kingdom
obl<nsubj>nmod:poss> ...	1.0	0.378	taxongroup_topic	Animal__kingdom
obl<nsubj>compound> ...	1.0	0.234	taxongroup_topic	Animal__kingdom
obl<conj>amod> ...	1.0	0.449	taxongroup_topic	Animal__kingdom
obl<obl>compound> ...	1.0	0.588	taxongroup_topic	Animal__kingdom
nmod<acl:relcl<mark> ...	1.0	0.443	taxongroup_topic	Animal__kingdom
nmod<acl:relcl<nsubj> ...	1.0	0.612	taxongroup_topic	Animal__kingdom
nmod<acl:relcl<cop> ...	1.0	0.435	taxongroup_topic	Animal__kingdom
nmod<acl:relcl<det> ...	1.0	0.397	taxongroup_topic	Animal__kingdom
nmod<acl:relcl< ...	1.0	0.4	taxongroup_topic	Animal__kingdom
nmod<aux> ...	1.0	0.308	taxongroup_topic	Animal__kingdom
nsubj:pass<ccomp< ...	1.0	0.472	taxongroup_topic	Animal__kingdom
obl<acl:relcl<det> ...	1.0	0.576	taxongroup_topic	Animal__kingdom
obl<acl:relcl<cop> ...	1.0	0.397	taxongroup_topic	Animal__kingdom
obl<parataxis> ...	1.0	0.297	taxongroup_topic	Animal__kingdom
obl<parataxis>xcomp> ...	1.0	0.881	taxongroup_topic	Animal__kingdom
obl<acl:relcl<nsubj> ...	1.0	0.144	taxongroup_topic	Animal__kingdom
nsubj<conj>acl> ...	1.0	0.392	taxongroup_topic	Animal__kingdom
obj<acl:relcl<amod> ...	1.0	0.351	taxongroup_topic	Animal__kingdom
nsubj:pass<conj>det> ...	1.0	0.481	taxongroup_topic	Animal__kingdom
nsubj:pass<conj>amod> ...	1.0	0.292	taxongroup_topic	Animal__kingdom
obj<conj>acl:relcl> ...	1.0	0.338	taxongroup_topic	Animal__kingdom
obl<nsubj>acl> ...	1.0	0.159	taxongroup_topic	Animal__kingdom
obl<advcl>advcl> ...	1.0	0.341	taxongroup_topic	Animal__kingdom
obl<nsubj:pass>det> ...	1.0	0.65	taxongroup_topic	Animal__kingdom
obj<xcomp>obl> ...	1.0	0.366	taxongroup_topic	Animal__kingdom
obj<xcomp> ...	1.0	0.47	taxongroup_topic	Animal__kingdom
obj<xcomp>advmod> ...	1.0	0.475	taxongroup_topic	Animal__kingdom
nsubj:pass<obj>nmod> ...	1.0	0.373	taxongroup_topic	Animal__kingdom
nsubj:pass<obj>det> ...	1.0	0.446	taxongroup_topic	Animal__kingdom
conj>aux:pass> ...	1.0	0.317	taxongroup_topic	Animal__kingdom
conj>xcomp> ...	1.0	0.403	taxongroup_topic	Animal__kingdom
conj>xcomp>obl> ...	1.0	0.147	taxongroup_topic	Animal__kingdom
nmod<obl> ...	1.0	0.53	taxongroup_topic	Animal__kingdom
compound<nsubj<acl:relcl< ...	1.0	0.249	taxongroup_topic	Animal__kingdom
conj<discourse> ...	1.0	0.343	taxongroup_topic	Animal__kingdom
conj<acl> ...	1.0	0.304	taxongroup_topic	Animal__kingdom
conj<acl>obl> ...	1.0	0.18	taxongroup_topic	Animal__kingdom
conj<conj>obj> ...	1.0	0.305	taxongroup_topic	Animal__kingdom
compound<obl<xcomp< ...	1.0	0.324	taxongroup_topic	Animal__kingdom
compound<obl<mark> ...	1.0	0.664	taxongroup_topic	Animal__kingdom
compound<nsubj<advcl> ...	1.0	0.482	taxongroup_topic	Animal__kingdom
compound<appos>amod> ...	1.0	0.56	taxongroup_topic	Animal__kingdom
nmod<nsubj<nsubj> ...	1.0	0.425	taxongroup_topic	Animal__kingdom
conj<conj>cop> ...	1.0	0.395	taxongroup_topic	Animal__kingdom
conj<conj>nmod> ...	1.0	0.213	taxongroup_topic	Animal__kingdom
nmod<mark> ...	1.0	0.248	taxongroup_topic	Animal__kingdom
appos<conj>amod> ...	1.0	0.319	taxongroup_topic	Animal__kingdom
appos<appos>nummod> ...	1.0	0.278	taxongroup_topic	Animal__kingdom
conj<obl<acl:relcl< ...	1.0	0.582	taxongroup_topic	Animal__kingdom
obl<conj<ccomp< ...	1.0	0.302	taxongroup_topic	Animal__kingdom
obl<conj<mark> ...	1.0	0.207	taxongroup_topic	Animal__kingdom
nmod:poss<obj<acl:relcl< ...	1.0	0.329	taxongroup_topic	Animal__kingdom
obl<advcl<acl:relcl< ...	1.0	0.405	taxongroup_topic	Animal__kingdom
nmod>appos> ...	1.0	0.278	taxongroup_topic	Animal__kingdom
nmod<nmod<nsubj> ...	1.0	0.198	taxongroup_topic	Animal__kingdom
conj>obj> ...	1.0	0.258	taxongroup_topic	Animal__kingdom
obl<conj<obj> ...	1.0	0.253	taxongroup_topic	Animal__kingdom
nmod<nmod<conj> ...	1.0	1.013	taxongroup_topic	Animal__kingdom
nmod>case>fixed> ...	1.0	0.427	taxongroup_topic	Animal__kingdom
nmod<nsubj<expl> ...	1.0	0.553	taxongroup_topic	Animal__kingdom
nmod>nmod>nmod> ...	1.0	0.318	taxongroup_topic	Animal__kingdom
obj<acl:relcl<obl< ...	1.0	0.178	taxongroup_topic	Animal__kingdom
conj<conj>nmod:poss> ...	1.0	0.5	taxongroup_topic	Animal__kingdom
acl:relcl>obl>conj> ...	1.0	0.368	taxongroup_topic	Animal__kingdom
obl<acl:relcl<compound> ...	1.0	0.597	taxongroup_topic	Animal__kingdom
nmod<nsubj:pass<xcomp> ...	1.0	0.441	taxongroup_topic	Animal__kingdom
obl<parataxis>aux:pass> ...	1.0	0.558	taxongroup_topic	Animal__kingdom
nsubj<acl:relcl>aux:pass> ...	1.0	0.44	taxongroup_topic	Animal__kingdom
acl:relcl>obl>appos> ...	1.0	0.283	taxongroup_topic	Animal__kingdom
compound<nmod>compound> ...	1.0	0.393	taxongroup_topic	Animal__kingdom
compound<nmod>det> ...	1.0	0.318	taxongroup_topic	Animal__kingdom
obl<acl<compound> ...	1.0	0.369	taxongroup_topic	Animal__kingdom
acl:relcl>aux:pass> ...	1.0	0.188	taxongroup_topic	Animal__kingdom
acl:relcl>nsubj:pass> ...	1.0	0.346	taxongroup_topic	Animal__kingdom
nmod<nmod<compound> ...	1.0	0.222	taxongroup_topic	Animal__kingdom
conj<appos<nmod> ...	1.0	0.653	taxongroup_topic	Animal__kingdom
nsubj<acl:relcl>nsubj:pass> ...	1.0	0.294	taxongroup_topic	Animal__kingdom
compound<nsubj:pass<obl> ...	1.0	0.183	taxongroup_topic	Animal__kingdom
nmod<xcomp<nsubj:pass> ...	1.0	0.367	taxongroup_topic	Animal__kingdom
nmod<xcomp<aux:pass> ...	1.0	0.454	taxongroup_topic	Animal__kingdom
nmod<xcomp< ...	1.0	0.256	taxongroup_topic	Animal__kingdom
conj<ccomp< ...	1.0	0.559	taxongroup_topic	Animal__kingdom
appos<appos<compound> ...	1.0	0.412	taxongroup_topic	Animal__kingdom
advmod>fixed> ...	1.0	0.7	taxongroup_topic	Animal__kingdom
amod>obl:npmod>amod> ...	1.0	0.729	taxongroup_topic	Animal__kingdom
amod>obl:npmod> ...	1.0	0.126	taxongroup_topic	Animal__kingdom
appos>conj>cc> ...	1.0	0.405	taxongroup_topic	Animal__kingdom
conj>obl>nmod> ...	1.0	0.229	taxongroup_topic	Animal__kingdom
conj>obl>conj> ...	1.0	0.634	taxongroup_topic	Animal__kingdom
obl<parataxis>advmod> ...	1.0	0.36	taxongroup_topic	Animal__kingdom
parataxis<cop> ...	1.0	0.475	taxongroup_topic	Animal__kingdom
parataxis<det> ...	1.0	0.442	taxongroup_topic	Animal__kingdom
parataxis<appos> ...	1.0	0.536	taxongroup_topic	Animal__kingdom
conj<conj>conj> ...	1.0	0.243	taxongroup_topic	Animal__kingdom
conj<obl<conj< ...	1.0	0.522	taxongroup_topic	Animal__kingdom
obl<conj>compound> ...	1.0	0.512	taxongroup_topic	Animal__kingdom
nsubj<amod>advmod> ...	1.0	0.524	taxongroup_topic	Animal__kingdom
obj<conj<obl> ...	1.0	0.241	taxongroup_topic	Animal__kingdom
conj>nmod>amod> ...	1.0	0.499	taxongroup_topic	Animal__kingdom
conj>nmod>compound> ...	1.0	0.128	taxongroup_topic	Animal__kingdom
obl<obl>advmod> ...	1.0	0.431	taxongroup_topic	Animal__kingdom
obl<parataxis>nsubj:pass> ...	1.0	0.334	taxongroup_topic	Animal__kingdom
obl<parataxis>aux> ...	1.0	0.237	taxongroup_topic	Animal__kingdom
appos<obl<ccomp< ...	1.0	0.5	taxongroup_topic	Animal__kingdom
nmod<obl<ccomp< ...	1.0	0.519	taxongroup_topic	Animal__kingdom
appos<appos>det> ...	1.0	0.469	taxongroup_topic	Animal__kingdom
appos>appos> ...	1.0	0.309	taxongroup_topic	Animal__kingdom
conj<nsubj:pass< ...	1.0	0.475	taxongroup_topic	Animal__kingdom
conj<nsubj:pass<aux:pass> ...	1.0	0.329	taxongroup_topic	Animal__kingdom
nmod<obl<parataxis> ...	1.0	0.288	taxongroup_topic	Animal__kingdom
nmod<parataxis> ...	1.0	0.314	taxongroup_topic	Animal__kingdom
appos<appos<det> ...	1.0	0.236	taxongroup_topic	Animal__kingdom
nsubj<xcomp>mark> ...	1.0	0.374	taxongroup_topic	Animal__kingdom
nsubj<ccomp<advcl> ...	1.0	0.484	taxongroup_topic	Animal__kingdom
conj<acl:relcl<amod> ...	1.0	0.301	taxongroup_topic	Animal__kingdom
appos<compound>amod> ...	1.0	0.523	taxongroup_topic	Animal__kingdom
conj<acl:relcl<det> ...	1.0	0.405	taxongroup_topic	Animal__kingdom
nsubj<ccomp<aux> ...	1.0	0.251	taxongroup_topic	Animal__kingdom
conj<obj<obl> ...	1.0	0.352	taxongroup_topic	Animal__kingdom
acl:relcl>obl>det> ...	1.0	0.371	taxongroup_topic	Animal__kingdom
conj<advcl> ...	1.0	0.45	taxongroup_topic	Animal__kingdom
conj<advcl>nsubj> ...	1.0	0.427	taxongroup_topic	Animal__kingdom
conj<advcl>mark> ...	1.0	0.37	taxongroup_topic	Animal__kingdom
conj<conj>parataxis> ...	1.0	0.312	taxongroup_topic	Animal__kingdom
nsubj<xcomp>ccomp> ...	1.0	0.257	taxongroup_topic	Animal__kingdom
obl<obj>compound> sea	1.0	0.328	taxongroup_topic	Animal__kingdom
conj<obl>case> to	1.0	0.632	taxongroup_topic	Animal__kingdom
nmod<obj<xcomp< ...	1.0	0.434	taxongroup_topic	Animal__kingdom
conj<parataxis>nsubj> ...	1.0	0.338	taxongroup_topic	Animal__kingdom
conj<obj>nmod> ...	1.0	0.168	taxongroup_topic	Animal__kingdom
conj<nsubj>nmod> ...	1.0	0.342	taxongroup_topic	Animal__kingdom
obl<nsubj>nmod> ...	1.0	0.173	taxongroup_topic	Animal__kingdom
compound<obl<aux> ...	1.0	0.352	taxongroup_topic	Animal__kingdom
obj<acl:relcl<obj< ...	1.0	0.463	taxongroup_topic	Animal__kingdom
compound<obl<ccomp> ...	1.0	0.664	taxongroup_topic	Animal__kingdom
obl<acl:relcl<nmod< ...	1.0	0.419	taxongroup_topic	Animal__kingdom
appos<nsubj<det> ...	1.0	0.237	taxongroup_topic	Animal__kingdom
appos<nsubj<nmod> ...	1.0	0.243	taxongroup_topic	Animal__kingdom
nmod<acl>advmod> ...	1.0	0.323	taxongroup_topic	Animal__kingdom
conj<obj<aux> ...	1.0	0.58	taxongroup_topic	Animal__kingdom
obl<acl<nsubj> ...	1.0	0.295	taxongroup_topic	Animal__kingdom
parataxis>nsubj> ...	1.0	0.43	taxongroup_topic	Animal__kingdom
nmod<conj>obl> ...	1.0	0.612	taxongroup_topic	Animal__kingdom
nmod<conj>cop> ...	1.0	0.615	taxongroup_topic	Animal__kingdom
nmod<conj>nsubj> ...	1.0	0.292	taxongroup_topic	Animal__kingdom
conj<obl<aux> ...	1.0	0.401	taxongroup_topic	Animal__kingdom
advcl>obl> ...	1.0	0.852	taxongroup_topic	Animal__kingdom
advcl>obl>case> ...	1.0	0.512	taxongroup_topic	Animal__kingdom
advcl> ...	1.0	0.386	taxongroup_topic	Animal__kingdom
advcl>cop> ...	1.0	0.335	taxongroup_topic	Animal__kingdom
advcl>nsubj> ...	1.0	0.574	taxongroup_topic	Animal__kingdom
advcl>mark> ...	1.0	0.552	taxongroup_topic	Animal__kingdom
nsubj<parataxis<nsubj> ...	1.0	0.22	taxongroup_topic	Animal__kingdom
nsubj<parataxis<aux> ...	1.0	0.441	taxongroup_topic	Animal__kingdom
nsubj<parataxis<obj> ...	1.0	0.311	taxongroup_topic	Animal__kingdom
conj<nsubj<obl> ...	1.0	0.288	taxongroup_topic	Animal__kingdom
obl<advcl<obl> ...	1.0	0.424	taxongroup_topic	Animal__kingdom
obl<advcl<acl< ...	1.0	0.545	taxongroup_topic	Animal__kingdom
nsubj:pass<advcl>conj> ...	1.0	0.462	taxongroup_topic	Animal__kingdom
conj<obj<parataxis< ...	1.0	0.319	taxongroup_topic	Animal__kingdom
conj<nsubj<det> ...	1.0	0.373	taxongroup_topic	Animal__kingdom
obj<xcomp<obl> ...	1.0	0.307	taxongroup_topic	Animal__kingdom
obj<xcomp<aux> ...	1.0	0.28	taxongroup_topic	Animal__kingdom
obj<xcomp<nsubj> ...	1.0	0.236	taxongroup_topic	Animal__kingdom
nsubj<parataxis>cop> ...	1.0	0.483	taxongroup_topic	Animal__kingdom
compound<nmod<advcl> ...	1.0	0.268	taxongroup_topic	Animal__kingdom
compound<nmod<nsubj> ...	1.0	0.337	taxongroup_topic	Animal__kingdom
compound<nmod<mark> ...	1.0	0.238	taxongroup_topic	Animal__kingdom
compound<conj<compound> ...	1.0	0.295	taxongroup_topic	Animal__kingdom
nmod<obl<obj> ...	1.0	0.554	taxongroup_topic	Animal__kingdom
conj< star	1.0	0.516	taxongroup_topic	Animal__kingdom
conj<obj<cc> ...	1.0	0.373	taxongroup_topic	Animal__kingdom
nsubj<advcl>mark> while	1.0	0.888	taxongroup_topic	Animal__kingdom
conj<obj<conj< ...	1.0	0.259	taxongroup_topic	Animal__kingdom
conj>cc> as	1.0	0.787	taxongroup_topic	Animal__kingdom
conj>cc>fixed> well	1.0	0.417	taxongroup_topic	Animal__kingdom
conj>cc>fixed> as	1.0	0.394	taxongroup_topic	Animal__kingdom
conj<obl<cop> ...	1.0	0.412	taxongroup_topic	Animal__kingdom
conj>amod> britle	1.0	0.398	taxongroup_topic	Animal__kingdom
acl:relcl>advmod> where	1.0	0.34	taxongroup_topic	Animal__kingdom
acl:relcl>nsubj>det> the	1.0	0.907	taxongroup_topic	Animal__kingdom
acl:relcl>cop> be	1.0	0.69	taxongroup_topic	Animal__kingdom
acl:relcl>nsubj>det> ...	1.0	0.907	taxongroup_topic	Animal__kingdom
nmod<case>fixed> ...	1.0	0.425	taxongroup_topic	Animal__kingdom
obj<acl:relcl<cop> be	1.0	0.728	taxongroup_topic	Animal__kingdom
obj<acl:relcl<nmod> Echinodermata	1.0	0.603	taxongroup_topic	Animal__kingdom
obj<conj<cop> be	1.0	0.592	taxongroup_topic	Animal__kingdom
nmod<nsubj< include	1.0	0.73	taxongroup_topic	Animal__kingdom
nmod<nmod< member	1.0	0.492	taxongroup_topic	Animal__kingdom
conj>nmod>case> such	1.0	0.456	taxongroup_topic	Animal__kingdom
nmod<case> by	1.0	0.889	taxongroup_topic	Animal__kingdom
conj>amod>advmod> even	1.0	0.548	taxongroup_topic	Animal__kingdom
compound<obl<acl< ...	1.0	0.287	taxongroup_topic	Animal__kingdom
acl>obj>nmod:poss> ...	1.0	0.548	taxongroup_topic	Animal__kingdom
compound<appos<nsubj< ...	1.0	0.503	taxongroup_topic	Animal__kingdom
obl<ccomp<nsubj> ...	1.0	0.356	taxongroup_topic	Animal__kingdom
obl<ccomp<cop> ...	1.0	0.291	taxongroup_topic	Animal__kingdom
compound<acl:relcl> ...	1.0	0.413	taxongroup_topic	Animal__kingdom
compound<acl:relcl>nsubj> ...	1.0	0.326	taxongroup_topic	Animal__kingdom
compound<appos<flat> ...	1.0	0.316	taxongroup_topic	Animal__kingdom
obl<advmod>advmod> ...	1.0	0.525	taxongroup_topic	Animal__kingdom
conj<nmod<parataxis> ...	1.0	0.564	taxongroup_topic	Animal__kingdom
conj<nmod<appos> ...	1.0	0.304	taxongroup_topic	Animal__kingdom
conj<nmod<nsubj< ...	1.0	0.532	taxongroup_topic	Animal__kingdom
appos<nmod>det> ...	1.0	0.556	taxongroup_topic	Animal__kingdom
appos<acl:relcl>obj> ...	1.0	0.646	taxongroup_topic	Animal__kingdom
conj<obl<amod< ...	1.0	0.382	taxongroup_topic	Animal__kingdom
appos<acl:relcl> ...	1.0	0.393	taxongroup_topic	Animal__kingdom
appos<acl:relcl>nsubj> ...	1.0	0.459	taxongroup_topic	Animal__kingdom
compound<nsubj:pass<xcomp> ...	1.0	0.548	taxongroup_topic	Animal__kingdom
nsubj<nmod>appos> ...	1.0	0.183	taxongroup_topic	Animal__kingdom
acl>obj>nmod> ...	1.0	0.4	taxongroup_topic	Animal__kingdom
compound<nmod<obl< ...	1.0	0.337	taxongroup_topic	Animal__kingdom
compound<nummod> ...	1.0	0.14	taxongroup_topic	Animal__kingdom
compound<appos<amod> ...	1.0	0.241	taxongroup_topic	Animal__kingdom
compound<appos<appos> ...	1.0	0.284	taxongroup_topic	Animal__kingdom
nmod<appos<amod> ...	1.0	0.217	taxongroup_topic	Animal__kingdom
nmod>flat> ...	1.0	0.226	taxongroup_topic	Animal__kingdom
acl:relcl>obl>nmod:poss> they	1.0	0.28	taxongroup_topic	Animal__kingdom
nmod<nsubj<ccomp> ...	1.0	0.448	taxongroup_topic	Animal__kingdom
compound<acl>obl> ...	1.0	0.265	taxongroup_topic	Animal__kingdom
compound<acl> ...	1.0	0.583	taxongroup_topic	Animal__kingdom
acl>obl>conj> ...	1.0	0.262	taxongroup_topic	Animal__kingdom
nsubj<obl>nmod:poss> ...	1.0	0.325	taxongroup_topic	Animal__kingdom
conj<advcl< ...	1.0	0.261	taxongroup_topic	Animal__kingdom
appos<cop> ...	1.0	0.464	taxongroup_topic	Animal__kingdom
nmod<appos>amod> ...	1.0	0.316	taxongroup_topic	Animal__kingdom
nmod<nmod<conj< ...	1.0	0.554	taxongroup_topic	Animal__kingdom
obl> ...	1.0	0.363	taxongroup_topic	Animal__kingdom
obl>amod> ...	1.0	0.342	taxongroup_topic	Animal__kingdom
obl>det> ...	1.0	0.273	taxongroup_topic	Animal__kingdom
obl<acl:relcl<obl< ...	1.0	0.303	taxongroup_topic	Animal__kingdom
obl>case> ...	1.0	0.344	taxongroup_topic	Animal__kingdom
nsubj<advcl<aux> ...	1.0	0.289	taxongroup_topic	Animal__kingdom
obl<acl<cc> ...	1.0	0.575	taxongroup_topic	Animal__kingdom
obl<acl<conj< ...	1.0	0.252	taxongroup_topic	Animal__kingdom
nsubj<obl>acl> ...	1.0	0.298	taxongroup_topic	Animal__kingdom
advcl<nsubj> ...	1.0	0.653	taxongroup_topic	Animal__kingdom
advcl< ...	1.0	0.637	taxongroup_topic	Animal__kingdom
advcl<obj> ...	1.0	0.409	taxongroup_topic	Animal__kingdom
mark> ...	1.0	0.559	taxongroup_topic	Animal__kingdom
nmod<nmod<cc> ...	1.0	0.342	taxongroup_topic	Animal__kingdom
nmod<advcl>obl> ...	1.0	0.427	taxongroup_topic	Animal__kingdom
nmod<obj<acl:relcl< ...	1.0	0.316	taxongroup_topic	Animal__kingdom
conj>advmod>advmod> ...	1.0	0.524	taxongroup_topic	Animal__kingdom
conj<mark> ...	1.0	0.512	taxongroup_topic	Animal__kingdom
appos<nsubj>det> ...	1.0	0.363	taxongroup_topic	Animal__kingdom
nmod<conj<nmod< ...	1.0	0.296	taxongroup_topic	Animal__kingdom
nmod<conj<case> ...	1.0	0.386	taxongroup_topic	Animal__kingdom
nmod<conj<nummod> ...	1.0	0.769	taxongroup_topic	Animal__kingdom
nmod<obj>amod> ...	1.0	0.487	taxongroup_topic	Animal__kingdom
nmod<obj> ...	1.0	0.495	taxongroup_topic	Animal__kingdom
compound<nmod<compound> ...	1.0	0.573	taxongroup_topic	Animal__kingdom
nmod<obj<nmod> ...	1.0	0.47	taxongroup_topic	Animal__kingdom
nmod:poss<case> ...	1.0	0.495	taxongroup_topic	Animal__kingdom
conj>nmod>nmod> ...	1.0	0.271	taxongroup_topic	Animal__kingdom
nmod:poss<nmod< ...	1.0	0.495	taxongroup_topic	Animal__kingdom
nmod:poss<nmod<amod> ...	1.0	0.338	taxongroup_topic	Animal__kingdom
conj<nsubj>nmod:poss> ...	1.0	0.241	taxongroup_topic	Animal__kingdom
conj<nsubj>compound> ...	1.0	0.627	taxongroup_topic	Animal__kingdom
nmod:poss<nmod<case> ...	1.0	0.245	taxongroup_topic	Animal__kingdom
nmod:poss<nmod<nmod< ...	1.0	0.582	taxongroup_topic	Animal__kingdom
nmod<nmod<mark> ...	1.0	0.435	taxongroup_topic	Animal__kingdom
acl:relcl>obj>nmod> ...	1.0	0.507	taxongroup_topic	Animal__kingdom
nmod<nmod>conj> ...	1.0	0.414	taxongroup_topic	Animal__kingdom
xcomp<aux:pass> ...	1.0	0.522	taxongroup_topic	Animal__kingdom
appos<nsubj:pass< ...	1.0	0.228	taxongroup_topic	Animal__kingdom
obj<conj<nsubj:pass> ...	1.0	0.323	taxongroup_topic	Animal__kingdom
obj<conj<aux:pass> ...	1.0	0.248	taxongroup_topic	Animal__kingdom
appos<nsubj:pass<aux:pass> ...	1.0	0.457	taxongroup_topic	Animal__kingdom
nsubj<advmod>obl> ...	1.0	0.67	taxongroup_topic	Animal__kingdom
nsubj<advmod>advmod> ...	1.0	0.378	taxongroup_topic	Animal__kingdom
obl<amod<obl< ...	1.0	0.551	taxongroup_topic	Animal__kingdom
obl<advmod< ...	1.0	0.428	taxongroup_topic	Animal__kingdom
obl<xcomp<aux> ...	1.0	0.409	taxongroup_topic	Animal__kingdom
obl<xcomp<conj< ...	1.0	0.434	taxongroup_topic	Animal__kingdom
obl<xcomp<cc> ...	1.0	0.22	taxongroup_topic	Animal__kingdom
obl<xcomp<mark> ...	1.0	0.612	taxongroup_topic	Animal__kingdom
obl<xcomp<advcl< ...	1.0	0.246	taxongroup_topic	Animal__kingdom
compound<nsubj<aux> ...	1.0	0.535	taxongroup_topic	Animal__kingdom
xcomp< ...	1.0	0.258	taxongroup_topic	Animal__kingdom
compound<obj<obl> ...	1.0	0.293	taxongroup_topic	Animal__kingdom
appos<nsubj:pass<obl> ...	1.0	0.275	taxongroup_topic	Animal__kingdom
nsubj<advcl<cop> ...	1.0	0.522	taxongroup_topic	Animal__kingdom
acl>obj>compound> ...	1.0	0.391	taxongroup_topic	Animal__kingdom
nsubj<advcl>amod> ...	1.0	0.451	taxongroup_topic	Animal__kingdom
obl<xcomp>obl> ...	1.0	0.258	taxongroup_topic	Animal__kingdom
obl<xcomp> ...	1.0	0.614	taxongroup_topic	Animal__kingdom
nmod<nsubj:pass<aux> ...	1.0	0.383	taxongroup_topic	Animal__kingdom
appos<nsubj<advmod> ...	1.0	0.25	taxongroup_topic	Animal__kingdom
compound>case> ...	1.0	0.542	taxongroup_topic	Animal__kingdom
nsubj<parataxis<obl> ...	1.0	0.315	taxongroup_topic	Animal__kingdom
nsubj<parataxis<advmod> ...	1.0	0.221	taxongroup_topic	Animal__kingdom
nmod<obl<acl:relcl< ...	1.0	0.319	taxongroup_topic	Animal__kingdom
obj<advcl<nsubj> ...	1.0	0.195	taxongroup_topic	Animal__kingdom
nsubj<ccomp>advmod> ...	1.0	0.212	taxongroup_topic	Animal__kingdom
obj<advcl<advcl< ...	1.0	0.171	taxongroup_topic	Animal__kingdom
nsubj<ccomp>conj> ...	1.0	0.232	taxongroup_topic	Animal__kingdom
nsubj<case> ...	1.0	0.357	taxongroup_topic	Animal__kingdom
conj>appos>nmod> ...	1.0	0.474	taxongroup_topic	Animal__kingdom
compound<obj< ...	1.0	0.581	taxongroup_topic	Animal__kingdom
xcomp<aux> ...	1.0	0.219	taxongroup_topic	Animal__kingdom
obj<advcl>obl> ...	1.0	0.237	taxongroup_topic	Animal__kingdom
nsubj:pass<obl>acl:relcl> ...	1.0	0.291	taxongroup_topic	Animal__kingdom
advmod>advmod> ...	1.0	0.342	taxongroup_topic	Animal__kingdom
obj<advcl>cop> ...	1.0	0.348	taxongroup_topic	Animal__kingdom
parataxis>det> ...	1.0	0.627	taxongroup_topic	Animal__kingdom
parataxis>conj>obj> ...	1.0	0.673	taxongroup_topic	Animal__kingdom
obj<advcl>nsubj> ...	1.0	0.415	taxongroup_topic	Animal__kingdom
nsubj<nsubj:pass<aux:pass> ...	1.0	0.333	taxongroup_topic	Animal__kingdom
nsubj<nsubj:pass< ...	1.0	0.415	taxongroup_topic	Animal__kingdom
obj<advcl>mark> ...	1.0	0.455	taxongroup_topic	Animal__kingdom
obj<aux:pass> ...	1.0	0.62	taxongroup_topic	Animal__kingdom
obj<nsubj:pass> ...	1.0	0.213	taxongroup_topic	Animal__kingdom
nmod<conj>advmod> ...	1.0	0.631	taxongroup_topic	Animal__kingdom
nmod:poss<obj<conj< ...	1.0	0.486	taxongroup_topic	Animal__kingdom
nmod:poss<obj<cc> ...	1.0	0.245	taxongroup_topic	Animal__kingdom
compound<nmod>nummod> ...	1.0	0.304	taxongroup_topic	Animal__kingdom
xcomp<nsubj:pass> ...	1.0	0.504	taxongroup_topic	Animal__kingdom
compound<compound>flat> ...	1.0	0.607	taxongroup_topic	Animal__kingdom
nmod<parataxis< ...	1.0	0.263	taxongroup_topic	Animal__kingdom
nsubj<advcl<conj> ...	1.0	0.208	taxongroup_topic	Animal__kingdom
nmod<obl<xcomp< ...	1.0	0.504	taxongroup_topic	Animal__kingdom
nmod<obl<mark> ...	1.0	0.281	taxongroup_topic	Animal__kingdom
compound>flat> ...	1.0	0.658	taxongroup_topic	Animal__kingdom
nsubj<advcl>xcomp> ...	1.0	0.618	taxongroup_topic	Animal__kingdom
compound<obl<obl> ...	1.0	0.394	taxongroup_topic	Animal__kingdom
acl:relcl>obl> range	1.0	0.375	taxongroup_topic	Animal__kingdom
obj<obj>det> the	1.0	0.469	taxongroup_topic	Animal__kingdom
obj< make	1.0	0.51	taxongroup_topic	Animal__kingdom
obj<advcl<obl> time	1.0	0.715	taxongroup_topic	Animal__kingdom
obj<advcl<obl> temperatur	1.0	0.558	taxongroup_topic	Animal__kingdom
obj<advcl< thrive	1.0	0.366	taxongroup_topic	Animal__kingdom
obj<advcl<xcomp< find	1.0	0.671	taxongroup_topic	Animal__kingdom
nmod<appos<cop> be	1.0	0.501	taxongroup_topic	Animal__kingdom
conj>det> a	1.0	0.61	taxongroup_topic	Animal__kingdom
conj>cop> be	1.0	0.503	taxongroup_topic	Animal__kingdom
nsubj> most	1.0	0.309	taxongroup_topic	Animal__kingdom
nsubj:pass< call	1.0	0.258	taxongroup_topic	Animal__kingdom
nsubj:pass<advcl>cop> be	1.0	0.437	taxongroup_topic	Animal__kingdom
nsubj:pass<advcl>mark> though	1.0	0.678	taxongroup_topic	Animal__kingdom
conj<case> to	1.0	0.384	taxongroup_topic	Animal__kingdom
nmod<obl<aux> have	1.0	0.505	taxongroup_topic	Animal__kingdom
appos> ecology	1.0	0.369	taxongroup_topic	Animal__kingdom
compound<conj<case> on	1.0	0.442	taxongroup_topic	Animal__kingdom
compound<nmod>case> in	1.0	0.912	taxongroup_topic	Animal__kingdom
nsubj<conj>obj> amount	1.0	0.233	taxongroup_topic	Animal__kingdom
nsubj<obj>det> this	1.0	0.35	taxongroup_topic	Animal__kingdom
nsubj:pass< find	1.0	0.276	taxongroup_topic	Animal__kingdom
acl:relcl>nsubj> they	1.0	0.627	taxongroup_topic	Animal__kingdom
appos>det> a	1.0	0.468	taxongroup_topic	Animal__kingdom
nmod<conj>acl> grow	1.0	0.37	taxongroup_topic	Animal__kingdom
obl<conj<det> a	1.0	0.467	taxongroup_topic	Animal__kingdom
nsubj<advcl>mark> by	1.0	0.687	taxongroup_topic	Animal__kingdom
det> both	1.0	1.307	taxongroup_topic	Animal__kingdom
nmod<nsubj<cc> and	1.0	0.31	taxongroup_topic	Animal__kingdom
nsubj<conj>det> a	1.0	0.321	taxongroup_topic	Animal__kingdom
nmod<conj>cc> or	1.0	0.278	taxongroup_topic	Animal__kingdom
nmod<conj>det> a	1.0	0.354	taxongroup_topic	Animal__kingdom
nmod<nsubj<aux> have	1.0	0.357	taxongroup_topic	Animal__kingdom
conj>amod> aquatic	1.0	0.319	taxongroup_topic	Animal__kingdom
obl<nsubj> it	1.0	0.706	taxongroup_topic	Animal__kingdom
nmod<nmod>case> unlike	1.0	0.433	taxongroup_topic	Animal__kingdom
nmod<xcomp<aux:pass> be	1.0	0.454	taxongroup_topic	Animal__kingdom
obl<acl< one	1.0	0.259	taxongroup_topic	Animal__kingdom
obl<acl<mark> to	1.0	0.44	taxongroup_topic	Animal__kingdom
obl<acl<xcomp< think	1.0	0.318	taxongroup_topic	Animal__kingdom
nmod<advmod> however	1.0	0.363	taxongroup_topic	Animal__kingdom
obl<obj>amod> small	1.0	0.691	taxongroup_topic	Animal__kingdom
obl<obj> prey	1.0	0.612	taxongroup_topic	Animal__kingdom
obl<obl>nmod:poss> its	1.0	0.704	taxongroup_topic	Animal__kingdom
obl<ccomp< suggest	1.0	0.402	taxongroup_topic	Animal__kingdom
obl<obl> nematocyst	1.0	0.558	taxongroup_topic	Animal__kingdom
obl<cc> but	1.0	0.638	taxongroup_topic	Animal__kingdom
obl<conj<aux:pass> be	1.0	0.601	taxongroup_topic	Animal__kingdom
nmod<obj< show	1.0	0.717	taxongroup_topic	Animal__kingdom
obl<obl>det> a	1.0	0.348	taxongroup_topic	Animal__kingdom
nmod>conj> star	1.0	0.915	taxongroup_topic	Animal__kingdom
nmod>conj>compound> sea	1.0	0.301	taxongroup_topic	Animal__kingdom
cc> but	1.0	0.862	taxongroup_topic	Animal__kingdom
appos<case> within	1.0	0.604	taxongroup_topic	Animal__kingdom
appos<obl<obl> member	1.0	0.214	taxongroup_topic	Animal__kingdom
appos<obl< obvious	1.0	0.309	taxongroup_topic	Animal__kingdom
appos<obl<nsubj> segmentation	1.0	0.394	taxongroup_topic	Animal__kingdom
appos<obl<mark> as	1.0	0.613	taxongroup_topic	Animal__kingdom
acl>xcomp>mark> to	1.0	0.667	taxongroup_topic	Animal__kingdom
appos< protostome	1.0	0.694	taxongroup_topic	Animal__kingdom
compound<det> that	1.0	0.601	taxongroup_topic	Animal__kingdom
obj<nsubj>det> the	1.0	0.551	taxongroup_topic	Animal__kingdom
compound<nmod< ephyra	1.0	0.416	taxongroup_topic	Animal__kingdom
compound<nmod<nmod< consumption	1.0	0.273	taxongroup_topic	Animal__kingdom
nmod> size	1.0	0.606	taxongroup_topic	Animal__kingdom
nmod>amod> similar	1.0	0.536	taxongroup_topic	Animal__kingdom
nmod>case> of	1.0	1.004	taxongroup_topic	Animal__kingdom
obj<conj<aux:pass> be	1.0	0.248	taxongroup_topic	Animal__kingdom
nmod<case> for	1.0	0.832	taxongroup_topic	Animal__kingdom
nmod<obl< allow	1.0	0.531	taxongroup_topic	Animal__kingdom
nmod<obl<nsubj> this	1.0	0.344	taxongroup_topic	Animal__kingdom
appos> planci	1.0	0.517	taxongroup_topic	Animal__kingdom
nsubj<nsubj:pass<aux:pass> be	1.0	0.333	taxongroup_topic	Animal__kingdom
nmod<obl<mark> to	1.0	0.298	taxongroup_topic	Animal__kingdom
appos< name	1.0	0.297	taxongroup_topic	Animal__kingdom
conj<obj<advmod> jelly	1.0	1.061	taxongroup_topic	Animal__kingdom
conj<conj>compound> moon	1.0	0.458	taxongroup_topic	Animal__kingdom
conj<amod> common	1.0	0.981	taxongroup_topic	Animal__kingdom
conj<obj<parataxis< Aurelia	1.0	0.319	taxongroup_topic	Animal__kingdom
acl> feed	1.0	0.799	taxongroup_topic	Animal__kingdom
compound<nmod<obj< have	1.0	0.363	taxongroup_topic	Animal__kingdom
appos<case> of	1.0	0.691	taxongroup_topic	Animal__kingdom
obj< attack	1.0	0.622	taxongroup_topic	Animal__kingdom
nsubj<ccomp<aux> have	1.0	0.236	taxongroup_topic	Animal__kingdom
compound>case> to	1.0	0.573	taxongroup_topic	Animal__kingdom
nsubj<conj> use	1.0	0.307	taxongroup_topic	Animal__kingdom
nsubj<case> in	1.0	0.392	taxongroup_topic	Animal__kingdom
appos<nsubj<det> a	1.0	0.237	taxongroup_topic	Animal__kingdom
nmod<acl>advmod> commonly	1.0	0.323	taxongroup_topic	Animal__kingdom
obl<acl<det> a	1.0	0.601	taxongroup_topic	Animal__kingdom
obl<advmod> commonly	1.0	0.362	taxongroup_topic	Animal__kingdom
nmod<obj< identify	1.0	0.625	taxongroup_topic	Animal__kingdom
nmod<advcl>mark> although	1.0	0.237	taxongroup_topic	Animal__kingdom
conj<nmod< food	1.0	0.248	taxongroup_topic	Animal__kingdom
obl<advcl>mark> by	1.0	0.548	taxongroup_topic	Animal__kingdom
obl<obl>case> by	1.0	0.535	taxongroup_topic	Animal__kingdom
obl<nsubj:pass> which	1.0	0.797	taxongroup_topic	Animal__kingdom
nmod<nmod<case> with	1.0	0.329	taxongroup_topic	Animal__kingdom
conj> egg	1.0	0.847	taxongroup_topic	Animal__kingdom
conj<nsubj> food	1.0	0.563	taxongroup_topic	Animal__kingdom
conj<conj>advmod> also	1.0	0.59	taxongroup_topic	Animal__kingdom
acl>obl>case> from	1.0	0.54	taxongroup_topic	Animal__kingdom
nsubj<obj>amod> digestive	1.0	0.743	taxongroup_topic	Animal__kingdom
nsubj<advcl>mark> in	1.0	0.713	taxongroup_topic	Animal__kingdom
nsubj<conj>obl> water	1.0	0.327	taxongroup_topic	Animal__kingdom
nmod<nsubj> Canalipalpata	1.0	0.389	taxongroup_topic	Animal__kingdom
nmod<acl:relcl> include	1.0	0.646	taxongroup_topic	Animal__kingdom
nmod<acl:relcl>nsubj> which	1.0	0.204	taxongroup_topic	Animal__kingdom
nmod<det> any	1.0	0.554	taxongroup_topic	Animal__kingdom
nmod<nsubj>det> a	1.0	0.632	taxongroup_topic	Animal__kingdom
conj<nmod< species	1.0	0.329	taxongroup_topic	Animal__kingdom
conj> fungi	1.0	1.099	taxongroup_topic	Animal__kingdom
obl<ccomp<cop> be	1.0	0.291	taxongroup_topic	Animal__kingdom
obl<ccomp<nsubj> it	1.0	0.44	taxongroup_topic	Animal__kingdom
nmod<nmod>case> to	1.0	0.449	taxongroup_topic	Animal__kingdom
compound<amod> dwell	1.0	0.644	taxongroup_topic	Animal__kingdom
conj<nsubj>det> the	1.0	0.334	taxongroup_topic	Animal__kingdom
nmod<nsubj>det> these	1.0	0.633	taxongroup_topic	Animal__kingdom
nsubj<nmod>case> in	1.0	0.297	taxongroup_topic	Animal__kingdom
appos> animal	1.0	0.487	taxongroup_topic	Animal__kingdom
appos>det> the	1.0	0.539	taxongroup_topic	Animal__kingdom
obl< related	1.0	0.365	taxongroup_topic	Animal__kingdom
obl<advmod> closely	1.0	0.243	taxongroup_topic	Animal__kingdom
obl<advmod>advmod> more	1.0	0.52	taxongroup_topic	Animal__kingdom
conj<appos> sponge	1.0	0.375	taxongroup_topic	Animal__kingdom
conj<case> between	1.0	0.228	taxongroup_topic	Animal__kingdom
nmod>case> to	1.0	1.042	taxongroup_topic	Animal__kingdom
conj<nsubj:pass<aux:pass> be	1.0	0.329	taxongroup_topic	Animal__kingdom
conj<case> in	1.0	0.428	taxongroup_topic	Animal__kingdom
acl:relcl>aux:pass> be	1.0	0.188	taxongroup_topic	Animal__kingdom
obl<advmod> typically	1.0	0.276	taxongroup_topic	Animal__kingdom
obl<nsubj:pass> that	1.0	0.773	taxongroup_topic	Animal__kingdom
obl<acl:relcl<det> the	1.0	0.577	taxongroup_topic	Animal__kingdom
obl<acl:relcl<cop> be	1.0	0.397	taxongroup_topic	Animal__kingdom
acl:relcl>nsubj:pass> that	1.0	0.381	taxongroup_topic	Animal__kingdom
nsubj<advcl>mark> because	1.0	0.873	taxongroup_topic	Animal__kingdom
conj<obl<conj> fish	1.0	0.435	taxongroup_topic	Animal__kingdom
conj<obl<nsubj> turtle	1.0	0.335	taxongroup_topic	Animal__kingdom
nmod<nmod<obj< include	1.0	0.702	taxongroup_topic	Animal__kingdom
conj<det> some	1.0	0.568	taxongroup_topic	Animal__kingdom
compound<nmod>det> the	1.0	0.339	taxongroup_topic	Animal__kingdom
nmod<obl< know	1.0	0.471	taxongroup_topic	Animal__kingdom
appos<nsubj< predatory	1.0	0.845	taxongroup_topic	Animal__kingdom
appos<conj> flatworm	1.0	0.553	taxongroup_topic	Animal__kingdom
appos<appos>nummod> e.g.	1.0	0.278	taxongroup_topic	Animal__kingdom
appos<conj> echinoderm	1.0	0.536	taxongroup_topic	Animal__kingdom
appos<appos>compound> comb	1.0	0.26	taxongroup_topic	Animal__kingdom
appos<conj> ctenophora	1.0	0.503	taxongroup_topic	Animal__kingdom
obl<conj<mark> that	1.0	0.247	taxongroup_topic	Animal__kingdom
nmod:poss<obj<nsubj> which	1.0	0.624	taxongroup_topic	Animal__kingdom
nummod> e.g.	1.0	0.407	taxongroup_topic	Animal__kingdom
appos<conj> cnidarian	1.0	0.568	taxongroup_topic	Animal__kingdom
appos<conj>amod> most	1.0	0.37	taxongroup_topic	Animal__kingdom
appos< environment	1.0	0.668	taxongroup_topic	Animal__kingdom
obl<obj>amod> visual	1.0	0.659	taxongroup_topic	Animal__kingdom
obl<obj>compound> resolution	1.0	0.319	taxongroup_topic	Animal__kingdom
obl<obj>det> the	1.0	0.383	taxongroup_topic	Animal__kingdom
obl<nsubj>conj> complexity	1.0	0.501	taxongroup_topic	Animal__kingdom
obl<nsubj> habitat	1.0	0.748	taxongroup_topic	Animal__kingdom
obl<nsubj>amod> increase	1.0	0.461	taxongroup_topic	Animal__kingdom
conj<conj>cop> be	1.0	0.395	taxongroup_topic	Animal__kingdom
conj<conj>cc> but	1.0	0.542	taxongroup_topic	Animal__kingdom
obl<obj> system	1.0	0.483	taxongroup_topic	Animal__kingdom
obl<obj>amod> common	1.0	0.672	taxongroup_topic	Animal__kingdom
appos<compound> marine	1.0	0.801	taxongroup_topic	Animal__kingdom
appos<case> in	1.0	0.826	taxongroup_topic	Animal__kingdom
nmod<nmod>case> of	1.0	0.408	taxongroup_topic	Animal__kingdom
nmod<obj< have	1.0	0.748	taxongroup_topic	Animal__kingdom
nsubj:pass<obj>det> a	1.0	0.446	taxongroup_topic	Animal__kingdom
nsubj:pass<obl>case> on	1.0	0.548	taxongroup_topic	Animal__kingdom
nmod<nmod<case> for	1.0	0.408	taxongroup_topic	Animal__kingdom
nmod<amod> most	1.0	0.692	taxongroup_topic	Animal__kingdom
compound<nsubj<det> the	1.0	0.389	taxongroup_topic	Animal__kingdom
conj<conj>nmod:poss> they	1.0	0.564	taxongroup_topic	Animal__kingdom
obl<obl>det> the	1.0	0.424	taxongroup_topic	Animal__kingdom
obl<obj> it	1.0	0.597	taxongroup_topic	Animal__kingdom
obl<cc> and	1.0	0.463	taxongroup_topic	Animal__kingdom
obl<conj<aux> can	1.0	0.597	taxongroup_topic	Animal__kingdom
obl<conj<nsubj> they	1.0	0.562	taxongroup_topic	Animal__kingdom
conj<obl<mark> to	1.0	0.51	taxongroup_topic	Animal__kingdom
nmod>acl>mark> to	1.0	0.328	taxongroup_topic	Animal__kingdom
nmod<conj<det> the	1.0	0.626	taxongroup_topic	Animal__kingdom
conj<nmod<case> in	1.0	0.324	taxongroup_topic	Animal__kingdom
compound<obl< feed	1.0	0.762	taxongroup_topic	Animal__kingdom
nmod<nsubj<obj> evolution	1.0	0.337	taxongroup_topic	Animal__kingdom
compound<compound<det> the	1.0	0.704	taxongroup_topic	Animal__kingdom
nsubj<advmod> how	1.0	0.988	taxongroup_topic	Animal__kingdom
nsubj<ccomp<cc> and	1.0	0.348	taxongroup_topic	Animal__kingdom
nmod>nmod:poss>case> 's	1.0	0.758	taxongroup_topic	Animal__kingdom
nsubj<obj>det> the	1.0	0.404	taxongroup_topic	Animal__kingdom
obj<aux> may	1.0	0.348	taxongroup_topic	Animal__kingdom
obj<nsubj>compound> sea	1.0	0.386	taxongroup_topic	Animal__kingdom
nsubj<advcl> move	1.0	0.787	taxongroup_topic	Animal__kingdom
nsubj<obj> which	1.0	0.459	taxongroup_topic	Animal__kingdom
conj<nmod< organisms	1.0	0.433	taxongroup_topic	Animal__kingdom
nsubj<obl>amod> visual	1.0	0.808	taxongroup_topic	Animal__kingdom
obl<aux> may	1.0	0.868	taxongroup_topic	Animal__kingdom
nmod<nmod< side	1.0	0.64	taxongroup_topic	Animal__kingdom
nmod<nmod<case> on	1.0	0.368	taxongroup_topic	Animal__kingdom
nsubj<obl>amod> warm	1.0	0.615	taxongroup_topic	Animal__kingdom
nsubj<appos>cop> be	1.0	0.412	taxongroup_topic	Animal__kingdom
obl<obj>det> a	1.0	0.324	taxongroup_topic	Animal__kingdom
acl:relcl>conj>cc> and	1.0	0.398	taxongroup_topic	Animal__kingdom
acl:relcl>obj>det> the	1.0	0.188	taxongroup_topic	Animal__kingdom
acl:relcl> include	1.0	0.525	taxongroup_topic	Animal__kingdom
obj<advcl>obj> it	1.0	0.394	taxongroup_topic	Animal__kingdom
conj<obj>det> the	1.0	0.689	taxongroup_topic	Animal__kingdom
conj<obj<mark> to	1.0	0.62	taxongroup_topic	Animal__kingdom
nmod>nmod>case> like	1.0	0.69	taxongroup_topic	Animal__kingdom
nmod>case> with	1.0	0.977	taxongroup_topic	Animal__kingdom
nsubj<parataxis>advmod> not	1.0	0.331	taxongroup_topic	Animal__kingdom
nsubj<parataxis>aux> can	1.0	0.335	taxongroup_topic	Animal__kingdom
appos<appos<det> the	1.0	0.236	taxongroup_topic	Animal__kingdom
obj<conj<det> the	1.0	0.245	taxongroup_topic	Animal__kingdom
obj< resemble	1.0	0.546	taxongroup_topic	Animal__kingdom
obj<conj< have	1.0	0.243	taxongroup_topic	Animal__kingdom
nsubj<advmod> more	1.0	0.868	taxongroup_topic	Animal__kingdom
appos<appos>det> the	1.0	0.492	taxongroup_topic	Animal__kingdom
appos<conj> Bilateria	1.0	0.444	taxongroup_topic	Animal__kingdom
appos<flat> Ctenophora	1.0	0.295	taxongroup_topic	Animal__kingdom
appos< Cnidaria	1.0	0.691	taxongroup_topic	Animal__kingdom
appos<case> to	1.0	0.69	taxongroup_topic	Animal__kingdom
nmod<det> all	1.0	0.61	taxongroup_topic	Animal__kingdom
nmod<conj<advmod> traditionally	1.0	0.658	taxongroup_topic	Animal__kingdom
nsubj<advcl>advmod> not	1.0	0.65	taxongroup_topic	Animal__kingdom
nsubj<advcl>mark> though	1.0	0.913	taxongroup_topic	Animal__kingdom
appos<obl< related	1.0	0.264	taxongroup_topic	Animal__kingdom
appos<obl<advmod> closely	1.0	0.566	taxongroup_topic	Animal__kingdom
appos<obl<nsubj> Calcarea	1.0	0.276	taxongroup_topic	Animal__kingdom
appos<obl<mark> that	1.0	0.579	taxongroup_topic	Animal__kingdom
appos<obl<ccomp< think	1.0	0.5	taxongroup_topic	Animal__kingdom
nmod<obl<aux> may	1.0	0.346	taxongroup_topic	Animal__kingdom
conj<amod> true	1.0	0.925	taxongroup_topic	Animal__kingdom
nmod<obj< find	1.0	0.536	taxongroup_topic	Animal__kingdom
appos<case> as	1.0	0.645	taxongroup_topic	Animal__kingdom
parataxis<det> the	1.0	0.442	taxongroup_topic	Animal__kingdom
parataxis<cop> be	1.0	0.475	taxongroup_topic	Animal__kingdom
nsubj<acl:relcl>aux:pass> be	1.0	0.44	taxongroup_topic	Animal__kingdom
nsubj<obj>amod> main	1.0	0.694	taxongroup_topic	Animal__kingdom
conj>cc> but	1.0	0.878	taxongroup_topic	Animal__kingdom
amod>obl> themselves	1.0	0.339	taxongroup_topic	Animal__kingdom
amod>obl>case> than	1.0	0.546	taxongroup_topic	Animal__kingdom
amod> larger	1.0	1.343	taxongroup_topic	Animal__kingdom
amod>obl:npmod> time	1.0	0.18	taxongroup_topic	Animal__kingdom
amod>obl:npmod>amod> several	1.0	0.729	taxongroup_topic	Animal__kingdom
nsubj<advcl>aux> have	1.0	0.337	taxongroup_topic	Animal__kingdom
nmod<nsubj<det> a	1.0	0.358	taxongroup_topic	Animal__kingdom
conj<conj>compound> animal	1.0	0.32	taxongroup_topic	Animal__kingdom
nmod< class	1.0	0.382	taxongroup_topic	Animal__kingdom
obl< find	1.0	0.453	taxongroup_topic	Animal__kingdom
nsubj<conj>obl> animal	1.0	0.42	taxongroup_topic	Animal__kingdom
advmod> only	1.0	0.462	taxongroup_topic	Animal__kingdom
acl>obl>case> to	1.0	0.539	taxongroup_topic	Animal__kingdom
nmod<compound> body	1.0	0.381	taxongroup_topic	Animal__kingdom
conj>nmod>case> of	1.0	0.507	taxongroup_topic	Animal__kingdom
nmod>conj> anemone	1.0	0.856	taxongroup_topic	Animal__kingdom
nmod> jellyfish	1.0	0.641	taxongroup_topic	Animal__kingdom
nmod>case>fixed> as	1.0	0.427	taxongroup_topic	Animal__kingdom
nmod>case> such	1.0	0.79	taxongroup_topic	Animal__kingdom
nmod<nmod>case> from	1.0	0.511	taxongroup_topic	Animal__kingdom
nsubj<mark> because	1.0	0.467	taxongroup_topic	Animal__kingdom
nmod<nsubj> which	1.0	0.392	taxongroup_topic	Animal__kingdom
nmod<acl:relcl<det> the	1.0	0.388	taxongroup_topic	Animal__kingdom
nmod<acl:relcl<cop> be	1.0	0.435	taxongroup_topic	Animal__kingdom
nmod>compound> sea	1.0	0.452	taxongroup_topic	Animal__kingdom
nmod<nmod>det> a	1.0	0.493	taxongroup_topic	Animal__kingdom
conj<amod> other	1.0	0.949	taxongroup_topic	Animal__kingdom
obj<acl:relcl< turtle	1.0	0.684	taxongroup_topic	Animal__kingdom
compound<case> as	1.0	0.296	taxongroup_topic	Animal__kingdom
compound<obl<mark> to	1.0	0.716	taxongroup_topic	Animal__kingdom
nmod<nsubj< be	1.0	0.775	taxongroup_topic	Animal__kingdom
nmod<nsubj<expl> there	1.0	0.553	taxongroup_topic	Animal__kingdom
acl:relcl>aux> may	1.0	0.463	taxongroup_topic	Animal__kingdom
obl<advcl<nsubj> which	1.0	0.502	taxongroup_topic	Animal__kingdom
obl<nsubj:pass>det> the	1.0	0.663	taxongroup_topic	Animal__kingdom
acl>obl>case> at	1.0	0.449	taxongroup_topic	Animal__kingdom
obl<advmod> only	1.0	0.24	taxongroup_topic	Animal__kingdom
conj>aux:pass> be	1.0	0.317	taxongroup_topic	Animal__kingdom
amod>advmod> most	1.0	0.229	taxongroup_topic	Animal__kingdom
nmod:poss> world	1.0	0.764	taxongroup_topic	Animal__kingdom
obl<parataxis>aux:pass> be	1.0	0.558	taxongroup_topic	Animal__kingdom
obl<parataxis>aux> can	1.0	0.246	taxongroup_topic	Animal__kingdom
obl< prey	1.0	0.381	taxongroup_topic	Animal__kingdom
obl<nsubj> animal	1.0	0.83	taxongroup_topic	Animal__kingdom
obl<nsubj>amod> few	1.0	0.415	taxongroup_topic	Animal__kingdom
nsubj:pass<advmod> traditionally	1.0	0.501	taxongroup_topic	Animal__kingdom
nsubj< make	1.0	0.81	taxongroup_topic	Animal__kingdom
conj< bird	1.0	0.53	taxongroup_topic	Animal__kingdom
nsubj<obl> tentacle	1.0	0.49	taxongroup_topic	Animal__kingdom
nsubj<obl> jellyfish	1.0	0.301	taxongroup_topic	Animal__kingdom
nmod<nsubj< have	1.0	0.764	taxongroup_topic	Animal__kingdom
nsubj<obj> migration	1.0	0.3	taxongroup_topic	Animal__kingdom
obj<obl>case> by	1.0	0.587	taxongroup_topic	Animal__kingdom
nsubj:pass<xcomp>cop> be	1.0	0.294	taxongroup_topic	Animal__kingdom
amod> ...	706.0	1.252	ALL	Animal__kingdom
case> ...	694.0	0.909	ALL	Animal__kingdom
det> ...	549.0	1.25	ALL	Animal__kingdom
nmod< ...	391.0	0.428	ALL	Animal__kingdom
compound> ...	366.0	0.581	ALL	Animal__kingdom
det> the	360.0	1.274	ALL	Animal__kingdom
conj<conj> ...	352.0	0.906	ALL	Animal__kingdom
nsubj< ...	314.0	0.766	ALL	Animal__kingdom
conj> ...	284.0	1.014	ALL	Animal__kingdom
case> of	260.0	0.941	ALL	Animal__kingdom
compound< ...	239.0	0.347	ALL	Animal__kingdom
obl< ...	221.0	0.365	ALL	Animal__kingdom
conj< ...	207.0	0.502	ALL	Animal__kingdom
nmod<det> ...	207.0	0.58	ALL	Animal__kingdom
nmod>case> ...	202.0	0.916	ALL	Animal__kingdom
nmod> ...	195.0	0.597	ALL	Animal__kingdom
nmod<amod> ...	171.0	0.678	ALL	Animal__kingdom
obj< ...	157.0	0.474	ALL	Animal__kingdom
conj>cc> ...	156.0	0.783	ALL	Animal__kingdom
nmod<case> ...	154.0	0.897	ALL	Animal__kingdom
nsubj<obl>case> ...	137.0	0.95	ALL	Animal__kingdom
nsubj<obl> ...	134.0	0.296	ALL	Animal__kingdom
conj>cc> and	127.0	0.785	ALL	Animal__kingdom
cc> ...	123.0	0.943	ALL	Animal__kingdom
nsubj<obj> ...	120.0	0.444	ALL	Animal__kingdom
nmod<det> the	112.0	0.636	ALL	Animal__kingdom
compound<case> ...	109.0	0.297	ALL	Animal__kingdom
nsubj<advmod> ...	104.0	0.886	ALL	Animal__kingdom
nsubj<cop> ...	103.0	0.665	ALL	Animal__kingdom
nsubj<cop> be	102.0	0.67	ALL	Animal__kingdom
cc> and	99.0	0.965	ALL	Animal__kingdom
cop> be	96.0	0.745	ALL	Animal__kingdom
cop> ...	96.0	0.745	ALL	Animal__kingdom
conj<conj>cc> ...	92.0	0.527	ALL	Animal__kingdom
nsubj<conj> ...	88.0	0.302	ALL	Animal__kingdom
acl:relcl> ...	88.0	0.41	ALL	Animal__kingdom
amod> other	88.0	1.396	ALL	Animal__kingdom
conj<case> ...	87.0	0.392	ALL	Animal__kingdom
nsubj> ...	84.0	0.298	ALL	Animal__kingdom
obl<nsubj> ...	84.0	0.735	ALL	Animal__kingdom
compound<det> ...	82.0	0.621	ALL	Animal__kingdom
nmod<obl< ...	81.0	0.362	ALL	Animal__kingdom
conj<conj>cc> and	80.0	0.576	ALL	Animal__kingdom
acl:relcl>nsubj> ...	79.0	0.558	ALL	Animal__kingdom
compound> sea	78.0	0.699	ALL	Animal__kingdom
det> a	78.0	1.284	ALL	Animal__kingdom
nmod>det> ...	77.0	0.76	ALL	Animal__kingdom
obl<advmod> ...	74.0	0.276	ALL	Animal__kingdom
obj<nsubj> ...	73.0	0.299	ALL	Animal__kingdom
appos> ...	72.0	0.347	ALL	Animal__kingdom
compound<nmod< ...	70.0	0.217	ALL	Animal__kingdom
nmod>conj> ...	69.0	0.761	ALL	Animal__kingdom
nmod<det> a	68.0	0.569	ALL	Animal__kingdom
appos< ...	66.0	0.503	ALL	Animal__kingdom
nmod<obj< ...	65.0	0.629	ALL	Animal__kingdom
nsubj<aux> ...	65.0	0.594	ALL	Animal__kingdom
nsubj<conj>cc> ...	64.0	0.592	ALL	Animal__kingdom
acl> ...	63.0	0.72	ALL	Animal__kingdom
nsubj<mark> ...	62.0	0.428	ALL	Animal__kingdom
conj>compound> ...	61.0	0.361	ALL	Animal__kingdom
nmod<nmod< ...	61.0	0.542	ALL	Animal__kingdom
case> in	60.0	0.897	ALL	Animal__kingdom
compound<amod> ...	59.0	0.382	ALL	Animal__kingdom
nsubj<advcl> ...	59.0	0.788	ALL	Animal__kingdom
amod>advmod> ...	56.0	0.225	ALL	Animal__kingdom
nsubj:pass< ...	56.0	0.261	ALL	Animal__kingdom
nsubj:pass<aux:pass> be	56.0	0.586	ALL	Animal__kingdom
nsubj:pass<aux:pass> ...	56.0	0.586	ALL	Animal__kingdom
nmod>det> the	56.0	0.68	ALL	Animal__kingdom
conj<conj>compound> ...	56.0	0.39	ALL	Animal__kingdom
nmod<nsubj< ...	54.0	0.668	ALL	Animal__kingdom
obl<aux:pass> be	53.0	0.404	ALL	Animal__kingdom
nsubj<obj>amod> ...	53.0	0.669	ALL	Animal__kingdom
obl<aux:pass> ...	53.0	0.404	ALL	Animal__kingdom
nmod<nsubj> ...	52.0	0.352	ALL	Animal__kingdom
acl:relcl>nsubj> that	51.0	0.635	ALL	Animal__kingdom
nmod<cop> ...	51.0	0.287	ALL	Animal__kingdom
nmod<cop> be	50.0	0.424	ALL	Animal__kingdom
nmod<compound> ...	49.0	0.209	ALL	Animal__kingdom
nsubj<obj>det> ...	49.0	0.419	ALL	Animal__kingdom
conj<amod> ...	49.0	0.867	ALL	Animal__kingdom
nmod>compound> ...	49.0	0.366	ALL	Animal__kingdom
nmod>amod> ...	49.0	0.535	ALL	Animal__kingdom
advmod> ...	49.0	0.401	ALL	Animal__kingdom
obl<nsubj:pass> ...	48.0	0.628	ALL	Animal__kingdom
nsubj<conj>cc> and	48.0	0.565	ALL	Animal__kingdom
conj<conj>amod> ...	47.0	0.472	ALL	Animal__kingdom
nsubj<obl>amod> ...	47.0	0.709	ALL	Animal__kingdom
nmod<nmod>case> ...	47.0	0.418	ALL	Animal__kingdom
nsubj<advcl>mark> ...	47.0	0.77	ALL	Animal__kingdom
compound<case> of	47.0	0.281	ALL	Animal__kingdom
compound<det> the	46.0	0.605	ALL	Animal__kingdom
case> to	46.0	0.867	ALL	Animal__kingdom
nmod<nmod> ...	46.0	0.485	ALL	Animal__kingdom
acl>obl> ...	45.0	0.524	ALL	Animal__kingdom
nsubj:pass<obl>case> ...	45.0	0.53	ALL	Animal__kingdom
nummod> ...	45.0	0.426	ALL	Animal__kingdom
nsubj:pass<obl> ...	45.0	0.34	ALL	Animal__kingdom
acl>obl>case> ...	44.0	0.475	ALL	Animal__kingdom
conj>amod> ...	44.0	0.222	ALL	Animal__kingdom
nsubj<obl>det> ...	44.0	0.718	ALL	Animal__kingdom
obj<advmod> ...	44.0	0.635	ALL	Animal__kingdom
obl<obl> ...	44.0	0.534	ALL	Animal__kingdom
obj<mark> ...	44.0	0.507	ALL	Animal__kingdom
conj<obj< ...	42.0	0.325	ALL	Animal__kingdom
conj<nmod< ...	42.0	0.271	ALL	Animal__kingdom
conj<det> ...	42.0	0.586	ALL	Animal__kingdom
obl<obl>case> ...	42.0	0.367	ALL	Animal__kingdom
nsubj<nmod>case> ...	41.0	0.241	ALL	Animal__kingdom
acl:relcl>obl>case> ...	41.0	0.592	ALL	Animal__kingdom
nsubj<nmod> ...	40.0	0.365	ALL	Animal__kingdom
nmod>case> in	40.0	1.027	ALL	Animal__kingdom
case> as	40.0	0.982	ALL	Animal__kingdom
compound> box	40.0	0.663	ALL	Animal__kingdom
nmod:poss< ...	39.0	0.271	ALL	Animal__kingdom
nmod<obl<nsubj> ...	39.0	0.329	ALL	Animal__kingdom
compound<nmod<det> ...	39.0	0.339	ALL	Animal__kingdom
obl<conj> ...	38.0	0.328	ALL	Animal__kingdom
conj<obl< ...	37.0	0.432	ALL	Animal__kingdom
acl:relcl>obl> ...	37.0	0.313	ALL	Animal__kingdom
obl<obj> ...	37.0	0.537	ALL	Animal__kingdom
obj<obl>case> ...	35.0	0.641	ALL	Animal__kingdom
obl<aux> ...	35.0	0.745	ALL	Animal__kingdom
det> these	35.0	1.197	ALL	Animal__kingdom
compound<nmod>case> ...	35.0	0.831	ALL	Animal__kingdom
nsubj<obl>case> in	35.0	1.0	ALL	Animal__kingdom
nsubj< have	35.0	0.821	ALL	Animal__kingdom
compound<nmod> ...	35.0	0.152	ALL	Animal__kingdom
nsubj<advcl< ...	35.0	0.275	ALL	Animal__kingdom
nmod<case> of	34.0	1.041	ALL	Animal__kingdom
case> 's	34.0	0.914	ALL	Animal__kingdom
obl<acl< ...	34.0	0.302	ALL	Animal__kingdom
obj<obl> ...	34.0	0.294	ALL	Animal__kingdom
obj<advcl< ...	33.0	0.284	ALL	Animal__kingdom
compound<compound> ...	33.0	0.23	ALL	Animal__kingdom
acl:relcl>obj> ...	33.0	0.298	ALL	Animal__kingdom
nsubj<xcomp> ...	33.0	0.227	ALL	Animal__kingdom
compound<obl< ...	33.0	0.736	ALL	Animal__kingdom
nmod<obj<nsubj> ...	32.0	0.385	ALL	Animal__kingdom
conj<nsubj> ...	32.0	0.552	ALL	Animal__kingdom
case> for	32.0	0.875	ALL	Animal__kingdom
nsubj<det> ...	32.0	0.377	ALL	Animal__kingdom
conj>compound> sea	32.0	0.392	ALL	Animal__kingdom
obl<mark> ...	31.0	0.647	ALL	Animal__kingdom
nmod>conj>cc> ...	31.0	0.262	ALL	Animal__kingdom
nmod<conj< ...	31.0	0.292	ALL	Animal__kingdom
nsubj<ccomp< ...	31.0	0.714	ALL	Animal__kingdom
case> by	30.0	0.99	ALL	Animal__kingdom
nsubj<advcl>obj> ...	30.0	0.316	ALL	Animal__kingdom
amod> small	30.0	1.345	ALL	Animal__kingdom
nsubj<obj>det> a	29.0	0.499	ALL	Animal__kingdom
nsubj<obj>nmod> ...	29.0	0.337	ALL	Animal__kingdom
nsubj<amod> ...	29.0	0.157	ALL	Animal__kingdom
obl<nsubj>det> ...	29.0	0.503	ALL	Animal__kingdom
nsubj>amod> ...	29.0	0.2	ALL	Animal__kingdom
nmod>nmod> ...	29.0	0.426	ALL	Animal__kingdom
nmod>nmod>case> ...	29.0	0.635	ALL	Animal__kingdom
compound<nmod<amod> ...	29.0	0.374	ALL	Animal__kingdom
obl<conj< ...	28.0	0.354	ALL	Animal__kingdom
nmod>case> of	28.0	1.004	ALL	Animal__kingdom
nmod<nmod<det> ...	28.0	0.675	ALL	Animal__kingdom
nmod>case>fixed> ...	28.0	0.427	ALL	Animal__kingdom
appos<appos> ...	28.0	0.127	ALL	Animal__kingdom
nmod>case> such	28.0	0.79	ALL	Animal__kingdom
nmod>case>fixed> as	28.0	0.427	ALL	Animal__kingdom
compound<nmod<det> the	27.0	0.337	ALL	Animal__kingdom
appos<conj> ...	27.0	0.498	ALL	Animal__kingdom
compound<conj<conj> ...	27.0	0.816	ALL	Animal__kingdom
conj<compound> ...	27.0	0.356	ALL	Animal__kingdom
nsubj>det> ...	27.0	0.533	ALL	Animal__kingdom
acl:relcl>advmod> ...	26.0	0.307	ALL	Animal__kingdom
obl<conj>cc> ...	26.0	0.393	ALL	Animal__kingdom
nsubj<advcl<nsubj> ...	26.0	0.342	ALL	Animal__kingdom
compound<nsubj< ...	26.0	0.613	ALL	Animal__kingdom
nmod<nmod<amod> ...	26.0	0.404	ALL	Animal__kingdom
case> on	26.0	0.953	ALL	Animal__kingdom
nmod>conj>cc> and	26.0	0.297	ALL	Animal__kingdom
nmod<obl<advmod> ...	26.0	0.245	ALL	Animal__kingdom
conj<conj>compound> sea	25.0	0.435	ALL	Animal__kingdom
compound<conj< ...	25.0	0.607	ALL	Animal__kingdom
nmod<obl<obl> ...	25.0	0.494	ALL	Animal__kingdom
obl<acl:relcl< ...	25.0	0.306	ALL	Animal__kingdom
nmod<nmod>amod> ...	25.0	0.451	ALL	Animal__kingdom
nmod<conj> ...	25.0	0.248	ALL	Animal__kingdom
nmod<nsubj<conj> ...	25.0	0.368	ALL	Animal__kingdom
nsubj<conj>obl> ...	25.0	0.344	ALL	Animal__kingdom
nmod<obl<aux:pass> ...	24.0	0.262	ALL	Animal__kingdom
nmod<obl<aux:pass> be	24.0	0.262	ALL	Animal__kingdom
obl<cop> ...	24.0	0.592	ALL	Animal__kingdom
conj<appos> ...	24.0	0.344	ALL	Animal__kingdom
nsubj<conj>obj> ...	24.0	0.171	ALL	Animal__kingdom
nsubj<obl>nmod> ...	24.0	0.217	ALL	Animal__kingdom
conj<det> the	24.0	0.632	ALL	Animal__kingdom
nmod>case> with	24.0	0.977	ALL	Animal__kingdom
appos<det> ...	24.0	0.401	ALL	Animal__kingdom
conj<nmod<case> ...	24.0	0.251	ALL	Animal__kingdom
amod> large	24.0	1.4	ALL	Animal__kingdom
nmod<nmod<conj> ...	24.0	1.013	ALL	Animal__kingdom
nsubj<obj>conj> ...	24.0	0.397	ALL	Animal__kingdom
obj<advcl> ...	24.0	0.676	ALL	Animal__kingdom
compound<nmod<case> ...	24.0	0.382	ALL	Animal__kingdom
obl<cop> be	24.0	0.592	ALL	Animal__kingdom
nsubj<obl>det> the	23.0	0.755	ALL	Animal__kingdom
conj<cop> ...	23.0	0.458	ALL	Animal__kingdom
nsubj>det> the	23.0	0.57	ALL	Animal__kingdom
conj<advmod> ...	23.0	0.447	ALL	Animal__kingdom
case>fixed> ...	23.0	0.448	ALL	Animal__kingdom
amod> largest	23.0	1.278	ALL	Animal__kingdom
compound>compound> ...	23.0	0.69	ALL	Animal__kingdom
conj<cop> be	23.0	0.458	ALL	Animal__kingdom
obl<advcl> ...	23.0	0.35	ALL	Animal__kingdom
nsubj<xcomp>mark> ...	23.0	0.374	ALL	Animal__kingdom
nmod<cc> ...	23.0	0.527	ALL	Animal__kingdom
nsubj<xcomp>mark> to	23.0	0.374	ALL	Animal__kingdom
conj<obj<nsubj> ...	22.0	0.209	ALL	Animal__kingdom
obl<obl>amod> ...	22.0	0.198	ALL	Animal__kingdom
acl>mark> ...	22.0	0.235	ALL	Animal__kingdom
compound<nmod<obj< ...	22.0	0.312	ALL	Animal__kingdom
appos<det> the	22.0	0.539	ALL	Animal__kingdom
nsubj<mark> that	22.0	0.471	ALL	Animal__kingdom
amod> many	22.0	1.352	ALL	Animal__kingdom
compound<det> a	22.0	0.634	ALL	Animal__kingdom
nsubj<advcl>nsubj> ...	21.0	0.292	ALL	Animal__kingdom
conj<obl>case> ...	21.0	0.576	ALL	Animal__kingdom
nmod<advmod> ...	21.0	0.434	ALL	Animal__kingdom
nsubj:pass<advmod> ...	21.0	0.399	ALL	Animal__kingdom
obl<conj>cc> and	21.0	0.516	ALL	Animal__kingdom
nsubj<obj>compound> ...	21.0	0.294	ALL	Animal__kingdom
nmod<conj>cc> ...	21.0	0.134	ALL	Animal__kingdom
nmod<nmod<det> the	20.0	0.661	ALL	Animal__kingdom
obj<aux> ...	20.0	0.336	ALL	Animal__kingdom
obj<acl:relcl< ...	20.0	0.567	ALL	Animal__kingdom
nmod<nsubj<obl> ...	20.0	0.327	ALL	Animal__kingdom
obl<cc> ...	20.0	0.504	ALL	Animal__kingdom
nmod<case> in	20.0	1.006	ALL	Animal__kingdom
compound>amod> ...	20.0	0.31	ALL	Animal__kingdom
obj< include	20.0	0.333	ALL	Animal__kingdom
nmod:poss<case> ...	20.0	0.495	ALL	Animal__kingdom
conj<nmod> ...	20.0	0.543	ALL	Animal__kingdom
obl<nsubj>det> the	20.0	0.636	ALL	Animal__kingdom
compound<obj< ...	20.0	0.581	ALL	Animal__kingdom
acl:relcl>nsubj> which	20.0	0.621	ALL	Animal__kingdom
det> some	20.0	1.323	ALL	Animal__kingdom
nsubj<det> a	20.0	0.402	ALL	Animal__kingdom
obl<nsubj>amod> ...	19.0	0.309	ALL	Animal__kingdom
conj>nmod>case> ...	19.0	0.478	ALL	Animal__kingdom
conj<nmod>case> ...	19.0	0.57	ALL	Animal__kingdom
acl>obj> ...	19.0	0.467	ALL	Animal__kingdom
conj<obl> ...	19.0	0.214	ALL	Animal__kingdom
appos>compound> ...	19.0	0.489	ALL	Animal__kingdom
obj<advcl>mark> ...	19.0	0.455	ALL	Animal__kingdom
nsubj:pass<obl>det> ...	19.0	0.612	ALL	Animal__kingdom
nmod<nsubj<cop> ...	19.0	0.258	ALL	Animal__kingdom
nmod<nsubj<cop> be	19.0	0.258	ALL	Animal__kingdom
nsubj<nmod>case> of	19.0	0.353	ALL	Animal__kingdom
appos<amod> ...	19.0	0.54	ALL	Animal__kingdom
nmod<nsubj<obj> ...	18.0	0.358	ALL	Animal__kingdom
conj>cc> or	18.0	0.815	ALL	Animal__kingdom
nsubj>compound> ...	18.0	0.515	ALL	Animal__kingdom
nmod<nsubj>det> ...	18.0	0.622	ALL	Animal__kingdom
amod>conj> ...	18.0	0.163	ALL	Animal__kingdom
conj<obl<nsubj> ...	18.0	0.353	ALL	Animal__kingdom
compound<cc> ...	18.0	0.613	ALL	Animal__kingdom
nmod>nmod>case> of	18.0	0.807	ALL	Animal__kingdom
obj<mark> to	18.0	0.564	ALL	Animal__kingdom
conj>nmod> ...	18.0	0.296	ALL	Animal__kingdom
case> such	18.0	0.927	ALL	Animal__kingdom
nmod<obl<nsubj:pass> ...	18.0	0.505	ALL	Animal__kingdom
obj<conj< ...	18.0	0.193	ALL	Animal__kingdom
nsubj<obl>conj> ...	18.0	0.501	ALL	Animal__kingdom
nmod<nmod>det> ...	18.0	0.459	ALL	Animal__kingdom
case>fixed> as	18.0	0.408	ALL	Animal__kingdom
conj<conj> crab	18.0	0.94	ALL	Animal__kingdom
obl<obj>amod> ...	18.0	0.613	ALL	Animal__kingdom
conj<nsubj< ...	18.0	0.346	ALL	Animal__kingdom
obl<obl>det> ...	18.0	0.379	ALL	Animal__kingdom
nsubj<obl>case> to	17.0	1.022	ALL	Animal__kingdom
nsubj<parataxis> ...	17.0	0.188	ALL	Animal__kingdom
obl<conj<nsubj> ...	17.0	0.578	ALL	Animal__kingdom
conj>det> ...	17.0	0.612	ALL	Animal__kingdom
conj<conj>advmod> ...	17.0	0.573	ALL	Animal__kingdom
nsubj<advcl>obl> ...	17.0	0.532	ALL	Animal__kingdom
appos>conj> ...	17.0	0.409	ALL	Animal__kingdom
nmod< species	17.0	0.482	ALL	Animal__kingdom
det> any	17.0	1.279	ALL	Animal__kingdom
amod> most	17.0	1.397	ALL	Animal__kingdom
appos<nsubj< ...	17.0	0.401	ALL	Animal__kingdom
amod>obl>case> ...	17.0	0.528	ALL	Animal__kingdom
nsubj<aux> can	17.0	0.518	ALL	Animal__kingdom
obl<advcl>mark> ...	17.0	0.593	ALL	Animal__kingdom
obj<conj>cc> ...	17.0	0.378	ALL	Animal__kingdom
obj<conj> ...	17.0	0.33	ALL	Animal__kingdom
appos<case> ...	17.0	0.655	ALL	Animal__kingdom
amod>obl> ...	17.0	0.242	ALL	Animal__kingdom
compound<case> in	17.0	0.317	ALL	Animal__kingdom
nsubj<nmod>amod> ...	17.0	0.376	ALL	Animal__kingdom
compound<nsubj<conj> ...	17.0	0.589	ALL	Animal__kingdom
compound<cc> and	17.0	0.595	ALL	Animal__kingdom
obl<acl<amod> ...	16.0	0.306	ALL	Animal__kingdom
nmod<nmod>det> the	16.0	0.432	ALL	Animal__kingdom
case> include	16.0	0.841	ALL	Animal__kingdom
conj>advmod> ...	16.0	0.552	ALL	Animal__kingdom
compound<appos< ...	16.0	0.581	ALL	Animal__kingdom
obj<obl>det> ...	16.0	0.611	ALL	Animal__kingdom
obj<cc> ...	16.0	0.526	ALL	Animal__kingdom
obl<conj<obl> ...	16.0	0.654	ALL	Animal__kingdom
obl<acl<det> ...	16.0	0.586	ALL	Animal__kingdom
conj<nmod<amod> ...	16.0	0.31	ALL	Animal__kingdom
obj<nsubj>det> ...	16.0	0.465	ALL	Animal__kingdom
nsubj<conj>advmod> ...	16.0	0.39	ALL	Animal__kingdom
nmod<conj>cc> and	16.0	0.162	ALL	Animal__kingdom
conj>obl> ...	16.0	0.382	ALL	Animal__kingdom
conj>obl>case> ...	16.0	0.509	ALL	Animal__kingdom
parataxis> ...	16.0	0.252	ALL	Animal__kingdom
cc> or	16.0	1.069	ALL	Animal__kingdom
nsubj<obl>compound> ...	16.0	0.201	ALL	Animal__kingdom
acl>mark> to	16.0	0.289	ALL	Animal__kingdom
conj<case>fixed> ...	16.0	0.686	ALL	Animal__kingdom
nsubj<ccomp<nsubj> ...	15.0	0.377	ALL	Animal__kingdom
nmod:poss<amod> ...	15.0	0.419	ALL	Animal__kingdom
obl<mark> to	15.0	0.619	ALL	Animal__kingdom
nmod<obl<aux> ...	15.0	0.394	ALL	Animal__kingdom
obj<cc> and	15.0	0.581	ALL	Animal__kingdom
nsubj<xcomp>obj> ...	15.0	0.36	ALL	Animal__kingdom
nmod<nsubj:pass< ...	15.0	0.524	ALL	Animal__kingdom
conj<nmod<det> ...	15.0	0.671	ALL	Animal__kingdom
nmod<nsubj:pass<aux:pass> be	15.0	0.776	ALL	Animal__kingdom
nmod<appos> ...	15.0	0.152	ALL	Animal__kingdom
nsubj<advcl>advmod> ...	15.0	0.567	ALL	Animal__kingdom
nmod<obl<conj< ...	15.0	0.335	ALL	Animal__kingdom
appos<nmod> ...	15.0	0.361	ALL	Animal__kingdom
appos<nmod>case> ...	15.0	0.427	ALL	Animal__kingdom
nmod<nmod<case> ...	15.0	0.315	ALL	Animal__kingdom
appos>amod> ...	15.0	0.441	ALL	Animal__kingdom
conj<obj<advmod> ...	15.0	0.996	ALL	Animal__kingdom
nsubj:pass<aux> ...	15.0	0.211	ALL	Animal__kingdom
nmod<nmod<obj< ...	15.0	0.554	ALL	Animal__kingdom
conj<case> such	15.0	0.45	ALL	Animal__kingdom
conj<parataxis> ...	15.0	0.245	ALL	Animal__kingdom
nmod<acl> ...	15.0	0.545	ALL	Animal__kingdom
amod>conj>cc> ...	15.0	0.566	ALL	Animal__kingdom
nmod<cc> and	15.0	0.565	ALL	Animal__kingdom
nmod<nsubj:pass<aux:pass> ...	15.0	0.776	ALL	Animal__kingdom
conj<case>fixed> as	15.0	0.682	ALL	Animal__kingdom
nsubj<obl>det> a	15.0	0.756	ALL	Animal__kingdom
conj<obj< include	15.0	0.341	ALL	Animal__kingdom
obl<nsubj>compound> ...	14.0	0.234	ALL	Animal__kingdom
det> all	14.0	1.223	ALL	Animal__kingdom
obj< eat	14.0	0.531	ALL	Animal__kingdom
amod> larger	14.0	1.343	ALL	Animal__kingdom
compound>nmod>case> ...	14.0	0.639	ALL	Animal__kingdom
compound>nmod> ...	14.0	0.387	ALL	Animal__kingdom
nmod<nsubj:pass<obl> ...	14.0	0.415	ALL	Animal__kingdom
nmod<nmod<nsubj< ...	14.0	0.381	ALL	Animal__kingdom
compound> land	14.0	0.72	ALL	Animal__kingdom
acl:relcl>cop> be	14.0	0.69	ALL	Animal__kingdom
obj<xcomp< ...	14.0	0.337	ALL	Animal__kingdom
amod> baby	14.0	1.153	ALL	Animal__kingdom
acl:relcl>cop> ...	14.0	0.69	ALL	Animal__kingdom
nmod<conj<conj> ...	14.0	0.269	ALL	Animal__kingdom
acl:relcl>obj>amod> ...	14.0	0.526	ALL	Animal__kingdom
acl:relcl>aux> ...	14.0	0.437	ALL	Animal__kingdom
nmod<obl<cc> ...	14.0	0.443	ALL	Animal__kingdom
nmod>case> include	14.0	0.895	ALL	Animal__kingdom
compound> crown	14.0	0.733	ALL	Animal__kingdom
compound>nmod>case> of	14.0	0.639	ALL	Animal__kingdom
compound>nmod> thorn	14.0	0.387	ALL	Animal__kingdom
compound<conj> ...	14.0	0.565	ALL	Animal__kingdom
nsubj:pass<conj> ...	14.0	0.415	ALL	Animal__kingdom
compound<compound< ...	13.0	0.413	ALL	Animal__kingdom
nmod<obl<cop> be	13.0	0.503	ALL	Animal__kingdom
nsubj:pass<xcomp>mark> ...	13.0	0.493	ALL	Animal__kingdom
nmod<obl<cop> ...	13.0	0.503	ALL	Animal__kingdom
nsubj:pass<xcomp> ...	13.0	0.212	ALL	Animal__kingdom
nmod:poss<nmod< ...	13.0	0.495	ALL	Animal__kingdom
obl<nsubj:pass>det> ...	13.0	0.65	ALL	Animal__kingdom
nmod< one	13.0	0.519	ALL	Animal__kingdom
compound<nmod<nmod< ...	13.0	0.458	ALL	Animal__kingdom
nsubj<advcl<obl> ...	13.0	0.443	ALL	Animal__kingdom
nmod>conj>compound> ...	13.0	0.157	ALL	Animal__kingdom
nsubj<advmod> not	13.0	1.024	ALL	Animal__kingdom
compound> tube	13.0	0.78	ALL	Animal__kingdom
amod> hydrothermal	13.0	0.956	ALL	Animal__kingdom
nsubj<cc> ...	13.0	0.418	ALL	Animal__kingdom
conj<appos>compound> ...	13.0	0.236	ALL	Animal__kingdom
nsubj<conj< ...	13.0	0.195	ALL	Animal__kingdom
conj<nmod<conj> ...	13.0	0.246	ALL	Animal__kingdom
flat> ...	13.0	0.37	ALL	Animal__kingdom
obj<nsubj>amod> ...	13.0	0.308	ALL	Animal__kingdom
conj<obl<advmod> ...	13.0	0.446	ALL	Animal__kingdom
nmod<nsubj<advmod> ...	13.0	0.184	ALL	Animal__kingdom
nsubj<nmod>det> ...	13.0	0.815	ALL	Animal__kingdom
acl:relcl>obj>conj> ...	13.0	0.559	ALL	Animal__kingdom
nmod<obj<conj> ...	13.0	0.197	ALL	Animal__kingdom
conj<nmod<obl< ...	13.0	0.533	ALL	Animal__kingdom
nsubj<conj>nmod> ...	13.0	0.264	ALL	Animal__kingdom
compound> moon	13.0	0.66	ALL	Animal__kingdom
acl>obl>det> ...	13.0	0.443	ALL	Animal__kingdom
nsubj<obj>det> the	13.0	0.404	ALL	Animal__kingdom
mark> ...	13.0	0.559	ALL	Animal__kingdom
nsubj:pass<xcomp>mark> to	13.0	0.493	ALL	Animal__kingdom
obl<aux> have	13.0	0.746	ALL	Animal__kingdom
acl>advmod> ...	13.0	0.509	ALL	Animal__kingdom
nsubj<advcl<advmod> ...	13.0	0.304	ALL	Animal__kingdom
nsubj<advcl<obj> ...	13.0	0.399	ALL	Animal__kingdom
nsubj:pass<obl>case> in	13.0	0.483	ALL	Animal__kingdom
obl<obj>det> ...	13.0	0.344	ALL	Animal__kingdom
compound< species	13.0	0.553	ALL	Animal__kingdom
nmod< group	13.0	0.434	ALL	Animal__kingdom
acl:relcl>obl>conj> ...	13.0	0.368	ALL	Animal__kingdom
obl<obl>det> the	13.0	0.424	ALL	Animal__kingdom
nmod<case> to	13.0	0.877	ALL	Animal__kingdom
nsubj<aux> have	13.0	0.641	ALL	Animal__kingdom
nsubj<cc> and	12.0	0.346	ALL	Animal__kingdom
conj<appos>conj> ...	12.0	0.476	ALL	Animal__kingdom
obj<obl>amod> ...	12.0	0.452	ALL	Animal__kingdom
obl<nsubj:pass>det> the	12.0	0.663	ALL	Animal__kingdom
compound<nsubj<cop> be	12.0	0.428	ALL	Animal__kingdom
nsubj:pass<advcl> ...	12.0	0.557	ALL	Animal__kingdom
nmod<amod>advmod> ...	12.0	0.523	ALL	Animal__kingdom
parataxis<conj> ...	12.0	0.394	ALL	Animal__kingdom
obj<obl>det> the	12.0	0.586	ALL	Animal__kingdom
amod> intertidal	12.0	1.077	ALL	Animal__kingdom
obj<advcl<nsubj> ...	12.0	0.195	ALL	Animal__kingdom
nsubj<acl:relcl> ...	12.0	0.752	ALL	Animal__kingdom
acl>obl>case> in	12.0	0.502	ALL	Animal__kingdom
nsubj:pass<obl>amod> ...	12.0	0.317	ALL	Animal__kingdom
amod>obl:npmod> ...	12.0	0.126	ALL	Animal__kingdom
nsubj<advmod> also	12.0	0.896	ALL	Animal__kingdom
compound<nsubj<cop> ...	12.0	0.428	ALL	Animal__kingdom
appos<conj>cc> ...	12.0	0.715	ALL	Animal__kingdom
conj<case> of	12.0	0.424	ALL	Animal__kingdom
obj<nsubj>compound> ...	12.0	0.41	ALL	Animal__kingdom
obj<advcl<obl> ...	12.0	0.549	ALL	Animal__kingdom
compound<conj<case> ...	12.0	0.424	ALL	Animal__kingdom
obl<xcomp< ...	12.0	0.772	ALL	Animal__kingdom
appos<conj>cc> and	12.0	0.715	ALL	Animal__kingdom
obl<advcl< ...	12.0	0.466	ALL	Animal__kingdom
nmod<acl>obl> ...	12.0	0.275	ALL	Animal__kingdom
amod>conj>cc> and	12.0	0.571	ALL	Animal__kingdom
nmod<obj<mark> ...	12.0	0.413	ALL	Animal__kingdom
nmod<nsubj>det> the	12.0	0.631	ALL	Animal__kingdom
nsubj<obj>nmod:poss> ...	12.0	0.261	ALL	Animal__kingdom
nsubj<xcomp>obl> ...	12.0	0.425	ALL	Animal__kingdom
nmod>nmod>det> ...	12.0	0.261	ALL	Animal__kingdom
obl< use	12.0	0.353	ALL	Animal__kingdom
obl<acl<det> the	12.0	0.573	ALL	Animal__kingdom
nsubj<obj>acl:relcl> ...	12.0	0.754	ALL	Animal__kingdom
compound< kingdom	12.0	0.41	ALL	Animal__kingdom
nmod:poss> ...	12.0	0.674	ALL	Animal__kingdom
acl>obl>amod> ...	12.0	0.184	ALL	Animal__kingdom
nmod<obl<cc> and	12.0	0.451	ALL	Animal__kingdom
appos<compound> ...	12.0	0.702	ALL	Animal__kingdom
conj< plant	11.0	0.518	ALL	Animal__kingdom
conj<appos<conj> ...	11.0	0.796	ALL	Animal__kingdom
nsubj<advcl>mark> to	11.0	0.773	ALL	Animal__kingdom
nmod<nmod<nmod> ...	11.0	0.334	ALL	Animal__kingdom
nsubj:pass<conj>cc> and	11.0	0.321	ALL	Animal__kingdom
acl:relcl>obl>amod> ...	11.0	0.34	ALL	Animal__kingdom
obj<acl< ...	11.0	0.343	ALL	Animal__kingdom
obl<conj<cop> be	11.0	0.253	ALL	Animal__kingdom
obj<nsubj>nmod> ...	11.0	0.586	ALL	Animal__kingdom
nmod>det> a	11.0	0.73	ALL	Animal__kingdom
conj> plant	11.0	1.084	ALL	Animal__kingdom
nsubj<conj>cc> but	11.0	0.653	ALL	Animal__kingdom
nsubj<nmod>compound> ...	11.0	0.507	ALL	Animal__kingdom
nmod:poss>case> 's	11.0	0.329	ALL	Animal__kingdom
obj<acl:relcl<case> ...	11.0	0.214	ALL	Animal__kingdom
conj<conj> fish	11.0	0.926	ALL	Animal__kingdom
conj<conj>amod> other	11.0	0.613	ALL	Animal__kingdom
obl<conj<cop> ...	11.0	0.253	ALL	Animal__kingdom
obj< allow	11.0	0.554	ALL	Animal__kingdom
compound<nmod>det> ...	11.0	0.318	ALL	Animal__kingdom
nmod:poss>case> ...	11.0	0.329	ALL	Animal__kingdom
nsubj<conj>aux> ...	11.0	0.675	ALL	Animal__kingdom
conj<nmod<nmod< ...	11.0	0.366	ALL	Animal__kingdom
nmod<conj<amod> ...	11.0	0.355	ALL	Animal__kingdom
nsubj:pass<conj>cc> ...	11.0	0.321	ALL	Animal__kingdom
nsubj:pass<obl>nmod> ...	11.0	0.55	ALL	Animal__kingdom
compound<obl<conj> ...	11.0	0.291	ALL	Animal__kingdom
nmod<nmod>case> of	11.0	0.408	ALL	Animal__kingdom
compound<obl<nsubj> ...	11.0	0.439	ALL	Animal__kingdom
nmod<acl:relcl> ...	11.0	0.604	ALL	Animal__kingdom
nmod<acl:relcl>nsubj> ...	11.0	0.152	ALL	Animal__kingdom
nsubj:pass<obl>det> a	11.0	0.608	ALL	Animal__kingdom
obl<parataxis> ...	11.0	0.297	ALL	Animal__kingdom
nsubj<conj>amod> ...	11.0	0.474	ALL	Animal__kingdom
obj<nsubj> which	11.0	0.353	ALL	Animal__kingdom
conj<conj> cucumber	11.0	0.892	ALL	Animal__kingdom
nsubj:pass<mark> ...	11.0	0.241	ALL	Animal__kingdom
compound<nmod<det> a	11.0	0.325	ALL	Animal__kingdom
nmod<obl<conj> ...	11.0	0.323	ALL	Animal__kingdom
cc>fixed> ...	11.0	0.233	ALL	Animal__kingdom
obl<nsubj> that	10.0	0.798	ALL	Animal__kingdom
conj<obl<obl> ...	10.0	0.388	ALL	Animal__kingdom
compound<nsubj<obl> ...	10.0	0.598	ALL	Animal__kingdom
appos<nsubj<cop> ...	10.0	0.443	ALL	Animal__kingdom
conj<nsubj<cop> ...	10.0	0.33	ALL	Animal__kingdom
compound<nsubj<advmod> ...	10.0	0.418	ALL	Animal__kingdom
nmod<conj<det> ...	10.0	0.64	ALL	Animal__kingdom
compound<nmod<obl< ...	10.0	0.337	ALL	Animal__kingdom
compound<nmod>case> in	10.0	0.912	ALL	Animal__kingdom
compound<nmod>amod> ...	10.0	0.431	ALL	Animal__kingdom
compound<compound> box	10.0	0.275	ALL	Animal__kingdom
obj<conj<nsubj> ...	10.0	0.387	ALL	Animal__kingdom
nmod<obj<conj< ...	10.0	0.314	ALL	Animal__kingdom
nmod<appos< ...	10.0	0.334	ALL	Animal__kingdom
nsubj<advcl<conj> ...	10.0	0.208	ALL	Animal__kingdom
nsubj<nmod>det> the	10.0	0.843	ALL	Animal__kingdom
nsubj<conj>det> ...	10.0	0.335	ALL	Animal__kingdom
nmod<conj<nsubj> ...	10.0	0.24	ALL	Animal__kingdom
amod>advmod> most	10.0	0.229	ALL	Animal__kingdom
nsubj<obl>nummod> ...	10.0	0.535	ALL	Animal__kingdom
nmod:poss<obj< ...	10.0	0.282	ALL	Animal__kingdom
obl<appos> ...	10.0	0.198	ALL	Animal__kingdom
conj<conj> crustacean	10.0	0.909	ALL	Animal__kingdom
nmod<obj<advcl< ...	10.0	0.214	ALL	Animal__kingdom
conj<nsubj<cop> be	10.0	0.33	ALL	Animal__kingdom
obl< know	10.0	0.449	ALL	Animal__kingdom
nmod<det> some	10.0	0.565	ALL	Animal__kingdom
nsubj:pass<advcl>mark> ...	10.0	0.531	ALL	Animal__kingdom
appos<nsubj<cop> be	10.0	0.443	ALL	Animal__kingdom
appos>det> ...	10.0	0.495	ALL	Animal__kingdom
compound> Aurelia	10.0	0.42	ALL	Animal__kingdom
obl<advmod> also	10.0	0.32	ALL	Animal__kingdom
nsubj<acl:relcl>nsubj> ...	10.0	0.364	ALL	Animal__kingdom
advcl> ...	10.0	0.386	ALL	Animal__kingdom
obl<cc> but	10.0	0.638	ALL	Animal__kingdom
compound< aurita	10.0	0.555	ALL	Animal__kingdom
appos<appos>compound> ...	10.0	0.259	ALL	Animal__kingdom
conj>det> the	10.0	0.599	ALL	Animal__kingdom
conj>nmod>case> of	10.0	0.507	ALL	Animal__kingdom
nmod< variety	10.0	0.51	ALL	Animal__kingdom
nmod<amod> other	10.0	0.718	ALL	Animal__kingdom
obl<conj>nmod> ...	10.0	0.53	ALL	Animal__kingdom
obj<advcl>obj> ...	10.0	0.401	ALL	Animal__kingdom
compound<nmod>conj> ...	10.0	0.361	ALL	Animal__kingdom
compound<conj>cc> ...	10.0	0.241	ALL	Animal__kingdom
nsubj<parataxis>obl> ...	9.0	0.553	ALL	Animal__kingdom
nmod<obl<obj> ...	9.0	0.554	ALL	Animal__kingdom
acl:relcl>xcomp> ...	9.0	0.573	ALL	Animal__kingdom
nmod<obl<mark> ...	9.0	0.281	ALL	Animal__kingdom
compound<nmod<case> of	9.0	0.482	ALL	Animal__kingdom
obj<conj>cc> and	9.0	0.38	ALL	Animal__kingdom
compound<obj<mark> ...	9.0	0.295	ALL	Animal__kingdom
conj<nsubj<advmod> ...	9.0	0.209	ALL	Animal__kingdom
nmod<case> by	9.0	0.889	ALL	Animal__kingdom
obl<acl:relcl<case> ...	9.0	0.302	ALL	Animal__kingdom
compound<obl<aux:pass> ...	9.0	0.29	ALL	Animal__kingdom
nsubj<aux> do	9.0	0.682	ALL	Animal__kingdom
compound<nmod>nmod> ...	9.0	0.256	ALL	Animal__kingdom
compound<obl<aux:pass> be	9.0	0.29	ALL	Animal__kingdom
conj<case> on	9.0	0.446	ALL	Animal__kingdom
nmod<nmod>nmod> ...	9.0	0.326	ALL	Animal__kingdom
nsubj<det> the	9.0	0.4	ALL	Animal__kingdom
obl<nsubj:pass>amod> ...	9.0	0.434	ALL	Animal__kingdom
nsubj<parataxis>advmod> ...	9.0	0.301	ALL	Animal__kingdom
conj<obj<conj< ...	9.0	0.259	ALL	Animal__kingdom
obl<conj<nsubj:pass> ...	9.0	0.385	ALL	Animal__kingdom
compound<nmod>det> the	9.0	0.339	ALL	Animal__kingdom
nmod<nmod:poss> ...	9.0	0.333	ALL	Animal__kingdom
nsubj<conj>case> ...	9.0	0.459	ALL	Animal__kingdom
acl:relcl>obl>case> in	9.0	0.483	ALL	Animal__kingdom
nmod:poss<obl< ...	9.0	0.545	ALL	Animal__kingdom
nmod<obj<mark> to	9.0	0.51	ALL	Animal__kingdom
acl:relcl>aux:pass> ...	9.0	0.188	ALL	Animal__kingdom
compound<nmod<nmod> ...	9.0	0.399	ALL	Animal__kingdom
appos>nmod> ...	9.0	0.384	ALL	Animal__kingdom
conj<compound> sea	9.0	0.42	ALL	Animal__kingdom
acl:relcl>obj>det> ...	9.0	0.189	ALL	Animal__kingdom
compound<appos> ...	9.0	0.209	ALL	Animal__kingdom
obl<nsubj>nmod> ...	9.0	0.173	ALL	Animal__kingdom
acl:relcl>aux:pass> be	9.0	0.188	ALL	Animal__kingdom
conj<appos< ...	9.0	0.297	ALL	Animal__kingdom
obl<acl<nsubj< ...	9.0	0.351	ALL	Animal__kingdom
nsubj:pass<advcl>obl> ...	9.0	0.271	ALL	Animal__kingdom
appos<nsubj<obl> ...	9.0	0.289	ALL	Animal__kingdom
amod>obl>case> than	9.0	0.546	ALL	Animal__kingdom
nsubj<obl>case> with	9.0	0.993	ALL	Animal__kingdom
obj<nsubj> that	9.0	0.369	ALL	Animal__kingdom
compound> Pompeii	9.0	0.604	ALL	Animal__kingdom
appos>nmod>case> ...	9.0	0.274	ALL	Animal__kingdom
obl< feed	9.0	0.426	ALL	Animal__kingdom
nmod:poss<nmod<det> ...	9.0	0.297	ALL	Animal__kingdom
conj>cc>fixed> ...	9.0	0.433	ALL	Animal__kingdom
nsubj:pass<aux> have	9.0	0.19	ALL	Animal__kingdom
nsubj<aux> may	9.0	0.58	ALL	Animal__kingdom
acl:relcl>obl>det> ...	9.0	0.371	ALL	Animal__kingdom
nsubj<obl>case> from	9.0	1.051	ALL	Animal__kingdom
obj<nsubj>det> the	9.0	0.551	ALL	Animal__kingdom
acl>obl>det> the	9.0	0.445	ALL	Animal__kingdom
nsubj<conj>advcl> ...	9.0	0.269	ALL	Animal__kingdom
acl:relcl>nsubj:pass> ...	9.0	0.346	ALL	Animal__kingdom
conj> cucumber	9.0	1.107	ALL	Animal__kingdom
obl<conj>det> ...	8.0	0.555	ALL	Animal__kingdom
conj> star	8.0	0.967	ALL	Animal__kingdom
obj<advmod> also	8.0	0.792	ALL	Animal__kingdom
compound<conj<nmod< ...	8.0	0.532	ALL	Animal__kingdom
nsubj<advcl>cop> ...	8.0	0.311	ALL	Animal__kingdom
nsubj<parataxis< ...	8.0	0.367	ALL	Animal__kingdom
nmod<obj<obl> ...	8.0	0.359	ALL	Animal__kingdom
appos<flat> ...	8.0	0.22	ALL	Animal__kingdom
nmod:poss>det> the	8.0	0.482	ALL	Animal__kingdom
conj<obl<cop> be	8.0	0.412	ALL	Animal__kingdom
conj<case> in	8.0	0.428	ALL	Animal__kingdom
acl:relcl>conj> ...	8.0	0.451	ALL	Animal__kingdom
obj<advcl>advmod> ...	8.0	0.393	ALL	Animal__kingdom
compound> Alvinella	8.0	0.438	ALL	Animal__kingdom
nmod<obj<cc> and	8.0	0.243	ALL	Animal__kingdom
nmod<conj<compound> ...	8.0	0.199	ALL	Animal__kingdom
nmod<nsubj>amod> ...	8.0	0.239	ALL	Animal__kingdom
obl<advcl>obj> ...	8.0	0.528	ALL	Animal__kingdom
acl>obl>case> to	8.0	0.539	ALL	Animal__kingdom
nmod<nmod<cop> be	8.0	0.274	ALL	Animal__kingdom
conj<nmod<det> a	8.0	0.707	ALL	Animal__kingdom
appos<appos>amod> ...	8.0	0.252	ALL	Animal__kingdom
obl<conj<aux:pass> be	8.0	0.601	ALL	Animal__kingdom
nsubj> they	8.0	0.474	ALL	Animal__kingdom
nsubj<advcl>cop> be	8.0	0.311	ALL	Animal__kingdom
obl<nsubj> which	8.0	0.782	ALL	Animal__kingdom
nmod<case> for	8.0	0.832	ALL	Animal__kingdom
nmod<amod> many	8.0	0.648	ALL	Animal__kingdom
nmod<nummod> ...	8.0	0.718	ALL	Animal__kingdom
conj<obl< feed	8.0	0.454	ALL	Animal__kingdom
obj<advmod> not	8.0	0.572	ALL	Animal__kingdom
obl<advcl<nsubj> ...	8.0	0.407	ALL	Animal__kingdom
nmod<conj<cop> ...	8.0	0.474	ALL	Animal__kingdom
conj< fish	8.0	0.538	ALL	Animal__kingdom
acl:relcl>obl>case> on	8.0	0.722	ALL	Animal__kingdom
nsubj<appos> ...	8.0	0.458	ALL	Animal__kingdom
nmod< animal	8.0	0.548	ALL	Animal__kingdom
obl<appos>det> the	8.0	0.519	ALL	Animal__kingdom
nmod<nmod>case> in	8.0	0.496	ALL	Animal__kingdom
nmod<obj<aux> ...	8.0	0.323	ALL	Animal__kingdom
nmod<nmod<nsubj> ...	8.0	0.198	ALL	Animal__kingdom
nmod<nmod<cop> ...	8.0	0.274	ALL	Animal__kingdom
acl> live	8.0	0.731	ALL	Animal__kingdom
conj<obl>amod> ...	8.0	0.355	ALL	Animal__kingdom
obl<appos>det> ...	8.0	0.519	ALL	Animal__kingdom
conj<obl<cop> ...	8.0	0.412	ALL	Animal__kingdom
obl<cc> and	8.0	0.463	ALL	Animal__kingdom
obj<obl>case> in	8.0	0.647	ALL	Animal__kingdom
compound<obj<nsubj> ...	8.0	0.485	ALL	Animal__kingdom
obj<advcl>obl> ...	8.0	0.237	ALL	Animal__kingdom
obl<ccomp< ...	8.0	0.312	ALL	Animal__kingdom
obj<xcomp<nsubj> ...	8.0	0.236	ALL	Animal__kingdom
obl<conj<aux:pass> ...	8.0	0.601	ALL	Animal__kingdom
nmod>case> on	8.0	0.902	ALL	Animal__kingdom
conj<obj<acl:relcl< ...	8.0	0.487	ALL	Animal__kingdom
conj<conj> snail	8.0	0.922	ALL	Animal__kingdom
nmod<nmod<obl< ...	8.0	0.192	ALL	Animal__kingdom
nsubj<obj>nummod> ...	8.0	0.298	ALL	Animal__kingdom
conj< starfish	8.0	0.539	ALL	Animal__kingdom
nmod<obj<acl< ...	8.0	0.62	ALL	Animal__kingdom
obl<advmod> not	8.0	0.246	ALL	Animal__kingdom
obl<acl:relcl<amod> ...	8.0	0.361	ALL	Animal__kingdom
obj<advcl<aux:pass> be	8.0	0.769	ALL	Animal__kingdom
nmod<nsubj<mark> ...	8.0	0.328	ALL	Animal__kingdom
obl<conj>obj> ...	8.0	0.306	ALL	Animal__kingdom
nmod<obj<cc> ...	8.0	0.243	ALL	Animal__kingdom
compound<compound<amod> ...	8.0	0.638	ALL	Animal__kingdom
nmod<conj<obl> ...	8.0	0.158	ALL	Animal__kingdom
obl<obj>conj> ...	8.0	0.272	ALL	Animal__kingdom
nmod:poss>det> ...	8.0	0.482	ALL	Animal__kingdom
acl>obl>compound> ...	8.0	0.151	ALL	Animal__kingdom
xcomp< ...	8.0	0.258	ALL	Animal__kingdom
obj<advcl<mark> ...	8.0	0.284	ALL	Animal__kingdom
conj<conj> worm	8.0	0.928	ALL	Animal__kingdom
nmod< class	8.0	0.382	ALL	Animal__kingdom
conj> anemone	8.0	1.09	ALL	Animal__kingdom
obj<obl>conj> ...	8.0	0.208	ALL	Animal__kingdom
obj<advcl<aux:pass> ...	8.0	0.769	ALL	Animal__kingdom
nmod<obj<advmod> ...	8.0	0.268	ALL	Animal__kingdom
obl<obj>nmod> ...	8.0	0.278	ALL	Animal__kingdom
conj<conj>cc> or	8.0	0.495	ALL	Animal__kingdom
nsubj:pass<advcl< ...	8.0	0.285	ALL	Animal__kingdom
compound> phylum	8.0	0.676	ALL	Animal__kingdom
nsubj<conj<obl> ...	8.0	0.4	ALL	Animal__kingdom
nsubj<acl:relcl< ...	8.0	0.377	ALL	Animal__kingdom
nmod<conj>amod> ...	8.0	0.208	ALL	Animal__kingdom
nsubj<conj>compound> ...	8.0	0.402	ALL	Animal__kingdom
conj<nmod<case> of	8.0	0.282	ALL	Animal__kingdom
nsubj<mark> while	8.0	0.523	ALL	Animal__kingdom
nsubj<nmod>acl:relcl> ...	8.0	0.285	ALL	Animal__kingdom
conj<parataxis>compound> ...	8.0	0.245	ALL	Animal__kingdom
obl<obj>det> the	8.0	0.383	ALL	Animal__kingdom
nmod<conj<cop> be	8.0	0.474	ALL	Animal__kingdom
nmod>appos> ...	7.0	0.278	ALL	Animal__kingdom
obl<aux> can	7.0	0.915	ALL	Animal__kingdom
obj<xcomp<conj> ...	7.0	0.459	ALL	Animal__kingdom
nsubj:pass<obl>compound> ...	7.0	0.186	ALL	Animal__kingdom
obj<advcl<cop> be	7.0	0.366	ALL	Animal__kingdom
conj> urchin	7.0	1.126	ALL	Animal__kingdom
conj<conj> mollusk	7.0	0.913	ALL	Animal__kingdom
conj<nsubj>nmod> ...	7.0	0.342	ALL	Animal__kingdom
conj<case> for	7.0	0.362	ALL	Animal__kingdom
compound>amod> deep	7.0	0.419	ALL	Animal__kingdom
conj<case> include	7.0	0.461	ALL	Animal__kingdom
nmod<obl<advcl> ...	7.0	0.272	ALL	Animal__kingdom
obl<acl<nmod> ...	7.0	0.358	ALL	Animal__kingdom
nmod<advcl> ...	7.0	0.271	ALL	Animal__kingdom
conj<nsubj>det> ...	7.0	0.334	ALL	Animal__kingdom
nsubj<conj>nsubj> ...	7.0	0.249	ALL	Animal__kingdom
compound<nsubj<obj> ...	7.0	0.31	ALL	Animal__kingdom
acl:relcl> include	7.0	0.525	ALL	Animal__kingdom
obj<advcl<advmod> ...	7.0	0.562	ALL	Animal__kingdom
acl:relcl>conj>cc> ...	7.0	0.381	ALL	Animal__kingdom
nsubj<acl:relcl>obl> ...	7.0	0.508	ALL	Animal__kingdom
nmod<conj<case> ...	7.0	0.386	ALL	Animal__kingdom
nsubj<nmod>nummod> ...	7.0	0.27	ALL	Animal__kingdom
compound<nmod>compound> ...	7.0	0.393	ALL	Animal__kingdom
nsubj:pass<obl>det> the	7.0	0.662	ALL	Animal__kingdom
obl<nsubj:pass>compound> ...	7.0	0.434	ALL	Animal__kingdom
obj<advcl<cop> ...	7.0	0.366	ALL	Animal__kingdom
obl<conj<conj> ...	7.0	0.361	ALL	Animal__kingdom
nmod<case> as	7.0	0.894	ALL	Animal__kingdom
nmod>conj>amod> ...	7.0	0.322	ALL	Animal__kingdom
compound<nmod<advmod> ...	7.0	0.311	ALL	Animal__kingdom
nsubj<advcl<advcl> ...	7.0	0.143	ALL	Animal__kingdom
obj<advcl>mark> to	7.0	0.502	ALL	Animal__kingdom
nmod<case> with	7.0	0.863	ALL	Animal__kingdom
compound<nummod> ...	7.0	0.14	ALL	Animal__kingdom
obl<conj>det> the	7.0	0.534	ALL	Animal__kingdom
acl:relcl>obj>det> the	7.0	0.188	ALL	Animal__kingdom
conj<aux:pass> ...	7.0	0.708	ALL	Animal__kingdom
nmod:poss<obl<nsubj> ...	7.0	0.647	ALL	Animal__kingdom
conj>nmod>conj> ...	7.0	0.677	ALL	Animal__kingdom
obl<obl>case> on	7.0	0.337	ALL	Animal__kingdom
acl:relcl>obl>det> the	7.0	0.441	ALL	Animal__kingdom
nsubj<obl>advmod> ...	7.0	0.328	ALL	Animal__kingdom
obl<acl:relcl<obj< ...	7.0	0.354	ALL	Animal__kingdom
nsubj<ccomp< suggest	7.0	0.747	ALL	Animal__kingdom
compound<nsubj<mark> ...	7.0	0.329	ALL	Animal__kingdom
conj<obj<cc> ...	7.0	0.373	ALL	Animal__kingdom
nmod<obj<acl:relcl< ...	7.0	0.316	ALL	Animal__kingdom
compound<appos<nmod> ...	7.0	0.25	ALL	Animal__kingdom
conj<conj>nmod> ...	7.0	0.213	ALL	Animal__kingdom
conj<nsubj>compound> ...	7.0	0.627	ALL	Animal__kingdom
compound<appos<compound> ...	7.0	0.322	ALL	Animal__kingdom
conj>obl>det> ...	7.0	0.334	ALL	Animal__kingdom
nmod<case> on	7.0	0.93	ALL	Animal__kingdom
conj<conj>obl> ...	7.0	0.481	ALL	Animal__kingdom
conj<nsubj>amod> ...	7.0	0.286	ALL	Animal__kingdom
nmod<conj<advmod> ...	7.0	0.436	ALL	Animal__kingdom
nsubj<parataxis>nsubj> ...	7.0	0.4	ALL	Animal__kingdom
nmod>case> for	7.0	0.819	ALL	Animal__kingdom
obj<xcomp> ...	7.0	0.47	ALL	Animal__kingdom
compound<obl<advmod> ...	7.0	0.633	ALL	Animal__kingdom
appos>conj>cc> ...	7.0	0.405	ALL	Animal__kingdom
obj<acl<amod> ...	7.0	0.193	ALL	Animal__kingdom
conj>obj> ...	7.0	0.258	ALL	Animal__kingdom
obl< prey	7.0	0.381	ALL	Animal__kingdom
compound<conj<nmod> ...	7.0	0.216	ALL	Animal__kingdom
compound<compound>compound> ...	7.0	0.428	ALL	Animal__kingdom
obl<obj>compound> ...	7.0	0.248	ALL	Animal__kingdom
nmod<obl>case> ...	7.0	0.471	ALL	Animal__kingdom
appos<obj< ...	7.0	0.389	ALL	Animal__kingdom
nsubj<obl>case> for	7.0	0.974	ALL	Animal__kingdom
nmod<nsubj>nmod> ...	7.0	0.22	ALL	Animal__kingdom
nummod>advmod> ...	7.0	0.478	ALL	Animal__kingdom
conj>nummod> ...	7.0	0.669	ALL	Animal__kingdom
nmod>case> from	7.0	1.003	ALL	Animal__kingdom
conj<aux:pass> be	7.0	0.708	ALL	Animal__kingdom
parataxis< ...	7.0	0.301	ALL	Animal__kingdom
nsubj<obj>acl> ...	7.0	0.505	ALL	Animal__kingdom
nsubj<obl>case> on	7.0	0.98	ALL	Animal__kingdom
parataxis>obl> ...	7.0	0.343	ALL	Animal__kingdom
parataxis>obl>case> ...	7.0	0.298	ALL	Animal__kingdom
compound<advmod> ...	7.0	0.497	ALL	Animal__kingdom
nmod>acl:relcl> ...	7.0	0.361	ALL	Animal__kingdom
nmod<nsubj<aux> ...	7.0	0.321	ALL	Animal__kingdom
nmod>nmod>det> the	7.0	0.281	ALL	Animal__kingdom
nsubj<acl> ...	7.0	0.513	ALL	Animal__kingdom
nmod>nummod> ...	7.0	0.212	ALL	Animal__kingdom
nmod>case> to	7.0	1.042	ALL	Animal__kingdom
obj<advcl<nsubj:pass> ...	7.0	0.29	ALL	Animal__kingdom
nmod<nmod>conj> ...	7.0	0.414	ALL	Animal__kingdom
obl<acl:relcl<det> ...	7.0	0.576	ALL	Animal__kingdom
nsubj<ccomp<obl> ...	7.0	0.212	ALL	Animal__kingdom
obl<xcomp> ...	7.0	0.614	ALL	Animal__kingdom
advcl<obj>conj> ...	6.0	0.298	ALL	Animal__kingdom
obj<nsubj> they	6.0	0.36	ALL	Animal__kingdom
nsubj< make	6.0	0.81	ALL	Animal__kingdom
conj<obl>det> ...	6.0	0.486	ALL	Animal__kingdom
conj<obj<mark> ...	6.0	0.36	ALL	Animal__kingdom
nsubj<parataxis<nsubj> ...	6.0	0.22	ALL	Animal__kingdom
nsubj<aux> be	6.0	0.573	ALL	Animal__kingdom
compound< planci	6.0	0.429	ALL	Animal__kingdom
nmod>nmod:poss> ...	6.0	0.398	ALL	Animal__kingdom
obl<acl:relcl<compound> ...	6.0	0.597	ALL	Animal__kingdom
conj<nmod<obj< ...	6.0	0.324	ALL	Animal__kingdom
compound<nsubj:pass<aux:pass> be	6.0	0.271	ALL	Animal__kingdom
obl>case> ...	6.0	0.344	ALL	Animal__kingdom
conj>obl>case> in	6.0	0.499	ALL	Animal__kingdom
nmod<obl> ...	6.0	0.53	ALL	Animal__kingdom
obl<appos>appos> ...	6.0	0.167	ALL	Animal__kingdom
obj<acl:relcl<obl< ...	6.0	0.178	ALL	Animal__kingdom
obj<obl>case> for	6.0	0.642	ALL	Animal__kingdom
nsubj>nmod> ...	6.0	0.347	ALL	Animal__kingdom
conj<nsubj>det> the	6.0	0.334	ALL	Animal__kingdom
nsubj>nmod>case> ...	6.0	0.477	ALL	Animal__kingdom
nsubj<advcl<aux:pass> ...	6.0	0.591	ALL	Animal__kingdom
nsubj<advcl>xcomp> ...	6.0	0.618	ALL	Animal__kingdom
acl:relcl> feed	6.0	0.542	ALL	Animal__kingdom
obj<xcomp>mark> to	6.0	0.518	ALL	Animal__kingdom
conj<aux> ...	6.0	0.274	ALL	Animal__kingdom
conj<nsubj:pass> ...	6.0	0.304	ALL	Animal__kingdom
nsubj<obj>nmod:poss> its	6.0	0.252	ALL	Animal__kingdom
nmod:poss<case> of	6.0	0.592	ALL	Animal__kingdom
nsubj<advcl>conj> ...	6.0	0.237	ALL	Animal__kingdom
nsubj<conj>det> the	6.0	0.426	ALL	Animal__kingdom
compound< prey	6.0	0.462	ALL	Animal__kingdom
appos<nmod>case> in	6.0	0.446	ALL	Animal__kingdom
conj<obj> ...	6.0	0.238	ALL	Animal__kingdom
appos<nmod< ...	6.0	0.626	ALL	Animal__kingdom
conj<conj>det> ...	6.0	0.45	ALL	Animal__kingdom
obl< find	6.0	0.453	ALL	Animal__kingdom
nsubj< animal	6.0	0.793	ALL	Animal__kingdom
conj>amod> other	6.0	0.259	ALL	Animal__kingdom
acl>obl>conj> ...	6.0	0.262	ALL	Animal__kingdom
obl<obl>case> with	6.0	0.29	ALL	Animal__kingdom
compound<appos<case> ...	6.0	0.282	ALL	Animal__kingdom
nmod<conj<aux> ...	6.0	0.317	ALL	Animal__kingdom
obl<obl>nmod> ...	6.0	0.483	ALL	Animal__kingdom
obj<xcomp>mark> ...	6.0	0.518	ALL	Animal__kingdom
nmod:poss<obl<obl> ...	6.0	0.462	ALL	Animal__kingdom
compound< eye	6.0	0.385	ALL	Animal__kingdom
obj<conj>amod> ...	6.0	0.262	ALL	Animal__kingdom
nsubj<acl< ...	6.0	0.359	ALL	Animal__kingdom
nmod:poss<obj<nsubj> ...	6.0	0.596	ALL	Animal__kingdom
compound<obl<nsubj:pass> ...	6.0	0.208	ALL	Animal__kingdom
conj<nmod<det> the	6.0	0.703	ALL	Animal__kingdom
appos<nsubj> ...	6.0	0.427	ALL	Animal__kingdom
nmod<conj>det> ...	6.0	0.354	ALL	Animal__kingdom
nsubj<obj>nmod:poss> they	6.0	0.279	ALL	Animal__kingdom
obl<xcomp<nsubj> ...	6.0	0.477	ALL	Animal__kingdom
compound<acl> ...	6.0	0.583	ALL	Animal__kingdom
nsubj<compound> ...	6.0	0.381	ALL	Animal__kingdom
obj<conj<obl> ...	6.0	0.241	ALL	Animal__kingdom
parataxis>nsubj> ...	6.0	0.43	ALL	Animal__kingdom
parataxis>advmod> ...	6.0	0.395	ALL	Animal__kingdom
nsubj< include	6.0	0.886	ALL	Animal__kingdom
obj<advcl<aux> ...	6.0	0.572	ALL	Animal__kingdom
nsubj:pass<obl>conj> ...	6.0	0.288	ALL	Animal__kingdom
advcl>mark> ...	6.0	0.552	ALL	Animal__kingdom
nsubj<conj>conj> ...	6.0	0.372	ALL	Animal__kingdom
nmod< number	6.0	0.485	ALL	Animal__kingdom
obj<acl<det> ...	6.0	0.671	ALL	Animal__kingdom
nmod<nsubj:pass<conj> ...	6.0	0.688	ALL	Animal__kingdom
obj<obj> ...	6.0	0.322	ALL	Animal__kingdom
compound<nmod<compound> ...	6.0	0.573	ALL	Animal__kingdom
conj> coral	6.0	1.085	ALL	Animal__kingdom
nmod>acl> ...	6.0	0.449	ALL	Animal__kingdom
conj<conj>obj> ...	6.0	0.305	ALL	Animal__kingdom
nmod<obj<nsubj> which	6.0	0.453	ALL	Animal__kingdom
nmod>case> per	6.0	0.851	ALL	Animal__kingdom
nsubj< appear	6.0	0.801	ALL	Animal__kingdom
conj<conj> urchin	6.0	0.902	ALL	Animal__kingdom
nsubj<advcl>advcl> ...	6.0	0.407	ALL	Animal__kingdom
nmod<mark> ...	6.0	0.248	ALL	Animal__kingdom
conj<conj> mollusc	6.0	0.89	ALL	Animal__kingdom
nsubj<obj>appos> ...	6.0	0.489	ALL	Animal__kingdom
compound<det> some	6.0	0.646	ALL	Animal__kingdom
obj<parataxis< ...	6.0	0.365	ALL	Animal__kingdom
acl:relcl>advcl> ...	6.0	0.556	ALL	Animal__kingdom
nsubj<appos>nmod> ...	6.0	0.424	ALL	Animal__kingdom
appos>nmod>amod> ...	6.0	0.325	ALL	Animal__kingdom
appos<obl< ...	6.0	0.272	ALL	Animal__kingdom
obj<obl>nmod> ...	6.0	0.147	ALL	Animal__kingdom
compound<conj>cc> and	6.0	0.347	ALL	Animal__kingdom
conj<obl<conj> ...	6.0	0.304	ALL	Animal__kingdom
parataxis<conj>cc> ...	6.0	0.389	ALL	Animal__kingdom
nsubj<parataxis>conj> ...	6.0	0.211	ALL	Animal__kingdom
obl<aux> may	6.0	0.868	ALL	Animal__kingdom
appos>conj>cc> and	6.0	0.438	ALL	Animal__kingdom
obl<ccomp<nsubj> ...	6.0	0.356	ALL	Animal__kingdom
nsubj<obl>nmod:poss> ...	6.0	0.325	ALL	Animal__kingdom
compound<nsubj:pass<aux:pass> ...	6.0	0.271	ALL	Animal__kingdom
compound<nsubj:pass< ...	6.0	0.314	ALL	Animal__kingdom
obl<obl>compound> ...	6.0	0.588	ALL	Animal__kingdom
nmod<conj>compound> ...	6.0	0.507	ALL	Animal__kingdom
nmod:poss<nmod<amod> ...	6.0	0.338	ALL	Animal__kingdom
obj<acl:relcl<det> ...	6.0	0.372	ALL	Animal__kingdom
nmod>compound>compound> ...	6.0	0.237	ALL	Animal__kingdom
nmod<nmod>case> from	6.0	0.511	ALL	Animal__kingdom
obl<amod< ...	6.0	0.296	ALL	Animal__kingdom
conj> insect	6.0	1.081	ALL	Animal__kingdom
amod>obl>conj> ...	6.0	0.278	ALL	Animal__kingdom
acl:relcl>obj>nmod> ...	6.0	0.507	ALL	Animal__kingdom
conj<appos>nummod> ...	6.0	0.308	ALL	Animal__kingdom
nsubj<obl>case> as	6.0	1.004	ALL	Animal__kingdom
conj>aux> ...	6.0	0.585	ALL	Animal__kingdom
acl:relcl>aux> can	6.0	0.259	ALL	Animal__kingdom
conj<nmod<nmod> ...	6.0	0.294	ALL	Animal__kingdom
conj>case> ...	6.0	0.647	ALL	Animal__kingdom
nmod<case> from	6.0	0.916	ALL	Animal__kingdom
conj<nmod<compound> ...	6.0	0.45	ALL	Animal__kingdom
nsubj<nmod>conj> ...	6.0	0.406	ALL	Animal__kingdom
nsubj<advcl>mark> when	6.0	0.661	ALL	Animal__kingdom
nsubj:pass<obl>case> by	6.0	0.556	ALL	Animal__kingdom
nmod:poss<nmod<det> a	6.0	0.279	ALL	Animal__kingdom
conj<parataxis>compound> cancer	6.0	0.36	ALL	Animal__kingdom
compound<case> as	6.0	0.296	ALL	Animal__kingdom
conj<det> a	6.0	0.599	ALL	Animal__kingdom
nsubj:pass<xcomp>obl> ...	6.0	0.311	ALL	Animal__kingdom
nmod>nmod>amod> ...	6.0	0.391	ALL	Animal__kingdom
nmod<conj<det> the	6.0	0.626	ALL	Animal__kingdom
obj<ccomp< ...	6.0	0.291	ALL	Animal__kingdom
obl<acl<case> ...	5.0	0.475	ALL	Animal__kingdom
nmod<nmod<nmod< ...	5.0	0.21	ALL	Animal__kingdom
nmod<conj<nmod> ...	5.0	0.38	ALL	Animal__kingdom
nmod<obl<aux> can	5.0	0.258	ALL	Animal__kingdom
obl> ...	5.0	0.363	ALL	Animal__kingdom
compound<nmod<conj< ...	5.0	0.258	ALL	Animal__kingdom
appos<appos>conj> ...	5.0	0.378	ALL	Animal__kingdom
ccomp< ...	5.0	0.282	ALL	Animal__kingdom
appos<nmod>compound> ...	5.0	0.388	ALL	Animal__kingdom
nsubj<advcl<aux:pass> be	5.0	0.539	ALL	Animal__kingdom
nsubj<mark> as	5.0	0.459	ALL	Animal__kingdom
compound<obl<advcl< ...	5.0	0.279	ALL	Animal__kingdom
conj<obj<cc> and	5.0	0.357	ALL	Animal__kingdom
conj<nmod<case> by	5.0	0.293	ALL	Animal__kingdom
obj<conj>advmod> ...	5.0	0.518	ALL	Animal__kingdom
ccomp<obl>case> ...	5.0	0.371	ALL	Animal__kingdom
ccomp<obl> ...	5.0	0.246	ALL	Animal__kingdom
nsubj<advmod> how	5.0	0.988	ALL	Animal__kingdom
obl<acl<obj< ...	5.0	0.358	ALL	Animal__kingdom
nmod>conj>compound> sea	5.0	0.301	ALL	Animal__kingdom
nmod<amod> most	5.0	0.692	ALL	Animal__kingdom
conj<conj> barnacle	5.0	0.91	ALL	Animal__kingdom
conj>obl>amod> ...	5.0	0.273	ALL	Animal__kingdom
appos<nsubj<advmod> ...	5.0	0.25	ALL	Animal__kingdom
acl>obl>nmod> ...	5.0	0.165	ALL	Animal__kingdom
compound<nmod< distribution	5.0	0.233	ALL	Animal__kingdom
compound<nmod<obj< show	5.0	0.431	ALL	Animal__kingdom
obj<mark> that	5.0	0.438	ALL	Animal__kingdom
det> both	5.0	1.307	ALL	Animal__kingdom
obj<aux> have	5.0	0.351	ALL	Animal__kingdom
obj< attack	5.0	0.622	ALL	Animal__kingdom
det> this	5.0	1.143	ALL	Animal__kingdom
obj<conj>cc> but	5.0	0.342	ALL	Animal__kingdom
compound<nsubj<det> ...	5.0	0.379	ALL	Animal__kingdom
obj<advcl<mark> to	5.0	0.287	ALL	Animal__kingdom
nmod<xcomp< ...	5.0	0.256	ALL	Animal__kingdom
nsubj<parataxis>cop> be	5.0	0.483	ALL	Animal__kingdom
compound<obl<obl> ...	5.0	0.394	ALL	Animal__kingdom
nmod< part	5.0	0.536	ALL	Animal__kingdom
nsubj:pass<obl>case> to	5.0	0.644	ALL	Animal__kingdom
nsubj<conj> have	5.0	0.314	ALL	Animal__kingdom
compound<conj<obl< ...	5.0	0.259	ALL	Animal__kingdom
obl<nsubj>conj> ...	5.0	0.485	ALL	Animal__kingdom
nsubj< live	5.0	0.821	ALL	Animal__kingdom
conj> fungi	5.0	1.099	ALL	Animal__kingdom
appos<nummod> ...	5.0	0.545	ALL	Animal__kingdom
nmod<acl:relcl>obj> ...	5.0	0.626	ALL	Animal__kingdom
nmod<conj>advmod> ...	5.0	0.631	ALL	Animal__kingdom
conj<aux> have	5.0	0.281	ALL	Animal__kingdom
obj<advcl>nsubj> ...	5.0	0.415	ALL	Animal__kingdom
nsubj<conj>aux:pass> be	5.0	0.67	ALL	Animal__kingdom
appos<nmod>case> of	5.0	0.572	ALL	Animal__kingdom
appos<nsubj<obj> ...	5.0	0.305	ALL	Animal__kingdom
nmod<obj< have	5.0	0.748	ALL	Animal__kingdom
conj<conj>amod> small	5.0	0.551	ALL	Animal__kingdom
acl:relcl>obj>compound> ...	5.0	0.196	ALL	Animal__kingdom
compound<nmod>case> of	5.0	0.935	ALL	Animal__kingdom
conj<appos>amod> ...	5.0	0.14	ALL	Animal__kingdom
amod< ...	5.0	0.566	ALL	Animal__kingdom
conj<case> as	5.0	0.463	ALL	Animal__kingdom
conj<nmod>det> the	5.0	0.237	ALL	Animal__kingdom
conj<nmod>case> of	5.0	0.706	ALL	Animal__kingdom
conj>nmod>amod> ...	5.0	0.499	ALL	Animal__kingdom
nsubj:pass<obj> ...	5.0	0.247	ALL	Animal__kingdom
obl<advcl>advmod> ...	5.0	0.993	ALL	Animal__kingdom
flat< ...	5.0	0.289	ALL	Animal__kingdom
conj< coral	5.0	0.566	ALL	Animal__kingdom
conj< human	5.0	0.52	ALL	Animal__kingdom
nsubj<advcl> make	5.0	0.846	ALL	Animal__kingdom
nsubj<advcl>nsubj> they	5.0	0.341	ALL	Animal__kingdom
obl< refer	5.0	0.414	ALL	Animal__kingdom
nsubj<parataxis>cop> ...	5.0	0.483	ALL	Animal__kingdom
nsubj<conj<advmod> ...	5.0	0.544	ALL	Animal__kingdom
conj<nsubj>appos> ...	5.0	0.172	ALL	Animal__kingdom
nsubj<xcomp>advcl> ...	5.0	0.335	ALL	Animal__kingdom
nsubj<advcl>aux:pass> ...	5.0	0.29	ALL	Animal__kingdom
mark> to	5.0	0.58	ALL	Animal__kingdom
obl<advcl<cop> ...	5.0	0.642	ALL	Animal__kingdom
obl<conj>amod> ...	5.0	0.449	ALL	Animal__kingdom
conj<det> both	5.0	0.551	ALL	Animal__kingdom
nsubj<conj>aux:pass> ...	5.0	0.67	ALL	Animal__kingdom
nsubj:pass<conj>obl> ...	5.0	0.259	ALL	Animal__kingdom
nmod:poss<nmod<obj< ...	5.0	0.25	ALL	Animal__kingdom
obl<advcl<advmod> ...	5.0	0.378	ALL	Animal__kingdom
obl<acl<nsubj:pass< ...	5.0	0.267	ALL	Animal__kingdom
obj<conj<obj> ...	5.0	0.473	ALL	Animal__kingdom
nmod<obl<aux> may	5.0	0.346	ALL	Animal__kingdom
nmod<conj<aux:pass> be	5.0	0.473	ALL	Animal__kingdom
nmod<obj< eat	5.0	0.745	ALL	Animal__kingdom
obl<parataxis>advmod> ...	5.0	0.36	ALL	Animal__kingdom
compound<compound<case> ...	5.0	0.429	ALL	Animal__kingdom
compound<compound<obl< ...	5.0	0.535	ALL	Animal__kingdom
compound<obj<mark> to	5.0	0.356	ALL	Animal__kingdom
obl<obl>nmod:poss> ...	5.0	0.493	ALL	Animal__kingdom
det:predet> ...	5.0	0.311	ALL	Animal__kingdom
nsubj<ccomp<advcl< ...	5.0	0.45	ALL	Animal__kingdom
conj<amod> other	5.0	0.949	ALL	Animal__kingdom
nmod<cc> but	5.0	0.603	ALL	Animal__kingdom
nmod<advcl>mark> ...	5.0	0.221	ALL	Animal__kingdom
conj<parataxis<conj> ...	5.0	0.385	ALL	Animal__kingdom
nmod<obl<acl< ...	5.0	0.211	ALL	Animal__kingdom
nmod<obj<xcomp< ...	5.0	0.434	ALL	Animal__kingdom
parataxis>obj>conj> ...	5.0	0.512	ALL	Animal__kingdom
obl<advcl>nsubj> ...	5.0	0.418	ALL	Animal__kingdom
appos<appos>det> ...	5.0	0.469	ALL	Animal__kingdom
compound< feed	5.0	0.441	ALL	Animal__kingdom
nmod<conj<aux> have	5.0	0.336	ALL	Animal__kingdom
nmod>nmod>det> a	5.0	0.254	ALL	Animal__kingdom
nsubj<ccomp<nsubj:pass> it	5.0	0.305	ALL	Animal__kingdom
obl<xcomp<aux> ...	5.0	0.409	ALL	Animal__kingdom
nsubj<ccomp<aux:pass> be	5.0	0.469	ALL	Animal__kingdom
advcl>obj> ...	5.0	0.248	ALL	Animal__kingdom
compound<nmod<appos> ...	5.0	0.163	ALL	Animal__kingdom
nmod<nsubj<advcl> ...	5.0	0.449	ALL	Animal__kingdom
det:predet> all	5.0	0.311	ALL	Animal__kingdom
nmod<nsubj:pass<aux> have	5.0	0.383	ALL	Animal__kingdom
nsubj:pass<conj>advmod> ...	5.0	0.337	ALL	Animal__kingdom
acl:relcl>nsubj:pass> that	5.0	0.381	ALL	Animal__kingdom
obl<mark> that	5.0	0.705	ALL	Animal__kingdom
nmod<nsubj<det> ...	5.0	0.353	ALL	Animal__kingdom
advcl>nsubj> ...	5.0	0.574	ALL	Animal__kingdom
acl:relcl>obl>nmod> ...	5.0	0.347	ALL	Animal__kingdom
obj<advcl<obj> ...	5.0	0.428	ALL	Animal__kingdom
amod>advmod> more	5.0	0.256	ALL	Animal__kingdom
appos<appos< ...	5.0	0.608	ALL	Animal__kingdom
nsubj:pass<obl>case> on	5.0	0.548	ALL	Animal__kingdom
nsubj:pass<xcomp>obj> ...	5.0	0.222	ALL	Animal__kingdom
obl<nmod>case> ...	5.0	0.132	ALL	Animal__kingdom
obl<nmod> ...	5.0	0.266	ALL	Animal__kingdom
nsubj:pass<advcl<advmod> ...	5.0	0.342	ALL	Animal__kingdom
compound<nmod<nsubj> ...	5.0	0.337	ALL	Animal__kingdom
nmod<nsubj<ccomp> ...	5.0	0.448	ALL	Animal__kingdom
nsubj<ccomp<aux:pass> ...	5.0	0.469	ALL	Animal__kingdom
nsubj<ccomp<nsubj:pass> ...	5.0	0.305	ALL	Animal__kingdom
conj>obl>nmod> ...	5.0	0.229	ALL	Animal__kingdom
cc>compound>conj> ...	5.0	0.307	ALL	Animal__kingdom
compound<case> for	5.0	0.295	ALL	Animal__kingdom
appos<obj<nsubj> ...	5.0	0.32	ALL	Animal__kingdom
nmod<nsubj>conj> ...	5.0	0.593	ALL	Animal__kingdom
nmod<amod> large	5.0	0.749	ALL	Animal__kingdom
conj>det> a	5.0	0.61	ALL	Animal__kingdom
appos>flat> ...	5.0	0.226	ALL	Animal__kingdom
nmod<obj< include	5.0	0.638	ALL	Animal__kingdom
obl<conj>obl> ...	5.0	0.352	ALL	Animal__kingdom
conj>cc> but	5.0	0.878	ALL	Animal__kingdom
nmod<conj<nsubj:pass> ...	5.0	0.532	ALL	Animal__kingdom
nmod<conj<aux:pass> ...	5.0	0.473	ALL	Animal__kingdom
compound<obl<mark> ...	5.0	0.664	ALL	Animal__kingdom
advcl< ...	5.0	0.637	ALL	Animal__kingdom
nsubj<mark> although	5.0	0.5	ALL	Animal__kingdom
nmod< that	5.0	0.526	ALL	Animal__kingdom
nmod<amod>advmod> most	5.0	0.331	ALL	Animal__kingdom
nsubj<acl:relcl>nsubj> that	5.0	0.477	ALL	Animal__kingdom
conj>obl>det> the	5.0	0.338	ALL	Animal__kingdom
conj<conj>amod> green	5.0	0.391	ALL	Animal__kingdom
obl<nsubj:pass> they	5.0	0.734	ALL	Animal__kingdom
nsubj< evolve	5.0	0.952	ALL	Animal__kingdom
nmod>nmod>conj> ...	5.0	0.324	ALL	Animal__kingdom
nsubj<acl:relcl<amod> ...	5.0	0.263	ALL	Animal__kingdom
compound>det> ...	5.0	0.755	ALL	Animal__kingdom
compound<acl>obl> ...	5.0	0.265	ALL	Animal__kingdom
obl<obl>case> in	5.0	0.459	ALL	Animal__kingdom
nsubj<obl>case> like	5.0	0.899	ALL	Animal__kingdom
nsubj< use	5.0	0.762	ALL	Animal__kingdom
parataxis<conj>cc> and	5.0	0.401	ALL	Animal__kingdom
nmod<nsubj:pass<aux> ...	5.0	0.383	ALL	Animal__kingdom
obl<conj<aux> ...	5.0	0.377	ALL	Animal__kingdom
nmod<acl>obj> ...	5.0	0.256	ALL	Animal__kingdom
nmod<nsubj>compound> ...	5.0	0.73	ALL	Animal__kingdom
nsubj:pass< find	5.0	0.276	ALL	Animal__kingdom
obl<advcl<cop> be	5.0	0.642	ALL	Animal__kingdom
nsubj<advcl<nmod> ...	5.0	0.532	ALL	Animal__kingdom
conj>obj>amod> ...	5.0	0.312	ALL	Animal__kingdom
conj<nmod>det> ...	5.0	0.237	ALL	Animal__kingdom
nsubj<nmod>nmod> ...	5.0	0.348	ALL	Animal__kingdom
compound< phyla	5.0	0.409	ALL	Animal__kingdom
obj<xcomp>advmod> ...	5.0	0.475	ALL	Animal__kingdom
parataxis>conj> ...	5.0	0.226	ALL	Animal__kingdom
nsubj<advcl<aux> ...	5.0	0.289	ALL	Animal__kingdom
nmod<acl:relcl>nsubj> that	5.0	0.169	ALL	Animal__kingdom
nsubj<advcl<nsubj:pass> ...	5.0	0.481	ALL	Animal__kingdom
appos<appos> jellyfish	5.0	0.253	ALL	Animal__kingdom
nsubj:pass<advcl>advmod> ...	5.0	0.299	ALL	Animal__kingdom
nsubj<conj<nsubj> ...	5.0	0.529	ALL	Animal__kingdom
nsubj<obl>case> by	5.0	0.969	ALL	Animal__kingdom
nmod< family	5.0	0.444	ALL	Animal__kingdom
obl<compound:prt> ...	5.0	0.332	ALL	Animal__kingdom
nsubj:pass<advcl<obl> ...	5.0	0.255	ALL	Animal__kingdom
nmod<nsubj< include	5.0	0.73	ALL	Animal__kingdom
conj< jellyfish	5.0	0.537	ALL	Animal__kingdom
cc>fixed> as	5.0	0.285	ALL	Animal__kingdom
cc>fixed> well	5.0	0.296	ALL	Animal__kingdom
cc> as	5.0	0.912	ALL	Animal__kingdom
compound<nsubj:pass<obl> ...	5.0	0.183	ALL	Animal__kingdom
acl:relcl>obl>case> to	5.0	0.578	ALL	Animal__kingdom
conj<obj<nsubj> which	5.0	0.372	ALL	Animal__kingdom
conj<obj<advmod> also	5.0	1.049	ALL	Animal__kingdom
obj<acl:relcl<compound> ...	5.0	0.227	ALL	Animal__kingdom
conj<nsubj<parataxis> ...	5.0	0.315	ALL	Animal__kingdom
nmod<nsubj<advcl< ...	5.0	0.498	ALL	Animal__kingdom
acl>obl>case> as	5.0	0.442	ALL	Animal__kingdom
nmod<acl:relcl< ...	5.0	0.4	ALL	Animal__kingdom
conj<nummod> ...	5.0	0.294	ALL	Animal__kingdom
obl<obj>det> a	5.0	0.324	ALL	Animal__kingdom
nmod<amod> wide	5.0	0.762	ALL	Animal__kingdom
nsubj<advcl>mark> while	5.0	0.888	ALL	Animal__kingdom
conj<conj>det> the	5.0	0.501	ALL	Animal__kingdom
nmod<nsubj<xcomp> ...	5.0	0.409	ALL	Animal__kingdom
obl<advmod> often	5.0	0.381	ALL	Animal__kingdom
obl<acl:relcl<obl< ...	5.0	0.303	ALL	Animal__kingdom
compound<case> on	4.0	0.325	ALL	Animal__kingdom
nmod<appos<amod> ...	4.0	0.217	ALL	Animal__kingdom
nsubj<acl:relcl>nsubj> which	4.0	0.405	ALL	Animal__kingdom
nmod<xcomp<aux:pass> ...	4.0	0.454	ALL	Animal__kingdom
nsubj<advcl>aux:pass> be	4.0	0.291	ALL	Animal__kingdom
conj<compound< ...	4.0	0.458	ALL	Animal__kingdom
obl<nsubj:pass> which	4.0	0.797	ALL	Animal__kingdom
compound< flesh	4.0	0.515	ALL	Animal__kingdom
obj<obl>compound> ...	4.0	0.317	ALL	Animal__kingdom
conj<obl<mark> ...	4.0	0.415	ALL	Animal__kingdom
conj<acl:relcl< ...	4.0	0.622	ALL	Animal__kingdom
nsubj<conj>cop> be	4.0	0.469	ALL	Animal__kingdom
nmod<xcomp<nsubj:pass> ...	4.0	0.367	ALL	Animal__kingdom
nmod> size	4.0	0.606	ALL	Animal__kingdom
obl<parataxis>aux:pass> be	4.0	0.558	ALL	Animal__kingdom
appos<nmod<case> ...	4.0	0.358	ALL	Animal__kingdom
obj<advcl<conj> ...	4.0	0.235	ALL	Animal__kingdom
nmod<obl<advmod> also	4.0	0.296	ALL	Animal__kingdom
acl>obj>det> ...	4.0	0.297	ALL	Animal__kingdom
nsubj<ccomp> ...	4.0	0.431	ALL	Animal__kingdom
appos<conj> Hydrozoa	4.0	0.534	ALL	Animal__kingdom
obl<appos>amod> ...	4.0	0.292	ALL	Animal__kingdom
nmod:poss<nmod<case> ...	4.0	0.245	ALL	Animal__kingdom
conj<obj>det> ...	4.0	0.705	ALL	Animal__kingdom
acl>obl>det> a	4.0	0.443	ALL	Animal__kingdom
compound<nmod<obj< have	4.0	0.363	ALL	Animal__kingdom
acl>aux> ...	4.0	0.731	ALL	Animal__kingdom
conj<obj>amod> ...	4.0	0.499	ALL	Animal__kingdom
conj<nsubj<obl> ...	4.0	0.288	ALL	Animal__kingdom
obl<acl<det> a	4.0	0.601	ALL	Animal__kingdom
obj<obl>case> to	4.0	0.643	ALL	Animal__kingdom
nmod<nmod<det> a	4.0	0.715	ALL	Animal__kingdom
parataxis>obl>det> ...	4.0	0.544	ALL	Animal__kingdom
nsubj<parataxis<obl> ...	4.0	0.315	ALL	Animal__kingdom
conj<nsubj<obj> ...	4.0	0.709	ALL	Animal__kingdom
obj<mark> as	4.0	0.544	ALL	Animal__kingdom
nmod>nmod>compound> ...	4.0	0.383	ALL	Animal__kingdom
obl<parataxis>aux:pass> ...	4.0	0.558	ALL	Animal__kingdom
nmod<nmod:poss> they	4.0	0.326	ALL	Animal__kingdom
nsubj<advcl>aux> ...	4.0	0.337	ALL	Animal__kingdom
conj<mark> ...	4.0	0.512	ALL	Animal__kingdom
conj<obj< contain	4.0	0.453	ALL	Animal__kingdom
acl:relcl>conj>cc> or	4.0	0.362	ALL	Animal__kingdom
nsubj< move	4.0	0.821	ALL	Animal__kingdom
appos<nmod>nmod> ...	4.0	0.25	ALL	Animal__kingdom
obj<conj<amod> ...	4.0	0.607	ALL	Animal__kingdom
appos<nmod>conj> ...	4.0	0.442	ALL	Animal__kingdom
conj<obj<acl< ...	4.0	0.401	ALL	Animal__kingdom
amod>advcl>mark> ...	4.0	0.269	ALL	Animal__kingdom
nmod<appos>amod> ...	4.0	0.316	ALL	Animal__kingdom
appos>nmod>conj> ...	4.0	0.37	ALL	Animal__kingdom
conj>acl> ...	4.0	0.413	ALL	Animal__kingdom
appos<nmod>amod> ...	4.0	0.328	ALL	Animal__kingdom
nsubj:pass<advcl<conj> ...	4.0	0.523	ALL	Animal__kingdom
acl> know	4.0	0.728	ALL	Animal__kingdom
conj>nsubj> ...	4.0	0.37	ALL	Animal__kingdom
nmod<obl<mark> to	4.0	0.298	ALL	Animal__kingdom
nummod> marine	4.0	0.359	ALL	Animal__kingdom
nsubj<nmod>case> in	4.0	0.297	ALL	Animal__kingdom
nmod<nmod<appos> ...	4.0	0.322	ALL	Animal__kingdom
compound<obl<obj> ...	4.0	0.372	ALL	Animal__kingdom
conj<nmod< animal	4.0	0.272	ALL	Animal__kingdom
conj<obl<aux> ...	4.0	0.401	ALL	Animal__kingdom
nsubj<ccomp<advmod> ...	4.0	0.46	ALL	Animal__kingdom
nsubj<xcomp>advmod> ...	4.0	0.458	ALL	Animal__kingdom
nsubj<advcl>mark> although	4.0	0.931	ALL	Animal__kingdom
compound<acl:relcl> ...	4.0	0.413	ALL	Animal__kingdom
compound<acl:relcl>nsubj> ...	4.0	0.326	ALL	Animal__kingdom
compound<nsubj> ...	4.0	0.447	ALL	Animal__kingdom
conj<obl<obj> ...	4.0	0.271	ALL	Animal__kingdom
conj<obl<conj< ...	4.0	0.522	ALL	Animal__kingdom
obl<conj>appos> ...	4.0	0.285	ALL	Animal__kingdom
obl<xcomp>obl> ...	4.0	0.258	ALL	Animal__kingdom
acl:relcl>xcomp>mark> ...	4.0	0.406	ALL	Animal__kingdom
obl<obl>case> to	4.0	0.364	ALL	Animal__kingdom
appos>det> a	4.0	0.468	ALL	Animal__kingdom
nsubj<acl>obl> ...	4.0	0.41	ALL	Animal__kingdom
conj>nummod> sand	4.0	0.431	ALL	Animal__kingdom
nsubj<advcl>amod> ...	4.0	0.451	ALL	Animal__kingdom
conj<appos>nummod> e.g.	4.0	0.447	ALL	Animal__kingdom
obj<acl<nmod> ...	4.0	0.612	ALL	Animal__kingdom
obj<acl<compound> ...	4.0	0.219	ALL	Animal__kingdom
nsubj<conj>cop> ...	4.0	0.469	ALL	Animal__kingdom
appos<cop> be	4.0	0.464	ALL	Animal__kingdom
nmod<obl>case> in	4.0	0.434	ALL	Animal__kingdom
conj< jelly	4.0	0.656	ALL	Animal__kingdom
obl<nsubj> they	4.0	0.76	ALL	Animal__kingdom
obj< burrow	4.0	0.597	ALL	Animal__kingdom
conj< star	4.0	0.516	ALL	Animal__kingdom
nsubj:pass<advcl>aux:pass> be	4.0	0.25	ALL	Animal__kingdom
nmod<nsubj<aux> can	4.0	0.442	ALL	Animal__kingdom
conj<obj<obl> ...	4.0	0.352	ALL	Animal__kingdom
obl<advcl>mark> to	4.0	0.63	ALL	Animal__kingdom
obj<ccomp<nsubj> ...	4.0	0.303	ALL	Animal__kingdom
conj<conj>aux> ...	4.0	0.339	ALL	Animal__kingdom
conj<obj<aux> ...	4.0	0.58	ALL	Animal__kingdom
obj<advcl<xcomp< ...	4.0	0.445	ALL	Animal__kingdom
compound<nmod<advcl> ...	4.0	0.268	ALL	Animal__kingdom
nmod:poss<nmod<cop> ...	4.0	0.311	ALL	Animal__kingdom
nmod<nmod<compound> ...	4.0	0.222	ALL	Animal__kingdom
conj<appos<amod> ...	4.0	0.33	ALL	Animal__kingdom
nmod<appos>det> ...	4.0	0.697	ALL	Animal__kingdom
nmod<appos>compound> ...	4.0	0.446	ALL	Animal__kingdom
nmod<nsubj<nmod> ...	4.0	0.505	ALL	Animal__kingdom
nmod:poss<nmod>case> ...	4.0	0.335	ALL	Animal__kingdom
obl<acl:relcl<det> the	4.0	0.577	ALL	Animal__kingdom
nmod:poss<nmod> ...	4.0	0.421	ALL	Animal__kingdom
conj> egg	4.0	0.847	ALL	Animal__kingdom
nsubj<obl> time	4.0	0.352	ALL	Animal__kingdom
nsubj<obl>case> at	4.0	0.828	ALL	Animal__kingdom
conj>nmod>det> the	4.0	0.633	ALL	Animal__kingdom
conj>cc>fixed> as	4.0	0.394	ALL	Animal__kingdom
conj>cc>fixed> well	4.0	0.417	ALL	Animal__kingdom
conj>cc> as	4.0	0.787	ALL	Animal__kingdom
nsubj<ccomp<cc> ...	4.0	0.402	ALL	Animal__kingdom
nmod<compound>compound> ...	4.0	0.266	ALL	Animal__kingdom
nsubj:pass<conj>obj> ...	4.0	0.341	ALL	Animal__kingdom
compound<nmod<cop> ...	4.0	0.236	ALL	Animal__kingdom
nmod:poss<obj<conj< ...	4.0	0.486	ALL	Animal__kingdom
conj<parataxis>conj> ...	4.0	0.424	ALL	Animal__kingdom
parataxis>obj> ...	4.0	0.337	ALL	Animal__kingdom
nsubj<advcl>mark> though	4.0	0.913	ALL	Animal__kingdom
nsubj<advcl>nsubj:pass> ...	4.0	0.62	ALL	Animal__kingdom
obl<obj>nmod:poss> ...	4.0	0.597	ALL	Animal__kingdom
nsubj:pass<obl>acl> ...	4.0	0.334	ALL	Animal__kingdom
nsubj<case> ...	4.0	0.357	ALL	Animal__kingdom
conj>cop> ...	4.0	0.503	ALL	Animal__kingdom
nmod<obl<advcl< ...	4.0	0.489	ALL	Animal__kingdom
nmod<nmod>compound> ...	4.0	0.295	ALL	Animal__kingdom
nmod:poss<obj<cc> ...	4.0	0.245	ALL	Animal__kingdom
acl:relcl>obj>nmod:poss> ...	4.0	0.689	ALL	Animal__kingdom
nsubj<acl:relcl<case> ...	4.0	0.162	ALL	Animal__kingdom
nmod<conj>nmod> ...	4.0	0.202	ALL	Animal__kingdom
nmod:poss<obj<acl:relcl< ...	4.0	0.329	ALL	Animal__kingdom
compound<obl<cop> ...	4.0	0.547	ALL	Animal__kingdom
acl>obl>nmod:poss> ...	4.0	0.709	ALL	Animal__kingdom
advcl<nsubj> ...	4.0	0.653	ALL	Animal__kingdom
obl<conj>cop> be	4.0	0.191	ALL	Animal__kingdom
conj<nsubj<mark> ...	4.0	0.411	ALL	Animal__kingdom
acl>obj>nmod:poss> ...	4.0	0.548	ALL	Animal__kingdom
obl<nsubj:pass>nmod> ...	4.0	0.432	ALL	Animal__kingdom
compound<conj<compound> ...	4.0	0.295	ALL	Animal__kingdom
compound<conj<appos< ...	4.0	0.228	ALL	Animal__kingdom
nsubj<amod>advmod> ...	4.0	0.524	ALL	Animal__kingdom
conj>nmod>det> ...	4.0	0.633	ALL	Animal__kingdom
obj<xcomp<aux:pass> be	4.0	0.38	ALL	Animal__kingdom
obj<conj<advmod> ...	4.0	0.21	ALL	Animal__kingdom
nmod<compound>amod> ...	4.0	0.215	ALL	Animal__kingdom
nsubj<nsubj> ...	4.0	0.274	ALL	Animal__kingdom
obl<conj<advcl> ...	4.0	0.421	ALL	Animal__kingdom
appos< name	4.0	0.297	ALL	Animal__kingdom
conj< cat	4.0	0.53	ALL	Animal__kingdom
conj> have	4.0	0.846	ALL	Animal__kingdom
compound<nmod:poss> ...	4.0	0.36	ALL	Animal__kingdom
nmod<amod> main	4.0	0.786	ALL	Animal__kingdom
appos<nmod>det> ...	4.0	0.556	ALL	Animal__kingdom
appos<nmod<det> ...	4.0	0.51	ALL	Animal__kingdom
obl<parataxis< ...	4.0	0.366	ALL	Animal__kingdom
conj>acl:relcl> ...	4.0	0.513	ALL	Animal__kingdom
conj>acl:relcl>nsubj> ...	4.0	0.382	ALL	Animal__kingdom
xcomp<aux:pass> be	4.0	0.522	ALL	Animal__kingdom
nsubj:pass<conj>det> ...	4.0	0.481	ALL	Animal__kingdom
nsubj<advmod>obl> ...	4.0	0.67	ALL	Animal__kingdom
appos<cop> ...	4.0	0.464	ALL	Animal__kingdom
nsubj:pass<advcl>aux:pass> ...	4.0	0.25	ALL	Animal__kingdom
obl<parataxis>obl> ...	4.0	0.61	ALL	Animal__kingdom
acl>aux> have	4.0	0.731	ALL	Animal__kingdom
nsubj<advcl<cop> be	4.0	0.522	ALL	Animal__kingdom
appos<obl<cop> be	4.0	0.705	ALL	Animal__kingdom
obl<conj<mark> ...	4.0	0.207	ALL	Animal__kingdom
nsubj:pass<xcomp>amod> ...	4.0	0.372	ALL	Animal__kingdom
ccomp<nsubj> ...	4.0	0.295	ALL	Animal__kingdom
conj<nmod>amod> ...	4.0	0.393	ALL	Animal__kingdom
appos<obj< include	4.0	0.383	ALL	Animal__kingdom
conj>nmod>nmod> ...	4.0	0.271	ALL	Animal__kingdom
nsubj<obj> system	4.0	0.655	ALL	Animal__kingdom
conj<obj<advmod> often	4.0	0.963	ALL	Animal__kingdom
conj<obl>det> the	4.0	0.472	ALL	Animal__kingdom
conj<obj<advcl< ...	4.0	0.226	ALL	Animal__kingdom
nsubj:pass<advcl<nsubj> ...	4.0	0.509	ALL	Animal__kingdom
compound< genera	4.0	0.339	ALL	Animal__kingdom
obj<aux:pass> be	4.0	0.62	ALL	Animal__kingdom
amod>amod> ...	4.0	0.454	ALL	Animal__kingdom
acl:relcl> have	4.0	0.465	ALL	Animal__kingdom
nsubj<advcl<cop> ...	4.0	0.522	ALL	Animal__kingdom
nmod<appos>conj> ...	4.0	0.387	ALL	Animal__kingdom
nsubj<ccomp<obj> ...	4.0	0.295	ALL	Animal__kingdom
xcomp<aux:pass> ...	4.0	0.522	ALL	Animal__kingdom
appos>compound> Acanthaster	4.0	0.519	ALL	Animal__kingdom
xcomp<nsubj:pass> ...	4.0	0.504	ALL	Animal__kingdom
conj<conj>amod> many	4.0	0.62	ALL	Animal__kingdom
compound<amod>advmod> ...	4.0	0.28	ALL	Animal__kingdom
compound>det> the	4.0	0.732	ALL	Animal__kingdom
conj<conj>nummod> sand	4.0	0.916	ALL	Animal__kingdom
acl>xcomp>obl> ...	4.0	0.275	ALL	Animal__kingdom
acl>obj>acl> ...	4.0	0.299	ALL	Animal__kingdom
nmod<acl:relcl>advmod> ...	4.0	0.616	ALL	Animal__kingdom
nmod<obj<advcl> ...	4.0	0.502	ALL	Animal__kingdom
acl:relcl> live	4.0	0.516	ALL	Animal__kingdom
conj<obj<conj> ...	4.0	0.428	ALL	Animal__kingdom
obl<parataxis>nsubj> ...	4.0	0.238	ALL	Animal__kingdom
nmod<nsubj> which	4.0	0.392	ALL	Animal__kingdom
obj<aux:pass> ...	4.0	0.62	ALL	Animal__kingdom
obj<aux> do	4.0	0.345	ALL	Animal__kingdom
obl<conj<advmod> ...	4.0	0.503	ALL	Animal__kingdom
nmod<nsubj:pass<advmod> ...	4.0	0.495	ALL	Animal__kingdom
nmod<xcomp<aux:pass> be	4.0	0.454	ALL	Animal__kingdom
obl<conj>advmod> ...	4.0	0.664	ALL	Animal__kingdom
advcl>mark> although	4.0	0.482	ALL	Animal__kingdom
nsubj:pass<advcl>conj> ...	4.0	0.462	ALL	Animal__kingdom
obj< call	4.0	0.461	ALL	Animal__kingdom
nmod<advcl>advmod> ...	4.0	0.416	ALL	Animal__kingdom
conj<conj>advmod> also	4.0	0.59	ALL	Animal__kingdom
obl<acl:relcl<nsubj> ...	4.0	0.144	ALL	Animal__kingdom
compound<obl<acl< ...	4.0	0.287	ALL	Animal__kingdom
obj< find	4.0	0.449	ALL	Animal__kingdom
nmod:poss< body	4.0	0.471	ALL	Animal__kingdom
conj<obl<advcl< ...	4.0	0.544	ALL	Animal__kingdom
amod>obl> themselves	4.0	0.339	ALL	Animal__kingdom
compound<obl<cop> be	4.0	0.547	ALL	Animal__kingdom
amod>advmod> very	4.0	0.215	ALL	Animal__kingdom
nsubj<nmod> animal	4.0	0.441	ALL	Animal__kingdom
discourse> ...	4.0	0.242	ALL	Animal__kingdom
appos<obl<cop> ...	4.0	0.705	ALL	Animal__kingdom
acl:relcl>aux> have	4.0	0.459	ALL	Animal__kingdom
nsubj<conj>acl> ...	4.0	0.392	ALL	Animal__kingdom
nsubj<parataxis>aux:pass> ...	4.0	0.5	ALL	Animal__kingdom
obj<xcomp<aux:pass> ...	4.0	0.38	ALL	Animal__kingdom
obl<conj>cop> ...	4.0	0.191	ALL	Animal__kingdom
compound<nmod<cop> be	4.0	0.236	ALL	Animal__kingdom
conj<conj>nummod> ...	4.0	0.916	ALL	Animal__kingdom
appos<obl<nsubj> ...	4.0	0.233	ALL	Animal__kingdom
case>fixed> to	4.0	0.481	ALL	Animal__kingdom
appos<obl<mark> ...	4.0	0.586	ALL	Animal__kingdom
nmod<conj>det> a	4.0	0.354	ALL	Animal__kingdom
conj<amod> various	4.0	0.951	ALL	Animal__kingdom
appos<appos> jelly	4.0	0.253	ALL	Animal__kingdom
appos<obj<conj> ...	4.0	0.285	ALL	Animal__kingdom
nsubj:pass<parataxis>conj> ...	4.0	0.248	ALL	Animal__kingdom
nmod<obl<aux> have	4.0	0.505	ALL	Animal__kingdom
obj<acl:relcl<amod> ...	4.0	0.351	ALL	Animal__kingdom
conj>nmod>compound> ...	4.0	0.128	ALL	Animal__kingdom
nmod<nmod<advmod> ...	4.0	0.359	ALL	Animal__kingdom
acl:relcl> find	4.0	0.482	ALL	Animal__kingdom
conj<obj<advcl> ...	4.0	0.266	ALL	Animal__kingdom
nsubj<acl:relcl>obj> ...	4.0	0.421	ALL	Animal__kingdom
nsubj<aux> would	4.0	0.592	ALL	Animal__kingdom
nmod<conj>obl> ...	4.0	0.612	ALL	Animal__kingdom
appos<case> in	4.0	0.826	ALL	Animal__kingdom
nsubj:pass<advcl>obj> ...	4.0	0.362	ALL	Animal__kingdom
nmod<amod>obl:npmod> ...	4.0	0.241	ALL	Animal__kingdom
nsubj<parataxis>aux:pass> be	4.0	0.5	ALL	Animal__kingdom
nsubj<advcl>mark> by	4.0	0.687	ALL	Animal__kingdom
conj>appos> ...	4.0	0.172	ALL	Animal__kingdom
nsubj<conj>cc> or	4.0	0.656	ALL	Animal__kingdom
compound<appos>amod> ...	4.0	0.56	ALL	Animal__kingdom
nmod<obl<nsubj:pass> it	4.0	0.554	ALL	Animal__kingdom
nmod<case> through	4.0	0.866	ALL	Animal__kingdom
conj< bird	4.0	0.53	ALL	Animal__kingdom
nmod:poss<nmod<cop> be	4.0	0.311	ALL	Animal__kingdom
nsubj< tend	4.0	0.807	ALL	Animal__kingdom
nmod<nsubj<parataxis> ...	4.0	0.504	ALL	Animal__kingdom
acl:relcl>xcomp>mark> to	4.0	0.406	ALL	Animal__kingdom
nmod<nsubj<amod> ...	4.0	0.527	ALL	Animal__kingdom
nmod>acl:relcl>nsubj> ...	4.0	0.686	ALL	Animal__kingdom
appos<compound>conj> ...	4.0	0.271	ALL	Animal__kingdom
parataxis<nsubj> ...	4.0	0.748	ALL	Animal__kingdom
acl>obl>case> by	4.0	0.335	ALL	Animal__kingdom
nmod<acl:relcl>nsubj> which	4.0	0.204	ALL	Animal__kingdom
appos<nsubj<conj> ...	4.0	0.138	ALL	Animal__kingdom
obl<aux> do	4.0	0.705	ALL	Animal__kingdom
nsubj<mark> when	4.0	0.456	ALL	Animal__kingdom
conj<nsubj> these	4.0	0.686	ALL	Animal__kingdom
conj>cop> be	4.0	0.503	ALL	Animal__kingdom
appos<appos>flat> ...	4.0	0.423	ALL	Animal__kingdom
conj>advmod>advmod> ...	4.0	0.524	ALL	Animal__kingdom
nsubj<nmod>case> with	4.0	0.278	ALL	Animal__kingdom
nmod<nsubj>compound> sea	3.0	0.719	ALL	Animal__kingdom
obl<appos>compound> ...	3.0	0.253	ALL	Animal__kingdom
appos<nsubj:pass<aux:pass> be	3.0	0.457	ALL	Animal__kingdom
nsubj>nmod>case> of	3.0	0.563	ALL	Animal__kingdom
appos<conj> Cubozoa	3.0	0.509	ALL	Animal__kingdom
nmod<appos<nmod> ...	3.0	0.828	ALL	Animal__kingdom
nmod<amod> largest	3.0	0.655	ALL	Animal__kingdom
nmod<conj>nsubj> ...	3.0	0.292	ALL	Animal__kingdom
appos<acl> ...	3.0	0.439	ALL	Animal__kingdom
obl<advcl>advcl> ...	3.0	0.341	ALL	Animal__kingdom
nsubj>amod> most	3.0	0.265	ALL	Animal__kingdom
nmod<nsubj< be	3.0	0.775	ALL	Animal__kingdom
compound<nsubj<amod> ...	3.0	0.438	ALL	Animal__kingdom
nmod<nsubj> urchin	3.0	0.594	ALL	Animal__kingdom
acl:relcl>obl>compound> ...	3.0	0.255	ALL	Animal__kingdom
compound<nsubj<nmod> ...	3.0	0.495	ALL	Animal__kingdom
obj<nsubj> this	3.0	0.362	ALL	Animal__kingdom
appos<conj>appos> jellyfish	3.0	0.486	ALL	Animal__kingdom
nmod:poss<case> during	3.0	0.496	ALL	Animal__kingdom
nmod<conj<acl> ...	3.0	0.605	ALL	Animal__kingdom
nsubj:pass<obl>acl:relcl> ...	3.0	0.291	ALL	Animal__kingdom
nsubj<acl:relcl<nmod> ...	3.0	0.476	ALL	Animal__kingdom
nmod<acl:relcl>obl> ...	3.0	0.201	ALL	Animal__kingdom
obj<mark> on	3.0	0.599	ALL	Animal__kingdom
acl:relcl>nmod> ...	3.0	0.156	ALL	Animal__kingdom
compound<appos>compound> ...	3.0	0.239	ALL	Animal__kingdom
nmod<conj>acl> ...	3.0	0.445	ALL	Animal__kingdom
obj<mark> of	3.0	0.511	ALL	Animal__kingdom
acl:relcl>nmod>case> ...	3.0	0.327	ALL	Animal__kingdom
acl:relcl>amod> ...	3.0	0.204	ALL	Animal__kingdom
obj<advcl< capable	3.0	0.288	ALL	Animal__kingdom
nummod>advmod>fixed> ...	3.0	0.736	ALL	Animal__kingdom
nsubj<conj> occur	3.0	0.381	ALL	Animal__kingdom
nmod<obl< live	3.0	0.404	ALL	Animal__kingdom
compound<compound<conj< ...	3.0	0.181	ALL	Animal__kingdom
nmod:poss< life	3.0	0.384	ALL	Animal__kingdom
nsubj<mark> so	3.0	0.478	ALL	Animal__kingdom
conj>compound>compound> ...	3.0	0.346	ALL	Animal__kingdom
nmod> region	3.0	0.667	ALL	Animal__kingdom
appos<obj<conj> excludes	3.0	0.365	ALL	Animal__kingdom
obl<advcl>cop> ...	3.0	0.452	ALL	Animal__kingdom
obl<xcomp>mark> ...	3.0	0.191	ALL	Animal__kingdom
nsubj:pass<xcomp>aux> ...	3.0	0.269	ALL	Animal__kingdom
acl>obj>nmod:poss> they	3.0	0.516	ALL	Animal__kingdom
acl:relcl>obj>conj> urchin	3.0	0.67	ALL	Animal__kingdom
appos< taxa	3.0	0.522	ALL	Animal__kingdom
acl:relcl>obj> starfish	3.0	0.408	ALL	Animal__kingdom
aux> ...	3.0	0.356	ALL	Animal__kingdom
nsubj<advcl< have	3.0	0.272	ALL	Animal__kingdom
conj<parataxis< ...	3.0	0.543	ALL	Animal__kingdom
nmod<conj<nmod< ...	3.0	0.296	ALL	Animal__kingdom
obl<parataxis>aux> ...	3.0	0.237	ALL	Animal__kingdom
appos<nsubj:pass<aux:pass> ...	3.0	0.457	ALL	Animal__kingdom
appos<nsubj:pass< ...	3.0	0.228	ALL	Animal__kingdom
appos<nsubj:pass<obl> ...	3.0	0.275	ALL	Animal__kingdom
nmod<nsubj<det> the	3.0	0.353	ALL	Animal__kingdom
obl<obl>case> at	3.0	0.311	ALL	Animal__kingdom
nmod<obj<aux> will	3.0	0.31	ALL	Animal__kingdom
obl<nsubj> species	3.0	0.728	ALL	Animal__kingdom
nmod<nmod<nsubj:pass< ...	3.0	0.616	ALL	Animal__kingdom
nmod>advmod> ...	3.0	0.426	ALL	Animal__kingdom
advmod>advmod> ...	3.0	0.342	ALL	Animal__kingdom
obl<ccomp< suggest	3.0	0.402	ALL	Animal__kingdom
nmod<compound> food	3.0	0.334	ALL	Animal__kingdom
obj<xcomp<aux> ...	3.0	0.28	ALL	Animal__kingdom
acl:relcl>xcomp>obl> ...	3.0	0.353	ALL	Animal__kingdom
obj<conj>aux> ...	3.0	0.393	ALL	Animal__kingdom
compound<cop> ...	3.0	0.285	ALL	Animal__kingdom
obj<conj>obl> ...	3.0	0.415	ALL	Animal__kingdom
compound<obl< use	3.0	0.829	ALL	Animal__kingdom
nsubj<conj<nmod> ...	3.0	0.429	ALL	Animal__kingdom
obl<advcl<obl> ...	3.0	0.424	ALL	Animal__kingdom
acl:relcl>advcl>mark> ...	3.0	0.573	ALL	Animal__kingdom
obl<parataxis<obl> ...	3.0	0.383	ALL	Animal__kingdom
nmod<obl<xcomp< ...	3.0	0.504	ALL	Animal__kingdom
appos>nummod> ...	3.0	0.528	ALL	Animal__kingdom
conj<acl> ...	3.0	0.304	ALL	Animal__kingdom
compound<conj>cc> or	3.0	0.223	ALL	Animal__kingdom
obl<obj>nmod:poss> they	3.0	0.758	ALL	Animal__kingdom
obl<acl<cop> ...	3.0	0.468	ALL	Animal__kingdom
nmod> species	3.0	0.668	ALL	Animal__kingdom
nsubj:pass<obl>case> for	3.0	0.744	ALL	Animal__kingdom
conj<obl>case> from	3.0	0.626	ALL	Animal__kingdom
parataxis>conj>cc> ...	3.0	0.485	ALL	Animal__kingdom
obl<advcl>aux:pass> ...	3.0	0.248	ALL	Animal__kingdom
compound<appos<flat> ...	3.0	0.316	ALL	Animal__kingdom
nmod>det> this	3.0	0.755	ALL	Animal__kingdom
nsubj<conj<cop> ...	3.0	0.516	ALL	Animal__kingdom
nmod<obl< similar	3.0	0.428	ALL	Animal__kingdom
conj<det> all	3.0	0.618	ALL	Animal__kingdom
compound<obl<appos> ...	3.0	0.475	ALL	Animal__kingdom
obl<obl>appos> ...	3.0	0.315	ALL	Animal__kingdom
nmod<acl:relcl> include	3.0	0.646	ALL	Animal__kingdom
conj<acl>obl> ...	3.0	0.18	ALL	Animal__kingdom
obj<obl>nummod> ...	3.0	0.586	ALL	Animal__kingdom
obl<obl>case> by	3.0	0.535	ALL	Animal__kingdom
appos> ecology	3.0	0.369	ALL	Animal__kingdom
obl<conj<det> a	3.0	0.467	ALL	Animal__kingdom
nsubj<conj>aux> may	3.0	0.754	ALL	Animal__kingdom
obl<parataxis>obj> ...	3.0	0.248	ALL	Animal__kingdom
obl>amod> ...	3.0	0.342	ALL	Animal__kingdom
amod>compound> ...	3.0	0.438	ALL	Animal__kingdom
nmod<obj< contain	3.0	0.582	ALL	Animal__kingdom
compound<obj<xcomp< ...	3.0	0.317	ALL	Animal__kingdom
nmod>acl:relcl>advmod> ...	3.0	0.474	ALL	Animal__kingdom
nsubj<ccomp< think	3.0	0.923	ALL	Animal__kingdom
mark> that	3.0	0.692	ALL	Animal__kingdom
nmod:poss> Nomura	3.0	0.681	ALL	Animal__kingdom
appos<obj<nsubj> subphylum	3.0	0.226	ALL	Animal__kingdom
appos<amod> major	3.0	0.781	ALL	Animal__kingdom
nmod>acl:relcl>obj> ...	3.0	0.411	ALL	Animal__kingdom
conj>acl>obl> ...	3.0	0.427	ALL	Animal__kingdom
obl<nsubj>appos> ...	3.0	0.331	ALL	Animal__kingdom
conj>obl>conj> ...	3.0	0.634	ALL	Animal__kingdom
conj<parataxis>appos> ...	3.0	0.548	ALL	Animal__kingdom
conj>advcl>mark> ...	3.0	0.493	ALL	Animal__kingdom
conj>advcl> ...	3.0	0.189	ALL	Animal__kingdom
conj<obl<cc> ...	3.0	0.349	ALL	Animal__kingdom
compound<nsubj<aux> ...	3.0	0.535	ALL	Animal__kingdom
compound<nsubj<advcl> ...	3.0	0.482	ALL	Animal__kingdom
acl:relcl>advmod>advmod> ...	3.0	0.459	ALL	Animal__kingdom
conj<nmod< species	3.0	0.329	ALL	Animal__kingdom
obj<xcomp<mark> ...	3.0	0.245	ALL	Animal__kingdom
obl<acl:relcl<cop> be	3.0	0.397	ALL	Animal__kingdom
nmod<nsubj<nsubj> ...	3.0	0.425	ALL	Animal__kingdom
nsubj<nmod>appos> ...	3.0	0.183	ALL	Animal__kingdom
obl<amod<case> ...	3.0	0.381	ALL	Animal__kingdom
appos<obl<obl> ...	3.0	0.198	ALL	Animal__kingdom
obj<acl:relcl<conj> ...	3.0	0.425	ALL	Animal__kingdom
appos<nmod<nsubj> ...	3.0	0.277	ALL	Animal__kingdom
obl<acl:relcl<case> of	3.0	0.265	ALL	Animal__kingdom
obl<acl:relcl<nmod< ...	3.0	0.419	ALL	Animal__kingdom
appos<nmod<cop> ...	3.0	0.383	ALL	Animal__kingdom
obj<advcl>ccomp> ...	3.0	0.348	ALL	Animal__kingdom
obj<advcl<ccomp< ...	3.0	0.44	ALL	Animal__kingdom
nsubj<expl> ...	3.0	0.402	ALL	Animal__kingdom
compound<obj<advcl< ...	3.0	0.445	ALL	Animal__kingdom
nmod:poss<case> to	3.0	0.471	ALL	Animal__kingdom
nsubj<mark> since	3.0	0.396	ALL	Animal__kingdom
amod<case> ...	3.0	0.627	ALL	Animal__kingdom
nsubj<advcl<aux> can	3.0	0.26	ALL	Animal__kingdom
nmod:poss<nmod<conj< ...	3.0	0.354	ALL	Animal__kingdom
nmod:poss<nmod<cc> ...	3.0	0.42	ALL	Animal__kingdom
obj<acl:relcl<det> a	3.0	0.336	ALL	Animal__kingdom
conj<obl<amod< ...	3.0	0.382	ALL	Animal__kingdom
nsubj>conj> ...	3.0	0.377	ALL	Animal__kingdom
nsubj>conj>compound> ...	3.0	0.58	ALL	Animal__kingdom
obl<conj>aux:pass> be	3.0	0.471	ALL	Animal__kingdom
amod<nmod>case> ...	3.0	0.161	ALL	Animal__kingdom
appos<conj>amod> ...	3.0	0.319	ALL	Animal__kingdom
nsubj:pass<xcomp>det> ...	3.0	0.29	ALL	Animal__kingdom
nsubj:pass<xcomp>cop> ...	3.0	0.294	ALL	Animal__kingdom
nmod<ccomp< ...	3.0	0.277	ALL	Animal__kingdom
nsubj<advcl<xcomp> ...	3.0	0.233	ALL	Animal__kingdom
nsubj<advmod> typically	3.0	0.668	ALL	Animal__kingdom
compound<obj<acl< ...	3.0	0.317	ALL	Animal__kingdom
acl:relcl>advmod> also	3.0	0.314	ALL	Animal__kingdom
nsubj:pass<advcl>nsubj> ...	3.0	0.147	ALL	Animal__kingdom
nmod<nmod>case> with	3.0	0.437	ALL	Animal__kingdom
obl<advcl>mark> when	3.0	0.646	ALL	Animal__kingdom
nmod>acl>obj> ...	3.0	0.23	ALL	Animal__kingdom
obj<obl>acl> ...	3.0	0.223	ALL	Animal__kingdom
obj<xcomp<nsubj:pass> ...	3.0	0.328	ALL	Animal__kingdom
nsubj:pass<obl>nmod:poss> they	3.0	0.24	ALL	Animal__kingdom
conj<nmod<nsubj> ...	3.0	0.365	ALL	Animal__kingdom
conj>nmod>case> in	3.0	0.568	ALL	Animal__kingdom
conj<nmod<cop> ...	3.0	0.672	ALL	Animal__kingdom
xcomp<nsubj> ...	3.0	0.27	ALL	Animal__kingdom
nsubj:pass<advcl>aux> ...	3.0	0.561	ALL	Animal__kingdom
nsubj:pass<advcl>nsubj:pass> ...	3.0	0.344	ALL	Animal__kingdom
advcl>advmod> ...	3.0	0.274	ALL	Animal__kingdom
conj<nmod>case> with	3.0	0.639	ALL	Animal__kingdom
nsubj<parataxis>aux> ...	3.0	0.322	ALL	Animal__kingdom
nsubj:pass<appos> ...	3.0	0.382	ALL	Animal__kingdom
compound<compound<det> ...	3.0	0.742	ALL	Animal__kingdom
obj<conj<det> ...	3.0	0.245	ALL	Animal__kingdom
obl<nsubj:pass> that	3.0	0.773	ALL	Animal__kingdom
amod<nmod> ...	3.0	0.496	ALL	Animal__kingdom
nmod<nmod:poss> he	3.0	0.391	ALL	Animal__kingdom
nsubj<amod> large	3.0	0.234	ALL	Animal__kingdom
nsubj<parataxis<obj> ...	3.0	0.311	ALL	Animal__kingdom
nsubj> elephant	3.0	0.337	ALL	Animal__kingdom
compound<appos<nmod< ...	3.0	0.377	ALL	Animal__kingdom
obl<acl:relcl>obl> ...	3.0	0.577	ALL	Animal__kingdom
compound<nmod>case> on	3.0	0.824	ALL	Animal__kingdom
nmod<acl:relcl<det> ...	3.0	0.397	ALL	Animal__kingdom
nmod>acl>obl> ...	3.0	0.484	ALL	Animal__kingdom
conj<obl>case> in	3.0	0.655	ALL	Animal__kingdom
nsubj>amod> african	3.0	0.357	ALL	Animal__kingdom
obj<mark> by	3.0	0.607	ALL	Animal__kingdom
nmod:poss>amod> ...	3.0	0.171	ALL	Animal__kingdom
nsubj> it	3.0	0.357	ALL	Animal__kingdom
compound<obj<conj> ...	3.0	0.326	ALL	Animal__kingdom
compound<nsubj<nsubj> ...	3.0	0.181	ALL	Animal__kingdom
nsubj<acl<det> ...	3.0	0.239	ALL	Animal__kingdom
nsubj<acl<obj< ...	3.0	0.225	ALL	Animal__kingdom
compound<nsubj<advcl< ...	3.0	0.318	ALL	Animal__kingdom
obj<nmod>conj> ...	3.0	0.422	ALL	Animal__kingdom
obl<advmod>advmod> ...	3.0	0.525	ALL	Animal__kingdom
obl<advcl<obj> ...	3.0	0.403	ALL	Animal__kingdom
nmod<nmod<mark> ...	3.0	0.435	ALL	Animal__kingdom
nsubj<conj>aux> have	3.0	0.72	ALL	Animal__kingdom
compound<nsubj<conj< ...	3.0	0.448	ALL	Animal__kingdom
conj<obj<nsubj> prey	3.0	0.238	ALL	Animal__kingdom
nsubj<conj>obl> water	3.0	0.327	ALL	Animal__kingdom
conj<conj>compound> Jonah	3.0	0.355	ALL	Animal__kingdom
conj<nmod<nsubj< ...	3.0	0.532	ALL	Animal__kingdom
nmod<conj<obj> ...	3.0	0.269	ALL	Animal__kingdom
acl:relcl>xcomp>obj> ...	3.0	0.487	ALL	Animal__kingdom
conj<parataxis> borealis	3.0	0.32	ALL	Animal__kingdom
conj<conj>compound> rock	3.0	0.557	ALL	Animal__kingdom
nsubj<nmod> worm	3.0	0.451	ALL	Animal__kingdom
conj<obj<advcl> come	3.0	0.391	ALL	Animal__kingdom
compound<appos<amod> ...	3.0	0.241	ALL	Animal__kingdom
conj<parataxis> irroratus	3.0	0.29	ALL	Animal__kingdom
conj<appos>compound> Carcinus	3.0	0.345	ALL	Animal__kingdom
conj<appos> maena	3.0	0.71	ALL	Animal__kingdom
conj<parataxis> Asterias	3.0	0.353	ALL	Animal__kingdom
nsubj<advcl<nsubj> they	3.0	0.529	ALL	Animal__kingdom
nsubj<conj>det> a	3.0	0.321	ALL	Animal__kingdom
conj<parataxis>appos> forbesi	3.0	0.548	ALL	Animal__kingdom
nmod:poss> world	3.0	0.764	ALL	Animal__kingdom
advcl>obj>nmod> ...	3.0	0.273	ALL	Animal__kingdom
obl<acl:relcl<conj< ...	3.0	0.444	ALL	Animal__kingdom
nmod<obj< find	3.0	0.536	ALL	Animal__kingdom
obj<obj>det> ...	3.0	0.389	ALL	Animal__kingdom
obl<xcomp>obj> ...	3.0	0.161	ALL	Animal__kingdom
obl<acl:relcl<advmod> ...	3.0	0.297	ALL	Animal__kingdom
nmod:poss<nmod<cc> and	3.0	0.42	ALL	Animal__kingdom
nmod:poss<obl<cop> ...	3.0	0.219	ALL	Animal__kingdom
obj<conj>nsubj> ...	3.0	0.451	ALL	Animal__kingdom
obl<conj>aux:pass> ...	3.0	0.471	ALL	Animal__kingdom
nsubj<mark> because	3.0	0.467	ALL	Animal__kingdom
obj<xcomp<advmod> ...	3.0	0.212	ALL	Animal__kingdom
nmod:poss<nmod>case> to	3.0	0.334	ALL	Animal__kingdom
nmod>appos>compound> ...	3.0	0.436	ALL	Animal__kingdom
conj<nsubj< have	3.0	0.401	ALL	Animal__kingdom
acl>advcl>obl> ...	3.0	0.52	ALL	Animal__kingdom
acl>advcl> ...	3.0	0.488	ALL	Animal__kingdom
obl<xcomp<advmod> ...	3.0	0.402	ALL	Animal__kingdom
amod<amod> ...	3.0	0.485	ALL	Animal__kingdom
nsubj<ccomp<conj< ...	3.0	0.683	ALL	Animal__kingdom
compound<nmod>nummod> ...	3.0	0.304	ALL	Animal__kingdom
compound>case> ...	3.0	0.542	ALL	Animal__kingdom
obj<advcl>cop> ...	3.0	0.348	ALL	Animal__kingdom
nmod>compound> North	3.0	0.397	ALL	Animal__kingdom
nmod<conj<det> a	3.0	0.676	ALL	Animal__kingdom
obl<obl>advmod> ...	3.0	0.431	ALL	Animal__kingdom
appos<conj<appos> ...	3.0	0.293	ALL	Animal__kingdom
conj<obl<acl:relcl< ...	3.0	0.582	ALL	Animal__kingdom
obj<conj>obj> ...	3.0	0.401	ALL	Animal__kingdom
nmod> America	3.0	0.617	ALL	Animal__kingdom
nummod> five	3.0	0.65	ALL	Animal__kingdom
nmod>nmod:poss> its	3.0	0.411	ALL	Animal__kingdom
advmod> only	3.0	0.462	ALL	Animal__kingdom
conj<xcomp>mark> ...	3.0	0.393	ALL	Animal__kingdom
obj<conj<xcomp> ...	3.0	0.117	ALL	Animal__kingdom
appos<conj>appos> ...	3.0	0.486	ALL	Animal__kingdom
conj<xcomp> ...	3.0	0.404	ALL	Animal__kingdom
nmod:poss<obl<aux> ...	3.0	0.322	ALL	Animal__kingdom
nmod:poss<obl<cop> be	3.0	0.219	ALL	Animal__kingdom
compound<appos<nsubj< ...	3.0	0.503	ALL	Animal__kingdom
conj<case> to	3.0	0.384	ALL	Animal__kingdom
compound<conj< plant	3.0	0.795	ALL	Animal__kingdom
advcl>obj>det> ...	3.0	0.279	ALL	Animal__kingdom
obj<nsubj>nmod:poss> ...	3.0	0.343	ALL	Animal__kingdom
acl:relcl>advcl>obl> ...	3.0	0.399	ALL	Animal__kingdom
nsubj:pass<ccomp< ...	3.0	0.472	ALL	Animal__kingdom
conj<appos>nmod:poss> ...	3.0	0.558	ALL	Animal__kingdom
nmod<nsubj<cc> and	3.0	0.31	ALL	Animal__kingdom
nsubj:pass<appos>conj> ...	3.0	0.242	ALL	Animal__kingdom
nmod> Echinodermata	3.0	0.688	ALL	Animal__kingdom
compound<nmod<cc> ...	3.0	0.467	ALL	Animal__kingdom
conj>nmod:poss> they	3.0	0.358	ALL	Animal__kingdom
conj<appos>appos> ...	3.0	0.442	ALL	Animal__kingdom
compound<conj>det> ...	3.0	0.241	ALL	Animal__kingdom
compound<conj>amod> ...	3.0	0.33	ALL	Animal__kingdom
conj<conj>appos> ...	3.0	0.404	ALL	Animal__kingdom
acl:relcl>advmod> not	3.0	0.301	ALL	Animal__kingdom
conj<case> from	3.0	0.469	ALL	Animal__kingdom
conj<nmod>case> in	3.0	0.532	ALL	Animal__kingdom
nsubj<conj<aux:pass> be	3.0	0.379	ALL	Animal__kingdom
compound<nmod<nummod> ...	3.0	0.268	ALL	Animal__kingdom
obj<conj<nmod> ...	3.0	0.27	ALL	Animal__kingdom
conj<obl<advmod> mainly	3.0	0.501	ALL	Animal__kingdom
nsubj<conj<nsubj:pass> ...	3.0	0.503	ALL	Animal__kingdom
nsubj<conj<aux:pass> ...	3.0	0.379	ALL	Animal__kingdom
conj<xcomp>mark> to	3.0	0.393	ALL	Animal__kingdom
nsubj<xcomp>ccomp> ...	3.0	0.257	ALL	Animal__kingdom
appos<appos>det> the	3.0	0.492	ALL	Animal__kingdom
obj<advcl>cop> be	3.0	0.348	ALL	Animal__kingdom
obj<acl:relcl<nmod< ...	3.0	0.409	ALL	Animal__kingdom
nsubj<ccomp<cc> and	3.0	0.348	ALL	Animal__kingdom
conj<nmod<cop> be	3.0	0.672	ALL	Animal__kingdom
obl<obj> system	3.0	0.483	ALL	Animal__kingdom
acl>obl>case> from	3.0	0.54	ALL	Animal__kingdom
nsubj<nmod>det> a	3.0	0.789	ALL	Animal__kingdom
conj<nmod<case> in	3.0	0.324	ALL	Animal__kingdom
nsubj:pass<obl>nmod:poss> ...	3.0	0.24	ALL	Animal__kingdom
nsubj<ccomp<aux> ...	3.0	0.251	ALL	Animal__kingdom
nmod<amod> small	3.0	0.733	ALL	Animal__kingdom
conj<conj>cop> ...	3.0	0.395	ALL	Animal__kingdom
conj<advcl> ...	3.0	0.45	ALL	Animal__kingdom
nmod> starfish	3.0	0.695	ALL	Animal__kingdom
conj<obl<aux:pass> be	3.0	0.228	ALL	Animal__kingdom
conj<obl< use	3.0	0.611	ALL	Animal__kingdom
conj<advcl>mark> ...	3.0	0.37	ALL	Animal__kingdom
conj<advcl>nsubj> ...	3.0	0.427	ALL	Animal__kingdom
obl<xcomp<mark> ...	3.0	0.612	ALL	Animal__kingdom
nmod> kilometer	3.0	0.697	ALL	Animal__kingdom
nmod> fish	3.0	0.698	ALL	Animal__kingdom
nmod<amod> visual	3.0	0.493	ALL	Animal__kingdom
nmod>amod> other	3.0	0.566	ALL	Animal__kingdom
obl<conj<det> ...	3.0	0.467	ALL	Animal__kingdom
nsubj:pass<advcl<amod> ...	3.0	0.369	ALL	Animal__kingdom
conj<obl>case> with	3.0	0.542	ALL	Animal__kingdom
nmod>amod> square	3.0	0.551	ALL	Animal__kingdom
compound<compound> marine	3.0	0.322	ALL	Animal__kingdom
compound<compound>compound> fossil	3.0	0.655	ALL	Animal__kingdom
compound<nmod< compendium	3.0	0.271	ALL	Animal__kingdom
conj<obl<advcl> ...	3.0	0.165	ALL	Animal__kingdom
nsubj<conj<cop> be	3.0	0.516	ALL	Animal__kingdom
obj<nsubj> scientist	3.0	0.329	ALL	Animal__kingdom
obj<acl:relcl<nmod> ...	3.0	0.538	ALL	Animal__kingdom
nsubj<obl>acl:relcl> ...	3.0	0.415	ALL	Animal__kingdom
nsubj<acl:relcl>advmod> ...	3.0	0.479	ALL	Animal__kingdom
nmod:poss<nmod<det> the	3.0	0.339	ALL	Animal__kingdom
conj<nsubj<advcl< ...	3.0	0.213	ALL	Animal__kingdom
nsubj<ccomp<parataxis< ...	3.0	0.491	ALL	Animal__kingdom
conj>acl:relcl>nsubj> that	3.0	0.414	ALL	Animal__kingdom
nsubj:pass<obl>nummod> ...	3.0	0.221	ALL	Animal__kingdom
obl<nsubj>det> a	3.0	0.576	ALL	Animal__kingdom
obj<csubj< ...	3.0	0.357	ALL	Animal__kingdom
nummod>conj> ...	3.0	0.257	ALL	Animal__kingdom
compound<det> these	3.0	0.547	ALL	Animal__kingdom
nummod>conj>cc> ...	3.0	0.374	ALL	Animal__kingdom
appos<nsubj<det> a	3.0	0.237	ALL	Animal__kingdom
conj>nmod:poss> ...	3.0	0.358	ALL	Animal__kingdom
obj<nsubj>det> this	3.0	0.41	ALL	Animal__kingdom
obl<advcl>cop> be	3.0	0.452	ALL	Animal__kingdom
obj<conj<cop> be	3.0	0.592	ALL	Animal__kingdom
compound<nmod< species	3.0	0.211	ALL	Animal__kingdom
compound<nmod<cc> and	3.0	0.467	ALL	Animal__kingdom
conj<conj>compound> britle	3.0	0.497	ALL	Animal__kingdom
obj<conj<cop> ...	3.0	0.592	ALL	Animal__kingdom
amod>conj>advmod> ...	3.0	0.544	ALL	Animal__kingdom
nsubj<advcl>ccomp> ...	3.0	0.351	ALL	Animal__kingdom
conj<obl>compound> ...	3.0	0.435	ALL	Animal__kingdom
nmod<nmod>case> on	3.0	0.433	ALL	Animal__kingdom
obj<aux> may	3.0	0.348	ALL	Animal__kingdom
obj<obj>compound> ...	3.0	0.538	ALL	Animal__kingdom
amod>advmod> somewhat	3.0	0.246	ALL	Animal__kingdom
nmod<nmod< one	3.0	0.706	ALL	Animal__kingdom
advmod> ever	3.0	0.465	ALL	Animal__kingdom
obj<advcl<conj< ...	3.0	0.366	ALL	Animal__kingdom
nmod> sex	3.0	0.463	ALL	Animal__kingdom
compound<amod> small	3.0	0.501	ALL	Animal__kingdom
conj<obj< eat	3.0	0.328	ALL	Animal__kingdom
obl< see	3.0	0.353	ALL	Animal__kingdom
conj>obj>det> ...	3.0	0.338	ALL	Animal__kingdom
obj<nsubj> group	3.0	0.314	ALL	Animal__kingdom
nmod:poss<obj<advmod> ...	3.0	0.42	ALL	Animal__kingdom
nmod<aux> ...	3.0	0.308	ALL	Animal__kingdom
nmod<obj< form	3.0	0.765	ALL	Animal__kingdom
nsubj<obj> relationship	3.0	0.352	ALL	Animal__kingdom
nsubj<obj>amod> symbiotic	3.0	0.8	ALL	Animal__kingdom
conj>amod>advmod> ...	3.0	0.478	ALL	Animal__kingdom
conj<obl<advmod> also	3.0	0.584	ALL	Animal__kingdom
nmod<det> every	3.0	0.558	ALL	Animal__kingdom
nmod<advmod> also	3.0	0.316	ALL	Animal__kingdom
advcl>obl> ...	3.0	0.852	ALL	Animal__kingdom
obl<acl:relcl<cop> ...	3.0	0.397	ALL	Animal__kingdom
advcl>obl>case> ...	3.0	0.512	ALL	Animal__kingdom
obl<obl>nummod> ...	3.0	0.457	ALL	Animal__kingdom
nsubj<acl:relcl>conj> ...	3.0	0.302	ALL	Animal__kingdom
obl<advmod> commonly	3.0	0.362	ALL	Animal__kingdom
obl<conj>cc> but	3.0	0.387	ALL	Animal__kingdom
appos<obl<advmod> ...	3.0	0.538	ALL	Animal__kingdom
conj<nsubj<nmod> ...	3.0	0.217	ALL	Animal__kingdom
compound<amod> different	3.0	0.335	ALL	Animal__kingdom
amod>cop> be	3.0	0.321	ALL	Animal__kingdom
conj<obj<mark> to	3.0	0.62	ALL	Animal__kingdom
acl>obj>acl:relcl> ...	3.0	0.35	ALL	Animal__kingdom
conj<obl<cc> and	3.0	0.349	ALL	Animal__kingdom
amod>obl>case> to	3.0	0.579	ALL	Animal__kingdom
obj<xcomp>conj> ...	3.0	0.564	ALL	Animal__kingdom
obj<xcomp>obl> ...	3.0	0.366	ALL	Animal__kingdom
appos< starfish	3.0	0.692	ALL	Animal__kingdom
obj< resemble	3.0	0.546	ALL	Animal__kingdom
obj< make	3.0	0.51	ALL	Animal__kingdom
compound<amod> other	3.0	0.39	ALL	Animal__kingdom
nmod<nsubj< have	3.0	0.764	ALL	Animal__kingdom
det> that	3.0	1.214	ALL	Animal__kingdom
compound<case> to	3.0	0.305	ALL	Animal__kingdom
acl>conj> ...	3.0	0.209	ALL	Animal__kingdom
nsubj<conj>aux> can	3.0	0.696	ALL	Animal__kingdom
appos<nmod<nmod< ...	3.0	0.308	ALL	Animal__kingdom
appos<list> ...	3.0	0.24	ALL	Animal__kingdom
obl< related	3.0	0.365	ALL	Animal__kingdom
nsubj:pass<obl> area	3.0	0.35	ALL	Animal__kingdom
nmod<conj<obj< ...	3.0	0.733	ALL	Animal__kingdom
appos<nsubj<det> ...	3.0	0.237	ALL	Animal__kingdom
nsubj<obl>amod> other	3.0	0.828	ALL	Animal__kingdom
amod>obl>amod> ...	3.0	0.595	ALL	Animal__kingdom
nsubj<aux> could	3.0	0.616	ALL	Animal__kingdom
conj<nsubj>nmod:poss> ...	3.0	0.241	ALL	Animal__kingdom
nmod<nsubj<cc> ...	3.0	0.31	ALL	Animal__kingdom
nmod<obj> ...	3.0	0.495	ALL	Animal__kingdom
obl<acl:relcl<det> a	3.0	0.577	ALL	Animal__kingdom
nsubj<conj>xcomp> ...	3.0	0.337	ALL	Animal__kingdom
appos<nsubj<nmod> ...	3.0	0.243	ALL	Animal__kingdom
obj< protect	3.0	0.452	ALL	Animal__kingdom
nsubj<conj<obj> ...	3.0	0.53	ALL	Animal__kingdom
nmod<obl<advmod< ...	3.0	0.605	ALL	Animal__kingdom
nmod> jellyfish	3.0	0.641	ALL	Animal__kingdom
nsubj<appos>amod> ...	3.0	0.352	ALL	Animal__kingdom
nsubj<nmod> species	3.0	0.494	ALL	Animal__kingdom
nsubj<acl>obj> ...	3.0	0.324	ALL	Animal__kingdom
compound<cop> be	3.0	0.285	ALL	Animal__kingdom
obl<nsubj>nmod:poss> ...	3.0	0.378	ALL	Animal__kingdom
acl:relcl>nsubj:pass> which	3.0	0.474	ALL	Animal__kingdom
nmod:poss> lion	3.0	0.799	ALL	Animal__kingdom
conj<appos>compound> sea	3.0	0.283	ALL	Animal__kingdom
conj>xcomp> ...	3.0	0.403	ALL	Animal__kingdom
obl<obl>conj> ...	3.0	0.341	ALL	Animal__kingdom
conj<obl>case> by	3.0	0.697	ALL	Animal__kingdom
obl<acl<cop> be	3.0	0.468	ALL	Animal__kingdom
nmod<case>fixed> ...	3.0	0.425	ALL	Animal__kingdom
obl< catch	3.0	0.371	ALL	Animal__kingdom
conj<obj< call	3.0	0.535	ALL	Animal__kingdom
obl<advcl>aux:pass> be	3.0	0.248	ALL	Animal__kingdom
obl<obl>nmod:poss> its	3.0	0.704	ALL	Animal__kingdom
appos> planci	3.0	0.517	ALL	Animal__kingdom
compound<nmod<case> in	3.0	0.561	ALL	Animal__kingdom
nsubj<expl> there	3.0	0.402	ALL	Animal__kingdom
conj<nmod<nmod< variety	3.0	0.357	ALL	Animal__kingdom
conj<nsubj<det> ...	3.0	0.373	ALL	Animal__kingdom
conj<conj>parataxis> ...	3.0	0.312	ALL	Animal__kingdom
compound<nsubj<acl:relcl< ...	3.0	0.249	ALL	Animal__kingdom
nsubj<advmod> where	3.0	0.803	ALL	Animal__kingdom
compound<acl:relcl>nsubj> that	3.0	0.346	ALL	Animal__kingdom
nsubj<advmod>advmod> ...	3.0	0.378	ALL	Animal__kingdom
nsubj<advmod> why	3.0	1.023	ALL	Animal__kingdom
conj<nmod>compound> ...	3.0	0.306	ALL	Animal__kingdom
acl>xcomp> ...	3.0	0.357	ALL	Animal__kingdom
conj<nmod>nmod> ...	3.0	0.326	ALL	Animal__kingdom
nsubj:pass<advcl<obj> ...	3.0	0.329	ALL	Animal__kingdom
nsubj<acl< mystery	3.0	0.518	ALL	Animal__kingdom
obj<conj< have	3.0	0.243	ALL	Animal__kingdom
appos<appos>compound> comb	3.0	0.26	ALL	Animal__kingdom
nsubj<obl>nmod:poss> they	3.0	0.432	ALL	Animal__kingdom
nmod>conj>cc> or	3.0	0.246	ALL	Animal__kingdom
compound<nsubj<det> the	3.0	0.389	ALL	Animal__kingdom
compound<nmod<conj> ...	3.0	0.454	ALL	Animal__kingdom
nmod<mark> to	3.0	0.297	ALL	Animal__kingdom
obj<advcl<cc> ...	3.0	0.346	ALL	Animal__kingdom
nmod<amod> active	3.0	0.682	ALL	Animal__kingdom
appos<appos>compound> box	3.0	0.361	ALL	Animal__kingdom
compound<case> with	3.0	0.311	ALL	Animal__kingdom
compound<nmod>nmod:poss> ...	3.0	0.358	ALL	Animal__kingdom
nmod<nmod<conj< ...	3.0	0.554	ALL	Animal__kingdom
nmod:poss<nsubj< ...	3.0	0.647	ALL	Animal__kingdom
nmod<det> this	3.0	0.601	ALL	Animal__kingdom
nmod:poss<nsubj<obj> ...	3.0	0.465	ALL	Animal__kingdom
nsubj<nmod>compound> phylum	3.0	0.543	ALL	Animal__kingdom
appos<nmod>det> the	3.0	0.573	ALL	Animal__kingdom
nmod<nmod<case> in	3.0	0.321	ALL	Animal__kingdom
compound<nmod<case> with	3.0	0.369	ALL	Animal__kingdom
nmod<advcl>obl> ...	3.0	0.427	ALL	Animal__kingdom
nmod<obl< use	3.0	0.587	ALL	Animal__kingdom
conj<obl<aux:pass> ...	3.0	0.228	ALL	Animal__kingdom
nmod<obl<acl:relcl< ...	3.0	0.319	ALL	Animal__kingdom
obl<advmod> typically	3.0	0.276	ALL	Animal__kingdom
amod>conj>cc> or	3.0	0.566	ALL	Animal__kingdom
nmod<nsubj<acl:relcl> ...	3.0	0.407	ALL	Animal__kingdom
parataxis>conj>cc> and	3.0	0.485	ALL	Animal__kingdom
obj<acl:relcl<det> the	3.0	0.418	ALL	Animal__kingdom
nsubj:pass<aux> may	3.0	0.226	ALL	Animal__kingdom
acl:relcl>nsubj> they	3.0	0.627	ALL	Animal__kingdom
nmod<conj>cc> or	3.0	0.278	ALL	Animal__kingdom
obl<obl>det> a	3.0	0.348	ALL	Animal__kingdom
conj<conj>cop> be	3.0	0.395	ALL	Animal__kingdom
appos<case> to	3.0	0.69	ALL	Animal__kingdom
nmod<nmod>case> to	3.0	0.449	ALL	Animal__kingdom
obl<conj>compound> ...	3.0	0.512	ALL	Animal__kingdom
nsubj<ccomp>nsubj> ...	3.0	0.342	ALL	Animal__kingdom
conj<obj>compound> ...	3.0	0.702	ALL	Animal__kingdom
amod>advcl> ...	3.0	0.465	ALL	Animal__kingdom
obj<acl:relcl<obj< ...	3.0	0.463	ALL	Animal__kingdom
obj<conj<det> the	3.0	0.245	ALL	Animal__kingdom
amod>advcl>obj> ...	3.0	0.323	ALL	Animal__kingdom
appos<conj> Bilateria	3.0	0.444	ALL	Animal__kingdom
acl>obl>nmod:poss> they	3.0	0.742	ALL	Animal__kingdom
conj<conj>nmod:poss> ...	3.0	0.5	ALL	Animal__kingdom
nmod<det> another	3.0	0.612	ALL	Animal__kingdom
nmod<conj<obl< ...	3.0	0.405	ALL	Animal__kingdom
compound<obl<mark> to	3.0	0.716	ALL	Animal__kingdom
obj<conj>nmod> ...	3.0	0.37	ALL	Animal__kingdom
obl<conj<amod> ...	3.0	0.42	ALL	Animal__kingdom
nsubj<ccomp>advmod> ...	3.0	0.212	ALL	Animal__kingdom
appos<advmod> ...	3.0	0.384	ALL	Animal__kingdom
obl<advcl>mark> as	3.0	0.706	ALL	Animal__kingdom
obl< inhabit	3.0	0.439	ALL	Animal__kingdom
compound<conj<appos< Anatomy	3.0	0.205	ALL	Animal__kingdom
det> each	3.0	1.301	ALL	Animal__kingdom
nsubj:pass<xcomp>cop> be	3.0	0.294	ALL	Animal__kingdom
amod>cop> ...	3.0	0.321	ALL	Animal__kingdom
compound<appos< starfish	3.0	0.647	ALL	Animal__kingdom
obj<obl>det> a	3.0	0.613	ALL	Animal__kingdom
obj<nsubj:pass> ...	3.0	0.213	ALL	Animal__kingdom
obl<ccomp<advmod> ...	3.0	0.557	ALL	Animal__kingdom
obl<acl<conj> ...	3.0	0.389	ALL	Animal__kingdom
nsubj<obl>acl> ...	3.0	0.298	ALL	Animal__kingdom
ccomp<obl>case> in	3.0	0.358	ALL	Animal__kingdom
compound<conj<case> of	3.0	0.49	ALL	Animal__kingdom
nmod<obl<advmod> not	3.0	0.265	ALL	Animal__kingdom
nmod<cc>fixed> ...	3.0	0.353	ALL	Animal__kingdom
appos<parataxis> ...	3.0	0.168	ALL	Animal__kingdom
obl<acl<obl< ...	3.0	0.529	ALL	Animal__kingdom
appos<case> of	3.0	0.691	ALL	Animal__kingdom
appos<nmod<cop> be	3.0	0.383	ALL	Animal__kingdom
advmod> mostly	3.0	0.418	ALL	Animal__kingdom
obl>case> with	3.0	0.392	ALL	Animal__kingdom
obl<xcomp>mark> to	3.0	0.191	ALL	Animal__kingdom
obj<acl<det> a	3.0	0.685	ALL	Animal__kingdom
conj<obl<nsubj:pass> ...	3.0	0.172	ALL	Animal__kingdom
appos>det> the	3.0	0.539	ALL	Animal__kingdom
nsubj<appos>conj> ...	3.0	0.256	ALL	Animal__kingdom
conj<obl>conj> ...	3.0	0.336	ALL	Animal__kingdom
conj>compound> plant	2.0	0.364	ALL	Animal__kingdom
parataxis>obj> jellyfish	2.0	0.389	ALL	Animal__kingdom
appos<nmod<det> a	2.0	0.473	ALL	Animal__kingdom
nsubj>amod> spot	2.0	0.264	ALL	Animal__kingdom
compound<conj>compound> ...	2.0	0.301	ALL	Animal__kingdom
nsubj> dolphin	2.0	0.339	ALL	Animal__kingdom
nmod>acl>mark> to	2.0	0.328	ALL	Animal__kingdom
obl<advmod> closely	2.0	0.243	ALL	Animal__kingdom
parataxis>obj>det> ...	2.0	0.511	ALL	Animal__kingdom
nsubj<obj> mouth	2.0	0.484	ALL	Animal__kingdom
parataxis>nsubj>amod> ...	2.0	0.218	ALL	Animal__kingdom
nmod>conj>det> ...	2.0	0.253	ALL	Animal__kingdom
appos>appos> ...	2.0	0.309	ALL	Animal__kingdom
parataxis<conj>appos> ...	2.0	0.57	ALL	Animal__kingdom
conj<obj<cc> but	2.0	0.435	ALL	Animal__kingdom
conj<obl>case> on	2.0	0.649	ALL	Animal__kingdom
nsubj<acl<obj< solve	2.0	0.22	ALL	Animal__kingdom
compound>compound> sunflower	2.0	0.86	ALL	Animal__kingdom
appos<obl<ccomp< ...	2.0	0.5	ALL	Animal__kingdom
compound<conj<conj> disease	2.0	0.956	ALL	Animal__kingdom
nsubj<acl<det> a	2.0	0.275	ALL	Animal__kingdom
nmod<acl:relcl>cop> ...	2.0	0.577	ALL	Animal__kingdom
acl:relcl>advcl>obj> ...	2.0	0.618	ALL	Animal__kingdom
appos<nmod<amod> diverse	2.0	0.189	ALL	Animal__kingdom
conj<amod> many	2.0	0.95	ALL	Animal__kingdom
conj<nmod>case> for	2.0	0.729	ALL	Animal__kingdom
compound<nmod<case> to	2.0	0.38	ALL	Animal__kingdom
nmod<mark> that	2.0	0.252	ALL	Animal__kingdom
nsubj<mark> about	2.0	0.468	ALL	Animal__kingdom
appos<nmod< family	2.0	0.644	ALL	Animal__kingdom
nsubj>compound> Atlantic	2.0	0.332	ALL	Animal__kingdom
acl>xcomp>mark> ...	2.0	0.667	ALL	Animal__kingdom
xcomp>obl>compound> ...	2.0	0.258	ALL	Animal__kingdom
obl<advmod>advmod> more	2.0	0.52	ALL	Animal__kingdom
nmod>conj> fox	2.0	0.666	ALL	Animal__kingdom
conj<obl<ccomp< ...	2.0	0.479	ALL	Animal__kingdom
nmod>conj>amod> eare	2.0	0.249	ALL	Animal__kingdom
nmod<nsubj<conj< ...	2.0	0.457	ALL	Animal__kingdom
nmod:poss<obj<aux> ...	2.0	0.411	ALL	Animal__kingdom
nsubj<ccomp<acl< ...	2.0	0.405	ALL	Animal__kingdom
obl<ccomp<nsubj> it	2.0	0.44	ALL	Animal__kingdom
obl<acl<xcomp< ...	2.0	0.318	ALL	Animal__kingdom
nsubj<ccomp<acl:relcl< ...	2.0	0.52	ALL	Animal__kingdom
conj>advmod>advmod> more	2.0	0.516	ALL	Animal__kingdom
nmod>conj>compound> mouse	2.0	0.449	ALL	Animal__kingdom
nmod>conj> lemur	2.0	0.678	ALL	Animal__kingdom
nmod<acl:relcl> have	2.0	0.696	ALL	Animal__kingdom
nsubj<mark>fixed> that	2.0	0.618	ALL	Animal__kingdom
nsubj<obj> weight	2.0	0.518	ALL	Animal__kingdom
amod>obl>nmod> ...	2.0	0.315	ALL	Animal__kingdom
nmod<obj<mark> for	2.0	0.342	ALL	Animal__kingdom
acl>ccomp>mark> that	2.0	0.601	ALL	Animal__kingdom
acl> mean	2.0	0.793	ALL	Animal__kingdom
obl<amod> ...	2.0	0.255	ALL	Animal__kingdom
obl<case> ...	2.0	0.322	ALL	Animal__kingdom
nmod<nsubj< grow	2.0	0.717	ALL	Animal__kingdom
obl<acl<mark> ...	2.0	0.44	ALL	Animal__kingdom
nsubj<obj>det:predet> ...	2.0	0.442	ALL	Animal__kingdom
advcl>obj>det> a	2.0	0.315	ALL	Animal__kingdom
obl<ccomp<cop> be	2.0	0.291	ALL	Animal__kingdom
nmod:poss<obj<cc> and	2.0	0.261	ALL	Animal__kingdom
conj>aux:pass> be	2.0	0.317	ALL	Animal__kingdom
nsubj<acl:relcl<obl< ...	2.0	0.343	ALL	Animal__kingdom
nsubj<obj>amod> perilous	2.0	0.657	ALL	Animal__kingdom
appos<nsubj:pass> ...	2.0	0.234	ALL	Animal__kingdom
nsubj<obj>det:predet> such	2.0	0.442	ALL	Animal__kingdom
conj>compound> body	2.0	0.42	ALL	Animal__kingdom
acl:relcl>obj>det> a	2.0	0.194	ALL	Animal__kingdom
nsubj<acl:relcl<nummod> ...	2.0	0.476	ALL	Animal__kingdom
obl<nmod<advcl> ...	2.0	0.335	ALL	Animal__kingdom
compound<obl<ccomp< ...	2.0	0.443	ALL	Animal__kingdom
obj<parataxis<conj> ...	2.0	0.403	ALL	Animal__kingdom
appos<nsubj:pass>det> ...	2.0	0.332	ALL	Animal__kingdom
appos<aux:pass> ...	2.0	0.51	ALL	Animal__kingdom
obl<aux> be	2.0	0.826	ALL	Animal__kingdom
appos<obl>case> ...	2.0	0.542	ALL	Animal__kingdom
appos<obl>det> ...	2.0	0.501	ALL	Animal__kingdom
obl<discourse> ...	2.0	0.313	ALL	Animal__kingdom
compound<mark> ...	2.0	0.513	ALL	Animal__kingdom
appos<obl> ...	2.0	0.387	ALL	Animal__kingdom
nmod<nmod>nummod> ...	2.0	0.286	ALL	Animal__kingdom
nmod:poss<obj<nsubj> which	2.0	0.624	ALL	Animal__kingdom
nmod:poss<obj<aux> could	2.0	0.411	ALL	Animal__kingdom
conj<appos<conj< ...	2.0	0.19	ALL	Animal__kingdom
appos>nmod>det> ...	2.0	0.296	ALL	Animal__kingdom
nmod<acl:relcl>conj> ...	2.0	0.28	ALL	Animal__kingdom
nsubj>obl>amod> ...	2.0	0.326	ALL	Animal__kingdom
nmod<obl<conj< regard	2.0	0.317	ALL	Animal__kingdom
conj>advmod> closely	2.0	0.431	ALL	Animal__kingdom
nmod:poss<nsubj:pass< ...	2.0	0.324	ALL	Animal__kingdom
appos<nmod<nsubj> Asteriidae	2.0	0.233	ALL	Animal__kingdom
obl<appos>amod> african	2.0	0.239	ALL	Animal__kingdom
flat> aurita	2.0	0.148	ALL	Animal__kingdom
obl<advmod> then	2.0	0.363	ALL	Animal__kingdom
conj<obj<acl:relcl< animal	2.0	0.46	ALL	Animal__kingdom
obl<nsubj:pass>advmod> ...	2.0	0.611	ALL	Animal__kingdom
conj<obj<nsubj> that	2.0	0.245	ALL	Animal__kingdom
nsubj<ccomp<parataxis> ...	2.0	0.265	ALL	Animal__kingdom
appos<parataxis>conj> ...	2.0	0.466	ALL	Animal__kingdom
nsubj<obl> general	2.0	0.331	ALL	Animal__kingdom
acl:relcl>conj>advmod> ...	2.0	0.581	ALL	Animal__kingdom
compound<nmod<obl> Kong	2.0	0.095	ALL	Animal__kingdom
nmod<cc:preconj> ...	2.0	0.526	ALL	Animal__kingdom
compound<nmod<nsubj> it	2.0	0.395	ALL	Animal__kingdom
amod>obl:npmod>amod> several	2.0	0.729	ALL	Animal__kingdom
nsubj<obj>amod> main	2.0	0.694	ALL	Animal__kingdom
nmod:poss<amod> thing	2.0	0.571	ALL	Animal__kingdom
obj<nsubj>compound> sea	2.0	0.386	ALL	Animal__kingdom
obj<conj>mark> ...	2.0	0.335	ALL	Animal__kingdom
compound<nsubj:pass<xcomp> ...	2.0	0.548	ALL	Animal__kingdom
nsubj<obl>det> this	2.0	0.655	ALL	Animal__kingdom
obl<acl:relcl<cc> ...	2.0	0.494	ALL	Animal__kingdom
nmod>nmod>case> like	2.0	0.69	ALL	Animal__kingdom
xcomp<cc> and	2.0	0.255	ALL	Animal__kingdom
nmod:poss<nmod< reference	2.0	0.447	ALL	Animal__kingdom
amod>obl:npmod> time	2.0	0.18	ALL	Animal__kingdom
nmod:poss<compound> ...	2.0	0.481	ALL	Animal__kingdom
obl<nmod>compound> ...	2.0	0.421	ALL	Animal__kingdom
nmod:poss<amod>obl:npmod> wedge	2.0	0.404	ALL	Animal__kingdom
conj>nmod>case> such	2.0	0.456	ALL	Animal__kingdom
obl<xcomp<conj< ...	2.0	0.434	ALL	Animal__kingdom
nmod<nummod> three	2.0	0.713	ALL	Animal__kingdom
obl<xcomp<cc> ...	2.0	0.22	ALL	Animal__kingdom
obl<xcomp<cop> be	2.0	0.35	ALL	Animal__kingdom
acl:relcl>nsubj>nmod:poss> whose	2.0	0.71	ALL	Animal__kingdom
compound<conj< Utility	2.0	0.731	ALL	Animal__kingdom
compound<conj<nmod> organism	2.0	0.201	ALL	Animal__kingdom
advmod> therefore	2.0	0.505	ALL	Animal__kingdom
conj<parataxis<nsubj> ...	2.0	0.392	ALL	Animal__kingdom
nsubj<advcl>mark> since	2.0	0.676	ALL	Animal__kingdom
compound>compound> live	2.0	0.804	ALL	Animal__kingdom
compound<nmod>case> with	2.0	0.78	ALL	Animal__kingdom
nmod<nmod> surface	2.0	0.772	ALL	Animal__kingdom
nmod<nmod>amod> upper	2.0	0.428	ALL	Animal__kingdom
nsubj<advcl> move	2.0	0.787	ALL	Animal__kingdom
nmod:poss<amod> shape	2.0	0.58	ALL	Animal__kingdom
compound<nmod<amod> protecte	2.0	0.352	ALL	Animal__kingdom
compound<appos<case> in	2.0	0.304	ALL	Animal__kingdom
nmod:poss< flipper	2.0	0.454	ALL	Animal__kingdom
acl:relcl>conj>obl> ...	2.0	0.307	ALL	Animal__kingdom
compound<case> under	2.0	0.32	ALL	Animal__kingdom
compound<compound>compound> Protection	2.0	0.233	ALL	Animal__kingdom
parataxis>obl>nmod> ...	2.0	0.458	ALL	Animal__kingdom
compound<compound> Ordinance	2.0	0.32	ALL	Animal__kingdom
nsubj<acl:relcl>aux:pass> be	2.0	0.44	ALL	Animal__kingdom
compound<appos<det> the	2.0	0.202	ALL	Animal__kingdom
compound<nummod> 170	2.0	0.145	ALL	Animal__kingdom
nsubj<acl:relcl<nmod< ...	2.0	0.487	ALL	Animal__kingdom
conj>case> on	2.0	0.747	ALL	Animal__kingdom
nmod>acl:relcl>aux:pass> be	2.0	0.467	ALL	Animal__kingdom
nmod<nmod>case> unlike	2.0	0.433	ALL	Animal__kingdom
nsubj<parataxis> have	2.0	0.253	ALL	Animal__kingdom
compound<flat< ...	2.0	0.366	ALL	Animal__kingdom
nmod:poss<nsubj:pass<obl> ...	2.0	0.328	ALL	Animal__kingdom
acl>obj>nmod> ...	2.0	0.4	ALL	Animal__kingdom
obl<conj<case> ...	2.0	0.635	ALL	Animal__kingdom
obl<det> ...	2.0	0.79	ALL	Animal__kingdom
conj<amod> small	2.0	0.878	ALL	Animal__kingdom
nmod<nsubj> Cnidaria	2.0	0.666	ALL	Animal__kingdom
nmod<obj< show	2.0	0.717	ALL	Animal__kingdom
conj<case> between	2.0	0.228	ALL	Animal__kingdom
acl>obl> cm	2.0	0.449	ALL	Animal__kingdom
parataxis<advmod> ...	2.0	0.661	ALL	Animal__kingdom
conj>compound> animal	2.0	0.385	ALL	Animal__kingdom
nsubj<parataxis>obj> layer	2.0	0.357	ALL	Animal__kingdom
obl<xcomp>advmod> ...	2.0	0.433	ALL	Animal__kingdom
compound>case> to	2.0	0.573	ALL	Animal__kingdom
compound<nmod>case> to	2.0	0.847	ALL	Animal__kingdom
compound<flat<appos> ...	2.0	0.31	ALL	Animal__kingdom
appos> animal	2.0	0.487	ALL	Animal__kingdom
obj<xcomp<obj> ...	2.0	0.58	ALL	Animal__kingdom
compound<nsubj<det> a	2.0	0.381	ALL	Animal__kingdom
compound<flat<list> ...	2.0	0.196	ALL	Animal__kingdom
conj<amod> Endemic	2.0	0.75	ALL	Animal__kingdom
obj<xcomp<advcl< ...	2.0	0.546	ALL	Animal__kingdom
nsubj<ccomp<mark> ...	2.0	0.449	ALL	Animal__kingdom
nsubj<nmod>amod> other	2.0	0.434	ALL	Animal__kingdom
nsubj<nsubj:pass<aux:pass> be	2.0	0.333	ALL	Animal__kingdom
nmod:poss<nsubj:pass<aux:pass> ...	2.0	0.358	ALL	Animal__kingdom
nmod:poss<obj<nsubj> that	2.0	0.571	ALL	Animal__kingdom
nsubj:pass<advmod> later	2.0	0.546	ALL	Animal__kingdom
nsubj<nmod>acl:relcl> include	2.0	0.381	ALL	Animal__kingdom
parataxis<obj>amod> ...	2.0	0.297	ALL	Animal__kingdom
acl>obl>case> on	2.0	0.548	ALL	Animal__kingdom
nmod<obl<xcomp< know	2.0	0.501	ALL	Animal__kingdom
compound<nmod>acl:relcl> ...	2.0	0.364	ALL	Animal__kingdom
compound<compound<det> the	2.0	0.704	ALL	Animal__kingdom
amod>obl:npmod>amod> ...	2.0	0.729	ALL	Animal__kingdom
conj<parataxis>nsubj> ...	2.0	0.338	ALL	Animal__kingdom
nmod<conj>acl> grow	2.0	0.37	ALL	Animal__kingdom
conj<ccomp< ...	2.0	0.559	ALL	Animal__kingdom
nmod<conj>obj> ...	2.0	0.383	ALL	Animal__kingdom
nmod<obl<conj< suspect	2.0	0.344	ALL	Animal__kingdom
conj<appos> sponge	2.0	0.375	ALL	Animal__kingdom
nsubj:pass<obl>case> at	2.0	0.328	ALL	Animal__kingdom
parataxis<obj> ...	2.0	0.332	ALL	Animal__kingdom
obj<acl<conj> ...	2.0	0.238	ALL	Animal__kingdom
acl:relcl>nmod>conj> ...	2.0	0.19	ALL	Animal__kingdom
conj>amod> large	2.0	0.318	ALL	Animal__kingdom
nsubj>nmod>det> ...	2.0	0.167	ALL	Animal__kingdom
acl:relcl>case> ...	2.0	0.21	ALL	Animal__kingdom
nsubj<obl> current	2.0	0.417	ALL	Animal__kingdom
acl>obl>amod> high	2.0	0.133	ALL	Animal__kingdom
obj<obl> animal	2.0	0.44	ALL	Animal__kingdom
conj<advmod> where	2.0	0.441	ALL	Animal__kingdom
nmod<obj< identify	2.0	0.625	ALL	Animal__kingdom
conj<nmod<obl< consist	2.0	0.703	ALL	Animal__kingdom
obj<nmod> ...	2.0	0.313	ALL	Animal__kingdom
conj<appos> jelly	2.0	0.384	ALL	Animal__kingdom
conj<appos> star	2.0	0.396	ALL	Animal__kingdom
conj<appos>conj> urchin	2.0	0.499	ALL	Animal__kingdom
conj<appos>conj> dollar	2.0	0.671	ALL	Animal__kingdom
conj<appos>conj> cucumber	2.0	0.557	ALL	Animal__kingdom
conj<nsubj< predatory	2.0	0.332	ALL	Animal__kingdom
appos<case> as	2.0	0.645	ALL	Animal__kingdom
nsubj<obj> soil	2.0	0.537	ALL	Animal__kingdom
nmod<nmod<conj> horse	2.0	1.033	ALL	Animal__kingdom
obj<advcl> move	2.0	0.818	ALL	Animal__kingdom
obl<parataxis>aux> can	2.0	0.246	ALL	Animal__kingdom
acl>obj> cell	2.0	0.533	ALL	Animal__kingdom
nmod:poss< position	2.0	0.431	ALL	Animal__kingdom
nmod<acl:relcl>advmod> also	2.0	0.545	ALL	Animal__kingdom
nmod<nsubj< able	2.0	0.816	ALL	Animal__kingdom
nsubj:pass<advcl>mark> though	2.0	0.678	ALL	Animal__kingdom
nmod>acl:relcl>nsubj> which	2.0	0.728	ALL	Animal__kingdom
appos<nsubj<conj> part	2.0	0.232	ALL	Animal__kingdom
appos<flat> Ctenophora	2.0	0.295	ALL	Animal__kingdom
appos< Cnidaria	2.0	0.691	ALL	Animal__kingdom
appos<obl< related	2.0	0.264	ALL	Animal__kingdom
appos<obl<advmod> closely	2.0	0.566	ALL	Animal__kingdom
conj<appos>compound> comb	2.0	0.327	ALL	Animal__kingdom
conj<appos>conj> hydroid	2.0	0.456	ALL	Animal__kingdom
conj<nmod<obj< include	2.0	0.379	ALL	Animal__kingdom
compound<det> all	2.0	0.693	ALL	Animal__kingdom
obj<obl> time	2.0	0.509	ALL	Animal__kingdom
obj<obl>nmod> photograph	2.0	0.202	ALL	Animal__kingdom
obj<obl>acl> take	2.0	0.249	ALL	Animal__kingdom
nmod<amod>obl> ...	2.0	0.372	ALL	Animal__kingdom
conj<compound< or	2.0	0.429	ALL	Animal__kingdom
conj<compound<cc< lily	2.0	0.284	ALL	Animal__kingdom
acl>obl> wild	2.0	0.372	ALL	Animal__kingdom
acl>aux:pass> be	2.0	0.342	ALL	Animal__kingdom
nmod<nmod<det> some	2.0	0.691	ALL	Animal__kingdom
conj<appos> jellyfish	2.0	0.361	ALL	Animal__kingdom
obl<discourse> Jellyfish	2.0	0.313	ALL	Animal__kingdom
nsubj:pass<advcl>mark> as	2.0	0.451	ALL	Animal__kingdom
obj<conj>cc> or	2.0	0.44	ALL	Animal__kingdom
nsubj:pass<obl>case> from	2.0	0.439	ALL	Animal__kingdom
nsubj:pass<obl> shore	2.0	0.355	ALL	Animal__kingdom
nmod>det> both	2.0	0.768	ALL	Animal__kingdom
nsubj<obl>det> all	2.0	0.632	ALL	Animal__kingdom
acl> burrow	2.0	0.681	ALL	Animal__kingdom
obl<acl<cc> and	2.0	0.575	ALL	Animal__kingdom
conj<compound> marine	2.0	0.288	ALL	Animal__kingdom
appos<obl<nsubj> Calcarea	2.0	0.276	ALL	Animal__kingdom
appos<obl<mark> that	2.0	0.579	ALL	Animal__kingdom
compound<appos<case> from	2.0	0.329	ALL	Animal__kingdom
conj<advcl>nsubj> cucumber	2.0	0.498	ALL	Animal__kingdom
conj<advcl>aux> have	2.0	0.41	ALL	Animal__kingdom
conj<advcl> branch	2.0	0.494	ALL	Animal__kingdom
conj<advcl>obj> tentacle	2.0	0.523	ALL	Animal__kingdom
conj<obl>amod> modify	2.0	0.43	ALL	Animal__kingdom
conj<obl>compound> tube	2.0	0.372	ALL	Animal__kingdom
conj<obl> foot	2.0	0.359	ALL	Animal__kingdom
conj<conj>advmod> not	2.0	0.765	ALL	Animal__kingdom
conj<conj>obl> arm	2.0	0.454	ALL	Animal__kingdom
obj<obl>case> into	2.0	0.686	ALL	Animal__kingdom
obl<nsubj>amod> few	2.0	0.415	ALL	Animal__kingdom
compound<nmod< form	2.0	0.408	ALL	Animal__kingdom
obj<obl>nummod> four	2.0	0.293	ALL	Animal__kingdom
compound<case> when	2.0	0.331	ALL	Animal__kingdom
compound<nmod:poss> they	2.0	0.401	ALL	Animal__kingdom
obj<mark> without	2.0	0.525	ALL	Animal__kingdom
acl>advmod> ever	2.0	0.614	ALL	Animal__kingdom
nsubj<acl:relcl> include	2.0	0.719	ALL	Animal__kingdom
nsubj<nmod> Echinodermata	2.0	0.283	ALL	Animal__kingdom
nsubj:pass<xcomp>det> a	2.0	0.282	ALL	Animal__kingdom
ccomp< think	2.0	0.388	ALL	Animal__kingdom
parataxis>obl>det> the	2.0	0.518	ALL	Animal__kingdom
nsubj<obl>amod> warm	2.0	0.615	ALL	Animal__kingdom
advmod> possibly	2.0	0.414	ALL	Animal__kingdom
conj<advcl>mark> although	2.0	0.339	ALL	Animal__kingdom
compound<nmod>case> from	2.0	0.888	ALL	Animal__kingdom
acl:relcl>obj> jelly	2.0	0.477	ALL	Animal__kingdom
compound<appos<compound> feather	2.0	0.358	ALL	Animal__kingdom
compound<appos< star	2.0	0.612	ALL	Animal__kingdom
compound<appos<nmod> urchin	2.0	0.267	ALL	Animal__kingdom
appos<obl<ccomp< think	2.0	0.5	ALL	Animal__kingdom
nsubj<advmod> more	2.0	0.868	ALL	Animal__kingdom
nsubj:pass<advcl>cop> be	2.0	0.437	ALL	Animal__kingdom
nsubj:pass<advcl>aux> may	2.0	0.531	ALL	Animal__kingdom
acl:relcl>obj>compound> moon	2.0	0.227	ALL	Animal__kingdom
nsubj:pass<advcl>mark> although	2.0	0.696	ALL	Animal__kingdom
appos<case>fixed> ...	2.0	0.292	ALL	Animal__kingdom
nsubj:pass<advcl>mark> by	2.0	0.41	ALL	Animal__kingdom
nsubj<obl> starfish	2.0	0.357	ALL	Animal__kingdom
obl<parataxis<obj> turbine	2.0	0.585	ALL	Animal__kingdom
obl<parataxis< wind	2.0	0.376	ALL	Animal__kingdom
obj<acl:relcl<cop> be	2.0	0.728	ALL	Animal__kingdom
obj<acl:relcl<nmod> Echinodermata	2.0	0.603	ALL	Animal__kingdom
appos<parataxis<advmod> ...	2.0	0.53	ALL	Animal__kingdom
conj>amod> britle	2.0	0.398	ALL	Animal__kingdom
obj<obl> embranchement	2.0	0.54	ALL	Animal__kingdom
obj<obl>amod> first	2.0	0.666	ALL	Animal__kingdom
obj<xcomp< record	2.0	0.17	ALL	Animal__kingdom
nsubj<obj>det> this	2.0	0.35	ALL	Animal__kingdom
nmod<acl:relcl<det> the	2.0	0.388	ALL	Animal__kingdom
nsubj<nmod>case> to	2.0	0.29	ALL	Animal__kingdom
nmod>compound> comb	2.0	0.433	ALL	Animal__kingdom
obl<nsubj>amod> increase	2.0	0.461	ALL	Animal__kingdom
nsubj<conj>nmod:poss> its	2.0	0.35	ALL	Animal__kingdom
nsubj<obl>amod> visual	2.0	0.808	ALL	Animal__kingdom
nsubj<conj>case> over	2.0	0.55	ALL	Animal__kingdom
nmod<nmod< part	2.0	0.77	ALL	Animal__kingdom
obl<nsubj> habitat	2.0	0.748	ALL	Animal__kingdom
obl<nsubj>conj> complexity	2.0	0.501	ALL	Animal__kingdom
appos<nmod<det> the	2.0	0.555	ALL	Animal__kingdom
obj<conj>amod> other	2.0	0.323	ALL	Animal__kingdom
obl<obj>compound> resolution	2.0	0.319	ALL	Animal__kingdom
obl<obj>amod> visual	2.0	0.659	ALL	Animal__kingdom
nmod<xcomp<nsubj:pass> it	2.0	0.379	ALL	Animal__kingdom
nmod<xcomp<aux> have	2.0	0.513	ALL	Animal__kingdom
compound<appos<conj> ...	2.0	0.296	ALL	Animal__kingdom
obl<obj>amod> common	2.0	0.672	ALL	Animal__kingdom
obl<obl>amod> derive	2.0	0.305	ALL	Animal__kingdom
nsubj<obl> jellyfish	2.0	0.301	ALL	Animal__kingdom
conj<nsubj<conj> ...	2.0	0.451	ALL	Animal__kingdom
appos>amod> Evolutionary	2.0	0.331	ALL	Animal__kingdom
appos> history	2.0	0.453	ALL	Animal__kingdom
obl<mark> when	2.0	0.547	ALL	Animal__kingdom
acl:relcl>obl>case> by	2.0	0.611	ALL	Animal__kingdom
conj>compound> moon	2.0	0.364	ALL	Animal__kingdom
nmod>nmod>case> among	2.0	0.712	ALL	Animal__kingdom
nsubj>compound> sea	2.0	0.678	ALL	Animal__kingdom
acl:relcl> depend	2.0	0.468	ALL	Animal__kingdom
conj>conj>cc> and	2.0	0.547	ALL	Animal__kingdom
nsubj<acl< evidence	2.0	0.377	ALL	Animal__kingdom
conj<compound<case> of	2.0	0.301	ALL	Animal__kingdom
conj>obj>det> a	2.0	0.368	ALL	Animal__kingdom
nmod>conj> starfish	2.0	0.902	ALL	Animal__kingdom
obl<mark> for	2.0	0.698	ALL	Animal__kingdom
obj<obl>case> from	2.0	0.651	ALL	Animal__kingdom
conj>obj> system	2.0	0.136	ALL	Animal__kingdom
nmod>conj> anemone	2.0	0.856	ALL	Animal__kingdom
obl<conj<aux> can	2.0	0.597	ALL	Animal__kingdom
compound<obj<nsubj> which	2.0	0.666	ALL	Animal__kingdom
nmod>compound> sea	2.0	0.452	ALL	Animal__kingdom
conj>compound> man	2.0	0.287	ALL	Animal__kingdom
conj<obl<nsubj> which	2.0	0.463	ALL	Animal__kingdom
conj<nmod>amod> other	2.0	0.358	ALL	Animal__kingdom
acl> produce	2.0	0.783	ALL	Animal__kingdom
nsubj<advmod>advmod> more	2.0	0.381	ALL	Animal__kingdom
compound<nmod< system	2.0	0.248	ALL	Animal__kingdom
appos<appos<det> the	2.0	0.236	ALL	Animal__kingdom
conj<nsubj<det> the	2.0	0.387	ALL	Animal__kingdom
conj<obl<aux> will	2.0	0.371	ALL	Animal__kingdom
conj<conj>cc> but	2.0	0.542	ALL	Animal__kingdom
conj<conj>aux> will	2.0	0.452	ALL	Animal__kingdom
conj<conj>obj> egg	2.0	0.381	ALL	Animal__kingdom
obl<conj<nsubj> they	2.0	0.562	ALL	Animal__kingdom
obj<acl:relcl< animal	2.0	0.679	ALL	Animal__kingdom
advmod> even	2.0	0.44	ALL	Animal__kingdom
conj>obl> group	2.0	0.344	ALL	Animal__kingdom
obj<acl:relcl<case> of	2.0	0.23	ALL	Animal__kingdom
nummod> 10	2.0	0.485	ALL	Animal__kingdom
conj<advmod> rarely	2.0	0.437	ALL	Animal__kingdom
nsubj<obj>compound> body	2.0	0.422	ALL	Animal__kingdom
acl:relcl>obl> area	2.0	0.352	ALL	Animal__kingdom
nmod<acl>advmod> commonly	2.0	0.323	ALL	Animal__kingdom
compound<nmod<case> for	2.0	0.386	ALL	Animal__kingdom
nmod:poss<obj<cc> but	2.0	0.236	ALL	Animal__kingdom
obj<xcomp<nsubj:pass> coral	2.0	0.399	ALL	Animal__kingdom
nmod>acl:relcl>compound> ...	2.0	0.182	ALL	Animal__kingdom
nmod<obl< allow	2.0	0.531	ALL	Animal__kingdom
nmod>conj> coral	2.0	0.765	ALL	Animal__kingdom
nmod<obj< catch	2.0	0.544	ALL	Animal__kingdom
acl> feed	2.0	0.799	ALL	Animal__kingdom
nmod<appos>det> a	2.0	0.758	ALL	Animal__kingdom
conj<nsubj<mark> while	2.0	0.578	ALL	Animal__kingdom
conj<obj<parataxis< Aurelia	2.0	0.319	ALL	Animal__kingdom
conj<amod> common	2.0	0.981	ALL	Animal__kingdom
conj<conj>compound> moon	2.0	0.458	ALL	Animal__kingdom
conj<obj<advmod> jelly	2.0	1.061	ALL	Animal__kingdom
nsubj<obj> which	2.0	0.459	ALL	Animal__kingdom
conj<nmod< organisms	2.0	0.433	ALL	Animal__kingdom
nsubj<nmod>amod> few	2.0	0.527	ALL	Animal__kingdom
nsubj> sheep	2.0	0.322	ALL	Animal__kingdom
acl:relcl>aux> may	2.0	0.463	ALL	Animal__kingdom
nmod<det> all	2.0	0.61	ALL	Animal__kingdom
nummod>advmod>fixed> than	2.0	0.714	ALL	Animal__kingdom
nsubj<obj> migration	2.0	0.3	ALL	Animal__kingdom
nmod<nsubj>det> a	2.0	0.632	ALL	Animal__kingdom
obl<advmod> more	2.0	0.219	ALL	Animal__kingdom
conj>acl:relcl> live	2.0	0.532	ALL	Animal__kingdom
nmod<nsubj>det> these	2.0	0.633	ALL	Animal__kingdom
compound>amod> Predatory	2.0	0.306	ALL	Animal__kingdom
compound>amod> coral	2.0	0.457	ALL	Animal__kingdom
acl:relcl>conj>cc> and	2.0	0.398	ALL	Animal__kingdom
appos<nsubj< make	2.0	0.472	ALL	Animal__kingdom
nsubj<acl:relcl> have	2.0	0.876	ALL	Animal__kingdom
ccomp<obl>compound> ...	2.0	0.381	ALL	Animal__kingdom
compound<nmod>case> such	2.0	0.983	ALL	Animal__kingdom
compound<nsubj<aux> have	2.0	0.603	ALL	Animal__kingdom
obl<nmod>case> in	2.0	0.128	ALL	Animal__kingdom
amod< species	2.0	0.574	ALL	Animal__kingdom
nsubj<conj<compound:prt> ...	2.0	0.265	ALL	Animal__kingdom
nsubj:pass<acl:relcl< ...	2.0	0.534	ALL	Animal__kingdom
nmod<ccomp<obl> ...	2.0	0.282	ALL	Animal__kingdom
nmod<ccomp<nsubj> ...	2.0	0.325	ALL	Animal__kingdom
advcl> live	2.0	0.542	ALL	Animal__kingdom
nmod<nmod<amod> only	2.0	0.396	ALL	Animal__kingdom
conj<obl<nsubj> turtle	2.0	0.335	ALL	Animal__kingdom
obl<xcomp<advcl> ...	2.0	0.338	ALL	Animal__kingdom
obl<acl:relcl<appos< ...	2.0	0.375	ALL	Animal__kingdom
nsubj<obl>amod> same	2.0	0.573	ALL	Animal__kingdom
nsubj:pass<advcl<nsubj:pass> ...	2.0	0.338	ALL	Animal__kingdom
nsubj:pass<advcl<aux:pass> ...	2.0	0.461	ALL	Animal__kingdom
obl<acl:relcl<conj> ...	2.0	0.297	ALL	Animal__kingdom
nsubj<parataxis>nsubj:pass> ...	2.0	0.441	ALL	Animal__kingdom
obl<nsubj:pass<obl> ...	2.0	0.414	ALL	Animal__kingdom
nsubj<xcomp> use	2.0	0.236	ALL	Animal__kingdom
nsubj<conj> use	2.0	0.307	ALL	Animal__kingdom
nmod>amod>obl> ...	2.0	0.188	ALL	Animal__kingdom
nsubj> most	2.0	0.309	ALL	Animal__kingdom
compound<appos<appos< ...	2.0	0.435	ALL	Animal__kingdom
obl<xcomp<aux:pass> be	2.0	0.178	ALL	Animal__kingdom
conj<nsubj> which	2.0	0.677	ALL	Animal__kingdom
amod<nmod>det> the	2.0	0.414	ALL	Animal__kingdom
acl:relcl>obl>nmod:poss> they	2.0	0.28	ALL	Animal__kingdom
nmod<obj<advmod> occasionally	2.0	0.23	ALL	Animal__kingdom
nsubj<nmod>case> over	2.0	0.258	ALL	Animal__kingdom
appos<acl:relcl>obj> ...	2.0	0.646	ALL	Animal__kingdom
appos<acl:relcl> ...	2.0	0.393	ALL	Animal__kingdom
appos<acl:relcl>nsubj> ...	2.0	0.459	ALL	Animal__kingdom
obj<xcomp< use	2.0	0.479	ALL	Animal__kingdom
compound<amod>obl> ...	2.0	0.286	ALL	Animal__kingdom
nmod:poss<obl<conj> ...	2.0	0.47	ALL	Animal__kingdom
nmod<nmod<case> include	2.0	0.443	ALL	Animal__kingdom
amod< mammal	2.0	0.603	ALL	Animal__kingdom
conj<obl<conj> fish	2.0	0.435	ALL	Animal__kingdom
obl<ccomp<nsubj:pass> ...	2.0	0.414	ALL	Animal__kingdom
conj<obl>case> to	2.0	0.632	ALL	Animal__kingdom
appos< annelid	2.0	0.711	ALL	Animal__kingdom
obl<nsubj:pass>conj> ...	2.0	0.197	ALL	Animal__kingdom
nmod:poss>compound> ...	2.0	0.368	ALL	Animal__kingdom
conj<nsubj> they	2.0	0.742	ALL	Animal__kingdom
nmod<obj<advmod> also	2.0	0.262	ALL	Animal__kingdom
nmod<obj<nsubj> that	2.0	0.377	ALL	Animal__kingdom
obl<xcomp<nsubj:pass> ...	2.0	0.192	ALL	Animal__kingdom
obl<xcomp<aux:pass> ...	2.0	0.178	ALL	Animal__kingdom
nsubj<advcl<compound> ...	2.0	0.446	ALL	Animal__kingdom
compound<amod> dwell	2.0	0.644	ALL	Animal__kingdom
appos<parataxis>obl> ...	2.0	0.377	ALL	Animal__kingdom
acl:relcl> use	2.0	0.423	ALL	Animal__kingdom
compound<obl< feed	2.0	0.762	ALL	Animal__kingdom
acl>advmod> also	2.0	0.621	ALL	Animal__kingdom
conj>conj> ...	2.0	0.188	ALL	Animal__kingdom
conj>conj>cc> ...	2.0	0.547	ALL	Animal__kingdom
compound<conj>aux> ...	2.0	0.249	ALL	Animal__kingdom
nmod<conj<mark> ...	2.0	0.555	ALL	Animal__kingdom
nsubj<nmod>compound> polychaete	2.0	0.545	ALL	Animal__kingdom
nsubj<obl> period	2.0	0.434	ALL	Animal__kingdom
compound<obl<xcomp< ...	2.0	0.324	ALL	Animal__kingdom
nmod<nsubj<obj> evolution	2.0	0.337	ALL	Animal__kingdom
nsubj<advcl>advmod> not	2.0	0.65	ALL	Animal__kingdom
compound<appos<det> ...	2.0	0.202	ALL	Animal__kingdom
compound<conj>det> the	2.0	0.28	ALL	Animal__kingdom
compound<case> by	2.0	0.321	ALL	Animal__kingdom
appos<appos>det> a	2.0	0.452	ALL	Animal__kingdom
obl<xcomp<cop> ...	2.0	0.35	ALL	Animal__kingdom
nsubj>compound> bush	2.0	0.672	ALL	Animal__kingdom
nsubj<conj> find	2.0	0.432	ALL	Animal__kingdom
obj<xcomp>obj> ...	2.0	0.416	ALL	Animal__kingdom
obl<nsubj>acl> ...	2.0	0.159	ALL	Animal__kingdom
conj>aux> can	2.0	0.475	ALL	Animal__kingdom
nummod> 50	2.0	0.477	ALL	Animal__kingdom
obj<nmod>case> ...	2.0	0.512	ALL	Animal__kingdom
nmod<appos>advmod> ...	2.0	0.569	ALL	Animal__kingdom
conj<nmod<case> to	2.0	0.291	ALL	Animal__kingdom
nsubj<advcl>aux> can	2.0	0.349	ALL	Animal__kingdom
compound<conj>nmod> ...	2.0	0.265	ALL	Animal__kingdom
nmod<obl< know	2.0	0.471	ALL	Animal__kingdom
parataxis>nummod> ...	2.0	0.361	ALL	Animal__kingdom
acl:relcl>obj> they	2.0	0.398	ALL	Animal__kingdom
amod>advmod> much	2.0	0.251	ALL	Animal__kingdom
nsubj:pass<advcl<aux:pass> be	2.0	0.461	ALL	Animal__kingdom
nsubj<advcl>obj> it	2.0	0.363	ALL	Animal__kingdom
nsubj:pass<obl> meat	2.0	0.483	ALL	Animal__kingdom
conj<conj< ...	2.0	0.176	ALL	Animal__kingdom
xcomp<nsubj>det> ...	2.0	0.414	ALL	Animal__kingdom
xcomp<nsubj>conj> ...	2.0	0.369	ALL	Animal__kingdom
amod>advmod> highly	2.0	0.208	ALL	Animal__kingdom
acl>obl>nummod> ...	2.0	0.541	ALL	Animal__kingdom
obj<advcl<aux> have	2.0	0.62	ALL	Animal__kingdom
compound<compound<nmod> ...	2.0	0.396	ALL	Animal__kingdom
nmod>conj> worm	2.0	0.894	ALL	Animal__kingdom
conj<conj>nsubj> ...	2.0	0.21	ALL	Animal__kingdom
acl>obl>case> with	2.0	0.526	ALL	Animal__kingdom
nummod> three	2.0	0.637	ALL	Animal__kingdom
nsubj<advcl<nsubj> fossil	2.0	0.547	ALL	Animal__kingdom
acl:relcl>obj>acl> ...	2.0	0.361	ALL	Animal__kingdom
nmod>conj> snail	2.0	0.879	ALL	Animal__kingdom
compound<appos>nmod> ...	2.0	0.406	ALL	Animal__kingdom
nmod:poss<amod>obl:npmod> ...	2.0	0.404	ALL	Animal__kingdom
nmod<obj<advcl> herbivorous	2.0	0.551	ALL	Animal__kingdom
obl<nsubj> it	2.0	0.706	ALL	Animal__kingdom
obl<nsubj>det> these	2.0	0.465	ALL	Animal__kingdom
nsubj:pass<obj>det> a	2.0	0.446	ALL	Animal__kingdom
obj<advcl>nsubj> they	2.0	0.453	ALL	Animal__kingdom
obl<nsubj>compound> sea	2.0	0.312	ALL	Animal__kingdom
nmod<conj<advmod> traditionally	2.0	0.658	ALL	Animal__kingdom
obl<obl> ground	2.0	0.627	ALL	Animal__kingdom
nsubj<advcl<advmod> now	2.0	0.254	ALL	Animal__kingdom
advcl<advcl>mark> because	2.0	0.345	ALL	Animal__kingdom
advcl<advcl> live	2.0	0.424	ALL	Animal__kingdom
obl<advcl<case> ...	2.0	0.787	ALL	Animal__kingdom
compound>compound> heat	2.0	0.658	ALL	Animal__kingdom
obl<advcl<conj> ...	2.0	0.569	ALL	Animal__kingdom
compound>advmod> most	2.0	0.381	ALL	Animal__kingdom
obj<obl>case> by	2.0	0.587	ALL	Animal__kingdom
obj<advcl>mark> as	2.0	0.591	ALL	Animal__kingdom
conj<xcomp< ...	2.0	0.673	ALL	Animal__kingdom
advcl<cop> be	2.0	0.417	ALL	Animal__kingdom
obl<nsubj> animal	2.0	0.83	ALL	Animal__kingdom
nsubj<conj<conj> ...	2.0	0.419	ALL	Animal__kingdom
nmod>nummod> five	2.0	0.252	ALL	Animal__kingdom
nsubj<obj> tentacle	2.0	0.539	ALL	Animal__kingdom
compound<amod>amod> ...	2.0	0.286	ALL	Animal__kingdom
obl<obj>acl:relcl> ...	2.0	0.472	ALL	Animal__kingdom
obj<conj<aux:pass> be	2.0	0.248	ALL	Animal__kingdom
parataxis>obj>amod> ...	2.0	0.4	ALL	Animal__kingdom
compound<obl<advmod> also	2.0	0.611	ALL	Animal__kingdom
obj<conj>cop> be	2.0	0.521	ALL	Animal__kingdom
ccomp<obl>nummod> ...	2.0	0.262	ALL	Animal__kingdom
amod>obl> fish	2.0	0.275	ALL	Animal__kingdom
compound<amod> peculiar	2.0	0.465	ALL	Animal__kingdom
obl<obj>compound> sea	2.0	0.328	ALL	Animal__kingdom
nsubj<advcl> use	2.0	0.846	ALL	Animal__kingdom
obl<advcl>nsubj:pass> ...	2.0	0.207	ALL	Animal__kingdom
nmod>compound> pet	2.0	0.335	ALL	Animal__kingdom
obj<xcomp<parataxis> ...	2.0	0.447	ALL	Animal__kingdom
obl<obl>acl> ...	2.0	0.422	ALL	Animal__kingdom
compound<acl>mark> to	2.0	0.656	ALL	Animal__kingdom
nmod<nmod<case> with	2.0	0.329	ALL	Animal__kingdom
amod>advmod>advmod> most	2.0	0.594	ALL	Animal__kingdom
compound>advmod> ...	2.0	0.381	ALL	Animal__kingdom
obl<conj<mark> that	2.0	0.247	ALL	Animal__kingdom
obl<acl<appos> ...	2.0	0.22	ALL	Animal__kingdom
nmod<obl< pass	2.0	0.375	ALL	Animal__kingdom
nmod<conj>cop> be	2.0	0.615	ALL	Animal__kingdom
obj<advcl>mark> while	2.0	0.41	ALL	Animal__kingdom
nsubj<advcl<parataxis< ...	2.0	0.306	ALL	Animal__kingdom
obj<advcl>obj> it	2.0	0.394	ALL	Animal__kingdom
obl<acl<compound> ...	2.0	0.369	ALL	Animal__kingdom
nmod:poss<case> on	2.0	0.459	ALL	Animal__kingdom
nsubj<parataxis>amod> ...	2.0	0.308	ALL	Animal__kingdom
obj<conj<nsubj:pass> ...	2.0	0.323	ALL	Animal__kingdom
obj<conj<aux:pass> ...	2.0	0.248	ALL	Animal__kingdom
conj<amod> large	2.0	0.883	ALL	Animal__kingdom
appos>compound> sea	2.0	0.547	ALL	Animal__kingdom
appos> anemone	2.0	0.544	ALL	Animal__kingdom
nmod>nmod>case> <ith	2.0	0.494	ALL	Animal__kingdom
appos> Cubozoa	2.0	0.605	ALL	Animal__kingdom
nmod<compound> population	2.0	0.529	ALL	Animal__kingdom
appos> jelly	2.0	0.527	ALL	Animal__kingdom
nmod<amod>conj> ...	2.0	0.292	ALL	Animal__kingdom
nsubj<conj>obl> animal	2.0	0.42	ALL	Animal__kingdom
nmod<nmod<case> for	2.0	0.408	ALL	Animal__kingdom
nmod>compound> phylum	2.0	0.441	ALL	Animal__kingdom
nmod<nmod< member	2.0	0.492	ALL	Animal__kingdom
nsubj<parataxis>aux> can	2.0	0.335	ALL	Animal__kingdom
nmod<compound> body	2.0	0.381	ALL	Animal__kingdom
nsubj:pass<xcomp>aux:pass> be	2.0	0.74	ALL	Animal__kingdom
nmod<nsubj<mark> as	2.0	0.325	ALL	Animal__kingdom
compound<conj<case> by	2.0	0.467	ALL	Animal__kingdom
nmod<appos>det> the	2.0	0.64	ALL	Animal__kingdom
appos<conj< ...	2.0	0.291	ALL	Animal__kingdom
nmod<nsubj<det> a	2.0	0.358	ALL	Animal__kingdom
nmod>flat> ...	2.0	0.226	ALL	Animal__kingdom
obj<conj<mark> ...	2.0	0.496	ALL	Animal__kingdom
nsubj<parataxis<advmod> ...	2.0	0.221	ALL	Animal__kingdom
obj<aux> will	2.0	0.36	ALL	Animal__kingdom
obl<acl<acl> ...	2.0	0.676	ALL	Animal__kingdom
compound<acl>mark> ...	2.0	0.656	ALL	Animal__kingdom
conj<appos<appos> ...	2.0	0.31	ALL	Animal__kingdom
nsubj> Bonobo	2.0	0.41	ALL	Animal__kingdom
nmod<conj>cop> ...	2.0	0.615	ALL	Animal__kingdom
conj<obj>nmod> ...	2.0	0.168	ALL	Animal__kingdom
conj<conj>advmod> even	2.0	0.722	ALL	Animal__kingdom
appos<conj<nmod> ...	2.0	0.222	ALL	Animal__kingdom
compound<obl<aux> ...	2.0	0.352	ALL	Animal__kingdom
obj<acl:relcl<appos< ...	2.0	0.534	ALL	Animal__kingdom
conj<nsubj> food	2.0	0.563	ALL	Animal__kingdom
nmod:poss<obl<advmod> ...	2.0	0.344	ALL	Animal__kingdom
obl<xcomp< appear	2.0	0.772	ALL	Animal__kingdom
nsubj<parataxis<aux> ...	2.0	0.441	ALL	Animal__kingdom
appos<amod> other	2.0	0.785	ALL	Animal__kingdom
appos< word	2.0	0.406	ALL	Animal__kingdom
advcl<advcl>mark> ...	2.0	0.345	ALL	Animal__kingdom
advcl<advcl>nsubj> ...	2.0	0.228	ALL	Animal__kingdom
advcl<advcl> ...	2.0	0.424	ALL	Animal__kingdom
advcl<cop> ...	2.0	0.417	ALL	Animal__kingdom
acl:relcl>obj>conj> cucumber	2.0	0.618	ALL	Animal__kingdom
obj<advcl<advcl< ...	2.0	0.171	ALL	Animal__kingdom
nsubj<acl:relcl<obj< ...	2.0	0.312	ALL	Animal__kingdom
nmod<acl:relcl<cop> ...	2.0	0.435	ALL	Animal__kingdom
obj<acl<obj< ...	2.0	0.561	ALL	Animal__kingdom
nmod>conj> star	2.0	0.915	ALL	Animal__kingdom
obl<nmod>amod> ...	2.0	0.369	ALL	Animal__kingdom
obl<advcl>aux> ...	2.0	0.398	ALL	Animal__kingdom
obl<conj<compound> ...	2.0	0.377	ALL	Animal__kingdom
obl<advmod> only	2.0	0.24	ALL	Animal__kingdom
conj<obl<acl< ...	2.0	0.394	ALL	Animal__kingdom
conj<conj>amod> common	2.0	0.474	ALL	Animal__kingdom
obj<acl<cop> be	2.0	0.434	ALL	Animal__kingdom
acl:relcl>nsubj>det> ...	2.0	0.907	ALL	Animal__kingdom
nummod> two	2.0	0.636	ALL	Animal__kingdom
nmod<obl< feed	2.0	0.486	ALL	Animal__kingdom
nmod<appos<cop> be	2.0	0.501	ALL	Animal__kingdom
nmod<acl:relcl<nsubj> ...	2.0	0.612	ALL	Animal__kingdom
obj<conj<compound> ...	2.0	0.299	ALL	Animal__kingdom
obl<conj>nsubj> ...	2.0	0.378	ALL	Animal__kingdom
nmod<nmod<nummod> ...	2.0	0.452	ALL	Animal__kingdom
nmod<acl:relcl<mark> ...	2.0	0.443	ALL	Animal__kingdom
compound<compound<acl:relcl> ...	2.0	0.367	ALL	Animal__kingdom
compound<nmod> day	2.0	0.26	ALL	Animal__kingdom
nmod<appos<nmod> tide	2.0	0.762	ALL	Animal__kingdom
obj<obl> distance	2.0	0.463	ALL	Animal__kingdom
nmod<nmod> range	2.0	0.661	ALL	Animal__kingdom
appos<nmod> Aurelia	2.0	0.342	ALL	Animal__kingdom
nmod<acl:relcl>cop> be	2.0	0.577	ALL	Animal__kingdom
obj<obj>acl> ...	2.0	0.482	ALL	Animal__kingdom
obl<advcl>ccomp> ...	2.0	0.268	ALL	Animal__kingdom
conj<obj>det> the	2.0	0.689	ALL	Animal__kingdom
obl<ccomp> ...	2.0	0.37	ALL	Animal__kingdom
compound<mark> that	2.0	0.513	ALL	Animal__kingdom
obl<ccomp>advmod> ...	2.0	0.286	ALL	Animal__kingdom
nsubj<nmod>acl:relcl> release	2.0	0.53	ALL	Animal__kingdom
xcomp<nsubj>nmod> ...	2.0	0.303	ALL	Animal__kingdom
compound<conj<case> on	2.0	0.442	ALL	Animal__kingdom
xcomp<aux> ...	2.0	0.219	ALL	Animal__kingdom
conj>obl>case> as	2.0	0.37	ALL	Animal__kingdom
nsubj<obl> tentacle	2.0	0.49	ALL	Animal__kingdom
acl>advcl>mark> ...	2.0	0.639	ALL	Animal__kingdom
obj<ccomp< suggest	2.0	0.282	ALL	Animal__kingdom
conj>parataxis> ...	2.0	0.451	ALL	Animal__kingdom
nmod>compound> Kem	2.0	0.449	ALL	Animal__kingdom
xcomp<obl>case> ...	2.0	0.454	ALL	Animal__kingdom
acl>xcomp>mark> to	2.0	0.667	ALL	Animal__kingdom
obj<advmod> commonly	2.0	0.821	ALL	Animal__kingdom
xcomp<obl> ...	2.0	0.431	ALL	Animal__kingdom
appos<appos> Scyphozoa	2.0	0.229	ALL	Animal__kingdom
compound<nsubj<acl:relcl> ...	2.0	0.449	ALL	Animal__kingdom
acl> increase	2.0	0.653	ALL	Animal__kingdom
conj<appos< animal	2.0	0.26	ALL	Animal__kingdom
nmod<nmod>case> include	2.0	0.334	ALL	Animal__kingdom
compound>compound> Sunflower	2.0	0.816	ALL	Animal__kingdom
nsubj<acl:relcl<det> ...	2.0	0.302	ALL	Animal__kingdom
obj<obl>case> with	2.0	0.664	ALL	Animal__kingdom
nmod<obl< pry	2.0	0.31	ALL	Animal__kingdom
nmod<det> any	2.0	0.554	ALL	Animal__kingdom
obj<conj>cop> ...	2.0	0.521	ALL	Animal__kingdom
conj>amod> certain	2.0	0.201	ALL	Animal__kingdom
conj>amod>advmod> even	2.0	0.548	ALL	Animal__kingdom
obl<compound:prt> on	2.0	0.334	ALL	Animal__kingdom
compound<nmod>case> for	2.0	0.915	ALL	Animal__kingdom
obj<ccomp<mark> ...	2.0	0.254	ALL	Animal__kingdom
conj<obj>det> a	2.0	0.726	ALL	Animal__kingdom
parataxis<nmod>conj> ...	2.0	0.593	ALL	Animal__kingdom
obl<appos>nmod> ...	2.0	0.537	ALL	Animal__kingdom
compound<nmod< diversity	2.0	0.206	ALL	Animal__kingdom
obl<amod<obl< ...	2.0	0.551	ALL	Animal__kingdom
appos<compound< ...	2.0	0.31	ALL	Animal__kingdom
conj<nmod<nmod< number	2.0	0.396	ALL	Animal__kingdom
nsubj:pass< call	2.0	0.258	ALL	Animal__kingdom
nsubj<advcl> find	2.0	0.634	ALL	Animal__kingdom
nsubj<conj>obl> latitudes	2.0	0.365	ALL	Animal__kingdom
obl<parataxis<nsubj> ...	2.0	0.499	ALL	Animal__kingdom
conj<nsubj<amod> ...	2.0	0.255	ALL	Animal__kingdom
obl<acl:relcl<cc> and	2.0	0.494	ALL	Animal__kingdom
nmod<appos<nsubj> ...	2.0	0.46	ALL	Animal__kingdom
nsubj<nmod>case> at	2.0	0.181	ALL	Animal__kingdom
nmod<appos<cop> ...	2.0	0.501	ALL	Animal__kingdom
conj<det> each	2.0	0.602	ALL	Animal__kingdom
nsubj<nmod> tide	2.0	0.374	ALL	Animal__kingdom
nsubj<nummod> ...	2.0	0.431	ALL	Animal__kingdom
nsubj:pass<advmod> also	2.0	0.422	ALL	Animal__kingdom
nmod<obl<conj< symmetrical	2.0	0.568	ALL	Animal__kingdom
nmod<obl< find	2.0	0.41	ALL	Animal__kingdom
compound<nsubj<cc> ...	2.0	0.246	ALL	Animal__kingdom
nmod<obl<obl> be	2.0	0.637	ALL	Animal__kingdom
nsubj:pass<obl>appos> ...	2.0	0.22	ALL	Animal__kingdom
parataxis>det> ...	2.0	0.627	ALL	Animal__kingdom
nsubj<advcl>obj> they	2.0	0.519	ALL	Animal__kingdom
appos<appos> Aurelia	2.0	0.159	ALL	Animal__kingdom
appos<acl>obl> ...	2.0	0.42	ALL	Animal__kingdom
appos<appos>flat> auriof	2.0	0.567	ALL	Animal__kingdom
nummod>conj>cc> and	2.0	0.34	ALL	Animal__kingdom
nsubj>nmod>det> the	2.0	0.167	ALL	Animal__kingdom
nsubj> estimate	2.0	0.336	ALL	Animal__kingdom
nsubj>amod> best	2.0	0.272	ALL	Animal__kingdom
nmod<nmod> zone	2.0	0.515	ALL	Animal__kingdom
conj<nsubj:pass>compound> ...	2.0	0.51	ALL	Animal__kingdom
appos<appos>amod> large	2.0	0.458	ALL	Animal__kingdom
nmod<obj<parataxis< ...	2.0	0.382	ALL	Animal__kingdom
compound<nmod>det> a	2.0	0.329	ALL	Animal__kingdom
acl:relcl>conj>amod> ...	2.0	0.408	ALL	Animal__kingdom
acl:relcl>conj>case> ...	2.0	0.258	ALL	Animal__kingdom
obl<acl:relcl> ...	2.0	0.391	ALL	Animal__kingdom
obl<advmod<compound> ...	2.0	0.436	ALL	Animal__kingdom
obl<advmod< ...	2.0	0.428	ALL	Animal__kingdom
obj<ccomp<aux> ...	2.0	0.521	ALL	Animal__kingdom
nmod<obj<nsubj> discovery	2.0	0.612	ALL	Animal__kingdom
cc> but	2.0	0.862	ALL	Animal__kingdom
obl<parataxis>xcomp> ...	2.0	0.881	ALL	Animal__kingdom
nmod:poss<obj<mark> ...	2.0	0.411	ALL	Animal__kingdom
obl<parataxis>nsubj:pass> ...	2.0	0.334	ALL	Animal__kingdom
obj<parataxis<nsubj> ...	2.0	0.431	ALL	Animal__kingdom
nsubj<conj>advmod> however	2.0	0.483	ALL	Animal__kingdom
compound<amod> new	2.0	0.559	ALL	Animal__kingdom
appos<appos>nummod> ...	2.0	0.278	ALL	Animal__kingdom
appos<obl<obl> member	2.0	0.214	ALL	Animal__kingdom
obj<nsubj> starfish	2.0	0.355	ALL	Animal__kingdom
nsubj:pass<ccomp> ...	2.0	0.329	ALL	Animal__kingdom
appos<obl< obvious	2.0	0.309	ALL	Animal__kingdom
obl<advcl<nsubj> which	2.0	0.502	ALL	Animal__kingdom
nsubj<advcl<advmod> usually	2.0	0.431	ALL	Animal__kingdom
conj<nsubj:pass< ...	2.0	0.475	ALL	Animal__kingdom
conj<nsubj:pass<aux:pass> ...	2.0	0.329	ALL	Animal__kingdom
acl>obj>compound> ...	2.0	0.391	ALL	Animal__kingdom
appos<obl<nsubj> segmentation	2.0	0.394	ALL	Animal__kingdom
nsubj<conj> able	2.0	0.264	ALL	Animal__kingdom
nmod<appos<case> ...	2.0	0.367	ALL	Animal__kingdom
appos<obl<mark> as	2.0	0.613	ALL	Animal__kingdom
amod>advmod>advmod> ...	2.0	0.594	ALL	Animal__kingdom
nsubj:pass<obj>conj> ...	2.0	0.393	ALL	Animal__kingdom
obl<advcl>obl> ...	2.0	0.267	ALL	Animal__kingdom
conj>compound> britle	2.0	0.449	ALL	Animal__kingdom
compound<conj<appos> ...	2.0	0.423	ALL	Animal__kingdom
amod>advmod> rather	2.0	0.247	ALL	Animal__kingdom
nmod<nmod<cc> and	2.0	0.342	ALL	Animal__kingdom
nmod<compound> water	2.0	0.458	ALL	Animal__kingdom
conj<nmod> insect	2.0	0.713	ALL	Animal__kingdom
nmod<nmod<case> on	2.0	0.368	ALL	Animal__kingdom
nmod<nmod< side	2.0	0.64	ALL	Animal__kingdom
nmod<nsubj> Canalipalpata	2.0	0.389	ALL	Animal__kingdom
nsubj<xcomp> have	2.0	0.216	ALL	Animal__kingdom
nmod>compound>appos> ...	2.0	0.36	ALL	Animal__kingdom
compound<obj<obl> ...	2.0	0.293	ALL	Animal__kingdom
obl<advcl<acl< ...	2.0	0.545	ALL	Animal__kingdom
nsubj:pass< catch	2.0	0.177	ALL	Animal__kingdom
nsubj:pass<mark> when	2.0	0.308	ALL	Animal__kingdom
nmod<obl<nsubj> this	2.0	0.344	ALL	Animal__kingdom
nmod<obj>amod> ...	2.0	0.487	ALL	Animal__kingdom
acl>conj>cc> and	2.0	0.535	ALL	Animal__kingdom
acl>advmod> now	2.0	0.555	ALL	Animal__kingdom
conj>nmod>nmod:poss> ...	2.0	0.28	ALL	Animal__kingdom
conj>nsubj>compound> ...	2.0	0.516	ALL	Animal__kingdom
conj>nsubj>det> ...	2.0	0.419	ALL	Animal__kingdom
nsubj:pass<obj>det> ...	2.0	0.446	ALL	Animal__kingdom
appos<appos> animal	2.0	0.193	ALL	Animal__kingdom
conj<nmod< food	2.0	0.248	ALL	Animal__kingdom
conj<nmod<appos> ...	2.0	0.304	ALL	Animal__kingdom
ccomp<obj> ...	2.0	0.555	ALL	Animal__kingdom
conj<nsubj<advmod> rapidly	2.0	0.309	ALL	Animal__kingdom
conj<nsubj<aux> be	2.0	0.361	ALL	Animal__kingdom
obl<acl:relcl<obj< lack	2.0	0.393	ALL	Animal__kingdom
obl<acl<conj< ...	2.0	0.252	ALL	Animal__kingdom
obl<acl<cc> ...	2.0	0.575	ALL	Animal__kingdom
compound>compound> meat	2.0	0.902	ALL	Animal__kingdom
nmod<nsubj<aux> have	2.0	0.357	ALL	Animal__kingdom
conj<conj>advmod> occasionally	2.0	0.621	ALL	Animal__kingdom
acl>aux:pass> ...	2.0	0.342	ALL	Animal__kingdom
advmod> how	2.0	0.342	ALL	Animal__kingdom
nsubj<xcomp>obj> body	2.0	0.4	ALL	Animal__kingdom
conj<amod> true	2.0	0.925	ALL	Animal__kingdom
nmod:poss<nsubj<obl> ...	2.0	0.38	ALL	Animal__kingdom
nmod<nmod< jellyfish	2.0	0.583	ALL	Animal__kingdom
nsubj<conj<nsubj> they	2.0	0.646	ALL	Animal__kingdom
amod>advmod> fully	2.0	0.251	ALL	Animal__kingdom
aux> have	2.0	0.404	ALL	Animal__kingdom
xcomp< think	2.0	0.322	ALL	Animal__kingdom
xcomp<nsubj:pass> sauropod	2.0	0.473	ALL	Animal__kingdom
advcl>nsubj> species	2.0	0.765	ALL	Animal__kingdom
appos<conj<appos> jellyfish	2.0	0.27	ALL	Animal__kingdom
obj<acl<cop> ...	2.0	0.434	ALL	Animal__kingdom
obj<acl<nsubj> ...	2.0	0.393	ALL	Animal__kingdom
conj<obj<acl:relcl< echinoderm	2.0	0.547	ALL	Animal__kingdom
nsubj<conj>obj> amount	2.0	0.233	ALL	Animal__kingdom
conj<nsubj< decline	2.0	0.328	ALL	Animal__kingdom
obl<parataxis<obj> ...	2.0	0.585	ALL	Animal__kingdom
nmod<parataxis< ...	2.0	0.263	ALL	Animal__kingdom
nsubj:pass<advcl>cop> ...	2.0	0.437	ALL	Animal__kingdom
compound<compound>flat> ...	2.0	0.607	ALL	Animal__kingdom
nsubj:pass<xcomp>aux> have	2.0	0.276	ALL	Animal__kingdom
nmod<appos> evolution	2.0	0.428	ALL	Animal__kingdom
obj<acl:relcl<case> to	2.0	0.302	ALL	Animal__kingdom
acl> use	2.0	0.793	ALL	Animal__kingdom
nmod<appos>compound> echinoderm	2.0	0.519	ALL	Animal__kingdom
appos< protostome	2.0	0.694	ALL	Animal__kingdom
nsubj<advcl> form	2.0	0.809	ALL	Animal__kingdom
appos<case> within	2.0	0.604	ALL	Animal__kingdom
nsubj<advcl>mark> because	2.0	0.873	ALL	Animal__kingdom
conj<obj<aux> can	2.0	0.542	ALL	Animal__kingdom
nmod<compound> feather	2.0	0.486	ALL	Animal__kingdom
conj<conj>amod> farm	2.0	0.38	ALL	Animal__kingdom
appos<mark> ...	2.0	0.438	ALL	Animal__kingdom
nsubj<obj> spine	2.0	0.573	ALL	Animal__kingdom
conj<nsubj<parataxis> say	2.0	0.295	ALL	Animal__kingdom
obl<advcl<acl:relcl< ...	2.0	0.405	ALL	Animal__kingdom
ccomp<obl>amod> ...	2.0	0.388	ALL	Animal__kingdom
conj<nsubj<obl> world	2.0	0.284	ALL	Animal__kingdom
ccomp<nsubj>det> ...	2.0	0.66	ALL	Animal__kingdom
nsubj<obl> May	2.0	0.406	ALL	Animal__kingdom
conj>obl>compound> ...	2.0	0.389	ALL	Animal__kingdom
conj>advcl>mark> if	2.0	0.495	ALL	Animal__kingdom
obj<conj<case> ...	2.0	0.366	ALL	Animal__kingdom
acl>obj>det> the	2.0	0.344	ALL	Animal__kingdom
nsubj>nmod>nummod> ...	2.0	0.558	ALL	Animal__kingdom
nsubj>appos>compound> ...	2.0	0.304	ALL	Animal__kingdom
nsubj>appos> ...	2.0	0.359	ALL	Animal__kingdom
nmod:poss<nmod<nsubj> ...	2.0	0.448	ALL	Animal__kingdom
advmod> strictly	2.0	0.377	ALL	Animal__kingdom
nmod<obl<ccomp< ...	2.0	0.519	ALL	Animal__kingdom
ccomp<nsubj>nmod> ...	2.0	0.259	ALL	Animal__kingdom
nsubj<aux> will	2.0	0.643	ALL	Animal__kingdom
nsubj<nmod>nummod> marine	2.0	0.346	ALL	Animal__kingdom
nsubj<obl>nummod> million	2.0	0.763	ALL	Animal__kingdom
obj<acl:relcl<cop> ...	2.0	0.728	ALL	Animal__kingdom
obj<acl:relcl<nsubj> ...	2.0	0.556	ALL	Animal__kingdom
compound<advmod>advmod> ...	2.0	0.25	ALL	Animal__kingdom
conj<discourse> ...	2.0	0.343	ALL	Animal__kingdom
nsubj<ccomp<aux> have	2.0	0.236	ALL	Animal__kingdom
obl<obl> nematocyst	2.0	0.558	ALL	Animal__kingdom
conj>xcomp>obl> ...	2.0	0.147	ALL	Animal__kingdom
obl<obj> prey	2.0	0.612	ALL	Animal__kingdom
obl<obj>amod> small	2.0	0.691	ALL	Animal__kingdom
obl<acl< one	2.0	0.259	ALL	Animal__kingdom
obl<acl<mark> to	2.0	0.44	ALL	Animal__kingdom
conj<advcl>aux> ...	2.0	0.41	ALL	Animal__kingdom
obl<compound:prt> down	2.0	0.376	ALL	Animal__kingdom
obl<nsubj:pass> it	2.0	0.662	ALL	Animal__kingdom
obl<amod<acl:relcl> ...	2.0	0.681	ALL	Animal__kingdom
appos<conj>compound> ...	2.0	0.267	ALL	Animal__kingdom
compound<nmod<amod> various	2.0	0.451	ALL	Animal__kingdom
obj<obj>det> the	2.0	0.469	ALL	Animal__kingdom
obj<advcl<obl> time	2.0	0.715	ALL	Animal__kingdom
obj<advcl<obl> temperatur	2.0	0.558	ALL	Animal__kingdom
appos<nsubj>det> ...	2.0	0.363	ALL	Animal__kingdom
appos<nsubj>conj> ...	2.0	0.253	ALL	Animal__kingdom
nmod>acl>mark> ...	2.0	0.328	ALL	Animal__kingdom
obj<advcl< thrive	2.0	0.366	ALL	Animal__kingdom
obj<advcl<xcomp< find	2.0	0.671	ALL	Animal__kingdom
obj<aux> be	2.0	0.334	ALL	Animal__kingdom
nmod<obj<nmod> ...	2.0	0.47	ALL	Animal__kingdom
conj<advcl>obj> ...	2.0	0.523	ALL	Animal__kingdom
acl:relcl>obl>nmod:poss> ...	2.0	0.28	ALL	Animal__kingdom
nsubj:pass<xcomp>aux:pass> ...	2.0	0.74	ALL	Animal__kingdom
nsubj:pass<xcomp>advcl> ...	2.0	0.352	ALL	Animal__kingdom
obl<acl<xcomp< think	2.0	0.318	ALL	Animal__kingdom
nsubj<obl> which	2.0	0.374	ALL	Animal__kingdom
appos>nmod>det> the	2.0	0.296	ALL	Animal__kingdom
nmod<acl>advmod> ...	2.0	0.323	ALL	Animal__kingdom
appos<appos<det> ...	2.0	0.236	ALL	Animal__kingdom
obl<conj>appos> 108	2.0	0.813	ALL	Animal__kingdom
obl<conj> dingo	2.0	0.155	ALL	Animal__kingdom
conj>amod> aquatic	2.0	0.319	ALL	Animal__kingdom
obl<appos>appos> 112	2.0	0.174	ALL	Animal__kingdom
obl<appos> dhole	2.0	0.239	ALL	Animal__kingdom
obl<appos>appos> 136	2.0	0.172	ALL	Animal__kingdom
appos<compound>amod> ...	2.0	0.523	ALL	Animal__kingdom
obl<appos> wolf	2.0	0.23	ALL	Animal__kingdom
obl<appos>amod> gray	2.0	0.352	ALL	Animal__kingdom
obl<appos>appos> 142	2.0	0.184	ALL	Animal__kingdom
obl<appos> dog	2.0	0.193	ALL	Animal__kingdom
nmod>conj> bird	2.0	0.688	ALL	Animal__kingdom
nmod<xcomp<aux> ...	2.0	0.513	ALL	Animal__kingdom
obl<acl:relcl<obl< follow	2.0	0.569	ALL	Animal__kingdom
obl<acl:relcl<case> by	2.0	0.323	ALL	Animal__kingdom
obl<acl:relcl<nummod> four	2.0	0.282	ALL	Animal__kingdom
obl<acl:relcl< hypercarnivore	2.0	0.398	ALL	Animal__kingdom
obj<parataxis<nsubj< ...	2.0	0.32	ALL	Animal__kingdom
conj<obj<parataxis< ...	2.0	0.319	ALL	Animal__kingdom
conj<nmod<parataxis> ...	2.0	0.564	ALL	Animal__kingdom
acl:relcl>obl>nummod> ...	2.0	0.342	ALL	Animal__kingdom
acl:relcl>obl>appos> ...	2.0	0.283	ALL	Animal__kingdom
acl:relcl>advcl>conj> ...	2.0	0.344	ALL	Animal__kingdom
nsubj<obj>case> ...	2.0	0.26	ALL	Animal__kingdom
nmod<conj>det> the	2.0	0.36	ALL	Animal__kingdom
nsubj<compound:prt> ...	2.0	0.459	ALL	Animal__kingdom
flat<compound<compound< ...	2.0	0.441	ALL	Animal__kingdom
compound<nmod<mark> ...	2.0	0.238	ALL	Animal__kingdom
nsubj<nsubj>nmod> ...	2.0	0.735	ALL	Animal__kingdom
appos<aux:pass> be	2.0	0.51	ALL	Animal__kingdom
compound<amod<case> ...	2.0	0.783	ALL	Animal__kingdom
obl<conj>amod> domestic	2.0	0.482	ALL	Animal__kingdom
compound<amod< ...	2.0	0.83	ALL	Animal__kingdom
nmod<obl<parataxis> ...	2.0	0.288	ALL	Animal__kingdom
conj<det> some	2.0	0.568	ALL	Animal__kingdom
nsubj<conj>nmod:poss> ...	2.0	0.35	ALL	Animal__kingdom
conj>obj>compound> ...	2.0	0.338	ALL	Animal__kingdom
acl:relcl>advcl>mark> to	2.0	0.517	ALL	Animal__kingdom
compound<obj<acl:relcl< ...	2.0	0.352	ALL	Animal__kingdom
nsubj:pass<conj>case> ...	2.0	0.256	ALL	Animal__kingdom
obj<advmod> sometimes	2.0	0.704	ALL	Animal__kingdom
obl<acl<nsubj> ...	2.0	0.295	ALL	Animal__kingdom
conj<compound<nmod< ...	2.0	0.295	ALL	Animal__kingdom
conj<conj>conj> ...	2.0	0.243	ALL	Animal__kingdom
conj<compound<case> ...	2.0	0.301	ALL	Animal__kingdom
obj<xcomp<mark> to	2.0	0.267	ALL	Animal__kingdom
conj<compound<cc< ...	2.0	0.284	ALL	Animal__kingdom
compound>flat> ...	2.0	0.658	ALL	Animal__kingdom
flat<compound< ...	2.0	0.187	ALL	Animal__kingdom
obl<advmod> primarily	2.0	0.257	ALL	Animal__kingdom
conj<compound> comb	2.0	0.338	ALL	Animal__kingdom
acl:relcl>nsubj>amod> ...	2.0	0.807	ALL	Animal__kingdom
obj<xcomp<aux> have	2.0	0.267	ALL	Animal__kingdom
parataxis<conj<case> ...	2.0	0.374	ALL	Animal__kingdom
obl<advcl>mark> by	2.0	0.548	ALL	Animal__kingdom
obj<advcl<cc> and	2.0	0.356	ALL	Animal__kingdom
nsubj> goat	2.0	0.279	ALL	Animal__kingdom
conj>advmod> usually	2.0	0.617	ALL	Animal__kingdom
nmod:poss<obj>nmod> ...	2.0	0.276	ALL	Animal__kingdom
nsubj<conj>obl> time	2.0	0.504	ALL	Animal__kingdom
nmod<nmod<cc> ...	2.0	0.342	ALL	Animal__kingdom
nmod<conj<nsubj:pass< ...	2.0	0.205	ALL	Animal__kingdom
obj<advcl<amod> ...	2.0	0.703	ALL	Animal__kingdom
obj<advcl<nmod> ...	2.0	0.29	ALL	Animal__kingdom
appos>compound>compound> ...	2.0	0.212	ALL	Animal__kingdom
advcl>nsubj>det> ...	2.0	0.275	ALL	Animal__kingdom
nsubj<ccomp<advcl> ...	2.0	0.484	ALL	Animal__kingdom
obj<acl:relcl< turtle	2.0	0.684	ALL	Animal__kingdom
obj<advcl<amod< ...	2.0	0.346	ALL	Animal__kingdom
obj<advcl>conj> ...	2.0	0.504	ALL	Animal__kingdom
nsubj<parataxis>advmod> not	2.0	0.331	ALL	Animal__kingdom
nsubj<obl>compound> water	2.0	0.23	ALL	Animal__kingdom
nmod<acl:relcl<cop> be	2.0	0.435	ALL	Animal__kingdom
nsubj<obj>det> no	2.0	0.432	ALL	Animal__kingdom
nmod<nmod>appos> ...	2.0	0.239	ALL	Animal__kingdom
nsubj<obj> tooth	2.0	0.565	ALL	Animal__kingdom
advmod> however	2.0	0.45	ALL	Animal__kingdom
nmod<nsubj<expl> ...	2.0	0.553	ALL	Animal__kingdom
obl<ccomp<obl> ...	2.0	0.26	ALL	Animal__kingdom
nsubj<ccomp>conj> ...	2.0	0.232	ALL	Animal__kingdom
obj<advcl<aux> will	2.0	0.513	ALL	Animal__kingdom
appos<appos<compound> ...	2.0	0.412	ALL	Animal__kingdom
conj<acl:relcl<case> ...	2.0	0.336	ALL	Animal__kingdom
conj<acl:relcl<det> ...	2.0	0.405	ALL	Animal__kingdom
nmod<obl<cc> but	2.0	0.437	ALL	Animal__kingdom
conj<acl:relcl<compound> ...	2.0	0.257	ALL	Animal__kingdom
amod>obl>det> ...	2.0	0.614	ALL	Animal__kingdom
compound<amod>obl:npmod> ...	2.0	0.23	ALL	Animal__kingdom
obl<ccomp<cop> ...	2.0	0.291	ALL	Animal__kingdom
conj<obl<xcomp< ...	2.0	0.274	ALL	Animal__kingdom
compound<conj<advmod> ...	2.0	0.689	ALL	Animal__kingdom
obj<conj>acl:relcl> ...	2.0	0.338	ALL	Animal__kingdom
appos<flat> antarctica	2.0	0.361	ALL	Animal__kingdom
appos< Belgica	2.0	0.235	ALL	Animal__kingdom
conj<acl:relcl<amod> ...	2.0	0.301	ALL	Animal__kingdom
compound<conj<obl> ...	2.0	0.53	ALL	Animal__kingdom
parataxis>conj>obj> ...	2.0	0.673	ALL	Animal__kingdom
nsubj:pass<obj>nmod> ...	2.0	0.373	ALL	Animal__kingdom
appos<nsubj<amod> ...	2.0	0.428	ALL	Animal__kingdom
nmod<obl<advmod> typically	2.0	0.506	ALL	Animal__kingdom
obl<advmod>obl> ...	2.0	0.439	ALL	Animal__kingdom
nsubj<appos>cop> ...	2.0	0.412	ALL	Animal__kingdom
acl:relcl>nsubj>nmod:poss> ...	2.0	0.71	ALL	Animal__kingdom
conj<nsubj<aux> ...	2.0	0.361	ALL	Animal__kingdom
nmod:poss<nmod<compound> ...	2.0	0.595	ALL	Animal__kingdom
conj>appos>nmod> ...	2.0	0.474	ALL	Animal__kingdom
nsubj:pass<advmod> traditionally	2.0	0.501	ALL	Animal__kingdom
nsubj<appos>cop> be	2.0	0.412	ALL	Animal__kingdom
nsubj:pass<conj>amod> ...	2.0	0.292	ALL	Animal__kingdom
acl>obj>amod> ...	2.0	0.324	ALL	Animal__kingdom
nsubj:pass< consider	2.0	0.349	ALL	Animal__kingdom
nsubj<compound> marine	2.0	0.521	ALL	Animal__kingdom
obl>det> ...	2.0	0.273	ALL	Animal__kingdom
obl<advcl>nsubj> they	2.0	0.642	ALL	Animal__kingdom
conj>amod> military	2.0	0.232	ALL	Animal__kingdom
obj<conj<ccomp< ...	2.0	0.444	ALL	Animal__kingdom
nmod<obl<advmod> now	2.0	0.382	ALL	Animal__kingdom
obj<compound:prt> ...	2.0	0.597	ALL	Animal__kingdom
nmod<nmod< Mechanisms	2.0	0.429	ALL	Animal__kingdom
conj<appos>nmod> ...	2.0	0.449	ALL	Animal__kingdom
nmod<nmod:poss> its	2.0	0.359	ALL	Animal__kingdom
compound<conj<nsubj> ...	2.0	0.423	ALL	Animal__kingdom
nsubj<nsubj:pass< ...	2.0	0.415	ALL	Animal__kingdom
conj<advcl< ...	2.0	0.261	ALL	Animal__kingdom
nsubj<nsubj:pass<aux:pass> ...	2.0	0.333	ALL	Animal__kingdom
compound<nsubj<ccomp< ...	2.0	0.243	ALL	Animal__kingdom
obj<nsubj>conj> ...	2.0	0.278	ALL	Animal__kingdom
obl<xcomp<aux> have	2.0	0.439	ALL	Animal__kingdom
acl>conj>obl> ...	2.0	0.344	ALL	Animal__kingdom
obl<acl:relcl<nummod> ...	2.0	0.282	ALL	Animal__kingdom
conj<appos<nsubj< ...	2.0	0.254	ALL	Animal__kingdom
nsubj>advmod> ...	2.0	0.227	ALL	Animal__kingdom
discourse> jellyfish	2.0	0.305	ALL	Animal__kingdom
acl:relcl>advmod> where	2.0	0.34	ALL	Animal__kingdom
acl:relcl>nsubj>det> the	2.0	0.907	ALL	Animal__kingdom
conj<appos<compound> ...	2.0	0.348	ALL	Animal__kingdom
appos<appos>compound> sea	2.0	0.347	ALL	Animal__kingdom
compound<amod> most	2.0	0.425	ALL	Animal__kingdom
nsubj:pass<advcl>xcomp> ...	2.0	0.427	ALL	Animal__kingdom
appos< Anthozoa	2.0	0.683	ALL	Animal__kingdom
nsubj:pass<parataxis> ...	2.0	0.527	ALL	Animal__kingdom
nsubj<obl>nmod:poss> its	2.0	0.395	ALL	Animal__kingdom
obl<obl>case> because	2.0	0.392	ALL	Animal__kingdom
nmod:poss<nmod<nmod< ...	2.0	0.582	ALL	Animal__kingdom
nmod<obj<acl:relcl> ...	2.0	0.61	ALL	Animal__kingdom
obj<xcomp< able	2.0	0.52	ALL	Animal__kingdom
nmod:poss<nsubj:pass<aux:pass> be	2.0	0.358	ALL	Animal__kingdom
nmod<nmod<obj< provide	2.0	0.566	ALL	Animal__kingdom
acl:relcl>obl>amod> coastal	2.0	0.319	ALL	Animal__kingdom
obl<conj> have	2.0	0.329	ALL	Animal__kingdom
nsubj<advmod> however	2.0	1.035	ALL	Animal__kingdom
conj<nmod:poss> ...	2.0	0.193	ALL	Animal__kingdom
conj<nmod:poss>det> ...	2.0	0.361	ALL	Animal__kingdom
appos<nmod<nmod> ...	2.0	0.362	ALL	Animal__kingdom
nmod<advmod> however	2.0	0.363	ALL	Animal__kingdom
nsubj<ccomp<nsubj> analysis	2.0	0.382	ALL	Animal__kingdom
amod>mark> ...	2.0	0.549	ALL	Animal__kingdom
conj<obl<mark> to	2.0	0.51	ALL	Animal__kingdom
obl<acl:relcl<obl> ...	2.0	0.224	ALL	Animal__kingdom
amod>obl>case> as	2.0	0.532	ALL	Animal__kingdom
acl>obl>case> at	2.0	0.449	ALL	Animal__kingdom
acl:relcl>obl>conj> bird	2.0	0.36	ALL	Animal__kingdom
compound<obl<ccomp> ...	2.0	0.664	ALL	Animal__kingdom
obl<det> the	2.0	0.79	ALL	Animal__kingdom
nmod:poss<obl<acl:relcl< ...	2.0	0.449	ALL	Animal__kingdom
nmod<cc:preconj> either	2.0	0.526	ALL	Animal__kingdom
conj<xcomp>obj> ...	2.0	0.323	ALL	Animal__kingdom
obl<parataxis>det> ...	2.0	0.268	ALL	Animal__kingdom
conj<nmod:poss>case> ...	2.0	0.396	ALL	Animal__kingdom
advcl>cop> ...	2.0	0.335	ALL	Animal__kingdom
compound<appos<appos> ...	2.0	0.284	ALL	Animal__kingdom
nsubj<conj>obj> system	2.0	0.328	ALL	Animal__kingdom
advcl>nsubj>amod> ...	2.0	0.472	ALL	Animal__kingdom
obj<acl:relcl< echinoderm	2.0	0.604	ALL	Animal__kingdom
nsubj<nmod> bird	2.0	0.533	ALL	Animal__kingdom
obj<xcomp<cop> ...	2.0	0.766	ALL	Animal__kingdom
conj>amod>obl> ...	2.0	0.67	ALL	Animal__kingdom
nmod<acl:relcl<case> ...	2.0	0.4	ALL	Animal__kingdom
nmod>nmod:poss>det> ...	2.0	0.453	ALL	Animal__kingdom
appos<nmod<amod> ...	2.0	0.189	ALL	Animal__kingdom
nummod> e.g.	2.0	0.407	ALL	Animal__kingdom
compound>amod> female	2.0	0.352	ALL	Animal__kingdom
obj<xcomp<cop> be	2.0	0.766	ALL	Animal__kingdom
nmod>nmod> year	2.0	0.406	ALL	Animal__kingdom
nmod<nsubj> it	2.0	0.382	ALL	Animal__kingdom
compound<obj<conj< ...	2.0	0.245	ALL	Animal__kingdom
nsubj:pass<advcl<ccomp> ...	2.0	0.358	ALL	Animal__kingdom
nsubj<conj>nummod> ...	2.0	0.572	ALL	Animal__kingdom
acl:relcl>obl>conj> fish	2.0	0.397	ALL	Animal__kingdom
nsubj<nsubj>det> ...	2.0	0.512	ALL	Animal__kingdom
appos<conj> ctenophora	2.0	0.503	ALL	Animal__kingdom
nsubj<advcl>aux> have	2.0	0.337	ALL	Animal__kingdom
acl>ccomp>obl> ...	2.0	0.43	ALL	Animal__kingdom
nsubj<advmod> very	2.0	0.84	ALL	Animal__kingdom
obl<xcomp<advcl< ...	2.0	0.246	ALL	Animal__kingdom
acl>ccomp> ...	2.0	0.526	ALL	Animal__kingdom
nsubj<ccomp< be	2.0	0.995	ALL	Animal__kingdom
nmod>nmod:poss>case> ...	2.0	0.758	ALL	Animal__kingdom
appos<conj> echinoderm	2.0	0.536	ALL	Animal__kingdom
acl>ccomp>nsubj> ...	2.0	0.67	ALL	Animal__kingdom
acl>ccomp>mark> ...	2.0	0.601	ALL	Animal__kingdom
compound<conj<obj< ...	2.0	0.694	ALL	Animal__kingdom
obj<ccomp<obl> ...	2.0	0.473	ALL	Animal__kingdom
acl:relcl>obj>nmod:poss> they	2.0	0.727	ALL	Animal__kingdom
acl:relcl>obj> jellyfish	2.0	0.419	ALL	Animal__kingdom
nsubj<advcl> have	2.0	0.761	ALL	Animal__kingdom
compound<obl< distribute	2.0	0.611	ALL	Animal__kingdom
amod>nsubj> ...	2.0	0.282	ALL	Animal__kingdom
compound<amod> coral	2.0	0.6	ALL	Animal__kingdom
appos<conj>amod> most	2.0	0.37	ALL	Animal__kingdom
nmod>nmod:poss>case> 's	2.0	0.758	ALL	Animal__kingdom
advmod>fixed> ...	2.0	0.7	ALL	Animal__kingdom
nsubj<advmod> closely	2.0	0.823	ALL	Animal__kingdom
appos< environment	2.0	0.668	ALL	Animal__kingdom
obl<nsubj> echinoderm	2.0	0.716	ALL	Animal__kingdom
compound<nmod<nmod< consumption	2.0	0.273	ALL	Animal__kingdom
nsubj> species	2.0	0.335	ALL	Animal__kingdom
cc:preconj> both	2.0	0.344	ALL	Animal__kingdom
nmod<advcl>obj> ...	2.0	0.252	ALL	Animal__kingdom
parataxis<amod> ...	2.0	0.464	ALL	Animal__kingdom
amod>advmod> as	2.0	0.189	ALL	Animal__kingdom
nsubj<ccomp<conj> ...	2.0	0.465	ALL	Animal__kingdom
nsubj<advcl>mark> in	2.0	0.713	ALL	Animal__kingdom
nmod<appos<nsubj< ...	2.0	0.242	ALL	Animal__kingdom
compound<obl<advmod> widely	2.0	0.498	ALL	Animal__kingdom
parataxis<det> ...	2.0	0.442	ALL	Animal__kingdom
parataxis<cop> ...	2.0	0.475	ALL	Animal__kingdom
parataxis<nsubj>det> ...	2.0	0.499	ALL	Animal__kingdom
compound<obl<nsubj:pass> predation	2.0	0.494	ALL	Animal__kingdom
conj<nsubj:pass<aux:pass> be	2.0	0.329	ALL	Animal__kingdom
nmod<nmod>det> a	2.0	0.493	ALL	Animal__kingdom
compound<obj<advmod> ...	2.0	0.446	ALL	Animal__kingdom
nmod<parataxis>nsubj> ...	2.0	0.291	ALL	Animal__kingdom
nsubj<mark>fixed> ...	2.0	0.618	ALL	Animal__kingdom
conj<obl>case> as	2.0	0.513	ALL	Animal__kingdom
amod<obj<obl> ...	2.0	0.269	ALL	Animal__kingdom
acl:relcl>obj> prey	2.0	0.371	ALL	Animal__kingdom
compound<appos>nummod> ...	2.0	0.103	ALL	Animal__kingdom
acl:relcl>obl>case> with	2.0	0.741	ALL	Animal__kingdom
nmod<parataxis> ...	2.0	0.314	ALL	Animal__kingdom
nmod:poss< diet	2.0	0.291	ALL	Animal__kingdom
obl<conj<ccomp< ...	2.0	0.302	ALL	Animal__kingdom
nsubj:pass<mark> because	2.0	0.224	ALL	Animal__kingdom
obl<nsubj>det> some	2.0	0.406	ALL	Animal__kingdom
compound<nmod< ephyra	2.0	0.416	ALL	Animal__kingdom
nsubj<obl:tmod> ...	2.0	0.403	ALL	Animal__kingdom
nmod<nsubj:pass<xcomp> ...	2.0	0.441	ALL	Animal__kingdom
nmod>nmod>nmod> ...	2.0	0.318	ALL	Animal__kingdom
advmod> not	2.0	0.411	ALL	Animal__kingdom
nsubj<acl:relcl>aux:pass> ...	2.0	0.44	ALL	Animal__kingdom
parataxis<nmod>case> ...	2.0	0.328	ALL	Animal__kingdom
obl<obj> it	2.0	0.597	ALL	Animal__kingdom
nsubj<acl:relcl>aux> ...	2.0	0.743	ALL	Animal__kingdom
nsubj<acl:relcl>nsubj:pass> ...	2.0	0.294	ALL	Animal__kingdom
obl<parataxis>det> the	2.0	0.268	ALL	Animal__kingdom
nmod<obl<ccomp> ...	2.0	0.285	ALL	Animal__kingdom
conj<nmod>conj> ...	2.0	0.267	ALL	Animal__kingdom
parataxis<nmod> ...	2.0	0.203	ALL	Animal__kingdom
appos<appos>nummod> e.g.	2.0	0.278	ALL	Animal__kingdom
appos<compound> marine	2.0	0.801	ALL	Animal__kingdom
nsubj<advcl>mark> as	2.0	0.911	ALL	Animal__kingdom
compound<det> that	2.0	0.601	ALL	Animal__kingdom
appos<conj> cnidarian	2.0	0.568	ALL	Animal__kingdom
nsubj<acl:relcl<obl> ...	2.0	0.276	ALL	Animal__kingdom
compound<obj<aux> ...	2.0	0.339	ALL	Animal__kingdom
acl:relcl>det> ...	2.0	0.371	ALL	Animal__kingdom
xcomp<cc> ...	2.0	0.255	ALL	Animal__kingdom
xcomp<conj<obj> ...	2.0	0.623	ALL	Animal__kingdom
nmod<nsubj<expl> there	2.0	0.553	ALL	Animal__kingdom
conj<nmod<conj> life	2.0	0.233	ALL	Animal__kingdom
nmod<obj< create	2.0	0.636	ALL	Animal__kingdom
nmod<obl>nmod> ...	2.0	0.199	ALL	Animal__kingdom
advcl<conj> ...	2.0	0.23	ALL	Animal__kingdom
obl<conj>advmod> so	2.0	0.765	ALL	Animal__kingdom
nmod>amod> similar	2.0	0.536	ALL	Animal__kingdom
conj<conj>nmod:poss> they	2.0	0.564	ALL	Animal__kingdom
nmod<advcl>nsubj> ...	2.0	0.241	ALL	Animal__kingdom
nsubj<advcl>nsubj> jellyfish	2.0	0.335	ALL	Animal__kingdom
nsubj<parataxis>advcl> ...	2.0	0.606	ALL	Animal__kingdom
advcl>cop> be	2.0	0.335	ALL	Animal__kingdom
obj<xcomp<obl> ...	2.0	0.307	ALL	Animal__kingdom
nmod<nsubj<obl> that	2.0	0.425	ALL	Animal__kingdom
nmod>acl:relcl>nsubj:pass> ...	2.0	0.277	ALL	Animal__kingdom
obj<advmod> only	2.0	0.447	ALL	Animal__kingdom
advcl<conj>cc> ...	2.0	0.388	ALL	Animal__kingdom
amod<nmod>det> ...	2.0	0.414	ALL	Animal__kingdom
cc:preconj> ...	2.0	0.344	ALL	Animal__kingdom
conj>compound> marine	2.0	0.353	ALL	Animal__kingdom
conj>amod> many	2.0	0.235	ALL	Animal__kingdom
nmod<obl<mark> although	2.0	0.268	ALL	Animal__kingdom
obl<acl:relcl<appos> ...	2.0	0.271	ALL	Animal__kingdom
nmod>compound> Pacific	2.0	0.383	ALL	Animal__kingdom
obl>det> the	2.0	0.273	ALL	Animal__kingdom
nmod<obl< related	2.0	0.449	ALL	Animal__kingdom
nmod<nmod< some	2.0	0.583	ALL	Animal__kingdom
parataxis<cop> be	2.0	0.475	ALL	Animal__kingdom
conj<conj>compound> animal	2.0	0.32	ALL	Animal__kingdom
nmod<nmod>case> at	2.0	0.458	ALL	Animal__kingdom
obl<conj>aux> ...	2.0	0.343	ALL	Animal__kingdom
nmod<appos>nmod> ...	2.0	0.253	ALL	Animal__kingdom
nmod:poss<obl<obl> bone	2.0	0.6	ALL	Animal__kingdom
compound<nmod<obl> ...	2.0	0.095	ALL	Animal__kingdom
amod<obl< ...	2.0	0.607	ALL	Animal__kingdom
conj<nmod<obl< more	2.0	0.56	ALL	Animal__kingdom
nsubj<amod> marine	2.0	0.112	ALL	Animal__kingdom
nsubj<conj>advmod> not	2.0	0.418	ALL	Animal__kingdom
conj>aux> will	2.0	0.594	ALL	Animal__kingdom
nmod>nmod>acl> ...	2.0	0.334	ALL	Animal__kingdom
conj<nmod:poss>det> the	2.0	0.361	ALL	Animal__kingdom
nmod:poss<obl< fuse	2.0	0.632	ALL	Animal__kingdom
obl<mark> though	2.0	0.571	ALL	Animal__kingdom
conj<nmod:poss>case> 's	2.0	0.396	ALL	Animal__kingdom
nmod:poss<obl<nsubj> that	2.0	0.6	ALL	Animal__kingdom
nmod<nmod<acl:relcl> ...	2.0	0.3	ALL	Animal__kingdom
nmod:poss>compound> giant	2.0	0.368	ALL	Animal__kingdom
conj<appos<nmod> ...	2.0	0.653	ALL	Animal__kingdom
conj<nmod< plant	2.0	0.358	ALL	Animal__kingdom
obl<xcomp<nsubj> they	2.0	0.818	ALL	Animal__kingdom
advcl<obj> ...	2.0	0.409	ALL	Animal__kingdom
obj<nsubj>det> a	2.0	0.406	ALL	Animal__kingdom
nsubj<obj>amod> digestive	2.0	0.743	ALL	Animal__kingdom
xcomp<conj< ...	2.0	0.315	ALL	Animal__kingdom
parataxis>obl>case> in	2.0	0.339	ALL	Animal__kingdom
appos<nsubj< predatory	2.0	0.845	ALL	Animal__kingdom
obj<mark> than	2.0	0.429	ALL	Animal__kingdom
nmod>acl:relcl>xcomp> ...	2.0	0.362	ALL	Animal__kingdom
nmod>amod>advmod> ...	2.0	0.217	ALL	Animal__kingdom
parataxis<det> the	2.0	0.442	ALL	Animal__kingdom
obj<acl:relcl< group	2.0	0.799	ALL	Animal__kingdom
appos<conj> flatworm	2.0	0.553	ALL	Animal__kingdom
nmod<advcl>mark> although	2.0	0.237	ALL	Animal__kingdom
obj<obl>advmod> ...	2.0	0.57	ALL	Animal__kingdom
nsubj:pass< adapt	2.0	0.338	ALL	Animal__kingdom
nummod>advmod> around	2.0	0.575	ALL	Animal__kingdom
nmod<nsubj<ccomp< ...	2.0	0.386	ALL	Animal__kingdom
advcl<nsubj:pass> ...	2.0	0.399	ALL	Animal__kingdom
appos<acl:relcl>nsubj> which	2.0	0.459	ALL	Animal__kingdom
obl<conj<obj> ...	2.0	0.253	ALL	Animal__kingdom
obj<acl:relcl<amod> diverse	2.0	0.384	ALL	Animal__kingdom
acl>conj>cc> ...	2.0	0.535	ALL	Animal__kingdom
nsubj<obl>amod> similar	2.0	0.772	ALL	Animal__kingdom
nsubj<obl> ancestor	2.0	0.307	ALL	Animal__kingdom
nmod>acl:relcl>aux:pass> ...	2.0	0.467	ALL	Animal__kingdom
nmod<nmod<obj< include	2.0	0.702	ALL	Animal__kingdom
conj>aux:pass> ...	2.0	0.317	ALL	Animal__kingdom
acl:relcl>obl> range	2.0	0.375	ALL	Animal__kingdom
nsubj<advcl<nsubj> it	2.0	0.649	ALL	Animal__kingdom
parataxis<appos> ...	2.0	0.536	ALL	Animal__kingdom
acl>obj>det> a	2.0	0.287	ALL	Animal__kingdom
nmod<conj<appos> ...	2.0	0.251	ALL	Animal__kingdom
nmod<conj<nummod> ...	2.0	0.769	ALL	Animal__kingdom
advcl<advmod> ...	2.0	0.252	ALL	Animal__kingdom
nsubj<parataxis>obj> ...	2.0	0.357	ALL	Animal__kingdom
obj<conj<aux> ...	2.0	0.599	ALL	Animal__kingdom
nsubj<case> in	2.0	0.392	ALL	Animal__kingdom
