,feat,cluster,pw_entr,feat_n,N,group,relrole
18,acl> ...,0,0.007,1,135,Hymenoptera__order,taxongroup_comment
20,acl>mark> ...,0,0.014,1,135,Hymenoptera__order,taxongroup_comment
22,acl>obj> ...,0,0.016,1,135,Hymenoptera__order,taxongroup_comment
31,advmod> only,0,0.019,1,135,Hymenoptera__order,taxongroup_comment
32,amod> ...,0,0.002,3,135,Hymenoptera__order,taxongroup_comment
35,amod> eusocial,0,0.01,1,135,Hymenoptera__order,taxongroup_comment
37,amod> many,0,0.011,1,135,Hymenoptera__order,taxongroup_comment
38,amod> other,0,0.004,2,135,Hymenoptera__order,taxongroup_comment
41,amod> social,0,0.021,2,135,Hymenoptera__order,taxongroup_comment
43,amod>advmod> ...,0,0.019,1,135,Hymenoptera__order,taxongroup_comment
49,amod>obl> be,0,0.019,1,135,Hymenoptera__order,taxongroup_comment
51,amod>obl>case> than,0,0.016,1,135,Hymenoptera__order,taxongroup_comment
89,appos> ...,0,0.002,1,135,Hymenoptera__order,taxongroup_comment
90,appos> ant,0,0.019,1,135,Hymenoptera__order,taxongroup_comment
96,appos>conj> ...,0,0.011,1,135,Hymenoptera__order,taxongroup_comment
97,appos>conj> ant,0,0.019,1,135,Hymenoptera__order,taxongroup_comment
98,appos>conj> be,0,0.016,1,135,Hymenoptera__order,taxongroup_comment
100,appos>conj>cc> and,0,0.035,2,135,Hymenoptera__order,taxongroup_comment
109,case> for,0,0.009,1,135,Hymenoptera__order,taxongroup_comment
110,case> in,0,0.026,2,135,Hymenoptera__order,taxongroup_comment
112,case> of,0,-0.006,1,135,Hymenoptera__order,taxongroup_comment
115,case> with,0,0.016,1,135,Hymenoptera__order,taxongroup_comment
297,conj> ...,0,0.003,1,135,Hymenoptera__order,taxongroup_comment
307,conj>advmod> ...,0,0.014,1,135,Hymenoptera__order,taxongroup_comment
317,conj>cc> or,0,0.01,1,135,Hymenoptera__order,taxongroup_comment
331,det> some,0,0.009,1,135,Hymenoptera__order,taxongroup_comment
332,det> the,0,0.008,3,135,Hymenoptera__order,taxongroup_comment
333,det> these,0,0.019,1,135,Hymenoptera__order,taxongroup_comment
334,flat< ...,0,0.012,1,135,Hymenoptera__order,taxongroup_comment
337,flat<conj> ...,0,0.061,3,135,Hymenoptera__order,taxongroup_comment
338,flat<conj> Hornets,0,0.048,2,135,Hymenoptera__order,taxongroup_comment
339,flat<conj> Yellowjackets,0,0.048,2,135,Hymenoptera__order,taxongroup_comment
340,flat<conj>cc> ...,0,0.024,1,135,Hymenoptera__order,taxongroup_comment
341,flat<conj>cc> and,0,0.066,3,135,Hymenoptera__order,taxongroup_comment
342,flat<conj>compound> ...,0,0.121,5,135,Hymenoptera__order,taxongroup_comment
366,nmod< variety,0,0.016,1,135,Hymenoptera__order,taxongroup_comment
374,nmod<amod> wide,0,0.019,1,135,Hymenoptera__order,taxongroup_comment
403,nmod<det> a,0,0.003,1,135,Hymenoptera__order,taxongroup_comment
435,nmod<obj< ...,0,0.01,1,135,Hymenoptera__order,taxongroup_comment
439,nmod<obj<conj> ...,0,0.012,1,135,Hymenoptera__order,taxongroup_comment
440,nmod<obj<nmod> ...,0,0.016,1,135,Hymenoptera__order,taxongroup_comment
441,nmod<obj<nsubj> ...,0,0.01,1,135,Hymenoptera__order,taxongroup_comment
453,nmod> ant,0,0.023,2,135,Hymenoptera__order,taxongroup_comment
462,nmod>case> include,0,0.012,1,135,Hymenoptera__order,taxongroup_comment
472,nmod>conj> ...,0,0.076,5,135,Hymenoptera__order,taxongroup_comment
473,nmod>conj> amphibian,0,0.019,1,135,Hymenoptera__order,taxongroup_comment
475,nmod>conj> be,0,0.01,1,135,Hymenoptera__order,taxongroup_comment
476,nmod>conj> butterfly,0,0.016,1,135,Hymenoptera__order,taxongroup_comment
478,nmod>conj> termite,0,0.012,1,135,Hymenoptera__order,taxongroup_comment
514,nsubj< ...,0,0.02,3,135,Hymenoptera__order,taxongroup_comment
528,nsubj<advcl> ...,0,0.009,1,135,Hymenoptera__order,taxongroup_comment
532,nsubj<advcl>nsubj> ...,0,0.016,1,135,Hymenoptera__order,taxongroup_comment
535,nsubj<advmod> ...,0,0.026,2,135,Hymenoptera__order,taxongroup_comment
551,nsubj<conj> ...,0,0.004,1,135,Hymenoptera__order,taxongroup_comment
556,nsubj<conj>advmod> ...,0,0.016,1,135,Hymenoptera__order,taxongroup_comment
561,nsubj<conj>cc> but,0,0.014,1,135,Hymenoptera__order,taxongroup_comment
570,nsubj<conj>obj> ...,0,0.014,1,135,Hymenoptera__order,taxongroup_comment
571,nsubj<conj>obl> ...,0,0.011,1,135,Hymenoptera__order,taxongroup_comment
577,nsubj<nmod> ...,0,0.004,1,135,Hymenoptera__order,taxongroup_comment
581,nsubj<nmod>case> ...,0,0.011,1,135,Hymenoptera__order,taxongroup_comment
586,nsubj<nmod>conj> be,0,0.019,1,135,Hymenoptera__order,taxongroup_comment
600,nsubj<obl> ...,0,0.037,3,135,Hymenoptera__order,taxongroup_comment
602,nsubj<obl>case> ...,0,0.01,1,135,Hymenoptera__order,taxongroup_comment
603,nsubj<obl>case> as,0,0.019,1,135,Hymenoptera__order,taxongroup_comment
605,nsubj<obl>case> in,0,0.014,1,135,Hymenoptera__order,taxongroup_comment
606,nsubj<obl>det> a,0,0.016,1,135,Hymenoptera__order,taxongroup_comment
607,nsubj<obl>det> the,0,0.038,2,135,Hymenoptera__order,taxongroup_comment
608,nsubj<obl>nmod> ...,0,0.038,2,135,Hymenoptera__order,taxongroup_comment
609,nsubj<parataxis> ...,0,0.009,1,135,Hymenoptera__order,taxongroup_comment
610,nsubj<parataxis>advmod> ...,0,0.012,1,135,Hymenoptera__order,taxongroup_comment
612,nsubj<parataxis>obj> ...,0,0.014,1,135,Hymenoptera__order,taxongroup_comment
613,nsubj<parataxis>obl> ...,0,0.014,1,135,Hymenoptera__order,taxongroup_comment
614,nsubj<xcomp> ...,0,0.011,1,135,Hymenoptera__order,taxongroup_comment
615,nsubj<xcomp>mark> to,0,0.016,1,135,Hymenoptera__order,taxongroup_comment
655,obl< ...,0,0.033,4,135,Hymenoptera__order,taxongroup_comment
670,obl<advmod> ...,0,0.009,1,135,Hymenoptera__order,taxongroup_comment
676,obl<aux:pass> be,0,0.023,2,135,Hymenoptera__order,taxongroup_comment
679,obl<conj> ...,0,0.02,2,135,Hymenoptera__order,taxongroup_comment
680,obl<conj>advmod> ...,0,0.014,1,135,Hymenoptera__order,taxongroup_comment
681,obl<conj>amod> ...,0,0.042,2,135,Hymenoptera__order,taxongroup_comment
684,obl<conj>cc> but,0,0.042,2,135,Hymenoptera__order,taxongroup_comment
685,obl<conj>compound> ...,0,0.066,3,135,Hymenoptera__order,taxongroup_comment
687,obl<conj>det> the,0,0.019,1,135,Hymenoptera__order,taxongroup_comment
688,obl<conj>nmod> ...,0,0.012,1,135,Hymenoptera__order,taxongroup_comment
691,obl<cop> be,0,0.028,2,135,Hymenoptera__order,taxongroup_comment
692,obl<nsubj:pass> ...,0,0.028,2,135,Hymenoptera__order,taxongroup_comment
696,obl<nsubj> ...,0,0.002,1,135,Hymenoptera__order,taxongroup_comment
698,obl<nsubj> this,0,0.019,1,135,Hymenoptera__order,taxongroup_comment
699,obl<nsubj>amod> ...,0,0.009,1,135,Hymenoptera__order,taxongroup_comment
709,obl<obl> ...,0,0.01,1,135,Hymenoptera__order,taxongroup_comment
710,obl<obl>amod> ...,0,0.012,1,135,Hymenoptera__order,taxongroup_comment
711,obl<obl>case> ...,0,0.011,1,135,Hymenoptera__order,taxongroup_comment
713,obl<obl>det> ...,0,0.024,1,135,Hymenoptera__order,taxongroup_comment
715,obl<parataxis> ...,0,0.012,1,135,Hymenoptera__order,taxongroup_comment
723,acl:relcl> ...,1,-0.001,1,818,Hymenoptera__order,taxongroup_comment
724,acl:relcl> eat,1,0.001,1,818,Hymenoptera__order,taxongroup_comment
726,acl:relcl>advmod> ...,1,-0.0,1,818,Hymenoptera__order,taxongroup_comment
730,acl:relcl>nsubj> that,1,-0.0,1,818,Hymenoptera__order,taxongroup_comment
732,acl:relcl>obj> ...,1,0.0,1,818,Hymenoptera__order,taxongroup_comment
741,acl> ...,1,-0.0,2,818,Hymenoptera__order,taxongroup_comment
742,acl> know,1,0.0,1,818,Hymenoptera__order,taxongroup_comment
746,acl>obl> ...,1,0.003,3,818,Hymenoptera__order,taxongroup_comment
747,acl>obl>case> ...,1,0.003,3,818,Hymenoptera__order,taxongroup_comment
749,acl>obl>det> ...,1,0.002,1,818,Hymenoptera__order,taxongroup_comment
750,acl>obl>det> the,1,0.001,1,818,Hymenoptera__order,taxongroup_comment
753,advmod> ...,1,-0.0,1,818,Hymenoptera__order,taxongroup_comment
755,amod> ...,1,-0.005,11,818,Hymenoptera__order,taxongroup_comment
756,amod> black,1,0.001,2,818,Hymenoptera__order,taxongroup_comment
757,amod> common,1,-0.0,1,818,Hymenoptera__order,taxongroup_comment
759,amod> largest,1,0.002,2,818,Hymenoptera__order,taxongroup_comment
760,amod> many,1,0.003,3,818,Hymenoptera__order,taxongroup_comment
761,amod> other,1,-0.002,7,818,Hymenoptera__order,taxongroup_comment
763,amod> scottish,1,0.002,2,818,Hymenoptera__order,taxongroup_comment
764,amod> social,1,0.0,3,818,Hymenoptera__order,taxongroup_comment
775,appos< ...,1,-0.001,1,818,Hymenoptera__order,taxongroup_comment
778,appos< insect,1,0.001,1,818,Hymenoptera__order,taxongroup_comment
779,appos<amod> ...,1,-0.0,2,818,Hymenoptera__order,taxongroup_comment
796,appos<det> a,1,0.001,1,818,Hymenoptera__order,taxongroup_comment
812,appos> ...,1,0.002,6,818,Hymenoptera__order,taxongroup_comment
813,appos> ant,1,0.001,1,818,Hymenoptera__order,taxongroup_comment
815,appos> bombycina,1,0.004,2,818,Hymenoptera__order,taxongroup_comment
816,appos>amod> ...,1,0.004,3,818,Hymenoptera__order,taxongroup_comment
817,appos>compound> ...,1,-0.0,1,818,Hymenoptera__order,taxongroup_comment
818,appos>compound> Cataglyphis,1,0.004,2,818,Hymenoptera__order,taxongroup_comment
819,appos>conj> ...,1,0.005,4,818,Hymenoptera__order,taxongroup_comment
820,appos>conj> ant,1,0.001,1,818,Hymenoptera__order,taxongroup_comment
821,appos>conj> be,1,0.003,2,818,Hymenoptera__order,taxongroup_comment
822,appos>conj> wasp,1,0.001,1,818,Hymenoptera__order,taxongroup_comment
823,appos>conj>cc> and,1,0.001,2,818,Hymenoptera__order,taxongroup_comment
825,appos>flat> ...,1,0.0,1,818,Hymenoptera__order,taxongroup_comment
828,case> ...,1,-0.0,4,818,Hymenoptera__order,taxongroup_comment
829,case> among,1,-0.0,1,818,Hymenoptera__order,taxongroup_comment
830,case> as,1,0.002,3,818,Hymenoptera__order,taxongroup_comment
831,case> by,1,0.002,3,818,Hymenoptera__order,taxongroup_comment
832,case> for,1,-0.001,1,818,Hymenoptera__order,taxongroup_comment
833,case> in,1,-0.001,1,818,Hymenoptera__order,taxongroup_comment
834,case> like,1,0.003,3,818,Hymenoptera__order,taxongroup_comment
835,case> of,1,-0.005,8,818,Hymenoptera__order,taxongroup_comment
836,case> on,1,0.0,2,818,Hymenoptera__order,taxongroup_comment
837,case> to,1,0.0,1,818,Hymenoptera__order,taxongroup_comment
838,case> with,1,0.0,1,818,Hymenoptera__order,taxongroup_comment
841,cc> and,1,-0.002,2,818,Hymenoptera__order,taxongroup_comment
889,compound> ...,1,-0.002,9,818,Hymenoptera__order,taxongroup_comment
891,compound> Saharan,1,0.005,3,818,Hymenoptera__order,taxongroup_comment
892,compound> Wood,1,0.002,2,818,Hymenoptera__order,taxongroup_comment
893,compound> army,1,-0.001,3,818,Hymenoptera__order,taxongroup_comment
894,compound> carpenter,1,0.0,1,818,Hymenoptera__order,taxongroup_comment
896,compound> garden,1,-0.002,2,818,Hymenoptera__order,taxongroup_comment
897,compound> honey,1,-0.001,2,818,Hymenoptera__order,taxongroup_comment
898,compound> silver,1,0.005,3,818,Hymenoptera__order,taxongroup_comment
899,compound> wood,1,-0.001,2,818,Hymenoptera__order,taxongroup_comment
901,compound>compound> ...,1,0.0,1,818,Hymenoptera__order,taxongroup_comment
902,compound>compound> New,1,0.001,1,818,Hymenoptera__order,taxongroup_comment
1020,conj> ...,1,-0.002,2,818,Hymenoptera__order,taxongroup_comment
1023,conj> be,1,-0.002,1,818,Hymenoptera__order,taxongroup_comment
1026,conj> insect,1,0.001,1,818,Hymenoptera__order,taxongroup_comment
1029,conj> wasp,1,-0.001,1,818,Hymenoptera__order,taxongroup_comment
1038,conj>cc> and,1,-0.003,4,818,Hymenoptera__order,taxongroup_comment
1050,cop> be,1,-0.002,1,818,Hymenoptera__order,taxongroup_comment
1051,det> ...,1,0.0,1,818,Hymenoptera__order,taxongroup_comment
1053,det> a,1,0.003,4,818,Hymenoptera__order,taxongroup_comment
1054,det> some,1,0.006,5,818,Hymenoptera__order,taxongroup_comment
1055,det> the,1,0.011,20,818,Hymenoptera__order,taxongroup_comment
1057,flat< ...,1,0.004,3,818,Hymenoptera__order,taxongroup_comment
1058,flat<appos> ...,1,0.009,5,818,Hymenoptera__order,taxongroup_comment
1059,flat<appos>conj> ...,1,0.005,3,818,Hymenoptera__order,taxongroup_comment
1060,flat<conj> ...,1,0.001,2,818,Hymenoptera__order,taxongroup_comment
1064,flat<conj>cc> and,1,0.0,1,818,Hymenoptera__order,taxongroup_comment
1066,flat<cop> be,1,0.005,3,818,Hymenoptera__order,taxongroup_comment
1067,flat<nsubj> ...,1,0.005,3,818,Hymenoptera__order,taxongroup_comment
1068,flat<nsubj>conj> ...,1,0.007,4,818,Hymenoptera__order,taxongroup_comment
1069,flat> ...,1,0.001,2,818,Hymenoptera__order,taxongroup_comment
1070,flat> burchellii,1,0.0,1,818,Hymenoptera__order,taxongroup_comment
1071,list<conj> be,1,0.004,2,818,Hymenoptera__order,taxongroup_comment
1072,list<conj> number,1,0.004,2,818,Hymenoptera__order,taxongroup_comment
1080,nmod< ...,1,-0.004,5,818,Hymenoptera__order,taxongroup_comment
1082,nmod< ant,1,0.0,1,818,Hymenoptera__order,taxongroup_comment
1088,nmod< species,1,-0.001,2,818,Hymenoptera__order,taxongroup_comment
1089,nmod< variety,1,0.0,1,818,Hymenoptera__order,taxongroup_comment
1090,nmod< wasp,1,0.0,1,818,Hymenoptera__order,taxongroup_comment
1091,nmod<acl> ...,1,-0.0,1,818,Hymenoptera__order,taxongroup_comment
1093,nmod<advmod> ...,1,0.007,5,818,Hymenoptera__order,taxongroup_comment
1094,nmod<amod> ...,1,-0.003,4,818,Hymenoptera__order,taxongroup_comment
1097,nmod<amod> wide,1,0.001,1,818,Hymenoptera__order,taxongroup_comment
1099,nmod<amod>conj> ...,1,0.002,1,818,Hymenoptera__order,taxongroup_comment
1101,nmod<appos< ...,1,0.0,1,818,Hymenoptera__order,taxongroup_comment
1103,nmod<case> ...,1,-0.0,1,818,Hymenoptera__order,taxongroup_comment
1104,nmod<case> in,1,0.001,2,818,Hymenoptera__order,taxongroup_comment
1105,nmod<case> of,1,-0.001,1,818,Hymenoptera__order,taxongroup_comment
1109,nmod<compound> ...,1,-0.002,1,818,Hymenoptera__order,taxongroup_comment
1119,nmod<conj> ...,1,0.001,3,818,Hymenoptera__order,taxongroup_comment
1121,nmod<conj>cc> ...,1,0.004,2,818,Hymenoptera__order,taxongroup_comment
1122,nmod<conj>cc> and,1,-0.001,1,818,Hymenoptera__order,taxongroup_comment
1123,nmod<conj>obl> ...,1,0.0,1,818,Hymenoptera__order,taxongroup_comment
1124,nmod<cop> be,1,0.0,5,818,Hymenoptera__order,taxongroup_comment
1125,nmod<det> ...,1,0.001,1,818,Hymenoptera__order,taxongroup_comment
1126,nmod<det> a,1,-0.001,3,818,Hymenoptera__order,taxongroup_comment
1127,nmod<det> the,1,-0.001,3,818,Hymenoptera__order,taxongroup_comment
1131,nmod<nmod:poss> they,1,0.001,1,818,Hymenoptera__order,taxongroup_comment
1132,nmod<nmod< ...,1,-0.001,1,818,Hymenoptera__order,taxongroup_comment
1140,nmod<nmod> ...,1,-0.001,1,818,Hymenoptera__order,taxongroup_comment
1142,nmod<nmod>case> ...,1,0.0,1,818,Hymenoptera__order,taxongroup_comment
1149,nmod<nsubj:pass< ...,1,0.002,2,818,Hymenoptera__order,taxongroup_comment
1150,nmod<nsubj:pass<aux:pass> be,1,0.002,2,818,Hymenoptera__order,taxongroup_comment
1152,nmod<nsubj> ...,1,0.002,5,818,Hymenoptera__order,taxongroup_comment
1156,nmod<nsubj>amod> ...,1,0.001,2,818,Hymenoptera__order,taxongroup_comment
1157,nmod<nsubj>det> the,1,0.002,2,818,Hymenoptera__order,taxongroup_comment
1166,nmod<obl< ...,1,-0.0,1,818,Hymenoptera__order,taxongroup_comment
1169,nmod<obl<cop> be,1,0.0,1,818,Hymenoptera__order,taxongroup_comment
1170,nmod<obl<nsubj> ...,1,-0.001,1,818,Hymenoptera__order,taxongroup_comment
1171,nmod<parataxis> ...,1,0.0,1,818,Hymenoptera__order,taxongroup_comment
1173,nmod> ...,1,0.001,8,818,Hymenoptera__order,taxongroup_comment
1176,nmod> ant,1,-0.001,2,818,Hymenoptera__order,taxongroup_comment
1177,nmod> be,1,0.001,2,818,Hymenoptera__order,taxongroup_comment
1178,nmod> order,1,0.002,2,818,Hymenoptera__order,taxongroup_comment
1179,nmod> species,1,0.001,1,818,Hymenoptera__order,taxongroup_comment
1182,nmod>case> ...,1,0.001,3,818,Hymenoptera__order,taxongroup_comment
1183,nmod>case> <ith,1,0.001,1,818,Hymenoptera__order,taxongroup_comment
1184,nmod>case> in,1,0.002,3,818,Hymenoptera__order,taxongroup_comment
1186,nmod>case> like,1,0.001,1,818,Hymenoptera__order,taxongroup_comment
1187,nmod>case> of,1,0.0,2,818,Hymenoptera__order,taxongroup_comment
1188,nmod>case> such,1,0.0,5,818,Hymenoptera__order,taxongroup_comment
1190,nmod>case> with,1,0.0,1,818,Hymenoptera__order,taxongroup_comment
1191,nmod>case>fixed> as,1,0.0,5,818,Hymenoptera__order,taxongroup_comment
1192,nmod>compound> ...,1,0.001,3,818,Hymenoptera__order,taxongroup_comment
1193,nmod>compound> Bombus,1,0.004,2,818,Hymenoptera__order,taxongroup_comment
1195,nmod>conj> ...,1,-0.002,2,818,Hymenoptera__order,taxongroup_comment
1196,nmod>conj> amphibian,1,0.001,1,818,Hymenoptera__order,taxongroup_comment
1199,nmod>conj> butterfly,1,0.0,1,818,Hymenoptera__order,taxongroup_comment
1200,nmod>conj> moth,1,0.001,1,818,Hymenoptera__order,taxongroup_comment
1206,nmod>conj>cc> and,1,-0.002,2,818,Hymenoptera__order,taxongroup_comment
1210,nmod>det> ...,1,0.002,1,818,Hymenoptera__order,taxongroup_comment
1211,nmod>det> a,1,0.0,1,818,Hymenoptera__order,taxongroup_comment
1212,nmod>det> the,1,0.0,4,818,Hymenoptera__order,taxongroup_comment
1213,nmod>flat> ...,1,0.003,2,818,Hymenoptera__order,taxongroup_comment
1218,nsubj:pass< ...,1,0.0,2,818,Hymenoptera__order,taxongroup_comment
1220,nsubj:pass<advmod> ...,1,-0.0,1,818,Hymenoptera__order,taxongroup_comment
1221,nsubj:pass<advmod> sometimes,1,0.001,1,818,Hymenoptera__order,taxongroup_comment
1223,nsubj:pass<aux:pass> be,1,-0.001,2,818,Hymenoptera__order,taxongroup_comment
1228,nsubj:pass<obl> ...,1,-0.001,2,818,Hymenoptera__order,taxongroup_comment
1230,nsubj:pass<obl>case> for,1,0.001,1,818,Hymenoptera__order,taxongroup_comment
1232,nsubj:pass<obl>case> to,1,0.001,1,818,Hymenoptera__order,taxongroup_comment
1235,nsubj:pass<obl>det> the,1,0.0,1,818,Hymenoptera__order,taxongroup_comment
1236,nsubj:pass<obl>nmod> ...,1,0.0,1,818,Hymenoptera__order,taxongroup_comment
1237,nsubj< ...,1,0.017,17,818,Hymenoptera__order,taxongroup_comment
1238,nsubj< ant,1,0.004,2,818,Hymenoptera__order,taxongroup_comment
1239,nsubj< be,1,0.001,1,818,Hymenoptera__order,taxongroup_comment
1242,nsubj< have,1,0.002,3,818,Hymenoptera__order,taxongroup_comment
1243,nsubj< hornet,1,0.004,2,818,Hymenoptera__order,taxongroup_comment
1244,nsubj< pollinator,1,0.004,2,818,Hymenoptera__order,taxongroup_comment
1245,nsubj< species,1,0.0,1,818,Hymenoptera__order,taxongroup_comment
1246,nsubj< use,1,0.007,4,818,Hymenoptera__order,taxongroup_comment
1251,nsubj<advcl> ...,1,0.004,4,818,Hymenoptera__order,taxongroup_comment
1252,nsubj<advcl>mark> ...,1,0.002,1,818,Hymenoptera__order,taxongroup_comment
1253,nsubj<advcl>mark> to,1,0.001,1,818,Hymenoptera__order,taxongroup_comment
1254,nsubj<advcl>mark> while,1,0.001,1,818,Hymenoptera__order,taxongroup_comment
1255,nsubj<advcl>nsubj> ...,1,0.0,1,818,Hymenoptera__order,taxongroup_comment
1256,nsubj<advcl>obj> ...,1,0.003,2,818,Hymenoptera__order,taxongroup_comment
1257,nsubj<advcl>obl> ...,1,0.003,2,818,Hymenoptera__order,taxongroup_comment
1258,nsubj<advmod> ...,1,0.008,6,818,Hymenoptera__order,taxongroup_comment
1259,nsubj<advmod> also,1,0.001,1,818,Hymenoptera__order,taxongroup_comment
1260,nsubj<amod> ...,1,0.009,8,818,Hymenoptera__order,taxongroup_comment
1261,nsubj<amod> asian,1,0.004,2,818,Hymenoptera__order,taxongroup_comment
1262,nsubj<amod>advmod> ...,1,0.001,1,818,Hymenoptera__order,taxongroup_comment
1263,nsubj<amod>advmod> most,1,0.004,2,818,Hymenoptera__order,taxongroup_comment
1264,nsubj<appos> ...,1,0.005,3,818,Hymenoptera__order,taxongroup_comment
1265,nsubj<appos> centimetre,1,0.004,2,818,Hymenoptera__order,taxongroup_comment
1266,nsubj<appos>appos> ...,1,0.002,1,818,Hymenoptera__order,taxongroup_comment
1267,nsubj<appos>appos> 2.0,1,0.004,2,818,Hymenoptera__order,taxongroup_comment
1268,nsubj<aux> can,1,0.004,3,818,Hymenoptera__order,taxongroup_comment
1269,nsubj<ccomp< ...,1,0.003,2,818,Hymenoptera__order,taxongroup_comment
1271,nsubj<ccomp<aux> have,1,0.001,1,818,Hymenoptera__order,taxongroup_comment
1272,nsubj<compound> ...,1,0.0,1,818,Hymenoptera__order,taxongroup_comment
1273,nsubj<compound> giant,1,0.004,2,818,Hymenoptera__order,taxongroup_comment
1274,nsubj<conj> ...,1,0.015,11,818,Hymenoptera__order,taxongroup_comment
1275,nsubj<conj> ant,1,0.004,2,818,Hymenoptera__order,taxongroup_comment
1276,nsubj<conj> be,1,0.001,1,818,Hymenoptera__order,taxongroup_comment
1277,nsubj<conj> study,1,0.001,1,818,Hymenoptera__order,taxongroup_comment
1278,nsubj<conj> wasp,1,0.004,2,818,Hymenoptera__order,taxongroup_comment
1279,nsubj<conj>advmod> ...,1,0.003,2,818,Hymenoptera__order,taxongroup_comment
1280,nsubj<conj>amod> ...,1,0.008,5,818,Hymenoptera__order,taxongroup_comment
1281,nsubj<conj>aux> ...,1,0.003,2,818,Hymenoptera__order,taxongroup_comment
1282,nsubj<conj>cc> ...,1,0.002,1,818,Hymenoptera__order,taxongroup_comment
1283,nsubj<conj>cc> and,1,0.006,5,818,Hymenoptera__order,taxongroup_comment
1284,nsubj<conj>cc> but,1,0.0,1,818,Hymenoptera__order,taxongroup_comment
1285,nsubj<conj>cc> or,1,0.001,1,818,Hymenoptera__order,taxongroup_comment
1286,nsubj<conj>conj> ...,1,-0.0,1,818,Hymenoptera__order,taxongroup_comment
1287,nsubj<conj>cop> be,1,0.003,2,818,Hymenoptera__order,taxongroup_comment
1289,nsubj<conj>det> the,1,0.005,3,818,Hymenoptera__order,taxongroup_comment
1290,nsubj<conj>nmod> ...,1,0.011,6,818,Hymenoptera__order,taxongroup_comment
1291,nsubj<conj>nsubj> ...,1,0.003,2,818,Hymenoptera__order,taxongroup_comment
1292,nsubj<conj>nsubj> ant,1,0.004,2,818,Hymenoptera__order,taxongroup_comment
1293,nsubj<conj>obj> ...,1,0.004,3,818,Hymenoptera__order,taxongroup_comment
1294,nsubj<conj>obl> ...,1,0.005,4,818,Hymenoptera__order,taxongroup_comment
1295,nsubj<cop> be,1,0.015,14,818,Hymenoptera__order,taxongroup_comment
1296,nsubj<det> a,1,0.001,3,818,Hymenoptera__order,taxongroup_comment
1297,nsubj<det> the,1,0.01,6,818,Hymenoptera__order,taxongroup_comment
1298,nsubj<mark> ...,1,0.004,2,818,Hymenoptera__order,taxongroup_comment
1299,nsubj<mark> as,1,0.001,1,818,Hymenoptera__order,taxongroup_comment
1300,nsubj<nmod> ...,1,0.01,9,818,Hymenoptera__order,taxongroup_comment
1301,nsubj<nmod> ant,1,0.0,1,818,Hymenoptera__order,taxongroup_comment
1302,nsubj<nmod> length,1,0.004,2,818,Hymenoptera__order,taxongroup_comment
1303,nsubj<nmod>amod> ...,1,0.004,3,818,Hymenoptera__order,taxongroup_comment
1304,nsubj<nmod>case> ...,1,0.001,2,818,Hymenoptera__order,taxongroup_comment
1305,nsubj<nmod>case> in,1,0.011,7,818,Hymenoptera__order,taxongroup_comment
1306,nsubj<nmod>case> of,1,0.005,5,818,Hymenoptera__order,taxongroup_comment
1307,nsubj<nmod>compound> ...,1,0.005,4,818,Hymenoptera__order,taxongroup_comment
1308,nsubj<nmod>conj> ...,1,0.004,3,818,Hymenoptera__order,taxongroup_comment
1309,nsubj<nmod>conj> be,1,0.001,1,818,Hymenoptera__order,taxongroup_comment
1310,nsubj<nmod>det> a,1,0.004,2,818,Hymenoptera__order,taxongroup_comment
1311,nsubj<nmod>det> the,1,0.003,2,818,Hymenoptera__order,taxongroup_comment
1312,nsubj<nmod>nmod> ...,1,0.0,1,818,Hymenoptera__order,taxongroup_comment
1313,nsubj<nsubj> ...,1,0.0,1,818,Hymenoptera__order,taxongroup_comment
1314,nsubj<nsubj>det> the,1,0.0,1,818,Hymenoptera__order,taxongroup_comment
1316,nsubj<obj> ...,1,0.022,17,818,Hymenoptera__order,taxongroup_comment
1317,nsubj<obj>amod> ...,1,0.013,9,818,Hymenoptera__order,taxongroup_comment
1318,nsubj<obj>compound> ...,1,0.005,4,818,Hymenoptera__order,taxongroup_comment
1319,nsubj<obj>conj> ...,1,0.004,3,818,Hymenoptera__order,taxongroup_comment
1320,nsubj<obj>det> a,1,0.007,5,818,Hymenoptera__order,taxongroup_comment
1321,nsubj<obj>det> the,1,0.008,5,818,Hymenoptera__order,taxongroup_comment
1322,nsubj<obj>nmod> ...,1,0.009,5,818,Hymenoptera__order,taxongroup_comment
1323,nsubj<obl> ...,1,0.016,11,818,Hymenoptera__order,taxongroup_comment
1324,nsubj<obl>amod> ...,1,0.006,4,818,Hymenoptera__order,taxongroup_comment
1325,nsubj<obl>case> ...,1,0.01,6,818,Hymenoptera__order,taxongroup_comment
1326,nsubj<obl>case> as,1,0.001,1,818,Hymenoptera__order,taxongroup_comment
1327,nsubj<obl>case> from,1,0.004,2,818,Hymenoptera__order,taxongroup_comment
1328,nsubj<obl>case> in,1,0.002,2,818,Hymenoptera__order,taxongroup_comment
1329,nsubj<obl>det> a,1,0.003,2,818,Hymenoptera__order,taxongroup_comment
1330,nsubj<obl>det> the,1,0.002,2,818,Hymenoptera__order,taxongroup_comment
1331,nsubj<obl>nmod> ...,1,0.002,2,818,Hymenoptera__order,taxongroup_comment
1332,nsubj<parataxis> ...,1,0.004,4,818,Hymenoptera__order,taxongroup_comment
1333,nsubj<parataxis>advmod> ...,1,0.001,2,818,Hymenoptera__order,taxongroup_comment
1334,nsubj<parataxis>nsubj> ...,1,0.004,3,818,Hymenoptera__order,taxongroup_comment
1335,nsubj<parataxis>obj> ...,1,0.0,1,818,Hymenoptera__order,taxongroup_comment
1337,nsubj<xcomp> ...,1,0.005,4,818,Hymenoptera__order,taxongroup_comment
1338,nsubj<xcomp>mark> to,1,0.003,2,818,Hymenoptera__order,taxongroup_comment
1339,nsubj<xcomp>obl> ...,1,0.005,3,818,Hymenoptera__order,taxongroup_comment
1340,nsubj> ...,1,-0.001,1,818,Hymenoptera__order,taxongroup_comment
1352,nummod> ...,1,0.004,3,818,Hymenoptera__order,taxongroup_comment
1353,obj< ...,1,0.003,3,818,Hymenoptera__order,taxongroup_comment
1357,obj<acl< ...,1,0.001,1,818,Hymenoptera__order,taxongroup_comment
1359,obj<advcl>obl> ...,1,0.007,4,818,Hymenoptera__order,taxongroup_comment
1361,obj<advmod> also,1,0.001,1,818,Hymenoptera__order,taxongroup_comment
1362,obj<conj> ...,1,0.004,3,818,Hymenoptera__order,taxongroup_comment
1364,obj<conj>amod> ...,1,0.0,1,818,Hymenoptera__order,taxongroup_comment
1366,obj<conj>cc> and,1,0.002,2,818,Hymenoptera__order,taxongroup_comment
1367,obj<conj>det> ...,1,0.002,1,818,Hymenoptera__order,taxongroup_comment
1368,obj<conj>det> the,1,0.001,1,818,Hymenoptera__order,taxongroup_comment
1369,obj<conj>nmod> ...,1,0.003,2,818,Hymenoptera__order,taxongroup_comment
1371,obj<mark> to,1,0.0,1,818,Hymenoptera__order,taxongroup_comment
1372,obj<nsubj> ...,1,-0.001,1,818,Hymenoptera__order,taxongroup_comment
1378,obl< ...,1,0.01,14,818,Hymenoptera__order,taxongroup_comment
1379,obl< have,1,0.002,2,818,Hymenoptera__order,taxongroup_comment
1380,obl< know,1,-0.0,1,818,Hymenoptera__order,taxongroup_comment
1382,obl<acl:relcl< ...,1,-0.0,1,818,Hymenoptera__order,taxongroup_comment
1383,obl<acl:relcl<cop> be,1,0.0,1,818,Hymenoptera__order,taxongroup_comment
1384,obl<acl:relcl<nsubj> ...,1,0.0,1,818,Hymenoptera__order,taxongroup_comment
1388,obl<advcl> ...,1,0.007,5,818,Hymenoptera__order,taxongroup_comment
1389,obl<advcl>mark> ...,1,0.007,5,818,Hymenoptera__order,taxongroup_comment
1390,obl<advcl>nsubj> ...,1,0.002,1,818,Hymenoptera__order,taxongroup_comment
1391,obl<advcl>nsubj> they,1,0.001,1,818,Hymenoptera__order,taxongroup_comment
1392,obl<advmod<conj> ...,1,0.005,3,818,Hymenoptera__order,taxongroup_comment
1393,obl<advmod> ...,1,0.006,5,818,Hymenoptera__order,taxongroup_comment
1394,obl<advmod> also,1,-0.0,1,818,Hymenoptera__order,taxongroup_comment
1395,obl<advmod> commonly,1,0.001,1,818,Hymenoptera__order,taxongroup_comment
1396,obl<advmod> only,1,0.004,2,818,Hymenoptera__order,taxongroup_comment
1399,obl<aux:pass> be,1,-0.001,2,818,Hymenoptera__order,taxongroup_comment
1400,obl<aux> ...,1,0.005,3,818,Hymenoptera__order,taxongroup_comment
1401,obl<aux> can,1,0.001,1,818,Hymenoptera__order,taxongroup_comment
1402,obl<conj> ...,1,0.016,11,818,Hymenoptera__order,taxongroup_comment
1403,obl<conj>advmod> ...,1,0.002,2,818,Hymenoptera__order,taxongroup_comment
1404,obl<conj>amod> ...,1,0.0,1,818,Hymenoptera__order,taxongroup_comment
1405,obl<conj>aux> ...,1,0.005,3,818,Hymenoptera__order,taxongroup_comment
1406,obl<conj>cc> and,1,0.011,7,818,Hymenoptera__order,taxongroup_comment
1407,obl<conj>cc> but,1,0.0,1,818,Hymenoptera__order,taxongroup_comment
1408,obl<conj>compound> ...,1,0.0,1,818,Hymenoptera__order,taxongroup_comment
1409,obl<conj>det> ...,1,0.002,1,818,Hymenoptera__order,taxongroup_comment
1410,obl<conj>det> the,1,0.001,1,818,Hymenoptera__order,taxongroup_comment
1411,obl<conj>nmod> ...,1,0.006,4,818,Hymenoptera__order,taxongroup_comment
1412,obl<conj>obj> ...,1,0.004,3,818,Hymenoptera__order,taxongroup_comment
1413,obl<conj>obl> ...,1,0.007,4,818,Hymenoptera__order,taxongroup_comment
1414,obl<cop> be,1,0.002,3,818,Hymenoptera__order,taxongroup_comment
1415,obl<nsubj:pass> ...,1,-0.001,1,818,Hymenoptera__order,taxongroup_comment
1416,obl<nsubj:pass> which,1,0.0,1,818,Hymenoptera__order,taxongroup_comment
1419,obl<nsubj> ...,1,0.006,8,818,Hymenoptera__order,taxongroup_comment
1420,obl<nsubj> ant,1,0.004,2,818,Hymenoptera__order,taxongroup_comment
1421,obl<nsubj> this,1,0.001,1,818,Hymenoptera__order,taxongroup_comment
1422,obl<nsubj>amod> ...,1,0.004,4,818,Hymenoptera__order,taxongroup_comment
1423,obl<nsubj>compound> ...,1,0.004,3,818,Hymenoptera__order,taxongroup_comment
1425,obl<nsubj>det> the,1,0.007,4,818,Hymenoptera__order,taxongroup_comment
1426,obl<nsubj>nmod> ...,1,0.004,3,818,Hymenoptera__order,taxongroup_comment
1427,obl<obj> ...,1,0.002,3,818,Hymenoptera__order,taxongroup_comment
1428,obl<obj> exoskeleton,1,0.001,1,818,Hymenoptera__order,taxongroup_comment
1429,obl<obj>amod> ...,1,0.001,2,818,Hymenoptera__order,taxongroup_comment
1431,obl<obj>det> a,1,0.001,1,818,Hymenoptera__order,taxongroup_comment
1432,obl<obl> ...,1,0.002,3,818,Hymenoptera__order,taxongroup_comment
1433,obl<obl>amod> ...,1,-0.0,1,818,Hymenoptera__order,taxongroup_comment
1434,obl<obl>case> ...,1,0.005,4,818,Hymenoptera__order,taxongroup_comment
1437,obl<obl>det> the,1,0.004,3,818,Hymenoptera__order,taxongroup_comment
1440,parataxis< ...,1,0.001,1,818,Hymenoptera__order,taxongroup_comment
1443,parataxis<nsubj> ...,1,0.0,1,818,Hymenoptera__order,taxongroup_comment
1444,parataxis> ...,1,-0.0,1,818,Hymenoptera__order,taxongroup_comment
1445,parataxis>obj> ...,1,0.0,1,818,Hymenoptera__order,taxongroup_comment
1446,acl:relcl> ...,2,0.0,2,877,Hymenoptera__order,taxongroup_comment
1447,acl:relcl> eat,2,0.001,1,877,Hymenoptera__order,taxongroup_comment
1449,acl:relcl>advmod> ...,2,-0.0,1,877,Hymenoptera__order,taxongroup_comment
1450,acl:relcl>cop> be,2,0.0,1,877,Hymenoptera__order,taxongroup_comment
1452,acl:relcl>nsubj> ...,2,0.001,1,877,Hymenoptera__order,taxongroup_comment
1454,acl:relcl>nsubj> which,2,0.002,2,877,Hymenoptera__order,taxongroup_comment
1464,acl> ...,2,-0.001,1,877,Hymenoptera__order,taxongroup_comment
1466,acl>mark> ...,2,0.0,1,877,Hymenoptera__order,taxongroup_comment
1474,advcl>advmod> ...,2,0.002,1,877,Hymenoptera__order,taxongroup_comment
1475,advcl>advmod> occasionally,2,0.003,2,877,Hymenoptera__order,taxongroup_comment
1476,advmod> ...,2,0.003,3,877,Hymenoptera__order,taxongroup_comment
1478,amod> ...,2,0.012,26,877,Hymenoptera__order,taxongroup_comment
1479,amod> black,2,-0.0,1,877,Hymenoptera__order,taxongroup_comment
1480,amod> common,2,-0.0,1,877,Hymenoptera__order,taxongroup_comment
1481,amod> eusocial,2,0.002,3,877,Hymenoptera__order,taxongroup_comment
1482,amod> largest,2,0.002,2,877,Hymenoptera__order,taxongroup_comment
1483,amod> many,2,-0.0,1,877,Hymenoptera__order,taxongroup_comment
1484,amod> other,2,0.008,15,877,Hymenoptera__order,taxongroup_comment
1485,amod> red,2,0.002,2,877,Hymenoptera__order,taxongroup_comment
1486,amod> scottish,2,0.0,1,877,Hymenoptera__order,taxongroup_comment
1487,amod> social,2,-0.0,3,877,Hymenoptera__order,taxongroup_comment
1488,amod> stingless,2,-0.0,1,877,Hymenoptera__order,taxongroup_comment
1489,amod>advmod> ...,2,0.001,1,877,Hymenoptera__order,taxongroup_comment
1490,amod>advmod> commonly,2,0.001,1,877,Hymenoptera__order,taxongroup_comment
1491,amod>advmod> most,2,0.003,2,877,Hymenoptera__order,taxongroup_comment
1494,amod>obl> ...,2,0.003,2,877,Hymenoptera__order,taxongroup_comment
1496,amod>obl>case> ...,2,0.002,1,877,Hymenoptera__order,taxongroup_comment
1497,amod>obl>case> than,2,0.0,1,877,Hymenoptera__order,taxongroup_comment
1498,appos< ...,2,0.0,3,877,Hymenoptera__order,taxongroup_comment
1499,appos< Apini,2,0.001,1,877,Hymenoptera__order,taxongroup_comment
1502,appos<amod> ...,2,-0.001,1,877,Hymenoptera__order,taxongroup_comment
1504,appos<appos> Euglossini,2,0.001,1,877,Hymenoptera__order,taxongroup_comment
1505,appos<appos> be,2,0.001,1,877,Hymenoptera__order,taxongroup_comment
1506,appos<appos> bee,2,0.001,1,877,Hymenoptera__order,taxongroup_comment
1507,appos<appos>amod> ...,2,0.002,1,877,Hymenoptera__order,taxongroup_comment
1508,appos<appos>amod> stingless,2,0.001,1,877,Hymenoptera__order,taxongroup_comment
1510,appos<case> to,2,0.001,1,877,Hymenoptera__order,taxongroup_comment
1511,appos<conj> ...,2,-0.0,1,877,Hymenoptera__order,taxongroup_comment
1512,appos<conj> Meliponini,2,0.001,1,877,Hymenoptera__order,taxongroup_comment
1516,appos<conj>cc> and,2,0.002,2,877,Hymenoptera__order,taxongroup_comment
1517,appos<cop> be,2,0.0,1,877,Hymenoptera__order,taxongroup_comment
1518,appos<det> ...,2,0.002,1,877,Hymenoptera__order,taxongroup_comment
1519,appos<det> a,2,0.001,1,877,Hymenoptera__order,taxongroup_comment
1520,appos<det> the,2,0.0,2,877,Hymenoptera__order,taxongroup_comment
1522,appos<nmod> ...,2,0.0,1,877,Hymenoptera__order,taxongroup_comment
1524,appos<nmod>case> of,2,0.001,1,877,Hymenoptera__order,taxongroup_comment
1527,appos<nsubj> other,2,0.001,1,877,Hymenoptera__order,taxongroup_comment
1528,appos<nsubj>det> the,2,0.0,1,877,Hymenoptera__order,taxongroup_comment
1530,appos<parataxis< ...,2,0.002,1,877,Hymenoptera__order,taxongroup_comment
1531,appos<parataxis< one,2,0.001,1,877,Hymenoptera__order,taxongroup_comment
1532,appos<parataxis<cop> be,2,0.002,2,877,Hymenoptera__order,taxongroup_comment
1533,appos<parataxis<nsubj> ...,2,0.002,1,877,Hymenoptera__order,taxongroup_comment
1534,appos<parataxis<nsubj> Bombini,2,0.001,1,877,Hymenoptera__order,taxongroup_comment
1535,appos> ...,2,-0.002,1,877,Hymenoptera__order,taxongroup_comment
1540,appos>compound> ...,2,-0.0,1,877,Hymenoptera__order,taxongroup_comment
1547,appos>det> ...,2,0.0,1,877,Hymenoptera__order,taxongroup_comment
1549,appos>nmod> ...,2,0.0,1,877,Hymenoptera__order,taxongroup_comment
1550,appos>nmod>case> ...,2,0.0,1,877,Hymenoptera__order,taxongroup_comment
1551,case> ...,2,-0.002,2,877,Hymenoptera__order,taxongroup_comment
1552,case> among,2,-0.0,1,877,Hymenoptera__order,taxongroup_comment
1553,case> as,2,-0.001,1,877,Hymenoptera__order,taxongroup_comment
1554,case> by,2,0.003,4,877,Hymenoptera__order,taxongroup_comment
1555,case> for,2,0.0,2,877,Hymenoptera__order,taxongroup_comment
1556,case> in,2,-0.0,2,877,Hymenoptera__order,taxongroup_comment
1558,case> of,2,-0.002,12,877,Hymenoptera__order,taxongroup_comment
1559,case> on,2,0.001,3,877,Hymenoptera__order,taxongroup_comment
1560,case> to,2,0.0,1,877,Hymenoptera__order,taxongroup_comment
1562,case>fixed> as,2,0.0,1,877,Hymenoptera__order,taxongroup_comment
1563,cc> ...,2,0.002,1,877,Hymenoptera__order,taxongroup_comment
1564,cc> and,2,0.005,9,877,Hymenoptera__order,taxongroup_comment
1565,cc> as,2,0.003,2,877,Hymenoptera__order,taxongroup_comment
1566,cc> genus,2,0.002,2,877,Hymenoptera__order,taxongroup_comment
1567,cc> or,2,0.009,7,877,Hymenoptera__order,taxongroup_comment
1568,cc>fixed> as,2,0.003,2,877,Hymenoptera__order,taxongroup_comment
1569,cc>fixed> well,2,0.003,2,877,Hymenoptera__order,taxongroup_comment
1570,compound< ...,2,-0.002,1,877,Hymenoptera__order,taxongroup_comment
1574,compound< species,2,-0.0,1,877,Hymenoptera__order,taxongroup_comment
1576,compound<amod> ...,2,-0.001,1,877,Hymenoptera__order,taxongroup_comment
1581,compound<compound< ...,2,0.0,1,877,Hymenoptera__order,taxongroup_comment
1583,compound<conj< ...,2,0.0,1,877,Hymenoptera__order,taxongroup_comment
1584,compound<conj<conj> ...,2,0.009,6,877,Hymenoptera__order,taxongroup_comment
1585,compound<conj<conj> be,2,0.001,1,877,Hymenoptera__order,taxongroup_comment
1601,compound<nmod> ...,2,-0.0,1,877,Hymenoptera__order,taxongroup_comment
1603,compound<nmod>case> include,2,0.001,1,877,Hymenoptera__order,taxongroup_comment
1604,compound<nmod>conj> ...,2,0.001,2,877,Hymenoptera__order,taxongroup_comment
1612,compound> ...,2,-0.003,8,877,Hymenoptera__order,taxongroup_comment
1613,compound> Hymenoptera,2,0.0,1,877,Hymenoptera__order,taxongroup_comment
1616,compound> army,2,-0.002,2,877,Hymenoptera__order,taxongroup_comment
1617,compound> carpenter,2,0.0,1,877,Hymenoptera__order,taxongroup_comment
1618,compound> cutter,2,0.0,1,877,Hymenoptera__order,taxongroup_comment
1619,compound> garden,2,-0.002,1,877,Hymenoptera__order,taxongroup_comment
1620,compound> honey,2,-0.001,3,877,Hymenoptera__order,taxongroup_comment
1622,compound> wood,2,0.001,5,877,Hymenoptera__order,taxongroup_comment
1623,compound>amod> black,2,-0.001,1,877,Hymenoptera__order,taxongroup_comment
1624,compound>compound> ...,2,0.0,1,877,Hymenoptera__order,taxongroup_comment
1625,compound>compound> New,2,0.001,1,877,Hymenoptera__order,taxongroup_comment
1627,conj< ...,2,0.01,13,877,Hymenoptera__order,taxongroup_comment
1628,conj< ant,2,0.004,3,877,Hymenoptera__order,taxongroup_comment
1629,conj< be,2,-0.001,1,877,Hymenoptera__order,taxongroup_comment
1630,conj< bumblebee,2,-0.0,1,877,Hymenoptera__order,taxongroup_comment
1631,conj< hornet,2,0.005,4,877,Hymenoptera__order,taxongroup_comment
1633,conj<acl> ...,2,0.002,2,877,Hymenoptera__order,taxongroup_comment
1634,conj<advmod> ...,2,0.0,2,877,Hymenoptera__order,taxongroup_comment
1635,conj<amod> ...,2,0.001,3,877,Hymenoptera__order,taxongroup_comment
1637,conj<amod> true,2,0.003,2,877,Hymenoptera__order,taxongroup_comment
1638,conj<appos< ...,2,0.0,1,877,Hymenoptera__order,taxongroup_comment
1639,conj<appos<nmod> ...,2,0.0,1,877,Hymenoptera__order,taxongroup_comment
1640,conj<appos> ...,2,0.0,1,877,Hymenoptera__order,taxongroup_comment
1646,conj<case> ...,2,0.01,6,877,Hymenoptera__order,taxongroup_comment
1647,conj<case> as,2,0.003,2,877,Hymenoptera__order,taxongroup_comment
1648,conj<case> between,2,0.0,1,877,Hymenoptera__order,taxongroup_comment
1650,conj<case> include,2,-0.0,1,877,Hymenoptera__order,taxongroup_comment
1651,conj<case> of,2,0.001,1,877,Hymenoptera__order,taxongroup_comment
1654,conj<compound> ...,2,0.0,1,877,Hymenoptera__order,taxongroup_comment
1655,conj<compound> honey,2,-0.0,1,877,Hymenoptera__order,taxongroup_comment
1657,conj<compound> wood,2,0.003,2,877,Hymenoptera__order,taxongroup_comment
1663,conj<conj> ...,2,-0.002,1,877,Hymenoptera__order,taxongroup_comment
1680,conj<conj>cc> and,2,-0.002,1,877,Hymenoptera__order,taxongroup_comment
1689,conj<cop> be,2,0.003,3,877,Hymenoptera__order,taxongroup_comment
1690,conj<det> a,2,0.005,3,877,Hymenoptera__order,taxongroup_comment
1691,conj<det> the,2,0.004,3,877,Hymenoptera__order,taxongroup_comment
1693,conj<nmod< ...,2,0.002,3,877,Hymenoptera__order,taxongroup_comment
1694,conj<nmod< difference,2,0.0,1,877,Hymenoptera__order,taxongroup_comment
1695,conj<nmod< species,2,-0.0,1,877,Hymenoptera__order,taxongroup_comment
1696,conj<nmod<amod> ...,2,0.003,3,877,Hymenoptera__order,taxongroup_comment
1699,conj<nmod<appos> ...,2,0.002,1,877,Hymenoptera__order,taxongroup_comment
1700,conj<nmod<case> ...,2,0.002,2,877,Hymenoptera__order,taxongroup_comment
1701,conj<nmod<case> of,2,0.0,1,877,Hymenoptera__order,taxongroup_comment
1702,conj<nmod<compound> ...,2,0.0,1,877,Hymenoptera__order,taxongroup_comment
1703,conj<nmod<det> ...,2,0.001,1,877,Hymenoptera__order,taxongroup_comment
1704,conj<nmod<det> the,2,0.005,4,877,Hymenoptera__order,taxongroup_comment
1705,conj<nmod<nmod< ...,2,0.002,2,877,Hymenoptera__order,taxongroup_comment
1707,conj<nmod<nsubj< ...,2,0.002,1,877,Hymenoptera__order,taxongroup_comment
1709,conj<nmod> ...,2,0.002,2,877,Hymenoptera__order,taxongroup_comment
1711,conj<nmod>case> ...,2,0.002,1,877,Hymenoptera__order,taxongroup_comment
1713,conj<nmod>case> of,2,0.001,1,877,Hymenoptera__order,taxongroup_comment
1719,conj<nsubj> ...,2,0.01,8,877,Hymenoptera__order,taxongroup_comment
1720,conj<nsubj>amod> ...,2,0.004,3,877,Hymenoptera__order,taxongroup_comment
1721,conj<nsubj>compound> ...,2,0.004,3,877,Hymenoptera__order,taxongroup_comment
1722,conj<nsubj>det> ...,2,0.002,1,877,Hymenoptera__order,taxongroup_comment
1723,conj<nsubj>det> the,2,0.005,3,877,Hymenoptera__order,taxongroup_comment
1724,conj<obj< ...,2,0.002,1,877,Hymenoptera__order,taxongroup_comment
1725,conj<obj< contain,2,0.0,1,877,Hymenoptera__order,taxongroup_comment
1729,conj<obj<nsubj> ...,2,0.0,1,877,Hymenoptera__order,taxongroup_comment
1731,conj<obj> ...,2,0.005,4,877,Hymenoptera__order,taxongroup_comment
1732,conj<obj> be,2,0.003,2,877,Hymenoptera__order,taxongroup_comment
1733,conj<obj>amod> ...,2,0.002,2,877,Hymenoptera__order,taxongroup_comment
1734,conj<obj>compound> ...,2,0.004,3,877,Hymenoptera__order,taxongroup_comment
1735,conj<obj>compound> honey,2,0.003,2,877,Hymenoptera__order,taxongroup_comment
1736,conj<obj>conj> be,2,0.003,2,877,Hymenoptera__order,taxongroup_comment
1737,conj<obj>conj> bumblebee,2,0.003,2,877,Hymenoptera__order,taxongroup_comment
1738,conj<obl< ...,2,0.004,3,877,Hymenoptera__order,taxongroup_comment
1739,conj<obl< know,2,0.003,2,877,Hymenoptera__order,taxongroup_comment
1740,conj<obl<nsubj> ...,2,0.002,2,877,Hymenoptera__order,taxongroup_comment
1741,conj<parataxis> ...,2,0.0,1,877,Hymenoptera__order,taxongroup_comment
1743,conj> ...,2,-0.002,2,877,Hymenoptera__order,taxongroup_comment
1748,conj> hornet,2,0.0,1,877,Hymenoptera__order,taxongroup_comment
1759,conj>aux:pass> be,2,0.0,1,877,Hymenoptera__order,taxongroup_comment
1761,conj>cc> and,2,-0.003,2,877,Hymenoptera__order,taxongroup_comment
1763,conj>cc> or,2,-0.001,1,877,Hymenoptera__order,taxongroup_comment
1764,conj>compound> ...,2,-0.0,1,877,Hymenoptera__order,taxongroup_comment
1771,conj>obl> ...,2,0.002,2,877,Hymenoptera__order,taxongroup_comment
1772,conj>obl>case> ...,2,0.002,2,877,Hymenoptera__order,taxongroup_comment
1773,cop> be,2,0.002,6,877,Hymenoptera__order,taxongroup_comment
1775,det> Hairy,2,0.001,1,877,Hymenoptera__order,taxongroup_comment
1776,det> a,2,-0.0,2,877,Hymenoptera__order,taxongroup_comment
1777,det> some,2,0.0,2,877,Hymenoptera__order,taxongroup_comment
1778,det> the,2,-0.001,13,877,Hymenoptera__order,taxongroup_comment
1796,list> ...,2,0.002,1,877,Hymenoptera__order,taxongroup_comment
1803,nmod< ...,2,0.0,11,877,Hymenoptera__order,taxongroup_comment
1806,nmod< genus,2,0.002,2,877,Hymenoptera__order,taxongroup_comment
1807,nmod< group,2,0.0,1,877,Hymenoptera__order,taxongroup_comment
1808,nmod< habitat,2,0.001,1,877,Hymenoptera__order,taxongroup_comment
1810,nmod< one,2,0.0,1,877,Hymenoptera__order,taxongroup_comment
1811,nmod< species,2,-0.001,2,877,Hymenoptera__order,taxongroup_comment
1814,nmod<acl> ...,2,0.001,2,877,Hymenoptera__order,taxongroup_comment
1815,nmod<acl>obj> ...,2,0.0,1,877,Hymenoptera__order,taxongroup_comment
1816,nmod<advmod> ...,2,0.0,2,877,Hymenoptera__order,taxongroup_comment
1817,nmod<amod> ...,2,-0.001,6,877,Hymenoptera__order,taxongroup_comment
1818,nmod<amod> Müllerian,2,0.003,2,877,Hymenoptera__order,taxongroup_comment
1821,nmod<amod>advmod> ...,2,0.002,2,877,Hymenoptera__order,taxongroup_comment
1823,nmod<amod>conj> diverse,2,0.001,1,877,Hymenoptera__order,taxongroup_comment
1826,nmod<case> ...,2,-0.0,1,877,Hymenoptera__order,taxongroup_comment
1827,nmod<case> in,2,0.001,2,877,Hymenoptera__order,taxongroup_comment
1828,nmod<case> of,2,-0.0,2,877,Hymenoptera__order,taxongroup_comment
1830,nmod<cc> ...,2,0.001,1,877,Hymenoptera__order,taxongroup_comment
1832,nmod<compound> ...,2,0.002,5,877,Hymenoptera__order,taxongroup_comment
1833,nmod<compound>compound> ...,2,0.002,1,877,Hymenoptera__order,taxongroup_comment
1835,nmod<conj< ...,2,0.001,3,877,Hymenoptera__order,taxongroup_comment
1837,nmod<conj<advmod> ...,2,0.0,1,877,Hymenoptera__order,taxongroup_comment
1840,nmod<conj<conj> ...,2,0.0,1,877,Hymenoptera__order,taxongroup_comment
1841,nmod<conj<obl> ...,2,0.002,2,877,Hymenoptera__order,taxongroup_comment
1842,nmod<conj> ...,2,-0.001,2,877,Hymenoptera__order,taxongroup_comment
1843,nmod<conj> butterfly,2,0.001,1,877,Hymenoptera__order,taxongroup_comment
1845,nmod<conj>cc> and,2,0.0,2,877,Hymenoptera__order,taxongroup_comment
1847,nmod<cop> be,2,0.004,8,877,Hymenoptera__order,taxongroup_comment
1849,nmod<det> a,2,0.006,8,877,Hymenoptera__order,taxongroup_comment
1850,nmod<det> the,2,-0.0,4,877,Hymenoptera__order,taxongroup_comment
1853,nmod<nmod:poss> ...,2,0.003,2,877,Hymenoptera__order,taxongroup_comment
1855,nmod<nmod< ...,2,-0.001,1,877,Hymenoptera__order,taxongroup_comment
1856,nmod<nmod< one,2,0.001,1,877,Hymenoptera__order,taxongroup_comment
1858,nmod<nmod<cop> be,2,0.001,2,877,Hymenoptera__order,taxongroup_comment
1859,nmod<nmod<det> ...,2,0.001,1,877,Hymenoptera__order,taxongroup_comment
1862,nmod<nmod<nsubj> ...,2,0.0,2,877,Hymenoptera__order,taxongroup_comment
1863,nmod<nmod> ...,2,0.004,5,877,Hymenoptera__order,taxongroup_comment
1864,nmod<nmod> species,2,0.003,2,877,Hymenoptera__order,taxongroup_comment
1865,nmod<nmod>case> ...,2,0.0,1,877,Hymenoptera__order,taxongroup_comment
1866,nmod<nmod>case> in,2,0.004,3,877,Hymenoptera__order,taxongroup_comment
1867,nmod<nmod>case> include,2,0.002,2,877,Hymenoptera__order,taxongroup_comment
1868,nmod<nmod>case> with,2,0.001,1,877,Hymenoptera__order,taxongroup_comment
1869,nmod<nmod>conj> ...,2,0.002,2,877,Hymenoptera__order,taxongroup_comment
1871,nmod<nmod>det> the,2,0.001,1,877,Hymenoptera__order,taxongroup_comment
1875,nmod<nsubj> ...,2,0.001,5,877,Hymenoptera__order,taxongroup_comment
1876,nmod<nsubj> Formica,2,0.001,1,877,Hymenoptera__order,taxongroup_comment
1878,nmod<nsubj> they,2,0.003,2,877,Hymenoptera__order,taxongroup_comment
1883,nmod<obj< include,2,0.003,2,877,Hymenoptera__order,taxongroup_comment
1885,nmod<obj<conj> ...,2,0.001,2,877,Hymenoptera__order,taxongroup_comment
1887,nmod<obj<nsubj> ...,2,0.0,2,877,Hymenoptera__order,taxongroup_comment
1889,nmod<obl< ...,2,0.002,3,877,Hymenoptera__order,taxongroup_comment
1891,nmod<obl<conj> ...,2,0.009,6,877,Hymenoptera__order,taxongroup_comment
1892,nmod<obl<cop> be,2,0.0,1,877,Hymenoptera__order,taxongroup_comment
1893,nmod<obl<nsubj> ...,2,0.002,3,877,Hymenoptera__order,taxongroup_comment
1894,nmod<parataxis> ...,2,0.002,2,877,Hymenoptera__order,taxongroup_comment
1895,nmod<parataxis>obl> ...,2,0.004,3,877,Hymenoptera__order,taxongroup_comment
1896,nmod> ...,2,0.026,22,877,Hymenoptera__order,taxongroup_comment
1897,nmod> Formica,2,0.001,1,877,Hymenoptera__order,taxongroup_comment
1898,nmod> Formicida,2,0.001,1,877,Hymenoptera__order,taxongroup_comment
1899,nmod> ant,2,0.008,7,877,Hymenoptera__order,taxongroup_comment
1900,nmod> be,2,0.005,4,877,Hymenoptera__order,taxongroup_comment
1902,nmod> species,2,0.001,1,877,Hymenoptera__order,taxongroup_comment
1903,nmod>acl:relcl>obl> ...,2,0.005,3,877,Hymenoptera__order,taxongroup_comment
1904,nmod>amod> ...,2,0.016,11,877,Hymenoptera__order,taxongroup_comment
1905,nmod>case> ...,2,0.004,5,877,Hymenoptera__order,taxongroup_comment
1906,nmod>case> <ith,2,0.001,1,877,Hymenoptera__order,taxongroup_comment
1907,nmod>case> in,2,0.004,4,877,Hymenoptera__order,taxongroup_comment
1908,nmod>case> include,2,0.005,4,877,Hymenoptera__order,taxongroup_comment
1909,nmod>case> like,2,0.001,1,877,Hymenoptera__order,taxongroup_comment
1910,nmod>case> of,2,0.003,4,877,Hymenoptera__order,taxongroup_comment
1911,nmod>case> such,2,0.017,14,877,Hymenoptera__order,taxongroup_comment
1912,nmod>case> to,2,0.001,1,877,Hymenoptera__order,taxongroup_comment
1913,nmod>case> with,2,0.004,3,877,Hymenoptera__order,taxongroup_comment
1914,nmod>case>fixed> as,2,0.017,14,877,Hymenoptera__order,taxongroup_comment
1915,nmod>compound> ...,2,0.01,8,877,Hymenoptera__order,taxongroup_comment
1917,nmod>compound> family,2,0.002,2,877,Hymenoptera__order,taxongroup_comment
1918,nmod>conj> ...,2,0.008,9,877,Hymenoptera__order,taxongroup_comment
1920,nmod>conj> ant,2,0.006,4,877,Hymenoptera__order,taxongroup_comment
1921,nmod>conj> be,2,0.009,6,877,Hymenoptera__order,taxongroup_comment
1922,nmod>conj> butterfly,2,0.0,1,877,Hymenoptera__order,taxongroup_comment
1923,nmod>conj> moth,2,0.001,1,877,Hymenoptera__order,taxongroup_comment
1924,nmod>conj> termite,2,0.005,4,877,Hymenoptera__order,taxongroup_comment
1925,nmod>conj> wasp,2,0.006,4,877,Hymenoptera__order,taxongroup_comment
1926,nmod>conj>amod> ...,2,0.003,2,877,Hymenoptera__order,taxongroup_comment
1927,nmod>conj>amod> many,2,0.003,2,877,Hymenoptera__order,taxongroup_comment
1928,nmod>conj>cc> ...,2,0.002,1,877,Hymenoptera__order,taxongroup_comment
1929,nmod>conj>cc> and,2,0.022,16,877,Hymenoptera__order,taxongroup_comment
1930,nmod>conj>cc> or,2,0.003,2,877,Hymenoptera__order,taxongroup_comment
1931,nmod>conj>compound> ...,2,0.005,3,877,Hymenoptera__order,taxongroup_comment
1932,nmod>conj>compound> honey,2,0.003,2,877,Hymenoptera__order,taxongroup_comment
1934,nmod>det> a,2,0.004,3,877,Hymenoptera__order,taxongroup_comment
1935,nmod>det> the,2,0.011,10,877,Hymenoptera__order,taxongroup_comment
1936,nmod>flat> ...,2,0.0,1,877,Hymenoptera__order,taxongroup_comment
1937,nmod>nmod> ...,2,0.005,4,877,Hymenoptera__order,taxongroup_comment
1938,nmod>nmod>case> ...,2,0.002,2,877,Hymenoptera__order,taxongroup_comment
1939,nmod>nmod>case> of,2,0.003,2,877,Hymenoptera__order,taxongroup_comment
1940,nmod>nmod>conj> ...,2,0.001,2,877,Hymenoptera__order,taxongroup_comment
1941,nsubj:pass< ...,2,0.005,5,877,Hymenoptera__order,taxongroup_comment
1942,nsubj:pass< find,2,0.002,2,877,Hymenoptera__order,taxongroup_comment
1943,nsubj:pass<advmod> ...,2,0.001,2,877,Hymenoptera__order,taxongroup_comment
1944,nsubj:pass<advmod> sometimes,2,0.001,1,877,Hymenoptera__order,taxongroup_comment
1946,nsubj:pass<aux:pass> be,2,0.008,7,877,Hymenoptera__order,taxongroup_comment
1947,nsubj:pass<conj> ...,2,0.005,3,877,Hymenoptera__order,taxongroup_comment
1948,nsubj:pass<conj>cc> ...,2,0.002,1,877,Hymenoptera__order,taxongroup_comment
1949,nsubj:pass<conj>cc> and,2,0.003,2,877,Hymenoptera__order,taxongroup_comment
1951,nsubj:pass<obl> ...,2,0.014,10,877,Hymenoptera__order,taxongroup_comment
1952,nsubj:pass<obl>case> ...,2,0.003,2,877,Hymenoptera__order,taxongroup_comment
1953,nsubj:pass<obl>case> for,2,0.001,1,877,Hymenoptera__order,taxongroup_comment
1954,nsubj:pass<obl>case> in,2,0.008,5,877,Hymenoptera__order,taxongroup_comment
1955,nsubj:pass<obl>case> to,2,0.001,1,877,Hymenoptera__order,taxongroup_comment
1956,nsubj:pass<obl>conj> ...,2,0.005,3,877,Hymenoptera__order,taxongroup_comment
1957,nsubj:pass<obl>det> ...,2,0.002,1,877,Hymenoptera__order,taxongroup_comment
1958,nsubj:pass<obl>det> the,2,0.002,2,877,Hymenoptera__order,taxongroup_comment
1959,nsubj:pass<obl>nmod> ...,2,0.002,2,877,Hymenoptera__order,taxongroup_comment
1960,nsubj< ...,2,-0.003,4,877,Hymenoptera__order,taxongroup_comment
1962,nsubj< be,2,0.001,1,877,Hymenoptera__order,taxongroup_comment
1963,nsubj< eusocial,2,0.001,1,877,Hymenoptera__order,taxongroup_comment
1970,nsubj<acl:relcl> ...,2,0.0,1,877,Hymenoptera__order,taxongroup_comment
1972,nsubj<acl:relcl>nsubj> that,2,0.001,1,877,Hymenoptera__order,taxongroup_comment
1974,nsubj<advcl> ...,2,0.0,2,877,Hymenoptera__order,taxongroup_comment
1976,nsubj<advcl>mark> to,2,0.001,1,877,Hymenoptera__order,taxongroup_comment
1977,nsubj<advcl>mark> while,2,0.001,1,877,Hymenoptera__order,taxongroup_comment
1978,nsubj<advcl>nsubj> ...,2,0.0,1,877,Hymenoptera__order,taxongroup_comment
1979,nsubj<advcl>obj> ...,2,0.0,1,877,Hymenoptera__order,taxongroup_comment
1983,nsubj<amod> ...,2,-0.001,1,877,Hymenoptera__order,taxongroup_comment
1992,nsubj<ccomp< ...,2,0.0,1,877,Hymenoptera__order,taxongroup_comment
1993,nsubj<ccomp<aux> ...,2,0.002,1,877,Hymenoptera__order,taxongroup_comment
1994,nsubj<ccomp<aux> have,2,0.001,1,877,Hymenoptera__order,taxongroup_comment
1995,nsubj<compound> ...,2,0.002,2,877,Hymenoptera__order,taxongroup_comment
1997,nsubj<conj> ...,2,-0.002,1,877,Hymenoptera__order,taxongroup_comment
2006,nsubj<conj>cc> and,2,-0.001,1,877,Hymenoptera__order,taxongroup_comment
2010,nsubj<conj>cop> be,2,0.0,1,877,Hymenoptera__order,taxongroup_comment
2018,nsubj<cop> be,2,-0.003,3,877,Hymenoptera__order,taxongroup_comment
2019,nsubj<det> a,2,-0.001,1,877,Hymenoptera__order,taxongroup_comment
2020,nsubj<det> the,2,-0.001,1,877,Hymenoptera__order,taxongroup_comment
2023,nsubj<nmod> ...,2,-0.002,1,877,Hymenoptera__order,taxongroup_comment
2027,nsubj<nmod>case> ...,2,-0.0,1,877,Hymenoptera__order,taxongroup_comment
2034,nsubj<nmod>det> the,2,0.0,1,877,Hymenoptera__order,taxongroup_comment
2036,nsubj<nsubj> ...,2,0.0,1,877,Hymenoptera__order,taxongroup_comment
2037,nsubj<nsubj>det> the,2,0.0,1,877,Hymenoptera__order,taxongroup_comment
2038,nsubj<nsubj>nmod> ...,2,0.002,2,877,Hymenoptera__order,taxongroup_comment
2039,nsubj<obj> ...,2,-0.002,1,877,Hymenoptera__order,taxongroup_comment
2055,nsubj<parataxis> ...,2,-0.001,1,877,Hymenoptera__order,taxongroup_comment
2056,nsubj<parataxis>advmod> ...,2,-0.0,1,877,Hymenoptera__order,taxongroup_comment
2059,nsubj<parataxis>obl> ...,2,0.002,2,877,Hymenoptera__order,taxongroup_comment
2060,nsubj<xcomp> ...,2,-0.0,1,877,Hymenoptera__order,taxongroup_comment
2063,nsubj> ...,2,0.004,5,877,Hymenoptera__order,taxongroup_comment
2064,nsubj> ant,2,-0.0,1,877,Hymenoptera__order,taxongroup_comment
2066,nsubj>amod> ...,2,0.001,3,877,Hymenoptera__order,taxongroup_comment
2067,nsubj>amod> black,2,0.001,1,877,Hymenoptera__order,taxongroup_comment
2068,nsubj>compound> garden,2,0.001,1,877,Hymenoptera__order,taxongroup_comment
2070,nsubj>det> the,2,0.002,3,877,Hymenoptera__order,taxongroup_comment
2071,nsubj>nmod> ...,2,0.002,2,877,Hymenoptera__order,taxongroup_comment
2074,nsubj>nmod>case> of,2,0.002,2,877,Hymenoptera__order,taxongroup_comment
2076,obj< ...,2,-0.0,1,877,Hymenoptera__order,taxongroup_comment
2080,obj<acl< ...,2,0.001,1,877,Hymenoptera__order,taxongroup_comment
2094,obj<mark> to,2,0.0,1,877,Hymenoptera__order,taxongroup_comment
2101,obl< ...,2,-0.003,5,877,Hymenoptera__order,taxongroup_comment
2103,obl< know,2,-0.0,1,877,Hymenoptera__order,taxongroup_comment
2104,obl< use,2,0.002,2,877,Hymenoptera__order,taxongroup_comment
2105,obl<acl:relcl< ...,2,-0.0,1,877,Hymenoptera__order,taxongroup_comment
2108,obl<acl< ...,2,0.001,2,877,Hymenoptera__order,taxongroup_comment
2109,obl<acl<amod> ...,2,0.0,1,877,Hymenoptera__order,taxongroup_comment
2110,obl<acl<compound> ...,2,0.002,2,877,Hymenoptera__order,taxongroup_comment
2111,obl<advcl> ...,2,0.0,2,877,Hymenoptera__order,taxongroup_comment
2112,obl<advcl>mark> ...,2,0.0,2,877,Hymenoptera__order,taxongroup_comment
2114,obl<advcl>nsubj> they,2,0.001,1,877,Hymenoptera__order,taxongroup_comment
2117,obl<advmod> also,2,0.003,3,877,Hymenoptera__order,taxongroup_comment
2120,obl<advmod> then,2,0.003,2,877,Hymenoptera__order,taxongroup_comment
2122,obl<aux:pass> be,2,0.003,5,877,Hymenoptera__order,taxongroup_comment
2124,obl<aux> can,2,0.001,1,877,Hymenoptera__order,taxongroup_comment
2125,obl<conj> ...,2,-0.001,1,877,Hymenoptera__order,taxongroup_comment
2126,obl<conj>advmod> ...,2,0.0,1,877,Hymenoptera__order,taxongroup_comment
2129,obl<conj>cc> and,2,-0.001,1,877,Hymenoptera__order,taxongroup_comment
2135,obl<conj>obj> ...,2,0.0,1,877,Hymenoptera__order,taxongroup_comment
2138,obl<nsubj:pass> ...,2,0.003,4,877,Hymenoptera__order,taxongroup_comment
2139,obl<nsubj:pass> which,2,0.0,1,877,Hymenoptera__order,taxongroup_comment
2140,obl<nsubj:pass>det> ...,2,0.002,1,877,Hymenoptera__order,taxongroup_comment
2141,obl<nsubj:pass>det> a,2,0.003,2,877,Hymenoptera__order,taxongroup_comment
2142,obl<nsubj> ...,2,-0.002,1,877,Hymenoptera__order,taxongroup_comment
2150,obl<obj> ...,2,-0.001,1,877,Hymenoptera__order,taxongroup_comment
2155,obl<obl> ...,2,0.0,2,877,Hymenoptera__order,taxongroup_comment
2156,obl<obl>amod> ...,2,0.001,2,877,Hymenoptera__order,taxongroup_comment
2157,obl<obl>case> ...,2,-0.0,1,877,Hymenoptera__order,taxongroup_comment
2158,obl<obl>case> in,2,0.001,1,877,Hymenoptera__order,taxongroup_comment
2160,obl<obl>det> the,2,0.0,1,877,Hymenoptera__order,taxongroup_comment
2164,parataxis< widespread,2,0.001,1,877,Hymenoptera__order,taxongroup_comment
2166,parataxis<nsubj> ...,2,0.0,1,877,Hymenoptera__order,taxongroup_comment
2167,parataxis> ...,2,0.005,4,877,Hymenoptera__order,taxongroup_comment
2168,parataxis>obj> ...,2,0.002,2,877,Hymenoptera__order,taxongroup_comment
2187,acl> ...,3,0.0,1,328,Hymenoptera__order,taxongroup_comment
2192,acl>obl> ...,3,0.002,1,328,Hymenoptera__order,taxongroup_comment
2193,acl>obl>case> ...,3,0.002,1,328,Hymenoptera__order,taxongroup_comment
2194,acl>obl>compound> ...,3,0.012,2,328,Hymenoptera__order,taxongroup_comment
2196,acl>obl>det> the,3,0.005,1,328,Hymenoptera__order,taxongroup_comment
2201,amod> ...,3,-0.006,4,328,Hymenoptera__order,taxongroup_comment
2202,amod> black,3,0.002,1,328,Hymenoptera__order,taxongroup_comment
2207,amod> other,3,-0.004,1,328,Hymenoptera__order,taxongroup_comment
2209,amod> scottish,3,0.003,1,328,Hymenoptera__order,taxongroup_comment
2216,amod>obl:npmod> ...,3,0.004,1,328,Hymenoptera__order,taxongroup_comment
2221,appos< ...,3,0.017,4,328,Hymenoptera__order,taxongroup_comment
2225,appos<amod> ...,3,0.011,3,328,Hymenoptera__order,taxongroup_comment
2232,appos<case> ...,3,0.004,1,328,Hymenoptera__order,taxongroup_comment
2240,appos<cop> be,3,0.004,1,328,Hymenoptera__order,taxongroup_comment
2243,appos<det> the,3,0.006,2,328,Hymenoptera__order,taxongroup_comment
2245,appos<nmod> ...,3,0.003,1,328,Hymenoptera__order,taxongroup_comment
2246,appos<nmod>case> in,3,0.005,1,328,Hymenoptera__order,taxongroup_comment
2249,appos<nsubj> ...,3,0.007,1,328,Hymenoptera__order,taxongroup_comment
2251,appos<nsubj>det> the,3,0.004,1,328,Hymenoptera__order,taxongroup_comment
2258,appos> ...,3,0.009,4,328,Hymenoptera__order,taxongroup_comment
2260,appos> be,3,0.005,1,328,Hymenoptera__order,taxongroup_comment
2262,appos>amod> ...,3,0.003,1,328,Hymenoptera__order,taxongroup_comment
2281,case> of,3,-0.005,1,328,Hymenoptera__order,taxongroup_comment
2284,case> with,3,0.004,1,328,Hymenoptera__order,taxongroup_comment
2287,cc> and,3,0.003,3,328,Hymenoptera__order,taxongroup_comment
2290,cc> or,3,0.001,1,328,Hymenoptera__order,taxongroup_comment
2293,compound< ...,3,0.093,14,328,Hymenoptera__order,taxongroup_comment
2294,compound< ant,3,0.004,1,328,Hymenoptera__order,taxongroup_comment
2295,compound< predator,3,0.015,2,328,Hymenoptera__order,taxongroup_comment
2296,compound< sociality,3,0.015,2,328,Hymenoptera__order,taxongroup_comment
2297,compound< species,3,0.009,2,328,Hymenoptera__order,taxongroup_comment
2298,compound< sting,3,0.005,1,328,Hymenoptera__order,taxongroup_comment
2299,compound<amod> ...,3,0.014,3,328,Hymenoptera__order,taxongroup_comment
2300,compound<amod> largest,3,0.015,2,328,Hymenoptera__order,taxongroup_comment
2301,compound<amod> other,3,0.005,1,328,Hymenoptera__order,taxongroup_comment
2302,compound<case> ...,3,0.002,1,328,Hymenoptera__order,taxongroup_comment
2303,compound<case> of,3,0.044,6,328,Hymenoptera__order,taxongroup_comment
2304,compound<compound< ...,3,0.012,2,328,Hymenoptera__order,taxongroup_comment
2305,compound<compound> ...,3,0.022,3,328,Hymenoptera__order,taxongroup_comment
2306,compound<conj< ...,3,0.019,3,328,Hymenoptera__order,taxongroup_comment
2307,compound<conj<conj> ...,3,0.001,1,328,Hymenoptera__order,taxongroup_comment
2308,compound<conj<conj> be,3,0.005,1,328,Hymenoptera__order,taxongroup_comment
2316,compound<det> the,3,0.015,2,328,Hymenoptera__order,taxongroup_comment
2317,compound<nmod< ...,3,0.051,7,328,Hymenoptera__order,taxongroup_comment
2318,compound<nmod<amod> ...,3,0.051,7,328,Hymenoptera__order,taxongroup_comment
2319,compound<nmod<conj> ...,3,0.022,3,328,Hymenoptera__order,taxongroup_comment
2320,compound<nmod<cop> ...,3,0.007,1,328,Hymenoptera__order,taxongroup_comment
2321,compound<nmod<cop> be,3,0.015,2,328,Hymenoptera__order,taxongroup_comment
2322,compound<nmod<det> the,3,0.022,3,328,Hymenoptera__order,taxongroup_comment
2323,compound<nmod<nsubj> ...,3,0.022,3,328,Hymenoptera__order,taxongroup_comment
2324,compound<nmod> ...,3,0.034,5,328,Hymenoptera__order,taxongroup_comment
2325,compound<nmod>case> ...,3,0.029,4,328,Hymenoptera__order,taxongroup_comment
2326,compound<nmod>case> include,3,0.005,1,328,Hymenoptera__order,taxongroup_comment
2327,compound<nmod>conj> ...,3,0.017,3,328,Hymenoptera__order,taxongroup_comment
2328,compound<nsubj< ...,3,0.004,1,328,Hymenoptera__order,taxongroup_comment
2330,compound<nsubj<obj> ...,3,0.003,1,328,Hymenoptera__order,taxongroup_comment
2331,compound<obj< ...,3,0.022,3,328,Hymenoptera__order,taxongroup_comment
2335,compound> ...,3,0.011,7,328,Hymenoptera__order,taxongroup_comment
2338,compound> Wood,3,0.01,2,328,Hymenoptera__order,taxongroup_comment
2339,compound> army,3,0.038,8,328,Hymenoptera__order,taxongroup_comment
2340,compound> carpenter,3,0.003,1,328,Hymenoptera__order,taxongroup_comment
2341,compound> cutter,3,0.019,3,328,Hymenoptera__order,taxongroup_comment
2342,compound> garden,3,0.072,12,328,Hymenoptera__order,taxongroup_comment
2343,compound> honey,3,0.002,2,328,Hymenoptera__order,taxongroup_comment
2345,compound> wood,3,0.006,3,328,Hymenoptera__order,taxongroup_comment
2346,compound>amod> black,3,0.074,11,328,Hymenoptera__order,taxongroup_comment
2347,compound>compound> ...,3,0.004,1,328,Hymenoptera__order,taxongroup_comment
2349,compound>compound> leaf,3,0.022,3,328,Hymenoptera__order,taxongroup_comment
2350,conj< ...,3,0.002,3,328,Hymenoptera__order,taxongroup_comment
2353,conj< bumblebee,3,0.009,2,328,Hymenoptera__order,taxongroup_comment
2372,conj<case> in,3,0.005,1,328,Hymenoptera__order,taxongroup_comment
2386,conj<conj> ...,3,-0.003,1,328,Hymenoptera__order,taxongroup_comment
2412,conj<cop> be,3,0.002,1,328,Hymenoptera__order,taxongroup_comment
2415,conj<flat> ...,3,0.012,2,328,Hymenoptera__order,taxongroup_comment
2416,conj<nmod< ...,3,0.001,1,328,Hymenoptera__order,taxongroup_comment
2423,conj<nmod<case> ...,3,0.004,1,328,Hymenoptera__order,taxongroup_comment
2425,conj<nmod<compound> ...,3,0.004,1,328,Hymenoptera__order,taxongroup_comment
2428,conj<nmod<nmod< ...,3,0.004,1,328,Hymenoptera__order,taxongroup_comment
2439,conj<nsubj< ...,3,0.003,1,328,Hymenoptera__order,taxongroup_comment
2440,conj<nsubj<conj> ...,3,0.012,2,328,Hymenoptera__order,taxongroup_comment
2441,conj<nsubj<cop> be,3,0.004,1,328,Hymenoptera__order,taxongroup_comment
2442,conj<nsubj> ...,3,-0.0,1,328,Hymenoptera__order,taxongroup_comment
2443,conj<nsubj>amod> ...,3,0.003,1,328,Hymenoptera__order,taxongroup_comment
2444,conj<nsubj>compound> ...,3,0.003,1,328,Hymenoptera__order,taxongroup_comment
2449,conj<obj< include,3,0.003,1,328,Hymenoptera__order,taxongroup_comment
2450,conj<obj<conj> ...,3,0.022,3,328,Hymenoptera__order,taxongroup_comment
2452,conj<obj<nsubj> ...,3,0.003,1,328,Hymenoptera__order,taxongroup_comment
2469,conj> be,3,-0.002,1,328,Hymenoptera__order,taxongroup_comment
2474,conj> report,3,0.015,2,328,Hymenoptera__order,taxongroup_comment
2475,conj> wasp,3,0.001,1,328,Hymenoptera__order,taxongroup_comment
2484,conj>cc> and,3,-0.003,1,328,Hymenoptera__order,taxongroup_comment
2489,conj>compound> scientist,3,0.015,2,328,Hymenoptera__order,taxongroup_comment
2497,det> ...,3,0.003,1,328,Hymenoptera__order,taxongroup_comment
2498,det> Hairy,3,0.005,1,328,Hymenoptera__order,taxongroup_comment
2501,det> the,3,-0.006,2,328,Hymenoptera__order,taxongroup_comment
2503,flat< ...,3,0.002,1,328,Hymenoptera__order,taxongroup_comment
2515,flat> ...,3,0.008,2,328,Hymenoptera__order,taxongroup_comment
2516,flat> burchellii,3,0.004,1,328,Hymenoptera__order,taxongroup_comment
2683,nsubj< ...,3,0.013,6,328,Hymenoptera__order,taxongroup_comment
2687,nsubj< genus,3,0.005,1,328,Hymenoptera__order,taxongroup_comment
2688,nsubj< have,3,0.014,3,328,Hymenoptera__order,taxongroup_comment
2691,nsubj< species,3,0.012,2,328,Hymenoptera__order,taxongroup_comment
2693,nsubj<acl:relcl> ...,3,0.01,2,328,Hymenoptera__order,taxongroup_comment
2694,nsubj<acl:relcl>nsubj> ...,3,0.015,2,328,Hymenoptera__order,taxongroup_comment
2696,nsubj<acl:relcl>obj> ...,3,0.012,2,328,Hymenoptera__order,taxongroup_comment
2697,nsubj<advcl> ...,3,0.001,1,328,Hymenoptera__order,taxongroup_comment
2703,nsubj<advcl>obl> ...,3,0.004,1,328,Hymenoptera__order,taxongroup_comment
2705,nsubj<advmod> also,3,0.005,1,328,Hymenoptera__order,taxongroup_comment
2706,nsubj<amod> ...,3,0.008,3,328,Hymenoptera__order,taxongroup_comment
2708,nsubj<amod>advmod> ...,3,0.005,1,328,Hymenoptera__order,taxongroup_comment
2718,nsubj<compound> ...,3,0.003,1,328,Hymenoptera__order,taxongroup_comment
2720,nsubj<conj> ...,3,0.002,2,328,Hymenoptera__order,taxongroup_comment
2726,nsubj<conj>amod> ...,3,0.002,1,328,Hymenoptera__order,taxongroup_comment
2729,nsubj<conj>cc> and,3,0.001,1,328,Hymenoptera__order,taxongroup_comment
2730,nsubj<conj>cc> but,3,0.003,1,328,Hymenoptera__order,taxongroup_comment
2734,nsubj<conj>det> ...,3,0.005,1,328,Hymenoptera__order,taxongroup_comment
2737,nsubj<conj>nsubj> ...,3,0.004,1,328,Hymenoptera__order,taxongroup_comment
2741,nsubj<cop> be,3,0.017,6,328,Hymenoptera__order,taxongroup_comment
2742,nsubj<det> a,3,0.019,4,328,Hymenoptera__order,taxongroup_comment
2745,nsubj<mark> as,3,0.005,1,328,Hymenoptera__order,taxongroup_comment
2746,nsubj<nmod> ...,3,0.019,5,328,Hymenoptera__order,taxongroup_comment
2747,nsubj<nmod> ant,3,0.012,2,328,Hymenoptera__order,taxongroup_comment
2749,nsubj<nmod>amod> ...,3,0.003,1,328,Hymenoptera__order,taxongroup_comment
2750,nsubj<nmod>case> ...,3,0.008,2,328,Hymenoptera__order,taxongroup_comment
2751,nsubj<nmod>case> in,3,0.001,1,328,Hymenoptera__order,taxongroup_comment
2752,nsubj<nmod>case> of,3,0.019,4,328,Hymenoptera__order,taxongroup_comment
2753,nsubj<nmod>compound> ...,3,0.008,2,328,Hymenoptera__order,taxongroup_comment
2754,nsubj<nmod>conj> ...,3,0.003,1,328,Hymenoptera__order,taxongroup_comment
2758,nsubj<nmod>nmod> ...,3,0.012,2,328,Hymenoptera__order,taxongroup_comment
2759,nsubj<nsubj> ...,3,0.004,1,328,Hymenoptera__order,taxongroup_comment
2760,nsubj<nsubj>det> the,3,0.004,1,328,Hymenoptera__order,taxongroup_comment
2761,nsubj<nsubj>nmod> ...,3,0.004,1,328,Hymenoptera__order,taxongroup_comment
2762,nsubj<obj> ...,3,0.012,5,328,Hymenoptera__order,taxongroup_comment
2763,nsubj<obj>amod> ...,3,0.009,3,328,Hymenoptera__order,taxongroup_comment
2764,nsubj<obj>compound> ...,3,0.002,1,328,Hymenoptera__order,taxongroup_comment
2765,nsubj<obj>conj> ...,3,0.003,1,328,Hymenoptera__order,taxongroup_comment
2766,nsubj<obj>det> a,3,0.007,2,328,Hymenoptera__order,taxongroup_comment
2769,nsubj<obl> ...,3,-0.001,1,328,Hymenoptera__order,taxongroup_comment
2770,nsubj<obl>amod> ...,3,0.002,1,328,Hymenoptera__order,taxongroup_comment
2774,nsubj<obl>case> in,3,0.003,1,328,Hymenoptera__order,taxongroup_comment
2801,obj< include,3,0.002,1,328,Hymenoptera__order,taxongroup_comment
2802,obj< snare,3,0.015,2,328,Hymenoptera__order,taxongroup_comment
2804,obj<acl< kit,3,0.015,2,328,Hymenoptera__order,taxongroup_comment
2808,obj<conj> ...,3,0.003,1,328,Hymenoptera__order,taxongroup_comment
2812,obj<conj>cc> and,3,0.003,1,328,Hymenoptera__order,taxongroup_comment
2817,obj<mark> to,3,0.01,2,328,Hymenoptera__order,taxongroup_comment
2818,obj<nsubj> ...,3,0.001,1,328,Hymenoptera__order,taxongroup_comment
2819,obj<nsubj>amod> ...,3,0.004,1,328,Hymenoptera__order,taxongroup_comment
2824,obl< ...,3,-0.003,2,328,Hymenoptera__order,taxongroup_comment
2828,obl<acl:relcl< ...,3,0.009,2,328,Hymenoptera__order,taxongroup_comment
2829,obl<acl:relcl<cop> be,3,0.004,1,328,Hymenoptera__order,taxongroup_comment
2830,obl<acl:relcl<nsubj> ...,3,0.004,1,328,Hymenoptera__order,taxongroup_comment
2845,obl<aux:pass> be,3,-0.0,1,328,Hymenoptera__order,taxongroup_comment
2862,obl<nsubj:pass> which,3,0.004,1,328,Hymenoptera__order,taxongroup_comment
2865,obl<nsubj> ...,3,-0.002,1,328,Hymenoptera__order,taxongroup_comment
2924,amod> ...,4,-0.007,3,314,Hymenoptera__order,taxongroup_comment
2929,amod> many,4,0.002,1,314,Hymenoptera__order,taxongroup_comment
2930,amod> other,4,0.011,6,314,Hymenoptera__order,taxongroup_comment
2933,amod> social,4,-0.0,1,314,Hymenoptera__order,taxongroup_comment
2934,amod> stingless,4,0.018,3,314,Hymenoptera__order,taxongroup_comment
3003,case> like,4,0.002,1,314,Hymenoptera__order,taxongroup_comment
3010,cc> and,4,0.043,9,314,Hymenoptera__order,taxongroup_comment
3012,cc> genus,4,0.004,1,314,Hymenoptera__order,taxongroup_comment
3013,cc> or,4,0.001,1,314,Hymenoptera__order,taxongroup_comment
3058,compound> ...,4,0.013,7,314,Hymenoptera__order,taxongroup_comment
3062,compound> army,4,-0.001,1,314,Hymenoptera__order,taxongroup_comment
3063,compound> carpenter,4,0.003,1,314,Hymenoptera__order,taxongroup_comment
3073,conj< ...,4,0.032,8,314,Hymenoptera__order,taxongroup_comment
3074,conj< ant,4,0.003,1,314,Hymenoptera__order,taxongroup_comment
3075,conj< be,4,0.074,10,314,Hymenoptera__order,taxongroup_comment
3076,conj< bumblebee,4,0.01,2,314,Hymenoptera__order,taxongroup_comment
3077,conj< hornet,4,0.003,1,314,Hymenoptera__order,taxongroup_comment
3078,conj< insect,4,0.023,3,314,Hymenoptera__order,taxongroup_comment
3079,conj<acl> ...,4,0.004,1,314,Hymenoptera__order,taxongroup_comment
3080,conj<advmod> ...,4,0.024,4,314,Hymenoptera__order,taxongroup_comment
3081,conj<amod> ...,4,0.022,4,314,Hymenoptera__order,taxongroup_comment
3082,conj<amod> other,4,0.023,3,314,Hymenoptera__order,taxongroup_comment
3084,conj<appos< ...,4,0.013,2,314,Hymenoptera__order,taxongroup_comment
3085,conj<appos<nmod> ...,4,0.013,2,314,Hymenoptera__order,taxongroup_comment
3086,conj<appos> ...,4,0.003,1,314,Hymenoptera__order,taxongroup_comment
3087,conj<appos> wasp,4,0.023,3,314,Hymenoptera__order,taxongroup_comment
3088,conj<appos> yellowjacket,4,0.023,3,314,Hymenoptera__order,taxongroup_comment
3089,conj<appos>appos> Atlas,4,0.023,3,314,Hymenoptera__order,taxongroup_comment
3090,conj<appos>compound> ...,4,0.008,1,314,Hymenoptera__order,taxongroup_comment
3091,conj<appos>compound> Potter,4,0.023,3,314,Hymenoptera__order,taxongroup_comment
3094,conj<case> between,4,0.013,2,314,Hymenoptera__order,taxongroup_comment
3095,conj<case> in,4,0.006,1,314,Hymenoptera__order,taxongroup_comment
3096,conj<case> include,4,0.028,4,314,Hymenoptera__order,taxongroup_comment
3097,conj<case> of,4,0.006,1,314,Hymenoptera__order,taxongroup_comment
3098,conj<case> such,4,0.015,2,314,Hymenoptera__order,taxongroup_comment
3099,conj<cc> and,4,0.023,3,314,Hymenoptera__order,taxongroup_comment
3100,conj<compound> ...,4,0.02,3,314,Hymenoptera__order,taxongroup_comment
3101,conj<compound> honey,4,0.028,4,314,Hymenoptera__order,taxongroup_comment
3102,conj<compound> mason,4,0.023,3,314,Hymenoptera__order,taxongroup_comment
3105,conj<conj< history,4,0.023,3,314,Hymenoptera__order,taxongroup_comment
3106,conj<conj<amod> Evolutionary,4,0.023,3,314,Hymenoptera__order,taxongroup_comment
3107,conj<conj<nmod> behavior,4,0.023,3,314,Hymenoptera__order,taxongroup_comment
3108,conj<conj<nmod> photograph,4,0.023,3,314,Hymenoptera__order,taxongroup_comment
3109,conj<conj> ...,4,0.186,26,314,Hymenoptera__order,taxongroup_comment
3110,conj<conj> Hornets,4,0.015,2,314,Hymenoptera__order,taxongroup_comment
3111,conj<conj> Yellowjackets,4,0.015,2,314,Hymenoptera__order,taxongroup_comment
3112,conj<conj> be,4,0.085,11,314,Hymenoptera__order,taxongroup_comment
3113,conj<conj> beetle,4,0.006,1,314,Hymenoptera__order,taxongroup_comment
3114,conj<conj> bumblebee,4,0.031,4,314,Hymenoptera__order,taxongroup_comment
3116,conj<conj> fly,4,0.004,1,314,Hymenoptera__order,taxongroup_comment
3117,conj<conj> hornet,4,0.036,5,314,Hymenoptera__order,taxongroup_comment
3118,conj<conj> wasp,4,0.066,9,314,Hymenoptera__order,taxongroup_comment
3120,conj<conj>amod> ...,4,0.043,8,314,Hymenoptera__order,taxongroup_comment
3121,conj<conj>amod> social,4,0.015,2,314,Hymenoptera__order,taxongroup_comment
3122,conj<conj>amod> sweat,4,0.015,2,314,Hymenoptera__order,taxongroup_comment
3123,conj<conj>amod> vespid,4,0.015,2,314,Hymenoptera__order,taxongroup_comment
3125,conj<conj>cc> ...,4,0.008,1,314,Hymenoptera__order,taxongroup_comment
3126,conj<conj>cc> and,4,0.123,17,314,Hymenoptera__order,taxongroup_comment
3127,conj<conj>compound> ...,4,0.041,6,314,Hymenoptera__order,taxongroup_comment
3128,conj<conj>compound> carpenter,4,0.015,2,314,Hymenoptera__order,taxongroup_comment
3129,conj<conj>compound> leafcutter,4,0.015,2,314,Hymenoptera__order,taxongroup_comment
3130,conj<conj>compound> paper,4,0.013,2,314,Hymenoptera__order,taxongroup_comment
3131,conj<conj>det> ...,4,0.008,1,314,Hymenoptera__order,taxongroup_comment
3132,conj<conj>det> some,4,0.015,2,314,Hymenoptera__order,taxongroup_comment
3133,conj<conj>det> the,4,0.015,2,314,Hymenoptera__order,taxongroup_comment
3134,conj<conj>nmod> ...,4,0.031,4,314,Hymenoptera__order,taxongroup_comment
3135,conj<cop> be,4,0.003,1,314,Hymenoptera__order,taxongroup_comment
3137,conj<det> the,4,0.003,1,314,Hymenoptera__order,taxongroup_comment
3138,conj<flat> ...,4,0.004,1,314,Hymenoptera__order,taxongroup_comment
3139,conj<nmod< ...,4,0.015,3,314,Hymenoptera__order,taxongroup_comment
3140,conj<nmod< difference,4,0.013,2,314,Hymenoptera__order,taxongroup_comment
3141,conj<nmod< species,4,0.028,4,314,Hymenoptera__order,taxongroup_comment
3142,conj<nmod<amod> ...,4,0.01,2,314,Hymenoptera__order,taxongroup_comment
3143,conj<nmod<amod> most,4,0.023,3,314,Hymenoptera__order,taxongroup_comment
3144,conj<nmod<appos> %,4,0.023,3,314,Hymenoptera__order,taxongroup_comment
3147,conj<nmod<case> of,4,0.013,2,314,Hymenoptera__order,taxongroup_comment
3148,conj<nmod<compound> ...,4,0.004,1,314,Hymenoptera__order,taxongroup_comment
3149,conj<nmod<det> ...,4,0.006,1,314,Hymenoptera__order,taxongroup_comment
3150,conj<nmod<det> the,4,0.008,2,314,Hymenoptera__order,taxongroup_comment
3152,conj<nmod<nmod< overview,4,0.015,2,314,Hymenoptera__order,taxongroup_comment
3154,conj<nmod<nsubj< solitary,4,0.023,3,314,Hymenoptera__order,taxongroup_comment
3155,conj<nmod> ...,4,0.004,1,314,Hymenoptera__order,taxongroup_comment
3156,conj<nmod> Vespida,4,0.023,3,314,Hymenoptera__order,taxongroup_comment
3158,conj<nmod>case> in,4,0.023,3,314,Hymenoptera__order,taxongroup_comment
3159,conj<nmod>case> of,4,0.006,1,314,Hymenoptera__order,taxongroup_comment
3160,conj<nmod>compound> ...,4,0.008,1,314,Hymenoptera__order,taxongroup_comment
3161,conj<nmod>compound> flight,4,0.023,3,314,Hymenoptera__order,taxongroup_comment
3162,conj<nsubj< ...,4,0.011,2,314,Hymenoptera__order,taxongroup_comment
3163,conj<nsubj<conj> ...,4,0.004,1,314,Hymenoptera__order,taxongroup_comment
3164,conj<nsubj<cop> be,4,0.004,1,314,Hymenoptera__order,taxongroup_comment
3165,conj<nsubj> ...,4,0.005,2,314,Hymenoptera__order,taxongroup_comment
3171,conj<obj< contain,4,0.013,2,314,Hymenoptera__order,taxongroup_comment
3172,conj<obj< include,4,0.02,3,314,Hymenoptera__order,taxongroup_comment
3174,conj<obj<conj> be,4,0.015,2,314,Hymenoptera__order,taxongroup_comment
3175,conj<obj<nsubj> ...,4,0.011,2,314,Hymenoptera__order,taxongroup_comment
3176,conj<obj<nsubj> Apinae,4,0.015,2,314,Hymenoptera__order,taxongroup_comment
3177,conj<obj> ...,4,0.002,1,314,Hymenoptera__order,taxongroup_comment
3184,conj<obl< ...,4,0.003,1,314,Hymenoptera__order,taxongroup_comment
3186,conj<obl<nsubj> ...,4,0.004,1,314,Hymenoptera__order,taxongroup_comment
3189,conj> ...,4,-0.001,1,314,Hymenoptera__order,taxongroup_comment
3202,conj>amod> small,4,0.006,1,314,Hymenoptera__order,taxongroup_comment
3207,conj>cc> and,4,-0.003,1,314,Hymenoptera__order,taxongroup_comment
3347,nmod> order,4,0.003,1,314,Hymenoptera__order,taxongroup_comment
3351,nmod>case> ...,4,0.0,1,314,Hymenoptera__order,taxongroup_comment
3358,nmod>case> to,4,0.006,1,314,Hymenoptera__order,taxongroup_comment
3381,nmod>det> the,4,-0.001,1,314,Hymenoptera__order,taxongroup_comment
3609,parataxis< ...,4,0.006,1,314,Hymenoptera__order,taxongroup_comment
3611,parataxis<goeswith> ...,4,0.031,4,314,Hymenoptera__order,taxongroup_comment
3615,acl:relcl> ...,5,0.011,5,596,Hymenoptera__order,taxongroup_comment
3617,acl:relcl> live,5,0.006,2,596,Hymenoptera__order,taxongroup_comment
3618,acl:relcl>advmod> ...,5,0.006,3,596,Hymenoptera__order,taxongroup_comment
3619,acl:relcl>cop> be,5,0.005,2,596,Hymenoptera__order,taxongroup_comment
3620,acl:relcl>nmod>conj> ...,5,0.009,3,596,Hymenoptera__order,taxongroup_comment
3621,acl:relcl>nsubj> ...,5,0.002,1,596,Hymenoptera__order,taxongroup_comment
3622,acl:relcl>nsubj> that,5,0.01,4,596,Hymenoptera__order,taxongroup_comment
3623,acl:relcl>nsubj> which,5,0.001,1,596,Hymenoptera__order,taxongroup_comment
3624,acl:relcl>obj> ...,5,0.005,2,596,Hymenoptera__order,taxongroup_comment
3625,acl:relcl>obl> ...,5,0.009,3,596,Hymenoptera__order,taxongroup_comment
3626,acl:relcl>obl> colony,5,0.006,2,596,Hymenoptera__order,taxongroup_comment
3627,acl:relcl>obl>amod> ...,5,0.009,3,596,Hymenoptera__order,taxongroup_comment
3628,acl:relcl>obl>case> ...,5,0.003,1,596,Hymenoptera__order,taxongroup_comment
3629,acl:relcl>obl>case> in,5,0.006,2,596,Hymenoptera__order,taxongroup_comment
3630,acl:relcl>obl>case> with,5,0.006,2,596,Hymenoptera__order,taxongroup_comment
3631,acl:relcl>obl>det> ...,5,0.003,1,596,Hymenoptera__order,taxongroup_comment
3632,acl:relcl>obl>det> a,5,0.006,2,596,Hymenoptera__order,taxongroup_comment
3633,acl> ...,5,0.003,3,596,Hymenoptera__order,taxongroup_comment
3635,acl>mark> ...,5,0.004,2,596,Hymenoptera__order,taxongroup_comment
3636,acl>mark> to,5,0.002,1,596,Hymenoptera__order,taxongroup_comment
3637,acl>obj> ...,5,0.001,1,596,Hymenoptera__order,taxongroup_comment
3638,acl>obl> ...,5,-0.0,1,596,Hymenoptera__order,taxongroup_comment
3639,acl>obl>case> ...,5,-0.0,1,596,Hymenoptera__order,taxongroup_comment
3640,acl>obl>compound> ...,5,0.001,1,596,Hymenoptera__order,taxongroup_comment
3645,advmod> ...,5,0.0,1,596,Hymenoptera__order,taxongroup_comment
3646,advmod> only,5,0.002,1,596,Hymenoptera__order,taxongroup_comment
3647,amod> ...,5,-0.003,10,596,Hymenoptera__order,taxongroup_comment
3648,amod> black,5,0.002,2,596,Hymenoptera__order,taxongroup_comment
3649,amod> common,5,0.002,2,596,Hymenoptera__order,taxongroup_comment
3650,amod> eusocial,5,-0.0,1,596,Hymenoptera__order,taxongroup_comment
3653,amod> other,5,-0.004,2,596,Hymenoptera__order,taxongroup_comment
3654,amod> red,5,0.001,1,596,Hymenoptera__order,taxongroup_comment
3656,amod> social,5,-0.001,1,596,Hymenoptera__order,taxongroup_comment
3657,amod> stingless,5,0.0,1,596,Hymenoptera__order,taxongroup_comment
3659,amod>advmod> commonly,5,0.002,1,596,Hymenoptera__order,taxongroup_comment
3667,appos< ...,5,0.002,3,596,Hymenoptera__order,taxongroup_comment
3669,appos< hornet,5,0.006,2,596,Hymenoptera__order,taxongroup_comment
3670,appos< insect,5,0.002,1,596,Hymenoptera__order,taxongroup_comment
3671,appos<amod> ...,5,0.006,4,596,Hymenoptera__order,taxongroup_comment
3672,appos<appos> ...,5,0.003,1,596,Hymenoptera__order,taxongroup_comment
3678,appos<case> ...,5,0.005,2,596,Hymenoptera__order,taxongroup_comment
3679,appos<case> to,5,0.002,1,596,Hymenoptera__order,taxongroup_comment
3680,appos<conj> ...,5,0.01,4,596,Hymenoptera__order,taxongroup_comment
3682,appos<conj> wasp,5,0.009,3,596,Hymenoptera__order,taxongroup_comment
3683,appos<conj>amod> ...,5,0.009,3,596,Hymenoptera__order,taxongroup_comment
3684,appos<conj>cc> ...,5,0.003,1,596,Hymenoptera__order,taxongroup_comment
3685,appos<conj>cc> and,5,0.001,1,596,Hymenoptera__order,taxongroup_comment
3689,appos<det> the,5,0.004,3,596,Hymenoptera__order,taxongroup_comment
3690,appos<nmod<amod> ...,5,0.009,3,596,Hymenoptera__order,taxongroup_comment
3691,appos<nmod> ...,5,0.004,2,596,Hymenoptera__order,taxongroup_comment
3692,appos<nmod>case> in,5,0.002,1,596,Hymenoptera__order,taxongroup_comment
3693,appos<nmod>case> of,5,0.002,1,596,Hymenoptera__order,taxongroup_comment
3694,appos<nsubj<amod> ...,5,0.009,3,596,Hymenoptera__order,taxongroup_comment
3698,appos<obl<conj> ...,5,0.009,3,596,Hymenoptera__order,taxongroup_comment
3704,appos> ...,5,0.009,7,596,Hymenoptera__order,taxongroup_comment
3706,appos> be,5,0.002,1,596,Hymenoptera__order,taxongroup_comment
3709,appos>compound> ...,5,0.006,3,596,Hymenoptera__order,taxongroup_comment
3714,appos>conj> wasp,5,0.002,1,596,Hymenoptera__order,taxongroup_comment
3715,appos>conj>cc> and,5,0.0,1,596,Hymenoptera__order,taxongroup_comment
3716,appos>det> ...,5,0.005,2,596,Hymenoptera__order,taxongroup_comment
3717,appos>flat> ...,5,0.005,2,596,Hymenoptera__order,taxongroup_comment
3718,appos>nmod> ...,5,0.005,2,596,Hymenoptera__order,taxongroup_comment
3719,appos>nmod>case> ...,5,0.005,2,596,Hymenoptera__order,taxongroup_comment
3720,case> ...,5,0.016,9,596,Hymenoptera__order,taxongroup_comment
3721,case> among,5,-0.0,1,596,Hymenoptera__order,taxongroup_comment
3722,case> as,5,-0.0,1,596,Hymenoptera__order,taxongroup_comment
3726,case> like,5,-0.0,1,596,Hymenoptera__order,taxongroup_comment
3727,case> of,5,-0.006,3,596,Hymenoptera__order,taxongroup_comment
3728,case> on,5,-0.0,1,596,Hymenoptera__order,taxongroup_comment
3729,case> to,5,0.004,2,596,Hymenoptera__order,taxongroup_comment
3731,case>fixed> as,5,0.001,1,596,Hymenoptera__order,taxongroup_comment
3739,compound< ...,5,-0.001,2,596,Hymenoptera__order,taxongroup_comment
3740,compound< ant,5,0.005,2,596,Hymenoptera__order,taxongroup_comment
3743,compound< species,5,0.003,2,596,Hymenoptera__order,taxongroup_comment
3744,compound< sting,5,0.002,1,596,Hymenoptera__order,taxongroup_comment
3745,compound<amod> ...,5,0.005,3,596,Hymenoptera__order,taxongroup_comment
3747,compound<amod> other,5,0.002,1,596,Hymenoptera__order,taxongroup_comment
3748,compound<case> ...,5,0.013,5,596,Hymenoptera__order,taxongroup_comment
3755,compound<conj> ...,5,0.015,5,596,Hymenoptera__order,taxongroup_comment
3756,compound<conj> be,5,0.006,2,596,Hymenoptera__order,taxongroup_comment
3757,compound<conj> wasp,5,0.006,2,596,Hymenoptera__order,taxongroup_comment
3758,compound<conj>cc> ...,5,0.006,2,596,Hymenoptera__order,taxongroup_comment
3759,compound<conj>cc> and,5,0.009,3,596,Hymenoptera__order,taxongroup_comment
3760,compound<det> ...,5,0.003,1,596,Hymenoptera__order,taxongroup_comment
3761,compound<det> some,5,0.006,2,596,Hymenoptera__order,taxongroup_comment
3774,compound<nsubj< ...,5,0.005,2,596,Hymenoptera__order,taxongroup_comment
3775,compound<nsubj<conj> ...,5,0.009,3,596,Hymenoptera__order,taxongroup_comment
3776,compound<nsubj<obj> ...,5,0.008,3,596,Hymenoptera__order,taxongroup_comment
3778,compound<obl< ...,5,0.012,4,596,Hymenoptera__order,taxongroup_comment
3779,compound<obl<advmod> ...,5,0.012,4,596,Hymenoptera__order,taxongroup_comment
3780,compound<obl<nsubj> ...,5,0.012,4,596,Hymenoptera__order,taxongroup_comment
3781,compound> ...,5,-0.005,3,596,Hymenoptera__order,taxongroup_comment
3782,compound> Hymenoptera,5,0.001,1,596,Hymenoptera__order,taxongroup_comment
3785,compound> army,5,-0.002,1,596,Hymenoptera__order,taxongroup_comment
3788,compound> garden,5,-0.001,2,596,Hymenoptera__order,taxongroup_comment
3789,compound> honey,5,0.009,6,596,Hymenoptera__order,taxongroup_comment
3791,compound> wood,5,0.001,3,596,Hymenoptera__order,taxongroup_comment
3796,conj< ...,5,-0.002,1,596,Hymenoptera__order,taxongroup_comment
3804,conj<amod> ...,5,-0.0,1,596,Hymenoptera__order,taxongroup_comment
3809,conj<appos> ...,5,0.004,2,596,Hymenoptera__order,taxongroup_comment
3832,conj<conj> ...,5,-0.003,1,596,Hymenoptera__order,taxongroup_comment
3849,conj<conj>cc> and,5,-0.002,1,596,Hymenoptera__order,taxongroup_comment
3885,conj<nsubj< ...,5,0.001,1,596,Hymenoptera__order,taxongroup_comment
3887,conj<nsubj<cop> be,5,0.001,1,596,Hymenoptera__order,taxongroup_comment
3910,conj<parataxis> ...,5,0.005,2,596,Hymenoptera__order,taxongroup_comment
3911,conj<parataxis>conj> ...,5,0.009,3,596,Hymenoptera__order,taxongroup_comment
3912,conj> ...,5,0.028,12,596,Hymenoptera__order,taxongroup_comment
3913,conj> Blattodea,5,0.006,2,596,Hymenoptera__order,taxongroup_comment
3914,conj> ant,5,0.009,3,596,Hymenoptera__order,taxongroup_comment
3915,conj> be,5,0.043,16,596,Hymenoptera__order,taxongroup_comment
3916,conj> bumblebee,5,0.018,6,596,Hymenoptera__order,taxongroup_comment
3917,conj> hornet,5,0.008,3,596,Hymenoptera__order,taxongroup_comment
3918,conj> insect,5,0.002,1,596,Hymenoptera__order,taxongroup_comment
3919,conj> prey,5,0.006,2,596,Hymenoptera__order,taxongroup_comment
3921,conj> wasp,5,0.014,6,596,Hymenoptera__order,taxongroup_comment
3922,conj>advmod> ...,5,0.008,3,596,Hymenoptera__order,taxongroup_comment
3923,conj>amod> ...,5,0.015,5,596,Hymenoptera__order,taxongroup_comment
3924,conj>amod> other,5,0.006,2,596,Hymenoptera__order,taxongroup_comment
3925,conj>amod> small,5,0.002,1,596,Hymenoptera__order,taxongroup_comment
3926,conj>amod> stingless,5,0.009,3,596,Hymenoptera__order,taxongroup_comment
3927,conj>appos> ...,5,0.009,3,596,Hymenoptera__order,taxongroup_comment
3928,conj>aux:pass> be,5,0.005,2,596,Hymenoptera__order,taxongroup_comment
3929,conj>case> ...,5,0.012,4,596,Hymenoptera__order,taxongroup_comment
3930,conj>cc> and,5,0.056,23,596,Hymenoptera__order,taxongroup_comment
3931,conj>cc> but,5,0.009,3,596,Hymenoptera__order,taxongroup_comment
3932,conj>cc> or,5,0.012,5,596,Hymenoptera__order,taxongroup_comment
3933,conj>compound> ...,5,0.01,4,596,Hymenoptera__order,taxongroup_comment
3934,conj>compound> carpenter,5,0.006,2,596,Hymenoptera__order,taxongroup_comment
3936,conj>conj> ...,5,0.009,3,596,Hymenoptera__order,taxongroup_comment
3937,conj>det> ...,5,0.006,2,596,Hymenoptera__order,taxongroup_comment
3938,conj>det> the,5,0.006,2,596,Hymenoptera__order,taxongroup_comment
3939,conj>nmod>case> ...,5,0.009,3,596,Hymenoptera__order,taxongroup_comment
3940,conj>obl> ...,5,0.004,2,596,Hymenoptera__order,taxongroup_comment
3941,conj>obl>case> ...,5,0.004,2,596,Hymenoptera__order,taxongroup_comment
3942,cop> be,5,0.016,9,596,Hymenoptera__order,taxongroup_comment
3943,det> ...,5,0.001,1,596,Hymenoptera__order,taxongroup_comment
3945,det> a,5,0.001,2,596,Hymenoptera__order,taxongroup_comment
3947,det> the,5,-0.005,5,596,Hymenoptera__order,taxongroup_comment
3961,flat> ...,5,0.002,2,596,Hymenoptera__order,taxongroup_comment
3962,flat> burchellii,5,0.001,1,596,Hymenoptera__order,taxongroup_comment
3966,list> be,5,0.006,2,596,Hymenoptera__order,taxongroup_comment
3967,nmod:poss<nmod> forests,5,0.009,3,596,Hymenoptera__order,taxongroup_comment
3968,nmod:poss<nmod>amod> ...,5,0.009,3,596,Hymenoptera__order,taxongroup_comment
3969,nmod:poss<nmod>amod> mix,5,0.006,2,596,Hymenoptera__order,taxongroup_comment
3970,nmod:poss<nmod>case> ...,5,0.006,2,596,Hymenoptera__order,taxongroup_comment
3971,nmod:poss<nmod>case> with,5,0.006,2,596,Hymenoptera__order,taxongroup_comment
3972,nmod< ...,5,-0.004,4,596,Hymenoptera__order,taxongroup_comment
3979,nmod< one,5,0.001,1,596,Hymenoptera__order,taxongroup_comment
3980,nmod< species,5,0.0,2,596,Hymenoptera__order,taxongroup_comment
3983,nmod<acl> ...,5,0.0,1,596,Hymenoptera__order,taxongroup_comment
3984,nmod<acl>obj> ...,5,0.001,1,596,Hymenoptera__order,taxongroup_comment
3986,nmod<amod> ...,5,-0.003,2,596,Hymenoptera__order,taxongroup_comment
3994,nmod<appos> ...,5,0.001,1,596,Hymenoptera__order,taxongroup_comment
4000,nmod<cc> and,5,-0.0,1,596,Hymenoptera__order,taxongroup_comment
4004,nmod<conj< ...,5,-0.0,1,596,Hymenoptera__order,taxongroup_comment
4006,nmod<conj<advmod> ...,5,0.001,1,596,Hymenoptera__order,taxongroup_comment
4010,nmod<conj<obl> ...,5,0.001,1,596,Hymenoptera__order,taxongroup_comment
4011,nmod<conj> ...,5,-0.001,1,596,Hymenoptera__order,taxongroup_comment
4015,nmod<conj>obl> ...,5,0.001,1,596,Hymenoptera__order,taxongroup_comment
4016,nmod<cop> be,5,-0.002,2,596,Hymenoptera__order,taxongroup_comment
4017,nmod<det> ...,5,0.002,1,596,Hymenoptera__order,taxongroup_comment
4020,nmod<mark> ...,5,0.003,1,596,Hymenoptera__order,taxongroup_comment
4043,nmod<nsubj< ...,5,0.0,1,596,Hymenoptera__order,taxongroup_comment
4044,nmod<nsubj> ...,5,0.001,3,596,Hymenoptera__order,taxongroup_comment
4046,nmod<nsubj> Hymenoptera,5,0.002,1,596,Hymenoptera__order,taxongroup_comment
4049,nmod<nsubj>det> the,5,0.001,1,596,Hymenoptera__order,taxongroup_comment
4063,nmod<parataxis> ...,5,0.001,1,596,Hymenoptera__order,taxongroup_comment
4064,nmod<parataxis>obl> ...,5,0.001,1,596,Hymenoptera__order,taxongroup_comment
4067,nmod> Formicida,5,0.002,1,596,Hymenoptera__order,taxongroup_comment
4070,nmod> order,5,0.001,1,596,Hymenoptera__order,taxongroup_comment
4073,nmod>amod> ...,5,-0.001,1,596,Hymenoptera__order,taxongroup_comment
4079,nmod>case> of,5,0.001,2,596,Hymenoptera__order,taxongroup_comment
4086,nmod>compound> family,5,0.001,1,596,Hymenoptera__order,taxongroup_comment
4104,nmod>det> the,5,-0.002,1,596,Hymenoptera__order,taxongroup_comment
4106,nmod>nmod> ...,5,0.0,1,596,Hymenoptera__order,taxongroup_comment
4107,nmod>nmod>case> ...,5,0.001,1,596,Hymenoptera__order,taxongroup_comment
4109,nmod>nmod>conj> ...,5,0.006,3,596,Hymenoptera__order,taxongroup_comment
4110,nsubj:pass< ...,5,-0.0,1,596,Hymenoptera__order,taxongroup_comment
4111,nsubj:pass< find,5,0.001,1,596,Hymenoptera__order,taxongroup_comment
4112,nsubj:pass<advmod> ...,5,0.003,2,596,Hymenoptera__order,taxongroup_comment
4114,nsubj:pass<advmod> where,5,0.006,2,596,Hymenoptera__order,taxongroup_comment
4115,nsubj:pass<aux:pass> be,5,0.0,2,596,Hymenoptera__order,taxongroup_comment
4119,nsubj:pass<obj>nmod> ...,5,0.009,3,596,Hymenoptera__order,taxongroup_comment
4129,nsubj< ...,5,-0.003,2,596,Hymenoptera__order,taxongroup_comment
4132,nsubj< eusocial,5,0.002,1,596,Hymenoptera__order,taxongroup_comment
4133,nsubj< genus,5,0.002,1,596,Hymenoptera__order,taxongroup_comment
4134,nsubj< have,5,-0.0,1,596,Hymenoptera__order,taxongroup_comment
4139,nsubj<acl:relcl> ...,5,0.001,1,596,Hymenoptera__order,taxongroup_comment
4141,nsubj<acl:relcl>nsubj> that,5,0.002,1,596,Hymenoptera__order,taxongroup_comment
4142,nsubj<acl:relcl>obj> ...,5,0.001,1,596,Hymenoptera__order,taxongroup_comment
4150,nsubj<advmod> ...,5,-0.001,1,596,Hymenoptera__order,taxongroup_comment
4152,nsubj<amod> ...,5,-0.001,2,596,Hymenoptera__order,taxongroup_comment
4160,nsubj<aux> can,5,0.001,1,596,Hymenoptera__order,taxongroup_comment
4166,nsubj<conj> ...,5,-0.002,1,596,Hymenoptera__order,taxongroup_comment
4168,nsubj<conj> be,5,0.002,1,596,Hymenoptera__order,taxongroup_comment
4169,nsubj<conj> study,5,0.002,1,596,Hymenoptera__order,taxongroup_comment
4173,nsubj<conj>aux> ...,5,0.001,1,596,Hymenoptera__order,taxongroup_comment
4175,nsubj<conj>cc> and,5,-0.0,1,596,Hymenoptera__order,taxongroup_comment
4176,nsubj<conj>cc> but,5,0.001,1,596,Hymenoptera__order,taxongroup_comment
4177,nsubj<conj>cc> or,5,0.002,1,596,Hymenoptera__order,taxongroup_comment
4178,nsubj<conj>conj> ...,5,0.01,4,596,Hymenoptera__order,taxongroup_comment
4180,nsubj<conj>det> ...,5,0.002,1,596,Hymenoptera__order,taxongroup_comment
4186,nsubj<conj>obl> ...,5,-0.0,1,596,Hymenoptera__order,taxongroup_comment
4187,nsubj<cop> be,5,-0.002,3,596,Hymenoptera__order,taxongroup_comment
4188,nsubj<det> a,5,-0.001,1,596,Hymenoptera__order,taxongroup_comment
4208,nsubj<obj> ...,5,-0.002,2,596,Hymenoptera__order,taxongroup_comment
4210,nsubj<obj>compound> ...,5,-0.0,1,596,Hymenoptera__order,taxongroup_comment
4213,nsubj<obj>det> the,5,-0.0,1,596,Hymenoptera__order,taxongroup_comment
4224,nsubj<parataxis> ...,5,0.001,2,596,Hymenoptera__order,taxongroup_comment
4225,nsubj<parataxis>advmod> ...,5,0.0,1,596,Hymenoptera__order,taxongroup_comment
4226,nsubj<parataxis>nsubj> ...,5,0.003,2,596,Hymenoptera__order,taxongroup_comment
4227,nsubj<parataxis>obj> ...,5,0.004,2,596,Hymenoptera__order,taxongroup_comment
4228,nsubj<parataxis>obl> ...,5,0.001,1,596,Hymenoptera__order,taxongroup_comment
4232,nsubj> ...,5,0.006,4,596,Hymenoptera__order,taxongroup_comment
4233,nsubj> ant,5,0.002,2,596,Hymenoptera__order,taxongroup_comment
4234,nsubj> species,5,0.009,3,596,Hymenoptera__order,taxongroup_comment
4235,nsubj>amod> ...,5,0.01,5,596,Hymenoptera__order,taxongroup_comment
4236,nsubj>amod> black,5,0.002,1,596,Hymenoptera__order,taxongroup_comment
4237,nsubj>compound> garden,5,0.002,1,596,Hymenoptera__order,taxongroup_comment
4238,nsubj>compound> type,5,0.006,2,596,Hymenoptera__order,taxongroup_comment
4239,nsubj>det> the,5,0.008,4,596,Hymenoptera__order,taxongroup_comment
4240,nsubj>nmod> ...,5,0.004,2,596,Hymenoptera__order,taxongroup_comment
4241,nsubj>nmod> genus,5,0.006,2,596,Hymenoptera__order,taxongroup_comment
4242,nsubj>nmod>case> ...,5,0.006,2,596,Hymenoptera__order,taxongroup_comment
4243,nsubj>nmod>case> of,5,0.004,2,596,Hymenoptera__order,taxongroup_comment
4244,nummod> ...,5,0.001,1,596,Hymenoptera__order,taxongroup_comment
4245,obj< ...,5,0.002,2,596,Hymenoptera__order,taxongroup_comment
4246,obj< contain,5,0.006,2,596,Hymenoptera__order,taxongroup_comment
4247,obj< include,5,0.01,4,596,Hymenoptera__order,taxongroup_comment
4252,obj<advmod> ...,5,0.006,2,596,Hymenoptera__order,taxongroup_comment
4253,obj<advmod> also,5,0.002,1,596,Hymenoptera__order,taxongroup_comment
4255,obj<conj> be,5,0.006,2,596,Hymenoptera__order,taxongroup_comment
4256,obj<conj>amod> ...,5,0.008,3,596,Hymenoptera__order,taxongroup_comment
4257,obj<conj>cc> ...,5,0.003,1,596,Hymenoptera__order,taxongroup_comment
4258,obj<conj>cc> and,5,0.001,1,596,Hymenoptera__order,taxongroup_comment
4260,obj<conj>det> the,5,0.002,1,596,Hymenoptera__order,taxongroup_comment
4261,obj<conj>nmod> ...,5,0.001,1,596,Hymenoptera__order,taxongroup_comment
4262,obj<mark> ...,5,0.003,1,596,Hymenoptera__order,taxongroup_comment
4264,obj<nsubj> ...,5,0.015,6,596,Hymenoptera__order,taxongroup_comment
4265,obj<nsubj>amod> ...,5,0.005,2,596,Hymenoptera__order,taxongroup_comment
4266,obj<nsubj>det> ...,5,0.003,1,596,Hymenoptera__order,taxongroup_comment
4267,obj<nsubj>det> this,5,0.006,2,596,Hymenoptera__order,taxongroup_comment
4268,obj<nsubj>nmod> ...,5,0.003,1,596,Hymenoptera__order,taxongroup_comment
4269,obj<nsubj>nmod> family,5,0.006,2,596,Hymenoptera__order,taxongroup_comment
4270,obl< ...,5,-0.002,4,596,Hymenoptera__order,taxongroup_comment
4271,obl< have,5,0.004,2,596,Hymenoptera__order,taxongroup_comment
4272,obl< know,5,-0.0,1,596,Hymenoptera__order,taxongroup_comment
4285,obl<advmod> ...,5,0.001,2,596,Hymenoptera__order,taxongroup_comment
4290,obl<amod<amod> ...,5,0.001,1,596,Hymenoptera__order,taxongroup_comment
4291,obl<aux:pass> be,5,-0.001,1,596,Hymenoptera__order,taxongroup_comment
4306,obl<cop> be,5,0.001,2,596,Hymenoptera__order,taxongroup_comment
4307,obl<nsubj:pass> ...,5,-0.0,1,596,Hymenoptera__order,taxongroup_comment
4311,obl<nsubj> ...,5,0.004,5,596,Hymenoptera__order,taxongroup_comment
4314,obl<nsubj>amod> ...,5,-0.0,1,596,Hymenoptera__order,taxongroup_comment
4315,obl<nsubj>compound> ...,5,0.0,1,596,Hymenoptera__order,taxongroup_comment
4319,obl<obj> ...,5,-0.0,1,596,Hymenoptera__order,taxongroup_comment
4320,obl<obj> exoskeleton,5,0.002,1,596,Hymenoptera__order,taxongroup_comment
4321,obl<obj>amod> ...,5,0.003,2,596,Hymenoptera__order,taxongroup_comment
4322,obl<obj>det> ...,5,0.003,1,596,Hymenoptera__order,taxongroup_comment
4323,obl<obj>det> a,5,0.002,1,596,Hymenoptera__order,taxongroup_comment
4324,obl<obl> ...,5,-0.0,1,596,Hymenoptera__order,taxongroup_comment
4325,obl<obl>amod> ...,5,0.0,1,596,Hymenoptera__order,taxongroup_comment
4327,obl<obl>case> in,5,0.002,1,596,Hymenoptera__order,taxongroup_comment
4330,obl<parataxis> ...,5,0.006,3,596,Hymenoptera__order,taxongroup_comment
4331,obl<parataxis>conj> ...,5,0.018,6,596,Hymenoptera__order,taxongroup_comment
4333,parataxis< widespread,5,0.002,1,596,Hymenoptera__order,taxongroup_comment
4335,parataxis<nsubj> ...,5,0.001,1,596,Hymenoptera__order,taxongroup_comment
4356,acl> ...,6,0.002,2,446,Hymenoptera__order,taxongroup_comment
4357,acl> know,6,0.007,2,446,Hymenoptera__order,taxongroup_comment
4359,acl>mark> to,6,0.003,1,446,Hymenoptera__order,taxongroup_comment
4360,acl>obj> ...,6,0.002,1,446,Hymenoptera__order,taxongroup_comment
4361,acl>obl> ...,6,0.001,1,446,Hymenoptera__order,taxongroup_comment
4362,acl>obl>case> ...,6,0.001,1,446,Hymenoptera__order,taxongroup_comment
4370,amod> ...,6,0.011,13,446,Hymenoptera__order,taxongroup_comment
4372,amod> common,6,0.004,2,446,Hymenoptera__order,taxongroup_comment
4373,amod> eusocial,6,0.004,2,446,Hymenoptera__order,taxongroup_comment
4376,amod> other,6,0.003,6,446,Hymenoptera__order,taxongroup_comment
4379,amod> social,6,0.004,3,446,Hymenoptera__order,taxongroup_comment
4384,amod>advmod> very,6,0.009,2,446,Hymenoptera__order,taxongroup_comment
4385,amod>obl:npmod> ...,6,0.007,2,446,Hymenoptera__order,taxongroup_comment
4387,amod>obl> be,6,0.003,1,446,Hymenoptera__order,taxongroup_comment
4389,amod>obl>case> than,6,0.002,1,446,Hymenoptera__order,taxongroup_comment
4391,appos< Apini,6,0.003,1,446,Hymenoptera__order,taxongroup_comment
4396,appos<appos> Euglossini,6,0.003,1,446,Hymenoptera__order,taxongroup_comment
4397,appos<appos> be,6,0.003,1,446,Hymenoptera__order,taxongroup_comment
4398,appos<appos> bee,6,0.003,1,446,Hymenoptera__order,taxongroup_comment
4400,appos<appos>amod> stingless,6,0.003,1,446,Hymenoptera__order,taxongroup_comment
4404,appos<conj> Meliponini,6,0.003,1,446,Hymenoptera__order,taxongroup_comment
4408,appos<conj>cc> and,6,0.002,1,446,Hymenoptera__order,taxongroup_comment
4409,appos<cop> be,6,0.002,1,446,Hymenoptera__order,taxongroup_comment
4412,appos<det> the,6,-0.0,1,446,Hymenoptera__order,taxongroup_comment
4419,appos<nsubj> other,6,0.003,1,446,Hymenoptera__order,taxongroup_comment
4420,appos<nsubj>det> the,6,0.002,1,446,Hymenoptera__order,taxongroup_comment
4423,appos<parataxis< one,6,0.003,1,446,Hymenoptera__order,taxongroup_comment
4424,appos<parataxis<cop> be,6,0.002,1,446,Hymenoptera__order,taxongroup_comment
4426,appos<parataxis<nsubj> Bombini,6,0.003,1,446,Hymenoptera__order,taxongroup_comment
4427,appos> ...,6,-0.002,1,446,Hymenoptera__order,taxongroup_comment
4434,appos>conj> ...,6,0.001,1,446,Hymenoptera__order,taxongroup_comment
4443,case> ...,6,0.005,4,446,Hymenoptera__order,taxongroup_comment
4444,case> among,6,0.009,3,446,Hymenoptera__order,taxongroup_comment
4445,case> as,6,0.007,3,446,Hymenoptera__order,taxongroup_comment
4446,case> by,6,-0.0,1,446,Hymenoptera__order,taxongroup_comment
4447,case> for,6,0.012,4,446,Hymenoptera__order,taxongroup_comment
4448,case> in,6,0.011,4,446,Hymenoptera__order,taxongroup_comment
4449,case> like,6,0.001,1,446,Hymenoptera__order,taxongroup_comment
4450,case> of,6,0.107,32,446,Hymenoptera__order,taxongroup_comment
4451,case> on,6,0.003,2,446,Hymenoptera__order,taxongroup_comment
4454,case>fixed> as,6,0.002,1,446,Hymenoptera__order,taxongroup_comment
4504,compound> ...,6,0.013,10,446,Hymenoptera__order,taxongroup_comment
4505,compound> Hymenoptera,6,0.002,1,446,Hymenoptera__order,taxongroup_comment
4508,compound> army,6,0.002,3,446,Hymenoptera__order,taxongroup_comment
4511,compound> garden,6,-0.002,1,446,Hymenoptera__order,taxongroup_comment
4512,compound> honey,6,0.0,2,446,Hymenoptera__order,taxongroup_comment
4514,compound> wood,6,0.003,3,446,Hymenoptera__order,taxongroup_comment
4515,compound>amod> black,6,-0.001,1,446,Hymenoptera__order,taxongroup_comment
4638,conj> be,6,-0.002,1,446,Hymenoptera__order,taxongroup_comment
4644,conj> wasp,6,-0.0,1,446,Hymenoptera__order,taxongroup_comment
4653,conj>cc> and,6,-0.003,1,446,Hymenoptera__order,taxongroup_comment
4665,cop> be,6,0.002,3,446,Hymenoptera__order,taxongroup_comment
4666,det> ...,6,0.002,1,446,Hymenoptera__order,taxongroup_comment
4668,det> a,6,-0.0,1,446,Hymenoptera__order,taxongroup_comment
4670,det> the,6,0.015,12,446,Hymenoptera__order,taxongroup_comment
4671,det> these,6,0.003,1,446,Hymenoptera__order,taxongroup_comment
4695,nmod< ...,6,0.079,24,446,Hymenoptera__order,taxongroup_comment
4696,nmod< Characteristics,6,0.009,2,446,Hymenoptera__order,taxongroup_comment
4697,nmod< ant,6,0.007,2,446,Hymenoptera__order,taxongroup_comment
4698,nmod< genus,6,0.002,1,446,Hymenoptera__order,taxongroup_comment
4699,nmod< group,6,0.012,3,446,Hymenoptera__order,taxongroup_comment
4700,nmod< habitat,6,0.003,1,446,Hymenoptera__order,taxongroup_comment
4701,nmod< hive,6,0.009,2,446,Hymenoptera__order,taxongroup_comment
4702,nmod< one,6,0.002,1,446,Hymenoptera__order,taxongroup_comment
4703,nmod< species,6,0.014,5,446,Hymenoptera__order,taxongroup_comment
4704,nmod< variety,6,0.002,1,446,Hymenoptera__order,taxongroup_comment
4705,nmod< wasp,6,0.007,2,446,Hymenoptera__order,taxongroup_comment
4706,nmod<acl> ...,6,0.001,1,446,Hymenoptera__order,taxongroup_comment
4707,nmod<acl>obj> ...,6,0.002,1,446,Hymenoptera__order,taxongroup_comment
4709,nmod<amod> ...,6,0.063,18,446,Hymenoptera__order,taxongroup_comment
4711,nmod<amod> other,6,0.009,2,446,Hymenoptera__order,taxongroup_comment
4713,nmod<amod>advmod> ...,6,0.006,2,446,Hymenoptera__order,taxongroup_comment
4715,nmod<amod>conj> diverse,6,0.003,1,446,Hymenoptera__order,taxongroup_comment
4716,nmod<appos< ...,6,0.012,3,446,Hymenoptera__order,taxongroup_comment
4717,nmod<appos> ...,6,0.012,3,446,Hymenoptera__order,taxongroup_comment
4718,nmod<case> ...,6,0.011,3,446,Hymenoptera__order,taxongroup_comment
4719,nmod<case> in,6,0.004,2,446,Hymenoptera__order,taxongroup_comment
4720,nmod<case> of,6,0.027,7,446,Hymenoptera__order,taxongroup_comment
4721,nmod<case> to,6,0.019,4,446,Hymenoptera__order,taxongroup_comment
4722,nmod<cc> ...,6,0.003,1,446,Hymenoptera__order,taxongroup_comment
4723,nmod<cc> and,6,0.021,5,446,Hymenoptera__order,taxongroup_comment
4724,nmod<compound> ...,6,0.032,9,446,Hymenoptera__order,taxongroup_comment
4726,nmod<compound>compound> New,6,0.009,2,446,Hymenoptera__order,taxongroup_comment
4727,nmod<conj< ...,6,0.012,4,446,Hymenoptera__order,taxongroup_comment
4728,nmod<conj< hornet,6,0.009,2,446,Hymenoptera__order,taxongroup_comment
4729,nmod<conj<advmod> ...,6,0.002,1,446,Hymenoptera__order,taxongroup_comment
4730,nmod<conj<amod> ...,6,0.014,3,446,Hymenoptera__order,taxongroup_comment
4731,nmod<conj<case> ...,6,0.019,4,446,Hymenoptera__order,taxongroup_comment
4732,nmod<conj<conj> ...,6,0.007,2,446,Hymenoptera__order,taxongroup_comment
4734,nmod<conj> ...,6,0.014,5,446,Hymenoptera__order,taxongroup_comment
4735,nmod<conj> butterfly,6,0.003,1,446,Hymenoptera__order,taxongroup_comment
4737,nmod<conj>cc> and,6,0.018,5,446,Hymenoptera__order,taxongroup_comment
4738,nmod<conj>obl> ...,6,0.002,1,446,Hymenoptera__order,taxongroup_comment
4739,nmod<cop> be,6,0.011,6,446,Hymenoptera__order,taxongroup_comment
4741,nmod<det> a,6,0.01,5,446,Hymenoptera__order,taxongroup_comment
4742,nmod<det> the,6,0.039,11,446,Hymenoptera__order,taxongroup_comment
4744,nmod<mark> as,6,0.009,2,446,Hymenoptera__order,taxongroup_comment
4746,nmod<nmod:poss> they,6,0.003,1,446,Hymenoptera__order,taxongroup_comment
4747,nmod<nmod< ...,6,0.024,6,446,Hymenoptera__order,taxongroup_comment
4748,nmod<nmod< one,6,0.003,1,446,Hymenoptera__order,taxongroup_comment
4749,nmod<nmod< species,6,0.009,2,446,Hymenoptera__order,taxongroup_comment
4750,nmod<nmod<cop> be,6,0.015,4,446,Hymenoptera__order,taxongroup_comment
4751,nmod<nmod<det> ...,6,0.003,1,446,Hymenoptera__order,taxongroup_comment
4752,nmod<nmod<det> a,6,0.009,2,446,Hymenoptera__order,taxongroup_comment
4753,nmod<nmod<nmod> ...,6,0.019,4,446,Hymenoptera__order,taxongroup_comment
4754,nmod<nmod<nsubj> ...,6,0.019,5,446,Hymenoptera__order,taxongroup_comment
4755,nmod<nmod> ...,6,0.01,4,446,Hymenoptera__order,taxongroup_comment
4757,nmod<nmod>case> ...,6,0.002,1,446,Hymenoptera__order,taxongroup_comment
4758,nmod<nmod>case> in,6,0.002,1,446,Hymenoptera__order,taxongroup_comment
4759,nmod<nmod>case> include,6,0.002,1,446,Hymenoptera__order,taxongroup_comment
4760,nmod<nmod>case> with,6,0.003,1,446,Hymenoptera__order,taxongroup_comment
4761,nmod<nmod>conj> ...,6,0.002,1,446,Hymenoptera__order,taxongroup_comment
4762,nmod<nmod>det> ...,6,0.005,1,446,Hymenoptera__order,taxongroup_comment
4763,nmod<nmod>det> the,6,0.003,1,446,Hymenoptera__order,taxongroup_comment
4764,nmod<nsubj:pass< ...,6,0.006,2,446,Hymenoptera__order,taxongroup_comment
4765,nmod<nsubj:pass<aux:pass> be,6,0.006,2,446,Hymenoptera__order,taxongroup_comment
4766,nmod<nsubj< ...,6,0.017,4,446,Hymenoptera__order,taxongroup_comment
4767,nmod<nsubj> ...,6,0.003,3,446,Hymenoptera__order,taxongroup_comment
4768,nmod<nsubj> Formica,6,0.003,1,446,Hymenoptera__order,taxongroup_comment
4769,nmod<nsubj> Hymenoptera,6,0.003,1,446,Hymenoptera__order,taxongroup_comment
4771,nmod<nsubj>amod> ...,6,0.011,3,446,Hymenoptera__order,taxongroup_comment
4772,nmod<nsubj>det> the,6,0.002,1,446,Hymenoptera__order,taxongroup_comment
4773,nmod<obj< ...,6,0.026,6,446,Hymenoptera__order,taxongroup_comment
4774,nmod<obj< contain,6,0.009,2,446,Hymenoptera__order,taxongroup_comment
4776,nmod<obj<acl:relcl< ...,6,0.014,3,446,Hymenoptera__order,taxongroup_comment
4777,nmod<obj<conj> ...,6,0.005,2,446,Hymenoptera__order,taxongroup_comment
4778,nmod<obj<nmod> ...,6,0.007,2,446,Hymenoptera__order,taxongroup_comment
4779,nmod<obj<nsubj> ...,6,0.014,4,446,Hymenoptera__order,taxongroup_comment
4780,nmod<obj<nsubj> which,6,0.009,2,446,Hymenoptera__order,taxongroup_comment
4781,nmod<obl< ...,6,0.004,2,446,Hymenoptera__order,taxongroup_comment
4782,nmod<obl< similar,6,0.009,2,446,Hymenoptera__order,taxongroup_comment
4783,nmod<obl<conj> ...,6,0.0,1,446,Hymenoptera__order,taxongroup_comment
4784,nmod<obl<cop> be,6,0.006,2,446,Hymenoptera__order,taxongroup_comment
4785,nmod<obl<nsubj> ...,6,0.008,3,446,Hymenoptera__order,taxongroup_comment
4788,nmod> ...,6,-0.003,1,446,Hymenoptera__order,taxongroup_comment
4789,nmod> Formica,6,0.003,1,446,Hymenoptera__order,taxongroup_comment
4797,nmod>case> ...,6,-0.001,1,446,Hymenoptera__order,taxongroup_comment
4803,nmod>case> such,6,-0.002,1,446,Hymenoptera__order,taxongroup_comment
4806,nmod>case>fixed> as,6,-0.002,1,446,Hymenoptera__order,taxongroup_comment
4810,nmod>conj> ...,6,-0.002,1,446,Hymenoptera__order,taxongroup_comment
4821,nmod>conj>cc> and,6,-0.002,1,446,Hymenoptera__order,taxongroup_comment
4956,nsubj> ant,6,0.009,3,446,Hymenoptera__order,taxongroup_comment
4958,nsubj>amod> ...,6,-0.0,1,446,Hymenoptera__order,taxongroup_comment
4993,obl< ...,6,0.002,5,446,Hymenoptera__order,taxongroup_comment
4995,obl< know,6,0.009,3,446,Hymenoptera__order,taxongroup_comment
4996,obl< use,6,0.002,1,446,Hymenoptera__order,taxongroup_comment
4997,obl<acl:relcl< ...,6,0.001,1,446,Hymenoptera__order,taxongroup_comment
4998,obl<acl:relcl<cop> be,6,0.002,1,446,Hymenoptera__order,taxongroup_comment
4999,obl<acl:relcl<nsubj> ...,6,0.002,1,446,Hymenoptera__order,taxongroup_comment
5000,obl<acl< ...,6,0.015,4,446,Hymenoptera__order,taxongroup_comment
5001,obl<acl<amod> ...,6,0.007,2,446,Hymenoptera__order,taxongroup_comment
5002,obl<acl<compound> ...,6,0.006,2,446,Hymenoptera__order,taxongroup_comment
5009,obl<advmod> also,6,0.001,1,446,Hymenoptera__order,taxongroup_comment
5010,obl<advmod> commonly,6,0.003,1,446,Hymenoptera__order,taxongroup_comment
5013,obl<amod<amod> ...,6,0.007,2,446,Hymenoptera__order,taxongroup_comment
5029,obl<cop> be,6,-0.0,1,446,Hymenoptera__order,taxongroup_comment
5034,obl<nsubj> ...,6,0.002,3,446,Hymenoptera__order,taxongroup_comment
5037,obl<nsubj>amod> ...,6,0.003,2,446,Hymenoptera__order,taxongroup_comment
5038,obl<nsubj>compound> ...,6,0.001,1,446,Hymenoptera__order,taxongroup_comment
5039,obl<nsubj>det> ...,6,0.005,1,446,Hymenoptera__order,taxongroup_comment
5041,obl<nsubj>nmod> ...,6,0.002,1,446,Hymenoptera__order,taxongroup_comment
5042,obl<obj> ...,6,0.004,2,446,Hymenoptera__order,taxongroup_comment
5044,obl<obj>amod> ...,6,0.001,1,446,Hymenoptera__order,taxongroup_comment
5053,obl<parataxis> ...,6,0.001,1,446,Hymenoptera__order,taxongroup_comment
5093,amod> ...,7,0.009,1,36,Hymenoptera__order,taxongroup_comment
5227,compound> ...,7,0.022,1,36,Hymenoptera__order,taxongroup_comment
5242,conj< ...,7,0.037,1,36,Hymenoptera__order,taxongroup_comment
5249,conj<advmod> ...,7,0.073,1,36,Hymenoptera__order,taxongroup_comment
5273,conj<conj< ...,7,0.128,1,36,Hymenoptera__order,taxongroup_comment
5278,conj<conj> ...,7,0.103,2,36,Hymenoptera__order,taxongroup_comment
5282,conj<conj> beetle,7,0.108,1,36,Hymenoptera__order,taxongroup_comment
5284,conj<conj> darner,7,0.255,2,36,Hymenoptera__order,taxongroup_comment
5285,conj<conj> fly,7,0.233,2,36,Hymenoptera__order,taxongroup_comment
5286,conj<conj> hornet,7,0.078,1,36,Hymenoptera__order,taxongroup_comment
5287,conj<conj> wasp,7,0.064,1,36,Hymenoptera__order,taxongroup_comment
5288,conj<conj> yellowjacket,7,0.383,3,36,Hymenoptera__order,taxongroup_comment
5289,conj<conj>amod> ...,7,0.989,9,36,Hymenoptera__order,taxongroup_comment
5293,conj<conj>amod> western,7,0.255,2,36,Hymenoptera__order,taxongroup_comment
5295,conj<conj>cc> and,7,0.044,1,36,Hymenoptera__order,taxongroup_comment
5296,conj<conj>compound> ...,7,0.178,2,36,Hymenoptera__order,taxongroup_comment
5299,conj<conj>compound> paper,7,0.097,1,36,Hymenoptera__order,taxongroup_comment
5346,conj<obj> ...,7,0.078,1,36,Hymenoptera__order,taxongroup_comment
5348,conj<obj>amod> ...,7,0.217,2,36,Hymenoptera__order,taxongroup_comment
5349,conj<obj>compound> ...,7,0.089,1,36,Hymenoptera__order,taxongroup_comment
