,feat,cluster,pw_entr,feat_n,N,group,relrole
48,amod> ...,0,-0.005,9,415,Reptile__class,free_topic
50,amod> giant,0,0.001,1,415,Reptile__class,free_topic
51,amod> green,0,0.002,1,415,Reptile__class,free_topic
77,appos< ...,0,0.002,2,415,Reptile__class,free_topic
81,appos<amod> ...,0,0.004,1,415,Reptile__class,free_topic
123,appos> ...,0,0.045,10,415,Reptile__class,free_topic
124,appos> Classification,0,0.014,2,415,Reptile__class,free_topic
125,appos> Taxonomy,0,0.014,2,415,Reptile__class,free_topic
126,appos> description,0,0.028,4,415,Reptile__class,free_topic
127,appos> evolution,0,0.014,2,415,Reptile__class,free_topic
128,appos> history,0,0.011,2,415,Reptile__class,free_topic
129,appos> reference,0,0.028,4,415,Reptile__class,free_topic
130,appos>amod> ...,0,0.009,2,415,Reptile__class,free_topic
131,appos>amod> Evolutionary,0,0.014,2,415,Reptile__class,free_topic
132,appos>appos> ...,0,0.016,3,415,Reptile__class,free_topic
134,appos>compound> ...,0,0.006,2,415,Reptile__class,free_topic
135,appos>conj> ...,0,0.01,2,415,Reptile__class,free_topic
136,appos>conj>cc> and,0,0.01,2,415,Reptile__class,free_topic
138,case> ...,0,-0.002,1,415,Reptile__class,free_topic
142,case> in,0,-0.001,1,415,Reptile__class,free_topic
156,compound< ...,0,0.228,40,415,Reptile__class,free_topic
157,compound< database,0,0.021,3,415,Reptile__class,free_topic
159,compound< enthusiast,0,0.004,1,415,Reptile__class,free_topic
160,compound< fossil,0,0.019,3,415,Reptile__class,free_topic
161,compound< keeper,0,0.019,3,415,Reptile__class,free_topic
162,compound< kill,0,0.014,2,415,Reptile__class,free_topic
163,compound< monitor,0,0.009,2,415,Reptile__class,free_topic
164,compound< order,0,0.014,2,415,Reptile__class,free_topic
165,compound< species,0,0.048,8,415,Reptile__class,free_topic
166,compound< suborder,0,0.014,2,415,Reptile__class,free_topic
167,compound<acl> ...,0,0.005,1,415,Reptile__class,free_topic
168,compound<acl> find,0,0.028,4,415,Reptile__class,free_topic
169,compound<acl>obl> ...,0,0.012,2,415,Reptile__class,free_topic
170,compound<amod> ...,0,0.051,10,415,Reptile__class,free_topic
171,compound<amod> Pantanal,0,0.014,2,415,Reptile__class,free_topic
172,compound<amod> american,0,0.014,2,415,Reptile__class,free_topic
173,compound<amod> fly,0,0.021,3,415,Reptile__class,free_topic
174,compound<amod> green,0,0.005,1,415,Reptile__class,free_topic
176,compound<amod> thistle,0,0.005,1,415,Reptile__class,free_topic
177,compound<amod>compound> New,0,0.021,3,415,Reptile__class,free_topic
178,compound<appos< ...,0,0.004,1,415,Reptile__class,free_topic
179,compound<appos> ...,0,0.004,1,415,Reptile__class,free_topic
180,compound<case> ...,0,0.009,2,415,Reptile__class,free_topic
181,compound<case> among,0,0.005,1,415,Reptile__class,free_topic
183,compound<case> at,0,0.011,2,415,Reptile__class,free_topic
184,compound<case> by,0,0.014,2,415,Reptile__class,free_topic
185,compound<case> in,0,0.011,2,415,Reptile__class,free_topic
186,compound<case> of,0,0.081,14,415,Reptile__class,free_topic
187,compound<case> on,0,0.004,1,415,Reptile__class,free_topic
188,compound<case> to,0,0.019,3,415,Reptile__class,free_topic
189,compound<case> with,0,0.005,1,415,Reptile__class,free_topic
190,compound<cc> and,0,0.023,5,415,Reptile__class,free_topic
191,compound<compound< ...,0,0.019,3,415,Reptile__class,free_topic
192,compound<compound> ...,0,0.069,10,415,Reptile__class,free_topic
193,compound<conj< ...,0,0.034,6,415,Reptile__class,free_topic
194,compound<conj< bird,0,0.004,1,415,Reptile__class,free_topic
197,compound<conj<case> in,0,0.004,1,415,Reptile__class,free_topic
198,compound<conj<case> of,0,0.012,2,415,Reptile__class,free_topic
200,compound<conj<conj> ...,0,0.014,3,415,Reptile__class,free_topic
201,compound<conj<conj> species,0,0.005,1,415,Reptile__class,free_topic
204,compound<conj<det> the,0,0.005,1,415,Reptile__class,free_topic
205,compound<conj<nmod< ...,0,0.009,2,415,Reptile__class,free_topic
206,compound<conj<nmod> ...,0,0.012,2,415,Reptile__class,free_topic
207,compound<conj<nsubj> ...,0,0.004,1,415,Reptile__class,free_topic
208,compound<conj> ...,0,0.012,2,415,Reptile__class,free_topic
210,compound<det> Gopher,0,0.014,2,415,Reptile__class,free_topic
212,compound<det> some,0,0.005,1,415,Reptile__class,free_topic
213,compound<det> the,0,0.128,20,415,Reptile__class,free_topic
214,compound<nmod< ...,0,0.076,13,415,Reptile__class,free_topic
215,compound<nmod< distribution,0,0.05,7,415,Reptile__class,free_topic
216,compound<nmod< list,0,0.021,3,415,Reptile__class,free_topic
217,compound<nmod< one,0,0.005,1,415,Reptile__class,free_topic
218,compound<nmod<amod> ...,0,0.022,4,415,Reptile__class,free_topic
219,compound<nmod<case> ...,0,0.015,3,415,Reptile__class,free_topic
221,compound<nmod<case> of,0,0.014,2,415,Reptile__class,free_topic
222,compound<nmod<compound> ...,0,0.026,4,415,Reptile__class,free_topic
223,compound<nmod<cop> be,0,0.012,2,415,Reptile__class,free_topic
224,compound<nmod<det> a,0,0.012,2,415,Reptile__class,free_topic
225,compound<nmod<det> the,0,0.048,8,415,Reptile__class,free_topic
226,compound<nmod<nmod< ...,0,0.012,2,415,Reptile__class,free_topic
227,compound<nmod<nmod> ...,0,0.019,3,415,Reptile__class,free_topic
228,compound<nmod<nsubj< ...,0,0.005,1,415,Reptile__class,free_topic
229,compound<nmod<nsubj< have,0,0.014,2,415,Reptile__class,free_topic
230,compound<nmod<nsubj> ...,0,0.012,2,415,Reptile__class,free_topic
231,compound<nmod<obj< ...,0,0.021,3,415,Reptile__class,free_topic
232,compound<nmod<obj< show,0,0.05,7,415,Reptile__class,free_topic
233,compound<nmod<obl< ...,0,0.008,2,415,Reptile__class,free_topic
234,compound<nmod> ...,0,0.012,3,415,Reptile__class,free_topic
236,compound<nmod>case> in,0,0.003,1,415,Reptile__class,free_topic
237,compound<nmod>case> of,0,0.014,2,415,Reptile__class,free_topic
238,compound<nmod>compound> ...,0,0.025,4,415,Reptile__class,free_topic
241,compound<nsubj:pass< ...,0,0.012,2,415,Reptile__class,free_topic
242,compound<nsubj:pass<aux:pass> be,0,0.012,2,415,Reptile__class,free_topic
243,compound<nsubj:pass<obl> ...,0,0.012,2,415,Reptile__class,free_topic
244,compound<nsubj< ...,0,0.034,6,415,Reptile__class,free_topic
246,compound<nsubj<advmod> ...,0,0.011,2,415,Reptile__class,free_topic
248,compound<nsubj<ccomp< ...,0,0.004,1,415,Reptile__class,free_topic
249,compound<nsubj<conj> ...,0,0.004,1,415,Reptile__class,free_topic
250,compound<nsubj<mark> that,0,0.004,1,415,Reptile__class,free_topic
251,compound<nsubj<obj> ...,0,0.023,4,415,Reptile__class,free_topic
252,compound<nsubj<obl> ...,0,0.004,1,415,Reptile__class,free_topic
253,compound<nummod> ...,0,0.004,1,415,Reptile__class,free_topic
254,compound<obj< ...,0,0.018,3,415,Reptile__class,free_topic
255,compound<obj<obl> ...,0,0.004,1,415,Reptile__class,free_topic
256,compound<obl< ...,0,0.005,2,415,Reptile__class,free_topic
258,compound<obl< refer,0,0.014,2,415,Reptile__class,free_topic
262,compound<obl<aux:pass> be,0,0.004,1,415,Reptile__class,free_topic
267,compound<obl<nsubj:pass> specimen,0,0.005,1,415,Reptile__class,free_topic
269,compound<obl<obl> ...,0,0.018,3,415,Reptile__class,free_topic
270,compound> ...,0,0.02,9,415,Reptile__class,free_topic
274,compound> box,0,0.013,3,415,Reptile__class,free_topic
278,compound> sea,0,0.006,5,415,Reptile__class,free_topic
279,compound> spider,0,0.004,1,415,Reptile__class,free_topic
281,compound>amod> ...,0,0.002,1,415,Reptile__class,free_topic
282,compound>amod> common,0,0.014,2,415,Reptile__class,free_topic
284,compound>amod> iconic,0,0.014,2,415,Reptile__class,free_topic
285,compound>compound> ...,0,0.002,1,415,Reptile__class,free_topic
544,conj> ...,0,-0.003,1,415,Reptile__class,free_topic
574,conj>compound> ...,0,0.005,2,415,Reptile__class,free_topic
577,conj>compound>compound> ...,0,0.005,1,415,Reptile__class,free_topic
601,flat< ...,0,0.026,4,415,Reptile__class,free_topic
602,flat<compound> ...,0,0.012,2,415,Reptile__class,free_topic
603,flat> ...,0,0.004,1,415,Reptile__class,free_topic
614,nmod:poss< ...,0,0.004,1,415,Reptile__class,free_topic
615,nmod:poss> ...,0,0.002,1,415,Reptile__class,free_topic
617,nmod:poss>case> 's,0,0.002,1,415,Reptile__class,free_topic
904,nsubj< ...,0,-0.003,1,415,Reptile__class,free_topic
946,nsubj<amod> ...,0,0.002,1,415,Reptile__class,free_topic
1052,nummod> marine,0,0.004,1,415,Reptile__class,free_topic
1053,nummod> million,0,0.005,1,415,Reptile__class,free_topic
1054,obj< ...,0,0.005,3,415,Reptile__class,free_topic
1061,obj< kill,0,0.004,1,415,Reptile__class,free_topic
1087,obj<advcl< ...,0,0.002,1,415,Reptile__class,free_topic
1109,obj<mark> to,0,0.001,1,415,Reptile__class,free_topic
1114,obj<nsubj> ...,0,0.001,1,415,Reptile__class,free_topic
1124,obj<nsubj>flat> ...,0,0.011,2,415,Reptile__class,free_topic
1127,obj<obl> year,0,0.005,1,415,Reptile__class,free_topic
1129,obj<obl>case> ...,0,0.002,1,415,Reptile__class,free_topic
1135,obj<xcomp< ...,0,0.003,1,415,Reptile__class,free_topic
1136,obj<xcomp<nsubj> ...,0,0.004,1,415,Reptile__class,free_topic
1343,amod> ...,1,-0.008,2,441,Reptile__class,free_topic
1344,amod> Nile,1,0.002,1,441,Reptile__class,free_topic
1349,amod> many,1,0.002,1,441,Reptile__class,free_topic
1352,amod> other,1,-0.001,1,441,Reptile__class,free_topic
1353,amod> small,1,0.006,3,441,Reptile__class,free_topic
1445,cc> ...,1,0.003,1,441,Reptile__class,free_topic
1446,cc> and,1,0.006,7,441,Reptile__class,free_topic
1447,cc> but,1,0.004,1,441,Reptile__class,free_topic
1450,cc>fixed> ...,1,0.011,2,441,Reptile__class,free_topic
1565,compound> ...,1,-0.003,2,441,Reptile__class,free_topic
1566,compound> Nile,1,0.002,1,441,Reptile__class,free_topic
1568,compound> baby,1,0.004,1,441,Reptile__class,free_topic
1573,compound> sea,1,-0.001,3,441,Reptile__class,free_topic
1576,compound>amod> ...,1,0.002,1,441,Reptile__class,free_topic
1580,compound>compound> ...,1,0.002,1,441,Reptile__class,free_topic
1582,compound>compound> giant,1,0.013,2,441,Reptile__class,free_topic
1584,conj< ...,1,0.031,14,441,Reptile__class,free_topic
1587,conj< bird,1,0.0,1,441,Reptile__class,free_topic
1588,conj< dinosaur,1,0.009,2,441,Reptile__class,free_topic
1589,conj< fish,1,0.008,2,441,Reptile__class,free_topic
1594,conj< turtle,1,0.013,3,441,Reptile__class,free_topic
1595,conj<acl:relcl> ...,1,0.004,1,441,Reptile__class,free_topic
1602,conj<advmod> ...,1,0.001,1,441,Reptile__class,free_topic
1603,conj<advmod> also,1,0.004,1,441,Reptile__class,free_topic
1605,conj<amod> ...,1,0.002,2,441,Reptile__class,free_topic
1608,conj<amod> large,1,0.011,2,441,Reptile__class,free_topic
1609,conj<amod> many,1,0.013,2,441,Reptile__class,free_topic
1611,conj<amod> numerous,1,0.013,2,441,Reptile__class,free_topic
1612,conj<amod> other,1,0.007,2,441,Reptile__class,free_topic
1613,conj<amod> small,1,0.004,1,441,Reptile__class,free_topic
1615,conj<amod>advmod> alongside,1,0.013,2,441,Reptile__class,free_topic
1616,conj<appos< ...,1,0.003,1,441,Reptile__class,free_topic
1618,conj<appos< mangrove,1,0.013,2,441,Reptile__class,free_topic
1621,conj<appos<nsubj> ...,1,0.004,1,441,Reptile__class,free_topic
1622,conj<appos<obj> ...,1,0.004,1,441,Reptile__class,free_topic
1623,conj<appos<obj> forest,1,0.013,2,441,Reptile__class,free_topic
1625,conj<appos> caretta,1,0.013,2,441,Reptile__class,free_topic
1626,conj<appos> leatherback,1,0.013,2,441,Reptile__class,free_topic
1627,conj<appos> loggerhead,1,0.013,2,441,Reptile__class,free_topic
1628,conj<appos> myda,1,0.013,2,441,Reptile__class,free_topic
1630,conj<appos>appos> coriacea,1,0.013,2,441,Reptile__class,free_topic
1632,conj<appos>compound> Caretta,1,0.013,2,441,Reptile__class,free_topic
1633,conj<appos>compound> Chelonia,1,0.013,2,441,Reptile__class,free_topic
1635,conj<appos>det> the,1,0.026,4,441,Reptile__class,free_topic
1637,conj<aux:pass> be,1,0.004,1,441,Reptile__class,free_topic
1639,conj<aux> have,1,0.005,1,441,Reptile__class,free_topic
1640,conj<case> ...,1,0.003,1,441,Reptile__class,free_topic
1641,conj<case> as,1,0.01,2,441,Reptile__class,free_topic
1642,conj<case> by,1,0.005,1,441,Reptile__class,free_topic
1644,conj<case> include,1,0.007,2,441,Reptile__class,free_topic
1646,conj<case> of,1,0.001,1,441,Reptile__class,free_topic
1648,conj<case> such,1,0.002,1,441,Reptile__class,free_topic
1649,conj<case> to,1,0.001,1,441,Reptile__class,free_topic
1651,conj<case>fixed> as,1,0.002,1,441,Reptile__class,free_topic
1656,conj<compound> american,1,0.013,2,441,Reptile__class,free_topic
1657,conj<compound> river,1,0.011,2,441,Reptile__class,free_topic
1663,conj<conj> ...,1,0.422,82,441,Reptile__class,free_topic
1664,conj<conj> amphibian,1,0.007,2,441,Reptile__class,free_topic
1665,conj<conj> bat,1,0.015,3,441,Reptile__class,free_topic
1666,conj<conj> bird,1,0.033,8,441,Reptile__class,free_topic
1667,conj<conj> fish,1,0.03,6,441,Reptile__class,free_topic
1668,conj<conj> frog,1,0.027,5,441,Reptile__class,free_topic
1669,conj<conj> insect,1,0.031,6,441,Reptile__class,free_topic
1670,conj<conj> lizard,1,0.02,4,441,Reptile__class,free_topic
1671,conj<conj> mammal,1,0.019,4,441,Reptile__class,free_topic
1672,conj<conj> snake,1,0.009,2,441,Reptile__class,free_topic
1673,conj<conj> turtle,1,0.061,10,441,Reptile__class,free_topic
1674,conj<conj>advmod> ...,1,0.018,3,441,Reptile__class,free_topic
1675,conj<conj>advmod> even,1,0.005,1,441,Reptile__class,free_topic
1676,conj<conj>advmod> simply,1,0.013,2,441,Reptile__class,free_topic
1677,conj<conj>amod> ...,1,0.021,6,441,Reptile__class,free_topic
1678,conj<conj>amod> african,1,0.018,3,441,Reptile__class,free_topic
1680,conj<conj>amod> many,1,0.013,2,441,Reptile__class,free_topic
1681,conj<conj>amod> other,1,0.005,1,441,Reptile__class,free_topic
1682,conj<conj>amod> small,1,0.009,2,441,Reptile__class,free_topic
1683,conj<conj>amod> wild,1,0.011,2,441,Reptile__class,free_topic
1684,conj<conj>amod> young,1,0.005,1,441,Reptile__class,free_topic
1685,conj<conj>appos> ...,1,0.006,2,441,Reptile__class,free_topic
1686,conj<conj>appos> Stenella,1,0.013,2,441,Reptile__class,free_topic
1688,conj<conj>cc> and,1,0.121,26,441,Reptile__class,free_topic
1689,conj<conj>cc> as,1,0.013,2,441,Reptile__class,free_topic
1690,conj<conj>cc> or,1,0.011,2,441,Reptile__class,free_topic
1691,conj<conj>compound> ...,1,0.02,5,441,Reptile__class,free_topic
1692,conj<conj>compound> Arrau,1,0.013,2,441,Reptile__class,free_topic
1693,conj<conj>compound> Nile,1,0.005,1,441,Reptile__class,free_topic
1694,conj<conj>compound> River,1,0.02,3,441,Reptile__class,free_topic
1695,conj<conj>compound> sea,1,0.053,9,441,Reptile__class,free_topic
1696,conj<conj>compound> sideneck,1,0.013,2,441,Reptile__class,free_topic
1698,conj<conj>conj> ...,1,0.003,1,441,Reptile__class,free_topic
1701,conj<conj>det> the,1,0.027,5,441,Reptile__class,free_topic
1702,conj<conj>nmod> ...,1,0.025,6,441,Reptile__class,free_topic
1704,conj<conj>nummod> marine,1,0.013,2,441,Reptile__class,free_topic
1705,conj<cop> be,1,0.011,3,441,Reptile__class,free_topic
1707,conj<det> a,1,0.001,1,441,Reptile__class,free_topic
1709,conj<det> the,1,0.007,2,441,Reptile__class,free_topic
1712,conj<nmod< ...,1,0.017,5,441,Reptile__class,free_topic
1714,conj<nmod< feed,1,0.005,1,441,Reptile__class,free_topic
1719,conj<nmod<amod> ...,1,0.004,2,441,Reptile__class,free_topic
1723,conj<nmod<case> ...,1,0.004,1,441,Reptile__class,free_topic
1725,conj<nmod<case> in,1,0.004,1,441,Reptile__class,free_topic
1726,conj<nmod<case> to,1,0.004,1,441,Reptile__class,free_topic
1727,conj<nmod<compound> ...,1,0.002,1,441,Reptile__class,free_topic
1729,conj<nmod<det> a,1,0.02,4,441,Reptile__class,free_topic
1730,conj<nmod<det> the,1,0.002,1,441,Reptile__class,free_topic
1732,conj<nmod<nmod> ...,1,0.015,3,441,Reptile__class,free_topic
1733,conj<nmod<obj< ...,1,0.003,1,441,Reptile__class,free_topic
1735,conj<nmod<obl< ...,1,0.015,3,441,Reptile__class,free_topic
1737,conj<nmod<obl> ...,1,0.011,2,441,Reptile__class,free_topic
1739,conj<nmod> insect,1,0.005,1,441,Reptile__class,free_topic
1741,conj<nmod> species,1,0.01,2,441,Reptile__class,free_topic
1743,conj<nmod>amod> largest,1,0.013,2,441,Reptile__class,free_topic
1748,conj<nmod>case> include,1,0.013,2,441,Reptile__class,free_topic
1750,conj<nmod>case> such,1,0.004,1,441,Reptile__class,free_topic
1752,conj<nmod>conj> ...,1,0.003,1,441,Reptile__class,free_topic
1754,conj<nmod>det> the,1,0.013,2,441,Reptile__class,free_topic
1756,conj<nmod>nummod> three,1,0.013,2,441,Reptile__class,free_topic
1759,conj<nsubj:pass< eat,1,0.011,2,441,Reptile__class,free_topic
1762,conj<nsubj:pass<advmod> regularly,1,0.013,2,441,Reptile__class,free_topic
1763,conj<nsubj:pass<aux:pass> be,1,0.006,2,441,Reptile__class,free_topic
1765,conj<nsubj:pass<obl> shark,1,0.013,2,441,Reptile__class,free_topic
1767,conj<nsubj:pass> ...,1,0.004,1,441,Reptile__class,free_topic
1773,conj<nsubj> ...,1,0.014,4,441,Reptile__class,free_topic
1776,conj<nsubj>det> the,1,0.01,2,441,Reptile__class,free_topic
1777,conj<obj< ...,1,0.002,1,441,Reptile__class,free_topic
1778,conj<obj< eat,1,0.004,1,441,Reptile__class,free_topic
1780,conj<obj< include,1,0.001,1,441,Reptile__class,free_topic
1783,conj<obj<advcl> ...,1,0.003,1,441,Reptile__class,free_topic
1790,conj<obj<nsubj> ...,1,0.001,1,441,Reptile__class,free_topic
1794,conj<obj<nsubj> prey,1,0.004,1,441,Reptile__class,free_topic
1797,conj<obj> ...,1,0.003,1,441,Reptile__class,free_topic
1799,conj<obl< ...,1,-0.0,1,441,Reptile__class,free_topic
1802,conj<obl< know,1,0.013,2,441,Reptile__class,free_topic
1806,conj<obl<advmod> also,1,0.015,3,441,Reptile__class,free_topic
1807,conj<obl<advmod> sometimes,1,0.005,1,441,Reptile__class,free_topic
1810,conj<obl<aux:pass> be,1,0.003,1,441,Reptile__class,free_topic
1817,conj<obl<nsubj:pass> ...,1,0.002,1,441,Reptile__class,free_topic
1819,conj<obl<nsubj> turtle,1,0.013,2,441,Reptile__class,free_topic
1823,conj<obl> ...,1,0.014,4,441,Reptile__class,free_topic
1824,conj<obl>amod> ...,1,0.003,1,441,Reptile__class,free_topic
1825,conj<obl>case> ...,1,0.011,3,441,Reptile__class,free_topic
1826,conj<obl>case> in,1,0.004,1,441,Reptile__class,free_topic
1829,conj<obl>det> ...,1,0.005,1,441,Reptile__class,free_topic
1831,conj<obl>nmod> ...,1,0.008,2,441,Reptile__class,free_topic
1832,conj<parataxis> ...,1,0.013,3,441,Reptile__class,free_topic
1833,conj<parataxis> dugon,1,0.013,2,441,Reptile__class,free_topic
1835,conj<parataxis>advmod> ...,1,0.004,1,441,Reptile__class,free_topic
1837,conj<parataxis>compound> ...,1,0.007,1,441,Reptile__class,free_topic
1838,conj<parataxis>compound> Dugong,1,0.013,2,441,Reptile__class,free_topic
1893,det> the,1,-0.004,1,441,Reptile__class,free_topic
2100,nmod> ...,1,-0.003,1,441,Reptile__class,free_topic
2108,nmod> lizard,1,0.003,1,441,Reptile__class,free_topic
2117,nmod>case> include,1,0.002,1,441,Reptile__class,free_topic
2121,nmod>case> such,1,0.002,1,441,Reptile__class,free_topic
2124,nmod>case>fixed> as,1,0.002,1,441,Reptile__class,free_topic
2128,nmod>conj> ...,1,0.0,1,441,Reptile__class,free_topic
2131,nmod>conj>cc> and,1,0.001,1,441,Reptile__class,free_topic
2638,amod> ...,2,0.008,10,288,Reptile__class,free_topic
2639,amod> Nile,2,0.005,1,288,Reptile__class,free_topic
2649,amod>advmod> ...,2,0.003,1,288,Reptile__class,free_topic
2650,amod>advmod> long,2,0.009,1,288,Reptile__class,free_topic
2667,appos< ...,2,0.005,2,288,Reptile__class,free_topic
2671,appos<amod> ...,2,0.007,1,288,Reptile__class,free_topic
2675,appos<appos> ...,2,0.101,10,288,Reptile__class,free_topic
2677,appos<appos> quail,2,0.023,2,288,Reptile__class,free_topic
2678,appos<appos>amod> ...,2,0.026,3,288,Reptile__class,free_topic
2679,appos<appos>compound> ...,2,0.077,7,288,Reptile__class,free_topic
2680,appos<case> ...,2,0.007,1,288,Reptile__class,free_topic
2683,appos<compound> ...,2,0.004,1,288,Reptile__class,free_topic
2686,appos<conj> ...,2,0.126,12,288,Reptile__class,free_topic
2688,appos<conj>amod> ...,2,0.035,3,288,Reptile__class,free_topic
2689,appos<conj>amod> northern,2,0.023,2,288,Reptile__class,free_topic
2690,appos<conj>cc> ...,2,0.02,2,288,Reptile__class,free_topic
2691,appos<conj>cc> and,2,0.02,2,288,Reptile__class,free_topic
2692,appos<conj>compound> ...,2,0.032,3,288,Reptile__class,free_topic
2694,appos<det> the,2,0.003,1,288,Reptile__class,free_topic
2704,appos<nsubj> ...,2,0.008,1,288,Reptile__class,free_topic
2705,appos<nsubj>det> the,2,0.008,1,288,Reptile__class,free_topic
2707,appos<obl< know,2,0.009,1,288,Reptile__class,free_topic
2708,appos<obl<aux:pass> be,2,0.008,1,288,Reptile__class,free_topic
2709,appos<obl> ...,2,0.007,1,288,Reptile__class,free_topic
2711,appos<obl>case> in,2,0.009,1,288,Reptile__class,free_topic
2712,appos<parataxis> ...,2,0.058,5,288,Reptile__class,free_topic
2860,compound> ...,2,0.002,3,288,Reptile__class,free_topic
2863,compound> baby,2,0.008,1,288,Reptile__class,free_topic
2866,compound> marine,2,0.005,1,288,Reptile__class,free_topic
2868,compound> sea,2,0.014,5,288,Reptile__class,free_topic
3134,conj> ...,2,-0.003,1,288,Reptile__class,free_topic
3138,conj> caiman,2,0.005,1,288,Reptile__class,free_topic
3158,conj>aux> ...,2,0.02,2,288,Reptile__class,free_topic
3162,conj>cc> and,2,-0.003,2,288,Reptile__class,free_topic
3178,conj>nsubj> ...,2,0.007,1,288,Reptile__class,free_topic
3179,conj>obj> ...,2,0.008,1,288,Reptile__class,free_topic
3180,cop> be,2,0.001,1,288,Reptile__class,free_topic
3187,det> that,2,0.009,1,288,Reptile__class,free_topic
3188,det> the,2,-0.002,3,288,Reptile__class,free_topic
3494,nsubj< ...,2,0.064,12,288,Reptile__class,free_topic
3499,nsubj< have,2,0.005,1,288,Reptile__class,free_topic
3502,nsubj< live,2,0.009,1,288,Reptile__class,free_topic
3503,nsubj< migrate,2,0.008,1,288,Reptile__class,free_topic
3504,nsubj< related,2,0.009,1,288,Reptile__class,free_topic
3505,nsubj<acl:relcl< ...,2,0.007,1,288,Reptile__class,free_topic
3507,nsubj<acl:relcl<cop> be,2,0.008,1,288,Reptile__class,free_topic
3508,nsubj<acl:relcl<det> ...,2,0.012,1,288,Reptile__class,free_topic
3510,nsubj<acl:relcl<nsubj> ...,2,0.008,1,288,Reptile__class,free_topic
3511,nsubj<advcl< ...,2,0.004,1,288,Reptile__class,free_topic
3513,nsubj<advcl<cop> be,2,0.008,1,288,Reptile__class,free_topic
3517,nsubj<advcl> ...,2,0.002,1,288,Reptile__class,free_topic
3518,nsubj<advcl> nest,2,0.023,2,288,Reptile__class,free_topic
3519,nsubj<advcl>cop> ...,2,0.012,1,288,Reptile__class,free_topic
3522,nsubj<advcl>mark> as,2,0.008,1,288,Reptile__class,free_topic
3523,nsubj<advcl>mark> to,2,0.007,1,288,Reptile__class,free_topic
3524,nsubj<advcl>mark> when,2,0.008,1,288,Reptile__class,free_topic
3529,nsubj<advcl>obl> ...,2,0.005,1,288,Reptile__class,free_topic
3530,nsubj<advmod> ...,2,0.04,6,288,Reptile__class,free_topic
3531,nsubj<advmod> ago,2,0.023,2,288,Reptile__class,free_topic
3533,nsubj<advmod> closely,2,0.009,1,288,Reptile__class,free_topic
3535,nsubj<advmod>advmod> ...,2,0.007,1,288,Reptile__class,free_topic
3538,nsubj<aux> ...,2,0.007,1,288,Reptile__class,free_topic
3541,nsubj<aux> have,2,0.006,1,288,Reptile__class,free_topic
3542,nsubj<aux> may,2,0.008,1,288,Reptile__class,free_topic
3557,nsubj<conj> ...,2,0.082,10,288,Reptile__class,free_topic
3559,nsubj<conj>advmod> ...,2,0.014,2,288,Reptile__class,free_topic
3560,nsubj<conj>amod> ...,2,0.038,4,288,Reptile__class,free_topic
3561,nsubj<conj>aux:pass> be,2,0.008,1,288,Reptile__class,free_topic
3562,nsubj<conj>aux> ...,2,0.008,1,288,Reptile__class,free_topic
3563,nsubj<conj>aux> can,2,0.009,1,288,Reptile__class,free_topic
3565,nsubj<conj>cc> and,2,0.037,5,288,Reptile__class,free_topic
3567,nsubj<conj>nsubj> ...,2,0.007,1,288,Reptile__class,free_topic
3568,nsubj<conj>obj> ...,2,0.021,3,288,Reptile__class,free_topic
3569,nsubj<conj>obl> ...,2,0.012,2,288,Reptile__class,free_topic
3572,nsubj<cop> be,2,-0.0,1,288,Reptile__class,free_topic
3576,nsubj<mark> ...,2,0.007,1,288,Reptile__class,free_topic
3579,nsubj<mark> while,2,0.008,1,288,Reptile__class,free_topic
3591,nsubj<obj> ...,2,0.006,2,288,Reptile__class,free_topic
3592,nsubj<obj> distance,2,0.009,1,288,Reptile__class,free_topic
3595,nsubj<obj>acl> ...,2,0.008,1,288,Reptile__class,free_topic
3596,nsubj<obj>amod> ...,2,0.02,3,288,Reptile__class,free_topic
3598,nsubj<obj>amod> long,2,0.009,1,288,Reptile__class,free_topic
3599,nsubj<obj>compound> ...,2,0.005,1,288,Reptile__class,free_topic
3601,nsubj<obj>det> a,2,0.008,1,288,Reptile__class,free_topic
3604,nsubj<obj>nmod> ...,2,0.005,1,288,Reptile__class,free_topic
3605,nsubj<obl:tmod> ...,2,0.008,1,288,Reptile__class,free_topic
3606,nsubj<obl> ...,2,0.201,22,288,Reptile__class,free_topic
3607,nsubj<obl>amod> ...,2,0.095,9,288,Reptile__class,free_topic
3608,nsubj<obl>amod> huge,2,0.009,1,288,Reptile__class,free_topic
3609,nsubj<obl>case> ...,2,0.04,4,288,Reptile__class,free_topic
3610,nsubj<obl>case> among,2,0.023,2,288,Reptile__class,free_topic
3611,nsubj<obl>case> at,2,0.007,1,288,Reptile__class,free_topic
3612,nsubj<obl>case> by,2,0.009,1,288,Reptile__class,free_topic
3613,nsubj<obl>case> due,2,0.009,1,288,Reptile__class,free_topic
3614,nsubj<obl>case> from,2,0.009,1,288,Reptile__class,free_topic
3615,nsubj<obl>case> in,2,0.059,6,288,Reptile__class,free_topic
3616,nsubj<obl>case> on,2,0.013,2,288,Reptile__class,free_topic
3617,nsubj<obl>case> to,2,0.017,2,288,Reptile__class,free_topic
3618,nsubj<obl>case> with,2,0.009,1,288,Reptile__class,free_topic
3619,nsubj<obl>case> within,2,0.023,2,288,Reptile__class,free_topic
3620,nsubj<obl>compound> ...,2,0.043,4,288,Reptile__class,free_topic
3621,nsubj<obl>conj> ...,2,0.032,3,288,Reptile__class,free_topic
3622,nsubj<obl>det> ...,2,0.02,2,288,Reptile__class,free_topic
3623,nsubj<obl>det> the,2,0.14,13,288,Reptile__class,free_topic
3624,nsubj<obl>nmod:poss> ...,2,0.012,1,288,Reptile__class,free_topic
3625,nsubj<obl>nmod:poss> they,2,0.032,3,288,Reptile__class,free_topic
3626,nsubj<obl>nmod> ...,2,0.059,6,288,Reptile__class,free_topic
3632,nsubj<xcomp> ...,2,0.013,2,288,Reptile__class,free_topic
3633,nsubj<xcomp>mark> to,2,0.018,2,288,Reptile__class,free_topic
3634,nsubj<xcomp>obj> ...,2,0.007,1,288,Reptile__class,free_topic
3635,nsubj<xcomp>obl> ...,2,0.02,2,288,Reptile__class,free_topic
3636,nsubj> ...,2,0.001,1,288,Reptile__class,free_topic
3644,obj< ...,2,-0.0,1,288,Reptile__class,free_topic
3685,obj<advmod> ...,2,0.007,1,288,Reptile__class,free_topic
3688,obj<aux> ...,2,0.009,1,288,Reptile__class,free_topic
3691,obj<conj> ...,2,0.005,1,288,Reptile__class,free_topic
3704,obj<nsubj> ...,2,0.003,1,288,Reptile__class,free_topic
3711,obj<nsubj>det> ...,2,0.012,1,288,Reptile__class,free_topic
3912,acl> live,3,0.003,2,1142,Reptile__class,free_topic
3916,acl>obl> Islands,3,0.003,2,1142,Reptile__class,free_topic
3921,acl>obl>case> on,3,0.003,2,1142,Reptile__class,free_topic
3924,acl>obl>compound> Galapagos,3,0.003,2,1142,Reptile__class,free_topic
3926,acl>obl>det> the,3,0.001,2,1142,Reptile__class,free_topic
3928,advcl> ...,3,0.001,1,1142,Reptile__class,free_topic
3930,advmod> even,3,0.001,1,1142,Reptile__class,free_topic
3931,advmod> occasionally,3,0.001,1,1142,Reptile__class,free_topic
3933,amod> ...,3,-0.01,15,1142,Reptile__class,free_topic
3937,amod> large,3,-0.0,1,1142,Reptile__class,free_topic
3938,amod> like,3,0.0,2,1142,Reptile__class,free_topic
3940,amod> modern,3,-0.001,1,1142,Reptile__class,free_topic
3941,amod> most,3,0.0,2,1142,Reptile__class,free_topic
3942,amod> other,3,0.014,14,1142,Reptile__class,free_topic
3943,amod> small,3,0.018,14,1142,Reptile__class,free_topic
3944,amod>advmod> ...,3,0.003,4,1142,Reptile__class,free_topic
3946,amod>advmod> more,3,0.001,1,1142,Reptile__class,free_topic
3948,amod>advmod> occasionally,3,0.001,1,1142,Reptile__class,free_topic
3950,amod>amod> mammal,3,0.0,1,1142,Reptile__class,free_topic
3958,amod>obl:npmod> yellow,3,0.001,1,1142,Reptile__class,free_topic
4023,case> ...,3,-0.002,1,1142,Reptile__class,free_topic
4029,case> of,3,-0.004,3,1142,Reptile__class,free_topic
4035,cc> ...,3,0.0,1,1142,Reptile__class,free_topic
4036,cc> and,3,0.114,74,1142,Reptile__class,free_topic
4037,cc> but,3,0.001,1,1142,Reptile__class,free_topic
4038,cc> or,3,0.008,5,1142,Reptile__class,free_topic
4039,cc> plus,3,0.001,1,1142,Reptile__class,free_topic
4040,cc>fixed> ...,3,0.001,1,1142,Reptile__class,free_topic
4041,compound< ...,3,-0.002,1,1142,Reptile__class,free_topic
4055,compound<amod> ...,3,-0.001,1,1142,Reptile__class,free_topic
4071,compound<case> of,3,-0.001,1,1142,Reptile__class,free_topic
4098,compound<det> the,3,-0.001,1,1142,Reptile__class,free_topic
4099,compound<nmod< ...,3,-0.001,1,1142,Reptile__class,free_topic
4103,compound<nmod<amod> ...,3,-0.0,1,1142,Reptile__class,free_topic
4110,compound<nmod<det> the,3,-0.001,1,1142,Reptile__class,free_topic
4155,compound> ...,3,-0.003,3,1142,Reptile__class,free_topic
4158,compound> baby,3,0.001,1,1142,Reptile__class,free_topic
4160,compound> desert,3,0.0,1,1142,Reptile__class,free_topic
4163,compound> sea,3,-0.002,6,1142,Reptile__class,free_topic
4174,conj< ...,3,0.088,65,1142,Reptile__class,free_topic
4175,conj< alligator,3,0.005,3,1142,Reptile__class,free_topic
4176,conj< amphibian,3,0.007,4,1142,Reptile__class,free_topic
4177,conj< bird,3,0.019,13,1142,Reptile__class,free_topic
4178,conj< dinosaur,3,0.004,3,1142,Reptile__class,free_topic
4179,conj< fish,3,0.005,4,1142,Reptile__class,free_topic
4180,conj< lizard,3,0.007,4,1142,Reptile__class,free_topic
4181,conj< mammal,3,0.004,3,1142,Reptile__class,free_topic
4182,conj< penguin,3,0.003,2,1142,Reptile__class,free_topic
4183,conj< snake,3,0.012,7,1142,Reptile__class,free_topic
4184,conj< turtle,3,0.006,5,1142,Reptile__class,free_topic
4185,conj<acl:relcl> ...,3,0.003,2,1142,Reptile__class,free_topic
4186,conj<acl> ...,3,0.006,4,1142,Reptile__class,free_topic
4187,conj<acl> nesting,3,0.001,1,1142,Reptile__class,free_topic
4188,conj<acl>obj> ...,3,0.003,2,1142,Reptile__class,free_topic
4189,conj<acl>obj> site,3,0.001,1,1142,Reptile__class,free_topic
4190,conj<acl>obl> ...,3,0.003,2,1142,Reptile__class,free_topic
4191,conj<advcl> ...,3,0.003,2,1142,Reptile__class,free_topic
4192,conj<advmod> ...,3,0.011,8,1142,Reptile__class,free_topic
4193,conj<advmod> also,3,0.003,2,1142,Reptile__class,free_topic
4194,conj<advmod> occasionally,3,0.003,2,1142,Reptile__class,free_topic
4195,conj<amod> ...,3,0.027,18,1142,Reptile__class,free_topic
4196,conj<amod> american,3,0.003,2,1142,Reptile__class,free_topic
4197,conj<amod> giant,3,0.003,2,1142,Reptile__class,free_topic
4198,conj<amod> large,3,0.001,1,1142,Reptile__class,free_topic
4200,conj<amod> modern,3,0.003,2,1142,Reptile__class,free_topic
4202,conj<amod> other,3,0.007,5,1142,Reptile__class,free_topic
4203,conj<amod> small,3,0.003,2,1142,Reptile__class,free_topic
4204,conj<amod>advmod> ...,3,0.002,1,1142,Reptile__class,free_topic
4206,conj<appos< ...,3,0.004,3,1142,Reptile__class,free_topic
4207,conj<appos< have,3,0.003,2,1142,Reptile__class,free_topic
4209,conj<appos<appos> ...,3,0.005,3,1142,Reptile__class,free_topic
4210,conj<appos<conj> ...,3,0.003,2,1142,Reptile__class,free_topic
4211,conj<appos<nsubj> ...,3,0.003,2,1142,Reptile__class,free_topic
4212,conj<appos<obj> ...,3,0.003,2,1142,Reptile__class,free_topic
4214,conj<appos> ...,3,0.001,3,1142,Reptile__class,free_topic
4224,conj<appos>det> ...,3,0.002,1,1142,Reptile__class,free_topic
4227,conj<aux:pass> be,3,0.001,1,1142,Reptile__class,free_topic
4228,conj<aux> ...,3,0.001,1,1142,Reptile__class,free_topic
4230,conj<case> ...,3,0.004,3,1142,Reptile__class,free_topic
4231,conj<case> as,3,0.002,2,1142,Reptile__class,free_topic
4232,conj<case> by,3,0.001,1,1142,Reptile__class,free_topic
4233,conj<case> in,3,0.008,5,1142,Reptile__class,free_topic
4234,conj<case> include,3,0.007,5,1142,Reptile__class,free_topic
4235,conj<case> like,3,0.007,4,1142,Reptile__class,free_topic
4236,conj<case> of,3,0.018,11,1142,Reptile__class,free_topic
4237,conj<case> on,3,0.007,4,1142,Reptile__class,free_topic
4238,conj<case> such,3,0.011,7,1142,Reptile__class,free_topic
4239,conj<case> to,3,0.021,13,1142,Reptile__class,free_topic
4240,conj<case> with,3,0.003,2,1142,Reptile__class,free_topic
4241,conj<case>fixed> as,3,0.011,7,1142,Reptile__class,free_topic
4242,conj<ccomp< ...,3,0.002,2,1142,Reptile__class,free_topic
4243,conj<ccomp<nsubj> ...,3,0.002,2,1142,Reptile__class,free_topic
4244,conj<compound< ...,3,0.0,1,1142,Reptile__class,free_topic
4245,conj<compound> ...,3,0.01,7,1142,Reptile__class,free_topic
4247,conj<compound> river,3,0.001,1,1142,Reptile__class,free_topic
4248,conj<compound> sea,3,0.003,2,1142,Reptile__class,free_topic
4249,conj<conj< ...,3,0.001,1,1142,Reptile__class,free_topic
4252,conj<conj<nmod> ...,3,0.003,2,1142,Reptile__class,free_topic
4253,conj<conj> ...,3,0.025,43,1142,Reptile__class,free_topic
4254,conj<conj> amphibian,3,0.003,3,1142,Reptile__class,free_topic
4255,conj<conj> bat,3,0.003,3,1142,Reptile__class,free_topic
4256,conj<conj> bird,3,0.017,14,1142,Reptile__class,free_topic
4257,conj<conj> fish,3,0.005,5,1142,Reptile__class,free_topic
4258,conj<conj> frog,3,0.003,3,1142,Reptile__class,free_topic
4259,conj<conj> insect,3,0.003,4,1142,Reptile__class,free_topic
4260,conj<conj> lizard,3,0.003,3,1142,Reptile__class,free_topic
4261,conj<conj> mammal,3,0.006,5,1142,Reptile__class,free_topic
4262,conj<conj> snake,3,0.002,2,1142,Reptile__class,free_topic
4263,conj<conj> turtle,3,-0.0,1,1142,Reptile__class,free_topic
4264,conj<conj>advmod> ...,3,0.0,1,1142,Reptile__class,free_topic
4265,conj<conj>advmod> even,3,0.001,1,1142,Reptile__class,free_topic
4267,conj<conj>amod> ...,3,0.008,9,1142,Reptile__class,free_topic
4268,conj<conj>amod> african,3,0.0,1,1142,Reptile__class,free_topic
4271,conj<conj>amod> other,3,0.001,1,1142,Reptile__class,free_topic
4272,conj<conj>amod> small,3,0.004,3,1142,Reptile__class,free_topic
4273,conj<conj>amod> wild,3,0.001,1,1142,Reptile__class,free_topic
4275,conj<conj>appos> ...,3,0.001,2,1142,Reptile__class,free_topic
4277,conj<conj>appos> orthopteran,3,0.003,2,1142,Reptile__class,free_topic
4278,conj<conj>cc> and,3,0.029,28,1142,Reptile__class,free_topic
4280,conj<conj>cc> or,3,0.001,1,1142,Reptile__class,free_topic
4281,conj<conj>compound> ...,3,0.004,5,1142,Reptile__class,free_topic
4283,conj<conj>compound> Nile,3,0.001,1,1142,Reptile__class,free_topic
4285,conj<conj>compound> sea,3,0.001,3,1142,Reptile__class,free_topic
4287,conj<conj>compound> water,3,0.001,1,1142,Reptile__class,free_topic
4288,conj<conj>conj> ...,3,0.004,3,1142,Reptile__class,free_topic
4289,conj<conj>det> all,3,0.003,2,1142,Reptile__class,free_topic
4290,conj<conj>det> some,3,0.003,2,1142,Reptile__class,free_topic
4291,conj<conj>det> the,3,0.003,3,1142,Reptile__class,free_topic
4292,conj<conj>nmod> ...,3,0.012,10,1142,Reptile__class,free_topic
4293,conj<conj>nummod> ...,3,0.003,2,1142,Reptile__class,free_topic
4295,conj<cop> be,3,0.005,5,1142,Reptile__class,free_topic
4296,conj<det> ...,3,0.002,1,1142,Reptile__class,free_topic
4297,conj<det> a,3,0.011,8,1142,Reptile__class,free_topic
4298,conj<det> all,3,0.001,1,1142,Reptile__class,free_topic
4299,conj<det> the,3,0.007,5,1142,Reptile__class,free_topic
4300,conj<mark> ...,3,0.001,1,1142,Reptile__class,free_topic
4301,conj<mark> that,3,0.002,2,1142,Reptile__class,free_topic
4302,conj<nmod< ...,3,0.022,15,1142,Reptile__class,free_topic
4303,conj<nmod< ancestor,3,0.003,2,1142,Reptile__class,free_topic
4304,conj<nmod< feed,3,0.001,1,1142,Reptile__class,free_topic
4305,conj<nmod< guide,3,0.005,3,1142,Reptile__class,free_topic
4306,conj<nmod< predator,3,0.003,2,1142,Reptile__class,free_topic
4307,conj<nmod< prey,3,0.005,3,1142,Reptile__class,free_topic
4308,conj<nmod< reptiles,3,0.003,2,1142,Reptile__class,free_topic
4309,conj<nmod<amod> ...,3,0.02,13,1142,Reptile__class,free_topic
4310,conj<nmod<amod> Photographic,3,0.005,3,1142,Reptile__class,free_topic
4311,conj<nmod<amod> common,3,0.003,2,1142,Reptile__class,free_topic
4312,conj<nmod<amod> last,3,0.003,2,1142,Reptile__class,free_topic
4313,conj<nmod<case> ...,3,0.003,2,1142,Reptile__class,free_topic
4314,conj<nmod<case> as,3,0.003,2,1142,Reptile__class,free_topic
4315,conj<nmod<case> in,3,0.003,2,1142,Reptile__class,free_topic
4316,conj<nmod<case> to,3,0.003,2,1142,Reptile__class,free_topic
4317,conj<nmod<compound> ...,3,0.009,6,1142,Reptile__class,free_topic
4318,conj<nmod<conj< ...,3,0.007,4,1142,Reptile__class,free_topic
4319,conj<nmod<det> a,3,0.004,4,1142,Reptile__class,free_topic
4320,conj<nmod<det> the,3,0.011,7,1142,Reptile__class,free_topic
4321,conj<nmod<nmod< ...,3,0.005,3,1142,Reptile__class,free_topic
4322,conj<nmod<nmod> ...,3,0.003,3,1142,Reptile__class,free_topic
4323,conj<nmod<obj< ...,3,0.006,4,1142,Reptile__class,free_topic
4324,conj<nmod<obj< take,3,0.003,2,1142,Reptile__class,free_topic
4325,conj<nmod<obl< ...,3,0.003,3,1142,Reptile__class,free_topic
4326,conj<nmod<obl< similar,3,0.003,2,1142,Reptile__class,free_topic
4327,conj<nmod<obl> ...,3,0.001,1,1142,Reptile__class,free_topic
4328,conj<nmod> ...,3,0.014,10,1142,Reptile__class,free_topic
4329,conj<nmod> insect,3,0.001,1,1142,Reptile__class,free_topic
4330,conj<nmod> mammal,3,0.003,2,1142,Reptile__class,free_topic
4331,conj<nmod> species,3,0.002,2,1142,Reptile__class,free_topic
4332,conj<nmod>amod> ...,3,0.008,5,1142,Reptile__class,free_topic
4334,conj<nmod>amod> many,3,0.003,2,1142,Reptile__class,free_topic
4335,conj<nmod>amod> small,3,0.003,2,1142,Reptile__class,free_topic
4336,conj<nmod>case> ...,3,0.009,6,1142,Reptile__class,free_topic
4337,conj<nmod>case> from,3,0.001,1,1142,Reptile__class,free_topic
4339,conj<nmod>case> of,3,0.005,3,1142,Reptile__class,free_topic
4340,conj<nmod>case> such,3,0.001,1,1142,Reptile__class,free_topic
4341,conj<nmod>case> with,3,0.007,4,1142,Reptile__class,free_topic
4342,conj<nmod>conj> ...,3,0.002,2,1142,Reptile__class,free_topic
4343,conj<nmod>det> ...,3,0.002,1,1142,Reptile__class,free_topic
4345,conj<nmod>nummod> ...,3,0.003,2,1142,Reptile__class,free_topic
4347,conj<nsubj:pass< ...,3,0.007,4,1142,Reptile__class,free_topic
4348,conj<nsubj:pass< adapt,3,0.003,2,1142,Reptile__class,free_topic
4349,conj<nsubj:pass< eat,3,0.001,1,1142,Reptile__class,free_topic
4350,conj<nsubj:pass<advmod> ...,3,0.003,2,1142,Reptile__class,free_topic
4351,conj<nsubj:pass<advmod> also,3,0.005,3,1142,Reptile__class,free_topic
4353,conj<nsubj:pass<aux:pass> be,3,0.01,7,1142,Reptile__class,free_topic
4354,conj<nsubj:pass<obl> ...,3,0.003,2,1142,Reptile__class,free_topic
4356,conj<nsubj:pass<obl> way,3,0.003,2,1142,Reptile__class,free_topic
4357,conj<nsubj:pass> ...,3,0.001,1,1142,Reptile__class,free_topic
4358,conj<nsubj< ...,3,0.007,5,1142,Reptile__class,free_topic
4359,conj<nsubj<advmod> ...,3,0.004,3,1142,Reptile__class,free_topic
4360,conj<nsubj<advmod> more,3,0.003,2,1142,Reptile__class,free_topic
4361,conj<nsubj<cop> be,3,0.004,3,1142,Reptile__class,free_topic
4362,conj<nsubj<obl> ...,3,0.012,7,1142,Reptile__class,free_topic
4363,conj<nsubj> ...,3,0.011,9,1142,Reptile__class,free_topic
4364,conj<nsubj> they,3,0.003,2,1142,Reptile__class,free_topic
4365,conj<nsubj>det> ...,3,0.005,3,1142,Reptile__class,free_topic
4366,conj<nsubj>det> the,3,0.002,2,1142,Reptile__class,free_topic
4367,conj<obj< ...,3,0.006,5,1142,Reptile__class,free_topic
4368,conj<obj< eat,3,0.003,2,1142,Reptile__class,free_topic
4369,conj<obj< hunt,3,0.003,2,1142,Reptile__class,free_topic
4370,conj<obj< include,3,0.011,8,1142,Reptile__class,free_topic
4371,conj<obj< threaten,3,0.003,2,1142,Reptile__class,free_topic
4372,conj<obj<advcl< ...,3,0.003,2,1142,Reptile__class,free_topic
4373,conj<obj<advcl> ...,3,0.004,3,1142,Reptile__class,free_topic
4374,conj<obj<advmod> ...,3,0.002,1,1142,Reptile__class,free_topic
4375,conj<obj<advmod> also,3,0.003,2,1142,Reptile__class,free_topic
4376,conj<obj<aux> ...,3,0.003,2,1142,Reptile__class,free_topic
4377,conj<obj<aux> be,3,0.003,2,1142,Reptile__class,free_topic
4378,conj<obj<mark> ...,3,0.002,1,1142,Reptile__class,free_topic
4379,conj<obj<mark> while,3,0.001,1,1142,Reptile__class,free_topic
4380,conj<obj<nsubj> ...,3,0.007,6,1142,Reptile__class,free_topic
4381,conj<obj<nsubj> animal,3,0.005,3,1142,Reptile__class,free_topic
4382,conj<obj<nsubj> it,3,0.003,2,1142,Reptile__class,free_topic
4383,conj<obj<nsubj> mosquito,3,0.003,2,1142,Reptile__class,free_topic
4384,conj<obj<nsubj> prey,3,0.003,2,1142,Reptile__class,free_topic
4385,conj<obj<nsubj> that,3,0.003,2,1142,Reptile__class,free_topic
4386,conj<obj<obl> ...,3,0.003,2,1142,Reptile__class,free_topic
4387,conj<obj> ...,3,0.004,3,1142,Reptile__class,free_topic
4388,conj<obj>amod> ...,3,0.003,2,1142,Reptile__class,free_topic
4389,conj<obl< ...,3,0.031,19,1142,Reptile__class,free_topic
4390,conj<obl< feed,3,0.003,2,1142,Reptile__class,free_topic
4391,conj<obl< field,3,0.003,2,1142,Reptile__class,free_topic
4393,conj<obl< similar,3,0.003,2,1142,Reptile__class,free_topic
4394,conj<obl<advcl< ...,3,0.005,3,1142,Reptile__class,free_topic
4395,conj<obl<advmod> ...,3,0.007,4,1142,Reptile__class,free_topic
4396,conj<obl<advmod> also,3,0.003,3,1142,Reptile__class,free_topic
4397,conj<obl<advmod> sometimes,3,0.001,1,1142,Reptile__class,free_topic
4398,conj<obl<amod< ...,3,0.005,3,1142,Reptile__class,free_topic
4399,conj<obl<aux:pass> ...,3,0.002,1,1142,Reptile__class,free_topic
4400,conj<obl<aux:pass> be,3,0.006,4,1142,Reptile__class,free_topic
4401,conj<obl<aux> ...,3,0.003,2,1142,Reptile__class,free_topic
4402,conj<obl<aux> have,3,0.003,2,1142,Reptile__class,free_topic
4403,conj<obl<cc> ...,3,0.002,1,1142,Reptile__class,free_topic
4404,conj<obl<cc> and,3,0.005,3,1142,Reptile__class,free_topic
4405,conj<obl<conj< ...,3,0.007,4,1142,Reptile__class,free_topic
4406,conj<obl<conj> ...,3,0.01,6,1142,Reptile__class,free_topic
4407,conj<obl<nsubj:pass> ...,3,0.008,5,1142,Reptile__class,free_topic
4408,conj<obl<nsubj> ...,3,0.014,8,1142,Reptile__class,free_topic
4410,conj<obl<obj> ...,3,0.005,3,1142,Reptile__class,free_topic
4411,conj<obl<obj> guide,3,0.003,2,1142,Reptile__class,free_topic
4412,conj<obl<obl> ...,3,0.007,4,1142,Reptile__class,free_topic
4413,conj<obl> ...,3,0.003,5,1142,Reptile__class,free_topic
4415,conj<obl>case> ...,3,0.003,4,1142,Reptile__class,free_topic
4416,conj<obl>case> in,3,0.003,2,1142,Reptile__class,free_topic
4420,conj<obl>det> the,3,0.001,1,1142,Reptile__class,free_topic
4421,conj<obl>nmod> ...,3,0.001,2,1142,Reptile__class,free_topic
4422,conj<parataxis> ...,3,0.004,4,1142,Reptile__class,free_topic
4424,conj<parataxis> frog,3,0.003,2,1142,Reptile__class,free_topic
4425,conj<parataxis>advmod> ...,3,0.003,2,1142,Reptile__class,free_topic
4426,conj<parataxis>advmod> especially,3,0.003,2,1142,Reptile__class,free_topic
4429,conj> ...,3,-0.003,2,1142,Reptile__class,free_topic
4436,conj> insect,3,0.001,1,1142,Reptile__class,free_topic
4437,conj> mammal,3,0.0,1,1142,Reptile__class,free_topic
4456,conj>cc> ...,3,0.0,1,1142,Reptile__class,free_topic
4457,conj>cc> and,3,-0.003,2,1142,Reptile__class,free_topic
4458,conj>cc> or,3,0.0,1,1142,Reptile__class,free_topic
4474,conj>obj> ...,3,0.001,1,1142,Reptile__class,free_topic
4477,det> a,3,-0.003,2,1142,Reptile__class,free_topic
4481,det> some,3,-0.0,1,1142,Reptile__class,free_topic
4483,det> the,3,-0.004,6,1142,Reptile__class,free_topic
4490,flat> icenicus,3,0.003,2,1142,Reptile__class,free_topic
4500,nmod:poss> ...,3,-0.0,1,1142,Reptile__class,free_topic
4502,nmod:poss>case> 's,3,-0.0,1,1142,Reptile__class,free_topic
4504,nmod:poss>det> the,3,0.0,1,1142,Reptile__class,free_topic
4505,nmod< ...,3,-0.002,1,1142,Reptile__class,free_topic
4512,nmod< species,3,0.0,3,1142,Reptile__class,free_topic
4533,nmod<amod> several,3,0.004,3,1142,Reptile__class,free_topic
4534,nmod<amod> small,3,0.001,1,1142,Reptile__class,free_topic
4556,nmod<cc> and,3,0.003,2,1142,Reptile__class,free_topic
4561,nmod<conj< ...,3,0.004,4,1142,Reptile__class,free_topic
4562,nmod<conj<amod> ...,3,0.004,3,1142,Reptile__class,free_topic
4564,nmod<conj<case> to,3,0.001,1,1142,Reptile__class,free_topic
4565,nmod<conj<conj> ...,3,0.011,7,1142,Reptile__class,free_topic
4566,nmod<conj<conj> crocodylomorph,3,0.005,3,1142,Reptile__class,free_topic
4567,nmod<conj<conj> fish,3,0.003,2,1142,Reptile__class,free_topic
4568,nmod<conj<conj> frog,3,0.005,3,1142,Reptile__class,free_topic
4569,nmod<conj<conj> lizard,3,0.005,3,1142,Reptile__class,free_topic
4570,nmod<conj<conj> salamander,3,0.005,3,1142,Reptile__class,free_topic
4571,nmod<conj<conj> snail,3,0.003,2,1142,Reptile__class,free_topic
4572,nmod<conj<conj> sphenodont,3,0.005,3,1142,Reptile__class,free_topic
4573,nmod<conj<conj> terrestrial,3,0.005,3,1142,Reptile__class,free_topic
4574,nmod<conj<conj> turtle,3,0.005,3,1142,Reptile__class,free_topic
4577,nmod<conj<obj< include,3,0.005,3,1142,Reptile__class,free_topic
4690,nmod> ...,3,-0.003,4,1142,Reptile__class,free_topic
4691,nmod> Africa,3,0.002,2,1142,Reptile__class,free_topic
4693,nmod> Borneo,3,0.003,2,1142,Reptile__class,free_topic
4695,nmod> India,3,0.001,1,1142,Reptile__class,free_topic
4698,nmod> lizard,3,0.0,1,1142,Reptile__class,free_topic
4706,nmod>case> in,3,-0.0,2,1142,Reptile__class,free_topic
4709,nmod>case> of,3,0.002,5,1142,Reptile__class,free_topic
4710,nmod>case> on,3,-0.0,1,1142,Reptile__class,free_topic
4711,nmod>case> such,3,-0.0,1,1142,Reptile__class,free_topic
4712,nmod>case> than,3,0.003,2,1142,Reptile__class,free_topic
4714,nmod>case>fixed> as,3,-0.0,1,1142,Reptile__class,free_topic
4717,nmod>compound> southern,3,0.003,2,1142,Reptile__class,free_topic
4718,nmod>conj> ...,3,-0.001,1,1142,Reptile__class,free_topic
4721,nmod>conj>cc> and,3,-0.001,1,1142,Reptile__class,free_topic
4723,nmod>det> the,3,-0.001,2,1142,Reptile__class,free_topic
4936,nummod> ...,3,-0.0,1,1142,Reptile__class,free_topic
4937,nummod> marine,3,0.0,1,1142,Reptile__class,free_topic
4939,obj< ...,3,-0.001,2,1142,Reptile__class,free_topic
4944,obj< include,3,0.0,1,1142,Reptile__class,free_topic
4972,obj<advcl< ...,3,-0.0,1,1142,Reptile__class,free_topic
4973,obj<advcl<advmod> ...,3,0.0,1,1142,Reptile__class,free_topic
4978,obj<advcl<nsubj> they,3,0.001,1,1142,Reptile__class,free_topic
4979,obj<advcl<obl> ...,3,-0.0,1,1142,Reptile__class,free_topic
4983,obj<aux> ...,3,0.001,1,1142,Reptile__class,free_topic
4985,obj<aux> may,3,0.001,1,1142,Reptile__class,free_topic
4986,obj<conj> ...,3,0.005,4,1142,Reptile__class,free_topic
4988,obj<conj>cc> and,3,0.001,1,1142,Reptile__class,free_topic
4989,obj<conj>cc> or,3,0.003,2,1142,Reptile__class,free_topic
4990,obj<conj>xcomp> ...,3,0.001,1,1142,Reptile__class,free_topic
4992,obj<mark> ...,3,0.0,1,1142,Reptile__class,free_topic
4999,obj<nsubj> ...,3,0.001,3,1142,Reptile__class,free_topic
5004,obj<nsubj>amod> ...,3,0.001,1,1142,Reptile__class,free_topic
5008,obj<nsubj>det> the,3,0.001,1,1142,Reptile__class,free_topic
5011,obj<obl> ...,3,0.001,3,1142,Reptile__class,free_topic
5013,obj<obl>amod> ...,3,0.003,2,1142,Reptile__class,free_topic
5014,obj<obl>case> ...,3,0.001,2,1142,Reptile__class,free_topic
5015,obj<obl>case> for,3,0.001,1,1142,Reptile__class,free_topic
5017,obj<obl>det> ...,3,0.001,1,1142,Reptile__class,free_topic
5180,acl:relcl> ...,4,-0.0,4,2157,Reptile__class,free_topic
5186,acl:relcl>advmod> ...,4,0.0,1,2157,Reptile__class,free_topic
5188,acl:relcl>nsubj> that,4,-0.0,2,2157,Reptile__class,free_topic
5189,acl:relcl>nsubj> which,4,0.0,2,2157,Reptile__class,free_topic
5190,acl:relcl>obj> ...,4,0.001,3,2157,Reptile__class,free_topic
5191,acl:relcl>obj>amod> ...,4,-0.0,1,2157,Reptile__class,free_topic
5192,acl:relcl>obl> ...,4,-0.0,1,2157,Reptile__class,free_topic
5200,acl:relcl>obl>case> in,4,0.0,1,2157,Reptile__class,free_topic
5204,acl:relcl>obl>det> the,4,0.0,1,2157,Reptile__class,free_topic
5205,acl> ...,4,0.0,4,2157,Reptile__class,free_topic
5206,acl> know,4,0.0,1,2157,Reptile__class,free_topic
5208,acl>advmod> ...,4,0.0,1,2157,Reptile__class,free_topic
5209,acl>obj> ...,4,0.001,3,2157,Reptile__class,free_topic
5210,acl>obl> ...,4,-0.0,2,2157,Reptile__class,free_topic
5212,acl>obl>amod> ...,4,-0.0,1,2157,Reptile__class,free_topic
5214,acl>obl>case> from,4,0.0,1,2157,Reptile__class,free_topic
5215,acl>obl>case> in,4,0.0,1,2157,Reptile__class,free_topic
5218,acl>obl>compound> ...,4,0.0,2,2157,Reptile__class,free_topic
5221,acl>obl>det> the,4,-0.0,1,2157,Reptile__class,free_topic
5224,advmod> ...,4,-0.0,4,2157,Reptile__class,free_topic
5225,advmod> even,4,0.0,1,2157,Reptile__class,free_topic
5228,amod> ...,4,0.003,65,2157,Reptile__class,free_topic
5229,amod> Nile,4,-0.0,1,2157,Reptile__class,free_topic
5230,amod> giant,4,-0.001,1,2157,Reptile__class,free_topic
5231,amod> green,4,0.001,4,2157,Reptile__class,free_topic
5232,amod> large,4,-0.001,1,2157,Reptile__class,free_topic
5233,amod> like,4,0.002,6,2157,Reptile__class,free_topic
5234,amod> many,4,-0.0,1,2157,Reptile__class,free_topic
5235,amod> modern,4,0.001,6,2157,Reptile__class,free_topic
5236,amod> most,4,-0.0,2,2157,Reptile__class,free_topic
5237,amod> other,4,-0.001,5,2157,Reptile__class,free_topic
5239,amod>advmod> ...,4,0.0,4,2157,Reptile__class,free_topic
5241,amod>advmod> more,4,0.0,1,2157,Reptile__class,free_topic
5243,amod>advmod> occasionally,4,0.0,1,2157,Reptile__class,free_topic
5244,amod>amod> ...,4,0.0,1,2157,Reptile__class,free_topic
5245,amod>amod> mammal,4,0.002,4,2157,Reptile__class,free_topic
5246,amod>conj> ...,4,0.0,1,2157,Reptile__class,free_topic
5247,amod>conj> omnivorous,4,0.001,2,2157,Reptile__class,free_topic
5248,amod>conj>cc> ...,4,0.001,1,2157,Reptile__class,free_topic
5249,amod>conj>cc> and,4,0.001,2,2157,Reptile__class,free_topic
5250,amod>obl:npmod> ...,4,-0.0,1,2157,Reptile__class,free_topic
5251,amod>obl:npmod> mammal,4,0.0,1,2157,Reptile__class,free_topic
5252,amod>obl:npmod> turtle,4,0.0,1,2157,Reptile__class,free_topic
5253,amod>obl:npmod> yellow,4,0.0,1,2157,Reptile__class,free_topic
5254,amod>obl> ...,4,0.002,4,2157,Reptile__class,free_topic
5255,amod>obl>case> ...,4,0.001,2,2157,Reptile__class,free_topic
5256,amod>obl>case> to,4,0.001,2,2157,Reptile__class,free_topic
5257,appos< ...,4,0.002,11,2157,Reptile__class,free_topic
5258,appos< Iguania,4,0.001,2,2157,Reptile__class,free_topic
5259,appos< chameleon,4,0.001,2,2157,Reptile__class,free_topic
5260,appos< name,4,0.001,2,2157,Reptile__class,free_topic
5261,appos<amod> ...,4,-0.0,1,2157,Reptile__class,free_topic
5262,appos<amod> african,4,0.001,2,2157,Reptile__class,free_topic
5263,appos<amod> dwarf,4,0.001,2,2157,Reptile__class,free_topic
5264,appos<amod> southern,4,0.001,2,2157,Reptile__class,free_topic
5265,appos<appos> ...,4,-0.001,2,2157,Reptile__class,free_topic
5266,appos<appos> Bradypodion,4,0.002,3,2157,Reptile__class,free_topic
5268,appos<appos>amod> ...,4,0.001,3,2157,Reptile__class,free_topic
5270,appos<case> ...,4,-0.0,1,2157,Reptile__class,free_topic
5271,appos<case> of,4,0.003,5,2157,Reptile__class,free_topic
5272,appos<case> to,4,0.0,1,2157,Reptile__class,free_topic
5273,appos<compound> ...,4,0.0,3,2157,Reptile__class,free_topic
5274,appos<compound>compound> ...,4,0.0,1,2157,Reptile__class,free_topic
5284,appos<det> the,4,0.005,9,2157,Reptile__class,free_topic
5287,appos<nmod< Phylogenetic,4,0.002,3,2157,Reptile__class,free_topic
5288,appos<nmod< reclassification,4,0.001,2,2157,Reptile__class,free_topic
5290,appos<nmod> ...,4,0.0,1,2157,Reptile__class,free_topic
5291,appos<nmod>case> of,4,0.0,1,2157,Reptile__class,free_topic
5292,appos<nsubj< ...,4,0.003,5,2157,Reptile__class,free_topic
5293,appos<nsubj<obl> ...,4,0.002,3,2157,Reptile__class,free_topic
5296,appos<obl< ...,4,-0.0,1,2157,Reptile__class,free_topic
5297,appos<obl< know,4,0.0,1,2157,Reptile__class,free_topic
5298,appos<obl<aux:pass> be,4,0.0,1,2157,Reptile__class,free_topic
5303,appos> ...,4,-0.001,4,2157,Reptile__class,free_topic
5308,appos> history,4,0.001,2,2157,Reptile__class,free_topic
5313,appos>appos> century,4,0.001,2,2157,Reptile__class,free_topic
5314,appos>compound> ...,4,-0.0,2,2157,Reptile__class,free_topic
5317,appos>flat> ...,4,-0.0,1,2157,Reptile__class,free_topic
5318,case> ...,4,0.001,16,2157,Reptile__class,free_topic
5319,case> as,4,-0.0,4,2157,Reptile__class,free_topic
5320,case> by,4,0.002,7,2157,Reptile__class,free_topic
5321,case> for,4,0.001,5,2157,Reptile__class,free_topic
5322,case> in,4,0.001,12,2157,Reptile__class,free_topic
5323,case> like,4,-0.001,4,2157,Reptile__class,free_topic
5324,case> of,4,0.044,86,2157,Reptile__class,free_topic
5325,case> on,4,0.002,5,2157,Reptile__class,free_topic
5326,case> such,4,0.001,4,2157,Reptile__class,free_topic
5327,case> to,4,0.002,12,2157,Reptile__class,free_topic
5328,case> with,4,0.004,10,2157,Reptile__class,free_topic
5329,case>fixed> as,4,0.001,4,2157,Reptile__class,free_topic
5331,cc> and,4,-0.003,4,2157,Reptile__class,free_topic
5336,compound< ...,4,0.005,28,2157,Reptile__class,free_topic
5338,compound< egg,4,0.001,2,2157,Reptile__class,free_topic
5339,compound< enthusiast,4,0.001,2,2157,Reptile__class,free_topic
5340,compound< fossil,4,-0.0,1,2157,Reptile__class,free_topic
5341,compound< keeper,4,-0.0,1,2157,Reptile__class,free_topic
5343,compound< monitor,4,0.002,4,2157,Reptile__class,free_topic
5345,compound< species,4,-0.0,3,2157,Reptile__class,free_topic
5347,compound<acl> ...,4,0.0,1,2157,Reptile__class,free_topic
5349,compound<acl>obl> ...,4,0.0,1,2157,Reptile__class,free_topic
5350,compound<amod> ...,4,0.002,9,2157,Reptile__class,free_topic
5354,compound<amod> green,4,0.0,1,2157,Reptile__class,free_topic
5355,compound<amod> other,4,0.001,2,2157,Reptile__class,free_topic
5356,compound<amod> thistle,4,0.0,1,2157,Reptile__class,free_topic
5358,compound<appos< ...,4,0.001,2,2157,Reptile__class,free_topic
5359,compound<appos> ...,4,0.001,2,2157,Reptile__class,free_topic
5360,compound<case> ...,4,0.002,4,2157,Reptile__class,free_topic
5361,compound<case> among,4,0.0,1,2157,Reptile__class,free_topic
5362,compound<case> as,4,0.001,2,2157,Reptile__class,free_topic
5363,compound<case> at,4,0.001,2,2157,Reptile__class,free_topic
5365,compound<case> in,4,0.001,2,2157,Reptile__class,free_topic
5366,compound<case> of,4,0.0,7,2157,Reptile__class,free_topic
5367,compound<case> on,4,0.001,2,2157,Reptile__class,free_topic
5368,compound<case> to,4,-0.0,1,2157,Reptile__class,free_topic
5369,compound<case> with,4,0.0,1,2157,Reptile__class,free_topic
5370,compound<cc> and,4,0.004,9,2157,Reptile__class,free_topic
5371,compound<compound< ...,4,-0.0,1,2157,Reptile__class,free_topic
5373,compound<conj< ...,4,0.001,5,2157,Reptile__class,free_topic
5374,compound<conj< bird,4,0.001,2,2157,Reptile__class,free_topic
5375,compound<conj< lizard,4,0.002,3,2157,Reptile__class,free_topic
5376,compound<conj<amod> ...,4,0.003,5,2157,Reptile__class,free_topic
5377,compound<conj<case> in,4,0.001,2,2157,Reptile__class,free_topic
5378,compound<conj<case> of,4,0.0,1,2157,Reptile__class,free_topic
5379,compound<conj<case> such,4,0.001,2,2157,Reptile__class,free_topic
5380,compound<conj<conj> ...,4,0.002,5,2157,Reptile__class,free_topic
5381,compound<conj<conj> species,4,0.0,1,2157,Reptile__class,free_topic
5382,compound<conj<det> ...,4,0.001,1,2157,Reptile__class,free_topic
5383,compound<conj<det> both,4,0.002,3,2157,Reptile__class,free_topic
5384,compound<conj<det> the,4,0.0,1,2157,Reptile__class,free_topic
5385,compound<conj<nmod< ...,4,0.002,4,2157,Reptile__class,free_topic
5386,compound<conj<nmod> ...,4,0.0,1,2157,Reptile__class,free_topic
5387,compound<conj<nsubj> ...,4,0.001,3,2157,Reptile__class,free_topic
5388,compound<conj> ...,4,0.0,1,2157,Reptile__class,free_topic
5389,compound<det> ...,4,0.001,1,2157,Reptile__class,free_topic
5391,compound<det> all,4,0.0,1,2157,Reptile__class,free_topic
5392,compound<det> some,4,0.0,1,2157,Reptile__class,free_topic
5393,compound<det> the,4,-0.001,4,2157,Reptile__class,free_topic
5394,compound<nmod< ...,4,-0.0,5,2157,Reptile__class,free_topic
5397,compound<nmod< one,4,0.0,1,2157,Reptile__class,free_topic
5398,compound<nmod<amod> ...,4,-0.0,2,2157,Reptile__class,free_topic
5399,compound<nmod<case> ...,4,-0.0,1,2157,Reptile__class,free_topic
5400,compound<nmod<case> for,4,0.001,2,2157,Reptile__class,free_topic
5402,compound<nmod<compound> ...,4,-0.0,1,2157,Reptile__class,free_topic
5403,compound<nmod<cop> be,4,0.0,1,2157,Reptile__class,free_topic
5404,compound<nmod<det> a,4,0.0,1,2157,Reptile__class,free_topic
5405,compound<nmod<det> the,4,-0.001,2,2157,Reptile__class,free_topic
5406,compound<nmod<nmod< ...,4,0.0,1,2157,Reptile__class,free_topic
5408,compound<nmod<nsubj< ...,4,0.0,1,2157,Reptile__class,free_topic
5410,compound<nmod<nsubj> ...,4,0.0,1,2157,Reptile__class,free_topic
5413,compound<nmod<obl< ...,4,0.0,2,2157,Reptile__class,free_topic
5414,compound<nmod> ...,4,0.003,7,2157,Reptile__class,free_topic
5415,compound<nmod>case> ...,4,0.002,3,2157,Reptile__class,free_topic
5416,compound<nmod>case> in,4,0.002,4,2157,Reptile__class,free_topic
5418,compound<nmod>compound> ...,4,0.0,2,2157,Reptile__class,free_topic
5419,compound<nmod>det> ...,4,0.001,1,2157,Reptile__class,free_topic
5420,compound<nmod>det> the,4,0.002,3,2157,Reptile__class,free_topic
5421,compound<nsubj:pass< ...,4,0.0,1,2157,Reptile__class,free_topic
5422,compound<nsubj:pass<aux:pass> be,4,0.0,1,2157,Reptile__class,free_topic
5423,compound<nsubj:pass<obl> ...,4,0.0,1,2157,Reptile__class,free_topic
5424,compound<nsubj< ...,4,0.001,4,2157,Reptile__class,free_topic
5425,compound<nsubj<advcl> ...,4,0.002,4,2157,Reptile__class,free_topic
5427,compound<nsubj<advmod> rather,4,0.0,1,2157,Reptile__class,free_topic
5428,compound<nsubj<ccomp< ...,4,0.001,2,2157,Reptile__class,free_topic
5429,compound<nsubj<conj> ...,4,0.001,2,2157,Reptile__class,free_topic
5430,compound<nsubj<mark> that,4,0.001,2,2157,Reptile__class,free_topic
5431,compound<nsubj<obj> ...,4,0.001,3,2157,Reptile__class,free_topic
5432,compound<nsubj<obl> ...,4,0.001,3,2157,Reptile__class,free_topic
5433,compound<nummod> ...,4,0.001,2,2157,Reptile__class,free_topic
5434,compound<obj< ...,4,-0.0,1,2157,Reptile__class,free_topic
5435,compound<obj<obl> ...,4,0.0,1,2157,Reptile__class,free_topic
5436,compound<obl< ...,4,0.006,12,2157,Reptile__class,free_topic
5437,compound<obl< find,4,0.001,2,2157,Reptile__class,free_topic
5439,compound<obl<advcl< ...,4,0.002,3,2157,Reptile__class,free_topic
5440,compound<obl<advcl> ...,4,0.002,3,2157,Reptile__class,free_topic
5441,compound<obl<advmod> ...,4,0.003,5,2157,Reptile__class,free_topic
5442,compound<obl<aux:pass> be,4,0.001,3,2157,Reptile__class,free_topic
5443,compound<obl<cop> be,4,0.002,3,2157,Reptile__class,free_topic
5444,compound<obl<mark> ...,4,0.001,2,2157,Reptile__class,free_topic
5445,compound<obl<mark> to,4,0.001,2,2157,Reptile__class,free_topic
5446,compound<obl<nsubj:pass> ...,4,0.001,1,2157,Reptile__class,free_topic
5447,compound<obl<nsubj:pass> specimen,4,0.0,1,2157,Reptile__class,free_topic
5448,compound<obl<nsubj> ...,4,0.002,3,2157,Reptile__class,free_topic
5449,compound<obl<obl> ...,4,0.0,2,2157,Reptile__class,free_topic
5450,compound> ...,4,0.006,29,2157,Reptile__class,free_topic
5451,compound> Nile,4,0.001,3,2157,Reptile__class,free_topic
5452,compound> UK,4,0.001,3,2157,Reptile__class,free_topic
5454,compound> box,4,-0.0,2,2157,Reptile__class,free_topic
5455,compound> desert,4,0.0,2,2157,Reptile__class,free_topic
5456,compound> marine,4,0.0,2,2157,Reptile__class,free_topic
5457,compound> river,4,-0.0,1,2157,Reptile__class,free_topic
5458,compound> sea,4,0.001,19,2157,Reptile__class,free_topic
5459,compound> spider,4,0.001,3,2157,Reptile__class,free_topic
5460,compound> yacare,4,0.0,1,2157,Reptile__class,free_topic
5461,compound>amod> ...,4,0.0,2,2157,Reptile__class,free_topic
5463,compound>amod> eastern,4,0.0,1,2157,Reptile__class,free_topic
5465,compound>compound> ...,4,0.001,3,2157,Reptile__class,free_topic
5468,compound>nummod> ...,4,0.001,2,2157,Reptile__class,free_topic
5469,conj< ...,4,-0.003,4,2157,Reptile__class,free_topic
5472,conj< bird,4,-0.001,2,2157,Reptile__class,free_topic
5476,conj< mammal,4,-0.0,1,2157,Reptile__class,free_topic
5477,conj< penguin,4,0.0,1,2157,Reptile__class,free_topic
5482,conj<acl> nesting,4,0.0,1,2157,Reptile__class,free_topic
5484,conj<acl>obj> site,4,0.0,1,2157,Reptile__class,free_topic
5501,conj<appos< ...,4,-0.0,1,2157,Reptile__class,free_topic
5505,conj<appos<conj> ...,4,0.0,1,2157,Reptile__class,free_topic
5528,conj<case> in,4,-0.0,1,2157,Reptile__class,free_topic
5539,conj<compound< ...,4,0.001,3,2157,Reptile__class,free_topic
5540,conj<compound> ...,4,-0.0,1,2157,Reptile__class,free_topic
5544,conj<conj< ...,4,0.0,1,2157,Reptile__class,free_topic
5545,conj<conj<conj> ...,4,0.001,1,2157,Reptile__class,free_topic
5546,conj<conj<conj> bird,4,0.0,1,2157,Reptile__class,free_topic
5547,conj<conj<nmod> ...,4,0.0,1,2157,Reptile__class,free_topic
5653,conj<nsubj< ...,4,-0.0,1,2157,Reptile__class,free_topic
5656,conj<nsubj<cop> be,4,-0.0,1,2157,Reptile__class,free_topic
5662,conj<obj< ...,4,-0.0,1,2157,Reptile__class,free_topic
5724,conj> ...,4,-0.002,3,2157,Reptile__class,free_topic
5725,conj> Amphibians,4,0.002,5,2157,Reptile__class,free_topic
5728,conj> caiman,4,0.0,2,2157,Reptile__class,free_topic
5732,conj> mammal,4,-0.0,1,2157,Reptile__class,free_topic
5750,conj>cc> &,4,0.001,2,2157,Reptile__class,free_topic
5751,conj>cc> ...,4,-0.0,1,2157,Reptile__class,free_topic
5752,conj>cc> and,4,-0.004,8,2157,Reptile__class,free_topic
5756,conj>compound> sea,4,0.0,1,2157,Reptile__class,free_topic
5763,conj>nmod> ...,4,-0.0,1,2157,Reptile__class,free_topic
5766,conj>nmod>case> of,4,-0.0,1,2157,Reptile__class,free_topic
5767,conj>nmod>compound> ...,4,0.0,1,2157,Reptile__class,free_topic
5770,cop> be,4,-0.001,3,2157,Reptile__class,free_topic
5771,det> ...,4,0.0,2,2157,Reptile__class,free_topic
5772,det> a,4,0.003,21,2157,Reptile__class,free_topic
5773,det> all,4,0.0,2,2157,Reptile__class,free_topic
5774,det> any,4,0.001,2,2157,Reptile__class,free_topic
5776,det> some,4,0.002,5,2157,Reptile__class,free_topic
5778,det> the,4,0.006,37,2157,Reptile__class,free_topic
5780,det> this,4,0.001,3,2157,Reptile__class,free_topic
5781,flat< ...,4,-0.0,1,2157,Reptile__class,free_topic
5782,flat<compound> ...,4,0.0,1,2157,Reptile__class,free_topic
5783,flat> ...,4,0.001,3,2157,Reptile__class,free_topic
5784,flat> Chamaeleonidae,4,0.002,3,2157,Reptile__class,free_topic
5786,list< ...,4,0.0,1,2157,Reptile__class,free_topic
5788,list<conj> ...,4,0.001,2,2157,Reptile__class,free_topic
5793,mark> to,4,0.0,1,2157,Reptile__class,free_topic
5794,nmod:poss< ...,4,0.001,3,2157,Reptile__class,free_topic
5795,nmod:poss> ...,4,0.001,4,2157,Reptile__class,free_topic
5796,nmod:poss> world,4,0.0,1,2157,Reptile__class,free_topic
5797,nmod:poss>case> 's,4,0.0,3,2157,Reptile__class,free_topic
5799,nmod:poss>det> the,4,-0.0,1,2157,Reptile__class,free_topic
5800,nmod< ...,4,0.047,89,2157,Reptile__class,free_topic
5801,nmod< bone,4,0.002,3,2157,Reptile__class,free_topic
5802,nmod< guide,4,0.002,4,2157,Reptile__class,free_topic
5803,nmod< one,4,0.0,2,2157,Reptile__class,free_topic
5804,nmod< population,4,0.002,3,2157,Reptile__class,free_topic
5805,nmod< predation,4,0.002,4,2157,Reptile__class,free_topic
5806,nmod< shell,4,0.002,4,2157,Reptile__class,free_topic
5807,nmod< species,4,0.006,13,2157,Reptile__class,free_topic
5808,nmod< that,4,0.003,6,2157,Reptile__class,free_topic
5809,nmod< those,4,0.002,5,2157,Reptile__class,free_topic
5810,nmod< type,4,0.002,3,2157,Reptile__class,free_topic
5811,nmod<acl:relcl> ...,4,0.0,1,2157,Reptile__class,free_topic
5812,nmod<acl:relcl> live,4,0.001,2,2157,Reptile__class,free_topic
5813,nmod<acl:relcl>advmod> ...,4,0.001,2,2157,Reptile__class,free_topic
5814,nmod<acl:relcl>advmod> ago,4,0.001,2,2157,Reptile__class,free_topic
5816,nmod<acl:relcl>nsubj> which,4,0.001,2,2157,Reptile__class,free_topic
5817,nmod<advcl< ...,4,0.002,3,2157,Reptile__class,free_topic
5818,nmod<advcl<advmod> ...,4,0.001,1,2157,Reptile__class,free_topic
5819,nmod<advcl<advmod> first,4,0.001,2,2157,Reptile__class,free_topic
5820,nmod<advcl<obl> ...,4,0.002,3,2157,Reptile__class,free_topic
5821,nmod<advmod> ...,4,0.003,6,2157,Reptile__class,free_topic
5822,nmod<amod> ...,4,0.026,45,2157,Reptile__class,free_topic
5823,nmod<amod> close,4,0.001,2,2157,Reptile__class,free_topic
5824,nmod<amod> large,4,0.001,2,2157,Reptile__class,free_topic
5825,nmod<amod> long,4,0.001,2,2157,Reptile__class,free_topic
5826,nmod<amod> new,4,0.003,5,2157,Reptile__class,free_topic
5827,nmod<amod> other,4,0.001,2,2157,Reptile__class,free_topic
5829,nmod<amod> small,4,0.0,1,2157,Reptile__class,free_topic
5830,nmod<amod>advmod> ...,4,0.005,8,2157,Reptile__class,free_topic
5832,nmod<appos< temperature,4,0.001,2,2157,Reptile__class,free_topic
5834,nmod<appos<amod> adverse,4,0.001,2,2157,Reptile__class,free_topic
5835,nmod<appos> ...,4,0.001,2,2157,Reptile__class,free_topic
5836,nmod<appos>amod> ...,4,0.0,1,2157,Reptile__class,free_topic
5837,nmod<appos>conj> ...,4,0.002,3,2157,Reptile__class,free_topic
5838,nmod<aux> ...,4,0.001,1,2157,Reptile__class,free_topic
5839,nmod<aux> can,4,0.001,2,2157,Reptile__class,free_topic
5840,nmod<case> ...,4,0.005,8,2157,Reptile__class,free_topic
5841,nmod<case> due,4,0.001,2,2157,Reptile__class,free_topic
5842,nmod<case> for,4,0.002,4,2157,Reptile__class,free_topic
5843,nmod<case> from,4,0.002,4,2157,Reptile__class,free_topic
5844,nmod<case> in,4,0.004,7,2157,Reptile__class,free_topic
5845,nmod<case> of,4,0.005,9,2157,Reptile__class,free_topic
5846,nmod<case> on,4,0.002,3,2157,Reptile__class,free_topic
5847,nmod<case> than,4,0.001,2,2157,Reptile__class,free_topic
5848,nmod<case> to,4,0.003,6,2157,Reptile__class,free_topic
5849,nmod<case> with,4,0.002,4,2157,Reptile__class,free_topic
5850,nmod<cc> ...,4,0.001,2,2157,Reptile__class,free_topic
5851,nmod<cc> and,4,0.0,1,2157,Reptile__class,free_topic
5852,nmod<compound> ...,4,0.011,19,2157,Reptile__class,free_topic
5853,nmod<compound> field,4,0.002,3,2157,Reptile__class,free_topic
5854,nmod<compound> we,4,0.001,2,2157,Reptile__class,free_topic
5855,nmod<compound>compound> ...,4,0.001,2,2157,Reptile__class,free_topic
5856,nmod<conj< ...,4,-0.0,2,2157,Reptile__class,free_topic
5857,nmod<conj<amod> ...,4,-0.0,1,2157,Reptile__class,free_topic
5859,nmod<conj<case> to,4,0.0,1,2157,Reptile__class,free_topic
5870,nmod<conj<det> ...,4,0.001,1,2157,Reptile__class,free_topic
5871,nmod<conj<det> the,4,0.0,1,2157,Reptile__class,free_topic
5873,nmod<conj> ...,4,0.003,9,2157,Reptile__class,free_topic
5874,nmod<conj> Amphibians,4,0.001,2,2157,Reptile__class,free_topic
5875,nmod<conj>amod> ...,4,-0.0,1,2157,Reptile__class,free_topic
5876,nmod<conj>cc> ...,4,0.001,2,2157,Reptile__class,free_topic
5877,nmod<conj>cc> and,4,0.003,7,2157,Reptile__class,free_topic
5878,nmod<conj>nmod> ...,4,0.001,1,2157,Reptile__class,free_topic
5879,nmod<conj>nmod> Britain,4,0.001,2,2157,Reptile__class,free_topic
5880,nmod<cop> be,4,0.004,8,2157,Reptile__class,free_topic
5881,nmod<det> ...,4,0.002,4,2157,Reptile__class,free_topic
5882,nmod<det> a,4,0.015,27,2157,Reptile__class,free_topic
5883,nmod<det> some,4,0.001,2,2157,Reptile__class,free_topic
5884,nmod<det> the,4,0.024,43,2157,Reptile__class,free_topic
5886,nmod<nmod:poss> ...,4,0.002,3,2157,Reptile__class,free_topic
5887,nmod<nmod< ...,4,0.01,18,2157,Reptile__class,free_topic
5888,nmod<nmod< Fossil,4,0.001,2,2157,Reptile__class,free_topic
5889,nmod<nmod< par,4,0.001,2,2157,Reptile__class,free_topic
5890,nmod<nmod<amod> ...,4,0.006,10,2157,Reptile__class,free_topic
5891,nmod<nmod<case> ...,4,0.001,2,2157,Reptile__class,free_topic
5892,nmod<nmod<case> on,4,0.001,2,2157,Reptile__class,free_topic
5893,nmod<nmod<det> ...,4,0.001,2,2157,Reptile__class,free_topic
5894,nmod<nmod<det> the,4,0.004,7,2157,Reptile__class,free_topic
5895,nmod<nmod<nsubj:pass< ...,4,0.001,1,2157,Reptile__class,free_topic
5896,nmod<nmod<nsubj:pass< find,4,0.001,2,2157,Reptile__class,free_topic
5897,nmod<nmod<nsubj< ...,4,0.004,6,2157,Reptile__class,free_topic
5898,nmod<nmod<nsubj< be,4,0.001,2,2157,Reptile__class,free_topic
5899,nmod<nmod<obj< ...,4,0.001,3,2157,Reptile__class,free_topic
5900,nmod<nmod<obl< ...,4,0.001,1,2157,Reptile__class,free_topic
5901,nmod<nmod<obl< have,4,0.001,2,2157,Reptile__class,free_topic
5902,nmod<nmod> ...,4,0.008,14,2157,Reptile__class,free_topic
5903,nmod<nmod>case> ...,4,0.002,4,2157,Reptile__class,free_topic
5904,nmod<nmod>case> in,4,0.004,6,2157,Reptile__class,free_topic
5905,nmod<nmod>case> of,4,0.002,4,2157,Reptile__class,free_topic
5906,nmod<nmod>compound> ...,4,0.004,7,2157,Reptile__class,free_topic
5907,nmod<nmod>det> ...,4,0.001,1,2157,Reptile__class,free_topic
5908,nmod<nmod>det> a,4,0.0,1,2157,Reptile__class,free_topic
5909,nmod<nmod>det> the,4,0.003,5,2157,Reptile__class,free_topic
5910,nmod<nsubj:pass< ...,4,0.003,7,2157,Reptile__class,free_topic
5911,nmod<nsubj:pass< find,4,0.001,2,2157,Reptile__class,free_topic
5912,nmod<nsubj:pass< record,4,0.001,2,2157,Reptile__class,free_topic
5913,nmod<nsubj:pass<advmod> ...,4,0.001,3,2157,Reptile__class,free_topic
5914,nmod<nsubj:pass<advmod> also,4,0.001,2,2157,Reptile__class,free_topic
5915,nmod<nsubj:pass<aux:pass> be,4,0.006,11,2157,Reptile__class,free_topic
5916,nmod<nsubj:pass<aux> ...,4,0.001,1,2157,Reptile__class,free_topic
5917,nmod<nsubj:pass<aux> have,4,0.002,4,2157,Reptile__class,free_topic
5918,nmod<nsubj:pass<obl> ...,4,0.004,7,2157,Reptile__class,free_topic
5919,nmod<nsubj< ...,4,0.01,17,2157,Reptile__class,free_topic
5920,nmod<nsubj< be,4,0.004,6,2157,Reptile__class,free_topic
5921,nmod<nsubj< long,4,0.001,2,2157,Reptile__class,free_topic
5922,nmod<nsubj< spend,4,0.001,2,2157,Reptile__class,free_topic
5923,nmod<nsubj<advcl> ...,4,0.002,4,2157,Reptile__class,free_topic
5924,nmod<nsubj<advmod> ...,4,0.003,5,2157,Reptile__class,free_topic
5925,nmod<nsubj<advmod> relatively,4,0.001,2,2157,Reptile__class,free_topic
5926,nmod<nsubj<appos> ...,4,0.002,3,2157,Reptile__class,free_topic
5927,nmod<nsubj<aux> ...,4,0.001,1,2157,Reptile__class,free_topic
5928,nmod<nsubj<aux> could,4,0.001,2,2157,Reptile__class,free_topic
5929,nmod<nsubj<ccomp> ...,4,0.002,3,2157,Reptile__class,free_topic
5930,nmod<nsubj<conj> ...,4,0.004,8,2157,Reptile__class,free_topic
5931,nmod<nsubj<cop> be,4,0.005,9,2157,Reptile__class,free_topic
5932,nmod<nsubj<det> ...,4,0.001,1,2157,Reptile__class,free_topic
5933,nmod<nsubj<det> the,4,0.002,3,2157,Reptile__class,free_topic
5934,nmod<nsubj<expl> there,4,0.004,6,2157,Reptile__class,free_topic
5935,nmod<nsubj<mark> that,4,0.002,3,2157,Reptile__class,free_topic
5936,nmod<nsubj<nmod> ...,4,0.002,4,2157,Reptile__class,free_topic
5937,nmod<nsubj<obj> ...,4,0.003,5,2157,Reptile__class,free_topic
5938,nmod<nsubj<obl> ...,4,0.004,7,2157,Reptile__class,free_topic
5939,nmod<nsubj<obl> such,4,0.001,2,2157,Reptile__class,free_topic
5940,nmod<nsubj> ...,4,0.003,7,2157,Reptile__class,free_topic
5941,nmod<nsubj>amod> ...,4,0.002,4,2157,Reptile__class,free_topic
5942,nmod<nummod> ...,4,0.004,7,2157,Reptile__class,free_topic
5943,nmod<obj< ...,4,0.012,22,2157,Reptile__class,free_topic
5944,nmod<obj< consider,4,0.0,1,2157,Reptile__class,free_topic
5945,nmod<obj< have,4,0.003,5,2157,Reptile__class,free_topic
5947,nmod<obj< resemble,4,0.001,2,2157,Reptile__class,free_topic
5948,nmod<obj<acl:relcl< ...,4,0.001,2,2157,Reptile__class,free_topic
5949,nmod<obj<acl< ...,4,0.002,3,2157,Reptile__class,free_topic
5950,nmod<obj<advcl> ...,4,0.002,4,2157,Reptile__class,free_topic
5951,nmod<obj<advmod> ...,4,0.003,6,2157,Reptile__class,free_topic
5952,nmod<obj<advmod> also,4,0.0,1,2157,Reptile__class,free_topic
5953,nmod<obj<advmod> not,4,0.001,2,2157,Reptile__class,free_topic
5954,nmod<obj<aux> ...,4,0.002,3,2157,Reptile__class,free_topic
5955,nmod<obj<aux> have,4,0.002,4,2157,Reptile__class,free_topic
5956,nmod<obj<aux> may,4,0.001,2,2157,Reptile__class,free_topic
5957,nmod<obj<cc> and,4,0.002,4,2157,Reptile__class,free_topic
5958,nmod<obj<ccomp< ...,4,0.0,2,2157,Reptile__class,free_topic
5959,nmod<obj<conj< ...,4,0.004,6,2157,Reptile__class,free_topic
5960,nmod<obj<conj> ...,4,0.003,5,2157,Reptile__class,free_topic
5961,nmod<obj<mark> that,4,0.001,3,2157,Reptile__class,free_topic
5962,nmod<obj<mark> to,4,0.001,3,2157,Reptile__class,free_topic
5963,nmod<obj<nsubj> ...,4,0.008,14,2157,Reptile__class,free_topic
5964,nmod<obj<nsubj> lizard,4,0.001,2,2157,Reptile__class,free_topic
5965,nmod<obj<nsubj> they,4,0.001,3,2157,Reptile__class,free_topic
5966,nmod<obj<obl> ...,4,0.004,6,2157,Reptile__class,free_topic
5967,nmod<obj<xcomp< ...,4,0.001,2,2157,Reptile__class,free_topic
5968,nmod<obj<xcomp< allow,4,0.0,1,2157,Reptile__class,free_topic
5969,nmod<obl< ...,4,0.009,17,2157,Reptile__class,free_topic
5970,nmod<obl< similar,4,0.002,3,2157,Reptile__class,free_topic
5971,nmod<obl<advcl> ...,4,0.002,4,2157,Reptile__class,free_topic
5972,nmod<obl<advmod> ...,4,0.004,7,2157,Reptile__class,free_topic
5973,nmod<obl<advmod> also,4,0.001,2,2157,Reptile__class,free_topic
5974,nmod<obl<aux:pass> be,4,0.001,2,2157,Reptile__class,free_topic
5975,nmod<obl<aux> ...,4,0.001,1,2157,Reptile__class,free_topic
5976,nmod<obl<aux> have,4,0.0,1,2157,Reptile__class,free_topic
5977,nmod<obl<ccomp< ...,4,0.002,3,2157,Reptile__class,free_topic
5978,nmod<obl<cop> be,4,0.003,5,2157,Reptile__class,free_topic
5979,nmod<obl<mark> ...,4,0.001,2,2157,Reptile__class,free_topic
5980,nmod<obl<nsubj:pass> ...,4,0.001,2,2157,Reptile__class,free_topic
5981,nmod<obl<nsubj> ...,4,0.005,9,2157,Reptile__class,free_topic
5982,nmod<obl<obl> ...,4,0.001,4,2157,Reptile__class,free_topic
5983,nmod<obl<parataxis< ...,4,0.001,2,2157,Reptile__class,free_topic
5984,nmod<parataxis>conj> ...,4,0.002,3,2157,Reptile__class,free_topic
5985,nmod> ...,4,-0.002,13,2157,Reptile__class,free_topic
5986,nmod> Africa,4,0.001,2,2157,Reptile__class,free_topic
5987,nmod> Australia,4,0.001,2,2157,Reptile__class,free_topic
5989,nmod> Colour,4,0.001,2,2157,Reptile__class,free_topic
5995,nmod> young,4,0.002,3,2157,Reptile__class,free_topic
5996,nmod>amod> ...,4,-0.001,1,2157,Reptile__class,free_topic
5999,nmod>case> ...,4,-0.0,2,2157,Reptile__class,free_topic
6000,nmod>case> from,4,-0.0,2,2157,Reptile__class,free_topic
6001,nmod>case> in,4,0.001,6,2157,Reptile__class,free_topic
6003,nmod>case> like,4,0.0,3,2157,Reptile__class,free_topic
6004,nmod>case> of,4,0.0,6,2157,Reptile__class,free_topic
6005,nmod>case> on,4,-0.0,2,2157,Reptile__class,free_topic
6008,nmod>case> with,4,0.0,1,2157,Reptile__class,free_topic
6010,nmod>compound> ...,4,-0.0,4,2157,Reptile__class,free_topic
6011,nmod>compound> East,4,0.001,2,2157,Reptile__class,free_topic
6013,nmod>conj> ...,4,-0.001,2,2157,Reptile__class,free_topic
6014,nmod>conj> disease,4,0.001,2,2157,Reptile__class,free_topic
6016,nmod>conj>cc> and,4,0.0,4,2157,Reptile__class,free_topic
6018,nmod>det> the,4,-0.001,3,2157,Reptile__class,free_topic
6019,nmod>nmod:poss> its,4,-0.0,2,2157,Reptile__class,free_topic
6028,nsubj:pass< ...,4,-0.001,4,2157,Reptile__class,free_topic
6029,nsubj:pass< consider,4,0.0,1,2157,Reptile__class,free_topic
6035,nsubj:pass<advcl< ...,4,-0.0,1,2157,Reptile__class,free_topic
6036,nsubj:pass<advcl<advmod> ...,4,0.0,1,2157,Reptile__class,free_topic
6037,nsubj:pass<advcl<nsubj> ...,4,0.0,1,2157,Reptile__class,free_topic
6042,nsubj:pass<advmod> ...,4,-0.001,1,2157,Reptile__class,free_topic
6044,nsubj:pass<aux:pass> be,4,-0.002,5,2157,Reptile__class,free_topic
6046,nsubj:pass<aux> have,4,-0.0,1,2157,Reptile__class,free_topic
6047,nsubj:pass<ccomp> ...,4,-0.0,1,2157,Reptile__class,free_topic
6054,nsubj:pass<mark> ...,4,0.0,1,2157,Reptile__class,free_topic
6055,nsubj:pass<mark> when,4,0.0,1,2157,Reptile__class,free_topic
6056,nsubj:pass<obl> ...,4,-0.001,1,2157,Reptile__class,free_topic
6057,nsubj:pass<obl> captivity,4,0.0,1,2157,Reptile__class,free_topic
6063,nsubj:pass<obl>case> ...,4,-0.0,1,2157,Reptile__class,free_topic
6067,nsubj:pass<obl>case> in,4,-0.001,1,2157,Reptile__class,free_topic
6072,nsubj:pass<obl>det> ...,4,0.0,1,2157,Reptile__class,free_topic
6076,nsubj:pass<parataxis< ...,4,0.0,1,2157,Reptile__class,free_topic
6077,nsubj:pass<parataxis<obl> ...,4,0.001,2,2157,Reptile__class,free_topic
6079,nsubj:pass<xcomp> have,4,0.0,1,2157,Reptile__class,free_topic
6082,nsubj:pass<xcomp>mark> to,4,-0.0,1,2157,Reptile__class,free_topic
6083,nsubj:pass<xcomp>obj> ...,4,0.0,1,2157,Reptile__class,free_topic
6084,nsubj< ...,4,-0.003,10,2157,Reptile__class,free_topic
6089,nsubj< have,4,0.001,3,2157,Reptile__class,free_topic
6090,nsubj< include,4,-0.0,1,2157,Reptile__class,free_topic
6101,nsubj<advcl< ...,4,0.0,3,2157,Reptile__class,free_topic
6102,nsubj<advcl<advmod> ...,4,0.0,1,2157,Reptile__class,free_topic
6103,nsubj<advcl<cop> be,4,0.0,1,2157,Reptile__class,free_topic
6104,nsubj<advcl<nsubj> ...,4,0.001,3,2157,Reptile__class,free_topic
6105,nsubj<advcl<obj> ...,4,0.0,1,2157,Reptile__class,free_topic
6106,nsubj<advcl<obl> ...,4,0.0,1,2157,Reptile__class,free_topic
6107,nsubj<advcl> ...,4,-0.001,1,2157,Reptile__class,free_topic
6115,nsubj<advcl>mark> while,4,0.0,1,2157,Reptile__class,free_topic
6116,nsubj<advcl>nsubj> ...,4,-0.0,1,2157,Reptile__class,free_topic
6118,nsubj<advcl>obj> ...,4,-0.0,1,2157,Reptile__class,free_topic
6120,nsubj<advmod> ...,4,-0.001,1,2157,Reptile__class,free_topic
6126,nsubj<amod> ...,4,-0.0,1,2157,Reptile__class,free_topic
6132,nsubj<aux> may,4,0.0,1,2157,Reptile__class,free_topic
6142,nsubj<ccomp> ...,4,-0.0,1,2157,Reptile__class,free_topic
6143,nsubj<ccomp>nsubj> ...,4,0.0,1,2157,Reptile__class,free_topic
6147,nsubj<conj> ...,4,-0.001,3,2157,Reptile__class,free_topic
6153,nsubj<conj>aux> can,4,0.0,1,2157,Reptile__class,free_topic
6155,nsubj<conj>cc> and,4,-0.001,2,2157,Reptile__class,free_topic
6156,nsubj<conj>cc> but,4,0.0,1,2157,Reptile__class,free_topic
6157,nsubj<conj>nsubj> ...,4,-0.0,1,2157,Reptile__class,free_topic
6158,nsubj<conj>obj> ...,4,-0.0,2,2157,Reptile__class,free_topic
6160,nsubj<conj>xcomp> ...,4,0.0,1,2157,Reptile__class,free_topic
6162,nsubj<cop> be,4,-0.001,5,2157,Reptile__class,free_topic
6163,nsubj<det> ...,4,0.001,1,2157,Reptile__class,free_topic
6164,nsubj<det> a,4,0.0,2,2157,Reptile__class,free_topic
6166,nsubj<mark> ...,4,0.001,2,2157,Reptile__class,free_topic
6167,nsubj<mark> as,4,0.0,1,2157,Reptile__class,free_topic
6168,nsubj<mark> that,4,-0.0,1,2157,Reptile__class,free_topic
6169,nsubj<mark> while,4,0.0,1,2157,Reptile__class,free_topic
6170,nsubj<nmod> ...,4,-0.001,3,2157,Reptile__class,free_topic
6171,nsubj<nmod>amod> ...,4,-0.0,1,2157,Reptile__class,free_topic
6173,nsubj<nmod>case> in,4,0.0,1,2157,Reptile__class,free_topic
6174,nsubj<nmod>case> of,4,-0.0,2,2157,Reptile__class,free_topic
6176,nsubj<nmod>compound> ...,4,0.0,2,2157,Reptile__class,free_topic
6179,nsubj<nmod>det> the,4,0.001,2,2157,Reptile__class,free_topic
6180,nsubj<nmod>nmod> ...,4,-0.0,1,2157,Reptile__class,free_topic
6181,nsubj<obj> ...,4,-0.001,4,2157,Reptile__class,free_topic
6184,nsubj<obj> species,4,0.0,1,2157,Reptile__class,free_topic
6185,nsubj<obj>acl> ...,4,0.0,1,2157,Reptile__class,free_topic
6187,nsubj<obj>amod> broad,4,0.001,2,2157,Reptile__class,free_topic
6189,nsubj<obj>compound> ...,4,-0.0,1,2157,Reptile__class,free_topic
6190,nsubj<obj>conj> ...,4,-0.0,1,2157,Reptile__class,free_topic
6193,nsubj<obj>nmod:poss> they,4,-0.0,1,2157,Reptile__class,free_topic
6194,nsubj<obj>nmod> ...,4,-0.0,1,2157,Reptile__class,free_topic
6222,nsubj<xcomp> ...,4,-0.0,2,2157,Reptile__class,free_topic
6223,nsubj<xcomp>mark> to,4,-0.0,1,2157,Reptile__class,free_topic
6224,nsubj<xcomp>obj> ...,4,0.001,2,2157,Reptile__class,free_topic
6226,nsubj> ...,4,-0.001,2,2157,Reptile__class,free_topic
6227,nsubj>amod> ...,4,-0.0,1,2157,Reptile__class,free_topic
6230,nsubj>det> the,4,-0.0,1,2157,Reptile__class,free_topic
6231,nummod> ...,4,0.0,2,2157,Reptile__class,free_topic
6234,obj< ...,4,0.004,14,2157,Reptile__class,free_topic
6235,obj< breed,4,0.001,2,2157,Reptile__class,free_topic
6236,obj< discover,4,0.001,2,2157,Reptile__class,free_topic
6238,obj< identify,4,0.001,3,2157,Reptile__class,free_topic
6240,obj< keep,4,0.001,2,2157,Reptile__class,free_topic
6241,obj< kill,4,0.001,2,2157,Reptile__class,free_topic
6242,obj< prepare,4,0.001,2,2157,Reptile__class,free_topic
6249,obj<acl< ...,4,0.002,4,2157,Reptile__class,free_topic
6251,obj<acl< href=/nature/22062931>,4,0.001,2,2157,Reptile__class,free_topic
6252,obj<acl< species,4,0.001,2,2157,Reptile__class,free_topic
6253,obj<acl<amod> ...,4,0.001,1,2157,Reptile__class,free_topic
6254,obj<acl<amod> good,4,0.001,2,2157,Reptile__class,free_topic
6255,obj<acl<appos< ...,4,0.001,2,2157,Reptile__class,free_topic
6256,obj<acl<appos< br,4,0.001,2,2157,Reptile__class,free_topic
6259,obj<acl<case> ...,4,0.001,1,2157,Reptile__class,free_topic
6260,obj<acl<case> as,4,0.001,2,2157,Reptile__class,free_topic
6261,obj<acl<det> ...,4,0.001,1,2157,Reptile__class,free_topic
6262,obj<acl<det> a,4,0.003,5,2157,Reptile__class,free_topic
6265,obj<acl<obl< ...,4,0.001,1,2157,Reptile__class,free_topic
6266,obj<acl<obl< see,4,0.001,2,2157,Reptile__class,free_topic
6267,obj<advcl< ...,4,0.002,5,2157,Reptile__class,free_topic
6268,obj<advcl<advmod> ...,4,0.001,2,2157,Reptile__class,free_topic
6269,obj<advcl<aux:pass> be,4,0.001,2,2157,Reptile__class,free_topic
6270,obj<advcl<aux> have,4,0.0,1,2157,Reptile__class,free_topic
6271,obj<advcl<nsubj:pass> ...,4,0.001,2,2157,Reptile__class,free_topic
6272,obj<advcl<nsubj> ...,4,0.0,1,2157,Reptile__class,free_topic
6273,obj<advcl<nsubj> they,4,0.0,1,2157,Reptile__class,free_topic
6274,obj<advcl<obl> ...,4,0.002,5,2157,Reptile__class,free_topic
6275,obj<advmod> ...,4,0.001,2,2157,Reptile__class,free_topic
6276,obj<advmod> how,4,0.001,3,2157,Reptile__class,free_topic
6277,obj<advmod> particularly,4,0.001,2,2157,Reptile__class,free_topic
6281,obj<conj> ...,4,-0.0,1,2157,Reptile__class,free_topic
6282,obj<conj> able,4,0.001,2,2157,Reptile__class,free_topic
6285,obj<conj>xcomp> ...,4,0.0,1,2157,Reptile__class,free_topic
6286,obj<conj>xcomp> leap,4,0.001,2,2157,Reptile__class,free_topic
6287,obj<mark> ...,4,0.001,3,2157,Reptile__class,free_topic
6288,obj<mark> for,4,0.001,2,2157,Reptile__class,free_topic
6289,obj<mark> to,4,0.003,8,2157,Reptile__class,free_topic
6291,obj<nmod> hibernation,4,0.001,2,2157,Reptile__class,free_topic
6293,obj<nmod>case> for,4,0.001,2,2157,Reptile__class,free_topic
6294,obj<nsubj> ...,4,-0.0,3,2157,Reptile__class,free_topic
6295,obj<nsubj> James,4,0.001,2,2157,Reptile__class,free_topic
6303,obj<nsubj>det> the,4,0.0,1,2157,Reptile__class,free_topic
6304,obj<nsubj>flat> ...,4,0.001,2,2157,Reptile__class,free_topic
6305,obj<nsubj>flat> Brickell,4,0.001,2,2157,Reptile__class,free_topic
6306,obj<obl> ...,4,0.001,5,2157,Reptile__class,free_topic
6308,obj<obl>amod> ...,4,0.0,1,2157,Reptile__class,free_topic
6309,obj<obl>case> ...,4,-0.0,1,2157,Reptile__class,free_topic
6310,obj<obl>case> for,4,0.0,1,2157,Reptile__class,free_topic
6311,obj<obl>case> in,4,0.001,3,2157,Reptile__class,free_topic
6313,obj<obl>det> the,4,0.0,1,2157,Reptile__class,free_topic
6314,obj<obl>nummod> ...,4,0.0,1,2157,Reptile__class,free_topic
6315,obj<xcomp< ...,4,0.001,3,2157,Reptile__class,free_topic
6316,obj<xcomp<nsubj> ...,4,0.001,2,2157,Reptile__class,free_topic
6317,obl:npmod< ...,4,0.0,1,2157,Reptile__class,free_topic
6318,obl:npmod< like,4,0.003,5,2157,Reptile__class,free_topic
6319,obl:npmod<amod< ...,4,0.004,6,2157,Reptile__class,free_topic
6320,obl:npmod<amod<det> ...,4,0.001,1,2157,Reptile__class,free_topic
6321,obl:npmod<amod<det> a,4,0.002,3,2157,Reptile__class,free_topic
6322,obl:npmod<amod<obj< ...,4,0.001,1,2157,Reptile__class,free_topic
6323,obl:npmod<amod<obj< have,4,0.001,2,2157,Reptile__class,free_topic
6324,obl< ...,4,-0.004,14,2157,Reptile__class,free_topic
6325,obl< belong,4,0.0,1,2157,Reptile__class,free_topic
6326,obl< diive,4,0.001,2,2157,Reptile__class,free_topic
6328,obl< find,4,0.0,1,2157,Reptile__class,free_topic
6331,obl< know,4,0.0,2,2157,Reptile__class,free_topic
6334,obl< similar,4,0.0,1,2157,Reptile__class,free_topic
6339,obl<acl< ...,4,0.004,9,2157,Reptile__class,free_topic
6340,obl<acl<amod> ...,4,0.001,4,2157,Reptile__class,free_topic
6341,obl<acl<compound> ...,4,0.002,4,2157,Reptile__class,free_topic
6342,obl<acl<det> ...,4,0.0,1,2157,Reptile__class,free_topic
6343,obl<acl<det> the,4,0.002,4,2157,Reptile__class,free_topic
6344,obl<acl<nsubj< ...,4,0.001,3,2157,Reptile__class,free_topic
6345,obl<advcl< ...,4,-0.0,2,2157,Reptile__class,free_topic
6347,obl<advcl<nsubj> ...,4,-0.0,1,2157,Reptile__class,free_topic
6348,obl<advcl<obj> ...,4,-0.0,1,2157,Reptile__class,free_topic
6349,obl<advcl<obl> ...,4,-0.0,1,2157,Reptile__class,free_topic
6354,obl<advmod> also,4,-0.0,1,2157,Reptile__class,free_topic
6362,obl<amod< ...,4,0.0,3,2157,Reptile__class,free_topic
6363,obl<amod<amod> ...,4,0.001,2,2157,Reptile__class,free_topic
6365,obl<amod<nsubj> ...,4,-0.0,1,2157,Reptile__class,free_topic
6366,obl<amod<obl> ...,4,-0.0,1,2157,Reptile__class,free_topic
6401,obl<mark> to,4,0.0,3,2157,Reptile__class,free_topic
6428,obl<obj> ...,4,-0.001,1,2157,Reptile__class,free_topic
6431,obl<obj> they,4,-0.0,1,2157,Reptile__class,free_topic
6452,obl<parataxis< ...,4,-0.0,1,2157,Reptile__class,free_topic
6455,obl<xcomp< ...,4,-0.0,1,2157,Reptile__class,free_topic
6457,obl<xcomp< think,4,0.0,1,2157,Reptile__class,free_topic
6460,obl<xcomp<aux:pass> be,4,-0.0,1,2157,Reptile__class,free_topic
6464,obl<xcomp<nsubj:pass> ...,4,-0.0,1,2157,Reptile__class,free_topic
6465,obl<xcomp> ...,4,0.0,1,2157,Reptile__class,free_topic
6472,parataxis> ...,4,0.0,1,2157,Reptile__class,free_topic
6475,acl:relcl> ...,5,-0.0,4,1994,Reptile__class,free_topic
6481,acl:relcl>advmod> ...,5,0.0,1,1994,Reptile__class,free_topic
6482,acl:relcl>nsubj> ...,5,0.0,1,1994,Reptile__class,free_topic
6483,acl:relcl>nsubj> that,5,0.0,3,1994,Reptile__class,free_topic
6487,acl:relcl>obl> ...,5,-0.0,2,1994,Reptile__class,free_topic
6490,acl:relcl>obl>amod> ...,5,-0.0,1,1994,Reptile__class,free_topic
6492,acl:relcl>obl>case> ...,5,0.001,1,1994,Reptile__class,free_topic
6496,acl:relcl>obl>case> on,5,-0.0,1,1994,Reptile__class,free_topic
6497,acl:relcl>obl>compound> ...,5,0.0,1,1994,Reptile__class,free_topic
6500,acl> ...,5,0.002,6,1994,Reptile__class,free_topic
6501,acl> know,5,0.0,1,1994,Reptile__class,free_topic
6503,acl>advmod> ...,5,0.0,1,1994,Reptile__class,free_topic
6504,acl>obj> ...,5,-0.0,1,1994,Reptile__class,free_topic
6505,acl>obl> ...,5,0.001,5,1994,Reptile__class,free_topic
6508,acl>obl>case> ...,5,0.0,1,1994,Reptile__class,free_topic
6510,acl>obl>case> in,5,0.001,2,1994,Reptile__class,free_topic
6512,acl>obl>case> to,5,0.001,2,1994,Reptile__class,free_topic
6513,acl>obl>compound> ...,5,-0.0,1,1994,Reptile__class,free_topic
6516,acl>obl>det> the,5,-0.0,1,1994,Reptile__class,free_topic
6517,advcl< ...,5,0.0,1,1994,Reptile__class,free_topic
6518,advcl> ...,5,0.001,2,1994,Reptile__class,free_topic
6519,advmod> ...,5,0.003,9,1994,Reptile__class,free_topic
6520,advmod> even,5,0.0,1,1994,Reptile__class,free_topic
6521,advmod> occasionally,5,0.0,1,1994,Reptile__class,free_topic
6522,advmod> rely,5,0.0,1,1994,Reptile__class,free_topic
6523,amod> ...,5,0.018,85,1994,Reptile__class,free_topic
6524,amod> Nile,5,0.0,2,1994,Reptile__class,free_topic
6525,amod> giant,5,0.001,4,1994,Reptile__class,free_topic
6526,amod> green,5,-0.0,1,1994,Reptile__class,free_topic
6527,amod> large,5,0.001,5,1994,Reptile__class,free_topic
6528,amod> like,5,-0.001,1,1994,Reptile__class,free_topic
6529,amod> many,5,0.001,3,1994,Reptile__class,free_topic
6530,amod> modern,5,-0.0,3,1994,Reptile__class,free_topic
6531,amod> most,5,0.001,4,1994,Reptile__class,free_topic
6532,amod> other,5,0.001,10,1994,Reptile__class,free_topic
6533,amod> small,5,-0.0,5,1994,Reptile__class,free_topic
6534,amod>advmod> ...,5,-0.0,3,1994,Reptile__class,free_topic
6535,amod>advmod> long,5,0.0,1,1994,Reptile__class,free_topic
6537,amod>advmod> most,5,0.001,2,1994,Reptile__class,free_topic
6539,amod>amod> ...,5,0.001,2,1994,Reptile__class,free_topic
6541,amod>conj> ...,5,0.0,1,1994,Reptile__class,free_topic
6544,amod>conj>cc> and,5,0.0,1,1994,Reptile__class,free_topic
6545,amod>obl:npmod> ...,5,0.001,2,1994,Reptile__class,free_topic
6546,amod>obl:npmod> mammal,5,0.0,1,1994,Reptile__class,free_topic
6552,appos< ...,5,-0.001,5,1994,Reptile__class,free_topic
6560,appos<appos> ...,5,-0.001,1,1994,Reptile__class,free_topic
6563,appos<appos>amod> ...,5,-0.0,1,1994,Reptile__class,free_topic
6565,appos<case> ...,5,-0.0,1,1994,Reptile__class,free_topic
6567,appos<case> to,5,0.001,2,1994,Reptile__class,free_topic
6568,appos<compound> ...,5,-0.0,1,1994,Reptile__class,free_topic
6571,appos<conj> ...,5,-0.0,3,1994,Reptile__class,free_topic
6575,appos<conj>cc> ...,5,0.0,1,1994,Reptile__class,free_topic
6576,appos<conj>cc> and,5,0.0,1,1994,Reptile__class,free_topic
6577,appos<conj>compound> ...,5,-0.0,1,1994,Reptile__class,free_topic
6579,appos<det> the,5,-0.001,1,1994,Reptile__class,free_topic
6580,appos<flat> ...,5,0.002,3,1994,Reptile__class,free_topic
6585,appos<nmod> ...,5,0.0,1,1994,Reptile__class,free_topic
6586,appos<nmod>case> of,5,0.0,1,1994,Reptile__class,free_topic
6591,appos<obl< ...,5,0.002,3,1994,Reptile__class,free_topic
6593,appos<obl<aux:pass> be,5,0.0,1,1994,Reptile__class,free_topic
6598,appos> ...,5,0.0,8,1994,Reptile__class,free_topic
6605,appos>amod> ...,5,0.0,2,1994,Reptile__class,free_topic
6607,appos>appos> ...,5,0.0,2,1994,Reptile__class,free_topic
6609,appos>compound> ...,5,0.0,3,1994,Reptile__class,free_topic
6610,appos>conj> ...,5,-0.0,1,1994,Reptile__class,free_topic
6611,appos>conj>cc> and,5,-0.0,1,1994,Reptile__class,free_topic
6612,appos>flat> ...,5,0.002,3,1994,Reptile__class,free_topic
6613,case> ...,5,0.001,15,1994,Reptile__class,free_topic
6614,case> as,5,0.004,10,1994,Reptile__class,free_topic
6615,case> by,5,0.0,4,1994,Reptile__class,free_topic
6617,case> in,5,0.001,11,1994,Reptile__class,free_topic
6618,case> like,5,0.002,9,1994,Reptile__class,free_topic
6619,case> of,5,-0.003,3,1994,Reptile__class,free_topic
6620,case> on,5,-0.0,1,1994,Reptile__class,free_topic
6621,case> such,5,-0.0,1,1994,Reptile__class,free_topic
6622,case> to,5,0.001,9,1994,Reptile__class,free_topic
6623,case> with,5,-0.0,3,1994,Reptile__class,free_topic
6624,case>fixed> as,5,-0.0,1,1994,Reptile__class,free_topic
6625,cc> ...,5,0.001,2,1994,Reptile__class,free_topic
6626,cc> and,5,-0.003,3,1994,Reptile__class,free_topic
6628,cc> or,5,-0.0,1,1994,Reptile__class,free_topic
6629,cc> plus,5,0.0,1,1994,Reptile__class,free_topic
6631,compound< ...,5,-0.003,3,1994,Reptile__class,free_topic
6640,compound< species,5,-0.001,1,1994,Reptile__class,free_topic
6645,compound<amod> ...,5,-0.001,2,1994,Reptile__class,free_topic
6650,compound<amod> other,5,-0.0,1,1994,Reptile__class,free_topic
6661,compound<case> of,5,-0.001,2,1994,Reptile__class,free_topic
6662,compound<case> on,5,-0.0,1,1994,Reptile__class,free_topic
6667,compound<compound> ...,5,-0.001,1,1994,Reptile__class,free_topic
6688,compound<det> the,5,-0.001,2,1994,Reptile__class,free_topic
6689,compound<nmod< ...,5,-0.001,3,1994,Reptile__class,free_topic
6693,compound<nmod<amod> ...,5,-0.0,1,1994,Reptile__class,free_topic
6694,compound<nmod<case> ...,5,0.001,3,1994,Reptile__class,free_topic
6700,compound<nmod<det> the,5,-0.0,2,1994,Reptile__class,free_topic
6702,compound<nmod<nmod> ...,5,-0.0,1,1994,Reptile__class,free_topic
6708,compound<nmod<obl< ...,5,0.001,3,1994,Reptile__class,free_topic
6709,compound<nmod> ...,5,-0.001,1,1994,Reptile__class,free_topic
6711,compound<nmod>case> in,5,-0.0,1,1994,Reptile__class,free_topic
6719,compound<nsubj< ...,5,-0.001,1,1994,Reptile__class,free_topic
6721,compound<nsubj<advmod> ...,5,0.001,2,1994,Reptile__class,free_topic
6722,compound<nsubj<advmod> rather,5,0.0,1,1994,Reptile__class,free_topic
6724,compound<nsubj<conj> ...,5,-0.0,1,1994,Reptile__class,free_topic
6745,compound> ...,5,-0.0,17,1994,Reptile__class,free_topic
6746,compound> Nile,5,0.0,2,1994,Reptile__class,free_topic
6747,compound> UK,5,0.001,3,1994,Reptile__class,free_topic
6749,compound> box,5,0.001,4,1994,Reptile__class,free_topic
6750,compound> desert,5,-0.0,1,1994,Reptile__class,free_topic
6751,compound> marine,5,-0.0,1,1994,Reptile__class,free_topic
6752,compound> river,5,-0.0,1,1994,Reptile__class,free_topic
6753,compound> sea,5,0.001,17,1994,Reptile__class,free_topic
6755,compound> yacare,5,0.0,1,1994,Reptile__class,free_topic
6756,compound>amod> ...,5,-0.0,1,1994,Reptile__class,free_topic
6758,compound>amod> eastern,5,0.0,1,1994,Reptile__class,free_topic
6760,compound>compound> ...,5,-0.0,1,1994,Reptile__class,free_topic
6761,compound>compound> baby,5,0.001,2,1994,Reptile__class,free_topic
6763,compound>nummod> ...,5,0.0,1,1994,Reptile__class,free_topic
6764,conj< ...,5,-0.004,9,1994,Reptile__class,free_topic
6767,conj< bird,5,-0.001,1,1994,Reptile__class,free_topic
6771,conj< mammal,5,-0.0,1,1994,Reptile__class,free_topic
6776,conj<acl> ...,5,-0.0,1,1994,Reptile__class,free_topic
6780,conj<acl>obl> ...,5,0.0,1,1994,Reptile__class,free_topic
6781,conj<advcl> ...,5,0.0,1,1994,Reptile__class,free_topic
6782,conj<advmod> ...,5,-0.001,1,1994,Reptile__class,free_topic
6785,conj<amod> ...,5,-0.001,2,1994,Reptile__class,free_topic
6817,conj<aux:pass> be,5,0.0,1,1994,Reptile__class,free_topic
6818,conj<aux> ...,5,0.0,1,1994,Reptile__class,free_topic
6819,conj<aux> have,5,0.0,1,1994,Reptile__class,free_topic
6830,conj<case> with,5,0.0,1,1994,Reptile__class,free_topic
6832,conj<ccomp< ...,5,0.001,2,1994,Reptile__class,free_topic
6833,conj<ccomp<nsubj> ...,5,0.001,2,1994,Reptile__class,free_topic
6839,conj<conj< ...,5,0.0,1,1994,Reptile__class,free_topic
6841,conj<conj<conj> bird,5,0.0,1,1994,Reptile__class,free_topic
6843,conj<conj> ...,5,-0.002,1,1994,Reptile__class,free_topic
6844,conj<conj> amphibian,5,-0.0,1,1994,Reptile__class,free_topic
6868,conj<conj>cc> and,5,-0.002,2,1994,Reptile__class,free_topic
6885,conj<cop> be,5,-0.0,2,1994,Reptile__class,free_topic
6887,conj<det> a,5,-0.0,2,1994,Reptile__class,free_topic
6888,conj<det> all,5,0.0,1,1994,Reptile__class,free_topic
6890,conj<mark> ...,5,0.0,1,1994,Reptile__class,free_topic
6891,conj<mark> that,5,0.001,2,1994,Reptile__class,free_topic
6918,conj<nmod> ...,5,0.0,4,1994,Reptile__class,free_topic
6922,conj<nmod>amod> ...,5,-0.0,1,1994,Reptile__class,free_topic
6926,conj<nmod>case> ...,5,-0.0,2,1994,Reptile__class,free_topic
6927,conj<nmod>case> from,5,0.0,1,1994,Reptile__class,free_topic
6930,conj<nmod>case> such,5,0.0,1,1994,Reptile__class,free_topic
6932,conj<nmod>conj> ...,5,0.0,2,1994,Reptile__class,free_topic
6947,conj<nsubj:pass> ...,5,0.0,1,1994,Reptile__class,free_topic
6948,conj<nsubj< ...,5,-0.0,1,1994,Reptile__class,free_topic
6949,conj<nsubj<advmod> ...,5,-0.0,1,1994,Reptile__class,free_topic
6951,conj<nsubj<cop> be,5,-0.0,1,1994,Reptile__class,free_topic
6953,conj<nsubj> ...,5,-0.0,3,1994,Reptile__class,free_topic
6957,conj<obj< ...,5,-0.0,1,1994,Reptile__class,free_topic
6960,conj<obj< include,5,-0.001,1,1994,Reptile__class,free_topic
6970,conj<obj<nsubj> ...,5,-0.0,2,1994,Reptile__class,free_topic
6976,conj<obj<obl> ...,5,0.0,1,1994,Reptile__class,free_topic
6977,conj<obj> ...,5,-0.0,1,1994,Reptile__class,free_topic
6978,conj<obj>amod> ...,5,0.0,1,1994,Reptile__class,free_topic
7003,conj<obl> ...,5,0.001,6,1994,Reptile__class,free_topic
7004,conj<obl>amod> ...,5,0.002,3,1994,Reptile__class,free_topic
7005,conj<obl>case> ...,5,0.001,4,1994,Reptile__class,free_topic
7007,conj<obl>case> to,5,0.0,1,1994,Reptile__class,free_topic
7008,conj<obl>conj> ...,5,0.002,3,1994,Reptile__class,free_topic
7009,conj<obl>det> ...,5,0.0,1,1994,Reptile__class,free_topic
7010,conj<obl>det> the,5,0.0,1,1994,Reptile__class,free_topic
7011,conj<obl>nmod> ...,5,-0.0,1,1994,Reptile__class,free_topic
7019,conj> ...,5,-0.003,5,1994,Reptile__class,free_topic
7022,conj> bird,5,-0.0,2,1994,Reptile__class,free_topic
7030,conj>acl> ...,5,0.0,1,1994,Reptile__class,free_topic
7035,conj>amod> ...,5,-0.001,1,1994,Reptile__class,free_topic
7042,conj>appos> ...,5,0.0,1,1994,Reptile__class,free_topic
7047,conj>cc> and,5,-0.004,7,1994,Reptile__class,free_topic
7049,conj>compound> ...,5,-0.001,2,1994,Reptile__class,free_topic
7065,cop> be,5,0.002,9,1994,Reptile__class,free_topic
7066,det> ...,5,0.001,3,1994,Reptile__class,free_topic
7067,det> a,5,0.006,24,1994,Reptile__class,free_topic
7068,det> all,5,0.0,2,1994,Reptile__class,free_topic
7069,det> any,5,0.001,2,1994,Reptile__class,free_topic
7070,det> no,5,0.0,1,1994,Reptile__class,free_topic
7071,det> some,5,-0.0,2,1994,Reptile__class,free_topic
7072,det> that,5,0.0,1,1994,Reptile__class,free_topic
7073,det> the,5,0.001,27,1994,Reptile__class,free_topic
7074,det> these,5,0.002,4,1994,Reptile__class,free_topic
7075,det> this,5,-0.0,1,1994,Reptile__class,free_topic
7081,list< ...,5,0.0,1,1994,Reptile__class,free_topic
7082,list<amod> ...,5,0.0,1,1994,Reptile__class,free_topic
7087,mark> as,5,0.0,1,1994,Reptile__class,free_topic
7090,nmod:poss> ...,5,0.0,3,1994,Reptile__class,free_topic
7092,nmod:poss>case> 's,5,-0.0,2,1994,Reptile__class,free_topic
7093,nmod:poss>case> ...,5,0.001,1,1994,Reptile__class,free_topic
7094,nmod:poss>det> the,5,0.0,2,1994,Reptile__class,free_topic
7095,nmod< ...,5,-0.003,2,1994,Reptile__class,free_topic
7098,nmod< one,5,-0.0,1,1994,Reptile__class,free_topic
7102,nmod< species,5,-0.001,1,1994,Reptile__class,free_topic
7130,nmod<appos> ...,5,0.001,2,1994,Reptile__class,free_topic
7131,nmod<appos>amod> ...,5,0.001,2,1994,Reptile__class,free_topic
7140,nmod<case> of,5,-0.001,1,1994,Reptile__class,free_topic
7151,nmod<conj< ...,5,-0.0,1,1994,Reptile__class,free_topic
7155,nmod<conj<conj> ...,5,-0.0,1,1994,Reptile__class,free_topic
7175,nmod<cop> be,5,-0.0,1,1994,Reptile__class,free_topic
7177,nmod<det> a,5,-0.001,1,1994,Reptile__class,free_topic
7182,nmod<nmod< ...,5,-0.001,1,1994,Reptile__class,free_topic
7186,nmod<nmod<case> ...,5,0.0,1,1994,Reptile__class,free_topic
7189,nmod<nmod<det> the,5,-0.0,1,1994,Reptile__class,free_topic
7197,nmod<nmod> ...,5,-0.001,1,1994,Reptile__class,free_topic
7198,nmod<nmod>case> ...,5,-0.0,1,1994,Reptile__class,free_topic
7201,nmod<nmod>compound> ...,5,-0.0,1,1994,Reptile__class,free_topic
7203,nmod<nmod>det> a,5,0.0,1,1994,Reptile__class,free_topic
7205,nmod<nsubj:pass< ...,5,-0.0,1,1994,Reptile__class,free_topic
7209,nmod<nsubj:pass<advmod> also,5,0.0,1,1994,Reptile__class,free_topic
7210,nmod<nsubj:pass<aux:pass> be,5,-0.001,1,1994,Reptile__class,free_topic
7212,nmod<nsubj:pass<aux> have,5,-0.0,1,1994,Reptile__class,free_topic
7235,nmod<nsubj> ...,5,-0.0,1,1994,Reptile__class,free_topic
7237,nmod<nummod> ...,5,-0.0,1,1994,Reptile__class,free_topic
7280,nmod> ...,5,0.018,39,1994,Reptile__class,free_topic
7285,nmod> India,5,0.001,2,1994,Reptile__class,free_topic
7286,nmod> Triassic,5,0.001,2,1994,Reptile__class,free_topic
7287,nmod> bird,5,0.001,2,1994,Reptile__class,free_topic
7288,nmod> lizard,5,0.001,3,1994,Reptile__class,free_topic
7289,nmod> size,5,0.001,2,1994,Reptile__class,free_topic
7291,nmod>amod> ...,5,0.014,21,1994,Reptile__class,free_topic
7292,nmod>amod> late,5,0.001,2,1994,Reptile__class,free_topic
7293,nmod>appos> ...,5,0.001,2,1994,Reptile__class,free_topic
7294,nmod>case> ...,5,0.004,7,1994,Reptile__class,free_topic
7295,nmod>case> from,5,0.003,6,1994,Reptile__class,free_topic
7296,nmod>case> in,5,0.003,8,1994,Reptile__class,free_topic
7297,nmod>case> include,5,0.002,4,1994,Reptile__class,free_topic
7298,nmod>case> like,5,0.002,5,1994,Reptile__class,free_topic
7299,nmod>case> of,5,0.002,8,1994,Reptile__class,free_topic
7300,nmod>case> on,5,0.001,4,1994,Reptile__class,free_topic
7301,nmod>case> such,5,0.003,6,1994,Reptile__class,free_topic
7302,nmod>case> than,5,0.0,1,1994,Reptile__class,free_topic
7303,nmod>case> with,5,0.0,1,1994,Reptile__class,free_topic
7304,nmod>case>fixed> as,5,0.003,6,1994,Reptile__class,free_topic
7305,nmod>compound> ...,5,0.006,12,1994,Reptile__class,free_topic
7308,nmod>conj> ...,5,0.005,10,1994,Reptile__class,free_topic
7310,nmod>conj>cc> ...,5,0.002,3,1994,Reptile__class,free_topic
7311,nmod>conj>cc> and,5,0.002,6,1994,Reptile__class,free_topic
7312,nmod>det> a,5,0.001,2,1994,Reptile__class,free_topic
7313,nmod>det> the,5,0.008,15,1994,Reptile__class,free_topic
7314,nmod>nmod:poss> its,5,0.001,4,1994,Reptile__class,free_topic
7315,nmod>nmod> ...,5,0.009,14,1994,Reptile__class,free_topic
7316,nmod>nmod>amod> ...,5,0.003,4,1994,Reptile__class,free_topic
7317,nmod>nmod>case> ...,5,0.002,3,1994,Reptile__class,free_topic
7318,nmod>nmod>case> of,5,0.006,9,1994,Reptile__class,free_topic
7319,nmod>nmod>case> such,5,0.001,2,1994,Reptile__class,free_topic
7320,nmod>nmod>conj> ...,5,0.002,3,1994,Reptile__class,free_topic
7321,nmod>nmod>det> the,5,0.003,4,1994,Reptile__class,free_topic
7322,nmod>nmod>nmod> ...,5,0.002,3,1994,Reptile__class,free_topic
7323,nsubj:pass< ...,5,0.007,14,1994,Reptile__class,free_topic
7324,nsubj:pass< consider,5,0.0,1,1994,Reptile__class,free_topic
7325,nsubj:pass< find,5,0.002,3,1994,Reptile__class,free_topic
7326,nsubj:pass< know,5,0.001,2,1994,Reptile__class,free_topic
7327,nsubj:pass< sigh,5,0.001,2,1994,Reptile__class,free_topic
7328,nsubj:pass< suggest,5,0.001,2,1994,Reptile__class,free_topic
7329,nsubj:pass< think,5,0.001,2,1994,Reptile__class,free_topic
7330,nsubj:pass<advcl< ...,5,0.002,3,1994,Reptile__class,free_topic
7331,nsubj:pass<advcl<advmod> ...,5,0.001,2,1994,Reptile__class,free_topic
7332,nsubj:pass<advcl<nsubj> ...,5,0.001,2,1994,Reptile__class,free_topic
7333,nsubj:pass<advcl> ...,5,0.002,4,1994,Reptile__class,free_topic
7335,nsubj:pass<advcl>mark> as,5,0.002,3,1994,Reptile__class,free_topic
7336,nsubj:pass<advcl>obl> ...,5,-0.0,1,1994,Reptile__class,free_topic
7337,nsubj:pass<advmod> ...,5,0.006,10,1994,Reptile__class,free_topic
7338,nsubj:pass<advmod> now,5,0.001,2,1994,Reptile__class,free_topic
7339,nsubj:pass<aux:pass> be,5,0.014,26,1994,Reptile__class,free_topic
7340,nsubj:pass<aux> ...,5,0.001,2,1994,Reptile__class,free_topic
7341,nsubj:pass<aux> have,5,0.004,6,1994,Reptile__class,free_topic
7342,nsubj:pass<ccomp> ...,5,0.002,4,1994,Reptile__class,free_topic
7343,nsubj:pass<conj> ...,5,0.004,6,1994,Reptile__class,free_topic
7344,nsubj:pass<conj>amod> ...,5,0.001,2,1994,Reptile__class,free_topic
7345,nsubj:pass<conj>cc> ...,5,0.001,1,1994,Reptile__class,free_topic
7346,nsubj:pass<conj>cc> and,5,0.0,1,1994,Reptile__class,free_topic
7347,nsubj:pass<conj>cc> but,5,0.001,2,1994,Reptile__class,free_topic
7348,nsubj:pass<conj>nmod> ...,5,0.002,3,1994,Reptile__class,free_topic
7349,nsubj:pass<mark> ...,5,0.001,2,1994,Reptile__class,free_topic
7350,nsubj:pass<mark> when,5,0.001,2,1994,Reptile__class,free_topic
7351,nsubj:pass<obl> ...,5,0.013,22,1994,Reptile__class,free_topic
7352,nsubj:pass<obl> captivity,5,0.0,1,1994,Reptile__class,free_topic
7353,nsubj:pass<obl> hippo,5,0.0,1,1994,Reptile__class,free_topic
7354,nsubj:pass<obl> river,5,0.001,2,1994,Reptile__class,free_topic
7355,nsubj:pass<obl> turn,5,0.001,2,1994,Reptile__class,free_topic
7356,nsubj:pass<obl>amod> ...,5,0.003,6,1994,Reptile__class,free_topic
7357,nsubj:pass<obl>appos> ...,5,0.002,3,1994,Reptile__class,free_topic
7358,nsubj:pass<obl>case> ...,5,0.004,7,1994,Reptile__class,free_topic
7359,nsubj:pass<obl>case> by,5,0.0,1,1994,Reptile__class,free_topic
7360,nsubj:pass<obl>case> during,5,0.001,2,1994,Reptile__class,free_topic
7361,nsubj:pass<obl>case> for,5,0.001,2,1994,Reptile__class,free_topic
7362,nsubj:pass<obl>case> in,5,0.007,11,1994,Reptile__class,free_topic
7363,nsubj:pass<obl>case> on,5,0.0,1,1994,Reptile__class,free_topic
7364,nsubj:pass<obl>case> to,5,0.002,4,1994,Reptile__class,free_topic
7365,nsubj:pass<obl>compound> ...,5,0.003,5,1994,Reptile__class,free_topic
7366,nsubj:pass<obl>conj> ...,5,0.002,3,1994,Reptile__class,free_topic
7368,nsubj:pass<obl>det> a,5,0.002,3,1994,Reptile__class,free_topic
7369,nsubj:pass<obl>det> the,5,0.007,10,1994,Reptile__class,free_topic
7370,nsubj:pass<obl>nmod> ...,5,0.005,9,1994,Reptile__class,free_topic
7371,nsubj:pass<parataxis< ...,5,0.001,2,1994,Reptile__class,free_topic
7372,nsubj:pass<parataxis<obl> ...,5,0.0,1,1994,Reptile__class,free_topic
7373,nsubj:pass<xcomp> ...,5,0.004,6,1994,Reptile__class,free_topic
7374,nsubj:pass<xcomp> have,5,0.0,1,1994,Reptile__class,free_topic
7375,nsubj:pass<xcomp>advmod> ...,5,0.002,3,1994,Reptile__class,free_topic
7376,nsubj:pass<xcomp>cop> be,5,0.003,4,1994,Reptile__class,free_topic
7377,nsubj:pass<xcomp>mark> to,5,0.004,6,1994,Reptile__class,free_topic
7378,nsubj:pass<xcomp>obj> ...,5,0.001,2,1994,Reptile__class,free_topic
7379,nsubj< ...,5,0.02,44,1994,Reptile__class,free_topic
7380,nsubj< become,5,0.001,2,1994,Reptile__class,free_topic
7381,nsubj< crocodilian,5,0.001,2,1994,Reptile__class,free_topic
7382,nsubj< get,5,0.001,2,1994,Reptile__class,free_topic
7383,nsubj< group,5,0.001,2,1994,Reptile__class,free_topic
7384,nsubj< have,5,-0.0,1,1994,Reptile__class,free_topic
7385,nsubj< include,5,0.001,2,1994,Reptile__class,free_topic
7386,nsubj< kill,5,0.001,2,1994,Reptile__class,free_topic
7387,nsubj< live,5,0.0,1,1994,Reptile__class,free_topic
7388,nsubj< migrate,5,0.001,2,1994,Reptile__class,free_topic
7389,nsubj< related,5,0.0,1,1994,Reptile__class,free_topic
7390,nsubj<acl:relcl< ...,5,0.002,3,1994,Reptile__class,free_topic
7391,nsubj<acl:relcl< possibility,5,0.001,2,1994,Reptile__class,free_topic
7392,nsubj<acl:relcl<cop> be,5,0.001,2,1994,Reptile__class,free_topic
7394,nsubj<acl:relcl<det> the,5,0.003,4,1994,Reptile__class,free_topic
7395,nsubj<acl:relcl<nsubj> ...,5,0.001,2,1994,Reptile__class,free_topic
7396,nsubj<advcl< ...,5,0.001,3,1994,Reptile__class,free_topic
7397,nsubj<advcl<advmod> ...,5,0.0,1,1994,Reptile__class,free_topic
7399,nsubj<advcl<nsubj> ...,5,0.0,2,1994,Reptile__class,free_topic
7400,nsubj<advcl<obj> ...,5,0.001,2,1994,Reptile__class,free_topic
7401,nsubj<advcl<obl> ...,5,0.0,1,1994,Reptile__class,free_topic
7402,nsubj<advcl> ...,5,0.008,13,1994,Reptile__class,free_topic
7405,nsubj<advcl>cop> be,5,0.001,2,1994,Reptile__class,free_topic
7406,nsubj<advcl>mark> ...,5,0.003,4,1994,Reptile__class,free_topic
7407,nsubj<advcl>mark> as,5,0.0,1,1994,Reptile__class,free_topic
7408,nsubj<advcl>mark> to,5,0.002,3,1994,Reptile__class,free_topic
7409,nsubj<advcl>mark> when,5,0.001,2,1994,Reptile__class,free_topic
7410,nsubj<advcl>mark> while,5,0.001,2,1994,Reptile__class,free_topic
7411,nsubj<advcl>nsubj> ...,5,0.002,3,1994,Reptile__class,free_topic
7412,nsubj<advcl>nsubj> mammal,5,0.001,2,1994,Reptile__class,free_topic
7413,nsubj<advcl>obj> ...,5,0.003,5,1994,Reptile__class,free_topic
7414,nsubj<advcl>obl> ...,5,0.003,5,1994,Reptile__class,free_topic
7415,nsubj<advmod> ...,5,0.009,17,1994,Reptile__class,free_topic
7417,nsubj<advmod> also,5,0.001,2,1994,Reptile__class,free_topic
7418,nsubj<advmod> closely,5,0.0,1,1994,Reptile__class,free_topic
7419,nsubj<advmod> ever,5,0.0,1,1994,Reptile__class,free_topic
7420,nsubj<advmod>advmod> ...,5,0.002,3,1994,Reptile__class,free_topic
7421,nsubj<amod> ...,5,0.003,6,1994,Reptile__class,free_topic
7422,nsubj<appos>amod> ...,5,0.002,3,1994,Reptile__class,free_topic
7423,nsubj<aux> ...,5,0.002,3,1994,Reptile__class,free_topic
7424,nsubj<aux> be,5,0.0,1,1994,Reptile__class,free_topic
7425,nsubj<aux> can,5,0.005,7,1994,Reptile__class,free_topic
7426,nsubj<aux> have,5,0.002,4,1994,Reptile__class,free_topic
7427,nsubj<aux> may,5,0.0,1,1994,Reptile__class,free_topic
7428,nsubj<aux> might,5,0.001,2,1994,Reptile__class,free_topic
7429,nsubj<cc> and,5,0.001,2,1994,Reptile__class,free_topic
7430,nsubj<ccomp< ...,5,0.003,6,1994,Reptile__class,free_topic
7431,nsubj<ccomp<advmod> ...,5,0.001,2,1994,Reptile__class,free_topic
7432,nsubj<ccomp<aux:pass> be,5,0.001,2,1994,Reptile__class,free_topic
7433,nsubj<ccomp<nsubj:pass> ...,5,0.001,1,1994,Reptile__class,free_topic
7434,nsubj<ccomp<nsubj:pass> it,5,0.0,1,1994,Reptile__class,free_topic
7435,nsubj<ccomp<nsubj> ...,5,0.001,1,1994,Reptile__class,free_topic
7436,nsubj<ccomp<nsubj> study,5,0.0,1,1994,Reptile__class,free_topic
7437,nsubj<ccomp> ...,5,0.001,2,1994,Reptile__class,free_topic
7438,nsubj<ccomp>nsubj> ...,5,0.0,1,1994,Reptile__class,free_topic
7439,nsubj<conj< ...,5,0.001,2,1994,Reptile__class,free_topic
7440,nsubj<conj<advmod> ...,5,0.0,1,1994,Reptile__class,free_topic
7441,nsubj<conj<conj> ...,5,0.002,3,1994,Reptile__class,free_topic
7442,nsubj<conj> ...,5,0.005,13,1994,Reptile__class,free_topic
7443,nsubj<conj> eat,5,0.001,2,1994,Reptile__class,free_topic
7444,nsubj<conj>advmod> ...,5,0.003,5,1994,Reptile__class,free_topic
7445,nsubj<conj>amod> ...,5,0.001,3,1994,Reptile__class,free_topic
7446,nsubj<conj>aux:pass> be,5,0.001,2,1994,Reptile__class,free_topic
7447,nsubj<conj>aux> ...,5,0.001,2,1994,Reptile__class,free_topic
7449,nsubj<conj>cc> ...,5,0.001,1,1994,Reptile__class,free_topic
7450,nsubj<conj>cc> and,5,0.004,9,1994,Reptile__class,free_topic
7451,nsubj<conj>cc> but,5,0.0,1,1994,Reptile__class,free_topic
7452,nsubj<conj>nsubj> ...,5,0.001,2,1994,Reptile__class,free_topic
7453,nsubj<conj>obj> ...,5,0.002,6,1994,Reptile__class,free_topic
7454,nsubj<conj>obl> ...,5,0.005,8,1994,Reptile__class,free_topic
7455,nsubj<conj>xcomp> ...,5,0.001,2,1994,Reptile__class,free_topic
7456,nsubj<cop> ...,5,0.001,1,1994,Reptile__class,free_topic
7457,nsubj<cop> be,5,0.013,23,1994,Reptile__class,free_topic
7459,nsubj<det> a,5,0.001,3,1994,Reptile__class,free_topic
7460,nsubj<det> the,5,0.005,7,1994,Reptile__class,free_topic
7461,nsubj<mark> ...,5,-0.0,1,1994,Reptile__class,free_topic
7462,nsubj<mark> as,5,0.001,2,1994,Reptile__class,free_topic
7463,nsubj<mark> that,5,0.001,3,1994,Reptile__class,free_topic
7465,nsubj<nmod> ...,5,0.008,13,1994,Reptile__class,free_topic
7466,nsubj<nmod>amod> ...,5,0.003,5,1994,Reptile__class,free_topic
7467,nsubj<nmod>case> ...,5,0.002,3,1994,Reptile__class,free_topic
7468,nsubj<nmod>case> in,5,0.001,2,1994,Reptile__class,free_topic
7469,nsubj<nmod>case> of,5,0.003,6,1994,Reptile__class,free_topic
7470,nsubj<nmod>case> with,5,0.001,2,1994,Reptile__class,free_topic
7471,nsubj<nmod>compound> ...,5,0.002,4,1994,Reptile__class,free_topic
7472,nsubj<nmod>det> ...,5,0.001,1,1994,Reptile__class,free_topic
7473,nsubj<nmod>det> a,5,0.001,2,1994,Reptile__class,free_topic
7474,nsubj<nmod>det> the,5,0.001,2,1994,Reptile__class,free_topic
7475,nsubj<nmod>nmod> ...,5,0.002,3,1994,Reptile__class,free_topic
7476,nsubj<obj> ...,5,0.007,14,1994,Reptile__class,free_topic
7477,nsubj<obj> distance,5,0.0,1,1994,Reptile__class,free_topic
7478,nsubj<obj> egg,5,0.001,2,1994,Reptile__class,free_topic
7479,nsubj<obj> species,5,0.0,1,1994,Reptile__class,free_topic
7480,nsubj<obj>acl> ...,5,0.0,1,1994,Reptile__class,free_topic
7481,nsubj<obj>amod> ...,5,0.003,7,1994,Reptile__class,free_topic
7483,nsubj<obj>amod> long,5,0.0,1,1994,Reptile__class,free_topic
7484,nsubj<obj>compound> ...,5,0.002,4,1994,Reptile__class,free_topic
7485,nsubj<obj>conj> ...,5,0.001,3,1994,Reptile__class,free_topic
7486,nsubj<obj>det> a,5,0.001,2,1994,Reptile__class,free_topic
7487,nsubj<obj>det> the,5,0.003,5,1994,Reptile__class,free_topic
7488,nsubj<obj>nmod:poss> they,5,0.002,4,1994,Reptile__class,free_topic
7489,nsubj<obj>nmod> ...,5,0.002,4,1994,Reptile__class,free_topic
7490,nsubj<obl:tmod> ...,5,0.001,2,1994,Reptile__class,free_topic
7491,nsubj<obl> ...,5,0.008,22,1994,Reptile__class,free_topic
7492,nsubj<obl>amod> ...,5,-0.0,3,1994,Reptile__class,free_topic
7493,nsubj<obl>amod> huge,5,0.0,1,1994,Reptile__class,free_topic
7494,nsubj<obl>case> ...,5,0.0,2,1994,Reptile__class,free_topic
7496,nsubj<obl>case> at,5,0.002,3,1994,Reptile__class,free_topic
7497,nsubj<obl>case> by,5,0.0,1,1994,Reptile__class,free_topic
7498,nsubj<obl>case> due,5,0.0,1,1994,Reptile__class,free_topic
7499,nsubj<obl>case> from,5,0.0,1,1994,Reptile__class,free_topic
7500,nsubj<obl>case> in,5,0.001,4,1994,Reptile__class,free_topic
7501,nsubj<obl>case> on,5,0.003,6,1994,Reptile__class,free_topic
7502,nsubj<obl>case> to,5,0.001,3,1994,Reptile__class,free_topic
7503,nsubj<obl>case> with,5,0.0,1,1994,Reptile__class,free_topic
7505,nsubj<obl>compound> ...,5,-0.0,1,1994,Reptile__class,free_topic
7506,nsubj<obl>conj> ...,5,-0.0,1,1994,Reptile__class,free_topic
7507,nsubj<obl>det> ...,5,0.0,1,1994,Reptile__class,free_topic
7508,nsubj<obl>det> the,5,-0.0,3,1994,Reptile__class,free_topic
7510,nsubj<obl>nmod:poss> they,5,-0.0,1,1994,Reptile__class,free_topic
7511,nsubj<obl>nmod> ...,5,0.001,4,1994,Reptile__class,free_topic
7512,nsubj<parataxis> ...,5,0.004,6,1994,Reptile__class,free_topic
7513,nsubj<parataxis>advmod> ...,5,0.003,5,1994,Reptile__class,free_topic
7514,nsubj<parataxis>conj> ...,5,0.001,2,1994,Reptile__class,free_topic
7515,nsubj<parataxis>cop> be,5,0.001,2,1994,Reptile__class,free_topic
7516,nsubj<parataxis>nsubj> ...,5,0.002,4,1994,Reptile__class,free_topic
7517,nsubj<xcomp> ...,5,0.0,3,1994,Reptile__class,free_topic
7520,nsubj<xcomp>obl> ...,5,0.0,1,1994,Reptile__class,free_topic
7521,nsubj> ...,5,0.001,7,1994,Reptile__class,free_topic
7522,nsubj>amod> ...,5,0.001,2,1994,Reptile__class,free_topic
7523,nsubj>amod> Crocodylus,5,0.001,2,1994,Reptile__class,free_topic
7525,nsubj>det> the,5,-0.0,1,1994,Reptile__class,free_topic
7526,nummod> ...,5,0.0,2,1994,Reptile__class,free_topic
7528,nummod> million,5,0.0,1,1994,Reptile__class,free_topic
7529,obj< ...,5,-0.001,3,1994,Reptile__class,free_topic
7533,obj< identify,5,0.001,3,1994,Reptile__class,free_topic
7534,obj< include,5,-0.0,1,1994,Reptile__class,free_topic
7539,obj<acl:relcl< ...,5,-0.0,1,1994,Reptile__class,free_topic
7541,obj<acl:relcl<amod> ...,5,0.0,1,1994,Reptile__class,free_topic
7545,obj<acl< br,5,0.002,3,1994,Reptile__class,free_topic
7552,obj<acl<appos> br,5,0.004,6,1994,Reptile__class,free_topic
7553,obj<acl<appos> href=/nature/22062931,5,0.002,3,1994,Reptile__class,free_topic
7558,obj<acl<goeswith> ></,5,0.002,3,1994,Reptile__class,free_topic
7559,obj<acl<goeswith> br,5,0.002,3,1994,Reptile__class,free_topic
7570,obj<advmod> ...,5,-0.0,1,1994,Reptile__class,free_topic
7571,obj<advmod> how,5,0.001,3,1994,Reptile__class,free_topic
7584,obj<mark> to,5,0.0,4,1994,Reptile__class,free_topic
7589,obj<nsubj> ...,5,-0.001,1,1994,Reptile__class,free_topic
7592,obj<nsubj> that,5,-0.0,1,1994,Reptile__class,free_topic
7598,obj<nsubj>det> the,5,0.0,1,1994,Reptile__class,free_topic
7601,obj<obl> ...,5,-0.0,3,1994,Reptile__class,free_topic
7604,obj<obl>case> ...,5,0.0,2,1994,Reptile__class,free_topic
7606,obj<obl>case> in,5,0.0,2,1994,Reptile__class,free_topic
7607,obj<obl>det> ...,5,0.0,1,1994,Reptile__class,free_topic
7608,obj<obl>det> the,5,0.0,1,1994,Reptile__class,free_topic
7609,obj<obl>nummod> ...,5,0.0,1,1994,Reptile__class,free_topic
7610,obj<xcomp< ...,5,0.0,2,1994,Reptile__class,free_topic
7611,obj<xcomp<nsubj> ...,5,-0.0,1,1994,Reptile__class,free_topic
7612,obl:npmod< ...,5,0.0,1,1994,Reptile__class,free_topic
7619,obl< ...,5,0.013,43,1994,Reptile__class,free_topic
7622,obl< feed,5,0.0,1,1994,Reptile__class,free_topic
7623,obl< find,5,0.001,2,1994,Reptile__class,free_topic
7626,obl< know,5,0.001,3,1994,Reptile__class,free_topic
7627,obl< related,5,0.003,5,1994,Reptile__class,free_topic
7628,obl< see,5,0.0,1,1994,Reptile__class,free_topic
7629,obl< similar,5,0.0,1,1994,Reptile__class,free_topic
7630,obl<acl:relcl< ...,5,0.002,4,1994,Reptile__class,free_topic
7631,obl<acl:relcl<case> ...,5,0.002,3,1994,Reptile__class,free_topic
7633,obl<acl:relcl<det> a,5,0.001,2,1994,Reptile__class,free_topic
7634,obl<acl< ...,5,-0.0,3,1994,Reptile__class,free_topic
7635,obl<acl<amod> ...,5,0.0,2,1994,Reptile__class,free_topic
7636,obl<acl<compound> ...,5,-0.0,1,1994,Reptile__class,free_topic
7637,obl<acl<det> ...,5,0.0,1,1994,Reptile__class,free_topic
7638,obl<acl<det> the,5,-0.0,1,1994,Reptile__class,free_topic
7639,obl<acl<nsubj< ...,5,-0.0,1,1994,Reptile__class,free_topic
7645,obl<advcl> ...,5,0.003,6,1994,Reptile__class,free_topic
7646,obl<advcl>mark> ...,5,0.002,5,1994,Reptile__class,free_topic
7647,obl<advcl>obl> ...,5,0.001,2,1994,Reptile__class,free_topic
7648,obl<advmod> ...,5,0.006,12,1994,Reptile__class,free_topic
7649,obl<advmod> also,5,0.002,4,1994,Reptile__class,free_topic
7650,obl<advmod> closely,5,0.002,3,1994,Reptile__class,free_topic
7653,obl<advmod> more,5,0.0,1,1994,Reptile__class,free_topic
7654,obl<advmod> not,5,0.0,1,1994,Reptile__class,free_topic
7655,obl<advmod> only,5,0.001,2,1994,Reptile__class,free_topic
7657,obl<amod< ...,5,-0.0,2,1994,Reptile__class,free_topic
7658,obl<amod<amod> ...,5,-0.0,1,1994,Reptile__class,free_topic
7659,obl<amod<det> ...,5,0.0,1,1994,Reptile__class,free_topic
7660,obl<amod<nsubj> ...,5,-0.0,1,1994,Reptile__class,free_topic
7661,obl<amod<obl> ...,5,0.002,3,1994,Reptile__class,free_topic
7662,obl<aux:pass> be,5,0.01,19,1994,Reptile__class,free_topic
7663,obl<aux> ...,5,0.0,1,1994,Reptile__class,free_topic
7665,obl<aux> have,5,0.001,3,1994,Reptile__class,free_topic
7666,obl<aux> may,5,0.0,1,1994,Reptile__class,free_topic
7667,obl<cc> and,5,-0.0,1,1994,Reptile__class,free_topic
7668,obl<cc> but,5,0.0,1,1994,Reptile__class,free_topic
7669,obl<ccomp< ...,5,0.0,3,1994,Reptile__class,free_topic
7670,obl<ccomp<advmod> ...,5,0.002,3,1994,Reptile__class,free_topic
7671,obl<ccomp<aux:pass> be,5,0.001,2,1994,Reptile__class,free_topic
7672,obl<ccomp<conj> ...,5,0.001,2,1994,Reptile__class,free_topic
7673,obl<ccomp<nsubj:pass> ...,5,0.001,2,1994,Reptile__class,free_topic
7674,obl<ccomp<nsubj> ...,5,-0.0,1,1994,Reptile__class,free_topic
7675,obl<ccomp<obl> ...,5,0.001,2,1994,Reptile__class,free_topic
7676,obl<ccomp> ...,5,0.001,2,1994,Reptile__class,free_topic
7677,obl<conj< ...,5,0.001,3,1994,Reptile__class,free_topic
7678,obl<conj<conj> ...,5,0.0,2,1994,Reptile__class,free_topic
7680,obl<conj<obl> ...,5,0.002,3,1994,Reptile__class,free_topic
7681,obl<conj> ...,5,0.007,13,1994,Reptile__class,free_topic
7682,obl<conj> find,5,0.001,2,1994,Reptile__class,free_topic
7683,obl<conj>advmod> ...,5,0.003,5,1994,Reptile__class,free_topic
7684,obl<conj>amod> ...,5,0.005,7,1994,Reptile__class,free_topic
7685,obl<conj>cc> ...,5,0.001,1,1994,Reptile__class,free_topic
7686,obl<conj>cc> and,5,0.005,8,1994,Reptile__class,free_topic
7687,obl<conj>cc> but,5,0.0,2,1994,Reptile__class,free_topic
7688,obl<conj>nsubj> ...,5,0.0,1,1994,Reptile__class,free_topic
7689,obl<conj>nsubj> they,5,0.0,1,1994,Reptile__class,free_topic
7690,obl<conj>obj> ...,5,0.0,2,1994,Reptile__class,free_topic
7691,obl<conj>obl> ...,5,0.002,4,1994,Reptile__class,free_topic
7692,obl<cop> be,5,0.004,11,1994,Reptile__class,free_topic
7693,obl<mark> ...,5,-0.0,1,1994,Reptile__class,free_topic
7695,obl<mark> that,5,0.0,2,1994,Reptile__class,free_topic
7696,obl<mark> to,5,0.0,3,1994,Reptile__class,free_topic
7697,obl<nmod> ...,5,0.002,3,1994,Reptile__class,free_topic
7698,obl<nmod>compound> ...,5,0.002,3,1994,Reptile__class,free_topic
7699,obl<nsubj:pass> ...,5,0.008,13,1994,Reptile__class,free_topic
7700,obl<nsubj:pass> determination,5,0.001,2,1994,Reptile__class,free_topic
7701,obl<nsubj:pass> genera,5,0.0,1,1994,Reptile__class,free_topic
7702,obl<nsubj:pass> it,5,0.001,2,1994,Reptile__class,free_topic
7703,obl<nsubj:pass>amod> ...,5,0.004,6,1994,Reptile__class,free_topic
7704,obl<nsubj:pass>compound> ...,5,0.001,1,1994,Reptile__class,free_topic
7705,obl<nsubj:pass>compound> sex,5,0.001,2,1994,Reptile__class,free_topic
7706,obl<nsubj:pass>det> ...,5,0.002,3,1994,Reptile__class,free_topic
7707,obl<nsubj:pass>det> the,5,0.001,2,1994,Reptile__class,free_topic
7708,obl<nsubj> ...,5,0.005,18,1994,Reptile__class,free_topic
7709,obl<nsubj> that,5,0.001,2,1994,Reptile__class,free_topic
7710,obl<nsubj> they,5,0.001,3,1994,Reptile__class,free_topic
7711,obl<nsubj> this,5,0.001,2,1994,Reptile__class,free_topic
7712,obl<nsubj> turtle,5,-0.0,1,1994,Reptile__class,free_topic
7713,obl<nsubj>amod> ...,5,-0.0,3,1994,Reptile__class,free_topic
7714,obl<nsubj>appos> ...,5,0.0,1,1994,Reptile__class,free_topic
7715,obl<nsubj>compound> ...,5,-0.0,1,1994,Reptile__class,free_topic
7716,obl<nsubj>compound> sea,5,0.0,1,1994,Reptile__class,free_topic
7718,obl<nsubj>det> a,5,0.0,1,1994,Reptile__class,free_topic
7719,obl<nsubj>det> the,5,-0.0,2,1994,Reptile__class,free_topic
7722,obl<nsubj>nmod> ...,5,-0.0,1,1994,Reptile__class,free_topic
7723,obl<obj> ...,5,0.001,6,1994,Reptile__class,free_topic
7724,obl<obj> distance,5,0.0,1,1994,Reptile__class,free_topic
7726,obl<obj> they,5,-0.0,1,1994,Reptile__class,free_topic
7727,obl<obj>acl> ...,5,0.0,1,1994,Reptile__class,free_topic
7728,obl<obj>amod> ...,5,-0.0,1,1994,Reptile__class,free_topic
7729,obl<obj>amod> long,5,0.0,1,1994,Reptile__class,free_topic
7731,obl<obj>det> ...,5,0.001,2,1994,Reptile__class,free_topic
7732,obl<obj>det> a,5,0.0,1,1994,Reptile__class,free_topic
7733,obl<obj>nmod> ...,5,0.002,4,1994,Reptile__class,free_topic
7734,obl<obl> ...,5,0.003,12,1994,Reptile__class,free_topic
7735,obl<obl>amod> ...,5,0.0,3,1994,Reptile__class,free_topic
7736,obl<obl>case> ...,5,0.001,3,1994,Reptile__class,free_topic
7737,obl<obl>case> by,5,0.0,1,1994,Reptile__class,free_topic
7738,obl<obl>case> during,5,0.0,1,1994,Reptile__class,free_topic
7739,obl<obl>case> in,5,0.002,5,1994,Reptile__class,free_topic
7741,obl<obl>case> to,5,0.001,2,1994,Reptile__class,free_topic
7742,obl<obl>case> with,5,0.0,1,1994,Reptile__class,free_topic
7743,obl<obl>compound> ...,5,0.002,4,1994,Reptile__class,free_topic
7744,obl<obl>det> ...,5,0.002,3,1994,Reptile__class,free_topic
7745,obl<obl>det> the,5,0.001,4,1994,Reptile__class,free_topic
7746,obl<obl>nmod> ...,5,0.001,2,1994,Reptile__class,free_topic
7747,obl<parataxis< ...,5,0.001,3,1994,Reptile__class,free_topic
7750,obl<xcomp< ...,5,-0.0,1,1994,Reptile__class,free_topic
7751,obl<xcomp< safe,5,0.001,2,1994,Reptile__class,free_topic
7752,obl<xcomp< think,5,0.0,1,1994,Reptile__class,free_topic
7753,obl<xcomp<advmod> ...,5,0.0,1,1994,Reptile__class,free_topic
7754,obl<xcomp<advmod> ever,5,0.001,2,1994,Reptile__class,free_topic
7755,obl<xcomp<aux:pass> be,5,-0.0,1,1994,Reptile__class,free_topic
7757,obl<xcomp<aux> can,5,0.001,2,1994,Reptile__class,free_topic
7758,obl<xcomp<cop> be,5,0.001,2,1994,Reptile__class,free_topic
7759,obl<xcomp<nsubj:pass> ...,5,-0.0,1,1994,Reptile__class,free_topic
7760,obl<xcomp> ...,5,0.0,1,1994,Reptile__class,free_topic
7762,obl<xcomp>mark> to,5,0.0,1,1994,Reptile__class,free_topic
7763,parataxis< ...,5,-0.0,1,1994,Reptile__class,free_topic
7764,parataxis<obl> ...,5,0.001,2,1994,Reptile__class,free_topic
7765,parataxis<obl>case> ...,5,0.0,1,1994,Reptile__class,free_topic
7766,parataxis<obl>case> in,5,0.0,1,1994,Reptile__class,free_topic
7767,parataxis> ...,5,0.0,1,1994,Reptile__class,free_topic
7818,amod> ...,6,-0.01,1,96,Reptile__class,free_topic
7840,amod>obl:npmod> ...,6,0.032,1,96,Reptile__class,free_topic
7893,appos> ...,6,0.011,1,96,Reptile__class,free_topic
7904,appos>compound> ...,6,0.022,1,96,Reptile__class,free_topic
7921,cc> and,6,-0.001,1,96,Reptile__class,free_topic
8059,conj< ...,6,0.011,2,96,Reptile__class,free_topic
8080,conj<amod> ...,6,0.013,1,96,Reptile__class,free_topic
8099,conj<appos> ...,6,0.433,10,96,Reptile__class,free_topic
8104,conj<appos>appos> ...,6,0.046,1,96,Reptile__class,free_topic
8106,conj<appos>compound> ...,6,0.092,2,96,Reptile__class,free_topic
8111,conj<appos>flat> ...,6,0.276,6,96,Reptile__class,free_topic
8138,conj<conj> ...,6,0.755,27,96,Reptile__class,free_topic
8139,conj<conj> amphibian,6,0.026,1,96,Reptile__class,free_topic
8141,conj<conj> bird,6,0.04,2,96,Reptile__class,free_topic
8142,conj<conj> fish,6,0.02,1,96,Reptile__class,free_topic
8144,conj<conj> insect,6,0.021,1,96,Reptile__class,free_topic
8145,conj<conj> lizard,6,0.024,1,96,Reptile__class,free_topic
8147,conj<conj> snake,6,0.029,1,96,Reptile__class,free_topic
8148,conj<conj> turtle,6,0.02,1,96,Reptile__class,free_topic
8152,conj<conj>amod> ...,6,0.322,9,96,Reptile__class,free_topic
8154,conj<conj>amod> european,6,0.092,2,96,Reptile__class,free_topic
8159,conj<conj>amod> young,6,0.039,1,96,Reptile__class,free_topic
8160,conj<conj>appos> ...,6,0.244,6,96,Reptile__class,free_topic
8163,conj<conj>cc> and,6,0.071,4,96,Reptile__class,free_topic
8166,conj<conj>compound> ...,6,0.173,5,96,Reptile__class,free_topic
8172,conj<conj>compound> water,6,0.084,2,96,Reptile__class,free_topic
8177,conj<conj>nmod> ...,6,0.017,1,96,Reptile__class,free_topic
8255,conj<obj< include,6,0.021,1,96,Reptile__class,free_topic
8265,conj<obj<nsubj> ...,6,0.021,1,96,Reptile__class,free_topic
8307,conj<parataxis> ...,6,0.024,1,96,Reptile__class,free_topic
8311,conj<parataxis>advmod> especially,6,0.035,1,96,Reptile__class,free_topic
9065,acl:relcl> ...,7,0.007,9,1430,Reptile__class,free_topic
9066,acl:relcl> live,7,0.002,2,1430,Reptile__class,free_topic
9067,acl:relcl>advcl> ...,7,0.004,3,1430,Reptile__class,free_topic
9068,acl:relcl>advcl>mark> ...,7,0.001,1,1430,Reptile__class,free_topic
9069,acl:relcl>advcl>mark> while,7,0.002,2,1430,Reptile__class,free_topic
9070,acl:relcl>advcl>obj> ...,7,0.004,3,1430,Reptile__class,free_topic
9071,acl:relcl>advmod> ...,7,0.0,1,1430,Reptile__class,free_topic
9072,acl:relcl>nsubj> ...,7,0.001,1,1430,Reptile__class,free_topic
9073,acl:relcl>nsubj> that,7,0.004,5,1430,Reptile__class,free_topic
9074,acl:relcl>nsubj> which,7,0.004,4,1430,Reptile__class,free_topic
9075,acl:relcl>obj> ...,7,0.003,4,1430,Reptile__class,free_topic
9076,acl:relcl>obj>amod> ...,7,0.003,3,1430,Reptile__class,free_topic
9077,acl:relcl>obl> ...,7,0.006,6,1430,Reptile__class,free_topic
9078,acl:relcl>obl> dinosaur,7,0.002,2,1430,Reptile__class,free_topic
9079,acl:relcl>obl> time,7,0.002,2,1430,Reptile__class,free_topic
9080,acl:relcl>obl>amod> ...,7,0.003,3,1430,Reptile__class,free_topic
9081,acl:relcl>obl>amod> same,7,0.002,2,1430,Reptile__class,free_topic
9083,acl:relcl>obl>case> as,7,0.004,3,1430,Reptile__class,free_topic
9084,acl:relcl>obl>case> at,7,0.002,2,1430,Reptile__class,free_topic
9085,acl:relcl>obl>case> in,7,0.002,2,1430,Reptile__class,free_topic
9086,acl:relcl>obl>case> on,7,0.003,3,1430,Reptile__class,free_topic
9087,acl:relcl>obl>compound> ...,7,0.002,2,1430,Reptile__class,free_topic
9088,acl:relcl>obl>det> ...,7,0.001,1,1430,Reptile__class,free_topic
9089,acl:relcl>obl>det> the,7,0.002,2,1430,Reptile__class,free_topic
9090,acl> ...,7,0.001,4,1430,Reptile__class,free_topic
9093,acl>advmod> ...,7,0.0,1,1430,Reptile__class,free_topic
9094,acl>obj> ...,7,0.0,1,1430,Reptile__class,free_topic
9095,acl>obl> ...,7,0.002,4,1430,Reptile__class,free_topic
9097,acl>obl>amod> ...,7,0.003,3,1430,Reptile__class,free_topic
9098,acl>obl>case> ...,7,0.002,2,1430,Reptile__class,free_topic
9099,acl>obl>case> from,7,0.001,1,1430,Reptile__class,free_topic
9102,acl>obl>case> to,7,0.0,1,1430,Reptile__class,free_topic
9103,acl>obl>compound> ...,7,0.001,2,1430,Reptile__class,free_topic
9105,acl>obl>det> ...,7,0.001,1,1430,Reptile__class,free_topic
9106,acl>obl>det> the,7,0.001,2,1430,Reptile__class,free_topic
9107,advcl< ...,7,0.002,2,1430,Reptile__class,free_topic
9109,advmod> ...,7,0.002,6,1430,Reptile__class,free_topic
9112,advmod> rely,7,0.001,1,1430,Reptile__class,free_topic
9113,amod> ...,7,-0.004,33,1430,Reptile__class,free_topic
9114,amod> Nile,7,-0.0,1,1430,Reptile__class,free_topic
9115,amod> giant,7,0.003,5,1430,Reptile__class,free_topic
9116,amod> green,7,-0.0,1,1430,Reptile__class,free_topic
9117,amod> large,7,0.002,4,1430,Reptile__class,free_topic
9118,amod> like,7,0.0,2,1430,Reptile__class,free_topic
9119,amod> many,7,0.001,2,1430,Reptile__class,free_topic
9120,amod> modern,7,0.001,4,1430,Reptile__class,free_topic
9121,amod> most,7,0.002,4,1430,Reptile__class,free_topic
9122,amod> other,7,-0.001,2,1430,Reptile__class,free_topic
9123,amod> small,7,-0.001,1,1430,Reptile__class,free_topic
9124,amod>advmod> ...,7,-0.001,1,1430,Reptile__class,free_topic
9127,amod>advmod> most,7,0.0,1,1430,Reptile__class,free_topic
9137,amod>obl:npmod> turtle,7,0.001,1,1430,Reptile__class,free_topic
9138,amod>obl:npmod> yellow,7,0.0,1,1430,Reptile__class,free_topic
9139,amod>obl> ...,7,0.001,2,1430,Reptile__class,free_topic
9141,amod>obl>case> to,7,0.001,2,1430,Reptile__class,free_topic
9142,appos< ...,7,0.002,7,1430,Reptile__class,free_topic
9146,appos<amod> ...,7,0.0,1,1430,Reptile__class,free_topic
9150,appos<appos> ...,7,-0.0,2,1430,Reptile__class,free_topic
9154,appos<appos>compound> ...,7,-0.0,1,1430,Reptile__class,free_topic
9155,appos<case> ...,7,0.0,1,1430,Reptile__class,free_topic
9158,appos<compound> ...,7,0.002,3,1430,Reptile__class,free_topic
9159,appos<compound>compound> ...,7,0.001,1,1430,Reptile__class,free_topic
9160,appos<compound>compound> class,7,0.002,2,1430,Reptile__class,free_topic
9161,appos<conj> ...,7,-0.001,1,1430,Reptile__class,free_topic
9162,appos<conj>advmod> ...,7,0.004,3,1430,Reptile__class,free_topic
9168,appos<det> ...,7,0.001,1,1430,Reptile__class,free_topic
9170,appos<flat> ...,7,0.0,1,1430,Reptile__class,free_topic
9171,appos<nmod< ...,7,0.001,1,1430,Reptile__class,free_topic
9174,appos<nmod<amod> ...,7,0.004,3,1430,Reptile__class,free_topic
9175,appos<nmod> ...,7,0.0,1,1430,Reptile__class,free_topic
9176,appos<nmod>case> of,7,0.0,1,1430,Reptile__class,free_topic
9179,appos<nsubj> ...,7,0.002,2,1430,Reptile__class,free_topic
9180,appos<nsubj>det> the,7,0.002,2,1430,Reptile__class,free_topic
9184,appos<obl> ...,7,0.003,3,1430,Reptile__class,free_topic
9185,appos<obl>case> ...,7,0.002,2,1430,Reptile__class,free_topic
9186,appos<obl>case> in,7,0.001,1,1430,Reptile__class,free_topic
9188,appos> ...,7,0.001,7,1430,Reptile__class,free_topic
9195,appos>amod> ...,7,0.001,2,1430,Reptile__class,free_topic
9197,appos>appos> ...,7,-0.0,1,1430,Reptile__class,free_topic
9199,appos>compound> ...,7,0.0,2,1430,Reptile__class,free_topic
9200,appos>conj> ...,7,0.001,2,1430,Reptile__class,free_topic
9201,appos>conj>cc> and,7,0.001,2,1430,Reptile__class,free_topic
9203,case> ...,7,0.008,17,1430,Reptile__class,free_topic
9204,case> as,7,-0.0,3,1430,Reptile__class,free_topic
9205,case> by,7,0.0,3,1430,Reptile__class,free_topic
9206,case> for,7,0.004,5,1430,Reptile__class,free_topic
9207,case> in,7,0.003,10,1430,Reptile__class,free_topic
9208,case> like,7,0.006,10,1430,Reptile__class,free_topic
9209,case> of,7,-0.003,14,1430,Reptile__class,free_topic
9210,case> on,7,0.001,3,1430,Reptile__class,free_topic
9211,case> such,7,0.002,3,1430,Reptile__class,free_topic
9212,case> to,7,0.003,9,1430,Reptile__class,free_topic
9213,case> with,7,0.0,3,1430,Reptile__class,free_topic
9214,case>fixed> as,7,0.002,3,1430,Reptile__class,free_topic
9217,cc> but,7,0.0,1,1430,Reptile__class,free_topic
9230,compound< species,7,-0.001,1,1430,Reptile__class,free_topic
9235,compound<amod> ...,7,-0.001,1,1430,Reptile__class,free_topic
9240,compound<amod> other,7,0.0,1,1430,Reptile__class,free_topic
9276,compound<det> all,7,0.001,1,1430,Reptile__class,free_topic
9319,compound<obj< ...,7,0.0,1,1430,Reptile__class,free_topic
9320,compound<obj<obl> ...,7,0.0,1,1430,Reptile__class,free_topic
9335,compound> ...,7,-0.003,6,1430,Reptile__class,free_topic
9339,compound> box,7,-0.0,1,1430,Reptile__class,free_topic
9340,compound> desert,7,0.0,1,1430,Reptile__class,free_topic
9341,compound> marine,7,0.002,3,1430,Reptile__class,free_topic
9342,compound> river,7,0.003,3,1430,Reptile__class,free_topic
9343,compound> sea,7,-0.003,5,1430,Reptile__class,free_topic
9345,compound> yacare,7,0.0,1,1430,Reptile__class,free_topic
9346,compound>amod> ...,7,0.001,2,1430,Reptile__class,free_topic
9350,compound>compound> ...,7,-0.0,1,1430,Reptile__class,free_topic
9354,conj< ...,7,-0.003,2,1430,Reptile__class,free_topic
9372,conj<advmod> ...,7,-0.0,1,1430,Reptile__class,free_topic
9425,conj<compound> ...,7,-0.0,1,1430,Reptile__class,free_topic
9475,conj<cop> be,7,-0.0,1,1430,Reptile__class,free_topic
9544,conj<nsubj> they,7,0.0,1,1430,Reptile__class,free_topic
9547,conj<obj< ...,7,-0.0,1,1430,Reptile__class,free_topic
9552,conj<obj<advcl< ...,7,0.0,1,1430,Reptile__class,free_topic
9559,conj<obj<mark> while,7,0.001,1,1430,Reptile__class,free_topic
9560,conj<obj<nsubj> ...,7,-0.0,1,1430,Reptile__class,free_topic
9593,conj<obl> ...,7,-0.001,1,1430,Reptile__class,free_topic
9597,conj<obl>case> to,7,0.001,1,1430,Reptile__class,free_topic
9601,conj<obl>nmod> ...,7,-0.0,1,1430,Reptile__class,free_topic
9609,conj> ...,7,0.057,54,1430,Reptile__class,free_topic
9610,conj> Amphibians,7,0.001,2,1430,Reptile__class,free_topic
9611,conj> amphibian,7,0.005,4,1430,Reptile__class,free_topic
9612,conj> bird,7,0.006,6,1430,Reptile__class,free_topic
9613,conj> caiman,7,0.002,3,1430,Reptile__class,free_topic
9614,conj> dinosaur,7,0.007,6,1430,Reptile__class,free_topic
9615,conj> fish,7,0.004,3,1430,Reptile__class,free_topic
9616,conj> insect,7,0.002,2,1430,Reptile__class,free_topic
9617,conj> mammal,7,0.004,4,1430,Reptile__class,free_topic
9618,conj> species,7,0.006,5,1430,Reptile__class,free_topic
9619,conj> turtle,7,0.007,6,1430,Reptile__class,free_topic
9620,conj>acl> ...,7,0.001,1,1430,Reptile__class,free_topic
9621,conj>acl> live,7,0.002,2,1430,Reptile__class,free_topic
9622,conj>acl>obl> ...,7,0.001,1,1430,Reptile__class,free_topic
9623,conj>acl>obl> Islands,7,0.002,2,1430,Reptile__class,free_topic
9624,conj>advmod> ...,7,0.007,6,1430,Reptile__class,free_topic
9625,conj>amod> ...,7,0.026,22,1430,Reptile__class,free_topic
9626,conj>amod> amphibian,7,0.004,3,1430,Reptile__class,free_topic
9627,conj>amod> iconic,7,0.002,2,1430,Reptile__class,free_topic
9628,conj>amod> large,7,0.002,2,1430,Reptile__class,free_topic
9629,conj>amod> non-avian,7,0.002,2,1430,Reptile__class,free_topic
9630,conj>amod> other,7,0.008,7,1430,Reptile__class,free_topic
9631,conj>amod> related,7,0.005,4,1430,Reptile__class,free_topic
9632,conj>appos> ...,7,0.002,2,1430,Reptile__class,free_topic
9633,conj>aux> ...,7,0.0,1,1430,Reptile__class,free_topic
9634,conj>case> ...,7,0.006,5,1430,Reptile__class,free_topic
9635,conj>cc> &,7,0.0,1,1430,Reptile__class,free_topic
9636,conj>cc> ...,7,0.001,2,1430,Reptile__class,free_topic
9637,conj>cc> and,7,0.063,62,1430,Reptile__class,free_topic
9638,conj>cc> or,7,0.005,5,1430,Reptile__class,free_topic
9639,conj>compound> ...,7,0.01,10,1430,Reptile__class,free_topic
9640,conj>compound> River,7,0.002,2,1430,Reptile__class,free_topic
9641,conj>compound> sea,7,0.001,1,1430,Reptile__class,free_topic
9642,conj>compound>compound> ...,7,0.001,1,1430,Reptile__class,free_topic
9643,conj>compound>compound> Amazon,7,0.002,2,1430,Reptile__class,free_topic
9644,conj>compound>compound> giant,7,0.002,2,1430,Reptile__class,free_topic
9645,conj>det> ...,7,0.002,2,1430,Reptile__class,free_topic
9646,conj>det> a,7,0.008,7,1430,Reptile__class,free_topic
9647,conj>det> the,7,0.006,5,1430,Reptile__class,free_topic
9648,conj>nmod> ...,7,0.008,7,1430,Reptile__class,free_topic
9649,conj>nmod>amod> ...,7,0.005,4,1430,Reptile__class,free_topic
9650,conj>nmod>case> ...,7,0.004,3,1430,Reptile__class,free_topic
9651,conj>nmod>case> of,7,0.004,4,1430,Reptile__class,free_topic
9652,conj>nmod>compound> ...,7,0.002,2,1430,Reptile__class,free_topic
9653,conj>nsubj> ...,7,0.003,3,1430,Reptile__class,free_topic
9654,conj>obj> ...,7,0.0,1,1430,Reptile__class,free_topic
9655,cop> be,7,0.005,9,1430,Reptile__class,free_topic
9657,det> a,7,0.001,12,1430,Reptile__class,free_topic
9658,det> all,7,0.0,1,1430,Reptile__class,free_topic
9660,det> no,7,0.001,1,1430,Reptile__class,free_topic
9661,det> some,7,-0.0,1,1430,Reptile__class,free_topic
9663,det> the,7,0.004,23,1430,Reptile__class,free_topic
9664,det> these,7,0.0,1,1430,Reptile__class,free_topic
9671,list< ...,7,0.0,1,1430,Reptile__class,free_topic
9672,list<amod> ...,7,0.002,2,1430,Reptile__class,free_topic
9673,list<conj> ...,7,0.0,1,1430,Reptile__class,free_topic
9674,list<list> ...,7,0.005,4,1430,Reptile__class,free_topic
9675,list<list>nummod> ...,7,0.005,4,1430,Reptile__class,free_topic
9676,mark> ...,7,0.002,2,1430,Reptile__class,free_topic
9677,mark> as,7,0.001,1,1430,Reptile__class,free_topic
9678,mark> to,7,0.001,1,1430,Reptile__class,free_topic
9681,nmod:poss> world,7,0.002,2,1430,Reptile__class,free_topic
9682,nmod:poss>case> 's,7,0.0,2,1430,Reptile__class,free_topic
9684,nmod:poss>det> the,7,0.001,2,1430,Reptile__class,free_topic
9685,nmod< ...,7,-0.003,13,1430,Reptile__class,free_topic
9688,nmod< one,7,0.002,3,1430,Reptile__class,free_topic
9692,nmod< species,7,-0.001,1,1430,Reptile__class,free_topic
9693,nmod< that,7,-0.0,1,1430,Reptile__class,free_topic
9694,nmod< those,7,0.001,2,1430,Reptile__class,free_topic
9696,nmod<acl:relcl> ...,7,0.002,2,1430,Reptile__class,free_topic
9698,nmod<acl:relcl>advmod> ...,7,0.001,2,1430,Reptile__class,free_topic
9700,nmod<acl:relcl>nsubj> ...,7,0.001,1,1430,Reptile__class,free_topic
9701,nmod<acl:relcl>nsubj> which,7,0.0,1,1430,Reptile__class,free_topic
9706,nmod<advmod> ...,7,0.001,3,1430,Reptile__class,free_topic
9707,nmod<amod> ...,7,-0.002,3,1430,Reptile__class,free_topic
9712,nmod<amod> other,7,0.001,2,1430,Reptile__class,free_topic
9713,nmod<amod> several,7,0.0,1,1430,Reptile__class,free_topic
9716,nmod<appos< ...,7,0.002,2,1430,Reptile__class,free_topic
9718,nmod<appos<amod> ...,7,0.001,1,1430,Reptile__class,free_topic
9728,nmod<case> from,7,0.0,1,1430,Reptile__class,free_topic
9729,nmod<case> in,7,-0.0,1,1430,Reptile__class,free_topic
9730,nmod<case> of,7,-0.0,1,1430,Reptile__class,free_topic
9732,nmod<case> than,7,0.0,1,1430,Reptile__class,free_topic
9733,nmod<case> to,7,-0.0,1,1430,Reptile__class,free_topic
9735,nmod<cc> ...,7,0.0,1,1430,Reptile__class,free_topic
9737,nmod<compound> ...,7,-0.001,2,1430,Reptile__class,free_topic
9740,nmod<compound>compound> ...,7,0.0,1,1430,Reptile__class,free_topic
9741,nmod<conj< ...,7,0.0,2,1430,Reptile__class,free_topic
9742,nmod<conj<amod> ...,7,0.0,1,1430,Reptile__class,free_topic
9743,nmod<conj<case> ...,7,0.001,1,1430,Reptile__class,free_topic
9756,nmod<conj<det> the,7,0.001,1,1430,Reptile__class,free_topic
9758,nmod<conj> ...,7,0.005,8,1430,Reptile__class,free_topic
9760,nmod<conj>amod> ...,7,0.003,3,1430,Reptile__class,free_topic
9762,nmod<conj>cc> and,7,0.002,4,1430,Reptile__class,free_topic
9765,nmod<cop> be,7,-0.0,1,1430,Reptile__class,free_topic
9767,nmod<det> a,7,-0.001,2,1430,Reptile__class,free_topic
9768,nmod<det> some,7,0.0,1,1430,Reptile__class,free_topic
9769,nmod<det> the,7,-0.002,4,1430,Reptile__class,free_topic
9770,nmod<list<conj> species,7,0.004,3,1430,Reptile__class,free_topic
9772,nmod<nmod< ...,7,-0.001,1,1430,Reptile__class,free_topic
9784,nmod<nmod<obj< ...,7,0.0,1,1430,Reptile__class,free_topic
9787,nmod<nmod> ...,7,-0.001,1,1430,Reptile__class,free_topic
9788,nmod<nmod>case> ...,7,-0.0,1,1430,Reptile__class,free_topic
9794,nmod<nmod>det> the,7,-0.0,1,1430,Reptile__class,free_topic
9795,nmod<nsubj:pass< ...,7,-0.0,1,1430,Reptile__class,free_topic
9798,nmod<nsubj:pass<advmod> ...,7,0.0,1,1430,Reptile__class,free_topic
9800,nmod<nsubj:pass<aux:pass> be,7,-0.001,1,1430,Reptile__class,free_topic
9802,nmod<nsubj:pass<aux> have,7,-0.0,1,1430,Reptile__class,free_topic
9803,nmod<nsubj:pass<obl> ...,7,-0.0,1,1430,Reptile__class,free_topic
9804,nmod<nsubj< ...,7,-0.001,1,1430,Reptile__class,free_topic
9815,nmod<nsubj<conj> ...,7,-0.0,1,1430,Reptile__class,free_topic
9816,nmod<nsubj<cop> be,7,-0.0,1,1430,Reptile__class,free_topic
9823,nmod<nsubj<obl> ...,7,-0.0,1,1430,Reptile__class,free_topic
9825,nmod<nsubj> ...,7,0.0,2,1430,Reptile__class,free_topic
9826,nmod<nsubj>amod> ...,7,0.001,2,1430,Reptile__class,free_topic
9828,nmod<obj< ...,7,-0.001,2,1430,Reptile__class,free_topic
9829,nmod<obj< consider,7,0.001,1,1430,Reptile__class,free_topic
9830,nmod<obj< have,7,-0.0,1,1430,Reptile__class,free_topic
9831,nmod<obj< include,7,0.002,2,1430,Reptile__class,free_topic
9833,nmod<obj<acl:relcl< ...,7,0.0,1,1430,Reptile__class,free_topic
9836,nmod<obj<advmod> ...,7,-0.0,1,1430,Reptile__class,free_topic
9837,nmod<obj<advmod> also,7,0.001,1,1430,Reptile__class,free_topic
9843,nmod<obj<ccomp< ...,7,0.003,3,1430,Reptile__class,free_topic
9846,nmod<obj<mark> that,7,0.001,2,1430,Reptile__class,free_topic
9847,nmod<obj<mark> to,7,0.0,1,1430,Reptile__class,free_topic
9848,nmod<obj<nsubj> ...,7,-0.001,2,1430,Reptile__class,free_topic
9850,nmod<obj<nsubj> they,7,0.0,1,1430,Reptile__class,free_topic
9853,nmod<obj<xcomp< allow,7,0.001,1,1430,Reptile__class,free_topic
9854,nmod<obl< ...,7,-0.0,3,1430,Reptile__class,free_topic
9859,nmod<obl<aux:pass> be,7,0.0,1,1430,Reptile__class,free_topic
9861,nmod<obl<aux> have,7,0.001,1,1430,Reptile__class,free_topic
9863,nmod<obl<cop> be,7,-0.0,1,1430,Reptile__class,free_topic
9864,nmod<obl<mark> ...,7,0.0,1,1430,Reptile__class,free_topic
9865,nmod<obl<nsubj:pass> ...,7,0.0,1,1430,Reptile__class,free_topic
9866,nmod<obl<nsubj> ...,7,-0.0,1,1430,Reptile__class,free_topic
9867,nmod<obl<obl> ...,7,0.002,3,1430,Reptile__class,free_topic
9868,nmod<obl<parataxis< ...,7,0.0,1,1430,Reptile__class,free_topic
9870,nmod> ...,7,-0.003,5,1430,Reptile__class,free_topic
9877,nmod> bird,7,0.0,1,1430,Reptile__class,free_topic
9883,nmod>appos> ...,7,0.0,1,1430,Reptile__class,free_topic
9887,nmod>case> include,7,-0.0,1,1430,Reptile__class,free_topic
9889,nmod>case> of,7,-0.001,2,1430,Reptile__class,free_topic
9890,nmod>case> on,7,-0.0,1,1430,Reptile__class,free_topic
9891,nmod>case> such,7,-0.0,1,1430,Reptile__class,free_topic
9894,nmod>case>fixed> as,7,-0.0,1,1430,Reptile__class,free_topic
9895,nmod>compound> ...,7,-0.001,2,1430,Reptile__class,free_topic
9898,nmod>conj> ...,7,-0.001,1,1430,Reptile__class,free_topic
9901,nmod>conj>cc> and,7,-0.001,1,1430,Reptile__class,free_topic
9903,nmod>det> the,7,-0.001,1,1430,Reptile__class,free_topic
9904,nmod>nmod:poss> its,7,0.0,2,1430,Reptile__class,free_topic
9905,nmod>nmod> ...,7,-0.001,1,1430,Reptile__class,free_topic
9907,nmod>nmod>case> ...,7,0.0,1,1430,Reptile__class,free_topic
9913,nsubj:pass< ...,7,0.0,4,1430,Reptile__class,free_topic
9916,nsubj:pass< know,7,0.0,1,1430,Reptile__class,free_topic
9923,nsubj:pass<advcl> ...,7,0.001,2,1430,Reptile__class,free_topic
9924,nsubj:pass<advcl>mark> ...,7,0.001,1,1430,Reptile__class,free_topic
9926,nsubj:pass<advcl>obl> ...,7,0.003,3,1430,Reptile__class,free_topic
9927,nsubj:pass<advmod> ...,7,-0.001,1,1430,Reptile__class,free_topic
9929,nsubj:pass<aux:pass> be,7,-0.001,5,1430,Reptile__class,free_topic
9933,nsubj:pass<conj> ...,7,-0.0,1,1430,Reptile__class,free_topic
9934,nsubj:pass<conj>amod> ...,7,0.0,1,1430,Reptile__class,free_topic
9936,nsubj:pass<conj>cc> and,7,0.001,1,1430,Reptile__class,free_topic
9938,nsubj:pass<conj>nmod> ...,7,0.0,1,1430,Reptile__class,free_topic
9941,nsubj:pass<obl> ...,7,-0.001,4,1430,Reptile__class,free_topic
9943,nsubj:pass<obl> hippo,7,0.001,1,1430,Reptile__class,free_topic
9946,nsubj:pass<obl>amod> ...,7,0.0,2,1430,Reptile__class,free_topic
9949,nsubj:pass<obl>case> by,7,0.002,2,1430,Reptile__class,free_topic
9951,nsubj:pass<obl>case> for,7,0.0,1,1430,Reptile__class,free_topic
9953,nsubj:pass<obl>case> on,7,0.001,1,1430,Reptile__class,free_topic
9954,nsubj:pass<obl>case> to,7,0.0,1,1430,Reptile__class,free_topic
9957,nsubj:pass<obl>det> ...,7,0.001,1,1430,Reptile__class,free_topic
9958,nsubj:pass<obl>det> a,7,0.0,1,1430,Reptile__class,free_topic
9960,nsubj:pass<obl>nmod> ...,7,0.0,2,1430,Reptile__class,free_topic
9969,nsubj< ...,7,-0.003,5,1430,Reptile__class,free_topic
9974,nsubj< have,7,-0.0,1,1430,Reptile__class,free_topic
9975,nsubj< include,7,0.0,1,1430,Reptile__class,free_topic
9986,nsubj<advcl< ...,7,-0.0,1,1430,Reptile__class,free_topic
9987,nsubj<advcl<advmod> ...,7,0.0,1,1430,Reptile__class,free_topic
9988,nsubj<advcl<cop> be,7,0.0,1,1430,Reptile__class,free_topic
9989,nsubj<advcl<nsubj> ...,7,-0.0,1,1430,Reptile__class,free_topic
9991,nsubj<advcl<obl> ...,7,0.0,1,1430,Reptile__class,free_topic
9992,nsubj<advcl> ...,7,-0.001,1,1430,Reptile__class,free_topic
9997,nsubj<advcl>mark> as,7,0.0,1,1430,Reptile__class,free_topic
10004,nsubj<advcl>obl> ...,7,-0.0,1,1430,Reptile__class,free_topic
10009,nsubj<advmod> ever,7,0.001,1,1430,Reptile__class,free_topic
10011,nsubj<amod> ...,7,-0.0,1,1430,Reptile__class,free_topic
10012,nsubj<appos>amod> ...,7,0.0,1,1430,Reptile__class,free_topic
10014,nsubj<aux> be,7,0.001,1,1430,Reptile__class,free_topic
10019,nsubj<cc> and,7,0.0,1,1430,Reptile__class,free_topic
10020,nsubj<ccomp< ...,7,0.0,2,1430,Reptile__class,free_topic
10021,nsubj<ccomp<advmod> ...,7,0.001,2,1430,Reptile__class,free_topic
10022,nsubj<ccomp<aux:pass> be,7,0.0,1,1430,Reptile__class,free_topic
10024,nsubj<ccomp<nsubj:pass> it,7,0.001,1,1430,Reptile__class,free_topic
10026,nsubj<ccomp<nsubj> study,7,0.001,1,1430,Reptile__class,free_topic
10027,nsubj<ccomp> ...,7,0.0,1,1430,Reptile__class,free_topic
10028,nsubj<ccomp>nsubj> ...,7,0.0,1,1430,Reptile__class,free_topic
10029,nsubj<conj< ...,7,0.0,1,1430,Reptile__class,free_topic
10030,nsubj<conj<advmod> ...,7,0.002,2,1430,Reptile__class,free_topic
10047,nsubj<cop> be,7,-0.001,2,1430,Reptile__class,free_topic
10053,nsubj<mark> that,7,0.001,2,1430,Reptile__class,free_topic
10054,nsubj<mark> while,7,0.0,1,1430,Reptile__class,free_topic
10066,nsubj<obj> ...,7,-0.001,2,1430,Reptile__class,free_topic
10071,nsubj<obj>amod> ...,7,-0.0,2,1430,Reptile__class,free_topic
10075,nsubj<obj>conj> ...,7,0.002,3,1430,Reptile__class,free_topic
10077,nsubj<obj>det> the,7,-0.0,1,1430,Reptile__class,free_topic
10102,nsubj<parataxis> ...,7,-0.0,1,1430,Reptile__class,free_topic
10103,nsubj<parataxis>advmod> ...,7,-0.0,1,1430,Reptile__class,free_topic
10104,nsubj<parataxis>conj> ...,7,0.001,2,1430,Reptile__class,free_topic
10105,nsubj<parataxis>cop> be,7,0.0,1,1430,Reptile__class,free_topic
10106,nsubj<parataxis>nsubj> ...,7,0.0,1,1430,Reptile__class,free_topic
10107,nsubj<xcomp> ...,7,0.0,2,1430,Reptile__class,free_topic
10108,nsubj<xcomp>mark> to,7,0.0,1,1430,Reptile__class,free_topic
10109,nsubj<xcomp>obj> ...,7,0.0,1,1430,Reptile__class,free_topic
10111,nsubj> ...,7,0.006,9,1430,Reptile__class,free_topic
10112,nsubj>amod> ...,7,0.0,1,1430,Reptile__class,free_topic
10114,nsubj>det> ...,7,0.001,1,1430,Reptile__class,free_topic
10115,nsubj>det> the,7,0.001,2,1430,Reptile__class,free_topic
10116,nummod> ...,7,0.001,2,1430,Reptile__class,free_topic
10117,nummod> marine,7,0.001,2,1430,Reptile__class,free_topic
10119,obj< ...,7,0.001,6,1430,Reptile__class,free_topic
10122,obj< giant,7,0.002,2,1430,Reptile__class,free_topic
10124,obj< include,7,0.004,4,1430,Reptile__class,free_topic
10125,obj< keep,7,0.0,1,1430,Reptile__class,free_topic
10128,obj< threaten,7,0.002,2,1430,Reptile__class,free_topic
10129,obj<acl:relcl< ...,7,0.005,5,1430,Reptile__class,free_topic
10130,obj<acl:relcl< evidence,7,0.002,2,1430,Reptile__class,free_topic
10131,obj<acl:relcl<amod> ...,7,0.002,2,1430,Reptile__class,free_topic
10132,obj<acl:relcl<amod> first,7,0.002,2,1430,Reptile__class,free_topic
10133,obj<acl:relcl<det> the,7,0.005,4,1430,Reptile__class,free_topic
10152,obj<advcl< ...,7,0.0,2,1430,Reptile__class,free_topic
10153,obj<advcl<advmod> ...,7,0.0,1,1430,Reptile__class,free_topic
10154,obj<advcl<aux:pass> be,7,0.0,1,1430,Reptile__class,free_topic
10155,obj<advcl<aux> have,7,0.002,2,1430,Reptile__class,free_topic
10156,obj<advcl<nsubj:pass> ...,7,0.0,1,1430,Reptile__class,free_topic
10157,obj<advcl<nsubj> ...,7,0.001,1,1430,Reptile__class,free_topic
10159,obj<advcl<obl> ...,7,-0.0,1,1430,Reptile__class,free_topic
10164,obj<aux> be,7,0.002,2,1430,Reptile__class,free_topic
10165,obj<aux> may,7,0.001,1,1430,Reptile__class,free_topic
10166,obj<conj> ...,7,-0.0,1,1430,Reptile__class,free_topic
10168,obj<conj>cc> and,7,0.001,1,1430,Reptile__class,free_topic
10172,obj<mark> ...,7,0.001,2,1430,Reptile__class,free_topic
10175,obj<nmod> ...,7,0.001,1,1430,Reptile__class,free_topic
10177,obj<nmod>case> ...,7,0.001,1,1430,Reptile__class,free_topic
10179,obj<nsubj> ...,7,0.001,3,1430,Reptile__class,free_topic
10181,obj<nsubj> mosquito,7,0.002,2,1430,Reptile__class,free_topic
10182,obj<nsubj> that,7,0.005,5,1430,Reptile__class,free_topic
10183,obj<nsubj> which,7,0.002,2,1430,Reptile__class,free_topic
10184,obj<nsubj>amod> ...,7,0.002,2,1430,Reptile__class,free_topic
10185,obj<nsubj>amod> tiny,7,0.002,2,1430,Reptile__class,free_topic
10187,obj<nsubj>det> a,7,0.002,2,1430,Reptile__class,free_topic
10191,obj<obl> ...,7,-0.001,1,1430,Reptile__class,free_topic
10192,obj<obl> year,7,0.001,1,1430,Reptile__class,free_topic
10194,obj<obl>case> ...,7,-0.0,1,1430,Reptile__class,free_topic
10195,obj<obl>case> for,7,0.0,1,1430,Reptile__class,free_topic
10199,obj<obl>nummod> ...,7,0.0,1,1430,Reptile__class,free_topic
10209,obl< ...,7,0.019,36,1430,Reptile__class,free_topic
10210,obl< belong,7,0.002,2,1430,Reptile__class,free_topic
10212,obl< feed,7,0.002,2,1430,Reptile__class,free_topic
10214,obl< have,7,0.005,4,1430,Reptile__class,free_topic
10215,obl< kill,7,0.002,2,1430,Reptile__class,free_topic
10216,obl< know,7,0.001,2,1430,Reptile__class,free_topic
10217,obl< related,7,-0.0,1,1430,Reptile__class,free_topic
10218,obl< see,7,0.002,2,1430,Reptile__class,free_topic
10219,obl< similar,7,0.0,1,1430,Reptile__class,free_topic
10220,obl<acl:relcl< ...,7,0.0,1,1430,Reptile__class,free_topic
10221,obl<acl:relcl<case> ...,7,0.0,1,1430,Reptile__class,free_topic
10222,obl<acl:relcl<det> ...,7,0.001,1,1430,Reptile__class,free_topic
10224,obl<acl< ...,7,-0.001,1,1430,Reptile__class,free_topic
10225,obl<acl<amod> ...,7,-0.0,1,1430,Reptile__class,free_topic
10228,obl<acl<det> the,7,-0.0,1,1430,Reptile__class,free_topic
10229,obl<acl<nsubj< ...,7,0.0,1,1430,Reptile__class,free_topic
10230,obl<advcl< ...,7,0.006,6,1430,Reptile__class,free_topic
10231,obl<advcl<advmod> ...,7,0.004,3,1430,Reptile__class,free_topic
10232,obl<advcl<nsubj> ...,7,0.003,3,1430,Reptile__class,free_topic
10233,obl<advcl<obj> ...,7,0.003,3,1430,Reptile__class,free_topic
10234,obl<advcl<obl> ...,7,0.003,3,1430,Reptile__class,free_topic
10235,obl<advcl> ...,7,0.002,4,1430,Reptile__class,free_topic
10236,obl<advcl>mark> ...,7,0.003,4,1430,Reptile__class,free_topic
10237,obl<advcl>obl> ...,7,0.0,1,1430,Reptile__class,free_topic
10238,obl<advmod> ...,7,0.004,7,1430,Reptile__class,free_topic
10239,obl<advmod> also,7,0.001,2,1430,Reptile__class,free_topic
10241,obl<advmod> generally,7,0.002,2,1430,Reptile__class,free_topic
10242,obl<advmod> however,7,0.002,2,1430,Reptile__class,free_topic
10243,obl<advmod> more,7,0.001,1,1430,Reptile__class,free_topic
10244,obl<advmod> not,7,0.002,2,1430,Reptile__class,free_topic
10246,obl<advmod> primarily,7,0.002,2,1430,Reptile__class,free_topic
10247,obl<amod< ...,7,0.002,3,1430,Reptile__class,free_topic
10248,obl<amod<amod> ...,7,0.0,1,1430,Reptile__class,free_topic
10249,obl<amod<det> ...,7,0.002,2,1430,Reptile__class,free_topic
10250,obl<amod<nsubj> ...,7,0.001,2,1430,Reptile__class,free_topic
10252,obl<aux:pass> be,7,0.003,8,1430,Reptile__class,free_topic
10253,obl<aux> ...,7,0.002,2,1430,Reptile__class,free_topic
10254,obl<aux> do,7,0.002,2,1430,Reptile__class,free_topic
10255,obl<aux> have,7,0.004,5,1430,Reptile__class,free_topic
10256,obl<aux> may,7,0.001,1,1430,Reptile__class,free_topic
10257,obl<cc> and,7,0.004,4,1430,Reptile__class,free_topic
10258,obl<cc> but,7,0.001,1,1430,Reptile__class,free_topic
10259,obl<ccomp< ...,7,0.008,8,1430,Reptile__class,free_topic
10260,obl<ccomp<advmod> ...,7,0.0,1,1430,Reptile__class,free_topic
10261,obl<ccomp<aux:pass> be,7,0.0,1,1430,Reptile__class,free_topic
10262,obl<ccomp<conj> ...,7,0.0,1,1430,Reptile__class,free_topic
10263,obl<ccomp<nsubj:pass> ...,7,0.0,1,1430,Reptile__class,free_topic
10264,obl<ccomp<nsubj> ...,7,0.005,5,1430,Reptile__class,free_topic
10265,obl<ccomp<obl> ...,7,0.0,1,1430,Reptile__class,free_topic
10266,obl<ccomp> ...,7,0.001,2,1430,Reptile__class,free_topic
10267,obl<conj< ...,7,0.004,5,1430,Reptile__class,free_topic
10268,obl<conj<conj> ...,7,0.004,4,1430,Reptile__class,free_topic
10269,obl<conj<nsubj> ...,7,0.004,3,1430,Reptile__class,free_topic
10271,obl<conj> ...,7,0.002,6,1430,Reptile__class,free_topic
10273,obl<conj>advmod> ...,7,0.001,2,1430,Reptile__class,free_topic
10276,obl<conj>cc> and,7,-0.0,1,1430,Reptile__class,free_topic
10277,obl<conj>cc> but,7,0.004,4,1430,Reptile__class,free_topic
10278,obl<conj>nsubj> ...,7,0.001,1,1430,Reptile__class,free_topic
10279,obl<conj>nsubj> they,7,0.001,1,1430,Reptile__class,free_topic
10280,obl<conj>obj> ...,7,0.003,3,1430,Reptile__class,free_topic
10281,obl<conj>obl> ...,7,0.0,1,1430,Reptile__class,free_topic
10282,obl<cop> be,7,0.007,10,1430,Reptile__class,free_topic
10283,obl<mark> ...,7,0.003,3,1430,Reptile__class,free_topic
10284,obl<mark> as,7,0.004,3,1430,Reptile__class,free_topic
10285,obl<mark> that,7,0.004,4,1430,Reptile__class,free_topic
10286,obl<mark> to,7,0.002,4,1430,Reptile__class,free_topic
10289,obl<nsubj:pass> ...,7,0.0,3,1430,Reptile__class,free_topic
10291,obl<nsubj:pass> genera,7,0.001,1,1430,Reptile__class,free_topic
10293,obl<nsubj:pass>amod> ...,7,-0.0,1,1430,Reptile__class,free_topic
10298,obl<nsubj> ...,7,0.019,24,1430,Reptile__class,free_topic
10300,obl<nsubj> they,7,0.001,2,1430,Reptile__class,free_topic
10301,obl<nsubj> this,7,0.0,1,1430,Reptile__class,free_topic
10302,obl<nsubj> turtle,7,0.003,3,1430,Reptile__class,free_topic
10303,obl<nsubj>amod> ...,7,0.01,10,1430,Reptile__class,free_topic
10304,obl<nsubj>appos> ...,7,0.002,2,1430,Reptile__class,free_topic
10305,obl<nsubj>compound> ...,7,0.005,5,1430,Reptile__class,free_topic
10306,obl<nsubj>compound> sea,7,0.001,1,1430,Reptile__class,free_topic
10307,obl<nsubj>det> ...,7,0.001,1,1430,Reptile__class,free_topic
10308,obl<nsubj>det> a,7,0.001,1,1430,Reptile__class,free_topic
10309,obl<nsubj>det> the,7,0.008,8,1430,Reptile__class,free_topic
10310,obl<nsubj>list> ...,7,0.002,2,1430,Reptile__class,free_topic
10311,obl<nsubj>list> greens,7,0.002,2,1430,Reptile__class,free_topic
10312,obl<nsubj>nmod> ...,7,0.003,3,1430,Reptile__class,free_topic
10313,obl<obj> ...,7,0.007,9,1430,Reptile__class,free_topic
10314,obl<obj> distance,7,0.001,1,1430,Reptile__class,free_topic
10315,obl<obj> scale,7,0.002,2,1430,Reptile__class,free_topic
10316,obl<obj> they,7,0.001,2,1430,Reptile__class,free_topic
10317,obl<obj>acl> ...,7,0.002,2,1430,Reptile__class,free_topic
10318,obl<obj>amod> ...,7,0.009,8,1430,Reptile__class,free_topic
10319,obl<obj>amod> long,7,0.001,1,1430,Reptile__class,free_topic
10320,obl<obj>conj> ...,7,0.004,3,1430,Reptile__class,free_topic
10321,obl<obj>det> ...,7,0.0,1,1430,Reptile__class,free_topic
10322,obl<obj>det> a,7,0.001,1,1430,Reptile__class,free_topic
10323,obl<obj>nmod> ...,7,0.001,2,1430,Reptile__class,free_topic
10324,obl<obl> ...,7,0.012,15,1430,Reptile__class,free_topic
10325,obl<obl>amod> ...,7,0.008,8,1430,Reptile__class,free_topic
10326,obl<obl>case> ...,7,0.002,3,1430,Reptile__class,free_topic
10327,obl<obl>case> by,7,0.002,2,1430,Reptile__class,free_topic
10328,obl<obl>case> during,7,0.001,1,1430,Reptile__class,free_topic
10329,obl<obl>case> in,7,0.004,5,1430,Reptile__class,free_topic
10330,obl<obl>case> instead,7,0.002,2,1430,Reptile__class,free_topic
10331,obl<obl>case> to,7,0.0,1,1430,Reptile__class,free_topic
10332,obl<obl>case> with,7,0.001,1,1430,Reptile__class,free_topic
10333,obl<obl>compound> ...,7,0.001,2,1430,Reptile__class,free_topic
10335,obl<obl>det> the,7,0.005,6,1430,Reptile__class,free_topic
10336,obl<obl>nmod> ...,7,0.001,2,1430,Reptile__class,free_topic
10337,obl<parataxis< ...,7,0.0,1,1430,Reptile__class,free_topic
10338,obl<parataxis> ...,7,0.005,4,1430,Reptile__class,free_topic
10339,obl<parataxis>obj> ...,7,0.004,3,1430,Reptile__class,free_topic
10340,obl<xcomp< ...,7,0.003,3,1430,Reptile__class,free_topic
10342,obl<xcomp< think,7,0.0,1,1430,Reptile__class,free_topic
10343,obl<xcomp<advmod> ...,7,0.001,1,1430,Reptile__class,free_topic
10345,obl<xcomp<aux:pass> be,7,0.003,3,1430,Reptile__class,free_topic
10346,obl<xcomp<aux> ...,7,0.001,1,1430,Reptile__class,free_topic
10348,obl<xcomp<cop> be,7,0.0,1,1430,Reptile__class,free_topic
10349,obl<xcomp<nsubj:pass> ...,7,0.001,2,1430,Reptile__class,free_topic
10351,obl<xcomp> have,7,0.002,2,1430,Reptile__class,free_topic
10352,obl<xcomp>mark> to,7,0.002,2,1430,Reptile__class,free_topic
10353,parataxis< ...,7,0.003,3,1430,Reptile__class,free_topic
10354,parataxis<obl> ...,7,0.001,2,1430,Reptile__class,free_topic
10355,parataxis<obl>case> ...,7,0.001,1,1430,Reptile__class,free_topic
10356,parataxis<obl>case> in,7,0.001,1,1430,Reptile__class,free_topic
10357,parataxis> ...,7,0.0,1,1430,Reptile__class,free_topic
10358,parataxis> species,7,0.002,2,1430,Reptile__class,free_topic
10359,parataxis>obj>conj> ...,7,0.006,5,1430,Reptile__class,free_topic
