feat	count	weight	rel_role	group_name
amod> ...	83.0	1.097	adaptation_comment	Reptile__class
nmod>case> ...	36.0	0.995	adaptation_comment	Reptile__class
nmod> ...	36.0	0.684	adaptation_comment	Reptile__class
cop> ...	35.0	0.26	adaptation_comment	Reptile__class
cop> be	35.0	0.26	adaptation_comment	Reptile__class
nsubj<obj>conj> ...	34.0	1.003	adaptation_comment	Reptile__class
case> ...	31.0	0.845	adaptation_comment	Reptile__class
nsubj> ...	30.0	0.409	adaptation_comment	Reptile__class
det> ...	26.0	0.678	adaptation_comment	Reptile__class
compound> ...	22.0	0.494	adaptation_comment	Reptile__class
nsubj<conj> ...	19.0	0.217	adaptation_comment	Reptile__class
nsubj< ...	18.0	0.724	adaptation_comment	Reptile__class
nmod>case> of	17.0	1.091	adaptation_comment	Reptile__class
obj< ...	15.0	0.359	adaptation_comment	Reptile__class
nmod>conj> ...	14.0	0.517	adaptation_comment	Reptile__class
det> the	14.0	0.844	adaptation_comment	Reptile__class
obl< ...	14.0	0.711	adaptation_comment	Reptile__class
conj> ...	14.0	0.924	adaptation_comment	Reptile__class
nmod< ...	14.0	0.445	adaptation_comment	Reptile__class
conj<nsubj<conj> ...	13.0	0.46	adaptation_comment	Reptile__class
conj>cc> ...	13.0	0.662	adaptation_comment	Reptile__class
nsubj>conj> ...	12.0	0.467	adaptation_comment	Reptile__class
amod> other	11.0	1.202	adaptation_comment	Reptile__class
advmod> ...	11.0	0.42	adaptation_comment	Reptile__class
nsubj>amod> ...	10.0	0.321	adaptation_comment	Reptile__class
amod< ...	10.0	0.455	adaptation_comment	Reptile__class
obj<nsubj> ...	10.0	0.256	adaptation_comment	Reptile__class
nmod>amod> ...	9.0	0.572	adaptation_comment	Reptile__class
conj>cc> and	9.0	0.842	adaptation_comment	Reptile__class
nmod>case> in	9.0	1.072	adaptation_comment	Reptile__class
nmod>det> ...	9.0	0.484	adaptation_comment	Reptile__class
amod<case> ...	9.0	0.591	adaptation_comment	Reptile__class
amod<conj> ...	8.0	0.285	adaptation_comment	Reptile__class
nsubj<obj> ...	8.0	0.201	adaptation_comment	Reptile__class
nsubj> crocodile	8.0	0.41	adaptation_comment	Reptile__class
nsubj<conj>cc> and	8.0	0.598	adaptation_comment	Reptile__class
nsubj<conj>cc> ...	8.0	0.677	adaptation_comment	Reptile__class
acl:relcl> ...	7.0	0.433	adaptation_comment	Reptile__class
nmod>det> the	7.0	0.479	adaptation_comment	Reptile__class
conj< ...	7.0	0.624	adaptation_comment	Reptile__class
nmod:poss> ...	7.0	0.229	adaptation_comment	Reptile__class
case> of	7.0	0.897	adaptation_comment	Reptile__class
acl:relcl>nsubj> ...	7.0	0.227	adaptation_comment	Reptile__class
mark> ...	7.0	0.325	adaptation_comment	Reptile__class
nsubj< include	7.0	0.816	adaptation_comment	Reptile__class
det> a	7.0	0.769	adaptation_comment	Reptile__class
nmod>conj>cc> and	6.0	0.157	adaptation_comment	Reptile__class
cc> ...	6.0	0.86	adaptation_comment	Reptile__class
nsubj<cop> ...	6.0	0.586	adaptation_comment	Reptile__class
advcl> ...	6.0	0.403	adaptation_comment	Reptile__class
amod<obl< ...	6.0	0.521	adaptation_comment	Reptile__class
nsubj<cop> be	6.0	0.598	adaptation_comment	Reptile__class
nsubj<obj>conj> crocodile	6.0	1.041	adaptation_comment	Reptile__class
obj<conj> ...	6.0	0.562	adaptation_comment	Reptile__class
nsubj>compound> ...	6.0	0.589	adaptation_comment	Reptile__class
nmod>compound> ...	6.0	0.302	adaptation_comment	Reptile__class
amod>advmod> ...	6.0	0.651	adaptation_comment	Reptile__class
cc> and	6.0	0.908	adaptation_comment	Reptile__class
nmod>conj>cc> ...	6.0	0.196	adaptation_comment	Reptile__class
compound<compound>compound> ...	5.0	0.463	adaptation_comment	Reptile__class
amod> large	5.0	1.162	adaptation_comment	Reptile__class
xcomp< ...	5.0	0.171	adaptation_comment	Reptile__class
nsubj<obl>case> ...	5.0	0.873	adaptation_comment	Reptile__class
obl>case> ...	5.0	0.297	adaptation_comment	Reptile__class
nsubj<obl> ...	5.0	0.54	adaptation_comment	Reptile__class
nsubj>det> the	5.0	0.507	adaptation_comment	Reptile__class
nmod<obj< ...	5.0	0.556	adaptation_comment	Reptile__class
obl> ...	5.0	0.502	adaptation_comment	Reptile__class
obl<mark> ...	5.0	0.625	adaptation_comment	Reptile__class
nsubj>det> ...	5.0	0.415	adaptation_comment	Reptile__class
nsubj<conj>amod> ...	5.0	0.484	adaptation_comment	Reptile__class
ccomp< ...	5.0	0.147	adaptation_comment	Reptile__class
nsubj<obj>amod> ...	5.0	0.309	adaptation_comment	Reptile__class
nmod>conj>amod> ...	5.0	0.297	adaptation_comment	Reptile__class
nmod<case> ...	5.0	0.751	adaptation_comment	Reptile__class
nmod>case>fixed> as	4.0	0.385	adaptation_comment	Reptile__class
obl<advcl<advmod> ...	4.0	0.347	adaptation_comment	Reptile__class
nmod<det> ...	4.0	0.595	adaptation_comment	Reptile__class
mark> that	4.0	0.46	adaptation_comment	Reptile__class
nsubj<obl>nmod> ...	4.0	0.398	adaptation_comment	Reptile__class
parataxis<conj> ...	4.0	0.409	adaptation_comment	Reptile__class
obl<advcl<cop> ...	4.0	0.548	adaptation_comment	Reptile__class
obl<advcl< ...	4.0	0.382	adaptation_comment	Reptile__class
parataxis< ...	4.0	0.178	adaptation_comment	Reptile__class
nsubj>conj>amod> ...	4.0	0.26	adaptation_comment	Reptile__class
advcl>obl> ...	4.0	0.536	adaptation_comment	Reptile__class
obl<aux:pass> ...	4.0	0.343	adaptation_comment	Reptile__class
nmod>case>fixed> ...	4.0	0.384	adaptation_comment	Reptile__class
nmod>case> such	4.0	0.869	adaptation_comment	Reptile__class
advcl>obl>case> ...	4.0	0.4	adaptation_comment	Reptile__class
obl<advcl<nsubj> ...	4.0	0.359	adaptation_comment	Reptile__class
amod<conj>cc> ...	4.0	0.59	adaptation_comment	Reptile__class
nmod:poss> they	4.0	0.323	adaptation_comment	Reptile__class
acl:relcl>obl> ...	4.0	0.23	adaptation_comment	Reptile__class
acl:relcl>obl>case> ...	4.0	0.516	adaptation_comment	Reptile__class
xcomp<nsubj> ...	4.0	0.395	adaptation_comment	Reptile__class
amod<det> ...	4.0	0.5	adaptation_comment	Reptile__class
acl:relcl>nsubj> that	4.0	0.256	adaptation_comment	Reptile__class
nmod>nmod:poss> ...	4.0	0.397	adaptation_comment	Reptile__class
obj< have	4.0	0.403	adaptation_comment	Reptile__class
obj<conj>cc> and	4.0	0.317	adaptation_comment	Reptile__class
nsubj> they	4.0	0.471	adaptation_comment	Reptile__class
nmod<conj> ...	4.0	0.23	adaptation_comment	Reptile__class
conj<nsubj> ...	4.0	0.45	adaptation_comment	Reptile__class
nsubj<obj>conj> dog	4.0	1.059	adaptation_comment	Reptile__class
obj<obl> ...	4.0	0.176	adaptation_comment	Reptile__class
obl<nsubj> ...	4.0	0.795	adaptation_comment	Reptile__class
obj<conj>cc> ...	4.0	0.355	adaptation_comment	Reptile__class
obj<aux> ...	4.0	0.309	adaptation_comment	Reptile__class
parataxis>nsubj> ...	4.0	0.352	adaptation_comment	Reptile__class
obl<obl>case> ...	4.0	0.403	adaptation_comment	Reptile__class
obl<obl> ...	4.0	0.418	adaptation_comment	Reptile__class
acl> ...	4.0	0.369	adaptation_comment	Reptile__class
obj<obl>case> ...	4.0	0.493	adaptation_comment	Reptile__class
conj>amod> ...	4.0	0.295	adaptation_comment	Reptile__class
obl<advcl<cop> be	4.0	0.548	adaptation_comment	Reptile__class
obl<aux:pass> be	4.0	0.343	adaptation_comment	Reptile__class
nsubj< crocodile	4.0	0.746	adaptation_comment	Reptile__class
amod<nmod> ...	4.0	0.54	adaptation_comment	Reptile__class
amod<nmod>case> ...	4.0	0.413	adaptation_comment	Reptile__class
parataxis> ...	4.0	0.23	adaptation_comment	Reptile__class
nsubj<conj> crocodile	4.0	0.268	adaptation_comment	Reptile__class
conj>nmod>case> ...	3.0	0.688	adaptation_comment	Reptile__class
nsubj<aux> ...	3.0	0.679	adaptation_comment	Reptile__class
advcl>advcl> ...	3.0	0.216	adaptation_comment	Reptile__class
advcl>advcl>obl> ...	3.0	0.237	adaptation_comment	Reptile__class
conj>det> ...	3.0	0.371	adaptation_comment	Reptile__class
conj>nmod> ...	3.0	0.436	adaptation_comment	Reptile__class
nsubj<conj> hyena	3.0	0.284	adaptation_comment	Reptile__class
conj<obl> ...	3.0	0.342	adaptation_comment	Reptile__class
obl<conj<nsubj> ...	3.0	0.585	adaptation_comment	Reptile__class
parataxis<obl>case> ...	3.0	0.407	adaptation_comment	Reptile__class
nsubj<advmod> ...	3.0	1.02	adaptation_comment	Reptile__class
acl:relcl>obj> ...	3.0	0.286	adaptation_comment	Reptile__class
case> with	3.0	0.888	adaptation_comment	Reptile__class
obl<obj> ...	3.0	0.332	adaptation_comment	Reptile__class
acl:relcl<nmod>case> ...	3.0	0.531	adaptation_comment	Reptile__class
conj<obl>case> ...	3.0	0.549	adaptation_comment	Reptile__class
nmod<obl< ...	3.0	0.36	adaptation_comment	Reptile__class
amod<case> in	3.0	0.605	adaptation_comment	Reptile__class
conj>aux:pass> ...	3.0	0.453	adaptation_comment	Reptile__class
obj<obl>case> in	3.0	0.546	adaptation_comment	Reptile__class
nmod<obj<advmod> ...	3.0	0.228	adaptation_comment	Reptile__class
obl<aux> ...	3.0	0.295	adaptation_comment	Reptile__class
conj>advmod> ...	3.0	0.556	adaptation_comment	Reptile__class
amod<conj>cc> and	3.0	0.618	adaptation_comment	Reptile__class
xcomp<nsubj>amod> ...	3.0	0.503	adaptation_comment	Reptile__class
nmod:poss>case> ...	3.0	0.122	adaptation_comment	Reptile__class
acl:relcl<nmod>compound> ...	3.0	0.544	adaptation_comment	Reptile__class
nmod:poss>det> ...	3.0	0.546	adaptation_comment	Reptile__class
amod< species	3.0	0.647	adaptation_comment	Reptile__class
advcl>advmod> ...	3.0	0.33	adaptation_comment	Reptile__class
nsubj>conj>cc> and	3.0	0.42	adaptation_comment	Reptile__class
conj<advmod> ...	3.0	0.477	adaptation_comment	Reptile__class
nmod:poss>det> the	3.0	0.546	adaptation_comment	Reptile__class
compound< ...	3.0	0.443	adaptation_comment	Reptile__class
parataxis<obl>conj> ...	3.0	0.319	adaptation_comment	Reptile__class
obj<advcl>obj> ...	3.0	0.561	adaptation_comment	Reptile__class
ccomp<nsubj> ...	3.0	0.35	adaptation_comment	Reptile__class
aux> ...	3.0	0.327	adaptation_comment	Reptile__class
compound<conj<conj> ...	3.0	0.242	adaptation_comment	Reptile__class
nmod:poss>case> 's	3.0	0.256	adaptation_comment	Reptile__class
nsubj>conj>cc> ...	3.0	0.407	adaptation_comment	Reptile__class
obj<advcl> ...	3.0	0.432	adaptation_comment	Reptile__class
amod> most	3.0	1.215	adaptation_comment	Reptile__class
obj<advcl>mark> ...	3.0	0.26	adaptation_comment	Reptile__class
parataxis<nsubj> ...	3.0	0.573	adaptation_comment	Reptile__class
ccomp< suggest	3.0	0.243	adaptation_comment	Reptile__class
conj>cc> but	3.0	0.85	adaptation_comment	Reptile__class
nmod<obj<nsubj> ...	3.0	0.217	adaptation_comment	Reptile__class
conj>aux:pass> be	3.0	0.453	adaptation_comment	Reptile__class
nsubj> Crocodile	3.0	0.543	adaptation_comment	Reptile__class
amod<obl<advmod> ...	3.0	0.425	adaptation_comment	Reptile__class
acl:relcl>obl>amod> ...	3.0	0.237	adaptation_comment	Reptile__class
case> in	3.0	0.882	adaptation_comment	Reptile__class
nmod<conj>cc> ...	3.0	0.41	adaptation_comment	Reptile__class
amod<obl<nsubj> ...	3.0	0.3	adaptation_comment	Reptile__class
amod<amod> ...	3.0	0.318	adaptation_comment	Reptile__class
parataxis<obl> ...	3.0	0.389	adaptation_comment	Reptile__class
parataxis<advmod> ...	3.0	0.463	adaptation_comment	Reptile__class
obj<advcl< ...	3.0	0.265	adaptation_comment	Reptile__class
nmod<amod> ...	3.0	0.537	adaptation_comment	Reptile__class
obl<advcl<obl> ...	3.0	0.338	adaptation_comment	Reptile__class
conj>obj>amod> ...	2.0	0.419	adaptation_comment	Reptile__class
nmod> environment	2.0	0.601	adaptation_comment	Reptile__class
obl<nsubj> crocodile	2.0	0.819	adaptation_comment	Reptile__class
amod<acl:relcl<advmod> ...	2.0	0.687	adaptation_comment	Reptile__class
parataxis<conj>amod> ...	2.0	0.725	adaptation_comment	Reptile__class
obj<mark> ...	2.0	0.417	adaptation_comment	Reptile__class
nsubj<obj>conj> snake	2.0	0.998	adaptation_comment	Reptile__class
obj<advcl<nsubj> ...	2.0	0.106	adaptation_comment	Reptile__class
case> as	2.0	0.929	adaptation_comment	Reptile__class
obl<obl>conj> ...	2.0	0.294	adaptation_comment	Reptile__class
obj<advcl<advmod> ...	2.0	0.568	adaptation_comment	Reptile__class
parataxis<obj> ...	2.0	0.179	adaptation_comment	Reptile__class
parataxis<obl>nmod> ...	2.0	0.331	adaptation_comment	Reptile__class
nsubj<obj>conj> bird	2.0	1.047	adaptation_comment	Reptile__class
obj<conj< ...	2.0	0.475	adaptation_comment	Reptile__class
nsubj>amod> Nile	2.0	0.439	adaptation_comment	Reptile__class
acl:relcl>obj>conj> ...	2.0	0.32	adaptation_comment	Reptile__class
nsubj>conj> crocodile	2.0	0.52	adaptation_comment	Reptile__class
nsubj<advcl> ...	2.0	0.402	adaptation_comment	Reptile__class
amod<case> of	2.0	0.598	adaptation_comment	Reptile__class
nmod<nmod< ...	2.0	0.296	adaptation_comment	Reptile__class
nmod>obl>case> ...	2.0	0.534	adaptation_comment	Reptile__class
det> no	2.0	0.748	adaptation_comment	Reptile__class
conj>obj>nmod> ...	2.0	0.725	adaptation_comment	Reptile__class
conj>obj> ...	2.0	0.333	adaptation_comment	Reptile__class
nsubj<obj>conj> cat	2.0	1.092	adaptation_comment	Reptile__class
nsubj<conj>conj> ...	2.0	0.287	adaptation_comment	Reptile__class
parataxis>obl>case> ...	2.0	0.313	adaptation_comment	Reptile__class
obl<conj<nsubj> crocodile	2.0	0.613	adaptation_comment	Reptile__class
obl<advmod> ...	2.0	0.379	adaptation_comment	Reptile__class
nsubj>compound> Nile	2.0	0.623	adaptation_comment	Reptile__class
nsubj<aux> can	2.0	0.656	adaptation_comment	Reptile__class
acl:relcl>nsubj> which	2.0	0.309	adaptation_comment	Reptile__class
acl:relcl>cop> be	2.0	0.329	adaptation_comment	Reptile__class
obl<conj<obl> ...	2.0	0.504	adaptation_comment	Reptile__class
obl<conj<aux> may	2.0	0.361	adaptation_comment	Reptile__class
obl<cc> and	2.0	0.31	adaptation_comment	Reptile__class
advcl>obl>det> the	2.0	0.424	adaptation_comment	Reptile__class
ccomp<ccomp< ...	2.0	0.403	adaptation_comment	Reptile__class
ccomp<ccomp<nsubj> ...	2.0	0.401	adaptation_comment	Reptile__class
conj>case> like	2.0	0.693	adaptation_comment	Reptile__class
conj>det> any	2.0	0.399	adaptation_comment	Reptile__class
nsubj<conj>amod> spot	2.0	0.396	adaptation_comment	Reptile__class
nmod<nmod<obl< ...	2.0	0.447	adaptation_comment	Reptile__class
obj<conj>cop> be	2.0	0.551	adaptation_comment	Reptile__class
ccomp<nsubj>det> ...	2.0	0.202	adaptation_comment	Reptile__class
parataxis>obl> ...	2.0	0.792	adaptation_comment	Reptile__class
obj<nsubj> they	2.0	0.386	adaptation_comment	Reptile__class
parataxis>conj> ...	2.0	0.36	adaptation_comment	Reptile__class
nmod<nmod<case> ...	2.0	0.528	adaptation_comment	Reptile__class
parataxis<nsubj>amod> ...	2.0	0.255	adaptation_comment	Reptile__class
advmod>advmod> ...	2.0	0.404	adaptation_comment	Reptile__class
obl<acl:relcl< ...	2.0	0.247	adaptation_comment	Reptile__class
advcl>obl>det> ...	2.0	0.424	adaptation_comment	Reptile__class
conj<cop> be	2.0	0.411	adaptation_comment	Reptile__class
nmod>nmod:poss> they	2.0	0.466	adaptation_comment	Reptile__class
compound>amod> ...	2.0	0.598	adaptation_comment	Reptile__class
obj<obl>det> ...	2.0	0.536	adaptation_comment	Reptile__class
ccomp>nsubj>amod> ...	2.0	0.387	adaptation_comment	Reptile__class
obj<conj>cop> ...	2.0	0.551	adaptation_comment	Reptile__class
obj<nsubj>amod> ...	2.0	0.341	adaptation_comment	Reptile__class
obj<nsubj>compound> ...	2.0	0.413	adaptation_comment	Reptile__class
obj<advcl<aux> ...	2.0	0.543	adaptation_comment	Reptile__class
obj<nsubj>det> ...	2.0	0.459	adaptation_comment	Reptile__class
nmod<obl<nsubj> crocodile	2.0	0.438	adaptation_comment	Reptile__class
nsubj<obj>conj> python	2.0	1.025	adaptation_comment	Reptile__class
nsubj<obj>conj> leopard	2.0	0.904	adaptation_comment	Reptile__class
amod<nmod>case> such	2.0	0.521	adaptation_comment	Reptile__class
acl>obl>case> ...	2.0	0.249	adaptation_comment	Reptile__class
obl>nmod>case> ...	2.0	0.283	adaptation_comment	Reptile__class
mark> to	2.0	0.387	adaptation_comment	Reptile__class
obl>amod> ...	2.0	0.275	adaptation_comment	Reptile__class
acl:relcl> feed	2.0	0.511	adaptation_comment	Reptile__class
acl:relcl>cop> ...	2.0	0.329	adaptation_comment	Reptile__class
nmod<conj>cc> or	2.0	0.41	adaptation_comment	Reptile__class
acl>obl> ...	2.0	0.466	adaptation_comment	Reptile__class
nsubj<obl>det> ...	2.0	0.67	adaptation_comment	Reptile__class
obj<aux> can	2.0	0.281	adaptation_comment	Reptile__class
nmod<nsubj> ...	2.0	0.304	adaptation_comment	Reptile__class
nsubj>amod> most	2.0	0.407	adaptation_comment	Reptile__class
aux> have	2.0	0.379	adaptation_comment	Reptile__class
nmod> crocodile	2.0	0.759	adaptation_comment	Reptile__class
obl>nmod> ...	2.0	0.431	adaptation_comment	Reptile__class
obl>nmod>case> of	2.0	0.283	adaptation_comment	Reptile__class
nmod<appos> ...	2.0	0.24	adaptation_comment	Reptile__class
obl>det> the	2.0	0.287	adaptation_comment	Reptile__class
nmod<nsubj< ...	2.0	0.238	adaptation_comment	Reptile__class
nmod<nsubj<cop> ...	2.0	0.356	adaptation_comment	Reptile__class
xcomp<advmod> ...	2.0	0.281	adaptation_comment	Reptile__class
conj>nmod>case> of	2.0	0.686	adaptation_comment	Reptile__class
nmod<nsubj<advmod> ...	2.0	0.317	adaptation_comment	Reptile__class
nmod<conj>obj> ...	2.0	0.327	adaptation_comment	Reptile__class
obj<conj>obl> ...	2.0	0.444	adaptation_comment	Reptile__class
nmod<conj>obl> ...	2.0	0.675	adaptation_comment	Reptile__class
nmod>conj> dog	2.0	0.726	adaptation_comment	Reptile__class
nmod>appos> ...	2.0	0.21	adaptation_comment	Reptile__class
compound> freshwater	2.0	0.48	adaptation_comment	Reptile__class
obl>compound> ...	2.0	0.309	adaptation_comment	Reptile__class
amod<nmod<amod> ...	2.0	0.622	adaptation_comment	Reptile__class
amod<obl<aux:pass> ...	2.0	0.439	adaptation_comment	Reptile__class
amod<obl<nsubj:pass> ...	2.0	0.329	adaptation_comment	Reptile__class
obj<ccomp< ...	2.0	0.31	adaptation_comment	Reptile__class
obl<nsubj:pass> ...	2.0	0.545	adaptation_comment	Reptile__class
obj<conj> kill	2.0	0.536	adaptation_comment	Reptile__class
nsubj<obl>det> the	2.0	0.658	adaptation_comment	Reptile__class
obl<advcl<advcl> ...	2.0	0.562	adaptation_comment	Reptile__class
advcl>advcl>mark> to	2.0	0.635	adaptation_comment	Reptile__class
amod<nmod>compound> ...	2.0	0.427	adaptation_comment	Reptile__class
amod<nmod< ...	2.0	0.548	adaptation_comment	Reptile__class
amod<advmod> ...	2.0	0.242	adaptation_comment	Reptile__class
nmod:poss> world	2.0	0.312	adaptation_comment	Reptile__class
conj>advmod> little	2.0	0.572	adaptation_comment	Reptile__class
conj>obl>case> of	2.0	0.335	adaptation_comment	Reptile__class
conj>obl>nmod:poss> they	2.0	0.551	adaptation_comment	Reptile__class
conj>obl> behaviour	2.0	0.342	adaptation_comment	Reptile__class
conj>obl>advmod> underwater	2.0	0.465	adaptation_comment	Reptile__class
conj>obl>nmod> wild	2.0	0.322	adaptation_comment	Reptile__class
compound<det> ...	2.0	0.675	adaptation_comment	Reptile__class
compound<amod> ...	2.0	0.27	adaptation_comment	Reptile__class
conj<cop> ...	2.0	0.411	adaptation_comment	Reptile__class
obl>det> ...	2.0	0.287	adaptation_comment	Reptile__class
amod<nmod<case> ...	2.0	0.427	adaptation_comment	Reptile__class
nsubj<appos>conj> ...	2.0	0.271	adaptation_comment	Reptile__class
obj<advcl>nsubj> ...	2.0	0.471	adaptation_comment	Reptile__class
xcomp< become	2.0	0.317	adaptation_comment	Reptile__class
acl:relcl<nmod> ...	2.0	0.267	adaptation_comment	Reptile__class
obj<nsubj>det> the	2.0	0.519	adaptation_comment	Reptile__class
amod<obl<nsubj:pass> determination	2.0	0.329	adaptation_comment	Reptile__class
acl:relcl<nmod>det> ...	2.0	0.471	adaptation_comment	Reptile__class
nsubj>amod> american	2.0	0.351	adaptation_comment	Reptile__class
acl:relcl<nmod>det> the	2.0	0.471	adaptation_comment	Reptile__class
amod<obl<aux:pass> be	2.0	0.439	adaptation_comment	Reptile__class
obl<amod< ...	2.0	0.333	adaptation_comment	Reptile__class
nmod<case>fixed> ...	2.0	0.396	adaptation_comment	Reptile__class
advcl> hatchl	2.0	0.499	adaptation_comment	Reptile__class
amod<nmod<case> in	2.0	0.427	adaptation_comment	Reptile__class
ccomp<ccomp<aux> ...	2.0	0.449	adaptation_comment	Reptile__class
conj>case> ...	2.0	0.582	adaptation_comment	Reptile__class
conj>nmod>compound> ...	2.0	0.133	adaptation_comment	Reptile__class
amod<det> some	2.0	0.566	adaptation_comment	Reptile__class
advcl>advcl>mark> ...	2.0	0.635	adaptation_comment	Reptile__class
obl<conj<advcl> ...	2.0	0.379	adaptation_comment	Reptile__class
obl<conj<aux> ...	2.0	0.302	adaptation_comment	Reptile__class
obl<mark> as	2.0	0.743	adaptation_comment	Reptile__class
obl<conj< ...	2.0	0.283	adaptation_comment	Reptile__class
case> by	2.0	0.907	adaptation_comment	Reptile__class
obl<cc> ...	2.0	0.349	adaptation_comment	Reptile__class
advmod> highly	2.0	0.423	adaptation_comment	Reptile__class
nmod<nsubj<cop> be	2.0	0.356	adaptation_comment	Reptile__class
nsubj<obj>appos> ...	2.0	0.3	adaptation_comment	Reptile__class
nsubj<obj>nmod> ...	2.0	0.209	adaptation_comment	Reptile__class
conj>obl>case> ...	2.0	0.307	adaptation_comment	Reptile__class
conj>obl>advmod> ...	2.0	0.465	adaptation_comment	Reptile__class
obj<obl>det> the	2.0	0.57	adaptation_comment	Reptile__class
conj<obl>case> in	2.0	0.498	adaptation_comment	Reptile__class
advmod> likely	2.0	0.493	adaptation_comment	Reptile__class
advmod>advmod> most	2.0	0.474	adaptation_comment	Reptile__class
nmod>conj>amod> hunt	2.0	0.24	adaptation_comment	Reptile__class
parataxis<cop> be	2.0	0.443	adaptation_comment	Reptile__class
obl<nsubj<advmod> ...	2.0	0.315	adaptation_comment	Reptile__class
parataxis>nsubj> they	2.0	0.52	adaptation_comment	Reptile__class
nmod>compound> crocodile	2.0	0.346	adaptation_comment	Reptile__class
conj>obl>nmod> ...	2.0	0.322	adaptation_comment	Reptile__class
nmod<det> the	2.0	0.656	adaptation_comment	Reptile__class
advcl>mark> ...	2.0	0.437	adaptation_comment	Reptile__class
conj>obl>nmod:poss> ...	2.0	0.569	adaptation_comment	Reptile__class
nsubj<conj>compound> ...	2.0	0.214	adaptation_comment	Reptile__class
amod>advmod> most	2.0	0.616	adaptation_comment	Reptile__class
nmod<obl<aux> ...	2.0	0.521	adaptation_comment	Reptile__class
parataxis<cop> ...	2.0	0.443	adaptation_comment	Reptile__class
nmod<obl<nsubj> ...	2.0	0.297	adaptation_comment	Reptile__class
conj>obl> ...	2.0	0.258	adaptation_comment	Reptile__class
parataxis<compound> ...	1.0	0.552	adaptation_comment	Reptile__class
obj<obl>compound> ...	1.0	0.226	adaptation_comment	Reptile__class
obj<obj> ...	1.0	0.362	adaptation_comment	Reptile__class
punct> ...	1.0	0.196	adaptation_comment	Reptile__class
obj<conj<conj> ...	1.0	0.284	adaptation_comment	Reptile__class
obj<advmod> ...	1.0	0.581	adaptation_comment	Reptile__class
obj<obl>amod> ...	1.0	0.312	adaptation_comment	Reptile__class
obj<conj>amod> ...	1.0	0.253	adaptation_comment	Reptile__class
obj<conj<obj> ...	1.0	0.421	adaptation_comment	Reptile__class
obj<conj<advmod> ...	1.0	0.26	adaptation_comment	Reptile__class
obj<conj<nsubj> ...	1.0	0.373	adaptation_comment	Reptile__class
obl<acl:relcl<amod> ...	1.0	0.405	adaptation_comment	Reptile__class
obl<acl:relcl<cop> ...	1.0	0.608	adaptation_comment	Reptile__class
obj<obl>conj> ...	1.0	0.344	adaptation_comment	Reptile__class
obj<obl>nmod> ...	1.0	0.143	adaptation_comment	Reptile__class
xcomp<acl:relcl< ...	1.0	0.295	adaptation_comment	Reptile__class
xcomp<nsubj:pass> ...	1.0	0.595	adaptation_comment	Reptile__class
xcomp<aux:pass> ...	1.0	0.566	adaptation_comment	Reptile__class
acl:relcl>obl>conj> ...	1.0	0.302	adaptation_comment	Reptile__class
compound<compound> ...	1.0	0.266	adaptation_comment	Reptile__class
compound<compound< ...	1.0	0.308	adaptation_comment	Reptile__class
compound<compound<conj< ...	1.0	0.202	adaptation_comment	Reptile__class
nmod<nmod<det> ...	1.0	0.761	adaptation_comment	Reptile__class
conj<appos>det> the	1.0	0.264	adaptation_comment	Reptile__class
obl<amod<cop> be	1.0	0.499	adaptation_comment	Reptile__class
parataxis>nsubj>det> the	1.0	0.38	adaptation_comment	Reptile__class
obl<amod<det> the	1.0	0.249	adaptation_comment	Reptile__class
compound< group	1.0	0.55	adaptation_comment	Reptile__class
compound<det> a	1.0	0.78	adaptation_comment	Reptile__class
compound> marine	1.0	0.426	adaptation_comment	Reptile__class
nmod<obl<aux:pass> be	1.0	0.471	adaptation_comment	Reptile__class
nmod<obl<aux> have	1.0	0.591	adaptation_comment	Reptile__class
nmod<nsubj<det> the	1.0	0.346	adaptation_comment	Reptile__class
nmod<obj<mark> ...	1.0	0.399	adaptation_comment	Reptile__class
nmod<case>fixed> to	1.0	0.423	adaptation_comment	Reptile__class
nmod<obl<cop> be	1.0	0.542	adaptation_comment	Reptile__class
nsubj<acl:relcl>nsubj> which	1.0	0.214	adaptation_comment	Reptile__class
nmod> Australia	1.0	0.738	adaptation_comment	Reptile__class
amod>advmod> only	1.0	0.683	adaptation_comment	Reptile__class
nmod<nsubj<advmod> not	1.0	0.359	adaptation_comment	Reptile__class
nsubj<conj>det> the	1.0	0.289	adaptation_comment	Reptile__class
nsubj<obl>case> in	1.0	0.909	adaptation_comment	Reptile__class
nsubj<obj>amod> large	1.0	0.357	adaptation_comment	Reptile__class
obj<aux:pass> be	1.0	0.374	adaptation_comment	Reptile__class
appos>conj>cc> and	1.0	0.39	adaptation_comment	Reptile__class
amod>advmod> similarly	1.0	0.671	adaptation_comment	Reptile__class
conj<case> in	1.0	0.466	adaptation_comment	Reptile__class
nsubj<advcl>aux:pass> be	1.0	0.333	adaptation_comment	Reptile__class
nsubj<advcl>nsubj:pass> they	1.0	0.599	adaptation_comment	Reptile__class
nsubj<obl>case> at	1.0	0.866	adaptation_comment	Reptile__class
det> these	1.0	0.688	adaptation_comment	Reptile__class
obl<acl:relcl<case> to	1.0	0.227	adaptation_comment	Reptile__class
nmod<obj<xcomp< ...	1.0	0.417	adaptation_comment	Reptile__class
ccomp<aux:pass> be	1.0	0.525	adaptation_comment	Reptile__class
ccomp<nsubj:pass> it	1.0	0.572	adaptation_comment	Reptile__class
advcl>obj>nmod:poss> ...	1.0	0.325	adaptation_comment	Reptile__class
obl<aux> have	1.0	0.307	adaptation_comment	Reptile__class
obl<nsubj> which	1.0	0.929	adaptation_comment	Reptile__class
nsubj>nmod>case> of	1.0	0.6	adaptation_comment	Reptile__class
advcl>det> ...	1.0	0.277	adaptation_comment	Reptile__class
nmod<obl<advcl> ...	1.0	0.27	adaptation_comment	Reptile__class
advcl>obj> ...	1.0	0.439	adaptation_comment	Reptile__class
appos<nsubj<ccomp> ...	1.0	0.35	adaptation_comment	Reptile__class
nmod>appos>compound> ...	1.0	0.412	adaptation_comment	Reptile__class
conj>obj>compound> ...	1.0	0.226	adaptation_comment	Reptile__class
conj>obj>det> ...	1.0	0.285	adaptation_comment	Reptile__class
conj>aux> ...	1.0	0.532	adaptation_comment	Reptile__class
appos<nsubj< ...	1.0	0.464	adaptation_comment	Reptile__class
appos<amod> ...	1.0	0.496	adaptation_comment	Reptile__class
appos<nsubj<cop> ...	1.0	0.31	adaptation_comment	Reptile__class
appos<nmod> ...	1.0	0.398	adaptation_comment	Reptile__class
appos<nmod>compound> ...	1.0	0.203	adaptation_comment	Reptile__class
appos<nmod>det> ...	1.0	0.481	adaptation_comment	Reptile__class
appos<nmod>case> ...	1.0	0.456	adaptation_comment	Reptile__class
appos<conj>nmod> ...	1.0	0.53	adaptation_comment	Reptile__class
appos<conj> ...	1.0	0.575	adaptation_comment	Reptile__class
appos<conj>compound> ...	1.0	0.38	adaptation_comment	Reptile__class
appos<conj>amod> ...	1.0	0.354	adaptation_comment	Reptile__class
appos<conj>advmod> ...	1.0	0.365	adaptation_comment	Reptile__class
acl>mark> ...	1.0	0.551	adaptation_comment	Reptile__class
acl>conj> ...	1.0	0.325	adaptation_comment	Reptile__class
conj>appos>compound> ...	1.0	0.26	adaptation_comment	Reptile__class
nsubj<advmod>advmod> ...	1.0	0.259	adaptation_comment	Reptile__class
nmod>nmod:poss>case> ...	1.0	0.498	adaptation_comment	Reptile__class
obj<advcl>conj> ...	1.0	0.178	adaptation_comment	Reptile__class
conj>nmod:poss> ...	1.0	0.43	adaptation_comment	Reptile__class
nmod>conj>compound> ...	1.0	0.158	adaptation_comment	Reptile__class
nmod>acl:relcl> ...	1.0	0.285	adaptation_comment	Reptile__class
nmod>acl:relcl>advmod> ...	1.0	0.548	adaptation_comment	Reptile__class
nmod>acl:relcl>aux:pass> ...	1.0	0.577	adaptation_comment	Reptile__class
nmod>acl:relcl>nsubj:pass> ...	1.0	0.291	adaptation_comment	Reptile__class
obj<advcl<obl> ...	1.0	0.366	adaptation_comment	Reptile__class
obj<advcl<obj> ...	1.0	0.238	adaptation_comment	Reptile__class
obl<nsubj< ...	1.0	0.46	adaptation_comment	Reptile__class
conj>appos> ...	1.0	0.149	adaptation_comment	Reptile__class
appos< ...	1.0	0.456	adaptation_comment	Reptile__class
nsubj<conj>appos> ...	1.0	0.33	adaptation_comment	Reptile__class
nmod<nsubj<conj< ...	1.0	0.332	adaptation_comment	Reptile__class
nsubj<amod>advmod> ...	1.0	0.38	adaptation_comment	Reptile__class
nsubj<det> ...	1.0	0.488	adaptation_comment	Reptile__class
obl<xcomp>obl> ...	1.0	0.567	adaptation_comment	Reptile__class
obl<xcomp> ...	1.0	0.435	adaptation_comment	Reptile__class
obl<nsubj>amod> ...	1.0	0.19	adaptation_comment	Reptile__class
obl<conj<obj> ...	1.0	0.355	adaptation_comment	Reptile__class
obl<conj<advmod> ...	1.0	0.435	adaptation_comment	Reptile__class
obj<advcl<cop> ...	1.0	0.212	adaptation_comment	Reptile__class
nmod<appos>compound> ...	1.0	0.416	adaptation_comment	Reptile__class
nsubj<advcl>parataxis> ...	1.0	0.262	adaptation_comment	Reptile__class
nsubj<advcl>cop> ...	1.0	0.234	adaptation_comment	Reptile__class
nsubj<advcl>advmod> ...	1.0	0.553	adaptation_comment	Reptile__class
nsubj<obl>nummod> ...	1.0	0.697	adaptation_comment	Reptile__class
parataxis>obj> ...	1.0	0.308	adaptation_comment	Reptile__class
parataxis>obj>amod> ...	1.0	0.269	adaptation_comment	Reptile__class
parataxis>obj>det> ...	1.0	0.506	adaptation_comment	Reptile__class
obj<parataxis< ...	1.0	0.283	adaptation_comment	Reptile__class
nsubj<amod> ...	1.0	0.27	adaptation_comment	Reptile__class
nsubj<parataxis>nsubj> ...	1.0	0.318	adaptation_comment	Reptile__class
nsubj<parataxis>cop> ...	1.0	0.448	adaptation_comment	Reptile__class
nsubj<parataxis> ...	1.0	0.416	adaptation_comment	Reptile__class
nmod<compound> ...	1.0	0.565	adaptation_comment	Reptile__class
obl<conj>xcomp> ...	1.0	0.289	adaptation_comment	Reptile__class
obl<conj> ...	1.0	0.321	adaptation_comment	Reptile__class
obl<conj>aux:pass> ...	1.0	0.522	adaptation_comment	Reptile__class
obl<conj>aux> ...	1.0	0.441	adaptation_comment	Reptile__class
obl<conj>cc> ...	1.0	0.41	adaptation_comment	Reptile__class
obl<nsubj>compound> ...	1.0	0.26	adaptation_comment	Reptile__class
obl<nsubj>det> ...	1.0	0.398	adaptation_comment	Reptile__class
nmod>nmod>nmod> ...	1.0	0.237	adaptation_comment	Reptile__class
nmod>nmod> ...	1.0	0.462	adaptation_comment	Reptile__class
nmod>nmod>amod> ...	1.0	0.424	adaptation_comment	Reptile__class
nmod>nmod>det> ...	1.0	0.177	adaptation_comment	Reptile__class
nmod>nmod>case> ...	1.0	0.496	adaptation_comment	Reptile__class
nmod<obj<appos> ...	1.0	0.236	adaptation_comment	Reptile__class
nmod<obj<aux> ...	1.0	0.297	adaptation_comment	Reptile__class
nmod<obj<obl> ...	1.0	0.515	adaptation_comment	Reptile__class
nsubj<case> ...	1.0	0.401	adaptation_comment	Reptile__class
nmod<acl> ...	1.0	0.524	adaptation_comment	Reptile__class
nsubj>nmod> ...	1.0	0.287	adaptation_comment	Reptile__class
nsubj>nmod>case> ...	1.0	0.61	adaptation_comment	Reptile__class
nsubj<advcl>mark> ...	1.0	0.551	adaptation_comment	Reptile__class
ccomp<aux:pass> ...	1.0	0.525	adaptation_comment	Reptile__class
ccomp<nsubj:pass> ...	1.0	0.383	adaptation_comment	Reptile__class
obl<acl:relcl<case> ...	1.0	0.176	adaptation_comment	Reptile__class
obl<acl:relcl<obl< ...	1.0	0.29	adaptation_comment	Reptile__class
appos>conj> ...	1.0	0.345	adaptation_comment	Reptile__class
appos>conj>cc> ...	1.0	0.383	adaptation_comment	Reptile__class
appos> ...	1.0	0.403	adaptation_comment	Reptile__class
conj<compound> ...	1.0	0.386	adaptation_comment	Reptile__class
conj<case> ...	1.0	0.445	adaptation_comment	Reptile__class
conj<obl< ...	1.0	0.415	adaptation_comment	Reptile__class
conj<obl<acl< ...	1.0	0.414	adaptation_comment	Reptile__class
nsubj<advcl>obl> ...	1.0	0.437	adaptation_comment	Reptile__class
nsubj<advcl>aux:pass> ...	1.0	0.333	adaptation_comment	Reptile__class
nsubj<advcl>nsubj:pass> ...	1.0	0.599	adaptation_comment	Reptile__class
nmod<acl>xcomp> ...	1.0	0.26	adaptation_comment	Reptile__class
conj<appos>nmod> ...	1.0	0.471	adaptation_comment	Reptile__class
conj<appos> ...	1.0	0.422	adaptation_comment	Reptile__class
conj<appos>det> ...	1.0	0.216	adaptation_comment	Reptile__class
conj<nsubj<mark> ...	1.0	0.557	adaptation_comment	Reptile__class
nsubj<conj>nmod> ...	1.0	0.294	adaptation_comment	Reptile__class
nsubj<conj>det> ...	1.0	0.201	adaptation_comment	Reptile__class
nsubj<obj>advmod> ...	1.0	0.232	adaptation_comment	Reptile__class
obj<aux:pass> ...	1.0	0.374	adaptation_comment	Reptile__class
obj<nsubj:pass> ...	1.0	0.22	adaptation_comment	Reptile__class
obj<conj<xcomp> ...	1.0	0.184	adaptation_comment	Reptile__class
nmod<obl<ccomp> ...	1.0	0.246	adaptation_comment	Reptile__class
nmod<obl<conj> ...	1.0	0.549	adaptation_comment	Reptile__class
nmod<obl<cop> ...	1.0	0.542	adaptation_comment	Reptile__class
nsubj<acl:relcl> ...	1.0	0.56	adaptation_comment	Reptile__class
nsubj<acl:relcl>nsubj> ...	1.0	0.139	adaptation_comment	Reptile__class
conj<nsubj< ...	1.0	0.272	adaptation_comment	Reptile__class
conj<nsubj<obj> ...	1.0	0.583	adaptation_comment	Reptile__class
ccomp<advmod> ...	1.0	0.251	adaptation_comment	Reptile__class
parataxis>nsubj>det> ...	1.0	0.38	adaptation_comment	Reptile__class
compound<advmod> ...	1.0	0.519	adaptation_comment	Reptile__class
compound<obj< ...	1.0	0.504	adaptation_comment	Reptile__class
compound<obj<acl< ...	1.0	0.308	adaptation_comment	Reptile__class
nmod<cc:preconj> ...	1.0	0.353	adaptation_comment	Reptile__class
nmod<obl<obl> ...	1.0	0.481	adaptation_comment	Reptile__class
nmod<obl<aux:pass> ...	1.0	0.471	adaptation_comment	Reptile__class
nmod<obl<nsubj:pass> ...	1.0	0.421	adaptation_comment	Reptile__class
nmod<nsubj<compound> ...	1.0	0.251	adaptation_comment	Reptile__class
nmod<nsubj<det> ...	1.0	0.341	adaptation_comment	Reptile__class
obl<amod<amod> ...	1.0	0.222	adaptation_comment	Reptile__class
obl<amod<det> ...	1.0	0.218	adaptation_comment	Reptile__class
obl<amod<cop> ...	1.0	0.499	adaptation_comment	Reptile__class
obl<amod<nsubj> ...	1.0	0.479	adaptation_comment	Reptile__class
nsubj<conj>nsubj> ...	1.0	0.156	adaptation_comment	Reptile__class
obl<amod<advmod> ...	1.0	0.365	adaptation_comment	Reptile__class
acl:relcl>obl>det> ...	1.0	0.173	adaptation_comment	Reptile__class
acl:relcl>obj>amod> ...	1.0	0.385	adaptation_comment	Reptile__class
acl:relcl>aux> ...	1.0	0.385	adaptation_comment	Reptile__class
nsubj<conj>cop> ...	1.0	0.503	adaptation_comment	Reptile__class
nsubj<conj>obl> ...	1.0	0.289	adaptation_comment	Reptile__class
nmod<acl:relcl> ...	1.0	0.438	adaptation_comment	Reptile__class
nsubj<conj>advmod> ...	1.0	0.721	adaptation_comment	Reptile__class
nsubj<obl>compound> ...	1.0	0.239	adaptation_comment	Reptile__class
nsubj<obl>amod> ...	1.0	0.445	adaptation_comment	Reptile__class
conj>cop> ...	1.0	0.181	adaptation_comment	Reptile__class
nsubj<appos> ...	1.0	0.41	adaptation_comment	Reptile__class
nsubj<compound> ...	1.0	0.275	adaptation_comment	Reptile__class
nmod<conj>advmod> ...	1.0	0.501	adaptation_comment	Reptile__class
obl<amod<obl> ...	1.0	0.288	adaptation_comment	Reptile__class
obl<obl>nmod> ...	1.0	0.467	adaptation_comment	Reptile__class
conj>nmod>nmod:poss> ...	1.0	0.325	adaptation_comment	Reptile__class
obl>nmod>det> ...	1.0	0.545	adaptation_comment	Reptile__class
acl:relcl>obj>appos> ...	1.0	0.491	adaptation_comment	Reptile__class
acl:relcl>obj>nmod:poss> ...	1.0	0.403	adaptation_comment	Reptile__class
obj<acl:relcl< ...	1.0	0.479	adaptation_comment	Reptile__class
obj<acl:relcl<det> ...	1.0	0.435	adaptation_comment	Reptile__class
obj<acl:relcl<case> ...	1.0	0.246	adaptation_comment	Reptile__class
nmod<acl:relcl>obj> ...	1.0	0.725	adaptation_comment	Reptile__class
nmod<acl:relcl>nsubj> ...	1.0	0.355	adaptation_comment	Reptile__class
obl<obl>compound> ...	1.0	0.164	adaptation_comment	Reptile__class
obl<obl>det> ...	1.0	0.439	adaptation_comment	Reptile__class
nsubj:pass<obl>conj> ...	1.0	0.259	adaptation_comment	Reptile__class
nsubj:pass<obl> ...	1.0	0.533	adaptation_comment	Reptile__class
nsubj:pass<obl>amod> ...	1.0	0.426	adaptation_comment	Reptile__class
nsubj:pass<obl>case> ...	1.0	0.492	adaptation_comment	Reptile__class
nsubj:pass< ...	1.0	0.301	adaptation_comment	Reptile__class
nsubj:pass<aux:pass> ...	1.0	0.513	adaptation_comment	Reptile__class
acl>obl>conj> ...	1.0	0.34	adaptation_comment	Reptile__class
acl>advmod> ...	1.0	0.512	adaptation_comment	Reptile__class
acl:relcl< ...	1.0	0.464	adaptation_comment	Reptile__class
acl:relcl<det> ...	1.0	0.385	adaptation_comment	Reptile__class
obl<obl>amod> ...	1.0	0.245	adaptation_comment	Reptile__class
obl<advcl<appos> ...	1.0	0.47	adaptation_comment	Reptile__class
compound<conj<obj< ...	1.0	0.376	adaptation_comment	Reptile__class
compound<conj< ...	1.0	0.284	adaptation_comment	Reptile__class
nmod<appos>det> ...	1.0	0.524	adaptation_comment	Reptile__class
nmod<obj> ...	1.0	0.378	adaptation_comment	Reptile__class
nmod<cop> ...	1.0	0.37	adaptation_comment	Reptile__class
nmod<nsubj>compound> ...	1.0	0.431	adaptation_comment	Reptile__class
nmod<nsubj>det> ...	1.0	0.316	adaptation_comment	Reptile__class
nsubj<obj>det> ...	1.0	0.524	adaptation_comment	Reptile__class
acl:relcl>advcl>obj> ...	1.0	0.603	adaptation_comment	Reptile__class
acl:relcl>advcl> ...	1.0	0.365	adaptation_comment	Reptile__class
acl:relcl>advcl>mark> ...	1.0	0.597	adaptation_comment	Reptile__class
conj<advcl> ...	1.0	0.44	adaptation_comment	Reptile__class
conj<advcl>nsubj> ...	1.0	0.362	adaptation_comment	Reptile__class
conj<advcl>mark> ...	1.0	0.432	adaptation_comment	Reptile__class
conj<amod> ...	1.0	0.685	adaptation_comment	Reptile__class
list> ...	1.0	0.361	adaptation_comment	Reptile__class
compound<cc> ...	1.0	0.319	adaptation_comment	Reptile__class
nmod<nmod> ...	1.0	0.376	adaptation_comment	Reptile__class
nmod<nmod>det> ...	1.0	0.474	adaptation_comment	Reptile__class
nmod<nmod>case> ...	1.0	0.266	adaptation_comment	Reptile__class
nmod<nmod:poss>case> ...	1.0	0.364	adaptation_comment	Reptile__class
nmod<nmod:poss> ...	1.0	0.319	adaptation_comment	Reptile__class
nmod<nmod:poss>det> ...	1.0	0.588	adaptation_comment	Reptile__class
nsubj>conj>compound> ...	1.0	0.576	adaptation_comment	Reptile__class
obl<amod> ...	1.0	0.22	adaptation_comment	Reptile__class
obl<case> ...	1.0	0.375	adaptation_comment	Reptile__class
obl<obj>compound> ...	1.0	0.411	adaptation_comment	Reptile__class
obl<acl< ...	1.0	0.395	adaptation_comment	Reptile__class
obl<acl<amod> ...	1.0	0.222	adaptation_comment	Reptile__class
obl<acl<det> ...	1.0	0.476	adaptation_comment	Reptile__class
obl<acl<case> ...	1.0	0.518	adaptation_comment	Reptile__class
obl<acl<obl< ...	1.0	0.503	adaptation_comment	Reptile__class
parataxis>conj>amod> ...	1.0	0.562	adaptation_comment	Reptile__class
parataxis>conj>cop> ...	1.0	0.395	adaptation_comment	Reptile__class
cc:preconj> ...	1.0	0.479	adaptation_comment	Reptile__class
conj>nmod>det> ...	1.0	0.308	adaptation_comment	Reptile__class
advcl>nsubj> ...	1.0	0.421	adaptation_comment	Reptile__class
obj<conj>xcomp> ...	1.0	0.311	adaptation_comment	Reptile__class
obj<conj>advmod> ...	1.0	0.327	adaptation_comment	Reptile__class
obl<appos>nmod> ...	1.0	0.209	adaptation_comment	Reptile__class
obl<appos> ...	1.0	0.293	adaptation_comment	Reptile__class
obl<nsubj:pass>acl> ...	1.0	0.442	adaptation_comment	Reptile__class
obl<nsubj:pass>nummod> ...	1.0	0.38	adaptation_comment	Reptile__class
conj<conj> ...	1.0	0.721	adaptation_comment	Reptile__class
conj<conj>aux:pass> ...	1.0	0.343	adaptation_comment	Reptile__class
conj<conj>aux> ...	1.0	0.298	adaptation_comment	Reptile__class
conj<conj>nsubj:pass> ...	1.0	0.407	adaptation_comment	Reptile__class
conj<conj>cc> ...	1.0	0.574	adaptation_comment	Reptile__class
conj<obj> ...	1.0	0.418	adaptation_comment	Reptile__class
conj<obj>amod> ...	1.0	0.204	adaptation_comment	Reptile__class
conj<obj>det> ...	1.0	0.339	adaptation_comment	Reptile__class
conj<obl>acl> ...	1.0	0.434	adaptation_comment	Reptile__class
parataxis>conj>cc> ...	1.0	0.479	adaptation_comment	Reptile__class
parataxis<conj>cc> ...	1.0	0.416	adaptation_comment	Reptile__class
acl>obl>det> ...	1.0	0.346	adaptation_comment	Reptile__class
acl>obl>nmod> ...	1.0	0.184	adaptation_comment	Reptile__class
obj<nsubj>nmod> ...	1.0	0.348	adaptation_comment	Reptile__class
obj<advcl<aux:pass> ...	1.0	0.653	adaptation_comment	Reptile__class
obj<advcl<nsubj:pass> ...	1.0	0.332	adaptation_comment	Reptile__class
nsubj<conj>case> ...	1.0	0.29	adaptation_comment	Reptile__class
nmod<obj<iobj> ...	1.0	0.471	adaptation_comment	Reptile__class
nmod<obj<advcl> ...	1.0	0.421	adaptation_comment	Reptile__class
nummod> ...	1.0	0.282	adaptation_comment	Reptile__class
conj>nmod>amod> ...	1.0	0.498	adaptation_comment	Reptile__class
parataxis<obj>nmod> ...	1.0	0.606	adaptation_comment	Reptile__class
parataxis<obj>compound> ...	1.0	0.339	adaptation_comment	Reptile__class
nmod<nsubj<advmod> however	1.0	0.42	adaptation_comment	Reptile__class
nsubj<obl> crocodile	1.0	0.454	adaptation_comment	Reptile__class
nmod<obl< come	1.0	0.254	adaptation_comment	Reptile__class
nmod<obl<aux> may	1.0	0.525	adaptation_comment	Reptile__class
nsubj<conj>cop> be	1.0	0.514	adaptation_comment	Reptile__class
nsubj<conj>nsubj> they	1.0	0.342	adaptation_comment	Reptile__class
nsubj<obl>nmod> crocodile	1.0	0.522	adaptation_comment	Reptile__class
nsubj<obl>case> to	1.0	0.939	adaptation_comment	Reptile__class
nsubj<advmod> more	1.0	0.942	adaptation_comment	Reptile__class
conj>cop> be	1.0	0.181	adaptation_comment	Reptile__class
nmod>nmod:poss> its	1.0	0.451	adaptation_comment	Reptile__class
obl< similar	1.0	0.724	adaptation_comment	Reptile__class
nsubj<obj> leopard	1.0	0.168	adaptation_comment	Reptile__class
acl:relcl>obl>amod> same	1.0	0.303	adaptation_comment	Reptile__class
acl:relcl>obl>det> the	1.0	0.163	adaptation_comment	Reptile__class
acl:relcl>obl>case> in	1.0	0.432	adaptation_comment	Reptile__class
nmod<nsubj>det> the	1.0	0.315	adaptation_comment	Reptile__class
nsubj<obj>det> the	1.0	0.488	adaptation_comment	Reptile__class
acl:relcl>obl>case> on	1.0	0.697	adaptation_comment	Reptile__class
acl:relcl>advcl> kill	1.0	0.33	adaptation_comment	Reptile__class
nmod<nsubj> crocodile	1.0	0.369	adaptation_comment	Reptile__class
nmod<cop> be	1.0	0.37	adaptation_comment	Reptile__class
nmod<det> a	1.0	0.615	adaptation_comment	Reptile__class
nmod<conj>cc> and	1.0	0.405	adaptation_comment	Reptile__class
nmod<acl:relcl>nsubj> which	1.0	0.464	adaptation_comment	Reptile__class
nmod<appos>det> the	1.0	0.524	adaptation_comment	Reptile__class
nmod>case> on	1.0	1.001	adaptation_comment	Reptile__class
obl<obl>case> to	1.0	0.391	adaptation_comment	Reptile__class
conj>advmod> not	1.0	0.582	adaptation_comment	Reptile__class
nsubj> these	1.0	0.465	adaptation_comment	Reptile__class
acl>obl>det> a	1.0	0.433	adaptation_comment	Reptile__class
acl>obl>case> on	1.0	0.296	adaptation_comment	Reptile__class
acl:relcl>obj>nmod:poss> they	1.0	0.765	adaptation_comment	Reptile__class
obj<nsubj> which	1.0	0.356	adaptation_comment	Reptile__class
obl<obl>case> in	1.0	0.481	adaptation_comment	Reptile__class
obl< take	1.0	0.711	adaptation_comment	Reptile__class
conj>nmod>case> in	1.0	0.595	adaptation_comment	Reptile__class
conj>amod> other	1.0	0.294	adaptation_comment	Reptile__class
obl>nmod>det> the	1.0	0.545	adaptation_comment	Reptile__class
conj<advmod> also	1.0	0.567	adaptation_comment	Reptile__class
conj<nsubj> they	1.0	0.614	adaptation_comment	Reptile__class
acl:relcl>nsubj> who	1.0	0.229	adaptation_comment	Reptile__class
xcomp<aux:pass> be	1.0	0.566	adaptation_comment	Reptile__class
acl:relcl>obl>case> from	1.0	0.496	adaptation_comment	Reptile__class
acl:relcl>obl> predator	1.0	0.3	adaptation_comment	Reptile__class
nsubj> turtle	1.0	0.427	adaptation_comment	Reptile__class
nsubj>compound> sea	1.0	0.654	adaptation_comment	Reptile__class
compound<compound> Sea	1.0	0.206	adaptation_comment	Reptile__class
obl>case> in	1.0	0.423	adaptation_comment	Reptile__class
conj<nsubj> it	1.0	0.587	adaptation_comment	Reptile__class
obj<advcl> hunt	1.0	0.543	adaptation_comment	Reptile__class
obj<advcl>mark> though	1.0	0.366	adaptation_comment	Reptile__class
obj<aux> be	1.0	0.371	adaptation_comment	Reptile__class
nmod<case> of	1.0	0.847	adaptation_comment	Reptile__class
nmod<nmod<det> the	1.0	0.832	adaptation_comment	Reptile__class
nmod<nmod<case> due	1.0	0.608	adaptation_comment	Reptile__class
obl< feed	1.0	0.882	adaptation_comment	Reptile__class
obl<nsubj> who	1.0	0.56	adaptation_comment	Reptile__class
obl<acl:relcl<cop> be	1.0	0.608	adaptation_comment	Reptile__class
obj<aux> may	1.0	0.312	adaptation_comment	Reptile__class
nsubj:pass<obl>case> by	1.0	0.456	adaptation_comment	Reptile__class
nsubj:pass<aux:pass> be	1.0	0.519	adaptation_comment	Reptile__class
acl>obl>case> of	1.0	0.258	adaptation_comment	Reptile__class
nsubj:pass<obl>amod> large	1.0	0.547	adaptation_comment	Reptile__class
nsubj> Ichthyosaurs	1.0	0.546	adaptation_comment	Reptile__class
compound<amod> large	1.0	0.247	adaptation_comment	Reptile__class
compound<det> the	1.0	0.725	adaptation_comment	Reptile__class
compound<cc> and	1.0	0.378	adaptation_comment	Reptile__class
obl<obl>case> by	1.0	0.432	adaptation_comment	Reptile__class
obl<nsubj:pass> they	1.0	0.598	adaptation_comment	Reptile__class
obl<mark> until	1.0	0.305	adaptation_comment	Reptile__class
advcl>det> a	1.0	0.277	adaptation_comment	Reptile__class
advmod> only	1.0	0.47	adaptation_comment	Reptile__class
nsubj> which	1.0	0.408	adaptation_comment	Reptile__class
acl:relcl<det> the	1.0	0.385	adaptation_comment	Reptile__class
advcl>obj>nmod:poss> they	1.0	0.325	adaptation_comment	Reptile__class
nummod> marine	1.0	0.241	adaptation_comment	Reptile__class
obl<conj>cc> and	1.0	0.473	adaptation_comment	Reptile__class
obl<nsubj>det> the	1.0	0.492	adaptation_comment	Reptile__class
obl<mark> while	1.0	0.577	adaptation_comment	Reptile__class
nmod>nmod>det> the	1.0	0.205	adaptation_comment	Reptile__class
nmod>nmod>case> of	1.0	0.558	adaptation_comment	Reptile__class
mark> as	1.0	0.399	adaptation_comment	Reptile__class
obl<conj>aux> have	1.0	0.441	adaptation_comment	Reptile__class
obl<conj>aux:pass> be	1.0	0.522	adaptation_comment	Reptile__class
nsubj<obl>case> from	1.0	0.987	adaptation_comment	Reptile__class
nsubj<aux> have	1.0	0.748	adaptation_comment	Reptile__class
case> to	1.0	0.833	adaptation_comment	Reptile__class
nmod<case>fixed> as	1.0	0.386	adaptation_comment	Reptile__class
obj<advcl<cop> be	1.0	0.212	adaptation_comment	Reptile__class
nsubj<advcl>cop> be	1.0	0.215	adaptation_comment	Reptile__class
nsubj<advcl>advmod> often	1.0	0.612	adaptation_comment	Reptile__class
det> this	1.0	0.583	adaptation_comment	Reptile__class
nmod<obj<aux> can	1.0	0.25	adaptation_comment	Reptile__class
nmod<obj<nsubj> crocodile	1.0	0.292	adaptation_comment	Reptile__class
nsubj<parataxis>cop> be	1.0	0.448	adaptation_comment	Reptile__class
nsubj<parataxis>nsubj> they	1.0	0.34	adaptation_comment	Reptile__class
nsubj<det> a	1.0	0.483	adaptation_comment	Reptile__class
parataxis> have	1.0	0.262	adaptation_comment	Reptile__class
conj>nmod:poss> they	1.0	0.565	adaptation_comment	Reptile__class
conj>cc> or	1.0	0.823	adaptation_comment	Reptile__class
nmod>acl:relcl>aux:pass> be	1.0	0.577	adaptation_comment	Reptile__class
obj<nsubj> crocodile	1.0	0.218	adaptation_comment	Reptile__class
nsubj<conj> snake	1.0	0.247	adaptation_comment	Reptile__class
nsubj<case> among	1.0	0.289	adaptation_comment	Reptile__class
amod>advmod> relatively	1.0	0.654	adaptation_comment	Reptile__class
nsubj<advmod> likely	1.0	1.025	adaptation_comment	Reptile__class
nsubj<advmod>advmod> most	1.0	0.42	adaptation_comment	Reptile__class
nmod>nmod:poss>case> 's	1.0	0.498	adaptation_comment	Reptile__class
obj<mark> to	1.0	0.454	adaptation_comment	Reptile__class
conj>obj>det> the	1.0	0.285	adaptation_comment	Reptile__class
nmod> Africa	1.0	0.688	adaptation_comment	Reptile__class
nsubj> it	1.0	0.431	adaptation_comment	Reptile__class
appos<nsubj<cop> be	1.0	0.31	adaptation_comment	Reptile__class
appos<nmod>det> the	1.0	0.481	adaptation_comment	Reptile__class
nmod<obj<mark> to	1.0	0.409	adaptation_comment	Reptile__class
acl>mark> to	1.0	0.461	adaptation_comment	Reptile__class
obl<mark> to	1.0	0.669	adaptation_comment	Reptile__class
obl<acl<det> the	1.0	0.438	adaptation_comment	Reptile__class
parataxis>conj>cop> be	1.0	0.395	adaptation_comment	Reptile__class
parataxis>conj>cc> and	1.0	0.479	adaptation_comment	Reptile__class
parataxis>obl>case> in	1.0	0.281	adaptation_comment	Reptile__class
conj>amod> aquatic	1.0	0.399	adaptation_comment	Reptile__class
parataxis<obl>case> in	1.0	0.473	adaptation_comment	Reptile__class
nsubj<conj>amod> large	1.0	0.599	adaptation_comment	Reptile__class
nmod<obj< give	1.0	0.686	adaptation_comment	Reptile__class
nmod<obj<advmod> also	1.0	0.244	adaptation_comment	Reptile__class
acl:relcl>obj>conj> reptile	1.0	0.295	adaptation_comment	Reptile__class
nsubj<conj> species	1.0	0.271	adaptation_comment	Reptile__class
obj<nsubj> that	1.0	0.347	adaptation_comment	Reptile__class
obj< attack	1.0	0.416	adaptation_comment	Reptile__class
obj<advcl< observe	1.0	0.338	adaptation_comment	Reptile__class
obj<advcl<aux:pass> be	1.0	0.653	adaptation_comment	Reptile__class
obj<advcl<aux> have	1.0	0.567	adaptation_comment	Reptile__class
obl< kill	1.0	0.625	adaptation_comment	Reptile__class
conj<conj>aux:pass> be	1.0	0.343	adaptation_comment	Reptile__class
conj<conj>aux> have	1.0	0.304	adaptation_comment	Reptile__class
conj<conj>cc> and	1.0	0.674	adaptation_comment	Reptile__class
conj<obj>det> a	1.0	0.32	adaptation_comment	Reptile__class
conj<nsubj> crocodile	1.0	0.471	adaptation_comment	Reptile__class
conj> crocodile	1.0	0.982	adaptation_comment	Reptile__class
advcl>nsubj> they	1.0	0.546	adaptation_comment	Reptile__class
advcl>mark> although	1.0	0.433	adaptation_comment	Reptile__class
nmod<nmod:poss>det> the	1.0	0.588	adaptation_comment	Reptile__class
nmod<obj<nsubj> this	1.0	0.221	adaptation_comment	Reptile__class
amod> many	1.0	1.173	adaptation_comment	Reptile__class
obl< see	1.0	0.784	adaptation_comment	Reptile__class
obl<advcl<advmod> however	1.0	0.307	adaptation_comment	Reptile__class
case> than	1.0	0.684	adaptation_comment	Reptile__class
nmod<obj< reflect	1.0	0.661	adaptation_comment	Reptile__class
nmod<nmod:poss> Egyptians	1.0	0.286	adaptation_comment	Reptile__class
nmod<nmod:poss>case> 's	1.0	0.364	adaptation_comment	Reptile__class
conj>nmod>det> the	1.0	0.35	adaptation_comment	Reptile__class
conj>det> a	1.0	0.344	adaptation_comment	Reptile__class
cc:preconj> both	1.0	0.525	adaptation_comment	Reptile__class
nmod<nmod>det> the	1.0	0.524	adaptation_comment	Reptile__class
nmod<nmod>case> of	1.0	0.266	adaptation_comment	Reptile__class
conj<xcomp< ...	1.0	0.599	adaptation_comment	Reptile__class
conj<conj> ...	74.0	0.721	adaptation_topic	Reptile__class
amod> ...	61.0	1.097	adaptation_topic	Reptile__class
case> ...	45.0	0.845	adaptation_topic	Reptile__class
nsubj< ...	45.0	0.724	adaptation_topic	Reptile__class
det> ...	45.0	0.678	adaptation_topic	Reptile__class
compound> ...	41.0	0.494	adaptation_topic	Reptile__class
det> the	37.0	0.844	adaptation_topic	Reptile__class
conj< ...	30.0	0.624	adaptation_topic	Reptile__class
nmod< ...	25.0	0.445	adaptation_topic	Reptile__class
conj<conj>cc> ...	22.0	0.574	adaptation_topic	Reptile__class
conj<conj>amod> ...	22.0	0.354	adaptation_topic	Reptile__class
conj<conj>cc> and	21.0	0.674	adaptation_topic	Reptile__class
nsubj<obl> ...	21.0	0.54	adaptation_topic	Reptile__class
conj> ...	20.0	0.924	adaptation_topic	Reptile__class
nsubj<cop> ...	18.0	0.586	adaptation_topic	Reptile__class
nsubj<obj> ...	18.0	0.201	adaptation_topic	Reptile__class
nsubj<cop> be	18.0	0.598	adaptation_topic	Reptile__class
nsubj<obl>case> ...	18.0	0.873	adaptation_topic	Reptile__class
cc> ...	18.0	0.86	adaptation_topic	Reptile__class
compound< ...	18.0	0.443	adaptation_topic	Reptile__class
nsubj<conj> ...	18.0	0.217	adaptation_topic	Reptile__class
case> of	16.0	0.897	adaptation_topic	Reptile__class
nsubj<conj>cc> ...	16.0	0.677	adaptation_topic	Reptile__class
compound> Nile	16.0	0.625	adaptation_topic	Reptile__class
cc> and	15.0	0.908	adaptation_topic	Reptile__class
nsubj<amod> ...	15.0	0.27	adaptation_topic	Reptile__class
nmod<amod> ...	13.0	0.537	adaptation_topic	Reptile__class
nsubj<obj>amod> ...	13.0	0.309	adaptation_topic	Reptile__class
obl< ...	13.0	0.711	adaptation_topic	Reptile__class
conj>amod> ...	12.0	0.295	adaptation_topic	Reptile__class
conj<case> ...	12.0	0.445	adaptation_topic	Reptile__class
nmod<det> ...	12.0	0.595	adaptation_topic	Reptile__class
nsubj< predator	12.0	0.722	adaptation_topic	Reptile__class
nsubj<conj>cc> and	11.0	0.598	adaptation_topic	Reptile__class
conj<amod> ...	11.0	0.685	adaptation_topic	Reptile__class
nsubj<aux> ...	11.0	0.679	adaptation_topic	Reptile__class
nsubj<advmod> ...	10.0	1.02	adaptation_topic	Reptile__class
appos> ...	10.0	0.403	adaptation_topic	Reptile__class
conj<appos> ...	10.0	0.422	adaptation_topic	Reptile__class
conj>cc> ...	10.0	0.662	adaptation_topic	Reptile__class
compound> sea	10.0	0.448	adaptation_topic	Reptile__class
nsubj<advcl> ...	9.0	0.402	adaptation_topic	Reptile__class
nmod<det> the	9.0	0.656	adaptation_topic	Reptile__class
conj>cc> and	9.0	0.842	adaptation_topic	Reptile__class
conj<obj< ...	8.0	0.334	adaptation_topic	Reptile__class
compound<case> ...	8.0	0.258	adaptation_topic	Reptile__class
nsubj<obj>nmod> ...	8.0	0.209	adaptation_topic	Reptile__class
obl<nsubj> ...	8.0	0.795	adaptation_topic	Reptile__class
nsubj<obl>det> ...	8.0	0.67	adaptation_topic	Reptile__class
nmod>case> ...	8.0	0.995	adaptation_topic	Reptile__class
nmod> ...	8.0	0.684	adaptation_topic	Reptile__class
conj<obj< include	7.0	0.299	adaptation_topic	Reptile__class
nmod<case> ...	7.0	0.751	adaptation_topic	Reptile__class
conj<obj>conj> ...	7.0	0.227	adaptation_topic	Reptile__class
nmod<nmod> ...	7.0	0.376	adaptation_topic	Reptile__class
nmod<nsubj< ...	7.0	0.238	adaptation_topic	Reptile__class
nsubj< have	7.0	0.788	adaptation_topic	Reptile__class
compound<det> ...	7.0	0.675	adaptation_topic	Reptile__class
nsubj:pass<aux:pass> ...	7.0	0.513	adaptation_topic	Reptile__class
nsubj:pass< ...	7.0	0.301	adaptation_topic	Reptile__class
nmod<nmod>case> ...	7.0	0.266	adaptation_topic	Reptile__class
nsubj:pass<aux:pass> be	7.0	0.519	adaptation_topic	Reptile__class
amod> american	6.0	1.043	adaptation_topic	Reptile__class
nsubj> ...	6.0	0.409	adaptation_topic	Reptile__class
conj<nmod>case> ...	6.0	0.636	adaptation_topic	Reptile__class
nsubj<obl>nmod> ...	6.0	0.398	adaptation_topic	Reptile__class
nsubj<obl>amod> ...	6.0	0.445	adaptation_topic	Reptile__class
amod> green	6.0	0.9	adaptation_topic	Reptile__class
obl<advmod> ...	6.0	0.379	adaptation_topic	Reptile__class
conj<obj<nsubj> ...	6.0	0.288	adaptation_topic	Reptile__class
compound<nmod< ...	6.0	0.219	adaptation_topic	Reptile__class
conj<nmod> ...	6.0	0.434	adaptation_topic	Reptile__class
nsubj<det> ...	6.0	0.488	adaptation_topic	Reptile__class
conj<obj<nsubj> predator	6.0	0.341	adaptation_topic	Reptile__class
conj<conj>advmod> ...	5.0	0.598	adaptation_topic	Reptile__class
compound<compound> ...	5.0	0.266	adaptation_topic	Reptile__class
conj<nmod< ...	5.0	0.237	adaptation_topic	Reptile__class
conj<nsubj< ...	5.0	0.272	adaptation_topic	Reptile__class
cop> be	5.0	0.26	adaptation_topic	Reptile__class
conj<conj>appos> ...	5.0	0.607	adaptation_topic	Reptile__class
conj<nsubj> ...	5.0	0.45	adaptation_topic	Reptile__class
nsubj:pass<obl> ...	5.0	0.533	adaptation_topic	Reptile__class
nsubj<obj>det> ...	5.0	0.524	adaptation_topic	Reptile__class
conj<det> ...	5.0	0.559	adaptation_topic	Reptile__class
cop> ...	5.0	0.26	adaptation_topic	Reptile__class
nsubj<nmod> ...	5.0	0.225	adaptation_topic	Reptile__class
obl<conj> ...	5.0	0.321	adaptation_topic	Reptile__class
nsubj<mark> ...	5.0	0.431	adaptation_topic	Reptile__class
obl<obl> ...	5.0	0.418	adaptation_topic	Reptile__class
nsubj<nmod>case> ...	5.0	0.167	adaptation_topic	Reptile__class
compound>amod> ...	5.0	0.598	adaptation_topic	Reptile__class
nsubj:pass<obl>case> ...	5.0	0.492	adaptation_topic	Reptile__class
acl:relcl> ...	5.0	0.433	adaptation_topic	Reptile__class
nsubj<conj>advmod> ...	5.0	0.721	adaptation_topic	Reptile__class
conj<conj>compound> ...	5.0	0.311	adaptation_topic	Reptile__class
nsubj<conj>obl> ...	5.0	0.289	adaptation_topic	Reptile__class
nmod:poss< ...	5.0	0.328	adaptation_topic	Reptile__class
det> a	5.0	0.769	adaptation_topic	Reptile__class
nsubj<advcl>obl> ...	5.0	0.437	adaptation_topic	Reptile__class
acl:relcl>nsubj> ...	4.0	0.227	adaptation_topic	Reptile__class
nmod<nsubj<cop> ...	4.0	0.356	adaptation_topic	Reptile__class
case> by	4.0	0.907	adaptation_topic	Reptile__class
nsubj<aux> may	4.0	0.716	adaptation_topic	Reptile__class
nsubj<obl>det> the	4.0	0.658	adaptation_topic	Reptile__class
nsubj<obl>compound> ...	4.0	0.239	adaptation_topic	Reptile__class
nmod<conj<nmod> ...	4.0	0.172	adaptation_topic	Reptile__class
nmod<nsubj<aux> ...	4.0	0.502	adaptation_topic	Reptile__class
nmod<conj> ...	4.0	0.23	adaptation_topic	Reptile__class
nsubj<conj>amod> ...	4.0	0.484	adaptation_topic	Reptile__class
nmod<nsubj<nmod> ...	4.0	0.498	adaptation_topic	Reptile__class
compound<nmod<conj> ...	4.0	0.167	adaptation_topic	Reptile__class
nmod<compound> ...	4.0	0.565	adaptation_topic	Reptile__class
nsubj<obj>det> a	4.0	0.57	adaptation_topic	Reptile__class
conj<amod> chinese	4.0	0.721	adaptation_topic	Reptile__class
conj<det> the	4.0	0.694	adaptation_topic	Reptile__class
obl<obj> ...	4.0	0.332	adaptation_topic	Reptile__class
nmod<nsubj<obl> ...	4.0	0.255	adaptation_topic	Reptile__class
amod> Nile	4.0	1.071	adaptation_topic	Reptile__class
compound<nsubj<conj> ...	4.0	0.259	adaptation_topic	Reptile__class
nmod<obj< ...	4.0	0.556	adaptation_topic	Reptile__class
case> 's	4.0	0.786	adaptation_topic	Reptile__class
compound<case> of	4.0	0.2	adaptation_topic	Reptile__class
compound< egg	4.0	0.503	adaptation_topic	Reptile__class
conj<nsubj<amod> ...	4.0	0.22	adaptation_topic	Reptile__class
nmod>conj> ...	4.0	0.517	adaptation_topic	Reptile__class
nsubj> predator	4.0	0.423	adaptation_topic	Reptile__class
nsubj<advcl>mark> ...	4.0	0.551	adaptation_topic	Reptile__class
nsubj<conj>aux:pass> ...	4.0	0.63	adaptation_topic	Reptile__class
conj<conj>amod> wild	4.0	0.345	adaptation_topic	Reptile__class
nsubj<conj>aux:pass> be	4.0	0.63	adaptation_topic	Reptile__class
nsubj<conj>cc> but	4.0	0.756	adaptation_topic	Reptile__class
nsubj<conj>advcl> ...	4.0	0.228	adaptation_topic	Reptile__class
conj<obl< ...	4.0	0.415	adaptation_topic	Reptile__class
nsubj<obl>case> at	4.0	0.866	adaptation_topic	Reptile__class
compound<nmod<case> ...	4.0	0.336	adaptation_topic	Reptile__class
compound<amod> ...	4.0	0.27	adaptation_topic	Reptile__class
nmod<obl< ...	4.0	0.36	adaptation_topic	Reptile__class
conj<nsubj> predator	4.0	0.48	adaptation_topic	Reptile__class
obj< ...	4.0	0.359	adaptation_topic	Reptile__class
nmod<nsubj<cop> be	4.0	0.356	adaptation_topic	Reptile__class
nsubj:pass<advmod> ...	4.0	0.643	adaptation_topic	Reptile__class
obl<advcl>mark> ...	4.0	0.604	adaptation_topic	Reptile__class
nsubj<advcl>advmod> ...	4.0	0.553	adaptation_topic	Reptile__class
nsubj<obl>case> in	4.0	0.909	adaptation_topic	Reptile__class
obl<advcl> ...	4.0	0.443	adaptation_topic	Reptile__class
nsubj<xcomp> ...	3.0	0.179	adaptation_topic	Reptile__class
conj<nsubj<nmod> ...	3.0	0.152	adaptation_topic	Reptile__class
nmod< predator	3.0	0.465	adaptation_topic	Reptile__class
obl<conj>obl> ...	3.0	0.248	adaptation_topic	Reptile__class
compound> saltwater	3.0	0.446	adaptation_topic	Reptile__class
obl<conj>cc> and	3.0	0.473	adaptation_topic	Reptile__class
compound<nsubj<obl> ...	3.0	0.447	adaptation_topic	Reptile__class
nmod<nsubj:pass<aux:pass> be	3.0	0.429	adaptation_topic	Reptile__class
nmod<obl<advmod> ...	3.0	0.311	adaptation_topic	Reptile__class
nmod<obl<nsubj> ...	3.0	0.297	adaptation_topic	Reptile__class
conj>case> ...	3.0	0.582	adaptation_topic	Reptile__class
conj<conj>case> like	3.0	0.238	adaptation_topic	Reptile__class
obl<aux> ...	3.0	0.295	adaptation_topic	Reptile__class
conj>advmod> ...	3.0	0.556	adaptation_topic	Reptile__class
obl<aux:pass> ...	3.0	0.343	adaptation_topic	Reptile__class
appos>appos> ...	3.0	0.344	adaptation_topic	Reptile__class
nmod>conj>cc> and	3.0	0.157	adaptation_topic	Reptile__class
compound<nsubj:pass< ...	3.0	0.351	adaptation_topic	Reptile__class
nmod>det> ...	3.0	0.484	adaptation_topic	Reptile__class
nmod>conj>cc> ...	3.0	0.196	adaptation_topic	Reptile__class
conj<conj>amod> african	3.0	0.392	adaptation_topic	Reptile__class
nsubj<det> a	3.0	0.483	adaptation_topic	Reptile__class
nmod>amod> ...	3.0	0.572	adaptation_topic	Reptile__class
conj<conj> bird	3.0	0.885	adaptation_topic	Reptile__class
conj<nsubj<cop> ...	3.0	0.576	adaptation_topic	Reptile__class
conj<conj>det> ...	3.0	0.561	adaptation_topic	Reptile__class
obj<advmod> ...	3.0	0.581	adaptation_topic	Reptile__class
nsubj<conj>obj> ...	3.0	0.255	adaptation_topic	Reptile__class
nsubj<conj>nmod> ...	3.0	0.294	adaptation_topic	Reptile__class
compound<nmod>case> ...	3.0	0.376	adaptation_topic	Reptile__class
conj<conj>case> ...	3.0	0.27	adaptation_topic	Reptile__class
compound<nmod<amod> ...	3.0	0.331	adaptation_topic	Reptile__class
compound<nmod<nmod> ...	3.0	0.277	adaptation_topic	Reptile__class
acl:relcl>obj> ...	3.0	0.286	adaptation_topic	Reptile__class
conj<conj>nmod> ...	3.0	0.218	adaptation_topic	Reptile__class
conj<cop> ...	3.0	0.411	adaptation_topic	Reptile__class
nmod<nmod>det> ...	3.0	0.474	adaptation_topic	Reptile__class
conj<cop> be	3.0	0.411	adaptation_topic	Reptile__class
compound<nsubj:pass<obl> ...	3.0	0.289	adaptation_topic	Reptile__class
nmod<nmod>compound> ...	3.0	0.404	adaptation_topic	Reptile__class
case>fixed> as	3.0	0.366	adaptation_topic	Reptile__class
obl<aux:pass> be	3.0	0.343	adaptation_topic	Reptile__class
case>fixed> ...	3.0	0.366	adaptation_topic	Reptile__class
appos>amod> ...	3.0	0.321	adaptation_topic	Reptile__class
compound<nmod> ...	3.0	0.368	adaptation_topic	Reptile__class
nsubj<conj>cop> ...	3.0	0.503	adaptation_topic	Reptile__class
conj<conj>obl> ...	3.0	0.528	adaptation_topic	Reptile__class
case> to	3.0	0.833	adaptation_topic	Reptile__class
obl<conj>cc> ...	3.0	0.41	adaptation_topic	Reptile__class
nsubj< become	3.0	0.707	adaptation_topic	Reptile__class
obl<nsubj>det> ...	3.0	0.398	adaptation_topic	Reptile__class
compound<det> the	3.0	0.725	adaptation_topic	Reptile__class
nmod<cop> be	3.0	0.37	adaptation_topic	Reptile__class
compound<nsubj:pass<aux:pass> be	3.0	0.275	adaptation_topic	Reptile__class
amod>advmod> ...	3.0	0.651	adaptation_topic	Reptile__class
nsubj:pass<obl>case> in	3.0	0.463	adaptation_topic	Reptile__class
conj<conj> snake	3.0	0.782	adaptation_topic	Reptile__class
compound<nsubj:pass<aux:pass> ...	3.0	0.275	adaptation_topic	Reptile__class
nsubj>amod> ...	3.0	0.321	adaptation_topic	Reptile__class
nmod<cop> ...	3.0	0.37	adaptation_topic	Reptile__class
acl:relcl>obl>case> ...	3.0	0.516	adaptation_topic	Reptile__class
conj<nmod<amod> ...	3.0	0.479	adaptation_topic	Reptile__class
conj>compound> ...	3.0	0.391	adaptation_topic	Reptile__class
compound<conj< ...	3.0	0.284	adaptation_topic	Reptile__class
conj>obl> ...	3.0	0.258	adaptation_topic	Reptile__class
compound<conj<amod> ...	3.0	0.423	adaptation_topic	Reptile__class
nsubj<advcl>obj> ...	3.0	0.304	adaptation_topic	Reptile__class
nmod<nsubj:pass<aux:pass> ...	3.0	0.429	adaptation_topic	Reptile__class
nmod<nsubj:pass< ...	3.0	0.485	adaptation_topic	Reptile__class
nsubj<acl> ...	3.0	0.351	adaptation_topic	Reptile__class
conj>obl>case> ...	3.0	0.307	adaptation_topic	Reptile__class
conj<nsubj<cop> be	3.0	0.576	adaptation_topic	Reptile__class
conj<conj>det> the	3.0	0.647	adaptation_topic	Reptile__class
nsubj<conj>cop> be	3.0	0.514	adaptation_topic	Reptile__class
acl:relcl>obl>det> the	3.0	0.163	adaptation_topic	Reptile__class
nsubj<amod> apex	3.0	0.386	adaptation_topic	Reptile__class
nsubj<parataxis<nmod> ...	3.0	0.23	adaptation_topic	Reptile__class
obl<mark> ...	3.0	0.625	adaptation_topic	Reptile__class
nsubj<conj>det> ...	3.0	0.201	adaptation_topic	Reptile__class
obl<obl>case> ...	3.0	0.403	adaptation_topic	Reptile__class
nsubj<mark> that	3.0	0.432	adaptation_topic	Reptile__class
nmod<nsubj> ...	3.0	0.304	adaptation_topic	Reptile__class
nsubj<ccomp< ...	3.0	0.611	adaptation_topic	Reptile__class
nmod<nsubj<det> ...	3.0	0.341	adaptation_topic	Reptile__class
compound<det> a	3.0	0.78	adaptation_topic	Reptile__class
conj<appos>compound> ...	3.0	0.324	adaptation_topic	Reptile__class
nsubj<det> the	3.0	0.464	adaptation_topic	Reptile__class
conj<amod>amod> ...	3.0	0.36	adaptation_topic	Reptile__class
conj<appos>appos> ...	3.0	0.291	adaptation_topic	Reptile__class
acl:relcl>obl>det> ...	3.0	0.173	adaptation_topic	Reptile__class
nmod>case> of	3.0	1.091	adaptation_topic	Reptile__class
acl:relcl>obl> ...	3.0	0.23	adaptation_topic	Reptile__class
obl<acl:relcl<case> ...	3.0	0.176	adaptation_topic	Reptile__class
conj<obj>conj> dog	2.0	0.246	adaptation_topic	Reptile__class
appos>conj> ...	2.0	0.345	adaptation_topic	Reptile__class
appos>compound> ...	2.0	0.413	adaptation_topic	Reptile__class
nsubj<compound> ...	2.0	0.275	adaptation_topic	Reptile__class
nsubj<conj< ...	2.0	0.226	adaptation_topic	Reptile__class
nmod:poss<nsubj< ...	2.0	0.367	adaptation_topic	Reptile__class
nsubj<conj<obj> ...	2.0	0.284	adaptation_topic	Reptile__class
nsubj<obl> predator	2.0	0.334	adaptation_topic	Reptile__class
nsubj<aux> could	2.0	0.718	adaptation_topic	Reptile__class
conj>conj> ...	2.0	0.267	adaptation_topic	Reptile__class
conj<nsubj>amod> ...	2.0	0.233	adaptation_topic	Reptile__class
nsubj<conj>nsubj> ...	2.0	0.156	adaptation_topic	Reptile__class
obl<cop> ...	2.0	0.543	adaptation_topic	Reptile__class
acl:relcl>nsubj> which	2.0	0.309	adaptation_topic	Reptile__class
nsubj<obj>nummod> ...	2.0	0.404	adaptation_topic	Reptile__class
conj<obl<nsubj> ...	2.0	0.395	adaptation_topic	Reptile__class
conj<obl<advmod> ...	2.0	0.48	adaptation_topic	Reptile__class
appos> Paleobiology	2.0	0.405	adaptation_topic	Reptile__class
compound<compound> Nile	2.0	0.38	adaptation_topic	Reptile__class
conj>conj>amod> ...	2.0	0.47	adaptation_topic	Reptile__class
nmod<obj<nsubj> ...	2.0	0.217	adaptation_topic	Reptile__class
compound<cc> and	2.0	0.378	adaptation_topic	Reptile__class
nmod<nsubj>nmod> ...	2.0	0.22	adaptation_topic	Reptile__class
compound<nmod>case> in	2.0	0.39	adaptation_topic	Reptile__class
nsubj<nmod>case> of	2.0	0.206	adaptation_topic	Reptile__class
obj<conj> ...	2.0	0.562	adaptation_topic	Reptile__class
nmod<obl<cop> be	2.0	0.542	adaptation_topic	Reptile__class
cc> or	2.0	0.951	adaptation_topic	Reptile__class
conj<nsubj< predator	2.0	0.232	adaptation_topic	Reptile__class
nsubj<nmod>nmod:poss> ...	2.0	0.815	adaptation_topic	Reptile__class
nsubj<ccomp<ccomp< ...	2.0	0.28	adaptation_topic	Reptile__class
nmod>det> the	2.0	0.479	adaptation_topic	Reptile__class
conj<nsubj>nmod:poss> ...	2.0	0.43	adaptation_topic	Reptile__class
nmod<case> to	2.0	0.766	adaptation_topic	Reptile__class
nsubj<advcl< ...	2.0	0.381	adaptation_topic	Reptile__class
nmod<conj<conj> ...	2.0	1.122	adaptation_topic	Reptile__class
nsubj<obl>det> a	2.0	0.698	adaptation_topic	Reptile__class
amod>advmod> very	2.0	0.687	adaptation_topic	Reptile__class
conj>obj> ...	2.0	0.333	adaptation_topic	Reptile__class
amod> large	2.0	1.162	adaptation_topic	Reptile__class
nmod< that	2.0	0.486	adaptation_topic	Reptile__class
nsubj<obl>nmod> predator	2.0	0.391	adaptation_topic	Reptile__class
conj>obl> length	2.0	0.582	adaptation_topic	Reptile__class
nmod:poss<nmod< ...	2.0	0.436	adaptation_topic	Reptile__class
compound<nsubj<obj> ...	2.0	0.276	adaptation_topic	Reptile__class
compound<nsubj< ...	2.0	0.5	adaptation_topic	Reptile__class
nmod:poss<case> ...	2.0	0.472	adaptation_topic	Reptile__class
compound<obl< ...	2.0	0.523	adaptation_topic	Reptile__class
advmod> ...	2.0	0.42	adaptation_topic	Reptile__class
conj<nsubj>nmod> ...	2.0	0.294	adaptation_topic	Reptile__class
compound<conj<obj< ...	2.0	0.376	adaptation_topic	Reptile__class
conj<nmod<det> ...	2.0	0.687	adaptation_topic	Reptile__class
obl<acl:relcl< ...	2.0	0.247	adaptation_topic	Reptile__class
nmod<obl<cop> ...	2.0	0.542	adaptation_topic	Reptile__class
conj<conj>amod> spot	2.0	0.41	adaptation_topic	Reptile__class
nsubj<conj>aux> ...	2.0	0.463	adaptation_topic	Reptile__class
nsubj>nmod:poss> they	2.0	0.425	adaptation_topic	Reptile__class
compound<cc> ...	2.0	0.319	adaptation_topic	Reptile__class
conj<obj> ...	2.0	0.418	adaptation_topic	Reptile__class
obl<conj>nsubj> ...	2.0	0.521	adaptation_topic	Reptile__class
nmod:poss<nmod<det> ...	2.0	0.465	adaptation_topic	Reptile__class
compound<nmod< predator	2.0	0.302	adaptation_topic	Reptile__class
appos> history	2.0	0.465	adaptation_topic	Reptile__class
nmod<det> a	2.0	0.615	adaptation_topic	Reptile__class
nsubj>compound> ...	2.0	0.589	adaptation_topic	Reptile__class
nmod<nmod>case> of	2.0	0.266	adaptation_topic	Reptile__class
nsubj<conj>det> a	2.0	0.192	adaptation_topic	Reptile__class
nsubj<parataxis>conj> ...	2.0	0.404	adaptation_topic	Reptile__class
appos>amod> Evolutionary	2.0	0.355	adaptation_topic	Reptile__class
nsubj<nmod>case> in	2.0	0.177	adaptation_topic	Reptile__class
nsubj<parataxis> ...	2.0	0.416	adaptation_topic	Reptile__class
nmod<nsubj<nsubj> ...	2.0	0.325	adaptation_topic	Reptile__class
nsubj>nmod:poss> ...	2.0	0.151	adaptation_topic	Reptile__class
nsubj<aux> can	2.0	0.656	adaptation_topic	Reptile__class
obj<nsubj> ...	2.0	0.256	adaptation_topic	Reptile__class
nsubj<parataxis>nsubj> ...	2.0	0.318	adaptation_topic	Reptile__class
obj<nmod>amod> ...	2.0	0.401	adaptation_topic	Reptile__class
conj>obl>case> in	2.0	0.371	adaptation_topic	Reptile__class
conj<conj>nmod> prey	2.0	0.194	adaptation_topic	Reptile__class
compound<nsubj:pass<advcl> ...	2.0	0.436	adaptation_topic	Reptile__class
compound<nsubj<advmod> ...	2.0	0.374	adaptation_topic	Reptile__class
conj<advmod> therefore	2.0	0.533	adaptation_topic	Reptile__class
nsubj:pass<advmod> also	2.0	0.687	adaptation_topic	Reptile__class
nsubj<obj>compound> ...	2.0	0.494	adaptation_topic	Reptile__class
conj<conj>appos> seba	2.0	0.509	adaptation_topic	Reptile__class
nsubj:pass<xcomp>mark> to	2.0	0.703	adaptation_topic	Reptile__class
nsubj:pass< know	2.0	0.324	adaptation_topic	Reptile__class
nsubj<obj>advmod> ...	2.0	0.232	adaptation_topic	Reptile__class
conj<conj>obj> ...	2.0	0.224	adaptation_topic	Reptile__class
nmod<nsubj<det> a	2.0	0.339	adaptation_topic	Reptile__class
compound> box	2.0	0.549	adaptation_topic	Reptile__class
compound>amod> common	2.0	0.684	adaptation_topic	Reptile__class
nsubj<acl>obl> ...	2.0	0.643	adaptation_topic	Reptile__class
acl:relcl>aux> can	2.0	0.248	adaptation_topic	Reptile__class
nsubj<obl>appos> ...	2.0	0.443	adaptation_topic	Reptile__class
conj<appos>amod> ...	2.0	0.223	adaptation_topic	Reptile__class
conj<nummod> marine	2.0	0.366	adaptation_topic	Reptile__class
conj<conj>compound> rock	2.0	0.538	adaptation_topic	Reptile__class
nsubj<case> among	2.0	0.289	adaptation_topic	Reptile__class
conj<conj>advmod> now	2.0	0.469	adaptation_topic	Reptile__class
conj<conj>nsubj> it	2.0	0.3	adaptation_topic	Reptile__class
conj<nmod> snake	2.0	0.507	adaptation_topic	Reptile__class
acl:relcl>aux> ...	2.0	0.385	adaptation_topic	Reptile__class
conj<nmod>compound> sea	2.0	0.312	adaptation_topic	Reptile__class
obl<cc> ...	2.0	0.349	adaptation_topic	Reptile__class
acl:relcl>advmod> ...	2.0	0.312	adaptation_topic	Reptile__class
obl<nsubj:pass> ...	2.0	0.545	adaptation_topic	Reptile__class
acl:relcl>obl>advmod> ...	2.0	0.377	adaptation_topic	Reptile__class
conj<appos> pardus	2.0	0.55	adaptation_topic	Reptile__class
conj<case>fixed> ...	2.0	0.575	adaptation_topic	Reptile__class
conj<nmod>case> include	2.0	0.595	adaptation_topic	Reptile__class
conj<conj>nsubj> ...	2.0	0.331	adaptation_topic	Reptile__class
nsubj<obl>nummod> ...	2.0	0.697	adaptation_topic	Reptile__class
nsubj<nmod:poss>case> 's	2.0	0.475	adaptation_topic	Reptile__class
conj<nummod> ...	2.0	0.369	adaptation_topic	Reptile__class
appos>compound> Crocodylus	2.0	0.63	adaptation_topic	Reptile__class
conj<conj>appos> aurata	2.0	0.686	adaptation_topic	Reptile__class
nsubj<advcl>nsubj> ...	2.0	0.257	adaptation_topic	Reptile__class
conj<advmod> ...	2.0	0.477	adaptation_topic	Reptile__class
conj<case> among	2.0	0.397	adaptation_topic	Reptile__class
conj<acl> ...	2.0	0.278	adaptation_topic	Reptile__class
nsubj:pass<obl>det> ...	2.0	0.536	adaptation_topic	Reptile__class
conj<acl>obl> ...	2.0	0.234	adaptation_topic	Reptile__class
case> like	2.0	0.921	adaptation_topic	Reptile__class
nsubj:pass<obl>amod> ...	2.0	0.426	adaptation_topic	Reptile__class
obl<obl>conj> ...	2.0	0.294	adaptation_topic	Reptile__class
conj<conj>amod> other	2.0	0.369	adaptation_topic	Reptile__class
nsubj:pass<obl>compound> ...	2.0	0.126	adaptation_topic	Reptile__class
case> as	2.0	0.929	adaptation_topic	Reptile__class
obl<advcl< ...	2.0	0.382	adaptation_topic	Reptile__class
conj<nmod< carnivore	2.0	0.354	adaptation_topic	Reptile__class
obl<advcl>obj> ...	2.0	0.361	adaptation_topic	Reptile__class
conj<nmod> tetraspis	2.0	0.556	adaptation_topic	Reptile__class
nsubj:pass<obj> ...	2.0	0.346	adaptation_topic	Reptile__class
nsubj:pass<obj>nmod> ...	2.0	0.325	adaptation_topic	Reptile__class
case> with	2.0	0.888	adaptation_topic	Reptile__class
cc>fixed> ...	2.0	0.449	adaptation_topic	Reptile__class
conj<case> such	2.0	0.496	adaptation_topic	Reptile__class
conj<case>fixed> as	2.0	0.575	adaptation_topic	Reptile__class
conj<nmod>case> Osteolaemus	2.0	0.76	adaptation_topic	Reptile__class
conj<appos> pinyin	2.0	0.429	adaptation_topic	Reptile__class
conj<amod>amod> traditional	2.0	0.385	adaptation_topic	Reptile__class
nsubj<parataxis>nsubj> they	2.0	0.34	adaptation_topic	Reptile__class
obl<conj>obj> ...	2.0	0.183	adaptation_topic	Reptile__class
conj<conj> crocodile	2.0	0.806	adaptation_topic	Reptile__class
conj<nmod>compound> ...	2.0	0.218	adaptation_topic	Reptile__class
nsubj<nmod:poss> world	2.0	0.301	adaptation_topic	Reptile__class
nsubj<nmod:poss>det> the	2.0	0.722	adaptation_topic	Reptile__class
nsubj<amod> most	2.0	0.271	adaptation_topic	Reptile__class
nsubj<appos> ...	2.0	0.41	adaptation_topic	Reptile__class
conj>amod> large	2.0	0.35	adaptation_topic	Reptile__class
case> in	2.0	0.882	adaptation_topic	Reptile__class
conj<appos>compound> Panthera	2.0	0.278	adaptation_topic	Reptile__class
nmod:poss<nsubj<aux> ...	2.0	0.398	adaptation_topic	Reptile__class
nmod<obj<obl> ...	2.0	0.515	adaptation_topic	Reptile__class
nsubj<appos>acl:relcl> ...	2.0	0.462	adaptation_topic	Reptile__class
nsubj<appos>amod> ...	2.0	0.477	adaptation_topic	Reptile__class
nsubj<amod> only	2.0	0.325	adaptation_topic	Reptile__class
nsubj:pass<obl>det> the	2.0	0.61	adaptation_topic	Reptile__class
nsubj<nmod:poss>case> ...	2.0	0.475	adaptation_topic	Reptile__class
nsubj<nmod:poss> ...	2.0	0.301	adaptation_topic	Reptile__class
nsubj<amod> fearsome	2.0	0.339	adaptation_topic	Reptile__class
nsubj<case> ...	2.0	0.401	adaptation_topic	Reptile__class
obl<cc> and	2.0	0.31	adaptation_topic	Reptile__class
nmod:poss<amod> ...	2.0	0.44	adaptation_topic	Reptile__class
nmod<conj>compound> ...	2.0	0.605	adaptation_topic	Reptile__class
nsubj<mark> while	2.0	0.526	adaptation_topic	Reptile__class
nmod<conj>nmod> ...	2.0	0.418	adaptation_topic	Reptile__class
compound> adult	2.0	0.598	adaptation_topic	Reptile__class
nmod<conj>cc> ...	2.0	0.41	adaptation_topic	Reptile__class
nmod<nmod>conj> ...	2.0	0.164	adaptation_topic	Reptile__class
compound<nmod<obl< ...	2.0	0.285	adaptation_topic	Reptile__class
nmod<nsubj<aux> may	2.0	0.484	adaptation_topic	Reptile__class
nmod<nmod< ...	2.0	0.296	adaptation_topic	Reptile__class
compound>amod> green	2.0	0.659	adaptation_topic	Reptile__class
obl<cop> be	2.0	0.543	adaptation_topic	Reptile__class
conj<nmod>det> ...	2.0	0.161	adaptation_topic	Reptile__class
nsubj<advcl>advcl> ...	2.0	0.305	adaptation_topic	Reptile__class
nsubj<nmod:poss>det> ...	2.0	0.722	adaptation_topic	Reptile__class
nsubj<conj>xcomp> ...	2.0	0.386	adaptation_topic	Reptile__class
nsubj<conj>case> ...	2.0	0.29	adaptation_topic	Reptile__class
conj<nsubj<det> ...	2.0	0.411	adaptation_topic	Reptile__class
conj>amod>advmod> ...	2.0	0.463	adaptation_topic	Reptile__class
conj<nsubj< do	2.0	0.327	adaptation_topic	Reptile__class
conj<conj> mammal	2.0	0.712	adaptation_topic	Reptile__class
conj<conj>obl> bird	2.0	0.496	adaptation_topic	Reptile__class
obl<conj<obl> ...	2.0	0.504	adaptation_topic	Reptile__class
conj<conj>obj> determination	2.0	0.291	adaptation_topic	Reptile__class
nsubj<conj>obl> behaviour	2.0	0.203	adaptation_topic	Reptile__class
nsubj<conj> know	2.0	0.196	adaptation_topic	Reptile__class
nsubj<conj>advmod> little	2.0	0.833	adaptation_topic	Reptile__class
nmod>case> include	2.0	0.955	adaptation_topic	Reptile__class
nmod<conj>cc> and	2.0	0.405	adaptation_topic	Reptile__class
nmod<nmod>det> the	2.0	0.524	adaptation_topic	Reptile__class
nsubj:pass<xcomp> ...	2.0	0.203	adaptation_topic	Reptile__class
appos> porosus	2.0	0.56	adaptation_topic	Reptile__class
nsubj:pass<xcomp>mark> ...	2.0	0.703	adaptation_topic	Reptile__class
nsubj<conj<obl> ...	2.0	0.461	adaptation_topic	Reptile__class
nsubj:pass<aux> ...	2.0	0.237	adaptation_topic	Reptile__class
obl<obj>amod> ...	2.0	0.51	adaptation_topic	Reptile__class
obl<conj< ...	2.0	0.283	adaptation_topic	Reptile__class
nsubj<obl>conj> ...	2.0	0.391	adaptation_topic	Reptile__class
nsubj<conj>aux> have	2.0	0.517	adaptation_topic	Reptile__class
nmod:poss<obj<nsubj> ...	1.0	0.478	adaptation_topic	Reptile__class
nsubj<acl:relcl> ...	1.0	0.56	adaptation_topic	Reptile__class
nsubj<acl:relcl>cop> ...	1.0	0.562	adaptation_topic	Reptile__class
nsubj<acl:relcl>nsubj> ...	1.0	0.139	adaptation_topic	Reptile__class
conj<nmod<det> a	1.0	0.708	adaptation_topic	Reptile__class
nsubj<amod> crocodilian	1.0	0.275	adaptation_topic	Reptile__class
nsubj< live	1.0	0.798	adaptation_topic	Reptile__class
nsubj<advcl>mark> when	1.0	0.546	adaptation_topic	Reptile__class
nsubj<advcl>aux> ...	1.0	0.173	adaptation_topic	Reptile__class
conj<case> like	1.0	0.487	adaptation_topic	Reptile__class
nsubj<obj>amod> large	1.0	0.357	adaptation_topic	Reptile__class
obl<advcl> use	1.0	0.494	adaptation_topic	Reptile__class
obl<advcl>aux:pass> be	1.0	0.397	adaptation_topic	Reptile__class
obl<advcl>mark> although	1.0	0.587	adaptation_topic	Reptile__class
obl<advmod> sometimes	1.0	0.5	adaptation_topic	Reptile__class
obl<nsubj>det> a	1.0	0.418	adaptation_topic	Reptile__class
obl<nsubj>cop> be	1.0	0.478	adaptation_topic	Reptile__class
obl<obj>det> a	1.0	0.255	adaptation_topic	Reptile__class
obl< have	1.0	0.743	adaptation_topic	Reptile__class
nsubj:pass<mark> that	1.0	0.189	adaptation_topic	Reptile__class
nmod<case> on	1.0	0.787	adaptation_topic	Reptile__class
nsubj<advmod> still	1.0	1.112	adaptation_topic	Reptile__class
acl:relcl>obl>case> from	1.0	0.496	adaptation_topic	Reptile__class
amod> other	1.0	1.202	adaptation_topic	Reptile__class
conj<case> of	1.0	0.463	adaptation_topic	Reptile__class
nmod> size	1.0	0.637	adaptation_topic	Reptile__class
nmod>case> in	1.0	1.072	adaptation_topic	Reptile__class
nsubj<conj>compound:prt> up	1.0	0.52	adaptation_topic	Reptile__class
compound<obl<aux:pass> be	1.0	0.386	adaptation_topic	Reptile__class
compound<case> with	1.0	0.316	adaptation_topic	Reptile__class
compound<obl<nsubj:pass> specimen	1.0	0.308	adaptation_topic	Reptile__class
nmod<nsubj:pass<aux> have	1.0	0.21	adaptation_topic	Reptile__class
conj<nmod>det> a	1.0	0.152	adaptation_topic	Reptile__class
conj<nmod>case> in	1.0	0.74	adaptation_topic	Reptile__class
acl:relcl>obj> they	1.0	0.437	adaptation_topic	Reptile__class
nsubj> these	1.0	0.465	adaptation_topic	Reptile__class
ccomp<nsubj>det> the	1.0	0.32	adaptation_topic	Reptile__class
ccomp<obl>det> the	1.0	0.464	adaptation_topic	Reptile__class
ccomp<obl>case> in	1.0	0.474	adaptation_topic	Reptile__class
advmod> actually	1.0	0.322	adaptation_topic	Reptile__class
nsubj>det> the	1.0	0.507	adaptation_topic	Reptile__class
conj< mammal	1.0	0.684	adaptation_topic	Reptile__class
conj<case> with	1.0	0.459	adaptation_topic	Reptile__class
nsubj<aux> have	1.0	0.748	adaptation_topic	Reptile__class
nsubj<ccomp<aux:pass> be	1.0	0.411	adaptation_topic	Reptile__class
nsubj<ccomp<nsubj:pass> it	1.0	0.287	adaptation_topic	Reptile__class
nmod< type	1.0	0.451	adaptation_topic	Reptile__class
conj>amod> other	1.0	0.294	adaptation_topic	Reptile__class
conj>det> any	1.0	0.399	adaptation_topic	Reptile__class
compound< group	1.0	0.55	adaptation_topic	Reptile__class
nmod:poss<obj< ...	1.0	0.295	adaptation_topic	Reptile__class
nmod<case> of	1.0	0.847	adaptation_topic	Reptile__class
nmod<nmod<det> the	1.0	0.832	adaptation_topic	Reptile__class
nsubj<obl> length	1.0	0.923	adaptation_topic	Reptile__class
nmod:poss<nsubj<aux> have	1.0	0.416	adaptation_topic	Reptile__class
nmod:poss<nsubj<aux> may	1.0	0.395	adaptation_topic	Reptile__class
nmod:poss<nmod>case> of	1.0	0.436	adaptation_topic	Reptile__class
obl<appos>det> the	1.0	0.555	adaptation_topic	Reptile__class
obl<mark> until	1.0	0.305	adaptation_topic	Reptile__class
obl<nsubj:pass> they	1.0	0.598	adaptation_topic	Reptile__class
conj<conj> turtle	1.0	0.777	adaptation_topic	Reptile__class
conj<conj> fish	1.0	0.73	adaptation_topic	Reptile__class
conj<appos>det> the	1.0	0.264	adaptation_topic	Reptile__class
conj<acl> live	1.0	0.218	adaptation_topic	Reptile__class
conj<acl:relcl>nsubj> that	1.0	0.532	adaptation_topic	Reptile__class
nmod<amod> large	1.0	0.588	adaptation_topic	Reptile__class
nmod<amod> other	1.0	0.634	adaptation_topic	Reptile__class
nmod<case> from	1.0	0.733	adaptation_topic	Reptile__class
obl<acl:relcl<obl< ...	1.0	0.29	adaptation_topic	Reptile__class
obl<conj>det> ...	1.0	0.542	adaptation_topic	Reptile__class
conj<nmod<nsubj< ...	1.0	0.433	adaptation_topic	Reptile__class
conj<obl<conj< ...	1.0	0.501	adaptation_topic	Reptile__class
conj<obj<advmod> ...	1.0	0.56	adaptation_topic	Reptile__class
nsubj<nsubj> ...	1.0	0.408	adaptation_topic	Reptile__class
nsubj<nsubj>det> ...	1.0	0.581	adaptation_topic	Reptile__class
nmod<nsubj<conj> ...	1.0	0.371	adaptation_topic	Reptile__class
nmod<nsubj<obj> ...	1.0	0.204	adaptation_topic	Reptile__class
nmod<nsubj<cc> ...	1.0	0.291	adaptation_topic	Reptile__class
nmod<nsubj<mark> ...	1.0	0.277	adaptation_topic	Reptile__class
nmod<nsubj<advcl< ...	1.0	0.573	adaptation_topic	Reptile__class
conj<nmod<conj> ...	1.0	0.294	adaptation_topic	Reptile__class
acl:relcl>aux:pass> ...	1.0	0.22	adaptation_topic	Reptile__class
acl:relcl>nsubj:pass> ...	1.0	0.298	adaptation_topic	Reptile__class
nmod<obj<mark> ...	1.0	0.399	adaptation_topic	Reptile__class
nmod<obj<advcl< ...	1.0	0.246	adaptation_topic	Reptile__class
compound<acl> ...	1.0	0.39	adaptation_topic	Reptile__class
compound<acl>mark> ...	1.0	0.293	adaptation_topic	Reptile__class
compound<nmod<det> ...	1.0	0.5	adaptation_topic	Reptile__class
compound<nmod<nmod< ...	1.0	0.322	adaptation_topic	Reptile__class
nsubj>nmod>case> ...	1.0	0.61	adaptation_topic	Reptile__class
nsubj>nmod> ...	1.0	0.287	adaptation_topic	Reptile__class
acl:relcl>obl>amod> ...	1.0	0.237	adaptation_topic	Reptile__class
nsubj:pass<obj>amod> ...	1.0	0.28	adaptation_topic	Reptile__class
nsubj<obj>conj> ...	1.0	1.003	adaptation_topic	Reptile__class
compound<conj<conj> ...	1.0	0.242	adaptation_topic	Reptile__class
conj<obj<mark> ...	1.0	0.616	adaptation_topic	Reptile__class
nsubj:pass<obj>det> ...	1.0	0.38	adaptation_topic	Reptile__class
nsubj:pass<conj< ...	1.0	0.334	adaptation_topic	Reptile__class
nsubj:pass<conj<aux:pass> ...	1.0	0.481	adaptation_topic	Reptile__class
nsubj:pass<conj<nsubj:pass> ...	1.0	0.505	adaptation_topic	Reptile__class
nsubj<ccomp>advcl> ...	1.0	0.421	adaptation_topic	Reptile__class
nsubj<ccomp>obl> ...	1.0	0.345	adaptation_topic	Reptile__class
nsubj<ccomp> ...	1.0	0.58	adaptation_topic	Reptile__class
nsubj<ccomp>nsubj> ...	1.0	0.42	adaptation_topic	Reptile__class
nsubj<nsubj< ...	1.0	0.219	adaptation_topic	Reptile__class
parataxis> ...	1.0	0.23	adaptation_topic	Reptile__class
nsubj<advcl<advcl> ...	1.0	0.369	adaptation_topic	Reptile__class
nsubj<advcl<advmod> ...	1.0	0.451	adaptation_topic	Reptile__class
nsubj<advcl<cop> ...	1.0	0.395	adaptation_topic	Reptile__class
nsubj<advcl<nsubj> ...	1.0	0.393	adaptation_topic	Reptile__class
compound<nmod<nsubj< ...	1.0	0.484	adaptation_topic	Reptile__class
obl<obj>nmod> ...	1.0	0.276	adaptation_topic	Reptile__class
parataxis>nsubj> ...	1.0	0.352	adaptation_topic	Reptile__class
nmod<obj<conj> ...	1.0	0.276	adaptation_topic	Reptile__class
nmod<obj<advcl> ...	1.0	0.421	adaptation_topic	Reptile__class
nmod<obj<advmod> ...	1.0	0.228	adaptation_topic	Reptile__class
nmod<obj<aux> ...	1.0	0.297	adaptation_topic	Reptile__class
obl<conj>nmod> ...	1.0	0.49	adaptation_topic	Reptile__class
obl<obl>det> ...	1.0	0.439	adaptation_topic	Reptile__class
obl<advcl>nsubj> ...	1.0	0.362	adaptation_topic	Reptile__class
nsubj<xcomp>obl> ...	1.0	0.613	adaptation_topic	Reptile__class
nmod>conj>amod> ...	1.0	0.297	adaptation_topic	Reptile__class
compound<nmod<acl> ...	1.0	0.454	adaptation_topic	Reptile__class
compound<nmod<obl> ...	1.0	0.225	adaptation_topic	Reptile__class
compound<nmod<cop> ...	1.0	0.248	adaptation_topic	Reptile__class
compound<nmod<nsubj> ...	1.0	0.338	adaptation_topic	Reptile__class
nmod<conj>obj> ...	1.0	0.327	adaptation_topic	Reptile__class
nsubj<xcomp>advmod> ...	1.0	0.618	adaptation_topic	Reptile__class
obl<conj>xcomp> ...	1.0	0.289	adaptation_topic	Reptile__class
nsubj<cc> ...	1.0	0.35	adaptation_topic	Reptile__class
nsubj<conj<advmod> ...	1.0	0.821	adaptation_topic	Reptile__class
nsubj<conj<nsubj> ...	1.0	0.467	adaptation_topic	Reptile__class
compound<conj<nsubj< ...	1.0	0.446	adaptation_topic	Reptile__class
compound<conj<nmod> ...	1.0	0.404	adaptation_topic	Reptile__class
compound<advmod> ...	1.0	0.519	adaptation_topic	Reptile__class
compound<conj<appos> ...	1.0	0.328	adaptation_topic	Reptile__class
nsubj>det> ...	1.0	0.415	adaptation_topic	Reptile__class
compound<nsubj<advcl> ...	1.0	0.586	adaptation_topic	Reptile__class
conj<appos>det> ...	1.0	0.216	adaptation_topic	Reptile__class
conj<acl:relcl>obl> ...	1.0	0.274	adaptation_topic	Reptile__class
conj<acl:relcl> ...	1.0	0.311	adaptation_topic	Reptile__class
conj<acl:relcl>nsubj> ...	1.0	0.509	adaptation_topic	Reptile__class
nmod<nmod<conj> ...	1.0	0.318	adaptation_topic	Reptile__class
nmod<nmod<case> ...	1.0	0.528	adaptation_topic	Reptile__class
nmod<nmod<obl< ...	1.0	0.447	adaptation_topic	Reptile__class
obl<advcl<obl> ...	1.0	0.338	adaptation_topic	Reptile__class
obl<advcl<nsubj> ...	1.0	0.359	adaptation_topic	Reptile__class
nmod<nmod<det> ...	1.0	0.761	adaptation_topic	Reptile__class
nmod<nmod<obj< ...	1.0	0.392	adaptation_topic	Reptile__class
nmod:poss<nmod> ...	1.0	0.259	adaptation_topic	Reptile__class
nmod:poss<nmod>case> ...	1.0	0.399	adaptation_topic	Reptile__class
ccomp<obl>case> ...	1.0	0.37	adaptation_topic	Reptile__class
conj>det> ...	1.0	0.371	adaptation_topic	Reptile__class
conj<obl<conj> ...	1.0	0.36	adaptation_topic	Reptile__class
nsubj<ccomp<aux:pass> ...	1.0	0.411	adaptation_topic	Reptile__class
nsubj<ccomp<nsubj:pass> ...	1.0	0.278	adaptation_topic	Reptile__class
nmod<appos> ...	1.0	0.24	adaptation_topic	Reptile__class
nmod<appos>nummod> ...	1.0	0.218	adaptation_topic	Reptile__class
amod>amod> ...	1.0	0.423	adaptation_topic	Reptile__class
conj>obj>acl> ...	1.0	0.264	adaptation_topic	Reptile__class
ccomp<obl>det> ...	1.0	0.464	adaptation_topic	Reptile__class
conj>obj>amod> ...	1.0	0.419	adaptation_topic	Reptile__class
ccomp< ...	1.0	0.147	adaptation_topic	Reptile__class
ccomp<nsubj> ...	1.0	0.35	adaptation_topic	Reptile__class
ccomp<nsubj>det> ...	1.0	0.202	adaptation_topic	Reptile__class
ccomp<obl> ...	1.0	0.201	adaptation_topic	Reptile__class
obl<appos> ...	1.0	0.293	adaptation_topic	Reptile__class
obj<advcl<nsubj> ...	1.0	0.106	adaptation_topic	Reptile__class
nmod<nsubj:pass<obl> ...	1.0	0.369	adaptation_topic	Reptile__class
nmod<nsubj:pass<aux> ...	1.0	0.216	adaptation_topic	Reptile__class
conj<nmod>amod> ...	1.0	0.269	adaptation_topic	Reptile__class
conj<compound> ...	1.0	0.386	adaptation_topic	Reptile__class
conj<compound>compound> ...	1.0	0.419	adaptation_topic	Reptile__class
conj<obl<acl< ...	1.0	0.414	adaptation_topic	Reptile__class
obj<advcl<obj> ...	1.0	0.238	adaptation_topic	Reptile__class
obj<advcl< ...	1.0	0.265	adaptation_topic	Reptile__class
obj<advcl<advmod> ...	1.0	0.568	adaptation_topic	Reptile__class
nsubj<conj>compound:prt> ...	1.0	0.52	adaptation_topic	Reptile__class
compound<obl<obl> ...	1.0	0.398	adaptation_topic	Reptile__class
nsubj<acl>obj> ...	1.0	0.259	adaptation_topic	Reptile__class
nsubj<amod>obl> ...	1.0	0.257	adaptation_topic	Reptile__class
conj<nmod<obj< ...	1.0	0.421	adaptation_topic	Reptile__class
parataxis<conj> ...	1.0	0.409	adaptation_topic	Reptile__class
parataxis<conj>amod> ...	1.0	0.725	adaptation_topic	Reptile__class
parataxis<conj>cc> ...	1.0	0.416	adaptation_topic	Reptile__class
parataxis< ...	1.0	0.178	adaptation_topic	Reptile__class
compound<obl<conj< ...	1.0	0.514	adaptation_topic	Reptile__class
compound<obl<nsubj:pass> ...	1.0	0.237	adaptation_topic	Reptile__class
obl<appos>det> ...	1.0	0.565	adaptation_topic	Reptile__class
nsubj:pass<ccomp<nsubj> ...	1.0	0.33	adaptation_topic	Reptile__class
obl<obj>det> ...	1.0	0.292	adaptation_topic	Reptile__class
obl<nsubj>amod> ...	1.0	0.19	adaptation_topic	Reptile__class
nmod<obl<obj> ...	1.0	0.43	adaptation_topic	Reptile__class
nsubj:pass<mark> ...	1.0	0.232	adaptation_topic	Reptile__class
nsubj:pass<ccomp< ...	1.0	0.645	adaptation_topic	Reptile__class
obl<advcl>obl> ...	1.0	0.217	adaptation_topic	Reptile__class
compound<obl<aux:pass> ...	1.0	0.386	adaptation_topic	Reptile__class
obl<advcl>advmod> ...	1.0	0.809	adaptation_topic	Reptile__class
obl<advcl>aux:pass> ...	1.0	0.397	adaptation_topic	Reptile__class
obl<advcl>nsubj:pass> ...	1.0	0.346	adaptation_topic	Reptile__class
obl<nsubj>nmod> ...	1.0	0.147	adaptation_topic	Reptile__class
obl<nsubj>cop> ...	1.0	0.478	adaptation_topic	Reptile__class
compound<nmod<nummod> ...	1.0	0.265	adaptation_topic	Reptile__class
nmod<nsubj<parataxis> ...	1.0	0.219	adaptation_topic	Reptile__class
nmod<nsubj<amod> ...	1.0	0.408	adaptation_topic	Reptile__class
compound<nmod>nmod:poss> ...	1.0	0.236	adaptation_topic	Reptile__class
obl<conj>amod> ...	1.0	0.408	adaptation_topic	Reptile__class
obl<acl:relcl<nmod< ...	1.0	0.446	adaptation_topic	Reptile__class
obl<conj<nsubj:pass> ...	1.0	0.19	adaptation_topic	Reptile__class
obj<nmod> ...	1.0	0.309	adaptation_topic	Reptile__class
obj<nmod>det> ...	1.0	0.386	adaptation_topic	Reptile__class
obj<nmod>case> ...	1.0	0.619	adaptation_topic	Reptile__class
nmod>compound> ...	1.0	0.302	adaptation_topic	Reptile__class
nmod>advmod> ...	1.0	0.532	adaptation_topic	Reptile__class
nsubj<nmod>compound> ...	1.0	0.276	adaptation_topic	Reptile__class
nsubj<nmod>det> ...	1.0	0.331	adaptation_topic	Reptile__class
acl:relcl>xcomp>obj> ...	1.0	0.602	adaptation_topic	Reptile__class
acl:relcl>xcomp> ...	1.0	0.26	adaptation_topic	Reptile__class
acl:relcl>xcomp>mark> ...	1.0	0.397	adaptation_topic	Reptile__class
appos>conj>cc> ...	1.0	0.383	adaptation_topic	Reptile__class
nmod<nsubj:pass<advcl> ...	1.0	0.307	adaptation_topic	Reptile__class
nmod<nsubj:pass<parataxis< ...	1.0	0.315	adaptation_topic	Reptile__class
obl<acl:relcl<amod> ...	1.0	0.405	adaptation_topic	Reptile__class
nsubj:pass<nsubj:pass> ...	1.0	0.218	adaptation_topic	Reptile__class
nsubj:pass<nsubj:pass>det> ...	1.0	0.441	adaptation_topic	Reptile__class
nsubj<obj>acl:relcl> ...	1.0	0.487	adaptation_topic	Reptile__class
obj<nmod>nmod> ...	1.0	0.379	adaptation_topic	Reptile__class
obj<appos>det> ...	1.0	0.248	adaptation_topic	Reptile__class
obj<appos> ...	1.0	0.291	adaptation_topic	Reptile__class
nmod>nmod> ...	1.0	0.462	adaptation_topic	Reptile__class
nsubj:pass<obl>nmod> ...	1.0	0.346	adaptation_topic	Reptile__class
nmod<nsubj:pass<conj> ...	1.0	0.519	adaptation_topic	Reptile__class
nmod<nsubj:pass<xcomp> ...	1.0	0.496	adaptation_topic	Reptile__class
nmod<obl<conj< ...	1.0	0.198	adaptation_topic	Reptile__class
nmod<obl<conj> ...	1.0	0.549	adaptation_topic	Reptile__class
nmod>nmod:poss> ...	1.0	0.397	adaptation_topic	Reptile__class
obl<conj>cop> ...	1.0	0.292	adaptation_topic	Reptile__class
obl<conj>advmod> ...	1.0	0.551	adaptation_topic	Reptile__class
nmod>nmod>amod> ...	1.0	0.424	adaptation_topic	Reptile__class
nmod>nmod>nmod:poss> ...	1.0	0.415	adaptation_topic	Reptile__class
nmod>nmod>case> ...	1.0	0.496	adaptation_topic	Reptile__class
obj<conj>obl> ...	1.0	0.444	adaptation_topic	Reptile__class
obj<conj>advmod> ...	1.0	0.327	adaptation_topic	Reptile__class
obj<conj>obj> ...	1.0	0.208	adaptation_topic	Reptile__class
obj<conj>cc> ...	1.0	0.355	adaptation_topic	Reptile__class
nmod:poss<nmod<obj< ...	1.0	0.417	adaptation_topic	Reptile__class
nsubj<obj>appos> ...	1.0	0.3	adaptation_topic	Reptile__class
compound>compound> ...	1.0	0.319	adaptation_topic	Reptile__class
acl>obl>det> ...	1.0	0.346	adaptation_topic	Reptile__class
acl>obl>case> ...	1.0	0.249	adaptation_topic	Reptile__class
acl> ...	1.0	0.369	adaptation_topic	Reptile__class
acl>advmod> ...	1.0	0.512	adaptation_topic	Reptile__class
nsubj<parataxis< ...	1.0	0.452	adaptation_topic	Reptile__class
obl<acl< ...	1.0	0.395	adaptation_topic	Reptile__class
obl<acl<amod> ...	1.0	0.222	adaptation_topic	Reptile__class
conj>amod>obl:npmod> ...	1.0	0.349	adaptation_topic	Reptile__class
obl<advcl>amod> ...	1.0	0.479	adaptation_topic	Reptile__class
acl>conj> ...	1.0	0.325	adaptation_topic	Reptile__class
obl<advcl<aux:pass> ...	1.0	0.32	adaptation_topic	Reptile__class
obl<advcl<nsubj:pass> ...	1.0	0.402	adaptation_topic	Reptile__class
nsubj:pass<conj>obl> ...	1.0	0.307	adaptation_topic	Reptile__class
nsubj:pass<conj> ...	1.0	0.53	adaptation_topic	Reptile__class
nsubj:pass<conj>advmod> ...	1.0	0.484	adaptation_topic	Reptile__class
nsubj:pass<conj>aux:pass> ...	1.0	0.396	adaptation_topic	Reptile__class
nsubj:pass<conj>cc> ...	1.0	0.307	adaptation_topic	Reptile__class
obl<conj<aux:pass> ...	1.0	0.293	adaptation_topic	Reptile__class
obl<conj<aux> ...	1.0	0.302	adaptation_topic	Reptile__class
acl>obl> ...	1.0	0.466	adaptation_topic	Reptile__class
acl>conj>obj> ...	1.0	0.421	adaptation_topic	Reptile__class
obl<obl>nmod> ...	1.0	0.467	adaptation_topic	Reptile__class
nmod<nmod>nmod> ...	1.0	0.184	adaptation_topic	Reptile__class
obl<obl>amod> ...	1.0	0.245	adaptation_topic	Reptile__class
nmod<conj< ...	1.0	0.353	adaptation_topic	Reptile__class
nmod<conj<amod> ...	1.0	0.47	adaptation_topic	Reptile__class
compound<compound<compound< ...	1.0	0.297	adaptation_topic	Reptile__class
compound<compound< ...	1.0	0.308	adaptation_topic	Reptile__class
compound<compound<compound> ...	1.0	0.353	adaptation_topic	Reptile__class
nmod<conj>appos> ...	1.0	0.331	adaptation_topic	Reptile__class
amod>obl>nmod> ...	1.0	0.134	adaptation_topic	Reptile__class
conj<appos>flat> ...	1.0	0.57	adaptation_topic	Reptile__class
amod>obl> ...	1.0	0.154	adaptation_topic	Reptile__class
amod>obl>compound> ...	1.0	0.259	adaptation_topic	Reptile__class
amod>obl>case> ...	1.0	0.527	adaptation_topic	Reptile__class
nsubj<appos>det> ...	1.0	0.664	adaptation_topic	Reptile__class
nsubj<conj>conj> ...	1.0	0.287	adaptation_topic	Reptile__class
nsubj:pass<xcomp>amod> ...	1.0	0.334	adaptation_topic	Reptile__class
nsubj:pass<xcomp>cop> ...	1.0	0.311	adaptation_topic	Reptile__class
nsubj:pass<xcomp>obj> ...	1.0	0.523	adaptation_topic	Reptile__class
appos<det> ...	1.0	0.372	adaptation_topic	Reptile__class
appos< ...	1.0	0.456	adaptation_topic	Reptile__class
conj<obl<advcl> ...	1.0	0.412	adaptation_topic	Reptile__class
obl<conj<nsubj> ...	1.0	0.585	adaptation_topic	Reptile__class
conj<obj>amod> ...	1.0	0.204	adaptation_topic	Reptile__class
nmod<nmod:poss>case> ...	1.0	0.364	adaptation_topic	Reptile__class
nmod<nmod:poss> ...	1.0	0.319	adaptation_topic	Reptile__class
nmod<nmod:poss>det> ...	1.0	0.588	adaptation_topic	Reptile__class
nsubj<nmod>amod> ...	1.0	0.455	adaptation_topic	Reptile__class
conj<conj>aux:pass> ...	1.0	0.343	adaptation_topic	Reptile__class
obl<det> ...	1.0	0.975	adaptation_topic	Reptile__class
conj<conj>aux> ...	1.0	0.298	adaptation_topic	Reptile__class
conj<conj>nsubj:pass> ...	1.0	0.407	adaptation_topic	Reptile__class
conj<obl<cop> ...	1.0	0.532	adaptation_topic	Reptile__class
conj<nmod<compound> ...	1.0	0.431	adaptation_topic	Reptile__class
conj<nmod<conj< ...	1.0	0.43	adaptation_topic	Reptile__class
conj<obj<conj< ...	1.0	0.113	adaptation_topic	Reptile__class
nsubj<parataxis>obl> ...	1.0	0.582	adaptation_topic	Reptile__class
nmod<obj<cc> ...	1.0	0.325	adaptation_topic	Reptile__class
nmod<obj<conj< ...	1.0	0.43	adaptation_topic	Reptile__class
obl<conj<obj> ...	1.0	0.355	adaptation_topic	Reptile__class
acl:relcl>obj>det> ...	1.0	0.372	adaptation_topic	Reptile__class
conj<parataxis> ...	1.0	0.446	adaptation_topic	Reptile__class
compound<nmod>amod> ...	1.0	0.541	adaptation_topic	Reptile__class
compound<obj<obl> ...	1.0	0.202	adaptation_topic	Reptile__class
compound<obj< ...	1.0	0.504	adaptation_topic	Reptile__class
nsubj<parataxis>obj> ...	1.0	0.322	adaptation_topic	Reptile__class
nmod<obl<advcl> ...	1.0	0.27	adaptation_topic	Reptile__class
conj<nsubj<advcl> ...	1.0	0.475	adaptation_topic	Reptile__class
conj<parataxis>obl> ...	1.0	0.256	adaptation_topic	Reptile__class
conj<parataxis>nsubj> ...	1.0	0.213	adaptation_topic	Reptile__class
acl:relcl>advcl>mark> ...	1.0	0.597	adaptation_topic	Reptile__class
obl<xcomp< ...	1.0	0.683	adaptation_topic	Reptile__class
obl<xcomp<advmod> ...	1.0	0.844	adaptation_topic	Reptile__class
obl<xcomp<cop> ...	1.0	0.303	adaptation_topic	Reptile__class
obl<xcomp<cc> ...	1.0	0.357	adaptation_topic	Reptile__class
obl<xcomp<conj< ...	1.0	0.202	adaptation_topic	Reptile__class
acl:relcl>advcl>obj> ...	1.0	0.603	adaptation_topic	Reptile__class
acl:relcl>advcl> ...	1.0	0.365	adaptation_topic	Reptile__class
acl:relcl>advcl>nsubj> ...	1.0	0.51	adaptation_topic	Reptile__class
compound<nsubj<cc> ...	1.0	0.258	adaptation_topic	Reptile__class
appos<nsubj<advmod> ...	1.0	0.305	adaptation_topic	Reptile__class
compound<nsubj:pass<advmod> ...	1.0	0.655	adaptation_topic	Reptile__class
compound<nsubj:pass<aux> ...	1.0	0.244	adaptation_topic	Reptile__class
nsubj<discourse> ...	1.0	0.35	adaptation_topic	Reptile__class
nsubj<ccomp<acl< ...	1.0	0.271	adaptation_topic	Reptile__class
conj<amod>advmod> ...	1.0	0.512	adaptation_topic	Reptile__class
conj<appos< ...	1.0	0.203	adaptation_topic	Reptile__class
conj<appos<nummod> ...	1.0	0.286	adaptation_topic	Reptile__class
conj<appos<case> ...	1.0	0.482	adaptation_topic	Reptile__class
conj<appos<obl< ...	1.0	0.419	adaptation_topic	Reptile__class
nsubj<advmod>advmod> ...	1.0	0.259	adaptation_topic	Reptile__class
compound<obl<nsubj> ...	1.0	0.465	adaptation_topic	Reptile__class
flat> ...	1.0	0.32	adaptation_topic	Reptile__class
nsubj<ccomp<nsubj> ...	1.0	0.355	adaptation_topic	Reptile__class
nsubj<ccomp<mark> ...	1.0	0.399	adaptation_topic	Reptile__class
nmod<aux> ...	1.0	0.369	adaptation_topic	Reptile__class
nmod<nsubj>amod> ...	1.0	0.197	adaptation_topic	Reptile__class
nmod<nsubj>det> ...	1.0	0.316	adaptation_topic	Reptile__class
appos<nsubj<obj> ...	1.0	0.275	adaptation_topic	Reptile__class
appos<nsubj< ...	1.0	0.464	adaptation_topic	Reptile__class
compound<obl<advmod> ...	1.0	0.674	adaptation_topic	Reptile__class
compound<obl<nmod> ...	1.0	0.095	adaptation_topic	Reptile__class
conj<nmod<case> ...	1.0	0.445	adaptation_topic	Reptile__class
nsubj<obl>advmod> ...	1.0	0.36	adaptation_topic	Reptile__class
conj<nmod<nmod< ...	1.0	0.358	adaptation_topic	Reptile__class
nsubj<conj>nsubj:pass> ...	1.0	0.367	adaptation_topic	Reptile__class
nsubj<obl>acl> ...	1.0	0.266	adaptation_topic	Reptile__class
nsubj<obl>nmod:poss> ...	1.0	0.321	adaptation_topic	Reptile__class
nmod:poss<nsubj<xcomp> ...	1.0	0.224	adaptation_topic	Reptile__class
conj>conj>cc> ...	1.0	0.485	adaptation_topic	Reptile__class
nsubj<xcomp>nmod> ...	1.0	0.472	adaptation_topic	Reptile__class
nsubj<xcomp>amod> ...	1.0	0.441	adaptation_topic	Reptile__class
compound<conj<compound> ...	1.0	0.145	adaptation_topic	Reptile__class
nsubj<advcl<obj> ...	1.0	0.416	adaptation_topic	Reptile__class
obj<advcl>conj> ...	1.0	0.178	adaptation_topic	Reptile__class
obj<advcl> ...	1.0	0.432	adaptation_topic	Reptile__class
obj<advcl>nsubj> ...	1.0	0.471	adaptation_topic	Reptile__class
obj<advcl>mark> ...	1.0	0.26	adaptation_topic	Reptile__class
obj<conj>cc> and	1.0	0.317	adaptation_topic	Reptile__class
obj<appos>det> the	1.0	0.248	adaptation_topic	Reptile__class
nmod>det> a	1.0	0.507	adaptation_topic	Reptile__class
obj<nsubj> this	1.0	0.318	adaptation_topic	Reptile__class
nsubj<nmod>det> a	1.0	0.379	adaptation_topic	Reptile__class
acl:relcl>xcomp>mark> to	1.0	0.397	adaptation_topic	Reptile__class
obl<conj>cop> be	1.0	0.292	adaptation_topic	Reptile__class
obl<conj>nsubj> they	1.0	0.536	adaptation_topic	Reptile__class
nmod>nmod> species	1.0	0.527	adaptation_topic	Reptile__class
nmod>nmod>case> of	1.0	0.558	adaptation_topic	Reptile__class
nmod> crocodile	1.0	0.759	adaptation_topic	Reptile__class
nmod>case> than	1.0	1.145	adaptation_topic	Reptile__class
obl<advmod> more	1.0	0.338	adaptation_topic	Reptile__class
nsubj<obl> type	1.0	0.528	adaptation_topic	Reptile__class
nsubj<obl>amod> different	1.0	0.402	adaptation_topic	Reptile__class
nsubj<obl>case> on	1.0	0.858	adaptation_topic	Reptile__class
nsubj< feed	1.0	0.814	adaptation_topic	Reptile__class
nmod>amod> other	1.0	0.592	adaptation_topic	Reptile__class
nmod>case> on	1.0	1.001	adaptation_topic	Reptile__class
nmod:poss<case> on	1.0	0.468	adaptation_topic	Reptile__class
appos>conj>cc> and	1.0	0.39	adaptation_topic	Reptile__class
nmod< species	1.0	0.492	adaptation_topic	Reptile__class
nmod<det> some	1.0	0.585	adaptation_topic	Reptile__class
obl<obj> they	1.0	0.392	adaptation_topic	Reptile__class
obl<acl:relcl<case> to	1.0	0.227	adaptation_topic	Reptile__class
nsubj:pass< name	1.0	0.376	adaptation_topic	Reptile__class
nsubj:pass<nsubj:pass>det> the	1.0	0.441	adaptation_topic	Reptile__class
appos>appos> size	1.0	0.458	adaptation_topic	Reptile__class
appos> description	1.0	0.478	adaptation_topic	Reptile__class
nsubj<advmod> likely	1.0	1.025	adaptation_topic	Reptile__class
flat> icenicus	1.0	0.152	adaptation_topic	Reptile__class
compound<conj<compound> guinea	1.0	0.263	adaptation_topic	Reptile__class
compound<nsubj:pass< find	1.0	0.465	adaptation_topic	Reptile__class
compound<nsubj:pass<aux> have	1.0	0.244	adaptation_topic	Reptile__class
nsubj<advmod>advmod> most	1.0	0.42	adaptation_topic	Reptile__class
nsubj<ccomp< indicate	1.0	0.727	adaptation_topic	Reptile__class
nsubj:pass<obl> Africa	1.0	0.563	adaptation_topic	Reptile__class
nmod<case> than	1.0	0.685	adaptation_topic	Reptile__class
nmod> species	1.0	0.71	adaptation_topic	Reptile__class
nmod>amod> own	1.0	0.858	adaptation_topic	Reptile__class
nmod>nmod:poss> they	1.0	0.466	adaptation_topic	Reptile__class
case> than	1.0	0.684	adaptation_topic	Reptile__class
nmod<compound> Nile	1.0	0.577	adaptation_topic	Reptile__class
nmod<nsubj<nmod> crocodile	1.0	0.515	adaptation_topic	Reptile__class
nmod<nsubj<det> the	1.0	0.346	adaptation_topic	Reptile__class
nmod<nsubj<aux> would	1.0	0.526	adaptation_topic	Reptile__class
nmod<nsubj>nmod> crocodile	1.0	0.376	adaptation_topic	Reptile__class
appos<det> the	1.0	0.372	adaptation_topic	Reptile__class
nsubj:pass<obl>nmod> time	1.0	0.557	adaptation_topic	Reptile__class
nsubj:pass<obl> amount	1.0	0.588	adaptation_topic	Reptile__class
nsubj:pass<obl>case> because	1.0	0.562	adaptation_topic	Reptile__class
nsubj<advmod> not	1.0	1.089	adaptation_topic	Reptile__class
nsubj<aux> do	1.0	0.773	adaptation_topic	Reptile__class
obl< know	1.0	0.717	adaptation_topic	Reptile__class
obl<advmod> also	1.0	0.433	adaptation_topic	Reptile__class
conj> caiman	1.0	0.971	adaptation_topic	Reptile__class
obl<advcl>mark> while	1.0	0.525	adaptation_topic	Reptile__class
nsubj<obl>case> to	1.0	0.939	adaptation_topic	Reptile__class
nsubj<obl>appos> ft	1.0	0.494	adaptation_topic	Reptile__class
conj<conj>cc> or	1.0	0.615	adaptation_topic	Reptile__class
acl>obl> alligator	1.0	0.511	adaptation_topic	Reptile__class
acl>obl>case> as	1.0	0.211	adaptation_topic	Reptile__class
acl> know	1.0	0.495	adaptation_topic	Reptile__class
acl>advmod> also	1.0	0.549	adaptation_topic	Reptile__class
nsubj<advcl>advmod> often	1.0	0.612	adaptation_topic	Reptile__class
nsubj<advcl>aux> can	1.0	0.173	adaptation_topic	Reptile__class
nsubj<advcl>mark> although	1.0	0.586	adaptation_topic	Reptile__class
nsubj<acl:relcl>cop> be	1.0	0.562	adaptation_topic	Reptile__class
nsubj<acl:relcl>nsubj> which	1.0	0.214	adaptation_topic	Reptile__class
conj<conj>appos> niloticus	1.0	0.733	adaptation_topic	Reptile__class
conj<conj>compound> Nile	1.0	0.297	adaptation_topic	Reptile__class
appos> niloticus	1.0	0.592	adaptation_topic	Reptile__class
obl<advcl<aux:pass> be	1.0	0.32	adaptation_topic	Reptile__class
nsubj:pass<conj>aux:pass> be	1.0	0.396	adaptation_topic	Reptile__class
nsubj:pass<conj>cc> but	1.0	0.285	adaptation_topic	Reptile__class
nsubj:pass<obl>amod> eastern	1.0	0.38	adaptation_topic	Reptile__class
obl<aux> have	1.0	0.307	adaptation_topic	Reptile__class
obl<conj<aux:pass> be	1.0	0.293	adaptation_topic	Reptile__class
nmod<nmod>case> on	1.0	0.289	adaptation_topic	Reptile__class
nsubj<advcl>mark> to	1.0	0.594	adaptation_topic	Reptile__class
det> some	1.0	0.802	adaptation_topic	Reptile__class
obl<advmod> mostly	1.0	0.425	adaptation_topic	Reptile__class
amod> most	1.0	1.215	adaptation_topic	Reptile__class
nmod<nmod>compound> conservation	1.0	0.554	adaptation_topic	Reptile__class
nsubj<advmod> also	1.0	0.977	adaptation_topic	Reptile__class
nsubj:pass<xcomp>cop> be	1.0	0.311	adaptation_topic	Reptile__class
nsubj:pass<aux> have	1.0	0.265	adaptation_topic	Reptile__class
nsubj<obj> hibernation	1.0	0.246	adaptation_topic	Reptile__class
nsubj<amod> ambush	1.0	0.273	adaptation_topic	Reptile__class
amod>obl>case> in	1.0	0.479	adaptation_topic	Reptile__class
nsubj<obj>det> the	1.0	0.488	adaptation_topic	Reptile__class
nsubj<advcl> wait	1.0	0.416	adaptation_topic	Reptile__class
nsubj<appos>det> a	1.0	0.715	adaptation_topic	Reptile__class
nsubj<advcl>advcl> come	1.0	0.466	adaptation_topic	Reptile__class
nmod<nmod>case> in	1.0	0.348	adaptation_topic	Reptile__class
nmod<amod> largest	1.0	0.441	adaptation_topic	Reptile__class
nmod<nsubj> it	1.0	0.457	adaptation_topic	Reptile__class
nsubj<cc> and	1.0	0.345	adaptation_topic	Reptile__class
nsubj<conj<nsubj> crocodile	1.0	0.554	adaptation_topic	Reptile__class
compound<nmod>case> by	1.0	0.467	adaptation_topic	Reptile__class
compound<nmod<cop> be	1.0	0.248	adaptation_topic	Reptile__class
nsubj<amod> opportunistic	1.0	0.175	adaptation_topic	Reptile__class
nmod>conj>amod> large	1.0	0.329	adaptation_topic	Reptile__class
conj> bird	1.0	0.921	adaptation_topic	Reptile__class
conj>cc> plus	1.0	0.67	adaptation_topic	Reptile__class
obj<advmod> also	1.0	0.789	adaptation_topic	Reptile__class
nsubj<aux> will	1.0	0.753	adaptation_topic	Reptile__class
nsubj<advcl>nsubj> they	1.0	0.347	adaptation_topic	Reptile__class
nsubj<obl> crocodile	1.0	0.454	adaptation_topic	Reptile__class
nsubj<obl>case> with	1.0	0.942	adaptation_topic	Reptile__class
nsubj<obl> stage	1.0	0.667	adaptation_topic	Reptile__class
nsubj<obl>det> this	1.0	0.539	adaptation_topic	Reptile__class
compound<conj< monitor	1.0	0.309	adaptation_topic	Reptile__class
conj>amod> many	1.0	0.327	adaptation_topic	Reptile__class
amod>advmod> similarly	1.0	0.671	adaptation_topic	Reptile__class
obl<advmod> loosely	1.0	0.448	adaptation_topic	Reptile__class
obl<aux> may	1.0	0.363	adaptation_topic	Reptile__class
obl<nsubj> crocodile	1.0	0.819	adaptation_topic	Reptile__class
nsubj<advcl<cop> be	1.0	0.395	adaptation_topic	Reptile__class
nsubj:pass<obj>det> the	1.0	0.38	adaptation_topic	Reptile__class
nsubj:pass< consider	1.0	0.363	adaptation_topic	Reptile__class
nsubj:pass<conj<aux:pass> be	1.0	0.481	adaptation_topic	Reptile__class
nsubj<obl>case> due	1.0	0.777	adaptation_topic	Reptile__class
acl:relcl>obl>case> on	1.0	0.697	adaptation_topic	Reptile__class
compound<nmod<case> of	1.0	0.386	adaptation_topic	Reptile__class
nsubj<advcl>obl> prey	1.0	0.564	adaptation_topic	Reptile__class
nsubj< hunt	1.0	0.575	adaptation_topic	Reptile__class
det> all	1.0	0.816	adaptation_topic	Reptile__class
cc>fixed> as	1.0	0.435	adaptation_topic	Reptile__class
cc>fixed> well	1.0	0.47	adaptation_topic	Reptile__class
cc> as	1.0	0.847	adaptation_topic	Reptile__class
conj< turtle	1.0	0.731	adaptation_topic	Reptile__class
conj<obj< eat	1.0	0.299	adaptation_topic	Reptile__class
nmod:poss< range	1.0	0.399	adaptation_topic	Reptile__class
nmod:poss<case> of	1.0	0.549	adaptation_topic	Reptile__class
conj<conj>advmod> sometimes	1.0	0.688	adaptation_topic	Reptile__class
conj<nmod< predator	1.0	0.307	adaptation_topic	Reptile__class
acl:relcl>aux:pass> be	1.0	0.22	adaptation_topic	Reptile__class
acl:relcl>nsubj:pass> which	1.0	0.385	adaptation_topic	Reptile__class
amod> small	1.0	1.119	adaptation_topic	Reptile__class
nmod<obj<mark> to	1.0	0.409	adaptation_topic	Reptile__class
compound<nmod<det> the	1.0	0.51	adaptation_topic	Reptile__class
nmod<nsubj<mark> although	1.0	0.397	adaptation_topic	Reptile__class
conj<nmod<amod> aquatic	1.0	0.408	adaptation_topic	Reptile__class
conj<nsubj>nmod:poss> they	1.0	0.503	adaptation_topic	Reptile__class
conj< fish	1.0	0.692	adaptation_topic	Reptile__class
nmod< animal	1.0	0.511	adaptation_topic	Reptile__class
nsubj<obj> predator	1.0	0.188	adaptation_topic	Reptile__class
nmod<nsubj<cc> and	1.0	0.291	adaptation_topic	Reptile__class
conj<obl<cop> be	1.0	0.532	adaptation_topic	Reptile__class
conj<obl<advmod> however	1.0	0.5	adaptation_topic	Reptile__class
conj< lizard	1.0	0.685	adaptation_topic	Reptile__class
conj<case> include	1.0	0.45	adaptation_topic	Reptile__class
nmod<obj<cc> and	1.0	0.311	adaptation_topic	Reptile__class
nmod<nsubj<aux> have	1.0	0.567	adaptation_topic	Reptile__class
conj<obl<nsubj> lifestyle	1.0	0.502	adaptation_topic	Reptile__class
conj<obl< uncommon	1.0	0.606	adaptation_topic	Reptile__class
conj<amod> modern	1.0	0.7	adaptation_topic	Reptile__class
nmod<nmod>det> a	1.0	0.574	adaptation_topic	Reptile__class
nmod<nmod:poss>case> 's	1.0	0.364	adaptation_topic	Reptile__class
nmod<nmod:poss> Egyptians	1.0	0.286	adaptation_topic	Reptile__class
nmod<nmod:poss>det> the	1.0	0.588	adaptation_topic	Reptile__class
nmod<obj< reflect	1.0	0.661	adaptation_topic	Reptile__class
nmod<obj<nsubj> this	1.0	0.221	adaptation_topic	Reptile__class
conj<obl<advcl> see	1.0	0.429	adaptation_topic	Reptile__class
conj<conj>obl> result	1.0	0.497	adaptation_topic	Reptile__class
conj<conj>aux:pass> be	1.0	0.343	adaptation_topic	Reptile__class
conj<conj>advmod> also	1.0	0.568	adaptation_topic	Reptile__class
conj<conj>aux> can	1.0	0.4	adaptation_topic	Reptile__class
conj<conj>nsubj:pass> evidence	1.0	0.283	adaptation_topic	Reptile__class
conj< bird	1.0	0.592	adaptation_topic	Reptile__class
nmod:poss<nsubj< allow	1.0	0.378	adaptation_topic	Reptile__class
conj>conj>cc> and	1.0	0.458	adaptation_topic	Reptile__class
conj> species	1.0	0.998	adaptation_topic	Reptile__class
nsubj<conj>cc> or	1.0	0.734	adaptation_topic	Reptile__class
compound<amod> american	1.0	0.461	adaptation_topic	Reptile__class
compound<nsubj<cc> but	1.0	0.214	adaptation_topic	Reptile__class
advmod> occasionally	1.0	0.481	adaptation_topic	Reptile__class
conj<nmod<case> of	1.0	0.39	adaptation_topic	Reptile__class
nsubj<obl>nmod:poss> they	1.0	0.446	adaptation_topic	Reptile__class
obl<conj>det> the	1.0	0.518	adaptation_topic	Reptile__class
obl< feed	1.0	0.882	adaptation_topic	Reptile__class
obl<nsubj> who	1.0	0.56	adaptation_topic	Reptile__class
obl<acl:relcl<case> of	1.0	0.243	adaptation_topic	Reptile__class
conj<nmod>det> the	1.0	0.149	adaptation_topic	Reptile__class
conj<nmod>case> such	1.0	0.546	adaptation_topic	Reptile__class
nmod<obj<nsubj> crocodile	1.0	0.292	adaptation_topic	Reptile__class
parataxis>nsubj> they	1.0	0.52	adaptation_topic	Reptile__class
nmod<obj<conj> become	1.0	0.338	adaptation_topic	Reptile__class
nmod<obj<aux> may	1.0	0.288	adaptation_topic	Reptile__class
obl<xcomp<cc> and	1.0	0.357	adaptation_topic	Reptile__class
acl:relcl>obj>det> a	1.0	0.374	adaptation_topic	Reptile__class
acl:relcl>nsubj> that	1.0	0.256	adaptation_topic	Reptile__class
obl<det> the	1.0	0.958	adaptation_topic	Reptile__class
obl<xcomp<cop> be	1.0	0.303	adaptation_topic	Reptile__class
obl<mark> to	1.0	0.669	adaptation_topic	Reptile__class
obl< prey	1.0	0.877	adaptation_topic	Reptile__class
nmod<acl> ...	1.0	0.524	adaptation_topic	Reptile__class
amod> ...	354.0	1.097	free_topic	Reptile__class
case> ...	317.0	0.845	free_topic	Reptile__class
conj<conj> ...	255.0	0.721	free_topic	Reptile__class
det> ...	192.0	0.678	free_topic	Reptile__class
compound> ...	178.0	0.494	free_topic	Reptile__class
nmod< ...	164.0	0.445	free_topic	Reptile__class
conj< ...	158.0	0.624	free_topic	Reptile__class
obl< ...	129.0	0.711	free_topic	Reptile__class
conj> ...	120.0	0.924	free_topic	Reptile__class
compound< ...	113.0	0.443	free_topic	Reptile__class
case> of	106.0	0.897	free_topic	Reptile__class
cc> ...	104.0	0.86	free_topic	Reptile__class
nsubj< ...	99.0	0.724	free_topic	Reptile__class
det> the	97.0	0.844	free_topic	Reptile__class
conj>cc> ...	94.0	0.662	free_topic	Reptile__class
nmod>case> ...	90.0	0.995	free_topic	Reptile__class
nmod> ...	90.0	0.684	free_topic	Reptile__class
cc> and	89.0	0.908	free_topic	Reptile__class
nmod<det> ...	84.0	0.595	free_topic	Reptile__class
conj>cc> and	81.0	0.842	free_topic	Reptile__class
nmod<amod> ...	69.0	0.537	free_topic	Reptile__class
conj<case> ...	68.0	0.445	free_topic	Reptile__class
conj<conj>cc> ...	65.0	0.574	free_topic	Reptile__class
compound> sea	60.0	0.448	free_topic	Reptile__class
conj<conj>cc> and	60.0	0.674	free_topic	Reptile__class
det> a	59.0	0.769	free_topic	Reptile__class
obj< ...	57.0	0.359	free_topic	Reptile__class
obl<nsubj> ...	56.0	0.795	free_topic	Reptile__class
nmod<case> ...	55.0	0.751	free_topic	Reptile__class
compound<case> ...	54.0	0.258	free_topic	Reptile__class
appos> ...	48.0	0.403	free_topic	Reptile__class
nmod<det> the	47.0	0.656	free_topic	Reptile__class
conj<amod> ...	46.0	0.685	free_topic	Reptile__class
nsubj<obl>case> ...	45.0	0.873	free_topic	Reptile__class
nsubj<obl> ...	44.0	0.54	free_topic	Reptile__class
conj<conj>amod> ...	44.0	0.354	free_topic	Reptile__class
conj>amod> ...	43.0	0.295	free_topic	Reptile__class
obl<advmod> ...	42.0	0.379	free_topic	Reptile__class
conj<conj>compound> ...	39.0	0.311	free_topic	Reptile__class
compound<amod> ...	38.0	0.27	free_topic	Reptile__class
nsubj:pass<aux:pass> ...	36.0	0.513	free_topic	Reptile__class
nsubj:pass< ...	36.0	0.301	free_topic	Reptile__class
nsubj:pass<aux:pass> be	36.0	0.519	free_topic	Reptile__class
nmod<obj< ...	36.0	0.556	free_topic	Reptile__class
nsubj:pass<obl>case> ...	35.0	0.492	free_topic	Reptile__class
nsubj:pass<obl> ...	35.0	0.533	free_topic	Reptile__class
compound<det> ...	34.0	0.675	free_topic	Reptile__class
case> in	34.0	0.882	free_topic	Reptile__class
compound<nmod< ...	34.0	0.219	free_topic	Reptile__class
conj<nmod< ...	34.0	0.237	free_topic	Reptile__class
appos< ...	33.0	0.456	free_topic	Reptile__class
nmod<conj<conj> ...	33.0	1.122	free_topic	Reptile__class
nsubj<cop> ...	32.0	0.586	free_topic	Reptile__class
amod> other	32.0	1.202	free_topic	Reptile__class
nsubj<advmod> ...	32.0	1.02	free_topic	Reptile__class
nsubj<cop> be	31.0	0.598	free_topic	Reptile__class
case> to	30.0	0.833	free_topic	Reptile__class
nmod<det> a	30.0	0.615	free_topic	Reptile__class
nsubj<conj> ...	28.0	0.217	free_topic	Reptile__class
conj<obl< ...	28.0	0.415	free_topic	Reptile__class
obl<obl>case> ...	28.0	0.403	free_topic	Reptile__class
nmod<nsubj< ...	28.0	0.238	free_topic	Reptile__class
nsubj<obj> ...	28.0	0.201	free_topic	Reptile__class
obl<obl> ...	27.0	0.418	free_topic	Reptile__class
compound<det> the	27.0	0.725	free_topic	Reptile__class
obl<aux:pass> ...	27.0	0.343	free_topic	Reptile__class
conj<obj< ...	27.0	0.334	free_topic	Reptile__class
obl<aux:pass> be	27.0	0.343	free_topic	Reptile__class
nmod<compound> ...	26.0	0.565	free_topic	Reptile__class
advmod> ...	26.0	0.42	free_topic	Reptile__class
nmod<nmod< ...	24.0	0.296	free_topic	Reptile__class
compound<case> of	24.0	0.2	free_topic	Reptile__class
nmod>amod> ...	24.0	0.572	free_topic	Reptile__class
conj<conj> bird	24.0	0.885	free_topic	Reptile__class
obl<obj> ...	24.0	0.332	free_topic	Reptile__class
obj<nsubj> ...	24.0	0.256	free_topic	Reptile__class
obl<mark> ...	23.0	0.625	free_topic	Reptile__class
nmod>det> ...	23.0	0.484	free_topic	Reptile__class
conj<obj<nsubj> ...	23.0	0.288	free_topic	Reptile__class
nmod<obl< ...	23.0	0.36	free_topic	Reptile__class
amod> small	23.0	1.119	free_topic	Reptile__class
case> like	23.0	0.921	free_topic	Reptile__class
nsubj<aux> ...	23.0	0.679	free_topic	Reptile__class
obl<nsubj:pass> ...	22.0	0.545	free_topic	Reptile__class
conj<nmod>case> ...	22.0	0.636	free_topic	Reptile__class
nmod<obj<nsubj> ...	22.0	0.217	free_topic	Reptile__class
cop> ...	22.0	0.26	free_topic	Reptile__class
conj<nmod> ...	22.0	0.434	free_topic	Reptile__class
conj<nmod<amod> ...	22.0	0.479	free_topic	Reptile__class
amod>advmod> ...	22.0	0.651	free_topic	Reptile__class
cop> be	22.0	0.26	free_topic	Reptile__class
nmod>compound> ...	22.0	0.302	free_topic	Reptile__class
obl<conj> ...	21.0	0.321	free_topic	Reptile__class
obl<cop> ...	21.0	0.543	free_topic	Reptile__class
obj<mark> ...	21.0	0.417	free_topic	Reptile__class
conj<det> ...	21.0	0.559	free_topic	Reptile__class
nmod>det> the	21.0	0.479	free_topic	Reptile__class
obl<cop> be	21.0	0.543	free_topic	Reptile__class
nmod>case> of	21.0	1.091	free_topic	Reptile__class
conj<appos> ...	21.0	0.422	free_topic	Reptile__class
appos<appos> ...	20.0	0.371	free_topic	Reptile__class
nmod<conj> ...	19.0	0.23	free_topic	Reptile__class
nsubj<obl>det> ...	19.0	0.67	free_topic	Reptile__class
nsubj<conj>cc> ...	19.0	0.677	free_topic	Reptile__class
nsubj> ...	19.0	0.409	free_topic	Reptile__class
conj<nsubj> ...	19.0	0.45	free_topic	Reptile__class
acl:relcl> ...	19.0	0.433	free_topic	Reptile__class
nmod< species	18.0	0.492	free_topic	Reptile__class
acl:relcl>nsubj> ...	18.0	0.227	free_topic	Reptile__class
compound<obl< ...	18.0	0.523	free_topic	Reptile__class
acl> ...	18.0	0.369	free_topic	Reptile__class
nsubj<advcl> ...	18.0	0.402	free_topic	Reptile__class
conj>compound> ...	18.0	0.391	free_topic	Reptile__class
case> as	17.0	0.929	free_topic	Reptile__class
nsubj<advcl>mark> ...	17.0	0.551	free_topic	Reptile__class
compound<conj< ...	17.0	0.284	free_topic	Reptile__class
conj< bird	17.0	0.592	free_topic	Reptile__class
conj<conj>nmod> ...	17.0	0.218	free_topic	Reptile__class
nmod>conj> ...	17.0	0.517	free_topic	Reptile__class
case> with	16.0	0.888	free_topic	Reptile__class
conj<advmod> ...	16.0	0.477	free_topic	Reptile__class
nmod>case> in	16.0	1.072	free_topic	Reptile__class
conj<nmod<det> ...	16.0	0.687	free_topic	Reptile__class
obl<conj>cc> ...	16.0	0.41	free_topic	Reptile__class
conj<compound> ...	16.0	0.386	free_topic	Reptile__class
nsubj<obj>amod> ...	16.0	0.309	free_topic	Reptile__class
nsubj<obl>det> the	16.0	0.658	free_topic	Reptile__class
appos<conj> ...	16.0	0.575	free_topic	Reptile__class
nmod<nmod>case> ...	16.0	0.266	free_topic	Reptile__class
nmod>conj>cc> ...	16.0	0.196	free_topic	Reptile__class
nmod<nmod> ...	16.0	0.376	free_topic	Reptile__class
nsubj<mark> ...	16.0	0.431	free_topic	Reptile__class
compound<nmod<det> ...	16.0	0.5	free_topic	Reptile__class
nsubj:pass<obl>det> ...	16.0	0.536	free_topic	Reptile__class
nsubj<nmod> ...	16.0	0.225	free_topic	Reptile__class
nsubj<nmod>case> ...	16.0	0.167	free_topic	Reptile__class
conj<obl> ...	16.0	0.342	free_topic	Reptile__class
conj<obl>case> ...	16.0	0.549	free_topic	Reptile__class
nsubj<conj>cc> and	16.0	0.598	free_topic	Reptile__class
obj<obl>case> ...	15.0	0.493	free_topic	Reptile__class
obl<aux> ...	15.0	0.295	free_topic	Reptile__class
nmod>nmod> ...	15.0	0.462	free_topic	Reptile__class
nmod>nmod>case> ...	15.0	0.496	free_topic	Reptile__class
nsubj:pass<advmod> ...	14.0	0.643	free_topic	Reptile__class
case> by	14.0	0.907	free_topic	Reptile__class
nsubj<obl>amod> ...	14.0	0.445	free_topic	Reptile__class
conj<conj>appos> ...	14.0	0.607	free_topic	Reptile__class
compound<cc> ...	14.0	0.319	free_topic	Reptile__class
obj<obl> ...	14.0	0.176	free_topic	Reptile__class
conj<case> to	14.0	0.463	free_topic	Reptile__class
conj>det> ...	14.0	0.371	free_topic	Reptile__class
compound<cc> and	14.0	0.378	free_topic	Reptile__class
amod> modern	14.0	1.213	free_topic	Reptile__class
obl<nsubj>det> ...	13.0	0.398	free_topic	Reptile__class
compound< species	13.0	0.548	free_topic	Reptile__class
obl<obl>det> ...	13.0	0.439	free_topic	Reptile__class
obl<nsubj>amod> ...	13.0	0.19	free_topic	Reptile__class
obj<mark> to	13.0	0.454	free_topic	Reptile__class
acl:relcl>obl>case> ...	13.0	0.516	free_topic	Reptile__class
nmod<nsubj:pass<aux:pass> be	13.0	0.429	free_topic	Reptile__class
acl:relcl>obl> ...	13.0	0.23	free_topic	Reptile__class
compound<nmod<det> the	13.0	0.51	free_topic	Reptile__class
nmod<nsubj:pass< ...	13.0	0.485	free_topic	Reptile__class
acl>obl> ...	13.0	0.466	free_topic	Reptile__class
nmod<conj>cc> ...	13.0	0.41	free_topic	Reptile__class
nummod> ...	13.0	0.282	free_topic	Reptile__class
acl>obl>case> ...	13.0	0.249	free_topic	Reptile__class
nmod>conj>cc> and	13.0	0.157	free_topic	Reptile__class
compound>amod> ...	13.0	0.598	free_topic	Reptile__class
nmod<nsubj:pass<aux:pass> ...	13.0	0.429	free_topic	Reptile__class
nsubj<det> ...	13.0	0.488	free_topic	Reptile__class
obl<acl< ...	13.0	0.395	free_topic	Reptile__class
conj<conj>det> ...	12.0	0.561	free_topic	Reptile__class
amod> most	12.0	1.215	free_topic	Reptile__class
conj<parataxis> ...	12.0	0.446	free_topic	Reptile__class
appos<case> ...	12.0	0.465	free_topic	Reptile__class
obj<advmod> ...	12.0	0.581	free_topic	Reptile__class
nsubj:pass<obl>case> in	12.0	0.463	free_topic	Reptile__class
appos<det> ...	12.0	0.372	free_topic	Reptile__class
conj<nmod>amod> ...	12.0	0.269	free_topic	Reptile__class
nmod:poss> ...	12.0	0.229	free_topic	Reptile__class
conj<conj> turtle	12.0	0.777	free_topic	Reptile__class
conj<conj>compound> sea	12.0	0.387	free_topic	Reptile__class
conj<case> of	12.0	0.463	free_topic	Reptile__class
conj<conj> fish	12.0	0.73	free_topic	Reptile__class
conj<obl<advmod> ...	12.0	0.48	free_topic	Reptile__class
obl<obj>amod> ...	11.0	0.51	free_topic	Reptile__class
compound<nmod>case> ...	11.0	0.376	free_topic	Reptile__class
conj<cop> be	11.0	0.411	free_topic	Reptile__class
conj<det> a	11.0	0.569	free_topic	Reptile__class
conj<conj> insect	11.0	0.693	free_topic	Reptile__class
compound<nmod<case> ...	11.0	0.336	free_topic	Reptile__class
nmod<case> of	11.0	0.847	free_topic	Reptile__class
obl<obl>amod> ...	11.0	0.245	free_topic	Reptile__class
amod> large	11.0	1.162	free_topic	Reptile__class
amod> giant	11.0	1.1	free_topic	Reptile__class
compound>compound> ...	11.0	0.319	free_topic	Reptile__class
nmod<conj>cc> and	11.0	0.405	free_topic	Reptile__class
compound<compound> ...	11.0	0.266	free_topic	Reptile__class
nmod<obj<advmod> ...	11.0	0.228	free_topic	Reptile__class
nsubj<conj>obj> ...	11.0	0.255	free_topic	Reptile__class
conj<cop> ...	11.0	0.411	free_topic	Reptile__class
compound<nsubj< ...	11.0	0.5	free_topic	Reptile__class
obj<acl< ...	11.0	0.334	free_topic	Reptile__class
conj<nmod<case> ...	11.0	0.445	free_topic	Reptile__class
compound<nmod> ...	11.0	0.368	free_topic	Reptile__class
conj<obj< include	11.0	0.299	free_topic	Reptile__class
nsubj:pass<obl>nmod> ...	11.0	0.346	free_topic	Reptile__class
appos<det> the	11.0	0.372	free_topic	Reptile__class
obl<ccomp< ...	11.0	0.335	free_topic	Reptile__class
amod>obl:npmod> ...	11.0	0.261	free_topic	Reptile__class
nmod<nmod<amod> ...	10.0	0.271	free_topic	Reptile__class
conj<obl<nsubj> ...	10.0	0.395	free_topic	Reptile__class
obl<obl>det> the	10.0	0.479	free_topic	Reptile__class
nmod<cop> ...	10.0	0.37	free_topic	Reptile__class
acl:relcl>nsubj> that	10.0	0.256	free_topic	Reptile__class
appos<amod> ...	10.0	0.496	free_topic	Reptile__class
compound<conj<conj> ...	10.0	0.242	free_topic	Reptile__class
nmod<cop> be	10.0	0.37	free_topic	Reptile__class
nsubj:pass<obl>det> the	10.0	0.61	free_topic	Reptile__class
nsubj<conj>obl> ...	10.0	0.289	free_topic	Reptile__class
compound> box	10.0	0.549	free_topic	Reptile__class
nmod<obl<nsubj> ...	10.0	0.297	free_topic	Reptile__class
nmod<nsubj<cop> be	10.0	0.356	free_topic	Reptile__class
obl<mark> to	10.0	0.669	free_topic	Reptile__class
appos>compound> ...	10.0	0.413	free_topic	Reptile__class
compound<nmod<obj< ...	10.0	0.262	free_topic	Reptile__class
nmod<nmod<det> ...	10.0	0.761	free_topic	Reptile__class
obl<nsubj>det> the	10.0	0.492	free_topic	Reptile__class
nmod<nsubj<cop> ...	10.0	0.356	free_topic	Reptile__class
nmod<nsubj<obl> ...	10.0	0.255	free_topic	Reptile__class
case> for	10.0	0.807	free_topic	Reptile__class
nmod<nsubj> ...	10.0	0.304	free_topic	Reptile__class
obl<xcomp< ...	10.0	0.683	free_topic	Reptile__class
nmod:poss>case> ...	10.0	0.122	free_topic	Reptile__class
obl<advcl> ...	10.0	0.443	free_topic	Reptile__class
nsubj<obl>case> in	10.0	0.909	free_topic	Reptile__class
obl<obl>case> in	10.0	0.481	free_topic	Reptile__class
nsubj<obl>nmod> ...	10.0	0.398	free_topic	Reptile__class
nmod<obj<mark> ...	9.0	0.399	free_topic	Reptile__class
nsubj<obj>det> ...	9.0	0.524	free_topic	Reptile__class
conj<nsubj:pass<aux:pass> ...	9.0	0.303	free_topic	Reptile__class
nsubj<amod> ...	9.0	0.27	free_topic	Reptile__class
nmod>case>fixed> ...	9.0	0.384	free_topic	Reptile__class
nmod<advmod> ...	9.0	0.402	free_topic	Reptile__class
nmod<obl<advmod> ...	9.0	0.311	free_topic	Reptile__class
flat> ...	9.0	0.32	free_topic	Reptile__class
obj<acl<appos> ...	9.0	0.433	free_topic	Reptile__class
nmod<nsubj<conj> ...	9.0	0.371	free_topic	Reptile__class
conj<nsubj:pass<aux:pass> be	9.0	0.274	free_topic	Reptile__class
conj<conj> mammal	9.0	0.712	free_topic	Reptile__class
nmod:poss>case> 's	9.0	0.256	free_topic	Reptile__class
nmod<obj<aux> ...	9.0	0.297	free_topic	Reptile__class
nmod<nmod>det> ...	9.0	0.474	free_topic	Reptile__class
obj<conj> ...	9.0	0.562	free_topic	Reptile__class
nsubj:pass<aux> ...	9.0	0.237	free_topic	Reptile__class
obl<advcl>mark> ...	9.0	0.604	free_topic	Reptile__class
nsubj<xcomp> ...	9.0	0.179	free_topic	Reptile__class
obl<conj>cc> and	9.0	0.473	free_topic	Reptile__class
obj<advcl< ...	9.0	0.265	free_topic	Reptile__class
nmod>case> such	9.0	0.869	free_topic	Reptile__class
nmod>nmod>case> of	9.0	0.558	free_topic	Reptile__class
conj<nsubj:pass< ...	9.0	0.309	free_topic	Reptile__class
conj<appos< ...	9.0	0.203	free_topic	Reptile__class
nmod>case>fixed> as	9.0	0.385	free_topic	Reptile__class
nmod<conj< ...	9.0	0.353	free_topic	Reptile__class
det> some	9.0	0.802	free_topic	Reptile__class
case>fixed> as	8.0	0.366	free_topic	Reptile__class
nsubj<nmod>case> of	8.0	0.206	free_topic	Reptile__class
nmod<case> in	8.0	0.854	free_topic	Reptile__class
conj> bird	8.0	0.921	free_topic	Reptile__class
obl<aux> have	8.0	0.307	free_topic	Reptile__class
conj>nmod> ...	8.0	0.436	free_topic	Reptile__class
nmod<nmod<det> the	8.0	0.832	free_topic	Reptile__class
conj<nmod<det> the	8.0	0.715	free_topic	Reptile__class
nmod>nmod:poss> its	8.0	0.451	free_topic	Reptile__class
appos>appos> ...	8.0	0.344	free_topic	Reptile__class
compound<conj<case> ...	8.0	0.53	free_topic	Reptile__class
nmod<nsubj:pass<obl> ...	8.0	0.369	free_topic	Reptile__class
nmod>case> like	8.0	0.888	free_topic	Reptile__class
nsubj:pass<xcomp> ...	8.0	0.203	free_topic	Reptile__class
nsubj:pass<obl>amod> ...	8.0	0.426	free_topic	Reptile__class
conj<conj>det> the	8.0	0.647	free_topic	Reptile__class
nmod<nummod> ...	8.0	0.443	free_topic	Reptile__class
nsubj<advcl< ...	8.0	0.381	free_topic	Reptile__class
conj>nmod>case> ...	8.0	0.688	free_topic	Reptile__class
appos>amod> ...	8.0	0.321	free_topic	Reptile__class
nmod<nmod<nsubj< ...	8.0	0.416	free_topic	Reptile__class
conj<conj>advmod> ...	8.0	0.598	free_topic	Reptile__class
appos<appos>compound> ...	8.0	0.432	free_topic	Reptile__class
conj<case>fixed> as	8.0	0.575	free_topic	Reptile__class
case> than	8.0	0.684	free_topic	Reptile__class
amod>amod> ...	8.0	0.423	free_topic	Reptile__class
conj< turtle	8.0	0.731	free_topic	Reptile__class
nmod<amod>advmod> ...	8.0	0.321	free_topic	Reptile__class
conj<conj> frog	8.0	0.749	free_topic	Reptile__class
obj<acl:relcl< ...	8.0	0.479	free_topic	Reptile__class
conj<nmod<det> a	8.0	0.708	free_topic	Reptile__class
nmod<nmod>compound> ...	8.0	0.404	free_topic	Reptile__class
obl<advcl< ...	8.0	0.382	free_topic	Reptile__class
appos<compound> ...	8.0	0.553	free_topic	Reptile__class
obl<amod< ...	8.0	0.333	free_topic	Reptile__class
nmod>nmod:poss> ...	8.0	0.397	free_topic	Reptile__class
case>fixed> ...	8.0	0.366	free_topic	Reptile__class
conj<case> such	8.0	0.496	free_topic	Reptile__class
obl<acl<det> ...	8.0	0.476	free_topic	Reptile__class
conj<nmod<obl< ...	8.0	0.458	free_topic	Reptile__class
nsubj<obl>case> on	8.0	0.858	free_topic	Reptile__class
conj<case>fixed> ...	8.0	0.575	free_topic	Reptile__class
nmod>case> from	8.0	1.045	free_topic	Reptile__class
compound<nmod<amod> ...	8.0	0.331	free_topic	Reptile__class
obl<nsubj>compound> ...	8.0	0.26	free_topic	Reptile__class
obl<conj< ...	8.0	0.283	free_topic	Reptile__class
nsubj<ccomp< ...	8.0	0.611	free_topic	Reptile__class
nmod>case> on	8.0	1.001	free_topic	Reptile__class
nsubj<parataxis> ...	7.0	0.416	free_topic	Reptile__class
nsubj<advcl>obl> ...	7.0	0.437	free_topic	Reptile__class
appos<appos>amod> ...	7.0	0.198	free_topic	Reptile__class
nsubj:pass<xcomp>mark> ...	7.0	0.703	free_topic	Reptile__class
acl:relcl>obj> ...	7.0	0.286	free_topic	Reptile__class
conj< snake	7.0	0.665	free_topic	Reptile__class
conj> Amphibians	7.0	0.841	free_topic	Reptile__class
obl<conj>amod> ...	7.0	0.408	free_topic	Reptile__class
conj>det> a	7.0	0.344	free_topic	Reptile__class
conj<amod> other	7.0	0.699	free_topic	Reptile__class
conj<case> include	7.0	0.45	free_topic	Reptile__class
conj<conj> amphibian	7.0	0.693	free_topic	Reptile__class
nmod<case> to	7.0	0.766	free_topic	Reptile__class
nmod<nsubj<advmod> ...	7.0	0.317	free_topic	Reptile__class
conj<nsubj< ...	7.0	0.272	free_topic	Reptile__class
nsubj<obj>conj> ...	7.0	1.003	free_topic	Reptile__class
nsubj<conj>advmod> ...	7.0	0.721	free_topic	Reptile__class
nmod< that	7.0	0.486	free_topic	Reptile__class
amod> green	7.0	0.9	free_topic	Reptile__class
obl<advmod> also	7.0	0.433	free_topic	Reptile__class
obl< know	7.0	0.717	free_topic	Reptile__class
nsubj<nmod>det> ...	7.0	0.331	free_topic	Reptile__class
nsubj:pass<conj> ...	7.0	0.53	free_topic	Reptile__class
conj<det> the	7.0	0.694	free_topic	Reptile__class
conj<nsubj>det> ...	7.0	0.535	free_topic	Reptile__class
obj<advcl<obl> ...	7.0	0.366	free_topic	Reptile__class
obl<conj>advmod> ...	7.0	0.551	free_topic	Reptile__class
compound<nmod< distribution	7.0	0.345	free_topic	Reptile__class
compound<nmod<obj< show	7.0	0.247	free_topic	Reptile__class
obl:npmod< ...	7.0	0.487	free_topic	Reptile__class
nsubj<conj>amod> ...	7.0	0.484	free_topic	Reptile__class
conj<nsubj<obl> ...	7.0	0.385	free_topic	Reptile__class
compound<nmod<obl< ...	7.0	0.285	free_topic	Reptile__class
obl<cc> ...	7.0	0.349	free_topic	Reptile__class
amod> many	7.0	1.173	free_topic	Reptile__class
conj<nmod<obj< ...	7.0	0.421	free_topic	Reptile__class
nsubj<det> the	7.0	0.464	free_topic	Reptile__class
conj<acl> ...	7.0	0.278	free_topic	Reptile__class
obl<nsubj:pass>amod> ...	7.0	0.403	free_topic	Reptile__class
acl>obl>compound> ...	7.0	0.164	free_topic	Reptile__class
acl>obl>det> ...	7.0	0.346	free_topic	Reptile__class
nsubj<aux> can	7.0	0.656	free_topic	Reptile__class
compound<nsubj<obj> ...	7.0	0.276	free_topic	Reptile__class
nsubj:pass<aux> have	7.0	0.265	free_topic	Reptile__class
nmod<nsubj:pass<advmod> ...	7.0	0.403	free_topic	Reptile__class
obl<acl<amod> ...	7.0	0.222	free_topic	Reptile__class
nmod<nsubj:pass<aux> ...	7.0	0.216	free_topic	Reptile__class
conj>amod> other	7.0	0.294	free_topic	Reptile__class
conj<nsubj:pass<advmod> ...	7.0	0.425	free_topic	Reptile__class
conj<nmod<compound> ...	7.0	0.431	free_topic	Reptile__class
nmod<obl<obl> ...	7.0	0.481	free_topic	Reptile__class
nsubj:pass<xcomp>mark> to	7.0	0.703	free_topic	Reptile__class
compound> marine	7.0	0.426	free_topic	Reptile__class
nmod< those	7.0	0.504	free_topic	Reptile__class
nmod<nmod>det> the	6.0	0.524	free_topic	Reptile__class
nsubj<acl:relcl< ...	6.0	0.501	free_topic	Reptile__class
obl<ccomp<nsubj> ...	6.0	0.346	free_topic	Reptile__class
compound< monitor	6.0	0.405	free_topic	Reptile__class
appos<nmod< ...	6.0	0.417	free_topic	Reptile__class
obl<obl>compound> ...	6.0	0.164	free_topic	Reptile__class
nsubj<advcl<nsubj> ...	6.0	0.393	free_topic	Reptile__class
conj<obl<aux:pass> ...	6.0	0.282	free_topic	Reptile__class
conj<obl<nsubj:pass> ...	6.0	0.321	free_topic	Reptile__class
nsubj<obj>nmod> ...	6.0	0.209	free_topic	Reptile__class
nmod<nmod>case> in	6.0	0.348	free_topic	Reptile__class
conj<nmod<nmod> ...	6.0	0.302	free_topic	Reptile__class
conj<obl<conj> ...	6.0	0.36	free_topic	Reptile__class
conj< fish	6.0	0.692	free_topic	Reptile__class
obj<aux> ...	6.0	0.309	free_topic	Reptile__class
compound> Nile	6.0	0.625	free_topic	Reptile__class
compound<conj<det> ...	6.0	0.28	free_topic	Reptile__class
obj<acl<appos> br	6.0	0.434	free_topic	Reptile__class
obj<advmod> how	6.0	0.665	free_topic	Reptile__class
obj<nsubj> that	6.0	0.347	free_topic	Reptile__class
obj< identify	6.0	0.335	free_topic	Reptile__class
nmod<nsubj< be	6.0	0.319	free_topic	Reptile__class
nmod<nsubj<expl> there	6.0	0.333	free_topic	Reptile__class
nmod<nsubj>amod> ...	6.0	0.197	free_topic	Reptile__class
nsubj:pass<mark> ...	6.0	0.232	free_topic	Reptile__class
nmod<obl<cop> ...	6.0	0.542	free_topic	Reptile__class
nsubj<nmod>amod> ...	6.0	0.455	free_topic	Reptile__class
obl<acl<det> the	6.0	0.438	free_topic	Reptile__class
nsubj<nmod>compound> ...	6.0	0.276	free_topic	Reptile__class
obj<nsubj>flat> ...	6.0	0.301	free_topic	Reptile__class
conj>compound>compound> ...	6.0	0.132	free_topic	Reptile__class
nsubj:pass<advcl> ...	6.0	0.564	free_topic	Reptile__class
appos<conj>cc> ...	6.0	0.619	free_topic	Reptile__class
nmod<nsubj:pass<aux> have	6.0	0.21	free_topic	Reptile__class
obl< related	6.0	0.718	free_topic	Reptile__class
obl:npmod<amod< ...	6.0	0.254	free_topic	Reptile__class
conj>advmod> ...	6.0	0.556	free_topic	Reptile__class
nmod< one	6.0	0.498	free_topic	Reptile__class
compound<nmod>case> in	6.0	0.39	free_topic	Reptile__class
compound<nsubj<advmod> ...	6.0	0.374	free_topic	Reptile__class
conj<mark> ...	6.0	0.595	free_topic	Reptile__class
nmod<nsubj<expl> ...	6.0	0.333	free_topic	Reptile__class
compound<conj<nmod< ...	6.0	0.478	free_topic	Reptile__class
amod>obl> ...	6.0	0.154	free_topic	Reptile__class
amod>obl>case> ...	6.0	0.527	free_topic	Reptile__class
conj<obl>nmod> ...	6.0	0.092	free_topic	Reptile__class
nsubj<mark> that	6.0	0.432	free_topic	Reptile__class
obl<obj>nmod> ...	6.0	0.276	free_topic	Reptile__class
nsubj< have	6.0	0.788	free_topic	Reptile__class
nmod<obj<conj< ...	6.0	0.43	free_topic	Reptile__class
nsubj<parataxis>advmod> ...	6.0	0.783	free_topic	Reptile__class
conj<nsubj:pass<obl> ...	6.0	0.214	free_topic	Reptile__class
conj<appos>compound> ...	6.0	0.324	free_topic	Reptile__class
conj<appos>flat> ...	6.0	0.57	free_topic	Reptile__class
conj<parataxis>advmod> ...	6.0	0.271	free_topic	Reptile__class
nmod<acl:relcl>advmod> ...	6.0	0.809	free_topic	Reptile__class
obl<conj<conj> ...	6.0	0.317	free_topic	Reptile__class
nmod<obj<obl> ...	6.0	0.515	free_topic	Reptile__class
conj<case> in	6.0	0.466	free_topic	Reptile__class
obj<xcomp< ...	6.0	0.497	free_topic	Reptile__class
nsubj<obj>compound> ...	6.0	0.494	free_topic	Reptile__class
obl<mark> that	6.0	0.742	free_topic	Reptile__class
compound<acl> ...	6.0	0.39	free_topic	Reptile__class
appos<obl< ...	6.0	0.266	free_topic	Reptile__class
nsubj<advcl>nsubj> ...	6.0	0.257	free_topic	Reptile__class
acl>obl>det> the	6.0	0.434	free_topic	Reptile__class
conj<nsubj<advmod> ...	6.0	0.295	free_topic	Reptile__class
nmod>case> include	6.0	0.955	free_topic	Reptile__class
mark> ...	6.0	0.325	free_topic	Reptile__class
nsubj<obj>det> the	6.0	0.488	free_topic	Reptile__class
nsubj>amod> ...	6.0	0.321	free_topic	Reptile__class
nmod:poss>det> ...	6.0	0.546	free_topic	Reptile__class
conj> dinosaur	6.0	0.922	free_topic	Reptile__class
nmod<obl<cop> be	6.0	0.542	free_topic	Reptile__class
nsubj<advcl>obj> ...	6.0	0.304	free_topic	Reptile__class
compound<nmod>compound> ...	6.0	0.399	free_topic	Reptile__class
nmod<cc> ...	6.0	0.436	free_topic	Reptile__class
amod> Nile	6.0	1.071	free_topic	Reptile__class
acl:relcl>obl>amod> ...	6.0	0.237	free_topic	Reptile__class
obj<acl<goeswith> ...	6.0	0.275	free_topic	Reptile__class
obj<nsubj>det> ...	6.0	0.459	free_topic	Reptile__class
obj<acl<det> ...	6.0	0.338	free_topic	Reptile__class
conj<obl<advmod> also	6.0	0.586	free_topic	Reptile__class
obj< include	6.0	0.344	free_topic	Reptile__class
cc> or	6.0	0.951	free_topic	Reptile__class
conj> mammal	6.0	1.047	free_topic	Reptile__class
acl:relcl>nsubj> which	6.0	0.309	free_topic	Reptile__class
obl<conj>cc> but	6.0	0.43	free_topic	Reptile__class
nmod:poss>det> the	6.0	0.546	free_topic	Reptile__class
nmod<obj< have	6.0	0.67	free_topic	Reptile__class
conj> turtle	6.0	1.026	free_topic	Reptile__class
conj> caiman	6.0	0.971	free_topic	Reptile__class
conj>cc> or	6.0	0.823	free_topic	Reptile__class
appos>conj> ...	5.0	0.345	free_topic	Reptile__class
compound<obl<advmod> ...	5.0	0.674	free_topic	Reptile__class
appos>conj>cc> ...	5.0	0.383	free_topic	Reptile__class
nsubj<obj>nmod:poss> ...	5.0	0.255	free_topic	Reptile__class
amod>amod> mammal	5.0	0.589	free_topic	Reptile__class
obl<acl<compound> ...	5.0	0.263	free_topic	Reptile__class
nmod<nmod<case> ...	5.0	0.528	free_topic	Reptile__class
nmod<amod> new	5.0	0.63	free_topic	Reptile__class
obl<obj>det> ...	5.0	0.292	free_topic	Reptile__class
conj<appos<obj> ...	5.0	0.322	free_topic	Reptile__class
compound<obl<obl> ...	5.0	0.398	free_topic	Reptile__class
obl<acl<nsubj< ...	5.0	0.336	free_topic	Reptile__class
nsubj>det> ...	5.0	0.415	free_topic	Reptile__class
appos<parataxis> ...	5.0	0.513	free_topic	Reptile__class
appos<conj>amod> ...	5.0	0.354	free_topic	Reptile__class
compound<obj< ...	5.0	0.504	free_topic	Reptile__class
nsubj<obl>nmod:poss> ...	5.0	0.321	free_topic	Reptile__class
obl<acl:relcl< ...	5.0	0.247	free_topic	Reptile__class
appos<case> of	5.0	0.457	free_topic	Reptile__class
obl<conj>obl> ...	5.0	0.248	free_topic	Reptile__class
conj<conj> snake	5.0	0.782	free_topic	Reptile__class
conj<obl<obj> ...	5.0	0.416	free_topic	Reptile__class
conj<nsubj<cop> ...	5.0	0.576	free_topic	Reptile__class
flat< ...	5.0	0.306	free_topic	Reptile__class
conj< mammal	5.0	0.684	free_topic	Reptile__class
obl<xcomp<aux:pass> ...	5.0	0.347	free_topic	Reptile__class
appos<nsubj< ...	5.0	0.464	free_topic	Reptile__class
obl<conj>obj> ...	5.0	0.183	free_topic	Reptile__class
nmod<case> from	5.0	0.733	free_topic	Reptile__class
nsubj<obl>case> to	5.0	0.939	free_topic	Reptile__class
nsubj<acl:relcl<det> ...	5.0	0.365	free_topic	Reptile__class
obj<nsubj>amod> ...	5.0	0.341	free_topic	Reptile__class
conj<conj>amod> small	5.0	0.435	free_topic	Reptile__class
nmod> lizard	5.0	0.688	free_topic	Reptile__class
nmod<nsubj<obj> ...	5.0	0.204	free_topic	Reptile__class
conj>det> the	5.0	0.389	free_topic	Reptile__class
amod> american	5.0	1.043	free_topic	Reptile__class
compound> desert	5.0	0.508	free_topic	Reptile__class
conj<nsubj<cop> be	5.0	0.576	free_topic	Reptile__class
nsubj<obl>compound> ...	5.0	0.239	free_topic	Reptile__class
obj<acl:relcl<amod> ...	5.0	0.204	free_topic	Reptile__class
conj<obl<aux:pass> be	5.0	0.252	free_topic	Reptile__class
compound<conj<amod> ...	5.0	0.423	free_topic	Reptile__class
nsubj<det> a	5.0	0.483	free_topic	Reptile__class
appos>conj>cc> and	5.0	0.39	free_topic	Reptile__class
nmod<conj<amod> ...	5.0	0.47	free_topic	Reptile__class
obl<nsubj> they	5.0	0.922	free_topic	Reptile__class
nmod<obj<conj> ...	5.0	0.276	free_topic	Reptile__class
nsubj<parataxis>nsubj> ...	5.0	0.318	free_topic	Reptile__class
nsubj:pass<ccomp> ...	5.0	0.565	free_topic	Reptile__class
obl<cc> and	5.0	0.31	free_topic	Reptile__class
nsubj<obj>nmod:poss> they	5.0	0.255	free_topic	Reptile__class
conj< dinosaur	5.0	0.76	free_topic	Reptile__class
nsubj<aux> have	5.0	0.748	free_topic	Reptile__class
nsubj:pass<conj>cc> ...	5.0	0.307	free_topic	Reptile__class
nsubj:pass<obl>compound> ...	5.0	0.126	free_topic	Reptile__class
obl:npmod< like	5.0	0.401	free_topic	Reptile__class
acl>obj> ...	5.0	0.267	free_topic	Reptile__class
parataxis> ...	5.0	0.23	free_topic	Reptile__class
obl<nsubj:pass>det> ...	5.0	0.614	free_topic	Reptile__class
obl<parataxis< ...	5.0	0.269	free_topic	Reptile__class
conj<appos>det> ...	5.0	0.216	free_topic	Reptile__class
nmod<obj<ccomp< ...	5.0	0.208	free_topic	Reptile__class
nsubj:pass<obl>case> to	5.0	0.571	free_topic	Reptile__class
obj<obl>case> in	5.0	0.546	free_topic	Reptile__class
det> these	5.0	0.688	free_topic	Reptile__class
det> all	5.0	0.816	free_topic	Reptile__class
obl<xcomp<aux:pass> be	5.0	0.347	free_topic	Reptile__class
nmod<obj<mark> that	5.0	0.359	free_topic	Reptile__class
conj<nmod>conj> ...	5.0	0.385	free_topic	Reptile__class
parataxis>obj>conj> ...	5.0	0.489	free_topic	Reptile__class
conj>case> ...	5.0	0.582	free_topic	Reptile__class
compound<nmod<compound> ...	5.0	0.428	free_topic	Reptile__class
conj<obj> ...	5.0	0.418	free_topic	Reptile__class
conj> species	5.0	0.998	free_topic	Reptile__class
conj>nmod>case> of	5.0	0.686	free_topic	Reptile__class
nmod<acl:relcl> ...	5.0	0.438	free_topic	Reptile__class
obj<acl<det> a	5.0	0.35	free_topic	Reptile__class
nsubj<conj>aux> ...	5.0	0.463	free_topic	Reptile__class
appos> description	4.0	0.478	free_topic	Reptile__class
conj<obl<aux> ...	4.0	0.311	free_topic	Reptile__class
nsubj:pass<xcomp>cop> be	4.0	0.311	free_topic	Reptile__class
obj<acl<appos< ...	4.0	0.38	free_topic	Reptile__class
nmod<nsubj<nmod> ...	4.0	0.498	free_topic	Reptile__class
compound<case> at	4.0	0.287	free_topic	Reptile__class
acl:relcl>obj>amod> ...	4.0	0.385	free_topic	Reptile__class
conj<nsubj>det> the	4.0	0.488	free_topic	Reptile__class
conj<obj<aux> ...	4.0	0.556	free_topic	Reptile__class
nmod:poss< ...	4.0	0.328	free_topic	Reptile__class
obl<advcl<nsubj> ...	4.0	0.359	free_topic	Reptile__class
compound<nmod<nmod> ...	4.0	0.277	free_topic	Reptile__class
compound<nsubj<conj> ...	4.0	0.259	free_topic	Reptile__class
nmod<nsubj<det> ...	4.0	0.341	free_topic	Reptile__class
nmod<acl:relcl>nsubj> ...	4.0	0.355	free_topic	Reptile__class
case> 's	4.0	0.786	free_topic	Reptile__class
det> this	4.0	0.583	free_topic	Reptile__class
nmod> Africa	4.0	0.688	free_topic	Reptile__class
det> any	4.0	0.728	free_topic	Reptile__class
nmod<obj<nsubj> they	4.0	0.318	free_topic	Reptile__class
nsubj<parataxis>conj> ...	4.0	0.404	free_topic	Reptile__class
obl<xcomp<nsubj:pass> ...	4.0	0.177	free_topic	Reptile__class
nmod<obl<advcl> ...	4.0	0.27	free_topic	Reptile__class
nmod<obj<advcl> ...	4.0	0.421	free_topic	Reptile__class
conj<nmod>nummod> ...	4.0	0.319	free_topic	Reptile__class
compound<case> on	4.0	0.344	free_topic	Reptile__class
nmod>nmod>det> the	4.0	0.205	free_topic	Reptile__class
nmod<appos< ...	4.0	0.353	free_topic	Reptile__class
nmod<conj>amod> ...	4.0	0.18	free_topic	Reptile__class
obj<conj>cc> ...	4.0	0.355	free_topic	Reptile__class
obj<obl>det> ...	4.0	0.536	free_topic	Reptile__class
appos>flat> ...	4.0	0.206	free_topic	Reptile__class
obj<advcl<advmod> ...	4.0	0.568	free_topic	Reptile__class
obj<advcl<nsubj> ...	4.0	0.106	free_topic	Reptile__class
nmod>nmod>det> ...	4.0	0.177	free_topic	Reptile__class
nsubj<acl:relcl<det> the	4.0	0.394	free_topic	Reptile__class
nsubj<ccomp> ...	4.0	0.58	free_topic	Reptile__class
obj<acl:relcl<det> the	4.0	0.473	free_topic	Reptile__class
conj<obj<advcl> ...	4.0	0.515	free_topic	Reptile__class
obl<amod<amod> ...	4.0	0.222	free_topic	Reptile__class
compound<obl<aux:pass> be	4.0	0.386	free_topic	Reptile__class
nmod< guide	4.0	0.505	free_topic	Reptile__class
obl< have	4.0	0.743	free_topic	Reptile__class
obl<obj> they	4.0	0.392	free_topic	Reptile__class
acl>obl>amod> ...	4.0	0.199	free_topic	Reptile__class
obj<conj>xcomp> ...	4.0	0.311	free_topic	Reptile__class
obl<amod<nsubj> ...	4.0	0.479	free_topic	Reptile__class
obl<xcomp> ...	4.0	0.435	free_topic	Reptile__class
nmod<obj<xcomp< ...	4.0	0.417	free_topic	Reptile__class
nsubj<xcomp>mark> ...	4.0	0.382	free_topic	Reptile__class
nmod<nmod<obj< ...	4.0	0.392	free_topic	Reptile__class
nsubj>det> the	4.0	0.507	free_topic	Reptile__class
obl<amod<obl> ...	4.0	0.288	free_topic	Reptile__class
conj<case> as	4.0	0.498	free_topic	Reptile__class
nsubj<obl>conj> ...	4.0	0.391	free_topic	Reptile__class
conj>nmod>amod> ...	4.0	0.498	free_topic	Reptile__class
obl:npmod<amod<det> ...	4.0	0.599	free_topic	Reptile__class
obl<xcomp<advmod> ...	4.0	0.844	free_topic	Reptile__class
conj>acl> ...	4.0	0.54	free_topic	Reptile__class
obl<conj>nsubj> ...	4.0	0.521	free_topic	Reptile__class
compound<case> in	4.0	0.229	free_topic	Reptile__class
compound<compound< ...	4.0	0.308	free_topic	Reptile__class
conj<ccomp<nsubj> ...	4.0	0.164	free_topic	Reptile__class
nsubj< include	4.0	0.816	free_topic	Reptile__class
conj>nsubj> ...	4.0	0.23	free_topic	Reptile__class
nsubj<advmod>advmod> ...	4.0	0.259	free_topic	Reptile__class
obl<acl:relcl<case> ...	4.0	0.176	free_topic	Reptile__class
appos<compound>compound> ...	4.0	0.415	free_topic	Reptile__class
nsubj<ccomp<advmod> ...	4.0	0.256	free_topic	Reptile__class
compound<nmod<nsubj< ...	4.0	0.484	free_topic	Reptile__class
conj<acl>obj> ...	4.0	0.352	free_topic	Reptile__class
conj<case> like	4.0	0.487	free_topic	Reptile__class
conj<conj>nummod> ...	4.0	0.532	free_topic	Reptile__class
obl<parataxis> ...	4.0	0.371	free_topic	Reptile__class
compound< keeper	4.0	0.397	free_topic	Reptile__class
obl<nsubj>nmod> ...	4.0	0.147	free_topic	Reptile__class
compound<obl<mark> ...	4.0	0.338	free_topic	Reptile__class
conj<obl<obl> ...	4.0	0.361	free_topic	Reptile__class
obl<ccomp<advmod> ...	4.0	0.435	free_topic	Reptile__class
conj<nmod<conj< ...	4.0	0.43	free_topic	Reptile__class
nsubj<obl>case> at	4.0	0.866	free_topic	Reptile__class
nmod<obj<aux> have	4.0	0.31	free_topic	Reptile__class
obl<advcl<obj> ...	4.0	0.298	free_topic	Reptile__class
conj<compound< ...	4.0	0.43	free_topic	Reptile__class
list<list>nummod> ...	4.0	0.394	free_topic	Reptile__class
list<list> ...	4.0	0.212	free_topic	Reptile__class
nsubj<conj>nsubj> ...	4.0	0.156	free_topic	Reptile__class
compound<obl<aux:pass> ...	4.0	0.386	free_topic	Reptile__class
conj<obl<conj< ...	4.0	0.501	free_topic	Reptile__class
appos<flat> ...	4.0	0.311	free_topic	Reptile__class
conj<obl<cc> ...	4.0	0.494	free_topic	Reptile__class
nmod<obj<cc> ...	4.0	0.325	free_topic	Reptile__class
nsubj:pass<advcl< ...	4.0	0.235	free_topic	Reptile__class
amod>conj> ...	4.0	0.198	free_topic	Reptile__class
amod>conj>cc> ...	4.0	0.476	free_topic	Reptile__class
nmod<obj<mark> to	4.0	0.409	free_topic	Reptile__class
nsubj:pass<obl>det> a	4.0	0.516	free_topic	Reptile__class
obl<obl>nmod> ...	4.0	0.467	free_topic	Reptile__class
conj<ccomp< ...	4.0	0.444	free_topic	Reptile__class
nmod>nmod>amod> ...	4.0	0.424	free_topic	Reptile__class
compound<conj<nsubj> ...	4.0	0.786	free_topic	Reptile__class
compound<nmod>det> ...	4.0	0.342	free_topic	Reptile__class
nmod<nmod>case> of	4.0	0.266	free_topic	Reptile__class
parataxis< ...	4.0	0.178	free_topic	Reptile__class
parataxis<obl>case> ...	4.0	0.407	free_topic	Reptile__class
parataxis<obl> ...	4.0	0.389	free_topic	Reptile__class
nsubj<obl>nmod:poss> they	4.0	0.446	free_topic	Reptile__class
nsubj:pass<xcomp>cop> ...	4.0	0.311	free_topic	Reptile__class
appos> reference	4.0	0.54	free_topic	Reptile__class
conj<nmod>case> with	4.0	0.632	free_topic	Reptile__class
compound< fossil	4.0	0.558	free_topic	Reptile__class
compound<nsubj<obl> ...	4.0	0.447	free_topic	Reptile__class
obl<nsubj>list> ...	4.0	0.259	free_topic	Reptile__class
compound<acl> find	4.0	0.436	free_topic	Reptile__class
obl<advcl<obl> ...	4.0	0.338	free_topic	Reptile__class
conj<aux> ...	4.0	0.285	free_topic	Reptile__class
acl:relcl>obl>det> ...	4.0	0.173	free_topic	Reptile__class
nmod<appos> ...	4.0	0.24	free_topic	Reptile__class
nmod<amod> several	4.0	0.614	free_topic	Reptile__class
nsubj<appos>amod> ...	4.0	0.477	free_topic	Reptile__class
nsubj:pass<conj>nmod> ...	4.0	0.202	free_topic	Reptile__class
conj<conj>amod> african	4.0	0.392	free_topic	Reptile__class
conj>amod> related	4.0	0.403	free_topic	Reptile__class
obj<xcomp<nsubj> ...	4.0	0.269	free_topic	Reptile__class
acl:relcl>obl>case> on	4.0	0.697	free_topic	Reptile__class
appos<conj>compound> ...	4.0	0.38	free_topic	Reptile__class
conj<obl>det> ...	4.0	0.372	free_topic	Reptile__class
obl<ccomp> ...	4.0	0.333	free_topic	Reptile__class
compound<nsubj<advcl> ...	4.0	0.586	free_topic	Reptile__class
amod>obl>case> to	4.0	0.543	free_topic	Reptile__class
conj< lizard	4.0	0.685	free_topic	Reptile__class
obj<acl:relcl<det> ...	4.0	0.435	free_topic	Reptile__class
conj<conj>conj> ...	4.0	0.175	free_topic	Reptile__class
appos<obl> ...	4.0	0.258	free_topic	Reptile__class
appos<obl>case> ...	4.0	0.349	free_topic	Reptile__class
conj<obl>amod> ...	4.0	0.571	free_topic	Reptile__class
nsubj<xcomp>obj> ...	4.0	0.494	free_topic	Reptile__class
compound<amod> other	4.0	0.27	free_topic	Reptile__class
nummod> marine	4.0	0.241	free_topic	Reptile__class
nmod<case> for	4.0	0.728	free_topic	Reptile__class
nsubj<nmod>nmod> ...	4.0	0.371	free_topic	Reptile__class
nsubj<nmod>det> the	4.0	0.355	free_topic	Reptile__class
conj<mark> that	4.0	0.601	free_topic	Reptile__class
nmod<nsubj<advcl> ...	4.0	0.27	free_topic	Reptile__class
nmod<case> with	4.0	0.72	free_topic	Reptile__class
nsubj<xcomp>mark> to	4.0	0.382	free_topic	Reptile__class
nsubj:pass<advcl>mark> ...	4.0	0.544	free_topic	Reptile__class
appos> history	4.0	0.465	free_topic	Reptile__class
conj> amphibian	4.0	1.059	free_topic	Reptile__class
conj<appos>det> the	4.0	0.264	free_topic	Reptile__class
nmod<obj<cc> and	4.0	0.311	free_topic	Reptile__class
compound<case> to	4.0	0.261	free_topic	Reptile__class
nmod<amod> other	4.0	0.634	free_topic	Reptile__class
obl<nsubj> turtle	4.0	0.88	free_topic	Reptile__class
nsubj:pass<advcl>obl> ...	4.0	0.214	free_topic	Reptile__class
conj<nmod> species	4.0	0.513	free_topic	Reptile__class
conj<case> on	4.0	0.484	free_topic	Reptile__class
nsubj<advcl>mark> to	4.0	0.594	free_topic	Reptile__class
obl<xcomp<aux> ...	3.0	0.256	free_topic	Reptile__class
compound<nummod> ...	3.0	0.164	free_topic	Reptile__class
nmod<nsubj<mark> ...	3.0	0.277	free_topic	Reptile__class
conj<nsubj:pass> ...	3.0	0.486	free_topic	Reptile__class
conj<aux:pass> ...	3.0	0.337	free_topic	Reptile__class
obl<nsubj:pass>compound> ...	3.0	0.497	free_topic	Reptile__class
appos<nmod<amod> ...	3.0	0.201	free_topic	Reptile__class
nmod<cc> and	3.0	0.368	free_topic	Reptile__class
nmod<conj<conj> terrestrial	3.0	1.162	free_topic	Reptile__class
nmod<conj<conj> crocodylomorph	3.0	1.097	free_topic	Reptile__class
conj>appos> ...	3.0	0.149	free_topic	Reptile__class
nsubj<advcl>mark> as	3.0	0.518	free_topic	Reptile__class
nmod<obl<mark> ...	3.0	0.292	free_topic	Reptile__class
obl<nsubj> this	3.0	0.866	free_topic	Reptile__class
nmod<conj<conj> sphenodont	3.0	1.105	free_topic	Reptile__class
nsubj:pass<mark> when	3.0	0.351	free_topic	Reptile__class
obl<xcomp<cop> be	3.0	0.303	free_topic	Reptile__class
nmod<list<conj> species	3.0	0.457	free_topic	Reptile__class
nmod<conj<conj> turtle	3.0	1.142	free_topic	Reptile__class
nmod<obl<nsubj:pass> ...	3.0	0.421	free_topic	Reptile__class
nsubj:pass< know	3.0	0.324	free_topic	Reptile__class
nsubj<advcl<cop> ...	3.0	0.395	free_topic	Reptile__class
nmod<obl<aux:pass> ...	3.0	0.471	free_topic	Reptile__class
nsubj<obl:tmod> ...	3.0	0.57	free_topic	Reptile__class
nsubj<advcl<advmod> ...	3.0	0.451	free_topic	Reptile__class
nmod<advcl<obl> ...	3.0	0.251	free_topic	Reptile__class
nsubj<advcl<obl> ...	3.0	0.432	free_topic	Reptile__class
nmod<conj<conj> lizard	3.0	1.12	free_topic	Reptile__class
nsubj<ccomp>nsubj> ...	3.0	0.42	free_topic	Reptile__class
conj<appos<nsubj> ...	3.0	0.4	free_topic	Reptile__class
conj<nmod>case> such	3.0	0.546	free_topic	Reptile__class
nmod<obj<acl< ...	3.0	0.439	free_topic	Reptile__class
appos<nmod>case> ...	3.0	0.456	free_topic	Reptile__class
nsubj:pass<obl>case> for	3.0	0.501	free_topic	Reptile__class
obl<ccomp<aux:pass> be	3.0	0.444	free_topic	Reptile__class
conj<nsubj:pass< eat	3.0	0.291	free_topic	Reptile__class
nmod>nmod>nmod> ...	3.0	0.237	free_topic	Reptile__class
nmod>nmod>conj> ...	3.0	0.38	free_topic	Reptile__class
compound> adult	3.0	0.598	free_topic	Reptile__class
nmod<nsubj:pass<advmod> also	3.0	0.463	free_topic	Reptile__class
compound<nsubj<mark> ...	3.0	0.458	free_topic	Reptile__class
cc>fixed> ...	3.0	0.449	free_topic	Reptile__class
conj>cc> &	3.0	0.67	free_topic	Reptile__class
conj<parataxis>advmod> especially	3.0	0.348	free_topic	Reptile__class
compound<conj< lizard	3.0	0.446	free_topic	Reptile__class
compound< database	3.0	0.38	free_topic	Reptile__class
compound<obl<advcl> ...	3.0	0.301	free_topic	Reptile__class
nsubj:pass<advcl>mark> as	3.0	0.381	free_topic	Reptile__class
obl<advcl<advmod> ...	3.0	0.347	free_topic	Reptile__class
nsubj:pass<parataxis<obl> ...	3.0	0.274	free_topic	Reptile__class
appos<conj>advmod> ...	3.0	0.365	free_topic	Reptile__class
acl>advmod> ...	3.0	0.512	free_topic	Reptile__class
obl<xcomp< think	3.0	0.683	free_topic	Reptile__class
compound<nsubj<ccomp< ...	3.0	0.206	free_topic	Reptile__class
obl<ccomp<aux:pass> ...	3.0	0.444	free_topic	Reptile__class
obl<ccomp<nsubj:pass> ...	3.0	0.49	free_topic	Reptile__class
conj<parataxis>compound> ...	3.0	0.388	free_topic	Reptile__class
appos<nmod> ...	3.0	0.398	free_topic	Reptile__class
conj<nmod>det> ...	3.0	0.161	free_topic	Reptile__class
nsubj<obj>acl> ...	3.0	0.249	free_topic	Reptile__class
conj<appos>appos> ...	3.0	0.291	free_topic	Reptile__class
obl<conj<nsubj> ...	3.0	0.585	free_topic	Reptile__class
obj<obl>nummod> ...	3.0	0.434	free_topic	Reptile__class
conj<nsubj:pass<advmod> also	3.0	0.543	free_topic	Reptile__class
conj<acl:relcl> ...	3.0	0.311	free_topic	Reptile__class
conj<nmod<obl> ...	3.0	0.346	free_topic	Reptile__class
compound<nmod<nmod< ...	3.0	0.322	free_topic	Reptile__class
nsubj<parataxis>cop> ...	3.0	0.448	free_topic	Reptile__class
compound<acl>obl> ...	3.0	0.209	free_topic	Reptile__class
compound<conj<nmod> ...	3.0	0.404	free_topic	Reptile__class
nmod<obl<aux:pass> be	3.0	0.471	free_topic	Reptile__class
conj>obj> ...	3.0	0.333	free_topic	Reptile__class
obl<advmod> closely	3.0	0.234	free_topic	Reptile__class
conj<conj>amod> wild	3.0	0.345	free_topic	Reptile__class
nmod> India	3.0	0.745	free_topic	Reptile__class
nsubj<advcl>cop> ...	3.0	0.234	free_topic	Reptile__class
compound<nsubj:pass<obl> ...	3.0	0.289	free_topic	Reptile__class
appos<nsubj>det> the	3.0	0.407	free_topic	Reptile__class
compound<nsubj:pass<aux:pass> ...	3.0	0.275	free_topic	Reptile__class
compound<nsubj:pass< ...	3.0	0.351	free_topic	Reptile__class
obl<advcl>obl> ...	3.0	0.217	free_topic	Reptile__class
nmod<appos>amod> ...	3.0	0.25	free_topic	Reptile__class
advcl> ...	3.0	0.403	free_topic	Reptile__class
acl:relcl>obl>compound> ...	3.0	0.224	free_topic	Reptile__class
conj<advmod> also	3.0	0.567	free_topic	Reptile__class
compound<obl<cop> ...	3.0	0.385	free_topic	Reptile__class
nsubj<ccomp<aux:pass> be	3.0	0.411	free_topic	Reptile__class
nmod<compound>compound> ...	3.0	0.319	free_topic	Reptile__class
nmod<nmod<obl< ...	3.0	0.447	free_topic	Reptile__class
nmod<parataxis>conj> ...	3.0	0.274	free_topic	Reptile__class
compound<nmod<det> a	3.0	0.47	free_topic	Reptile__class
compound<obl<nsubj:pass> ...	3.0	0.237	free_topic	Reptile__class
nsubj:pass< find	3.0	0.3	free_topic	Reptile__class
conj<obj<advmod> ...	3.0	0.56	free_topic	Reptile__class
nsubj<parataxis>cop> be	3.0	0.448	free_topic	Reptile__class
nsubj:pass<xcomp>obj> ...	3.0	0.523	free_topic	Reptile__class
conj<obj< eat	3.0	0.299	free_topic	Reptile__class
obl<nsubj>appos> ...	3.0	0.441	free_topic	Reptile__class
appos<nsubj<obl> ...	3.0	0.358	free_topic	Reptile__class
nsubj<conj<conj> ...	3.0	0.365	free_topic	Reptile__class
compound<appos< ...	3.0	0.523	free_topic	Reptile__class
obj<nmod>case> ...	3.0	0.619	free_topic	Reptile__class
obj<nmod> ...	3.0	0.309	free_topic	Reptile__class
conj<obj<mark> ...	3.0	0.616	free_topic	Reptile__class
conj<obj<advcl< ...	3.0	0.196	free_topic	Reptile__class
obl:npmod<amod<obj< ...	3.0	0.783	free_topic	Reptile__class
nmod<obl<ccomp< ...	3.0	0.448	free_topic	Reptile__class
compound<nmod>det> the	3.0	0.335	free_topic	Reptile__class
nmod< population	3.0	0.494	free_topic	Reptile__class
nmod<nsubj<ccomp> ...	3.0	0.508	free_topic	Reptile__class
nsubj:pass<parataxis< ...	3.0	0.368	free_topic	Reptile__class
compound<obl<nsubj> ...	3.0	0.465	free_topic	Reptile__class
obl< belong	3.0	0.603	free_topic	Reptile__class
obl<mark> as	3.0	0.743	free_topic	Reptile__class
obl< see	3.0	0.784	free_topic	Reptile__class
nsubj<cc> and	3.0	0.345	free_topic	Reptile__class
compound<amod>compound> New	3.0	0.772	free_topic	Reptile__class
compound<amod> fly	3.0	0.251	free_topic	Reptile__class
compound<nmod<cop> be	3.0	0.248	free_topic	Reptile__class
list< ...	3.0	0.424	free_topic	Reptile__class
list<amod> ...	3.0	0.152	free_topic	Reptile__class
nmod<obl<parataxis< ...	3.0	0.319	free_topic	Reptile__class
obl<obj>conj> ...	3.0	0.14	free_topic	Reptile__class
nmod<conj<conj> frog	3.0	1.109	free_topic	Reptile__class
nmod<conj<conj> salamander	3.0	1.177	free_topic	Reptile__class
conj<advcl> ...	3.0	0.44	free_topic	Reptile__class
nmod<conj<det> ...	3.0	0.549	free_topic	Reptile__class
nsubj<xcomp>obl> ...	3.0	0.613	free_topic	Reptile__class
compound<obl<advcl< ...	3.0	0.189	free_topic	Reptile__class
nsubj:pass<xcomp>advmod> ...	3.0	0.738	free_topic	Reptile__class
nmod>case> than	3.0	1.145	free_topic	Reptile__class
nmod<advcl< ...	3.0	0.443	free_topic	Reptile__class
nmod<advcl<advmod> ...	3.0	0.321	free_topic	Reptile__class
nmod<obj<acl:relcl< ...	3.0	0.406	free_topic	Reptile__class
nmod<nmod:poss> ...	3.0	0.319	free_topic	Reptile__class
nsubj<obj>det> a	3.0	0.57	free_topic	Reptile__class
nsubj<conj>xcomp> ...	3.0	0.386	free_topic	Reptile__class
list<conj> ...	3.0	0.201	free_topic	Reptile__class
obj<advcl<aux:pass> be	3.0	0.653	free_topic	Reptile__class
obj<advcl<aux> have	3.0	0.567	free_topic	Reptile__class
nsubj:pass<advcl<advmod> ...	3.0	0.302	free_topic	Reptile__class
nmod<conj<obj< include	3.0	0.534	free_topic	Reptile__class
appos<obl<aux:pass> ...	3.0	0.331	free_topic	Reptile__class
obj<acl<amod> ...	3.0	0.204	free_topic	Reptile__class
obj< kill	3.0	0.409	free_topic	Reptile__class
obj<acl<case> ...	3.0	0.564	free_topic	Reptile__class
obj<acl<obl< ...	3.0	0.438	free_topic	Reptile__class
obj< keep	3.0	0.36	free_topic	Reptile__class
conj<obl<cc> and	3.0	0.483	free_topic	Reptile__class
nmod< type	3.0	0.451	free_topic	Reptile__class
nmod<acl:relcl>nsubj> which	3.0	0.464	free_topic	Reptile__class
conj<nsubj> they	3.0	0.614	free_topic	Reptile__class
nsubj<advcl<cop> be	3.0	0.395	free_topic	Reptile__class
conj<conj>compound> water	3.0	0.339	free_topic	Reptile__class
obj<obl>amod> ...	3.0	0.312	free_topic	Reptile__class
nmod>appos> ...	3.0	0.21	free_topic	Reptile__class
obl<ccomp<conj> ...	3.0	0.359	free_topic	Reptile__class
compound<appos> ...	3.0	0.528	free_topic	Reptile__class
compound<nmod<cop> ...	3.0	0.248	free_topic	Reptile__class
obl<obl>case> to	3.0	0.391	free_topic	Reptile__class
nmod<obl<aux> ...	3.0	0.521	free_topic	Reptile__class
conj>nmod>compound> ...	3.0	0.133	free_topic	Reptile__class
obl<conj<obl> ...	3.0	0.504	free_topic	Reptile__class
obl<ccomp<obl> ...	3.0	0.213	free_topic	Reptile__class
obj<acl<goeswith> ></	3.0	0.628	free_topic	Reptile__class
nsubj:pass<obl>conj> ...	3.0	0.259	free_topic	Reptile__class
conj<obj>amod> ...	3.0	0.204	free_topic	Reptile__class
conj<obj<nsubj> animal	3.0	0.336	free_topic	Reptile__class
acl:relcl>obl>det> the	3.0	0.163	free_topic	Reptile__class
nsubj:pass<obl>case> by	3.0	0.456	free_topic	Reptile__class
nsubj<conj>aux:pass> ...	3.0	0.63	free_topic	Reptile__class
conj<nmod<nmod< ...	3.0	0.358	free_topic	Reptile__class
nsubj<ccomp<nsubj:pass> ...	3.0	0.278	free_topic	Reptile__class
nsubj<advcl<obj> ...	3.0	0.416	free_topic	Reptile__class
compound<nmod<nsubj> ...	3.0	0.338	free_topic	Reptile__class
conj<obj<nsubj> prey	3.0	0.313	free_topic	Reptile__class
conj<compound> river	3.0	0.397	free_topic	Reptile__class
nmod<aux> ...	3.0	0.369	free_topic	Reptile__class
nsubj<advcl>mark> when	3.0	0.546	free_topic	Reptile__class
nmod<appos>conj> ...	3.0	0.297	free_topic	Reptile__class
obj<acl< br	3.0	0.498	free_topic	Reptile__class
obj<advcl<nsubj:pass> ...	3.0	0.332	free_topic	Reptile__class
acl:relcl>advcl>obj> ...	3.0	0.603	free_topic	Reptile__class
compound>nummod> ...	3.0	0.273	free_topic	Reptile__class
obj<advcl<aux> ...	3.0	0.543	free_topic	Reptile__class
conj<obl<amod< ...	3.0	0.3	free_topic	Reptile__class
obj<advcl<aux:pass> ...	3.0	0.653	free_topic	Reptile__class
nmod<list<conj> ...	3.0	0.457	free_topic	Reptile__class
appos<case> to	3.0	0.493	free_topic	Reptile__class
conj<conj>cc> or	3.0	0.615	free_topic	Reptile__class
obj<acl<appos> href=/nature/22062931	3.0	0.522	free_topic	Reptile__class
conj<amod> small	3.0	0.694	free_topic	Reptile__class
conj<conj>compound> River	3.0	0.33	free_topic	Reptile__class
advmod> even	3.0	0.468	free_topic	Reptile__class
acl>obl>case> to	3.0	0.255	free_topic	Reptile__class
obj<nsubj>det> the	3.0	0.519	free_topic	Reptile__class
nmod<nsubj<det> the	3.0	0.346	free_topic	Reptile__class
obl<nmod>compound> ...	3.0	0.223	free_topic	Reptile__class
conj<nmod< prey	3.0	0.263	free_topic	Reptile__class
nmod<case> on	3.0	0.787	free_topic	Reptile__class
conj<obl>conj> ...	3.0	0.43	free_topic	Reptile__class
obl<acl:relcl<det> ...	3.0	0.57	free_topic	Reptile__class
appos<nsubj> ...	3.0	0.3	free_topic	Reptile__class
conj<amod>advmod> ...	3.0	0.512	free_topic	Reptile__class
flat<compound> ...	3.0	0.243	free_topic	Reptile__class
compound<nsubj<mark> that	3.0	0.458	free_topic	Reptile__class
flat> Chamaeleonidae	3.0	0.292	free_topic	Reptile__class
nsubj<conj< ...	3.0	0.226	free_topic	Reptile__class
appos<appos> Bradypodion	3.0	0.563	free_topic	Reptile__class
obl<parataxis>obj> ...	3.0	0.318	free_topic	Reptile__class
obl<obl>case> by	3.0	0.432	free_topic	Reptile__class
amod>advmod> most	3.0	0.616	free_topic	Reptile__class
nmod<compound> field	3.0	0.672	free_topic	Reptile__class
nmod<conj>nmod> ...	3.0	0.418	free_topic	Reptile__class
appos<nmod< Phylogenetic	3.0	0.369	free_topic	Reptile__class
nsubj:pass<conj>amod> ...	3.0	0.315	free_topic	Reptile__class
appos<nsubj>det> ...	3.0	0.407	free_topic	Reptile__class
nmod<case> than	3.0	0.685	free_topic	Reptile__class
nmod<nsubj<aux> ...	3.0	0.502	free_topic	Reptile__class
nsubj<ccomp<aux:pass> ...	3.0	0.411	free_topic	Reptile__class
conj<obj<obl> ...	3.0	0.269	free_topic	Reptile__class
obl<nmod> ...	3.0	0.227	free_topic	Reptile__class
conj<case> with	3.0	0.459	free_topic	Reptile__class
conj<obl<advcl< ...	3.0	0.377	free_topic	Reptile__class
conj<conj< ...	3.0	0.416	free_topic	Reptile__class
conj<obl>case> in	3.0	0.498	free_topic	Reptile__class
conj<conj<nmod> ...	3.0	0.538	free_topic	Reptile__class
conj<nmod>case> of	3.0	0.738	free_topic	Reptile__class
nmod> young	3.0	0.69	free_topic	Reptile__class
conj<amod> large	3.0	0.7	free_topic	Reptile__class
conj<conj<conj> ...	3.0	0.385	free_topic	Reptile__class
nmod:poss> world	3.0	0.312	free_topic	Reptile__class
compound<conj> ...	3.0	0.323	free_topic	Reptile__class
conj<nmod<case> in	3.0	0.4	free_topic	Reptile__class
nsubj<conj<advmod> ...	3.0	0.821	free_topic	Reptile__class
nsubj<cc> ...	3.0	0.35	free_topic	Reptile__class
obl<xcomp<cop> ...	3.0	0.303	free_topic	Reptile__class
nsubj<acl:relcl<cop> be	3.0	0.223	free_topic	Reptile__class
nsubj<aux> may	3.0	0.716	free_topic	Reptile__class
nsubj<advcl>mark> while	3.0	0.648	free_topic	Reptile__class
compound<amod>compound> ...	3.0	0.772	free_topic	Reptile__class
nmod<nmod<nsubj:pass< ...	3.0	0.479	free_topic	Reptile__class
nmod> bird	3.0	0.886	free_topic	Reptile__class
compound<conj<case> of	3.0	0.647	free_topic	Reptile__class
appos<conj>cc> and	3.0	0.711	free_topic	Reptile__class
obl<advmod> not	3.0	0.361	free_topic	Reptile__class
obj<obl>case> for	3.0	0.481	free_topic	Reptile__class
conj<aux:pass> be	3.0	0.337	free_topic	Reptile__class
obl<xcomp>mark> ...	3.0	0.268	free_topic	Reptile__class
conj>aux> ...	3.0	0.532	free_topic	Reptile__class
nsubj<ccomp<nsubj> ...	3.0	0.355	free_topic	Reptile__class
obl<xcomp>mark> to	3.0	0.268	free_topic	Reptile__class
amod>conj>cc> and	3.0	0.49	free_topic	Reptile__class
compound> freshwater	3.0	0.48	free_topic	Reptile__class
conj<nmod<amod> Photographic	3.0	0.458	free_topic	Reptile__class
compound<nmod< list	3.0	0.261	free_topic	Reptile__class
appos<obl<aux:pass> be	3.0	0.331	free_topic	Reptile__class
compound<conj< bird	3.0	0.279	free_topic	Reptile__class
obl< feed	3.0	0.882	free_topic	Reptile__class
obl:npmod<amod<det> a	3.0	0.631	free_topic	Reptile__class
conj<acl>obl> ...	3.0	0.234	free_topic	Reptile__class
acl:relcl>advcl> ...	3.0	0.365	free_topic	Reptile__class
acl>obl>case> in	3.0	0.315	free_topic	Reptile__class
acl:relcl>advcl>mark> ...	3.0	0.597	free_topic	Reptile__class
nsubj<mark> while	3.0	0.526	free_topic	Reptile__class
conj>amod> amphibian	3.0	0.44	free_topic	Reptile__class
acl:relcl>advmod> ...	3.0	0.312	free_topic	Reptile__class
appos<nmod>case> of	3.0	0.448	free_topic	Reptile__class
compound<conj<case> in	3.0	0.599	free_topic	Reptile__class
advcl< ...	3.0	0.464	free_topic	Reptile__class
obl<obj>acl> ...	3.0	0.395	free_topic	Reptile__class
compound<conj<det> both	3.0	0.234	free_topic	Reptile__class
nsubj:pass<advcl<nsubj> ...	3.0	0.429	free_topic	Reptile__class
compound<nsubj:pass<aux:pass> be	3.0	0.275	free_topic	Reptile__class
obl<amod<det> ...	3.0	0.218	free_topic	Reptile__class
nmod<appos<amod> ...	3.0	0.327	free_topic	Reptile__class
conj>acl>obl> ...	3.0	0.345	free_topic	Reptile__class
conj<nmod<case> to	3.0	0.451	free_topic	Reptile__class
conj<nmod< guide	3.0	0.26	free_topic	Reptile__class
obl< similar	3.0	0.724	free_topic	Reptile__class
compound<obl<cop> be	3.0	0.385	free_topic	Reptile__class
compound<obj<obl> ...	3.0	0.202	free_topic	Reptile__class
nsubj<conj>aux:pass> be	3.0	0.63	free_topic	Reptile__class
nsubj<mark> as	3.0	0.407	free_topic	Reptile__class
nmod<obl< similar	3.0	0.524	free_topic	Reptile__class
acl:relcl>obl>case> as	3.0	0.755	free_topic	Reptile__class
nsubj:pass<obl>appos> ...	3.0	0.269	free_topic	Reptile__class
nsubj<acl:relcl<cop> ...	3.0	0.223	free_topic	Reptile__class
conj<appos<appos> ...	3.0	0.298	free_topic	Reptile__class
amod>obl:npmod> yellow	3.0	0.626	free_topic	Reptile__class
acl:relcl>obl>case> in	3.0	0.432	free_topic	Reptile__class
obj<acl<goeswith> br	3.0	0.455	free_topic	Reptile__class
nmod<conj<obj< ...	3.0	0.534	free_topic	Reptile__class
conj<appos<conj> ...	3.0	0.434	free_topic	Reptile__class
cc> but	3.0	1.013	free_topic	Reptile__class
nsubj<nmod>case> in	3.0	0.177	free_topic	Reptile__class
nmod<nsubj<appos> ...	3.0	0.186	free_topic	Reptile__class
nmod<nsubj<mark> that	3.0	0.219	free_topic	Reptile__class
nmod<det> some	3.0	0.585	free_topic	Reptile__class
nmod<conj<case> ...	3.0	0.324	free_topic	Reptile__class
nsubj<acl:relcl<nsubj> ...	3.0	0.458	free_topic	Reptile__class
compound<conj<cop> ...	2.0	0.407	free_topic	Reptile__class
conj<nmod>amod> largest	2.0	0.315	free_topic	Reptile__class
conj<appos<cc> ...	2.0	0.38	free_topic	Reptile__class
appos<appos< ...	2.0	0.728	free_topic	Reptile__class
obj<conj>obl> ...	2.0	0.444	free_topic	Reptile__class
conj<appos<conj< ...	2.0	0.285	free_topic	Reptile__class
obj<parataxis>obl> ...	2.0	0.243	free_topic	Reptile__class
conj<parataxis> dugon	2.0	0.389	free_topic	Reptile__class
appos<nmod<det> a	2.0	0.408	free_topic	Reptile__class
conj<parataxis>compound> Dugong	2.0	0.533	free_topic	Reptile__class
compound<obj<nsubj> ...	2.0	0.408	free_topic	Reptile__class
appos< Iguania	2.0	0.361	free_topic	Reptile__class
appos<nmod< reclassification	2.0	0.401	free_topic	Reptile__class
obl<aux> do	2.0	0.26	free_topic	Reptile__class
nmod<appos>compound> ...	2.0	0.416	free_topic	Reptile__class
conj<conj>nummod> marine	2.0	0.296	free_topic	Reptile__class
nmod<obj<xcomp< allow	2.0	0.541	free_topic	Reptile__class
nmod<obl<acl< ...	2.0	0.41	free_topic	Reptile__class
conj<nmod>det> the	2.0	0.149	free_topic	Reptile__class
conj<conj>parataxis> spot	2.0	0.269	free_topic	Reptile__class
conj<nmod>nummod> three	2.0	0.495	free_topic	Reptile__class
nmod<nsubj>appos> ...	2.0	0.479	free_topic	Reptile__class
conj<conj>appos> Stenella	2.0	0.737	free_topic	Reptile__class
conj<nmod>case> include	2.0	0.595	free_topic	Reptile__class
nsubj<obl>case> with	2.0	0.942	free_topic	Reptile__class
conj<nmod<cop> ...	2.0	0.472	free_topic	Reptile__class
compound<obl<acl:relcl< ...	2.0	0.565	free_topic	Reptile__class
nmod<nsubj>acl> ...	2.0	0.341	free_topic	Reptile__class
conj<nmod<nsubj> ...	2.0	0.3	free_topic	Reptile__class
obj<parataxis> ...	2.0	0.566	free_topic	Reptile__class
obl<xcomp>obj> ...	2.0	0.263	free_topic	Reptile__class
appos<nmod<cc> and	2.0	0.7	free_topic	Reptile__class
appos<conj>amod> northern	2.0	0.407	free_topic	Reptile__class
conj>nmod>conj> ...	2.0	0.412	free_topic	Reptile__class
cc:preconj> ...	2.0	0.479	free_topic	Reptile__class
obj<nmod>case> for	2.0	0.576	free_topic	Reptile__class
parataxis>compound>appos> ...	2.0	0.313	free_topic	Reptile__class
conj<det> all	2.0	0.622	free_topic	Reptile__class
nsubj<ccomp<nsubj> study	2.0	0.387	free_topic	Reptile__class
nsubj<nummod> two	2.0	0.276	free_topic	Reptile__class
obj<nmod> hibernation	2.0	0.323	free_topic	Reptile__class
nsubj:pass<obl>case> on	2.0	0.491	free_topic	Reptile__class
nsubj<nummod> ...	2.0	0.276	free_topic	Reptile__class
conj>nummod> ...	2.0	0.383	free_topic	Reptile__class
nsubj:pass<obl> hippo	2.0	0.45	free_topic	Reptile__class
nsubj<conj>acl> ...	2.0	0.349	free_topic	Reptile__class
conj>appos>appos> ...	2.0	0.276	free_topic	Reptile__class
nmod<nsubj:pass<conj> ...	2.0	0.519	free_topic	Reptile__class
nmod<nsubj:pass<xcomp> ...	2.0	0.496	free_topic	Reptile__class
parataxis> species	2.0	0.26	free_topic	Reptile__class
appos<appos> quail	2.0	0.474	free_topic	Reptile__class
nmod<nsubj<case> ...	2.0	0.325	free_topic	Reptile__class
nmod<acl>xcomp> ...	2.0	0.26	free_topic	Reptile__class
nmod<acl> ...	2.0	0.524	free_topic	Reptile__class
conj<nmod>amod> many	2.0	0.292	free_topic	Reptile__class
appos>nmod>case> of	2.0	0.531	free_topic	Reptile__class
appos>nmod> discoveries	2.0	0.49	free_topic	Reptile__class
appos>appos> century	2.0	0.71	free_topic	Reptile__class
compound<conj<case> such	2.0	0.603	free_topic	Reptile__class
appos<nmod<conj< evidence	2.0	0.423	free_topic	Reptile__class
compound<nsubj<cop> ...	2.0	0.393	free_topic	Reptile__class
appos<nmod<det> ...	2.0	0.408	free_topic	Reptile__class
conj<parataxis> frog	2.0	0.474	free_topic	Reptile__class
appos<nmod<cc> ...	2.0	0.7	free_topic	Reptile__class
compound<nmod<case> for	2.0	0.367	free_topic	Reptile__class
appos<nmod<conj< ...	2.0	0.372	free_topic	Reptile__class
obl<parataxis<advmod> ...	2.0	0.4	free_topic	Reptile__class
compound<nsubj<aux> ...	2.0	0.242	free_topic	Reptile__class
appos<obj>amod> ...	2.0	0.253	free_topic	Reptile__class
appos<nsubj>amod> ...	2.0	0.321	free_topic	Reptile__class
conj<advmod>cop> be	2.0	0.303	free_topic	Reptile__class
conj<advmod> occasionally	2.0	0.494	free_topic	Reptile__class
nmod<obj<appos> ...	2.0	0.236	free_topic	Reptile__class
conj<advmod>csubj> Supplement	2.0	0.323	free_topic	Reptile__class
compound<nmod>case> of	2.0	0.417	free_topic	Reptile__class
nsubj:pass< suggest	2.0	0.392	free_topic	Reptile__class
compound<nmod<case> of	2.0	0.386	free_topic	Reptile__class
obl<nsubj>nummod> ...	2.0	0.503	free_topic	Reptile__class
nmod>appos>det> ...	2.0	0.212	free_topic	Reptile__class
nsubj<appos>nmod> wingspan	2.0	0.629	free_topic	Reptile__class
conj>acl:relcl>nsubj> that	2.0	0.47	free_topic	Reptile__class
nsubj<advcl>nsubj> mammal	2.0	0.317	free_topic	Reptile__class
nsubj<nmod>det> a	2.0	0.379	free_topic	Reptile__class
nsubj<nmod>case> with	2.0	0.235	free_topic	Reptile__class
nsubj<advcl> nest	2.0	0.457	free_topic	Reptile__class
nmod<nmod<conj> ...	2.0	0.318	free_topic	Reptile__class
nmod>nmod>case> such	2.0	0.613	free_topic	Reptile__class
obl<parataxis<cop> be	2.0	0.334	free_topic	Reptile__class
compound< egg	2.0	0.503	free_topic	Reptile__class
conj<appos> myda	2.0	0.473	free_topic	Reptile__class
parataxis<obl>case> in	2.0	0.473	free_topic	Reptile__class
obl<amod> ...	2.0	0.22	free_topic	Reptile__class
compound>amod> common	2.0	0.684	free_topic	Reptile__class
compound<nsubj<cop> be	2.0	0.393	free_topic	Reptile__class
conj<appos>compound> Chelonia	2.0	0.324	free_topic	Reptile__class
conj<appos> caretta	2.0	0.44	free_topic	Reptile__class
conj<appos>compound> Caretta	2.0	0.303	free_topic	Reptile__class
conj<appos> loggerhead	2.0	0.689	free_topic	Reptile__class
nmod<nmod<nsubj< be	2.0	0.47	free_topic	Reptile__class
conj<conj<conj> bird	2.0	0.507	free_topic	Reptile__class
conj<appos>appos> coriacea	2.0	0.348	free_topic	Reptile__class
compound<obl<acl< ...	2.0	0.28	free_topic	Reptile__class
nmod<aux> can	2.0	0.313	free_topic	Reptile__class
conj<appos> leatherback	2.0	0.528	free_topic	Reptile__class
obl< prey	2.0	0.877	free_topic	Reptile__class
advcl>obj> ...	2.0	0.439	free_topic	Reptile__class
conj<obj<nsubj> it	2.0	0.355	free_topic	Reptile__class
appos<nsubj>amod> common	2.0	0.289	free_topic	Reptile__class
advcl>nsubj> ...	2.0	0.421	free_topic	Reptile__class
advcl>mark> ...	2.0	0.437	free_topic	Reptile__class
amod>cop> ...	2.0	0.362	free_topic	Reptile__class
amod>nsubj> ...	2.0	0.18	free_topic	Reptile__class
acl:relcl>cop> ...	2.0	0.329	free_topic	Reptile__class
flat<nmod>compound> ...	2.0	0.453	free_topic	Reptile__class
compound<det> some	2.0	0.739	free_topic	Reptile__class
flat<appos> ...	2.0	0.279	free_topic	Reptile__class
conj<nsubj:pass<advmod> regularly	2.0	0.392	free_topic	Reptile__class
nsubj<acl<nsubj< ...	2.0	0.483	free_topic	Reptile__class
nsubj<acl<amod> ...	2.0	0.335	free_topic	Reptile__class
obl<nsubj:pass> determination	2.0	0.609	free_topic	Reptile__class
compound<nmod<nummod> ...	2.0	0.265	free_topic	Reptile__class
nsubj<obl>amod> huge	2.0	0.491	free_topic	Reptile__class
conj>nmod>det> the	2.0	0.35	free_topic	Reptile__class
conj<obj<nsubj> that	2.0	0.349	free_topic	Reptile__class
conj<acl:relcl>nsubj> ...	2.0	0.509	free_topic	Reptile__class
appos<obl<obj> ...	2.0	0.384	free_topic	Reptile__class
appos<obl<cc> ...	2.0	0.589	free_topic	Reptile__class
appos<compound>compound> class	2.0	0.557	free_topic	Reptile__class
appos<obl<conj< ...	2.0	0.424	free_topic	Reptile__class
obj<xcomp<advmod> ...	2.0	0.418	free_topic	Reptile__class
nummod>compound> ...	2.0	0.252	free_topic	Reptile__class
obj<xcomp<obj> ...	2.0	0.612	free_topic	Reptile__class
nmod> size	2.0	0.637	free_topic	Reptile__class
obl<nsubj:pass>det> the	2.0	0.627	free_topic	Reptile__class
compound> land	2.0	0.602	free_topic	Reptile__class
conj<conj>det> some	2.0	0.549	free_topic	Reptile__class
obl<advcl>conj> ...	2.0	0.544	free_topic	Reptile__class
obl<advcl>compound:prt> ...	2.0	0.322	free_topic	Reptile__class
conj<nsubj:pass<obl> shark	2.0	0.304	free_topic	Reptile__class
conj<nmod<cc> ...	2.0	0.324	free_topic	Reptile__class
obl<nsubj:pass>compound> sex	2.0	0.631	free_topic	Reptile__class
nsubj<acl< ...	2.0	0.559	free_topic	Reptile__class
conj<conj<det> the	2.0	0.141	free_topic	Reptile__class
compound<appos>compound> ...	2.0	0.318	free_topic	Reptile__class
compound< nest	2.0	0.488	free_topic	Reptile__class
conj>amod> iconic	2.0	0.273	free_topic	Reptile__class
conj<aux> have	2.0	0.25	free_topic	Reptile__class
conj>acl> live	2.0	0.569	free_topic	Reptile__class
conj>acl>obl> Islands	2.0	0.36	free_topic	Reptile__class
amod>advmod> occasionally	2.0	0.565	free_topic	Reptile__class
amod>cc> and	2.0	0.565	free_topic	Reptile__class
nmod<nmod<obl< have	2.0	0.452	free_topic	Reptile__class
nmod<nmod<case> on	2.0	0.546	free_topic	Reptile__class
nmod<appos<nmod> ...	2.0	0.395	free_topic	Reptile__class
nmod<nmod< par	2.0	0.342	free_topic	Reptile__class
obl<amod<obl< ...	2.0	0.403	free_topic	Reptile__class
obl<amod<case> ...	2.0	0.468	free_topic	Reptile__class
obj<conj>cc> and	2.0	0.317	free_topic	Reptile__class
conj>acl:relcl>nsubj> ...	2.0	0.47	free_topic	Reptile__class
conj>acl:relcl> ...	2.0	0.496	free_topic	Reptile__class
conj<appos<case> ...	2.0	0.482	free_topic	Reptile__class
obj<aux> be	2.0	0.371	free_topic	Reptile__class
conj<obj<aux> be	2.0	0.545	free_topic	Reptile__class
nsubj<obj>nummod> ...	2.0	0.404	free_topic	Reptile__class
conj<obj< threaten	2.0	0.454	free_topic	Reptile__class
acl> live	2.0	0.457	free_topic	Reptile__class
nsubj<acl:relcl<amod> ...	2.0	0.309	free_topic	Reptile__class
acl>obl>case> on	2.0	0.296	free_topic	Reptile__class
acl>obl>compound> Galapagos	2.0	0.148	free_topic	Reptile__class
acl>obl> Islands	2.0	0.228	free_topic	Reptile__class
obj<nsubj>det> a	2.0	0.452	free_topic	Reptile__class
obj<nsubj>amod> tiny	2.0	0.45	free_topic	Reptile__class
parataxis<aux:pass> be	2.0	0.468	free_topic	Reptile__class
obj<advcl<nsubj> they	2.0	0.183	free_topic	Reptile__class
obj<nsubj> mosquito	2.0	0.269	free_topic	Reptile__class
obl<amod<acl> ...	2.0	0.451	free_topic	Reptile__class
obj<conj>cc> or	2.0	0.402	free_topic	Reptile__class
nmod<obj< include	2.0	0.49	free_topic	Reptile__class
acl:relcl>obj>det> ...	2.0	0.372	free_topic	Reptile__class
nsubj<conj> eat	2.0	0.245	free_topic	Reptile__class
compound<obl< find	2.0	0.631	free_topic	Reptile__class
nsubj<acl:relcl>nsubj> ...	2.0	0.139	free_topic	Reptile__class
conj<nmod< feed	2.0	0.291	free_topic	Reptile__class
nsubj<acl:relcl> ...	2.0	0.56	free_topic	Reptile__class
obl:npmod<amod<compound> ...	2.0	0.745	free_topic	Reptile__class
obl:npmod<amod<advmod> ...	2.0	0.146	free_topic	Reptile__class
compound<det> all	2.0	0.699	free_topic	Reptile__class
conj<conj>parataxis> ...	2.0	0.269	free_topic	Reptile__class
nmod<nmod>det> a	2.0	0.574	free_topic	Reptile__class
nmod<appos>det> the	2.0	0.524	free_topic	Reptile__class
obl<conj>conj> ...	2.0	0.427	free_topic	Reptile__class
nsubj:pass<ccomp>obl> ...	2.0	0.305	free_topic	Reptile__class
compound<obl<conj> ...	2.0	0.364	free_topic	Reptile__class
nmod<obl<aux> have	2.0	0.591	free_topic	Reptile__class
acl:relcl>advcl>nsubj> ...	2.0	0.51	free_topic	Reptile__class
obl<advmod> only	2.0	0.338	free_topic	Reptile__class
nmod> Australia	2.0	0.738	free_topic	Reptile__class
nmod>compound> East	2.0	0.326	free_topic	Reptile__class
compound>list>nummod> ...	2.0	0.294	free_topic	Reptile__class
nsubj:pass< think	2.0	0.326	free_topic	Reptile__class
list>nummod> ...	2.0	0.458	free_topic	Reptile__class
obl<conj>nsubj> they	2.0	0.536	free_topic	Reptile__class
conj<obj<nsubj> mosquito	2.0	0.245	free_topic	Reptile__class
conj<appos<obl< ...	2.0	0.419	free_topic	Reptile__class
obl<xcomp<mark> ...	2.0	0.346	free_topic	Reptile__class
conj<conj<amod> ...	2.0	0.173	free_topic	Reptile__class
appos<aux:pass> be	2.0	0.474	free_topic	Reptile__class
nmod<appos<amod> adverse	2.0	0.268	free_topic	Reptile__class
nmod<appos< temperature	2.0	0.351	free_topic	Reptile__class
nmod>conj> disease	2.0	0.614	free_topic	Reptile__class
appos<compound>appos> ...	2.0	0.342	free_topic	Reptile__class
conj<obl<mark> ...	2.0	0.379	free_topic	Reptile__class
list<conj>cc> and	2.0	0.502	free_topic	Reptile__class
conj<obj<acl:relcl< ...	2.0	0.302	free_topic	Reptile__class
nsubj<advmod> closely	2.0	0.886	free_topic	Reptile__class
nsubj<acl:relcl< possibility	2.0	0.521	free_topic	Reptile__class
obl<xcomp> have	2.0	0.615	free_topic	Reptile__class
compound>amod> iconic	2.0	0.629	free_topic	Reptile__class
conj<conj<det> ...	2.0	0.148	free_topic	Reptile__class
nmod<appos<obj< include	2.0	0.288	free_topic	Reptile__class
conj<obl>det> the	2.0	0.361	free_topic	Reptile__class
nsubj:pass<appos>compound> ...	2.0	0.428	free_topic	Reptile__class
obj<advcl> ...	2.0	0.432	free_topic	Reptile__class
compound<conj<cop> be	2.0	0.407	free_topic	Reptile__class
nsubj<aux> be	2.0	0.703	free_topic	Reptile__class
nsubj:pass<conj>cc> and	2.0	0.327	free_topic	Reptile__class
nmod<nmod>amod> ...	2.0	0.452	free_topic	Reptile__class
obl<cc> but	2.0	0.407	free_topic	Reptile__class
compound<obl<nsubj:pass> specimen	2.0	0.308	free_topic	Reptile__class
compound<det> Gopher	2.0	0.667	free_topic	Reptile__class
obj<aux> may	2.0	0.312	free_topic	Reptile__class
nsubj<acl:relcl<obl< ...	2.0	0.464	free_topic	Reptile__class
nsubj<acl:relcl<case> ...	2.0	0.265	free_topic	Reptile__class
conj<amod> american	2.0	0.831	free_topic	Reptile__class
obj<conj>amod> ...	2.0	0.253	free_topic	Reptile__class
nmod<obl<acl:relcl< ...	2.0	0.221	free_topic	Reptile__class
nsubj<conj>det> ...	2.0	0.201	free_topic	Reptile__class
conj<conj>cc> as	2.0	0.58	free_topic	Reptile__class
conj<amod>advmod> alongside	2.0	0.552	free_topic	Reptile__class
conj>compound> sea	2.0	0.44	free_topic	Reptile__class
conj<appos<obj> forest	2.0	0.307	free_topic	Reptile__class
nmod<nmod:poss>det> the	2.0	0.588	free_topic	Reptile__class
conj<appos< mangrove	2.0	0.392	free_topic	Reptile__class
conj<nsubj<conj> ...	2.0	0.46	free_topic	Reptile__class
conj<appos<cc> and	2.0	0.466	free_topic	Reptile__class
conj<appos<conj< live	2.0	0.278	free_topic	Reptile__class
nmod<nmod:poss>case> 's	2.0	0.364	free_topic	Reptile__class
nmod<amod> close	2.0	0.636	free_topic	Reptile__class
nsubj<advmod>obl:npmod> ...	2.0	0.565	free_topic	Reptile__class
conj>cop> be	2.0	0.181	free_topic	Reptile__class
nmod:poss<obj< show	2.0	0.31	free_topic	Reptile__class
conj<conj>det> all	2.0	0.501	free_topic	Reptile__class
compound<obl<parataxis> ...	2.0	0.571	free_topic	Reptile__class
mark> as	2.0	0.399	free_topic	Reptile__class
obl<nsubj>conj> ...	2.0	0.336	free_topic	Reptile__class
obj<nsubj>list> ...	2.0	0.456	free_topic	Reptile__class
nmod<obl<advmod> also	2.0	0.353	free_topic	Reptile__class
conj<nsubj<advmod> more	2.0	0.334	free_topic	Reptile__class
obl:npmod<amod<obl< ...	2.0	0.667	free_topic	Reptile__class
obl:npmod<amod<case> ...	2.0	0.267	free_topic	Reptile__class
nmod<nsubj:pass< record	2.0	0.427	free_topic	Reptile__class
conj<conj>compound> Nile	2.0	0.297	free_topic	Reptile__class
obl:npmod<amod<nmod> ...	2.0	0.386	free_topic	Reptile__class
obl<xcomp<advcl< ...	2.0	0.426	free_topic	Reptile__class
nmod>case> with	2.0	1.065	free_topic	Reptile__class
obl<obl>nmod:poss> ...	2.0	0.321	free_topic	Reptile__class
conj<nsubj:pass< adapt	2.0	0.284	free_topic	Reptile__class
nmod<nsubj<obl> such	2.0	0.382	free_topic	Reptile__class
amod>obl:npmod> turtle	2.0	0.316	free_topic	Reptile__class
nsubj>compound> ...	2.0	0.589	free_topic	Reptile__class
compound< population	2.0	0.696	free_topic	Reptile__class
appos<obl<nsubj:pass> ...	2.0	0.43	free_topic	Reptile__class
appos<obl<mark> ...	2.0	0.572	free_topic	Reptile__class
nmod<conj<conj> snail	2.0	1.061	free_topic	Reptile__class
nmod<conj<conj> fish	2.0	1.15	free_topic	Reptile__class
appos<appos>flat> ...	2.0	0.628	free_topic	Reptile__class
obl<xcomp< safe	2.0	0.632	free_topic	Reptile__class
compound<obj<mark> to	2.0	0.437	free_topic	Reptile__class
obl<xcomp<advmod> ever	2.0	0.869	free_topic	Reptile__class
conj<nsubj:pass<nsubj> reptiles	2.0	0.602	free_topic	Reptile__class
conj<nsubj:pass<obl> way	2.0	0.305	free_topic	Reptile__class
obl<acl<nmod> ...	2.0	0.34	free_topic	Reptile__class
conj<obl<ccomp> ...	2.0	0.318	free_topic	Reptile__class
xcomp< ...	2.0	0.171	free_topic	Reptile__class
nmod<obl<obj> ...	2.0	0.43	free_topic	Reptile__class
obl<advcl>aux:pass> ...	2.0	0.397	free_topic	Reptile__class
nmod<obj< resemble	2.0	0.703	free_topic	Reptile__class
nsubj<aux> might	2.0	0.721	free_topic	Reptile__class
conj<xcomp<aux:pass> be	2.0	0.356	free_topic	Reptile__class
conj<nmod>amod> small	2.0	0.289	free_topic	Reptile__class
obl<advcl>nsubj:pass> ...	2.0	0.346	free_topic	Reptile__class
conj<nmod> mammal	2.0	0.5	free_topic	Reptile__class
compound<amod> Pantanal	2.0	0.316	free_topic	Reptile__class
obl<ccomp>obl> ...	2.0	0.294	free_topic	Reptile__class
conj<compound>compound> ...	2.0	0.419	free_topic	Reptile__class
nmod< animal	2.0	0.511	free_topic	Reptile__class
obl<xcomp<expl> it	2.0	0.474	free_topic	Reptile__class
obl<xcomp<aux> can	2.0	0.194	free_topic	Reptile__class
appos<appos>det> ...	2.0	0.398	free_topic	Reptile__class
obl<obl>nummod> ...	2.0	0.294	free_topic	Reptile__class
obl<obj>det> a	2.0	0.255	free_topic	Reptile__class
obl<nsubj>det> a	2.0	0.418	free_topic	Reptile__class
nsubj<conj>aux> can	2.0	0.461	free_topic	Reptile__class
obl<parataxis>nsubj> ...	2.0	0.129	free_topic	Reptile__class
nsubj<parataxis>flat> ...	2.0	0.636	free_topic	Reptile__class
nmod>amod> late	2.0	0.671	free_topic	Reptile__class
nsubj<xcomp>advmod> ...	2.0	0.618	free_topic	Reptile__class
nsubj>amod> Crocodylus	2.0	0.493	free_topic	Reptile__class
nsubj<advmod> also	2.0	0.977	free_topic	Reptile__class
nmod<amod> large	2.0	0.588	free_topic	Reptile__class
nmod<advcl<advmod> first	2.0	0.401	free_topic	Reptile__class
obl<acl:relcl<obl< ...	2.0	0.29	free_topic	Reptile__class
compound<conj<det> the	2.0	0.323	free_topic	Reptile__class
obl<acl:relcl<nmod> ...	2.0	0.2	free_topic	Reptile__class
obl<conj<aux:pass> be	2.0	0.293	free_topic	Reptile__class
nmod<nsubj>nmod> ...	2.0	0.22	free_topic	Reptile__class
amod>conj> omnivorous	2.0	0.229	free_topic	Reptile__class
advmod> rely	2.0	0.454	free_topic	Reptile__class
obl<conj>aux> ...	2.0	0.441	free_topic	Reptile__class
obl<conj>aux:pass> ...	2.0	0.522	free_topic	Reptile__class
obl<conj> find	2.0	0.362	free_topic	Reptile__class
nsubj<obj> species	2.0	0.238	free_topic	Reptile__class
nsubj<obj>amod> broad	2.0	0.317	free_topic	Reptile__class
nmod<obj<aux:pass> be	2.0	0.196	free_topic	Reptile__class
nmod<obj< consider	2.0	0.521	free_topic	Reptile__class
nmod<conj>nmod> Britain	2.0	0.696	free_topic	Reptile__class
nmod<conj> Amphibians	2.0	0.194	free_topic	Reptile__class
compound> saltwater	2.0	0.446	free_topic	Reptile__class
nsubj<obl>case> due	2.0	0.777	free_topic	Reptile__class
nsubj<obl>case> from	2.0	0.987	free_topic	Reptile__class
nmod>det> a	2.0	0.507	free_topic	Reptile__class
nsubj:pass<obl> captivity	2.0	0.735	free_topic	Reptile__class
obl<advcl>cop> ...	2.0	0.669	free_topic	Reptile__class
nsubj< live	2.0	0.798	free_topic	Reptile__class
nsubj:pass<xcomp> have	2.0	0.339	free_topic	Reptile__class
nsubj<advcl>det> ...	2.0	0.511	free_topic	Reptile__class
conj>obl>case> ...	2.0	0.307	free_topic	Reptile__class
conj>obl> ...	2.0	0.258	free_topic	Reptile__class
obl<nsubj>list> greens	2.0	0.299	free_topic	Reptile__class
obl<advcl>aux:pass> be	2.0	0.397	free_topic	Reptile__class
conj<nmod<amod> last	2.0	0.556	free_topic	Reptile__class
conj<advcl>mark> ...	2.0	0.432	free_topic	Reptile__class
advmod>obl>case> from	2.0	0.569	free_topic	Reptile__class
nsubj:pass< consider	2.0	0.363	free_topic	Reptile__class
appos<nsubj<obj> ...	2.0	0.275	free_topic	Reptile__class
cc:preconj> both	2.0	0.525	free_topic	Reptile__class
compound>amod> eastern	2.0	0.465	free_topic	Reptile__class
nsubj:pass< sigh	2.0	0.27	free_topic	Reptile__class
nsubj:pass<obl> turn	2.0	0.721	free_topic	Reptile__class
compound<conj<conj> species	2.0	0.292	free_topic	Reptile__class
compound<nmod<appos> ...	2.0	0.444	free_topic	Reptile__class
nmod<obj<nsubj> lizard	2.0	0.442	free_topic	Reptile__class
obj<xcomp>mark> ...	2.0	0.356	free_topic	Reptile__class
obj<xcomp> ...	2.0	0.328	free_topic	Reptile__class
nsubj:pass<obl> river	2.0	0.597	free_topic	Reptile__class
nsubj:pass<conj>cc> but	2.0	0.285	free_topic	Reptile__class
nsubj<advmod>obl:npmod> year	2.0	0.565	free_topic	Reptile__class
nsubj:pass<obl>case> during	2.0	0.583	free_topic	Reptile__class
nsubj<conj>det> the	2.0	0.289	free_topic	Reptile__class
det> no	2.0	0.748	free_topic	Reptile__class
obl<nsubj:pass> it	2.0	0.573	free_topic	Reptile__class
obj<conj>xcomp> leap	2.0	0.369	free_topic	Reptile__class
obj<conj> able	2.0	0.593	free_topic	Reptile__class
obj<cc> ...	2.0	0.626	free_topic	Reptile__class
ccomp<obl>case> ...	2.0	0.37	free_topic	Reptile__class
ccomp<obl> ...	2.0	0.201	free_topic	Reptile__class
ccomp< ...	2.0	0.147	free_topic	Reptile__class
nsubj<conj>cc> but	2.0	0.756	free_topic	Reptile__class
acl:relcl>obj>nmod:poss> ...	2.0	0.403	free_topic	Reptile__class
nmod<conj<case> to	2.0	0.434	free_topic	Reptile__class
conj<nmod< reptiles	2.0	0.326	free_topic	Reptile__class
conj<nmod<obj< take	2.0	0.221	free_topic	Reptile__class
appos<obl>det> ...	2.0	0.437	free_topic	Reptile__class
appos<obl>nmod> ...	2.0	0.318	free_topic	Reptile__class
obj<conj<obl> ...	2.0	0.169	free_topic	Reptile__class
obj<conj< ...	2.0	0.475	free_topic	Reptile__class
conj>amod> large	2.0	0.35	free_topic	Reptile__class
obj<nsubj> James	2.0	0.205	free_topic	Reptile__class
obj<nsubj>flat> Brickell	2.0	0.289	free_topic	Reptile__class
nmod<nmod<nsubj:pass< find	2.0	0.56	free_topic	Reptile__class
nmod<acl:relcl>advmod> ago	2.0	0.785	free_topic	Reptile__class
nmod<acl:relcl> live	2.0	0.428	free_topic	Reptile__class
obl<conj<cop> be	2.0	0.359	free_topic	Reptile__class
nmod<nmod< Fossil	2.0	0.341	free_topic	Reptile__class
obj<acl<compound> ...	2.0	0.277	free_topic	Reptile__class
obj<obj> ...	2.0	0.362	free_topic	Reptile__class
obj<conj<acl:relcl< ...	2.0	0.688	free_topic	Reptile__class
obl<aux> may	2.0	0.363	free_topic	Reptile__class
obj<conj<nsubj> ...	2.0	0.373	free_topic	Reptile__class
conj<nmod<case> as	2.0	0.506	free_topic	Reptile__class
conj<conj>appos> orthopteran	2.0	0.472	free_topic	Reptile__class
conj<nmod<amod> common	2.0	0.463	free_topic	Reptile__class
obj<acl<amod> good	2.0	0.312	free_topic	Reptile__class
obj<acl<compound> beginner	2.0	0.274	free_topic	Reptile__class
obj<acl< species	2.0	0.303	free_topic	Reptile__class
nsubj<appos>det> ...	2.0	0.664	free_topic	Reptile__class
nsubj<appos> ...	2.0	0.41	free_topic	Reptile__class
nsubj<appos>nmod> ...	2.0	0.478	free_topic	Reptile__class
appos<parataxis>compound> ...	2.0	0.323	free_topic	Reptile__class
conj<advmod>csubj> ...	2.0	0.323	free_topic	Reptile__class
obj<mark> for	2.0	0.528	free_topic	Reptile__class
conj<advmod>cop> ...	2.0	0.303	free_topic	Reptile__class
acl>obj>amod> ...	2.0	0.247	free_topic	Reptile__class
obj<advmod> particularly	2.0	0.684	free_topic	Reptile__class
nsubj<advcl>advmod> ...	2.0	0.553	free_topic	Reptile__class
appos<parataxis>flat> ...	2.0	0.411	free_topic	Reptile__class
nsubj:pass<conj>aux:pass> be	2.0	0.396	free_topic	Reptile__class
obl<obj> scale	2.0	0.401	free_topic	Reptile__class
obl<parataxis<cop> ...	2.0	0.334	free_topic	Reptile__class
det> that	2.0	0.702	free_topic	Reptile__class
obl<advmod<nsubj> ...	2.0	0.435	free_topic	Reptile__class
nsubj<ccomp<nsubj:pass> it	2.0	0.287	free_topic	Reptile__class
obl<advmod< ...	2.0	0.455	free_topic	Reptile__class
obl<parataxis<nsubj> ...	2.0	0.421	free_topic	Reptile__class
obj<acl<obl< see	2.0	0.528	free_topic	Reptile__class
obj<acl<case> as	2.0	0.568	free_topic	Reptile__class
obl<parataxis>advmod> ...	2.0	0.245	free_topic	Reptile__class
obl<conj>xcomp> ...	2.0	0.289	free_topic	Reptile__class
conj<nmod<nsubj> they	2.0	0.302	free_topic	Reptile__class
nmod<obl<conj> ...	2.0	0.549	free_topic	Reptile__class
appos<obl>compound> ...	2.0	0.309	free_topic	Reptile__class
amod>obl:npmod> mammal	2.0	0.188	free_topic	Reptile__class
nsubj<obj< ...	2.0	0.264	free_topic	Reptile__class
obl<obl>case> instead	2.0	0.5	free_topic	Reptile__class
obj<obj> snake	2.0	0.42	free_topic	Reptile__class
compound<amod> thistle	2.0	0.304	free_topic	Reptile__class
compound<amod> american	2.0	0.461	free_topic	Reptile__class
compound<nmod<advmod> ...	2.0	0.301	free_topic	Reptile__class
conj<conj>amod> other	2.0	0.369	free_topic	Reptile__class
nsubj:pass<advcl<obj> ...	2.0	0.339	free_topic	Reptile__class
nsubj:pass<advcl<obl> ...	2.0	0.322	free_topic	Reptile__class
advmod>advmod> ...	2.0	0.404	free_topic	Reptile__class
obj<acl:relcl<obj< ...	2.0	0.523	free_topic	Reptile__class
conj<obj< hunt	2.0	0.44	free_topic	Reptile__class
obj<obl>det> the	2.0	0.57	free_topic	Reptile__class
conj<conj>advmod> even	2.0	0.697	free_topic	Reptile__class
nmod>advmod> ...	2.0	0.532	free_topic	Reptile__class
nmod>nmod>compound> ...	2.0	0.337	free_topic	Reptile__class
appos>appos>amod> ...	2.0	0.396	free_topic	Reptile__class
appos>nmod> ...	2.0	0.416	free_topic	Reptile__class
appos>nmod>case> ...	2.0	0.604	free_topic	Reptile__class
nmod<nsubj< spend	2.0	0.484	free_topic	Reptile__class
nsubj<ccomp>det> ...	2.0	0.525	free_topic	Reptile__class
obj< breed	2.0	0.469	free_topic	Reptile__class
obj<cc> and	2.0	0.595	free_topic	Reptile__class
obj<conj<obl> with	2.0	0.29	free_topic	Reptile__class
nsubj<parataxis>aux> ...	2.0	0.205	free_topic	Reptile__class
obj<conj< work	2.0	0.459	free_topic	Reptile__class
obj<conj<nsubj> who	2.0	0.378	free_topic	Reptile__class
obl<obl>nmod:poss> they	2.0	0.321	free_topic	Reptile__class
nsubj<ccomp>obj> ...	2.0	0.238	free_topic	Reptile__class
conj<obl<ccomp< ...	2.0	0.482	free_topic	Reptile__class
nmod<nsubj:pass<appos> ...	2.0	0.121	free_topic	Reptile__class
amod>cop> be	2.0	0.362	free_topic	Reptile__class
nsubj<obj>amod> long	2.0	0.308	free_topic	Reptile__class
nsubj:pass<xcomp>obl> ...	2.0	0.294	free_topic	Reptile__class
nsubj<obj> distance	2.0	0.263	free_topic	Reptile__class
compound>conj> ...	2.0	0.274	free_topic	Reptile__class
acl:relcl>cop> be	2.0	0.329	free_topic	Reptile__class
conj<acl> nesting	2.0	0.269	free_topic	Reptile__class
advcl>mark> as	2.0	0.525	free_topic	Reptile__class
conj<acl>obj> site	2.0	0.413	free_topic	Reptile__class
obl<obl>case> during	2.0	0.571	free_topic	Reptile__class
nmod>nmod>nummod> ...	2.0	0.312	free_topic	Reptile__class
nmod>conj>nmod> ...	2.0	0.38	free_topic	Reptile__class
conj<nummod> ...	2.0	0.369	free_topic	Reptile__class
nmod>conj>amod> ...	2.0	0.297	free_topic	Reptile__class
amod>advmod> more	2.0	0.746	free_topic	Reptile__class
conj<amod> modern	2.0	0.7	free_topic	Reptile__class
obj<advcl<xcomp> ...	2.0	0.505	free_topic	Reptile__class
obl<nsubj>compound> sea	2.0	0.453	free_topic	Reptile__class
nmod:poss<nmod>case> ...	2.0	0.399	free_topic	Reptile__class
conj<compound<det> ...	2.0	0.371	free_topic	Reptile__class
nmod:poss<nmod> ...	2.0	0.259	free_topic	Reptile__class
nmod<nmod:poss>det> ...	2.0	0.588	free_topic	Reptile__class
nmod<nmod:poss>case> ...	2.0	0.364	free_topic	Reptile__class
obl<obj>amod> long	2.0	0.383	free_topic	Reptile__class
obl<obj> distance	2.0	0.318	free_topic	Reptile__class
obl<acl:relcl<det> a	2.0	0.586	free_topic	Reptile__class
obl<advcl<aux:pass> ...	2.0	0.32	free_topic	Reptile__class
obj<xcomp>advmod> ...	2.0	0.265	free_topic	Reptile__class
obl<advcl<nsubj:pass> ...	2.0	0.402	free_topic	Reptile__class
nmod<conj<det> the	2.0	0.556	free_topic	Reptile__class
nsubj< feed	2.0	0.814	free_topic	Reptile__class
appos< chameleon	2.0	0.66	free_topic	Reptile__class
compound<obj<mark> ...	2.0	0.5	free_topic	Reptile__class
nsubj<compound:prt> ...	2.0	0.483	free_topic	Reptile__class
nmod>acl> ...	2.0	0.494	free_topic	Reptile__class
acl>obj>nmod> ...	2.0	0.429	free_topic	Reptile__class
nmod>compound>conj> ...	2.0	0.47	free_topic	Reptile__class
appos<amod> dwarf	2.0	0.403	free_topic	Reptile__class
conj<nmod<obl< similar	2.0	0.582	free_topic	Reptile__class
nmod<conj>compound> ...	2.0	0.605	free_topic	Reptile__class
nsubj:pass<advmod> now	2.0	0.718	free_topic	Reptile__class
conj<nsubj>amod> ...	2.0	0.233	free_topic	Reptile__class
conj<parataxis>conj> ...	2.0	0.33	free_topic	Reptile__class
obj<advcl<mark> ...	2.0	0.349	free_topic	Reptile__class
nmod<nummod>advmod> ...	2.0	0.604	free_topic	Reptile__class
conj<xcomp< ...	2.0	0.599	free_topic	Reptile__class
conj<xcomp<aux:pass> ...	2.0	0.356	free_topic	Reptile__class
conj<xcomp<nsubj:pass> ...	2.0	0.675	free_topic	Reptile__class
nmod<parataxis> ...	2.0	0.278	free_topic	Reptile__class
nmod<nmod<conj< ...	2.0	0.483	free_topic	Reptile__class
conj<parataxis>amod> ...	2.0	0.565	free_topic	Reptile__class
obl<conj<advmod> ...	2.0	0.435	free_topic	Reptile__class
obl<conj<cop> ...	2.0	0.359	free_topic	Reptile__class
nsubj<conj<nsubj> ...	2.0	0.467	free_topic	Reptile__class
conj<obl< field	2.0	0.322	free_topic	Reptile__class
conj<obl<obj> guide	2.0	0.483	free_topic	Reptile__class
nmod>compound> southern	2.0	0.337	free_topic	Reptile__class
appos<amod> southern	2.0	0.363	free_topic	Reptile__class
appos<amod> african	2.0	0.469	free_topic	Reptile__class
obl<nsubj> that	2.0	0.898	free_topic	Reptile__class
nmod<advcl<obj> ...	2.0	0.573	free_topic	Reptile__class
nmod<mark> ...	2.0	0.256	free_topic	Reptile__class
nsubj<obj> egg	2.0	0.37	free_topic	Reptile__class
appos>compound>nummod> ...	2.0	0.389	free_topic	Reptile__class
conj<nmod>case> from	2.0	0.693	free_topic	Reptile__class
appos>appos>nummod> ...	2.0	0.503	free_topic	Reptile__class
nsubj<advcl>cop> be	2.0	0.215	free_topic	Reptile__class
nmod<nsubj<advmod> relatively	2.0	0.26	free_topic	Reptile__class
appos<nmod:poss> ...	2.0	0.58	free_topic	Reptile__class
compound<case> with	2.0	0.316	free_topic	Reptile__class
conj<obl<ccomp> largest	2.0	0.318	free_topic	Reptile__class
conj<conj>advmod> simply	2.0	0.715	free_topic	Reptile__class
conj<conj>compound> Arrau	2.0	0.293	free_topic	Reptile__class
nmod<obl>case> ...	2.0	0.486	free_topic	Reptile__class
nmod<obj<aux:pass> ...	2.0	0.196	free_topic	Reptile__class
compound<nmod< one	2.0	0.414	free_topic	Reptile__class
appos<obl< know	2.0	0.355	free_topic	Reptile__class
compound<list<list> ...	2.0	0.411	free_topic	Reptile__class
appos<obl>det> the	2.0	0.461	free_topic	Reptile__class
nsubj:pass<advcl>obj> ...	2.0	0.304	free_topic	Reptile__class
advmod>obl>case> ...	2.0	0.484	free_topic	Reptile__class
advmod>obl> ...	2.0	0.455	free_topic	Reptile__class
nsubj:pass<conj>advmod> ...	2.0	0.484	free_topic	Reptile__class
nummod>advmod> about	2.0	0.241	free_topic	Reptile__class
nsubj:pass<parataxis<aux:pass> be	2.0	0.458	free_topic	Reptile__class
conj<obl>case> to	2.0	0.581	free_topic	Reptile__class
nsubj:pass<conj>aux:pass> ...	2.0	0.396	free_topic	Reptile__class
nmod>nummod> ...	2.0	0.309	free_topic	Reptile__class
nsubj:pass<conj>nsubj:pass> ...	2.0	0.475	free_topic	Reptile__class
obl<xcomp<nsubj> ...	2.0	0.634	free_topic	Reptile__class
obl<nsubj>flat> ...	2.0	0.29	free_topic	Reptile__class
compound>compound> giant	2.0	0.408	free_topic	Reptile__class
obj<acl:relcl<amod> first	2.0	0.26	free_topic	Reptile__class
acl:relcl> live	2.0	0.415	free_topic	Reptile__class
appos< name	2.0	0.501	free_topic	Reptile__class
mark> to	2.0	0.387	free_topic	Reptile__class
amod>obl>amod> ...	2.0	0.411	free_topic	Reptile__class
obj<acl:relcl< evidence	2.0	0.666	free_topic	Reptile__class
obl<appos> ...	2.0	0.293	free_topic	Reptile__class
conj<compound> american	2.0	0.524	free_topic	Reptile__class
nsubj<advmod> ever	2.0	1.007	free_topic	Reptile__class
obl<ccomp<advcl< ...	2.0	0.243	free_topic	Reptile__class
conj<nmod> insect	2.0	0.515	free_topic	Reptile__class
obj<acl:relcl<obj< find	2.0	0.523	free_topic	Reptile__class
conj<obj<mark> while	2.0	0.628	free_topic	Reptile__class
nsubj<ccomp>det> the	2.0	0.525	free_topic	Reptile__class
acl:relcl>obl>case> at	2.0	0.268	free_topic	Reptile__class
acl:relcl>obl>amod> same	2.0	0.303	free_topic	Reptile__class
acl:relcl>obl> time	2.0	0.371	free_topic	Reptile__class
conj<flat> ...	2.0	0.321	free_topic	Reptile__class
acl:relcl>obl> dinosaur	2.0	0.411	free_topic	Reptile__class
amod>advmod> long	2.0	0.614	free_topic	Reptile__class
conj>compound>compound> giant	2.0	0.282	free_topic	Reptile__class
conj>compound>compound> Amazon	2.0	0.343	free_topic	Reptile__class
conj>compound> River	2.0	0.463	free_topic	Reptile__class
nsubj<advcl>conj> ...	2.0	0.248	free_topic	Reptile__class
conj>nmod>det> ...	2.0	0.308	free_topic	Reptile__class
obl<obj>compound> ...	2.0	0.411	free_topic	Reptile__class
obl<ccomp>nsubj> ...	2.0	0.218	free_topic	Reptile__class
conj<obl<nsubj> turtle	2.0	0.415	free_topic	Reptile__class
conj<obl< know	2.0	0.558	free_topic	Reptile__class
conj<compound>compound> south	2.0	0.461	free_topic	Reptile__class
appos<appos>det> the	2.0	0.398	free_topic	Reptile__class
appos<obl>case> in	2.0	0.386	free_topic	Reptile__class
obl<advcl<mark> ...	2.0	0.266	free_topic	Reptile__class
compound<appos<flat> ...	2.0	0.314	free_topic	Reptile__class
appos<obl<obl> ...	2.0	0.171	free_topic	Reptile__class
nmod<case>fixed> to	2.0	0.423	free_topic	Reptile__class
compound<conj>cc> ...	2.0	0.371	free_topic	Reptile__class
compound<nmod>amod> ...	2.0	0.541	free_topic	Reptile__class
nummod>advmod> ...	2.0	0.241	free_topic	Reptile__class
obl<advmod> more	2.0	0.338	free_topic	Reptile__class
nsubj:pass<parataxis<advmod> ...	2.0	0.19	free_topic	Reptile__class
compound<appos<appos> ...	2.0	0.335	free_topic	Reptile__class
conj<nsubj:pass<cc> ...	2.0	0.406	free_topic	Reptile__class
compound<nmod<nsubj< have	2.0	0.48	free_topic	Reptile__class
conj<obl< feed	2.0	0.418	free_topic	Reptile__class
nsubj:pass<parataxis<aux:pass> ...	2.0	0.458	free_topic	Reptile__class
conj<nmod:poss> ...	2.0	0.553	free_topic	Reptile__class
conj<obl< similar	2.0	0.401	free_topic	Reptile__class
conj<compound> sea	2.0	0.309	free_topic	Reptile__class
nsubj<parataxis< ...	2.0	0.452	free_topic	Reptile__class
compound<obl<mark> to	2.0	0.315	free_topic	Reptile__class
compound<case> as	2.0	0.214	free_topic	Reptile__class
conj>cc>fixed> ...	2.0	0.64	free_topic	Reptile__class
obl< kill	2.0	0.625	free_topic	Reptile__class
nmod<nsubj<ccomp< ...	2.0	0.411	free_topic	Reptile__class
compound<nmod:poss> ...	2.0	0.145	free_topic	Reptile__class
compound<obl<obj> ...	2.0	0.355	free_topic	Reptile__class
compound<compound<flat> ...	2.0	0.512	free_topic	Reptile__class
conj<obj<conj< ...	2.0	0.113	free_topic	Reptile__class
nmod<nmod<advmod> ...	2.0	0.31	free_topic	Reptile__class
nsubj:pass<parataxis<nsubj:pass> ...	2.0	0.34	free_topic	Reptile__class
appos<aux> ...	2.0	0.596	free_topic	Reptile__class
compound<conj<compound> ...	2.0	0.145	free_topic	Reptile__class
conj<nmod< ancestor	2.0	0.38	free_topic	Reptile__class
nmod<appos<obj< ...	2.0	0.288	free_topic	Reptile__class
nmod<amod> long	2.0	0.493	free_topic	Reptile__class
obl<obl>appos> ...	2.0	0.232	free_topic	Reptile__class
conj<acl>advmod> ...	2.0	0.38	free_topic	Reptile__class
acl>obl>case> from	2.0	0.345	free_topic	Reptile__class
conj<parataxis>nsubj> ...	2.0	0.213	free_topic	Reptile__class
conj<parataxis>aux> ...	2.0	0.371	free_topic	Reptile__class
obl<conj>nmod> ...	2.0	0.49	free_topic	Reptile__class
obl<acl:relcl<amod> ...	2.0	0.405	free_topic	Reptile__class
conj<appos< have	2.0	0.234	free_topic	Reptile__class
appos>amod> Evolutionary	2.0	0.355	free_topic	Reptile__class
nmod<case>fixed> ...	2.0	0.396	free_topic	Reptile__class
nmod<acl:relcl>aux> ...	2.0	0.375	free_topic	Reptile__class
obl<obl>case> with	2.0	0.347	free_topic	Reptile__class
nmod<nsubj<aux> could	2.0	0.53	free_topic	Reptile__class
obl<conj>aux> have	2.0	0.441	free_topic	Reptile__class
appos<aux:pass> ...	2.0	0.474	free_topic	Reptile__class
obl<conj>aux:pass> be	2.0	0.522	free_topic	Reptile__class
appos<nsubj:pass> ...	2.0	0.372	free_topic	Reptile__class
conj<obl<advmod> sometimes	2.0	0.57	free_topic	Reptile__class
conj>cop> ...	2.0	0.181	free_topic	Reptile__class
parataxis<aux:pass> ...	2.0	0.468	free_topic	Reptile__class
parataxis<nsubj:pass> ...	2.0	0.113	free_topic	Reptile__class
nmod<obj<advmod> not	2.0	0.135	free_topic	Reptile__class
parataxis<parataxis< ...	2.0	0.37	free_topic	Reptile__class
acl> know	2.0	0.495	free_topic	Reptile__class
nmod:poss<amod> ...	2.0	0.44	free_topic	Reptile__class
obl:npmod<amod<obj< have	2.0	0.769	free_topic	Reptile__class
nsubj<advcl<aux> ...	2.0	0.31	free_topic	Reptile__class
obl<conj<aux:pass> ...	2.0	0.293	free_topic	Reptile__class
conj<obj<conj> ...	2.0	0.461	free_topic	Reptile__class
conj<appos>amod> ...	2.0	0.223	free_topic	Reptile__class
obl<conj<nsubj:pass> ...	2.0	0.19	free_topic	Reptile__class
compound<amod> green	2.0	0.331	free_topic	Reptile__class
compound<nsubj<advmod> rather	2.0	0.475	free_topic	Reptile__class
conj<nsubj>compound> ...	2.0	0.592	free_topic	Reptile__class
nsubj<obl:tmod>det> ...	2.0	0.439	free_topic	Reptile__class
obl<nsubj:pass>nmod> ...	2.0	0.325	free_topic	Reptile__class
conj<advcl>obj> ...	2.0	0.543	free_topic	Reptile__class
nmod<compound> we	2.0	0.543	free_topic	Reptile__class
obj<nsubj>compound> ...	2.0	0.413	free_topic	Reptile__class
obj<xcomp>mark> to	2.0	0.356	free_topic	Reptile__class
conj<nmod<nmod:poss> ...	2.0	0.229	free_topic	Reptile__class
nmod<nsubj:pass< find	2.0	0.57	free_topic	Reptile__class
nsubj<nsubj> ...	2.0	0.408	free_topic	Reptile__class
compound<nsubj<cc> ...	2.0	0.258	free_topic	Reptile__class
list<conj>cc> ...	2.0	0.502	free_topic	Reptile__class
obj<nsubj> which	2.0	0.356	free_topic	Reptile__class
conj<nsubj:pass<nsubj> ...	2.0	0.602	free_topic	Reptile__class
list<acl> ...	2.0	0.352	free_topic	Reptile__class
list<nmod> ...	2.0	0.288	free_topic	Reptile__class
amod>cc> ...	2.0	0.565	free_topic	Reptile__class
appos>compound>compound> ...	2.0	0.203	free_topic	Reptile__class
obl<xcomp<expl> ...	2.0	0.474	free_topic	Reptile__class
appos<obl<cc> and	2.0	0.589	free_topic	Reptile__class
compound>compound> baby	2.0	0.395	free_topic	Reptile__class
nmod<obj<advmod> also	2.0	0.244	free_topic	Reptile__class
advcl<nmod<aux> ...	2.0	0.255	free_topic	Reptile__class
nmod<nsubj< long	2.0	0.267	free_topic	Reptile__class
nmod<obj<aux> may	2.0	0.288	free_topic	Reptile__class
list<acl>obj> ...	2.0	0.374	free_topic	Reptile__class
conj<nmod< predator	2.0	0.307	free_topic	Reptile__class
obl<acl:relcl<nsubj> ...	2.0	0.132	free_topic	Reptile__class
list<nmod>case> ...	2.0	0.291	free_topic	Reptile__class
cc> plus	2.0	0.775	free_topic	Reptile__class
obl<advcl>obj> ...	2.0	0.361	free_topic	Reptile__class
acl:relcl>obj>det> the	2.0	0.371	free_topic	Reptile__class
obj<acl<appos< br	2.0	0.372	free_topic	Reptile__class
nsubj<conj>advcl> ...	2.0	0.228	free_topic	Reptile__class
nmod<conj<nmod< ...	2.0	0.58	free_topic	Reptile__class
conj<nmod<parataxis> ...	2.0	0.631	free_topic	Reptile__class
compound<obj<aux> ...	2.0	0.383	free_topic	Reptile__class
nmod<conj<nsubj> ...	2.0	0.548	free_topic	Reptile__class
obl<nmod>case> ...	2.0	0.21	free_topic	Reptile__class
conj<appos>nmod> ...	2.0	0.471	free_topic	Reptile__class
nmod<nmod>nmod> ...	2.0	0.184	free_topic	Reptile__class
acl:relcl>advcl>mark> while	2.0	0.628	free_topic	Reptile__class
conj<nsubj:pass<conj> ...	2.0	0.287	free_topic	Reptile__class
obl<advmod>advmod> ...	2.0	0.479	free_topic	Reptile__class
nmod<appos>det> ...	2.0	0.524	free_topic	Reptile__class
nsubj< become	2.0	0.707	free_topic	Reptile__class
obl<acl<obj< ...	2.0	0.224	free_topic	Reptile__class
acl>obj>compound> ...	2.0	0.217	free_topic	Reptile__class
compound<nmod<nsubj:pass< ...	2.0	0.368	free_topic	Reptile__class
conj<obl<aux> have	2.0	0.343	free_topic	Reptile__class
nmod<conj<advmod> ...	2.0	0.534	free_topic	Reptile__class
obl<advcl<aux:pass> be	2.0	0.32	free_topic	Reptile__class
obj<obl> year	2.0	0.32	free_topic	Reptile__class
nsubj<obl>advmod> ...	2.0	0.36	free_topic	Reptile__class
compound>flat> ...	2.0	0.396	free_topic	Reptile__class
conj<nmod<nsubj< ...	2.0	0.433	free_topic	Reptile__class
conj<obj>det> ...	2.0	0.339	free_topic	Reptile__class
obl<nmod>det> ...	2.0	0.59	free_topic	Reptile__class
advmod> occasionally	2.0	0.481	free_topic	Reptile__class
obj<acl< href=/nature/22062931>	2.0	0.451	free_topic	Reptile__class
compound<conj<obj> ...	2.0	0.109	free_topic	Reptile__class
conj<obj<advmod> also	2.0	0.521	free_topic	Reptile__class
nmod:poss<obj< ...	2.0	0.295	free_topic	Reptile__class
flat> icenicus	2.0	0.152	free_topic	Reptile__class
compound<obl< refer	2.0	0.544	free_topic	Reptile__class
nummod> million	2.0	0.296	free_topic	Reptile__class
appos<obl<conj> ...	2.0	0.472	free_topic	Reptile__class
obl<nsubj:pass> genera	2.0	0.704	free_topic	Reptile__class
obl<advcl>advmod> ...	2.0	0.809	free_topic	Reptile__class
compound<case> by	2.0	0.351	free_topic	Reptile__class
nmod<amod>obl:npmod> ...	2.0	0.303	free_topic	Reptile__class
conj<conj>obj> ...	2.0	0.224	free_topic	Reptile__class
conj<conj>obl> ...	2.0	0.528	free_topic	Reptile__class
nmod<amod> last	1.0	0.482	free_topic	Reptile__class
conj>amod> many	1.0	0.327	free_topic	Reptile__class
nmod>conj> Mesadactylus	1.0	0.29	free_topic	Reptile__class
conj<nmod< range	1.0	0.349	free_topic	Reptile__class
conj<nmod<amod> wide	1.0	0.493	free_topic	Reptile__class
obj<mark> of	1.0	0.433	free_topic	Reptile__class
nmod<conj> species	1.0	0.261	free_topic	Reptile__class
nsubj:pass<cc> and	1.0	0.636	free_topic	Reptile__class
conj<nmod>case> on	1.0	0.663	free_topic	Reptile__class
obl<advcl<advmod> however	1.0	0.307	free_topic	Reptile__class
appos< synapsid	1.0	0.478	free_topic	Reptile__class
obl<acl<obj< have	1.0	0.161	free_topic	Reptile__class
conj>case> in	1.0	0.713	free_topic	Reptile__class
compound<nmod> gecko	1.0	0.501	free_topic	Reptile__class
obl<obj>det> the	1.0	0.299	free_topic	Reptile__class
amod>advmod> very	1.0	0.687	free_topic	Reptile__class
obl<mark> while	1.0	0.577	free_topic	Reptile__class
conj<conj>advmod> sometimes	1.0	0.688	free_topic	Reptile__class
conj<conj>cop> be	1.0	0.427	free_topic	Reptile__class
compound>amod> green	1.0	0.659	free_topic	Reptile__class
conj<obl<aux> can	1.0	0.257	free_topic	Reptile__class
compound<nmod<case> than	1.0	0.394	free_topic	Reptile__class
conj>advmod> not	1.0	0.582	free_topic	Reptile__class
conj<conj>compound> rock	1.0	0.538	free_topic	Reptile__class
conj<obl<nsubj:pass> they	1.0	0.46	free_topic	Reptile__class
obl<advcl>mark> when	1.0	0.56	free_topic	Reptile__class
nsubj:pass<obl>amod> large	1.0	0.547	free_topic	Reptile__class
nsubj:pass<advcl> make	1.0	0.686	free_topic	Reptile__class
nsubj:pass<obl>amod> eastern	1.0	0.38	free_topic	Reptile__class
conj<acl> live	1.0	0.218	free_topic	Reptile__class
nmod>amod> same	1.0	0.79	free_topic	Reptile__class
obl<advmod> commonly	1.0	0.445	free_topic	Reptile__class
conj<obl< find	1.0	0.716	free_topic	Reptile__class
obl<xcomp<cc> and	1.0	0.357	free_topic	Reptile__class
acl:relcl>aux:pass> be	1.0	0.22	free_topic	Reptile__class
acl:relcl>nsubj:pass> which	1.0	0.385	free_topic	Reptile__class
compound<nmod<nsubj> crocodile	1.0	0.315	free_topic	Reptile__class
nmod>case> at	1.0	1.014	free_topic	Reptile__class
obj<obl>case> on	1.0	0.518	free_topic	Reptile__class
acl:relcl<det> the	1.0	0.385	free_topic	Reptile__class
obl<amod<det> a	1.0	0.197	free_topic	Reptile__class
obl<amod<cop> be	1.0	0.499	free_topic	Reptile__class
compound<obj<aux> have	1.0	0.452	free_topic	Reptile__class
nsubj<conj>advmod> not	1.0	0.81	free_topic	Reptile__class
nmod<nsubj<acl< fact	1.0	0.715	free_topic	Reptile__class
conj<acl:relcl>nsubj> that	1.0	0.532	free_topic	Reptile__class
nsubj:pass<obl> predator	1.0	0.616	free_topic	Reptile__class
nsubj:pass<obl> amount	1.0	0.588	free_topic	Reptile__class
nsubj:pass<obl>nmod> time	1.0	0.557	free_topic	Reptile__class
det:predet> all	1.0	0.394	free_topic	Reptile__class
obl<advcl>mark> because	1.0	0.714	free_topic	Reptile__class
obl<advcl>cop> be	1.0	0.695	free_topic	Reptile__class
compound<compound> Sea	1.0	0.206	free_topic	Reptile__class
advmod>obl>det> the	1.0	0.354	free_topic	Reptile__class
obj<xcomp<aux:pass> be	1.0	0.522	free_topic	Reptile__class
conj<conj>appos> niloticus	1.0	0.733	free_topic	Reptile__class
conj<conj>advmod> also	1.0	0.568	free_topic	Reptile__class
nmod<nmod<case> due	1.0	0.608	free_topic	Reptile__class
nmod<nmod<nmod:poss> they	1.0	0.372	free_topic	Reptile__class
compound>compound> New	1.0	0.512	free_topic	Reptile__class
obl<acl<det> a	1.0	0.507	free_topic	Reptile__class
nmod:poss> Kemp	1.0	0.272	free_topic	Reptile__class
nsubj<case> on	1.0	0.482	free_topic	Reptile__class
compound>compound> ridley	1.0	0.427	free_topic	Reptile__class
obl<nsubj:pass> turtle	1.0	0.721	free_topic	Reptile__class
nsubj<advmod> sometimes	1.0	1.07	free_topic	Reptile__class
conj<cc:preconj> both	1.0	0.341	free_topic	Reptile__class
conj<nsubj<mark> that	1.0	0.52	free_topic	Reptile__class
nsubj<acl:relcl>nsubj> that	1.0	0.122	free_topic	Reptile__class
compound<nmod>case> by	1.0	0.467	free_topic	Reptile__class
nmod<obl<cc> and	1.0	0.295	free_topic	Reptile__class
nsubj:pass<advcl>aux> ...	1.0	0.518	free_topic	Reptile__class
nsubj:pass<conj>compound> ...	1.0	0.268	free_topic	Reptile__class
conj<conj>flat> ...	1.0	0.485	free_topic	Reptile__class
conj<list> ...	1.0	0.281	free_topic	Reptile__class
conj<nmod<advmod> ...	1.0	0.269	free_topic	Reptile__class
compound<conj<advmod> ...	1.0	0.427	free_topic	Reptile__class
nsubj:pass<xcomp>advcl> ...	1.0	0.247	free_topic	Reptile__class
nsubj<obj>acl:relcl> ...	1.0	0.487	free_topic	Reptile__class
advmod>fixed> ...	1.0	0.286	free_topic	Reptile__class
nmod<acl:relcl< ...	1.0	0.531	free_topic	Reptile__class
nmod<acl:relcl<case> ...	1.0	0.423	free_topic	Reptile__class
conj<conj>nsubj:pass> ...	1.0	0.407	free_topic	Reptile__class
nmod:poss<compound> ...	1.0	0.343	free_topic	Reptile__class
nsubj<advcl<mark> ...	1.0	0.497	free_topic	Reptile__class
conj<conj>aux:pass> ...	1.0	0.343	free_topic	Reptile__class
conj<conj>aux> ...	1.0	0.298	free_topic	Reptile__class
nsubj<conj>compound> ...	1.0	0.214	free_topic	Reptile__class
nsubj<obj>appos> ...	1.0	0.3	free_topic	Reptile__class
nsubj<advmod>obl> ...	1.0	0.5	free_topic	Reptile__class
compound<conj>compound> ...	1.0	0.389	free_topic	Reptile__class
conj<nsubj>nummod> ...	1.0	0.167	free_topic	Reptile__class
nsubj>appos> ...	1.0	0.217	free_topic	Reptile__class
conj<appos>advmod> ...	1.0	0.418	free_topic	Reptile__class
obj<parataxis< ...	1.0	0.283	free_topic	Reptile__class
obj<parataxis<compound> ...	1.0	0.3	free_topic	Reptile__class
nsubj<ccomp>obl> ...	1.0	0.345	free_topic	Reptile__class
nsubj>appos>compound> ...	1.0	0.486	free_topic	Reptile__class
obj<conj>advmod> ...	1.0	0.327	free_topic	Reptile__class
nmod<conj<obl< ...	1.0	0.284	free_topic	Reptile__class
nsubj<advcl>advcl> ...	1.0	0.305	free_topic	Reptile__class
nsubj<conj>nsubj:pass> ...	1.0	0.367	free_topic	Reptile__class
nmod>compound>compound> ...	1.0	0.161	free_topic	Reptile__class
acl:relcl>nsubj:pass> ...	1.0	0.298	free_topic	Reptile__class
nsubj:pass<obl>advmod> ...	1.0	0.589	free_topic	Reptile__class
acl:relcl>aux:pass> ...	1.0	0.22	free_topic	Reptile__class
acl>conj> ...	1.0	0.325	free_topic	Reptile__class
acl>conj>cc> ...	1.0	0.377	free_topic	Reptile__class
acl>obj>nmod:poss> ...	1.0	0.329	free_topic	Reptile__class
acl>mark> ...	1.0	0.551	free_topic	Reptile__class
compound<compound<det> ...	1.0	0.675	free_topic	Reptile__class
nsubj<obl>nummod> ...	1.0	0.697	free_topic	Reptile__class
obj<acl:relcl<cop> ...	1.0	0.621	free_topic	Reptile__class
obj<acl:relcl<nsubj> ...	1.0	0.458	free_topic	Reptile__class
compound<nmod<acl:relcl> ...	1.0	0.298	free_topic	Reptile__class
nmod<parataxis>nsubj> ...	1.0	0.233	free_topic	Reptile__class
nmod>nmod>nmod:poss> ...	1.0	0.415	free_topic	Reptile__class
advmod>obl>det> ...	1.0	0.321	free_topic	Reptile__class
det:predet> ...	1.0	0.394	free_topic	Reptile__class
acl>conj>obj> ...	1.0	0.421	free_topic	Reptile__class
obl<obl>acl> ...	1.0	0.342	free_topic	Reptile__class
obl<nsubj:pass>appos> ...	1.0	0.366	free_topic	Reptile__class
obl<nsubj:pass>advmod> ...	1.0	0.464	free_topic	Reptile__class
parataxis>conj> ...	1.0	0.36	free_topic	Reptile__class
parataxis>obl> ...	1.0	0.792	free_topic	Reptile__class
parataxis>obl>det> ...	1.0	0.574	free_topic	Reptile__class
parataxis>obl>case> ...	1.0	0.313	free_topic	Reptile__class
parataxis>advmod> ...	1.0	0.356	free_topic	Reptile__class
obl<advcl>nsubj> ...	1.0	0.362	free_topic	Reptile__class
obl<conj<advcl> ...	1.0	0.379	free_topic	Reptile__class
obj<advcl<obj> ...	1.0	0.238	free_topic	Reptile__class
nmod:poss<obj<nsubj> ...	1.0	0.478	free_topic	Reptile__class
nmod:poss<obj<acl:relcl< ...	1.0	0.297	free_topic	Reptile__class
nmod:poss<nmod>amod> ...	1.0	0.235	free_topic	Reptile__class
nmod:poss<nmod>det> ...	1.0	0.306	free_topic	Reptile__class
obj<xcomp<aux:pass> ...	1.0	0.522	free_topic	Reptile__class
obj<obl>nmod> ...	1.0	0.143	free_topic	Reptile__class
nsubj<advcl<aux:pass> ...	1.0	0.557	free_topic	Reptile__class
nsubj<advcl<nsubj:pass> ...	1.0	0.569	free_topic	Reptile__class
nsubj<ccomp<obl> ...	1.0	0.161	free_topic	Reptile__class
nsubj:pass<advcl>nsubj> ...	1.0	0.22	free_topic	Reptile__class
conj<acl:relcl>obl> ...	1.0	0.274	free_topic	Reptile__class
conj<appos<amod> ...	1.0	0.565	free_topic	Reptile__class
obj<xcomp<nsubj:pass> ...	1.0	0.568	free_topic	Reptile__class
nmod<nsubj<parataxis< ...	1.0	0.27	free_topic	Reptile__class
nsubj<advcl<conj> ...	1.0	0.363	free_topic	Reptile__class
compound<obl<conj< ...	1.0	0.514	free_topic	Reptile__class
amod>obl>nmod> ...	1.0	0.134	free_topic	Reptile__class
amod>nsubj>det> ...	1.0	0.383	free_topic	Reptile__class
appos<nsubj:pass< ...	1.0	0.137	free_topic	Reptile__class
appos<nsubj:pass<advmod> ...	1.0	0.605	free_topic	Reptile__class
appos<nsubj:pass<aux:pass> ...	1.0	0.308	free_topic	Reptile__class
conj<amod< ...	1.0	0.406	free_topic	Reptile__class
flat<flat> ...	1.0	0.343	free_topic	Reptile__class
flat<nmod> ...	1.0	0.184	free_topic	Reptile__class
flat<nmod>det> ...	1.0	0.192	free_topic	Reptile__class
flat<nmod>case> ...	1.0	0.439	free_topic	Reptile__class
flat<amod> ...	1.0	0.289	free_topic	Reptile__class
flat<det> ...	1.0	0.296	free_topic	Reptile__class
flat<case> ...	1.0	0.263	free_topic	Reptile__class
compound<nmod>conj> ...	1.0	0.343	free_topic	Reptile__class
compound<obl<aux> ...	1.0	0.373	free_topic	Reptile__class
compound<advmod> ...	1.0	0.519	free_topic	Reptile__class
obj<conj>aux:pass> ...	1.0	0.428	free_topic	Reptile__class
obj<conj>aux> ...	1.0	0.266	free_topic	Reptile__class
advcl>advmod> ...	1.0	0.33	free_topic	Reptile__class
advcl>obj>nmod:poss> ...	1.0	0.325	free_topic	Reptile__class
obl<acl<case> ...	1.0	0.518	free_topic	Reptile__class
obj<parataxis>nsubj> ...	1.0	0.391	free_topic	Reptile__class
conj>obj>amod> ...	1.0	0.419	free_topic	Reptile__class
nsubj<parataxis<nsubj> ...	1.0	0.285	free_topic	Reptile__class
obl<parataxis>amod> ...	1.0	0.569	free_topic	Reptile__class
obl<parataxis>det> ...	1.0	0.342	free_topic	Reptile__class
obl<parataxis>cop> ...	1.0	0.286	free_topic	Reptile__class
obl<parataxis>advcl> ...	1.0	0.233	free_topic	Reptile__class
compound<obl<xcomp< ...	1.0	0.415	free_topic	Reptile__class
conj<obl<parataxis> ...	1.0	0.501	free_topic	Reptile__class
xcomp<advmod> ...	1.0	0.281	free_topic	Reptile__class
xcomp<aux:pass> ...	1.0	0.566	free_topic	Reptile__class
xcomp<nsubj:pass> ...	1.0	0.595	free_topic	Reptile__class
nsubj<parataxis<obl> ...	1.0	0.355	free_topic	Reptile__class
conj>obj>det> ...	1.0	0.285	free_topic	Reptile__class
compound<nmod<conj> ...	1.0	0.167	free_topic	Reptile__class
compound<nmod<obl> ...	1.0	0.225	free_topic	Reptile__class
nmod<nsubj>compound> ...	1.0	0.431	free_topic	Reptile__class
nmod<nsubj>det> ...	1.0	0.316	free_topic	Reptile__class
nmod<obl<xcomp< ...	1.0	0.713	free_topic	Reptile__class
obl<obl>conj> ...	1.0	0.294	free_topic	Reptile__class
conj>nmod:poss> ...	1.0	0.43	free_topic	Reptile__class
compound<obj<conj> ...	1.0	0.224	free_topic	Reptile__class
punct> ...	1.0	0.196	free_topic	Reptile__class
obj<advcl<conj> ...	1.0	0.227	free_topic	Reptile__class
conj<obl<amod> ...	1.0	0.508	free_topic	Reptile__class
nsubj>nmod> ...	1.0	0.287	free_topic	Reptile__class
nsubj>nmod>case> ...	1.0	0.61	free_topic	Reptile__class
conj<cc:preconj> ...	1.0	0.341	free_topic	Reptile__class
parataxis>nsubj> ...	1.0	0.352	free_topic	Reptile__class
nsubj<ccomp<conj> ...	1.0	0.511	free_topic	Reptile__class
parataxis>obj> ...	1.0	0.308	free_topic	Reptile__class
nsubj<conj>nmod:poss> ...	1.0	0.529	free_topic	Reptile__class
flat<nmod< ...	1.0	0.218	free_topic	Reptile__class
appos<obj> ...	1.0	0.71	free_topic	Reptile__class
conj<conj<cop> ...	1.0	0.385	free_topic	Reptile__class
conj<conj<nsubj> ...	1.0	0.433	free_topic	Reptile__class
obl<nmod>nmod> ...	1.0	0.321	free_topic	Reptile__class
conj<parataxis< ...	1.0	0.39	free_topic	Reptile__class
compound<conj<obj< ...	1.0	0.376	free_topic	Reptile__class
nsubj<conj>case> ...	1.0	0.29	free_topic	Reptile__class
appos<obl<advmod> ...	1.0	0.36	free_topic	Reptile__class
obj<xcomp<obl> ...	1.0	0.277	free_topic	Reptile__class
obl<nsubj< ...	1.0	0.46	free_topic	Reptile__class
obl<nsubj<advmod> ...	1.0	0.315	free_topic	Reptile__class
obl<acl>obj> ...	1.0	0.338	free_topic	Reptile__class
obl<acl> ...	1.0	0.324	free_topic	Reptile__class
nsubj:pass<ccomp< ...	1.0	0.645	free_topic	Reptile__class
nsubj:pass<ccomp<nsubj> ...	1.0	0.33	free_topic	Reptile__class
nmod<nsubj<acl> ...	1.0	0.215	free_topic	Reptile__class
nmod<nsubj<amod> ...	1.0	0.408	free_topic	Reptile__class
nmod<acl>obj> ...	1.0	0.218	free_topic	Reptile__class
nmod<obl<conj< ...	1.0	0.198	free_topic	Reptile__class
acl:relcl>aux> ...	1.0	0.385	free_topic	Reptile__class
nmod<obl<cc> ...	1.0	0.292	free_topic	Reptile__class
compound<acl>advmod> ...	1.0	0.459	free_topic	Reptile__class
compound<cop> ...	1.0	0.321	free_topic	Reptile__class
compound<nsubj> ...	1.0	0.309	free_topic	Reptile__class
obl<advmod<advmod> ...	1.0	0.335	free_topic	Reptile__class
compound<compound>compound> ...	1.0	0.463	free_topic	Reptile__class
nsubj<amod>obl> ...	1.0	0.257	free_topic	Reptile__class
conj<advcl>nsubj> ...	1.0	0.362	free_topic	Reptile__class
nmod<conj<cop> ...	1.0	0.391	free_topic	Reptile__class
nmod<conj<obl> ...	1.0	0.499	free_topic	Reptile__class
nmod<acl:relcl>obl> ...	1.0	0.177	free_topic	Reptile__class
nmod<list< ...	1.0	0.182	free_topic	Reptile__class
conj<obl>acl> ...	1.0	0.434	free_topic	Reptile__class
obl<acl:relcl<cop> ...	1.0	0.608	free_topic	Reptile__class
compound<conj<conj< ...	1.0	0.409	free_topic	Reptile__class
nsubj:pass<conj>obj> ...	1.0	0.487	free_topic	Reptile__class
nsubj:pass<conj>obl> ...	1.0	0.307	free_topic	Reptile__class
nsubj:pass<parataxis>nsubj:pass> ...	1.0	0.489	free_topic	Reptile__class
nsubj<conj<cop> ...	1.0	0.539	free_topic	Reptile__class
nsubj<conj<obl> ...	1.0	0.461	free_topic	Reptile__class
obl<nsubj>cop> ...	1.0	0.478	free_topic	Reptile__class
nsubj:pass<nsubj:pass>nmod> ...	1.0	0.197	free_topic	Reptile__class
nsubj:pass<nsubj:pass> ...	1.0	0.218	free_topic	Reptile__class
nsubj:pass<nsubj:pass>det> ...	1.0	0.441	free_topic	Reptile__class
nsubj:pass<parataxis>obl> ...	1.0	0.405	free_topic	Reptile__class
nsubj:pass<parataxis> ...	1.0	0.41	free_topic	Reptile__class
nsubj:pass<parataxis>aux:pass> ...	1.0	0.388	free_topic	Reptile__class
nmod<nsubj<conj< ...	1.0	0.332	free_topic	Reptile__class
obl<xcomp<conj< ...	1.0	0.202	free_topic	Reptile__class
nsubj<xcomp>cop> ...	1.0	0.307	free_topic	Reptile__class
nmod<nmod<parataxis> ...	1.0	0.55	free_topic	Reptile__class
nmod<obj<parataxis> ...	1.0	0.279	free_topic	Reptile__class
conj<advmod>advmod> ...	1.0	0.328	free_topic	Reptile__class
nmod<nsubj<cc> ...	1.0	0.291	free_topic	Reptile__class
amod>obl:npmod>nummod> ...	1.0	0.44	free_topic	Reptile__class
nmod<parataxis>advmod> ...	1.0	0.337	free_topic	Reptile__class
acl:relcl<det> ...	1.0	0.385	free_topic	Reptile__class
nmod<conj>case> ...	1.0	0.323	free_topic	Reptile__class
obj<nmod>nmod> ...	1.0	0.379	free_topic	Reptile__class
obj<nmod>amod> ...	1.0	0.401	free_topic	Reptile__class
obj<nmod>det> ...	1.0	0.386	free_topic	Reptile__class
acl:relcl< ...	1.0	0.464	free_topic	Reptile__class
list<compound> ...	1.0	0.201	free_topic	Reptile__class
nsubj<ccomp>advcl> ...	1.0	0.421	free_topic	Reptile__class
conj<nsubj<amod> ...	1.0	0.22	free_topic	Reptile__class
obj<acl:relcl<appos< ...	1.0	0.407	free_topic	Reptile__class
conj<nsubj>advmod> ...	1.0	0.373	free_topic	Reptile__class
obl<amod<acl:relcl< ...	1.0	0.289	free_topic	Reptile__class
nsubj<nmod>nummod> ...	1.0	0.152	free_topic	Reptile__class
nsubj<nmod:poss> ...	1.0	0.301	free_topic	Reptile__class
nmod<nsubj<parataxis> ...	1.0	0.219	free_topic	Reptile__class
nsubj<acl:relcl>obj> ...	1.0	0.306	free_topic	Reptile__class
nmod<nsubj:pass<parataxis< ...	1.0	0.315	free_topic	Reptile__class
conj<nsubj<mark> ...	1.0	0.557	free_topic	Reptile__class
compound<nmod<mark> ...	1.0	0.237	free_topic	Reptile__class
acl:relcl>obj>nmod> ...	1.0	0.409	free_topic	Reptile__class
nsubj>nmod:poss> ...	1.0	0.151	free_topic	Reptile__class
nmod<nmod<nmod> ...	1.0	0.517	free_topic	Reptile__class
nsubj<case> ...	1.0	0.401	free_topic	Reptile__class
obl<appos>nmod> ...	1.0	0.209	free_topic	Reptile__class
nsubj<conj>nmod> ...	1.0	0.294	free_topic	Reptile__class
obj<ccomp<nsubj> ...	1.0	0.295	free_topic	Reptile__class
nmod<obj<iobj> ...	1.0	0.471	free_topic	Reptile__class
obj<acl:relcl<case> ...	1.0	0.246	free_topic	Reptile__class
compound>det> ...	1.0	0.636	free_topic	Reptile__class
nsubj<ccomp<acl< ...	1.0	0.271	free_topic	Reptile__class
nmod>acl>obl> ...	1.0	0.3	free_topic	Reptile__class
nsubj>acl> ...	1.0	0.189	free_topic	Reptile__class
obj<advcl>conj> ...	1.0	0.178	free_topic	Reptile__class
obj<ccomp< ...	1.0	0.31	free_topic	Reptile__class
nmod<nsubj<nsubj> ...	1.0	0.325	free_topic	Reptile__class
nsubj<discourse> ...	1.0	0.35	free_topic	Reptile__class
obl<amod<cop> ...	1.0	0.499	free_topic	Reptile__class
conj<nsubj<nmod> ...	1.0	0.152	free_topic	Reptile__class
obl<amod<compound> ...	1.0	0.425	free_topic	Reptile__class
compound<conj<obl< ...	1.0	0.231	free_topic	Reptile__class
conj<compound<cc> ...	1.0	0.286	free_topic	Reptile__class
conj<compound<conj< ...	1.0	0.304	free_topic	Reptile__class
obl<advcl<appos> ...	1.0	0.47	free_topic	Reptile__class
obl<advcl>amod> ...	1.0	0.479	free_topic	Reptile__class
compound>conj>cc> ...	1.0	0.574	free_topic	Reptile__class
nmod>amod>advmod> ...	1.0	0.186	free_topic	Reptile__class
acl>xcomp> ...	1.0	0.245	free_topic	Reptile__class
nsubj<advcl>parataxis> ...	1.0	0.262	free_topic	Reptile__class
amod>obl>compound> ...	1.0	0.259	free_topic	Reptile__class
conj<obj<cc> ...	1.0	0.302	free_topic	Reptile__class
nmod<nmod<compound> ...	1.0	0.462	free_topic	Reptile__class
obl<obj>appos> ...	1.0	0.512	free_topic	Reptile__class
obl<conj>case> ...	1.0	0.425	free_topic	Reptile__class
acl>obl>nmod> ...	1.0	0.184	free_topic	Reptile__class
compound<nmod>appos> ...	1.0	0.224	free_topic	Reptile__class
obl<acl<cop> ...	1.0	0.325	free_topic	Reptile__class
obl<acl<nsubj> ...	1.0	0.184	free_topic	Reptile__class
appos<list> ...	1.0	0.315	free_topic	Reptile__class
appos<list>compound> ...	1.0	0.441	free_topic	Reptile__class
conj<nmod:poss>case> ...	1.0	0.483	free_topic	Reptile__class
conj<cc> ...	1.0	0.385	free_topic	Reptile__class
nsubj<parataxis<cop> ...	1.0	0.426	free_topic	Reptile__class
conj>amod>obl:npmod> ...	1.0	0.349	free_topic	Reptile__class
acl>obj>conj> ...	1.0	0.47	free_topic	Reptile__class
parataxis<obl>nmod> ...	1.0	0.331	free_topic	Reptile__class
obl<advcl>xcomp> ...	1.0	0.257	free_topic	Reptile__class
nsubj<compound> ...	1.0	0.275	free_topic	Reptile__class
nmod<nsubj<acl< ...	1.0	0.715	free_topic	Reptile__class
obl<compound> ...	1.0	0.181	free_topic	Reptile__class
obl<amod>compound> ...	1.0	0.522	free_topic	Reptile__class
obl<det> ...	1.0	0.975	free_topic	Reptile__class
nsubj<obl>acl> ...	1.0	0.266	free_topic	Reptile__class
appos<appos>nmod:poss> ...	1.0	0.257	free_topic	Reptile__class
appos<cop> ...	1.0	0.411	free_topic	Reptile__class
nsubj<parataxis>obj> ...	1.0	0.322	free_topic	Reptile__class
parataxis<advmod> ...	1.0	0.463	free_topic	Reptile__class
parataxis<nsubj> ...	1.0	0.573	free_topic	Reptile__class
flat<compound>compound> ...	1.0	0.341	free_topic	Reptile__class
compound<nmod<acl> ...	1.0	0.454	free_topic	Reptile__class
nmod<nmod<nmod:poss> ...	1.0	0.372	free_topic	Reptile__class
compound<nsubj:pass<aux> ...	1.0	0.244	free_topic	Reptile__class
nmod<nsubj:pass<advcl> ...	1.0	0.307	free_topic	Reptile__class
nsubj<parataxis>obl> ...	1.0	0.582	free_topic	Reptile__class
compound<nsubj:pass<advmod> ...	1.0	0.655	free_topic	Reptile__class
conj<obl<acl< ...	1.0	0.414	free_topic	Reptile__class
obl<case> ...	1.0	0.375	free_topic	Reptile__class
compound<list<flat> ...	1.0	0.16	free_topic	Reptile__class
compound<list< ...	1.0	0.45	free_topic	Reptile__class
obl<xcomp>obl> ...	1.0	0.567	free_topic	Reptile__class
conj<nsubj>nmod> ...	1.0	0.294	free_topic	Reptile__class
obl<acl:relcl<nmod< ...	1.0	0.446	free_topic	Reptile__class
obl<xcomp<cc> ...	1.0	0.357	free_topic	Reptile__class
obl<xcomp<obj> ...	1.0	0.577	free_topic	Reptile__class
appos>det> ...	1.0	0.335	free_topic	Reptile__class
appos<nmod>compound> ...	1.0	0.203	free_topic	Reptile__class
appos>nummod> ...	1.0	0.489	free_topic	Reptile__class
appos>amod>advmod> ...	1.0	0.331	free_topic	Reptile__class
nmod<nsubj<nummod> ...	1.0	0.273	free_topic	Reptile__class
nmod<obl> ...	1.0	0.479	free_topic	Reptile__class
conj<obl<advcl> ...	1.0	0.412	free_topic	Reptile__class
conj<parataxis>obl> ...	1.0	0.256	free_topic	Reptile__class
conj<nmod<parataxis< ...	1.0	0.311	free_topic	Reptile__class
parataxis<obj> ...	1.0	0.179	free_topic	Reptile__class
obj<conj>obj> ...	1.0	0.208	free_topic	Reptile__class
amod>compound> ...	1.0	0.406	free_topic	Reptile__class
nsubj:pass<xcomp>amod> ...	1.0	0.334	free_topic	Reptile__class
acl:relcl>obj>acl> ...	1.0	0.255	free_topic	Reptile__class
advcl<nsubj> ...	1.0	0.618	free_topic	Reptile__class
nmod<cc>fixed> ...	1.0	0.492	free_topic	Reptile__class
conj<obl<acl:relcl> ...	1.0	0.545	free_topic	Reptile__class
conj<obl<cop> ...	1.0	0.532	free_topic	Reptile__class
nmod<nsubj:pass< report	1.0	0.316	free_topic	Reptile__class
acl> find	1.0	0.522	free_topic	Reptile__class
nsubj<parataxis>acl:relcl> ...	1.0	0.609	free_topic	Reptile__class
compound<nmod<cc> and	1.0	0.406	free_topic	Reptile__class
conj<nsubj>det> a	1.0	0.434	free_topic	Reptile__class
compound<nmod:poss> they	1.0	0.357	free_topic	Reptile__class
nsubj<obl>amod> large	1.0	0.552	free_topic	Reptile__class
nsubj<obj> predator	1.0	0.188	free_topic	Reptile__class
nsubj:pass<obl>case> as	1.0	0.514	free_topic	Reptile__class
appos>compound> Caiman	1.0	0.585	free_topic	Reptile__class
obj<obl>case> as	1.0	0.632	free_topic	Reptile__class
nsubj:pass<advmod> also	1.0	0.687	free_topic	Reptile__class
compound<nsubj<cc> but	1.0	0.214	free_topic	Reptile__class
nmod<obl<nsubj> that	1.0	0.305	free_topic	Reptile__class
obl<advcl<mark> to	1.0	0.284	free_topic	Reptile__class
advcl<aux:pass> be	1.0	0.452	free_topic	Reptile__class
conj<nmod> bird	1.0	0.47	free_topic	Reptile__class
conj<nmod>case> in	1.0	0.74	free_topic	Reptile__class
nmod<obl<mark> that	1.0	0.351	free_topic	Reptile__class
conj<nmod:poss> they	1.0	0.848	free_topic	Reptile__class
nummod> non-marine	1.0	0.282	free_topic	Reptile__class
nmod<det> any	1.0	0.578	free_topic	Reptile__class
nmod<obl< live	1.0	0.48	free_topic	Reptile__class
nmod<obl<nsubj> it	1.0	0.339	free_topic	Reptile__class
advmod> only	1.0	0.47	free_topic	Reptile__class
nmod<obl< find	1.0	0.345	free_topic	Reptile__class
compound<obj<acl< ...	1.0	0.308	free_topic	Reptile__class
compound<acl:relcl>nsubj> which	1.0	0.786	free_topic	Reptile__class
obl<parataxis<amod> ...	1.0	0.408	free_topic	Reptile__class
conj>obj>acl> ...	1.0	0.264	free_topic	Reptile__class
conj>obj>compound> ...	1.0	0.226	free_topic	Reptile__class
compound<obl<parataxis< ...	1.0	0.661	free_topic	Reptile__class
list> ...	1.0	0.361	free_topic	Reptile__class
obl<advcl<cop> ...	1.0	0.548	free_topic	Reptile__class
nsubj<acl:relcl>cop> ...	1.0	0.562	free_topic	Reptile__class
obl<advcl<advcl> ...	1.0	0.562	free_topic	Reptile__class
nmod<nmod>conj> ...	1.0	0.164	free_topic	Reptile__class
nmod<obj<xcomp> ...	1.0	0.36	free_topic	Reptile__class
obj<xcomp>obl> ...	1.0	0.359	free_topic	Reptile__class
conj<conj>nsubj> ...	1.0	0.331	free_topic	Reptile__class
conj<conj>cop> ...	1.0	0.427	free_topic	Reptile__class
obl<acl<conj< ...	1.0	0.317	free_topic	Reptile__class
acl:relcl>xcomp> ...	1.0	0.26	free_topic	Reptile__class
nmod:poss>conj> ...	1.0	0.349	free_topic	Reptile__class
obl<acl:relcl<compound> ...	1.0	0.469	free_topic	Reptile__class
conj<nsubj<obj> ...	1.0	0.583	free_topic	Reptile__class
conj<appos<compound> ...	1.0	0.239	free_topic	Reptile__class
conj<appos<det> ...	1.0	0.45	free_topic	Reptile__class
advcl<nsubj:pass> ...	1.0	0.358	free_topic	Reptile__class
conj<obj<acl< ...	1.0	0.433	free_topic	Reptile__class
advcl<advmod> ...	1.0	0.342	free_topic	Reptile__class
advcl<aux:pass> ...	1.0	0.452	free_topic	Reptile__class
advcl<obl>case> ...	1.0	0.623	free_topic	Reptile__class
advcl<obl> ...	1.0	0.575	free_topic	Reptile__class
nmod<flat> ...	1.0	0.125	free_topic	Reptile__class
acl:relcl>conj> ...	1.0	0.444	free_topic	Reptile__class
list<appos> ...	1.0	0.328	free_topic	Reptile__class
nmod<obj> ...	1.0	0.378	free_topic	Reptile__class
conj>obl>amod> ...	1.0	0.206	free_topic	Reptile__class
nsubj:pass<conj<obj> ...	1.0	0.373	free_topic	Reptile__class
nsubj:pass<conj<advmod> ...	1.0	0.428	free_topic	Reptile__class
appos<nmod>det> ...	1.0	0.481	free_topic	Reptile__class
appos<nmod<nmod> ...	1.0	0.197	free_topic	Reptile__class
appos<conj>det> ...	1.0	0.607	free_topic	Reptile__class
nsubj:pass<cc> ...	1.0	0.636	free_topic	Reptile__class
acl:relcl>obl>conj> ...	1.0	0.302	free_topic	Reptile__class
nsubj:pass<advcl>advmod> ...	1.0	0.359	free_topic	Reptile__class
appos<nsubj<ccomp> ...	1.0	0.35	free_topic	Reptile__class
appos<nsubj<advmod> ...	1.0	0.305	free_topic	Reptile__class
compound<appos<compound> ...	1.0	0.561	free_topic	Reptile__class
nsubj:pass<conj< ...	1.0	0.334	free_topic	Reptile__class
nmod<nmod<nmod< ...	1.0	0.302	free_topic	Reptile__class
nmod<conj>appos> ...	1.0	0.331	free_topic	Reptile__class
appos<obj< ...	1.0	0.353	free_topic	Reptile__class
appos<advmod> ...	1.0	0.341	free_topic	Reptile__class
nsubj:pass<conj<nsubj> ...	1.0	0.239	free_topic	Reptile__class
nsubj:pass<conj<aux> ...	1.0	0.563	free_topic	Reptile__class
xcomp<acl:relcl< ...	1.0	0.295	free_topic	Reptile__class
obl>nmod>det> ...	1.0	0.545	free_topic	Reptile__class
obl> ...	1.0	0.502	free_topic	Reptile__class
obl>det> ...	1.0	0.287	free_topic	Reptile__class
obl>case> ...	1.0	0.297	free_topic	Reptile__class
ccomp<advmod> ...	1.0	0.251	free_topic	Reptile__class
ccomp<nsubj> ...	1.0	0.35	free_topic	Reptile__class
ccomp<nsubj>det> ...	1.0	0.202	free_topic	Reptile__class
ccomp<obl>det> ...	1.0	0.464	free_topic	Reptile__class
compound<compound<compound< ...	1.0	0.297	free_topic	Reptile__class
obl>nmod>case> ...	1.0	0.283	free_topic	Reptile__class
obl>nmod> ...	1.0	0.431	free_topic	Reptile__class
acl:relcl>obl>nmod> ...	1.0	0.252	free_topic	Reptile__class
nmod<obl<advcl< ...	1.0	0.174	free_topic	Reptile__class
appos<acl:relcl>obl> ...	1.0	0.315	free_topic	Reptile__class
appos<acl:relcl>obj> ...	1.0	0.328	free_topic	Reptile__class
appos<acl:relcl> ...	1.0	0.373	free_topic	Reptile__class
appos<acl:relcl>nsubj> ...	1.0	0.465	free_topic	Reptile__class
nsubj<obl>case> like	1.0	0.776	free_topic	Reptile__class
nsubj<obl>amod> other	1.0	0.436	free_topic	Reptile__class
conj>case> on	1.0	0.676	free_topic	Reptile__class
mark> that	1.0	0.46	free_topic	Reptile__class
ccomp<aux:pass> be	1.0	0.525	free_topic	Reptile__class
ccomp<nsubj:pass> it	1.0	0.572	free_topic	Reptile__class
ccomp<obl>case> in	1.0	0.474	free_topic	Reptile__class
nmod> species	1.0	0.71	free_topic	Reptile__class
nmod>amod> own	1.0	0.858	free_topic	Reptile__class
obj<obl>det> a	1.0	0.549	free_topic	Reptile__class
obl<advcl<xcomp< ...	1.0	0.228	free_topic	Reptile__class
conj<conj<case> ...	1.0	0.297	free_topic	Reptile__class
conj<conj<compound> ...	1.0	0.408	free_topic	Reptile__class
nsubj<appos>conj> ...	1.0	0.271	free_topic	Reptile__class
compound<nmod<conj< ...	1.0	0.328	free_topic	Reptile__class
compound<nmod<cc> ...	1.0	0.406	free_topic	Reptile__class
nmod<nmod>nummod> ...	1.0	0.228	free_topic	Reptile__class
conj<nsubj:pass<xcomp> ...	1.0	0.338	free_topic	Reptile__class
obj<advcl>obl> ...	1.0	0.348	free_topic	Reptile__class
obj<advcl>obj> ...	1.0	0.561	free_topic	Reptile__class
obj<advcl>aux> ...	1.0	0.401	free_topic	Reptile__class
obj<advcl>nsubj> ...	1.0	0.471	free_topic	Reptile__class
obj<advcl>mark> ...	1.0	0.26	free_topic	Reptile__class
obj<nsubj>acl:relcl> ...	1.0	0.348	free_topic	Reptile__class
conj<nmod>acl> ...	1.0	0.269	free_topic	Reptile__class
obl<advcl<compound:prt> ...	1.0	0.455	free_topic	Reptile__class
compound<conj<appos> ...	1.0	0.328	free_topic	Reptile__class
nmod<obl<ccomp> ...	1.0	0.246	free_topic	Reptile__class
compound<acl:relcl>nsubj> ...	1.0	0.786	free_topic	Reptile__class
compound<acl:relcl> ...	1.0	0.437	free_topic	Reptile__class
compound<acl:relcl>obl> ...	1.0	0.223	free_topic	Reptile__class
nmod>conj>compound> ...	1.0	0.158	free_topic	Reptile__class
obl<conj>det> ...	1.0	0.542	free_topic	Reptile__class
obl<conj>compound> ...	1.0	0.482	free_topic	Reptile__class
nsubj<ccomp<mark> ...	1.0	0.399	free_topic	Reptile__class
conj<obj<parataxis< ...	1.0	0.448	free_topic	Reptile__class
nsubj<ccomp<advcl< ...	1.0	0.423	free_topic	Reptile__class
compound<conj>cc> and	1.0	0.454	free_topic	Reptile__class
compound<appos>amod> ...	1.0	0.361	free_topic	Reptile__class
ccomp<nsubj:pass> ...	1.0	0.383	free_topic	Reptile__class
ccomp<aux:pass> ...	1.0	0.525	free_topic	Reptile__class
acl>obl>nummod> ...	1.0	0.299	free_topic	Reptile__class
obj<obl>compound> ...	1.0	0.226	free_topic	Reptile__class
nmod>appos>compound> ...	1.0	0.412	free_topic	Reptile__class
compound<appos>det> ...	1.0	0.619	free_topic	Reptile__class
obj<nsubj>nmod> ...	1.0	0.348	free_topic	Reptile__class
obj<nsubj>conj> ...	1.0	0.254	free_topic	Reptile__class
nmod<obj<nsubj:pass> ...	1.0	0.668	free_topic	Reptile__class
nsubj:pass<appos>nmod> ...	1.0	0.184	free_topic	Reptile__class
nsubj:pass<appos>conj> ...	1.0	0.36	free_topic	Reptile__class
nsubj:pass<appos> ...	1.0	0.386	free_topic	Reptile__class
nmod<acl:relcl>obj> ...	1.0	0.725	free_topic	Reptile__class
nsubj:pass<obl>acl> ...	1.0	0.391	free_topic	Reptile__class
compound>conj>cc> or	1.0	0.556	free_topic	Reptile__class
nmod:poss> they	1.0	0.323	free_topic	Reptile__class
advmod> actually	1.0	0.322	free_topic	Reptile__class
nmod:poss< range	1.0	0.399	free_topic	Reptile__class
nsubj<ccomp< show	1.0	0.763	free_topic	Reptile__class
nsubj>nmod>case> of	1.0	0.6	free_topic	Reptile__class
nmod<nsubj> it	1.0	0.457	free_topic	Reptile__class
conj<obj>det> the	1.0	0.364	free_topic	Reptile__class
appos> biology	1.0	0.456	free_topic	Reptile__class
conj<conj<cop> be	1.0	0.385	free_topic	Reptile__class
conj>det> some	1.0	0.358	free_topic	Reptile__class
conj<obl> human	1.0	0.244	free_topic	Reptile__class
flat<case> of	1.0	0.263	free_topic	Reptile__class
obl<nsubj> ratio	1.0	0.73	free_topic	Reptile__class
conj<nmod< carnivore	1.0	0.354	free_topic	Reptile__class
compound<case> than	1.0	0.232	free_topic	Reptile__class
nsubj<advmod> most	1.0	1.004	free_topic	Reptile__class
amod>amod> cold	1.0	0.441	free_topic	Reptile__class
nsubj:pass<mark> that	1.0	0.189	free_topic	Reptile__class
compound<nmod> area	1.0	0.483	free_topic	Reptile__class
nsubj<conj>case> of	1.0	0.335	free_topic	Reptile__class
nmod< range	1.0	0.503	free_topic	Reptile__class
conj< crocodile	1.0	0.675	free_topic	Reptile__class
acl:relcl>aux> can	1.0	0.248	free_topic	Reptile__class
nsubj> these	1.0	0.465	free_topic	Reptile__class
compound<cop> be	1.0	0.321	free_topic	Reptile__class
obj< attack	1.0	0.416	free_topic	Reptile__class
obj<nsubj> they	1.0	0.386	free_topic	Reptile__class
conj>cc> plus	1.0	0.67	free_topic	Reptile__class
conj<conj>amod> spot	1.0	0.41	free_topic	Reptile__class
compound<conj<advmod> also	1.0	0.462	free_topic	Reptile__class
nmod<nummod> two	1.0	0.412	free_topic	Reptile__class
nmod<conj<advmod> also	1.0	0.567	free_topic	Reptile__class
nmod<conj< bird	1.0	0.615	free_topic	Reptile__class
nmod<compound> food	1.0	0.821	free_topic	Reptile__class
conj<conj>aux:pass> be	1.0	0.343	free_topic	Reptile__class
conj<conj>aux> have	1.0	0.304	free_topic	Reptile__class
conj<obl>case> for	1.0	0.714	free_topic	Reptile__class
nsubj<mark> to	1.0	0.467	free_topic	Reptile__class
nmod<det> no	1.0	0.622	free_topic	Reptile__class
conj<conj> caiman	1.0	0.825	free_topic	Reptile__class
nsubj:pass< adapt	1.0	0.321	free_topic	Reptile__class
conj>amod> long	1.0	0.297	free_topic	Reptile__class
nummod> two	1.0	0.502	free_topic	Reptile__class
nsubj< hunt	1.0	0.575	free_topic	Reptile__class
nsubj<conj>amod> large	1.0	0.599	free_topic	Reptile__class
nsubj<obl>conj> water	1.0	0.475	free_topic	Reptile__class
cc> Crocodylus	1.0	0.596	free_topic	Reptile__class
nmod<obl<aux> can	1.0	0.432	free_topic	Reptile__class
nsubj<advmod> actually	1.0	1.12	free_topic	Reptile__class
nsubj<obj> one	1.0	0.255	free_topic	Reptile__class
nsubj<advcl>nsubj> alligator	1.0	0.212	free_topic	Reptile__class
nmod<obj< give	1.0	0.686	free_topic	Reptile__class
nmod<acl:relcl<case> to	1.0	0.41	free_topic	Reptile__class
nsubj<obj> nutrient	1.0	0.381	free_topic	Reptile__class
advmod> as	1.0	0.393	free_topic	Reptile__class
nsubj<advmod> not	1.0	1.089	free_topic	Reptile__class
nsubj<obl>det> this	1.0	0.539	free_topic	Reptile__class
nsubj<advcl>advcl> come	1.0	0.466	free_topic	Reptile__class
nsubj<advcl>obl> prey	1.0	0.564	free_topic	Reptile__class
nsubj<advcl> wait	1.0	0.416	free_topic	Reptile__class
nsubj< predator	1.0	0.722	free_topic	Reptile__class
nsubj<amod> ambush	1.0	0.273	free_topic	Reptile__class
nsubj<acl:relcl>cop> be	1.0	0.562	free_topic	Reptile__class
obj< allow	1.0	0.303	free_topic	Reptile__class
obl<advcl<cop> be	1.0	0.548	free_topic	Reptile__class
obl<mark> although	1.0	0.596	free_topic	Reptile__class
obj<acl<det> the	1.0	0.35	free_topic	Reptile__class
acl:relcl>advcl> kill	1.0	0.33	free_topic	Reptile__class
nmod<obj<conj> become	1.0	0.338	free_topic	Reptile__class
acl:relcl>obj>nmod:poss> they	1.0	0.765	free_topic	Reptile__class
appos> crocodile	1.0	0.5	free_topic	Reptile__class
obl>nmod>det> the	1.0	0.545	free_topic	Reptile__class
obl>nmod>case> of	1.0	0.283	free_topic	Reptile__class
obl>det> the	1.0	0.287	free_topic	Reptile__class
obl>case> in	1.0	0.423	free_topic	Reptile__class
ccomp<nsubj>det> the	1.0	0.32	free_topic	Reptile__class
ccomp<obl>det> the	1.0	0.464	free_topic	Reptile__class
appos<acl:relcl>nsubj> which	1.0	0.465	free_topic	Reptile__class
nmod<nmod>case> from	1.0	0.345	free_topic	Reptile__class
nsubj<obl> reptile	1.0	0.677	free_topic	Reptile__class
appos<nsubj< find	1.0	0.405	free_topic	Reptile__class
conj<conj>advmod> especially	1.0	0.552	free_topic	Reptile__class
conj> crocodile	1.0	0.982	free_topic	Reptile__class
conj<compound> desert	1.0	0.391	free_topic	Reptile__class
nsubj<aux> could	1.0	0.718	free_topic	Reptile__class
obj<obl> species	1.0	0.357	free_topic	Reptile__class
nmod<obl<nsubj> they	1.0	0.32	free_topic	Reptile__class
nsubj:pass<advcl>mark> when	1.0	0.534	free_topic	Reptile__class
obj<advcl> hunt	1.0	0.543	free_topic	Reptile__class
obj< take	1.0	0.402	free_topic	Reptile__class
obl<aux> can	1.0	0.448	free_topic	Reptile__class
acl:relcl>nsubj> they	1.0	0.246	free_topic	Reptile__class
conj>amod> aquatic	1.0	0.399	free_topic	Reptile__class
nmod<advmod> also	1.0	0.333	free_topic	Reptile__class
nmod<nmod>case> such	1.0	0.217	free_topic	Reptile__class
acl:relcl>advmod> where	1.0	0.323	free_topic	Reptile__class
obl<amod<det> the	1.0	0.249	free_topic	Reptile__class
acl:relcl> feed	1.0	0.511	free_topic	Reptile__class
nmod<conj<conj> mammal	1.0	1.152	free_topic	Reptile__class
conj<obj< mean	1.0	0.493	free_topic	Reptile__class
nsubj<obl> alligator	1.0	0.529	free_topic	Reptile__class
nsubj<obl>amod> american	1.0	0.341	free_topic	Reptile__class
nmod<nsubj>det> the	1.0	0.315	free_topic	Reptile__class
obj<aux> have	1.0	0.359	free_topic	Reptile__class
obj<conj>aux:pass> be	1.0	0.428	free_topic	Reptile__class
conj>obl>case> in	1.0	0.371	free_topic	Reptile__class
conj>obj>det> the	1.0	0.285	free_topic	Reptile__class
conj>nmod:poss> they	1.0	0.565	free_topic	Reptile__class
obj<advcl< observe	1.0	0.338	free_topic	Reptile__class
obl<acl:relcl<det> the	1.0	0.557	free_topic	Reptile__class
nmod<obl<mark> to	1.0	0.251	free_topic	Reptile__class
obl<nsubj> which	1.0	0.929	free_topic	Reptile__class
compound<conj< zoo	1.0	0.458	free_topic	Reptile__class
conj>cc> but	1.0	0.85	free_topic	Reptile__class
advcl>obj>nmod:poss> they	1.0	0.325	free_topic	Reptile__class
advcl>nsubj> they	1.0	0.546	free_topic	Reptile__class
nmod<conj< fishes	1.0	0.261	free_topic	Reptile__class
nmod<conj<amod> finn	1.0	0.539	free_topic	Reptile__class
compound<case> for	1.0	0.291	free_topic	Reptile__class
amod>advmod> only	1.0	0.683	free_topic	Reptile__class
conj<ccomp< be	1.0	0.499	free_topic	Reptile__class
flat<nmod>det> the	1.0	0.192	free_topic	Reptile__class
flat<det> a	1.0	0.324	free_topic	Reptile__class
nsubj<nmod>compound> family	1.0	0.38	free_topic	Reptile__class
acl:relcl>obl> predator	1.0	0.3	free_topic	Reptile__class
conj<conj>amod> american	1.0	0.423	free_topic	Reptile__class
compound<obl<advmod> occasionally	1.0	0.765	free_topic	Reptile__class
appos<case> include	1.0	0.395	free_topic	Reptile__class
nmod<nmod<case> of	1.0	0.619	free_topic	Reptile__class
nmod<nmod<nmod< that	1.0	0.361	free_topic	Reptile__class
obl<acl<amod> first	1.0	0.302	free_topic	Reptile__class
conj>amod> american	1.0	0.28	free_topic	Reptile__class
appos< turtle	1.0	0.581	free_topic	Reptile__class
acl>obl>det> a	1.0	0.433	free_topic	Reptile__class
obl<parataxis>cop> be	1.0	0.286	free_topic	Reptile__class
xcomp<aux:pass> be	1.0	0.566	free_topic	Reptile__class
appos<nmod>det> the	1.0	0.481	free_topic	Reptile__class
appos<det> a	1.0	0.415	free_topic	Reptile__class
acl>advmod> primarily	1.0	0.541	free_topic	Reptile__class
acl:relcl>obl>case> from	1.0	0.496	free_topic	Reptile__class
nsubj<obl>det> a	1.0	0.698	free_topic	Reptile__class
advmod> especially	1.0	0.435	free_topic	Reptile__class
nmod<obj< use	1.0	0.572	free_topic	Reptile__class
nmod<obl>case> to	1.0	0.555	free_topic	Reptile__class
nsubj<conj> consider	1.0	0.209	free_topic	Reptile__class
nmod<amod> largest	1.0	0.441	free_topic	Reptile__class
nsubj<nmod>case> to	1.0	0.206	free_topic	Reptile__class
nmod<nmod< one	1.0	0.4	free_topic	Reptile__class
nsubj<conj>aux> have	1.0	0.517	free_topic	Reptile__class
nsubj<aux> would	1.0	0.703	free_topic	Reptile__class
nmod<amod>advmod> most	1.0	0.288	free_topic	Reptile__class
nsubj<xcomp>cop> be	1.0	0.307	free_topic	Reptile__class
appos>det> a	1.0	0.395	free_topic	Reptile__class
nsubj:pass< list	1.0	0.434	free_topic	Reptile__class
obj<aux> can	1.0	0.281	free_topic	Reptile__class
conj<obl<cop> be	1.0	0.532	free_topic	Reptile__class
nsubj> they	1.0	0.471	free_topic	Reptile__class
nmod<cc>fixed> than	1.0	0.492	free_topic	Reptile__class
nmod<cc> rather	1.0	0.514	free_topic	Reptile__class
obl<obj>nmod> energy	1.0	0.51	free_topic	Reptile__class
amod>compound> cold	1.0	0.396	free_topic	Reptile__class
cc>fixed> as	1.0	0.435	free_topic	Reptile__class
cc>fixed> well	1.0	0.47	free_topic	Reptile__class
cc> as	1.0	0.847	free_topic	Reptile__class
nmod>nmod> species	1.0	0.527	free_topic	Reptile__class
nsubj:pass<advcl> have	1.0	0.655	free_topic	Reptile__class
compound<nmod<case> to	1.0	0.357	free_topic	Reptile__class
acl:relcl> have	1.0	0.44	free_topic	Reptile__class
nsubj> it	1.0	0.431	free_topic	Reptile__class
nsubj<conj<cop> be	1.0	0.539	free_topic	Reptile__class
obl<nsubj> reptile	1.0	0.801	free_topic	Reptile__class
obl<nsubj>cop> be	1.0	0.478	free_topic	Reptile__class
nsubj:pass< describe	1.0	0.41	free_topic	Reptile__class
nsubj:pass< name	1.0	0.376	free_topic	Reptile__class
nsubj:pass<nsubj:pass>det> the	1.0	0.441	free_topic	Reptile__class
nsubj:pass<parataxis>aux:pass> be	1.0	0.388	free_topic	Reptile__class
nsubj<conj>cc> or	1.0	0.734	free_topic	Reptile__class
nmod>conj>cc> as	1.0	0.171	free_topic	Reptile__class
nmod<nsubj<det> a	1.0	0.339	free_topic	Reptile__class
nsubj>compound> sea	1.0	0.654	free_topic	Reptile__class
nsubj>det> a	1.0	0.447	free_topic	Reptile__class
conj>nmod>case> in	1.0	0.595	free_topic	Reptile__class
nmod>nmod>case> from	1.0	0.541	free_topic	Reptile__class
nmod<conj<det> a	1.0	0.545	free_topic	Reptile__class
nmod<conj<cop> be	1.0	0.391	free_topic	Reptile__class
conj<obl< operate	1.0	0.296	free_topic	Reptile__class
nmod<amod> first	1.0	0.546	free_topic	Reptile__class
nmod<nsubj<cc> and	1.0	0.291	free_topic	Reptile__class
nmod<obj<xcomp< able	1.0	0.565	free_topic	Reptile__class
obl<advmod> ever	1.0	0.348	free_topic	Reptile__class
conj<obl>case> with	1.0	0.504	free_topic	Reptile__class
conj<obj>det> a	1.0	0.32	free_topic	Reptile__class
obl<conj> bird	1.0	0.295	free_topic	Reptile__class
obl<acl:relcl<cop> be	1.0	0.608	free_topic	Reptile__class
compound<conj< monitor	1.0	0.309	free_topic	Reptile__class
amod>advmod> even	1.0	0.696	free_topic	Reptile__class
nmod<advmod> however	1.0	0.276	free_topic	Reptile__class
nmod<nsubj<aux> have	1.0	0.567	free_topic	Reptile__class
obj<acl:relcl<cop> be	1.0	0.621	free_topic	Reptile__class
acl>mark> to	1.0	0.461	free_topic	Reptile__class
acl>conj>cc> and	1.0	0.377	free_topic	Reptile__class
obl< take	1.0	0.711	free_topic	Reptile__class
nmod:poss> Morafka	1.0	0.372	free_topic	Reptile__class
acl>obl>case> at	1.0	0.319	free_topic	Reptile__class
obl<advmod> loosely	1.0	0.448	free_topic	Reptile__class
obl<nsubj:pass>advmod> only	1.0	0.464	free_topic	Reptile__class
appos<cop> be	1.0	0.411	free_topic	Reptile__class
appos<nsubj> species	1.0	0.337	free_topic	Reptile__class
obl<parataxis> have	1.0	0.396	free_topic	Reptile__class
parataxis>obl>det> the	1.0	0.574	free_topic	Reptile__class
compound< group	1.0	0.55	free_topic	Reptile__class
nsubj<advmod>advmod> most	1.0	0.42	free_topic	Reptile__class
nmod:poss<nmod>case> to	1.0	0.501	free_topic	Reptile__class
nmod:poss<nmod>det> the	1.0	0.306	free_topic	Reptile__class
nsubj<ccomp< indicate	1.0	0.727	free_topic	Reptile__class
obl<nmod>case> to	1.0	0.252	free_topic	Reptile__class
nmod>amod> other	1.0	0.592	free_topic	Reptile__class
nsubj<advcl<aux:pass> be	1.0	0.557	free_topic	Reptile__class
compound<det> a	1.0	0.78	free_topic	Reptile__class
obl<obl>det> a	1.0	0.411	free_topic	Reptile__class
obl<advmod>advmod> more	1.0	0.539	free_topic	Reptile__class
obl<advcl>mark> although	1.0	0.587	free_topic	Reptile__class
nmod<nsubj< show	1.0	0.42	free_topic	Reptile__class
nmod<nmod>case> on	1.0	0.289	free_topic	Reptile__class
nsubj<conj< be	1.0	0.26	free_topic	Reptile__class
nmod<nsubj<advmod> however	1.0	0.42	free_topic	Reptile__class
nsubj<advmod> still	1.0	1.112	free_topic	Reptile__class
nsubj<advcl>mark> by	1.0	0.545	free_topic	Reptile__class
nmod<case> as	1.0	0.742	free_topic	Reptile__class
amod>obl>case> in	1.0	0.479	free_topic	Reptile__class
obl<advcl> produce	1.0	0.459	free_topic	Reptile__class
appos<nsubj:pass<aux:pass> be	1.0	0.308	free_topic	Reptile__class
compound<amod> many	1.0	0.303	free_topic	Reptile__class
amod>conj>cc> or	1.0	0.476	free_topic	Reptile__class
nmod<nmod<det> a	1.0	0.816	free_topic	Reptile__class
nmod<nmod<obj< have	1.0	0.532	free_topic	Reptile__class
compound<nmod>case> on	1.0	0.376	free_topic	Reptile__class
acl>obl>case> as	1.0	0.211	free_topic	Reptile__class
nmod<obj<nsubj> it	1.0	0.335	free_topic	Reptile__class
acl> compare	1.0	0.418	free_topic	Reptile__class
obl<acl<cop> be	1.0	0.325	free_topic	Reptile__class
appos<conj>cc> or	1.0	0.723	free_topic	Reptile__class
appos<case> as	1.0	0.466	free_topic	Reptile__class
nsubj<obj> leopard	1.0	0.168	free_topic	Reptile__class
obl<advcl>mark> while	1.0	0.525	free_topic	Reptile__class
conj<obj<nsubj> predator	1.0	0.341	free_topic	Reptile__class
nsubj<obl>amod> late	1.0	0.491	free_topic	Reptile__class
nsubj<parataxis<cop> be	1.0	0.426	free_topic	Reptile__class
obl<conj>nsubj> it	1.0	0.473	free_topic	Reptile__class
conj<nmod:poss>case> 's	1.0	0.483	free_topic	Reptile__class
conj<cc> and	1.0	0.385	free_topic	Reptile__class
nsubj<appos>det> a	1.0	0.715	free_topic	Reptile__class
obl<det> a	1.0	0.996	free_topic	Reptile__class
nsubj<advcl>advmod> not	1.0	0.615	free_topic	Reptile__class
compound<nmod> size	1.0	0.415	free_topic	Reptile__class
appos>compound> Chelonoidis	1.0	0.625	free_topic	Reptile__class
nsubj<aux> will	1.0	0.753	free_topic	Reptile__class
compound<nsubj:pass< find	1.0	0.465	free_topic	Reptile__class
compound<nsubj:pass<aux> have	1.0	0.244	free_topic	Reptile__class
compound<amod> first	1.0	0.486	free_topic	Reptile__class
conj<nmod<amod> aquatic	1.0	0.408	free_topic	Reptile__class
nsubj> Ichthyosaurs	1.0	0.546	free_topic	Reptile__class
nsubj<obj> hibernation	1.0	0.246	free_topic	Reptile__class
nsubj<parataxis>nsubj> they	1.0	0.34	free_topic	Reptile__class
nsubj:pass<conj>cc> or	1.0	0.344	free_topic	Reptile__class
conj<appos<flat> ...	1.0	0.436	free_topic	Reptile__class
case> ...	24.0	0.845	location_comment	Reptile__class
amod> ...	23.0	1.097	location_comment	Reptile__class
conj> ...	17.0	0.924	location_comment	Reptile__class
conj< ...	15.0	0.624	location_comment	Reptile__class
conj<conj> ...	14.0	0.721	location_comment	Reptile__class
nmod< ...	13.0	0.445	location_comment	Reptile__class
obl< ...	11.0	0.711	location_comment	Reptile__class
det> ...	10.0	0.678	location_comment	Reptile__class
nmod<amod> ...	10.0	0.537	location_comment	Reptile__class
conj>cc> and	10.0	0.842	location_comment	Reptile__class
det> the	10.0	0.844	location_comment	Reptile__class
conj>cc> ...	10.0	0.662	location_comment	Reptile__class
cc> ...	9.0	0.86	location_comment	Reptile__class
compound> ...	9.0	0.494	location_comment	Reptile__class
conj<amod> ...	9.0	0.685	location_comment	Reptile__class
compound< ...	8.0	0.443	location_comment	Reptile__class
obl<nsubj> ...	8.0	0.795	location_comment	Reptile__class
nmod<det> ...	8.0	0.595	location_comment	Reptile__class
nmod<case> ...	8.0	0.751	location_comment	Reptile__class
conj<case> ...	7.0	0.445	location_comment	Reptile__class
obj< ...	7.0	0.359	location_comment	Reptile__class
case> of	7.0	0.897	location_comment	Reptile__class
cc> and	7.0	0.908	location_comment	Reptile__class
case> in	6.0	0.882	location_comment	Reptile__class
conj<nsubj>amod> ...	6.0	0.233	location_comment	Reptile__class
conj> stream	6.0	0.734	location_comment	Reptile__class
acl:relcl>advmod> ...	6.0	0.312	location_comment	Reptile__class
nmod<det> the	5.0	0.656	location_comment	Reptile__class
conj< lakes	5.0	0.625	location_comment	Reptile__class
nmod>case> ...	5.0	0.995	location_comment	Reptile__class
nmod> ...	5.0	0.684	location_comment	Reptile__class
acl:relcl> ...	5.0	0.433	location_comment	Reptile__class
conj<conj>cc> ...	5.0	0.574	location_comment	Reptile__class
nmod<obl< ...	5.0	0.36	location_comment	Reptile__class
nmod<case> in	5.0	0.854	location_comment	Reptile__class
conj<nmod< ...	5.0	0.237	location_comment	Reptile__class
nmod<nmod>case> ...	4.0	0.266	location_comment	Reptile__class
conj<conj>cc> and	4.0	0.674	location_comment	Reptile__class
nmod<conj> ...	4.0	0.23	location_comment	Reptile__class
compound<amod> ...	4.0	0.27	location_comment	Reptile__class
nmod<nmod> ...	4.0	0.376	location_comment	Reptile__class
nmod<compound> ...	4.0	0.565	location_comment	Reptile__class
acl:relcl>nsubj> ...	4.0	0.227	location_comment	Reptile__class
conj<nsubj> ...	4.0	0.45	location_comment	Reptile__class
compound<list> ...	3.0	0.245	location_comment	Reptile__class
conj<nmod<case> ...	3.0	0.445	location_comment	Reptile__class
obl<nsubj>compound> ...	3.0	0.26	location_comment	Reptile__class
compound<appos<list> ...	3.0	0.351	location_comment	Reptile__class
nmod<nmod>det> ...	3.0	0.474	location_comment	Reptile__class
conj<cop> ...	3.0	0.411	location_comment	Reptile__class
compound<case> ...	3.0	0.258	location_comment	Reptile__class
conj<nmod<obl< ...	3.0	0.458	location_comment	Reptile__class
obl<nmod> ...	3.0	0.227	location_comment	Reptile__class
appos> ...	3.0	0.403	location_comment	Reptile__class
conj<case> in	3.0	0.466	location_comment	Reptile__class
obl<nmod>case> ...	3.0	0.21	location_comment	Reptile__class
conj<det> ...	3.0	0.559	location_comment	Reptile__class
nmod>nmod>conj> ...	3.0	0.38	location_comment	Reptile__class
conj<nmod>conj> ...	3.0	0.385	location_comment	Reptile__class
conj<amod> move	3.0	0.649	location_comment	Reptile__class
nmod<nmod>det> the	3.0	0.524	location_comment	Reptile__class
nmod<det> a	3.0	0.615	location_comment	Reptile__class
amod>advmod> ...	3.0	0.651	location_comment	Reptile__class
obl<obj> ...	3.0	0.332	location_comment	Reptile__class
obj<conj<nsubj> ...	3.0	0.373	location_comment	Reptile__class
conj<cop> be	3.0	0.411	location_comment	Reptile__class
conj<nmod<det> ...	3.0	0.687	location_comment	Reptile__class
conj<nmod<amod> ...	3.0	0.479	location_comment	Reptile__class
obj<conj< ...	3.0	0.475	location_comment	Reptile__class
compound< tortoise	3.0	0.498	location_comment	Reptile__class
conj>amod> ...	3.0	0.295	location_comment	Reptile__class
nmod<obl<conj> ...	3.0	0.549	location_comment	Reptile__class
nmod<obl<nsubj> ...	3.0	0.297	location_comment	Reptile__class
conj<conj>amod> ...	3.0	0.354	location_comment	Reptile__class
nmod<nmod>compound> ...	3.0	0.404	location_comment	Reptile__class
conj<conj<conj> ...	3.0	0.385	location_comment	Reptile__class
obl<nsubj>amod> ...	2.0	0.19	location_comment	Reptile__class
compound<nmod< ...	2.0	0.219	location_comment	Reptile__class
conj>compound> ...	2.0	0.391	location_comment	Reptile__class
obl<nsubj>det> ...	2.0	0.398	location_comment	Reptile__class
acl:relcl>advmod> where	2.0	0.323	location_comment	Reptile__class
nmod<cc> ...	2.0	0.436	location_comment	Reptile__class
nmod<nmod>nmod> ...	2.0	0.184	location_comment	Reptile__class
compound<nmod<det> ...	2.0	0.5	location_comment	Reptile__class
obl<det> a	2.0	0.996	location_comment	Reptile__class
nmod<conj>cc> ...	2.0	0.41	location_comment	Reptile__class
obl<conj>cc> and	2.0	0.473	location_comment	Reptile__class
compound<nmod<amod> ...	2.0	0.331	location_comment	Reptile__class
conj<nsubj>nmod:poss> ...	2.0	0.43	location_comment	Reptile__class
obj<cc> ...	2.0	0.626	location_comment	Reptile__class
cc> or	2.0	0.951	location_comment	Reptile__class
acl:relcl>conj>cc> and	2.0	0.416	location_comment	Reptile__class
conj<parataxis<advcl> ...	2.0	0.429	location_comment	Reptile__class
nmod<obl<advmod> ...	2.0	0.311	location_comment	Reptile__class
nmod:poss> ...	2.0	0.229	location_comment	Reptile__class
compound<det> ...	2.0	0.675	location_comment	Reptile__class
nmod<obl<aux:pass> ...	2.0	0.471	location_comment	Reptile__class
compound<appos> tortoise	2.0	0.626	location_comment	Reptile__class
acl> ...	2.0	0.369	location_comment	Reptile__class
acl>mark> ...	2.0	0.551	location_comment	Reptile__class
compound<case> in	2.0	0.229	location_comment	Reptile__class
conj<obl< ...	2.0	0.415	location_comment	Reptile__class
nmod<nsubj>acl> ...	2.0	0.341	location_comment	Reptile__class
nmod<conj>cc> and	2.0	0.405	location_comment	Reptile__class
list<appos> tortoise	2.0	0.346	location_comment	Reptile__class
obj<conj<obl> ...	2.0	0.169	location_comment	Reptile__class
acl:relcl>conj> ...	2.0	0.444	location_comment	Reptile__class
acl:relcl>conj>cc> ...	2.0	0.416	location_comment	Reptile__class
conj>det> ...	2.0	0.371	location_comment	Reptile__class
conj<conj<compound> ...	2.0	0.408	location_comment	Reptile__class
conj<conj< ...	2.0	0.416	location_comment	Reptile__class
obj<conj<conj> ...	2.0	0.284	location_comment	Reptile__class
nmod<nmod>case> on	2.0	0.289	location_comment	Reptile__class
compound<nmod:poss> ...	2.0	0.145	location_comment	Reptile__class
compound<appos<conj> ...	2.0	0.333	location_comment	Reptile__class
obl<nsubj>det> the	2.0	0.492	location_comment	Reptile__class
list<conj> ...	2.0	0.201	location_comment	Reptile__class
nmod:poss>case> ...	2.0	0.122	location_comment	Reptile__class
case> with	2.0	0.888	location_comment	Reptile__class
obl<cop> ...	2.0	0.543	location_comment	Reptile__class
obl<amod> ...	2.0	0.22	location_comment	Reptile__class
nmod<obl<obl> ...	2.0	0.481	location_comment	Reptile__class
list<list> ...	2.0	0.212	location_comment	Reptile__class
acl>mark> to	2.0	0.461	location_comment	Reptile__class
list<appos> ...	2.0	0.328	location_comment	Reptile__class
nmod<obl<nsubj:pass> ...	2.0	0.421	location_comment	Reptile__class
nmod>amod> ...	2.0	0.572	location_comment	Reptile__class
compound<list>appos> ...	2.0	0.537	location_comment	Reptile__class
compound<list>nmod:poss> ...	2.0	0.466	location_comment	Reptile__class
obj<mark> ...	2.0	0.417	location_comment	Reptile__class
compound<conj> ...	2.0	0.323	location_comment	Reptile__class
compound<appos> ...	2.0	0.528	location_comment	Reptile__class
nmod<obl<nsubj> they	2.0	0.32	location_comment	Reptile__class
obl<det> ...	2.0	0.975	location_comment	Reptile__class
conj<det> the	2.0	0.694	location_comment	Reptile__class
obl<conj>cc> ...	2.0	0.41	location_comment	Reptile__class
obj<nsubj> ...	2.0	0.256	location_comment	Reptile__class
nmod<cc> and	2.0	0.368	location_comment	Reptile__class
obj<nsubj>det> the	2.0	0.519	location_comment	Reptile__class
obj<nsubj>det> ...	2.0	0.459	location_comment	Reptile__class
nmod<amod>obl:npmod> ...	2.0	0.303	location_comment	Reptile__class
obl<conj>amod> ...	2.0	0.408	location_comment	Reptile__class
nmod<nmod< ...	2.0	0.296	location_comment	Reptile__class
obl<conj> ...	2.0	0.321	location_comment	Reptile__class
nmod<obl<aux:pass> be	2.0	0.471	location_comment	Reptile__class
conj<nsubj>nmod:poss> they	2.0	0.503	location_comment	Reptile__class
acl:relcl>nsubj> which	2.0	0.309	location_comment	Reptile__class
nmod<nmod<det> ...	2.0	0.761	location_comment	Reptile__class
nmod:poss>case> 's	2.0	0.256	location_comment	Reptile__class
conj<nmod<nmod> ...	2.0	0.302	location_comment	Reptile__class
obj<mark> to	2.0	0.454	location_comment	Reptile__class
conj<case> include	2.0	0.45	location_comment	Reptile__class
conj<nmod<obl< occur	2.0	0.405	location_comment	Reptile__class
conj<nmod<case> in	2.0	0.4	location_comment	Reptile__class
acl:relcl> flood	2.0	0.473	location_comment	Reptile__class
appos>amod> ...	2.0	0.321	location_comment	Reptile__class
acl:relcl>advmod> seasonally	2.0	0.312	location_comment	Reptile__class
obl<cop> be	2.0	0.543	location_comment	Reptile__class
obl<nsubj> it	1.0	0.862	location_comment	Reptile__class
conj<obl<nsubj:pass> ...	1.0	0.321	location_comment	Reptile__class
conj<obl<aux:pass> ...	1.0	0.282	location_comment	Reptile__class
conj<obl<advmod> ...	1.0	0.48	location_comment	Reptile__class
conj<obl<conj> ...	1.0	0.36	location_comment	Reptile__class
obj<xcomp<nsubj> ...	1.0	0.269	location_comment	Reptile__class
conj<obj< include	1.0	0.299	location_comment	Reptile__class
nmod>nmod> ...	1.0	0.462	location_comment	Reptile__class
conj<conj>det> ...	1.0	0.561	location_comment	Reptile__class
conj<conj>flat> ...	1.0	0.485	location_comment	Reptile__class
conj<parataxis>advmod> ...	1.0	0.271	location_comment	Reptile__class
obj<conj<ccomp< ...	1.0	0.504	location_comment	Reptile__class
conj<parataxis> ...	1.0	0.446	location_comment	Reptile__class
conj<obl<obl> ...	1.0	0.361	location_comment	Reptile__class
conj<parataxis>compound> ...	1.0	0.388	location_comment	Reptile__class
acl:relcl>cop> be	1.0	0.329	location_comment	Reptile__class
nmod<nmod<det> the	1.0	0.832	location_comment	Reptile__class
acl:relcl>xcomp>mark> to	1.0	0.397	location_comment	Reptile__class
acl:relcl>aux:pass> be	1.0	0.22	location_comment	Reptile__class
nmod>case> of	1.0	1.091	location_comment	Reptile__class
conj<conj<cop> ...	1.0	0.385	location_comment	Reptile__class
conj<conj<nsubj> ...	1.0	0.433	location_comment	Reptile__class
conj<conj<parataxis< ...	1.0	0.219	location_comment	Reptile__class
obl<advcl<conj> ...	1.0	0.384	location_comment	Reptile__class
obl<advcl< ...	1.0	0.382	location_comment	Reptile__class
nmod>nmod>compound> ...	1.0	0.337	location_comment	Reptile__class
obl<advcl<cop> ...	1.0	0.548	location_comment	Reptile__class
obl<advcl<nsubj> ...	1.0	0.359	location_comment	Reptile__class
obj<xcomp> ...	1.0	0.328	location_comment	Reptile__class
obj<xcomp>mark> ...	1.0	0.356	location_comment	Reptile__class
conj<parataxis<aux> ...	1.0	0.312	location_comment	Reptile__class
obj<obl>nmod> ...	1.0	0.143	location_comment	Reptile__class
obj<conj<nmod> ...	1.0	0.283	location_comment	Reptile__class
nmod<case> with	1.0	0.72	location_comment	Reptile__class
nmod<obl< find	1.0	0.345	location_comment	Reptile__class
obj<obl> ...	1.0	0.176	location_comment	Reptile__class
conj<parataxis< ...	1.0	0.39	location_comment	Reptile__class
obj<obl>det> ...	1.0	0.536	location_comment	Reptile__class
nmod<obj< have	1.0	0.67	location_comment	Reptile__class
obj<xcomp< ...	1.0	0.497	location_comment	Reptile__class
advmod> ...	1.0	0.42	location_comment	Reptile__class
nmod<case> from	1.0	0.733	location_comment	Reptile__class
advmod>obl>case> ...	1.0	0.484	location_comment	Reptile__class
advmod>obl> ...	1.0	0.455	location_comment	Reptile__class
obj<obl>case> ...	1.0	0.493	location_comment	Reptile__class
obj<conj<cop> ...	1.0	0.425	location_comment	Reptile__class
nmod<cc:preconj> ...	1.0	0.353	location_comment	Reptile__class
conj<compound> ...	1.0	0.386	location_comment	Reptile__class
compound<conj<conj< ...	1.0	0.409	location_comment	Reptile__class
compound<conj< ...	1.0	0.284	location_comment	Reptile__class
conj<advcl> ...	1.0	0.44	location_comment	Reptile__class
appos<obl>det> the	1.0	0.461	location_comment	Reptile__class
appos<obl>case> in	1.0	0.386	location_comment	Reptile__class
appos<aux:pass> be	1.0	0.474	location_comment	Reptile__class
nmod>nmod>case> ...	1.0	0.496	location_comment	Reptile__class
nmod>nmod>det> ...	1.0	0.177	location_comment	Reptile__class
obl<nmod>nmod> ...	1.0	0.321	location_comment	Reptile__class
obj<nsubj> crocodile	1.0	0.218	location_comment	Reptile__class
obj<conj>aux:pass> be	1.0	0.428	location_comment	Reptile__class
obj<conj>cc> and	1.0	0.317	location_comment	Reptile__class
obl<compound> ...	1.0	0.181	location_comment	Reptile__class
obl<nmod>amod> ...	1.0	0.386	location_comment	Reptile__class
obj<conj<amod> ...	1.0	0.387	location_comment	Reptile__class
nmod>compound> ...	1.0	0.302	location_comment	Reptile__class
nmod:poss>compound> ...	1.0	0.567	location_comment	Reptile__class
obl<acl<det> ...	1.0	0.476	location_comment	Reptile__class
nmod>conj> ...	1.0	0.517	location_comment	Reptile__class
nmod<nsubj<cop> ...	1.0	0.356	location_comment	Reptile__class
nmod<nsubj<amod> ...	1.0	0.408	location_comment	Reptile__class
nmod<nsubj< ...	1.0	0.238	location_comment	Reptile__class
nmod<nsubj<acl> ...	1.0	0.215	location_comment	Reptile__class
obl<nmod>det> ...	1.0	0.59	location_comment	Reptile__class
obl<conj>xcomp> ...	1.0	0.289	location_comment	Reptile__class
obl<conj<nsubj:pass> ...	1.0	0.19	location_comment	Reptile__class
obl<conj<aux:pass> ...	1.0	0.293	location_comment	Reptile__class
obl<conj<advmod> ...	1.0	0.435	location_comment	Reptile__class
obl<conj< ...	1.0	0.283	location_comment	Reptile__class
obl<cc> ...	1.0	0.349	location_comment	Reptile__class
obl<aux> ...	1.0	0.295	location_comment	Reptile__class
obl<advmod> ...	1.0	0.379	location_comment	Reptile__class
appos>amod>advmod> ...	1.0	0.331	location_comment	Reptile__class
appos>nmod>case> ...	1.0	0.604	location_comment	Reptile__class
appos>nmod> ...	1.0	0.416	location_comment	Reptile__class
appos>nmod>conj> ...	1.0	0.416	location_comment	Reptile__class
conj<case>fixed> ...	1.0	0.575	location_comment	Reptile__class
nmod>conj>cc> ...	1.0	0.196	location_comment	Reptile__class
nmod>det> ...	1.0	0.484	location_comment	Reptile__class
obj<advcl<conj> ...	1.0	0.227	location_comment	Reptile__class
obl<conj>obl> ...	1.0	0.248	location_comment	Reptile__class
obl<obl> ...	1.0	0.418	location_comment	Reptile__class
obl<obl>nmod> ...	1.0	0.467	location_comment	Reptile__class
acl:relcl>obj> ...	1.0	0.286	location_comment	Reptile__class
compound<nmod<conj< ...	1.0	0.328	location_comment	Reptile__class
compound<nmod<cc> ...	1.0	0.406	location_comment	Reptile__class
conj<amod< ...	1.0	0.406	location_comment	Reptile__class
obl<conj>nsubj> ...	1.0	0.521	location_comment	Reptile__class
obl<conj>cop> ...	1.0	0.292	location_comment	Reptile__class
obl<conj>det> ...	1.0	0.542	location_comment	Reptile__class
obj<advcl>obl> ...	1.0	0.348	location_comment	Reptile__class
obl<conj>nmod> ...	1.0	0.49	location_comment	Reptile__class
nmod<nmod<case> ...	1.0	0.528	location_comment	Reptile__class
nmod<nmod<conj> ...	1.0	0.318	location_comment	Reptile__class
nmod<nmod<obl< ...	1.0	0.447	location_comment	Reptile__class
obj<advcl<obl> ...	1.0	0.366	location_comment	Reptile__class
obj<advcl< ...	1.0	0.265	location_comment	Reptile__class
obj<advcl<obj> ...	1.0	0.238	location_comment	Reptile__class
obj<advcl>mark> ...	1.0	0.26	location_comment	Reptile__class
obj<advcl> ...	1.0	0.432	location_comment	Reptile__class
conj<obl<mark> ...	1.0	0.379	location_comment	Reptile__class
conj<amod>amod> ...	1.0	0.36	location_comment	Reptile__class
acl>obj>nmod:poss> ...	1.0	0.329	location_comment	Reptile__class
appos<nsubj:pass> ...	1.0	0.372	location_comment	Reptile__class
appos<aux:pass> ...	1.0	0.474	location_comment	Reptile__class
appos< ...	1.0	0.456	location_comment	Reptile__class
appos<obl>case> ...	1.0	0.349	location_comment	Reptile__class
appos<obl>det> ...	1.0	0.437	location_comment	Reptile__class
appos<obl>amod> ...	1.0	0.418	location_comment	Reptile__class
appos<obl> ...	1.0	0.258	location_comment	Reptile__class
appos<advmod> ...	1.0	0.341	location_comment	Reptile__class
acl>obj> ...	1.0	0.267	location_comment	Reptile__class
conj<nmod<conj> ...	1.0	0.294	location_comment	Reptile__class
obj<nsubj>compound> ...	1.0	0.413	location_comment	Reptile__class
obj<conj>cc> ...	1.0	0.355	location_comment	Reptile__class
obj<conj>aux> ...	1.0	0.266	location_comment	Reptile__class
obj<conj>aux:pass> ...	1.0	0.428	location_comment	Reptile__class
obj<conj> ...	1.0	0.562	location_comment	Reptile__class
obj<conj>obl> ...	1.0	0.444	location_comment	Reptile__class
nmod<obj<nsubj> ...	1.0	0.217	location_comment	Reptile__class
nmod<obj< ...	1.0	0.556	location_comment	Reptile__class
nmod<obj<conj> ...	1.0	0.276	location_comment	Reptile__class
conj<nmod<obl> ...	1.0	0.346	location_comment	Reptile__class
conj<nmod>case> ...	1.0	0.636	location_comment	Reptile__class
nmod<nmod<nsubj:pass< ...	1.0	0.479	location_comment	Reptile__class
conj<nmod> ...	1.0	0.434	location_comment	Reptile__class
acl:relcl>nsubj:pass> ...	1.0	0.298	location_comment	Reptile__class
acl:relcl>aux:pass> ...	1.0	0.22	location_comment	Reptile__class
acl:relcl>xcomp>mark> ...	1.0	0.397	location_comment	Reptile__class
acl:relcl>xcomp> ...	1.0	0.26	location_comment	Reptile__class
acl:relcl>xcomp>obj> ...	1.0	0.602	location_comment	Reptile__class
nmod<nmod<amod> ...	1.0	0.271	location_comment	Reptile__class
nmod<nmod<compound> ...	1.0	0.462	location_comment	Reptile__class
acl:relcl>cop> ...	1.0	0.329	location_comment	Reptile__class
conj<nmod<nsubj> ...	1.0	0.3	location_comment	Reptile__class
nmod<conj<nmod< ...	1.0	0.58	location_comment	Reptile__class
nmod<conj<case> ...	1.0	0.324	location_comment	Reptile__class
nmod<conj< ...	1.0	0.353	location_comment	Reptile__class
nmod<conj<conj> ...	1.0	1.122	location_comment	Reptile__class
conj<obj<nsubj> ...	1.0	0.288	location_comment	Reptile__class
conj<obj< ...	1.0	0.334	location_comment	Reptile__class
obl<obl>nummod> ...	1.0	0.294	location_comment	Reptile__class
obl<obl>amod> ...	1.0	0.245	location_comment	Reptile__class
obl<obl>nmod:poss> ...	1.0	0.321	location_comment	Reptile__class
conj<cc> ...	1.0	0.385	location_comment	Reptile__class
nmod<advmod> ...	1.0	0.402	location_comment	Reptile__class
nmod<parataxis>nsubj> ...	1.0	0.233	location_comment	Reptile__class
nmod<parataxis> ...	1.0	0.278	location_comment	Reptile__class
nmod<parataxis>obj> ...	1.0	0.429	location_comment	Reptile__class
conj<conj<case> ...	1.0	0.297	location_comment	Reptile__class
conj<conj<amod> ...	1.0	0.173	location_comment	Reptile__class
nmod<cop> ...	1.0	0.37	location_comment	Reptile__class
compound<appos<compound> ...	1.0	0.561	location_comment	Reptile__class
compound<appos< ...	1.0	0.523	location_comment	Reptile__class
compound<nmod:poss>case> ...	1.0	0.144	location_comment	Reptile__class
compound<appos<appos> ...	1.0	0.335	location_comment	Reptile__class
compound<appos>compound> ...	1.0	0.318	location_comment	Reptile__class
compound<conj>compound> ...	1.0	0.389	location_comment	Reptile__class
compound<appos>det> ...	1.0	0.619	location_comment	Reptile__class
nmod<amod>advmod> ...	1.0	0.321	location_comment	Reptile__class
nmod<nsubj>nmod> ...	1.0	0.22	location_comment	Reptile__class
list<compound> ...	1.0	0.201	location_comment	Reptile__class
amod>conj>cc> ...	1.0	0.476	location_comment	Reptile__class
obl<acl<amod> ...	1.0	0.222	location_comment	Reptile__class
obl<acl< ...	1.0	0.395	location_comment	Reptile__class
obl<obj>nummod> ...	1.0	0.25	location_comment	Reptile__class
obl<acl<nmod> ...	1.0	0.34	location_comment	Reptile__class
conj<nsubj>det> ...	1.0	0.535	location_comment	Reptile__class
conj<conj>nmod> ...	1.0	0.218	location_comment	Reptile__class
obj<conj<obj> ...	1.0	0.421	location_comment	Reptile__class
amod>nsubj>det> ...	1.0	0.383	location_comment	Reptile__class
amod>nsubj> ...	1.0	0.18	location_comment	Reptile__class
amod>cop> ...	1.0	0.362	location_comment	Reptile__class
amod>conj> ...	1.0	0.198	location_comment	Reptile__class
nmod<nsubj> ...	1.0	0.304	location_comment	Reptile__class
conj>nmod>case> ...	1.0	0.688	location_comment	Reptile__class
conj>nmod> ...	1.0	0.436	location_comment	Reptile__class
acl:relcl>aux> ...	1.0	0.385	location_comment	Reptile__class
acl:relcl>obl>case> ...	1.0	0.516	location_comment	Reptile__class
acl:relcl>obl>det> ...	1.0	0.173	location_comment	Reptile__class
acl:relcl>obl> ...	1.0	0.23	location_comment	Reptile__class
conj<nmod<obj< ...	1.0	0.421	location_comment	Reptile__class
nmod<nsubj>det> ...	1.0	0.316	location_comment	Reptile__class
list<amod> ...	1.0	0.152	location_comment	Reptile__class
list< ...	1.0	0.424	location_comment	Reptile__class
obl<obl>case> ...	1.0	0.403	location_comment	Reptile__class
nmod<appos>amod> ...	1.0	0.25	location_comment	Reptile__class
obl<nsubj>nmod:poss> ...	1.0	0.184	location_comment	Reptile__class
compound<nmod<obj< ...	1.0	0.262	location_comment	Reptile__class
nmod<compound>compound> ...	1.0	0.319	location_comment	Reptile__class
nmod<conj>det> ...	1.0	0.448	location_comment	Reptile__class
nmod<conj>compound> ...	1.0	0.605	location_comment	Reptile__class
nmod<acl> ...	1.0	0.524	location_comment	Reptile__class
nmod<acl>obj> ...	1.0	0.218	location_comment	Reptile__class
nmod<appos>nummod> ...	1.0	0.218	location_comment	Reptile__class
nmod<appos> ...	1.0	0.24	location_comment	Reptile__class
nmod<nmod>amod> ...	1.0	0.452	location_comment	Reptile__class
compound<obl<nsubj> ...	1.0	0.465	location_comment	Reptile__class
compound<obl< ...	1.0	0.523	location_comment	Reptile__class
compound<obl<obj> ...	1.0	0.355	location_comment	Reptile__class
compound<obl<nmod> ...	1.0	0.095	location_comment	Reptile__class
nsubj< ...	1.0	0.724	location_comment	Reptile__class
nsubj<obj> ...	1.0	0.201	location_comment	Reptile__class
nsubj<obj>conj> ...	1.0	1.003	location_comment	Reptile__class
obl<advcl> ...	1.0	0.443	location_comment	Reptile__class
obl<advcl>obj> ...	1.0	0.361	location_comment	Reptile__class
obl<parataxis< ...	1.0	0.269	location_comment	Reptile__class
obl<parataxis<det> ...	1.0	0.349	location_comment	Reptile__class
appos>det> ...	1.0	0.335	location_comment	Reptile__class
appos>compound> ...	1.0	0.413	location_comment	Reptile__class
compound<compound> ...	1.0	0.266	location_comment	Reptile__class
obl<parataxis<cop> ...	1.0	0.334	location_comment	Reptile__class
compound<compound<compound> ...	1.0	0.353	location_comment	Reptile__class
compound<compound< ...	1.0	0.308	location_comment	Reptile__class
obl<acl:relcl< ...	1.0	0.247	location_comment	Reptile__class
obl<obj>conj> ...	1.0	0.14	location_comment	Reptile__class
obl<parataxis<nsubj> ...	1.0	0.421	location_comment	Reptile__class
acl:relcl>nsubj> they	1.0	0.246	location_comment	Reptile__class
acl:relcl>aux> can	1.0	0.248	location_comment	Reptile__class
acl:relcl>obl>case> in	1.0	0.432	location_comment	Reptile__class
acl:relcl>obl>det> the	1.0	0.163	location_comment	Reptile__class
conj<nmod<det> the	1.0	0.715	location_comment	Reptile__class
conj<case> of	1.0	0.463	location_comment	Reptile__class
nmod<nsubj>det> the	1.0	0.315	location_comment	Reptile__class
nmod<cop> be	1.0	0.37	location_comment	Reptile__class
conj>nmod>case> of	1.0	0.686	location_comment	Reptile__class
conj>det> the	1.0	0.389	location_comment	Reptile__class
conj<nsubj>det> the	1.0	0.488	location_comment	Reptile__class
conj<nsubj>amod> american	1.0	0.499	location_comment	Reptile__class
conj<det> a	1.0	0.569	location_comment	Reptile__class
conj<conj>cc> or	1.0	0.615	location_comment	Reptile__class
amod>cop> be	1.0	0.362	location_comment	Reptile__class
amod>advmod> relatively	1.0	0.654	location_comment	Reptile__class
amod>advmod> more	1.0	0.746	location_comment	Reptile__class
amod>conj>cc> and	1.0	0.49	location_comment	Reptile__class
nmod>case> in	1.0	1.072	location_comment	Reptile__class
compound<nmod:poss>case> 's	1.0	0.144	location_comment	Reptile__class
nmod<advmod> however	1.0	0.276	location_comment	Reptile__class
conj<cc> and	1.0	0.385	location_comment	Reptile__class
nmod<obl< live	1.0	0.48	location_comment	Reptile__class
nmod>case> from	1.0	1.045	location_comment	Reptile__class
case> like	1.0	0.921	location_comment	Reptile__class
conj<nsubj>amod> other	1.0	0.204	location_comment	Reptile__class
conj<compound> river	1.0	0.397	location_comment	Reptile__class
obj<conj<cop> be	1.0	0.425	location_comment	Reptile__class
obj<conj<amod> largest	1.0	0.387	location_comment	Reptile__class
obj<cc> and	1.0	0.595	location_comment	Reptile__class
obj<obl>case> with	1.0	0.539	location_comment	Reptile__class
obj<obl>det> a	1.0	0.549	location_comment	Reptile__class
nmod>case> include	1.0	0.955	location_comment	Reptile__class
nmod> species	1.0	0.71	location_comment	Reptile__class
obl<advcl<cop> be	1.0	0.548	location_comment	Reptile__class
conj<conj<cop> be	1.0	0.385	location_comment	Reptile__class
nmod<compound> salt	1.0	0.743	location_comment	Reptile__class
obl<acl<det> a	1.0	0.507	location_comment	Reptile__class
obj<xcomp>mark> to	1.0	0.356	location_comment	Reptile__class
nmod>nmod>det> the	1.0	0.205	location_comment	Reptile__class
nmod>nmod> crocodile	1.0	0.519	location_comment	Reptile__class
conj<conj>det> the	1.0	0.647	location_comment	Reptile__class
conj<conj> frog	1.0	0.749	location_comment	Reptile__class
conj<obl<nsubj:pass> they	1.0	0.46	location_comment	Reptile__class
conj<obl<aux:pass> be	1.0	0.252	location_comment	Reptile__class
conj<obl< find	1.0	0.716	location_comment	Reptile__class
nmod>case> on	1.0	1.001	location_comment	Reptile__class
nmod>det> the	1.0	0.479	location_comment	Reptile__class
nmod>conj>cc> and	1.0	0.157	location_comment	Reptile__class
nmod<nsubj<cop> be	1.0	0.356	location_comment	Reptile__class
obl<conj<aux:pass> be	1.0	0.293	location_comment	Reptile__class
conj>det> some	1.0	0.358	location_comment	Reptile__class
obl<nsubj> crocodile	1.0	0.819	location_comment	Reptile__class
obl<nmod>case> to	1.0	0.252	location_comment	Reptile__class
obj< keep	1.0	0.36	location_comment	Reptile__class
obl<conj>nsubj> it	1.0	0.473	location_comment	Reptile__class
obl<conj>cop> be	1.0	0.292	location_comment	Reptile__class
obl<conj>det> the	1.0	0.518	location_comment	Reptile__class
obl<conj> bird	1.0	0.295	location_comment	Reptile__class
nmod<nmod<det> a	1.0	0.816	location_comment	Reptile__class
nmod<case> of	1.0	0.847	location_comment	Reptile__class
nmod< range	1.0	0.503	location_comment	Reptile__class
nmod<obl<nsubj> crocodile	1.0	0.438	location_comment	Reptile__class
nmod<amod> wide	1.0	0.545	location_comment	Reptile__class
nmod<nmod>case> of	1.0	0.266	location_comment	Reptile__class
conj<nmod<det> a	1.0	0.708	location_comment	Reptile__class
conj<nmod<amod> wide	1.0	0.493	location_comment	Reptile__class
conj<nmod< range	1.0	0.349	location_comment	Reptile__class
conj<nmod>case> of	1.0	0.738	location_comment	Reptile__class
obl<cc> but	1.0	0.407	location_comment	Reptile__class
obl<aux> can	1.0	0.448	location_comment	Reptile__class
obl<advmod> also	1.0	0.433	location_comment	Reptile__class
case> to	1.0	0.833	location_comment	Reptile__class
appos>nmod>case> of	1.0	0.531	location_comment	Reptile__class
conj<case> such	1.0	0.496	location_comment	Reptile__class
conj<case>fixed> as	1.0	0.575	location_comment	Reptile__class
obl<parataxis<cop> be	1.0	0.334	location_comment	Reptile__class
compound<nmod<det> a	1.0	0.47	location_comment	Reptile__class
compound<case> with	1.0	0.316	location_comment	Reptile__class
nmod<nmod>case> in	1.0	0.348	location_comment	Reptile__class
nmod<nmod>compound> conservation	1.0	0.554	location_comment	Reptile__class
obl<nsubj> that	1.0	0.898	location_comment	Reptile__class
nmod:poss> Morafka	1.0	0.372	location_comment	Reptile__class
nmod<conj>det> a	1.0	0.462	location_comment	Reptile__class
obl<obl>case> of	1.0	0.416	location_comment	Reptile__class
obl<obl>nmod:poss> they	1.0	0.321	location_comment	Reptile__class
acl:relcl>nsubj> that	1.0	0.256	location_comment	Reptile__class
acl:relcl>obj> they	1.0	0.437	location_comment	Reptile__class
compound<nmod<cc> and	1.0	0.406	location_comment	Reptile__class
compound<nmod<det> the	1.0	0.51	location_comment	Reptile__class
compound<det> the	1.0	0.725	location_comment	Reptile__class
obl<advcl> use	1.0	0.494	location_comment	Reptile__class
compound<nmod:poss> they	1.0	0.357	location_comment	Reptile__class
compound> sea	1.0	0.448	location_comment	Reptile__class
obl<nsubj> turtle	1.0	0.88	location_comment	Reptile__class
nmod<obl<obj> ...	1.0	0.43	location_comment	Reptile__class
amod> ...	50.0	1.097	location_topic	Reptile__class
conj<conj> ...	42.0	0.721	location_topic	Reptile__class
compound> ...	41.0	0.494	location_topic	Reptile__class
det> ...	32.0	0.678	location_topic	Reptile__class
det> the	28.0	0.844	location_topic	Reptile__class
case> ...	28.0	0.845	location_topic	Reptile__class
conj<conj>amod> ...	24.0	0.354	location_topic	Reptile__class
nsubj< ...	22.0	0.724	location_topic	Reptile__class
nmod< ...	18.0	0.445	location_topic	Reptile__class
conj<conj>compound> ...	18.0	0.311	location_topic	Reptile__class
conj< ...	17.0	0.624	location_topic	Reptile__class
compound> sea	16.0	0.448	location_topic	Reptile__class
conj> ...	14.0	0.924	location_topic	Reptile__class
compound> Nile	13.0	0.625	location_topic	Reptile__class
conj<conj> caiman	12.0	0.825	location_topic	Reptile__class
nmod<det> ...	11.0	0.595	location_topic	Reptile__class
amod> green	11.0	0.9	location_topic	Reptile__class
case> of	11.0	0.897	location_topic	Reptile__class
conj<conj>cc> and	11.0	0.674	location_topic	Reptile__class
nsubj<obl>case> ...	11.0	0.873	location_topic	Reptile__class
nsubj<obl> ...	11.0	0.54	location_topic	Reptile__class
conj<conj>cc> ...	11.0	0.574	location_topic	Reptile__class
nmod<amod> ...	10.0	0.537	location_topic	Reptile__class
nsubj<cop> ...	10.0	0.586	location_topic	Reptile__class
amod> american	10.0	1.043	location_topic	Reptile__class
conj>compound> ...	10.0	0.391	location_topic	Reptile__class
nsubj<cop> be	10.0	0.598	location_topic	Reptile__class
appos> ...	9.0	0.403	location_topic	Reptile__class
conj<det> the	9.0	0.694	location_topic	Reptile__class
conj<det> ...	9.0	0.559	location_topic	Reptile__class
conj<case> ...	9.0	0.445	location_topic	Reptile__class
compound< ...	9.0	0.443	location_topic	Reptile__class
nsubj:pass<aux:pass> be	8.0	0.519	location_topic	Reptile__class
cc> and	8.0	0.908	location_topic	Reptile__class
cc> ...	8.0	0.86	location_topic	Reptile__class
nmod<case> ...	8.0	0.751	location_topic	Reptile__class
nsubj:pass< ...	8.0	0.301	location_topic	Reptile__class
conj<obl<advmod> ...	8.0	0.48	location_topic	Reptile__class
nsubj:pass<obl> ...	8.0	0.533	location_topic	Reptile__class
compound<amod> ...	8.0	0.27	location_topic	Reptile__class
nsubj:pass<aux:pass> ...	8.0	0.513	location_topic	Reptile__class
compound<nmod>case> ...	7.0	0.376	location_topic	Reptile__class
compound<nmod> ...	7.0	0.368	location_topic	Reptile__class
nsubj:pass<obl>case> ...	7.0	0.492	location_topic	Reptile__class
nsubj<obj> ...	7.0	0.201	location_topic	Reptile__class
conj<compound> ...	7.0	0.386	location_topic	Reptile__class
conj<conj>appos> ...	6.0	0.607	location_topic	Reptile__class
conj>cc> and	6.0	0.842	location_topic	Reptile__class
nsubj<obl>conj> ...	6.0	0.391	location_topic	Reptile__class
nmod<det> the	6.0	0.656	location_topic	Reptile__class
conj>cc> ...	6.0	0.662	location_topic	Reptile__class
nsubj<advmod> ...	6.0	1.02	location_topic	Reptile__class
conj<obl< ...	6.0	0.415	location_topic	Reptile__class
conj<obj< ...	5.0	0.334	location_topic	Reptile__class
nmod:poss< ...	5.0	0.328	location_topic	Reptile__class
nsubj<obl>amod> ...	5.0	0.445	location_topic	Reptile__class
conj<case> as	5.0	0.498	location_topic	Reptile__class
advmod> ...	5.0	0.42	location_topic	Reptile__class
compound<det> ...	5.0	0.675	location_topic	Reptile__class
nsubj<det> ...	5.0	0.488	location_topic	Reptile__class
conj>amod> ...	5.0	0.295	location_topic	Reptile__class
nsubj<amod> ...	5.0	0.27	location_topic	Reptile__class
appos>compound> ...	5.0	0.413	location_topic	Reptile__class
nsubj<obl>det> ...	5.0	0.67	location_topic	Reptile__class
nsubj<conj> ...	5.0	0.217	location_topic	Reptile__class
case> 's	5.0	0.786	location_topic	Reptile__class
nmod<compound> ...	4.0	0.565	location_topic	Reptile__class
compound<conj> ...	4.0	0.323	location_topic	Reptile__class
nmod<obj< ...	4.0	0.556	location_topic	Reptile__class
nsubj<obl>nmod> ...	4.0	0.398	location_topic	Reptile__class
nsubj<xcomp> ...	4.0	0.179	location_topic	Reptile__class
nsubj<conj>cc> ...	4.0	0.677	location_topic	Reptile__class
obl< ...	4.0	0.711	location_topic	Reptile__class
conj<conj> turtle	4.0	0.777	location_topic	Reptile__class
nmod<det> a	4.0	0.615	location_topic	Reptile__class
nsubj<obl>det> the	4.0	0.658	location_topic	Reptile__class
nsubj<obl>case> in	4.0	0.909	location_topic	Reptile__class
nmod>case> ...	4.0	0.995	location_topic	Reptile__class
nmod> ...	4.0	0.684	location_topic	Reptile__class
conj> caiman	4.0	0.971	location_topic	Reptile__class
nsubj<obl>conj> caiman	4.0	0.589	location_topic	Reptile__class
conj<obl<nsubj> caiman	4.0	0.411	location_topic	Reptile__class
compound<case> ...	4.0	0.258	location_topic	Reptile__class
conj<obl<appos> crocodilian	4.0	0.318	location_topic	Reptile__class
conj<obl<conj> species	4.0	0.323	location_topic	Reptile__class
conj<obl< know	4.0	0.558	location_topic	Reptile__class
conj<obl<advmod> commonly	4.0	0.541	location_topic	Reptile__class
conj<compound> jacare	4.0	0.37	location_topic	Reptile__class
conj< caiman	4.0	0.587	location_topic	Reptile__class
conj<obl<advmod> also	4.0	0.586	location_topic	Reptile__class
conj<obl<appos> ...	4.0	0.341	location_topic	Reptile__class
nsubj<obl>compound> ...	4.0	0.239	location_topic	Reptile__class
conj<obl<conj> ...	4.0	0.36	location_topic	Reptile__class
nsubj<obj>amod> ...	4.0	0.309	location_topic	Reptile__class
conj<obl<nsubj> ...	4.0	0.395	location_topic	Reptile__class
compound> saltwater	4.0	0.446	location_topic	Reptile__class
nmod< species	4.0	0.492	location_topic	Reptile__class
compound<nmod>nmod> ...	4.0	0.35	location_topic	Reptile__class
nmod:poss<nmod>nmod> ...	4.0	0.2	location_topic	Reptile__class
conj<appos> ...	3.0	0.422	location_topic	Reptile__class
appos>conj> ...	3.0	0.345	location_topic	Reptile__class
appos>conj>cc> ...	3.0	0.383	location_topic	Reptile__class
acl:relcl>obj> ...	3.0	0.286	location_topic	Reptile__class
conj<conj>det> the	3.0	0.647	location_topic	Reptile__class
nsubj<xcomp>mark> to	3.0	0.382	location_topic	Reptile__class
nmod<nmod< ...	3.0	0.296	location_topic	Reptile__class
nmod:poss<nmod> ...	3.0	0.259	location_topic	Reptile__class
conj<obj<nsubj> ...	3.0	0.288	location_topic	Reptile__class
conj<conj>amod> southern	3.0	0.373	location_topic	Reptile__class
nmod:poss<nmod>case> ...	3.0	0.399	location_topic	Reptile__class
nsubj<xcomp>mark> ...	3.0	0.382	location_topic	Reptile__class
nsubj<xcomp>obj> ...	3.0	0.494	location_topic	Reptile__class
nsubj<conj>det> ...	3.0	0.201	location_topic	Reptile__class
nmod<cop> ...	3.0	0.37	location_topic	Reptile__class
nsubj:pass<advmod> ...	3.0	0.643	location_topic	Reptile__class
nsubj:pass<obl>compound> ...	3.0	0.126	location_topic	Reptile__class
conj<conj>amod> spectacled	3.0	0.429	location_topic	Reptile__class
conj<conj>compound> piranha	3.0	0.516	location_topic	Reptile__class
compound<nsubj:pass<obl> ...	3.0	0.289	location_topic	Reptile__class
conj<conj>amod> red	3.0	0.384	location_topic	Reptile__class
nsubj<det> a	3.0	0.483	location_topic	Reptile__class
compound<det> the	3.0	0.725	location_topic	Reptile__class
compound<nmod>det> the	3.0	0.335	location_topic	Reptile__class
conj< crocodile	3.0	0.675	location_topic	Reptile__class
obl<appos>conj> ...	3.0	0.392	location_topic	Reptile__class
nsubj:pass< find	3.0	0.3	location_topic	Reptile__class
conj<obj< include	3.0	0.299	location_topic	Reptile__class
appos>compound> Crocodylus	3.0	0.63	location_topic	Reptile__class
case> to	3.0	0.833	location_topic	Reptile__class
nsubj<conj>cc> and	3.0	0.598	location_topic	Reptile__class
appos>conj>cc> and	3.0	0.39	location_topic	Reptile__class
compound<amod> spectacle	3.0	0.446	location_topic	Reptile__class
nsubj:pass<conj>nmod> ...	3.0	0.202	location_topic	Reptile__class
conj> crocodile	3.0	0.982	location_topic	Reptile__class
conj<conj>compound> Paraguayan	3.0	0.238	location_topic	Reptile__class
nmod>case> in	3.0	1.072	location_topic	Reptile__class
nmod<cop> be	3.0	0.37	location_topic	Reptile__class
conj>det> ...	3.0	0.371	location_topic	Reptile__class
nmod<obl< ...	3.0	0.36	location_topic	Reptile__class
nmod<conj<advmod> ...	3.0	0.534	location_topic	Reptile__class
conj<advmod> ...	3.0	0.477	location_topic	Reptile__class
acl> ...	3.0	0.369	location_topic	Reptile__class
nmod<obj<nsubj> ...	3.0	0.217	location_topic	Reptile__class
conj<conj>det> ...	3.0	0.561	location_topic	Reptile__class
nsubj<advcl>mark> ...	3.0	0.551	location_topic	Reptile__class
conj<conj>case> ...	3.0	0.27	location_topic	Reptile__class
compound<nmod>det> ...	3.0	0.342	location_topic	Reptile__class
nsubj:pass<obl>case> in	3.0	0.463	location_topic	Reptile__class
conj<nsubj> ...	3.0	0.45	location_topic	Reptile__class
conj>det> the	3.0	0.389	location_topic	Reptile__class
nsubj<conj>det> a	2.0	0.192	location_topic	Reptile__class
nsubj<nmod>det> ...	2.0	0.331	location_topic	Reptile__class
conj<obj<advmod> also	2.0	0.521	location_topic	Reptile__class
conj<appos> pardus	2.0	0.55	location_topic	Reptile__class
conj<conj>amod> african	2.0	0.392	location_topic	Reptile__class
conj<obj<cc> but	2.0	0.348	location_topic	Reptile__class
det> this	2.0	0.583	location_topic	Reptile__class
compound<nsubj:pass<aux:pass> be	2.0	0.275	location_topic	Reptile__class
conj<conj>appos> aurata	2.0	0.686	location_topic	Reptile__class
nmod<obl<aux> ...	2.0	0.521	location_topic	Reptile__class
appos> niloticus	2.0	0.592	location_topic	Reptile__class
conj<conj> crocodile	2.0	0.806	location_topic	Reptile__class
conj<obj> ...	2.0	0.418	location_topic	Reptile__class
conj<nmod>case> Osteolaemus	2.0	0.76	location_topic	Reptile__class
conj<nmod> tetraspis	2.0	0.556	location_topic	Reptile__class
conj<conj>compound> rock	2.0	0.538	location_topic	Reptile__class
conj<conj>appos> seba	2.0	0.509	location_topic	Reptile__class
conj<appos>compound> Panthera	2.0	0.278	location_topic	Reptile__class
obl<appos> ...	2.0	0.293	location_topic	Reptile__class
conj<conj>case> like	2.0	0.238	location_topic	Reptile__class
nmod<nummod> ...	2.0	0.443	location_topic	Reptile__class
nsubj<nmod>case> ...	2.0	0.167	location_topic	Reptile__class
compound<compound<compound> ...	2.0	0.353	location_topic	Reptile__class
nsubj<obj>det> a	2.0	0.57	location_topic	Reptile__class
conj<case> in	2.0	0.466	location_topic	Reptile__class
compound<nmod>case> in	2.0	0.39	location_topic	Reptile__class
amod>advmod> ...	2.0	0.651	location_topic	Reptile__class
compound<nmod>case> on	2.0	0.376	location_topic	Reptile__class
compound<conj>cc> ...	2.0	0.371	location_topic	Reptile__class
nsubj< have	2.0	0.788	location_topic	Reptile__class
nmod:poss>case> ...	2.0	0.122	location_topic	Reptile__class
nsubj< species	2.0	0.744	location_topic	Reptile__class
compound<conj>compound> ...	2.0	0.389	location_topic	Reptile__class
nsubj<aux> ...	2.0	0.679	location_topic	Reptile__class
compound<conj>cc> and	2.0	0.454	location_topic	Reptile__class
compound<amod> green	2.0	0.331	location_topic	Reptile__class
conj<conj>compound> sea	2.0	0.387	location_topic	Reptile__class
conj<obl<cop> be	2.0	0.532	location_topic	Reptile__class
amod> small	2.0	1.119	location_topic	Reptile__class
nsubj<obl>case> at	2.0	0.866	location_topic	Reptile__class
list<flat> ...	2.0	0.362	location_topic	Reptile__class
conj<obj<nsubj> predator	2.0	0.341	location_topic	Reptile__class
nmod:poss<nmod>det> the	2.0	0.306	location_topic	Reptile__class
nsubj<det> the	2.0	0.464	location_topic	Reptile__class
nsubj<obj>nmod> ...	2.0	0.209	location_topic	Reptile__class
obl<advmod> ...	2.0	0.379	location_topic	Reptile__class
nmod<nmod<det> the	2.0	0.832	location_topic	Reptile__class
conj<obl<case> among	2.0	0.31	location_topic	Reptile__class
conj<obl<acl:relcl> eat	2.0	0.586	location_topic	Reptile__class
conj<obl<parataxis> another	2.0	0.542	location_topic	Reptile__class
conj<obl< creature	2.0	0.304	location_topic	Reptile__class
nmod:poss> ...	2.0	0.229	location_topic	Reptile__class
conj<obl<amod> few	2.0	0.446	location_topic	Reptile__class
conj<obl<det> the	2.0	0.205	location_topic	Reptile__class
conj<conj> snake	2.0	0.782	location_topic	Reptile__class
conj<obj<conj< ...	2.0	0.113	location_topic	Reptile__class
nmod<conj<conj> ...	2.0	1.122	location_topic	Reptile__class
nmod:poss<amod> ...	2.0	0.44	location_topic	Reptile__class
nsubj<obj>conj> ...	2.0	1.003	location_topic	Reptile__class
nmod<nsubj< ...	2.0	0.238	location_topic	Reptile__class
nsubj:pass<obl>acl> ...	2.0	0.391	location_topic	Reptile__class
nsubj<advcl< ...	2.0	0.381	location_topic	Reptile__class
nsubj<mark> ...	2.0	0.431	location_topic	Reptile__class
nsubj:pass<obl>flat> ...	2.0	0.351	location_topic	Reptile__class
nmod<nmod<nmod> ...	2.0	0.517	location_topic	Reptile__class
nmod<nmod<amod> ...	2.0	0.271	location_topic	Reptile__class
nmod:poss<nsubj<obl> ...	2.0	0.425	location_topic	Reptile__class
nmod<nmod<det> ...	2.0	0.761	location_topic	Reptile__class
nmod:poss<nsubj< ...	2.0	0.367	location_topic	Reptile__class
nmod:poss<nsubj<aux> ...	2.0	0.398	location_topic	Reptile__class
nmod<nsubj> ...	2.0	0.304	location_topic	Reptile__class
nsubj<appos>conj> ...	2.0	0.271	location_topic	Reptile__class
nmod:poss<nmod>compound> ...	2.0	0.464	location_topic	Reptile__class
nsubj<appos> ...	2.0	0.41	location_topic	Reptile__class
nmod<conj< ...	2.0	0.353	location_topic	Reptile__class
nsubj<obl>nummod> ...	2.0	0.697	location_topic	Reptile__class
conj<obl<acl:relcl> ...	2.0	0.545	location_topic	Reptile__class
conj<obl<parataxis> ...	2.0	0.501	location_topic	Reptile__class
conj<obl<amod> ...	2.0	0.508	location_topic	Reptile__class
nsubj:pass<conj> ...	2.0	0.53	location_topic	Reptile__class
compound<obl< ...	2.0	0.523	location_topic	Reptile__class
conj<obl<det> ...	2.0	0.205	location_topic	Reptile__class
nsubj<advcl> ...	2.0	0.402	location_topic	Reptile__class
conj<obl<case> ...	2.0	0.31	location_topic	Reptile__class
nmod<conj<nsubj> ...	2.0	0.548	location_topic	Reptile__class
conj<obl<cop> ...	2.0	0.532	location_topic	Reptile__class
nmod:poss>case> 's	2.0	0.256	location_topic	Reptile__class
acl>obj> ...	2.0	0.267	location_topic	Reptile__class
conj>compound>compound> ...	2.0	0.132	location_topic	Reptile__class
amod> Nile	2.0	1.071	location_topic	Reptile__class
conj<nmod<case> ...	2.0	0.445	location_topic	Reptile__class
conj<obj<advmod> ...	2.0	0.56	location_topic	Reptile__class
conj<obj<cc> ...	2.0	0.302	location_topic	Reptile__class
nsubj<advcl>obj> ...	2.0	0.304	location_topic	Reptile__class
nsubj<nmod> ...	2.0	0.225	location_topic	Reptile__class
nsubj:pass<xcomp> ...	2.0	0.203	location_topic	Reptile__class
obl<nmod> ...	2.0	0.227	location_topic	Reptile__class
obj< ...	2.0	0.359	location_topic	Reptile__class
obl<nmod>case> ...	2.0	0.21	location_topic	Reptile__class
obj<nsubj> ...	2.0	0.256	location_topic	Reptile__class
obl<amod> ...	2.0	0.22	location_topic	Reptile__class
nmod<nmod> ...	2.0	0.376	location_topic	Reptile__class
nmod<nmod>case> ...	2.0	0.266	location_topic	Reptile__class
compound<nsubj:pass< ...	2.0	0.351	location_topic	Reptile__class
compound<obl<nmod> ...	2.0	0.095	location_topic	Reptile__class
compound<nsubj:pass<aux:pass> ...	2.0	0.275	location_topic	Reptile__class
nmod:poss<nmod>det> ...	2.0	0.306	location_topic	Reptile__class
conj<nmod<amod> ...	2.0	0.479	location_topic	Reptile__class
conj<nmod< ...	2.0	0.237	location_topic	Reptile__class
compound<obl<amod> ...	2.0	0.642	location_topic	Reptile__class
nsubj:pass<obl>nmod> ...	2.0	0.346	location_topic	Reptile__class
compound<nmod>compound> ...	2.0	0.399	location_topic	Reptile__class
acl:relcl> ...	2.0	0.433	location_topic	Reptile__class
acl:relcl>nsubj> ...	2.0	0.227	location_topic	Reptile__class
nsubj<obj>det> ...	2.0	0.524	location_topic	Reptile__class
conj<amod> ...	2.0	0.685	location_topic	Reptile__class
nsubj<acl> ...	2.0	0.351	location_topic	Reptile__class
conj<nmod> ...	2.0	0.434	location_topic	Reptile__class
conj<nmod>case> ...	2.0	0.636	location_topic	Reptile__class
conj<appos>compound> ...	2.0	0.324	location_topic	Reptile__class
conj<nsubj>amod> ...	2.0	0.233	location_topic	Reptile__class
nsubj<acl>obl> ...	2.0	0.643	location_topic	Reptile__class
advmod> especially	2.0	0.435	location_topic	Reptile__class
compound<obl<amod> related	2.0	0.642	location_topic	Reptile__class
compound<case> to	2.0	0.261	location_topic	Reptile__class
obl<amod> related	2.0	0.207	location_topic	Reptile__class
compound<det> a	2.0	0.78	location_topic	Reptile__class
amod> giant	2.0	1.1	location_topic	Reptile__class
conj>amod> american	2.0	0.28	location_topic	Reptile__class
case> as	2.0	0.929	location_topic	Reptile__class
conj<conj>compound> Nile	2.0	0.297	location_topic	Reptile__class
conj<compound> saltwater	2.0	0.32	location_topic	Reptile__class
nmod<conj<amod> ...	1.0	0.47	location_topic	Reptile__class
nmod<conj<det> ...	1.0	0.549	location_topic	Reptile__class
nmod<conj<cop> ...	1.0	0.391	location_topic	Reptile__class
nmod<conj<det> the	1.0	0.556	location_topic	Reptile__class
nmod<conj<cop> be	1.0	0.391	location_topic	Reptile__class
nmod<compound> Nile	1.0	0.577	location_topic	Reptile__class
nmod<compound>compound> ...	1.0	0.319	location_topic	Reptile__class
acl>advmod> ...	1.0	0.512	location_topic	Reptile__class
acl>obj>conj> ...	1.0	0.47	location_topic	Reptile__class
mark> ...	1.0	0.325	location_topic	Reptile__class
nsubj>det> ...	1.0	0.415	location_topic	Reptile__class
nsubj>amod> ...	1.0	0.321	location_topic	Reptile__class
nsubj> ...	1.0	0.409	location_topic	Reptile__class
nsubj>acl> ...	1.0	0.189	location_topic	Reptile__class
nsubj>acl>obj> ...	1.0	0.378	location_topic	Reptile__class
cop> ...	1.0	0.26	location_topic	Reptile__class
conj>advmod> ...	1.0	0.556	location_topic	Reptile__class
conj>nmod>case> ...	1.0	0.688	location_topic	Reptile__class
nmod<conj<mark> ...	1.0	0.235	location_topic	Reptile__class
compound<compound<conj< ...	1.0	0.202	location_topic	Reptile__class
compound<compound< ...	1.0	0.308	location_topic	Reptile__class
nsubj<advcl<obj> ...	1.0	0.416	location_topic	Reptile__class
nsubj:pass<conj>advmod> ...	1.0	0.484	location_topic	Reptile__class
nsubj:pass<conj>obj> ...	1.0	0.487	location_topic	Reptile__class
compound<obl<parataxis< ...	1.0	0.661	location_topic	Reptile__class
compound<obl<nsubj> ...	1.0	0.465	location_topic	Reptile__class
compound<obl<cop> ...	1.0	0.385	location_topic	Reptile__class
det> all	1.0	0.816	location_topic	Reptile__class
case> like	1.0	0.921	location_topic	Reptile__class
nsubj<advcl<nsubj:pass> ...	1.0	0.569	location_topic	Reptile__class
nsubj<advcl<aux> ...	1.0	0.31	location_topic	Reptile__class
nsubj<advcl<aux:pass> ...	1.0	0.557	location_topic	Reptile__class
nmod<compound> salt	1.0	0.743	location_topic	Reptile__class
nsubj<xcomp>obl> ...	1.0	0.613	location_topic	Reptile__class
nsubj<advcl<conj> ...	1.0	0.363	location_topic	Reptile__class
nsubj<advcl<advcl> ...	1.0	0.369	location_topic	Reptile__class
conj<nsubj<mark> ...	1.0	0.557	location_topic	Reptile__class
conj<nsubj<cop> ...	1.0	0.576	location_topic	Reptile__class
conj<nsubj< ...	1.0	0.272	location_topic	Reptile__class
conj>nmod>amod> ...	1.0	0.498	location_topic	Reptile__class
compound<compound<det> ...	1.0	0.675	location_topic	Reptile__class
conj>nmod>det> ...	1.0	0.308	location_topic	Reptile__class
conj>nmod> ...	1.0	0.436	location_topic	Reptile__class
nmod<obl>case> ...	1.0	0.486	location_topic	Reptile__class
nmod<obl> ...	1.0	0.479	location_topic	Reptile__class
obl<case> ...	1.0	0.375	location_topic	Reptile__class
obl<compound> ...	1.0	0.181	location_topic	Reptile__class
obl<amod>compound> ...	1.0	0.522	location_topic	Reptile__class
nsubj:pass<conj<nsubj> ...	1.0	0.239	location_topic	Reptile__class
nsubj:pass<conj<advmod> ...	1.0	0.428	location_topic	Reptile__class
nsubj:pass<conj< ...	1.0	0.334	location_topic	Reptile__class
nsubj:pass<cc> ...	1.0	0.636	location_topic	Reptile__class
nsubj:pass<xcomp>obl> ...	1.0	0.294	location_topic	Reptile__class
nmod<advmod> ...	1.0	0.402	location_topic	Reptile__class
nmod<nsubj:pass<aux:pass> ...	1.0	0.429	location_topic	Reptile__class
nmod<nsubj:pass< ...	1.0	0.485	location_topic	Reptile__class
nmod<nsubj:pass<xcomp> ...	1.0	0.496	location_topic	Reptile__class
nmod<nsubj:pass<obl> ...	1.0	0.369	location_topic	Reptile__class
nmod<nsubj:pass<advcl> ...	1.0	0.307	location_topic	Reptile__class
nmod<amod>obl:npmod> ...	1.0	0.303	location_topic	Reptile__class
conj>nmod>acl> ...	1.0	0.575	location_topic	Reptile__class
conj>aux> ...	1.0	0.532	location_topic	Reptile__class
conj>case> ...	1.0	0.582	location_topic	Reptile__class
conj>conj>cc> ...	1.0	0.485	location_topic	Reptile__class
conj>conj>nummod> ...	1.0	0.524	location_topic	Reptile__class
conj>conj> ...	1.0	0.267	location_topic	Reptile__class
conj<mark> ...	1.0	0.595	location_topic	Reptile__class
conj<nsubj>advmod> ...	1.0	0.373	location_topic	Reptile__class
conj<nsubj>det> ...	1.0	0.535	location_topic	Reptile__class
conj<cop> ...	1.0	0.411	location_topic	Reptile__class
conj<conj>nmod> ...	1.0	0.218	location_topic	Reptile__class
conj<conj>aux> ...	1.0	0.298	location_topic	Reptile__class
conj<conj>conj> ...	1.0	0.175	location_topic	Reptile__class
nsubj:pass<obl>det> ...	1.0	0.536	location_topic	Reptile__class
nsubj:pass<obl>amod> ...	1.0	0.426	location_topic	Reptile__class
conj<nsubj<cop> be	1.0	0.576	location_topic	Reptile__class
nsubj:pass<conj>cc> ...	1.0	0.307	location_topic	Reptile__class
nsubj:pass<obj> ...	1.0	0.346	location_topic	Reptile__class
nsubj:pass< adapt	1.0	0.321	location_topic	Reptile__class
nmod<conj<advmod> also	1.0	0.567	location_topic	Reptile__class
nsubj:pass<obl>det> the	1.0	0.61	location_topic	Reptile__class
nsubj:pass<obl>case> to	1.0	0.571	location_topic	Reptile__class
nsubj:pass<obj>amod> ...	1.0	0.28	location_topic	Reptile__class
conj<nmod<nmod< ...	1.0	0.358	location_topic	Reptile__class
nsubj<appos>det> a	1.0	0.715	location_topic	Reptile__class
obl<advmod> also	1.0	0.433	location_topic	Reptile__class
obl< know	1.0	0.717	location_topic	Reptile__class
obl<advmod> commonly	1.0	0.445	location_topic	Reptile__class
obl<conj>cop> be	1.0	0.292	location_topic	Reptile__class
appos>compound> Caiman	1.0	0.585	location_topic	Reptile__class
nsubj<advmod> also	1.0	0.977	location_topic	Reptile__class
nsubj<conj>cop> be	1.0	0.514	location_topic	Reptile__class
nsubj<conj> species	1.0	0.271	location_topic	Reptile__class
conj<amod> american	1.0	0.831	location_topic	Reptile__class
conj<cop> be	1.0	0.411	location_topic	Reptile__class
conj<advmod> as	1.0	0.525	location_topic	Reptile__class
conj>compound> Nile	1.0	0.379	location_topic	Reptile__class
nmod:poss<compound> ...	1.0	0.343	location_topic	Reptile__class
cop> be	1.0	0.26	location_topic	Reptile__class
nmod:poss<nsubj<obj> ...	1.0	0.35	location_topic	Reptile__class
nmod:poss<nsubj<xcomp> ...	1.0	0.224	location_topic	Reptile__class
advmod> as	1.0	0.393	location_topic	Reptile__class
nmod<aux> ...	1.0	0.369	location_topic	Reptile__class
nmod<parataxis>advmod> ...	1.0	0.337	location_topic	Reptile__class
nmod<parataxis> ...	1.0	0.278	location_topic	Reptile__class
nsubj:pass<aux> ...	1.0	0.237	location_topic	Reptile__class
nsubj>det> a	1.0	0.447	location_topic	Reptile__class
nmod<nmod<conj< ...	1.0	0.483	location_topic	Reptile__class
conj<nsubj>det> a	1.0	0.434	location_topic	Reptile__class
conj>conj>nummod> marine	1.0	0.524	location_topic	Reptile__class
conj>conj>cc> and	1.0	0.458	location_topic	Reptile__class
nsubj<acl<det> ...	1.0	0.305	location_topic	Reptile__class
nsubj<acl< ...	1.0	0.559	location_topic	Reptile__class
conj>case> on	1.0	0.676	location_topic	Reptile__class
nsubj<conj>case> ...	1.0	0.29	location_topic	Reptile__class
nsubj<conj>advcl> ...	1.0	0.228	location_topic	Reptile__class
nsubj<advcl<case> ...	1.0	0.622	location_topic	Reptile__class
nsubj<advcl<det> ...	1.0	0.265	location_topic	Reptile__class
nmod<obl<nsubj:pass> ...	1.0	0.421	location_topic	Reptile__class
list< ...	1.0	0.424	location_topic	Reptile__class
nmod<obl<cc> ...	1.0	0.292	location_topic	Reptile__class
obj<nsubj>compound> ...	1.0	0.413	location_topic	Reptile__class
nsubj:pass<mark> ...	1.0	0.232	location_topic	Reptile__class
nmod:poss<obl< ...	1.0	0.361	location_topic	Reptile__class
nmod:poss<case> ...	1.0	0.472	location_topic	Reptile__class
nmod<obj<conj> ...	1.0	0.276	location_topic	Reptile__class
obj<nsubj>det> ...	1.0	0.459	location_topic	Reptile__class
compound<nmod<det> ...	1.0	0.5	location_topic	Reptile__class
obj<nsubj>nmod> ...	1.0	0.348	location_topic	Reptile__class
obj<nsubj>acl:relcl> ...	1.0	0.348	location_topic	Reptile__class
obj<conj>cc> ...	1.0	0.355	location_topic	Reptile__class
obj<conj> ...	1.0	0.562	location_topic	Reptile__class
obj<conj>obj> ...	1.0	0.208	location_topic	Reptile__class
obj<conj>obl> ...	1.0	0.444	location_topic	Reptile__class
obj<obl>case> ...	1.0	0.493	location_topic	Reptile__class
obj<obl> ...	1.0	0.176	location_topic	Reptile__class
nsubj:pass<nsubj:pass>nmod> ...	1.0	0.197	location_topic	Reptile__class
nsubj:pass<nsubj:pass> ...	1.0	0.218	location_topic	Reptile__class
nsubj<acl>mark> ...	1.0	0.527	location_topic	Reptile__class
nsubj<acl>obj> ...	1.0	0.259	location_topic	Reptile__class
case>fixed> ...	1.0	0.366	location_topic	Reptile__class
compound>conj>cc> ...	1.0	0.574	location_topic	Reptile__class
compound>conj> ...	1.0	0.274	location_topic	Reptile__class
nsubj<acl<det> the	1.0	0.32	location_topic	Reptile__class
acl:relcl>obj>det> ...	1.0	0.372	location_topic	Reptile__class
acl:relcl>obj>amod> ...	1.0	0.385	location_topic	Reptile__class
acl:relcl>obj>nmod> ...	1.0	0.409	location_topic	Reptile__class
nsubj<obj>compound> ...	1.0	0.494	location_topic	Reptile__class
nsubj<obj>advmod> ...	1.0	0.232	location_topic	Reptile__class
nsubj<conj>amod> ...	1.0	0.484	location_topic	Reptile__class
nsubj<advcl>nsubj> ...	1.0	0.257	location_topic	Reptile__class
nsubj<advcl>aux> ...	1.0	0.173	location_topic	Reptile__class
nsubj<advcl>advmod> ...	1.0	0.553	location_topic	Reptile__class
nmod:poss<obj<nsubj> ...	1.0	0.478	location_topic	Reptile__class
nmod:poss<obj< ...	1.0	0.295	location_topic	Reptile__class
nsubj:pass<nsubj:pass>det> ...	1.0	0.441	location_topic	Reptile__class
compound<nmod<obj< ...	1.0	0.262	location_topic	Reptile__class
compound<nmod< ...	1.0	0.219	location_topic	Reptile__class
nmod<obl<aux:pass> ...	1.0	0.471	location_topic	Reptile__class
obl<nsubj>appos> ...	1.0	0.441	location_topic	Reptile__class
acl:relcl>obj>nmod:poss> ...	1.0	0.403	location_topic	Reptile__class
conj<nsubj>compound> ...	1.0	0.592	location_topic	Reptile__class
conj<obj>compound> ...	1.0	0.471	location_topic	Reptile__class
conj<appos>det> ...	1.0	0.216	location_topic	Reptile__class
conj<appos>amod> ...	1.0	0.223	location_topic	Reptile__class
nmod<nmod<mark> ...	1.0	0.358	location_topic	Reptile__class
nmod<nmod<cop> ...	1.0	0.543	location_topic	Reptile__class
obl<nsubj>det> ...	1.0	0.398	location_topic	Reptile__class
obl<nsubj>compound> ...	1.0	0.26	location_topic	Reptile__class
obl<nsubj> ...	1.0	0.795	location_topic	Reptile__class
nsubj:pass<conj>compound> ...	1.0	0.268	location_topic	Reptile__class
obl<conj>cop> ...	1.0	0.292	location_topic	Reptile__class
obl<conj>det> ...	1.0	0.542	location_topic	Reptile__class
obl<conj> ...	1.0	0.321	location_topic	Reptile__class
obl<conj>nmod> ...	1.0	0.49	location_topic	Reptile__class
obl<appos>det> ...	1.0	0.565	location_topic	Reptile__class
obl<appos>nmod> ...	1.0	0.209	location_topic	Reptile__class
nsubj<conj>cop> ...	1.0	0.503	location_topic	Reptile__class
nsubj<conj>nmod> ...	1.0	0.294	location_topic	Reptile__class
nsubj<appos>det> ...	1.0	0.664	location_topic	Reptile__class
nsubj<appos>nmod> ...	1.0	0.478	location_topic	Reptile__class
nmod<conj<obl> ...	1.0	0.499	location_topic	Reptile__class
conj<nmod< species	1.0	0.309	location_topic	Reptile__class
obj<parataxis< ...	1.0	0.283	location_topic	Reptile__class
obj<parataxis<compound> ...	1.0	0.3	location_topic	Reptile__class
nmod<obl<advmod> ...	1.0	0.311	location_topic	Reptile__class
nmod<obl<conj> ...	1.0	0.549	location_topic	Reptile__class
conj<obj<aux> ...	1.0	0.556	location_topic	Reptile__class
conj<nmod<obl< ...	1.0	0.458	location_topic	Reptile__class
conj<nmod<det> ...	1.0	0.687	location_topic	Reptile__class
conj<nmod<advmod> ...	1.0	0.269	location_topic	Reptile__class
conj<case>fixed> ...	1.0	0.575	location_topic	Reptile__class
conj<advcl>mark> ...	1.0	0.432	location_topic	Reptile__class
conj<advcl>nsubj> ...	1.0	0.362	location_topic	Reptile__class
conj<advcl> ...	1.0	0.44	location_topic	Reptile__class
conj<aux> ...	1.0	0.285	location_topic	Reptile__class
obl<nsubj:pass> ...	1.0	0.545	location_topic	Reptile__class
obl<aux> ...	1.0	0.295	location_topic	Reptile__class
obl<aux:pass> ...	1.0	0.343	location_topic	Reptile__class
nmod<nsubj<obj> ...	1.0	0.204	location_topic	Reptile__class
advmod>advmod> ...	1.0	0.404	location_topic	Reptile__class
nsubj<conj>aux> ...	1.0	0.463	location_topic	Reptile__class
nsubj<conj>aux:pass> ...	1.0	0.63	location_topic	Reptile__class
nsubj<conj>obl> ...	1.0	0.289	location_topic	Reptile__class
nsubj<conj>xcomp> ...	1.0	0.386	location_topic	Reptile__class
compound<appos> ...	1.0	0.528	location_topic	Reptile__class
nsubj<nmod>amod> ...	1.0	0.455	location_topic	Reptile__class
compound<compound> ...	1.0	0.266	location_topic	Reptile__class
nsubj:pass< sigh	1.0	0.27	location_topic	Reptile__class
compound<nmod>appos> ...	1.0	0.224	location_topic	Reptile__class
nsubj:pass<aux> have	1.0	0.265	location_topic	Reptile__class
compound<acl> ...	1.0	0.39	location_topic	Reptile__class
compound<appos>amod> ...	1.0	0.361	location_topic	Reptile__class
compound<nmod>amod> ...	1.0	0.541	location_topic	Reptile__class
conj<conj>advmod> ...	1.0	0.598	location_topic	Reptile__class
nsubj:pass<conj>cc> and	1.0	0.327	location_topic	Reptile__class
nsubj<advcl<aux:pass> be	1.0	0.557	location_topic	Reptile__class
obl<nsubj>det> the	1.0	0.492	location_topic	Reptile__class
list<amod> ...	1.0	0.152	location_topic	Reptile__class
nmod<obj<acl:relcl< ...	1.0	0.406	location_topic	Reptile__class
compound< population	1.0	0.696	location_topic	Reptile__class
nmod<conj>cc> ...	1.0	0.41	location_topic	Reptile__class
nmod<conj> ...	1.0	0.23	location_topic	Reptile__class
nmod:poss>compound> ...	1.0	0.567	location_topic	Reptile__class
compound<amod> american	1.0	0.461	location_topic	Reptile__class
compound<amod> large	1.0	0.247	location_topic	Reptile__class
compound>amod> ...	1.0	0.598	location_topic	Reptile__class
compound<obj<nsubj> ...	1.0	0.408	location_topic	Reptile__class
compound<obj< ...	1.0	0.504	location_topic	Reptile__class
compound<obl<cop> be	1.0	0.385	location_topic	Reptile__class
nsubj<obj>acl:relcl> ...	1.0	0.487	location_topic	Reptile__class
nsubj<compound> ...	1.0	0.275	location_topic	Reptile__class
nsubj<parataxis>nsubj> ...	1.0	0.318	location_topic	Reptile__class
nsubj<parataxis> ...	1.0	0.416	location_topic	Reptile__class
nsubj<parataxis>obl> ...	1.0	0.582	location_topic	Reptile__class
nsubj<obl>nmod:poss> ...	1.0	0.321	location_topic	Reptile__class
nmod:poss<nsubj< allow	1.0	0.378	location_topic	Reptile__class
nmod:poss<nsubj<aux> have	1.0	0.416	location_topic	Reptile__class
nmod:poss<nsubj<aux> may	1.0	0.395	location_topic	Reptile__class
nmod<obj<ccomp< ...	1.0	0.208	location_topic	Reptile__class
nsubj<obl>case> of	1.0	0.889	location_topic	Reptile__class
nsubj<mark> as	1.0	0.407	location_topic	Reptile__class
nmod:poss<nmod>amod> ...	1.0	0.235	location_topic	Reptile__class
nmod:poss<conj>cc> ...	1.0	0.262	location_topic	Reptile__class
nmod:poss<conj>compound> ...	1.0	0.272	location_topic	Reptile__class
nmod:poss<conj> ...	1.0	0.441	location_topic	Reptile__class
nsubj<advcl<det> the	1.0	0.265	location_topic	Reptile__class
nsubj<conj>det> the	1.0	0.289	location_topic	Reptile__class
nsubj<conj>cc> but	1.0	0.756	location_topic	Reptile__class
nsubj<acl:relcl>nsubj> ...	1.0	0.139	location_topic	Reptile__class
nsubj<acl:relcl>cop> ...	1.0	0.562	location_topic	Reptile__class
nsubj<acl:relcl> ...	1.0	0.56	location_topic	Reptile__class
nmod<obj<mark> ...	1.0	0.399	location_topic	Reptile__class
nmod<nsubj<advcl> ...	1.0	0.27	location_topic	Reptile__class
obl<obj>amod> ...	1.0	0.51	location_topic	Reptile__class
obl<obj> ...	1.0	0.332	location_topic	Reptile__class
obl<obj>nmod> ...	1.0	0.276	location_topic	Reptile__class
obl<parataxis>nsubj> ...	1.0	0.129	location_topic	Reptile__class
obl<parataxis> ...	1.0	0.371	location_topic	Reptile__class
obl<parataxis>obj> ...	1.0	0.318	location_topic	Reptile__class
obl<parataxis>advcl> ...	1.0	0.233	location_topic	Reptile__class
nmod<nmod<obl< ...	1.0	0.447	location_topic	Reptile__class
nmod<nmod<case> ...	1.0	0.528	location_topic	Reptile__class
acl>mark> ...	1.0	0.551	location_topic	Reptile__class
acl>obl> ...	1.0	0.466	location_topic	Reptile__class
nsubj<obl>appos> ...	1.0	0.443	location_topic	Reptile__class
nmod<obj<acl< ...	1.0	0.439	location_topic	Reptile__class
nmod:poss>det> ...	1.0	0.546	location_topic	Reptile__class
nsubj:pass<obl>conj> ...	1.0	0.259	location_topic	Reptile__class
nsubj<amod>advmod> ...	1.0	0.38	location_topic	Reptile__class
nmod<obl<advcl< ...	1.0	0.174	location_topic	Reptile__class
nmod<obl<mark> ...	1.0	0.292	location_topic	Reptile__class
nmod<obl<nsubj> ...	1.0	0.297	location_topic	Reptile__class
nsubj:pass<obl>advmod> ...	1.0	0.589	location_topic	Reptile__class
nmod<nsubj<obl> ...	1.0	0.255	location_topic	Reptile__class
nmod<nsubj<aux> ...	1.0	0.502	location_topic	Reptile__class
nmod<obl<aux> may	1.0	0.525	location_topic	Reptile__class
nmod<obl< come	1.0	0.254	location_topic	Reptile__class
case> with	1.0	0.888	location_topic	Reptile__class
nsubj:pass<obl>case> of	1.0	0.511	location_topic	Reptile__class
nsubj:pass<obl> Africa	1.0	0.563	location_topic	Reptile__class
nmod< population	1.0	0.494	location_topic	Reptile__class
nmod<nsubj<aux> have	1.0	0.567	location_topic	Reptile__class
nmod<obj<mark> that	1.0	0.359	location_topic	Reptile__class
nsubj<obl>case> on	1.0	0.858	location_topic	Reptile__class
nsubj<obl>amod> different	1.0	0.402	location_topic	Reptile__class
nsubj<obj> nutrient	1.0	0.381	location_topic	Reptile__class
det> a	1.0	0.769	location_topic	Reptile__class
nmod:poss>det> the	1.0	0.546	location_topic	Reptile__class
nsubj:pass<advmod> also	1.0	0.687	location_topic	Reptile__class
nsubj:pass<obl>case> by	1.0	0.456	location_topic	Reptile__class
nmod>case> on	1.0	1.001	location_topic	Reptile__class
obl<nmod>case> to	1.0	0.252	location_topic	Reptile__class
conj<conj>appos> niloticus	1.0	0.733	location_topic	Reptile__class
nsubj<amod> only	1.0	0.325	location_topic	Reptile__class
nsubj< predator	1.0	0.722	location_topic	Reptile__class
nsubj<acl:relcl>nsubj> which	1.0	0.214	location_topic	Reptile__class
nsubj<acl:relcl>cop> be	1.0	0.562	location_topic	Reptile__class
nsubj<nmod>case> to	1.0	0.206	location_topic	Reptile__class
nmod:poss< range	1.0	0.399	location_topic	Reptile__class
nmod:poss<nmod>case> of	1.0	0.436	location_topic	Reptile__class
nmod:poss<nmod>case> to	1.0	0.501	location_topic	Reptile__class
nmod:poss<conj>cc> and	1.0	0.262	location_topic	Reptile__class
nsubj:pass<cc> and	1.0	0.636	location_topic	Reptile__class
nmod<case> by	1.0	0.77	location_topic	Reptile__class
nsubj<obj>amod> symbiotic	1.0	0.51	location_topic	Reptile__class
nsubj<nmod>det> the	1.0	0.355	location_topic	Reptile__class
compound<case> in	1.0	0.229	location_topic	Reptile__class
nmod<obl<aux:pass> be	1.0	0.471	location_topic	Reptile__class
compound< nest	1.0	0.488	location_topic	Reptile__class
compound<nmod> area	1.0	0.483	location_topic	Reptile__class
nsubj<obl>nmod:poss> they	1.0	0.446	location_topic	Reptile__class
nmod<conj>cc> and	1.0	0.405	location_topic	Reptile__class
amod>advmod> most	1.0	0.616	location_topic	Reptile__class
compound>amod> green	1.0	0.659	location_topic	Reptile__class
nsubj<aux> have	1.0	0.748	location_topic	Reptile__class
nsubj<obl> type	1.0	0.528	location_topic	Reptile__class
obl<obj>amod> long	1.0	0.383	location_topic	Reptile__class
obl<obj> distance	1.0	0.318	location_topic	Reptile__class
obl<parataxis> have	1.0	0.396	location_topic	Reptile__class
compound<nmod>case> of	1.0	0.417	location_topic	Reptile__class
nmod<nmod<case> by	1.0	0.487	location_topic	Reptile__class
nmod<case> with	1.0	0.72	location_topic	Reptile__class
nmod<det> no	1.0	0.622	location_topic	Reptile__class
case> for	1.0	0.807	location_topic	Reptile__class
acl>mark> to	1.0	0.461	location_topic	Reptile__class
conj<conj>advmod> especially	1.0	0.552	location_topic	Reptile__class
nsubj<advcl>mark> as	1.0	0.518	location_topic	Reptile__class
nsubj<advcl>mark> to	1.0	0.594	location_topic	Reptile__class
nmod<nsubj:pass< find	1.0	0.57	location_topic	Reptile__class
nmod<nsubj:pass<aux:pass> be	1.0	0.429	location_topic	Reptile__class
nmod<nmod>case> from	1.0	0.345	location_topic	Reptile__class
nmod<case> in	1.0	0.854	location_topic	Reptile__class
nmod<advmod> however	1.0	0.276	location_topic	Reptile__class
obl<aux> may	1.0	0.363	location_topic	Reptile__class
obl<aux:pass> be	1.0	0.343	location_topic	Reptile__class
obl< take	1.0	0.711	location_topic	Reptile__class
case> by	1.0	0.907	location_topic	Reptile__class
nmod<nsubj< include	1.0	0.276	location_topic	Reptile__class
nsubj<obl>case> to	1.0	0.939	location_topic	Reptile__class
conj> turtle	1.0	1.026	location_topic	Reptile__class
amod>advmod> even	1.0	0.696	location_topic	Reptile__class
appos> reference	1.0	0.54	location_topic	Reptile__class
conj<obj< eat	1.0	0.299	location_topic	Reptile__class
conj<nmod<det> a	1.0	0.708	location_topic	Reptile__class
conj<case> such	1.0	0.496	location_topic	Reptile__class
conj<case>fixed> as	1.0	0.575	location_topic	Reptile__class
conj<case> with	1.0	0.459	location_topic	Reptile__class
conj<amod> small	1.0	0.694	location_topic	Reptile__class
conj<nsubj> it	1.0	0.587	location_topic	Reptile__class
conj<advmod> also	1.0	0.567	location_topic	Reptile__class
advmod> occasionally	1.0	0.481	location_topic	Reptile__class
conj<nsubj>amod> other	1.0	0.204	location_topic	Reptile__class
conj<appos>det> the	1.0	0.264	location_topic	Reptile__class
nmod<nmod<mark> to	1.0	0.358	location_topic	Reptile__class
nmod<nmod<cop> be	1.0	0.543	location_topic	Reptile__class
nmod<case> for	1.0	0.728	location_topic	Reptile__class
conj<conj> fish	1.0	0.73	location_topic	Reptile__class
conj<conj>amod> other	1.0	0.369	location_topic	Reptile__class
nsubj<conj>aux> can	1.0	0.461	location_topic	Reptile__class
nsubj<conj>aux:pass> be	1.0	0.63	location_topic	Reptile__class
obj<nsubj> this	1.0	0.318	location_topic	Reptile__class
acl:relcl>nsubj> who	1.0	0.229	location_topic	Reptile__class
nsubj<aux> may	1.0	0.716	location_topic	Reptile__class
conj<obj<nsubj> it	1.0	0.355	location_topic	Reptile__class
conj<conj>amod> various	1.0	0.313	location_topic	Reptile__class
nsubj<advcl>advmod> often	1.0	0.612	location_topic	Reptile__class
nsubj:pass<mark> that	1.0	0.189	location_topic	Reptile__class
nsubj<obl>det> a	1.0	0.698	location_topic	Reptile__class
appos>conj> habitat	1.0	0.297	location_topic	Reptile__class
nsubj:pass<nsubj:pass>det> the	1.0	0.441	location_topic	Reptile__class
nsubj<advcl>aux> can	1.0	0.173	location_topic	Reptile__class
nsubj<advcl>mark> although	1.0	0.586	location_topic	Reptile__class
nsubj<amod> crocodilian	1.0	0.275	location_topic	Reptile__class
nsubj<acl>mark> to	1.0	0.527	location_topic	Reptile__class
nmod<nsubj> it	1.0	0.457	location_topic	Reptile__class
case>fixed> as	1.0	0.366	location_topic	Reptile__class
compound>conj>cc> and	1.0	0.604	location_topic	Reptile__class
acl:relcl>nsubj> that	1.0	0.256	location_topic	Reptile__class
acl:relcl>obj>det> a	1.0	0.374	location_topic	Reptile__class
compound> adult	1.0	0.598	location_topic	Reptile__class
nmod<case> of	1.0	0.847	location_topic	Reptile__class
compound<nmod>case> from	1.0	0.338	location_topic	Reptile__class
compound<nmod<det> the	1.0	0.51	location_topic	Reptile__class
compound<case> of	1.0	0.2	location_topic	Reptile__class
compound<nmod>case> to	1.0	0.405	location_topic	Reptile__class
nsubj:pass< list	1.0	0.434	location_topic	Reptile__class
obj<conj>cc> and	1.0	0.317	location_topic	Reptile__class
nmod<obl>case> to	1.0	0.555	location_topic	Reptile__class
nmod<obj< have	1.0	0.67	location_topic	Reptile__class
obj<nsubj>det> a	1.0	0.452	location_topic	Reptile__class
obj< breed	1.0	0.469	location_topic	Reptile__class
amod> ...	218.0	1.097	taxongroup_comment	Reptile__class
case> ...	120.0	0.845	taxongroup_comment	Reptile__class
det> ...	110.0	0.678	taxongroup_comment	Reptile__class
compound> ...	106.0	0.494	taxongroup_comment	Reptile__class
det> the	85.0	0.844	taxongroup_comment	Reptile__class
nmod< ...	65.0	0.445	taxongroup_comment	Reptile__class
amod> american	63.0	1.043	taxongroup_comment	Reptile__class
nsubj< ...	56.0	0.724	taxongroup_comment	Reptile__class
case> of	51.0	0.897	taxongroup_comment	Reptile__class
nmod<det> ...	49.0	0.595	taxongroup_comment	Reptile__class
compound> sea	42.0	0.448	taxongroup_comment	Reptile__class
obl< ...	42.0	0.711	taxongroup_comment	Reptile__class
conj> ...	42.0	0.924	taxongroup_comment	Reptile__class
conj< ...	41.0	0.624	taxongroup_comment	Reptile__class
compound>amod> ...	40.0	0.598	taxongroup_comment	Reptile__class
conj<conj> ...	36.0	0.721	taxongroup_comment	Reptile__class
compound>amod> green	35.0	0.659	taxongroup_comment	Reptile__class
nmod<det> the	34.0	0.656	taxongroup_comment	Reptile__class
cc> ...	33.0	0.86	taxongroup_comment	Reptile__class
conj>cc> ...	32.0	0.662	taxongroup_comment	Reptile__class
nmod> ...	31.0	0.684	taxongroup_comment	Reptile__class
nmod>case> ...	31.0	0.995	taxongroup_comment	Reptile__class
appos> ...	30.0	0.403	taxongroup_comment	Reptile__class
nsubj<obl> ...	28.0	0.54	taxongroup_comment	Reptile__class
nsubj<obl>case> ...	28.0	0.873	taxongroup_comment	Reptile__class
compound< ...	27.0	0.443	taxongroup_comment	Reptile__class
nmod<case> ...	27.0	0.751	taxongroup_comment	Reptile__class
nsubj<cop> ...	26.0	0.586	taxongroup_comment	Reptile__class
nsubj<cop> be	26.0	0.598	taxongroup_comment	Reptile__class
conj>cc> and	25.0	0.842	taxongroup_comment	Reptile__class
obj< ...	25.0	0.359	taxongroup_comment	Reptile__class
nsubj<advmod> ...	25.0	1.02	taxongroup_comment	Reptile__class
cc> and	24.0	0.908	taxongroup_comment	Reptile__class
nmod<amod> ...	23.0	0.537	taxongroup_comment	Reptile__class
nsubj<conj> ...	20.0	0.217	taxongroup_comment	Reptile__class
amod> other	20.0	1.202	taxongroup_comment	Reptile__class
obl<nsubj> ...	20.0	0.795	taxongroup_comment	Reptile__class
compound> Nile	19.0	0.625	taxongroup_comment	Reptile__class
nmod>conj> ...	19.0	0.517	taxongroup_comment	Reptile__class
cop> be	17.0	0.26	taxongroup_comment	Reptile__class
cop> ...	17.0	0.26	taxongroup_comment	Reptile__class
nsubj<obl>amod> ...	17.0	0.445	taxongroup_comment	Reptile__class
appos< ...	16.0	0.456	taxongroup_comment	Reptile__class
nmod>det> ...	16.0	0.484	taxongroup_comment	Reptile__class
acl> ...	16.0	0.369	taxongroup_comment	Reptile__class
nsubj> ...	16.0	0.409	taxongroup_comment	Reptile__class
conj<det> ...	15.0	0.559	taxongroup_comment	Reptile__class
obl<advmod> ...	14.0	0.379	taxongroup_comment	Reptile__class
nmod<compound> ...	14.0	0.565	taxongroup_comment	Reptile__class
advmod> ...	14.0	0.42	taxongroup_comment	Reptile__class
conj>compound> ...	14.0	0.391	taxongroup_comment	Reptile__class
nmod<nmod> ...	14.0	0.376	taxongroup_comment	Reptile__class
nmod<nsubj< ...	14.0	0.238	taxongroup_comment	Reptile__class
conj<conj>cc> ...	13.0	0.574	taxongroup_comment	Reptile__class
conj<conj>compound> ...	13.0	0.311	taxongroup_comment	Reptile__class
nsubj<conj>cc> ...	13.0	0.677	taxongroup_comment	Reptile__class
conj<conj>amod> ...	13.0	0.354	taxongroup_comment	Reptile__class
nmod<nmod< ...	13.0	0.296	taxongroup_comment	Reptile__class
compound<case> ...	13.0	0.258	taxongroup_comment	Reptile__class
nmod<nmod>case> ...	13.0	0.266	taxongroup_comment	Reptile__class
compound<amod> ...	12.0	0.27	taxongroup_comment	Reptile__class
obl<obj> ...	12.0	0.332	taxongroup_comment	Reptile__class
nsubj<obj> ...	12.0	0.201	taxongroup_comment	Reptile__class
acl>obl>case> ...	12.0	0.249	taxongroup_comment	Reptile__class
conj>amod> ...	12.0	0.295	taxongroup_comment	Reptile__class
conj<amod> ...	12.0	0.685	taxongroup_comment	Reptile__class
conj<nsubj> ...	12.0	0.45	taxongroup_comment	Reptile__class
conj<appos> ...	11.0	0.422	taxongroup_comment	Reptile__class
nsubj<obj>amod> ...	11.0	0.309	taxongroup_comment	Reptile__class
det> a	11.0	0.769	taxongroup_comment	Reptile__class
obl<obl> ...	11.0	0.418	taxongroup_comment	Reptile__class
obl<obl>case> ...	11.0	0.403	taxongroup_comment	Reptile__class
nsubj:pass<aux:pass> ...	11.0	0.513	taxongroup_comment	Reptile__class
acl:relcl> ...	11.0	0.433	taxongroup_comment	Reptile__class
nsubj:pass< ...	11.0	0.301	taxongroup_comment	Reptile__class
conj<conj> crocodile	11.0	0.806	taxongroup_comment	Reptile__class
nsubj<obl>det> ...	11.0	0.67	taxongroup_comment	Reptile__class
nmod<obl< ...	11.0	0.36	taxongroup_comment	Reptile__class
acl>obl> ...	11.0	0.466	taxongroup_comment	Reptile__class
nsubj<amod> ...	11.0	0.27	taxongroup_comment	Reptile__class
conj<det> the	11.0	0.694	taxongroup_comment	Reptile__class
acl:relcl>nsubj> ...	10.0	0.227	taxongroup_comment	Reptile__class
nsubj:pass<obl>case> ...	10.0	0.492	taxongroup_comment	Reptile__class
nmod<det> a	10.0	0.615	taxongroup_comment	Reptile__class
case> to	10.0	0.833	taxongroup_comment	Reptile__class
appos<conj>amod> ...	10.0	0.354	taxongroup_comment	Reptile__class
nsubj:pass<aux:pass> be	10.0	0.519	taxongroup_comment	Reptile__class
appos<conj> ...	10.0	0.575	taxongroup_comment	Reptile__class
nsubj<det> ...	10.0	0.488	taxongroup_comment	Reptile__class
compound<nmod>case> ...	10.0	0.376	taxongroup_comment	Reptile__class
nmod>det> the	10.0	0.479	taxongroup_comment	Reptile__class
nsubj<conj>cc> and	9.0	0.598	taxongroup_comment	Reptile__class
obl<cop> be	9.0	0.543	taxongroup_comment	Reptile__class
compound<det> ...	9.0	0.675	taxongroup_comment	Reptile__class
compound<nmod>conj> ...	9.0	0.343	taxongroup_comment	Reptile__class
nmod<cop> be	9.0	0.37	taxongroup_comment	Reptile__class
obl<cop> ...	9.0	0.543	taxongroup_comment	Reptile__class
obj<nsubj> ...	9.0	0.256	taxongroup_comment	Reptile__class
appos>compound> ...	9.0	0.413	taxongroup_comment	Reptile__class
nsubj:pass<obl> ...	9.0	0.533	taxongroup_comment	Reptile__class
nsubj<mark> ...	9.0	0.431	taxongroup_comment	Reptile__class
compound<nmod> ...	9.0	0.368	taxongroup_comment	Reptile__class
nmod<cop> ...	9.0	0.37	taxongroup_comment	Reptile__class
compound<nmod< ...	9.0	0.219	taxongroup_comment	Reptile__class
conj< crocodile	9.0	0.675	taxongroup_comment	Reptile__class
obl<aux:pass> ...	8.0	0.343	taxongroup_comment	Reptile__class
conj>det> ...	8.0	0.371	taxongroup_comment	Reptile__class
obl<aux:pass> be	8.0	0.343	taxongroup_comment	Reptile__class
case> in	8.0	0.882	taxongroup_comment	Reptile__class
nmod:poss> ...	8.0	0.229	taxongroup_comment	Reptile__class
appos>conj> ...	8.0	0.345	taxongroup_comment	Reptile__class
nmod:poss>case> ...	8.0	0.122	taxongroup_comment	Reptile__class
conj<compound> ...	8.0	0.386	taxongroup_comment	Reptile__class
nmod:poss>case> 's	8.0	0.256	taxongroup_comment	Reptile__class
appos<conj> crocodile	8.0	0.714	taxongroup_comment	Reptile__class
conj<appos> crocodile	8.0	0.481	taxongroup_comment	Reptile__class
obl<nsubj>det> ...	8.0	0.398	taxongroup_comment	Reptile__class
nmod<case> of	8.0	0.847	taxongroup_comment	Reptile__class
acl:relcl>nsubj> that	8.0	0.256	taxongroup_comment	Reptile__class
compound> Galápagos	8.0	0.708	taxongroup_comment	Reptile__class
conj<nsubj>amod> ...	8.0	0.233	taxongroup_comment	Reptile__class
conj<advmod> ...	8.0	0.477	taxongroup_comment	Reptile__class
obj<obl> ...	8.0	0.176	taxongroup_comment	Reptile__class
amod> giant	8.0	1.1	taxongroup_comment	Reptile__class
obj<obl>case> ...	8.0	0.493	taxongroup_comment	Reptile__class
nsubj<conj>amod> ...	7.0	0.484	taxongroup_comment	Reptile__class
nmod>case> in	7.0	1.072	taxongroup_comment	Reptile__class
nummod> ...	7.0	0.282	taxongroup_comment	Reptile__class
appos<amod> ...	7.0	0.496	taxongroup_comment	Reptile__class
case> like	7.0	0.921	taxongroup_comment	Reptile__class
conj>det> the	7.0	0.389	taxongroup_comment	Reptile__class
appos>conj>cc> ...	7.0	0.383	taxongroup_comment	Reptile__class
obl<advcl> ...	7.0	0.443	taxongroup_comment	Reptile__class
conj<cop> be	7.0	0.411	taxongroup_comment	Reptile__class
obl<obl>conj> ...	7.0	0.294	taxongroup_comment	Reptile__class
obl<mark> ...	7.0	0.625	taxongroup_comment	Reptile__class
nmod<nmod<det> ...	7.0	0.761	taxongroup_comment	Reptile__class
nmod<nsubj> ...	7.0	0.304	taxongroup_comment	Reptile__class
conj<case> ...	7.0	0.445	taxongroup_comment	Reptile__class
cc> or	7.0	0.951	taxongroup_comment	Reptile__class
flat<flat> ...	7.0	0.343	taxongroup_comment	Reptile__class
nsubj<ccomp< ...	7.0	0.611	taxongroup_comment	Reptile__class
nmod<nsubj<cop> be	7.0	0.356	taxongroup_comment	Reptile__class
conj<cop> ...	7.0	0.411	taxongroup_comment	Reptile__class
obj<conj<conj> ...	7.0	0.284	taxongroup_comment	Reptile__class
nsubj<obj>det> ...	7.0	0.524	taxongroup_comment	Reptile__class
conj> crocodile	7.0	0.982	taxongroup_comment	Reptile__class
amod> large	7.0	1.162	taxongroup_comment	Reptile__class
amod>advmod> ...	7.0	0.651	taxongroup_comment	Reptile__class
nmod<nsubj<cop> ...	7.0	0.356	taxongroup_comment	Reptile__class
nsubj<obl>case> in	7.0	0.909	taxongroup_comment	Reptile__class
obl<nsubj>det> the	7.0	0.492	taxongroup_comment	Reptile__class
nsubj<conj>nsubj> ...	7.0	0.156	taxongroup_comment	Reptile__class
nmod<obj< ...	7.0	0.556	taxongroup_comment	Reptile__class
obl<parataxis> ...	6.0	0.371	taxongroup_comment	Reptile__class
nsubj<advcl> ...	6.0	0.402	taxongroup_comment	Reptile__class
obl<advcl>mark> ...	6.0	0.604	taxongroup_comment	Reptile__class
appos<det> ...	6.0	0.372	taxongroup_comment	Reptile__class
nsubj<obl>compound> ...	6.0	0.239	taxongroup_comment	Reptile__class
appos>conj>cc> and	6.0	0.39	taxongroup_comment	Reptile__class
appos<conj>cc> ...	6.0	0.619	taxongroup_comment	Reptile__class
nmod>conj>cc> and	6.0	0.157	taxongroup_comment	Reptile__class
conj<conj>cc> and	6.0	0.674	taxongroup_comment	Reptile__class
compound<obl<advmod> ...	6.0	0.674	taxongroup_comment	Reptile__class
conj<conj< ...	6.0	0.416	taxongroup_comment	Reptile__class
obl<obj>nmod> ...	6.0	0.276	taxongroup_comment	Reptile__class
appos<appos> ...	6.0	0.371	taxongroup_comment	Reptile__class
nmod<conj< ...	6.0	0.353	taxongroup_comment	Reptile__class
case> by	6.0	0.907	taxongroup_comment	Reptile__class
compound>compound> ...	6.0	0.319	taxongroup_comment	Reptile__class
nsubj<obj>nmod> ...	6.0	0.209	taxongroup_comment	Reptile__class
nmod<nmod<obj< ...	6.0	0.392	taxongroup_comment	Reptile__class
conj<conj>det> ...	6.0	0.561	taxongroup_comment	Reptile__class
nsubj<obl>det> the	6.0	0.658	taxongroup_comment	Reptile__class
nmod>conj>cc> ...	6.0	0.196	taxongroup_comment	Reptile__class
obl<aux> ...	6.0	0.295	taxongroup_comment	Reptile__class
case> than	6.0	0.684	taxongroup_comment	Reptile__class
conj<nsubj>det> ...	6.0	0.535	taxongroup_comment	Reptile__class
nsubj<obj>det> a	6.0	0.57	taxongroup_comment	Reptile__class
conj>cc> or	5.0	0.823	taxongroup_comment	Reptile__class
case> with	5.0	0.888	taxongroup_comment	Reptile__class
nmod<nsubj<conj> ...	5.0	0.371	taxongroup_comment	Reptile__class
nmod>amod> ...	5.0	0.572	taxongroup_comment	Reptile__class
obj<conj< ...	5.0	0.475	taxongroup_comment	Reptile__class
acl:relcl>obj> ...	5.0	0.286	taxongroup_comment	Reptile__class
nmod<nmod>det> ...	5.0	0.474	taxongroup_comment	Reptile__class
nmod>case>fixed> ...	5.0	0.384	taxongroup_comment	Reptile__class
obj<mark> ...	5.0	0.417	taxongroup_comment	Reptile__class
obl<advcl>obl> ...	5.0	0.217	taxongroup_comment	Reptile__class
conj<nsubj>det> the	5.0	0.488	taxongroup_comment	Reptile__class
nmod<nsubj<obl> ...	5.0	0.255	taxongroup_comment	Reptile__class
nsubj<mark> that	5.0	0.432	taxongroup_comment	Reptile__class
compound<nmod<det> ...	5.0	0.5	taxongroup_comment	Reptile__class
obl<acl< ...	5.0	0.395	taxongroup_comment	Reptile__class
obj<advcl> ...	5.0	0.432	taxongroup_comment	Reptile__class
compound<det> the	5.0	0.725	taxongroup_comment	Reptile__class
conj<nsubj< ...	5.0	0.272	taxongroup_comment	Reptile__class
conj<conj<case> ...	5.0	0.297	taxongroup_comment	Reptile__class
compound<conj< ...	5.0	0.284	taxongroup_comment	Reptile__class
appos>amod> ...	5.0	0.321	taxongroup_comment	Reptile__class
appos<flat> ...	5.0	0.311	taxongroup_comment	Reptile__class
nmod<nsubj<nmod> ...	5.0	0.498	taxongroup_comment	Reptile__class
obl<nsubj>amod> ...	5.0	0.19	taxongroup_comment	Reptile__class
nmod<nmod>det> the	5.0	0.524	taxongroup_comment	Reptile__class
obl<acl<det> ...	5.0	0.476	taxongroup_comment	Reptile__class
nmod>case> include	5.0	0.955	taxongroup_comment	Reptile__class
amod>conj>cc> ...	5.0	0.476	taxongroup_comment	Reptile__class
nsubj<aux> ...	5.0	0.679	taxongroup_comment	Reptile__class
amod> modern	5.0	1.213	taxongroup_comment	Reptile__class
conj>advmod> ...	5.0	0.556	taxongroup_comment	Reptile__class
nmod<nummod> ...	5.0	0.443	taxongroup_comment	Reptile__class
appos<conj>cc> and	5.0	0.711	taxongroup_comment	Reptile__class
nmod<case> in	5.0	0.854	taxongroup_comment	Reptile__class
obl<advcl< ...	5.0	0.382	taxongroup_comment	Reptile__class
nsubj<obl>nummod> ...	5.0	0.697	taxongroup_comment	Reptile__class
amod> small	5.0	1.119	taxongroup_comment	Reptile__class
appos<case> ...	5.0	0.465	taxongroup_comment	Reptile__class
obl<acl<det> the	5.0	0.438	taxongroup_comment	Reptile__class
det> any	5.0	0.728	taxongroup_comment	Reptile__class
amod>conj> ...	5.0	0.198	taxongroup_comment	Reptile__class
nmod<conj> ...	5.0	0.23	taxongroup_comment	Reptile__class
acl>advmod> ...	5.0	0.512	taxongroup_comment	Reptile__class
obl<conj> ...	5.0	0.321	taxongroup_comment	Reptile__class
obl<conj>cc> ...	5.0	0.41	taxongroup_comment	Reptile__class
nsubj<det> the	5.0	0.464	taxongroup_comment	Reptile__class
nsubj<obl>amod> american	5.0	0.341	taxongroup_comment	Reptile__class
case> as	5.0	0.929	taxongroup_comment	Reptile__class
conj>nmod>case> ...	5.0	0.688	taxongroup_comment	Reptile__class
appos<det> the	5.0	0.372	taxongroup_comment	Reptile__class
nsubj<obj>conj> ...	5.0	1.003	taxongroup_comment	Reptile__class
conj<conj>obj> ...	5.0	0.224	taxongroup_comment	Reptile__class
conj>conj> ...	5.0	0.267	taxongroup_comment	Reptile__class
nsubj<advcl>mark> ...	5.0	0.551	taxongroup_comment	Reptile__class
conj>nmod> ...	5.0	0.436	taxongroup_comment	Reptile__class
compound< species	5.0	0.548	taxongroup_comment	Reptile__class
nsubj>compound> ...	5.0	0.589	taxongroup_comment	Reptile__class
nsubj<advcl>advmod> ...	5.0	0.553	taxongroup_comment	Reptile__class
conj<conj>det> the	5.0	0.647	taxongroup_comment	Reptile__class
appos<conj>det> ...	4.0	0.607	taxongroup_comment	Reptile__class
compound<nmod>det> ...	4.0	0.342	taxongroup_comment	Reptile__class
conj<nsubj<cop> be	4.0	0.576	taxongroup_comment	Reptile__class
compound<nmod>nmod> ...	4.0	0.35	taxongroup_comment	Reptile__class
amod>conj>cc> and	4.0	0.49	taxongroup_comment	Reptile__class
obl<parataxis<parataxis> give	4.0	0.6	taxongroup_comment	Reptile__class
obj<nsubj>det> ...	4.0	0.459	taxongroup_comment	Reptile__class
obl<obj>det> ...	4.0	0.292	taxongroup_comment	Reptile__class
appos>nmod>conj> ...	4.0	0.416	taxongroup_comment	Reptile__class
nsubj<obl>case> than	4.0	1.022	taxongroup_comment	Reptile__class
nsubj< have	4.0	0.788	taxongroup_comment	Reptile__class
nsubj<advcl< ...	4.0	0.381	taxongroup_comment	Reptile__class
compound<obl< ...	4.0	0.523	taxongroup_comment	Reptile__class
obl<nsubj> crocodile	4.0	0.819	taxongroup_comment	Reptile__class
obj<obl>amod> ...	4.0	0.312	taxongroup_comment	Reptile__class
nsubj>compound> sea	4.0	0.654	taxongroup_comment	Reptile__class
nsubj<obl> crocodile	4.0	0.454	taxongroup_comment	Reptile__class
conj<conj>obj> turtle	4.0	0.274	taxongroup_comment	Reptile__class
nmod>nmod>case> ...	4.0	0.496	taxongroup_comment	Reptile__class
case> for	4.0	0.807	taxongroup_comment	Reptile__class
nmod>nmod> ...	4.0	0.462	taxongroup_comment	Reptile__class
obj<advmod> ...	4.0	0.581	taxongroup_comment	Reptile__class
nsubj<advcl>obl> ...	4.0	0.437	taxongroup_comment	Reptile__class
nmod<nmod<cop> be	4.0	0.543	taxongroup_comment	Reptile__class
nsubj<xcomp>mark> to	4.0	0.382	taxongroup_comment	Reptile__class
acl>mark> ...	4.0	0.551	taxongroup_comment	Reptile__class
nmod<nmod<conj> ...	4.0	0.318	taxongroup_comment	Reptile__class
obj<advcl<nsubj> ...	4.0	0.106	taxongroup_comment	Reptile__class
nsubj<cc> ...	4.0	0.35	taxongroup_comment	Reptile__class
nmod<nmod<det> a	4.0	0.816	taxongroup_comment	Reptile__class
nmod<nsubj<advmod> ...	4.0	0.317	taxongroup_comment	Reptile__class
obj<mark> to	4.0	0.454	taxongroup_comment	Reptile__class
obj<conj<conj> turtle	4.0	0.39	taxongroup_comment	Reptile__class
nmod<nmod>compound> ...	4.0	0.404	taxongroup_comment	Reptile__class
obl<obl>case> to	4.0	0.391	taxongroup_comment	Reptile__class
nmod<obl<nsubj> ...	4.0	0.297	taxongroup_comment	Reptile__class
nmod<obl<advmod> ...	4.0	0.311	taxongroup_comment	Reptile__class
compound<list<flat> ...	4.0	0.16	taxongroup_comment	Reptile__class
nsubj<conj>compound> ...	4.0	0.214	taxongroup_comment	Reptile__class
obl<obl>amod> ...	4.0	0.245	taxongroup_comment	Reptile__class
nsubj> turtle	4.0	0.427	taxongroup_comment	Reptile__class
obl<obl>case> in	4.0	0.481	taxongroup_comment	Reptile__class
obl<parataxis<parataxis> ...	4.0	0.6	taxongroup_comment	Reptile__class
conj<obl>case> ...	4.0	0.549	taxongroup_comment	Reptile__class
nsubj<xcomp>mark> ...	4.0	0.382	taxongroup_comment	Reptile__class
nmod<nsubj>nmod> ...	4.0	0.22	taxongroup_comment	Reptile__class
flat< ...	4.0	0.306	taxongroup_comment	Reptile__class
nmod>case>fixed> as	4.0	0.385	taxongroup_comment	Reptile__class
conj<appos>det> the	4.0	0.264	taxongroup_comment	Reptile__class
nmod<nmod>case> of	4.0	0.266	taxongroup_comment	Reptile__class
nmod<conj<conj> ...	4.0	1.122	taxongroup_comment	Reptile__class
acl>obj> ...	4.0	0.267	taxongroup_comment	Reptile__class
mark> ...	4.0	0.325	taxongroup_comment	Reptile__class
obl<parataxis>advmod> ...	4.0	0.245	taxongroup_comment	Reptile__class
nmod< species	4.0	0.492	taxongroup_comment	Reptile__class
compound<cc> ...	4.0	0.319	taxongroup_comment	Reptile__class
nmod<case> to	4.0	0.766	taxongroup_comment	Reptile__class
acl:relcl>obl> ...	4.0	0.23	taxongroup_comment	Reptile__class
conj<conj>advmod> ...	4.0	0.598	taxongroup_comment	Reptile__class
acl:relcl>obl>case> ...	4.0	0.516	taxongroup_comment	Reptile__class
conj<nsubj<cop> ...	4.0	0.576	taxongroup_comment	Reptile__class
nmod<conj<amod> ...	4.0	0.47	taxongroup_comment	Reptile__class
obl<parataxis>nsubj> ...	4.0	0.129	taxongroup_comment	Reptile__class
nmod<conj<det> ...	4.0	0.549	taxongroup_comment	Reptile__class
conj<nmod> ...	4.0	0.434	taxongroup_comment	Reptile__class
obj<advcl>advmod> ...	4.0	0.401	taxongroup_comment	Reptile__class
obl<advcl>obj> ...	4.0	0.361	taxongroup_comment	Reptile__class
nmod>case> of	4.0	1.091	taxongroup_comment	Reptile__class
conj<nmod>case> ...	4.0	0.636	taxongroup_comment	Reptile__class
obl<conj>cc> and	4.0	0.473	taxongroup_comment	Reptile__class
nmod>compound> ...	4.0	0.302	taxongroup_comment	Reptile__class
obj<conj<nsubj> ...	4.0	0.373	taxongroup_comment	Reptile__class
amod> most	4.0	1.215	taxongroup_comment	Reptile__class
nsubj<ccomp<nsubj> ...	4.0	0.355	taxongroup_comment	Reptile__class
nmod>case> such	4.0	0.869	taxongroup_comment	Reptile__class
nsubj<obl>case> to	4.0	0.939	taxongroup_comment	Reptile__class
nmod<nmod>case> in	4.0	0.348	taxongroup_comment	Reptile__class
conj<obl< ...	4.0	0.415	taxongroup_comment	Reptile__class
obj<advcl>mark> ...	4.0	0.26	taxongroup_comment	Reptile__class
appos<conj>det> the	4.0	0.628	taxongroup_comment	Reptile__class
obl<advcl>advmod> ...	4.0	0.809	taxongroup_comment	Reptile__class
nmod:poss>conj>conj> ...	4.0	0.359	taxongroup_comment	Reptile__class
conj>nmod>amod> ...	4.0	0.498	taxongroup_comment	Reptile__class
conj<obl> ...	4.0	0.342	taxongroup_comment	Reptile__class
compound>conj>cc> ...	4.0	0.574	taxongroup_comment	Reptile__class
compound>conj> ...	4.0	0.274	taxongroup_comment	Reptile__class
amod> many	4.0	1.173	taxongroup_comment	Reptile__class
conj<appos>amod> ...	4.0	0.223	taxongroup_comment	Reptile__class
nmod<nmod<amod> ...	4.0	0.271	taxongroup_comment	Reptile__class
compound<nmod>case> in	4.0	0.39	taxongroup_comment	Reptile__class
conj<appos>det> ...	4.0	0.216	taxongroup_comment	Reptile__class
nsubj<xcomp> ...	4.0	0.179	taxongroup_comment	Reptile__class
conj<appos>nmod:poss> ...	4.0	0.879	taxongroup_comment	Reptile__class
nmod<nmod<cop> ...	4.0	0.543	taxongroup_comment	Reptile__class
compound> land	4.0	0.602	taxongroup_comment	Reptile__class
obj<nsubj>det> the	4.0	0.519	taxongroup_comment	Reptile__class
obl<aux> have	4.0	0.307	taxongroup_comment	Reptile__class
nsubj<det> a	4.0	0.483	taxongroup_comment	Reptile__class
compound<case> of	4.0	0.2	taxongroup_comment	Reptile__class
obl<acl<amod> ...	4.0	0.222	taxongroup_comment	Reptile__class
nsubj<parataxis> ...	4.0	0.416	taxongroup_comment	Reptile__class
appos<appos> crocodile	4.0	0.411	taxongroup_comment	Reptile__class
conj<nmod< ...	4.0	0.237	taxongroup_comment	Reptile__class
conj>compound>compound> ...	4.0	0.132	taxongroup_comment	Reptile__class
nsubj<conj>det> ...	4.0	0.201	taxongroup_comment	Reptile__class
nmod<cc> ...	3.0	0.436	taxongroup_comment	Reptile__class
nmod:poss< ...	3.0	0.328	taxongroup_comment	Reptile__class
conj<conj< Morelet	3.0	0.585	taxongroup_comment	Reptile__class
nmod>conj> bird	3.0	0.639	taxongroup_comment	Reptile__class
nmod<conj>det> ...	3.0	0.448	taxongroup_comment	Reptile__class
conj<conj<case> 's	3.0	0.374	taxongroup_comment	Reptile__class
obj<obl>nummod> ...	3.0	0.434	taxongroup_comment	Reptile__class
nsubj<appos>conj> ...	3.0	0.271	taxongroup_comment	Reptile__class
compound<nmod<case> ...	3.0	0.336	taxongroup_comment	Reptile__class
conj<conj<nmod:poss< crocodile	3.0	0.236	taxongroup_comment	Reptile__class
nmod<nsubj:pass<aux:pass> be	3.0	0.429	taxongroup_comment	Reptile__class
compound>nmod>amod> ...	3.0	0.322	taxongroup_comment	Reptile__class
obl<advmod>advmod> ...	3.0	0.479	taxongroup_comment	Reptile__class
amod>compound> ...	3.0	0.406	taxongroup_comment	Reptile__class
nmod>case> from	3.0	1.045	taxongroup_comment	Reptile__class
nmod<conj>nmod> ...	3.0	0.418	taxongroup_comment	Reptile__class
conj<conj>cc> Crocodylus	3.0	0.445	taxongroup_comment	Reptile__class
nsubj:pass<obl>conj> ...	3.0	0.259	taxongroup_comment	Reptile__class
nsubj<conj>cop> ...	3.0	0.503	taxongroup_comment	Reptile__class
conj<appos>compound> ...	3.0	0.324	taxongroup_comment	Reptile__class
appos<appos>det> the	3.0	0.398	taxongroup_comment	Reptile__class
conj<compound> Nile	3.0	0.439	taxongroup_comment	Reptile__class
obj<nsubj>compound> ...	3.0	0.413	taxongroup_comment	Reptile__class
appos<obl< ...	3.0	0.266	taxongroup_comment	Reptile__class
nmod< one	3.0	0.498	taxongroup_comment	Reptile__class
nmod<conj<case> ...	3.0	0.324	taxongroup_comment	Reptile__class
conj< turtle	3.0	0.731	taxongroup_comment	Reptile__class
nsubj<obl>amod> other	3.0	0.436	taxongroup_comment	Reptile__class
obj<obl>case> as	3.0	0.632	taxongroup_comment	Reptile__class
nsubj< reptile	3.0	0.802	taxongroup_comment	Reptile__class
compound<nmod<amod> ...	3.0	0.331	taxongroup_comment	Reptile__class
appos>nummod> ...	3.0	0.489	taxongroup_comment	Reptile__class
acl:relcl>advmod> ...	3.0	0.312	taxongroup_comment	Reptile__class
obj<aux:pass> ...	3.0	0.374	taxongroup_comment	Reptile__class
nsubj<parataxis<parataxis> ...	3.0	0.398	taxongroup_comment	Reptile__class
nmod<nmod< one	3.0	0.4	taxongroup_comment	Reptile__class
nsubj<obl> alligator	3.0	0.529	taxongroup_comment	Reptile__class
nsubj<conj< ...	3.0	0.226	taxongroup_comment	Reptile__class
nsubj<nmod> ...	3.0	0.225	taxongroup_comment	Reptile__class
nsubj<nmod>case> ...	3.0	0.167	taxongroup_comment	Reptile__class
nsubj<advcl>nsubj> ...	3.0	0.257	taxongroup_comment	Reptile__class
obj<advcl>obj> ...	3.0	0.561	taxongroup_comment	Reptile__class
conj<conj<nmod:poss< ...	3.0	0.236	taxongroup_comment	Reptile__class
nmod< range	3.0	0.503	taxongroup_comment	Reptile__class
appos<appos>det> ...	3.0	0.398	taxongroup_comment	Reptile__class
compound<acl:relcl>obl> ...	3.0	0.223	taxongroup_comment	Reptile__class
nmod<obl<nsubj:pass> ...	3.0	0.421	taxongroup_comment	Reptile__class
conj<conj>nmod:poss> ...	3.0	0.43	taxongroup_comment	Reptile__class
det> some	3.0	0.802	taxongroup_comment	Reptile__class
nmod<case> as	3.0	0.742	taxongroup_comment	Reptile__class
nsubj>conj> ...	3.0	0.467	taxongroup_comment	Reptile__class
nmod<nmod>nummod> ...	3.0	0.228	taxongroup_comment	Reptile__class
appos<compound> ...	3.0	0.553	taxongroup_comment	Reptile__class
obl<nsubj>compound> ...	3.0	0.26	taxongroup_comment	Reptile__class
obj<xcomp< ...	3.0	0.497	taxongroup_comment	Reptile__class
conj<obj< ...	3.0	0.334	taxongroup_comment	Reptile__class
compound< group	3.0	0.55	taxongroup_comment	Reptile__class
appos< crocodile	3.0	0.458	taxongroup_comment	Reptile__class
obj<advcl< ...	3.0	0.265	taxongroup_comment	Reptile__class
conj<nsubj>compound> ...	3.0	0.592	taxongroup_comment	Reptile__class
obl<mark> to	3.0	0.669	taxongroup_comment	Reptile__class
nsubj>appos> ...	3.0	0.217	taxongroup_comment	Reptile__class
nsubj:pass<advcl>obl> ...	3.0	0.214	taxongroup_comment	Reptile__class
list> ...	3.0	0.361	taxongroup_comment	Reptile__class
nsubj<advmod> not	3.0	1.089	taxongroup_comment	Reptile__class
appos<conj>advmod> ...	3.0	0.365	taxongroup_comment	Reptile__class
nsubj<conj>cop> be	3.0	0.514	taxongroup_comment	Reptile__class
advmod>advmod> ...	3.0	0.404	taxongroup_comment	Reptile__class
nmod<obl<obl> ...	3.0	0.481	taxongroup_comment	Reptile__class
nmod:poss>det> ...	3.0	0.546	taxongroup_comment	Reptile__class
nmod<obl<mark> ...	3.0	0.292	taxongroup_comment	Reptile__class
obl<parataxis>obl> ...	3.0	0.328	taxongroup_comment	Reptile__class
compound<obj< ...	3.0	0.504	taxongroup_comment	Reptile__class
nmod:poss>det> the	3.0	0.546	taxongroup_comment	Reptile__class
nmod<obl<aux:pass> ...	3.0	0.471	taxongroup_comment	Reptile__class
nsubj<conj>cc> but	3.0	0.756	taxongroup_comment	Reptile__class
obl<amod< ...	3.0	0.333	taxongroup_comment	Reptile__class
nmod<nsubj>det> ...	3.0	0.316	taxongroup_comment	Reptile__class
nmod<nsubj:pass<aux:pass> ...	3.0	0.429	taxongroup_comment	Reptile__class
nmod<nmod<det> the	3.0	0.832	taxongroup_comment	Reptile__class
conj>conj>cc> ...	3.0	0.485	taxongroup_comment	Reptile__class
nmod<obl<aux:pass> be	3.0	0.471	taxongroup_comment	Reptile__class
appos> N	3.0	0.353	taxongroup_comment	Reptile__class
obj<cc> and	3.0	0.595	taxongroup_comment	Reptile__class
obl<obl>det> ...	3.0	0.439	taxongroup_comment	Reptile__class
obl<parataxis< ...	3.0	0.269	taxongroup_comment	Reptile__class
obl<parataxis<nsubj> ...	3.0	0.421	taxongroup_comment	Reptile__class
nmod<nsubj:pass< ...	3.0	0.485	taxongroup_comment	Reptile__class
nsubj<parataxis>nsubj> ...	3.0	0.318	taxongroup_comment	Reptile__class
acl>obl>det> ...	3.0	0.346	taxongroup_comment	Reptile__class
acl>obl>amod> ...	3.0	0.199	taxongroup_comment	Reptile__class
compound<case> in	3.0	0.229	taxongroup_comment	Reptile__class
conj<obj> ...	3.0	0.418	taxongroup_comment	Reptile__class
obl<det> ...	3.0	0.975	taxongroup_comment	Reptile__class
compound<det> any	3.0	0.684	taxongroup_comment	Reptile__class
compound<conj<case> ...	3.0	0.53	taxongroup_comment	Reptile__class
nmod<nmod<nmod> ...	3.0	0.517	taxongroup_comment	Reptile__class
case> 's	3.0	0.786	taxongroup_comment	Reptile__class
conj> bird	3.0	0.921	taxongroup_comment	Reptile__class
conj<appos< ...	3.0	0.203	taxongroup_comment	Reptile__class
compound>conj>cc> and	3.0	0.604	taxongroup_comment	Reptile__class
compound>amod> american	3.0	0.458	taxongroup_comment	Reptile__class
nsubj:pass<obl>nmod> ...	3.0	0.346	taxongroup_comment	Reptile__class
acl>mark> to	3.0	0.461	taxongroup_comment	Reptile__class
obj<cc> ...	3.0	0.626	taxongroup_comment	Reptile__class
nsubj:pass<obl>amod> ...	3.0	0.426	taxongroup_comment	Reptile__class
nmod:poss> Morelet	3.0	0.302	taxongroup_comment	Reptile__class
nsubj:pass<advmod> ...	3.0	0.643	taxongroup_comment	Reptile__class
conj<conj>conj> ...	3.0	0.175	taxongroup_comment	Reptile__class
appos> biology	3.0	0.456	taxongroup_comment	Reptile__class
obl<cc> ...	3.0	0.349	taxongroup_comment	Reptile__class
appos>conj> behavior	3.0	0.552	taxongroup_comment	Reptile__class
nmod:poss>conj>conj> crocodile	3.0	0.247	taxongroup_comment	Reptile__class
obl<nsubj:pass> ...	3.0	0.545	taxongroup_comment	Reptile__class
obl<obj>det> a	3.0	0.255	taxongroup_comment	Reptile__class
nmod<nmod<nsubj> ...	3.0	0.284	taxongroup_comment	Reptile__class
nsubj<parataxis>conj> ...	3.0	0.404	taxongroup_comment	Reptile__class
obl<obj>amod> ...	3.0	0.51	taxongroup_comment	Reptile__class
compound> saltwater	3.0	0.446	taxongroup_comment	Reptile__class
compound<nmod<det> the	3.0	0.51	taxongroup_comment	Reptile__class
conj<case> of	3.0	0.463	taxongroup_comment	Reptile__class
nsubj<conj>obl> ...	3.0	0.289	taxongroup_comment	Reptile__class
nsubj<obl>nmod> ...	3.0	0.398	taxongroup_comment	Reptile__class
amod>amod> ...	3.0	0.423	taxongroup_comment	Reptile__class
nmod>det> a	3.0	0.507	taxongroup_comment	Reptile__class
obj<advcl>nsubj> ...	3.0	0.471	taxongroup_comment	Reptile__class
nmod<nsubj<det> ...	3.0	0.341	taxongroup_comment	Reptile__class
parataxis> ...	3.0	0.23	taxongroup_comment	Reptile__class
conj>nmod>case> of	3.0	0.686	taxongroup_comment	Reptile__class
obj<advcl<conj> ...	3.0	0.227	taxongroup_comment	Reptile__class
nmod<obj<conj< ...	3.0	0.43	taxongroup_comment	Reptile__class
obj<aux> ...	3.0	0.309	taxongroup_comment	Reptile__class
nmod<conj<det> the	3.0	0.556	taxongroup_comment	Reptile__class
obj<aux:pass> be	3.0	0.374	taxongroup_comment	Reptile__class
appos<nsubj< ...	3.0	0.464	taxongroup_comment	Reptile__class
det> all	3.0	0.816	taxongroup_comment	Reptile__class
xcomp<conj<advmod> ...	3.0	0.657	taxongroup_comment	Reptile__class
appos> crocodile	3.0	0.5	taxongroup_comment	Reptile__class
obl<nsubj>nmod> ...	3.0	0.147	taxongroup_comment	Reptile__class
appos<nsubj<obj> ...	3.0	0.275	taxongroup_comment	Reptile__class
nsubj<conj>advmod> ...	3.0	0.721	taxongroup_comment	Reptile__class
nsubj<nmod>case> of	2.0	0.206	taxongroup_comment	Reptile__class
conj<ccomp< ...	2.0	0.444	taxongroup_comment	Reptile__class
nsubj:pass<advcl> ...	2.0	0.564	taxongroup_comment	Reptile__class
obj<obl>case> in	2.0	0.546	taxongroup_comment	Reptile__class
obl<conj< ...	2.0	0.283	taxongroup_comment	Reptile__class
conj<conj>conj> mindorensis	2.0	0.547	taxongroup_comment	Reptile__class
conj<conj>nmod:poss> Johnstone	2.0	0.446	taxongroup_comment	Reptile__class
conj<conj>cc> or	2.0	0.615	taxongroup_comment	Reptile__class
obl<conj<aux:pass> ...	2.0	0.293	taxongroup_comment	Reptile__class
conj<conj>compound> freshwater	2.0	0.292	taxongroup_comment	Reptile__class
obl<conj<nsubj:pass> ...	2.0	0.19	taxongroup_comment	Reptile__class
conj<appos> gharial	2.0	0.602	taxongroup_comment	Reptile__class
nsubj<acl:relcl> ...	2.0	0.56	taxongroup_comment	Reptile__class
obl<aux> can	2.0	0.448	taxongroup_comment	Reptile__class
obl<conj<obl> ...	2.0	0.504	taxongroup_comment	Reptile__class
conj<nsubj:pass< ...	2.0	0.309	taxongroup_comment	Reptile__class
obl<advcl<nsubj:pass> ...	2.0	0.402	taxongroup_comment	Reptile__class
conj<obl< gallop	2.0	0.474	taxongroup_comment	Reptile__class
conj<appos>nmod:poss> Johnston	2.0	0.862	taxongroup_comment	Reptile__class
conj<ccomp<nsubj> ...	2.0	0.164	taxongroup_comment	Reptile__class
conj<appos>amod> new	2.0	0.291	taxongroup_comment	Reptile__class
conj<amod> cuban	2.0	0.874	taxongroup_comment	Reptile__class
conj<appos>compound> guinea	2.0	0.349	taxongroup_comment	Reptile__class
obj<conj<ccomp< ...	2.0	0.504	taxongroup_comment	Reptile__class
conj<case> include	2.0	0.45	taxongroup_comment	Reptile__class
conj<conj>amod> small	2.0	0.435	taxongroup_comment	Reptile__class
conj<conj>amod> american	2.0	0.423	taxongroup_comment	Reptile__class
obl<xcomp<conj< ...	2.0	0.202	taxongroup_comment	Reptile__class
nsubj<conj>obj> ...	2.0	0.255	taxongroup_comment	Reptile__class
obl<xcomp<cc> ...	2.0	0.357	taxongroup_comment	Reptile__class
obl<advcl<aux:pass> ...	2.0	0.32	taxongroup_comment	Reptile__class
conj<obl<aux> can	2.0	0.257	taxongroup_comment	Reptile__class
obl<xcomp< ...	2.0	0.683	taxongroup_comment	Reptile__class
conj<obl<nsubj> species	2.0	0.493	taxongroup_comment	Reptile__class
nsubj:pass<xcomp> ...	2.0	0.203	taxongroup_comment	Reptile__class
conj>advmod> even	2.0	0.66	taxongroup_comment	Reptile__class
compound>compound> air	2.0	0.379	taxongroup_comment	Reptile__class
acl>obl>case> at	2.0	0.319	taxongroup_comment	Reptile__class
conj<nsubj:pass<aux:pass> ...	2.0	0.303	taxongroup_comment	Reptile__class
appos<flat> Crocodylus	2.0	0.475	taxongroup_comment	Reptile__class
advmod> even	2.0	0.468	taxongroup_comment	Reptile__class
obj<obj> ...	2.0	0.362	taxongroup_comment	Reptile__class
compound<nmod>det> a	2.0	0.403	taxongroup_comment	Reptile__class
conj<appos>amod> mugger	2.0	0.276	taxongroup_comment	Reptile__class
nmod<case> by	2.0	0.77	taxongroup_comment	Reptile__class
conj<nsubj<mark> ...	2.0	0.557	taxongroup_comment	Reptile__class
nmod<nmod>case> with	2.0	0.291	taxongroup_comment	Reptile__class
flat<nsubj< find	2.0	0.43	taxongroup_comment	Reptile__class
obj<ccomp<nsubj> ...	2.0	0.295	taxongroup_comment	Reptile__class
compound<nmod<case> of	2.0	0.386	taxongroup_comment	Reptile__class
nsubj< include	2.0	0.816	taxongroup_comment	Reptile__class
compound<compound<compound> ...	2.0	0.353	taxongroup_comment	Reptile__class
compound<compound< ...	2.0	0.308	taxongroup_comment	Reptile__class
amod>compound> warm	2.0	0.417	taxongroup_comment	Reptile__class
nmod<conj<mark> ...	2.0	0.235	taxongroup_comment	Reptile__class
nsubj>det> ...	2.0	0.415	taxongroup_comment	Reptile__class
appos<conj<flat> ...	2.0	0.525	taxongroup_comment	Reptile__class
nmod<obl<cop> be	2.0	0.542	taxongroup_comment	Reptile__class
nsubj>amod> ...	2.0	0.321	taxongroup_comment	Reptile__class
nsubj>acl> ...	2.0	0.189	taxongroup_comment	Reptile__class
nsubj<acl<det> the	2.0	0.32	taxongroup_comment	Reptile__class
nmod<amod> wide	2.0	0.545	taxongroup_comment	Reptile__class
nsubj< species	2.0	0.744	taxongroup_comment	Reptile__class
nsubj<advcl<obj> ...	2.0	0.416	taxongroup_comment	Reptile__class
flat<appos>compound> guinea	2.0	0.259	taxongroup_comment	Reptile__class
flat<appos>nmod:poss> Hall	2.0	0.212	taxongroup_comment	Reptile__class
nmod>conj> mammal	2.0	0.541	taxongroup_comment	Reptile__class
flat<list> halli	2.0	0.728	taxongroup_comment	Reptile__class
flat<list>compound> Crocodylus	2.0	0.329	taxongroup_comment	Reptile__class
flat<flat> acutus	2.0	0.27	taxongroup_comment	Reptile__class
flat<flat> Crocodylus	2.0	0.421	taxongroup_comment	Reptile__class
flat<flat> Genus	2.0	0.417	taxongroup_comment	Reptile__class
flat< Crocodylinae	2.0	0.39	taxongroup_comment	Reptile__class
flat<advmod> Subfamily	2.0	0.385	taxongroup_comment	Reptile__class
flat<nsubj<obj> South	2.0	0.243	taxongroup_comment	Reptile__class
nmod<obl<aux> ...	2.0	0.521	taxongroup_comment	Reptile__class
nsubj<advcl<aux> ...	2.0	0.31	taxongroup_comment	Reptile__class
nsubj>acl>obj> ...	2.0	0.378	taxongroup_comment	Reptile__class
conj>nmod>det> ...	2.0	0.308	taxongroup_comment	Reptile__class
nmod<nmod> dinosaur	2.0	0.687	taxongroup_comment	Reptile__class
nsubj>conj>cc> or	2.0	0.4	taxongroup_comment	Reptile__class
conj<conj>aux> ...	2.0	0.298	taxongroup_comment	Reptile__class
appos< caiman	2.0	0.455	taxongroup_comment	Reptile__class
nsubj:pass<obl>det> ...	2.0	0.536	taxongroup_comment	Reptile__class
appos<appos> gharial	2.0	0.397	taxongroup_comment	Reptile__class
nsubj:pass<obl>compound> ...	2.0	0.126	taxongroup_comment	Reptile__class
appos<conj>amod> freshwater	2.0	0.423	taxongroup_comment	Reptile__class
conj<nsubj>amod> other	2.0	0.204	taxongroup_comment	Reptile__class
conj<nsubj> species	2.0	0.39	taxongroup_comment	Reptile__class
conj<nsubj>acl:relcl> attack	2.0	0.473	taxongroup_comment	Reptile__class
conj<amod> black	2.0	0.759	taxongroup_comment	Reptile__class
conj< caiman	2.0	0.587	taxongroup_comment	Reptile__class
nmod<obj<nsubj> ...	2.0	0.217	taxongroup_comment	Reptile__class
nmod<conj>cc> ...	2.0	0.41	taxongroup_comment	Reptile__class
conj<appos>nmod:poss> Morelet	2.0	0.917	taxongroup_comment	Reptile__class
nsubj<acl:relcl>nsubj> ...	2.0	0.139	taxongroup_comment	Reptile__class
conj<nsubj>advmod> ...	2.0	0.373	taxongroup_comment	Reptile__class
appos<amod> black	2.0	0.42	taxongroup_comment	Reptile__class
nsubj<conj>det> a	2.0	0.192	taxongroup_comment	Reptile__class
appos<cop> be	2.0	0.411	taxongroup_comment	Reptile__class
appos<aux:pass> ...	2.0	0.474	taxongroup_comment	Reptile__class
appos<nsubj:pass> ...	2.0	0.372	taxongroup_comment	Reptile__class
conj<nsubj<nmod> ...	2.0	0.152	taxongroup_comment	Reptile__class
conj>nmod>acl> ...	2.0	0.575	taxongroup_comment	Reptile__class
conj>case> ...	2.0	0.582	taxongroup_comment	Reptile__class
conj<nsubj<compound> ...	2.0	0.404	taxongroup_comment	Reptile__class
obl<acl:relcl< ...	2.0	0.247	taxongroup_comment	Reptile__class
obl<acl:relcl<case> ...	2.0	0.176	taxongroup_comment	Reptile__class
acl> fly	2.0	0.413	taxongroup_comment	Reptile__class
nsubj<conj>advcl> ...	2.0	0.228	taxongroup_comment	Reptile__class
appos<nsubj>amod> other	2.0	0.361	taxongroup_comment	Reptile__class
appos<nsubj> species	2.0	0.337	taxongroup_comment	Reptile__class
appos<nsubj>acl:relcl> attack	2.0	0.221	taxongroup_comment	Reptile__class
conj>conj>nummod> ...	2.0	0.524	taxongroup_comment	Reptile__class
appos<conj>amod> american	2.0	0.3	taxongroup_comment	Reptile__class
nmod<nummod> two	2.0	0.412	taxongroup_comment	Reptile__class
nmod<obl<ccomp< ...	2.0	0.448	taxongroup_comment	Reptile__class
appos>det> ...	2.0	0.335	taxongroup_comment	Reptile__class
nmod<nsubj>det> the	2.0	0.315	taxongroup_comment	Reptile__class
conj<compound> sea	2.0	0.309	taxongroup_comment	Reptile__class
obj<acl:relcl< ...	2.0	0.479	taxongroup_comment	Reptile__class
obl<xcomp<cc> and	2.0	0.357	taxongroup_comment	Reptile__class
nmod<nsubj:pass<obl> ...	2.0	0.369	taxongroup_comment	Reptile__class
nmod<nsubj<expl> ...	2.0	0.333	taxongroup_comment	Reptile__class
nsubj<obl>nmod:poss> ...	2.0	0.321	taxongroup_comment	Reptile__class
nsubj<obl>appos> ...	2.0	0.443	taxongroup_comment	Reptile__class
conj<nsubj:pass<aux:pass> be	2.0	0.274	taxongroup_comment	Reptile__class
obl<amod<det> ...	2.0	0.218	taxongroup_comment	Reptile__class
nmod:poss<case> ...	2.0	0.472	taxongroup_comment	Reptile__class
obl<amod> ...	2.0	0.22	taxongroup_comment	Reptile__class
compound<nmod<cop> ...	2.0	0.248	taxongroup_comment	Reptile__class
nsubj:pass<obl>case> as	2.0	0.514	taxongroup_comment	Reptile__class
obj<conj<ccomp< be	2.0	0.535	taxongroup_comment	Reptile__class
conj<nsubj>compound> sea	2.0	0.783	taxongroup_comment	Reptile__class
obj<conj< loggerhead	2.0	0.594	taxongroup_comment	Reptile__class
appos<amod> cuban	2.0	0.268	taxongroup_comment	Reptile__class
appos<case> include	2.0	0.395	taxongroup_comment	Reptile__class
conj<ccomp<nsubj> species	2.0	0.228	taxongroup_comment	Reptile__class
conj<ccomp< be	2.0	0.499	taxongroup_comment	Reptile__class
appos<obl< gallop	2.0	0.232	taxongroup_comment	Reptile__class
conj<nsubj> turtle	2.0	0.456	taxongroup_comment	Reptile__class
appos<obl<nsubj> species	2.0	0.137	taxongroup_comment	Reptile__class
appos>appos> ...	2.0	0.344	taxongroup_comment	Reptile__class
conj<conj>compound> sea	2.0	0.387	taxongroup_comment	Reptile__class
conj<conj> turtle	2.0	0.777	taxongroup_comment	Reptile__class
appos<obl<aux> can	2.0	0.691	taxongroup_comment	Reptile__class
nsubj<cc> and	2.0	0.345	taxongroup_comment	Reptile__class
compound<nmod:poss>case> ...	2.0	0.144	taxongroup_comment	Reptile__class
det> these	2.0	0.688	taxongroup_comment	Reptile__class
obl< feed	2.0	0.882	taxongroup_comment	Reptile__class
nmod>compound> order	2.0	0.401	taxongroup_comment	Reptile__class
obj<obl>det> ...	2.0	0.536	taxongroup_comment	Reptile__class
compound<obl<advcl> ...	2.0	0.301	taxongroup_comment	Reptile__class
compound<conj<obl< ...	2.0	0.231	taxongroup_comment	Reptile__class
compound<obl<mark> ...	2.0	0.338	taxongroup_comment	Reptile__class
compound<nmod:poss> ...	2.0	0.145	taxongroup_comment	Reptile__class
nsubj<conj>nmod> ...	2.0	0.294	taxongroup_comment	Reptile__class
conj<nsubj<compound> example	2.0	0.404	taxongroup_comment	Reptile__class
conj<nsubj< member	2.0	0.309	taxongroup_comment	Reptile__class
conj<nsubj<nmod> family	2.0	0.182	taxongroup_comment	Reptile__class
nsubj<obl>conj> ...	2.0	0.391	taxongroup_comment	Reptile__class
obl<nsubj> which	2.0	0.929	taxongroup_comment	Reptile__class
obl<advcl<obl> ...	2.0	0.338	taxongroup_comment	Reptile__class
obl<advcl<advmod> ...	2.0	0.347	taxongroup_comment	Reptile__class
parataxis>obj> ...	2.0	0.308	taxongroup_comment	Reptile__class
conj>amod> african	2.0	0.329	taxongroup_comment	Reptile__class
parataxis>obj>compound> ...	2.0	0.255	taxongroup_comment	Reptile__class
obl<ccomp<obl> ...	2.0	0.213	taxongroup_comment	Reptile__class
obl<ccomp< ...	2.0	0.335	taxongroup_comment	Reptile__class
parataxis>obj>det> ...	2.0	0.506	taxongroup_comment	Reptile__class
nmod<mark> ...	2.0	0.256	taxongroup_comment	Reptile__class
nmod<det> any	2.0	0.578	taxongroup_comment	Reptile__class
nmod<xcomp< ...	2.0	0.416	taxongroup_comment	Reptile__class
nsubj:pass<aux> ...	2.0	0.237	taxongroup_comment	Reptile__class
appos>nmod>case> ...	2.0	0.604	taxongroup_comment	Reptile__class
appos>nmod> ...	2.0	0.416	taxongroup_comment	Reptile__class
compound<list<flat> Crocodylus	2.0	0.224	taxongroup_comment	Reptile__class
compound<nsubj<obl> ...	2.0	0.447	taxongroup_comment	Reptile__class
obj<conj<nsubj> turtle	2.0	0.418	taxongroup_comment	Reptile__class
nsubj<conj>obj> turtle	2.0	0.428	taxongroup_comment	Reptile__class
obl<parataxis>cop> ...	2.0	0.286	taxongroup_comment	Reptile__class
compound<appos>compound> ...	2.0	0.318	taxongroup_comment	Reptile__class
acl:relcl>obl>det> the	2.0	0.163	taxongroup_comment	Reptile__class
nmod<nsubj<nsubj> ...	2.0	0.325	taxongroup_comment	Reptile__class
nsubj<nmod>nummod> ...	2.0	0.152	taxongroup_comment	Reptile__class
compound<conj<flat> ...	2.0	0.555	taxongroup_comment	Reptile__class
appos<obj< ...	2.0	0.353	taxongroup_comment	Reptile__class
appos<obj<nsubj> ...	2.0	0.331	taxongroup_comment	Reptile__class
appos<advmod> ...	2.0	0.341	taxongroup_comment	Reptile__class
conj<obl>case> on	2.0	0.6	taxongroup_comment	Reptile__class
compound<appos> ...	2.0	0.528	taxongroup_comment	Reptile__class
obl<parataxis>cop> be	2.0	0.286	taxongroup_comment	Reptile__class
list> lbf	2.0	0.702	taxongroup_comment	Reptile__class
conj<appos<obl< ...	2.0	0.419	taxongroup_comment	Reptile__class
nmod<obl<mark> that	2.0	0.351	taxongroup_comment	Reptile__class
nsubj<parataxis>case> ...	2.0	0.327	taxongroup_comment	Reptile__class
appos<aux:pass> be	2.0	0.474	taxongroup_comment	Reptile__class
appos<conj>amod> african	2.0	0.324	taxongroup_comment	Reptile__class
nmod<nmod<parataxis> ...	2.0	0.55	taxongroup_comment	Reptile__class
nmod<nsubj>amod> ...	2.0	0.197	taxongroup_comment	Reptile__class
compound<acl:relcl>nsubj> which	2.0	0.786	taxongroup_comment	Reptile__class
nmod<nsubj<aux> ...	2.0	0.502	taxongroup_comment	Reptile__class
compound<acl:relcl>aux> can	2.0	0.533	taxongroup_comment	Reptile__class
compound<conj<amod> ...	2.0	0.423	taxongroup_comment	Reptile__class
compound<conj<compound> ...	2.0	0.145	taxongroup_comment	Reptile__class
acl:relcl>obl>det> ...	2.0	0.173	taxongroup_comment	Reptile__class
conj<nmod<det> ...	2.0	0.687	taxongroup_comment	Reptile__class
compound<nmod>det> the	2.0	0.335	taxongroup_comment	Reptile__class
nsubj<parataxis<cop> be	2.0	0.426	taxongroup_comment	Reptile__class
conj<nmod<case> ...	2.0	0.445	taxongroup_comment	Reptile__class
nsubj<parataxis< ...	2.0	0.452	taxongroup_comment	Reptile__class
nsubj<parataxis<cop> ...	2.0	0.426	taxongroup_comment	Reptile__class
nsubj<parataxis<nsubj> ...	2.0	0.285	taxongroup_comment	Reptile__class
appos<appos>nmod:poss> ...	2.0	0.257	taxongroup_comment	Reptile__class
conj<appos<case> ...	2.0	0.482	taxongroup_comment	Reptile__class
obj<advcl>mark> though	2.0	0.366	taxongroup_comment	Reptile__class
nmod<obl<cop> ...	2.0	0.542	taxongroup_comment	Reptile__class
nsubj<amod>obl> ...	2.0	0.257	taxongroup_comment	Reptile__class
nsubj<conj<advmod> ...	2.0	0.821	taxongroup_comment	Reptile__class
nsubj<conj<nsubj> ...	2.0	0.467	taxongroup_comment	Reptile__class
obl<obl>acl> ...	2.0	0.342	taxongroup_comment	Reptile__class
nmod<nsubj<advcl> ...	2.0	0.27	taxongroup_comment	Reptile__class
appos<conj>compound> Nile	2.0	0.361	taxongroup_comment	Reptile__class
appos<conj>amod> small	2.0	0.436	taxongroup_comment	Reptile__class
obj<advcl>nsubj> they	2.0	0.486	taxongroup_comment	Reptile__class
appos<conj>advmod> even	2.0	0.416	taxongroup_comment	Reptile__class
appos<conj>amod> dwarf	2.0	0.334	taxongroup_comment	Reptile__class
nmod<nmod<nsubj< ...	2.0	0.416	taxongroup_comment	Reptile__class
nsubj<conj>compound> sea	2.0	0.28	taxongroup_comment	Reptile__class
nsubj<conj> turtle	2.0	0.201	taxongroup_comment	Reptile__class
nmod<nmod>nmod> ...	2.0	0.184	taxongroup_comment	Reptile__class
nsubj<acl> ...	2.0	0.351	taxongroup_comment	Reptile__class
nsubj<amod>advmod> ...	2.0	0.38	taxongroup_comment	Reptile__class
appos<nsubj>amod> ...	2.0	0.321	taxongroup_comment	Reptile__class
obl<acl<case> ...	2.0	0.518	taxongroup_comment	Reptile__class
appos<nsubj> ...	2.0	0.3	taxongroup_comment	Reptile__class
appos<nsubj>acl:relcl> ...	2.0	0.221	taxongroup_comment	Reptile__class
appos<cop> ...	2.0	0.411	taxongroup_comment	Reptile__class
obl<acl<obl< ...	2.0	0.503	taxongroup_comment	Reptile__class
acl>obl>compound> ...	2.0	0.164	taxongroup_comment	Reptile__class
appos<appos>amod> ...	2.0	0.198	taxongroup_comment	Reptile__class
obj<conj<obl> ...	2.0	0.169	taxongroup_comment	Reptile__class
nmod>amod>advmod> ...	2.0	0.186	taxongroup_comment	Reptile__class
acl>obl>case> to	2.0	0.255	taxongroup_comment	Reptile__class
obl< have	2.0	0.743	taxongroup_comment	Reptile__class
nmod<nmod<case> ...	2.0	0.528	taxongroup_comment	Reptile__class
conj<nsubj>acl:relcl> ...	2.0	0.473	taxongroup_comment	Reptile__class
conj<parataxis> ...	2.0	0.446	taxongroup_comment	Reptile__class
obj<ccomp< ...	2.0	0.31	taxongroup_comment	Reptile__class
flat<appos> crocodile	2.0	0.278	taxongroup_comment	Reptile__class
appos<obl<nsubj> ...	2.0	0.137	taxongroup_comment	Reptile__class
nsubj:pass<appos>conj> ...	2.0	0.36	taxongroup_comment	Reptile__class
nsubj:pass<appos> ...	2.0	0.386	taxongroup_comment	Reptile__class
obj<conj<nmod> ...	2.0	0.283	taxongroup_comment	Reptile__class
obj<advcl>aux> ...	2.0	0.401	taxongroup_comment	Reptile__class
nsubj<advcl>cop> be	2.0	0.215	taxongroup_comment	Reptile__class
compound<nmod>compound> ...	2.0	0.399	taxongroup_comment	Reptile__class
compound<acl:relcl> ...	2.0	0.437	taxongroup_comment	Reptile__class
nsubj<acl<conj> ...	2.0	0.204	taxongroup_comment	Reptile__class
compound<acl:relcl>aux> ...	2.0	0.533	taxongroup_comment	Reptile__class
compound<acl:relcl>nsubj> ...	2.0	0.786	taxongroup_comment	Reptile__class
compound<nmod>amod> ...	2.0	0.541	taxongroup_comment	Reptile__class
nsubj<advmod> most	2.0	1.004	taxongroup_comment	Reptile__class
nsubj>conj>amod> ...	2.0	0.26	taxongroup_comment	Reptile__class
nsubj>conj>cc> ...	2.0	0.407	taxongroup_comment	Reptile__class
nsubj<obl>case> with	2.0	0.942	taxongroup_comment	Reptile__class
compound<nmod<acl:relcl> ...	2.0	0.298	taxongroup_comment	Reptile__class
nmod<nsubj>nmod> crocodile	2.0	0.376	taxongroup_comment	Reptile__class
obl<obj>acl> ...	2.0	0.395	taxongroup_comment	Reptile__class
nmod<nsubj<det> the	2.0	0.346	taxongroup_comment	Reptile__class
nmod<acl> ...	2.0	0.524	taxongroup_comment	Reptile__class
compound<amod> american	2.0	0.461	taxongroup_comment	Reptile__class
nmod<acl>obl> ...	2.0	0.229	taxongroup_comment	Reptile__class
compound<case> than	2.0	0.232	taxongroup_comment	Reptile__class
nmod<nsubj<nmod> crocodile	2.0	0.515	taxongroup_comment	Reptile__class
xcomp<conj<obl> ...	2.0	0.369	taxongroup_comment	Reptile__class
nmod<case> for	2.0	0.728	taxongroup_comment	Reptile__class
compound<conj<compound> guinea	2.0	0.263	taxongroup_comment	Reptile__class
compound<cc> and	2.0	0.378	taxongroup_comment	Reptile__class
nmod>acl> ...	2.0	0.494	taxongroup_comment	Reptile__class
nmod<appos<amod> ...	2.0	0.327	taxongroup_comment	Reptile__class
nsubj<acl< ...	2.0	0.559	taxongroup_comment	Reptile__class
conj> mammal	2.0	1.047	taxongroup_comment	Reptile__class
flat<compound> ...	2.0	0.243	taxongroup_comment	Reptile__class
nmod>nmod>case> of	2.0	0.558	taxongroup_comment	Reptile__class
conj<flat> ...	2.0	0.321	taxongroup_comment	Reptile__class
parataxis< ...	2.0	0.178	taxongroup_comment	Reptile__class
nsubj< predator	2.0	0.722	taxongroup_comment	Reptile__class
nsubj<amod> only	2.0	0.325	taxongroup_comment	Reptile__class
flat<det> ...	2.0	0.296	taxongroup_comment	Reptile__class
nsubj<acl<det> ...	2.0	0.305	taxongroup_comment	Reptile__class
nsubj> they	2.0	0.471	taxongroup_comment	Reptile__class
conj<parataxis>conj> ...	2.0	0.33	taxongroup_comment	Reptile__class
acl>obl>case> as	2.0	0.211	taxongroup_comment	Reptile__class
nmod<nmod<obj< have	2.0	0.532	taxongroup_comment	Reptile__class
nmod<conj<obl< ...	2.0	0.284	taxongroup_comment	Reptile__class
obl<conj<aux:pass> be	2.0	0.293	taxongroup_comment	Reptile__class
obl<advcl<obj> ...	2.0	0.298	taxongroup_comment	Reptile__class
obl<advcl<aux:pass> be	2.0	0.32	taxongroup_comment	Reptile__class
obl<advcl<nsubj> ...	2.0	0.359	taxongroup_comment	Reptile__class
appos<case> of	2.0	0.457	taxongroup_comment	Reptile__class
flat<advmod> ...	2.0	0.385	taxongroup_comment	Reptile__class
flat<list>compound> ...	2.0	0.329	taxongroup_comment	Reptile__class
flat<list> ...	2.0	0.728	taxongroup_comment	Reptile__class
obl<advcl>nsubj> ...	2.0	0.362	taxongroup_comment	Reptile__class
flat<appos>nmod:poss> ...	2.0	0.212	taxongroup_comment	Reptile__class
flat<appos>compound> ...	2.0	0.259	taxongroup_comment	Reptile__class
flat<appos> ...	2.0	0.279	taxongroup_comment	Reptile__class
flat<nsubj< ...	2.0	0.43	taxongroup_comment	Reptile__class
flat<nsubj<obj> ...	2.0	0.243	taxongroup_comment	Reptile__class
nmod<obl<advcl> ...	2.0	0.27	taxongroup_comment	Reptile__class
acl:relcl>aux> ...	2.0	0.385	taxongroup_comment	Reptile__class
nsubj<appos> ...	2.0	0.41	taxongroup_comment	Reptile__class
obl<nsubj>amod> cuban	2.0	0.275	taxongroup_comment	Reptile__class
advcl> ...	2.0	0.403	taxongroup_comment	Reptile__class
conj<obj<advmod> ...	2.0	0.56	taxongroup_comment	Reptile__class
conj<cc> ...	2.0	0.385	taxongroup_comment	Reptile__class
obl<advmod> more	2.0	0.338	taxongroup_comment	Reptile__class
obl<advcl>advmod> not	2.0	0.893	taxongroup_comment	Reptile__class
appos<obl<aux> ...	2.0	0.691	taxongroup_comment	Reptile__class
nmod<advmod> ...	2.0	0.402	taxongroup_comment	Reptile__class
nsubj<advmod> more	2.0	0.942	taxongroup_comment	Reptile__class
compound<conj<advmod> ...	2.0	0.427	taxongroup_comment	Reptile__class
obl<parataxis<nsubj> instance	2.0	0.48	taxongroup_comment	Reptile__class
obl<parataxis< include	2.0	0.336	taxongroup_comment	Reptile__class
obl<parataxis<obj> reptile	2.0	0.492	taxongroup_comment	Reptile__class
nmod<obj<cc> ...	2.0	0.325	taxongroup_comment	Reptile__class
advcl>nsubj> ...	2.0	0.421	taxongroup_comment	Reptile__class
advcl>mark> ...	2.0	0.437	taxongroup_comment	Reptile__class
conj<obj>det> ...	2.0	0.339	taxongroup_comment	Reptile__class
amod>advmod> more	2.0	0.746	taxongroup_comment	Reptile__class
appos<nmod< ...	2.0	0.417	taxongroup_comment	Reptile__class
nsubj<cc> but	2.0	0.378	taxongroup_comment	Reptile__class
nmod>conj>amod> ...	2.0	0.297	taxongroup_comment	Reptile__class
nmod>nmod>det> ...	2.0	0.177	taxongroup_comment	Reptile__class
nmod>case> at	2.0	1.014	taxongroup_comment	Reptile__class
obl<parataxis<amod> ...	2.0	0.408	taxongroup_comment	Reptile__class
appos<advcl>advmod> ...	2.0	0.269	taxongroup_comment	Reptile__class
obl<conj>nsubj> ...	2.0	0.521	taxongroup_comment	Reptile__class
obl<parataxis<obj> ...	2.0	0.492	taxongroup_comment	Reptile__class
nsubj<advcl>cop> ...	2.0	0.234	taxongroup_comment	Reptile__class
nmod<acl:relcl<case> ...	2.0	0.423	taxongroup_comment	Reptile__class
nmod<nsubj<amod> ...	2.0	0.408	taxongroup_comment	Reptile__class
obj<xcomp> ...	2.0	0.328	taxongroup_comment	Reptile__class
nmod<mark> to	2.0	0.28	taxongroup_comment	Reptile__class
nmod<obj<xcomp< ...	2.0	0.417	taxongroup_comment	Reptile__class
parataxis>obj>det> a	2.0	0.493	taxongroup_comment	Reptile__class
compound<nmod<nmod< ...	2.0	0.322	taxongroup_comment	Reptile__class
obj<xcomp>obl> ...	2.0	0.359	taxongroup_comment	Reptile__class
obj<advcl<obj> ...	2.0	0.238	taxongroup_comment	Reptile__class
nmod<acl:relcl<nummod> ...	2.0	0.438	taxongroup_comment	Reptile__class
obl<nsubj>amod> american	2.0	0.405	taxongroup_comment	Reptile__class
conj<obl<conj> ...	2.0	0.36	taxongroup_comment	Reptile__class
compound<nmod<acl> ...	2.0	0.454	taxongroup_comment	Reptile__class
nsubj<aux> do	2.0	0.773	taxongroup_comment	Reptile__class
compound<nmod<nsubj< ...	2.0	0.484	taxongroup_comment	Reptile__class
conj<cc> and	2.0	0.385	taxongroup_comment	Reptile__class
conj<det> all	2.0	0.622	taxongroup_comment	Reptile__class
nsubj:pass<conj>cc> ...	2.0	0.307	taxongroup_comment	Reptile__class
obl<cc> but	2.0	0.407	taxongroup_comment	Reptile__class
obl<det> the	2.0	0.958	taxongroup_comment	Reptile__class
nsubj<parataxis>obj> ...	2.0	0.322	taxongroup_comment	Reptile__class
nsubj:pass<conj> ...	2.0	0.53	taxongroup_comment	Reptile__class
obj<ccomp<advmod> ...	2.0	0.281	taxongroup_comment	Reptile__class
conj<nmod>case> with	2.0	0.632	taxongroup_comment	Reptile__class
acl:relcl>obj>det> ...	2.0	0.372	taxongroup_comment	Reptile__class
acl>obl>det> a	2.0	0.433	taxongroup_comment	Reptile__class
obl<obl>det> a	2.0	0.411	taxongroup_comment	Reptile__class
nmod<nsubj< be	2.0	0.319	taxongroup_comment	Reptile__class
nmod<nsubj<expl> there	2.0	0.333	taxongroup_comment	Reptile__class
obl<advcl<obj> view	2.0	0.427	taxongroup_comment	Reptile__class
obl<obj> rise	2.0	0.356	taxongroup_comment	Reptile__class
nsubj:pass<obl>case> in	2.0	0.463	taxongroup_comment	Reptile__class
obl<amod<obj< ...	2.0	0.413	taxongroup_comment	Reptile__class
acl>obl>case> of	2.0	0.258	taxongroup_comment	Reptile__class
conj<advmod> as	2.0	0.525	taxongroup_comment	Reptile__class
nsubj<obl> crocodilian	2.0	0.647	taxongroup_comment	Reptile__class
obl< see	2.0	0.784	taxongroup_comment	Reptile__class
nsubj<obl>case> like	2.0	0.776	taxongroup_comment	Reptile__class
obj<acl:relcl<appos> ...	2.0	0.384	taxongroup_comment	Reptile__class
nmod<conj<compound> ...	2.0	0.222	taxongroup_comment	Reptile__class
compound<nmod:poss>case> 's	2.0	0.144	taxongroup_comment	Reptile__class
list>nummod> ...	2.0	0.458	taxongroup_comment	Reptile__class
acl:relcl>obj>amod> ...	2.0	0.385	taxongroup_comment	Reptile__class
nsubj<aux> would	2.0	0.703	taxongroup_comment	Reptile__class
conj<conj<det> ...	2.0	0.148	taxongroup_comment	Reptile__class
nmod<cc> and	2.0	0.368	taxongroup_comment	Reptile__class
nsubj<advmod> also	2.0	0.977	taxongroup_comment	Reptile__class
conj>conj>cc> and	2.0	0.458	taxongroup_comment	Reptile__class
conj>conj>nummod> marine	2.0	0.524	taxongroup_comment	Reptile__class
nsubj<conj>nsubj> it	2.0	0.31	taxongroup_comment	Reptile__class
conj<obl<aux> ...	2.0	0.311	taxongroup_comment	Reptile__class
amod>obl:npmod> ...	2.0	0.261	taxongroup_comment	Reptile__class
conj<obl>nmod> ...	2.0	0.092	taxongroup_comment	Reptile__class
nmod<nmod> human	2.0	0.399	taxongroup_comment	Reptile__class
conj<advmod>advmod> ...	2.0	0.328	taxongroup_comment	Reptile__class
nsubj<obl>case> from	2.0	0.987	taxongroup_comment	Reptile__class
nmod<compound>amod> ...	2.0	0.293	taxongroup_comment	Reptile__class
compound> adult	2.0	0.598	taxongroup_comment	Reptile__class
conj<obl<nsubj> ...	2.0	0.395	taxongroup_comment	Reptile__class
compound<nmod< one	2.0	0.414	taxongroup_comment	Reptile__class
compound<nmod<cop> be	2.0	0.248	taxongroup_comment	Reptile__class
nsubj<advcl>mark> while	2.0	0.648	taxongroup_comment	Reptile__class
acl:relcl>obj>det> the	2.0	0.371	taxongroup_comment	Reptile__class
conj>compound> Nile	2.0	0.379	taxongroup_comment	Reptile__class
nsubj<obl> species	2.0	0.56	taxongroup_comment	Reptile__class
compound<amod> many	2.0	0.303	taxongroup_comment	Reptile__class
compound>case> ...	2.0	0.449	taxongroup_comment	Reptile__class
advmod> especially	2.0	0.435	taxongroup_comment	Reptile__class
obl<obj>nummod> ...	2.0	0.25	taxongroup_comment	Reptile__class
appos<conj>compound> ...	2.0	0.38	taxongroup_comment	Reptile__class
compound<conj<conj> ...	2.0	0.242	taxongroup_comment	Reptile__class
conj<conj>compound> Nile	2.0	0.297	taxongroup_comment	Reptile__class
obj<xcomp<nsubj> ...	2.0	0.269	taxongroup_comment	Reptile__class
nsubj<ccomp<obl> ...	2.0	0.161	taxongroup_comment	Reptile__class
conj>amod> american	2.0	0.28	taxongroup_comment	Reptile__class
advmod> almost	2.0	0.47	taxongroup_comment	Reptile__class
compound> marine	2.0	0.426	taxongroup_comment	Reptile__class
nmod< predator	1.0	0.465	taxongroup_comment	Reptile__class
compound<obl<aux:pass> be	1.0	0.386	taxongroup_comment	Reptile__class
compound<case> to	1.0	0.261	taxongroup_comment	Reptile__class
nsubj<xcomp>cop> be	1.0	0.307	taxongroup_comment	Reptile__class
obl<advcl> produce	1.0	0.459	taxongroup_comment	Reptile__class
obj< kill	1.0	0.409	taxongroup_comment	Reptile__class
nummod> non-marine	1.0	0.282	taxongroup_comment	Reptile__class
compound<amod> other	1.0	0.27	taxongroup_comment	Reptile__class
compound<nmod<case> than	1.0	0.394	taxongroup_comment	Reptile__class
obl<advcl>cop> be	1.0	0.695	taxongroup_comment	Reptile__class
obl<advcl>mark> although	1.0	0.587	taxongroup_comment	Reptile__class
obl<advcl>mark> because	1.0	0.714	taxongroup_comment	Reptile__class
obj<advmod> also	1.0	0.789	taxongroup_comment	Reptile__class
obl<det> a	1.0	0.996	taxongroup_comment	Reptile__class
obj<nsubj> crocodile	1.0	0.218	taxongroup_comment	Reptile__class
obl<nsubj:pass>advmod> only	1.0	0.464	taxongroup_comment	Reptile__class
nsubj> crocodile	1.0	0.41	taxongroup_comment	Reptile__class
advmod>obl>det> the	1.0	0.354	taxongroup_comment	Reptile__class
nsubj<advmod> ever	1.0	1.007	taxongroup_comment	Reptile__class
obj<obl>case> with	1.0	0.539	taxongroup_comment	Reptile__class
obl<obj>det> the	1.0	0.299	taxongroup_comment	Reptile__class
obl<nsubj:pass> turtle	1.0	0.721	taxongroup_comment	Reptile__class
obl<appos>det> the	1.0	0.555	taxongroup_comment	Reptile__class
conj<amod> modern	1.0	0.7	taxongroup_comment	Reptile__class
xcomp<aux:pass> be	1.0	0.566	taxongroup_comment	Reptile__class
nsubj<obl>nmod:poss> they	1.0	0.446	taxongroup_comment	Reptile__class
obj<aux> may	1.0	0.312	taxongroup_comment	Reptile__class
obj<conj>cc> and	1.0	0.317	taxongroup_comment	Reptile__class
obj<conj<amod> largest	1.0	0.387	taxongroup_comment	Reptile__class
nmod>conj>amod> large	1.0	0.329	taxongroup_comment	Reptile__class
nsubj<acl:relcl<det> the	1.0	0.394	taxongroup_comment	Reptile__class
mark> to	1.0	0.387	taxongroup_comment	Reptile__class
conj<amod> aquatic	1.0	0.632	taxongroup_comment	Reptile__class
obl<nsubj> turtle	1.0	0.88	taxongroup_comment	Reptile__class
obj<xcomp>mark> to	1.0	0.356	taxongroup_comment	Reptile__class
nmod> crocodile	1.0	0.759	taxongroup_comment	Reptile__class
obj<conj<cop> be	1.0	0.425	taxongroup_comment	Reptile__class
nmod<obl<cc> and	1.0	0.295	taxongroup_comment	Reptile__class
obj< allow	1.0	0.303	taxongroup_comment	Reptile__class
nmod>case> like	1.0	0.888	taxongroup_comment	Reptile__class
obj<acl:relcl<appos< Goodrich	1.0	0.414	taxongroup_comment	Reptile__class
obj<acl:relcl<cc:preconj> both	1.0	0.413	taxongroup_comment	Reptile__class
amod>compound> cold	1.0	0.396	taxongroup_comment	Reptile__class
obl<mark> that	1.0	0.742	taxongroup_comment	Reptile__class
obj<acl:relcl< lineage	1.0	0.662	taxongroup_comment	Reptile__class
obj<acl:relcl<acl> evolve	1.0	0.354	taxongroup_comment	Reptile__class
obj<acl:relcl<appos> Protosauria	1.0	0.442	taxongroup_comment	Reptile__class
acl>aux:pass> be	1.0	0.38	taxongroup_comment	Reptile__class
nmod<conj>cc> or	1.0	0.41	taxongroup_comment	Reptile__class
nmod<nsubj<mark> that	1.0	0.219	taxongroup_comment	Reptile__class
nmod<nmod>case> such	1.0	0.217	taxongroup_comment	Reptile__class
nmod<cc>fixed> than	1.0	0.492	taxongroup_comment	Reptile__class
nmod<cc> rather	1.0	0.514	taxongroup_comment	Reptile__class
nmod<conj<conj> mammal	1.0	1.152	taxongroup_comment	Reptile__class
nmod<conj< bird	1.0	0.615	taxongroup_comment	Reptile__class
obj<acl:relcl<appos> lizard	1.0	0.375	taxongroup_comment	Reptile__class
conj>nmod>det> the	1.0	0.35	taxongroup_comment	Reptile__class
obl<advcl> use	1.0	0.494	taxongroup_comment	Reptile__class
obl<acl<amod> first	1.0	0.302	taxongroup_comment	Reptile__class
obl<acl<cop> be	1.0	0.325	taxongroup_comment	Reptile__class
obl<nsubj> reptile	1.0	0.801	taxongroup_comment	Reptile__class
nmod<conj<det> a	1.0	0.545	taxongroup_comment	Reptile__class
obj<obl> which	1.0	0.246	taxongroup_comment	Reptile__class
obj<nsubj> he	1.0	0.359	taxongroup_comment	Reptile__class
obj< include	1.0	0.344	taxongroup_comment	Reptile__class
mark> that	1.0	0.46	taxongroup_comment	Reptile__class
conj>nmod> reptile	1.0	0.408	taxongroup_comment	Reptile__class
ccomp<aux:pass> be	1.0	0.525	taxongroup_comment	Reptile__class
nmod<nsubj<acl< fact	1.0	0.715	taxongroup_comment	Reptile__class
appos<obl<cc> and	1.0	0.589	taxongroup_comment	Reptile__class
appos<obl<aux:pass> be	1.0	0.331	taxongroup_comment	Reptile__class
conj<conj>cop> be	1.0	0.427	taxongroup_comment	Reptile__class
conj>cc> but	1.0	0.85	taxongroup_comment	Reptile__class
appos<case> as	1.0	0.466	taxongroup_comment	Reptile__class
appos<det> a	1.0	0.415	taxongroup_comment	Reptile__class
conj<conj<parataxis< Sauropsids	1.0	0.211	taxongroup_comment	Reptile__class
nummod> marine	1.0	0.241	taxongroup_comment	Reptile__class
conj<conj< reptile	1.0	0.503	taxongroup_comment	Reptile__class
conj< bird	1.0	0.592	taxongroup_comment	Reptile__class
conj<conj>cc> as	1.0	0.58	taxongroup_comment	Reptile__class
conj<conj>compound> extinct	1.0	0.213	taxongroup_comment	Reptile__class
obj<obl>det> the	1.0	0.57	taxongroup_comment	Reptile__class
conj<obj>det> a	1.0	0.32	taxongroup_comment	Reptile__class
conj<advmod> also	1.0	0.567	taxongroup_comment	Reptile__class
obl<nsubj>compound> sea	1.0	0.453	taxongroup_comment	Reptile__class
conj>case> of	1.0	0.714	taxongroup_comment	Reptile__class
acl:relcl> have	1.0	0.44	taxongroup_comment	Reptile__class
advcl>nsubj> they	1.0	0.546	taxongroup_comment	Reptile__class
nmod<obj< include	1.0	0.49	taxongroup_comment	Reptile__class
nmod<obj<advmod> also	1.0	0.244	taxongroup_comment	Reptile__class
conj<nmod>case> of	1.0	0.738	taxongroup_comment	Reptile__class
conj<nmod>det> the	1.0	0.149	taxongroup_comment	Reptile__class
advcl>advcl>mark> to	1.0	0.635	taxongroup_comment	Reptile__class
conj>amod> long	1.0	0.297	taxongroup_comment	Reptile__class
acl> find	1.0	0.522	taxongroup_comment	Reptile__class
acl>obl>case> in	1.0	0.315	taxongroup_comment	Reptile__class
conj>advmod> not	1.0	0.582	taxongroup_comment	Reptile__class
nmod>case> with	1.0	1.065	taxongroup_comment	Reptile__class
acl>obl>det> the	1.0	0.434	taxongroup_comment	Reptile__class
nmod:poss<case> of	1.0	0.549	taxongroup_comment	Reptile__class
advcl<aux:pass> be	1.0	0.452	taxongroup_comment	Reptile__class
mark> though	1.0	0.273	taxongroup_comment	Reptile__class
advcl<obl>det> the	1.0	0.453	taxongroup_comment	Reptile__class
nmod> bird	1.0	0.886	taxongroup_comment	Reptile__class
obl<obj>nmod> energy	1.0	0.51	taxongroup_comment	Reptile__class
nmod> lizard	1.0	0.688	taxongroup_comment	Reptile__class
nsubj<mark> as	1.0	0.407	taxongroup_comment	Reptile__class
obl<nsubj> this	1.0	0.866	taxongroup_comment	Reptile__class
obl<advmod> not	1.0	0.361	taxongroup_comment	Reptile__class
nmod>amod> same	1.0	0.79	taxongroup_comment	Reptile__class
nmod> size	1.0	0.637	taxongroup_comment	Reptile__class
compound<nmod>case> of	1.0	0.417	taxongroup_comment	Reptile__class
conj<nmod<case> in	1.0	0.4	taxongroup_comment	Reptile__class
conj<nmod< species	1.0	0.309	taxongroup_comment	Reptile__class
nsubj<ccomp<nsubj> study	1.0	0.387	taxongroup_comment	Reptile__class
obl<conj>cc> but	1.0	0.43	taxongroup_comment	Reptile__class
obl<conj>nsubj> it	1.0	0.473	taxongroup_comment	Reptile__class
obl<conj>cop> be	1.0	0.292	taxongroup_comment	Reptile__class
obl<mark> as	1.0	0.743	taxongroup_comment	Reptile__class
nsubj:pass<conj>aux:pass> ...	1.0	0.396	taxongroup_comment	Reptile__class
nsubj:pass<conj>obl> ...	1.0	0.307	taxongroup_comment	Reptile__class
appos<obj> ...	1.0	0.71	taxongroup_comment	Reptile__class
acl>obj>amod> ...	1.0	0.247	taxongroup_comment	Reptile__class
obl<obl>nmod> ...	1.0	0.467	taxongroup_comment	Reptile__class
obl<conj>obj> ...	1.0	0.183	taxongroup_comment	Reptile__class
obl<parataxis<cop> ...	1.0	0.334	taxongroup_comment	Reptile__class
obl<parataxis<det> ...	1.0	0.349	taxongroup_comment	Reptile__class
obl<nsubj:pass>amod> ...	1.0	0.403	taxongroup_comment	Reptile__class
conj>nmod>conj> ...	1.0	0.412	taxongroup_comment	Reptile__class
nmod<nmod<nmod:poss> ...	1.0	0.372	taxongroup_comment	Reptile__class
nmod<nmod<compound> ...	1.0	0.462	taxongroup_comment	Reptile__class
nmod>nmod>nmod> ...	1.0	0.237	taxongroup_comment	Reptile__class
nsubj<acl:relcl>obj> ...	1.0	0.306	taxongroup_comment	Reptile__class
nsubj:pass<conj>nsubj:pass> ...	1.0	0.475	taxongroup_comment	Reptile__class
nsubj:pass<mark> ...	1.0	0.232	taxongroup_comment	Reptile__class
compound<conj<nsubj> ...	1.0	0.786	taxongroup_comment	Reptile__class
compound<conj<obj> ...	1.0	0.109	taxongroup_comment	Reptile__class
compound<advmod> ...	1.0	0.519	taxongroup_comment	Reptile__class
compound<acl> ...	1.0	0.39	taxongroup_comment	Reptile__class
compound<acl>obl> ...	1.0	0.209	taxongroup_comment	Reptile__class
conj<conj<amod> ...	1.0	0.173	taxongroup_comment	Reptile__class
conj<obj<obl> ...	1.0	0.269	taxongroup_comment	Reptile__class
conj<obj<nsubj> ...	1.0	0.288	taxongroup_comment	Reptile__class
conj<nmod>acl> ...	1.0	0.269	taxongroup_comment	Reptile__class
conj<appos<nummod> ...	1.0	0.286	taxongroup_comment	Reptile__class
conj<advcl> ...	1.0	0.44	taxongroup_comment	Reptile__class
conj<advcl>obj> ...	1.0	0.543	taxongroup_comment	Reptile__class
obj<advcl<advmod> ...	1.0	0.568	taxongroup_comment	Reptile__class
nsubj:pass<ccomp<nsubj> ...	1.0	0.33	taxongroup_comment	Reptile__class
nsubj:pass<ccomp< ...	1.0	0.645	taxongroup_comment	Reptile__class
nmod<nmod>conj> ...	1.0	0.164	taxongroup_comment	Reptile__class
nmod<nsubj:pass<xcomp> ...	1.0	0.496	taxongroup_comment	Reptile__class
appos<nmod<conj< ...	1.0	0.372	taxongroup_comment	Reptile__class
appos<nmod<cc> ...	1.0	0.7	taxongroup_comment	Reptile__class
nmod<acl:relcl< ...	1.0	0.531	taxongroup_comment	Reptile__class
nmod>acl:relcl>advmod> ...	1.0	0.548	taxongroup_comment	Reptile__class
nmod>acl:relcl>nsubj:pass> ...	1.0	0.291	taxongroup_comment	Reptile__class
nmod>acl:relcl>aux:pass> ...	1.0	0.577	taxongroup_comment	Reptile__class
nmod>acl:relcl> ...	1.0	0.285	taxongroup_comment	Reptile__class
nmod<obj<nsubj:pass> ...	1.0	0.668	taxongroup_comment	Reptile__class
nmod<obj<aux> ...	1.0	0.297	taxongroup_comment	Reptile__class
nmod<obj<aux:pass> ...	1.0	0.196	taxongroup_comment	Reptile__class
nmod<amod>advmod> ...	1.0	0.321	taxongroup_comment	Reptile__class
nsubj<xcomp>cop> ...	1.0	0.307	taxongroup_comment	Reptile__class
nsubj<xcomp>nmod> ...	1.0	0.472	taxongroup_comment	Reptile__class
conj<nsubj<obj> ...	1.0	0.583	taxongroup_comment	Reptile__class
conj<nsubj<obl> ...	1.0	0.385	taxongroup_comment	Reptile__class
nmod<obl<advcl< ...	1.0	0.174	taxongroup_comment	Reptile__class
obl<acl<conj< ...	1.0	0.317	taxongroup_comment	Reptile__class
obl<acl<compound> ...	1.0	0.263	taxongroup_comment	Reptile__class
nmod>nmod>compound> ...	1.0	0.337	taxongroup_comment	Reptile__class
advcl>det> ...	1.0	0.277	taxongroup_comment	Reptile__class
obl<acl<obj< ...	1.0	0.224	taxongroup_comment	Reptile__class
nmod<nmod>amod> ...	1.0	0.452	taxongroup_comment	Reptile__class
compound<nmod<advmod> ...	1.0	0.301	taxongroup_comment	Reptile__class
compound<nmod<mark> ...	1.0	0.237	taxongroup_comment	Reptile__class
obj<advcl<cop> ...	1.0	0.212	taxongroup_comment	Reptile__class
conj<advmod>mark> ...	1.0	0.329	taxongroup_comment	Reptile__class
compound<list< ...	1.0	0.45	taxongroup_comment	Reptile__class
appos<appos>compound> ...	1.0	0.432	taxongroup_comment	Reptile__class
nsubj<conj<cop> ...	1.0	0.539	taxongroup_comment	Reptile__class
nmod<obl<xcomp< ...	1.0	0.713	taxongroup_comment	Reptile__class
nmod<acl>obj> ...	1.0	0.218	taxongroup_comment	Reptile__class
nmod<nsubj>acl> ...	1.0	0.341	taxongroup_comment	Reptile__class
nmod<flat> ...	1.0	0.125	taxongroup_comment	Reptile__class
nsubj<nsubj< ...	1.0	0.219	taxongroup_comment	Reptile__class
nsubj:pass<appos>amod> ...	1.0	0.485	taxongroup_comment	Reptile__class
parataxis>nsubj>det> ...	1.0	0.38	taxongroup_comment	Reptile__class
parataxis>nsubj> ...	1.0	0.352	taxongroup_comment	Reptile__class
parataxis>obl>case> ...	1.0	0.313	taxongroup_comment	Reptile__class
parataxis>obl> ...	1.0	0.792	taxongroup_comment	Reptile__class
nsubj<obj>appos> ...	1.0	0.3	taxongroup_comment	Reptile__class
nsubj:pass<appos>det> ...	1.0	0.617	taxongroup_comment	Reptile__class
nsubj>appos>compound> ...	1.0	0.486	taxongroup_comment	Reptile__class
acl:relcl>obl>nmod> ...	1.0	0.252	taxongroup_comment	Reptile__class
compound<nmod>appos> ...	1.0	0.224	taxongroup_comment	Reptile__class
nsubj:pass<obl>acl> ...	1.0	0.391	taxongroup_comment	Reptile__class
nmod<nsubj<parataxis< ...	1.0	0.27	taxongroup_comment	Reptile__class
nsubj<advcl>det> ...	1.0	0.511	taxongroup_comment	Reptile__class
nsubj:pass<conj>nmod> ...	1.0	0.202	taxongroup_comment	Reptile__class
nmod<nmod<obl< ...	1.0	0.447	taxongroup_comment	Reptile__class
nmod<nsubj<obj> ...	1.0	0.204	taxongroup_comment	Reptile__class
nsubj<acl>obl> ...	1.0	0.643	taxongroup_comment	Reptile__class
nmod<nsubj<ccomp< ...	1.0	0.411	taxongroup_comment	Reptile__class
nsubj<ccomp<mark> ...	1.0	0.399	taxongroup_comment	Reptile__class
det:predet> ...	1.0	0.394	taxongroup_comment	Reptile__class
nsubj<nsubj>det> ...	1.0	0.581	taxongroup_comment	Reptile__class
nsubj<nsubj> ...	1.0	0.408	taxongroup_comment	Reptile__class
nsubj:pass<conj>amod> ...	1.0	0.315	taxongroup_comment	Reptile__class
nsubj:pass<appos>nmod> ...	1.0	0.184	taxongroup_comment	Reptile__class
nsubj<ccomp<aux:pass> ...	1.0	0.411	taxongroup_comment	Reptile__class
compound<nmod>nmod:poss> ...	1.0	0.236	taxongroup_comment	Reptile__class
obj<advcl<obl> ...	1.0	0.366	taxongroup_comment	Reptile__class
obl<amod<amod> ...	1.0	0.222	taxongroup_comment	Reptile__class
nsubj<ccomp<advmod> ...	1.0	0.256	taxongroup_comment	Reptile__class
nsubj<ccomp<nsubj:pass> ...	1.0	0.278	taxongroup_comment	Reptile__class
nmod<obj<mark> ...	1.0	0.399	taxongroup_comment	Reptile__class
conj<nsubj<advmod> ...	1.0	0.295	taxongroup_comment	Reptile__class
conj<nsubj<advcl> ...	1.0	0.475	taxongroup_comment	Reptile__class
compound<obj<nsubj> ...	1.0	0.408	taxongroup_comment	Reptile__class
compound<obj<aux> ...	1.0	0.383	taxongroup_comment	Reptile__class
compound<obj<conj> ...	1.0	0.224	taxongroup_comment	Reptile__class
obj<acl<amod> ...	1.0	0.204	taxongroup_comment	Reptile__class
obl<conj>cop> ...	1.0	0.292	taxongroup_comment	Reptile__class
appos<obl<conj< ...	1.0	0.424	taxongroup_comment	Reptile__class
appos<obl<cc> ...	1.0	0.589	taxongroup_comment	Reptile__class
appos<obl<obl> ...	1.0	0.171	taxongroup_comment	Reptile__class
appos<obl<nsubj:pass> ...	1.0	0.43	taxongroup_comment	Reptile__class
appos<obl<aux:pass> ...	1.0	0.331	taxongroup_comment	Reptile__class
appos<obl<advmod> ...	1.0	0.36	taxongroup_comment	Reptile__class
obl<nsubj>nmod:poss> ...	1.0	0.184	taxongroup_comment	Reptile__class
advmod>fixed> ...	1.0	0.286	taxongroup_comment	Reptile__class
nmod<nsubj<acl< ...	1.0	0.715	taxongroup_comment	Reptile__class
nmod<nsubj<mark> ...	1.0	0.277	taxongroup_comment	Reptile__class
obj<acl:relcl<appos< ...	1.0	0.407	taxongroup_comment	Reptile__class
obj<acl:relcl<cc:preconj> ...	1.0	0.413	taxongroup_comment	Reptile__class
obj<acl:relcl<acl> ...	1.0	0.354	taxongroup_comment	Reptile__class
obj<obj>nmod> ...	1.0	0.48	taxongroup_comment	Reptile__class
obl<advcl>conj> ...	1.0	0.544	taxongroup_comment	Reptile__class
nsubj<advcl<nsubj> ...	1.0	0.393	taxongroup_comment	Reptile__class
nsubj<advcl<advmod> ...	1.0	0.451	taxongroup_comment	Reptile__class
conj<conj<parataxis< ...	1.0	0.219	taxongroup_comment	Reptile__class
conj>conj>amod> ...	1.0	0.47	taxongroup_comment	Reptile__class
obj<xcomp<acl:relcl< ...	1.0	0.438	taxongroup_comment	Reptile__class
ccomp<obl>case> ...	1.0	0.37	taxongroup_comment	Reptile__class
ccomp<obl> ...	1.0	0.201	taxongroup_comment	Reptile__class
acl>aux:pass> ...	1.0	0.38	taxongroup_comment	Reptile__class
nmod<cc>fixed> ...	1.0	0.492	taxongroup_comment	Reptile__class
conj<nmod<amod> ...	1.0	0.479	taxongroup_comment	Reptile__class
conj<nmod<nsubj< ...	1.0	0.433	taxongroup_comment	Reptile__class
obj<obl>nmod> ...	1.0	0.143	taxongroup_comment	Reptile__class
conj<obj>compound> ...	1.0	0.471	taxongroup_comment	Reptile__class
conj<conj>cop> ...	1.0	0.427	taxongroup_comment	Reptile__class
conj<conj>obl> ...	1.0	0.528	taxongroup_comment	Reptile__class
parataxis<compound> ...	1.0	0.552	taxongroup_comment	Reptile__class
obl<conj>case> ...	1.0	0.425	taxongroup_comment	Reptile__class
ccomp<aux:pass> ...	1.0	0.525	taxongroup_comment	Reptile__class
obl<conj>compound> ...	1.0	0.482	taxongroup_comment	Reptile__class
compound<nmod<obl< ...	1.0	0.285	taxongroup_comment	Reptile__class
nmod>acl>obl> ...	1.0	0.3	taxongroup_comment	Reptile__class
nsubj<acl:relcl<case> ...	1.0	0.265	taxongroup_comment	Reptile__class
nsubj<acl:relcl<det> ...	1.0	0.365	taxongroup_comment	Reptile__class
nsubj<acl:relcl<amod> ...	1.0	0.309	taxongroup_comment	Reptile__class
nsubj<acl:relcl< ...	1.0	0.501	taxongroup_comment	Reptile__class
obj<obl>conj> ...	1.0	0.344	taxongroup_comment	Reptile__class
obj<nsubj>amod> ...	1.0	0.341	taxongroup_comment	Reptile__class
obj<conj>cc> ...	1.0	0.355	taxongroup_comment	Reptile__class
obj<conj> ...	1.0	0.562	taxongroup_comment	Reptile__class
obj<conj>obj> ...	1.0	0.208	taxongroup_comment	Reptile__class
obl<acl>obj> ...	1.0	0.338	taxongroup_comment	Reptile__class
obl<acl> ...	1.0	0.324	taxongroup_comment	Reptile__class
obj<conj<obj> ...	1.0	0.421	taxongroup_comment	Reptile__class
conj<nmod<obl< ...	1.0	0.458	taxongroup_comment	Reptile__class
acl:relcl>obj>acl> ...	1.0	0.255	taxongroup_comment	Reptile__class
nsubj>conj>compound> ...	1.0	0.576	taxongroup_comment	Reptile__class
advcl>advmod> ...	1.0	0.33	taxongroup_comment	Reptile__class
advcl>advcl>mark> ...	1.0	0.635	taxongroup_comment	Reptile__class
advcl>advcl> ...	1.0	0.216	taxongroup_comment	Reptile__class
advcl<nsubj:pass> ...	1.0	0.358	taxongroup_comment	Reptile__class
obl<case> ...	1.0	0.375	taxongroup_comment	Reptile__class
advcl<aux:pass> ...	1.0	0.452	taxongroup_comment	Reptile__class
advcl<advmod> ...	1.0	0.342	taxongroup_comment	Reptile__class
advcl< ...	1.0	0.464	taxongroup_comment	Reptile__class
advcl<obl>case> ...	1.0	0.623	taxongroup_comment	Reptile__class
advcl<obl>det> ...	1.0	0.453	taxongroup_comment	Reptile__class
advcl<obl>amod> ...	1.0	0.306	taxongroup_comment	Reptile__class
advcl<obl> ...	1.0	0.575	taxongroup_comment	Reptile__class
ccomp< ...	1.0	0.147	taxongroup_comment	Reptile__class
obj<acl<compound> ...	1.0	0.277	taxongroup_comment	Reptile__class
nmod<acl>advmod> ...	1.0	0.24	taxongroup_comment	Reptile__class
xcomp<aux:pass> ...	1.0	0.566	taxongroup_comment	Reptile__class
xcomp< ...	1.0	0.171	taxongroup_comment	Reptile__class
conj<obj<acl< ...	1.0	0.433	taxongroup_comment	Reptile__class
conj<obj<advcl> ...	1.0	0.515	taxongroup_comment	Reptile__class
nmod<obl<conj< ...	1.0	0.198	taxongroup_comment	Reptile__class
nmod<obl<cc> ...	1.0	0.292	taxongroup_comment	Reptile__class
compound<nmod<obj< ...	1.0	0.262	taxongroup_comment	Reptile__class
obj<conj<cop> ...	1.0	0.425	taxongroup_comment	Reptile__class
obj<conj<amod> ...	1.0	0.387	taxongroup_comment	Reptile__class
obj<nsubj>nmod> ...	1.0	0.348	taxongroup_comment	Reptile__class
appos<conj>nmod> ...	1.0	0.53	taxongroup_comment	Reptile__class
obl> ...	1.0	0.502	taxongroup_comment	Reptile__class
obl<appos> ...	1.0	0.293	taxongroup_comment	Reptile__class
obj<acl< ...	1.0	0.334	taxongroup_comment	Reptile__class
obj<xcomp>mark> ...	1.0	0.356	taxongroup_comment	Reptile__class
advmod>obl>case> ...	1.0	0.484	taxongroup_comment	Reptile__class
advmod>obl>det> ...	1.0	0.321	taxongroup_comment	Reptile__class
advmod>obl> ...	1.0	0.455	taxongroup_comment	Reptile__class
obl<conj>obl> ...	1.0	0.248	taxongroup_comment	Reptile__class
obl<appos>det> ...	1.0	0.565	taxongroup_comment	Reptile__class
obl>amod> ...	1.0	0.275	taxongroup_comment	Reptile__class
obl<appos>conj> ...	1.0	0.392	taxongroup_comment	Reptile__class
obl<nsubj:pass>advmod> ...	1.0	0.464	taxongroup_comment	Reptile__class
obl<nsubj:pass>compound> ...	1.0	0.497	taxongroup_comment	Reptile__class
obl<parataxis>obj> ...	1.0	0.318	taxongroup_comment	Reptile__class
conj<obl<appos> ...	1.0	0.341	taxongroup_comment	Reptile__class
obl>case> ...	1.0	0.297	taxongroup_comment	Reptile__class
nmod<nsubj<compound> ...	1.0	0.251	taxongroup_comment	Reptile__class
ccomp<acl:relcl< ...	1.0	0.284	taxongroup_comment	Reptile__class
nmod<nsubj<acl> ...	1.0	0.215	taxongroup_comment	Reptile__class
obl<advcl<advcl> ...	1.0	0.562	taxongroup_comment	Reptile__class
obl<obj>nmod:poss> ...	1.0	0.689	taxongroup_comment	Reptile__class
appos>flat> ...	1.0	0.206	taxongroup_comment	Reptile__class
nsubj<ccomp<conj> ...	1.0	0.511	taxongroup_comment	Reptile__class
nmod<obl<conj> ...	1.0	0.549	taxongroup_comment	Reptile__class
obl<acl<nsubj> ...	1.0	0.184	taxongroup_comment	Reptile__class
obl<acl<cop> ...	1.0	0.325	taxongroup_comment	Reptile__class
conj<conj>acl:relcl> ...	1.0	0.318	taxongroup_comment	Reptile__class
conj<nmod>compound> ...	1.0	0.218	taxongroup_comment	Reptile__class
conj<nmod>det> ...	1.0	0.161	taxongroup_comment	Reptile__class
compound<obl<advcl< ...	1.0	0.189	taxongroup_comment	Reptile__class
nmod<appos< ...	1.0	0.353	taxongroup_comment	Reptile__class
obl<advcl>cop> ...	1.0	0.669	taxongroup_comment	Reptile__class
acl:relcl>obj>appos> ...	1.0	0.491	taxongroup_comment	Reptile__class
acl:relcl>obj>nmod> ...	1.0	0.409	taxongroup_comment	Reptile__class
compound<obl<nsubj:pass> ...	1.0	0.237	taxongroup_comment	Reptile__class
nmod<obj<advmod> ...	1.0	0.228	taxongroup_comment	Reptile__class
compound<obl<aux> ...	1.0	0.373	taxongroup_comment	Reptile__class
compound<obl<aux:pass> ...	1.0	0.386	taxongroup_comment	Reptile__class
nmod:poss<nmod<obj< ...	1.0	0.417	taxongroup_comment	Reptile__class
nmod:poss<nmod< ...	1.0	0.436	taxongroup_comment	Reptile__class
nmod:poss<amod> ...	1.0	0.44	taxongroup_comment	Reptile__class
nmod:poss<compound> ...	1.0	0.343	taxongroup_comment	Reptile__class
flat> ...	1.0	0.32	taxongroup_comment	Reptile__class
nsubj<conj>case> ...	1.0	0.29	taxongroup_comment	Reptile__class
nsubj<advcl>obj> ...	1.0	0.304	taxongroup_comment	Reptile__class
nsubj<advcl<case> ...	1.0	0.622	taxongroup_comment	Reptile__class
nsubj<advcl<det> ...	1.0	0.265	taxongroup_comment	Reptile__class
nmod<amod>advmod> most	1.0	0.288	taxongroup_comment	Reptile__class
compound<obj<mark> ...	1.0	0.5	taxongroup_comment	Reptile__class
obl<advcl<xcomp< ...	1.0	0.228	taxongroup_comment	Reptile__class
obl<advcl<mark> ...	1.0	0.266	taxongroup_comment	Reptile__class
obl<advcl<compound:prt> ...	1.0	0.455	taxongroup_comment	Reptile__class
obl<advcl<conj> ...	1.0	0.384	taxongroup_comment	Reptile__class
nsubj<case> ...	1.0	0.401	taxongroup_comment	Reptile__class
nsubj<nmod:poss> ...	1.0	0.301	taxongroup_comment	Reptile__class
obl<ccomp<nsubj> ...	1.0	0.346	taxongroup_comment	Reptile__class
amod>obl>case> ...	1.0	0.527	taxongroup_comment	Reptile__class
amod>obl> ...	1.0	0.154	taxongroup_comment	Reptile__class
compound<obl<conj> ...	1.0	0.364	taxongroup_comment	Reptile__class
compound<obl<xcomp< ...	1.0	0.415	taxongroup_comment	Reptile__class
obl<amod<advmod> ...	1.0	0.365	taxongroup_comment	Reptile__class
obl<amod<compound> ...	1.0	0.425	taxongroup_comment	Reptile__class
nsubj:pass<conj< ...	1.0	0.334	taxongroup_comment	Reptile__class
nsubj:pass<conj<obj> ...	1.0	0.373	taxongroup_comment	Reptile__class
nsubj:pass<cc> ...	1.0	0.636	taxongroup_comment	Reptile__class
parataxis>advmod> ...	1.0	0.356	taxongroup_comment	Reptile__class
parataxis>obj>amod> ...	1.0	0.269	taxongroup_comment	Reptile__class
parataxis>conj>cc> ...	1.0	0.479	taxongroup_comment	Reptile__class
compound<obl<obl> ...	1.0	0.398	taxongroup_comment	Reptile__class
parataxis>conj>cop> ...	1.0	0.395	taxongroup_comment	Reptile__class
parataxis>conj>amod> ...	1.0	0.562	taxongroup_comment	Reptile__class
parataxis>conj> ...	1.0	0.36	taxongroup_comment	Reptile__class
obl<xcomp>mark> ...	1.0	0.268	taxongroup_comment	Reptile__class
obl<xcomp> ...	1.0	0.435	taxongroup_comment	Reptile__class
compound<obl<nsubj> ...	1.0	0.465	taxongroup_comment	Reptile__class
compound<obl<cop> ...	1.0	0.385	taxongroup_comment	Reptile__class
acl>obl>nmod> ...	1.0	0.184	taxongroup_comment	Reptile__class
nmod<conj<obl> ...	1.0	0.499	taxongroup_comment	Reptile__class
nmod<nmod<mark> ...	1.0	0.358	taxongroup_comment	Reptile__class
nsubj<conj<obj> ...	1.0	0.284	taxongroup_comment	Reptile__class
nsubj<acl>obj> ...	1.0	0.259	taxongroup_comment	Reptile__class
appos<list>compound> ...	1.0	0.441	taxongroup_comment	Reptile__class
appos<list> ...	1.0	0.315	taxongroup_comment	Reptile__class
nmod<acl:relcl>nsubj> ...	1.0	0.355	taxongroup_comment	Reptile__class
nmod<acl:relcl>advmod> ...	1.0	0.809	taxongroup_comment	Reptile__class
nmod<acl:relcl> ...	1.0	0.438	taxongroup_comment	Reptile__class
nmod<acl:relcl>obj> ...	1.0	0.725	taxongroup_comment	Reptile__class
nmod<acl:relcl>obl> ...	1.0	0.177	taxongroup_comment	Reptile__class
nsubj<nmod>amod> ...	1.0	0.455	taxongroup_comment	Reptile__class
nsubj<nmod>nmod> ...	1.0	0.371	taxongroup_comment	Reptile__class
nsubj<parataxis>cop> ...	1.0	0.448	taxongroup_comment	Reptile__class
nsubj<parataxis>advmod> ...	1.0	0.783	taxongroup_comment	Reptile__class
nmod<appos> ...	1.0	0.24	taxongroup_comment	Reptile__class
nsubj<advcl>conj> ...	1.0	0.248	taxongroup_comment	Reptile__class
compound<nsubj<aux> ...	1.0	0.242	taxongroup_comment	Reptile__class
compound<nsubj< ...	1.0	0.5	taxongroup_comment	Reptile__class
compound<nsubj<advcl> ...	1.0	0.586	taxongroup_comment	Reptile__class
nsubj<conj>xcomp> ...	1.0	0.386	taxongroup_comment	Reptile__class
compound<nmod<nsubj> ...	1.0	0.338	taxongroup_comment	Reptile__class
nsubj<advcl>aux> ...	1.0	0.173	taxongroup_comment	Reptile__class
obj<acl:relcl<amod> ...	1.0	0.204	taxongroup_comment	Reptile__class
obl<amod<acl:relcl< ...	1.0	0.289	taxongroup_comment	Reptile__class
nmod<nsubj:pass<conj> ...	1.0	0.519	taxongroup_comment	Reptile__class
nsubj>nmod:poss> ...	1.0	0.151	taxongroup_comment	Reptile__class
nmod<conj<advmod> ...	1.0	0.534	taxongroup_comment	Reptile__class
nmod<conj<cop> ...	1.0	0.391	taxongroup_comment	Reptile__class
nmod<compound>compound> ...	1.0	0.319	taxongroup_comment	Reptile__class
acl>obj>conj> ...	1.0	0.47	taxongroup_comment	Reptile__class
conj>aux> ...	1.0	0.532	taxongroup_comment	Reptile__class
conj<mark> ...	1.0	0.595	taxongroup_comment	Reptile__class
conj<conj>nmod> ...	1.0	0.218	taxongroup_comment	Reptile__class
conj<conj>case> ...	1.0	0.27	taxongroup_comment	Reptile__class
nmod<obj<acl:relcl< ...	1.0	0.406	taxongroup_comment	Reptile__class
nmod:poss>compound> ...	1.0	0.567	taxongroup_comment	Reptile__class
nsubj<acl:relcl>cop> ...	1.0	0.562	taxongroup_comment	Reptile__class
obl<conj<aux> ...	1.0	0.302	taxongroup_comment	Reptile__class
obl<advcl>amod> ...	1.0	0.479	taxongroup_comment	Reptile__class
nmod<conj<nsubj> ...	1.0	0.548	taxongroup_comment	Reptile__class
compound<compound<det> ...	1.0	0.675	taxongroup_comment	Reptile__class
nsubj<nmod>case> in	1.0	0.177	taxongroup_comment	Reptile__class
nsubj<nmod> order	1.0	0.202	taxongroup_comment	Reptile__class
nsubj<advcl<nsubj:pass> ...	1.0	0.569	taxongroup_comment	Reptile__class
compound<compound<conj< ...	1.0	0.202	taxongroup_comment	Reptile__class
nsubj<advcl<aux:pass> ...	1.0	0.557	taxongroup_comment	Reptile__class
nsubj<xcomp>obl> ...	1.0	0.613	taxongroup_comment	Reptile__class
nsubj<advcl<conj> ...	1.0	0.363	taxongroup_comment	Reptile__class
nsubj<advcl<advcl> ...	1.0	0.369	taxongroup_comment	Reptile__class
conj>amod>obl:npmod> ...	1.0	0.349	taxongroup_comment	Reptile__class
conj<nsubj>nmod> ...	1.0	0.294	taxongroup_comment	Reptile__class
nmod<nsubj:pass<aux> ...	1.0	0.216	taxongroup_comment	Reptile__class
conj<obj>conj> ...	1.0	0.227	taxongroup_comment	Reptile__class
obl<nsubj>appos> ...	1.0	0.441	taxongroup_comment	Reptile__class
obl<obl>compound> ...	1.0	0.164	taxongroup_comment	Reptile__class
obl<advcl>nsubj:pass> ...	1.0	0.346	taxongroup_comment	Reptile__class
obl<advcl>aux:pass> ...	1.0	0.397	taxongroup_comment	Reptile__class
obl<advcl>advcl> ...	1.0	0.349	taxongroup_comment	Reptile__class
conj<appos<det> ...	1.0	0.45	taxongroup_comment	Reptile__class
conj<appos<amod> ...	1.0	0.565	taxongroup_comment	Reptile__class
obj<conj<xcomp> ...	1.0	0.184	taxongroup_comment	Reptile__class
obj<conj<advmod> ...	1.0	0.26	taxongroup_comment	Reptile__class
nsubj<obj>acl:relcl> ...	1.0	0.487	taxongroup_comment	Reptile__class
nsubj<advcl>nsubj:pass> ...	1.0	0.599	taxongroup_comment	Reptile__class
nsubj<advcl>aux:pass> ...	1.0	0.333	taxongroup_comment	Reptile__class
nsubj<advcl>advcl> ...	1.0	0.305	taxongroup_comment	Reptile__class
obj<advcl>conj> ...	1.0	0.178	taxongroup_comment	Reptile__class
appos<nsubj<advmod> ...	1.0	0.305	taxongroup_comment	Reptile__class
nmod<aux> ...	1.0	0.369	taxongroup_comment	Reptile__class
compound<conj<obj< ...	1.0	0.376	taxongroup_comment	Reptile__class
conj<nmod<nmod< ...	1.0	0.358	taxongroup_comment	Reptile__class
nsubj<parataxis>obl> ...	1.0	0.582	taxongroup_comment	Reptile__class
compound<conj<nmod< ...	1.0	0.478	taxongroup_comment	Reptile__class
compound<conj<det> ...	1.0	0.28	taxongroup_comment	Reptile__class
nmod:poss>conj> ...	1.0	0.349	taxongroup_comment	Reptile__class
nsubj<parataxis<obl> ...	1.0	0.355	taxongroup_comment	Reptile__class
nmod<parataxis>obl> ...	1.0	0.378	taxongroup_comment	Reptile__class
nmod<parataxis>nsubj> ...	1.0	0.233	taxongroup_comment	Reptile__class
nmod<parataxis> ...	1.0	0.278	taxongroup_comment	Reptile__class
nmod<parataxis>obj> ...	1.0	0.429	taxongroup_comment	Reptile__class
nmod:poss<obj<acl:relcl< ...	1.0	0.297	taxongroup_comment	Reptile__class
nmod:poss<obj<nsubj> ...	1.0	0.478	taxongroup_comment	Reptile__class
nmod:poss<obj< ...	1.0	0.295	taxongroup_comment	Reptile__class
nmod:poss<conj>cc> ...	1.0	0.262	taxongroup_comment	Reptile__class
nmod:poss<conj>compound> ...	1.0	0.272	taxongroup_comment	Reptile__class
nmod:poss<conj> ...	1.0	0.441	taxongroup_comment	Reptile__class
nmod<conj<nmod> ...	1.0	0.172	taxongroup_comment	Reptile__class
conj<conj<compound> ...	1.0	0.408	taxongroup_comment	Reptile__class
conj<conj<nmod> ...	1.0	0.538	taxongroup_comment	Reptile__class
conj<conj<conj> ...	1.0	0.385	taxongroup_comment	Reptile__class
nmod<conj>amod> ...	1.0	0.18	taxongroup_comment	Reptile__class
nmod<conj>case> ...	1.0	0.323	taxongroup_comment	Reptile__class
cc:preconj> ...	1.0	0.479	taxongroup_comment	Reptile__class
obl<obj>appos> ...	1.0	0.512	taxongroup_comment	Reptile__class
obl<nmod>case> ...	1.0	0.21	taxongroup_comment	Reptile__class
obl<nmod> ...	1.0	0.227	taxongroup_comment	Reptile__class
acl>obl>nummod> ...	1.0	0.299	taxongroup_comment	Reptile__class
compound>det> ...	1.0	0.636	taxongroup_comment	Reptile__class
nmod<obl<acl:relcl< ...	1.0	0.221	taxongroup_comment	Reptile__class
compound<obl<acl< ...	1.0	0.28	taxongroup_comment	Reptile__class
conj<parataxis<nsubj> ...	1.0	0.605	taxongroup_comment	Reptile__class
conj<parataxis<aux> ...	1.0	0.312	taxongroup_comment	Reptile__class
conj<parataxis< ...	1.0	0.39	taxongroup_comment	Reptile__class
conj<nmod>amod> ...	1.0	0.269	taxongroup_comment	Reptile__class
nmod<conj<nsubj< ...	1.0	0.57	taxongroup_comment	Reptile__class
obl<xcomp<aux:pass> ...	1.0	0.347	taxongroup_comment	Reptile__class
obj<advcl>obl> ...	1.0	0.348	taxongroup_comment	Reptile__class
nmod<nsubj:pass<appos> ...	1.0	0.121	taxongroup_comment	Reptile__class
nsubj<conj>compound:prt> ...	1.0	0.52	taxongroup_comment	Reptile__class
conj<parataxis>nsubj> ...	1.0	0.213	taxongroup_comment	Reptile__class
conj<parataxis>obl> ...	1.0	0.256	taxongroup_comment	Reptile__class
flat<nmod< ...	1.0	0.218	taxongroup_comment	Reptile__class
flat<case> ...	1.0	0.263	taxongroup_comment	Reptile__class
flat<compound>compound> ...	1.0	0.341	taxongroup_comment	Reptile__class
conj<nmod<obj< ...	1.0	0.421	taxongroup_comment	Reptile__class
conj<compound>compound> ...	1.0	0.419	taxongroup_comment	Reptile__class
nmod<nsubj:pass<advmod> ...	1.0	0.403	taxongroup_comment	Reptile__class
conj<nsubj>nummod> ...	1.0	0.167	taxongroup_comment	Reptile__class
nmod>nmod:poss>case> ...	1.0	0.498	taxongroup_comment	Reptile__class
obj<nsubj:pass> ...	1.0	0.22	taxongroup_comment	Reptile__class
obj<appos>det> ...	1.0	0.248	taxongroup_comment	Reptile__class
obj<appos> ...	1.0	0.291	taxongroup_comment	Reptile__class
nmod>nmod:poss> ...	1.0	0.397	taxongroup_comment	Reptile__class
nmod>compound>compound> ...	1.0	0.161	taxongroup_comment	Reptile__class
nsubj<conj>appos> ...	1.0	0.33	taxongroup_comment	Reptile__class
nsubj>nummod> ...	1.0	0.397	taxongroup_comment	Reptile__class
conj>nsubj> ...	1.0	0.23	taxongroup_comment	Reptile__class
conj>cop> ...	1.0	0.181	taxongroup_comment	Reptile__class
conj>appos>compound> ...	1.0	0.26	taxongroup_comment	Reptile__class
conj>appos> ...	1.0	0.149	taxongroup_comment	Reptile__class
obl<obj>compound> ...	1.0	0.411	taxongroup_comment	Reptile__class
nmod<nsubj<nummod> ...	1.0	0.273	taxongroup_comment	Reptile__class
nsubj<xcomp>advmod> ...	1.0	0.618	taxongroup_comment	Reptile__class
nmod<obl<acl< ...	1.0	0.41	taxongroup_comment	Reptile__class
nsubj<obj>acl> ...	1.0	0.249	taxongroup_comment	Reptile__class
obj<obj>det> ...	1.0	0.533	taxongroup_comment	Reptile__class
obj<parataxis> ...	1.0	0.566	taxongroup_comment	Reptile__class
obj<parataxis>obl> ...	1.0	0.243	taxongroup_comment	Reptile__class
conj>nmod:poss> ...	1.0	0.43	taxongroup_comment	Reptile__class
nsubj<conj>ccomp> ...	1.0	0.347	taxongroup_comment	Reptile__class
nsubj<conj>aux> ...	1.0	0.463	taxongroup_comment	Reptile__class
obl<acl:relcl<nmod< ...	1.0	0.446	taxongroup_comment	Reptile__class
nsubj<compound> ...	1.0	0.275	taxongroup_comment	Reptile__class
nsubj<nmod>det> ...	1.0	0.331	taxongroup_comment	Reptile__class
appos<obl>case> ...	1.0	0.349	taxongroup_comment	Reptile__class
appos<obl>det> ...	1.0	0.437	taxongroup_comment	Reptile__class
appos<obl>amod> ...	1.0	0.418	taxongroup_comment	Reptile__class
appos<obl> ...	1.0	0.258	taxongroup_comment	Reptile__class
conj<nsubj:pass<conj> ...	1.0	0.287	taxongroup_comment	Reptile__class
conj<nsubj:pass<advmod> ...	1.0	0.425	taxongroup_comment	Reptile__class
nsubj:pass<xcomp>mark> ...	1.0	0.703	taxongroup_comment	Reptile__class
nsubj<xcomp>amod> ...	1.0	0.441	taxongroup_comment	Reptile__class
acl:relcl>obl>amod> ...	1.0	0.237	taxongroup_comment	Reptile__class
acl>obl>conj> ...	1.0	0.34	taxongroup_comment	Reptile__class
nsubj:pass<obl>flat> ...	1.0	0.351	taxongroup_comment	Reptile__class
nsubj:pass<advcl>mark> ...	1.0	0.544	taxongroup_comment	Reptile__class
nsubj:pass<advcl>nsubj> ...	1.0	0.22	taxongroup_comment	Reptile__class
nsubj:pass<advcl>obj> ...	1.0	0.304	taxongroup_comment	Reptile__class
nsubj:pass<xcomp>obj> ...	1.0	0.523	taxongroup_comment	Reptile__class
nsubj:pass<xcomp>advcl> ...	1.0	0.247	taxongroup_comment	Reptile__class
nsubj:pass<parataxis>nsubj:pass> ...	1.0	0.489	taxongroup_comment	Reptile__class
nsubj:pass<parataxis>aux:pass> ...	1.0	0.388	taxongroup_comment	Reptile__class
nsubj:pass<parataxis> ...	1.0	0.41	taxongroup_comment	Reptile__class
conj<obj<conj< ...	1.0	0.113	taxongroup_comment	Reptile__class
obl<xcomp<obj> ...	1.0	0.577	taxongroup_comment	Reptile__class
conj>nmod>nmod:poss> ...	1.0	0.325	taxongroup_comment	Reptile__class
acl:relcl>aux:pass> ...	1.0	0.22	taxongroup_comment	Reptile__class
conj<nmod:poss> ...	1.0	0.553	taxongroup_comment	Reptile__class
conj<nmod:poss>case> ...	1.0	0.483	taxongroup_comment	Reptile__class
conj<compound< ...	1.0	0.43	taxongroup_comment	Reptile__class
conj<appos<conj< ...	1.0	0.285	taxongroup_comment	Reptile__class
conj<appos<cc> ...	1.0	0.38	taxongroup_comment	Reptile__class
conj<appos<compound> ...	1.0	0.239	taxongroup_comment	Reptile__class
conj<appos<flat> ...	1.0	0.436	taxongroup_comment	Reptile__class
obl<acl:relcl<obl< ...	1.0	0.29	taxongroup_comment	Reptile__class
obl<acl:relcl<det> ...	1.0	0.57	taxongroup_comment	Reptile__class
obl<acl:relcl<compound> ...	1.0	0.469	taxongroup_comment	Reptile__class
nmod<nsubj>compound> ...	1.0	0.431	taxongroup_comment	Reptile__class
nmod:poss<obl< ...	1.0	0.361	taxongroup_comment	Reptile__class
acl:relcl>nsubj:pass> ...	1.0	0.298	taxongroup_comment	Reptile__class
conj<compound<cc> ...	1.0	0.286	taxongroup_comment	Reptile__class
conj<compound<conj< ...	1.0	0.304	taxongroup_comment	Reptile__class
appos<parataxis> ...	1.0	0.513	taxongroup_comment	Reptile__class
nmod<obj< consider	1.0	0.521	taxongroup_comment	Reptile__class
nmod<nmod<mark> to	1.0	0.358	taxongroup_comment	Reptile__class
nmod<obl<nsubj> crocodile	1.0	0.438	taxongroup_comment	Reptile__class
nsubj<conj<nsubj> crocodile	1.0	0.554	taxongroup_comment	Reptile__class
obl<advmod> sometimes	1.0	0.5	taxongroup_comment	Reptile__class
appos>det> a	1.0	0.395	taxongroup_comment	Reptile__class
nsubj<advmod> sometimes	1.0	1.07	taxongroup_comment	Reptile__class
appos>appos> size	1.0	0.458	taxongroup_comment	Reptile__class
nmod<nmod>case> from	1.0	0.345	taxongroup_comment	Reptile__class
nsubj<conj>amod> long	1.0	0.617	taxongroup_comment	Reptile__class
nmod<nmod< species	1.0	0.39	taxongroup_comment	Reptile__class
nmod<acl:relcl>nsubj> which	1.0	0.464	taxongroup_comment	Reptile__class
nsubj<conj> tail	1.0	0.519	taxongroup_comment	Reptile__class
compound>compound> New	1.0	0.512	taxongroup_comment	Reptile__class
appos<nsubj< find	1.0	0.405	taxongroup_comment	Reptile__class
det> this	1.0	0.583	taxongroup_comment	Reptile__class
nmod<obj<aux:pass> be	1.0	0.196	taxongroup_comment	Reptile__class
obl<obl>case> of	1.0	0.416	taxongroup_comment	Reptile__class
compound<det> some	1.0	0.739	taxongroup_comment	Reptile__class
nsubj<obl>amod> large	1.0	0.552	taxongroup_comment	Reptile__class
amod>obl>case> in	1.0	0.479	taxongroup_comment	Reptile__class
nsubj< live	1.0	0.798	taxongroup_comment	Reptile__class
nsubj:pass<obl>case> because	1.0	0.562	taxongroup_comment	Reptile__class
nsubj<advcl>nsubj> alligator	1.0	0.212	taxongroup_comment	Reptile__class
nsubj<advcl>aux> can	1.0	0.173	taxongroup_comment	Reptile__class
nmod> environment	1.0	0.601	taxongroup_comment	Reptile__class
nsubj<obl>case> due	1.0	0.777	taxongroup_comment	Reptile__class
obj<nsubj> that	1.0	0.347	taxongroup_comment	Reptile__class
nsubj<obl>nmod> crocodile	1.0	0.522	taxongroup_comment	Reptile__class
nsubj<obl>nummod> four	1.0	0.713	taxongroup_comment	Reptile__class
compound<nmod<nsubj> crocodile	1.0	0.315	taxongroup_comment	Reptile__class
nsubj<obl>amod> total	1.0	0.612	taxongroup_comment	Reptile__class
nsubj<obl>case> of	1.0	0.889	taxongroup_comment	Reptile__class
nsubj<obl> length	1.0	0.923	taxongroup_comment	Reptile__class
nsubj<obl>appos> ft	1.0	0.494	taxongroup_comment	Reptile__class
appos>conj> habitat	1.0	0.297	taxongroup_comment	Reptile__class
nsubj<parataxis>cop> be	1.0	0.448	taxongroup_comment	Reptile__class
nsubj<conj> show	1.0	0.294	taxongroup_comment	Reptile__class
obl<acl:relcl<case> of	1.0	0.243	taxongroup_comment	Reptile__class
conj>compound> sea	1.0	0.44	taxongroup_comment	Reptile__class
conj> turtle	1.0	1.026	taxongroup_comment	Reptile__class
nsubj<aux> have	1.0	0.748	taxongroup_comment	Reptile__class
conj<nmod:poss>case> 's	1.0	0.483	taxongroup_comment	Reptile__class
nmod<amod> last	1.0	0.482	taxongroup_comment	Reptile__class
appos>compound> Crocodylus	1.0	0.63	taxongroup_comment	Reptile__class
appos> niloticus	1.0	0.592	taxongroup_comment	Reptile__class
compound> freshwater	1.0	0.48	taxongroup_comment	Reptile__class
appos<conj>cc> or	1.0	0.723	taxongroup_comment	Reptile__class
appos>compound> Chelonoidis	1.0	0.625	taxongroup_comment	Reptile__class
nsubj<obj> species	1.0	0.238	taxongroup_comment	Reptile__class
nsubj<obj>amod> large	1.0	0.357	taxongroup_comment	Reptile__class
nsubj:pass<parataxis>aux:pass> be	1.0	0.388	taxongroup_comment	Reptile__class
nmod:poss> Kemp	1.0	0.272	taxongroup_comment	Reptile__class
compound>compound> ridley	1.0	0.427	taxongroup_comment	Reptile__class
obl< belong	1.0	0.603	taxongroup_comment	Reptile__class
nsubj:pass<advcl>mark> when	1.0	0.534	taxongroup_comment	Reptile__class
nsubj:pass<obl>case> by	1.0	0.456	taxongroup_comment	Reptile__class
nsubj:pass<advcl> make	1.0	0.686	taxongroup_comment	Reptile__class
nsubj:pass<xcomp>mark> to	1.0	0.703	taxongroup_comment	Reptile__class
nsubj<obj>amod> unique	1.0	0.4	taxongroup_comment	Reptile__class
nmod<nsubj<aux> would	1.0	0.526	taxongroup_comment	Reptile__class
conj<conj>amod> spot	1.0	0.41	taxongroup_comment	Reptile__class
conj<obj>conj> dog	1.0	0.246	taxongroup_comment	Reptile__class
conj> caiman	1.0	0.971	taxongroup_comment	Reptile__class
obl<advcl>mark> while	1.0	0.525	taxongroup_comment	Reptile__class
nsubj>nmod:poss> they	1.0	0.425	taxongroup_comment	Reptile__class
nsubj> predator	1.0	0.423	taxongroup_comment	Reptile__class
conj<nsubj> predator	1.0	0.48	taxongroup_comment	Reptile__class
nsubj<parataxis>nsubj> they	1.0	0.34	taxongroup_comment	Reptile__class
compound<conj<case> of	1.0	0.647	taxongroup_comment	Reptile__class
compound<conj<det> the	1.0	0.323	taxongroup_comment	Reptile__class
nsubj<amod> apex	1.0	0.386	taxongroup_comment	Reptile__class
nsubj<mark> while	1.0	0.526	taxongroup_comment	Reptile__class
nsubj<conj>cc> or	1.0	0.734	taxongroup_comment	Reptile__class
conj<nmod<case> of	1.0	0.39	taxongroup_comment	Reptile__class
conj>amod> large	1.0	0.35	taxongroup_comment	Reptile__class
advmod> occasionally	1.0	0.481	taxongroup_comment	Reptile__class
nmod<nsubj<aux> have	1.0	0.567	taxongroup_comment	Reptile__class
nmod<nsubj<det> a	1.0	0.339	taxongroup_comment	Reptile__class
nsubj>det> a	1.0	0.447	taxongroup_comment	Reptile__class
nmod<compound> Nile	1.0	0.577	taxongroup_comment	Reptile__class
nmod<compound> salt	1.0	0.743	taxongroup_comment	Reptile__class
advmod> as	1.0	0.393	taxongroup_comment	Reptile__class
nsubj<advcl<aux:pass> be	1.0	0.557	taxongroup_comment	Reptile__class
conj<compound> saltwater	1.0	0.32	taxongroup_comment	Reptile__class
nmod<conj<cop> be	1.0	0.391	taxongroup_comment	Reptile__class
nmod<conj>cc> and	1.0	0.405	taxongroup_comment	Reptile__class
amod>advmod> most	1.0	0.616	taxongroup_comment	Reptile__class
nsubj<acl:relcl>nsubj> which	1.0	0.214	taxongroup_comment	Reptile__class
nsubj<acl:relcl>cop> be	1.0	0.562	taxongroup_comment	Reptile__class
obl<cc> and	1.0	0.31	taxongroup_comment	Reptile__class
conj>case> on	1.0	0.676	taxongroup_comment	Reptile__class
conj<nsubj>det> a	1.0	0.434	taxongroup_comment	Reptile__class
conj<amod> american	1.0	0.831	taxongroup_comment	Reptile__class
nsubj:pass<obl>det> the	1.0	0.61	taxongroup_comment	Reptile__class
nsubj:pass< adapt	1.0	0.321	taxongroup_comment	Reptile__class
nsubj:pass<obl>case> to	1.0	0.571	taxongroup_comment	Reptile__class
compound<conj< zoo	1.0	0.458	taxongroup_comment	Reptile__class
compound<case> at	1.0	0.287	taxongroup_comment	Reptile__class
compound<obl<mark> to	1.0	0.315	taxongroup_comment	Reptile__class
compound<case> on	1.0	0.344	taxongroup_comment	Reptile__class
compound< egg	1.0	0.503	taxongroup_comment	Reptile__class
compound<obl<advmod> occasionally	1.0	0.765	taxongroup_comment	Reptile__class
nsubj<conj>det> the	1.0	0.289	taxongroup_comment	Reptile__class
compound<obl<cop> be	1.0	0.385	taxongroup_comment	Reptile__class
nmod< population	1.0	0.494	taxongroup_comment	Reptile__class
parataxis>conj>cc> and	1.0	0.479	taxongroup_comment	Reptile__class
parataxis>conj>cop> be	1.0	0.395	taxongroup_comment	Reptile__class
obl<xcomp>mark> to	1.0	0.268	taxongroup_comment	Reptile__class
nsubj<conj>nsubj> they	1.0	0.342	taxongroup_comment	Reptile__class
obj<obl>det> a	1.0	0.549	taxongroup_comment	Reptile__class
obj<obl> species	1.0	0.357	taxongroup_comment	Reptile__class
obl<advcl<mark> to	1.0	0.284	taxongroup_comment	Reptile__class
obj<obl>case> on	1.0	0.518	taxongroup_comment	Reptile__class
obl<advcl<obl> egg	1.0	0.438	taxongroup_comment	Reptile__class
obl<mark> although	1.0	0.596	taxongroup_comment	Reptile__class
nsubj<obl>det> this	1.0	0.539	taxongroup_comment	Reptile__class
nsubj<obl> stage	1.0	0.667	taxongroup_comment	Reptile__class
nsubj<obl>amod> late	1.0	0.491	taxongroup_comment	Reptile__class
nsubj<advcl<det> the	1.0	0.265	taxongroup_comment	Reptile__class
nsubj< feed	1.0	0.814	taxongroup_comment	Reptile__class
nsubj<obl>case> on	1.0	0.858	taxongroup_comment	Reptile__class
nsubj<obl>det> each	1.0	0.735	taxongroup_comment	Reptile__class
nsubj<obl> other	1.0	0.432	taxongroup_comment	Reptile__class
parataxis> have	1.0	0.262	taxongroup_comment	Reptile__class
acl>advmod> primarily	1.0	0.541	taxongroup_comment	Reptile__class
obl< take	1.0	0.711	taxongroup_comment	Reptile__class
nsubj<amod> smaller	1.0	0.305	taxongroup_comment	Reptile__class
obl<advcl>mark> when	1.0	0.56	taxongroup_comment	Reptile__class
obl<advcl>aux:pass> be	1.0	0.397	taxongroup_comment	Reptile__class
obl<advcl> keep	1.0	0.465	taxongroup_comment	Reptile__class
nmod<compound> food	1.0	0.821	taxongroup_comment	Reptile__class
acl>obl>case> on	1.0	0.296	taxongroup_comment	Reptile__class
acl>obl> alligator	1.0	0.511	taxongroup_comment	Reptile__class
obl<amod<det> the	1.0	0.249	taxongroup_comment	Reptile__class
nsubj:pass<cc> and	1.0	0.636	taxongroup_comment	Reptile__class
nsubj:pass<aux> have	1.0	0.265	taxongroup_comment	Reptile__class
nsubj:pass< describe	1.0	0.41	taxongroup_comment	Reptile__class
nmod<nsubj:pass< report	1.0	0.316	taxongroup_comment	Reptile__class
nsubj<advcl>mark> when	1.0	0.546	taxongroup_comment	Reptile__class
nsubj<advcl>nsubj:pass> they	1.0	0.599	taxongroup_comment	Reptile__class
nsubj<advcl>aux:pass> be	1.0	0.333	taxongroup_comment	Reptile__class
nmod<nsubj:pass<aux> have	1.0	0.21	taxongroup_comment	Reptile__class
det:predet> all	1.0	0.394	taxongroup_comment	Reptile__class
nsubj<advcl>det> a	1.0	0.414	taxongroup_comment	Reptile__class
conj<nsubj>amod> black	1.0	0.324	taxongroup_comment	Reptile__class
conj<nsubj> vulture	1.0	0.41	taxongroup_comment	Reptile__class
conj<det> a	1.0	0.569	taxongroup_comment	Reptile__class
conj<obl> carrion	1.0	0.426	taxongroup_comment	Reptile__class
nmod<det> all	1.0	0.6	taxongroup_comment	Reptile__class
obl<advmod> closely	1.0	0.234	taxongroup_comment	Reptile__class
obl< related	1.0	0.718	taxongroup_comment	Reptile__class
acl>obl> reptile	1.0	0.513	taxongroup_comment	Reptile__class
compound> desert	1.0	0.508	taxongroup_comment	Reptile__class
conj<conj>cc> but	1.0	0.647	taxongroup_comment	Reptile__class
conj<conj>aux> will	1.0	0.413	taxongroup_comment	Reptile__class
conj<conj>advmod> also	1.0	0.568	taxongroup_comment	Reptile__class
nmod<obj<cc> and	1.0	0.311	taxongroup_comment	Reptile__class
nmod<obj< use	1.0	0.572	taxongroup_comment	Reptile__class
conj<advmod> rarely	1.0	0.478	taxongroup_comment	Reptile__class
conj<conj>obj> egg	1.0	0.392	taxongroup_comment	Reptile__class
appos>nmod>case> such	1.0	0.707	taxongroup_comment	Reptile__class
conj<advmod>mark> albeit	1.0	0.329	taxongroup_comment	Reptile__class
conj<advmod>advmod> very	1.0	0.356	taxongroup_comment	Reptile__class
compound<conj<advmod> also	1.0	0.462	taxongroup_comment	Reptile__class
obl<advmod>advmod> more	1.0	0.539	taxongroup_comment	Reptile__class
nsubj<ccomp<aux:pass> be	1.0	0.411	taxongroup_comment	Reptile__class
obj< keep	1.0	0.36	taxongroup_comment	Reptile__class
nsubj<advcl>mark> to	1.0	0.594	taxongroup_comment	Reptile__class
obj<advcl<obl> reptile	1.0	0.384	taxongroup_comment	Reptile__class
conj<conj> amphibian	1.0	0.693	taxongroup_comment	Reptile__class
nsubj:pass<conj>cc> or	1.0	0.344	taxongroup_comment	Reptile__class
nmod<det> some	1.0	0.585	taxongroup_comment	Reptile__class
nmod<nsubj< include	1.0	0.276	taxongroup_comment	Reptile__class
nmod>conj> insect	1.0	0.613	taxongroup_comment	Reptile__class
nmod<obj<xcomp< able	1.0	0.565	taxongroup_comment	Reptile__class
nmod<obj<mark> to	1.0	0.409	taxongroup_comment	Reptile__class
conj<nsubj<mark> that	1.0	0.52	taxongroup_comment	Reptile__class
compound<obj<aux> have	1.0	0.452	taxongroup_comment	Reptile__class
nsubj:pass<obl> predator	1.0	0.616	taxongroup_comment	Reptile__class
conj<obj>det> the	1.0	0.364	taxongroup_comment	Reptile__class
advcl>det> a	1.0	0.277	taxongroup_comment	Reptile__class
nmod<nsubj> crocodile	1.0	0.369	taxongroup_comment	Reptile__class
compound<case> for	1.0	0.291	taxongroup_comment	Reptile__class
advcl>mark> although	1.0	0.433	taxongroup_comment	Reptile__class
nsubj<conj> snake	1.0	0.247	taxongroup_comment	Reptile__class
nsubj<acl:relcl>nsubj> that	1.0	0.122	taxongroup_comment	Reptile__class
appos<nmod<cc> and	1.0	0.7	taxongroup_comment	Reptile__class
nmod>nmod>det> the	1.0	0.205	taxongroup_comment	Reptile__class
compound<amod> large	1.0	0.247	taxongroup_comment	Reptile__class
nmod>nmod> crocodile	1.0	0.519	taxongroup_comment	Reptile__class
nmod< type	1.0	0.451	taxongroup_comment	Reptile__class
nmod<acl:relcl<case> to	1.0	0.41	taxongroup_comment	Reptile__class
nmod<advmod> also	1.0	0.333	taxongroup_comment	Reptile__class
nmod>acl:relcl>aux:pass> be	1.0	0.577	taxongroup_comment	Reptile__class
nmod<obj<aux> can	1.0	0.25	taxongroup_comment	Reptile__class
obj<advcl<nsubj> they	1.0	0.183	taxongroup_comment	Reptile__class
obj<advcl<cop> be	1.0	0.212	taxongroup_comment	Reptile__class
obj<mark> of	1.0	0.433	taxongroup_comment	Reptile__class
obj< take	1.0	0.402	taxongroup_comment	Reptile__class
obl<acl<obj< have	1.0	0.161	taxongroup_comment	Reptile__class
obl<advmod> ever	1.0	0.348	taxongroup_comment	Reptile__class
nsubj:pass<mark> that	1.0	0.189	taxongroup_comment	Reptile__class
nsubj:pass<obl>case> on	1.0	0.491	taxongroup_comment	Reptile__class
nsubj:pass<conj>cc> and	1.0	0.327	taxongroup_comment	Reptile__class
nsubj:pass<conj>aux:pass> be	1.0	0.396	taxongroup_comment	Reptile__class
cc> but	1.0	1.013	taxongroup_comment	Reptile__class
conj>det> some	1.0	0.358	taxongroup_comment	Reptile__class
conj>nmod>case> such	1.0	0.847	taxongroup_comment	Reptile__class
nmod<nmod<nmod:poss> they	1.0	0.372	taxongroup_comment	Reptile__class
nmod>nmod>case> from	1.0	0.541	taxongroup_comment	Reptile__class
obl<obl>det> the	1.0	0.479	taxongroup_comment	Reptile__class
obl<advmod> mostly	1.0	0.425	taxongroup_comment	Reptile__class
obl<parataxis<cop> be	1.0	0.334	taxongroup_comment	Reptile__class
compound<nmod<det> a	1.0	0.47	taxongroup_comment	Reptile__class
conj<conj>amod> african	1.0	0.392	taxongroup_comment	Reptile__class
conj<conj<det> the	1.0	0.141	taxongroup_comment	Reptile__class
conj<nmod>case> on	1.0	0.663	taxongroup_comment	Reptile__class
conj<nmod> mammal	1.0	0.5	taxongroup_comment	Reptile__class
nmod:poss<conj>cc> and	1.0	0.262	taxongroup_comment	Reptile__class
nmod<conj> species	1.0	0.261	taxongroup_comment	Reptile__class
conj<conj>advmod> even	1.0	0.697	taxongroup_comment	Reptile__class
nsubj>det> the	1.0	0.507	taxongroup_comment	Reptile__class
conj>cop> be	1.0	0.181	taxongroup_comment	Reptile__class
obj<appos>det> the	1.0	0.248	taxongroup_comment	Reptile__class
nmod>nmod:poss>case> 's	1.0	0.498	taxongroup_comment	Reptile__class
obj< have	1.0	0.403	taxongroup_comment	Reptile__class
acl:relcl>aux:pass> be	1.0	0.22	taxongroup_comment	Reptile__class
acl:relcl>obl>case> in	1.0	0.432	taxongroup_comment	Reptile__class
nsubj<obj>amod> symbiotic	1.0	0.51	taxongroup_comment	Reptile__class
nummod> two	1.0	0.502	taxongroup_comment	Reptile__class
obl<xcomp<aux:pass> be	1.0	0.347	taxongroup_comment	Reptile__class
obl<acl:relcl<det> the	1.0	0.557	taxongroup_comment	Reptile__class
nmod<obl<aux> have	1.0	0.591	taxongroup_comment	Reptile__class
nmod<obl<advmod> also	1.0	0.353	taxongroup_comment	Reptile__class
nmod<obl< find	1.0	0.345	taxongroup_comment	Reptile__class
nmod:poss<case> on	1.0	0.468	taxongroup_comment	Reptile__class
conj<obl>case> for	1.0	0.714	taxongroup_comment	Reptile__class
conj<obl> human	1.0	0.244	taxongroup_comment	Reptile__class
nmod<obl<nsubj> that	1.0	0.305	taxongroup_comment	Reptile__class
nmod<case> from	1.0	0.733	taxongroup_comment	Reptile__class
acl> compare	1.0	0.418	taxongroup_comment	Reptile__class
nsubj<conj<cop> be	1.0	0.539	taxongroup_comment	Reptile__class
nsubj<advmod> likely	1.0	1.025	taxongroup_comment	Reptile__class
nsubj< hunt	1.0	0.575	taxongroup_comment	Reptile__class
nsubj<obl>conj> water	1.0	0.475	taxongroup_comment	Reptile__class
flat<det> a	1.0	0.324	taxongroup_comment	Reptile__class
flat< clade	1.0	0.377	taxongroup_comment	Reptile__class
appos< turtle	1.0	0.581	taxongroup_comment	Reptile__class
obj< attack	1.0	0.416	taxongroup_comment	Reptile__class
amod>advmod> only	1.0	0.683	taxongroup_comment	Reptile__class
nsubj:pass<obl>det> a	1.0	0.516	taxongroup_comment	Reptile__class
nsubj:pass<appos>det> the	1.0	0.617	taxongroup_comment	Reptile__class
acl:relcl>nsubj> which	1.0	0.309	taxongroup_comment	Reptile__class
nmod<obl<mark> to	1.0	0.251	taxongroup_comment	Reptile__class
nmod<conj>det> a	1.0	0.462	taxongroup_comment	Reptile__class
cc> Crocodylus	1.0	0.596	taxongroup_comment	Reptile__class
compound>conj>cc> or	1.0	0.556	taxongroup_comment	Reptile__class
nsubj<conj>advmod> not	1.0	0.81	taxongroup_comment	Reptile__class
nsubj<conj>compound:prt> up	1.0	0.52	taxongroup_comment	Reptile__class
conj<nsubj>amod> american	1.0	0.499	taxongroup_comment	Reptile__class
conj<nsubj> crocodile	1.0	0.471	taxongroup_comment	Reptile__class
amod>conj>cc> or	1.0	0.476	taxongroup_comment	Reptile__class
flat<case> of	1.0	0.263	taxongroup_comment	Reptile__class
parataxis>nsubj>det> the	1.0	0.38	taxongroup_comment	Reptile__class
compound<nmod> size	1.0	0.415	taxongroup_comment	Reptile__class
nsubj>conj> crocodile	1.0	0.52	taxongroup_comment	Reptile__class
acl:relcl> live	1.0	0.415	taxongroup_comment	Reptile__class
compound<nmod>case> from	1.0	0.338	taxongroup_comment	Reptile__class
nsubj> Crocodile	1.0	0.543	taxongroup_comment	Reptile__class
compound<nmod> gecko	1.0	0.501	taxongroup_comment	Reptile__class
compound<nmod>case> to	1.0	0.405	taxongroup_comment	Reptile__class
parataxis>obl>case> in	1.0	0.281	taxongroup_comment	Reptile__class
nmod<obl<nsubj> it	1.0	0.339	taxongroup_comment	Reptile__class
nmod<obl<aux> can	1.0	0.432	taxongroup_comment	Reptile__class
nmod<case> on	1.0	0.787	taxongroup_comment	Reptile__class
obl<amod<det> a	1.0	0.197	taxongroup_comment	Reptile__class
obl< similar	1.0	0.724	taxongroup_comment	Reptile__class
nsubj<obj>det> the	1.0	0.488	taxongroup_comment	Reptile__class
conj<nsubj:pass<xcomp> ...	1.0	0.338	taxongroup_comment	Reptile__class
amod> ...	160.0	1.097	taxongroup_topic	Reptile__class
compound> ...	127.0	0.494	taxongroup_topic	Reptile__class
det> ...	115.0	0.678	taxongroup_topic	Reptile__class
case> ...	106.0	0.845	taxongroup_topic	Reptile__class
det> the	90.0	0.844	taxongroup_topic	Reptile__class
nsubj< ...	75.0	0.724	taxongroup_topic	Reptile__class
nmod< ...	65.0	0.445	taxongroup_topic	Reptile__class
amod> american	61.0	1.043	taxongroup_topic	Reptile__class
conj<conj> ...	60.0	0.721	taxongroup_topic	Reptile__class
conj> ...	55.0	0.924	taxongroup_topic	Reptile__class
compound> sea	54.0	0.448	taxongroup_topic	Reptile__class
conj< ...	49.0	0.624	taxongroup_topic	Reptile__class
nmod<det> ...	43.0	0.595	taxongroup_topic	Reptile__class
compound>amod> ...	42.0	0.598	taxongroup_topic	Reptile__class
case> of	41.0	0.897	taxongroup_topic	Reptile__class
nsubj<obl>case> ...	40.0	0.873	taxongroup_topic	Reptile__class
nsubj<cop> be	39.0	0.598	taxongroup_topic	Reptile__class
nsubj<cop> ...	39.0	0.586	taxongroup_topic	Reptile__class
nsubj<obl> ...	38.0	0.54	taxongroup_topic	Reptile__class
conj>cc> ...	36.0	0.662	taxongroup_topic	Reptile__class
nsubj<conj> ...	35.0	0.217	taxongroup_topic	Reptile__class
compound>amod> green	35.0	0.659	taxongroup_topic	Reptile__class
nmod<det> the	34.0	0.656	taxongroup_topic	Reptile__class
appos> ...	32.0	0.403	taxongroup_topic	Reptile__class
nsubj<advmod> ...	30.0	1.02	taxongroup_topic	Reptile__class
cc> ...	30.0	0.86	taxongroup_topic	Reptile__class
nsubj<obl>amod> ...	30.0	0.445	taxongroup_topic	Reptile__class
conj>cc> and	29.0	0.842	taxongroup_topic	Reptile__class
nmod<amod> ...	28.0	0.537	taxongroup_topic	Reptile__class
compound> Nile	27.0	0.625	taxongroup_topic	Reptile__class
conj<conj>cc> ...	26.0	0.574	taxongroup_topic	Reptile__class
obl< ...	25.0	0.711	taxongroup_topic	Reptile__class
nsubj<conj>cc> ...	24.0	0.677	taxongroup_topic	Reptile__class
cc> and	24.0	0.908	taxongroup_topic	Reptile__class
obj< ...	24.0	0.359	taxongroup_topic	Reptile__class
nmod>case> ...	22.0	0.995	taxongroup_topic	Reptile__class
nmod<case> ...	22.0	0.751	taxongroup_topic	Reptile__class
nmod> ...	22.0	0.684	taxongroup_topic	Reptile__class
nsubj<obj> ...	21.0	0.201	taxongroup_topic	Reptile__class
conj>amod> ...	20.0	0.295	taxongroup_topic	Reptile__class
det> a	19.0	0.769	taxongroup_topic	Reptile__class
conj<conj>amod> ...	19.0	0.354	taxongroup_topic	Reptile__class
nsubj<amod> ...	19.0	0.27	taxongroup_topic	Reptile__class
compound< ...	18.0	0.443	taxongroup_topic	Reptile__class
nmod<nsubj< ...	18.0	0.238	taxongroup_topic	Reptile__class
conj<appos> ...	17.0	0.422	taxongroup_topic	Reptile__class
nsubj<conj>cc> and	17.0	0.598	taxongroup_topic	Reptile__class
conj<amod> ...	16.0	0.685	taxongroup_topic	Reptile__class
nsubj<obj>amod> ...	16.0	0.309	taxongroup_topic	Reptile__class
conj<conj>cc> and	16.0	0.674	taxongroup_topic	Reptile__class
nsubj:pass<aux:pass> be	15.0	0.519	taxongroup_topic	Reptile__class
conj<case> ...	15.0	0.445	taxongroup_topic	Reptile__class
nsubj:pass<aux:pass> ...	15.0	0.513	taxongroup_topic	Reptile__class
appos< ...	15.0	0.456	taxongroup_topic	Reptile__class
nsubj:pass< ...	15.0	0.301	taxongroup_topic	Reptile__class
nmod<compound> ...	15.0	0.565	taxongroup_topic	Reptile__class
nsubj<obl>det> ...	15.0	0.67	taxongroup_topic	Reptile__class
acl> ...	14.0	0.369	taxongroup_topic	Reptile__class
nsubj> ...	14.0	0.409	taxongroup_topic	Reptile__class
nsubj<det> ...	14.0	0.488	taxongroup_topic	Reptile__class
cop> ...	13.0	0.26	taxongroup_topic	Reptile__class
nsubj<advcl> ...	13.0	0.402	taxongroup_topic	Reptile__class
nmod<nmod> ...	13.0	0.376	taxongroup_topic	Reptile__class
cop> be	13.0	0.26	taxongroup_topic	Reptile__class
nsubj:pass<obl>case> ...	12.0	0.492	taxongroup_topic	Reptile__class
conj>compound> ...	12.0	0.391	taxongroup_topic	Reptile__class
nsubj:pass<obl> ...	12.0	0.533	taxongroup_topic	Reptile__class
nsubj<obj>det> ...	12.0	0.524	taxongroup_topic	Reptile__class
nmod<nmod>case> ...	12.0	0.266	taxongroup_topic	Reptile__class
appos>compound> ...	11.0	0.413	taxongroup_topic	Reptile__class
case> in	11.0	0.882	taxongroup_topic	Reptile__class
obl<nsubj> ...	11.0	0.795	taxongroup_topic	Reptile__class
conj<nsubj> ...	11.0	0.45	taxongroup_topic	Reptile__class
conj<conj> crocodile	11.0	0.806	taxongroup_topic	Reptile__class
conj<det> ...	11.0	0.559	taxongroup_topic	Reptile__class
advmod> ...	11.0	0.42	taxongroup_topic	Reptile__class
acl>obl>case> ...	10.0	0.249	taxongroup_topic	Reptile__class
nsubj<conj>nsubj> ...	10.0	0.156	taxongroup_topic	Reptile__class
nmod>det> ...	10.0	0.484	taxongroup_topic	Reptile__class
compound<case> ...	10.0	0.258	taxongroup_topic	Reptile__class
nsubj<nmod> ...	10.0	0.225	taxongroup_topic	Reptile__class
nsubj<nmod>case> ...	10.0	0.167	taxongroup_topic	Reptile__class
nmod<nmod< ...	10.0	0.296	taxongroup_topic	Reptile__class
conj<conj>compound> ...	10.0	0.311	taxongroup_topic	Reptile__class
compound> saltwater	10.0	0.446	taxongroup_topic	Reptile__class
nsubj<mark> ...	10.0	0.431	taxongroup_topic	Reptile__class
appos<det> the	9.0	0.372	taxongroup_topic	Reptile__class
nsubj<advcl>mark> ...	9.0	0.551	taxongroup_topic	Reptile__class
amod> giant	9.0	1.1	taxongroup_topic	Reptile__class
nsubj<obj>nmod> ...	9.0	0.209	taxongroup_topic	Reptile__class
acl>obl> ...	9.0	0.466	taxongroup_topic	Reptile__class
nmod<conj> ...	9.0	0.23	taxongroup_topic	Reptile__class
appos<conj> ...	9.0	0.575	taxongroup_topic	Reptile__class
nsubj<conj>advmod> ...	9.0	0.721	taxongroup_topic	Reptile__class
appos<det> ...	9.0	0.372	taxongroup_topic	Reptile__class
nsubj<det> the	9.0	0.464	taxongroup_topic	Reptile__class
parataxis<appos>conj> ...	9.0	0.685	taxongroup_topic	Reptile__class
nsubj< have	9.0	0.788	taxongroup_topic	Reptile__class
nsubj<conj>amod> ...	9.0	0.484	taxongroup_topic	Reptile__class
nmod<nsubj<aux> ...	8.0	0.502	taxongroup_topic	Reptile__class
nmod<nsubj<cop> ...	8.0	0.356	taxongroup_topic	Reptile__class
conj<nmod< ...	8.0	0.237	taxongroup_topic	Reptile__class
appos>conj> ...	8.0	0.345	taxongroup_topic	Reptile__class
nsubj<obl>case> in	8.0	0.909	taxongroup_topic	Reptile__class
nmod<obj< ...	8.0	0.556	taxongroup_topic	Reptile__class
nsubj<obj>det> a	8.0	0.57	taxongroup_topic	Reptile__class
amod>advmod> ...	8.0	0.651	taxongroup_topic	Reptile__class
nmod<nsubj<obl> ...	8.0	0.255	taxongroup_topic	Reptile__class
conj<cop> ...	8.0	0.411	taxongroup_topic	Reptile__class
nmod<nsubj<cop> be	8.0	0.356	taxongroup_topic	Reptile__class
nmod<obl< ...	8.0	0.36	taxongroup_topic	Reptile__class
nsubj<advcl>obl> ...	8.0	0.437	taxongroup_topic	Reptile__class
nmod<conj<conj> ...	8.0	1.122	taxongroup_topic	Reptile__class
nsubj<aux> ...	8.0	0.679	taxongroup_topic	Reptile__class
conj<det> the	8.0	0.694	taxongroup_topic	Reptile__class
conj<cop> be	8.0	0.411	taxongroup_topic	Reptile__class
appos<conj>amod> ...	8.0	0.354	taxongroup_topic	Reptile__class
nmod< species	8.0	0.492	taxongroup_topic	Reptile__class
compound> Galápagos	8.0	0.708	taxongroup_topic	Reptile__class
obj<nsubj> ...	8.0	0.256	taxongroup_topic	Reptile__class
conj<appos> crocodile	8.0	0.481	taxongroup_topic	Reptile__class
conj<appos>amod> ...	7.0	0.223	taxongroup_topic	Reptile__class
conj< crocodile	7.0	0.675	taxongroup_topic	Reptile__class
compound<det> ...	7.0	0.675	taxongroup_topic	Reptile__class
obj<obl> ...	7.0	0.176	taxongroup_topic	Reptile__class
appos<conj> crocodile	7.0	0.714	taxongroup_topic	Reptile__class
conj<compound> ...	7.0	0.386	taxongroup_topic	Reptile__class
obj<obl>case> ...	7.0	0.493	taxongroup_topic	Reptile__class
nmod<nmod<det> ...	7.0	0.761	taxongroup_topic	Reptile__class
conj>det> ...	7.0	0.371	taxongroup_topic	Reptile__class
nsubj<obl>det> the	7.0	0.658	taxongroup_topic	Reptile__class
nsubj:pass<advcl> ...	7.0	0.564	taxongroup_topic	Reptile__class
case> like	7.0	0.921	taxongroup_topic	Reptile__class
nmod<conj< ...	7.0	0.353	taxongroup_topic	Reptile__class
nsubj<xcomp> ...	7.0	0.179	taxongroup_topic	Reptile__class
nmod<cop> ...	7.0	0.37	taxongroup_topic	Reptile__class
nmod:poss> ...	7.0	0.229	taxongroup_topic	Reptile__class
nmod:poss>case> 's	7.0	0.256	taxongroup_topic	Reptile__class
nmod<nsubj<advmod> ...	7.0	0.317	taxongroup_topic	Reptile__class
conj<obl< ...	7.0	0.415	taxongroup_topic	Reptile__class
nmod:poss>case> ...	7.0	0.122	taxongroup_topic	Reptile__class
conj<conj>advmod> ...	7.0	0.598	taxongroup_topic	Reptile__class
nsubj<obl>nummod> ...	7.0	0.697	taxongroup_topic	Reptile__class
case> to	7.0	0.833	taxongroup_topic	Reptile__class
nsubj<obl>case> to	7.0	0.939	taxongroup_topic	Reptile__class
nmod<cop> be	7.0	0.37	taxongroup_topic	Reptile__class
conj> crocodile	7.0	0.982	taxongroup_topic	Reptile__class
nsubj<nmod>case> of	7.0	0.206	taxongroup_topic	Reptile__class
nsubj< reptile	6.0	0.802	taxongroup_topic	Reptile__class
nmod<conj>cc> ...	6.0	0.41	taxongroup_topic	Reptile__class
obl<obl>case> ...	6.0	0.403	taxongroup_topic	Reptile__class
appos>conj>cc> ...	6.0	0.383	taxongroup_topic	Reptile__class
nsubj:pass<obl>det> ...	6.0	0.536	taxongroup_topic	Reptile__class
nmod<case> of	6.0	0.847	taxongroup_topic	Reptile__class
compound<nmod< ...	6.0	0.219	taxongroup_topic	Reptile__class
nsubj<xcomp>mark> to	6.0	0.382	taxongroup_topic	Reptile__class
conj<conj>det> ...	6.0	0.561	taxongroup_topic	Reptile__class
nsubj<advcl>nsubj> ...	6.0	0.257	taxongroup_topic	Reptile__class
nsubj<mark> that	6.0	0.432	taxongroup_topic	Reptile__class
case> by	6.0	0.907	taxongroup_topic	Reptile__class
conj<conj< ...	6.0	0.416	taxongroup_topic	Reptile__class
conj>det> the	6.0	0.389	taxongroup_topic	Reptile__class
appos<conj>cc> ...	6.0	0.619	taxongroup_topic	Reptile__class
obl<obl> ...	6.0	0.418	taxongroup_topic	Reptile__class
nsubj<xcomp>mark> ...	6.0	0.382	taxongroup_topic	Reptile__class
appos>conj>cc> and	6.0	0.39	taxongroup_topic	Reptile__class
conj>cc> or	6.0	0.823	taxongroup_topic	Reptile__class
case> for	6.0	0.807	taxongroup_topic	Reptile__class
nsubj<conj>obl> ...	6.0	0.289	taxongroup_topic	Reptile__class
conj<nsubj>amod> ...	6.0	0.233	taxongroup_topic	Reptile__class
obj<conj<conj> ...	6.0	0.284	taxongroup_topic	Reptile__class
obl<nsubj>amod> ...	6.0	0.19	taxongroup_topic	Reptile__class
obl<advmod> ...	6.0	0.379	taxongroup_topic	Reptile__class
nsubj<advcl>obj> ...	6.0	0.304	taxongroup_topic	Reptile__class
nsubj<ccomp< ...	6.0	0.611	taxongroup_topic	Reptile__class
conj<nmod> ...	6.0	0.434	taxongroup_topic	Reptile__class
acl:relcl> ...	6.0	0.433	taxongroup_topic	Reptile__class
conj<nmod>case> ...	6.0	0.636	taxongroup_topic	Reptile__class
nsubj:pass<obl>det> the	6.0	0.61	taxongroup_topic	Reptile__class
nsubj<obl>compound> ...	6.0	0.239	taxongroup_topic	Reptile__class
nsubj<compound> ...	6.0	0.275	taxongroup_topic	Reptile__class
nsubj<obl>nmod> ...	6.0	0.398	taxongroup_topic	Reptile__class
nsubj>det> ...	6.0	0.415	taxongroup_topic	Reptile__class
conj<nsubj< ...	6.0	0.272	taxongroup_topic	Reptile__class
nsubj<conj>det> ...	6.0	0.201	taxongroup_topic	Reptile__class
nmod<nummod> ...	5.0	0.443	taxongroup_topic	Reptile__class
nummod> ...	5.0	0.282	taxongroup_topic	Reptile__class
compound<case> of	5.0	0.2	taxongroup_topic	Reptile__class
nmod<nmod<det> a	5.0	0.816	taxongroup_topic	Reptile__class
acl>obl>det> ...	5.0	0.346	taxongroup_topic	Reptile__class
obl<acl< ...	5.0	0.395	taxongroup_topic	Reptile__class
nmod>conj> ...	5.0	0.517	taxongroup_topic	Reptile__class
nsubj<obl>case> with	5.0	0.942	taxongroup_topic	Reptile__class
appos>amod> ...	5.0	0.321	taxongroup_topic	Reptile__class
compound<amod> ...	5.0	0.27	taxongroup_topic	Reptile__class
obj<acl< ...	5.0	0.334	taxongroup_topic	Reptile__class
obj<advmod> ...	5.0	0.581	taxongroup_topic	Reptile__class
conj<obl>case> ...	5.0	0.549	taxongroup_topic	Reptile__class
conj<obl> ...	5.0	0.342	taxongroup_topic	Reptile__class
nmod>case> in	5.0	1.072	taxongroup_topic	Reptile__class
appos<amod> ...	5.0	0.496	taxongroup_topic	Reptile__class
nsubj<conj>compound> ...	5.0	0.214	taxongroup_topic	Reptile__class
conj<conj>obj> ...	5.0	0.224	taxongroup_topic	Reptile__class
nsubj<det> a	5.0	0.483	taxongroup_topic	Reptile__class
acl:relcl>nsubj> ...	5.0	0.227	taxongroup_topic	Reptile__class
nsubj<nmod>amod> ...	5.0	0.455	taxongroup_topic	Reptile__class
nmod<nmod<amod> ...	5.0	0.271	taxongroup_topic	Reptile__class
nsubj<obl>amod> american	5.0	0.341	taxongroup_topic	Reptile__class
appos<flat> ...	5.0	0.311	taxongroup_topic	Reptile__class
nmod<nsubj<nmod> ...	5.0	0.498	taxongroup_topic	Reptile__class
nmod>det> the	5.0	0.479	taxongroup_topic	Reptile__class
conj<appos>det> ...	5.0	0.216	taxongroup_topic	Reptile__class
obl<cop> be	5.0	0.543	taxongroup_topic	Reptile__class
cc> or	5.0	0.951	taxongroup_topic	Reptile__class
obl<nsubj>det> ...	5.0	0.398	taxongroup_topic	Reptile__class
nsubj:pass<advcl>mark> ...	5.0	0.544	taxongroup_topic	Reptile__class
obl<cop> ...	5.0	0.543	taxongroup_topic	Reptile__class
nmod<nsubj> ...	5.0	0.304	taxongroup_topic	Reptile__class
appos<appos> ...	5.0	0.371	taxongroup_topic	Reptile__class
conj<obl<nsubj> ...	5.0	0.395	taxongroup_topic	Reptile__class
nsubj<nmod>det> ...	5.0	0.331	taxongroup_topic	Reptile__class
nsubj<obl>amod> other	5.0	0.436	taxongroup_topic	Reptile__class
conj<nsubj<cop> ...	5.0	0.576	taxongroup_topic	Reptile__class
nmod<det> a	5.0	0.615	taxongroup_topic	Reptile__class
mark> ...	5.0	0.325	taxongroup_topic	Reptile__class
nmod<conj>cc> and	5.0	0.405	taxongroup_topic	Reptile__class
conj<conj>det> the	5.0	0.647	taxongroup_topic	Reptile__class
conj<advmod> ...	5.0	0.477	taxongroup_topic	Reptile__class
conj>nmod>case> ...	5.0	0.688	taxongroup_topic	Reptile__class
conj<nsubj>det> ...	5.0	0.535	taxongroup_topic	Reptile__class
conj<nsubj<cop> be	5.0	0.576	taxongroup_topic	Reptile__class
conj>nmod> ...	5.0	0.436	taxongroup_topic	Reptile__class
nmod<obj<nsubj> ...	5.0	0.217	taxongroup_topic	Reptile__class
conj>case> ...	5.0	0.582	taxongroup_topic	Reptile__class
amod> small	5.0	1.119	taxongroup_topic	Reptile__class
nmod:poss< ...	4.0	0.328	taxongroup_topic	Reptile__class
nsubj<cc> ...	4.0	0.35	taxongroup_topic	Reptile__class
nmod>case> from	4.0	1.045	taxongroup_topic	Reptile__class
obj<obl>case> as	4.0	0.632	taxongroup_topic	Reptile__class
appos<conj>det> ...	4.0	0.607	taxongroup_topic	Reptile__class
amod> Nile	4.0	1.071	taxongroup_topic	Reptile__class
obl<nsubj> crocodile	4.0	0.819	taxongroup_topic	Reptile__class
obl<nsubj>det> the	4.0	0.492	taxongroup_topic	Reptile__class
compound>compound> ...	4.0	0.319	taxongroup_topic	Reptile__class
obl<obj> ...	4.0	0.332	taxongroup_topic	Reptile__class
nmod<nmod>det> ...	4.0	0.474	taxongroup_topic	Reptile__class
nsubj:pass<obl>amod> ...	4.0	0.426	taxongroup_topic	Reptile__class
appos<nsubj< ...	4.0	0.464	taxongroup_topic	Reptile__class
conj> turtle	4.0	1.026	taxongroup_topic	Reptile__class
acl>obj> ...	4.0	0.267	taxongroup_topic	Reptile__class
nsubj<advcl>advmod> ...	4.0	0.553	taxongroup_topic	Reptile__class
conj<case> of	4.0	0.463	taxongroup_topic	Reptile__class
appos>nummod> ...	4.0	0.489	taxongroup_topic	Reptile__class
nsubj<obl>case> like	4.0	0.776	taxongroup_topic	Reptile__class
acl>obl>amod> ...	4.0	0.199	taxongroup_topic	Reptile__class
conj<conj<case> ...	4.0	0.297	taxongroup_topic	Reptile__class
conj<appos>nmod:poss> ...	4.0	0.879	taxongroup_topic	Reptile__class
nsubj<xcomp>obl> ...	4.0	0.613	taxongroup_topic	Reptile__class
nmod>compound> ...	4.0	0.302	taxongroup_topic	Reptile__class
obl<acl<case> ...	4.0	0.518	taxongroup_topic	Reptile__class
conj<case> include	4.0	0.45	taxongroup_topic	Reptile__class
compound<conj< ...	4.0	0.284	taxongroup_topic	Reptile__class
conj> bird	4.0	0.921	taxongroup_topic	Reptile__class
obj< include	4.0	0.344	taxongroup_topic	Reptile__class
nsubj:pass<conj< ...	4.0	0.334	taxongroup_topic	Reptile__class
nsubj:pass<obl>conj> ...	4.0	0.259	taxongroup_topic	Reptile__class
nsubj<obl>case> than	4.0	1.022	taxongroup_topic	Reptile__class
obl<aux:pass> be	4.0	0.343	taxongroup_topic	Reptile__class
nmod:poss>conj>conj> ...	4.0	0.359	taxongroup_topic	Reptile__class
nsubj<conj>cop> ...	4.0	0.503	taxongroup_topic	Reptile__class
nmod<obl<nsubj> ...	4.0	0.297	taxongroup_topic	Reptile__class
nsubj<advcl< ...	4.0	0.381	taxongroup_topic	Reptile__class
nmod<obl<advmod> ...	4.0	0.311	taxongroup_topic	Reptile__class
nsubj<nmod>det> the	4.0	0.355	taxongroup_topic	Reptile__class
nmod<nsubj<obj> ...	4.0	0.204	taxongroup_topic	Reptile__class
conj<nmod<det> ...	4.0	0.687	taxongroup_topic	Reptile__class
nsubj<acl> ...	4.0	0.351	taxongroup_topic	Reptile__class
nmod<nmod<case> ...	4.0	0.528	taxongroup_topic	Reptile__class
amod> other	4.0	1.202	taxongroup_topic	Reptile__class
case> 's	4.0	0.786	taxongroup_topic	Reptile__class
nsubj<conj>cc> but	4.0	0.756	taxongroup_topic	Reptile__class
obj<conj< ...	4.0	0.475	taxongroup_topic	Reptile__class
compound<det> the	4.0	0.725	taxongroup_topic	Reptile__class
nsubj>det> the	4.0	0.507	taxongroup_topic	Reptile__class
acl:relcl>obj> ...	4.0	0.286	taxongroup_topic	Reptile__class
nmod>conj>cc> ...	4.0	0.196	taxongroup_topic	Reptile__class
conj<conj>obj> turtle	4.0	0.274	taxongroup_topic	Reptile__class
obj<acl<det> ...	4.0	0.338	taxongroup_topic	Reptile__class
compound<obl<advmod> ...	4.0	0.674	taxongroup_topic	Reptile__class
nsubj<obl> crocodile	4.0	0.454	taxongroup_topic	Reptile__class
nsubj:pass<advcl>advmod> ...	4.0	0.359	taxongroup_topic	Reptile__class
nsubj<conj>xcomp> ...	4.0	0.386	taxongroup_topic	Reptile__class
obl<advcl> ...	4.0	0.443	taxongroup_topic	Reptile__class
nmod<acl:relcl>obl> ...	4.0	0.177	taxongroup_topic	Reptile__class
obl<advcl>mark> ...	4.0	0.604	taxongroup_topic	Reptile__class
obl<cc> ...	4.0	0.349	taxongroup_topic	Reptile__class
obl<mark> ...	4.0	0.625	taxongroup_topic	Reptile__class
nsubj<conj>obj> ...	4.0	0.255	taxongroup_topic	Reptile__class
nsubj<xcomp>advmod> ...	4.0	0.618	taxongroup_topic	Reptile__class
nsubj<ccomp<nsubj> ...	4.0	0.355	taxongroup_topic	Reptile__class
case> as	4.0	0.929	taxongroup_topic	Reptile__class
nsubj<obj>acl> ...	4.0	0.249	taxongroup_topic	Reptile__class
acl:relcl>obl>case> ...	4.0	0.516	taxongroup_topic	Reptile__class
acl:relcl>obl> ...	4.0	0.23	taxongroup_topic	Reptile__class
nsubj:pass<advcl>obl> ...	4.0	0.214	taxongroup_topic	Reptile__class
obl<aux:pass> ...	4.0	0.343	taxongroup_topic	Reptile__class
obl<parataxis> ...	4.0	0.371	taxongroup_topic	Reptile__class
nmod<nmod>case> in	4.0	0.348	taxongroup_topic	Reptile__class
obl<aux> ...	4.0	0.295	taxongroup_topic	Reptile__class
nmod<case> in	4.0	0.854	taxongroup_topic	Reptile__class
appos<conj>det> the	4.0	0.628	taxongroup_topic	Reptile__class
appos<case> ...	4.0	0.465	taxongroup_topic	Reptile__class
conj<conj>cc> or	4.0	0.615	taxongroup_topic	Reptile__class
obj<parataxis>obl> ...	4.0	0.243	taxongroup_topic	Reptile__class
nsubj<advmod> also	4.0	0.977	taxongroup_topic	Reptile__class
conj<nsubj<nmod> ...	4.0	0.152	taxongroup_topic	Reptile__class
conj<appos>det> the	4.0	0.264	taxongroup_topic	Reptile__class
obj<conj<conj> turtle	4.0	0.39	taxongroup_topic	Reptile__class
conj<nsubj>det> the	4.0	0.488	taxongroup_topic	Reptile__class
nsubj:pass<obl>compound> ...	4.0	0.126	taxongroup_topic	Reptile__class
obj<parataxis> ...	4.0	0.566	taxongroup_topic	Reptile__class
nsubj<aux> do	3.0	0.773	taxongroup_topic	Reptile__class
nmod<nmod<cop> ...	3.0	0.543	taxongroup_topic	Reptile__class
nsubj< predator	3.0	0.722	taxongroup_topic	Reptile__class
nsubj<amod> only	3.0	0.325	taxongroup_topic	Reptile__class
nmod<acl:relcl>nsubj> ...	3.0	0.355	taxongroup_topic	Reptile__class
nmod>conj>cc> and	3.0	0.157	taxongroup_topic	Reptile__class
obj<parataxis> give	3.0	0.606	taxongroup_topic	Reptile__class
nsubj<advmod> not	3.0	1.089	taxongroup_topic	Reptile__class
nmod<acl:relcl> ...	3.0	0.438	taxongroup_topic	Reptile__class
obl<parataxis>advmod> ...	3.0	0.245	taxongroup_topic	Reptile__class
nmod>det> a	3.0	0.507	taxongroup_topic	Reptile__class
conj>compound>compound> ...	3.0	0.132	taxongroup_topic	Reptile__class
nsubj<conj>aux:pass> ...	3.0	0.63	taxongroup_topic	Reptile__class
nmod<obl<cop> be	3.0	0.542	taxongroup_topic	Reptile__class
conj> amphibian	3.0	1.059	taxongroup_topic	Reptile__class
appos<compound> ...	3.0	0.553	taxongroup_topic	Reptile__class
conj>advmod> ...	3.0	0.556	taxongroup_topic	Reptile__class
conj<conj>cc> Crocodylus	3.0	0.445	taxongroup_topic	Reptile__class
nsubj<case> ...	3.0	0.401	taxongroup_topic	Reptile__class
obj<nsubj>compound> ...	3.0	0.413	taxongroup_topic	Reptile__class
conj<conj> bird	3.0	0.885	taxongroup_topic	Reptile__class
nsubj<conj<advmod> ...	3.0	0.821	taxongroup_topic	Reptile__class
obj<parataxis>obj> rise	3.0	0.526	taxongroup_topic	Reptile__class
conj<nsubj> species	3.0	0.39	taxongroup_topic	Reptile__class
appos<conj>cc> and	3.0	0.711	taxongroup_topic	Reptile__class
appos<appos> crocodile	3.0	0.411	taxongroup_topic	Reptile__class
nmod<obl<cop> ...	3.0	0.542	taxongroup_topic	Reptile__class
appos<appos>det> the	3.0	0.398	taxongroup_topic	Reptile__class
acl>obl>det> a	3.0	0.433	taxongroup_topic	Reptile__class
obj<nsubj>det> ...	3.0	0.459	taxongroup_topic	Reptile__class
nsubj:pass<obl>case> by	3.0	0.456	taxongroup_topic	Reptile__class
conj<conj<nmod:poss< crocodile	3.0	0.236	taxongroup_topic	Reptile__class
nsubj:pass<obj>nmod> ...	3.0	0.325	taxongroup_topic	Reptile__class
obj<parataxis>aux> have	3.0	0.499	taxongroup_topic	Reptile__class
nsubj<conj< ...	3.0	0.226	taxongroup_topic	Reptile__class
nsubj<advmod> more	3.0	0.942	taxongroup_topic	Reptile__class
conj>amod>advmod> ...	3.0	0.463	taxongroup_topic	Reptile__class
compound>conj>cc> ...	3.0	0.574	taxongroup_topic	Reptile__class
compound>conj> ...	3.0	0.274	taxongroup_topic	Reptile__class
nsubj:pass<cc> and	3.0	0.636	taxongroup_topic	Reptile__class
nmod<acl:relcl>nsubj> which	3.0	0.464	taxongroup_topic	Reptile__class
nsubj<conj>det> a	3.0	0.192	taxongroup_topic	Reptile__class
nsubj:pass<obj> ...	3.0	0.346	taxongroup_topic	Reptile__class
conj<obl<advmod> ...	3.0	0.48	taxongroup_topic	Reptile__class
nsubj:pass<aux> ...	3.0	0.237	taxongroup_topic	Reptile__class
compound<obl< ...	3.0	0.523	taxongroup_topic	Reptile__class
nsubj<obj>det> the	3.0	0.488	taxongroup_topic	Reptile__class
nmod<obl<obl> ...	3.0	0.481	taxongroup_topic	Reptile__class
appos<conj>cc> or	3.0	0.723	taxongroup_topic	Reptile__class
nsubj<conj>case> ...	3.0	0.29	taxongroup_topic	Reptile__class
conj<nmod<det> the	3.0	0.715	taxongroup_topic	Reptile__class
conj<case>fixed> ...	3.0	0.575	taxongroup_topic	Reptile__class
nmod:poss>det> the	3.0	0.546	taxongroup_topic	Reptile__class
case> with	3.0	0.888	taxongroup_topic	Reptile__class
nmod<conj<det> the	3.0	0.556	taxongroup_topic	Reptile__class
obj<mark> ...	3.0	0.417	taxongroup_topic	Reptile__class
conj<obj< ...	3.0	0.334	taxongroup_topic	Reptile__class
conj<conj> amphibian	3.0	0.693	taxongroup_topic	Reptile__class
conj<conj>nmod:poss> ...	3.0	0.43	taxongroup_topic	Reptile__class
conj< bird	3.0	0.592	taxongroup_topic	Reptile__class
nmod<cc> and	3.0	0.368	taxongroup_topic	Reptile__class
nsubj:pass<cc> ...	3.0	0.636	taxongroup_topic	Reptile__class
nmod<obl<aux:pass> ...	3.0	0.471	taxongroup_topic	Reptile__class
conj<conj<case> 's	3.0	0.374	taxongroup_topic	Reptile__class
nmod<mark> ...	3.0	0.256	taxongroup_topic	Reptile__class
parataxis>advmod> ...	3.0	0.356	taxongroup_topic	Reptile__class
appos< crocodile	3.0	0.458	taxongroup_topic	Reptile__class
obj<obj> ...	3.0	0.362	taxongroup_topic	Reptile__class
conj<conj<nmod:poss< ...	3.0	0.236	taxongroup_topic	Reptile__class
appos<advmod> ...	3.0	0.341	taxongroup_topic	Reptile__class
conj< turtle	3.0	0.731	taxongroup_topic	Reptile__class
nmod<conj<det> ...	3.0	0.549	taxongroup_topic	Reptile__class
nmod<nmod<obj< ...	3.0	0.392	taxongroup_topic	Reptile__class
nmod>case> like	3.0	0.888	taxongroup_topic	Reptile__class
conj<case>fixed> as	3.0	0.575	taxongroup_topic	Reptile__class
conj<case> such	3.0	0.496	taxongroup_topic	Reptile__class
nsubj<advcl>advcl> ...	3.0	0.305	taxongroup_topic	Reptile__class
nsubj<conj>nmod> ...	3.0	0.294	taxongroup_topic	Reptile__class
nsubj:pass<xcomp>mark> to	3.0	0.703	taxongroup_topic	Reptile__class
compound>nmod>amod> ...	3.0	0.322	taxongroup_topic	Reptile__class
obl<acl<obl< ...	3.0	0.503	taxongroup_topic	Reptile__class
conj< dinosaur	3.0	0.76	taxongroup_topic	Reptile__class
nsubj<obl> alligator	3.0	0.529	taxongroup_topic	Reptile__class
obl<acl<det> ...	3.0	0.476	taxongroup_topic	Reptile__class
acl>obl>conj> ...	3.0	0.34	taxongroup_topic	Reptile__class
nsubj:pass<advcl>nsubj> ...	3.0	0.22	taxongroup_topic	Reptile__class
nsubj<advmod> most	3.0	1.004	taxongroup_topic	Reptile__class
nsubj:pass<advcl>obj> ...	3.0	0.304	taxongroup_topic	Reptile__class
conj<nmod>amod> ...	3.0	0.269	taxongroup_topic	Reptile__class
nsubj:pass<xcomp>mark> ...	3.0	0.703	taxongroup_topic	Reptile__class
det> some	3.0	0.802	taxongroup_topic	Reptile__class
nmod<conj<compound> ...	3.0	0.222	taxongroup_topic	Reptile__class
nmod<conj<case> ...	3.0	0.324	taxongroup_topic	Reptile__class
appos<appos>det> ...	3.0	0.398	taxongroup_topic	Reptile__class
obj<nsubj>det> the	3.0	0.519	taxongroup_topic	Reptile__class
conj<appos>compound> ...	3.0	0.324	taxongroup_topic	Reptile__class
conj<conj>amod> small	3.0	0.435	taxongroup_topic	Reptile__class
nsubj:pass<xcomp> ...	3.0	0.203	taxongroup_topic	Reptile__class
nsubj>amod> ...	3.0	0.321	taxongroup_topic	Reptile__class
nmod<parataxis>obj> ...	3.0	0.429	taxongroup_topic	Reptile__class
nmod<parataxis> ...	3.0	0.278	taxongroup_topic	Reptile__class
nmod<conj>det> ...	3.0	0.448	taxongroup_topic	Reptile__class
nmod< range	3.0	0.503	taxongroup_topic	Reptile__class
nmod<compound>amod> ...	3.0	0.293	taxongroup_topic	Reptile__class
nsubj<conj>cop> be	3.0	0.514	taxongroup_topic	Reptile__class
acl>advmod> ...	3.0	0.512	taxongroup_topic	Reptile__class
conj<conj< Morelet	3.0	0.585	taxongroup_topic	Reptile__class
obj<parataxis>aux> ...	3.0	0.499	taxongroup_topic	Reptile__class
nsubj<acl:relcl>nsubj> ...	3.0	0.139	taxongroup_topic	Reptile__class
appos> N	3.0	0.353	taxongroup_topic	Reptile__class
nsubj<acl:relcl> ...	3.0	0.56	taxongroup_topic	Reptile__class
nmod<obl<aux:pass> be	3.0	0.471	taxongroup_topic	Reptile__class
obl<advcl< ...	3.0	0.382	taxongroup_topic	Reptile__class
parataxis> ...	3.0	0.23	taxongroup_topic	Reptile__class
obl<acl<det> the	3.0	0.438	taxongroup_topic	Reptile__class
conj<conj>nmod> ...	3.0	0.218	taxongroup_topic	Reptile__class
compound<cc> ...	3.0	0.319	taxongroup_topic	Reptile__class
nmod<nmod<cop> be	3.0	0.543	taxongroup_topic	Reptile__class
obl<conj< ...	3.0	0.283	taxongroup_topic	Reptile__class
nmod<nmod>nummod> ...	3.0	0.228	taxongroup_topic	Reptile__class
acl:relcl>nsubj> that	3.0	0.256	taxongroup_topic	Reptile__class
obl<obl>conj> ...	3.0	0.294	taxongroup_topic	Reptile__class
nsubj<obl>nmod:poss> ...	3.0	0.321	taxongroup_topic	Reptile__class
conj<conj>aux> ...	3.0	0.298	taxongroup_topic	Reptile__class
conj> mammal	3.0	1.047	taxongroup_topic	Reptile__class
nmod<obj<conj> ...	3.0	0.276	taxongroup_topic	Reptile__class
compound>conj>cc> and	3.0	0.604	taxongroup_topic	Reptile__class
conj<conj>conj> ...	3.0	0.175	taxongroup_topic	Reptile__class
appos>conj> behavior	3.0	0.552	taxongroup_topic	Reptile__class
nmod<nsubj<aux> have	3.0	0.567	taxongroup_topic	Reptile__class
nsubj<parataxis>conj> ...	3.0	0.404	taxongroup_topic	Reptile__class
nmod<cc> ...	3.0	0.436	taxongroup_topic	Reptile__class
nmod:poss>det> ...	3.0	0.546	taxongroup_topic	Reptile__class
nsubj<parataxis> ...	3.0	0.416	taxongroup_topic	Reptile__class
obl<obl>case> in	3.0	0.481	taxongroup_topic	Reptile__class
nsubj<conj>cc> or	3.0	0.734	taxongroup_topic	Reptile__class
nsubj<conj>aux:pass> be	3.0	0.63	taxongroup_topic	Reptile__class
obl<conj<obl> ...	3.0	0.504	taxongroup_topic	Reptile__class
nmod<nsubj<det> ...	3.0	0.341	taxongroup_topic	Reptile__class
nmod<nmod>case> of	3.0	0.266	taxongroup_topic	Reptile__class
conj>amod> american	3.0	0.28	taxongroup_topic	Reptile__class
obj<acl:relcl< ...	3.0	0.479	taxongroup_topic	Reptile__class
nmod<nmod>det> the	3.0	0.524	taxongroup_topic	Reptile__class
obj<advcl<obj> ...	3.0	0.238	taxongroup_topic	Reptile__class
obj<parataxis>obj> ...	3.0	0.526	taxongroup_topic	Reptile__class
nmod<nsubj<mark> ...	3.0	0.277	taxongroup_topic	Reptile__class
appos<nsubj<obj> ...	3.0	0.275	taxongroup_topic	Reptile__class
nsubj<cc> but	3.0	0.378	taxongroup_topic	Reptile__class
appos> biology	3.0	0.456	taxongroup_topic	Reptile__class
nsubj> animal	3.0	0.51	taxongroup_topic	Reptile__class
obj<parataxis>nsubj> ...	3.0	0.391	taxongroup_topic	Reptile__class
nmod:poss> Morelet	3.0	0.302	taxongroup_topic	Reptile__class
nmod<nsubj>det> ...	3.0	0.316	taxongroup_topic	Reptile__class
nmod<nsubj>nmod> ...	3.0	0.22	taxongroup_topic	Reptile__class
compound<nmod<det> ...	3.0	0.5	taxongroup_topic	Reptile__class
nmod:poss>conj>conj> crocodile	3.0	0.247	taxongroup_topic	Reptile__class
conj< lizard	3.0	0.685	taxongroup_topic	Reptile__class
nmod<nsubj<advcl< ...	3.0	0.573	taxongroup_topic	Reptile__class
obj<advcl<nsubj> ...	3.0	0.106	taxongroup_topic	Reptile__class
nmod<case> to	3.0	0.766	taxongroup_topic	Reptile__class
nsubj:pass<obl>nmod> ...	3.0	0.346	taxongroup_topic	Reptile__class
obj<advcl< ...	3.0	0.265	taxongroup_topic	Reptile__class
nsubj:pass<advmod> ...	3.0	0.643	taxongroup_topic	Reptile__class
obl<aux> have	3.0	0.307	taxongroup_topic	Reptile__class
obj<acl<det> the	2.0	0.35	taxongroup_topic	Reptile__class
conj<ccomp<nsubj> species	2.0	0.228	taxongroup_topic	Reptile__class
nsubj<conj>advcl> ...	2.0	0.228	taxongroup_topic	Reptile__class
appos<nmod<amod> ...	2.0	0.201	taxongroup_topic	Reptile__class
conj<ccomp< be	2.0	0.499	taxongroup_topic	Reptile__class
nsubj<conj> turtle	2.0	0.201	taxongroup_topic	Reptile__class
nmod< predator	2.0	0.465	taxongroup_topic	Reptile__class
nsubj<obl>nummod> four	2.0	0.713	taxongroup_topic	Reptile__class
nsubj<obl>case> of	2.0	0.889	taxongroup_topic	Reptile__class
nsubj<conj>aux> ...	2.0	0.463	taxongroup_topic	Reptile__class
compound<obl<advcl> ...	2.0	0.301	taxongroup_topic	Reptile__class
conj<conj>advmod> also	2.0	0.568	taxongroup_topic	Reptile__class
appos<nsubj<conj> ...	2.0	0.232	taxongroup_topic	Reptile__class
nmod<nmod<nmod< ...	2.0	0.302	taxongroup_topic	Reptile__class
compound>nummod> ...	2.0	0.273	taxongroup_topic	Reptile__class
obj<obj>det> ...	2.0	0.533	taxongroup_topic	Reptile__class
obl<acl:relcl<case> ...	2.0	0.176	taxongroup_topic	Reptile__class
obl<acl:relcl< ...	2.0	0.247	taxongroup_topic	Reptile__class
nsubj<advcl>aux> can	2.0	0.173	taxongroup_topic	Reptile__class
nmod<conj<amod> ...	2.0	0.47	taxongroup_topic	Reptile__class
nmod<nummod> two	2.0	0.412	taxongroup_topic	Reptile__class
nsubj<conj>ccomp> ...	2.0	0.347	taxongroup_topic	Reptile__class
acl>obl>case> to	2.0	0.255	taxongroup_topic	Reptile__class
appos<nsubj<amod> ...	2.0	0.246	taxongroup_topic	Reptile__class
obj<conj<ccomp< be	2.0	0.535	taxongroup_topic	Reptile__class
obj<conj< loggerhead	2.0	0.594	taxongroup_topic	Reptile__class
obj<conj<nsubj> turtle	2.0	0.418	taxongroup_topic	Reptile__class
nsubj<conj>obj> turtle	2.0	0.428	taxongroup_topic	Reptile__class
amod>conj>cc> and	2.0	0.49	taxongroup_topic	Reptile__class
conj<nsubj>compound> sea	2.0	0.783	taxongroup_topic	Reptile__class
conj<nsubj> turtle	2.0	0.456	taxongroup_topic	Reptile__class
obl<advcl<obl> ...	2.0	0.338	taxongroup_topic	Reptile__class
nsubj<conj>nsubj> it	2.0	0.31	taxongroup_topic	Reptile__class
nsubj<obl> reptile	2.0	0.677	taxongroup_topic	Reptile__class
obl<xcomp<cc> and	2.0	0.357	taxongroup_topic	Reptile__class
nsubj<obl> crocodilian	2.0	0.647	taxongroup_topic	Reptile__class
obj< depict	2.0	0.529	taxongroup_topic	Reptile__class
nsubj:pass<conj<aux:pass> be	2.0	0.481	taxongroup_topic	Reptile__class
obl<mark> to	2.0	0.669	taxongroup_topic	Reptile__class
nsubj<obl>appos> ...	2.0	0.443	taxongroup_topic	Reptile__class
compound<acl> ...	2.0	0.39	taxongroup_topic	Reptile__class
nsubj:pass<obj>det> the	2.0	0.38	taxongroup_topic	Reptile__class
nmod<obl<nsubj:pass> ...	2.0	0.421	taxongroup_topic	Reptile__class
nmod<xcomp< ...	2.0	0.416	taxongroup_topic	Reptile__class
nsubj<advcl>aux> ...	2.0	0.173	taxongroup_topic	Reptile__class
parataxis>obl> ...	2.0	0.792	taxongroup_topic	Reptile__class
nmod:poss<obl< ...	2.0	0.361	taxongroup_topic	Reptile__class
nmod:poss<case> ...	2.0	0.472	taxongroup_topic	Reptile__class
parataxis>obl>case> ...	2.0	0.313	taxongroup_topic	Reptile__class
compound<conj<det> the	2.0	0.323	taxongroup_topic	Reptile__class
obl<amod> ...	2.0	0.22	taxongroup_topic	Reptile__class
obl<det> ...	2.0	0.975	taxongroup_topic	Reptile__class
nsubj<advcl>conj> ...	2.0	0.248	taxongroup_topic	Reptile__class
appos<appos>nmod:poss> ...	2.0	0.257	taxongroup_topic	Reptile__class
conj<nsubj>nmod> ...	2.0	0.294	taxongroup_topic	Reptile__class
conj<nmod:poss> ...	2.0	0.553	taxongroup_topic	Reptile__class
conj<compound> sea	2.0	0.309	taxongroup_topic	Reptile__class
appos>compound> Crocodylus	2.0	0.63	taxongroup_topic	Reptile__class
obl<advcl>obj> ...	2.0	0.361	taxongroup_topic	Reptile__class
conj<conj>compound> sea	2.0	0.387	taxongroup_topic	Reptile__class
conj<conj> turtle	2.0	0.777	taxongroup_topic	Reptile__class
nsubj<acl>obl> ...	2.0	0.643	taxongroup_topic	Reptile__class
nsubj<nmod>compound> ...	2.0	0.276	taxongroup_topic	Reptile__class
nsubj<obl>amod> total	2.0	0.612	taxongroup_topic	Reptile__class
nsubj>compound> ...	2.0	0.589	taxongroup_topic	Reptile__class
compound> adult	2.0	0.598	taxongroup_topic	Reptile__class
nsubj<obl> species	2.0	0.56	taxongroup_topic	Reptile__class
compound< species	2.0	0.548	taxongroup_topic	Reptile__class
nsubj<amod> opportunistic	2.0	0.175	taxongroup_topic	Reptile__class
advmod> even	2.0	0.468	taxongroup_topic	Reptile__class
nmod<case> as	2.0	0.742	taxongroup_topic	Reptile__class
nmod>nmod:poss>case> ...	2.0	0.498	taxongroup_topic	Reptile__class
nmod<acl>obl> ...	2.0	0.229	taxongroup_topic	Reptile__class
nmod<acl> ...	2.0	0.524	taxongroup_topic	Reptile__class
obj<aux:pass> ...	2.0	0.374	taxongroup_topic	Reptile__class
obl<obj>amod> ...	2.0	0.51	taxongroup_topic	Reptile__class
appos<conj<flat> ...	2.0	0.525	taxongroup_topic	Reptile__class
nmod< animal	2.0	0.511	taxongroup_topic	Reptile__class
nsubj<conj>compound> sea	2.0	0.28	taxongroup_topic	Reptile__class
obj<acl:relcl<appos> ...	2.0	0.384	taxongroup_topic	Reptile__class
appos<amod> black	2.0	0.42	taxongroup_topic	Reptile__class
appos<cop> be	2.0	0.411	taxongroup_topic	Reptile__class
appos<nsubj>acl:relcl> attack	2.0	0.221	taxongroup_topic	Reptile__class
appos<nsubj> species	2.0	0.337	taxongroup_topic	Reptile__class
appos<nsubj>amod> other	2.0	0.361	taxongroup_topic	Reptile__class
nsubj<nmod>nmod> ...	2.0	0.371	taxongroup_topic	Reptile__class
nsubj<parataxis>cop> ...	2.0	0.448	taxongroup_topic	Reptile__class
obj<obl>nummod> ...	2.0	0.434	taxongroup_topic	Reptile__class
nsubj<parataxis>case> ...	2.0	0.327	taxongroup_topic	Reptile__class
acl>mark> to	2.0	0.461	taxongroup_topic	Reptile__class
appos>nmod> ...	2.0	0.416	taxongroup_topic	Reptile__class
nsubj<conj> tail	2.0	0.519	taxongroup_topic	Reptile__class
nsubj:pass<advcl>conj> ...	2.0	0.321	taxongroup_topic	Reptile__class
nsubj<conj>amod> long	2.0	0.617	taxongroup_topic	Reptile__class
nsubj<parataxis< ...	2.0	0.452	taxongroup_topic	Reptile__class
nsubj<parataxis<obl> ...	2.0	0.355	taxongroup_topic	Reptile__class
nsubj<parataxis<parataxis> ...	2.0	0.398	taxongroup_topic	Reptile__class
nsubj<obl>acl> ...	2.0	0.266	taxongroup_topic	Reptile__class
compound<case> in	2.0	0.229	taxongroup_topic	Reptile__class
obl<advmod<conj> ...	2.0	0.503	taxongroup_topic	Reptile__class
nmod<acl:relcl>aux> can	2.0	0.438	taxongroup_topic	Reptile__class
appos>nmod>case> ...	2.0	0.604	taxongroup_topic	Reptile__class
appos< caiman	2.0	0.455	taxongroup_topic	Reptile__class
obj<obl>amod> ...	2.0	0.312	taxongroup_topic	Reptile__class
appos<conj>amod> american	2.0	0.3	taxongroup_topic	Reptile__class
obl<conj<advmod> ...	2.0	0.435	taxongroup_topic	Reptile__class
nmod<nsubj<aux> would	2.0	0.526	taxongroup_topic	Reptile__class
obl<acl<amod> ...	2.0	0.222	taxongroup_topic	Reptile__class
conj<conj>conj> mindorensis	2.0	0.547	taxongroup_topic	Reptile__class
conj<conj>nmod:poss> Johnstone	2.0	0.446	taxongroup_topic	Reptile__class
obj<advmod> also	2.0	0.789	taxongroup_topic	Reptile__class
conj<conj>compound> freshwater	2.0	0.292	taxongroup_topic	Reptile__class
compound<conj<compound> guinea	2.0	0.263	taxongroup_topic	Reptile__class
nsubj<obl>nmod:poss> they	2.0	0.446	taxongroup_topic	Reptile__class
nsubj<acl:relcl>obj> ...	2.0	0.306	taxongroup_topic	Reptile__class
conj<appos> gharial	2.0	0.602	taxongroup_topic	Reptile__class
det> all	2.0	0.816	taxongroup_topic	Reptile__class
conj<conj>amod> american	2.0	0.423	taxongroup_topic	Reptile__class
conj<appos>amod> mugger	2.0	0.276	taxongroup_topic	Reptile__class
conj<appos>nmod:poss> Morelet	2.0	0.917	taxongroup_topic	Reptile__class
conj< caiman	2.0	0.587	taxongroup_topic	Reptile__class
conj<amod> black	2.0	0.759	taxongroup_topic	Reptile__class
conj<nsubj>acl:relcl> attack	2.0	0.473	taxongroup_topic	Reptile__class
conj<nsubj>amod> other	2.0	0.204	taxongroup_topic	Reptile__class
appos<conj>amod> freshwater	2.0	0.423	taxongroup_topic	Reptile__class
appos<appos> gharial	2.0	0.397	taxongroup_topic	Reptile__class
acl>obl>det> the	2.0	0.434	taxongroup_topic	Reptile__class
appos<flat> Crocodylus	2.0	0.475	taxongroup_topic	Reptile__class
nsubj< species	2.0	0.744	taxongroup_topic	Reptile__class
obl<conj<nsubj:pass> ...	2.0	0.19	taxongroup_topic	Reptile__class
conj>cop> be	2.0	0.181	taxongroup_topic	Reptile__class
obj<obl>det> ...	2.0	0.536	taxongroup_topic	Reptile__class
obj<acl<conj> ...	2.0	0.429	taxongroup_topic	Reptile__class
obj<conj<ccomp< ...	2.0	0.504	taxongroup_topic	Reptile__class
obj<conj<nsubj> ...	2.0	0.373	taxongroup_topic	Reptile__class
nmod<conj<mark> ...	2.0	0.235	taxongroup_topic	Reptile__class
conj<ccomp<nsubj> ...	2.0	0.164	taxongroup_topic	Reptile__class
conj<ccomp< ...	2.0	0.444	taxongroup_topic	Reptile__class
conj<nsubj>compound> ...	2.0	0.592	taxongroup_topic	Reptile__class
conj<obl>case> on	2.0	0.6	taxongroup_topic	Reptile__class
nmod<nsubj<parataxis> ...	2.0	0.219	taxongroup_topic	Reptile__class
nsubj:pass<parataxis> ...	2.0	0.41	taxongroup_topic	Reptile__class
conj<nsubj<nmod> Testudine	2.0	0.168	taxongroup_topic	Reptile__class
appos<nmod<nmod> ...	2.0	0.197	taxongroup_topic	Reptile__class
appos>det> a	2.0	0.395	taxongroup_topic	Reptile__class
list> lbf	2.0	0.702	taxongroup_topic	Reptile__class
obl<xcomp<conj< ...	2.0	0.202	taxongroup_topic	Reptile__class
obl<xcomp<cc> ...	2.0	0.357	taxongroup_topic	Reptile__class
obl<xcomp< ...	2.0	0.683	taxongroup_topic	Reptile__class
acl>obl>case> at	2.0	0.319	taxongroup_topic	Reptile__class
appos<nmod< ...	2.0	0.417	taxongroup_topic	Reptile__class
conj<nsubj:pass<aux:pass> ...	2.0	0.303	taxongroup_topic	Reptile__class
conj<nsubj:pass< ...	2.0	0.309	taxongroup_topic	Reptile__class
appos<nmod<acl:relcl> ...	2.0	0.504	taxongroup_topic	Reptile__class
nmod<nmod>case> from	2.0	0.345	taxongroup_topic	Reptile__class
obl<advmod<obl> ...	2.0	0.284	taxongroup_topic	Reptile__class
obl<advmod<advmod> ...	2.0	0.335	taxongroup_topic	Reptile__class
conj<nmod> mammal	2.0	0.5	taxongroup_topic	Reptile__class
obl<nsubj>compound> ...	2.0	0.26	taxongroup_topic	Reptile__class
obl<parataxis>nsubj> ...	2.0	0.129	taxongroup_topic	Reptile__class
obl<conj<aux:pass> ...	2.0	0.293	taxongroup_topic	Reptile__class
flat> ...	2.0	0.32	taxongroup_topic	Reptile__class
nmod<acl:relcl>aux> ...	2.0	0.375	taxongroup_topic	Reptile__class
amod> large	2.0	1.162	taxongroup_topic	Reptile__class
compound<compound<compound> ...	2.0	0.353	taxongroup_topic	Reptile__class
nsubj:pass<xcomp>obj> ...	2.0	0.523	taxongroup_topic	Reptile__class
obl<nsubj:pass> ...	2.0	0.545	taxongroup_topic	Reptile__class
advcl<nsubj<aux> ...	2.0	0.281	taxongroup_topic	Reptile__class
advmod>advmod> ...	2.0	0.404	taxongroup_topic	Reptile__class
conj>amod> other	2.0	0.294	taxongroup_topic	Reptile__class
conj>compound> Nile	2.0	0.379	taxongroup_topic	Reptile__class
compound<compound< ...	2.0	0.308	taxongroup_topic	Reptile__class
nmod<nsubj<det> a	2.0	0.339	taxongroup_topic	Reptile__class
nmod<nmod>case> with	2.0	0.291	taxongroup_topic	Reptile__class
nmod<nsubj>nmod> crocodile	2.0	0.376	taxongroup_topic	Reptile__class
nmod<acl>advmod> ...	2.0	0.24	taxongroup_topic	Reptile__class
obj<xcomp< ...	2.0	0.497	taxongroup_topic	Reptile__class
conj<nsubj>acl:relcl> ...	2.0	0.473	taxongroup_topic	Reptile__class
nmod<nmod<case> of	2.0	0.619	taxongroup_topic	Reptile__class
case>fixed> as	2.0	0.366	taxongroup_topic	Reptile__class
nmod<conj> species	2.0	0.261	taxongroup_topic	Reptile__class
appos> crocodile	2.0	0.5	taxongroup_topic	Reptile__class
nmod>case> at	2.0	1.014	taxongroup_topic	Reptile__class
conj>nmod>det> ...	2.0	0.308	taxongroup_topic	Reptile__class
conj<nsubj>advmod> ...	2.0	0.373	taxongroup_topic	Reptile__class
obl<nsubj>amod> american	2.0	0.405	taxongroup_topic	Reptile__class
appos>det> ...	2.0	0.335	taxongroup_topic	Reptile__class
amod>obl>case> ...	2.0	0.527	taxongroup_topic	Reptile__class
nmod<nmod<nsubj> ...	2.0	0.284	taxongroup_topic	Reptile__class
nmod<obj<obl> ...	2.0	0.515	taxongroup_topic	Reptile__class
flat<nmod> ...	2.0	0.184	taxongroup_topic	Reptile__class
appos> reptile	2.0	0.493	taxongroup_topic	Reptile__class
case>fixed> ...	2.0	0.366	taxongroup_topic	Reptile__class
conj<appos< ...	2.0	0.203	taxongroup_topic	Reptile__class
nsubj<parataxis>nsubj> ...	2.0	0.318	taxongroup_topic	Reptile__class
conj>obl>case> ...	2.0	0.307	taxongroup_topic	Reptile__class
nmod<nmod< species	2.0	0.39	taxongroup_topic	Reptile__class
obl<advcl>advcl> ...	2.0	0.349	taxongroup_topic	Reptile__class
nsubj<acl:relcl>nsubj> that	2.0	0.122	taxongroup_topic	Reptile__class
conj<nmod<nmod> ...	2.0	0.302	taxongroup_topic	Reptile__class
nsubj<amod>obl> ...	2.0	0.257	taxongroup_topic	Reptile__class
conj>nmod>case> of	2.0	0.686	taxongroup_topic	Reptile__class
amod>obl> ...	2.0	0.154	taxongroup_topic	Reptile__class
xcomp< ...	2.0	0.171	taxongroup_topic	Reptile__class
nmod>amod> ...	2.0	0.572	taxongroup_topic	Reptile__class
nsubj<obj> animal	2.0	0.204	taxongroup_topic	Reptile__class
acl>obj>compound> ...	2.0	0.217	taxongroup_topic	Reptile__class
conj<conj>amod> various	2.0	0.313	taxongroup_topic	Reptile__class
acl:relcl>obj>nmod> ...	2.0	0.409	taxongroup_topic	Reptile__class
acl>obl>compound> ...	2.0	0.164	taxongroup_topic	Reptile__class
conj<obj<nsubj> ...	2.0	0.288	taxongroup_topic	Reptile__class
compound<amod> american	2.0	0.461	taxongroup_topic	Reptile__class
conj<nmod>det> ...	2.0	0.161	taxongroup_topic	Reptile__class
obj<advcl> ...	2.0	0.432	taxongroup_topic	Reptile__class
nsubj<ccomp<advmod> ...	2.0	0.256	taxongroup_topic	Reptile__class
obj<advcl>advmod> ...	2.0	0.401	taxongroup_topic	Reptile__class
nsubj<conj>nsubj:pass> ...	2.0	0.367	taxongroup_topic	Reptile__class
nsubj<ccomp<conj> ...	2.0	0.511	taxongroup_topic	Reptile__class
xcomp<nsubj:pass>det> ...	2.0	0.406	taxongroup_topic	Reptile__class
nmod<case> for	2.0	0.728	taxongroup_topic	Reptile__class
xcomp<nsubj:pass> ...	2.0	0.595	taxongroup_topic	Reptile__class
appos<case> include	2.0	0.395	taxongroup_topic	Reptile__class
obj<conj<obl> ...	2.0	0.169	taxongroup_topic	Reptile__class
amod>advmod> most	2.0	0.616	taxongroup_topic	Reptile__class
xcomp<aux:pass> ...	2.0	0.566	taxongroup_topic	Reptile__class
obl<advcl>obl> ...	2.0	0.217	taxongroup_topic	Reptile__class
nmod<mark> to	2.0	0.28	taxongroup_topic	Reptile__class
nsubj>nummod> ...	2.0	0.397	taxongroup_topic	Reptile__class
obl<parataxis<parataxis> give	2.0	0.6	taxongroup_topic	Reptile__class
obj<parataxis>obl> vertebrate	2.0	0.364	taxongroup_topic	Reptile__class
advcl<advmod> ...	2.0	0.342	taxongroup_topic	Reptile__class
compound<conj<flat> ...	2.0	0.555	taxongroup_topic	Reptile__class
compound<conj<det> ...	2.0	0.28	taxongroup_topic	Reptile__class
compound<conj<case> ...	2.0	0.53	taxongroup_topic	Reptile__class
appos< word	2.0	0.575	taxongroup_topic	Reptile__class
advcl<nsubj> ...	2.0	0.618	taxongroup_topic	Reptile__class
nsubj<amod> smaller	2.0	0.305	taxongroup_topic	Reptile__class
obl<conj<aux:pass> be	2.0	0.293	taxongroup_topic	Reptile__class
nmod<conj<nsubj< ...	2.0	0.57	taxongroup_topic	Reptile__class
advcl<nsubj>det> ...	2.0	0.664	taxongroup_topic	Reptile__class
nsubj:pass<obj>det> ...	2.0	0.38	taxongroup_topic	Reptile__class
nmod<nmod>nmod> ...	2.0	0.184	taxongroup_topic	Reptile__class
obl<ccomp<obl> ...	2.0	0.213	taxongroup_topic	Reptile__class
compound<nmod<compound> ...	2.0	0.428	taxongroup_topic	Reptile__class
conj<nmod<obj< ...	2.0	0.421	taxongroup_topic	Reptile__class
nsubj:pass<conj<aux:pass> ...	2.0	0.481	taxongroup_topic	Reptile__class
nsubj:pass<conj<nsubj:pass> ...	2.0	0.505	taxongroup_topic	Reptile__class
advcl< ...	2.0	0.464	taxongroup_topic	Reptile__class
nmod<nsubj:pass<aux:pass> be	2.0	0.429	taxongroup_topic	Reptile__class
xcomp<nsubj:pass>det> the	2.0	0.406	taxongroup_topic	Reptile__class
nmod<nmod>compound> ...	2.0	0.404	taxongroup_topic	Reptile__class
nsubj:pass<aux> have	2.0	0.265	taxongroup_topic	Reptile__class
nmod<obl< find	2.0	0.345	taxongroup_topic	Reptile__class
conj< mammal	2.0	0.684	taxongroup_topic	Reptile__class
conj>cop> ...	2.0	0.181	taxongroup_topic	Reptile__class
nsubj<nmod>case> in	2.0	0.177	taxongroup_topic	Reptile__class
obl<cc> but	2.0	0.407	taxongroup_topic	Reptile__class
appos>appos> ...	2.0	0.344	taxongroup_topic	Reptile__class
conj<conj>appos> ...	2.0	0.607	taxongroup_topic	Reptile__class
conj>amod> african	2.0	0.329	taxongroup_topic	Reptile__class
conj>obl> ...	2.0	0.258	taxongroup_topic	Reptile__class
ccomp< ...	2.0	0.147	taxongroup_topic	Reptile__class
nsubj<advcl<obj> ...	2.0	0.416	taxongroup_topic	Reptile__class
xcomp<aux:pass> be	2.0	0.566	taxongroup_topic	Reptile__class
nsubj<obl>det> a	2.0	0.698	taxongroup_topic	Reptile__class
acl>obl>case> on	2.0	0.296	taxongroup_topic	Reptile__class
nmod<appos> ...	2.0	0.24	taxongroup_topic	Reptile__class
nsubj<parataxis>cop> be	2.0	0.448	taxongroup_topic	Reptile__class
nmod<nsubj<obl> reptile	2.0	0.388	taxongroup_topic	Reptile__class
acl> name	2.0	0.345	taxongroup_topic	Reptile__class
obj<aux:pass> be	2.0	0.374	taxongroup_topic	Reptile__class
nsubj<acl>obj> ...	2.0	0.259	taxongroup_topic	Reptile__class
nmod<amod> other	2.0	0.634	taxongroup_topic	Reptile__class
compound<nmod<nsubj< ...	2.0	0.484	taxongroup_topic	Reptile__class
nsubj<obj>amod> unique	2.0	0.4	taxongroup_topic	Reptile__class
acl>obj>conj> ...	2.0	0.47	taxongroup_topic	Reptile__class
advmod> only	2.0	0.47	taxongroup_topic	Reptile__class
conj<obl>nmod> ...	2.0	0.092	taxongroup_topic	Reptile__class
conj<advmod>advmod> ...	2.0	0.328	taxongroup_topic	Reptile__class
nmod<obl<acl:relcl< ...	2.0	0.221	taxongroup_topic	Reptile__class
nsubj<obj>acl:relcl> ...	2.0	0.487	taxongroup_topic	Reptile__class
obl<nsubj>amod> cuban	2.0	0.275	taxongroup_topic	Reptile__class
amod>obl:npmod> ...	2.0	0.261	taxongroup_topic	Reptile__class
nsubj<ccomp> ...	2.0	0.58	taxongroup_topic	Reptile__class
compound<nmod<case> ...	2.0	0.336	taxongroup_topic	Reptile__class
nmod<conj>amod> ...	2.0	0.18	taxongroup_topic	Reptile__class
nmod<conj>nmod> ...	2.0	0.418	taxongroup_topic	Reptile__class
conj>amod> large	2.0	0.35	taxongroup_topic	Reptile__class
obl<advcl<obl> egg	2.0	0.438	taxongroup_topic	Reptile__class
nmod<parataxis>obl> ...	2.0	0.378	taxongroup_topic	Reptile__class
compound< egg	2.0	0.503	taxongroup_topic	Reptile__class
conj<nmod>case> to	2.0	0.679	taxongroup_topic	Reptile__class
nmod<nsubj<nmod> crocodile	2.0	0.515	taxongroup_topic	Reptile__class
conj<case> in	2.0	0.466	taxongroup_topic	Reptile__class
conj<parataxis< ...	2.0	0.39	taxongroup_topic	Reptile__class
conj<conj>case> ...	2.0	0.27	taxongroup_topic	Reptile__class
nmod<nsubj:pass< ...	2.0	0.485	taxongroup_topic	Reptile__class
nmod>nmod:poss> ...	2.0	0.397	taxongroup_topic	Reptile__class
conj<list> ...	2.0	0.281	taxongroup_topic	Reptile__class
conj<advmod> as	2.0	0.525	taxongroup_topic	Reptile__class
obl<nmod>case> ...	2.0	0.21	taxongroup_topic	Reptile__class
obl<cc> and	2.0	0.31	taxongroup_topic	Reptile__class
obl<nmod> ...	2.0	0.227	taxongroup_topic	Reptile__class
nmod<nsubj:pass<obl> ...	2.0	0.369	taxongroup_topic	Reptile__class
conj<conj>cc> as	2.0	0.58	taxongroup_topic	Reptile__class
list>nummod> ...	2.0	0.458	taxongroup_topic	Reptile__class
list> ...	2.0	0.361	taxongroup_topic	Reptile__class
nmod<nsubj:pass<aux:pass> ...	2.0	0.429	taxongroup_topic	Reptile__class
conj<conj>compound> Nile	2.0	0.297	taxongroup_topic	Reptile__class
nummod> two	2.0	0.502	taxongroup_topic	Reptile__class
compound<nmod<det> a	2.0	0.47	taxongroup_topic	Reptile__class
nsubj> predator	2.0	0.423	taxongroup_topic	Reptile__class
advmod> especially	2.0	0.435	taxongroup_topic	Reptile__class
acl:relcl>obl>case> in	2.0	0.432	taxongroup_topic	Reptile__class
conj<parataxis<nsubj> ...	2.0	0.605	taxongroup_topic	Reptile__class
nsubj< live	2.0	0.798	taxongroup_topic	Reptile__class
conj<nmod>case> of	2.0	0.738	taxongroup_topic	Reptile__class
obl<parataxis<parataxis> ...	2.0	0.6	taxongroup_topic	Reptile__class
conj<obl<aux> ...	2.0	0.311	taxongroup_topic	Reptile__class
nsubj<conj> show	2.0	0.294	taxongroup_topic	Reptile__class
obj<mark> to	2.0	0.454	taxongroup_topic	Reptile__class
compound<conj<amod> ...	2.0	0.423	taxongroup_topic	Reptile__class
obl<advcl> keep	2.0	0.465	taxongroup_topic	Reptile__class
conj<obl< gallop	2.0	0.474	taxongroup_topic	Reptile__class
case> than	2.0	0.684	taxongroup_topic	Reptile__class
conj<obl<aux> can	2.0	0.257	taxongroup_topic	Reptile__class
appos<nsubj>acl:relcl> ...	2.0	0.221	taxongroup_topic	Reptile__class
appos<nsubj> ...	2.0	0.3	taxongroup_topic	Reptile__class
appos<nsubj>amod> ...	2.0	0.321	taxongroup_topic	Reptile__class
conj<compound> Nile	2.0	0.439	taxongroup_topic	Reptile__class
acl>mark> ...	2.0	0.551	taxongroup_topic	Reptile__class
nmod<nsubj<advcl> ...	2.0	0.27	taxongroup_topic	Reptile__class
nsubj<amod>advmod> ...	2.0	0.38	taxongroup_topic	Reptile__class
nsubj<conj>advmod> then	2.0	0.516	taxongroup_topic	Reptile__class
obj<acl<obl< ...	2.0	0.438	taxongroup_topic	Reptile__class
obj<acl<case> ...	2.0	0.564	taxongroup_topic	Reptile__class
conj<obl<nsubj> species	2.0	0.493	taxongroup_topic	Reptile__class
obj<acl<nmod> ...	2.0	0.619	taxongroup_topic	Reptile__class
obl<obl>amod> ...	2.0	0.245	taxongroup_topic	Reptile__class
nmod>nmod:poss>case> 's	2.0	0.498	taxongroup_topic	Reptile__class
nsubj<advcl> use	2.0	0.497	taxongroup_topic	Reptile__class
nsubj<conj>det> the	2.0	0.289	taxongroup_topic	Reptile__class
nmod<det> all	2.0	0.6	taxongroup_topic	Reptile__class
flat<nmod>case> ...	2.0	0.439	taxongroup_topic	Reptile__class
compound<conj<compound> ...	2.0	0.145	taxongroup_topic	Reptile__class
appos<cop> ...	2.0	0.411	taxongroup_topic	Reptile__class
conj<nsubj< reptile	2.0	0.4	taxongroup_topic	Reptile__class
nsubj<obl> other	2.0	0.432	taxongroup_topic	Reptile__class
nsubj:pass<advcl>nsubj> they	2.0	0.274	taxongroup_topic	Reptile__class
conj<conj> mammal	2.0	0.712	taxongroup_topic	Reptile__class
compound>amod> american	2.0	0.458	taxongroup_topic	Reptile__class
obl<advcl<advmod> ...	2.0	0.347	taxongroup_topic	Reptile__class
amod>conj> ...	2.0	0.198	taxongroup_topic	Reptile__class
amod>conj>cc> ...	2.0	0.476	taxongroup_topic	Reptile__class
conj<appos>compound> guinea	2.0	0.349	taxongroup_topic	Reptile__class
nsubj:pass<obl>case> in	2.0	0.463	taxongroup_topic	Reptile__class
compound<nsubj<obl> ...	2.0	0.447	taxongroup_topic	Reptile__class
conj<amod> cuban	2.0	0.874	taxongroup_topic	Reptile__class
nsubj<obl>det> each	2.0	0.735	taxongroup_topic	Reptile__class
conj<appos>nmod:poss> Johnston	2.0	0.862	taxongroup_topic	Reptile__class
obl<nsubj> which	2.0	0.929	taxongroup_topic	Reptile__class
conj<appos>amod> new	2.0	0.291	taxongroup_topic	Reptile__class
acl:relcl>nsubj> who	1.0	0.229	taxongroup_topic	Reptile__class
nsubj:pass<obl>case> during	1.0	0.583	taxongroup_topic	Reptile__class
obl<acl<cop> be	1.0	0.325	taxongroup_topic	Reptile__class
nsubj< become	1.0	0.707	taxongroup_topic	Reptile__class
appos<case> of	1.0	0.457	taxongroup_topic	Reptile__class
conj<obl<aux:pass> be	1.0	0.252	taxongroup_topic	Reptile__class
nsubj<aux> will	1.0	0.753	taxongroup_topic	Reptile__class
conj>aux:pass> be	1.0	0.453	taxongroup_topic	Reptile__class
acl:relcl> have	1.0	0.44	taxongroup_topic	Reptile__class
nsubj<conj< be	1.0	0.26	taxongroup_topic	Reptile__class
nmod<nsubj<mark> although	1.0	0.397	taxongroup_topic	Reptile__class
nsubj<acl>mark> to	1.0	0.527	taxongroup_topic	Reptile__class
nsubj<case> on	1.0	0.482	taxongroup_topic	Reptile__class
nsubj<conj>case> of	1.0	0.335	taxongroup_topic	Reptile__class
mark> to	1.0	0.387	taxongroup_topic	Reptile__class
nsubj<advcl>advmod> not	1.0	0.615	taxongroup_topic	Reptile__class
nsubj<advmod> ever	1.0	1.007	taxongroup_topic	Reptile__class
nsubj<advcl>nsubj> they	1.0	0.347	taxongroup_topic	Reptile__class
nsubj:pass<obl>amod> large	1.0	0.547	taxongroup_topic	Reptile__class
nsubj:pass<obl>case> of	1.0	0.511	taxongroup_topic	Reptile__class
nmod<nmod<nmod< that	1.0	0.361	taxongroup_topic	Reptile__class
nmod<obj<aux> may	1.0	0.288	taxongroup_topic	Reptile__class
nmod< type	1.0	0.451	taxongroup_topic	Reptile__class
obj<acl<det> a	1.0	0.35	taxongroup_topic	Reptile__class
obj<aux> have	1.0	0.359	taxongroup_topic	Reptile__class
obj< take	1.0	0.402	taxongroup_topic	Reptile__class
nsubj<nmod>case> with	1.0	0.235	taxongroup_topic	Reptile__class
nmod<nsubj<aux> may	1.0	0.484	taxongroup_topic	Reptile__class
acl>advmod> also	1.0	0.549	taxongroup_topic	Reptile__class
conj<conj> snake	1.0	0.782	taxongroup_topic	Reptile__class
conj<nmod<case> of	1.0	0.39	taxongroup_topic	Reptile__class
nsubj> which	1.0	0.408	taxongroup_topic	Reptile__class
acl>aux:pass> be	1.0	0.38	taxongroup_topic	Reptile__class
nsubj:pass<appos>det> the	1.0	0.617	taxongroup_topic	Reptile__class
nmod<amod> first	1.0	0.546	taxongroup_topic	Reptile__class
obl<conj<cop> be	1.0	0.359	taxongroup_topic	Reptile__class
obl<nsubj> it	1.0	0.862	taxongroup_topic	Reptile__class
obl<det> a	1.0	0.996	taxongroup_topic	Reptile__class
mark> as	1.0	0.399	taxongroup_topic	Reptile__class
nsubj> they	1.0	0.471	taxongroup_topic	Reptile__class
nsubj<conj> consider	1.0	0.209	taxongroup_topic	Reptile__class
nsubj< hunt	1.0	0.575	taxongroup_topic	Reptile__class
nsubj:pass<xcomp>cop> be	1.0	0.311	taxongroup_topic	Reptile__class
obj<advcl<obl> reptile	1.0	0.384	taxongroup_topic	Reptile__class
conj>det> a	1.0	0.344	taxongroup_topic	Reptile__class
conj>nmod> reptile	1.0	0.408	taxongroup_topic	Reptile__class
conj>nmod>det> the	1.0	0.35	taxongroup_topic	Reptile__class
nmod<nsubj<advmod> not	1.0	0.359	taxongroup_topic	Reptile__class
compound<cop> be	1.0	0.321	taxongroup_topic	Reptile__class
compound<amod> first	1.0	0.486	taxongroup_topic	Reptile__class
compound< fossil	1.0	0.558	taxongroup_topic	Reptile__class
appos>nmod>case> such	1.0	0.707	taxongroup_topic	Reptile__class
acl>conj>cc> and	1.0	0.377	taxongroup_topic	Reptile__class
acl>obl>case> as	1.0	0.211	taxongroup_topic	Reptile__class
obj<acl:relcl<acl> evolve	1.0	0.354	taxongroup_topic	Reptile__class
nsubj<conj>advmod> not	1.0	0.81	taxongroup_topic	Reptile__class
nsubj<conj>compound:prt> up	1.0	0.52	taxongroup_topic	Reptile__class
obj<acl:relcl<appos< Goodrich	1.0	0.414	taxongroup_topic	Reptile__class
obj<acl:relcl<cc:preconj> both	1.0	0.413	taxongroup_topic	Reptile__class
obj<acl:relcl< lineage	1.0	0.662	taxongroup_topic	Reptile__class
obj<acl:relcl<appos> Protosauria	1.0	0.442	taxongroup_topic	Reptile__class
conj<obl>case> with	1.0	0.504	taxongroup_topic	Reptile__class
cc> but	1.0	1.013	taxongroup_topic	Reptile__class
nsubj> it	1.0	0.431	taxongroup_topic	Reptile__class
obj<acl:relcl<appos> lizard	1.0	0.375	taxongroup_topic	Reptile__class
conj>case> in	1.0	0.713	taxongroup_topic	Reptile__class
conj>nmod>case> such	1.0	0.847	taxongroup_topic	Reptile__class
compound> marine	1.0	0.426	taxongroup_topic	Reptile__class
nsubj<advcl>mark> as	1.0	0.518	taxongroup_topic	Reptile__class
obj<obl>case> in	1.0	0.546	taxongroup_topic	Reptile__class
obj<obl> which	1.0	0.246	taxongroup_topic	Reptile__class
obj<nsubj> he	1.0	0.359	taxongroup_topic	Reptile__class
nmod>conj>cc> as	1.0	0.171	taxongroup_topic	Reptile__class
nsubj<advcl>mark> by	1.0	0.545	taxongroup_topic	Reptile__class
nsubj<aux> can	1.0	0.656	taxongroup_topic	Reptile__class
acl>obl> reptile	1.0	0.513	taxongroup_topic	Reptile__class
nmod<nsubj<mark> that	1.0	0.219	taxongroup_topic	Reptile__class
nsubj<ccomp< show	1.0	0.763	taxongroup_topic	Reptile__class
compound<nmod<case> to	1.0	0.357	taxongroup_topic	Reptile__class
nmod<conj< fishes	1.0	0.261	taxongroup_topic	Reptile__class
nmod<conj<conj> salamander	1.0	1.177	taxongroup_topic	Reptile__class
nmod<conj<conj> turtle	1.0	1.142	taxongroup_topic	Reptile__class
nmod<amod> several	1.0	0.614	taxongroup_topic	Reptile__class
nmod>conj> Mesadactylus	1.0	0.29	taxongroup_topic	Reptile__class
compound<conj< bird	1.0	0.279	taxongroup_topic	Reptile__class
nsubj<ccomp< indicate	1.0	0.727	taxongroup_topic	Reptile__class
nmod>amod> late	1.0	0.671	taxongroup_topic	Reptile__class
nsubj<aux> might	1.0	0.721	taxongroup_topic	Reptile__class
nsubj<advmod> actually	1.0	1.12	taxongroup_topic	Reptile__class
nsubj<xcomp>cop> be	1.0	0.307	taxongroup_topic	Reptile__class
nmod<conj<conj> frog	1.0	1.109	taxongroup_topic	Reptile__class
nmod<conj<amod> finn	1.0	0.539	taxongroup_topic	Reptile__class
nmod<conj<obj< include	1.0	0.534	taxongroup_topic	Reptile__class
compound<nmod<det> the	1.0	0.51	taxongroup_topic	Reptile__class
compound<det> a	1.0	0.78	taxongroup_topic	Reptile__class
nmod<obj<nsubj> it	1.0	0.335	taxongroup_topic	Reptile__class
nmod>case> than	1.0	1.145	taxongroup_topic	Reptile__class
conj<conj<parataxis< Sauropsids	1.0	0.211	taxongroup_topic	Reptile__class
conj<conj< reptile	1.0	0.503	taxongroup_topic	Reptile__class
conj<cc> and	1.0	0.385	taxongroup_topic	Reptile__class
conj<conj>compound> extinct	1.0	0.213	taxongroup_topic	Reptile__class
conj<conj>nummod> marine	1.0	0.296	taxongroup_topic	Reptile__class
obl<xcomp> ...	1.0	0.435	taxongroup_topic	Reptile__class
nsubj<nsubj>det> ...	1.0	0.581	taxongroup_topic	Reptile__class
nsubj<nsubj> ...	1.0	0.408	taxongroup_topic	Reptile__class
nsubj<obj>appos> ...	1.0	0.3	taxongroup_topic	Reptile__class
nsubj<conj>nmod:poss> ...	1.0	0.529	taxongroup_topic	Reptile__class
nsubj:pass<conj<aux> ...	1.0	0.563	taxongroup_topic	Reptile__class
nsubj:pass<mark> ...	1.0	0.232	taxongroup_topic	Reptile__class
obj<advcl>obl> ...	1.0	0.348	taxongroup_topic	Reptile__class
obj<nsubj:pass> ...	1.0	0.22	taxongroup_topic	Reptile__class
obj<appos>det> ...	1.0	0.248	taxongroup_topic	Reptile__class
obj<appos> ...	1.0	0.291	taxongroup_topic	Reptile__class
obj<nsubj>conj> ...	1.0	0.254	taxongroup_topic	Reptile__class
advcl<obl> ...	1.0	0.575	taxongroup_topic	Reptile__class
advmod>obl>case> ...	1.0	0.484	taxongroup_topic	Reptile__class
advmod>obl>det> ...	1.0	0.321	taxongroup_topic	Reptile__class
advmod>obl> ...	1.0	0.455	taxongroup_topic	Reptile__class
conj<advmod>mark> ...	1.0	0.329	taxongroup_topic	Reptile__class
nmod>case>fixed> ...	1.0	0.384	taxongroup_topic	Reptile__class
conj<obl<obj> ...	1.0	0.416	taxongroup_topic	Reptile__class
conj<obl<ccomp< ...	1.0	0.482	taxongroup_topic	Reptile__class
conj<conj>acl:relcl> ...	1.0	0.318	taxongroup_topic	Reptile__class
conj<nsubj<obj> ...	1.0	0.583	taxongroup_topic	Reptile__class
conj<nsubj<advcl> ...	1.0	0.475	taxongroup_topic	Reptile__class
parataxis>obl>det> ...	1.0	0.574	taxongroup_topic	Reptile__class
obl<acl<obj< ...	1.0	0.224	taxongroup_topic	Reptile__class
appos<appos< ...	1.0	0.728	taxongroup_topic	Reptile__class
nsubj<advcl>cop> ...	1.0	0.234	taxongroup_topic	Reptile__class
nsubj<advcl>det> ...	1.0	0.511	taxongroup_topic	Reptile__class
nsubj<obj>compound> ...	1.0	0.494	taxongroup_topic	Reptile__class
appos<acl:relcl>nsubj> ...	1.0	0.465	taxongroup_topic	Reptile__class
appos<acl:relcl>obl> ...	1.0	0.315	taxongroup_topic	Reptile__class
appos<acl:relcl> ...	1.0	0.373	taxongroup_topic	Reptile__class
appos<acl:relcl>obj> ...	1.0	0.328	taxongroup_topic	Reptile__class
obl<parataxis<nsubj> ...	1.0	0.421	taxongroup_topic	Reptile__class
obl<parataxis< ...	1.0	0.269	taxongroup_topic	Reptile__class
obl<parataxis<obj> ...	1.0	0.492	taxongroup_topic	Reptile__class
obl<parataxis>det> ...	1.0	0.342	taxongroup_topic	Reptile__class
obl<parataxis>amod> ...	1.0	0.569	taxongroup_topic	Reptile__class
nmod<obl<conj< ...	1.0	0.198	taxongroup_topic	Reptile__class
nmod<obl<cc> ...	1.0	0.292	taxongroup_topic	Reptile__class
nmod<obl<conj> ...	1.0	0.549	taxongroup_topic	Reptile__class
advcl<obl>amod> ...	1.0	0.306	taxongroup_topic	Reptile__class
advcl<obl>det> ...	1.0	0.453	taxongroup_topic	Reptile__class
advcl<obl>case> ...	1.0	0.623	taxongroup_topic	Reptile__class
appos<nsubj:pass< ...	1.0	0.137	taxongroup_topic	Reptile__class
conj<amod>advmod> ...	1.0	0.512	taxongroup_topic	Reptile__class
nsubj<advcl<mark> ...	1.0	0.497	taxongroup_topic	Reptile__class
nsubj<advcl<nsubj> ...	1.0	0.393	taxongroup_topic	Reptile__class
nsubj<advcl<cop> ...	1.0	0.395	taxongroup_topic	Reptile__class
nsubj<advcl<advmod> ...	1.0	0.451	taxongroup_topic	Reptile__class
amod>amod> ...	1.0	0.423	taxongroup_topic	Reptile__class
conj<nmod<compound> ...	1.0	0.431	taxongroup_topic	Reptile__class
obl<obj>nmod:poss> ...	1.0	0.689	taxongroup_topic	Reptile__class
obl<advcl>xcomp> ...	1.0	0.257	taxongroup_topic	Reptile__class
nsubj>nmod>case> ...	1.0	0.61	taxongroup_topic	Reptile__class
nsubj>nmod> ...	1.0	0.287	taxongroup_topic	Reptile__class
appos<nsubj:pass<aux:pass> ...	1.0	0.308	taxongroup_topic	Reptile__class
appos<nsubj:pass<advmod> ...	1.0	0.605	taxongroup_topic	Reptile__class
flat<amod> ...	1.0	0.289	taxongroup_topic	Reptile__class
flat< ...	1.0	0.306	taxongroup_topic	Reptile__class
flat<nmod>det> ...	1.0	0.192	taxongroup_topic	Reptile__class
nmod<nmod<conj< ...	1.0	0.483	taxongroup_topic	Reptile__class
acl:relcl>obj>conj> ...	1.0	0.32	taxongroup_topic	Reptile__class
conj<obj<acl:relcl< ...	1.0	0.302	taxongroup_topic	Reptile__class
nsubj<ccomp<nsubj:pass> ...	1.0	0.278	taxongroup_topic	Reptile__class
nsubj<ccomp<aux:pass> ...	1.0	0.411	taxongroup_topic	Reptile__class
nsubj<advmod>advmod> ...	1.0	0.259	taxongroup_topic	Reptile__class
xcomp<advmod> ...	1.0	0.281	taxongroup_topic	Reptile__class
obj<acl:relcl<nsubj> ...	1.0	0.458	taxongroup_topic	Reptile__class
obj<acl:relcl<cop> ...	1.0	0.621	taxongroup_topic	Reptile__class
obj<acl:relcl<det> ...	1.0	0.435	taxongroup_topic	Reptile__class
ccomp<acl:relcl< ...	1.0	0.284	taxongroup_topic	Reptile__class
nmod<appos< ...	1.0	0.353	taxongroup_topic	Reptile__class
nmod<conj>advmod> ...	1.0	0.501	taxongroup_topic	Reptile__class
conj<obl<cop> ...	1.0	0.532	taxongroup_topic	Reptile__class
conj<conj>nsubj:pass> ...	1.0	0.407	taxongroup_topic	Reptile__class
conj<conj>aux:pass> ...	1.0	0.343	taxongroup_topic	Reptile__class
conj<conj>obl> ...	1.0	0.528	taxongroup_topic	Reptile__class
conj<obl<advcl> ...	1.0	0.412	taxongroup_topic	Reptile__class
obj<acl<compound> ...	1.0	0.277	taxongroup_topic	Reptile__class
conj<nmod<conj< ...	1.0	0.43	taxongroup_topic	Reptile__class
parataxis<conj> ...	1.0	0.409	taxongroup_topic	Reptile__class
ccomp<aux:pass> ...	1.0	0.525	taxongroup_topic	Reptile__class
ccomp<obl>case> ...	1.0	0.37	taxongroup_topic	Reptile__class
ccomp<obl> ...	1.0	0.201	taxongroup_topic	Reptile__class
ccomp<nsubj> ...	1.0	0.35	taxongroup_topic	Reptile__class
ccomp<advmod> ...	1.0	0.251	taxongroup_topic	Reptile__class
ccomp<nsubj:pass> ...	1.0	0.383	taxongroup_topic	Reptile__class
nmod<nmod<obl< ...	1.0	0.447	taxongroup_topic	Reptile__class
parataxis<nsubj> ...	1.0	0.573	taxongroup_topic	Reptile__class
parataxis< ...	1.0	0.178	taxongroup_topic	Reptile__class
parataxis<obj>compound> ...	1.0	0.339	taxongroup_topic	Reptile__class
parataxis<obj> ...	1.0	0.179	taxongroup_topic	Reptile__class
parataxis<obj>nmod> ...	1.0	0.606	taxongroup_topic	Reptile__class
amod>obl:npmod>nummod> ...	1.0	0.44	taxongroup_topic	Reptile__class
nmod<case>fixed> ...	1.0	0.396	taxongroup_topic	Reptile__class
compound<nmod<obl< ...	1.0	0.285	taxongroup_topic	Reptile__class
nmod<obj<advcl> ...	1.0	0.421	taxongroup_topic	Reptile__class
nmod<obj<advmod> ...	1.0	0.228	taxongroup_topic	Reptile__class
conj<conj<parataxis< ...	1.0	0.219	taxongroup_topic	Reptile__class
conj<cc> ...	1.0	0.385	taxongroup_topic	Reptile__class
conj<conj>nummod> ...	1.0	0.532	taxongroup_topic	Reptile__class
nmod<conj<obj< ...	1.0	0.534	taxongroup_topic	Reptile__class
compound<conj<conj> ...	1.0	0.242	taxongroup_topic	Reptile__class
compound<conj<nsubj< ...	1.0	0.446	taxongroup_topic	Reptile__class
nsubj<xcomp>cop> ...	1.0	0.307	taxongroup_topic	Reptile__class
nmod>compound>compound> ...	1.0	0.161	taxongroup_topic	Reptile__class
nsubj<appos> ...	1.0	0.41	taxongroup_topic	Reptile__class
nsubj<conj>appos> ...	1.0	0.33	taxongroup_topic	Reptile__class
nsubj>appos> ...	1.0	0.217	taxongroup_topic	Reptile__class
conj>nsubj> ...	1.0	0.23	taxongroup_topic	Reptile__class
compound<acl>obl> ...	1.0	0.209	taxongroup_topic	Reptile__class
compound<nmod<amod> ...	1.0	0.331	taxongroup_topic	Reptile__class
compound<nmod<nmod< ...	1.0	0.322	taxongroup_topic	Reptile__class
acl:relcl< ...	1.0	0.464	taxongroup_topic	Reptile__class
acl>aux:pass> ...	1.0	0.38	taxongroup_topic	Reptile__class
acl>conj>cc> ...	1.0	0.377	taxongroup_topic	Reptile__class
acl>conj> ...	1.0	0.325	taxongroup_topic	Reptile__class
nmod<conj>compound> ...	1.0	0.605	taxongroup_topic	Reptile__class
compound<nmod<obj< ...	1.0	0.262	taxongroup_topic	Reptile__class
compound<nmod<conj> ...	1.0	0.167	taxongroup_topic	Reptile__class
nmod<nsubj<ccomp< ...	1.0	0.411	taxongroup_topic	Reptile__class
nsubj<acl<det> ...	1.0	0.305	taxongroup_topic	Reptile__class
nsubj<acl< ...	1.0	0.559	taxongroup_topic	Reptile__class
obj<obl>conj> ...	1.0	0.344	taxongroup_topic	Reptile__class
obj<advcl<advmod> ...	1.0	0.568	taxongroup_topic	Reptile__class
conj>appos>compound> ...	1.0	0.26	taxongroup_topic	Reptile__class
conj>appos> ...	1.0	0.149	taxongroup_topic	Reptile__class
conj<nsubj>nummod> ...	1.0	0.167	taxongroup_topic	Reptile__class
nsubj<parataxis>acl:relcl> ...	1.0	0.609	taxongroup_topic	Reptile__class
conj<obl<aux:pass> ...	1.0	0.282	taxongroup_topic	Reptile__class
conj<obl<obl> ...	1.0	0.361	taxongroup_topic	Reptile__class
nsubj<ccomp<advcl< ...	1.0	0.423	taxongroup_topic	Reptile__class
conj>aux:pass> ...	1.0	0.453	taxongroup_topic	Reptile__class
conj>obl>nmod:poss> ...	1.0	0.569	taxongroup_topic	Reptile__class
conj>obl>amod> ...	1.0	0.206	taxongroup_topic	Reptile__class
acl>xcomp> ...	1.0	0.245	taxongroup_topic	Reptile__class
obl<acl<nsubj> ...	1.0	0.184	taxongroup_topic	Reptile__class
obl<acl<cop> ...	1.0	0.325	taxongroup_topic	Reptile__class
obl<acl<nmod> ...	1.0	0.34	taxongroup_topic	Reptile__class
nsubj:pass<parataxis>obl> ...	1.0	0.405	taxongroup_topic	Reptile__class
nsubj<xcomp>obj> ...	1.0	0.494	taxongroup_topic	Reptile__class
nmod<nsubj:pass<advmod> ...	1.0	0.403	taxongroup_topic	Reptile__class
nmod<nsubj:pass<appos> ...	1.0	0.121	taxongroup_topic	Reptile__class
nsubj<conj>compound:prt> ...	1.0	0.52	taxongroup_topic	Reptile__class
obj<acl:relcl<appos< ...	1.0	0.407	taxongroup_topic	Reptile__class
obj<acl:relcl<cc:preconj> ...	1.0	0.413	taxongroup_topic	Reptile__class
obj<acl:relcl<acl> ...	1.0	0.354	taxongroup_topic	Reptile__class
nmod>conj>amod> ...	1.0	0.297	taxongroup_topic	Reptile__class
conj<obl>amod> ...	1.0	0.571	taxongroup_topic	Reptile__class
conj<appos>advmod> ...	1.0	0.418	taxongroup_topic	Reptile__class
conj<nsubj<conj> ...	1.0	0.46	taxongroup_topic	Reptile__class
nsubj<acl>mark> ...	1.0	0.527	taxongroup_topic	Reptile__class
nmod<nmod<compound> ...	1.0	0.462	taxongroup_topic	Reptile__class
conj<appos>nmod> ...	1.0	0.471	taxongroup_topic	Reptile__class
acl:relcl>aux> ...	1.0	0.385	taxongroup_topic	Reptile__class
nsubj<advmod>obl> ...	1.0	0.5	taxongroup_topic	Reptile__class
nsubj:pass<advcl>aux> ...	1.0	0.518	taxongroup_topic	Reptile__class
nsubj:pass<xcomp>cop> ...	1.0	0.311	taxongroup_topic	Reptile__class
nsubj:pass<xcomp>advmod> ...	1.0	0.738	taxongroup_topic	Reptile__class
nsubj:pass<xcomp>obl> ...	1.0	0.294	taxongroup_topic	Reptile__class
obj<advcl<obl> ...	1.0	0.366	taxongroup_topic	Reptile__class
obj<obj>nmod> ...	1.0	0.48	taxongroup_topic	Reptile__class
obl<conj<nsubj> ...	1.0	0.585	taxongroup_topic	Reptile__class
obl<conj<cop> ...	1.0	0.359	taxongroup_topic	Reptile__class
obl<nmod>amod> ...	1.0	0.386	taxongroup_topic	Reptile__class
obl<nmod>nmod> ...	1.0	0.321	taxongroup_topic	Reptile__class
obl<advmod< ...	1.0	0.455	taxongroup_topic	Reptile__class
obl<advmod<nsubj> ...	1.0	0.435	taxongroup_topic	Reptile__class
appos>flat> ...	1.0	0.206	taxongroup_topic	Reptile__class
acl:relcl>obj>det> ...	1.0	0.372	taxongroup_topic	Reptile__class
conj<obj<parataxis< ...	1.0	0.448	taxongroup_topic	Reptile__class
conj<cc:preconj> ...	1.0	0.341	taxongroup_topic	Reptile__class
obj<acl<appos> ...	1.0	0.433	taxongroup_topic	Reptile__class
conj>nummod> ...	1.0	0.383	taxongroup_topic	Reptile__class
nmod<obj<acl< ...	1.0	0.439	taxongroup_topic	Reptile__class
nmod<obj<xcomp> ...	1.0	0.36	taxongroup_topic	Reptile__class
nmod<nmod>amod> ...	1.0	0.452	taxongroup_topic	Reptile__class
nmod<appos>compound> ...	1.0	0.416	taxongroup_topic	Reptile__class
compound<nsubj> ...	1.0	0.309	taxongroup_topic	Reptile__class
obj<aux> ...	1.0	0.309	taxongroup_topic	Reptile__class
nmod<list< ...	1.0	0.182	taxongroup_topic	Reptile__class
nmod<obj<advcl< ...	1.0	0.246	taxongroup_topic	Reptile__class
nmod<obj<mark> ...	1.0	0.399	taxongroup_topic	Reptile__class
nmod<nmod:poss> ...	1.0	0.319	taxongroup_topic	Reptile__class
compound<compound> ...	1.0	0.266	taxongroup_topic	Reptile__class
obl<nsubj:pass>nummod> ...	1.0	0.38	taxongroup_topic	Reptile__class
obl<nsubj:pass>compound> ...	1.0	0.497	taxongroup_topic	Reptile__class
obl<nsubj:pass>acl> ...	1.0	0.442	taxongroup_topic	Reptile__class
obl<nsubj:pass>appos> ...	1.0	0.366	taxongroup_topic	Reptile__class
nsubj:pass<appos>det> ...	1.0	0.617	taxongroup_topic	Reptile__class
nsubj:pass<appos>amod> ...	1.0	0.485	taxongroup_topic	Reptile__class
nsubj:pass<appos> ...	1.0	0.386	taxongroup_topic	Reptile__class
conj<nmod<parataxis< ...	1.0	0.311	taxongroup_topic	Reptile__class
conj<nmod<amod> ...	1.0	0.479	taxongroup_topic	Reptile__class
conj<nmod<nmod< ...	1.0	0.358	taxongroup_topic	Reptile__class
conj<nmod<case> ...	1.0	0.445	taxongroup_topic	Reptile__class
nmod<advmod> ...	1.0	0.402	taxongroup_topic	Reptile__class
nmod<conj<nmod< ...	1.0	0.58	taxongroup_topic	Reptile__class
compound<nmod<acl> ...	1.0	0.454	taxongroup_topic	Reptile__class
compound<cop> ...	1.0	0.321	taxongroup_topic	Reptile__class
compound<acl>advmod> ...	1.0	0.459	taxongroup_topic	Reptile__class
compound<acl>mark> ...	1.0	0.293	taxongroup_topic	Reptile__class
conj<appos>appos> ...	1.0	0.291	taxongroup_topic	Reptile__class
appos>nmod>conj> ...	1.0	0.416	taxongroup_topic	Reptile__class
nsubj<ccomp>obj> ...	1.0	0.238	taxongroup_topic	Reptile__class
nmod<obj<aux> ...	1.0	0.297	taxongroup_topic	Reptile__class
nmod<obj<parataxis> ...	1.0	0.279	taxongroup_topic	Reptile__class
obj<acl<amod> ...	1.0	0.204	taxongroup_topic	Reptile__class
nmod<nmod>conj> ...	1.0	0.164	taxongroup_topic	Reptile__class
nmod:poss<nsubj< ...	1.0	0.367	taxongroup_topic	Reptile__class
nmod:poss<nsubj<obj> ...	1.0	0.35	taxongroup_topic	Reptile__class
nmod:poss<nsubj<obl> ...	1.0	0.425	taxongroup_topic	Reptile__class
flat<det> ...	1.0	0.296	taxongroup_topic	Reptile__class
nsubj<advcl>nsubj:pass> ...	1.0	0.599	taxongroup_topic	Reptile__class
nmod<nsubj:pass<aux> ...	1.0	0.216	taxongroup_topic	Reptile__class
nmod<nsubj:pass<conj> ...	1.0	0.519	taxongroup_topic	Reptile__class
nmod<nsubj<expl> ...	1.0	0.333	taxongroup_topic	Reptile__class
acl>obl>nmod> ...	1.0	0.184	taxongroup_topic	Reptile__class
obl<amod<acl:relcl< ...	1.0	0.289	taxongroup_topic	Reptile__class
obl<amod<advmod> ...	1.0	0.365	taxongroup_topic	Reptile__class
obl<amod<det> ...	1.0	0.218	taxongroup_topic	Reptile__class
obl<amod<compound> ...	1.0	0.425	taxongroup_topic	Reptile__class
obl<amod< ...	1.0	0.333	taxongroup_topic	Reptile__class
nsubj:pass<conj<obj> ...	1.0	0.373	taxongroup_topic	Reptile__class
parataxis>obj>det> ...	1.0	0.506	taxongroup_topic	Reptile__class
parataxis>obj>amod> ...	1.0	0.269	taxongroup_topic	Reptile__class
parataxis>obj>compound> ...	1.0	0.255	taxongroup_topic	Reptile__class
parataxis>obj> ...	1.0	0.308	taxongroup_topic	Reptile__class
parataxis>conj>cc> ...	1.0	0.479	taxongroup_topic	Reptile__class
parataxis>conj>cop> ...	1.0	0.395	taxongroup_topic	Reptile__class
parataxis>conj>amod> ...	1.0	0.562	taxongroup_topic	Reptile__class
nsubj<advcl>aux:pass> ...	1.0	0.333	taxongroup_topic	Reptile__class
nmod>nmod> ...	1.0	0.462	taxongroup_topic	Reptile__class
obl<nsubj>appos> ...	1.0	0.441	taxongroup_topic	Reptile__class
nmod>nmod>case> ...	1.0	0.496	taxongroup_topic	Reptile__class
obl<advcl>nsubj:pass> ...	1.0	0.346	taxongroup_topic	Reptile__class
obl<advcl>aux:pass> ...	1.0	0.397	taxongroup_topic	Reptile__class
obl<advcl>advmod> ...	1.0	0.809	taxongroup_topic	Reptile__class
conj<appos<obl< ...	1.0	0.419	taxongroup_topic	Reptile__class
conj<appos<case> ...	1.0	0.482	taxongroup_topic	Reptile__class
conj<appos<det> ...	1.0	0.45	taxongroup_topic	Reptile__class
conj<appos<amod> ...	1.0	0.565	taxongroup_topic	Reptile__class
conj<parataxis> ...	1.0	0.446	taxongroup_topic	Reptile__class
nmod>amod>advmod> ...	1.0	0.186	taxongroup_topic	Reptile__class
obj<cc> ...	1.0	0.626	taxongroup_topic	Reptile__class
obj<conj<xcomp> ...	1.0	0.184	taxongroup_topic	Reptile__class
obj<conj<advmod> ...	1.0	0.26	taxongroup_topic	Reptile__class
obl<obl>acl> ...	1.0	0.342	taxongroup_topic	Reptile__class
parataxis>conj> ...	1.0	0.36	taxongroup_topic	Reptile__class
obl<xcomp>mark> ...	1.0	0.268	taxongroup_topic	Reptile__class
obl<advcl<compound:prt> ...	1.0	0.455	taxongroup_topic	Reptile__class
obl<advcl<conj> ...	1.0	0.384	taxongroup_topic	Reptile__class
nsubj<nmod:poss> ...	1.0	0.301	taxongroup_topic	Reptile__class
obl<ccomp<nsubj> ...	1.0	0.346	taxongroup_topic	Reptile__class
obl<ccomp< ...	1.0	0.335	taxongroup_topic	Reptile__class
obl<conj>cc> ...	1.0	0.41	taxongroup_topic	Reptile__class
obl<conj> ...	1.0	0.321	taxongroup_topic	Reptile__class
obl<advmod>advmod> ...	1.0	0.479	taxongroup_topic	Reptile__class
nmod<conj<obl> ...	1.0	0.499	taxongroup_topic	Reptile__class
compound<nmod:poss> ...	1.0	0.145	taxongroup_topic	Reptile__class
compound<nmod:poss>case> ...	1.0	0.144	taxongroup_topic	Reptile__class
compound<nsubj<aux> ...	1.0	0.242	taxongroup_topic	Reptile__class
compound<nsubj< ...	1.0	0.5	taxongroup_topic	Reptile__class
compound<nsubj<advcl> ...	1.0	0.586	taxongroup_topic	Reptile__class
obl<advcl<mark> ...	1.0	0.266	taxongroup_topic	Reptile__class
obl<advcl<xcomp< ...	1.0	0.228	taxongroup_topic	Reptile__class
nsubj<obl>conj> ...	1.0	0.391	taxongroup_topic	Reptile__class
compound<obl<nsubj> ...	1.0	0.465	taxongroup_topic	Reptile__class
compound<obl<cop> ...	1.0	0.385	taxongroup_topic	Reptile__class
compound<obl<obl> ...	1.0	0.398	taxongroup_topic	Reptile__class
compound<conj<obl< ...	1.0	0.231	taxongroup_topic	Reptile__class
compound<obl<xcomp< ...	1.0	0.415	taxongroup_topic	Reptile__class
compound<obl<mark> ...	1.0	0.338	taxongroup_topic	Reptile__class
compound<obl<conj> ...	1.0	0.364	taxongroup_topic	Reptile__class
nsubj<advcl<case> ...	1.0	0.622	taxongroup_topic	Reptile__class
compound<nmod>nmod> ...	1.0	0.35	taxongroup_topic	Reptile__class
nsubj<advcl<det> ...	1.0	0.265	taxongroup_topic	Reptile__class
compound<obj<mark> ...	1.0	0.5	taxongroup_topic	Reptile__class
compound<obj< ...	1.0	0.504	taxongroup_topic	Reptile__class
compound<nmod>case> ...	1.0	0.376	taxongroup_topic	Reptile__class
compound<nmod> ...	1.0	0.368	taxongroup_topic	Reptile__class
obl<obl>compound> ...	1.0	0.164	taxongroup_topic	Reptile__class
compound<nmod<cop> ...	1.0	0.248	taxongroup_topic	Reptile__class
nsubj>acl>obj> ...	1.0	0.378	taxongroup_topic	Reptile__class
conj>nmod>acl> ...	1.0	0.575	taxongroup_topic	Reptile__class
conj>aux> ...	1.0	0.532	taxongroup_topic	Reptile__class
conj>conj>cc> ...	1.0	0.485	taxongroup_topic	Reptile__class
conj>conj>nummod> ...	1.0	0.524	taxongroup_topic	Reptile__class
conj>conj> ...	1.0	0.267	taxongroup_topic	Reptile__class
conj<mark> ...	1.0	0.595	taxongroup_topic	Reptile__class
nmod<obj<acl:relcl< ...	1.0	0.406	taxongroup_topic	Reptile__class
nmod:poss>compound> ...	1.0	0.567	taxongroup_topic	Reptile__class
nsubj<acl:relcl>cop> ...	1.0	0.562	taxongroup_topic	Reptile__class
obl<conj<aux> ...	1.0	0.302	taxongroup_topic	Reptile__class
obl<advcl<nsubj:pass> ...	1.0	0.402	taxongroup_topic	Reptile__class
obl<advcl<aux:pass> ...	1.0	0.32	taxongroup_topic	Reptile__class
obl<advcl>amod> ...	1.0	0.479	taxongroup_topic	Reptile__class
conj>amod>obl:npmod> ...	1.0	0.349	taxongroup_topic	Reptile__class
conj>nmod>amod> ...	1.0	0.498	taxongroup_topic	Reptile__class
nsubj>acl> ...	1.0	0.189	taxongroup_topic	Reptile__class
nsubj<advcl<nsubj:pass> ...	1.0	0.569	taxongroup_topic	Reptile__class
nsubj<advcl<aux> ...	1.0	0.31	taxongroup_topic	Reptile__class
nsubj<advcl<aux:pass> ...	1.0	0.557	taxongroup_topic	Reptile__class
nsubj<advcl<conj> ...	1.0	0.363	taxongroup_topic	Reptile__class
nsubj<advcl<advcl> ...	1.0	0.369	taxongroup_topic	Reptile__class
conj<nsubj<mark> ...	1.0	0.557	taxongroup_topic	Reptile__class
compound<compound<conj< ...	1.0	0.202	taxongroup_topic	Reptile__class
compound<compound<det> ...	1.0	0.675	taxongroup_topic	Reptile__class
nmod<conj<nsubj> ...	1.0	0.548	taxongroup_topic	Reptile__class
nmod<conj<advmod> ...	1.0	0.534	taxongroup_topic	Reptile__class
nmod<conj<cop> ...	1.0	0.391	taxongroup_topic	Reptile__class
nmod<compound>compound> ...	1.0	0.319	taxongroup_topic	Reptile__class
nsubj>nmod:poss> ...	1.0	0.151	taxongroup_topic	Reptile__class
conj<obj> ...	1.0	0.418	taxongroup_topic	Reptile__class
conj<obj>conj> ...	1.0	0.227	taxongroup_topic	Reptile__class
appos<nsubj<advmod> ...	1.0	0.305	taxongroup_topic	Reptile__class
nmod<conj>obj> ...	1.0	0.327	taxongroup_topic	Reptile__class
nsubj<nsubj< ...	1.0	0.219	taxongroup_topic	Reptile__class
nsubj:pass<obj>amod> ...	1.0	0.28	taxongroup_topic	Reptile__class
compound<conj<nmod< ...	1.0	0.478	taxongroup_topic	Reptile__class
nmod:poss>conj> ...	1.0	0.349	taxongroup_topic	Reptile__class
compound<appos>compound> ...	1.0	0.318	taxongroup_topic	Reptile__class
compound<appos> ...	1.0	0.528	taxongroup_topic	Reptile__class
obj<advcl>mark> ...	1.0	0.26	taxongroup_topic	Reptile__class
nmod<nsubj>amod> ...	1.0	0.197	taxongroup_topic	Reptile__class
nmod<aux> ...	1.0	0.369	taxongroup_topic	Reptile__class
compound<conj<obj< ...	1.0	0.376	taxongroup_topic	Reptile__class
obj<advcl>nsubj> ...	1.0	0.471	taxongroup_topic	Reptile__class
parataxis>nsubj> ...	1.0	0.352	taxongroup_topic	Reptile__class
obj<advcl>conj> ...	1.0	0.178	taxongroup_topic	Reptile__class
nmod<nsubj<nsubj> ...	1.0	0.325	taxongroup_topic	Reptile__class
nsubj<parataxis>obl> ...	1.0	0.582	taxongroup_topic	Reptile__class
compound<nmod<nsubj> ...	1.0	0.338	taxongroup_topic	Reptile__class
obl<acl:relcl<obl< ...	1.0	0.29	taxongroup_topic	Reptile__class
obl<acl:relcl<det> ...	1.0	0.57	taxongroup_topic	Reptile__class
obl<acl:relcl<compound> ...	1.0	0.469	taxongroup_topic	Reptile__class
nmod<obl<aux> ...	1.0	0.521	taxongroup_topic	Reptile__class
nmod<nsubj>compound> ...	1.0	0.431	taxongroup_topic	Reptile__class
appos<obl<nsubj> ...	1.0	0.137	taxongroup_topic	Reptile__class
appos<obl<aux> ...	1.0	0.691	taxongroup_topic	Reptile__class
appos<obl< ...	1.0	0.266	taxongroup_topic	Reptile__class
appos<conj>advmod> ...	1.0	0.365	taxongroup_topic	Reptile__class
appos<conj>compound> ...	1.0	0.38	taxongroup_topic	Reptile__class
nsubj<ccomp<obl> ...	1.0	0.161	taxongroup_topic	Reptile__class
obj<xcomp<nsubj> ...	1.0	0.269	taxongroup_topic	Reptile__class
acl:relcl>nsubj:pass> ...	1.0	0.298	taxongroup_topic	Reptile__class
acl:relcl>aux:pass> ...	1.0	0.22	taxongroup_topic	Reptile__class
nmod<nsubj<nummod> ...	1.0	0.273	taxongroup_topic	Reptile__class
obl<xcomp<aux:pass> ...	1.0	0.347	taxongroup_topic	Reptile__class
obl<obj>det> ...	1.0	0.292	taxongroup_topic	Reptile__class
obl<obj>compound> ...	1.0	0.411	taxongroup_topic	Reptile__class
conj<appos<flat> ...	1.0	0.436	taxongroup_topic	Reptile__class
conj<appos<compound> ...	1.0	0.239	taxongroup_topic	Reptile__class
appos<parataxis> ...	1.0	0.513	taxongroup_topic	Reptile__class
obj<ccomp<nsubj> ...	1.0	0.295	taxongroup_topic	Reptile__class
obj<ccomp< ...	1.0	0.31	taxongroup_topic	Reptile__class
conj<compound<conj< ...	1.0	0.304	taxongroup_topic	Reptile__class
conj<compound<cc> ...	1.0	0.286	taxongroup_topic	Reptile__class
conj<nmod:poss>case> ...	1.0	0.483	taxongroup_topic	Reptile__class
conj<compound< ...	1.0	0.43	taxongroup_topic	Reptile__class
conj<appos<conj< ...	1.0	0.285	taxongroup_topic	Reptile__class
conj<appos<cc> ...	1.0	0.38	taxongroup_topic	Reptile__class
obl<obj>nummod> ...	1.0	0.25	taxongroup_topic	Reptile__class
obl<obj>appos> ...	1.0	0.512	taxongroup_topic	Reptile__class
acl>obl>nummod> ...	1.0	0.299	taxongroup_topic	Reptile__class
nmod:poss<conj>compound> ...	1.0	0.272	taxongroup_topic	Reptile__class
nmod:poss<conj> ...	1.0	0.441	taxongroup_topic	Reptile__class
nmod<conj<nmod> ...	1.0	0.172	taxongroup_topic	Reptile__class
conj<conj<det> ...	1.0	0.148	taxongroup_topic	Reptile__class
conj<conj<compound> ...	1.0	0.408	taxongroup_topic	Reptile__class
conj<conj<nmod> ...	1.0	0.538	taxongroup_topic	Reptile__class
conj<conj<conj> ...	1.0	0.385	taxongroup_topic	Reptile__class
obj<xcomp<acl:relcl< ...	1.0	0.438	taxongroup_topic	Reptile__class
obj<xcomp<obl> ...	1.0	0.277	taxongroup_topic	Reptile__class
obj<xcomp<nsubj:pass> ...	1.0	0.568	taxongroup_topic	Reptile__class
obj<xcomp<aux:pass> ...	1.0	0.522	taxongroup_topic	Reptile__class
nmod<nsubj<conj> ...	1.0	0.371	taxongroup_topic	Reptile__class
conj<obl<acl< ...	1.0	0.414	taxongroup_topic	Reptile__class
nmod:poss<conj>cc> ...	1.0	0.262	taxongroup_topic	Reptile__class
nmod:poss<obj< ...	1.0	0.295	taxongroup_topic	Reptile__class
nmod:poss<obj<nsubj> ...	1.0	0.478	taxongroup_topic	Reptile__class
compound<obl<acl< ...	1.0	0.28	taxongroup_topic	Reptile__class
compound>case> ...	1.0	0.449	taxongroup_topic	Reptile__class
compound>det> ...	1.0	0.636	taxongroup_topic	Reptile__class
conj<parataxis<aux> ...	1.0	0.312	taxongroup_topic	Reptile__class
nmod:poss<obj<acl:relcl< ...	1.0	0.297	taxongroup_topic	Reptile__class
cc:preconj> ...	1.0	0.479	taxongroup_topic	Reptile__class
nmod<conj>case> ...	1.0	0.323	taxongroup_topic	Reptile__class
nmod<parataxis>nsubj> ...	1.0	0.233	taxongroup_topic	Reptile__class
nsubj<obj>conj> ...	1.0	1.003	taxongroup_topic	Reptile__class
appos<list> ...	1.0	0.315	taxongroup_topic	Reptile__class
appos<obj<nsubj> ...	1.0	0.331	taxongroup_topic	Reptile__class
appos<obj< ...	1.0	0.353	taxongroup_topic	Reptile__class
appos<nsubj<cop> ...	1.0	0.31	taxongroup_topic	Reptile__class
nmod<acl:relcl>advmod> ...	1.0	0.809	taxongroup_topic	Reptile__class
nmod<acl:relcl>obj> ...	1.0	0.725	taxongroup_topic	Reptile__class
nsubj<nmod>nummod> ...	1.0	0.152	taxongroup_topic	Reptile__class
nsubj<parataxis>advmod> ...	1.0	0.783	taxongroup_topic	Reptile__class
nsubj<parataxis<nsubj> ...	1.0	0.285	taxongroup_topic	Reptile__class
nsubj<parataxis<cop> ...	1.0	0.426	taxongroup_topic	Reptile__class
nsubj<xcomp>amod> ...	1.0	0.441	taxongroup_topic	Reptile__class
acl:relcl>advmod> ...	1.0	0.312	taxongroup_topic	Reptile__class
acl:relcl>obl>det> ...	1.0	0.173	taxongroup_topic	Reptile__class
appos<list>compound> ...	1.0	0.441	taxongroup_topic	Reptile__class
appos<appos>amod> ...	1.0	0.198	taxongroup_topic	Reptile__class
obj<acl:relcl<amod> ...	1.0	0.204	taxongroup_topic	Reptile__class
nmod<nmod<nsubj< ...	1.0	0.416	taxongroup_topic	Reptile__class
nmod<nmod<mark> ...	1.0	0.358	taxongroup_topic	Reptile__class
nsubj<conj<nsubj> ...	1.0	0.467	taxongroup_topic	Reptile__class
nsubj<conj<obj> ...	1.0	0.284	taxongroup_topic	Reptile__class
acl:relcl>obl>amod> ...	1.0	0.237	taxongroup_topic	Reptile__class
nmod<nmod<parataxis> ...	1.0	0.55	taxongroup_topic	Reptile__class
obl<parataxis>obl> ...	1.0	0.328	taxongroup_topic	Reptile__class
appos<nsubj:pass> ...	1.0	0.372	taxongroup_topic	Reptile__class
appos<aux:pass> ...	1.0	0.474	taxongroup_topic	Reptile__class
appos<obl>case> ...	1.0	0.349	taxongroup_topic	Reptile__class
appos<obl>det> ...	1.0	0.437	taxongroup_topic	Reptile__class
appos<obl>amod> ...	1.0	0.418	taxongroup_topic	Reptile__class
appos<obl> ...	1.0	0.258	taxongroup_topic	Reptile__class
conj>nmod>nmod:poss> ...	1.0	0.325	taxongroup_topic	Reptile__class
nmod<obl<acl< ...	1.0	0.41	taxongroup_topic	Reptile__class
conj<nsubj<compound> ...	1.0	0.404	taxongroup_topic	Reptile__class
obl<acl:relcl<nmod< ...	1.0	0.446	taxongroup_topic	Reptile__class
obl<parataxis>cop> ...	1.0	0.286	taxongroup_topic	Reptile__class
nmod<obl<ccomp< ...	1.0	0.448	taxongroup_topic	Reptile__class
nmod<obl<mark> ...	1.0	0.292	taxongroup_topic	Reptile__class
nsubj:pass<obl>flat> ...	1.0	0.351	taxongroup_topic	Reptile__class
nsubj:pass<xcomp>advcl> ...	1.0	0.247	taxongroup_topic	Reptile__class
nsubj:pass<parataxis>nsubj:pass> ...	1.0	0.489	taxongroup_topic	Reptile__class
nsubj:pass<parataxis>aux:pass> ...	1.0	0.388	taxongroup_topic	Reptile__class
conj<obj<conj< ...	1.0	0.113	taxongroup_topic	Reptile__class
conj>nmod:poss> ...	1.0	0.43	taxongroup_topic	Reptile__class
obl<xcomp<obj> ...	1.0	0.577	taxongroup_topic	Reptile__class
conj<nsubj:pass<advmod> ...	1.0	0.425	taxongroup_topic	Reptile__class
conj<nsubj:pass<conj> ...	1.0	0.287	taxongroup_topic	Reptile__class
nmod< one	1.0	0.498	taxongroup_topic	Reptile__class
obl<advmod> sometimes	1.0	0.5	taxongroup_topic	Reptile__class
nsubj<advmod> sometimes	1.0	1.07	taxongroup_topic	Reptile__class
appos>appos> size	1.0	0.458	taxongroup_topic	Reptile__class
obj<nsubj> that	1.0	0.347	taxongroup_topic	Reptile__class
nsubj<obl>nmod> crocodile	1.0	0.522	taxongroup_topic	Reptile__class
nsubj<advcl>mark> while	1.0	0.648	taxongroup_topic	Reptile__class
nsubj<advcl>nsubj> alligator	1.0	0.212	taxongroup_topic	Reptile__class
nmod> environment	1.0	0.601	taxongroup_topic	Reptile__class
nsubj<aux> would	1.0	0.703	taxongroup_topic	Reptile__class
nsubj<obl>case> due	1.0	0.777	taxongroup_topic	Reptile__class
compound>compound> New	1.0	0.512	taxongroup_topic	Reptile__class
appos<nsubj< find	1.0	0.405	taxongroup_topic	Reptile__class
det> this	1.0	0.583	taxongroup_topic	Reptile__class
nmod<nmod<mark> to	1.0	0.358	taxongroup_topic	Reptile__class
nmod<obl<nsubj> crocodile	1.0	0.438	taxongroup_topic	Reptile__class
nsubj<conj<nsubj> crocodile	1.0	0.554	taxongroup_topic	Reptile__class
appos>conj> habitat	1.0	0.297	taxongroup_topic	Reptile__class
nsubj:pass<obl>case> because	1.0	0.562	taxongroup_topic	Reptile__class
obl<conj>cc> and	1.0	0.473	taxongroup_topic	Reptile__class
amod>obl>case> in	1.0	0.479	taxongroup_topic	Reptile__class
obl<advcl<mark> to	1.0	0.284	taxongroup_topic	Reptile__class
obj<obl>det> a	1.0	0.549	taxongroup_topic	Reptile__class
obj<obl> species	1.0	0.357	taxongroup_topic	Reptile__class
obl<mark> although	1.0	0.596	taxongroup_topic	Reptile__class
nsubj<obl>det> this	1.0	0.539	taxongroup_topic	Reptile__class
nsubj<obl> stage	1.0	0.667	taxongroup_topic	Reptile__class
compound<nmod<nsubj> crocodile	1.0	0.315	taxongroup_topic	Reptile__class
compound<nmod<cop> be	1.0	0.248	taxongroup_topic	Reptile__class
compound<nmod< one	1.0	0.414	taxongroup_topic	Reptile__class
obl<obl>case> of	1.0	0.416	taxongroup_topic	Reptile__class
nsubj<obl> length	1.0	0.923	taxongroup_topic	Reptile__class
nsubj<obl>case> from	1.0	0.987	taxongroup_topic	Reptile__class
nsubj<obl>appos> ft	1.0	0.494	taxongroup_topic	Reptile__class
compound<det> some	1.0	0.739	taxongroup_topic	Reptile__class
compound<nmod:poss>case> 's	1.0	0.144	taxongroup_topic	Reptile__class
nsubj<obl>amod> large	1.0	0.552	taxongroup_topic	Reptile__class
nsubj:pass<obl>case> as	1.0	0.514	taxongroup_topic	Reptile__class
nsubj:pass<parataxis>aux:pass> be	1.0	0.388	taxongroup_topic	Reptile__class
nmod:poss> Kemp	1.0	0.272	taxongroup_topic	Reptile__class
compound>compound> ridley	1.0	0.427	taxongroup_topic	Reptile__class
obl< belong	1.0	0.603	taxongroup_topic	Reptile__class
nsubj:pass<advcl>mark> when	1.0	0.534	taxongroup_topic	Reptile__class
nsubj:pass<advcl> make	1.0	0.686	taxongroup_topic	Reptile__class
obl<acl:relcl<case> of	1.0	0.243	taxongroup_topic	Reptile__class
obl< feed	1.0	0.882	taxongroup_topic	Reptile__class
conj<nsubj<compound> example	1.0	0.404	taxongroup_topic	Reptile__class
conj<nsubj< member	1.0	0.309	taxongroup_topic	Reptile__class
conj<nsubj<nmod> family	1.0	0.182	taxongroup_topic	Reptile__class
nsubj<aux> have	1.0	0.748	taxongroup_topic	Reptile__class
conj>compound> sea	1.0	0.44	taxongroup_topic	Reptile__class
conj<nsubj:pass<aux:pass> be	1.0	0.274	taxongroup_topic	Reptile__class
nsubj<cc> and	1.0	0.345	taxongroup_topic	Reptile__class
appos<case> to	1.0	0.493	taxongroup_topic	Reptile__class
compound>amod> eastern	1.0	0.465	taxongroup_topic	Reptile__class
compound> box	1.0	0.549	taxongroup_topic	Reptile__class
appos<nsubj<cop> be	1.0	0.31	taxongroup_topic	Reptile__class
appos>compound> Chelonoidis	1.0	0.625	taxongroup_topic	Reptile__class
obl<parataxis>cop> be	1.0	0.286	taxongroup_topic	Reptile__class
nmod<obl<mark> that	1.0	0.351	taxongroup_topic	Reptile__class
acl:relcl>obl>det> the	1.0	0.163	taxongroup_topic	Reptile__class
nsubj<obj>amod> large	1.0	0.357	taxongroup_topic	Reptile__class
nsubj<obj> species	1.0	0.238	taxongroup_topic	Reptile__class
nsubj<parataxis<cop> be	1.0	0.426	taxongroup_topic	Reptile__class
nmod<nmod< one	1.0	0.4	taxongroup_topic	Reptile__class
obj<obl>case> on	1.0	0.518	taxongroup_topic	Reptile__class
nmod<nsubj<det> the	1.0	0.346	taxongroup_topic	Reptile__class
compound<cc> and	1.0	0.378	taxongroup_topic	Reptile__class
obl<advcl>mark> while	1.0	0.525	taxongroup_topic	Reptile__class
conj> caiman	1.0	0.971	taxongroup_topic	Reptile__class
conj<conj>amod> spot	1.0	0.41	taxongroup_topic	Reptile__class
nsubj>nmod:poss> they	1.0	0.425	taxongroup_topic	Reptile__class
conj<nsubj> predator	1.0	0.48	taxongroup_topic	Reptile__class
conj<obj>conj> dog	1.0	0.246	taxongroup_topic	Reptile__class
nsubj<obl>case> on	1.0	0.858	taxongroup_topic	Reptile__class
parataxis>nsubj> they	1.0	0.52	taxongroup_topic	Reptile__class
nmod<nsubj> it	1.0	0.457	taxongroup_topic	Reptile__class
nmod<amod> largest	1.0	0.441	taxongroup_topic	Reptile__class
appos> porosus	1.0	0.56	taxongroup_topic	Reptile__class
amod>advmod> very	1.0	0.687	taxongroup_topic	Reptile__class
nsubj<mark> while	1.0	0.526	taxongroup_topic	Reptile__class
nsubj<amod> apex	1.0	0.386	taxongroup_topic	Reptile__class
nsubj<parataxis>nsubj> they	1.0	0.34	taxongroup_topic	Reptile__class
nmod<compound> salt	1.0	0.743	taxongroup_topic	Reptile__class
nsubj>det> a	1.0	0.447	taxongroup_topic	Reptile__class
advmod> as	1.0	0.393	taxongroup_topic	Reptile__class
nmod<compound> Nile	1.0	0.577	taxongroup_topic	Reptile__class
obl<advcl<aux:pass> be	1.0	0.32	taxongroup_topic	Reptile__class
conj<compound> saltwater	1.0	0.32	taxongroup_topic	Reptile__class
nsubj<advcl<aux:pass> be	1.0	0.557	taxongroup_topic	Reptile__class
nmod<conj<cop> be	1.0	0.391	taxongroup_topic	Reptile__class
conj>case> on	1.0	0.676	taxongroup_topic	Reptile__class
nsubj<acl:relcl>nsubj> which	1.0	0.214	taxongroup_topic	Reptile__class
nsubj<acl:relcl>cop> be	1.0	0.562	taxongroup_topic	Reptile__class
conj>conj>cc> and	1.0	0.458	taxongroup_topic	Reptile__class
conj>conj>nummod> marine	1.0	0.524	taxongroup_topic	Reptile__class
conj<nsubj>det> a	1.0	0.434	taxongroup_topic	Reptile__class
conj<amod> american	1.0	0.831	taxongroup_topic	Reptile__class
nsubj:pass< adapt	1.0	0.321	taxongroup_topic	Reptile__class
nsubj:pass<obl>case> to	1.0	0.571	taxongroup_topic	Reptile__class
nsubj:pass< consider	1.0	0.363	taxongroup_topic	Reptile__class
parataxis>conj>cc> and	1.0	0.479	taxongroup_topic	Reptile__class
parataxis>conj>cop> be	1.0	0.395	taxongroup_topic	Reptile__class
parataxis> have	1.0	0.262	taxongroup_topic	Reptile__class
obl<xcomp>mark> to	1.0	0.268	taxongroup_topic	Reptile__class
nsubj<conj>nsubj> they	1.0	0.342	taxongroup_topic	Reptile__class
parataxis>obj>det> a	1.0	0.493	taxongroup_topic	Reptile__class
nmod<nsubj<expl> there	1.0	0.333	taxongroup_topic	Reptile__class
nmod<nsubj< be	1.0	0.319	taxongroup_topic	Reptile__class
acl>obl> alligator	1.0	0.511	taxongroup_topic	Reptile__class
obl<amod<det> the	1.0	0.249	taxongroup_topic	Reptile__class
obl<det> the	1.0	0.958	taxongroup_topic	Reptile__class
nsubj:pass< describe	1.0	0.41	taxongroup_topic	Reptile__class
nmod< population	1.0	0.494	taxongroup_topic	Reptile__class
nsubj<obl>amod> late	1.0	0.491	taxongroup_topic	Reptile__class
nsubj<advcl<det> the	1.0	0.265	taxongroup_topic	Reptile__class
compound<nmod>case> in	1.0	0.39	taxongroup_topic	Reptile__class
nsubj< feed	1.0	0.814	taxongroup_topic	Reptile__class
compound<obl<cop> be	1.0	0.385	taxongroup_topic	Reptile__class
compound<case> than	1.0	0.232	taxongroup_topic	Reptile__class
compound<conj< zoo	1.0	0.458	taxongroup_topic	Reptile__class
compound<case> at	1.0	0.287	taxongroup_topic	Reptile__class
compound<obl<mark> to	1.0	0.315	taxongroup_topic	Reptile__class
compound<case> on	1.0	0.344	taxongroup_topic	Reptile__class
compound<obl<advmod> occasionally	1.0	0.765	taxongroup_topic	Reptile__class
nmod<nmod<det> the	1.0	0.832	taxongroup_topic	Reptile__class
nmod<compound> food	1.0	0.821	taxongroup_topic	Reptile__class
obj<cc> and	1.0	0.595	taxongroup_topic	Reptile__class
obl<advcl>aux:pass> be	1.0	0.397	taxongroup_topic	Reptile__class
obl<advcl>mark> when	1.0	0.56	taxongroup_topic	Reptile__class
nmod<nsubj:pass< report	1.0	0.316	taxongroup_topic	Reptile__class
compound<conj<case> of	1.0	0.647	taxongroup_topic	Reptile__class
obl<advmod> more	1.0	0.338	taxongroup_topic	Reptile__class
acl>advmod> primarily	1.0	0.541	taxongroup_topic	Reptile__class
nsubj<advcl>mark> when	1.0	0.546	taxongroup_topic	Reptile__class
nsubj<advcl>nsubj:pass> they	1.0	0.599	taxongroup_topic	Reptile__class
nsubj<advcl>aux:pass> be	1.0	0.333	taxongroup_topic	Reptile__class
nmod<nsubj:pass<aux> have	1.0	0.21	taxongroup_topic	Reptile__class
acl>obl>case> of	1.0	0.258	taxongroup_topic	Reptile__class
obl< take	1.0	0.711	taxongroup_topic	Reptile__class
obl<obl>case> to	1.0	0.391	taxongroup_topic	Reptile__class
amod>advmod> more	1.0	0.746	taxongroup_topic	Reptile__class
appos<aux:pass> be	1.0	0.474	taxongroup_topic	Reptile__class
nsubj<advcl>mark> to	1.0	0.594	taxongroup_topic	Reptile__class
nsubj:pass<mark> that	1.0	0.189	taxongroup_topic	Reptile__class
nmod>conj> insect	1.0	0.613	taxongroup_topic	Reptile__class
obl<parataxis<nsubj> instance	1.0	0.48	taxongroup_topic	Reptile__class
obl<parataxis< include	1.0	0.336	taxongroup_topic	Reptile__class
obl<parataxis<obj> reptile	1.0	0.492	taxongroup_topic	Reptile__class
obl<obj> rise	1.0	0.356	taxongroup_topic	Reptile__class
appos<acl:relcl>nsubj> which	1.0	0.465	taxongroup_topic	Reptile__class
obj<appos>det> the	1.0	0.248	taxongroup_topic	Reptile__class
amod> modern	1.0	1.213	taxongroup_topic	Reptile__class
appos< synapsid	1.0	0.478	taxongroup_topic	Reptile__class
conj<conj> fish	1.0	0.73	taxongroup_topic	Reptile__class
conj<compound> desert	1.0	0.391	taxongroup_topic	Reptile__class
conj<nmod<det> a	1.0	0.708	taxongroup_topic	Reptile__class
conj<obl<advcl> see	1.0	0.429	taxongroup_topic	Reptile__class
nmod<nmod> dinosaur	1.0	0.687	taxongroup_topic	Reptile__class
nmod<conj>cc> or	1.0	0.41	taxongroup_topic	Reptile__class
conj<conj>obl> result	1.0	0.497	taxongroup_topic	Reptile__class
conj<obl<advmod> however	1.0	0.5	taxongroup_topic	Reptile__class
conj<obl<nsubj> lifestyle	1.0	0.502	taxongroup_topic	Reptile__class
conj<obl<cop> be	1.0	0.532	taxongroup_topic	Reptile__class
conj<obl< uncommon	1.0	0.606	taxongroup_topic	Reptile__class
conj<case> among	1.0	0.397	taxongroup_topic	Reptile__class
conj<amod> modern	1.0	0.7	taxongroup_topic	Reptile__class
conj<conj>nsubj:pass> evidence	1.0	0.283	taxongroup_topic	Reptile__class
conj<conj>aux> can	1.0	0.4	taxongroup_topic	Reptile__class
conj<conj>aux:pass> be	1.0	0.343	taxongroup_topic	Reptile__class
conj<advmod>mark> albeit	1.0	0.329	taxongroup_topic	Reptile__class
conj<advmod>advmod> very	1.0	0.356	taxongroup_topic	Reptile__class
conj<advmod> rarely	1.0	0.478	taxongroup_topic	Reptile__class
nmod>case> such	1.0	0.869	taxongroup_topic	Reptile__class
nmod>case>fixed> as	1.0	0.385	taxongroup_topic	Reptile__class
nmod> lizard	1.0	0.688	taxongroup_topic	Reptile__class
conj<case> like	1.0	0.487	taxongroup_topic	Reptile__class
conj<det> all	1.0	0.622	taxongroup_topic	Reptile__class
conj< snake	1.0	0.665	taxongroup_topic	Reptile__class
conj<obl< operate	1.0	0.296	taxongroup_topic	Reptile__class
conj<conj>obj> egg	1.0	0.392	taxongroup_topic	Reptile__class
advcl<obl>det> the	1.0	0.453	taxongroup_topic	Reptile__class
mark> though	1.0	0.273	taxongroup_topic	Reptile__class
conj<nsubj>amod> black	1.0	0.324	taxongroup_topic	Reptile__class
conj<nsubj> vulture	1.0	0.41	taxongroup_topic	Reptile__class
conj<det> a	1.0	0.569	taxongroup_topic	Reptile__class
conj<obl> carrion	1.0	0.426	taxongroup_topic	Reptile__class
conj<conj>cc> but	1.0	0.647	taxongroup_topic	Reptile__class
conj<conj>aux> will	1.0	0.413	taxongroup_topic	Reptile__class
conj<obj< mean	1.0	0.493	taxongroup_topic	Reptile__class
conj<cc:preconj> both	1.0	0.341	taxongroup_topic	Reptile__class
conj>case> of	1.0	0.714	taxongroup_topic	Reptile__class
nsubj:pass< find	1.0	0.3	taxongroup_topic	Reptile__class
nmod<case>fixed> as	1.0	0.386	taxongroup_topic	Reptile__class
acl:relcl>nsubj> which	1.0	0.309	taxongroup_topic	Reptile__class
acl:relcl>obj>det> a	1.0	0.374	taxongroup_topic	Reptile__class
nsubj:pass<xcomp> have	1.0	0.339	taxongroup_topic	Reptile__class
nmod>case> with	1.0	1.065	taxongroup_topic	Reptile__class
nsubj<case> among	1.0	0.289	taxongroup_topic	Reptile__class
nmod<amod> large	1.0	0.588	taxongroup_topic	Reptile__class
nmod<nmod>det> a	1.0	0.574	taxongroup_topic	Reptile__class
conj<conj> insect	1.0	0.693	taxongroup_topic	Reptile__class
conj<nmod>det> a	1.0	0.152	taxongroup_topic	Reptile__class
conj<nmod> bird	1.0	0.47	taxongroup_topic	Reptile__class
obl< know	1.0	0.717	taxongroup_topic	Reptile__class
nmod>case> of	1.0	1.091	taxongroup_topic	Reptile__class
conj<nmod:poss> they	1.0	0.848	taxongroup_topic	Reptile__class
parataxis>obl>det> the	1.0	0.574	taxongroup_topic	Reptile__class
conj<conj>det> some	1.0	0.549	taxongroup_topic	Reptile__class
nmod>compound> order	1.0	0.401	taxongroup_topic	Reptile__class
nsubj:pass<obl>case> for	1.0	0.501	taxongroup_topic	Reptile__class
nsubj:pass<advcl>mark> as	1.0	0.381	taxongroup_topic	Reptile__class
nsubj:pass<advcl> have	1.0	0.655	taxongroup_topic	Reptile__class
nsubj<advcl>mark> although	1.0	0.586	taxongroup_topic	Reptile__class
nsubj<advcl>cop> be	1.0	0.215	taxongroup_topic	Reptile__class
nsubj<advcl>det> a	1.0	0.414	taxongroup_topic	Reptile__class
nsubj<obj> one	1.0	0.255	taxongroup_topic	Reptile__class
nsubj<conj> know	1.0	0.196	taxongroup_topic	Reptile__class
nsubj<nmod>compound> family	1.0	0.38	taxongroup_topic	Reptile__class
compound<det> any	1.0	0.684	taxongroup_topic	Reptile__class
conj<obl>case> for	1.0	0.714	taxongroup_topic	Reptile__class
conj<obl> human	1.0	0.244	taxongroup_topic	Reptile__class
obl<xcomp<aux:pass> be	1.0	0.347	taxongroup_topic	Reptile__class
obl< have	1.0	0.743	taxongroup_topic	Reptile__class
obl<obj>det> a	1.0	0.255	taxongroup_topic	Reptile__class
acl> compare	1.0	0.418	taxongroup_topic	Reptile__class
obl<aux> can	1.0	0.448	taxongroup_topic	Reptile__class
conj>advmod> even	1.0	0.66	taxongroup_topic	Reptile__class
conj<conj>advmod> even	1.0	0.697	taxongroup_topic	Reptile__class
nmod:poss<conj>cc> and	1.0	0.262	taxongroup_topic	Reptile__class
conj<conj>amod> african	1.0	0.392	taxongroup_topic	Reptile__class
nmod<obl<nsubj> that	1.0	0.305	taxongroup_topic	Reptile__class
nmod<case> from	1.0	0.733	taxongroup_topic	Reptile__class
conj<nmod:poss>case> 's	1.0	0.483	taxongroup_topic	Reptile__class
nmod<amod> last	1.0	0.482	taxongroup_topic	Reptile__class
appos> niloticus	1.0	0.592	taxongroup_topic	Reptile__class
compound> freshwater	1.0	0.48	taxongroup_topic	Reptile__class
appos<obl<nsubj> species	1.0	0.137	taxongroup_topic	Reptile__class
appos<obl<aux> can	1.0	0.691	taxongroup_topic	Reptile__class
appos<obl< gallop	1.0	0.232	taxongroup_topic	Reptile__class
appos<amod> cuban	1.0	0.268	taxongroup_topic	Reptile__class
appos<conj>amod> african	1.0	0.324	taxongroup_topic	Reptile__class
appos<conj>amod> dwarf	1.0	0.334	taxongroup_topic	Reptile__class
appos<conj>advmod> even	1.0	0.416	taxongroup_topic	Reptile__class
appos<conj>amod> small	1.0	0.436	taxongroup_topic	Reptile__class
appos<conj>compound> Nile	1.0	0.361	taxongroup_topic	Reptile__class
nsubj<obj>amod> symbiotic	1.0	0.51	taxongroup_topic	Reptile__class
obj< have	1.0	0.403	taxongroup_topic	Reptile__class
acl:relcl>aux:pass> be	1.0	0.22	taxongroup_topic	Reptile__class
nmod:poss<case> on	1.0	0.468	taxongroup_topic	Reptile__class
obl<acl:relcl<det> the	1.0	0.557	taxongroup_topic	Reptile__class
nmod<obl<aux> have	1.0	0.591	taxongroup_topic	Reptile__class
nmod<obl<advmod> also	1.0	0.353	taxongroup_topic	Reptile__class
nmod<nsubj>det> the	1.0	0.315	taxongroup_topic	Reptile__class
conj<conj<det> the	1.0	0.141	taxongroup_topic	Reptile__class
conj<conj>advmod> especially	1.0	0.552	taxongroup_topic	Reptile__class
conj>case> like	1.0	0.693	taxongroup_topic	Reptile__class
obl<nsubj> ratio	1.0	0.73	taxongroup_topic	Reptile__class
nmod<nsubj< show	1.0	0.42	taxongroup_topic	Reptile__class
conj<amod> aquatic	1.0	0.632	taxongroup_topic	Reptile__class
nsubj<advcl<cop> be	1.0	0.395	taxongroup_topic	Reptile__class
amod>amod> cold	1.0	0.441	taxongroup_topic	Reptile__class
nsubj<mark> to	1.0	0.467	taxongroup_topic	Reptile__class
nsubj>nmod>case> of	1.0	0.6	taxongroup_topic	Reptile__class
nmod>case> include	1.0	0.955	taxongroup_topic	Reptile__class
conj> species	1.0	0.998	taxongroup_topic	Reptile__class
ccomp<obl>case> in	1.0	0.474	taxongroup_topic	Reptile__class
mark> that	1.0	0.46	taxongroup_topic	Reptile__class
ccomp<aux:pass> be	1.0	0.525	taxongroup_topic	Reptile__class
nmod<nmod<case> by	1.0	0.487	taxongroup_topic	Reptile__class
appos<nsubj:pass<aux:pass> be	1.0	0.308	taxongroup_topic	Reptile__class
obj<obl>det> the	1.0	0.57	taxongroup_topic	Reptile__class
flat<det> a	1.0	0.324	taxongroup_topic	Reptile__class
flat< clade	1.0	0.377	taxongroup_topic	Reptile__class
flat<nmod>det> the	1.0	0.192	taxongroup_topic	Reptile__class
flat> icenicus	1.0	0.152	taxongroup_topic	Reptile__class
conj<nmod>case> on	1.0	0.663	taxongroup_topic	Reptile__class
obj<xcomp<aux:pass> be	1.0	0.522	taxongroup_topic	Reptile__class
obj< allow	1.0	0.303	taxongroup_topic	Reptile__class
acl>obl>case> in	1.0	0.315	taxongroup_topic	Reptile__class
nsubj<advmod> closely	1.0	0.886	taxongroup_topic	Reptile__class
nsubj<conj>aux> have	1.0	0.517	taxongroup_topic	Reptile__class
obj<acl:relcl<cop> be	1.0	0.621	taxongroup_topic	Reptile__class
obj<acl:relcl<det> the	1.0	0.473	taxongroup_topic	Reptile__class
obj<nsubj> which	1.0	0.356	taxongroup_topic	Reptile__class
nsubj<ccomp<aux:pass> be	1.0	0.411	taxongroup_topic	Reptile__class
nsubj<ccomp<nsubj:pass> it	1.0	0.287	taxongroup_topic	Reptile__class
nsubj<nmod> order	1.0	0.202	taxongroup_topic	Reptile__class
acl:relcl>obj>conj> reptile	1.0	0.295	taxongroup_topic	Reptile__class
conj<obj<nsubj> that	1.0	0.349	taxongroup_topic	Reptile__class
conj<obj< include	1.0	0.299	taxongroup_topic	Reptile__class
conj<nmod>det> the	1.0	0.149	taxongroup_topic	Reptile__class
amod> ...	811.0	1.097	ALL	Reptile__class
case> ...	608.0	0.845	ALL	Reptile__class
det> ...	450.0	0.678	ALL	Reptile__class
conj<conj> ...	441.0	0.721	ALL	Reptile__class
compound> ...	420.0	0.494	ALL	Reptile__class
nmod< ...	327.0	0.445	ALL	Reptile__class
det> the	293.0	0.844	ALL	Reptile__class
conj< ...	289.0	0.624	ALL	Reptile__class
nsubj< ...	273.0	0.724	ALL	Reptile__class
conj> ...	254.0	0.924	ALL	Reptile__class
obl< ...	220.0	0.711	ALL	Reptile__class
case> of	216.0	0.897	ALL	Reptile__class
cc> ...	189.0	0.86	ALL	Reptile__class
nmod> ...	185.0	0.684	ALL	Reptile__class
nmod>case> ...	185.0	0.995	ALL	Reptile__class
compound< ...	182.0	0.443	ALL	Reptile__class
nmod<det> ...	180.0	0.595	ALL	Reptile__class
conj>cc> ...	177.0	0.662	ALL	Reptile__class
cc> and	157.0	0.908	ALL	Reptile__class
conj>cc> and	150.0	0.842	ALL	Reptile__class
nmod<amod> ...	142.0	0.537	ALL	Reptile__class
compound> sea	138.0	0.448	ALL	Reptile__class
conj<conj>cc> ...	130.0	0.574	ALL	Reptile__class
nsubj<obl>case> ...	123.0	0.873	ALL	Reptile__class
nsubj<obl> ...	123.0	0.54	ALL	Reptile__class
obj< ...	122.0	0.359	ALL	Reptile__class
nmod<case> ...	118.0	0.751	ALL	Reptile__class
conj<case> ...	116.0	0.445	ALL	Reptile__class
nmod<det> the	112.0	0.656	ALL	Reptile__class
conj<conj>cc> and	111.0	0.674	ALL	Reptile__class
nsubj<cop> ...	108.0	0.586	ALL	Reptile__class
nsubj<cop> be	107.0	0.598	ALL	Reptile__class
conj<conj>amod> ...	106.0	0.354	ALL	Reptile__class
appos> ...	105.0	0.403	ALL	Reptile__class
nsubj<conj> ...	104.0	0.217	ALL	Reptile__class
obl<nsubj> ...	100.0	0.795	ALL	Reptile__class
det> a	94.0	0.769	ALL	Reptile__class
nsubj<advmod> ...	91.0	1.02	ALL	Reptile__class
conj<amod> ...	89.0	0.685	ALL	Reptile__class
conj>amod> ...	88.0	0.295	ALL	Reptile__class
cop> ...	87.0	0.26	ALL	Reptile__class
compound<case> ...	87.0	0.258	ALL	Reptile__class
cop> be	87.0	0.26	ALL	Reptile__class
nsubj<obj> ...	84.0	0.201	ALL	Reptile__class
nsubj> ...	79.0	0.409	ALL	Reptile__class
amod> american	77.0	1.043	ALL	Reptile__class
compound<amod> ...	70.0	0.27	ALL	Reptile__class
nsubj:pass<aux:pass> ...	70.0	0.513	ALL	Reptile__class
nsubj:pass< ...	70.0	0.301	ALL	Reptile__class
conj<conj>compound> ...	69.0	0.311	ALL	Reptile__class
nsubj<conj>cc> ...	69.0	0.677	ALL	Reptile__class
nsubj:pass<aux:pass> be	69.0	0.519	ALL	Reptile__class
obl<advmod> ...	68.0	0.379	ALL	Reptile__class
amod> other	67.0	1.202	ALL	Reptile__class
nmod<nsubj< ...	63.0	0.238	ALL	Reptile__class
nsubj:pass<obl>case> ...	62.0	0.492	ALL	Reptile__class
nmod<obj< ...	62.0	0.556	ALL	Reptile__class
nsubj:pass<obl> ...	62.0	0.533	ALL	Reptile__class
advmod> ...	61.0	0.42	ALL	Reptile__class
compound>amod> ...	61.0	0.598	ALL	Reptile__class
compound<det> ...	60.0	0.675	ALL	Reptile__class
nmod>conj> ...	60.0	0.517	ALL	Reptile__class
case> in	58.0	0.882	ALL	Reptile__class
compound<nmod< ...	57.0	0.219	ALL	Reptile__class
conj<nmod< ...	57.0	0.237	ALL	Reptile__class
appos< ...	57.0	0.456	ALL	Reptile__class
nsubj<obl>amod> ...	57.0	0.445	ALL	Reptile__class
conj<det> ...	56.0	0.559	ALL	Reptile__class
nsubj<obj>amod> ...	55.0	0.309	ALL	Reptile__class
nmod>det> ...	55.0	0.484	ALL	Reptile__class
nsubj<conj>cc> and	54.0	0.598	ALL	Reptile__class
obj<nsubj> ...	54.0	0.256	ALL	Reptile__class
compound> Nile	53.0	0.625	ALL	Reptile__class
nmod<compound> ...	53.0	0.565	ALL	Reptile__class
acl:relcl> ...	53.0	0.433	ALL	Reptile__class
nmod<obl< ...	52.0	0.36	ALL	Reptile__class
case> to	51.0	0.833	ALL	Reptile__class
conj<appos> ...	50.0	0.422	ALL	Reptile__class
nsubj<obj>conj> ...	50.0	1.003	ALL	Reptile__class
conj<obl< ...	50.0	0.415	ALL	Reptile__class
nmod<det> a	50.0	0.615	ALL	Reptile__class
nmod<nmod< ...	50.0	0.296	ALL	Reptile__class
nsubj<obl>det> ...	50.0	0.67	ALL	Reptile__class
obl<obj> ...	49.0	0.332	ALL	Reptile__class
acl:relcl>nsubj> ...	49.0	0.227	ALL	Reptile__class
conj<nsubj> ...	48.0	0.45	ALL	Reptile__class
nsubj<aux> ...	48.0	0.679	ALL	Reptile__class
obl<obl> ...	48.0	0.418	ALL	Reptile__class
acl> ...	48.0	0.369	ALL	Reptile__class
nmod<nmod> ...	47.0	0.376	ALL	Reptile__class
amod>advmod> ...	47.0	0.651	ALL	Reptile__class
obl<obl>case> ...	47.0	0.403	ALL	Reptile__class
nmod>case> of	47.0	1.091	ALL	Reptile__class
nsubj<advcl> ...	46.0	0.402	ALL	Reptile__class
nsubj<amod> ...	46.0	0.27	ALL	Reptile__class
nmod<nmod>case> ...	46.0	0.266	ALL	Reptile__class
nmod<conj<conj> ...	45.0	1.122	ALL	Reptile__class
nmod>det> the	44.0	0.479	ALL	Reptile__class
conj<obj< ...	44.0	0.334	ALL	Reptile__class
nmod>amod> ...	44.0	0.572	ALL	Reptile__class
obl<aux:pass> be	43.0	0.343	ALL	Reptile__class
obl<aux:pass> ...	43.0	0.343	ALL	Reptile__class
conj>compound> ...	43.0	0.391	ALL	Reptile__class
nmod<conj> ...	41.0	0.23	ALL	Reptile__class
nsubj<det> ...	41.0	0.488	ALL	Reptile__class
compound<det> the	41.0	0.725	ALL	Reptile__class
nmod>case> in	38.0	1.072	ALL	Reptile__class
conj<nmod>case> ...	38.0	0.636	ALL	Reptile__class
conj<nmod> ...	38.0	0.434	ALL	Reptile__class
nmod>compound> ...	37.0	0.302	ALL	Reptile__class
obl<mark> ...	37.0	0.625	ALL	Reptile__class
compound<case> of	37.0	0.2	ALL	Reptile__class
nmod<obj<nsubj> ...	36.0	0.217	ALL	Reptile__class
nsubj<mark> ...	36.0	0.431	ALL	Reptile__class
conj<compound> ...	36.0	0.386	ALL	Reptile__class
compound>amod> green	36.0	0.659	ALL	Reptile__class
nsubj<advcl>mark> ...	36.0	0.551	ALL	Reptile__class
nmod>conj>cc> ...	36.0	0.196	ALL	Reptile__class
obl<cop> be	35.0	0.543	ALL	Reptile__class
amod> small	35.0	1.119	ALL	Reptile__class
obl<conj> ...	35.0	0.321	ALL	Reptile__class
case> like	35.0	0.921	ALL	Reptile__class
obl<cop> ...	35.0	0.543	ALL	Reptile__class
nsubj<nmod>case> ...	34.0	0.167	ALL	Reptile__class
conj<obj<nsubj> ...	34.0	0.288	ALL	Reptile__class
conj<det> the	34.0	0.694	ALL	Reptile__class
nsubj<nmod> ...	34.0	0.225	ALL	Reptile__class
nsubj<obl>det> the	34.0	0.658	ALL	Reptile__class
obj<obl>case> ...	33.0	0.493	ALL	Reptile__class
conj<advmod> ...	33.0	0.477	ALL	Reptile__class
nmod>conj>cc> and	32.0	0.157	ALL	Reptile__class
obj<mark> ...	32.0	0.417	ALL	Reptile__class
conj<nmod<amod> ...	32.0	0.479	ALL	Reptile__class
case> as	32.0	0.929	ALL	Reptile__class
obj<obl> ...	32.0	0.176	ALL	Reptile__class
nmod< species	32.0	0.492	ALL	Reptile__class
compound<nmod>case> ...	31.0	0.376	ALL	Reptile__class
conj>det> ...	31.0	0.371	ALL	Reptile__class
acl>obl>case> ...	31.0	0.249	ALL	Reptile__class
acl>obl> ...	31.0	0.466	ALL	Reptile__class
obl<nsubj:pass> ...	30.0	0.545	ALL	Reptile__class
nsubj<obl>nmod> ...	30.0	0.398	ALL	Reptile__class
conj<conj> bird	30.0	0.885	ALL	Reptile__class
case> with	30.0	0.888	ALL	Reptile__class
nmod:poss> ...	30.0	0.229	ALL	Reptile__class
compound<nmod> ...	30.0	0.368	ALL	Reptile__class
obl<nsubj>det> ...	29.0	0.398	ALL	Reptile__class
conj<cop> be	29.0	0.411	ALL	Reptile__class
conj<cop> ...	29.0	0.411	ALL	Reptile__class
obl<aux> ...	29.0	0.295	ALL	Reptile__class
nsubj<obj>det> ...	29.0	0.524	ALL	Reptile__class
nsubj<obl>case> in	29.0	0.909	ALL	Reptile__class
appos<conj> ...	29.0	0.575	ALL	Reptile__class
nmod<cop> be	28.0	0.37	ALL	Reptile__class
nmod<cop> ...	28.0	0.37	ALL	Reptile__class
appos>compound> ...	28.0	0.413	ALL	Reptile__class
compound<nmod<det> ...	28.0	0.5	ALL	Reptile__class
acl:relcl>nsubj> that	27.0	0.256	ALL	Reptile__class
conj<conj>det> ...	27.0	0.561	ALL	Reptile__class
compound<conj< ...	27.0	0.284	ALL	Reptile__class
conj<nmod<det> ...	27.0	0.687	ALL	Reptile__class
obl<conj>cc> ...	27.0	0.41	ALL	Reptile__class
acl:relcl>obl>case> ...	27.0	0.516	ALL	Reptile__class
acl:relcl>obl> ...	27.0	0.23	ALL	Reptile__class
compound<obl< ...	27.0	0.523	ALL	Reptile__class
nmod<conj>cc> ...	26.0	0.41	ALL	Reptile__class
appos<appos> ...	26.0	0.371	ALL	Reptile__class
amod> large	26.0	1.162	ALL	Reptile__class
conj<obl<advmod> ...	26.0	0.48	ALL	Reptile__class
nmod<nmod<det> ...	26.0	0.761	ALL	Reptile__class
case> by	26.0	0.907	ALL	Reptile__class
acl:relcl>obj> ...	26.0	0.286	ALL	Reptile__class
nmod<nsubj<cop> be	26.0	0.356	ALL	Reptile__class
nmod<nsubj<cop> ...	26.0	0.356	ALL	Reptile__class
nmod<nsubj> ...	26.0	0.304	ALL	Reptile__class
nsubj<obj>nmod> ...	26.0	0.209	ALL	Reptile__class
conj<obl> ...	25.0	0.342	ALL	Reptile__class
nsubj:pass<advmod> ...	25.0	0.643	ALL	Reptile__class
conj<obl>case> ...	25.0	0.549	ALL	Reptile__class
nmod<case> of	25.0	0.847	ALL	Reptile__class
nsubj:pass<obl>det> ...	25.0	0.536	ALL	Reptile__class
conj<conj>nmod> ...	24.0	0.218	ALL	Reptile__class
obl<acl< ...	24.0	0.395	ALL	Reptile__class
nmod:poss>case> ...	24.0	0.122	ALL	Reptile__class
conj<conj>advmod> ...	24.0	0.598	ALL	Reptile__class
amod> green	24.0	0.9	ALL	Reptile__class
nsubj<conj>amod> ...	24.0	0.484	ALL	Reptile__class
nmod<obl<nsubj> ...	24.0	0.297	ALL	Reptile__class
nsubj< have	23.0	0.788	ALL	Reptile__class
nsubj<xcomp> ...	23.0	0.179	ALL	Reptile__class
obj<advmod> ...	23.0	0.581	ALL	Reptile__class
nmod<nsubj<obl> ...	23.0	0.255	ALL	Reptile__class
nmod:poss>case> 's	23.0	0.256	ALL	Reptile__class
obl<nsubj>amod> ...	23.0	0.19	ALL	Reptile__class
nmod>nmod>case> ...	22.0	0.496	ALL	Reptile__class
conj< bird	22.0	0.592	ALL	Reptile__class
appos<det> ...	22.0	0.372	ALL	Reptile__class
conj<conj>appos> ...	22.0	0.607	ALL	Reptile__class
nmod<nmod>det> ...	22.0	0.474	ALL	Reptile__class
nsubj<conj>obl> ...	22.0	0.289	ALL	Reptile__class
obl<nsubj>det> the	22.0	0.492	ALL	Reptile__class
conj<nsubj< ...	22.0	0.272	ALL	Reptile__class
nsubj<conj>advmod> ...	22.0	0.721	ALL	Reptile__class
nsubj>amod> ...	22.0	0.321	ALL	Reptile__class
amod> giant	22.0	1.1	ALL	Reptile__class
nummod> ...	22.0	0.282	ALL	Reptile__class
nmod>nmod> ...	22.0	0.462	ALL	Reptile__class
nsubj<ccomp< ...	22.0	0.611	ALL	Reptile__class
conj<conj>det> the	21.0	0.647	ALL	Reptile__class
conj<case> of	21.0	0.463	ALL	Reptile__class
conj<obj< include	21.0	0.299	ALL	Reptile__class
obj<mark> to	21.0	0.454	ALL	Reptile__class
obl<advcl> ...	21.0	0.443	ALL	Reptile__class
nsubj<obl>compound> ...	21.0	0.239	ALL	Reptile__class
mark> ...	21.0	0.325	ALL	Reptile__class
nsubj<advcl>obl> ...	21.0	0.437	ALL	Reptile__class
conj<obl<nsubj> ...	21.0	0.395	ALL	Reptile__class
nmod<conj< ...	21.0	0.353	ALL	Reptile__class
compound<cc> ...	20.0	0.319	ALL	Reptile__class
nmod<nmod<amod> ...	20.0	0.271	ALL	Reptile__class
nmod<case> in	20.0	0.854	ALL	Reptile__class
amod> modern	20.0	1.213	ALL	Reptile__class
conj>nmod>case> ...	20.0	0.688	ALL	Reptile__class
conj>nmod> ...	20.0	0.436	ALL	Reptile__class
nmod<obl<advmod> ...	20.0	0.311	ALL	Reptile__class
compound<nmod<case> ...	20.0	0.336	ALL	Reptile__class
compound<nmod<det> the	20.0	0.51	ALL	Reptile__class
obj<conj> ...	20.0	0.562	ALL	Reptile__class
obl<advcl< ...	20.0	0.382	ALL	Reptile__class
appos<case> ...	20.0	0.465	ALL	Reptile__class
nmod<nsubj:pass<aux:pass> be	20.0	0.429	ALL	Reptile__class
amod> most	20.0	1.215	ALL	Reptile__class
obj<advcl< ...	20.0	0.265	ALL	Reptile__class
nmod<nsubj:pass<aux:pass> ...	20.0	0.429	ALL	Reptile__class
nmod<nsubj:pass< ...	20.0	0.485	ALL	Reptile__class
appos<det> the	20.0	0.372	ALL	Reptile__class
nmod<conj>cc> and	20.0	0.405	ALL	Reptile__class
compound<compound> ...	20.0	0.266	ALL	Reptile__class
nsubj<det> the	20.0	0.464	ALL	Reptile__class
conj<nsubj>amod> ...	19.0	0.233	ALL	Reptile__class
appos>conj> ...	19.0	0.345	ALL	Reptile__class
appos>amod> ...	19.0	0.321	ALL	Reptile__class
conj<nmod<case> ...	19.0	0.445	ALL	Reptile__class
nsubj<mark> that	19.0	0.432	ALL	Reptile__class
obl<conj>cc> and	19.0	0.473	ALL	Reptile__class
compound>compound> ...	19.0	0.319	ALL	Reptile__class
conj<conj> turtle	19.0	0.777	ALL	Reptile__class
nsubj<det> a	19.0	0.483	ALL	Reptile__class
nsubj:pass<obl>case> in	19.0	0.463	ALL	Reptile__class
cc> or	19.0	0.951	ALL	Reptile__class
nmod>case>fixed> ...	19.0	0.384	ALL	Reptile__class
appos<amod> ...	19.0	0.496	ALL	Reptile__class
conj>advmod> ...	18.0	0.556	ALL	Reptile__class
obl<obl>det> ...	18.0	0.439	ALL	Reptile__class
nmod>case> such	18.0	0.869	ALL	Reptile__class
obl<obl>amod> ...	18.0	0.245	ALL	Reptile__class
case> for	18.0	0.807	ALL	Reptile__class
nmod<nsubj<advmod> ...	18.0	0.317	ALL	Reptile__class
obl<obj>amod> ...	18.0	0.51	ALL	Reptile__class
compound<cc> and	18.0	0.378	ALL	Reptile__class
compound< species	18.0	0.548	ALL	Reptile__class
nsubj:pass<obl>det> the	18.0	0.61	ALL	Reptile__class
nmod>case>fixed> as	18.0	0.385	ALL	Reptile__class
nsubj<conj>obj> ...	18.0	0.255	ALL	Reptile__class
obl<advcl>mark> ...	18.0	0.604	ALL	Reptile__class
nmod:poss< ...	18.0	0.328	ALL	Reptile__class
nmod<nmod>compound> ...	18.0	0.404	ALL	Reptile__class
appos>conj>cc> ...	17.0	0.383	ALL	Reptile__class
compound<nmod<amod> ...	17.0	0.331	ALL	Reptile__class
nsubj<nmod>case> of	17.0	0.206	ALL	Reptile__class
appos<conj>amod> ...	17.0	0.354	ALL	Reptile__class
case> 's	17.0	0.786	ALL	Reptile__class
nmod<nmod>det> the	17.0	0.524	ALL	Reptile__class
nmod<obj<advmod> ...	17.0	0.228	ALL	Reptile__class
nsubj:pass<obl>nmod> ...	17.0	0.346	ALL	Reptile__class
obl<nsubj>compound> ...	17.0	0.26	ALL	Reptile__class
nsubj:pass<obl>amod> ...	17.0	0.426	ALL	Reptile__class
compound<conj<conj> ...	17.0	0.242	ALL	Reptile__class
obj<acl< ...	17.0	0.334	ALL	Reptile__class
nsubj<conj>nsubj> ...	17.0	0.156	ALL	Reptile__class
nsubj>det> ...	17.0	0.415	ALL	Reptile__class
appos>conj>cc> and	16.0	0.39	ALL	Reptile__class
nmod<nmod<det> the	16.0	0.832	ALL	Reptile__class
obl<conj< ...	16.0	0.283	ALL	Reptile__class
obl<cc> ...	16.0	0.349	ALL	Reptile__class
conj> bird	16.0	0.921	ALL	Reptile__class
conj<nsubj<conj> ...	16.0	0.46	ALL	Reptile__class
case> than	16.0	0.684	ALL	Reptile__class
nmod<nummod> ...	16.0	0.443	ALL	Reptile__class
nmod<nsubj<conj> ...	16.0	0.371	ALL	Reptile__class
conj<conj>compound> sea	16.0	0.387	ALL	Reptile__class
nsubj<advcl>obj> ...	16.0	0.304	ALL	Reptile__class
nsubj:pass<xcomp> ...	16.0	0.203	ALL	Reptile__class
conj<parataxis> ...	16.0	0.446	ALL	Reptile__class
nsubj<advcl>nsubj> ...	16.0	0.257	ALL	Reptile__class
obj<nsubj>det> ...	16.0	0.459	ALL	Reptile__class
nsubj<obj>det> a	16.0	0.57	ALL	Reptile__class
conj>case> ...	16.0	0.582	ALL	Reptile__class
obl<acl<det> ...	16.0	0.476	ALL	Reptile__class
obl<obl>case> in	16.0	0.481	ALL	Reptile__class
conj<nmod>amod> ...	16.0	0.269	ALL	Reptile__class
compound> saltwater	16.0	0.446	ALL	Reptile__class
conj<nsubj<cop> be	15.0	0.576	ALL	Reptile__class
nsubj:pass<aux> ...	15.0	0.237	ALL	Reptile__class
obl<mark> to	15.0	0.669	ALL	Reptile__class
nmod<nmod<case> ...	15.0	0.528	ALL	Reptile__class
nsubj<advcl>advmod> ...	15.0	0.553	ALL	Reptile__class
conj<case>fixed> ...	15.0	0.575	ALL	Reptile__class
nsubj<advcl< ...	15.0	0.381	ALL	Reptile__class
conj<nsubj>det> ...	15.0	0.535	ALL	Reptile__class
nmod>case> include	15.0	0.955	ALL	Reptile__class
nsubj<obl>case> to	15.0	0.939	ALL	Reptile__class
nsubj>conj> ...	15.0	0.467	ALL	Reptile__class
det> some	15.0	0.802	ALL	Reptile__class
acl>obl>det> ...	15.0	0.346	ALL	Reptile__class
conj<case> such	15.0	0.496	ALL	Reptile__class
conj<case>fixed> as	15.0	0.575	ALL	Reptile__class
conj<conj> fish	15.0	0.73	ALL	Reptile__class
nsubj<parataxis> ...	15.0	0.416	ALL	Reptile__class
conj<nsubj<cop> ...	15.0	0.576	ALL	Reptile__class
nsubj<nmod>det> ...	15.0	0.331	ALL	Reptile__class
conj>det> the	15.0	0.389	ALL	Reptile__class
obl<acl<amod> ...	15.0	0.222	ALL	Reptile__class
nmod>nmod:poss> ...	15.0	0.397	ALL	Reptile__class
conj< turtle	14.0	0.731	ALL	Reptile__class
nmod>case> from	14.0	1.045	ALL	Reptile__class
obl<obj>nmod> ...	14.0	0.276	ALL	Reptile__class
nsubj>compound> ...	14.0	0.589	ALL	Reptile__class
appos<conj>cc> ...	14.0	0.619	ALL	Reptile__class
conj<case> to	14.0	0.463	ALL	Reptile__class
conj<case> in	14.0	0.466	ALL	Reptile__class
compound<nmod<obj< ...	14.0	0.262	ALL	Reptile__class
nsubj:pass<advcl> ...	14.0	0.564	ALL	Reptile__class
conj<obl<conj> ...	14.0	0.36	ALL	Reptile__class
parataxis> ...	14.0	0.23	ALL	Reptile__class
amod> Nile	14.0	1.071	ALL	Reptile__class
obj<aux> ...	14.0	0.309	ALL	Reptile__class
compound<nsubj< ...	14.0	0.5	ALL	Reptile__class
nsubj>det> the	14.0	0.507	ALL	Reptile__class
nmod<nmod>case> in	14.0	0.348	ALL	Reptile__class
nmod<obj<mark> ...	14.0	0.399	ALL	Reptile__class
conj<conj> crocodile	14.0	0.806	ALL	Reptile__class
case>fixed> ...	14.0	0.366	ALL	Reptile__class
amod>obl:npmod> ...	14.0	0.261	ALL	Reptile__class
case>fixed> as	14.0	0.366	ALL	Reptile__class
nmod<advmod> ...	14.0	0.402	ALL	Reptile__class
conj>cc> or	14.0	0.823	ALL	Reptile__class
nsubj<obl>conj> ...	14.0	0.391	ALL	Reptile__class
nmod<case> to	14.0	0.766	ALL	Reptile__class
acl:relcl>nsubj> which	14.0	0.309	ALL	Reptile__class
obl<aux> have	14.0	0.307	ALL	Reptile__class
compound<nmod>case> in	14.0	0.39	ALL	Reptile__class
conj<det> a	14.0	0.569	ALL	Reptile__class
nmod<obl<obl> ...	14.0	0.481	ALL	Reptile__class
obj<advcl<nsubj> ...	14.0	0.106	ALL	Reptile__class
acl:relcl>advmod> ...	14.0	0.312	ALL	Reptile__class
conj<case> include	14.0	0.45	ALL	Reptile__class
nmod<nsubj<aux> ...	14.0	0.502	ALL	Reptile__class
nsubj<xcomp>mark> to	13.0	0.382	ALL	Reptile__class
nmod<obj<aux> ...	13.0	0.297	ALL	Reptile__class
nsubj<conj>det> ...	13.0	0.201	ALL	Reptile__class
conj<nmod<obl< ...	13.0	0.458	ALL	Reptile__class
nmod:poss>det> ...	13.0	0.546	ALL	Reptile__class
obl<amod< ...	13.0	0.333	ALL	Reptile__class
conj<appos< ...	13.0	0.203	ALL	Reptile__class
nmod>nmod>case> of	13.0	0.558	ALL	Reptile__class
obl<acl<det> the	13.0	0.438	ALL	Reptile__class
obl<ccomp< ...	13.0	0.335	ALL	Reptile__class
nsubj:pass<obl>compound> ...	13.0	0.126	ALL	Reptile__class
appos>appos> ...	13.0	0.344	ALL	Reptile__class
conj<conj< ...	13.0	0.416	ALL	Reptile__class
nmod:poss>det> the	13.0	0.546	ALL	Reptile__class
nmod<cc> ...	13.0	0.436	ALL	Reptile__class
obj<conj< ...	13.0	0.475	ALL	Reptile__class
amod>amod> ...	13.0	0.423	ALL	Reptile__class
nsubj<nmod>amod> ...	13.0	0.455	ALL	Reptile__class
nsubj<xcomp>mark> ...	13.0	0.382	ALL	Reptile__class
conj<appos>det> ...	13.0	0.216	ALL	Reptile__class
compound> box	13.0	0.549	ALL	Reptile__class
nsubj< predator	13.0	0.722	ALL	Reptile__class
obj<acl:relcl< ...	13.0	0.479	ALL	Reptile__class
obl<xcomp< ...	13.0	0.683	ALL	Reptile__class
conj<conj> caiman	13.0	0.825	ALL	Reptile__class
flat> ...	13.0	0.32	ALL	Reptile__class
nsubj<obl>nummod> ...	13.0	0.697	ALL	Reptile__class
nsubj< include	13.0	0.816	ALL	Reptile__class
conj<conj> mammal	13.0	0.712	ALL	Reptile__class
conj<obj> ...	12.0	0.418	ALL	Reptile__class
conj<appos>compound> ...	12.0	0.324	ALL	Reptile__class
conj<appos>amod> ...	12.0	0.223	ALL	Reptile__class
nsubj:pass<xcomp>mark> ...	12.0	0.703	ALL	Reptile__class
conj<nsubj:pass<aux:pass> ...	12.0	0.303	ALL	Reptile__class
conj<nsubj:pass< ...	12.0	0.309	ALL	Reptile__class
obj<conj>cc> ...	12.0	0.355	ALL	Reptile__class
nmod>case> like	12.0	0.888	ALL	Reptile__class
nmod<nsubj:pass<obl> ...	12.0	0.369	ALL	Reptile__class
nmod<obl<cop> be	12.0	0.542	ALL	Reptile__class
conj<conj> insect	12.0	0.693	ALL	Reptile__class
nmod<nsubj<nmod> ...	12.0	0.498	ALL	Reptile__class
nmod>case> on	12.0	1.001	ALL	Reptile__class
acl>obj> ...	12.0	0.267	ALL	Reptile__class
conj<nmod<det> a	12.0	0.708	ALL	Reptile__class
nmod<obl<aux:pass> ...	12.0	0.471	ALL	Reptile__class
nmod<obl<aux:pass> be	12.0	0.471	ALL	Reptile__class
parataxis< ...	12.0	0.178	ALL	Reptile__class
obl<advcl<nsubj> ...	12.0	0.359	ALL	Reptile__class
nsubj<obj>det> the	12.0	0.488	ALL	Reptile__class
conj>nmod>case> of	12.0	0.686	ALL	Reptile__class
nmod<nsubj<obj> ...	12.0	0.204	ALL	Reptile__class
nsubj:pass<xcomp>mark> to	12.0	0.703	ALL	Reptile__class
conj<nmod<det> the	12.0	0.715	ALL	Reptile__class
nsubj<aux> can	12.0	0.656	ALL	Reptile__class
conj<nmod<obj< ...	12.0	0.421	ALL	Reptile__class
amod> many	12.0	1.173	ALL	Reptile__class
compound<obl<advmod> ...	12.0	0.674	ALL	Reptile__class
nmod<obl<cop> ...	12.0	0.542	ALL	Reptile__class
appos<compound> ...	12.0	0.553	ALL	Reptile__class
obl<acl:relcl< ...	12.0	0.247	ALL	Reptile__class
obl<parataxis> ...	12.0	0.371	ALL	Reptile__class
obj<nsubj>det> the	12.0	0.519	ALL	Reptile__class
nsubj:pass<conj> ...	12.0	0.53	ALL	Reptile__class
nmod<obl<nsubj:pass> ...	11.0	0.421	ALL	Reptile__class
conj< crocodile	11.0	0.675	ALL	Reptile__class
compound<nmod<obl< ...	11.0	0.285	ALL	Reptile__class
conj<appos>det> the	11.0	0.264	ALL	Reptile__class
obj< include	11.0	0.344	ALL	Reptile__class
conj>amod> other	11.0	0.294	ALL	Reptile__class
conj<conj> amphibian	11.0	0.693	ALL	Reptile__class
nmod>conj>amod> ...	11.0	0.297	ALL	Reptile__class
nsubj<conj>aux:pass> ...	11.0	0.63	ALL	Reptile__class
compound> marine	11.0	0.426	ALL	Reptile__class
conj> caiman	11.0	0.971	ALL	Reptile__class
nsubj<obl>nmod:poss> ...	11.0	0.321	ALL	Reptile__class
acl>mark> ...	11.0	0.551	ALL	Reptile__class
nsubj<conj>cc> but	11.0	0.756	ALL	Reptile__class
compound<obj< ...	11.0	0.504	ALL	Reptile__class
ccomp< ...	11.0	0.147	ALL	Reptile__class
acl>advmod> ...	11.0	0.512	ALL	Reptile__class
obl<obl>det> the	11.0	0.479	ALL	Reptile__class
conj<nsubj>det> the	11.0	0.488	ALL	Reptile__class
acl:relcl>obl>det> ...	11.0	0.173	ALL	Reptile__class
nmod<obj<conj> ...	11.0	0.276	ALL	Reptile__class
obj<obl>case> in	11.0	0.546	ALL	Reptile__class
nsubj<conj>aux:pass> be	11.0	0.63	ALL	Reptile__class
conj<conj> snake	11.0	0.782	ALL	Reptile__class
nsubj<obl>case> on	11.0	0.858	ALL	Reptile__class
obj<advcl> ...	11.0	0.432	ALL	Reptile__class
advcl> ...	11.0	0.403	ALL	Reptile__class
nmod<conj<amod> ...	11.0	0.47	ALL	Reptile__class
obl<advcl<obl> ...	11.0	0.338	ALL	Reptile__class
nmod<nmod<obj< ...	11.0	0.392	ALL	Reptile__class
conj> mammal	11.0	1.047	ALL	Reptile__class
obj<xcomp< ...	11.0	0.497	ALL	Reptile__class
compound<acl> ...	11.0	0.39	ALL	Reptile__class
conj> turtle	11.0	1.026	ALL	Reptile__class
acl:relcl>obl>amod> ...	11.0	0.237	ALL	Reptile__class
compound<case> in	11.0	0.229	ALL	Reptile__class
compound<nmod>det> ...	11.0	0.342	ALL	Reptile__class
nmod<obj<obl> ...	11.0	0.515	ALL	Reptile__class
obj<advcl<obl> ...	11.0	0.366	ALL	Reptile__class
compound<conj<case> ...	11.0	0.53	ALL	Reptile__class
nsubj<obl>case> at	11.0	0.866	ALL	Reptile__class
nsubj<parataxis>nsubj> ...	11.0	0.318	ALL	Reptile__class
nmod<nmod>case> of	11.0	0.266	ALL	Reptile__class
nsubj:pass<aux> have	11.0	0.265	ALL	Reptile__class
conj<nsubj:pass<aux:pass> be	11.0	0.274	ALL	Reptile__class
nmod<nmod<nsubj< ...	10.0	0.416	ALL	Reptile__class
xcomp< ...	10.0	0.171	ALL	Reptile__class
obl<obj>det> ...	10.0	0.292	ALL	Reptile__class
appos<nsubj< ...	10.0	0.464	ALL	Reptile__class
obj<conj<nsubj> ...	10.0	0.373	ALL	Reptile__class
nmod<appos> ...	10.0	0.24	ALL	Reptile__class
obl<conj>amod> ...	10.0	0.408	ALL	Reptile__class
obj<nsubj>compound> ...	10.0	0.413	ALL	Reptile__class
compound<nmod>conj> ...	10.0	0.343	ALL	Reptile__class
nmod<nmod<obl< ...	10.0	0.447	ALL	Reptile__class
amod>conj> ...	10.0	0.198	ALL	Reptile__class
obj<conj<conj> ...	10.0	0.284	ALL	Reptile__class
amod< ...	10.0	0.455	ALL	Reptile__class
nsubj:pass<mark> ...	10.0	0.232	ALL	Reptile__class
flat< ...	10.0	0.306	ALL	Reptile__class
nsubj<conj>xcomp> ...	10.0	0.386	ALL	Reptile__class
obl<amod> ...	10.0	0.22	ALL	Reptile__class
obl<parataxis< ...	10.0	0.269	ALL	Reptile__class
obl<advcl<advmod> ...	10.0	0.347	ALL	Reptile__class
obj<acl<det> ...	10.0	0.338	ALL	Reptile__class
obl< know	10.0	0.717	ALL	Reptile__class
obl<advmod> also	10.0	0.433	ALL	Reptile__class
nmod<nsubj<det> ...	10.0	0.341	ALL	Reptile__class
nsubj<ccomp<nsubj> ...	10.0	0.355	ALL	Reptile__class
obl<nmod> ...	10.0	0.227	ALL	Reptile__class
acl:relcl>obl>det> the	10.0	0.163	ALL	Reptile__class
obl<cc> and	10.0	0.31	ALL	Reptile__class
nsubj<compound> ...	10.0	0.275	ALL	Reptile__class
obl<conj>obl> ...	10.0	0.248	ALL	Reptile__class
det> all	10.0	0.816	ALL	Reptile__class
obl<acl:relcl<case> ...	10.0	0.176	ALL	Reptile__class
conj<conj>obj> ...	10.0	0.224	ALL	Reptile__class
nsubj<conj>aux> ...	10.0	0.463	ALL	Reptile__class
obl<conj<obl> ...	10.0	0.504	ALL	Reptile__class
nmod<amod>advmod> ...	10.0	0.321	ALL	Reptile__class
amod>conj>cc> ...	10.0	0.476	ALL	Reptile__class
appos<nmod< ...	10.0	0.417	ALL	Reptile__class
acl>mark> to	10.0	0.461	ALL	Reptile__class
obj<acl<appos> ...	10.0	0.433	ALL	Reptile__class
nmod<obl<conj> ...	10.0	0.549	ALL	Reptile__class
compound<nmod>compound> ...	10.0	0.399	ALL	Reptile__class
nmod<obj<conj< ...	10.0	0.43	ALL	Reptile__class
obl<obl>conj> ...	10.0	0.294	ALL	Reptile__class
conj<obl<advmod> also	10.0	0.586	ALL	Reptile__class
conj> crocodile	10.0	0.982	ALL	Reptile__class
conj<nmod<nmod> ...	10.0	0.302	ALL	Reptile__class
obj<obl>det> ...	10.0	0.536	ALL	Reptile__class
obj<conj>cc> and	10.0	0.317	ALL	Reptile__class
conj>compound>compound> ...	10.0	0.132	ALL	Reptile__class
nmod<acl:relcl> ...	9.0	0.438	ALL	Reptile__class
nsubj<conj>advcl> ...	9.0	0.228	ALL	Reptile__class
conj>nmod>amod> ...	9.0	0.498	ALL	Reptile__class
nmod<conj<case> ...	9.0	0.324	ALL	Reptile__class
obl<advcl>obj> ...	9.0	0.361	ALL	Reptile__class
compound<nmod<nsubj< ...	9.0	0.484	ALL	Reptile__class
nmod< that	9.0	0.486	ALL	Reptile__class
nmod<obl<aux> ...	9.0	0.521	ALL	Reptile__class
nmod<cc> and	9.0	0.368	ALL	Reptile__class
nsubj<aux> have	9.0	0.748	ALL	Reptile__class
nsubj> crocodile	9.0	0.41	ALL	Reptile__class
det> any	9.0	0.728	ALL	Reptile__class
obl<conj>nsubj> ...	9.0	0.521	ALL	Reptile__class
obl<nmod>case> ...	9.0	0.21	ALL	Reptile__class
obj<advcl<obj> ...	9.0	0.238	ALL	Reptile__class
appos<obl< ...	9.0	0.266	ALL	Reptile__class
appos<appos>compound> ...	9.0	0.432	ALL	Reptile__class
nmod<acl> ...	9.0	0.524	ALL	Reptile__class
obj<advcl<advmod> ...	9.0	0.568	ALL	Reptile__class
acl>obl>compound> ...	9.0	0.164	ALL	Reptile__class
conj<acl> ...	9.0	0.278	ALL	Reptile__class
conj<conj> frog	9.0	0.749	ALL	Reptile__class
nmod<nsubj:pass<aux> ...	9.0	0.216	ALL	Reptile__class
obj<advcl>mark> ...	9.0	0.26	ALL	Reptile__class
amod>obl>case> ...	9.0	0.527	ALL	Reptile__class
compound<nsubj<obj> ...	9.0	0.276	ALL	Reptile__class
amod<case> ...	9.0	0.591	ALL	Reptile__class
acl>obl>det> the	9.0	0.434	ALL	Reptile__class
compound<nsubj<obl> ...	9.0	0.447	ALL	Reptile__class
obj<obl>amod> ...	9.0	0.312	ALL	Reptile__class
compound<conj> ...	9.0	0.323	ALL	Reptile__class
appos<flat> ...	9.0	0.311	ALL	Reptile__class
obl<advcl>obl> ...	9.0	0.217	ALL	Reptile__class
amod>obl> ...	9.0	0.154	ALL	Reptile__class
conj>obl>case> ...	9.0	0.307	ALL	Reptile__class
nsubj<obl>nmod:poss> they	9.0	0.446	ALL	Reptile__class
nsubj<nmod>compound> ...	9.0	0.276	ALL	Reptile__class
parataxis<appos>conj> ...	9.0	0.685	ALL	Reptile__class
nsubj<obj>compound> ...	9.0	0.494	ALL	Reptile__class
conj>obl> ...	9.0	0.258	ALL	Reptile__class
nsubj:pass<advcl>mark> ...	9.0	0.544	ALL	Reptile__class
conj<nmod<compound> ...	9.0	0.431	ALL	Reptile__class
conj<nsubj<nmod> ...	9.0	0.152	ALL	Reptile__class
nsubj<conj>nmod> ...	9.0	0.294	ALL	Reptile__class
nsubj:pass<advcl>obl> ...	9.0	0.214	ALL	Reptile__class
appos<conj> crocodile	9.0	0.714	ALL	Reptile__class
nsubj<nmod>det> the	9.0	0.355	ALL	Reptile__class
nsubj:pass<conj>cc> ...	9.0	0.307	ALL	Reptile__class
nsubj:pass<obl>conj> ...	9.0	0.259	ALL	Reptile__class
conj>det> a	9.0	0.344	ALL	Reptile__class
nsubj<appos> ...	9.0	0.41	ALL	Reptile__class
nmod>nmod:poss> its	9.0	0.451	ALL	Reptile__class
nsubj<conj< ...	9.0	0.226	ALL	Reptile__class
nsubj<cc> ...	9.0	0.35	ALL	Reptile__class
nsubj< reptile	9.0	0.802	ALL	Reptile__class
nsubj<advcl<nsubj> ...	9.0	0.393	ALL	Reptile__class
conj<conj>cc> or	9.0	0.615	ALL	Reptile__class
appos<appos>amod> ...	9.0	0.198	ALL	Reptile__class
conj<case> as	9.0	0.498	ALL	Reptile__class
nsubj<conj>cop> ...	9.0	0.503	ALL	Reptile__class
nmod< one	9.0	0.498	ALL	Reptile__class
nsubj<acl> ...	9.0	0.351	ALL	Reptile__class
conj<conj>amod> small	9.0	0.435	ALL	Reptile__class
compound<compound< ...	9.0	0.308	ALL	Reptile__class
nmod<nsubj>amod> ...	8.0	0.197	ALL	Reptile__class
nmod<nsubj:pass<aux> have	8.0	0.21	ALL	Reptile__class
det> these	8.0	0.688	ALL	Reptile__class
nmod<nsubj:pass<advmod> ...	8.0	0.403	ALL	Reptile__class
obl<obl>nmod> ...	8.0	0.467	ALL	Reptile__class
obl<obl>compound> ...	8.0	0.164	ALL	Reptile__class
appos<conj>cc> and	8.0	0.711	ALL	Reptile__class
conj< lizard	8.0	0.685	ALL	Reptile__class
nsubj<nmod>case> in	8.0	0.177	ALL	Reptile__class
nsubj<conj>cop> be	8.0	0.514	ALL	Reptile__class
obl<nsubj> crocodile	8.0	0.819	ALL	Reptile__class
nsubj> they	8.0	0.471	ALL	Reptile__class
compound> Galápagos	8.0	0.708	ALL	Reptile__class
nsubj<xcomp>obl> ...	8.0	0.613	ALL	Reptile__class
nsubj<xcomp>obj> ...	8.0	0.494	ALL	Reptile__class
compound<conj<det> ...	8.0	0.28	ALL	Reptile__class
compound<nsubj<advmod> ...	8.0	0.374	ALL	Reptile__class
compound<nmod>det> the	8.0	0.335	ALL	Reptile__class
conj< mammal	8.0	0.684	ALL	Reptile__class
nmod<nsubj<expl> there	8.0	0.333	ALL	Reptile__class
obl<det> ...	8.0	0.975	ALL	Reptile__class
obl<obl>case> to	8.0	0.391	ALL	Reptile__class
nmod<case> from	8.0	0.733	ALL	Reptile__class
nmod<obl<advcl> ...	8.0	0.27	ALL	Reptile__class
compound<nmod>nmod> ...	8.0	0.35	ALL	Reptile__class
nsubj:pass<obl>case> by	8.0	0.456	ALL	Reptile__class
det> this	8.0	0.583	ALL	Reptile__class
compound<conj<amod> ...	8.0	0.423	ALL	Reptile__class
compound< egg	8.0	0.503	ALL	Reptile__class
nmod<conj>nmod> ...	8.0	0.418	ALL	Reptile__class
nmod<nsubj<advcl> ...	8.0	0.27	ALL	Reptile__class
nmod<nsubj<mark> ...	8.0	0.277	ALL	Reptile__class
advmod>advmod> ...	8.0	0.404	ALL	Reptile__class
nsubj<appos>conj> ...	8.0	0.271	ALL	Reptile__class
nmod<case> for	8.0	0.728	ALL	Reptile__class
conj<nmod>det> ...	8.0	0.161	ALL	Reptile__class
nsubj<aux> may	8.0	0.716	ALL	Reptile__class
nsubj<advmod> also	8.0	0.977	ALL	Reptile__class
nmod<nsubj< be	8.0	0.319	ALL	Reptile__class
obj<nsubj> that	8.0	0.347	ALL	Reptile__class
nmod<nsubj<expl> ...	8.0	0.333	ALL	Reptile__class
obl<nsubj:pass>amod> ...	8.0	0.403	ALL	Reptile__class
nmod<nmod<det> a	8.0	0.816	ALL	Reptile__class
conj<obj<advmod> ...	8.0	0.56	ALL	Reptile__class
obl<nsubj>nmod> ...	8.0	0.147	ALL	Reptile__class
acl:relcl>aux> ...	8.0	0.385	ALL	Reptile__class
amod<conj> ...	8.0	0.285	ALL	Reptile__class
nsubj<conj>case> ...	8.0	0.29	ALL	Reptile__class
conj<conj>amod> african	8.0	0.392	ALL	Reptile__class
nmod<nmod<conj> ...	8.0	0.318	ALL	Reptile__class
flat<flat> ...	8.0	0.343	ALL	Reptile__class
conj<nmod>conj> ...	8.0	0.385	ALL	Reptile__class
conj< snake	8.0	0.665	ALL	Reptile__class
amod>conj>cc> and	8.0	0.49	ALL	Reptile__class
appos<case> of	8.0	0.457	ALL	Reptile__class
nsubj<conj>compound> ...	8.0	0.214	ALL	Reptile__class
acl>obl>amod> ...	8.0	0.199	ALL	Reptile__class
nmod<acl:relcl>nsubj> ...	8.0	0.355	ALL	Reptile__class
nmod<nmod>nmod> ...	8.0	0.184	ALL	Reptile__class
nsubj:pass<conj>nmod> ...	8.0	0.202	ALL	Reptile__class
conj<nsubj:pass<advmod> ...	8.0	0.425	ALL	Reptile__class
nmod<obj< have	8.0	0.67	ALL	Reptile__class
nsubj<obl>case> with	8.0	0.942	ALL	Reptile__class
compound<appos> ...	8.0	0.528	ALL	Reptile__class
nsubj<advcl>mark> to	8.0	0.594	ALL	Reptile__class
conj< dinosaur	8.0	0.76	ALL	Reptile__class
nmod>nmod>det> ...	8.0	0.177	ALL	Reptile__class
acl:relcl>obj>amod> ...	8.0	0.385	ALL	Reptile__class
conj<obl<aux:pass> ...	8.0	0.282	ALL	Reptile__class
obl<conj<nsubj> ...	8.0	0.585	ALL	Reptile__class
obl<conj>advmod> ...	8.0	0.551	ALL	Reptile__class
obl<conj>obj> ...	8.0	0.183	ALL	Reptile__class
conj<nsubj<obl> ...	8.0	0.385	ALL	Reptile__class
conj<appos> crocodile	8.0	0.481	ALL	Reptile__class
compound<nsubj<conj> ...	8.0	0.259	ALL	Reptile__class
conj<obl>nmod> ...	8.0	0.092	ALL	Reptile__class
obj<nsubj>amod> ...	8.0	0.341	ALL	Reptile__class
nmod<nsubj>nmod> ...	7.0	0.22	ALL	Reptile__class
obl<appos> ...	7.0	0.293	ALL	Reptile__class
conj<nmod>case> of	7.0	0.738	ALL	Reptile__class
nmod<obj<cc> ...	7.0	0.325	ALL	Reptile__class
nsubj<ccomp> ...	7.0	0.58	ALL	Reptile__class
conj<obj>conj> ...	7.0	0.227	ALL	Reptile__class
conj<nsubj<advmod> ...	7.0	0.295	ALL	Reptile__class
amod>advmod> most	7.0	0.616	ALL	Reptile__class
conj<conj>obl> ...	7.0	0.528	ALL	Reptile__class
parataxis<obl> ...	7.0	0.389	ALL	Reptile__class
obj<conj>obl> ...	7.0	0.444	ALL	Reptile__class
obj<cc> ...	7.0	0.626	ALL	Reptile__class
obj<conj<obl> ...	7.0	0.169	ALL	Reptile__class
conj> Amphibians	7.0	0.841	ALL	Reptile__class
compound<conj<nmod< ...	7.0	0.478	ALL	Reptile__class
parataxis<obl>case> ...	7.0	0.407	ALL	Reptile__class
obj<obj> ...	7.0	0.362	ALL	Reptile__class
compound<nmod< distribution	7.0	0.345	ALL	Reptile__class
obl<conj>cc> but	7.0	0.43	ALL	Reptile__class
conj<conj<case> ...	7.0	0.297	ALL	Reptile__class
obl>case> ...	7.0	0.297	ALL	Reptile__class
conj> species	7.0	0.998	ALL	Reptile__class
obl> ...	7.0	0.502	ALL	Reptile__class
compound<nmod<obj< show	7.0	0.247	ALL	Reptile__class
obl< related	7.0	0.718	ALL	Reptile__class
nsubj<advmod>advmod> ...	7.0	0.259	ALL	Reptile__class
compound<det> a	7.0	0.78	ALL	Reptile__class
nsubj<xcomp>advmod> ...	7.0	0.618	ALL	Reptile__class
mark> that	7.0	0.46	ALL	Reptile__class
conj<conj>aux> ...	7.0	0.298	ALL	Reptile__class
conj<amod> other	7.0	0.699	ALL	Reptile__class
conj<appos>appos> ...	7.0	0.291	ALL	Reptile__class
nsubj:pass< find	7.0	0.3	ALL	Reptile__class
nsubj<ccomp<advmod> ...	7.0	0.256	ALL	Reptile__class
obl<parataxis>nsubj> ...	7.0	0.129	ALL	Reptile__class
nsubj<acl:relcl< ...	7.0	0.501	ALL	Reptile__class
conj<appos>flat> ...	7.0	0.57	ALL	Reptile__class
conj<conj>conj> ...	7.0	0.175	ALL	Reptile__class
appos<conj>advmod> ...	7.0	0.365	ALL	Reptile__class
obl<advcl>advmod> ...	7.0	0.809	ALL	Reptile__class
nmod<obl<mark> ...	7.0	0.292	ALL	Reptile__class
nmod<acl:relcl>advmod> ...	7.0	0.809	ALL	Reptile__class
nmod<obj<advcl> ...	7.0	0.421	ALL	Reptile__class
nmod<nsubj>det> ...	7.0	0.316	ALL	Reptile__class
conj>conj> ...	7.0	0.267	ALL	Reptile__class
nmod<obj<mark> to	7.0	0.409	ALL	Reptile__class
conj> amphibian	7.0	1.059	ALL	Reptile__class
conj<obj<nsubj> predator	7.0	0.341	ALL	Reptile__class
compound>conj> ...	7.0	0.274	ALL	Reptile__class
obl<mark> that	7.0	0.742	ALL	Reptile__class
conj<parataxis>advmod> ...	7.0	0.271	ALL	Reptile__class
nsubj<acl:relcl>nsubj> ...	7.0	0.139	ALL	Reptile__class
compound<nmod<compound> ...	7.0	0.428	ALL	Reptile__class
conj<obl<aux:pass> be	7.0	0.252	ALL	Reptile__class
compound<nmod<det> a	7.0	0.47	ALL	Reptile__class
obl<parataxis>advmod> ...	7.0	0.245	ALL	Reptile__class
conj<conj>amod> wild	7.0	0.345	ALL	Reptile__class
acl:relcl>obl>case> in	7.0	0.432	ALL	Reptile__class
nmod<parataxis> ...	7.0	0.278	ALL	Reptile__class
nmod> lizard	7.0	0.688	ALL	Reptile__class
obl:npmod< ...	7.0	0.487	ALL	Reptile__class
compound<obl<obl> ...	7.0	0.398	ALL	Reptile__class
compound> adult	7.0	0.598	ALL	Reptile__class
nmod< those	7.0	0.504	ALL	Reptile__class
compound<nsubj:pass<aux:pass> be	7.0	0.275	ALL	Reptile__class
nmod<obj<xcomp< ...	7.0	0.417	ALL	Reptile__class
compound<nmod<nmod< ...	7.0	0.322	ALL	Reptile__class
parataxis>nsubj> ...	7.0	0.352	ALL	Reptile__class
appos<conj>compound> ...	7.0	0.38	ALL	Reptile__class
obl< have	7.0	0.743	ALL	Reptile__class
nmod<conj<det> ...	7.0	0.549	ALL	Reptile__class
obl< feed	7.0	0.882	ALL	Reptile__class
nsubj<acl:relcl> ...	7.0	0.56	ALL	Reptile__class
nmod>nmod>det> the	7.0	0.205	ALL	Reptile__class
obj<xcomp<nsubj> ...	7.0	0.269	ALL	Reptile__class
nsubj<obj>acl> ...	7.0	0.249	ALL	Reptile__class
conj<conj<conj> ...	7.0	0.385	ALL	Reptile__class
nsubj<case> ...	7.0	0.401	ALL	Reptile__class
conj<advcl> ...	7.0	0.44	ALL	Reptile__class
nmod<acl:relcl>nsubj> which	7.0	0.464	ALL	Reptile__class
compound<case> to	7.0	0.261	ALL	Reptile__class
conj<mark> ...	7.0	0.595	ALL	Reptile__class
compound<nsubj:pass< ...	7.0	0.351	ALL	Reptile__class
compound<nsubj:pass<aux:pass> ...	7.0	0.275	ALL	Reptile__class
acl:relcl>obj>det> ...	7.0	0.372	ALL	Reptile__class
conj>obj> ...	7.0	0.333	ALL	Reptile__class
compound<obl<nsubj> ...	7.0	0.465	ALL	Reptile__class
conj< fish	7.0	0.692	ALL	Reptile__class
nsubj<advcl>cop> ...	7.0	0.234	ALL	Reptile__class
compound<nmod<nmod> ...	7.0	0.277	ALL	Reptile__class
nmod<amod> other	7.0	0.634	ALL	Reptile__class
compound<nsubj:pass<obl> ...	7.0	0.289	ALL	Reptile__class
conj<obl<nsubj:pass> ...	7.0	0.321	ALL	Reptile__class
nsubj<conj<advmod> ...	7.0	0.821	ALL	Reptile__class
nsubj<parataxis>advmod> ...	7.0	0.783	ALL	Reptile__class
obj<advcl>obj> ...	7.0	0.561	ALL	Reptile__class
obl<ccomp<nsubj> ...	7.0	0.346	ALL	Reptile__class
obl<parataxis<nsubj> ...	7.0	0.421	ALL	Reptile__class
nsubj<parataxis>conj> ...	7.0	0.404	ALL	Reptile__class
nmod<conj>compound> ...	6.0	0.605	ALL	Reptile__class
nsubj<obl>amod> american	6.0	0.341	ALL	Reptile__class
conj<nsubj>compound> ...	6.0	0.592	ALL	Reptile__class
nmod<case> with	6.0	0.72	ALL	Reptile__class
compound<obl<aux:pass> ...	6.0	0.386	ALL	Reptile__class
nsubj<cc> and	6.0	0.345	ALL	Reptile__class
obj<acl<goeswith> ...	6.0	0.275	ALL	Reptile__class
nsubj<conj>det> the	6.0	0.289	ALL	Reptile__class
obj<acl<appos> br	6.0	0.434	ALL	Reptile__class
conj>amod> large	6.0	0.35	ALL	Reptile__class
nmod:poss<amod> ...	6.0	0.44	ALL	Reptile__class
list<list> ...	6.0	0.212	ALL	Reptile__class
obl:npmod<amod< ...	6.0	0.254	ALL	Reptile__class
obl<xcomp<aux:pass> be	6.0	0.347	ALL	Reptile__class
nmod:poss<nmod> ...	6.0	0.259	ALL	Reptile__class
nmod:poss<nmod>case> ...	6.0	0.399	ALL	Reptile__class
conj> stream	6.0	0.734	ALL	Reptile__class
obl<conj<advmod> ...	6.0	0.435	ALL	Reptile__class
compound<obl<mark> ...	6.0	0.338	ALL	Reptile__class
conj<advmod> also	6.0	0.567	ALL	Reptile__class
nmod<conj>amod> ...	6.0	0.18	ALL	Reptile__class
conj<obl<obl> ...	6.0	0.361	ALL	Reptile__class
conj<nmod<case> in	6.0	0.4	ALL	Reptile__class
obj<advcl>nsubj> ...	6.0	0.471	ALL	Reptile__class
obl<parataxis<parataxis> give	6.0	0.6	ALL	Reptile__class
obl< see	6.0	0.784	ALL	Reptile__class
conj<obl<obj> ...	6.0	0.416	ALL	Reptile__class
obl<amod<amod> ...	6.0	0.222	ALL	Reptile__class
nsubj>conj>amod> ...	6.0	0.26	ALL	Reptile__class
conj<nmod>case> with	6.0	0.632	ALL	Reptile__class
appos>flat> ...	6.0	0.206	ALL	Reptile__class
nsubj:pass<obl>case> to	6.0	0.571	ALL	Reptile__class
advcl>mark> ...	6.0	0.437	ALL	Reptile__class
nsubj<obj>conj> crocodile	6.0	1.041	ALL	Reptile__class
nmod<obj<ccomp< ...	6.0	0.208	ALL	Reptile__class
obl<obj>det> a	6.0	0.255	ALL	Reptile__class
obj<obl>det> the	6.0	0.57	ALL	Reptile__class
obl<acl<case> ...	6.0	0.518	ALL	Reptile__class
appos> history	6.0	0.465	ALL	Reptile__class
obl<advcl<obj> ...	6.0	0.298	ALL	Reptile__class
compound<nmod<cop> be	6.0	0.248	ALL	Reptile__class
nsubj<conj>det> a	6.0	0.192	ALL	Reptile__class
nsubj<ccomp<aux:pass> be	6.0	0.411	ALL	Reptile__class
nsubj<acl< ...	6.0	0.559	ALL	Reptile__class
compound<nsubj<advcl> ...	6.0	0.586	ALL	Reptile__class
obj<acl:relcl<det> ...	6.0	0.435	ALL	Reptile__class
nummod> marine	6.0	0.241	ALL	Reptile__class
conj<nmod<conj< ...	6.0	0.43	ALL	Reptile__class
compound> land	6.0	0.602	ALL	Reptile__class
conj> dinosaur	6.0	0.922	ALL	Reptile__class
nsubj<advcl<advmod> ...	6.0	0.451	ALL	Reptile__class
nsubj<parataxis>cop> be	6.0	0.448	ALL	Reptile__class
nmod<nmod:poss> ...	6.0	0.319	ALL	Reptile__class
amod<obl< ...	6.0	0.521	ALL	Reptile__class
nsubj<advcl>advcl> ...	6.0	0.305	ALL	Reptile__class
obl<mark> as	6.0	0.743	ALL	Reptile__class
nsubj< become	6.0	0.707	ALL	Reptile__class
nmod<appos< ...	6.0	0.353	ALL	Reptile__class
nsubj<ccomp<nsubj:pass> ...	6.0	0.278	ALL	Reptile__class
nsubj<ccomp<aux:pass> ...	6.0	0.411	ALL	Reptile__class
nsubj:pass<xcomp>cop> ...	6.0	0.311	ALL	Reptile__class
parataxis<conj> ...	6.0	0.409	ALL	Reptile__class
obl<cc> but	6.0	0.407	ALL	Reptile__class
obl<conj<conj> ...	6.0	0.317	ALL	Reptile__class
obj<cc> and	6.0	0.595	ALL	Reptile__class
conj<case> like	6.0	0.487	ALL	Reptile__class
parataxis>obl>case> ...	6.0	0.313	ALL	Reptile__class
conj<nsubj:pass<obl> ...	6.0	0.214	ALL	Reptile__class
conj< caiman	6.0	0.587	ALL	Reptile__class
obl<amod<det> ...	6.0	0.218	ALL	Reptile__class
obl<conj<aux:pass> ...	6.0	0.293	ALL	Reptile__class
obl<conj<nsubj:pass> ...	6.0	0.19	ALL	Reptile__class
obl<parataxis<parataxis> ...	6.0	0.6	ALL	Reptile__class
obj<parataxis> ...	6.0	0.566	ALL	Reptile__class
nsubj<obj>appos> ...	6.0	0.3	ALL	Reptile__class
obj<parataxis>obl> ...	6.0	0.243	ALL	Reptile__class
nsubj<obl>det> a	6.0	0.698	ALL	Reptile__class
obl<advcl<cop> ...	6.0	0.548	ALL	Reptile__class
compound> desert	6.0	0.508	ALL	Reptile__class
appos>nmod>conj> ...	6.0	0.416	ALL	Reptile__class
nsubj<acl>obl> ...	6.0	0.643	ALL	Reptile__class
nsubj<advmod> not	6.0	1.089	ALL	Reptile__class
conj<obl< know	6.0	0.558	ALL	Reptile__class
nmod>nmod>conj> ...	6.0	0.38	ALL	Reptile__class
obl<acl<compound> ...	6.0	0.263	ALL	Reptile__class
acl:relcl>obl>case> on	6.0	0.697	ALL	Reptile__class
compound<nmod<cop> ...	6.0	0.248	ALL	Reptile__class
nmod<obj<mark> that	6.0	0.359	ALL	Reptile__class
compound<obl<aux:pass> be	6.0	0.386	ALL	Reptile__class
obj<obl>nummod> ...	6.0	0.434	ALL	Reptile__class
obl<nsubj> turtle	6.0	0.88	ALL	Reptile__class
compound<nmod>amod> ...	6.0	0.541	ALL	Reptile__class
obj<obl>case> as	6.0	0.632	ALL	Reptile__class
nmod< range	6.0	0.503	ALL	Reptile__class
compound<compound>compound> ...	6.0	0.463	ALL	Reptile__class
nmod<nsubj<det> the	6.0	0.346	ALL	Reptile__class
nsubj<parataxis< ...	6.0	0.452	ALL	Reptile__class
nmod:poss<case> ...	6.0	0.472	ALL	Reptile__class
nsubj<advcl>cop> be	6.0	0.215	ALL	Reptile__class
conj<obl<aux> ...	6.0	0.311	ALL	Reptile__class
compound< group	6.0	0.55	ALL	Reptile__class
appos<obl> ...	6.0	0.258	ALL	Reptile__class
obj<nsubj>flat> ...	6.0	0.301	ALL	Reptile__class
appos<obl>case> ...	6.0	0.349	ALL	Reptile__class
nsubj:pass<xcomp>cop> be	6.0	0.311	ALL	Reptile__class
obl<advcl<cop> be	6.0	0.548	ALL	Reptile__class
ccomp<nsubj> ...	6.0	0.35	ALL	Reptile__class
conj<nmod<nmod< ...	6.0	0.358	ALL	Reptile__class
compound>conj>cc> ...	6.0	0.574	ALL	Reptile__class
mark> to	6.0	0.387	ALL	Reptile__class
conj>nmod>det> ...	6.0	0.308	ALL	Reptile__class
conj<ccomp< ...	6.0	0.444	ALL	Reptile__class
nmod< type	6.0	0.451	ALL	Reptile__class
conj<ccomp<nsubj> ...	6.0	0.164	ALL	Reptile__class
parataxis>obl> ...	6.0	0.792	ALL	Reptile__class
nsubj<parataxis>cop> ...	6.0	0.448	ALL	Reptile__class
nsubj<nmod>nmod> ...	6.0	0.371	ALL	Reptile__class
obl<xcomp> ...	6.0	0.435	ALL	Reptile__class
nmod<nmod<nmod> ...	6.0	0.517	ALL	Reptile__class
advcl< ...	6.0	0.464	ALL	Reptile__class
nsubj<acl:relcl<det> ...	6.0	0.365	ALL	Reptile__class
compound<nmod:poss> ...	6.0	0.145	ALL	Reptile__class
advmod> even	6.0	0.468	ALL	Reptile__class
appos>nmod>case> ...	6.0	0.604	ALL	Reptile__class
appos>nmod> ...	6.0	0.416	ALL	Reptile__class
obl<conj<aux:pass> be	6.0	0.293	ALL	Reptile__class
compound> freshwater	6.0	0.48	ALL	Reptile__class
obl<xcomp<aux:pass> ...	6.0	0.347	ALL	Reptile__class
nsubj<appos>amod> ...	6.0	0.477	ALL	Reptile__class
obj< identify	6.0	0.335	ALL	Reptile__class
obj<acl<det> a	6.0	0.35	ALL	Reptile__class
nsubj:pass<xcomp>obj> ...	6.0	0.523	ALL	Reptile__class
compound<amod> american	6.0	0.461	ALL	Reptile__class
nmod>nmod>amod> ...	6.0	0.424	ALL	Reptile__class
nmod>det> a	6.0	0.507	ALL	Reptile__class
nsubj>compound> sea	6.0	0.654	ALL	Reptile__class
obj<advmod> how	6.0	0.665	ALL	Reptile__class
conj<obj<conj< ...	6.0	0.113	ALL	Reptile__class
compound< monitor	6.0	0.405	ALL	Reptile__class
nsubj<obl>amod> other	6.0	0.436	ALL	Reptile__class
nmod<obj<cc> and	6.0	0.311	ALL	Reptile__class
obj<acl:relcl<amod> ...	6.0	0.204	ALL	Reptile__class
nsubj:pass<conj< ...	6.0	0.334	ALL	Reptile__class
compound<nmod<conj> ...	6.0	0.167	ALL	Reptile__class
appos<parataxis> ...	6.0	0.513	ALL	Reptile__class
nsubj<obl> crocodile	6.0	0.454	ALL	Reptile__class
conj<conj>advmod> also	5.0	0.568	ALL	Reptile__class
appos<nsubj> ...	5.0	0.3	ALL	Reptile__class
nsubj:pass<advcl>advmod> ...	5.0	0.359	ALL	Reptile__class
nsubj:pass<cc> ...	5.0	0.636	ALL	Reptile__class
nmod<amod>obl:npmod> ...	5.0	0.303	ALL	Reptile__class
nsubj<obl>case> like	5.0	0.776	ALL	Reptile__class
conj<appos<case> ...	5.0	0.482	ALL	Reptile__class
conj<appos<obl< ...	5.0	0.419	ALL	Reptile__class
conj<conj>compound> Nile	5.0	0.297	ALL	Reptile__class
acl:relcl>advcl> ...	5.0	0.365	ALL	Reptile__class
flat<compound> ...	5.0	0.243	ALL	Reptile__class
compound<nmod<case> of	5.0	0.386	ALL	Reptile__class
conj<nmod>det> the	5.0	0.149	ALL	Reptile__class
nmod<amod> new	5.0	0.63	ALL	Reptile__class
obl<obj>acl> ...	5.0	0.395	ALL	Reptile__class
compound< fossil	5.0	0.558	ALL	Reptile__class
obl<det> a	5.0	0.996	ALL	Reptile__class
conj<obj>det> ...	5.0	0.339	ALL	Reptile__class
nsubj:pass< know	5.0	0.324	ALL	Reptile__class
conj<obj<advcl> ...	5.0	0.515	ALL	Reptile__class
nmod:poss> they	5.0	0.323	ALL	Reptile__class
obj<ccomp< ...	5.0	0.31	ALL	Reptile__class
conj<det> all	5.0	0.622	ALL	Reptile__class
obl<nsubj:pass>det> ...	5.0	0.614	ALL	Reptile__class
obl<ccomp<obl> ...	5.0	0.213	ALL	Reptile__class
list> ...	5.0	0.361	ALL	Reptile__class
nmod<nmod>amod> ...	5.0	0.452	ALL	Reptile__class
acl:relcl>advcl>obj> ...	5.0	0.603	ALL	Reptile__class
conj<nsubj<amod> ...	5.0	0.22	ALL	Reptile__class
nmod<appos<amod> ...	5.0	0.327	ALL	Reptile__class
conj<amod>advmod> ...	5.0	0.512	ALL	Reptile__class
nmod<nsubj:pass<xcomp> ...	5.0	0.496	ALL	Reptile__class
conj<obl>amod> ...	5.0	0.571	ALL	Reptile__class
nmod<nsubj<amod> ...	5.0	0.408	ALL	Reptile__class
parataxis>obj>conj> ...	5.0	0.489	ALL	Reptile__class
nsubj:pass<obl>det> a	5.0	0.516	ALL	Reptile__class
nmod<nsubj>det> the	5.0	0.315	ALL	Reptile__class
acl>obl>case> in	5.0	0.315	ALL	Reptile__class
nmod<nmod>conj> ...	5.0	0.164	ALL	Reptile__class
nmod>appos> ...	5.0	0.21	ALL	Reptile__class
nmod<aux> ...	5.0	0.369	ALL	Reptile__class
acl:relcl>advcl>mark> ...	5.0	0.597	ALL	Reptile__class
nmod<obl<ccomp< ...	5.0	0.448	ALL	Reptile__class
compound<acl>obl> ...	5.0	0.209	ALL	Reptile__class
compound>nummod> ...	5.0	0.273	ALL	Reptile__class
acl:relcl>obj>nmod> ...	5.0	0.409	ALL	Reptile__class
conj<amod> modern	5.0	0.7	ALL	Reptile__class
appos>compound> Crocodylus	5.0	0.63	ALL	Reptile__class
compound<nmod<nsubj> ...	5.0	0.338	ALL	Reptile__class
nsubj> turtle	5.0	0.427	ALL	Reptile__class
nmod<det> some	5.0	0.585	ALL	Reptile__class
amod>amod> mammal	5.0	0.589	ALL	Reptile__class
nsubj<advcl>mark> while	5.0	0.648	ALL	Reptile__class
nmod<conj>det> ...	5.0	0.448	ALL	Reptile__class
nsubj<acl:relcl<det> the	5.0	0.394	ALL	Reptile__class
nsubj:pass<mark> that	5.0	0.189	ALL	Reptile__class
nmod<mark> ...	5.0	0.256	ALL	Reptile__class
conj<conj>cc> as	5.0	0.58	ALL	Reptile__class
acl>obl>case> to	5.0	0.255	ALL	Reptile__class
obl<advmod>advmod> ...	5.0	0.479	ALL	Reptile__class
nmod:poss> world	5.0	0.312	ALL	Reptile__class
nmod<compound>compound> ...	5.0	0.319	ALL	Reptile__class
compound<obl<nsubj:pass> ...	5.0	0.237	ALL	Reptile__class
compound<case> on	5.0	0.344	ALL	Reptile__class
conj<cc> ...	5.0	0.385	ALL	Reptile__class
list<conj> ...	5.0	0.201	ALL	Reptile__class
list< ...	5.0	0.424	ALL	Reptile__class
list<amod> ...	5.0	0.152	ALL	Reptile__class
conj>amod>advmod> ...	5.0	0.463	ALL	Reptile__class
obl<nsubj:pass>compound> ...	5.0	0.497	ALL	Reptile__class
nsubj:pass<ccomp> ...	5.0	0.565	ALL	Reptile__class
nsubj<nsubj> ...	5.0	0.408	ALL	Reptile__class
nmod<nmod<cop> ...	5.0	0.543	ALL	Reptile__class
conj<obl<appos> ...	5.0	0.341	ALL	Reptile__class
conj>cop> ...	5.0	0.181	ALL	Reptile__class
parataxis<nsubj> ...	5.0	0.573	ALL	Reptile__class
nsubj< live	5.0	0.798	ALL	Reptile__class
obl<conj>xcomp> ...	5.0	0.289	ALL	Reptile__class
nsubj<mark> while	5.0	0.526	ALL	Reptile__class
conj<obj>amod> ...	5.0	0.204	ALL	Reptile__class
nmod< population	5.0	0.494	ALL	Reptile__class
nsubj<advcl<cop> be	5.0	0.395	ALL	Reptile__class
obl<obj> they	5.0	0.392	ALL	Reptile__class
nsubj<conj<nsubj> ...	5.0	0.467	ALL	Reptile__class
nsubj:pass<cc> and	5.0	0.636	ALL	Reptile__class
conj<case> with	5.0	0.459	ALL	Reptile__class
obj<acl:relcl<det> the	5.0	0.473	ALL	Reptile__class
nmod<conj<nmod> ...	5.0	0.172	ALL	Reptile__class
nmod< predator	5.0	0.465	ALL	Reptile__class
nsubj<advcl>mark> as	5.0	0.518	ALL	Reptile__class
nmod<obj<acl< ...	5.0	0.439	ALL	Reptile__class
compound<nmod<acl> ...	5.0	0.454	ALL	Reptile__class
nmod<case> on	5.0	0.787	ALL	Reptile__class
nsubj<amod>advmod> ...	5.0	0.38	ALL	Reptile__class
nsubj<obl>appos> ...	5.0	0.443	ALL	Reptile__class
nmod<acl:relcl>obl> ...	5.0	0.177	ALL	Reptile__class
conj<conj>case> ...	5.0	0.27	ALL	Reptile__class
acl:relcl>cop> be	5.0	0.329	ALL	Reptile__class
obl<amod<obl> ...	5.0	0.288	ALL	Reptile__class
obl<amod<nsubj> ...	5.0	0.479	ALL	Reptile__class
appos>nummod> ...	5.0	0.489	ALL	Reptile__class
appos>det> ...	5.0	0.335	ALL	Reptile__class
obl<xcomp<advmod> ...	5.0	0.844	ALL	Reptile__class
nsubj<mark> as	5.0	0.407	ALL	Reptile__class
obj<conj>xcomp> ...	5.0	0.311	ALL	Reptile__class
conj>nmod>compound> ...	5.0	0.133	ALL	Reptile__class
conj>nmod>det> the	5.0	0.35	ALL	Reptile__class
nsubj<advcl<obj> ...	5.0	0.416	ALL	Reptile__class
nsubj:pass<obj> ...	5.0	0.346	ALL	Reptile__class
nmod:poss<nsubj< ...	5.0	0.367	ALL	Reptile__class
obl<conj>nmod> ...	5.0	0.49	ALL	Reptile__class
nmod<case>fixed> ...	5.0	0.396	ALL	Reptile__class
advmod>obl> ...	5.0	0.455	ALL	Reptile__class
nmod>nmod>nmod> ...	5.0	0.237	ALL	Reptile__class
advmod>obl>case> ...	5.0	0.484	ALL	Reptile__class
cc>fixed> ...	5.0	0.449	ALL	Reptile__class
appos<nsubj:pass> ...	5.0	0.372	ALL	Reptile__class
appos<aux:pass> ...	5.0	0.474	ALL	Reptile__class
conj<obl>case> in	5.0	0.498	ALL	Reptile__class
conj<obj< eat	5.0	0.299	ALL	Reptile__class
nmod<conj<advmod> ...	5.0	0.534	ALL	Reptile__class
compound<conj<nsubj> ...	5.0	0.786	ALL	Reptile__class
conj>cc> but	5.0	0.85	ALL	Reptile__class
nsubj<obj>acl:relcl> ...	5.0	0.487	ALL	Reptile__class
conj<obl<cop> ...	5.0	0.532	ALL	Reptile__class
nmod>case> than	5.0	1.145	ALL	Reptile__class
conj<obj<aux> ...	5.0	0.556	ALL	Reptile__class
conj<acl>obl> ...	5.0	0.234	ALL	Reptile__class
obl:npmod< like	5.0	0.401	ALL	Reptile__class
compound<list<flat> ...	5.0	0.16	ALL	Reptile__class
nsubj:pass<advcl>obj> ...	5.0	0.304	ALL	Reptile__class
nsubj<advcl<cop> ...	5.0	0.395	ALL	Reptile__class
amod>advmod> more	5.0	0.746	ALL	Reptile__class
appos<advmod> ...	5.0	0.341	ALL	Reptile__class
obl< similar	5.0	0.724	ALL	Reptile__class
compound<amod> other	5.0	0.27	ALL	Reptile__class
xcomp<aux:pass> ...	5.0	0.566	ALL	Reptile__class
obj<acl<obl< ...	5.0	0.438	ALL	Reptile__class
conj<conj>nummod> ...	5.0	0.532	ALL	Reptile__class
conj<aux> ...	5.0	0.285	ALL	Reptile__class
nmod<conj<det> the	5.0	0.556	ALL	Reptile__class
obj<advcl<conj> ...	5.0	0.227	ALL	Reptile__class
obj<advcl<aux> ...	5.0	0.543	ALL	Reptile__class
compound<obl<advcl> ...	5.0	0.301	ALL	Reptile__class
obl<acl:relcl<obl< ...	5.0	0.29	ALL	Reptile__class
obl<parataxis>obj> ...	5.0	0.318	ALL	Reptile__class
conj<cc> and	5.0	0.385	ALL	Reptile__class
obl<advmod> more	5.0	0.338	ALL	Reptile__class
nmod> Africa	5.0	0.688	ALL	Reptile__class
xcomp<aux:pass> be	5.0	0.566	ALL	Reptile__class
obj< keep	5.0	0.36	ALL	Reptile__class
nmod<nsubj>acl> ...	5.0	0.341	ALL	Reptile__class
conj<compound> sea	5.0	0.309	ALL	Reptile__class
conj>nsubj> ...	5.0	0.23	ALL	Reptile__class
conj>aux> ...	5.0	0.532	ALL	Reptile__class
appos<nsubj<obj> ...	5.0	0.275	ALL	Reptile__class
obl<nsubj> they	5.0	0.922	ALL	Reptile__class
acl>obl>det> a	5.0	0.433	ALL	Reptile__class
compound<case> at	5.0	0.287	ALL	Reptile__class
nsubj>conj>cc> ...	5.0	0.407	ALL	Reptile__class
nmod<nmod<cop> be	5.0	0.543	ALL	Reptile__class
obj<xcomp> ...	5.0	0.328	ALL	Reptile__class
acl:relcl>cop> ...	5.0	0.329	ALL	Reptile__class
obj<acl<case> ...	5.0	0.564	ALL	Reptile__class
obj<acl<amod> ...	5.0	0.204	ALL	Reptile__class
appos> reference	5.0	0.54	ALL	Reptile__class
nmod<nsubj<aux> have	5.0	0.567	ALL	Reptile__class
nsubj<obj>nmod:poss> they	5.0	0.255	ALL	Reptile__class
acl>obl>case> on	5.0	0.296	ALL	Reptile__class
conj>amod> american	5.0	0.28	ALL	Reptile__class
nsubj<advcl>mark> when	5.0	0.546	ALL	Reptile__class
conj<obl<cop> be	5.0	0.532	ALL	Reptile__class
compound<obl<cop> be	5.0	0.385	ALL	Reptile__class
appos> description	5.0	0.478	ALL	Reptile__class
nmod<amod> several	5.0	0.614	ALL	Reptile__class
obl<nsubj>appos> ...	5.0	0.441	ALL	Reptile__class
appos<aux:pass> be	5.0	0.474	ALL	Reptile__class
nmod<nsubj<mark> that	5.0	0.219	ALL	Reptile__class
compound<obl<cop> ...	5.0	0.385	ALL	Reptile__class
compound<appos>compound> ...	5.0	0.318	ALL	Reptile__class
nmod< animal	5.0	0.511	ALL	Reptile__class
ccomp<obl> ...	5.0	0.201	ALL	Reptile__class
ccomp<obl>case> ...	5.0	0.37	ALL	Reptile__class
conj>cop> be	5.0	0.181	ALL	Reptile__class
nsubj<obj>nmod:poss> ...	5.0	0.255	ALL	Reptile__class
appos<appos>det> the	5.0	0.398	ALL	Reptile__class
appos<appos>det> ...	5.0	0.398	ALL	Reptile__class
appos<conj>det> ...	5.0	0.607	ALL	Reptile__class
nsubj<obl>case> from	5.0	0.987	ALL	Reptile__class
conj<appos<obj> ...	5.0	0.322	ALL	Reptile__class
appos<nmod<amod> ...	5.0	0.201	ALL	Reptile__class
conj< lakes	5.0	0.625	ALL	Reptile__class
conj<conj>amod> other	5.0	0.369	ALL	Reptile__class
advcl>nsubj> ...	5.0	0.421	ALL	Reptile__class
obl<acl<nsubj< ...	5.0	0.336	ALL	Reptile__class
obj< have	5.0	0.403	ALL	Reptile__class
cc> but	5.0	1.013	ALL	Reptile__class
conj<obl<conj< ...	5.0	0.501	ALL	Reptile__class
conj>appos> ...	5.0	0.149	ALL	Reptile__class
advcl>advmod> ...	5.0	0.33	ALL	Reptile__class
conj<compound< ...	5.0	0.43	ALL	Reptile__class
acl>obl>case> as	5.0	0.211	ALL	Reptile__class
obl<xcomp<cc> and	4.0	0.357	ALL	Reptile__class
nmod<obj<advmod> also	4.0	0.244	ALL	Reptile__class
nsubj<amod>obl> ...	4.0	0.257	ALL	Reptile__class
nsubj<obl> alligator	4.0	0.529	ALL	Reptile__class
nmod<obl<obj> ...	4.0	0.43	ALL	Reptile__class
conj<amod>amod> ...	4.0	0.36	ALL	Reptile__class
nmod<conj>cc> or	4.0	0.41	ALL	Reptile__class
compound<conj<case> of	4.0	0.647	ALL	Reptile__class
obl<aux> may	4.0	0.363	ALL	Reptile__class
obl< take	4.0	0.711	ALL	Reptile__class
obj< kill	4.0	0.409	ALL	Reptile__class
acl>conj> ...	4.0	0.325	ALL	Reptile__class
compound<conj<nmod> ...	4.0	0.404	ALL	Reptile__class
nmod> size	4.0	0.637	ALL	Reptile__class
nsubj<aux> do	4.0	0.773	ALL	Reptile__class
compound<obj<obl> ...	4.0	0.202	ALL	Reptile__class
nsubj:pass<obl>acl> ...	4.0	0.391	ALL	Reptile__class
appos<nmod>case> ...	4.0	0.456	ALL	Reptile__class
nmod<nmod<conj< ...	4.0	0.483	ALL	Reptile__class
appos<nmod> ...	4.0	0.398	ALL	Reptile__class
nmod<obl<aux> have	4.0	0.591	ALL	Reptile__class
nmod<nsubj<det> a	4.0	0.339	ALL	Reptile__class
nmod<acl:relcl>aux> ...	4.0	0.375	ALL	Reptile__class
compound<conj< bird	4.0	0.279	ALL	Reptile__class
nsubj<acl:relcl>nsubj> that	4.0	0.122	ALL	Reptile__class
nsubj:pass<conj>aux:pass> ...	4.0	0.396	ALL	Reptile__class
nsubj:pass<conj>advmod> ...	4.0	0.484	ALL	Reptile__class
obj<acl<appos< ...	4.0	0.38	ALL	Reptile__class
det> no	4.0	0.748	ALL	Reptile__class
nsubj:pass<conj>cc> and	4.0	0.327	ALL	Reptile__class
compound<conj<compound> ...	4.0	0.145	ALL	Reptile__class
appos<obl<aux:pass> ...	4.0	0.331	ALL	Reptile__class
nsubj<acl<det> ...	4.0	0.305	ALL	Reptile__class
obl<parataxis<cop> ...	4.0	0.334	ALL	Reptile__class
obl<acl:relcl<amod> ...	4.0	0.405	ALL	Reptile__class
nmod<nsubj<ccomp< ...	4.0	0.411	ALL	Reptile__class
parataxis>conj> ...	4.0	0.36	ALL	Reptile__class
nmod<amod> large	4.0	0.588	ALL	Reptile__class
parataxis>advmod> ...	4.0	0.356	ALL	Reptile__class
conj>aux:pass> be	4.0	0.453	ALL	Reptile__class
nsubj<ccomp<nsubj:pass> it	4.0	0.287	ALL	Reptile__class
nmod<obj<nsubj> they	4.0	0.318	ALL	Reptile__class
conj<parataxis>compound> ...	4.0	0.388	ALL	Reptile__class
conj<parataxis>conj> ...	4.0	0.33	ALL	Reptile__class
nsubj<conj>cc> or	4.0	0.734	ALL	Reptile__class
amod>obl>case> to	4.0	0.543	ALL	Reptile__class
conj<conj<amod> ...	4.0	0.173	ALL	Reptile__class
nsubj<obl>case> due	4.0	0.777	ALL	Reptile__class
obl<advcl<aux:pass> be	4.0	0.32	ALL	Reptile__class
nmod<case> than	4.0	0.685	ALL	Reptile__class
nmod:poss<obj< ...	4.0	0.295	ALL	Reptile__class
obj<advmod> also	4.0	0.789	ALL	Reptile__class
ccomp<aux:pass> be	4.0	0.525	ALL	Reptile__class
conj<obl<cc> ...	4.0	0.494	ALL	Reptile__class
nmod>acl> ...	4.0	0.494	ALL	Reptile__class
nmod<obj<aux> have	4.0	0.31	ALL	Reptile__class
obj<advcl>advmod> ...	4.0	0.401	ALL	Reptile__class
nmod<nsubj<nsubj> ...	4.0	0.325	ALL	Reptile__class
nsubj<advmod> most	4.0	1.004	ALL	Reptile__class
xcomp<nsubj:pass> ...	4.0	0.595	ALL	Reptile__class
amod<nmod> ...	4.0	0.54	ALL	Reptile__class
xcomp<advmod> ...	4.0	0.281	ALL	Reptile__class
conj<case> on	4.0	0.484	ALL	Reptile__class
nsubj<conj> crocodile	4.0	0.268	ALL	Reptile__class
compound>amod> common	4.0	0.684	ALL	Reptile__class
obl<conj>det> ...	4.0	0.542	ALL	Reptile__class
amod<nmod>case> ...	4.0	0.413	ALL	Reptile__class
conj<conj<det> ...	4.0	0.148	ALL	Reptile__class
nsubj:pass<appos> ...	4.0	0.386	ALL	Reptile__class
appos<obl<aux:pass> be	4.0	0.331	ALL	Reptile__class
nmod<nmod:poss>case> ...	4.0	0.364	ALL	Reptile__class
nmod<nmod>det> a	4.0	0.574	ALL	Reptile__class
obj<aux> may	4.0	0.312	ALL	Reptile__class
advmod> especially	4.0	0.435	ALL	Reptile__class
conj<nummod> ...	4.0	0.369	ALL	Reptile__class
obl<nsubj> this	4.0	0.866	ALL	Reptile__class
nsubj<ccomp>nsubj> ...	4.0	0.42	ALL	Reptile__class
nmod<nummod> two	4.0	0.412	ALL	Reptile__class
obl<ccomp<advmod> ...	4.0	0.435	ALL	Reptile__class
nmod<nmod>nummod> ...	4.0	0.228	ALL	Reptile__class
obl:npmod<amod<det> ...	4.0	0.599	ALL	Reptile__class
compound<obj<nsubj> ...	4.0	0.408	ALL	Reptile__class
nsubj< crocodile	4.0	0.746	ALL	Reptile__class
nsubj:pass<xcomp>obl> ...	4.0	0.294	ALL	Reptile__class
nsubj:pass<xcomp>advmod> ...	4.0	0.738	ALL	Reptile__class
nsubj:pass<advcl>nsubj> ...	4.0	0.22	ALL	Reptile__class
obj<acl<compound> ...	4.0	0.277	ALL	Reptile__class
nsubj<obj>nummod> ...	4.0	0.404	ALL	Reptile__class
compound<nmod< one	4.0	0.414	ALL	Reptile__class
conj<conj<compound> ...	4.0	0.408	ALL	Reptile__class
appos<case> include	4.0	0.395	ALL	Reptile__class
nmod>case> with	4.0	1.065	ALL	Reptile__class
nsubj:pass<conj>aux:pass> be	4.0	0.396	ALL	Reptile__class
appos<compound>compound> ...	4.0	0.415	ALL	Reptile__class
obl<case> ...	4.0	0.375	ALL	Reptile__class
conj<nmod:poss> ...	4.0	0.553	ALL	Reptile__class
conj<obl<acl< ...	4.0	0.414	ALL	Reptile__class
conj<nsubj>nmod> ...	4.0	0.294	ALL	Reptile__class
nmod> bird	4.0	0.886	ALL	Reptile__class
obj<nsubj>nmod> ...	4.0	0.348	ALL	Reptile__class
nmod:poss>conj>conj> ...	4.0	0.359	ALL	Reptile__class
acl:relcl>obj>nmod:poss> ...	4.0	0.403	ALL	Reptile__class
nsubj> predator	4.0	0.423	ALL	Reptile__class
conj>conj>cc> ...	4.0	0.485	ALL	Reptile__class
conj<obj<mark> ...	4.0	0.616	ALL	Reptile__class
compound<obl<advcl< ...	4.0	0.189	ALL	Reptile__class
compound<appos< ...	4.0	0.523	ALL	Reptile__class
acl:relcl>obj>det> the	4.0	0.371	ALL	Reptile__class
obl<appos>conj> ...	4.0	0.392	ALL	Reptile__class
nmod<nmod:poss>det> the	4.0	0.588	ALL	Reptile__class
nmod<nmod<compound> ...	4.0	0.462	ALL	Reptile__class
nmod<nmod:poss>case> 's	4.0	0.364	ALL	Reptile__class
obl<obj>conj> ...	4.0	0.14	ALL	Reptile__class
compound<conj>cc> ...	4.0	0.371	ALL	Reptile__class
compound<obl<nmod> ...	4.0	0.095	ALL	Reptile__class
obl< belong	4.0	0.603	ALL	Reptile__class
nsubj<acl>obj> ...	4.0	0.259	ALL	Reptile__class
conj<compound> river	4.0	0.397	ALL	Reptile__class
appos<obl>det> ...	4.0	0.437	ALL	Reptile__class
appos> crocodile	4.0	0.5	ALL	Reptile__class
obl<advmod> not	4.0	0.361	ALL	Reptile__class
obl<acl<nmod> ...	4.0	0.34	ALL	Reptile__class
parataxis<obj> ...	4.0	0.179	ALL	Reptile__class
nmod:poss<nmod>nmod> ...	4.0	0.2	ALL	Reptile__class
nmod<obl<nsubj> crocodile	4.0	0.438	ALL	Reptile__class
obj<conj>obj> ...	4.0	0.208	ALL	Reptile__class
nmod<obj<aux> may	4.0	0.288	ALL	Reptile__class
amod>compound> ...	4.0	0.406	ALL	Reptile__class
conj<parataxis>nsubj> ...	4.0	0.213	ALL	Reptile__class
nmod< guide	4.0	0.505	ALL	Reptile__class
conj<nsubj<obj> ...	4.0	0.583	ALL	Reptile__class
nmod<nmod>case> on	4.0	0.289	ALL	Reptile__class
nmod> crocodile	4.0	0.759	ALL	Reptile__class
nmod<appos>amod> ...	4.0	0.25	ALL	Reptile__class
obl<advcl>aux:pass> be	4.0	0.397	ALL	Reptile__class
conj<nmod> mammal	4.0	0.5	ALL	Reptile__class
compound<acl:relcl>obl> ...	4.0	0.223	ALL	Reptile__class
ccomp<nsubj>det> ...	4.0	0.202	ALL	Reptile__class
nmod<case> as	4.0	0.742	ALL	Reptile__class
obl<advcl>aux:pass> ...	4.0	0.397	ALL	Reptile__class
conj<advmod>advmod> ...	4.0	0.328	ALL	Reptile__class
conj<conj>aux:pass> be	4.0	0.343	ALL	Reptile__class
nsubj<parataxis>obj> ...	4.0	0.322	ALL	Reptile__class
conj<flat> ...	4.0	0.321	ALL	Reptile__class
nsubj<advmod> more	4.0	0.942	ALL	Reptile__class
obj<nmod> ...	4.0	0.309	ALL	Reptile__class
obj<nmod>case> ...	4.0	0.619	ALL	Reptile__class
nmod<parataxis>obj> ...	4.0	0.429	ALL	Reptile__class
compound<compound<compound> ...	4.0	0.353	ALL	Reptile__class
conj<acl:relcl> ...	4.0	0.311	ALL	Reptile__class
nmod<conj<obj< include	4.0	0.534	ALL	Reptile__class
nsubj> Crocodile	4.0	0.543	ALL	Reptile__class
nmod:poss<nsubj<aux> ...	4.0	0.398	ALL	Reptile__class
nsubj<advmod> ever	4.0	1.007	ALL	Reptile__class
nsubj<appos>det> ...	4.0	0.664	ALL	Reptile__class
obl<nsubj> which	4.0	0.929	ALL	Reptile__class
appos<case> to	4.0	0.493	ALL	Reptile__class
ccomp<aux:pass> ...	4.0	0.525	ALL	Reptile__class
obl<advcl>nsubj:pass> ...	4.0	0.346	ALL	Reptile__class
conj<conj>obj> turtle	4.0	0.274	ALL	Reptile__class
nmod<conj<conj> frog	4.0	1.109	ALL	Reptile__class
nmod<conj<conj> salamander	4.0	1.177	ALL	Reptile__class
compound<case> with	4.0	0.316	ALL	Reptile__class
obl<conj>cop> ...	4.0	0.292	ALL	Reptile__class
appos< crocodile	4.0	0.458	ALL	Reptile__class
nsubj:pass<conj>amod> ...	4.0	0.315	ALL	Reptile__class
nmod>nmod>compound> ...	4.0	0.337	ALL	Reptile__class
nsubj<obl>case> than	4.0	1.022	ALL	Reptile__class
obl<obj>compound> ...	4.0	0.411	ALL	Reptile__class
acl:relcl>aux> can	4.0	0.248	ALL	Reptile__class
nmod<obj<acl:relcl< ...	4.0	0.406	ALL	Reptile__class
obl<ccomp> ...	4.0	0.333	ALL	Reptile__class
obj<conj<conj> turtle	4.0	0.39	ALL	Reptile__class
nsubj<advcl>conj> ...	4.0	0.248	ALL	Reptile__class
nsubj:pass<advmod> also	4.0	0.687	ALL	Reptile__class
parataxis<advmod> ...	4.0	0.463	ALL	Reptile__class
nmod<conj<conj> turtle	4.0	1.142	ALL	Reptile__class
nsubj:pass<advcl>mark> as	4.0	0.381	ALL	Reptile__class
conj<nsubj> predator	4.0	0.48	ALL	Reptile__class
conj<compound>compound> ...	4.0	0.419	ALL	Reptile__class
conj<nsubj>nmod:poss> ...	4.0	0.43	ALL	Reptile__class
obl<advcl<nsubj:pass> ...	4.0	0.402	ALL	Reptile__class
nmod<nmod:poss>det> ...	4.0	0.588	ALL	Reptile__class
obl<advcl<aux:pass> ...	4.0	0.32	ALL	Reptile__class
compound<conj>compound> ...	4.0	0.389	ALL	Reptile__class
advcl>obl> ...	4.0	0.536	ALL	Reptile__class
nsubj<obl>acl> ...	4.0	0.266	ALL	Reptile__class
nsubj< species	4.0	0.744	ALL	Reptile__class
obj<advcl<aux> have	4.0	0.567	ALL	Reptile__class
obl<advcl>nsubj> ...	4.0	0.362	ALL	Reptile__class
acl:relcl>aux:pass> be	4.0	0.22	ALL	Reptile__class
advcl>advcl> ...	4.0	0.216	ALL	Reptile__class
conj>aux:pass> ...	4.0	0.453	ALL	Reptile__class
advmod> only	4.0	0.47	ALL	Reptile__class
obl<aux> can	4.0	0.448	ALL	Reptile__class
obl<xcomp<nsubj:pass> ...	4.0	0.177	ALL	Reptile__class
conj<nsubj> they	4.0	0.614	ALL	Reptile__class
xcomp<nsubj> ...	4.0	0.395	ALL	Reptile__class
obl<xcomp<cop> be	4.0	0.303	ALL	Reptile__class
obj<obl>nmod> ...	4.0	0.143	ALL	Reptile__class
obj<xcomp>mark> to	4.0	0.356	ALL	Reptile__class
list>nummod> ...	4.0	0.458	ALL	Reptile__class
nsubj:pass<obl>case> for	4.0	0.501	ALL	Reptile__class
nsubj<conj>aux> have	4.0	0.517	ALL	Reptile__class
nsubj:pass<advcl< ...	4.0	0.235	ALL	Reptile__class
nsubj<obl>conj> caiman	4.0	0.589	ALL	Reptile__class
conj<obl<nsubj> caiman	4.0	0.411	ALL	Reptile__class
compound< keeper	4.0	0.397	ALL	Reptile__class
conj>amod> related	4.0	0.403	ALL	Reptile__class
nsubj<amod> only	4.0	0.325	ALL	Reptile__class
nsubj<acl:relcl>obj> ...	4.0	0.306	ALL	Reptile__class
nsubj<conj>nsubj:pass> ...	4.0	0.367	ALL	Reptile__class
conj<nsubj<mark> ...	4.0	0.557	ALL	Reptile__class
nmod<nsubj:pass<conj> ...	4.0	0.519	ALL	Reptile__class
obl<xcomp<cop> ...	4.0	0.303	ALL	Reptile__class
nmod<appos>compound> ...	4.0	0.416	ALL	Reptile__class
obl<xcomp<conj< ...	4.0	0.202	ALL	Reptile__class
obl<xcomp<cc> ...	4.0	0.357	ALL	Reptile__class
obj<advcl<aux:pass> be	4.0	0.653	ALL	Reptile__class
nsubj<advcl<aux> ...	4.0	0.31	ALL	Reptile__class
advcl>obl>case> ...	4.0	0.4	ALL	Reptile__class
compound<conj<det> the	4.0	0.323	ALL	Reptile__class
conj>obj>amod> ...	4.0	0.419	ALL	Reptile__class
obj<parataxis>nsubj> ...	4.0	0.391	ALL	Reptile__class
conj<compound> jacare	4.0	0.37	ALL	Reptile__class
conj<obl<advmod> commonly	4.0	0.541	ALL	Reptile__class
obl<conj>cop> be	4.0	0.292	ALL	Reptile__class
conj<amod> small	4.0	0.694	ALL	Reptile__class
nsubj<advcl>det> ...	4.0	0.511	ALL	Reptile__class
obl<acl<obl< ...	4.0	0.503	ALL	Reptile__class
nsubj<case> among	4.0	0.289	ALL	Reptile__class
obj<nsubj> which	4.0	0.356	ALL	Reptile__class
nmod<acl>obl> ...	4.0	0.229	ALL	Reptile__class
conj>acl> ...	4.0	0.54	ALL	Reptile__class
parataxis>obj> ...	4.0	0.308	ALL	Reptile__class
nsubj>nmod> ...	4.0	0.287	ALL	Reptile__class
nsubj>nmod>case> ...	4.0	0.61	ALL	Reptile__class
obj<xcomp>mark> ...	4.0	0.356	ALL	Reptile__class
amod<det> ...	4.0	0.5	ALL	Reptile__class
acl>obl>conj> ...	4.0	0.34	ALL	Reptile__class
appos<conj>det> the	4.0	0.628	ALL	Reptile__class
conj<nsubj>amod> other	4.0	0.204	ALL	Reptile__class
nmod<obl<conj< ...	4.0	0.198	ALL	Reptile__class
compound<amod> green	4.0	0.331	ALL	Reptile__class
nmod<nmod>case> from	4.0	0.345	ALL	Reptile__class
nsubj<parataxis>nsubj> they	4.0	0.34	ALL	Reptile__class
nmod<obl<cc> ...	4.0	0.292	ALL	Reptile__class
cc:preconj> ...	4.0	0.479	ALL	Reptile__class
nsubj< feed	4.0	0.814	ALL	Reptile__class
acl:relcl>nsubj:pass> ...	4.0	0.298	ALL	Reptile__class
compound<conj<obj< ...	4.0	0.376	ALL	Reptile__class
acl:relcl>aux:pass> ...	4.0	0.22	ALL	Reptile__class
obl<xcomp>mark> to	4.0	0.268	ALL	Reptile__class
conj<amod> chinese	4.0	0.721	ALL	Reptile__class
nsubj>appos> ...	4.0	0.217	ALL	Reptile__class
conj<mark> that	4.0	0.601	ALL	Reptile__class
conj<nmod>nummod> ...	4.0	0.319	ALL	Reptile__class
nmod<nmod< one	4.0	0.4	ALL	Reptile__class
flat<det> ...	4.0	0.296	ALL	Reptile__class
compound<nmod>case> of	4.0	0.417	ALL	Reptile__class
flat> icenicus	4.0	0.152	ALL	Reptile__class
appos<nsubj>amod> ...	4.0	0.321	ALL	Reptile__class
nsubj<ccomp<conj> ...	4.0	0.511	ALL	Reptile__class
appos>amod> Evolutionary	4.0	0.355	ALL	Reptile__class
conj<conj<nmod> ...	4.0	0.538	ALL	Reptile__class
flat<appos> ...	4.0	0.279	ALL	Reptile__class
appos<appos> crocodile	4.0	0.411	ALL	Reptile__class
obl<advcl<advcl> ...	4.0	0.562	ALL	Reptile__class
conj<parataxis< ...	4.0	0.39	ALL	Reptile__class
nmod<obl<acl:relcl< ...	4.0	0.221	ALL	Reptile__class
nsubj<obj>conj> dog	4.0	1.059	ALL	Reptile__class
mark> as	4.0	0.399	ALL	Reptile__class
obl<acl:relcl<det> ...	4.0	0.57	ALL	Reptile__class
conj<nmod> species	4.0	0.513	ALL	Reptile__class
nmod<obl< find	4.0	0.345	ALL	Reptile__class
nmod<conj<nsubj> ...	4.0	0.548	ALL	Reptile__class
conj<conj>aux:pass> ...	4.0	0.343	ALL	Reptile__class
obl<parataxis<cop> be	4.0	0.334	ALL	Reptile__class
conj<acl>obj> ...	4.0	0.352	ALL	Reptile__class
appos<conj>cc> or	4.0	0.723	ALL	Reptile__class
conj<obl<appos> crocodilian	4.0	0.318	ALL	Reptile__class
nsubj< hunt	4.0	0.575	ALL	Reptile__class
conj<appos>nmod:poss> ...	4.0	0.879	ALL	Reptile__class
obl<xcomp>mark> ...	4.0	0.268	ALL	Reptile__class
amod<conj>cc> ...	4.0	0.59	ALL	Reptile__class
conj<conj>nsubj:pass> ...	4.0	0.407	ALL	Reptile__class
conj<nmod<obl> ...	4.0	0.346	ALL	Reptile__class
conj<appos>nmod> ...	4.0	0.471	ALL	Reptile__class
conj<nmod<nsubj< ...	4.0	0.433	ALL	Reptile__class
conj<obj<obl> ...	4.0	0.269	ALL	Reptile__class
obj<advcl<aux:pass> ...	4.0	0.653	ALL	Reptile__class
conj<nmod>case> such	4.0	0.546	ALL	Reptile__class
compound<advmod> ...	4.0	0.519	ALL	Reptile__class
advcl<advmod> ...	4.0	0.342	ALL	Reptile__class
conj<obj<advmod> also	4.0	0.521	ALL	Reptile__class
nmod<conj<nmod< ...	4.0	0.58	ALL	Reptile__class
obj<advcl<nsubj:pass> ...	4.0	0.332	ALL	Reptile__class
obl<obl>case> by	4.0	0.432	ALL	Reptile__class
advmod> occasionally	4.0	0.481	ALL	Reptile__class
conj<obl>det> ...	4.0	0.372	ALL	Reptile__class
nmod<nsubj<advcl< ...	4.0	0.573	ALL	Reptile__class
conj<advcl>mark> ...	4.0	0.432	ALL	Reptile__class
nmod<conj<obj< ...	4.0	0.534	ALL	Reptile__class
acl>obj>compound> ...	4.0	0.217	ALL	Reptile__class
nmod<nmod<nsubj:pass< ...	4.0	0.479	ALL	Reptile__class
appos> biology	4.0	0.456	ALL	Reptile__class
nmod<nsubj<parataxis> ...	4.0	0.219	ALL	Reptile__class
obj<aux:pass> ...	4.0	0.374	ALL	Reptile__class
obl<nsubj>list> ...	4.0	0.259	ALL	Reptile__class
list<list>nummod> ...	4.0	0.394	ALL	Reptile__class
obl<advmod> closely	4.0	0.234	ALL	Reptile__class
obj<aux:pass> be	4.0	0.374	ALL	Reptile__class
compound<acl> find	4.0	0.436	ALL	Reptile__class
nsubj<nmod:poss> ...	4.0	0.301	ALL	Reptile__class
conj<obl<conj> species	4.0	0.323	ALL	Reptile__class
obl<acl<obj< ...	4.0	0.224	ALL	Reptile__class
conj<nmod>case> include	4.0	0.595	ALL	Reptile__class
compound>conj>cc> and	4.0	0.604	ALL	Reptile__class
obj<acl:relcl<appos> ...	4.0	0.384	ALL	Reptile__class
appos>det> a	3.0	0.395	ALL	Reptile__class
conj<appos<appos> ...	3.0	0.298	ALL	Reptile__class
nmod>amod>advmod> ...	3.0	0.186	ALL	Reptile__class
nmod<obj<aux:pass> ...	3.0	0.196	ALL	Reptile__class
conj<obl<acl:relcl> ...	3.0	0.545	ALL	Reptile__class
obj<advcl>aux> ...	3.0	0.401	ALL	Reptile__class
nmod<nsubj:pass<appos> ...	3.0	0.121	ALL	Reptile__class
nmod<obl>case> ...	3.0	0.486	ALL	Reptile__class
conj>advmod> not	3.0	0.582	ALL	Reptile__class
compound<obj<aux> ...	3.0	0.383	ALL	Reptile__class
compound<conj<obl< ...	3.0	0.231	ALL	Reptile__class
nsubj:pass<conj>cc> but	3.0	0.285	ALL	Reptile__class
obj<advcl>conj> ...	3.0	0.178	ALL	Reptile__class
conj>compound> sea	3.0	0.44	ALL	Reptile__class
nmod<obl< similar	3.0	0.524	ALL	Reptile__class
conj<amod> move	3.0	0.649	ALL	Reptile__class
conj<conj< Morelet	3.0	0.585	ALL	Reptile__class
obl<xcomp<aux> ...	3.0	0.256	ALL	Reptile__class
acl:relcl>obl>compound> ...	3.0	0.224	ALL	Reptile__class
compound<amod>compound> New	3.0	0.772	ALL	Reptile__class
nsubj:pass<mark> when	3.0	0.351	ALL	Reptile__class
obl<advcl<mark> ...	3.0	0.266	ALL	Reptile__class
compound>amod> eastern	3.0	0.465	ALL	Reptile__class
nsubj>acl> ...	3.0	0.189	ALL	Reptile__class
nmod<amod> wide	3.0	0.545	ALL	Reptile__class
obj<advcl>obl> ...	3.0	0.348	ALL	Reptile__class
conj<conj>nummod> marine	3.0	0.296	ALL	Reptile__class
acl:relcl> have	3.0	0.44	ALL	Reptile__class
conj<appos<conj> ...	3.0	0.434	ALL	Reptile__class
nummod> two	3.0	0.502	ALL	Reptile__class
conj<obj<nsubj> that	3.0	0.349	ALL	Reptile__class
advcl<nsubj> ...	3.0	0.618	ALL	Reptile__class
conj<obl<ccomp< ...	3.0	0.482	ALL	Reptile__class
conj>acl>obl> ...	3.0	0.345	ALL	Reptile__class
obj<xcomp>obl> ...	3.0	0.359	ALL	Reptile__class
compound<amod> fly	3.0	0.251	ALL	Reptile__class
obj<aux> be	3.0	0.371	ALL	Reptile__class
appos<obj< ...	3.0	0.353	ALL	Reptile__class
nmod>nmod:poss> they	3.0	0.466	ALL	Reptile__class
conj<parataxis>obl> ...	3.0	0.256	ALL	Reptile__class
nsubj> it	3.0	0.431	ALL	Reptile__class
obj<nsubj>det> a	3.0	0.452	ALL	Reptile__class
nmod<conj<obl> ...	3.0	0.499	ALL	Reptile__class
conj<conj<det> the	3.0	0.141	ALL	Reptile__class
compound>amod> american	3.0	0.458	ALL	Reptile__class
obl<acl:relcl<nmod< ...	3.0	0.446	ALL	Reptile__class
obj<acl:relcl<appos< ...	3.0	0.407	ALL	Reptile__class
nsubj:pass<conj>nsubj:pass> ...	3.0	0.475	ALL	Reptile__class
conj<conj>amod> spot	3.0	0.41	ALL	Reptile__class
amod>advmod> very	3.0	0.687	ALL	Reptile__class
conj<appos<conj< ...	3.0	0.285	ALL	Reptile__class
nsubj<parataxis<nsubj> ...	3.0	0.285	ALL	Reptile__class
obj<ccomp<nsubj> ...	3.0	0.295	ALL	Reptile__class
acl>obj>conj> ...	3.0	0.47	ALL	Reptile__class
nsubj:pass<conj>obl> ...	3.0	0.307	ALL	Reptile__class
nmod<parataxis>conj> ...	3.0	0.274	ALL	Reptile__class
nsubj:pass<parataxis> ...	3.0	0.41	ALL	Reptile__class
nmod>amod> late	3.0	0.671	ALL	Reptile__class
nsubj<acl:relcl<case> ...	3.0	0.265	ALL	Reptile__class
conj<obl<advcl> ...	3.0	0.412	ALL	Reptile__class
nsubj<parataxis<obl> ...	3.0	0.355	ALL	Reptile__class
nmod:poss>conj>conj> crocodile	3.0	0.247	ALL	Reptile__class
obl<advcl>cop> ...	3.0	0.669	ALL	Reptile__class
nsubj:pass<xcomp> have	3.0	0.339	ALL	Reptile__class
nsubj<conj>aux> can	3.0	0.461	ALL	Reptile__class
conj<advcl>nsubj> ...	3.0	0.362	ALL	Reptile__class
nsubj<obl>det> this	3.0	0.539	ALL	Reptile__class
nmod<obl<acl< ...	3.0	0.41	ALL	Reptile__class
conj<conj<case> 's	3.0	0.374	ALL	Reptile__class
conj<appos<cc> ...	3.0	0.38	ALL	Reptile__class
nsubj:pass< consider	3.0	0.363	ALL	Reptile__class
conj<obl<amod< ...	3.0	0.3	ALL	Reptile__class
nmod<list<conj> ...	3.0	0.457	ALL	Reptile__class
nsubj<advmod> likely	3.0	1.025	ALL	Reptile__class
conj<conj<nmod:poss< crocodile	3.0	0.236	ALL	Reptile__class
nmod:poss> Morelet	3.0	0.302	ALL	Reptile__class
acl:relcl< ...	3.0	0.464	ALL	Reptile__class
nsubj:pass<parataxis<obl> ...	3.0	0.274	ALL	Reptile__class
obj<nmod>amod> ...	3.0	0.401	ALL	Reptile__class
nsubj:pass<nsubj:pass>det> ...	3.0	0.441	ALL	Reptile__class
nmod<appos>det> the	3.0	0.524	ALL	Reptile__class
conj<conj>cc> Crocodylus	3.0	0.445	ALL	Reptile__class
obl<appos>nmod> ...	3.0	0.209	ALL	Reptile__class
obl>det> ...	3.0	0.287	ALL	Reptile__class
nmod<obl<mark> that	3.0	0.351	ALL	Reptile__class
nsubj>nmod:poss> ...	3.0	0.151	ALL	Reptile__class
conj<conj>det> some	3.0	0.549	ALL	Reptile__class
obl>nmod> ...	3.0	0.431	ALL	Reptile__class
nsubj<ccomp>obj> ...	3.0	0.238	ALL	Reptile__class
appos>conj> behavior	3.0	0.552	ALL	Reptile__class
nmod<nsubj<appos> ...	3.0	0.186	ALL	Reptile__class
nsubj<amod> apex	3.0	0.386	ALL	Reptile__class
nsubj<conj<obl> ...	3.0	0.461	ALL	Reptile__class
nsubj<cc> but	3.0	0.378	ALL	Reptile__class
nsubj<nmod>nummod> ...	3.0	0.152	ALL	Reptile__class
conj<nsubj>advmod> ...	3.0	0.373	ALL	Reptile__class
conj<aux:pass> be	3.0	0.337	ALL	Reptile__class
nsubj:pass<nsubj:pass> ...	3.0	0.218	ALL	Reptile__class
nsubj<xcomp>cop> ...	3.0	0.307	ALL	Reptile__class
conj<nsubj:pass<advmod> also	3.0	0.543	ALL	Reptile__class
ccomp<advmod> ...	3.0	0.251	ALL	Reptile__class
nmod<nmod<parataxis> ...	3.0	0.55	ALL	Reptile__class
obj<nsubj> crocodile	3.0	0.218	ALL	Reptile__class
compound<acl:relcl>nsubj> which	3.0	0.786	ALL	Reptile__class
advmod>obl>det> ...	3.0	0.321	ALL	Reptile__class
nmod<det> any	3.0	0.578	ALL	Reptile__class
conj<conj>compound> rock	3.0	0.538	ALL	Reptile__class
nsubj:pass<appos>conj> ...	3.0	0.36	ALL	Reptile__class
obl>nmod>case> ...	3.0	0.283	ALL	Reptile__class
parataxis<obl>case> in	3.0	0.473	ALL	Reptile__class
nsubj<acl:relcl<nsubj> ...	3.0	0.458	ALL	Reptile__class
nmod> India	3.0	0.745	ALL	Reptile__class
cc:preconj> both	3.0	0.525	ALL	Reptile__class
nmod<appos>conj> ...	3.0	0.297	ALL	Reptile__class
obj<parataxis>aux> have	3.0	0.499	ALL	Reptile__class
acl:relcl>obl>case> from	3.0	0.496	ALL	Reptile__class
nmod<nsubj>compound> ...	3.0	0.431	ALL	Reptile__class
obj<parataxis> give	3.0	0.606	ALL	Reptile__class
compound<nmod>case> on	3.0	0.376	ALL	Reptile__class
obl<conj>nsubj> it	3.0	0.473	ALL	Reptile__class
nmod<conj<obl< ...	3.0	0.284	ALL	Reptile__class
compound<obl<conj> ...	3.0	0.364	ALL	Reptile__class
obj<conj>amod> ...	3.0	0.253	ALL	Reptile__class
appos<cop> be	3.0	0.411	ALL	Reptile__class
appos<appos< ...	3.0	0.728	ALL	Reptile__class
conj<nmod<nsubj> ...	3.0	0.3	ALL	Reptile__class
conj<conj>compound> Paraguayan	3.0	0.238	ALL	Reptile__class
obj<conj>advmod> ...	3.0	0.327	ALL	Reptile__class
acl:relcl>conj> ...	3.0	0.444	ALL	Reptile__class
nsubj<aux> might	3.0	0.721	ALL	Reptile__class
nsubj<parataxis<cop> be	3.0	0.426	ALL	Reptile__class
nmod<case> by	3.0	0.77	ALL	Reptile__class
nmod<det> all	3.0	0.6	ALL	Reptile__class
compound<nsubj<cc> ...	3.0	0.258	ALL	Reptile__class
compound<conj>cc> and	3.0	0.454	ALL	Reptile__class
amod>obl:npmod> yellow	3.0	0.626	ALL	Reptile__class
appos<nsubj> species	3.0	0.337	ALL	Reptile__class
nsubj<aux> would	3.0	0.703	ALL	Reptile__class
conj<conj>compound> piranha	3.0	0.516	ALL	Reptile__class
obl<parataxis<nsubj> instance	3.0	0.48	ALL	Reptile__class
compound< nest	3.0	0.488	ALL	Reptile__class
nmod> species	3.0	0.71	ALL	Reptile__class
nmod:poss<compound> ...	3.0	0.343	ALL	Reptile__class
conj>conj>cc> and	3.0	0.458	ALL	Reptile__class
compound<det> any	3.0	0.684	ALL	Reptile__class
conj<nsubj>nmod:poss> they	3.0	0.503	ALL	Reptile__class
conj<nmod<case> to	3.0	0.451	ALL	Reptile__class
obl<parataxis<obj> reptile	3.0	0.492	ALL	Reptile__class
obl<parataxis< include	3.0	0.336	ALL	Reptile__class
nsubj<obl:tmod> ...	3.0	0.57	ALL	Reptile__class
conj<aux:pass> ...	3.0	0.337	ALL	Reptile__class
conj<nsubj:pass> ...	3.0	0.486	ALL	Reptile__class
conj<conj>amod> red	3.0	0.384	ALL	Reptile__class
conj<obl>case> on	3.0	0.6	ALL	Reptile__class
conj<list> ...	3.0	0.281	ALL	Reptile__class
obj<obl>det> a	3.0	0.549	ALL	Reptile__class
conj<conj>amod> spectacled	3.0	0.429	ALL	Reptile__class
conj>nmod:poss> ...	3.0	0.43	ALL	Reptile__class
nmod<appos>det> ...	3.0	0.524	ALL	Reptile__class
conj<conj>amod> southern	3.0	0.373	ALL	Reptile__class
compound<conj<obj> ...	3.0	0.109	ALL	Reptile__class
obl<obl>nmod:poss> ...	3.0	0.321	ALL	Reptile__class
obj<parataxis>obj> rise	3.0	0.526	ALL	Reptile__class
nsubj:pass<advcl<nsubj> ...	3.0	0.429	ALL	Reptile__class
nmod<acl:relcl<case> ...	3.0	0.423	ALL	Reptile__class
compound<amod>compound> ...	3.0	0.772	ALL	Reptile__class
conj<nsubj:pass<conj> ...	3.0	0.287	ALL	Reptile__class
nsubj:pass<advcl<advmod> ...	3.0	0.302	ALL	Reptile__class
conj<conj>amod> various	3.0	0.313	ALL	Reptile__class
compound<nsubj<mark> ...	3.0	0.458	ALL	Reptile__class
nsubj<advcl>aux> can	3.0	0.173	ALL	Reptile__class
conj<obl<amod> ...	3.0	0.508	ALL	Reptile__class
acl:relcl>nsubj> who	3.0	0.229	ALL	Reptile__class
acl:relcl>obj>det> a	3.0	0.374	ALL	Reptile__class
appos>nmod>case> of	3.0	0.531	ALL	Reptile__class
compound<obl<acl< ...	3.0	0.28	ALL	Reptile__class
nmod>conj> bird	3.0	0.639	ALL	Reptile__class
nmod<acl>obj> ...	3.0	0.218	ALL	Reptile__class
nmod<acl>xcomp> ...	3.0	0.26	ALL	Reptile__class
nmod<nsubj<acl> ...	3.0	0.215	ALL	Reptile__class
obl<nsubj>det> a	3.0	0.418	ALL	Reptile__class
conj<conj>case> like	3.0	0.238	ALL	Reptile__class
conj>nummod> ...	3.0	0.383	ALL	Reptile__class
compound<nsubj<ccomp< ...	3.0	0.206	ALL	Reptile__class
nsubj> animal	3.0	0.51	ALL	Reptile__class
compound<nmod<nummod> ...	3.0	0.265	ALL	Reptile__class
compound<amod> spectacle	3.0	0.446	ALL	Reptile__class
nsubj:pass<ccomp<nsubj> ...	3.0	0.33	ALL	Reptile__class
conj<acl:relcl>nsubj> ...	3.0	0.509	ALL	Reptile__class
nsubj:pass<ccomp< ...	3.0	0.645	ALL	Reptile__class
appos<obl<cc> ...	3.0	0.589	ALL	Reptile__class
appos<obl<conj< ...	3.0	0.424	ALL	Reptile__class
compound<nummod> ...	3.0	0.164	ALL	Reptile__class
nmod>case> at	3.0	1.014	ALL	Reptile__class
obl<advcl>conj> ...	3.0	0.544	ALL	Reptile__class
nsubj<advcl<obl> ...	3.0	0.432	ALL	Reptile__class
obl<nsubj<advmod> ...	3.0	0.315	ALL	Reptile__class
appos> niloticus	3.0	0.592	ALL	Reptile__class
advcl>obj> ...	3.0	0.439	ALL	Reptile__class
nmod<nmod<obj< have	3.0	0.532	ALL	Reptile__class
obl<nmod>nmod> ...	3.0	0.321	ALL	Reptile__class
obj<parataxis< ...	3.0	0.283	ALL	Reptile__class
nsubj<nmod>case> with	3.0	0.235	ALL	Reptile__class
nsubj<nmod>det> a	3.0	0.379	ALL	Reptile__class
nsubj<conj> know	3.0	0.196	ALL	Reptile__class
nsubj<appos>det> a	3.0	0.715	ALL	Reptile__class
appos<nmod<cc> ...	3.0	0.7	ALL	Reptile__class
appos<nmod<conj< ...	3.0	0.372	ALL	Reptile__class
nmod<nsubj<ccomp> ...	3.0	0.508	ALL	Reptile__class
compound<nsubj<aux> ...	3.0	0.242	ALL	Reptile__class
appos<nsubj>det> ...	3.0	0.407	ALL	Reptile__class
nmod<obj<appos> ...	3.0	0.236	ALL	Reptile__class
acl:relcl>xcomp> ...	3.0	0.26	ALL	Reptile__class
obl<nmod>compound> ...	3.0	0.223	ALL	Reptile__class
flat<nmod>case> ...	3.0	0.439	ALL	Reptile__class
compound<amod> many	3.0	0.303	ALL	Reptile__class
nsubj<aux> will	3.0	0.753	ALL	Reptile__class
obl<ccomp<conj> ...	3.0	0.359	ALL	Reptile__class
flat<nmod> ...	3.0	0.184	ALL	Reptile__class
amod>nsubj> ...	3.0	0.18	ALL	Reptile__class
acl:relcl>advcl>nsubj> ...	3.0	0.51	ALL	Reptile__class
amod>cop> ...	3.0	0.362	ALL	Reptile__class
nsubj:pass<obl>case> on	3.0	0.491	ALL	Reptile__class
conj>nmod>conj> ...	3.0	0.412	ALL	Reptile__class
conj<nsubj> species	3.0	0.39	ALL	Reptile__class
appos> N	3.0	0.353	ALL	Reptile__class
conj<conj>advmod> even	3.0	0.697	ALL	Reptile__class
obl<xcomp< think	3.0	0.683	ALL	Reptile__class
nsubj:pass<nsubj:pass>det> the	3.0	0.441	ALL	Reptile__class
parataxis<obl>nmod> ...	3.0	0.331	ALL	Reptile__class
nsubj<ccomp< indicate	3.0	0.727	ALL	Reptile__class
nmod>advmod> ...	3.0	0.532	ALL	Reptile__class
obl<advcl> use	3.0	0.494	ALL	Reptile__class
acl>obl>nmod> ...	3.0	0.184	ALL	Reptile__class
appos<appos>nmod:poss> ...	3.0	0.257	ALL	Reptile__class
nmod<advcl<advmod> ...	3.0	0.321	ALL	Reptile__class
appos<nsubj<obl> ...	3.0	0.358	ALL	Reptile__class
nmod<advcl< ...	3.0	0.443	ALL	Reptile__class
nsubj:pass<obl>amod> large	3.0	0.547	ALL	Reptile__class
nmod:poss<nmod>det> the	3.0	0.306	ALL	Reptile__class
compound<nmod<advmod> ...	3.0	0.301	ALL	Reptile__class
nsubj:pass<obl>case> as	3.0	0.514	ALL	Reptile__class
nmod<nsubj:pass<advcl> ...	3.0	0.307	ALL	Reptile__class
nmod<obj<aux:pass> be	3.0	0.196	ALL	Reptile__class
nsubj:pass<parataxis< ...	3.0	0.368	ALL	Reptile__class
nsubj<parataxis>obl> ...	3.0	0.582	ALL	Reptile__class
amod>obl>case> in	3.0	0.479	ALL	Reptile__class
nsubj<conj<conj> ...	3.0	0.365	ALL	Reptile__class
nsubj<acl<det> the	3.0	0.32	ALL	Reptile__class
acl>obj>amod> ...	3.0	0.247	ALL	Reptile__class
nmod<conj> species	3.0	0.261	ALL	Reptile__class
nsubj<appos>nmod> ...	3.0	0.478	ALL	Reptile__class
acl:relcl> live	3.0	0.415	ALL	Reptile__class
conj<obj<cc> ...	3.0	0.302	ALL	Reptile__class
compound<obl<obj> ...	3.0	0.355	ALL	Reptile__class
obj<aux> can	3.0	0.281	ALL	Reptile__class
nsubj<acl:relcl<amod> ...	3.0	0.309	ALL	Reptile__class
obl<nsubj> that	3.0	0.898	ALL	Reptile__class
obl<obl>det> a	3.0	0.411	ALL	Reptile__class
compound<obl<nsubj:pass> specimen	3.0	0.308	ALL	Reptile__class
conj<obj>det> a	3.0	0.32	ALL	Reptile__class
nmod> young	3.0	0.69	ALL	Reptile__class
nsubj<acl:relcl<cop> ...	3.0	0.223	ALL	Reptile__class
nmod<compound> field	3.0	0.672	ALL	Reptile__class
nmod<list<conj> species	3.0	0.457	ALL	Reptile__class
compound<appos<appos> ...	3.0	0.335	ALL	Reptile__class
obl<acl<cop> ...	3.0	0.325	ALL	Reptile__class
obl<acl<nsubj> ...	3.0	0.184	ALL	Reptile__class
compound<nmod>appos> ...	3.0	0.224	ALL	Reptile__class
obl<advcl>mark> although	3.0	0.587	ALL	Reptile__class
appos<obl<obl> ...	3.0	0.171	ALL	Reptile__class
nmod<advcl<obl> ...	3.0	0.251	ALL	Reptile__class
obl<nmod>case> to	3.0	0.252	ALL	Reptile__class
nsubj<advmod>advmod> most	3.0	0.42	ALL	Reptile__class
nsubj<advmod> closely	3.0	0.886	ALL	Reptile__class
nmod<nmod<nmod< ...	3.0	0.302	ALL	Reptile__class
nmod<case>fixed> to	3.0	0.423	ALL	Reptile__class
nsubj<parataxis<cop> ...	3.0	0.426	ALL	Reptile__class
nmod<advmod> however	3.0	0.276	ALL	Reptile__class
obl:npmod<amod<obj< ...	3.0	0.783	ALL	Reptile__class
conj<obj<advcl< ...	3.0	0.196	ALL	Reptile__class
acl:relcl>obl>amod> same	3.0	0.303	ALL	Reptile__class
conj<compound> Nile	3.0	0.439	ALL	Reptile__class
conj<advcl>obj> ...	3.0	0.543	ALL	Reptile__class
nmod<nsubj:pass< find	3.0	0.57	ALL	Reptile__class
conj<obl<aux> can	3.0	0.257	ALL	Reptile__class
nmod:poss<nmod>det> ...	3.0	0.306	ALL	Reptile__class
nmod:poss<obj<nsubj> ...	3.0	0.478	ALL	Reptile__class
conj<nsubj:pass< eat	3.0	0.291	ALL	Reptile__class
appos<obl<nsubj:pass> ...	3.0	0.43	ALL	Reptile__class
nsubj<ccomp<obl> ...	3.0	0.161	ALL	Reptile__class
obl<ccomp<aux:pass> ...	3.0	0.444	ALL	Reptile__class
conj>cc> &	3.0	0.67	ALL	Reptile__class
nmod> Australia	3.0	0.738	ALL	Reptile__class
obl<ccomp<nsubj:pass> ...	3.0	0.49	ALL	Reptile__class
nsubj<obl>advmod> ...	3.0	0.36	ALL	Reptile__class
obl<nmod>det> ...	3.0	0.59	ALL	Reptile__class
obj<acl<goeswith> br	3.0	0.455	ALL	Reptile__class
obj<acl<goeswith> ></	3.0	0.628	ALL	Reptile__class
obj<acl< br	3.0	0.498	ALL	Reptile__class
obj<acl<appos> href=/nature/22062931	3.0	0.522	ALL	Reptile__class
nsubj<xcomp>cop> be	3.0	0.307	ALL	Reptile__class
obl<obj> rise	3.0	0.356	ALL	Reptile__class
conj<obl<parataxis> ...	3.0	0.501	ALL	Reptile__class
acl>obl>case> at	3.0	0.319	ALL	Reptile__class
obl<obl>nummod> ...	3.0	0.294	ALL	Reptile__class
obl<acl<cop> be	3.0	0.325	ALL	Reptile__class
obl<parataxis>cop> ...	3.0	0.286	ALL	Reptile__class
compound< population	3.0	0.696	ALL	Reptile__class
nsubj:pass<obl>appos> ...	3.0	0.269	ALL	Reptile__class
nsubj<obl>case> of	3.0	0.889	ALL	Reptile__class
nsubj:pass< sigh	3.0	0.27	ALL	Reptile__class
appos<cop> ...	3.0	0.411	ALL	Reptile__class
nsubj:pass<obl>case> during	3.0	0.583	ALL	Reptile__class
nmod<obl<parataxis< ...	3.0	0.319	ALL	Reptile__class
nmod<obj< consider	3.0	0.521	ALL	Reptile__class
obl<advmod< ...	3.0	0.455	ALL	Reptile__class
conj<obl<advcl< ...	3.0	0.377	ALL	Reptile__class
obl<advmod<advmod> ...	3.0	0.335	ALL	Reptile__class
obl<advmod<nsubj> ...	3.0	0.435	ALL	Reptile__class
obl<obl>acl> ...	3.0	0.342	ALL	Reptile__class
compound< tortoise	3.0	0.498	ALL	Reptile__class
compound<nmod:poss>case> 's	3.0	0.144	ALL	Reptile__class
nmod<obj< include	3.0	0.49	ALL	Reptile__class
obl<conj<cop> be	3.0	0.359	ALL	Reptile__class
compound<amod> large	3.0	0.247	ALL	Reptile__class
conj<appos<nsubj> ...	3.0	0.4	ALL	Reptile__class
nmod>compound> order	3.0	0.401	ALL	Reptile__class
compound<obj<mark> ...	3.0	0.5	ALL	Reptile__class
compound<nmod<acl:relcl> ...	3.0	0.298	ALL	Reptile__class
conj<xcomp< ...	3.0	0.599	ALL	Reptile__class
appos<nmod<nmod> ...	3.0	0.197	ALL	Reptile__class
nmod<parataxis>nsubj> ...	3.0	0.233	ALL	Reptile__class
obl<conj<advcl> ...	3.0	0.379	ALL	Reptile__class
obl<conj<cop> ...	3.0	0.359	ALL	Reptile__class
conj<obl<mark> ...	3.0	0.379	ALL	Reptile__class
obl<conj>aux> ...	3.0	0.441	ALL	Reptile__class
obl<conj>aux:pass> ...	3.0	0.522	ALL	Reptile__class
obl<compound> ...	3.0	0.181	ALL	Reptile__class
compound<conj<advmod> ...	3.0	0.427	ALL	Reptile__class
nsubj<obj>amod> large	3.0	0.357	ALL	Reptile__class
acl:relcl>obj>conj> ...	3.0	0.32	ALL	Reptile__class
conj>amod> amphibian	3.0	0.44	ALL	Reptile__class
aux> ...	3.0	0.327	ALL	Reptile__class
amod<obl<advmod> ...	3.0	0.425	ALL	Reptile__class
compound<det> some	3.0	0.739	ALL	Reptile__class
acl>obl>case> of	3.0	0.258	ALL	Reptile__class
conj<nmod< guide	3.0	0.26	ALL	Reptile__class
conj<nmod<amod> Photographic	3.0	0.458	ALL	Reptile__class
amod<amod> ...	3.0	0.318	ALL	Reptile__class
conj>det> any	3.0	0.399	ALL	Reptile__class
appos<obl>case> in	3.0	0.386	ALL	Reptile__class
appos<obl>det> the	3.0	0.461	ALL	Reptile__class
conj>det> some	3.0	0.358	ALL	Reptile__class
amod>advmod> only	3.0	0.683	ALL	Reptile__class
nsubj>conj> crocodile	3.0	0.52	ALL	Reptile__class
obl<parataxis>obl> ...	3.0	0.328	ALL	Reptile__class
nsubj<parataxis<parataxis> ...	3.0	0.398	ALL	Reptile__class
nmod<nsubj<aux> may	3.0	0.484	ALL	Reptile__class
nsubj>nmod>case> of	3.0	0.6	ALL	Reptile__class
appos<nsubj>det> the	3.0	0.407	ALL	Reptile__class
obl<det> the	3.0	0.958	ALL	Reptile__class
conj<obj<nsubj> it	3.0	0.355	ALL	Reptile__class
conj<obj<nsubj> animal	3.0	0.336	ALL	Reptile__class
obj<obl>case> for	3.0	0.481	ALL	Reptile__class
compound<conj<det> both	3.0	0.234	ALL	Reptile__class
obj<acl<det> the	3.0	0.35	ALL	Reptile__class
compound<conj<case> in	3.0	0.599	ALL	Reptile__class
advcl>advcl>obl> ...	3.0	0.237	ALL	Reptile__class
appos<nmod>case> of	3.0	0.448	ALL	Reptile__class
obl<conj<aux> ...	3.0	0.302	ALL	Reptile__class
nmod<obl<nsubj> they	3.0	0.32	ALL	Reptile__class
flat> Chamaeleonidae	3.0	0.292	ALL	Reptile__class
obj< breed	3.0	0.469	ALL	Reptile__class
appos<appos> Bradypodion	3.0	0.563	ALL	Reptile__class
nmod:poss<nmod< ...	3.0	0.436	ALL	Reptile__class
obl<conj>aux> have	3.0	0.441	ALL	Reptile__class
compound>nmod>amod> ...	3.0	0.322	ALL	Reptile__class
obl:npmod<amod<det> a	3.0	0.631	ALL	Reptile__class
obl<parataxis<obj> ...	3.0	0.492	ALL	Reptile__class
conj<amod> american	3.0	0.831	ALL	Reptile__class
appos<nmod< Phylogenetic	3.0	0.369	ALL	Reptile__class
xcomp<nsubj>amod> ...	3.0	0.503	ALL	Reptile__class
compound<conj< lizard	3.0	0.446	ALL	Reptile__class
nmod:poss<obl< ...	3.0	0.361	ALL	Reptile__class
conj<nmod< prey	3.0	0.263	ALL	Reptile__class
nsubj<obj> species	3.0	0.238	ALL	Reptile__class
conj>case> like	3.0	0.693	ALL	Reptile__class
advcl>advcl>mark> ...	3.0	0.635	ALL	Reptile__class
conj>obl>nmod:poss> ...	3.0	0.569	ALL	Reptile__class
nsubj<conj>conj> ...	3.0	0.287	ALL	Reptile__class
nmod<obl<advmod> also	3.0	0.353	ALL	Reptile__class
nmod<nsubj> it	3.0	0.457	ALL	Reptile__class
nmod>nmod:poss>case> 's	3.0	0.498	ALL	Reptile__class
nsubj<parataxis<nmod> ...	3.0	0.23	ALL	Reptile__class
obl>det> the	3.0	0.287	ALL	Reptile__class
appos<nmod<cc> and	3.0	0.7	ALL	Reptile__class
conj<nmod< carnivore	3.0	0.354	ALL	Reptile__class
obl>nmod>case> of	3.0	0.283	ALL	Reptile__class
list<appos> ...	3.0	0.328	ALL	Reptile__class
obl< prey	3.0	0.877	ALL	Reptile__class
nmod<acl>advmod> ...	3.0	0.24	ALL	Reptile__class
compound<nsubj<mark> that	3.0	0.458	ALL	Reptile__class
advcl<obl>case> ...	3.0	0.623	ALL	Reptile__class
compound< database	3.0	0.38	ALL	Reptile__class
amod<conj>cc> and	3.0	0.618	ALL	Reptile__class
conj<obj<acl:relcl< ...	3.0	0.302	ALL	Reptile__class
obj< attack	3.0	0.416	ALL	Reptile__class
obj<nsubj> they	3.0	0.386	ALL	Reptile__class
appos<obl<cc> and	3.0	0.589	ALL	Reptile__class
compound<list> ...	3.0	0.245	ALL	Reptile__class
nsubj<aux> could	3.0	0.718	ALL	Reptile__class
conj<obl>conj> ...	3.0	0.43	ALL	Reptile__class
compound<appos<list> ...	3.0	0.351	ALL	Reptile__class
compound<nmod:poss>case> ...	3.0	0.144	ALL	Reptile__class
nmod<conj<conj> terrestrial	3.0	1.162	ALL	Reptile__class
nmod<nmod<nsubj> ...	3.0	0.284	ALL	Reptile__class
nsubj<acl:relcl<cop> be	3.0	0.223	ALL	Reptile__class
obj<conj<ccomp< ...	3.0	0.504	ALL	Reptile__class
nmod<conj<conj> lizard	3.0	1.12	ALL	Reptile__class
conj<conj>amod> american	3.0	0.423	ALL	Reptile__class
nmod<conj<conj> sphenodont	3.0	1.105	ALL	Reptile__class
conj<conj<parataxis< ...	3.0	0.219	ALL	Reptile__class
conj<conj>compound> River	3.0	0.33	ALL	Reptile__class
obj<conj<obj> ...	3.0	0.421	ALL	Reptile__class
obl<obj>nummod> ...	3.0	0.25	ALL	Reptile__class
xcomp<conj<advmod> ...	3.0	0.657	ALL	Reptile__class
nmod<conj<conj> crocodylomorph	3.0	1.097	ALL	Reptile__class
obl<appos>det> ...	3.0	0.565	ALL	Reptile__class
conj<conj<nmod:poss< ...	3.0	0.236	ALL	Reptile__class
advcl<obl> ...	3.0	0.575	ALL	Reptile__class
conj<conj>nmod:poss> ...	3.0	0.43	ALL	Reptile__class
obj<advcl<nsubj> they	3.0	0.183	ALL	Reptile__class
amod< species	3.0	0.647	ALL	Reptile__class
acl:relcl<nmod>case> ...	3.0	0.531	ALL	Reptile__class
amod<case> in	3.0	0.605	ALL	Reptile__class
nmod<nmod<case> of	3.0	0.619	ALL	Reptile__class
acl:relcl<nmod>compound> ...	3.0	0.544	ALL	Reptile__class
ccomp<obl>case> in	3.0	0.474	ALL	Reptile__class
compound<case> than	3.0	0.232	ALL	Reptile__class
compound<acl:relcl>nsubj> ...	3.0	0.786	ALL	Reptile__class
ccomp<nsubj:pass> ...	3.0	0.383	ALL	Reptile__class
acl:relcl>obl>case> as	3.0	0.755	ALL	Reptile__class
conj>obl>case> in	3.0	0.371	ALL	Reptile__class
nmod:poss<nsubj<obl> ...	3.0	0.425	ALL	Reptile__class
compound<acl:relcl> ...	3.0	0.437	ALL	Reptile__class
conj<amod> large	3.0	0.7	ALL	Reptile__class
conj<obj<nsubj> prey	3.0	0.313	ALL	Reptile__class
ccomp< suggest	3.0	0.243	ALL	Reptile__class
nsubj> these	3.0	0.465	ALL	Reptile__class
nsubj<ccomp<mark> ...	3.0	0.399	ALL	Reptile__class
amod<obl<nsubj> ...	3.0	0.3	ALL	Reptile__class
conj<conj>advmod> especially	3.0	0.552	ALL	Reptile__class
obj<conj<nmod> ...	3.0	0.283	ALL	Reptile__class
obl<obl>nmod:poss> they	3.0	0.321	ALL	Reptile__class
flat<det> a	3.0	0.324	ALL	Reptile__class
obl>amod> ...	3.0	0.275	ALL	Reptile__class
nmod<acl:relcl>obj> ...	3.0	0.725	ALL	Reptile__class
nsubj<conj> hyena	3.0	0.284	ALL	Reptile__class
amod>cop> be	3.0	0.362	ALL	Reptile__class
obj< allow	3.0	0.303	ALL	Reptile__class
conj<conj>compound> water	3.0	0.339	ALL	Reptile__class
conj>conj>amod> ...	3.0	0.47	ALL	Reptile__class
nmod:poss< range	3.0	0.399	ALL	Reptile__class
acl> know	3.0	0.495	ALL	Reptile__class
obl<parataxis>cop> be	3.0	0.286	ALL	Reptile__class
conj<parataxis>advmod> especially	3.0	0.348	ALL	Reptile__class
conj<obl<cc> and	3.0	0.483	ALL	Reptile__class
parataxis>obj>det> ...	3.0	0.506	ALL	Reptile__class
nsubj>conj>cc> and	3.0	0.42	ALL	Reptile__class
conj<case> among	3.0	0.397	ALL	Reptile__class
obl<nsubj>compound> sea	3.0	0.453	ALL	Reptile__class
obl<ccomp<aux:pass> be	3.0	0.444	ALL	Reptile__class
nsubj:pass<obj>nmod> ...	3.0	0.325	ALL	Reptile__class
compound<obl<mark> to	3.0	0.315	ALL	Reptile__class
nmod> environment	3.0	0.601	ALL	Reptile__class
conj<conj>nsubj> ...	3.0	0.331	ALL	Reptile__class
nmod>nmod:poss>case> ...	3.0	0.498	ALL	Reptile__class
obl<obj>amod> long	3.0	0.383	ALL	Reptile__class
obl<obj> distance	3.0	0.318	ALL	Reptile__class
parataxis<conj>amod> ...	3.0	0.725	ALL	Reptile__class
obl< kill	3.0	0.625	ALL	Reptile__class
obl<conj>nsubj> they	3.0	0.536	ALL	Reptile__class
obj<parataxis>obj> ...	3.0	0.526	ALL	Reptile__class
obj<parataxis>aux> ...	3.0	0.499	ALL	Reptile__class
acl:relcl> feed	3.0	0.511	ALL	Reptile__class
nsubj<obl> reptile	3.0	0.677	ALL	Reptile__class
conj<nmod>compound> ...	3.0	0.218	ALL	Reptile__class
conj<nsubj<advcl> ...	3.0	0.475	ALL	Reptile__class
advcl>nsubj> they	3.0	0.546	ALL	Reptile__class
advcl>advcl>mark> to	3.0	0.635	ALL	Reptile__class
nsubj:pass<obl>flat> ...	3.0	0.351	ALL	Reptile__class
nsubj<nsubj>det> ...	3.0	0.581	ALL	Reptile__class
acl:relcl>advmod> where	3.0	0.323	ALL	Reptile__class
nsubj<ccomp<nsubj> study	3.0	0.387	ALL	Reptile__class
conj<nmod< predator	3.0	0.307	ALL	Reptile__class
nmod<conj>obj> ...	3.0	0.327	ALL	Reptile__class
compound<nmod< list	3.0	0.261	ALL	Reptile__class
obj< take	3.0	0.402	ALL	Reptile__class
nmod<compound>amod> ...	3.0	0.293	ALL	Reptile__class
conj<ccomp< be	3.0	0.499	ALL	Reptile__class
obl<conj>aux:pass> be	3.0	0.522	ALL	Reptile__class
nsubj<obj>advmod> ...	3.0	0.232	ALL	Reptile__class
obl<parataxis<amod> ...	3.0	0.408	ALL	Reptile__class
nmod<obl<advcl< ...	3.0	0.174	ALL	Reptile__class
nmod<conj<compound> ...	3.0	0.222	ALL	Reptile__class
obj<advcl>mark> though	3.0	0.366	ALL	Reptile__class
nmod<nsubj:pass<advmod> also	3.0	0.463	ALL	Reptile__class
obl<amod<det> the	3.0	0.249	ALL	Reptile__class
parataxis>nsubj> they	3.0	0.52	ALL	Reptile__class
nsubj<conj<obj> ...	3.0	0.284	ALL	Reptile__class
obj<obl>conj> ...	3.0	0.344	ALL	Reptile__class
parataxis<obl>conj> ...	3.0	0.319	ALL	Reptile__class
nsubj<advcl>aux> ...	3.0	0.173	ALL	Reptile__class
conj<nmod< reptiles	2.0	0.326	ALL	Reptile__class
acl>aux:pass> ...	2.0	0.38	ALL	Reptile__class
obj<obl> species	2.0	0.357	ALL	Reptile__class
acl:relcl> flood	2.0	0.473	ALL	Reptile__class
conj<nmod<obj< take	2.0	0.221	ALL	Reptile__class
nmod<case>fixed> as	2.0	0.386	ALL	Reptile__class
appos>appos> century	2.0	0.71	ALL	Reptile__class
compound<nmod>case> from	2.0	0.338	ALL	Reptile__class
compound<obl<acl:relcl< ...	2.0	0.565	ALL	Reptile__class
amod<acl:relcl<advmod> ...	2.0	0.687	ALL	Reptile__class
xcomp< become	2.0	0.317	ALL	Reptile__class
obj<xcomp<obj> ...	2.0	0.612	ALL	Reptile__class
conj<nmod<obl< similar	2.0	0.582	ALL	Reptile__class
nmod<obj<xcomp< able	2.0	0.565	ALL	Reptile__class
obl<nsubj> it	2.0	0.862	ALL	Reptile__class
obl<amod> related	2.0	0.207	ALL	Reptile__class
nummod>compound> ...	2.0	0.252	ALL	Reptile__class
obj<advcl<cop> ...	2.0	0.212	ALL	Reptile__class
advmod> highly	2.0	0.423	ALL	Reptile__class
obj<xcomp<advmod> ...	2.0	0.418	ALL	Reptile__class
compound<cop> ...	2.0	0.321	ALL	Reptile__class
obl<obl>case> instead	2.0	0.5	ALL	Reptile__class
compound<acl>advmod> ...	2.0	0.459	ALL	Reptile__class
compound<list<flat> Crocodylus	2.0	0.224	ALL	Reptile__class
nsubj<obl>appos> ft	2.0	0.494	ALL	Reptile__class
parataxis>obj>amod> ...	2.0	0.269	ALL	Reptile__class
compound<case> as	2.0	0.214	ALL	Reptile__class
appos< word	2.0	0.575	ALL	Reptile__class
conj>obj>det> ...	2.0	0.285	ALL	Reptile__class
nsubj<conj>advmod> then	2.0	0.516	ALL	Reptile__class
nmod<obl<mark> to	2.0	0.251	ALL	Reptile__class
nsubj<acl:relcl< possibility	2.0	0.521	ALL	Reptile__class
nmod>obl>case> ...	2.0	0.534	ALL	Reptile__class
compound<nsubj> ...	2.0	0.309	ALL	Reptile__class
obj<parataxis>obl> vertebrate	2.0	0.364	ALL	Reptile__class
compound<obj<aux> have	2.0	0.452	ALL	Reptile__class
obj<xcomp<obl> ...	2.0	0.277	ALL	Reptile__class
compound<obl<amod> related	2.0	0.642	ALL	Reptile__class
appos<obl<advmod> ...	2.0	0.36	ALL	Reptile__class
appos<obl<obj> ...	2.0	0.384	ALL	Reptile__class
nmod<amod> first	2.0	0.546	ALL	Reptile__class
acl:relcl>obj>conj> reptile	2.0	0.295	ALL	Reptile__class
conj<nsubj<mark> that	2.0	0.52	ALL	Reptile__class
obj<conj>aux:pass> ...	2.0	0.428	ALL	Reptile__class
nsubj<obl>nummod> four	2.0	0.713	ALL	Reptile__class
ccomp>nsubj>amod> ...	2.0	0.387	ALL	Reptile__class
obj<conj>aux> ...	2.0	0.266	ALL	Reptile__class
conj>amod> aquatic	2.0	0.399	ALL	Reptile__class
conj<amod> aquatic	2.0	0.632	ALL	Reptile__class
advcl> hatchl	2.0	0.499	ALL	Reptile__class
parataxis>conj>amod> ...	2.0	0.562	ALL	Reptile__class
appos>nmod> discoveries	2.0	0.49	ALL	Reptile__class
conj<amod>amod> traditional	2.0	0.385	ALL	Reptile__class
flat<nmod>compound> ...	2.0	0.453	ALL	Reptile__class
flat<nmod>det> ...	2.0	0.192	ALL	Reptile__class
conj<appos> pinyin	2.0	0.429	ALL	Reptile__class
nmod>compound> crocodile	2.0	0.346	ALL	Reptile__class
parataxis<obj>nmod> ...	2.0	0.606	ALL	Reptile__class
flat<amod> ...	2.0	0.289	ALL	Reptile__class
parataxis<obj>compound> ...	2.0	0.339	ALL	Reptile__class
nmod<advcl<advmod> first	2.0	0.401	ALL	Reptile__class
appos<nsubj<cop> be	2.0	0.31	ALL	Reptile__class
acl:relcl<nmod>det> the	2.0	0.471	ALL	Reptile__class
parataxis>conj>cop> ...	2.0	0.395	ALL	Reptile__class
obj<nsubj>list> ...	2.0	0.456	ALL	Reptile__class
obj<acl:relcl<acl> ...	2.0	0.354	ALL	Reptile__class
amod>conj>cc> or	2.0	0.476	ALL	Reptile__class
amod>conj> omnivorous	2.0	0.229	ALL	Reptile__class
acl>obl> alligator	2.0	0.511	ALL	Reptile__class
advcl>obj>nmod:poss> ...	2.0	0.325	ALL	Reptile__class
nmod<advmod> also	2.0	0.333	ALL	Reptile__class
conj>obj>nmod> ...	2.0	0.725	ALL	Reptile__class
nmod<nmod>case> such	2.0	0.217	ALL	Reptile__class
compound<amod> thistle	2.0	0.304	ALL	Reptile__class
parataxis>conj>cc> ...	2.0	0.479	ALL	Reptile__class
obj<advcl< observe	2.0	0.338	ALL	Reptile__class
acl>advmod> also	2.0	0.549	ALL	Reptile__class
nmod<obj<xcomp< allow	2.0	0.541	ALL	Reptile__class
obj<acl:relcl<cc:preconj> ...	2.0	0.413	ALL	Reptile__class
nsubj> which	2.0	0.408	ALL	Reptile__class
nsubj>conj>compound> ...	2.0	0.576	ALL	Reptile__class
nsubj>compound> Nile	2.0	0.623	ALL	Reptile__class
nmod<conj>nmod> Britain	2.0	0.696	ALL	Reptile__class
obl<acl:relcl<det> the	2.0	0.557	ALL	Reptile__class
nmod<obj<nsubj> it	2.0	0.335	ALL	Reptile__class
obl<advcl>compound:prt> ...	2.0	0.322	ALL	Reptile__class
obl<acl> ...	2.0	0.324	ALL	Reptile__class
obl<acl>obj> ...	2.0	0.338	ALL	Reptile__class
nsubj<conj>compound:prt> up	2.0	0.52	ALL	Reptile__class
obl<conj> find	2.0	0.362	ALL	Reptile__class
obl<amod<cop> be	2.0	0.499	ALL	Reptile__class
nsubj<advcl> use	2.0	0.497	ALL	Reptile__class
obl<nsubj< ...	2.0	0.46	ALL	Reptile__class
conj<cc:preconj> both	2.0	0.341	ALL	Reptile__class
obl<amod<det> a	2.0	0.197	ALL	Reptile__class
compound<obl<aux> ...	2.0	0.373	ALL	Reptile__class
nsubj<obl> length	2.0	0.923	ALL	Reptile__class
conj<nmod<cc> ...	2.0	0.324	ALL	Reptile__class
advcl>obl>det> ...	2.0	0.424	ALL	Reptile__class
conj<nmod>det> a	2.0	0.152	ALL	Reptile__class
nsubj<acl<nsubj< ...	2.0	0.483	ALL	Reptile__class
nsubj<obl>amod> different	2.0	0.402	ALL	Reptile__class
acl> compare	2.0	0.418	ALL	Reptile__class
parataxis<nsubj>amod> ...	2.0	0.255	ALL	Reptile__class
nmod<conj> Amphibians	2.0	0.194	ALL	Reptile__class
obl<nsubj:pass>nummod> ...	2.0	0.38	ALL	Reptile__class
obl<nsubj:pass>acl> ...	2.0	0.442	ALL	Reptile__class
nsubj<acl<amod> ...	2.0	0.335	ALL	Reptile__class
conj<compound> desert	2.0	0.391	ALL	Reptile__class
conj<obl< operate	2.0	0.296	ALL	Reptile__class
appos<flat> Crocodylus	2.0	0.475	ALL	Reptile__class
conj<acl> nesting	2.0	0.269	ALL	Reptile__class
ccomp<ccomp< ...	2.0	0.403	ALL	Reptile__class
conj<acl>obj> site	2.0	0.413	ALL	Reptile__class
obj<conj>cop> ...	2.0	0.551	ALL	Reptile__class
ccomp<ccomp<nsubj> ...	2.0	0.401	ALL	Reptile__class
conj>nmod:poss> they	2.0	0.565	ALL	Reptile__class
obj<obl>case> on	2.0	0.518	ALL	Reptile__class
nsubj> Ichthyosaurs	2.0	0.546	ALL	Reptile__class
acl:relcl>advmod> seasonally	2.0	0.312	ALL	Reptile__class
nsubj<conj> snake	2.0	0.247	ALL	Reptile__class
conj<appos< mangrove	2.0	0.392	ALL	Reptile__class
conj<appos<obj> forest	2.0	0.307	ALL	Reptile__class
appos<appos> quail	2.0	0.474	ALL	Reptile__class
nsubj:pass<obl>advmod> ...	2.0	0.589	ALL	Reptile__class
obl<obl>case> during	2.0	0.571	ALL	Reptile__class
appos>compound>compound> ...	2.0	0.203	ALL	Reptile__class
obl<xcomp<expl> ...	2.0	0.474	ALL	Reptile__class
conj<amod>advmod> alongside	2.0	0.552	ALL	Reptile__class
obj<advcl> hunt	2.0	0.543	ALL	Reptile__class
conj<nsubj:pass<nsubj> ...	2.0	0.602	ALL	Reptile__class
compound<nsubj:pass< find	2.0	0.465	ALL	Reptile__class
flat<appos>nmod:poss> Hall	2.0	0.212	ALL	Reptile__class
flat<list> halli	2.0	0.728	ALL	Reptile__class
flat<list>compound> Crocodylus	2.0	0.329	ALL	Reptile__class
obl<nsubj:pass>nmod> ...	2.0	0.325	ALL	Reptile__class
nmod>compound>compound> ...	2.0	0.161	ALL	Reptile__class
flat<flat> acutus	2.0	0.27	ALL	Reptile__class
flat<flat> Crocodylus	2.0	0.421	ALL	Reptile__class
flat<flat> Genus	2.0	0.417	ALL	Reptile__class
nmod<nsubj<advmod> not	2.0	0.359	ALL	Reptile__class
flat< Crocodylinae	2.0	0.39	ALL	Reptile__class
conj<appos<cc> and	2.0	0.466	ALL	Reptile__class
appos<conj>amod> northern	2.0	0.407	ALL	Reptile__class
conj<appos<conj< live	2.0	0.278	ALL	Reptile__class
flat<appos>compound> guinea	2.0	0.259	ALL	Reptile__class
obl<acl<det> a	2.0	0.507	ALL	Reptile__class
conj<nsubj>nummod> ...	2.0	0.167	ALL	Reptile__class
conj>obl>nmod> ...	2.0	0.322	ALL	Reptile__class
conj>obl>advmod> ...	2.0	0.465	ALL	Reptile__class
appos>compound> Chelonoidis	2.0	0.625	ALL	Reptile__class
conj<obl< field	2.0	0.322	ALL	Reptile__class
conj<obl<obj> guide	2.0	0.483	ALL	Reptile__class
nmod>compound> southern	2.0	0.337	ALL	Reptile__class
nsubj<obl> crocodilian	2.0	0.647	ALL	Reptile__class
nsubj<advmod>obl> ...	2.0	0.5	ALL	Reptile__class
appos<amod> southern	2.0	0.363	ALL	Reptile__class
nmod<compound> salt	2.0	0.743	ALL	Reptile__class
appos<amod> african	2.0	0.469	ALL	Reptile__class
nsubj<ccomp>obl> ...	2.0	0.345	ALL	Reptile__class
appos<amod> dwarf	2.0	0.403	ALL	Reptile__class
appos< chameleon	2.0	0.66	ALL	Reptile__class
flat<nsubj<obj> South	2.0	0.243	ALL	Reptile__class
obj<conj<advmod> ...	2.0	0.26	ALL	Reptile__class
flat<nsubj< find	2.0	0.43	ALL	Reptile__class
flat<nmod>det> the	2.0	0.192	ALL	Reptile__class
flat<appos> crocodile	2.0	0.278	ALL	Reptile__class
flat<advmod> Subfamily	2.0	0.385	ALL	Reptile__class
nmod<compound> Nile	2.0	0.577	ALL	Reptile__class
conj<obj<conj> ...	2.0	0.461	ALL	Reptile__class
conj<nmod>case> to	2.0	0.679	ALL	Reptile__class
conj<nmod<advmod> ...	2.0	0.269	ALL	Reptile__class
conj<obj< hunt	2.0	0.44	ALL	Reptile__class
obl<advmod> loosely	2.0	0.448	ALL	Reptile__class
conj<nmod<nmod:poss> ...	2.0	0.229	ALL	Reptile__class
compound<obl< refer	2.0	0.544	ALL	Reptile__class
compound<case> by	2.0	0.351	ALL	Reptile__class
obl<nsubj:pass>advmod> only	2.0	0.464	ALL	Reptile__class
conj<conj>flat> ...	2.0	0.485	ALL	Reptile__class
nsubj:pass<obj>det> ...	2.0	0.38	ALL	Reptile__class
nsubj:pass<conj<aux:pass> ...	2.0	0.481	ALL	Reptile__class
amod>cc> ...	2.0	0.565	ALL	Reptile__class
obl:npmod<amod<case> ...	2.0	0.267	ALL	Reptile__class
nmod<nsubj< include	2.0	0.276	ALL	Reptile__class
compound<conj< monitor	2.0	0.309	ALL	Reptile__class
acl:relcl>obl>advmod> ...	2.0	0.377	ALL	Reptile__class
nmod<obj<advcl< ...	2.0	0.246	ALL	Reptile__class
obl<acl:relcl<cop> be	2.0	0.608	ALL	Reptile__class
nsubj<advcl<mark> ...	2.0	0.497	ALL	Reptile__class
parataxis>obl>det> the	2.0	0.574	ALL	Reptile__class
flat< clade	2.0	0.377	ALL	Reptile__class
nsubj<obl:tmod>det> ...	2.0	0.439	ALL	Reptile__class
conj<nmod<obl< occur	2.0	0.405	ALL	Reptile__class
compound<conj<cop> be	2.0	0.407	ALL	Reptile__class
nmod<conj<amod> finn	2.0	0.539	ALL	Reptile__class
amod<det> some	2.0	0.566	ALL	Reptile__class
nmod<conj< fishes	2.0	0.261	ALL	Reptile__class
obl<xcomp> have	2.0	0.615	ALL	Reptile__class
obl<acl:relcl<nsubj> ...	2.0	0.132	ALL	Reptile__class
conj<nsubj> it	2.0	0.587	ALL	Reptile__class
nsubj<nmod> order	2.0	0.202	ALL	Reptile__class
nmod<nsubj< spend	2.0	0.484	ALL	Reptile__class
advcl>mark> as	2.0	0.525	ALL	Reptile__class
nmod<acl:relcl< ...	2.0	0.531	ALL	Reptile__class
obl<parataxis> have	2.0	0.396	ALL	Reptile__class
conj<nmod<parataxis> ...	2.0	0.631	ALL	Reptile__class
compound<nmod>nmod:poss> ...	2.0	0.236	ALL	Reptile__class
advmod>fixed> ...	2.0	0.286	ALL	Reptile__class
nsubj<conj>compound:prt> ...	2.0	0.52	ALL	Reptile__class
advcl>obj>nmod:poss> they	2.0	0.325	ALL	Reptile__class
parataxis<conj>cc> ...	2.0	0.416	ALL	Reptile__class
nsubj:pass<xcomp>advcl> ...	2.0	0.247	ALL	Reptile__class
nsubj:pass<conj>compound> ...	2.0	0.268	ALL	Reptile__class
nmod<nsubj<mark> although	2.0	0.397	ALL	Reptile__class
compound<nmod> gecko	2.0	0.501	ALL	Reptile__class
conj<appos>advmod> ...	2.0	0.418	ALL	Reptile__class
nsubj:pass< suggest	2.0	0.392	ALL	Reptile__class
nmod<conj>advmod> ...	2.0	0.501	ALL	Reptile__class
compound<nmod>case> to	2.0	0.405	ALL	Reptile__class
acl:relcl>xcomp>mark> to	2.0	0.397	ALL	Reptile__class
parataxis>compound>appos> ...	2.0	0.313	ALL	Reptile__class
conj>conj>nummod> marine	2.0	0.524	ALL	Reptile__class
obj<aux> have	2.0	0.359	ALL	Reptile__class
det> that	2.0	0.702	ALL	Reptile__class
compound<acl:relcl>aux> can	2.0	0.533	ALL	Reptile__class
nsubj:pass<obl> hippo	2.0	0.45	ALL	Reptile__class
conj>appos>appos> ...	2.0	0.276	ALL	Reptile__class
xcomp<conj<obl> ...	2.0	0.369	ALL	Reptile__class
nmod:poss<case> of	2.0	0.549	ALL	Reptile__class
conj>case> on	2.0	0.676	ALL	Reptile__class
conj<nmod<cop> ...	2.0	0.472	ALL	Reptile__class
obj<nmod> hibernation	2.0	0.323	ALL	Reptile__class
obj<nmod>case> for	2.0	0.576	ALL	Reptile__class
nsubj<obl> species	2.0	0.56	ALL	Reptile__class
conj>obj>det> the	2.0	0.285	ALL	Reptile__class
obl<obj> scale	2.0	0.401	ALL	Reptile__class
appos> reptile	2.0	0.493	ALL	Reptile__class
conj<advmod> as	2.0	0.525	ALL	Reptile__class
nmod<conj>obl> ...	2.0	0.675	ALL	Reptile__class
nmod<nmod< species	2.0	0.39	ALL	Reptile__class
nmod>acl:relcl>aux:pass> be	2.0	0.577	ALL	Reptile__class
acl:relcl>obj>appos> ...	2.0	0.491	ALL	Reptile__class
compound<nsubj:pass<aux> have	2.0	0.244	ALL	Reptile__class
compound<amod> first	2.0	0.486	ALL	Reptile__class
obj<advcl>nsubj> they	2.0	0.486	ALL	Reptile__class
compound<nmod>case> by	2.0	0.467	ALL	Reptile__class
conj<nmod<amod> aquatic	2.0	0.408	ALL	Reptile__class
nmod<nsubj<case> ...	2.0	0.325	ALL	Reptile__class
conj>nmod>nmod:poss> ...	2.0	0.325	ALL	Reptile__class
nsubj<conj>nmod:poss> ...	2.0	0.529	ALL	Reptile__class
obl<amod<advmod> ...	2.0	0.365	ALL	Reptile__class
nsubj<conj>acl> ...	2.0	0.349	ALL	Reptile__class
conj<nmod<nsubj> they	2.0	0.302	ALL	Reptile__class
nsubj:pass<conj>cc> or	2.0	0.344	ALL	Reptile__class
nmod<obl<cc> and	2.0	0.295	ALL	Reptile__class
nsubj<obl>amod> total	2.0	0.612	ALL	Reptile__class
xcomp<nsubj:pass>det> the	2.0	0.406	ALL	Reptile__class
nsubj<nummod> ...	2.0	0.276	ALL	Reptile__class
nmod>appos>det> ...	2.0	0.212	ALL	Reptile__class
conj<conj>appos> orthopteran	2.0	0.472	ALL	Reptile__class
conj<advmod>cop> be	2.0	0.303	ALL	Reptile__class
conj<advmod> occasionally	2.0	0.494	ALL	Reptile__class
conj<advmod>csubj> Supplement	2.0	0.323	ALL	Reptile__class
compound<nmod> size	2.0	0.415	ALL	Reptile__class
appos<obj>amod> ...	2.0	0.253	ALL	Reptile__class
parataxis<cop> ...	2.0	0.443	ALL	Reptile__class
appos<obj> ...	2.0	0.71	ALL	Reptile__class
nsubj<conj>advmod> little	2.0	0.833	ALL	Reptile__class
flat<nmod< ...	2.0	0.218	ALL	Reptile__class
flat<case> ...	2.0	0.263	ALL	Reptile__class
obj<obl>compound> ...	2.0	0.226	ALL	Reptile__class
nsubj<appos>nmod> wingspan	2.0	0.629	ALL	Reptile__class
conj<obj<cc> but	2.0	0.348	ALL	Reptile__class
compound<case> for	2.0	0.291	ALL	Reptile__class
appos<nmod<det> ...	2.0	0.408	ALL	Reptile__class
conj<amod< ...	2.0	0.406	ALL	Reptile__class
obl>compound> ...	2.0	0.309	ALL	Reptile__class
obj<parataxis<compound> ...	2.0	0.3	ALL	Reptile__class
nsubj<conj>obl> behaviour	2.0	0.203	ALL	Reptile__class
conj<parataxis> frog	2.0	0.474	ALL	Reptile__class
parataxis<compound> ...	2.0	0.552	ALL	Reptile__class
nsubj<conj>nsubj> it	2.0	0.31	ALL	Reptile__class
nsubj<amod> fearsome	2.0	0.339	ALL	Reptile__class
acl:relcl<nmod> ...	2.0	0.267	ALL	Reptile__class
nsubj<obj> hibernation	2.0	0.246	ALL	Reptile__class
acl:relcl<nmod>det> ...	2.0	0.471	ALL	Reptile__class
obl<nsubj>nummod> ...	2.0	0.503	ALL	Reptile__class
nsubj:pass<obj>det> the	2.0	0.38	ALL	Reptile__class
nsubj>conj>cc> or	2.0	0.4	ALL	Reptile__class
nsubj<advcl>advmod> not	2.0	0.615	ALL	Reptile__class
obj<conj>aux:pass> be	2.0	0.428	ALL	Reptile__class
nsubj<advcl>nsubj> mammal	2.0	0.317	ALL	Reptile__class
amod>obl:npmod> mammal	2.0	0.188	ALL	Reptile__class
conj>compound> Nile	2.0	0.379	ALL	Reptile__class
nsubj<nmod:poss>det> the	2.0	0.722	ALL	Reptile__class
compound<nsubj<cop> ...	2.0	0.393	ALL	Reptile__class
nsubj<nmod:poss> world	2.0	0.301	ALL	Reptile__class
nsubj<nmod:poss>case> 's	2.0	0.475	ALL	Reptile__class
conj<conj<nsubj> ...	2.0	0.433	ALL	Reptile__class
conj<conj<cop> ...	2.0	0.385	ALL	Reptile__class
nsubj<amod> most	2.0	0.271	ALL	Reptile__class
compound<conj< zoo	2.0	0.458	ALL	Reptile__class
advcl>det> ...	2.0	0.277	ALL	Reptile__class
nsubj:pass<conj<aux:pass> be	2.0	0.481	ALL	Reptile__class
compound<nmod>det> a	2.0	0.403	ALL	Reptile__class
appos<case> as	2.0	0.466	ALL	Reptile__class
nsubj<obl>amod> late	2.0	0.491	ALL	Reptile__class
advmod>obl>det> the	2.0	0.354	ALL	Reptile__class
compound<nmod<case> to	2.0	0.357	ALL	Reptile__class
nsubj<nmod>case> to	2.0	0.206	ALL	Reptile__class
obl<xcomp<advcl< ...	2.0	0.426	ALL	Reptile__class
obl<xcomp<mark> ...	2.0	0.346	ALL	Reptile__class
obj<conj>cop> be	2.0	0.551	ALL	Reptile__class
nmod>conj> insect	2.0	0.613	ALL	Reptile__class
det:predet> all	2.0	0.394	ALL	Reptile__class
compound<nmod<appos> ...	2.0	0.444	ALL	Reptile__class
nmod<compound> we	2.0	0.543	ALL	Reptile__class
conj<nsubj<compound> ...	2.0	0.404	ALL	Reptile__class
nsubj<conj>ccomp> ...	2.0	0.347	ALL	Reptile__class
obj<obj>det> ...	2.0	0.533	ALL	Reptile__class
conj<conj>nmod:poss> Johnstone	2.0	0.446	ALL	Reptile__class
conj<nmod<case> as	2.0	0.506	ALL	Reptile__class
conj<nmod<amod> last	2.0	0.556	ALL	Reptile__class
nsubj:pass<obl> Africa	2.0	0.563	ALL	Reptile__class
conj<nmod<amod> common	2.0	0.463	ALL	Reptile__class
appos<acl:relcl>nsubj> which	2.0	0.465	ALL	Reptile__class
appos< caiman	2.0	0.455	ALL	Reptile__class
nsubj:pass<obl>case> of	2.0	0.511	ALL	Reptile__class
advcl>mark> although	2.0	0.433	ALL	Reptile__class
nsubj<obj> predator	2.0	0.188	ALL	Reptile__class
obl<acl<conj< ...	2.0	0.317	ALL	Reptile__class
appos<obl<nsubj> ...	2.0	0.137	ALL	Reptile__class
nmod<obj< use	2.0	0.572	ALL	Reptile__class
compound<compound> Sea	2.0	0.206	ALL	Reptile__class
ccomp<obl>det> the	2.0	0.464	ALL	Reptile__class
conj>obj>compound> ...	2.0	0.226	ALL	Reptile__class
conj>obj>acl> ...	2.0	0.264	ALL	Reptile__class
conj<nsubj> crocodile	2.0	0.471	ALL	Reptile__class
ccomp<nsubj>det> the	2.0	0.32	ALL	Reptile__class
obl<conj>conj> ...	2.0	0.427	ALL	Reptile__class
obl<advcl>mark> because	2.0	0.714	ALL	Reptile__class
conj<conj>compound> freshwater	2.0	0.292	ALL	Reptile__class
obl<advcl>cop> be	2.0	0.695	ALL	Reptile__class
obl>case> in	2.0	0.423	ALL	Reptile__class
nsubj<acl:relcl>cop> ...	2.0	0.562	ALL	Reptile__class
obl:npmod<amod<compound> ...	2.0	0.745	ALL	Reptile__class
obl:npmod<amod<advmod> ...	2.0	0.146	ALL	Reptile__class
obl>nmod>det> the	2.0	0.545	ALL	Reptile__class
nsubj>amod> most	2.0	0.407	ALL	Reptile__class
appos<conj<flat> ...	2.0	0.525	ALL	Reptile__class
acl:relcl>obj>nmod:poss> they	2.0	0.765	ALL	Reptile__class
nmod:poss<nmod>case> of	2.0	0.436	ALL	Reptile__class
conj<nmod>amod> small	2.0	0.289	ALL	Reptile__class
appos<conj>amod> american	2.0	0.3	ALL	Reptile__class
conj<nmod< ancestor	2.0	0.38	ALL	Reptile__class
appos<nsubj< find	2.0	0.405	ALL	Reptile__class
nsubj<parataxis>case> ...	2.0	0.327	ALL	Reptile__class
conj>obl> length	2.0	0.582	ALL	Reptile__class
obl:npmod<amod<obj< have	2.0	0.769	ALL	Reptile__class
obj<conj<acl:relcl< ...	2.0	0.688	ALL	Reptile__class
nsubj<obj>conj> bird	2.0	1.047	ALL	Reptile__class
nsubj<advcl>mark> although	2.0	0.586	ALL	Reptile__class
conj<obj<mark> while	2.0	0.628	ALL	Reptile__class
conj<nmod> insect	2.0	0.515	ALL	Reptile__class
ccomp<obl>det> ...	2.0	0.464	ALL	Reptile__class
appos<advcl>advmod> ...	2.0	0.269	ALL	Reptile__class
nmod<obj<advmod> not	2.0	0.135	ALL	Reptile__class
nsubj<advcl>advmod> often	2.0	0.612	ALL	Reptile__class
appos< turtle	2.0	0.581	ALL	Reptile__class
parataxis> have	2.0	0.262	ALL	Reptile__class
obl>nmod>det> ...	2.0	0.545	ALL	Reptile__class
conj<acl:relcl>nsubj> that	2.0	0.532	ALL	Reptile__class
obj<nsubj>acl:relcl> ...	2.0	0.348	ALL	Reptile__class
obj<acl<conj> ...	2.0	0.429	ALL	Reptile__class
parataxis>obj>compound> ...	2.0	0.255	ALL	Reptile__class
acl:relcl>obl>nmod> ...	2.0	0.252	ALL	Reptile__class
nsubj<obj>conj> snake	2.0	0.998	ALL	Reptile__class
conj<obj<parataxis< ...	2.0	0.448	ALL	Reptile__class
advmod>obl>case> from	2.0	0.569	ALL	Reptile__class
appos<nmod<acl:relcl> ...	2.0	0.504	ALL	Reptile__class
appos<nsubj<conj> ...	2.0	0.232	ALL	Reptile__class
conj>obl>amod> ...	2.0	0.206	ALL	Reptile__class
appos<amod> black	2.0	0.42	ALL	Reptile__class
nsubj:pass<advcl> have	2.0	0.655	ALL	Reptile__class
appos<nsubj>acl:relcl> attack	2.0	0.221	ALL	Reptile__class
appos<nsubj>amod> other	2.0	0.361	ALL	Reptile__class
nmod<obl< come	2.0	0.254	ALL	Reptile__class
obl<acl<amod> first	2.0	0.302	ALL	Reptile__class
advcl>obl>det> the	2.0	0.424	ALL	Reptile__class
appos<nsubj<amod> ...	2.0	0.246	ALL	Reptile__class
appos<obj<nsubj> ...	2.0	0.331	ALL	Reptile__class
nmod<obl<aux> may	2.0	0.525	ALL	Reptile__class
conj<obl>case> to	2.0	0.581	ALL	Reptile__class
conj<nsubj>acl:relcl> ...	2.0	0.473	ALL	Reptile__class
nmod<obj<nsubj> lizard	2.0	0.442	ALL	Reptile__class
appos<nsubj>acl:relcl> ...	2.0	0.221	ALL	Reptile__class
nmod<nmod> dinosaur	2.0	0.687	ALL	Reptile__class
nmod>nmod>case> such	2.0	0.613	ALL	Reptile__class
nmod<obj<conj> become	2.0	0.338	ALL	Reptile__class
nmod<nmod<nmod< that	2.0	0.361	ALL	Reptile__class
compound<compound<compound< ...	2.0	0.297	ALL	Reptile__class
appos<obl<aux> ...	2.0	0.691	ALL	Reptile__class
compound>case> ...	2.0	0.449	ALL	Reptile__class
conj>acl> live	2.0	0.569	ALL	Reptile__class
nmod:poss>conj> ...	2.0	0.349	ALL	Reptile__class
nmod<conj<nsubj< ...	2.0	0.57	ALL	Reptile__class
conj<appos<det> ...	2.0	0.45	ALL	Reptile__class
conj<appos<compound> ...	2.0	0.239	ALL	Reptile__class
conj<obl<aux> have	2.0	0.343	ALL	Reptile__class
obj<conj> kill	2.0	0.536	ALL	Reptile__class
nsubj<acl:relcl>nsubj> which	2.0	0.214	ALL	Reptile__class
parataxis>obl>case> in	2.0	0.281	ALL	Reptile__class
nmod<nmod<case> due	2.0	0.608	ALL	Reptile__class
ccomp<acl:relcl< ...	2.0	0.284	ALL	Reptile__class
nsubj<acl:relcl>cop> be	2.0	0.562	ALL	Reptile__class
nmod<nmod<nmod:poss> they	2.0	0.372	ALL	Reptile__class
nsubj<obj>amod> long	2.0	0.308	ALL	Reptile__class
nsubj<obj> distance	2.0	0.263	ALL	Reptile__class
conj<appos> gharial	2.0	0.602	ALL	Reptile__class
nmod<obj> ...	2.0	0.378	ALL	Reptile__class
nsubj>nummod> ...	2.0	0.397	ALL	Reptile__class
conj<conj>appos> seba	2.0	0.509	ALL	Reptile__class
obl<obj>nmod:poss> ...	2.0	0.689	ALL	Reptile__class
parataxis>conj>cc> and	2.0	0.479	ALL	Reptile__class
nsubj<acl>mark> to	2.0	0.527	ALL	Reptile__class
conj<obj<acl< ...	2.0	0.433	ALL	Reptile__class
nsubj<amod> crocodilian	2.0	0.275	ALL	Reptile__class
obl:npmod<amod<nmod> ...	2.0	0.386	ALL	Reptile__class
conj>obl>nmod> wild	2.0	0.322	ALL	Reptile__class
conj>obl>advmod> underwater	2.0	0.465	ALL	Reptile__class
nsubj:pass< list	2.0	0.434	ALL	Reptile__class
conj>obl> behaviour	2.0	0.342	ALL	Reptile__class
nsubj<advmod>obl:npmod> ...	2.0	0.565	ALL	Reptile__class
conj>obl>nmod:poss> they	2.0	0.551	ALL	Reptile__class
conj>obl>case> of	2.0	0.335	ALL	Reptile__class
conj<conj>acl:relcl> ...	2.0	0.318	ALL	Reptile__class
conj<advmod>mark> ...	2.0	0.329	ALL	Reptile__class
nsubj<obl>amod> huge	2.0	0.491	ALL	Reptile__class
obj<acl<appos< br	2.0	0.372	ALL	Reptile__class
obj<acl< href=/nature/22062931>	2.0	0.451	ALL	Reptile__class
conj>advmod> little	2.0	0.572	ALL	Reptile__class
advcl<obl>amod> ...	2.0	0.306	ALL	Reptile__class
advcl<obl>det> ...	2.0	0.453	ALL	Reptile__class
advcl<nsubj>det> ...	2.0	0.664	ALL	Reptile__class
parataxis>conj>cop> be	2.0	0.395	ALL	Reptile__class
conj<nmod> tetraspis	2.0	0.556	ALL	Reptile__class
conj<appos>amod> mugger	2.0	0.276	ALL	Reptile__class
conj<nmod>case> Osteolaemus	2.0	0.76	ALL	Reptile__class
compound<obl<parataxis> ...	2.0	0.571	ALL	Reptile__class
nmod<parataxis>obl> ...	2.0	0.378	ALL	Reptile__class
obj<acl<obl< see	2.0	0.528	ALL	Reptile__class
obj<acl<case> as	2.0	0.568	ALL	Reptile__class
obj<acl<amod> good	2.0	0.312	ALL	Reptile__class
nsubj<obl>amod> large	2.0	0.552	ALL	Reptile__class
obj<acl<compound> beginner	2.0	0.274	ALL	Reptile__class
obj<acl< species	2.0	0.303	ALL	Reptile__class
obj<mark> for	2.0	0.528	ALL	Reptile__class
obj<advmod> particularly	2.0	0.684	ALL	Reptile__class
obj<obj> snake	2.0	0.42	ALL	Reptile__class
nmod:poss<conj>cc> and	2.0	0.262	ALL	Reptile__class
obj<conj<nsubj> who	2.0	0.378	ALL	Reptile__class
appos<conj>amod> freshwater	2.0	0.423	ALL	Reptile__class
appos<appos> gharial	2.0	0.397	ALL	Reptile__class
obj<conj< work	2.0	0.459	ALL	Reptile__class
obj<conj<obl> with	2.0	0.29	ALL	Reptile__class
nmod<obl>case> to	2.0	0.555	ALL	Reptile__class
conj<parataxis<nsubj> ...	2.0	0.605	ALL	Reptile__class
nsubj<conj> consider	2.0	0.209	ALL	Reptile__class
nmod<amod> largest	2.0	0.441	ALL	Reptile__class
nmod<amod>advmod> most	2.0	0.288	ALL	Reptile__class
conj<appos>compound> Panthera	2.0	0.278	ALL	Reptile__class
nsubj:pass<conj<nsubj> ...	2.0	0.239	ALL	Reptile__class
conj<appos> pardus	2.0	0.55	ALL	Reptile__class
nmod<appos<nmod> ...	2.0	0.395	ALL	Reptile__class
nsubj<obj>conj> leopard	2.0	0.904	ALL	Reptile__class
compound>compound> baby	2.0	0.395	ALL	Reptile__class
xcomp<nsubj:pass>det> ...	2.0	0.406	ALL	Reptile__class
nsubj>amod> american	2.0	0.351	ALL	Reptile__class
conj<appos>nmod:poss> Morelet	2.0	0.917	ALL	Reptile__class
obl<amod<obl< ...	2.0	0.403	ALL	Reptile__class
obl<amod<case> ...	2.0	0.468	ALL	Reptile__class
nmod>conj>amod> hunt	2.0	0.24	ALL	Reptile__class
nsubj:pass<obl> predator	2.0	0.616	ALL	Reptile__class
conj<amod> black	2.0	0.759	ALL	Reptile__class
conj>acl:relcl>nsubj> ...	2.0	0.47	ALL	Reptile__class
conj>acl:relcl> ...	2.0	0.496	ALL	Reptile__class
conj<nsubj>acl:relcl> attack	2.0	0.473	ALL	Reptile__class
conj<conj>appos> aurata	2.0	0.686	ALL	Reptile__class
nsubj:pass<obl> amount	2.0	0.588	ALL	Reptile__class
obl<amod<acl> ...	2.0	0.451	ALL	Reptile__class
nsubj:pass<obl>nmod> time	2.0	0.557	ALL	Reptile__class
nmod<nsubj<acl< fact	2.0	0.715	ALL	Reptile__class
obj<acl<nmod> ...	2.0	0.619	ALL	Reptile__class
nmod<nsubj> crocodile	2.0	0.369	ALL	Reptile__class
obj<xcomp<acl:relcl< ...	2.0	0.438	ALL	Reptile__class
conj>acl>obl> Islands	2.0	0.36	ALL	Reptile__class
conj>compound>compound> giant	2.0	0.282	ALL	Reptile__class
nsubj<conj>advmod> not	2.0	0.81	ALL	Reptile__class
acl:relcl>advcl>mark> while	2.0	0.628	ALL	Reptile__class
compound<obl< find	2.0	0.631	ALL	Reptile__class
conj<conj>obj> determination	2.0	0.291	ALL	Reptile__class
conj<conj>aux> will	2.0	0.413	ALL	Reptile__class
nsubj<obj> leopard	2.0	0.168	ALL	Reptile__class
obl<advcl>mark> while	2.0	0.525	ALL	Reptile__class
conj<conj>obj> egg	2.0	0.392	ALL	Reptile__class
conj<advmod>mark> albeit	2.0	0.329	ALL	Reptile__class
conj<nsubj> vulture	2.0	0.41	ALL	Reptile__class
conj<advmod>advmod> very	2.0	0.356	ALL	Reptile__class
amod<nmod>compound> ...	2.0	0.427	ALL	Reptile__class
conj<conj>advmod> now	2.0	0.469	ALL	Reptile__class
conj<advmod> rarely	2.0	0.478	ALL	Reptile__class
nmod<nmod>case> with	2.0	0.291	ALL	Reptile__class
obj<nsubj>conj> ...	2.0	0.254	ALL	Reptile__class
amod<advmod> ...	2.0	0.242	ALL	Reptile__class
compound<obj<acl< ...	2.0	0.308	ALL	Reptile__class
compound<obl<xcomp< ...	2.0	0.415	ALL	Reptile__class
nmod<nsubj<compound> ...	2.0	0.251	ALL	Reptile__class
acl:relcl>nsubj> they	2.0	0.246	ALL	Reptile__class
obl<obl>case> with	2.0	0.347	ALL	Reptile__class
nsubj<conj> eat	2.0	0.245	ALL	Reptile__class
amod>compound> cold	2.0	0.396	ALL	Reptile__class
conj<obl<acl:relcl> eat	2.0	0.586	ALL	Reptile__class
amod>compound> warm	2.0	0.417	ALL	Reptile__class
conj<obl<parataxis> another	2.0	0.542	ALL	Reptile__class
compound<nmod<nsubj> crocodile	2.0	0.315	ALL	Reptile__class
conj<obl< creature	2.0	0.304	ALL	Reptile__class
nmod<obj<aux> can	2.0	0.25	ALL	Reptile__class
amod<nmod< ...	2.0	0.548	ALL	Reptile__class
conj<obl<amod> few	2.0	0.446	ALL	Reptile__class
amod<nmod<amod> ...	2.0	0.622	ALL	Reptile__class
amod<nmod<case> ...	2.0	0.427	ALL	Reptile__class
conj<obl<det> the	2.0	0.205	ALL	Reptile__class
conj<obl<case> among	2.0	0.31	ALL	Reptile__class
parataxis<cop> be	2.0	0.443	ALL	Reptile__class
appos<det> a	2.0	0.415	ALL	Reptile__class
conj<obl> carrion	2.0	0.426	ALL	Reptile__class
appos<nmod>det> the	2.0	0.481	ALL	Reptile__class
amod<obl<aux:pass> ...	2.0	0.439	ALL	Reptile__class
amod<obl<nsubj:pass> ...	2.0	0.329	ALL	Reptile__class
conj<conj>cc> but	2.0	0.647	ALL	Reptile__class
conj<nsubj< do	2.0	0.327	ALL	Reptile__class
conj<conj>obl> bird	2.0	0.496	ALL	Reptile__class
obl<parataxis>advcl> ...	2.0	0.233	ALL	Reptile__class
conj<conj>nsubj> it	2.0	0.3	ALL	Reptile__class
obl<acl:relcl<nmod> ...	2.0	0.2	ALL	Reptile__class
nsubj:pass<advcl>aux> ...	2.0	0.518	ALL	Reptile__class
nmod>acl:relcl>nsubj:pass> ...	2.0	0.291	ALL	Reptile__class
conj<nmod:poss>case> 's	2.0	0.483	ALL	Reptile__class
appos>conj> habitat	2.0	0.297	ALL	Reptile__class
conj>appos>compound> ...	2.0	0.26	ALL	Reptile__class
nmod<obl<xcomp< ...	2.0	0.713	ALL	Reptile__class
obl<aux> do	2.0	0.26	ALL	Reptile__class
compound>compound> air	2.0	0.379	ALL	Reptile__class
acl:relcl<det> the	2.0	0.385	ALL	Reptile__class
conj>acl:relcl>nsubj> that	2.0	0.47	ALL	Reptile__class
nsubj<obj>amod> symbiotic	2.0	0.51	ALL	Reptile__class
obl<nsubj:pass> it	2.0	0.573	ALL	Reptile__class
obj<conj>xcomp> leap	2.0	0.369	ALL	Reptile__class
obj<conj> able	2.0	0.593	ALL	Reptile__class
obj<nsubj>flat> Brickell	2.0	0.289	ALL	Reptile__class
obj<nsubj> James	2.0	0.205	ALL	Reptile__class
nmod>appos>compound> ...	2.0	0.412	ALL	Reptile__class
appos<nsubj<cop> ...	2.0	0.31	ALL	Reptile__class
nmod<nsubj>appos> ...	2.0	0.479	ALL	Reptile__class
appos<conj>nmod> ...	2.0	0.53	ALL	Reptile__class
nsubj<conj>appos> ...	2.0	0.33	ALL	Reptile__class
nmod>acl:relcl>aux:pass> ...	2.0	0.577	ALL	Reptile__class
conj<nmod> snake	2.0	0.507	ALL	Reptile__class
conj<obl< feed	2.0	0.418	ALL	Reptile__class
obl<parataxis>det> ...	2.0	0.342	ALL	Reptile__class
obl<parataxis>amod> ...	2.0	0.569	ALL	Reptile__class
conj<nmod>compound> sea	2.0	0.312	ALL	Reptile__class
acl:relcl>nsubj:pass> which	2.0	0.385	ALL	Reptile__class
parataxis>nsubj>det> ...	2.0	0.38	ALL	Reptile__class
obj<nsubj:pass> ...	2.0	0.22	ALL	Reptile__class
conj<nummod> marine	2.0	0.366	ALL	Reptile__class
obj<conj<xcomp> ...	2.0	0.184	ALL	Reptile__class
conj<advmod> therefore	2.0	0.533	ALL	Reptile__class
nmod<acl:relcl<nummod> ...	2.0	0.438	ALL	Reptile__class
nsubj:pass<appos>nmod> ...	2.0	0.184	ALL	Reptile__class
acl>advmod> primarily	2.0	0.541	ALL	Reptile__class
acl>obl>case> from	2.0	0.345	ALL	Reptile__class
advcl>det> a	2.0	0.277	ALL	Reptile__class
nsubj:pass<appos>compound> ...	2.0	0.428	ALL	Reptile__class
obl<advmod> sometimes	2.0	0.5	ALL	Reptile__class
obl<advmod> ever	2.0	0.348	ALL	Reptile__class
conj<conj>conj> mindorensis	2.0	0.547	ALL	Reptile__class
nsubj:pass<appos>det> ...	2.0	0.617	ALL	Reptile__class
nsubj:pass<appos>amod> ...	2.0	0.485	ALL	Reptile__class
nmod>acl:relcl> ...	2.0	0.285	ALL	Reptile__class
nmod>acl:relcl>advmod> ...	2.0	0.548	ALL	Reptile__class
appos<nmod>det> ...	2.0	0.481	ALL	Reptile__class
nmod<nmod<nsubj< be	2.0	0.47	ALL	Reptile__class
conj>amod> iconic	2.0	0.273	ALL	Reptile__class
nmod<cc> rather	2.0	0.514	ALL	Reptile__class
conj<compound> american	2.0	0.524	ALL	Reptile__class
appos<acl:relcl>obj> ...	2.0	0.328	ALL	Reptile__class
appos<acl:relcl>obl> ...	2.0	0.315	ALL	Reptile__class
compound>compound> giant	2.0	0.408	ALL	Reptile__class
obl<advcl>advcl> ...	2.0	0.349	ALL	Reptile__class
conj<conj>compound> Arrau	2.0	0.293	ALL	Reptile__class
conj<conj>advmod> simply	2.0	0.715	ALL	Reptile__class
nmod<cc>fixed> than	2.0	0.492	ALL	Reptile__class
obl<advmod<obl> ...	2.0	0.284	ALL	Reptile__class
conj<nsubj>amod> black	2.0	0.324	ALL	Reptile__class
obl<acl:relcl<det> a	2.0	0.586	ALL	Reptile__class
nsubj<acl:relcl<obl< ...	2.0	0.464	ALL	Reptile__class
nmod>conj> disease	2.0	0.614	ALL	Reptile__class
conj<obl<ccomp> largest	2.0	0.318	ALL	Reptile__class
obl<nsubj:pass> they	2.0	0.598	ALL	Reptile__class
nmod<appos< temperature	2.0	0.351	ALL	Reptile__class
nmod<appos<amod> adverse	2.0	0.268	ALL	Reptile__class
nmod<appos<obj< include	2.0	0.288	ALL	Reptile__class
xcomp<acl:relcl< ...	2.0	0.295	ALL	Reptile__class
obl<obj>nmod> energy	2.0	0.51	ALL	Reptile__class
obl<mark> until	2.0	0.305	ALL	Reptile__class
obl<advmod<conj> ...	2.0	0.503	ALL	Reptile__class
conj<compound>compound> south	2.0	0.461	ALL	Reptile__class
appos<acl:relcl> ...	2.0	0.373	ALL	Reptile__class
appos<acl:relcl>nsubj> ...	2.0	0.465	ALL	Reptile__class
appos<obl>nmod> ...	2.0	0.318	ALL	Reptile__class
nmod<xcomp< ...	2.0	0.416	ALL	Reptile__class
obj<nsubj> mosquito	2.0	0.269	ALL	Reptile__class
obj<nsubj>amod> tiny	2.0	0.45	ALL	Reptile__class
conj>compound>compound> Amazon	2.0	0.343	ALL	Reptile__class
acl>obl> Islands	2.0	0.228	ALL	Reptile__class
acl>obl>compound> Galapagos	2.0	0.148	ALL	Reptile__class
conj>compound> River	2.0	0.463	ALL	Reptile__class
acl> live	2.0	0.457	ALL	Reptile__class
conj<obj< threaten	2.0	0.454	ALL	Reptile__class
conj<obj<aux> be	2.0	0.545	ALL	Reptile__class
conj<obj<nsubj> mosquito	2.0	0.245	ALL	Reptile__class
nmod<nsubj< long	2.0	0.267	ALL	Reptile__class
nsubj<conj> tail	2.0	0.519	ALL	Reptile__class
nsubj<conj>amod> long	2.0	0.617	ALL	Reptile__class
conj<obl<nsubj> turtle	2.0	0.415	ALL	Reptile__class
nsubj<obj> egg	2.0	0.37	ALL	Reptile__class
nsubj:pass<advcl>conj> ...	2.0	0.321	ALL	Reptile__class
nmod>conj> mammal	2.0	0.541	ALL	Reptile__class
cc>fixed> as	2.0	0.435	ALL	Reptile__class
cc>fixed> well	2.0	0.47	ALL	Reptile__class
cc> as	2.0	0.847	ALL	Reptile__class
obl<appos>det> the	2.0	0.555	ALL	Reptile__class
acl:relcl>obl>conj> ...	2.0	0.302	ALL	Reptile__class
appos<obl< know	2.0	0.355	ALL	Reptile__class
nmod>nmod> species	2.0	0.527	ALL	Reptile__class
ccomp<ccomp<aux> ...	2.0	0.449	ALL	Reptile__class
appos<obl<mark> ...	2.0	0.572	ALL	Reptile__class
nsubj<advcl>aux:pass> ...	2.0	0.333	ALL	Reptile__class
nsubj<advcl>nsubj:pass> ...	2.0	0.599	ALL	Reptile__class
mark> though	2.0	0.273	ALL	Reptile__class
appos<appos>flat> ...	2.0	0.628	ALL	Reptile__class
conj<obl< find	2.0	0.716	ALL	Reptile__class
parataxis<aux:pass> be	2.0	0.468	ALL	Reptile__class
nmod<nsubj<cc> and	2.0	0.291	ALL	Reptile__class
nsubj<obl> type	2.0	0.528	ALL	Reptile__class
acl:relcl>advcl> kill	2.0	0.33	ALL	Reptile__class
conj<appos< have	2.0	0.234	ALL	Reptile__class
nsubj>amod> Nile	2.0	0.439	ALL	Reptile__class
nmod<nmod<case> by	2.0	0.487	ALL	Reptile__class
nsubj<nmod>compound> family	2.0	0.38	ALL	Reptile__class
compound<conj<flat> ...	2.0	0.555	ALL	Reptile__class
conj<appos<flat> ...	2.0	0.436	ALL	Reptile__class
compound<appos<compound> ...	2.0	0.561	ALL	Reptile__class
nsubj<parataxis>acl:relcl> ...	2.0	0.609	ALL	Reptile__class
conj<conj>appos> niloticus	2.0	0.733	ALL	Reptile__class
nsubj<parataxis>flat> ...	2.0	0.636	ALL	Reptile__class
compound<obl<advmod> occasionally	2.0	0.765	ALL	Reptile__class
obj<obj>nmod> ...	2.0	0.48	ALL	Reptile__class
appos<nsubj<advmod> ...	2.0	0.305	ALL	Reptile__class
obl<mark> although	2.0	0.596	ALL	Reptile__class
appos<nsubj<ccomp> ...	2.0	0.35	ALL	Reptile__class
nmod>conj> dog	2.0	0.726	ALL	Reptile__class
advcl<obl>det> the	2.0	0.453	ALL	Reptile__class
obl<ccomp>obl> ...	2.0	0.294	ALL	Reptile__class
obj<advcl<cop> be	2.0	0.212	ALL	Reptile__class
obj<xcomp<aux:pass> be	2.0	0.522	ALL	Reptile__class
acl:relcl>obl> predator	2.0	0.3	ALL	Reptile__class
conj<obl<ccomp> ...	2.0	0.318	ALL	Reptile__class
acl>obl>nummod> ...	2.0	0.299	ALL	Reptile__class
advcl<nsubj<aux> ...	2.0	0.281	ALL	Reptile__class
compound<acl>mark> ...	2.0	0.293	ALL	Reptile__class
nsubj:pass<conj<nsubj:pass> ...	2.0	0.505	ALL	Reptile__class
list<flat> ...	2.0	0.362	ALL	Reptile__class
nmod:poss<nsubj<xcomp> ...	2.0	0.224	ALL	Reptile__class
obj<nmod>det> ...	2.0	0.386	ALL	Reptile__class
nmod:poss<nsubj<obj> ...	2.0	0.35	ALL	Reptile__class
obj<nmod>nmod> ...	2.0	0.379	ALL	Reptile__class
nmod<nsubj>nmod> crocodile	2.0	0.376	ALL	Reptile__class
nmod<conj>case> ...	2.0	0.323	ALL	Reptile__class
advmod> actually	2.0	0.322	ALL	Reptile__class
acl> find	2.0	0.522	ALL	Reptile__class
nmod<parataxis>advmod> ...	2.0	0.337	ALL	Reptile__class
amod>obl:npmod>nummod> ...	2.0	0.44	ALL	Reptile__class
appos>compound>nummod> ...	2.0	0.389	ALL	Reptile__class
nmod<nsubj<aux> would	2.0	0.526	ALL	Reptile__class
nsubj:pass<conj>obj> ...	2.0	0.487	ALL	Reptile__class
nsubj<advcl<det> ...	2.0	0.265	ALL	Reptile__class
nmod<nsubj<nmod> crocodile	2.0	0.515	ALL	Reptile__class
nsubj<advcl<case> ...	2.0	0.622	ALL	Reptile__class
conj<nmod:poss> they	2.0	0.848	ALL	Reptile__class
compound<conj<conj< ...	2.0	0.409	ALL	Reptile__class
obj<conj<cop> be	2.0	0.425	ALL	Reptile__class
obl<acl:relcl<cop> ...	2.0	0.608	ALL	Reptile__class
obl<conj<aux> may	2.0	0.361	ALL	Reptile__class
conj<obl>acl> ...	2.0	0.434	ALL	Reptile__class
nsubj<amod> smaller	2.0	0.305	ALL	Reptile__class
conj<nsubj<nmod> family	2.0	0.182	ALL	Reptile__class
obj<conj<amod> largest	2.0	0.387	ALL	Reptile__class
conj<nsubj< member	2.0	0.309	ALL	Reptile__class
flat<appos>compound> ...	2.0	0.259	ALL	Reptile__class
compound<compound> Nile	2.0	0.38	ALL	Reptile__class
conj<obl>case> for	2.0	0.714	ALL	Reptile__class
conj<appos> leatherback	2.0	0.528	ALL	Reptile__class
conj<obj>conj> dog	2.0	0.246	ALL	Reptile__class
conj<aux> have	2.0	0.25	ALL	Reptile__class
conj<appos>appos> coriacea	2.0	0.348	ALL	Reptile__class
conj<appos> loggerhead	2.0	0.689	ALL	Reptile__class
amod>advmod> occasionally	2.0	0.565	ALL	Reptile__class
amod>cc> and	2.0	0.565	ALL	Reptile__class
conj<appos>compound> Caretta	2.0	0.303	ALL	Reptile__class
conj<appos> caretta	2.0	0.44	ALL	Reptile__class
conj<appos>compound> Chelonia	2.0	0.324	ALL	Reptile__class
conj<appos> myda	2.0	0.473	ALL	Reptile__class
conj<nsubj:pass<advmod> regularly	2.0	0.392	ALL	Reptile__class
conj<nsubj:pass<obl> shark	2.0	0.304	ALL	Reptile__class
nsubj:pass<obl>case> because	2.0	0.562	ALL	Reptile__class
list<appos> tortoise	2.0	0.346	ALL	Reptile__class
flat<nsubj< ...	2.0	0.43	ALL	Reptile__class
nmod<nsubj<conj< ...	2.0	0.332	ALL	Reptile__class
nmod<nsubj<cc> ...	2.0	0.291	ALL	Reptile__class
obl<ccomp<advcl< ...	2.0	0.243	ALL	Reptile__class
conj<nsubj<compound> example	2.0	0.404	ALL	Reptile__class
list<compound> ...	2.0	0.201	ALL	Reptile__class
obl<conj<nsubj> crocodile	2.0	0.613	ALL	Reptile__class
nmod<list< ...	2.0	0.182	ALL	Reptile__class
nsubj<advcl>nsubj:pass> they	2.0	0.599	ALL	Reptile__class
conj<nmod< feed	2.0	0.291	ALL	Reptile__class
nsubj:pass<nsubj:pass>nmod> ...	2.0	0.197	ALL	Reptile__class
nmod<obj<nsubj:pass> ...	2.0	0.668	ALL	Reptile__class
nummod>advmod> ...	2.0	0.241	ALL	Reptile__class
nsubj:pass<advmod> now	2.0	0.718	ALL	Reptile__class
nsubj<obj>conj> python	2.0	1.025	ALL	Reptile__class
conj<nmod> bird	2.0	0.47	ALL	Reptile__class
obl<nsubj>cop> ...	2.0	0.478	ALL	Reptile__class
conj<nsubj:pass<xcomp> ...	2.0	0.338	ALL	Reptile__class
conj<conj>compound> extinct	2.0	0.213	ALL	Reptile__class
nsubj<conj<cop> ...	2.0	0.539	ALL	Reptile__class
conj<conj< reptile	2.0	0.503	ALL	Reptile__class
conj<conj<parataxis< Sauropsids	2.0	0.211	ALL	Reptile__class
appos>appos> size	2.0	0.458	ALL	Reptile__class
nsubj<ccomp>det> ...	2.0	0.525	ALL	Reptile__class
nmod<conj<advmod> also	2.0	0.567	ALL	Reptile__class
conj<nmod>case> in	2.0	0.74	ALL	Reptile__class
conj<nmod< range	2.0	0.349	ALL	Reptile__class
compound<conj<conj> species	2.0	0.292	ALL	Reptile__class
obj<acl:relcl<obj< ...	2.0	0.523	ALL	Reptile__class
nsubj<ccomp>advcl> ...	2.0	0.421	ALL	Reptile__class
obj<obl>case> with	2.0	0.539	ALL	Reptile__class
conj<conj>nmod> prey	2.0	0.194	ALL	Reptile__class
nsubj:pass<parataxis<aux:pass> ...	2.0	0.458	ALL	Reptile__class
compound<appos>amod> ...	2.0	0.361	ALL	Reptile__class
compound<appos>det> ...	2.0	0.619	ALL	Reptile__class
nummod> non-marine	2.0	0.282	ALL	Reptile__class
compound<appos> tortoise	2.0	0.626	ALL	Reptile__class
conj<acl> live	2.0	0.218	ALL	Reptile__class
nmod<conj<cop> ...	2.0	0.391	ALL	Reptile__class
nmod<obl< live	2.0	0.48	ALL	Reptile__class
nmod<obl<nsubj> it	2.0	0.339	ALL	Reptile__class
nsubj<obj>conj> cat	2.0	1.092	ALL	Reptile__class
obl<nsubj:pass> determination	2.0	0.609	ALL	Reptile__class
nmod<conj< bird	2.0	0.615	ALL	Reptile__class
obl<nsubj:pass>compound> sex	2.0	0.631	ALL	Reptile__class
conj<nsubj< predator	2.0	0.232	ALL	Reptile__class
nsubj:pass<parataxis>nsubj:pass> ...	2.0	0.489	ALL	Reptile__class
nsubj:pass<parataxis>aux:pass> ...	2.0	0.388	ALL	Reptile__class
nmod>nmod>case> from	2.0	0.541	ALL	Reptile__class
nsubj:pass<parataxis>obl> ...	2.0	0.405	ALL	Reptile__class
nsubj:pass<parataxis<advmod> ...	2.0	0.19	ALL	Reptile__class
obl<nsubj:pass>det> the	2.0	0.627	ALL	Reptile__class
nsubj:pass<parataxis<nsubj:pass> ...	2.0	0.34	ALL	Reptile__class
nsubj<advcl>aux:pass> be	2.0	0.333	ALL	Reptile__class
nmod<obj<parataxis> ...	2.0	0.279	ALL	Reptile__class
flat<nsubj<obj> ...	2.0	0.243	ALL	Reptile__class
obj<acl:relcl< lineage	2.0	0.662	ALL	Reptile__class
obj<acl:relcl<cc:preconj> both	2.0	0.413	ALL	Reptile__class
obj<acl:relcl<appos< Goodrich	2.0	0.414	ALL	Reptile__class
nsubj<nummod> two	2.0	0.276	ALL	Reptile__class
parataxis>obj>det> a	2.0	0.493	ALL	Reptile__class
list<conj>cc> and	2.0	0.502	ALL	Reptile__class
aux> have	2.0	0.379	ALL	Reptile__class
appos< name	2.0	0.501	ALL	Reptile__class
nmod<appos<obj< ...	2.0	0.288	ALL	Reptile__class
nmod<cc>fixed> ...	2.0	0.492	ALL	Reptile__class
nmod<mark> to	2.0	0.28	ALL	Reptile__class
nmod:poss>compound> ...	2.0	0.567	ALL	Reptile__class
nsubj:pass<advcl>nsubj> they	2.0	0.274	ALL	Reptile__class
acl:relcl>obj>acl> ...	2.0	0.255	ALL	Reptile__class
obl<nsubj> who	2.0	0.56	ALL	Reptile__class
obl<obl>appos> ...	2.0	0.232	ALL	Reptile__class
nsubj<nsubj< ...	2.0	0.219	ALL	Reptile__class
conj<acl>advmod> ...	2.0	0.38	ALL	Reptile__class
conj<parataxis>aux> ...	2.0	0.371	ALL	Reptile__class
obl<acl:relcl<case> of	2.0	0.243	ALL	Reptile__class
nsubj<conj> show	2.0	0.294	ALL	Reptile__class
conj<obl<nsubj:pass> they	2.0	0.46	ALL	Reptile__class
obl<xcomp>obl> ...	2.0	0.567	ALL	Reptile__class
nsubj<ccomp< show	2.0	0.763	ALL	Reptile__class
obj<acl:relcl<acl> evolve	2.0	0.354	ALL	Reptile__class
nmod>compound> East	2.0	0.326	ALL	Reptile__class
obj<acl:relcl<appos> Protosauria	2.0	0.442	ALL	Reptile__class
nsubj:pass<xcomp>amod> ...	2.0	0.334	ALL	Reptile__class
nmod:poss<conj> ...	2.0	0.441	ALL	Reptile__class
nmod:poss<conj>compound> ...	2.0	0.272	ALL	Reptile__class
nmod:poss<conj>cc> ...	2.0	0.262	ALL	Reptile__class
nsubj<aux> be	2.0	0.703	ALL	Reptile__class
nsubj<advcl<aux:pass> be	2.0	0.557	ALL	Reptile__class
obj<appos>det> the	2.0	0.248	ALL	Reptile__class
nsubj<conj> species	2.0	0.271	ALL	Reptile__class
compound<det> Gopher	2.0	0.667	ALL	Reptile__class
parataxis<parataxis< ...	2.0	0.37	ALL	Reptile__class
flat<appos>nmod:poss> ...	2.0	0.212	ALL	Reptile__class
obj<nsubj> he	2.0	0.359	ALL	Reptile__class
obj<obl> which	2.0	0.246	ALL	Reptile__class
nmod:poss<nmod>compound> ...	2.0	0.464	ALL	Reptile__class
parataxis<nsubj:pass> ...	2.0	0.113	ALL	Reptile__class
parataxis<aux:pass> ...	2.0	0.468	ALL	Reptile__class
obj<acl:relcl<appos> lizard	2.0	0.375	ALL	Reptile__class
conj<obl>det> the	2.0	0.361	ALL	Reptile__class
conj<obl<det> ...	2.0	0.205	ALL	Reptile__class
conj<obl<case> ...	2.0	0.31	ALL	Reptile__class
nmod<obj<nsubj> crocodile	2.0	0.292	ALL	Reptile__class
compound<list< ...	2.0	0.45	ALL	Reptile__class
compound<list<list> ...	2.0	0.411	ALL	Reptile__class
conj<conj>aux> have	2.0	0.304	ALL	Reptile__class
nmod<det> no	2.0	0.622	ALL	Reptile__class
appos>amod>advmod> ...	2.0	0.331	ALL	Reptile__class
compound<compound<conj< ...	2.0	0.202	ALL	Reptile__class
appos>appos>nummod> ...	2.0	0.503	ALL	Reptile__class
conj<conj>appos> Stenella	2.0	0.737	ALL	Reptile__class
appos<nmod:poss> ...	2.0	0.58	ALL	Reptile__class
nsubj<obl>nmod> predator	2.0	0.391	ALL	Reptile__class
appos<nmod>compound> ...	2.0	0.203	ALL	Reptile__class
conj<parataxis>compound> Dugong	2.0	0.533	ALL	Reptile__class
conj<nmod>amod> many	2.0	0.292	ALL	Reptile__class
conj<parataxis> dugon	2.0	0.389	ALL	Reptile__class
obl<nsubj>flat> ...	2.0	0.29	ALL	Reptile__class
obl<ccomp>nsubj> ...	2.0	0.218	ALL	Reptile__class
conj<obj< mean	2.0	0.493	ALL	Reptile__class
compound<conj<case> such	2.0	0.603	ALL	Reptile__class
amod>obl>compound> ...	2.0	0.259	ALL	Reptile__class
nsubj<advcl<advcl> ...	2.0	0.369	ALL	Reptile__class
nsubj<mark> to	2.0	0.467	ALL	Reptile__class
conj<nmod>nummod> three	2.0	0.495	ALL	Reptile__class
nmod<aux> can	2.0	0.313	ALL	Reptile__class
conj<nmod>amod> largest	2.0	0.315	ALL	Reptile__class
nsubj:pass<obj>amod> ...	2.0	0.28	ALL	Reptile__class
conj<conj>parataxis> spot	2.0	0.269	ALL	Reptile__class
nmod<nsubj<nummod> ...	2.0	0.273	ALL	Reptile__class
nsubj<conj>amod> spot	2.0	0.396	ALL	Reptile__class
compound<nmod<cc> and	2.0	0.406	ALL	Reptile__class
compound<obl<amod> ...	2.0	0.642	ALL	Reptile__class
conj<conj>cop> be	2.0	0.427	ALL	Reptile__class
parataxis> species	2.0	0.26	ALL	Reptile__class
conj<conj>advmod> sometimes	2.0	0.688	ALL	Reptile__class
conj<conj>det> all	2.0	0.501	ALL	Reptile__class
obl<mark> while	2.0	0.577	ALL	Reptile__class
conj>case> in	2.0	0.713	ALL	Reptile__class
nmod<nsubj:pass< record	2.0	0.427	ALL	Reptile__class
compound<nsubj:pass<advmod> ...	2.0	0.655	ALL	Reptile__class
nmod<compound> food	2.0	0.821	ALL	Reptile__class
obj<advcl<obl> reptile	2.0	0.384	ALL	Reptile__class
nmod>nummod> ...	2.0	0.309	ALL	Reptile__class
conj>conj>nummod> ...	2.0	0.524	ALL	Reptile__class
nmod>amod> own	2.0	0.858	ALL	Reptile__class
conj>nmod>acl> ...	2.0	0.575	ALL	Reptile__class
nsubj>acl>obj> ...	2.0	0.378	ALL	Reptile__class
nsubj>det> a	2.0	0.447	ALL	Reptile__class
nmod<obl> ...	2.0	0.479	ALL	Reptile__class
nmod<conj<mark> ...	2.0	0.235	ALL	Reptile__class
compound<conj<advmod> also	2.0	0.462	ALL	Reptile__class
obj<xcomp<nsubj:pass> ...	2.0	0.568	ALL	Reptile__class
obj<xcomp<aux:pass> ...	2.0	0.522	ALL	Reptile__class
nmod<obj< reflect	2.0	0.661	ALL	Reptile__class
obl<nsubj:pass> genera	2.0	0.704	ALL	Reptile__class
advcl<nmod<aux> ...	2.0	0.255	ALL	Reptile__class
obl<acl<obj< have	2.0	0.161	ALL	Reptile__class
compound<obl<parataxis< ...	2.0	0.661	ALL	Reptile__class
nmod<obj<nsubj> this	2.0	0.221	ALL	Reptile__class
obl<advcl>advmod> not	2.0	0.893	ALL	Reptile__class
compound>conj>cc> or	2.0	0.556	ALL	Reptile__class
nsubj:pass<ccomp>obl> ...	2.0	0.305	ALL	Reptile__class
nsubj>appos>compound> ...	2.0	0.486	ALL	Reptile__class
advmod> likely	2.0	0.493	ALL	Reptile__class
conj<nmod<case> of	2.0	0.39	ALL	Reptile__class
obl<advcl<mark> to	2.0	0.284	ALL	Reptile__class
conj<conj>parataxis> ...	2.0	0.269	ALL	Reptile__class
conj<appos<amod> ...	2.0	0.565	ALL	Reptile__class
conj<acl:relcl>obl> ...	2.0	0.274	ALL	Reptile__class
conj>cc>fixed> ...	2.0	0.64	ALL	Reptile__class
nsubj:pass< adapt	2.0	0.321	ALL	Reptile__class
nmod<nmod<nmod:poss> ...	2.0	0.372	ALL	Reptile__class
nmod<flat> ...	2.0	0.125	ALL	Reptile__class
acl> name	2.0	0.345	ALL	Reptile__class
acl>aux:pass> be	2.0	0.38	ALL	Reptile__class
nmod<nsubj<acl< ...	2.0	0.715	ALL	Reptile__class
nmod<obl<nsubj> that	2.0	0.305	ALL	Reptile__class
conj>amod> long	2.0	0.297	ALL	Reptile__class
det:predet> ...	2.0	0.394	ALL	Reptile__class
compound<nmod<case> than	2.0	0.394	ALL	Reptile__class
nsubj<compound:prt> ...	2.0	0.483	ALL	Reptile__class
compound>list>nummod> ...	2.0	0.294	ALL	Reptile__class
obl<xcomp< safe	2.0	0.632	ALL	Reptile__class
nmod<nmod:poss> Egyptians	2.0	0.286	ALL	Reptile__class
obl<xcomp<advmod> ever	2.0	0.869	ALL	Reptile__class
obl<xcomp<expl> it	2.0	0.474	ALL	Reptile__class
obl<xcomp<aux> can	2.0	0.194	ALL	Reptile__class
nmod>nmod>nmod:poss> ...	2.0	0.415	ALL	Reptile__class
obl<parataxis<advmod> ...	2.0	0.4	ALL	Reptile__class
conj<cc:preconj> ...	2.0	0.341	ALL	Reptile__class
appos<aux> ...	2.0	0.596	ALL	Reptile__class
obl<xcomp>obj> ...	2.0	0.263	ALL	Reptile__class
conj<conj>nsubj:pass> evidence	2.0	0.283	ALL	Reptile__class
advcl<aux:pass> be	2.0	0.452	ALL	Reptile__class
nsubj<conj>amod> large	2.0	0.599	ALL	Reptile__class
compound<conj<cop> ...	2.0	0.407	ALL	Reptile__class
nsubj<obl>conj> water	2.0	0.475	ALL	Reptile__class
conj<obl< uncommon	2.0	0.606	ALL	Reptile__class
compound<nmod<obl> ...	2.0	0.225	ALL	Reptile__class
obj< depict	2.0	0.529	ALL	Reptile__class
conj<obl<nsubj> lifestyle	2.0	0.502	ALL	Reptile__class
cc> Crocodylus	2.0	0.596	ALL	Reptile__class
compound<obj<conj> ...	2.0	0.224	ALL	Reptile__class
conj<obl<advmod> however	2.0	0.5	ALL	Reptile__class
punct> ...	2.0	0.196	ALL	Reptile__class
nsubj>amod> Crocodylus	2.0	0.493	ALL	Reptile__class
nmod<conj>appos> ...	2.0	0.331	ALL	Reptile__class
nsubj:pass<conj<advmod> ...	2.0	0.428	ALL	Reptile__class
nsubj:pass<conj<obj> ...	2.0	0.373	ALL	Reptile__class
nsubj:pass<conj<aux> ...	2.0	0.563	ALL	Reptile__class
obl<advmod> commonly	2.0	0.445	ALL	Reptile__class
conj<conj>aux> can	2.0	0.4	ALL	Reptile__class
nsubj<advmod> actually	2.0	1.12	ALL	Reptile__class
conj<conj>cop> ...	2.0	0.427	ALL	Reptile__class
conj<nsubj>amod> american	2.0	0.499	ALL	Reptile__class
appos<obl<nsubj> species	2.0	0.137	ALL	Reptile__class
nmod<obj<xcomp> ...	2.0	0.36	ALL	Reptile__class
nsubj:pass<appos>det> the	2.0	0.617	ALL	Reptile__class
nsubj<obj> one	2.0	0.255	ALL	Reptile__class
appos<obl<aux> can	2.0	0.691	ALL	Reptile__class
appos<obl< gallop	2.0	0.232	ALL	Reptile__class
conj<obj>det> the	2.0	0.364	ALL	Reptile__class
compound<nsubj<cc> but	2.0	0.214	ALL	Reptile__class
appos<amod> cuban	2.0	0.268	ALL	Reptile__class
nsubj<advcl>nsubj> alligator	2.0	0.212	ALL	Reptile__class
appos<conj>amod> african	2.0	0.324	ALL	Reptile__class
nsubj<obj>amod> broad	2.0	0.317	ALL	Reptile__class
appos<conj>amod> dwarf	2.0	0.334	ALL	Reptile__class
compound<nsubj<advmod> rather	2.0	0.475	ALL	Reptile__class
nmod<obl<aux> can	2.0	0.432	ALL	Reptile__class
appos<conj>advmod> even	2.0	0.416	ALL	Reptile__class
conj<obl<advcl> see	2.0	0.429	ALL	Reptile__class
conj<conj>obl> result	2.0	0.497	ALL	Reptile__class
appos<conj>amod> small	2.0	0.436	ALL	Reptile__class
appos<conj>compound> Nile	2.0	0.361	ALL	Reptile__class
conj<obl> human	2.0	0.244	ALL	Reptile__class
acl>obl> reptile	2.0	0.513	ALL	Reptile__class
compound<nmod<cc> ...	2.0	0.406	ALL	Reptile__class
acl>xcomp> ...	2.0	0.245	ALL	Reptile__class
nmod>conj>nmod> ...	2.0	0.38	ALL	Reptile__class
obl<conj>compound> ...	2.0	0.482	ALL	Reptile__class
nmod>conj>compound> ...	2.0	0.158	ALL	Reptile__class
compound<nsubj<cop> be	2.0	0.393	ALL	Reptile__class
obl<advcl>amod> ...	2.0	0.479	ALL	Reptile__class
obl<advcl<appos> ...	2.0	0.47	ALL	Reptile__class
conj<compound<conj< ...	2.0	0.304	ALL	Reptile__class
appos>nmod>case> such	2.0	0.707	ALL	Reptile__class
conj<compound<cc> ...	2.0	0.286	ALL	Reptile__class
nmod<acl:relcl<case> to	2.0	0.41	ALL	Reptile__class
conj<conj<cop> be	2.0	0.385	ALL	Reptile__class
nmod<obl<ccomp> ...	2.0	0.246	ALL	Reptile__class
compound<conj<appos> ...	2.0	0.328	ALL	Reptile__class
nmod<nmod<nsubj:pass< find	2.0	0.56	ALL	Reptile__class
nmod<acl:relcl>advmod> ago	2.0	0.785	ALL	Reptile__class
nmod<acl:relcl> live	2.0	0.428	ALL	Reptile__class
obl<advcl<compound:prt> ...	2.0	0.455	ALL	Reptile__class
conj<conj<conj> bird	2.0	0.507	ALL	Reptile__class
obl<advcl<xcomp< ...	2.0	0.228	ALL	Reptile__class
nmod<nmod< Fossil	2.0	0.341	ALL	Reptile__class
conj<compound<det> ...	2.0	0.371	ALL	Reptile__class
appos<compound>compound> class	2.0	0.557	ALL	Reptile__class
appos<obl<conj> ...	2.0	0.472	ALL	Reptile__class
obl<nsubj>list> greens	2.0	0.299	ALL	Reptile__class
advcl<aux:pass> ...	2.0	0.452	ALL	Reptile__class
advmod> as	2.0	0.393	ALL	Reptile__class
conj>nmod>case> in	2.0	0.595	ALL	Reptile__class
obl<amod<obj< ...	2.0	0.413	ALL	Reptile__class
compound<nmod<conj< ...	2.0	0.328	ALL	Reptile__class
conj<nmod<amod> wide	2.0	0.493	ALL	Reptile__class
appos> porosus	2.0	0.56	ALL	Reptile__class
ccomp<nsubj:pass> it	2.0	0.572	ALL	Reptile__class
appos<compound>appos> ...	2.0	0.342	ALL	Reptile__class
conj<nmod>acl> ...	2.0	0.269	ALL	Reptile__class
nmod>acl>obl> ...	2.0	0.3	ALL	Reptile__class
nsubj:pass<obl> captivity	2.0	0.735	ALL	Reptile__class
nsubj<ccomp<acl< ...	2.0	0.271	ALL	Reptile__class
compound>det> ...	2.0	0.636	ALL	Reptile__class
nsubj<ccomp<advcl< ...	2.0	0.423	ALL	Reptile__class
compound<nmod<nsubj< have	2.0	0.48	ALL	Reptile__class
obj<acl:relcl<case> ...	2.0	0.246	ALL	Reptile__class
nmod<obj<iobj> ...	2.0	0.471	ALL	Reptile__class
obl<advcl<obj> view	2.0	0.427	ALL	Reptile__class
nsubj<obj> nutrient	2.0	0.381	ALL	Reptile__class
nsubj<discourse> ...	2.0	0.35	ALL	Reptile__class
nsubj<advcl>parataxis> ...	2.0	0.262	ALL	Reptile__class
nsubj<acl<conj> ...	2.0	0.204	ALL	Reptile__class
conj>amod> african	2.0	0.329	ALL	Reptile__class
conj<nsubj:pass<nsubj> reptiles	2.0	0.602	ALL	Reptile__class
acl:relcl>conj>cc> and	2.0	0.416	ALL	Reptile__class
obl<amod<acl:relcl< ...	2.0	0.289	ALL	Reptile__class
obl<amod<cop> ...	2.0	0.499	ALL	Reptile__class
obl<amod<compound> ...	2.0	0.425	ALL	Reptile__class
nmod>nmod> crocodile	2.0	0.519	ALL	Reptile__class
nmod<obj< resemble	2.0	0.703	ALL	Reptile__class
acl:relcl<det> ...	2.0	0.385	ALL	Reptile__class
amod>obl>amod> ...	2.0	0.411	ALL	Reptile__class
appos<nmod<conj< evidence	2.0	0.423	ALL	Reptile__class
obl<xcomp<nsubj> ...	2.0	0.634	ALL	Reptile__class
obl<xcomp<obj> ...	2.0	0.577	ALL	Reptile__class
nsubj<advmod>obl:npmod> year	2.0	0.565	ALL	Reptile__class
appos<nmod<det> a	2.0	0.408	ALL	Reptile__class
appos<nmod< reclassification	2.0	0.401	ALL	Reptile__class
nmod>conj>cc> as	2.0	0.171	ALL	Reptile__class
amod>advmod> relatively	2.0	0.654	ALL	Reptile__class
appos< Iguania	2.0	0.361	ALL	Reptile__class
conj<nsubj:pass<obl> way	2.0	0.305	ALL	Reptile__class
conj<nsubj:pass< adapt	2.0	0.284	ALL	Reptile__class
advcl<nsubj:pass> ...	2.0	0.358	ALL	Reptile__class
advmod>advmod> most	2.0	0.474	ALL	Reptile__class
compound<conj<compound> guinea	2.0	0.263	ALL	Reptile__class
obl<advcl> keep	2.0	0.465	ALL	Reptile__class
compound<acl:relcl>aux> ...	2.0	0.533	ALL	Reptile__class
nmod<obj< give	2.0	0.686	ALL	Reptile__class
appos<nsubj>amod> common	2.0	0.289	ALL	Reptile__class
nmod<amod> last	2.0	0.482	ALL	Reptile__class
conj>nmod> reptile	2.0	0.408	ALL	Reptile__class
nmod<conj<case> to	2.0	0.434	ALL	Reptile__class
obl<acl:relcl<compound> ...	2.0	0.469	ALL	Reptile__class
obj<mark> of	2.0	0.433	ALL	Reptile__class
obl<nsubj>amod> cuban	2.0	0.275	ALL	Reptile__class
nsubj<advcl>advcl> come	2.0	0.466	ALL	Reptile__class
nsubj<advcl>obl> prey	2.0	0.564	ALL	Reptile__class
nsubj<advcl> wait	2.0	0.416	ALL	Reptile__class
compound<nmod<mark> ...	2.0	0.237	ALL	Reptile__class
flat<case> of	2.0	0.263	ALL	Reptile__class
nsubj<amod> ambush	2.0	0.273	ALL	Reptile__class
nmod<nsubj:pass<parataxis< ...	2.0	0.315	ALL	Reptile__class
nmod<nsubj<obl> reptile	2.0	0.388	ALL	Reptile__class
list> lbf	2.0	0.702	ALL	Reptile__class
obl<nsubj>amod> american	2.0	0.405	ALL	Reptile__class
obl:npmod<amod<obl< ...	2.0	0.667	ALL	Reptile__class
nmod<nsubj<advmod> however	2.0	0.42	ALL	Reptile__class
acl>conj>cc> and	2.0	0.377	ALL	Reptile__class
nmod:poss<nmod>amod> ...	2.0	0.235	ALL	Reptile__class
nsubj:pass<obl> turn	2.0	0.721	ALL	Reptile__class
appos<parataxis>compound> ...	2.0	0.323	ALL	Reptile__class
appos<parataxis>flat> ...	2.0	0.411	ALL	Reptile__class
obl<nsubj:pass> turtle	2.0	0.721	ALL	Reptile__class
obl<obl>case> of	2.0	0.416	ALL	Reptile__class
nsubj<conj>obj> turtle	2.0	0.428	ALL	Reptile__class
nsubj:pass<parataxis<aux:pass> be	2.0	0.458	ALL	Reptile__class
conj<appos<nummod> ...	2.0	0.286	ALL	Reptile__class
compound<nsubj:pass<advcl> ...	2.0	0.436	ALL	Reptile__class
compound<list>appos> ...	2.0	0.537	ALL	Reptile__class
compound<list>nmod:poss> ...	2.0	0.466	ALL	Reptile__class
obj<conj<ccomp< be	2.0	0.535	ALL	Reptile__class
obl<amod>compound> ...	2.0	0.522	ALL	Reptile__class
obj<conj<nsubj> turtle	2.0	0.418	ALL	Reptile__class
compound<appos<conj> ...	2.0	0.333	ALL	Reptile__class
nsubj<ccomp<ccomp< ...	2.0	0.28	ALL	Reptile__class
appos>appos>amod> ...	2.0	0.396	ALL	Reptile__class
nsubj:pass<obl> river	2.0	0.597	ALL	Reptile__class
nmod<nmod<mark> to	2.0	0.358	ALL	Reptile__class
nsubj<obl>det> each	2.0	0.735	ALL	Reptile__class
advmod> rely	2.0	0.454	ALL	Reptile__class
nsubj<obj>amod> unique	2.0	0.4	ALL	Reptile__class
nsubj<advmod> still	2.0	1.112	ALL	Reptile__class
nmod<nmod> human	2.0	0.399	ALL	Reptile__class
nmod:poss<case> on	2.0	0.468	ALL	Reptile__class
nsubj<nmod>nmod:poss> ...	2.0	0.815	ALL	Reptile__class
nsubj:pass<obl>amod> eastern	2.0	0.38	ALL	Reptile__class
acl:relcl>obj> they	2.0	0.437	ALL	Reptile__class
amod>advmod> similarly	2.0	0.671	ALL	Reptile__class
nsubj<conj>compound> sea	2.0	0.28	ALL	Reptile__class
appos<obl>compound> ...	2.0	0.309	ALL	Reptile__class
nsubj<conj> turtle	2.0	0.201	ALL	Reptile__class
nsubj<obj> animal	2.0	0.204	ALL	Reptile__class
nmod>conj> Mesadactylus	2.0	0.29	ALL	Reptile__class
nmod:poss<obj<acl:relcl< ...	2.0	0.297	ALL	Reptile__class
nsubj:pass<parataxis>aux:pass> be	2.0	0.388	ALL	Reptile__class
nsubj<obl> predator	2.0	0.334	ALL	Reptile__class
conj<advmod>csubj> ...	2.0	0.323	ALL	Reptile__class
nmod<conj<conj> mammal	2.0	1.152	ALL	Reptile__class
nsubj<advcl>mark> by	2.0	0.545	ALL	Reptile__class
nmod<cc:preconj> ...	2.0	0.353	ALL	Reptile__class
nsubj<xcomp>amod> ...	2.0	0.441	ALL	Reptile__class
nummod>advmod> about	2.0	0.241	ALL	Reptile__class
appos>compound> Caiman	2.0	0.585	ALL	Reptile__class
appos> Paleobiology	2.0	0.405	ALL	Reptile__class
nsubj<xcomp>nmod> ...	2.0	0.472	ALL	Reptile__class
appos<nsubj:pass<aux:pass> be	2.0	0.308	ALL	Reptile__class
nsubj<advcl<det> the	2.0	0.265	ALL	Reptile__class
conj<nsubj> turtle	2.0	0.456	ALL	Reptile__class
obl<advcl<conj> ...	2.0	0.384	ALL	Reptile__class
nsubj:pass< name	2.0	0.376	ALL	Reptile__class
compound<nsubj:pass<aux> ...	2.0	0.244	ALL	Reptile__class
obl<nmod>amod> ...	2.0	0.386	ALL	Reptile__class
compound>compound> ridley	2.0	0.427	ALL	Reptile__class
obl<conj<obj> ...	2.0	0.355	ALL	Reptile__class
nmod<conj<conj> fish	2.0	1.15	ALL	Reptile__class
conj<nsubj>compound> sea	2.0	0.783	ALL	Reptile__class
nmod<nmod<obl< have	2.0	0.452	ALL	Reptile__class
compound<det> all	2.0	0.699	ALL	Reptile__class
conj<advmod>cop> ...	2.0	0.303	ALL	Reptile__class
amod<case> of	2.0	0.598	ALL	Reptile__class
nmod<nmod< par	2.0	0.342	ALL	Reptile__class
obj<conj< loggerhead	2.0	0.594	ALL	Reptile__class
nsubj<obl>nmod> crocodile	2.0	0.522	ALL	Reptile__class
conj<ccomp<nsubj> species	2.0	0.228	ALL	Reptile__class
nsubj<obj< ...	2.0	0.264	ALL	Reptile__class
nmod<nmod<case> on	2.0	0.546	ALL	Reptile__class
conj>case> of	2.0	0.714	ALL	Reptile__class
acl:relcl>conj>cc> ...	2.0	0.416	ALL	Reptile__class
compound<nmod<nsubj:pass< ...	2.0	0.368	ALL	Reptile__class
obl<advcl>mark> when	2.0	0.56	ALL	Reptile__class
nsubj<parataxis>aux> ...	2.0	0.205	ALL	Reptile__class
obl<advcl> produce	2.0	0.459	ALL	Reptile__class
obj<xcomp>advmod> ...	2.0	0.265	ALL	Reptile__class
obl<parataxis<det> ...	2.0	0.349	ALL	Reptile__class
obl<nsubj:pass>appos> ...	2.0	0.366	ALL	Reptile__class
conj<nmod<conj> ...	2.0	0.294	ALL	Reptile__class
conj<xcomp<aux:pass> ...	2.0	0.356	ALL	Reptile__class
conj<compound> saltwater	2.0	0.32	ALL	Reptile__class
advmod> almost	2.0	0.47	ALL	Reptile__class
nsubj<advcl<conj> ...	2.0	0.363	ALL	Reptile__class
conj<nmod< species	2.0	0.309	ALL	Reptile__class
nmod>nmod>nummod> ...	2.0	0.312	ALL	Reptile__class
nmod<nummod>advmod> ...	2.0	0.604	ALL	Reptile__class
appos<obl>amod> ...	2.0	0.418	ALL	Reptile__class
compound<obl<conj< ...	2.0	0.514	ALL	Reptile__class
obl<nsubj> ratio	2.0	0.73	ALL	Reptile__class
nmod<nsubj<aux> could	2.0	0.53	ALL	Reptile__class
nmod:poss<nmod<obj< ...	2.0	0.417	ALL	Reptile__class
nmod:poss<nmod<det> ...	2.0	0.465	ALL	Reptile__class
amod>obl>nmod> ...	2.0	0.134	ALL	Reptile__class
compound>compound> New	2.0	0.512	ALL	Reptile__class
obj<acl:relcl<nsubj> ...	2.0	0.458	ALL	Reptile__class
obj<acl:relcl<cop> ...	2.0	0.621	ALL	Reptile__class
conj<xcomp<nsubj:pass> ...	2.0	0.675	ALL	Reptile__class
parataxis>nsubj>det> the	2.0	0.38	ALL	Reptile__class
nmod<nsubj<obl> such	2.0	0.382	ALL	Reptile__class
nmod:poss> Morafka	2.0	0.372	ALL	Reptile__class
conj<nsubj<det> ...	2.0	0.411	ALL	Reptile__class
conj<xcomp<aux:pass> be	2.0	0.356	ALL	Reptile__class
nmod<conj<det> a	2.0	0.545	ALL	Reptile__class
acl> fly	2.0	0.413	ALL	Reptile__class
obl<advcl<obl> egg	2.0	0.438	ALL	Reptile__class
conj<obl<advmod> sometimes	2.0	0.57	ALL	Reptile__class
nmod<conj<cop> be	2.0	0.391	ALL	Reptile__class
nmod<nsubj<parataxis< ...	2.0	0.27	ALL	Reptile__class
appos< synapsid	2.0	0.478	ALL	Reptile__class
nsubj<nmod:poss>det> ...	2.0	0.722	ALL	Reptile__class
conj<parataxis>amod> ...	2.0	0.565	ALL	Reptile__class
obl<advmod> mostly	2.0	0.425	ALL	Reptile__class
obl<nsubj>conj> ...	2.0	0.336	ALL	Reptile__class
nsubj<nmod:poss>case> ...	2.0	0.475	ALL	Reptile__class
nsubj<appos>acl:relcl> ...	2.0	0.462	ALL	Reptile__class
obl<advcl<advmod> however	2.0	0.307	ALL	Reptile__class
obl<conj>det> the	2.0	0.518	ALL	Reptile__class
compound<compound<det> ...	2.0	0.675	ALL	Reptile__class
obl<nsubj:pass>advmod> ...	2.0	0.464	ALL	Reptile__class
compound<obj<mark> to	2.0	0.437	ALL	Reptile__class
compound<nmod:poss> they	2.0	0.357	ALL	Reptile__class
obj<conj>cc> or	2.0	0.402	ALL	Reptile__class
obj<appos>det> ...	2.0	0.248	ALL	Reptile__class
obj<appos> ...	2.0	0.291	ALL	Reptile__class
nmod<appos>nummod> ...	2.0	0.218	ALL	Reptile__class
obj<nsubj> this	2.0	0.318	ALL	Reptile__class
obj<advcl<mark> ...	2.0	0.349	ALL	Reptile__class
nmod:poss> Kemp	2.0	0.272	ALL	Reptile__class
nummod> million	2.0	0.296	ALL	Reptile__class
nsubj<case> on	2.0	0.482	ALL	Reptile__class
obj<advcl<xcomp> ...	2.0	0.505	ALL	Reptile__class
obj<obl> year	2.0	0.32	ALL	Reptile__class
obl<nsubj>nmod:poss> ...	2.0	0.184	ALL	Reptile__class
parataxis>obl>det> ...	2.0	0.574	ALL	Reptile__class
nsubj:pass<advcl> make	2.0	0.686	ALL	Reptile__class
amod>amod> cold	2.0	0.441	ALL	Reptile__class
nsubj:pass< describe	2.0	0.41	ALL	Reptile__class
nsubj<obl> other	2.0	0.432	ALL	Reptile__class
nsubj<conj< be	2.0	0.26	ALL	Reptile__class
appos<nsubj:pass<aux:pass> ...	2.0	0.308	ALL	Reptile__class
acl:relcl>xcomp>obj> ...	2.0	0.602	ALL	Reptile__class
acl>obj>nmod:poss> ...	2.0	0.329	ALL	Reptile__class
nsubj<conj<nsubj> crocodile	2.0	0.554	ALL	Reptile__class
acl>obj>nmod> ...	2.0	0.429	ALL	Reptile__class
acl>conj>cc> ...	2.0	0.377	ALL	Reptile__class
conj<nmod>case> on	2.0	0.663	ALL	Reptile__class
acl>conj>obj> ...	2.0	0.421	ALL	Reptile__class
amod>nsubj>det> ...	2.0	0.383	ALL	Reptile__class
acl:relcl>xcomp>mark> ...	2.0	0.397	ALL	Reptile__class
appos<nsubj:pass<advmod> ...	2.0	0.605	ALL	Reptile__class
nmod>compound>conj> ...	2.0	0.47	ALL	Reptile__class
conj<nsubj>det> a	2.0	0.434	ALL	Reptile__class
nmod<amod> long	2.0	0.493	ALL	Reptile__class
obj<acl:relcl<cop> be	2.0	0.621	ALL	Reptile__class
appos<nsubj:pass< ...	2.0	0.137	ALL	Reptile__class
conj<parataxis<advcl> ...	2.0	0.429	ALL	Reptile__class
compound>flat> ...	2.0	0.396	ALL	Reptile__class
conj<nsubj<advmod> more	2.0	0.334	ALL	Reptile__class
list<acl>obj> ...	2.0	0.374	ALL	Reptile__class
conj<nsubj< reptile	2.0	0.4	ALL	Reptile__class
nmod:poss<nmod>case> to	2.0	0.501	ALL	Reptile__class
nmod<acl:relcl>aux> can	2.0	0.438	ALL	Reptile__class
appos<list> ...	2.0	0.315	ALL	Reptile__class
appos<list>compound> ...	2.0	0.441	ALL	Reptile__class
amod>advmod> long	2.0	0.614	ALL	Reptile__class
nmod:poss<obj< show	2.0	0.31	ALL	Reptile__class
list<conj>cc> ...	2.0	0.502	ALL	Reptile__class
compound<compound<flat> ...	2.0	0.512	ALL	Reptile__class
amod<nmod<case> in	2.0	0.427	ALL	Reptile__class
obj<acl:relcl< evidence	2.0	0.666	ALL	Reptile__class
nmod<conj>det> a	2.0	0.462	ALL	Reptile__class
compound<nmod< predator	2.0	0.302	ALL	Reptile__class
conj<nsubj<nmod> Testudine	2.0	0.168	ALL	Reptile__class
cc> plus	2.0	0.775	ALL	Reptile__class
nmod<nsubj< show	2.0	0.42	ALL	Reptile__class
nmod<amod> close	2.0	0.636	ALL	Reptile__class
conj<appos>amod> new	2.0	0.291	ALL	Reptile__class
amod>obl:npmod> turtle	2.0	0.316	ALL	Reptile__class
nsubj<obl> stage	2.0	0.667	ALL	Reptile__class
nsubj<ccomp>det> the	2.0	0.525	ALL	Reptile__class
nmod<nmod<advmod> ...	2.0	0.31	ALL	Reptile__class
nmod:poss<nsubj<aux> may	2.0	0.395	ALL	Reptile__class
amod>advmod> even	2.0	0.696	ALL	Reptile__class
nsubj:pass<advcl>mark> when	2.0	0.534	ALL	Reptile__class
nsubj<acl>mark> ...	2.0	0.527	ALL	Reptile__class
conj<amod> cuban	2.0	0.874	ALL	Reptile__class
nmod:poss<nsubj<aux> have	2.0	0.416	ALL	Reptile__class
conj<obj>compound> ...	2.0	0.471	ALL	Reptile__class
conj<obl< gallop	2.0	0.474	ALL	Reptile__class
list<nmod>case> ...	2.0	0.291	ALL	Reptile__class
compound<conj<nsubj< ...	2.0	0.446	ALL	Reptile__class
compound>amod> iconic	2.0	0.629	ALL	Reptile__class
nsubj<advcl>det> a	2.0	0.414	ALL	Reptile__class
conj<obl>case> with	2.0	0.504	ALL	Reptile__class
conj<nmod:poss>case> ...	2.0	0.483	ALL	Reptile__class
nmod<nsubj:pass< report	2.0	0.316	ALL	Reptile__class
conj>cc> plus	2.0	0.67	ALL	Reptile__class
list<nmod> ...	2.0	0.288	ALL	Reptile__class
obj<acl:relcl<obj< find	2.0	0.523	ALL	Reptile__class
obj<acl:relcl<amod> first	2.0	0.26	ALL	Reptile__class
nmod<nmod>compound> conservation	2.0	0.554	ALL	Reptile__class
conj>nmod>case> such	2.0	0.847	ALL	Reptile__class
conj<obl<nsubj> species	2.0	0.493	ALL	Reptile__class
conj>advmod> even	2.0	0.66	ALL	Reptile__class
nsubj<conj<cop> be	2.0	0.539	ALL	Reptile__class
obj<ccomp<advmod> ...	2.0	0.281	ALL	Reptile__class
conj<nmod>case> from	2.0	0.693	ALL	Reptile__class
conj>amod>obl:npmod> ...	2.0	0.349	ALL	Reptile__class
nmod:poss<nsubj< allow	2.0	0.378	ALL	Reptile__class
obl<advmod>advmod> more	2.0	0.539	ALL	Reptile__class
flat<advmod> ...	2.0	0.385	ALL	Reptile__class
nmod>amod> other	2.0	0.592	ALL	Reptile__class
list<acl> ...	2.0	0.352	ALL	Reptile__class
conj<appos>nmod:poss> Johnston	2.0	0.862	ALL	Reptile__class
flat<list>compound> ...	2.0	0.329	ALL	Reptile__class
obl<nsubj>cop> be	2.0	0.478	ALL	Reptile__class
obj<conj<cop> ...	2.0	0.425	ALL	Reptile__class
nsubj<conj>case> of	2.0	0.335	ALL	Reptile__class
nsubj<advcl<nsubj:pass> ...	2.0	0.569	ALL	Reptile__class
compound<nmod> area	2.0	0.483	ALL	Reptile__class
obj<conj<amod> ...	2.0	0.387	ALL	Reptile__class
obl<advcl>xcomp> ...	2.0	0.257	ALL	Reptile__class
nsubj<advcl<aux:pass> ...	2.0	0.557	ALL	Reptile__class
nsubj<advcl>nsubj> they	2.0	0.347	ALL	Reptile__class
acl:relcl>obl> time	2.0	0.371	ALL	Reptile__class
conj<parataxis<aux> ...	2.0	0.312	ALL	Reptile__class
nmod<nsubj<advmod> relatively	2.0	0.26	ALL	Reptile__class
conj<nsubj:pass<cc> ...	2.0	0.406	ALL	Reptile__class
obl<advmod> only	2.0	0.338	ALL	Reptile__class
obl<acl:relcl<case> to	2.0	0.227	ALL	Reptile__class
nsubj<conj>nsubj> they	2.0	0.342	ALL	Reptile__class
conj<obl< similar	2.0	0.401	ALL	Reptile__class
conj<nmod<parataxis< ...	2.0	0.311	ALL	Reptile__class
nsubj:pass<advcl<obl> ...	2.0	0.322	ALL	Reptile__class
acl:relcl>obl> dinosaur	2.0	0.411	ALL	Reptile__class
compound<cop> be	2.0	0.321	ALL	Reptile__class
nsubj:pass<advcl<obj> ...	2.0	0.339	ALL	Reptile__class
nmod>conj>amod> large	2.0	0.329	ALL	Reptile__class
flat<compound>compound> ...	2.0	0.341	ALL	Reptile__class
nsubj:pass< think	2.0	0.326	ALL	Reptile__class
nmod<conj<conj> snail	2.0	1.061	ALL	Reptile__class
nsubj<amod> opportunistic	2.0	0.175	ALL	Reptile__class
nmod>amod> same	2.0	0.79	ALL	Reptile__class
obl<obj>det> the	2.0	0.299	ALL	Reptile__class
compound<amod> Pantanal	2.0	0.316	ALL	Reptile__class
amod<nmod>case> such	2.0	0.521	ALL	Reptile__class
conj>amod> many	2.0	0.327	ALL	Reptile__class
nsubj>nmod:poss> they	2.0	0.425	ALL	Reptile__class
obl<conj>case> ...	2.0	0.425	ALL	Reptile__class
acl:relcl>obl>case> at	2.0	0.268	ALL	Reptile__class
nmod<advcl<obj> ...	2.0	0.573	ALL	Reptile__class
obl<nsubj> reptile	2.0	0.801	ALL	Reptile__class
nmod<nmod<mark> ...	2.0	0.358	ALL	Reptile__class
compound<appos<flat> ...	2.0	0.314	ALL	Reptile__class
compound<nmod<case> for	2.0	0.367	ALL	Reptile__class
conj<appos>compound> guinea	2.0	0.349	ALL	Reptile__class
nsubj<advcl> nest	2.0	0.457	ALL	Reptile__class
amod<obl<aux:pass> be	2.0	0.439	ALL	Reptile__class
amod<obl<nsubj:pass> determination	2.0	0.329	ALL	Reptile__class
obl<obj>appos> ...	2.0	0.512	ALL	Reptile__class
flat<list> ...	2.0	0.728	ALL	Reptile__class
obl<conj> bird	2.0	0.295	ALL	Reptile__class
nsubj<advmod> sometimes	2.0	1.07	ALL	Reptile__class
