,feat,cluster,pw_entr,feat_n,N,group,relrole
17,acl> ...,0,0.003,3,482,Primate__order,taxongroup_comment
19,acl>advcl> ...,0,0.002,1,482,Primate__order,taxongroup_comment
20,acl>advcl>mark> ...,0,0.003,1,482,Primate__order,taxongroup_comment
25,acl>obj> ...,0,0.004,2,482,Primate__order,taxongroup_comment
26,acl>obj>amod> ...,0,0.007,2,482,Primate__order,taxongroup_comment
30,acl>obl> ...,0,0.001,1,482,Primate__order,taxongroup_comment
33,acl>obl>case> ...,0,0.001,1,482,Primate__order,taxongroup_comment
37,advmod> ...,0,0.002,2,482,Primate__order,taxongroup_comment
39,amod> ...,0,-0.001,8,482,Primate__order,taxongroup_comment
40,amod> common,0,0.006,4,482,Primate__order,taxongroup_comment
41,amod> eastern,0,0.001,1,482,Primate__order,taxongroup_comment
42,amod> female,0,0.005,2,482,Primate__order,taxongroup_comment
43,amod> great,0,0.002,2,482,Primate__order,taxongroup_comment
45,amod> other,0,0.0,2,482,Primate__order,taxongroup_comment
46,amod> taile,0,-0.001,2,482,Primate__order,taxongroup_comment
47,amod> western,0,0.001,1,482,Primate__order,taxongroup_comment
50,amod>advmod> ...,0,0.001,1,482,Primate__order,taxongroup_comment
55,amod>obl:npmod> ring,0,-0.002,2,482,Primate__order,taxongroup_comment
56,appos< ...,0,0.004,3,482,Primate__order,taxongroup_comment
59,appos< chimpanzee,0,0.004,1,482,Primate__order,taxongroup_comment
77,appos<compound> ...,0,0.016,4,482,Primate__order,taxongroup_comment
78,appos<conj> ...,0,0.001,1,482,Primate__order,taxongroup_comment
85,appos<det> the,0,0.006,2,482,Primate__order,taxongroup_comment
101,appos<nsubj> ...,0,0.002,1,482,Primate__order,taxongroup_comment
104,appos> ...,0,0.013,5,482,Primate__order,taxongroup_comment
112,appos>amod> ...,0,0.007,2,482,Primate__order,taxongroup_comment
117,appos>compound> ...,0,0.015,4,482,Primate__order,taxongroup_comment
129,case> ...,0,0.007,6,482,Primate__order,taxongroup_comment
130,case> as,0,0.014,4,482,Primate__order,taxongroup_comment
131,case> by,0,0.0,1,482,Primate__order,taxongroup_comment
133,case> from,0,0.001,1,482,Primate__order,taxongroup_comment
134,case> in,0,0.001,3,482,Primate__order,taxongroup_comment
135,case> of,0,-0.005,2,482,Primate__order,taxongroup_comment
136,case> than,0,0.015,5,482,Primate__order,taxongroup_comment
137,case> to,0,-0.001,1,482,Primate__order,taxongroup_comment
138,case> with,0,0.006,3,482,Primate__order,taxongroup_comment
230,compound> ...,0,-0.001,2,482,Primate__order,taxongroup_comment
231,compound> Alaotra,0,0.002,1,482,Primate__order,taxongroup_comment
232,compound> Barbary,0,-0.003,1,482,Primate__order,taxongroup_comment
235,compound> grey,0,0.001,1,482,Primate__order,taxongroup_comment
240,compound> silvery,0,0.01,2,482,Primate__order,taxongroup_comment
243,compound>amod> old,0,0.004,1,482,Primate__order,taxongroup_comment
244,compound>compound> ...,0,0.003,1,482,Primate__order,taxongroup_comment
246,compound>compound> Lac,0,0.002,1,482,Primate__order,taxongroup_comment
358,conj> ...,0,0.098,23,482,Primate__order,taxongroup_comment
359,conj> Hylobates,0,0.01,2,482,Primate__order,taxongroup_comment
360,conj> ap,0,0.004,1,482,Primate__order,taxongroup_comment
361,conj> bonobo,0,0.01,5,482,Primate__order,taxongroup_comment
362,conj> chimpanzee,0,0.014,3,482,Primate__order,taxongroup_comment
363,conj> gibbon,0,0.015,4,482,Primate__order,taxongroup_comment
364,conj> gorilla,0,0.004,1,482,Primate__order,taxongroup_comment
365,conj> human,0,0.02,4,482,Primate__order,taxongroup_comment
373,conj>amod> ...,0,0.045,12,482,Primate__order,taxongroup_comment
375,conj>amod> other,0,0.002,1,482,Primate__order,taxongroup_comment
377,conj>cc> and,0,0.049,16,482,Primate__order,taxongroup_comment
378,conj>cc> or,0,0.024,7,482,Primate__order,taxongroup_comment
379,conj>compound> ...,0,0.036,8,482,Primate__order,taxongroup_comment
380,conj>compound> Javan,0,0.01,2,482,Primate__order,taxongroup_comment
381,conj>compound> grey,0,0.004,1,482,Primate__order,taxongroup_comment
382,conj>conj> ...,0,0.026,5,482,Primate__order,taxongroup_comment
383,conj>det> ...,0,0.004,1,482,Primate__order,taxongroup_comment
384,conj>det> a,0,0.002,1,482,Primate__order,taxongroup_comment
385,conj>det> the,0,-0.0,1,482,Primate__order,taxongroup_comment
386,conj>flat> ...,0,0.02,4,482,Primate__order,taxongroup_comment
387,conj>flat> Genus,0,0.01,2,482,Primate__order,taxongroup_comment
388,conj>nmod> ...,0,0.014,3,482,Primate__order,taxongroup_comment
389,conj>nmod>case> ...,0,0.01,2,482,Primate__order,taxongroup_comment
390,conj>nmod>case> of,0,0.004,1,482,Primate__order,taxongroup_comment
391,conj>nmod>compound> ...,0,0.015,3,482,Primate__order,taxongroup_comment
392,cop> be,0,0.006,3,482,Primate__order,taxongroup_comment
393,det> ...,0,0.006,2,482,Primate__order,taxongroup_comment
395,det> all,0,0.002,1,482,Primate__order,taxongroup_comment
398,det> moloch,0,0.015,3,482,Primate__order,taxongroup_comment
400,det> the,0,-0.003,11,482,Primate__order,taxongroup_comment
446,list> ...,0,0.004,1,482,Primate__order,taxongroup_comment
448,list> lemur,0,0.01,2,482,Primate__order,taxongroup_comment
449,list>compound> ...,0,0.005,1,482,Primate__order,taxongroup_comment
450,list>compound> Alaotran,0,0.01,2,482,Primate__order,taxongroup_comment
451,mark> ...,0,0.002,1,482,Primate__order,taxongroup_comment
466,nmod:poss> ...,0,0.005,2,482,Primate__order,taxongroup_comment
475,nmod< species,0,0.001,1,482,Primate__order,taxongroup_comment
500,nmod<case> of,0,0.001,1,482,Primate__order,taxongroup_comment
530,nmod<nmod< ...,0,-0.001,1,482,Primate__order,taxongroup_comment
537,nmod<nmod<cop> ...,0,0.005,1,482,Primate__order,taxongroup_comment
614,nmod> ...,0,-0.002,1,482,Primate__order,taxongroup_comment
621,nmod> orangutan,0,0.004,1,482,Primate__order,taxongroup_comment
626,nmod>appos> ...,0,0.009,2,482,Primate__order,taxongroup_comment
629,nmod>case> from,0,0.004,1,482,Primate__order,taxongroup_comment
631,nmod>case> include,0,0.003,1,482,Primate__order,taxongroup_comment
846,nsubj> ...,0,0.008,3,482,Primate__order,taxongroup_comment
850,nsubj>det> the,0,0.001,1,482,Primate__order,taxongroup_comment
855,obj< ...,0,-0.001,2,482,Primate__order,taxongroup_comment
856,obj< Hylobate,0,0.01,2,482,Primate__order,taxongroup_comment
857,obj< Hylobates,0,0.015,3,482,Primate__order,taxongroup_comment
863,obj< suggest,0,0.004,1,482,Primate__order,taxongroup_comment
875,obj<advmod> ...,0,-0.0,1,482,Primate__order,taxongroup_comment
879,obj<aux> ...,0,0.003,1,482,Primate__order,taxongroup_comment
882,obj<ccomp< ...,0,0.002,1,482,Primate__order,taxongroup_comment
886,obj<conj< Hylobate,0,0.02,4,482,Primate__order,taxongroup_comment
887,obj<conj<appos> gibbon,0,0.02,4,482,Primate__order,taxongroup_comment
888,obj<conj<conj> Hylobate,0,0.015,3,482,Primate__order,taxongroup_comment
889,obj<conj<conj> Hylobates,0,0.067,13,482,Primate__order,taxongroup_comment
891,obj<conj<nsubj> gibbon,0,0.02,4,482,Primate__order,taxongroup_comment
892,obj<conj<parataxis> Hylobate,0,0.02,4,482,Primate__order,taxongroup_comment
901,obj<nsubj> ...,0,0.003,2,482,Primate__order,taxongroup_comment
906,obj<nsubj>amod> ...,0,0.001,1,482,Primate__order,taxongroup_comment
917,obj<parataxis< ...,0,0.003,1,482,Primate__order,taxongroup_comment
918,obj<parataxis<conj> ...,0,0.005,1,482,Primate__order,taxongroup_comment
919,obj<parataxis<conj> Hylobates,0,0.02,4,482,Primate__order,taxongroup_comment
929,obl< ...,0,0.028,13,482,Primate__order,taxongroup_comment
930,obl< aggressive,0,0.003,1,482,Primate__order,taxongroup_comment
934,obl< have,0,0.015,3,482,Primate__order,taxongroup_comment
935,obl< know,0,0.003,1,482,Primate__order,taxongroup_comment
936,obl< violent,0,0.004,1,482,Primate__order,taxongroup_comment
937,obl<acl:relcl< ...,0,0.001,1,482,Primate__order,taxongroup_comment
938,obl<acl:relcl< People,0,0.01,2,482,Primate__order,taxongroup_comment
940,obl<acl:relcl<case> ...,0,0.003,1,482,Primate__order,taxongroup_comment
941,obl<acl:relcl<case> to,0,0.01,2,482,Primate__order,taxongroup_comment
942,obl<acl:relcl<compound> ...,0,0.005,1,482,Primate__order,taxongroup_comment
943,obl<acl:relcl<compound> Berber,0,0.01,2,482,Primate__order,taxongroup_comment
945,obl<acl:relcl<det> the,0,0.007,2,482,Primate__order,taxongroup_comment
947,obl<acl:relcl<nmod> Africa,0,0.01,2,482,Primate__order,taxongroup_comment
948,obl<acl:relcl<obl< ...,0,0.003,1,482,Primate__order,taxongroup_comment
949,obl<acl:relcl<obl< refer,0,0.01,2,482,Primate__order,taxongroup_comment
950,obl<acl< ...,0,0.001,1,482,Primate__order,taxongroup_comment
951,obl<acl<amod> ...,0,0.002,1,482,Primate__order,taxongroup_comment
952,obl<acl<det> ...,0,0.005,1,482,Primate__order,taxongroup_comment
954,obl<advcl< ...,0,0.001,1,482,Primate__order,taxongroup_comment
955,obl<advcl< half,0,0.004,1,482,Primate__order,taxongroup_comment
957,obl<advcl<cop> be,0,0.002,1,482,Primate__order,taxongroup_comment
959,obl<advcl<nsubj> bonobo,0,0.004,1,482,Primate__order,taxongroup_comment
961,obl<advcl<obl> male,0,0.004,1,482,Primate__order,taxongroup_comment
962,obl<advcl<obl> wild,0,0.004,1,482,Primate__order,taxongroup_comment
963,obl<advcl> ...,0,0.001,1,482,Primate__order,taxongroup_comment
965,obl<advcl>mark> while,0,0.004,1,482,Primate__order,taxongroup_comment
966,obl<advcl>nsubj> ...,0,0.003,1,482,Primate__order,taxongroup_comment
970,obl<advmod> ...,0,0.033,8,482,Primate__order,taxongroup_comment
971,obl<advmod> also,0,0.003,1,482,Primate__order,taxongroup_comment
973,obl<advmod> less,0,0.003,1,482,Primate__order,taxongroup_comment
974,obl<advmod> more,0,0.007,2,482,Primate__order,taxongroup_comment
975,obl<advmod> not,0,0.002,1,482,Primate__order,taxongroup_comment
977,obl<advmod> relative,0,0.004,1,482,Primate__order,taxongroup_comment
978,obl<advmod> well,0,0.004,1,482,Primate__order,taxongroup_comment
986,obl<ccomp< ...,0,0.004,1,482,Primate__order,taxongroup_comment
990,obl<ccomp> ...,0,0.003,1,482,Primate__order,taxongroup_comment
997,obl<conj> ...,0,0.024,6,482,Primate__order,taxongroup_comment
998,obl<conj>advmod> ...,0,0.004,1,482,Primate__order,taxongroup_comment
1000,obl<conj>amod> ...,0,0.003,1,482,Primate__order,taxongroup_comment
1001,obl<conj>appos> ...,0,0.015,3,482,Primate__order,taxongroup_comment
1002,obl<conj>cc> and,0,0.014,3,482,Primate__order,taxongroup_comment
1003,obl<conj>cc> but,0,0.003,1,482,Primate__order,taxongroup_comment
1004,obl<conj>conj> ...,0,0.009,2,482,Primate__order,taxongroup_comment
1005,obl<cop> be,0,0.043,10,482,Primate__order,taxongroup_comment
1006,obl<mark> ...,0,0.004,1,482,Primate__order,taxongroup_comment
1007,obl<mark> since,0,0.01,2,482,Primate__order,taxongroup_comment
1008,obl<mark> to,0,0.004,1,482,Primate__order,taxongroup_comment
1010,obl<mark> while,0,0.002,1,482,Primate__order,taxongroup_comment
1015,obl<nsubj> ...,0,0.024,7,482,Primate__order,taxongroup_comment
1016,obl<nsubj> Bonobo,0,0.01,2,482,Primate__order,taxongroup_comment
1017,obl<nsubj> beginning,0,0.01,2,482,Primate__order,taxongroup_comment
1018,obl<nsubj> bonobo,0,0.022,5,482,Primate__order,taxongroup_comment
1020,obl<nsubj> who,0,0.01,2,482,Primate__order,taxongroup_comment
1022,obl<nsubj>amod> female,0,0.009,2,482,Primate__order,taxongroup_comment
1023,obl<nsubj>compound> ...,0,0.02,4,482,Primate__order,taxongroup_comment
1025,obl<nsubj>det> the,0,0.034,7,482,Primate__order,taxongroup_comment
1026,obl<nsubj>nmod> ...,0,0.009,2,482,Primate__order,taxongroup_comment
1027,obl<nsubj>nmod> history,0,0.01,2,482,Primate__order,taxongroup_comment
1028,obl<obj> ...,0,0.009,3,482,Primate__order,taxongroup_comment
1029,obl<obj> that,0,0.004,1,482,Primate__order,taxongroup_comment
1030,obl<obj> tie,0,0.01,2,482,Primate__order,taxongroup_comment
1031,obl<obj>amod> ...,0,0.007,2,482,Primate__order,taxongroup_comment
1034,obl<obj>nmod> ...,0,0.003,1,482,Primate__order,taxongroup_comment
1035,obl<obl> ...,0,0.023,6,482,Primate__order,taxongroup_comment
1036,obl<obl>case> ...,0,0.004,1,482,Primate__order,taxongroup_comment
1037,obl<obl>case> as,0,0.004,1,482,Primate__order,taxongroup_comment
1038,obl<obl>case> by,0,0.004,1,482,Primate__order,taxongroup_comment
1039,obl<obl>case> in,0,0.01,2,482,Primate__order,taxongroup_comment
1040,obl<obl>case> with,0,0.004,1,482,Primate__order,taxongroup_comment
1042,obl<obl>det> the,0,0.01,2,482,Primate__order,taxongroup_comment
1046,obl<parataxis> ...,0,0.015,3,482,Primate__order,taxongroup_comment
1048,obl<xcomp< find,0,0.009,2,482,Primate__order,taxongroup_comment
1051,parataxis> ...,0,0.009,2,482,Primate__order,taxongroup_comment
1053,parataxis> troglodyte,0,0.015,3,482,Primate__order,taxongroup_comment
1054,parataxis>ccomp>nsubj> ...,0,0.015,3,482,Primate__order,taxongroup_comment
1055,parataxis>nsubj> ...,0,0.004,1,482,Primate__order,taxongroup_comment
1056,parataxis>nsubj> Pan,0,0.015,3,482,Primate__order,taxongroup_comment
1057,parataxis>nsubj>conj> ...,0,0.015,3,482,Primate__order,taxongroup_comment
1058,parataxis>obl> ...,0,0.002,1,482,Primate__order,taxongroup_comment
1059,parataxis>obl>case> ...,0,0.003,1,482,Primate__order,taxongroup_comment
1061,parataxis>obl>compound> ...,0,0.002,1,482,Primate__order,taxongroup_comment
1102,amod> ...,1,-0.007,2,267,Primate__order,taxongroup_comment
1110,amod> western,1,0.004,1,267,Primate__order,taxongroup_comment
1119,appos< ...,1,0.001,1,267,Primate__order,taxongroup_comment
1126,appos<appos> Gorilla,1,0.018,2,267,Primate__order,taxongroup_comment
1149,appos<flat> ...,1,0.092,8,267,Primate__order,taxongroup_comment
1150,appos<flat> gorilla,1,0.023,2,267,Primate__order,taxongroup_comment
1151,appos<list> ...,1,0.02,2,267,Primate__order,taxongroup_comment
1152,appos<list> Gorilla,1,0.023,2,267,Primate__order,taxongroup_comment
1153,appos<list> gorilla,1,0.034,3,267,Primate__order,taxongroup_comment
1156,appos<list>amod> western,1,0.023,2,267,Primate__order,taxongroup_comment
1157,appos<list>compound> ...,1,0.042,4,267,Primate__order,taxongroup_comment
1159,appos<list>flat> ...,1,0.046,4,267,Primate__order,taxongroup_comment
1162,appos<nsubj< ...,1,0.009,1,267,Primate__order,taxongroup_comment
1202,cc> ...,1,0.009,1,267,Primate__order,taxongroup_comment
1203,cc> and,1,0.086,12,267,Primate__order,taxongroup_comment
1204,cc> or,1,0.028,4,267,Primate__order,taxongroup_comment
1205,compound< ...,1,0.007,3,267,Primate__order,taxongroup_comment
1214,compound< species,1,0.004,1,267,Primate__order,taxongroup_comment
1226,compound<case> ...,1,0.005,1,267,Primate__order,taxongroup_comment
1227,compound<case> for,1,0.007,1,267,Primate__order,taxongroup_comment
1232,compound<case> to,1,0.007,1,267,Primate__order,taxongroup_comment
1235,compound<ccomp< ...,1,0.02,2,267,Primate__order,taxongroup_comment
1237,compound<compound> ...,1,0.015,2,267,Primate__order,taxongroup_comment
1245,compound<cop> be,1,0.006,1,267,Primate__order,taxongroup_comment
1249,compound<det> the,1,0.006,2,267,Primate__order,taxongroup_comment
1251,compound<mark> that,1,0.02,2,267,Primate__order,taxongroup_comment
1252,compound<nmod< ...,1,0.007,2,267,Primate__order,taxongroup_comment
1255,compound<nmod<case> in,1,0.007,1,267,Primate__order,taxongroup_comment
1257,compound<nmod<compound> ...,1,0.006,1,267,Primate__order,taxongroup_comment
1259,compound<nmod<det> the,1,0.004,1,267,Primate__order,taxongroup_comment
1261,compound<nmod<nmod> ...,1,0.02,2,267,Primate__order,taxongroup_comment
1262,compound<nmod<obl< ...,1,0.004,1,267,Primate__order,taxongroup_comment
1278,compound<nsubj> ...,1,0.007,1,267,Primate__order,taxongroup_comment
1293,compound> ...,1,0.022,5,267,Primate__order,taxongroup_comment
1296,compound> bamboo,1,0.006,1,267,Primate__order,taxongroup_comment
1298,compound> grey,1,0.005,1,267,Primate__order,taxongroup_comment
1299,compound> juvenile,1,0.007,1,267,Primate__order,taxongroup_comment
1307,compound>compound> ...,1,0.007,1,267,Primate__order,taxongroup_comment
1310,conj< ...,1,0.017,4,267,Primate__order,taxongroup_comment
1314,conj< bonobo,1,0.041,5,267,Primate__order,taxongroup_comment
1316,conj< finally,1,0.023,2,267,Primate__order,taxongroup_comment
1317,conj< gibbon,1,0.022,3,267,Primate__order,taxongroup_comment
1318,conj< human,1,0.02,3,267,Primate__order,taxongroup_comment
1319,conj< lemur,1,0.009,1,267,Primate__order,taxongroup_comment
1320,conj<advcl< ...,1,0.007,1,267,Primate__order,taxongroup_comment
1323,conj<amod> ...,1,0.022,4,267,Primate__order,taxongroup_comment
1324,conj<amod> western,1,0.007,1,267,Primate__order,taxongroup_comment
1330,conj<case> ...,1,0.004,1,267,Primate__order,taxongroup_comment
1331,conj<case> between,1,0.028,4,267,Primate__order,taxongroup_comment
1332,conj<case> for,1,0.009,1,267,Primate__order,taxongroup_comment
1334,conj<case> of,1,0.005,1,267,Primate__order,taxongroup_comment
1337,conj<compound> ...,1,0.004,1,267,Primate__order,taxongroup_comment
1338,conj<compound> silvery,1,0.009,1,267,Primate__order,taxongroup_comment
1339,conj<conj> ...,1,0.013,3,267,Primate__order,taxongroup_comment
1341,conj<conj> bonobo,1,0.014,2,267,Primate__order,taxongroup_comment
1344,conj<conj> gorilla,1,0.006,1,267,Primate__order,taxongroup_comment
1351,conj<conj>cc> ...,1,0.007,1,267,Primate__order,taxongroup_comment
1352,conj<conj>cc> and,1,0.008,2,267,Primate__order,taxongroup_comment
1353,conj<conj>cc> or,1,0.007,1,267,Primate__order,taxongroup_comment
1359,conj<det> a,1,0.007,1,267,Primate__order,taxongroup_comment
1360,conj<det> both,1,0.031,3,267,Primate__order,taxongroup_comment
1361,conj<det> moloch,1,0.007,1,267,Primate__order,taxongroup_comment
1362,conj<det> the,1,0.014,2,267,Primate__order,taxongroup_comment
1363,conj<mark> ...,1,0.016,2,267,Primate__order,taxongroup_comment
1364,conj<nmod:poss> ...,1,0.006,1,267,Primate__order,taxongroup_comment
1365,conj<nmod< ...,1,0.034,5,267,Primate__order,taxongroup_comment
1368,conj<nmod<amod> ...,1,0.009,2,267,Primate__order,taxongroup_comment
1370,conj<nmod<case> ...,1,0.007,1,267,Primate__order,taxongroup_comment
1371,conj<nmod<case> in,1,0.018,2,267,Primate__order,taxongroup_comment
1373,conj<nmod<compound> ...,1,0.009,1,267,Primate__order,taxongroup_comment
1374,conj<nmod<compound> dna,1,0.009,1,267,Primate__order,taxongroup_comment
1376,conj<nmod<cop> be,1,0.009,1,267,Primate__order,taxongroup_comment
1378,conj<nmod<det> the,1,0.013,2,267,Primate__order,taxongroup_comment
1379,conj<nmod<nmod< ...,1,0.005,1,267,Primate__order,taxongroup_comment
1380,conj<nmod<nmod> ...,1,0.006,1,267,Primate__order,taxongroup_comment
1382,conj<nmod<nsubj< ...,1,0.006,1,267,Primate__order,taxongroup_comment
1383,conj<nmod<nsubj> ...,1,0.007,1,267,Primate__order,taxongroup_comment
1384,conj<nmod<obj< ...,1,0.007,1,267,Primate__order,taxongroup_comment
1385,conj<nmod<obl< ...,1,0.007,1,267,Primate__order,taxongroup_comment
1386,conj<nmod> ...,1,0.005,1,267,Primate__order,taxongroup_comment
1388,conj<nmod>case> in,1,0.009,1,267,Primate__order,taxongroup_comment
1389,conj<nmod>det> ...,1,0.011,1,267,Primate__order,taxongroup_comment
1392,conj<nsubj:pass< ...,1,0.023,2,267,Primate__order,taxongroup_comment
1394,conj<nsubj:pass<advmod> ...,1,0.011,1,267,Primate__order,taxongroup_comment
1396,conj<nsubj:pass<aux:pass> be,1,0.018,2,267,Primate__order,taxongroup_comment
1397,conj<nsubj:pass<aux> have,1,0.018,2,267,Primate__order,taxongroup_comment
1398,conj<nsubj< ...,1,0.018,3,267,Primate__order,taxongroup_comment
1399,conj<nsubj<advmod> ...,1,0.016,2,267,Primate__order,taxongroup_comment
1400,conj<nsubj<ccomp< ...,1,0.007,1,267,Primate__order,taxongroup_comment
1405,conj<nsubj<mark> that,1,0.007,1,267,Primate__order,taxongroup_comment
1406,conj<nsubj<obj> ...,1,0.029,3,267,Primate__order,taxongroup_comment
1408,conj<nsubj> ...,1,0.018,2,267,Primate__order,taxongroup_comment
1409,conj<obj< ...,1,0.004,1,267,Primate__order,taxongroup_comment
1410,conj<obj< Hylobate,1,0.023,2,267,Primate__order,taxongroup_comment
1413,conj<obj<conj< Hylobate,1,0.007,1,267,Primate__order,taxongroup_comment
1414,conj<obl< ...,1,0.004,1,267,Primate__order,taxongroup_comment
1418,conj<obl<obl> ...,1,0.006,1,267,Primate__order,taxongroup_comment
1457,det> a,1,-0.0,1,267,Primate__order,taxongroup_comment
1463,det> the,1,-0.007,1,267,Primate__order,taxongroup_comment
1464,flat< ...,1,0.007,1,267,Primate__order,taxongroup_comment
1472,flat> ...,1,0.018,2,267,Primate__order,taxongroup_comment
1473,list< Cottontop,1,0.023,2,267,Primate__order,taxongroup_comment
1474,list< Sumatran,1,0.023,2,267,Primate__order,taxongroup_comment
1476,list<appos> Gorilla,1,0.046,4,267,Primate__order,taxongroup_comment
1477,list<appos> Pan,1,0.023,2,267,Primate__order,taxongroup_comment
1479,list<appos>flat> eastern,1,0.023,2,267,Primate__order,taxongroup_comment
1480,list<appos>flat> gorilla,1,0.023,2,267,Primate__order,taxongroup_comment
1481,list<case> 's,1,0.023,2,267,Primate__order,taxongroup_comment
1483,list<flat> ...,1,0.023,2,267,Primate__order,taxongroup_comment
1484,list<flat> Genus,1,0.023,2,267,Primate__order,taxongroup_comment
1485,list<flat> Hominini,1,0.023,2,267,Primate__order,taxongroup_comment
1486,list<flat> Panina,1,0.023,2,267,Primate__order,taxongroup_comment
1487,list<flat> Subtribe,1,0.023,2,267,Primate__order,taxongroup_comment
1488,list<flat> gorilla,1,0.046,4,267,Primate__order,taxongroup_comment
1489,list<flat> grauerus,1,0.023,2,267,Primate__order,taxongroup_comment
1490,list<flat> lowland,1,0.023,2,267,Primate__order,taxongroup_comment
1491,list<flat> orangutan,1,0.023,2,267,Primate__order,taxongroup_comment
1492,list<flat> tamarin,1,0.023,2,267,Primate__order,taxongroup_comment
1493,list<flat> tribe,1,0.023,2,267,Primate__order,taxongroup_comment
1494,list<list> ...,1,0.023,2,267,Primate__order,taxongroup_comment
1495,list<list> Gorilla,1,0.046,4,267,Primate__order,taxongroup_comment
1496,list<list> Saguinus,1,0.023,2,267,Primate__order,taxongroup_comment
1497,list<list> gorilla,1,0.069,6,267,Primate__order,taxongroup_comment
1500,list<list>amod> western,1,0.046,4,267,Primate__order,taxongroup_comment
1501,list<list>compound> ...,1,0.031,3,267,Primate__order,taxongroup_comment
1503,list<list>compound> River,1,0.023,2,267,Primate__order,taxongroup_comment
1504,list<list>compound> lowland,1,0.023,2,267,Primate__order,taxongroup_comment
1505,list<list>flat> ...,1,0.023,2,267,Primate__order,taxongroup_comment
1506,list<list>flat> Pongo,1,0.023,2,267,Primate__order,taxongroup_comment
1507,list<list>flat> beringei,1,0.023,2,267,Primate__order,taxongroup_comment
1508,list<list>flat> eastern,1,0.023,2,267,Primate__order,taxongroup_comment
1509,list> ...,1,0.009,1,267,Primate__order,taxongroup_comment
1510,list> genus,1,0.009,1,267,Primate__order,taxongroup_comment
2126,acl:relcl> ...,2,0.002,2,694,Primate__order,taxongroup_comment
2128,acl:relcl>advmod> ...,2,0.001,1,694,Primate__order,taxongroup_comment
2132,acl:relcl>nsubj> which,2,0.001,1,694,Primate__order,taxongroup_comment
2135,acl:relcl>obl> ...,2,0.003,2,694,Primate__order,taxongroup_comment
2137,acl:relcl>obl>case> ...,2,0.001,1,694,Primate__order,taxongroup_comment
2138,acl:relcl>obl>case> from,2,0.002,1,694,Primate__order,taxongroup_comment
2140,acl:relcl>obl>compound> ...,2,0.001,1,694,Primate__order,taxongroup_comment
2143,acl> ...,2,-0.001,2,694,Primate__order,taxongroup_comment
2151,acl>obj> ...,2,-0.0,1,694,Primate__order,taxongroup_comment
2156,acl>obl> ...,2,0.0,1,694,Primate__order,taxongroup_comment
2157,acl>obl> human,2,0.002,1,694,Primate__order,taxongroup_comment
2158,acl>obl>amod> ...,2,0.004,2,694,Primate__order,taxongroup_comment
2159,acl>obl>case> ...,2,0.0,1,694,Primate__order,taxongroup_comment
2160,acl>obl>case> as,2,0.002,1,694,Primate__order,taxongroup_comment
2165,amod> ...,2,-0.005,8,694,Primate__order,taxongroup_comment
2166,amod> common,2,0.0,3,694,Primate__order,taxongroup_comment
2168,amod> female,2,0.0,1,694,Primate__order,taxongroup_comment
2170,amod> male,2,-0.0,1,694,Primate__order,taxongroup_comment
2171,amod> other,2,0.004,5,694,Primate__order,taxongroup_comment
2172,amod> taile,2,-0.002,2,694,Primate__order,taxongroup_comment
2173,amod> western,2,0.0,1,694,Primate__order,taxongroup_comment
2181,amod>obl:npmod> ring,2,-0.001,3,694,Primate__order,taxongroup_comment
2182,appos< ...,2,0.003,4,694,Primate__order,taxongroup_comment
2186,appos<amod> ...,2,0.005,3,694,Primate__order,taxongroup_comment
2202,appos<case> with,2,0.002,1,694,Primate__order,taxongroup_comment
2211,appos<det> the,2,0.003,2,694,Primate__order,taxongroup_comment
2223,appos<nmod< ...,2,0.001,1,694,Primate__order,taxongroup_comment
2224,appos<nsubj:pass<obl> ...,2,0.009,3,694,Primate__order,taxongroup_comment
2230,appos> ...,2,-0.0,2,694,Primate__order,taxongroup_comment
2231,appos> Primate,2,0.011,4,694,Primate__order,taxongroup_comment
2241,appos>appos> Chimpanzee,2,0.015,5,694,Primate__order,taxongroup_comment
2242,appos>appos>conj> bonobo,2,0.012,4,694,Primate__order,taxongroup_comment
2243,appos>compound> ...,2,0.0,1,694,Primate__order,taxongroup_comment
2248,appos>conj> bonobo,2,0.002,1,694,Primate__order,taxongroup_comment
2253,appos>conj>cc> and,2,0.001,1,694,Primate__order,taxongroup_comment
2255,case> ...,2,-0.001,4,694,Primate__order,taxongroup_comment
2256,case> as,2,0.002,2,694,Primate__order,taxongroup_comment
2257,case> by,2,0.006,4,694,Primate__order,taxongroup_comment
2258,case> for,2,0.004,3,694,Primate__order,taxongroup_comment
2259,case> from,2,0.002,2,694,Primate__order,taxongroup_comment
2260,case> in,2,0.006,7,694,Primate__order,taxongroup_comment
2261,case> of,2,-0.005,3,694,Primate__order,taxongroup_comment
2262,case> than,2,0.011,6,694,Primate__order,taxongroup_comment
2263,case> to,2,-0.001,1,694,Primate__order,taxongroup_comment
2264,case> with,2,0.003,3,694,Primate__order,taxongroup_comment
2266,cc> and,2,-0.002,3,694,Primate__order,taxongroup_comment
2267,cc> or,2,-0.001,1,694,Primate__order,taxongroup_comment
2268,compound< ...,2,0.05,21,694,Primate__order,taxongroup_comment
2270,compound< communication,2,0.009,3,694,Primate__order,taxongroup_comment
2271,compound< community,2,0.005,2,694,Primate__order,taxongroup_comment
2272,compound< genome,2,0.009,3,694,Primate__order,taxongroup_comment
2273,compound< language,2,0.006,2,694,Primate__order,taxongroup_comment
2274,compound< line,2,0.005,2,694,Primate__order,taxongroup_comment
2275,compound< paniscus,2,0.009,3,694,Primate__order,taxongroup_comment
2276,compound< population,2,0.015,5,694,Primate__order,taxongroup_comment
2277,compound< species,2,0.009,4,694,Primate__order,taxongroup_comment
2278,compound< structure,2,0.006,2,694,Primate__order,taxongroup_comment
2279,compound<amod> ...,2,0.022,8,694,Primate__order,taxongroup_comment
2280,compound<amod> common,2,0.01,4,694,Primate__order,taxongroup_comment
2281,compound<amod> other,2,0.009,3,694,Primate__order,taxongroup_comment
2282,compound<amod> social,2,0.006,2,694,Primate__order,taxongroup_comment
2284,compound<amod>advmod> most,2,0.002,1,694,Primate__order,taxongroup_comment
2285,compound<appos< ...,2,0.006,2,694,Primate__order,taxongroup_comment
2286,compound<appos< lemur,2,0.006,2,694,Primate__order,taxongroup_comment
2287,compound<appos<compound> ...,2,0.003,1,694,Primate__order,taxongroup_comment
2288,compound<appos<compound> Alaotra,2,0.006,2,694,Primate__order,taxongroup_comment
2289,compound<case> ...,2,0.001,1,694,Primate__order,taxongroup_comment
2290,compound<case> for,2,0.005,2,694,Primate__order,taxongroup_comment
2291,compound<case> from,2,0.011,4,694,Primate__order,taxongroup_comment
2292,compound<case> in,2,0.008,3,694,Primate__order,taxongroup_comment
2293,compound<case> of,2,0.017,6,694,Primate__order,taxongroup_comment
2294,compound<case> than,2,0.006,2,694,Primate__order,taxongroup_comment
2295,compound<case> to,2,0.001,1,694,Primate__order,taxongroup_comment
2296,compound<case> with,2,0.005,2,694,Primate__order,taxongroup_comment
2297,compound<cc> and,2,0.001,1,694,Primate__order,taxongroup_comment
2298,compound<ccomp< ...,2,0.001,1,694,Primate__order,taxongroup_comment
2299,compound<compound< ...,2,0.012,4,694,Primate__order,taxongroup_comment
2300,compound<compound> ...,2,0.0,1,694,Primate__order,taxongroup_comment
2301,compound<conj< ...,2,0.013,5,694,Primate__order,taxongroup_comment
2303,compound<conj<case> ...,2,0.001,1,694,Primate__order,taxongroup_comment
2304,compound<conj<conj> ...,2,0.004,3,694,Primate__order,taxongroup_comment
2306,compound<conj> ...,2,0.009,3,694,Primate__order,taxongroup_comment
2307,compound<conj>cc> ...,2,0.009,3,694,Primate__order,taxongroup_comment
2308,compound<cop> be,2,0.001,1,694,Primate__order,taxongroup_comment
2309,compound<det> ...,2,0.006,2,694,Primate__order,taxongroup_comment
2310,compound<det> a,2,0.002,1,694,Primate__order,taxongroup_comment
2311,compound<det> all,2,0.006,2,694,Primate__order,taxongroup_comment
2312,compound<det> the,2,0.031,13,694,Primate__order,taxongroup_comment
2314,compound<mark> that,2,0.001,1,694,Primate__order,taxongroup_comment
2315,compound<nmod< ...,2,0.031,12,694,Primate__order,taxongroup_comment
2316,compound<nmod<amod> ...,2,0.001,1,694,Primate__order,taxongroup_comment
2317,compound<nmod<case> ...,2,0.007,3,694,Primate__order,taxongroup_comment
2318,compound<nmod<case> in,2,0.005,2,694,Primate__order,taxongroup_comment
2319,compound<nmod<case> with,2,0.006,2,694,Primate__order,taxongroup_comment
2320,compound<nmod<compound> ...,2,0.008,3,694,Primate__order,taxongroup_comment
2321,compound<nmod<det> a,2,0.005,2,694,Primate__order,taxongroup_comment
2322,compound<nmod<det> the,2,0.016,6,694,Primate__order,taxongroup_comment
2323,compound<nmod<nmod< ...,2,0.009,3,694,Primate__order,taxongroup_comment
2325,compound<nmod<obl< ...,2,0.009,4,694,Primate__order,taxongroup_comment
2326,compound<nmod> ...,2,0.015,5,694,Primate__order,taxongroup_comment
2327,compound<nmod>case> ...,2,0.009,3,694,Primate__order,taxongroup_comment
2328,compound<nmod>case> in,2,0.006,2,694,Primate__order,taxongroup_comment
2329,compound<nsubj:pass< ...,2,0.009,3,694,Primate__order,taxongroup_comment
2330,compound<nsubj:pass< record,2,0.006,2,694,Primate__order,taxongroup_comment
2331,compound<nsubj:pass<advmod> ...,2,0.009,3,694,Primate__order,taxongroup_comment
2332,compound<nsubj:pass<advmod> Nearly,2,0.006,2,694,Primate__order,taxongroup_comment
2333,compound<nsubj:pass<aux:pass> be,2,0.015,5,694,Primate__order,taxongroup_comment
2334,compound<nsubj:pass<aux> ...,2,0.003,1,694,Primate__order,taxongroup_comment
2335,compound<nsubj:pass<aux> have,2,0.009,3,694,Primate__order,taxongroup_comment
2336,compound<nsubj:pass<obl> ...,2,0.012,4,694,Primate__order,taxongroup_comment
2337,compound<nsubj< ...,2,0.014,5,694,Primate__order,taxongroup_comment
2338,compound<nsubj<advmod> ...,2,0.003,2,694,Primate__order,taxongroup_comment
2339,compound<nsubj<conj> ...,2,0.001,1,694,Primate__order,taxongroup_comment
2340,compound<nsubj<obl> ...,2,0.009,3,694,Primate__order,taxongroup_comment
2341,compound<nsubj> ...,2,0.001,1,694,Primate__order,taxongroup_comment
2342,compound<obj< ...,2,0.001,1,694,Primate__order,taxongroup_comment
2343,compound<obl< ...,2,0.012,5,694,Primate__order,taxongroup_comment
2344,compound<obl< split,2,0.005,2,694,Primate__order,taxongroup_comment
2345,compound<obl< use,2,0.006,2,694,Primate__order,taxongroup_comment
2346,compound<obl<advmod> ...,2,0.005,2,694,Primate__order,taxongroup_comment
2347,compound<obl<advmod> ago,2,0.006,2,694,Primate__order,taxongroup_comment
2348,compound<obl<advmod> not,2,0.006,2,694,Primate__order,taxongroup_comment
2349,compound<obl<aux:pass> be,2,0.005,2,694,Primate__order,taxongroup_comment
2350,compound<obl<conj< ...,2,0.003,1,694,Primate__order,taxongroup_comment
2351,compound<obl<conj< split,2,0.006,2,694,Primate__order,taxongroup_comment
2352,compound<obl<nsubj> ...,2,0.008,3,694,Primate__order,taxongroup_comment
2353,compound<obl<nsubj> bonobo,2,0.005,2,694,Primate__order,taxongroup_comment
2354,compound<obl<obj> ...,2,0.004,2,694,Primate__order,taxongroup_comment
2355,compound<obl<obj> moreover,2,0.006,2,694,Primate__order,taxongroup_comment
2356,compound> ...,2,0.002,5,694,Primate__order,taxongroup_comment
2358,compound> Barbary,2,-0.003,3,694,Primate__order,taxongroup_comment
2360,compound> genus,2,0.001,1,694,Primate__order,taxongroup_comment
2365,compound> pygmy,2,0.0,1,694,Primate__order,taxongroup_comment
2367,compound>amod> ...,2,0.002,1,694,Primate__order,taxongroup_comment
2370,compound>compound> ...,2,0.001,1,694,Primate__order,taxongroup_comment
2373,conj< ...,2,-0.002,1,694,Primate__order,taxongroup_comment
2376,conj< ap,2,0.002,1,694,Primate__order,taxongroup_comment
2380,conj< gibbon,2,-0.0,1,694,Primate__order,taxongroup_comment
2381,conj< human,2,-0.0,1,694,Primate__order,taxongroup_comment
2401,conj<compound> silvery,2,0.002,1,694,Primate__order,taxongroup_comment
2402,conj<conj> ...,2,-0.001,1,694,Primate__order,taxongroup_comment
2406,conj<conj> elephant,2,0.002,1,694,Primate__order,taxongroup_comment
2417,conj<conj>compound> ...,2,0.007,4,694,Primate__order,taxongroup_comment
2418,conj<conj>conj> ...,2,0.015,5,694,Primate__order,taxongroup_comment
2424,conj<det> moloch,2,0.001,1,694,Primate__order,taxongroup_comment
2461,conj<nsubj< ...,2,0.001,2,694,Primate__order,taxongroup_comment
2467,conj<nsubj<mark> ...,2,0.002,1,694,Primate__order,taxongroup_comment
2470,conj<nsubj<obl> ...,2,0.001,1,694,Primate__order,taxongroup_comment
2472,conj<obj< ...,2,0.0,1,694,Primate__order,taxongroup_comment
2474,conj<obj< Hylobates,2,0.002,1,694,Primate__order,taxongroup_comment
2476,conj<obj<conj< Hylobate,2,0.001,1,694,Primate__order,taxongroup_comment
2484,conj> ...,2,-0.002,1,694,Primate__order,taxongroup_comment
2487,conj> bonobo,2,-0.001,1,694,Primate__order,taxongroup_comment
2489,conj> gibbon,2,0.0,1,694,Primate__order,taxongroup_comment
2499,conj>amod> ...,2,-0.001,1,694,Primate__order,taxongroup_comment
2504,conj>cc> or,2,-0.001,1,694,Primate__order,taxongroup_comment
2507,conj>compound> grey,2,0.002,1,694,Primate__order,taxongroup_comment
2523,det> each,2,0.002,1,694,Primate__order,taxongroup_comment
2526,det> the,2,-0.01,7,694,Primate__order,taxongroup_comment
2527,flat< ...,2,0.001,1,694,Primate__order,taxongroup_comment
2528,flat< Callitrichidae,2,0.006,2,694,Primate__order,taxongroup_comment
2529,flat<flat> ...,2,0.003,1,694,Primate__order,taxongroup_comment
2530,flat<flat> Genus,2,0.006,2,694,Primate__order,taxongroup_comment
2531,flat<flat> Red,2,0.006,2,694,Primate__order,taxongroup_comment
2532,flat<flat> Saguinus,2,0.005,2,694,Primate__order,taxongroup_comment
2533,flat<flat> Subgenus,2,0.006,2,694,Primate__order,taxongroup_comment
2573,list> genus,2,0.002,1,694,Primate__order,taxongroup_comment
2592,nmod:poss> ...,2,0.0,1,694,Primate__order,taxongroup_comment
2593,nmod:poss>case> 's,2,0.001,1,694,Primate__order,taxongroup_comment
2594,nmod< ...,2,-0.005,2,694,Primate__order,taxongroup_comment
2634,nmod<compound> ...,2,-0.001,1,694,Primate__order,taxongroup_comment
2637,nmod<compound>compound> ...,2,0.001,1,694,Primate__order,taxongroup_comment
2679,nmod<nsubj:pass< ...,2,0.0,1,694,Primate__order,taxongroup_comment
2680,nmod<nsubj:pass<aux:pass> be,2,0.0,1,694,Primate__order,taxongroup_comment
2684,nmod<nsubj< ...,2,-0.002,1,694,Primate__order,taxongroup_comment
2691,nmod<nsubj<amod> ...,2,0.003,2,694,Primate__order,taxongroup_comment
2698,nmod<nsubj<cop> be,2,-0.001,1,694,Primate__order,taxongroup_comment
2699,nmod<nsubj<det> ...,2,0.003,1,694,Primate__order,taxongroup_comment
2740,nmod> ...,2,-0.002,1,694,Primate__order,taxongroup_comment
2748,nmod> primate,2,0.002,1,694,Primate__order,taxongroup_comment
2749,nmod>amod> ...,2,-0.0,1,694,Primate__order,taxongroup_comment
2753,nmod>case> ...,2,0.0,1,694,Primate__order,taxongroup_comment
2756,nmod>case> in,2,-0.001,1,694,Primate__order,taxongroup_comment
2764,nmod>compound> ...,2,0.001,2,694,Primate__order,taxongroup_comment
2818,nsubj< ...,2,-0.004,4,694,Primate__order,taxongroup_comment
2827,nsubj< troglodyte,2,0.001,1,694,Primate__order,taxongroup_comment
2863,nsubj<aux> ...,2,0.002,1,694,Primate__order,taxongroup_comment
2875,nsubj<ccomp> ...,2,0.005,2,694,Primate__order,taxongroup_comment
2877,nsubj<ccomp>nsubj> ...,2,0.005,2,694,Primate__order,taxongroup_comment
2878,nsubj<ccomp>obj> ...,2,0.006,2,694,Primate__order,taxongroup_comment
2895,nsubj<cop> be,2,-0.002,1,694,Primate__order,taxongroup_comment
2902,nsubj<mark> that,2,-0.001,1,694,Primate__order,taxongroup_comment
2916,nsubj<obj> ...,2,-0.003,2,694,Primate__order,taxongroup_comment
2928,nsubj<obj>nmod> ...,2,-0.001,1,694,Primate__order,taxongroup_comment
2958,nsubj<parataxis< Hominida,2,0.001,1,694,Primate__order,taxongroup_comment
2959,nsubj<parataxis<compound> family,2,0.001,1,694,Primate__order,taxongroup_comment
2960,nsubj<parataxis<parataxis> exclude,2,0.001,1,694,Primate__order,taxongroup_comment
2961,nsubj<parataxis<parataxis> troglodyte,2,0.003,2,694,Primate__order,taxongroup_comment
2962,nsubj<parataxis> ...,2,0.001,1,694,Primate__order,taxongroup_comment
2963,nsubj<parataxis>obl> ...,2,0.001,1,694,Primate__order,taxongroup_comment
2977,nummod> ...,2,-0.0,1,694,Primate__order,taxongroup_comment
2981,obj< ...,2,0.003,5,694,Primate__order,taxongroup_comment
2986,obj< kill,2,0.001,1,694,Primate__order,taxongroup_comment
2987,obj< make,2,0.001,1,694,Primate__order,taxongroup_comment
2989,obj< suggest,2,0.002,1,694,Primate__order,taxongroup_comment
2990,obj< troglodyte,2,0.002,1,694,Primate__order,taxongroup_comment
2991,obj< use,2,0.005,2,694,Primate__order,taxongroup_comment
2992,obj<acl:relcl< ...,2,0.005,2,694,Primate__order,taxongroup_comment
2993,obj<acl:relcl<det> the,2,0.005,2,694,Primate__order,taxongroup_comment
2994,obj<acl< ...,2,0.005,3,694,Primate__order,taxongroup_comment
2996,obj<acl<det> the,2,0.001,1,694,Primate__order,taxongroup_comment
2997,obj<acl<nsubj< ...,2,0.008,3,694,Primate__order,taxongroup_comment
3001,obj<advmod> ...,2,-0.001,1,694,Primate__order,taxongroup_comment
3003,obj<advmod> formerly,2,0.002,1,694,Primate__order,taxongroup_comment
3005,obj<aux> ...,2,0.001,1,694,Primate__order,taxongroup_comment
3007,obj<cc> and,2,0.002,1,694,Primate__order,taxongroup_comment
3009,obj<compound:prt> ...,2,0.003,1,694,Primate__order,taxongroup_comment
3010,obj<compound:prt> up,2,0.002,1,694,Primate__order,taxongroup_comment
3011,obj<conj< ...,2,0.001,1,694,Primate__order,taxongroup_comment
3019,obj<conj> ...,2,0.0,1,694,Primate__order,taxongroup_comment
3020,obj<conj>amod> ...,2,0.001,1,694,Primate__order,taxongroup_comment
3022,obj<conj>cc> and,2,0.001,1,694,Primate__order,taxongroup_comment
3024,obj<mark> ...,2,0.001,1,694,Primate__order,taxongroup_comment
3027,obj<nsubj> ...,2,0.001,2,694,Primate__order,taxongroup_comment
3029,obj<nsubj> laboratory,2,0.002,1,694,Primate__order,taxongroup_comment
3030,obj<nsubj> study,2,0.002,1,694,Primate__order,taxongroup_comment
3031,obj<nsubj> which,2,0.005,2,694,Primate__order,taxongroup_comment
3032,obj<nsubj>amod> ...,2,0.002,2,694,Primate__order,taxongroup_comment
3033,obj<nsubj>appos> ...,2,0.001,1,694,Primate__order,taxongroup_comment
3034,obj<nsubj>det> a,2,0.002,1,694,Primate__order,taxongroup_comment
3037,obj<nsubj>nummod> ...,2,0.001,1,694,Primate__order,taxongroup_comment
3038,obj<obl> ...,2,-0.0,1,694,Primate__order,taxongroup_comment
3041,obj<obl>case> in,2,0.0,1,694,Primate__order,taxongroup_comment
3043,obj<parataxis< ...,2,0.001,1,694,Primate__order,taxongroup_comment
3046,obj<parataxis<parataxis> ...,2,0.003,1,694,Primate__order,taxongroup_comment
3047,obj<parataxis<parataxis> troglodyte,2,0.006,2,694,Primate__order,taxongroup_comment
3055,obl< ...,2,0.038,22,694,Primate__order,taxongroup_comment
3056,obl< aggressive,2,0.005,2,694,Primate__order,taxongroup_comment
3057,obl< compare,2,0.002,1,694,Primate__order,taxongroup_comment
3058,obl< document,2,0.002,1,694,Primate__order,taxongroup_comment
3059,obl< find,2,0.002,1,694,Primate__order,taxongroup_comment
3062,obl< violent,2,0.002,1,694,Primate__order,taxongroup_comment
3063,obl<acl:relcl< ...,2,0.01,4,694,Primate__order,taxongroup_comment
3065,obl<acl:relcl<amod> ...,2,0.009,3,694,Primate__order,taxongroup_comment
3066,obl<acl:relcl<case> ...,2,0.001,1,694,Primate__order,taxongroup_comment
3070,obl<acl:relcl<det> ...,2,0.003,1,694,Primate__order,taxongroup_comment
3071,obl<acl:relcl<det> the,2,0.001,1,694,Primate__order,taxongroup_comment
3072,obl<acl:relcl<nmod> ...,2,0.009,3,694,Primate__order,taxongroup_comment
3074,obl<acl:relcl<obl< ...,2,0.001,1,694,Primate__order,taxongroup_comment
3076,obl<acl< ...,2,0.005,3,694,Primate__order,taxongroup_comment
3077,obl<acl<amod> ...,2,0.004,2,694,Primate__order,taxongroup_comment
3080,obl<advcl< ...,2,0.013,5,694,Primate__order,taxongroup_comment
3081,obl<advcl< half,2,0.002,1,694,Primate__order,taxongroup_comment
3082,obl<advcl<advmod> ...,2,0.015,5,694,Primate__order,taxongroup_comment
3083,obl<advcl<cop> be,2,0.008,3,694,Primate__order,taxongroup_comment
3084,obl<advcl<nsubj> ...,2,0.009,3,694,Primate__order,taxongroup_comment
3085,obl<advcl<nsubj> bonobo,2,0.002,1,694,Primate__order,taxongroup_comment
3086,obl<advcl<obl> ...,2,0.006,2,694,Primate__order,taxongroup_comment
3087,obl<advcl<obl> male,2,0.002,1,694,Primate__order,taxongroup_comment
3088,obl<advcl<obl> wild,2,0.002,1,694,Primate__order,taxongroup_comment
3089,obl<advcl> ...,2,0.006,3,694,Primate__order,taxongroup_comment
3090,obl<advcl>mark> ...,2,0.005,2,694,Primate__order,taxongroup_comment
3092,obl<advcl>nsubj> ...,2,0.001,1,694,Primate__order,taxongroup_comment
3093,obl<advcl>obj> ...,2,0.008,3,694,Primate__order,taxongroup_comment
3094,obl<advcl>obl> ...,2,0.005,2,694,Primate__order,taxongroup_comment
3095,obl<advcl>obl> group,2,0.002,1,694,Primate__order,taxongroup_comment
3096,obl<advmod> ...,2,0.001,2,694,Primate__order,taxongroup_comment
3097,obl<advmod> also,2,0.001,1,694,Primate__order,taxongroup_comment
3099,obl<advmod> less,2,0.005,2,694,Primate__order,taxongroup_comment
3100,obl<advmod> more,2,0.001,1,694,Primate__order,taxongroup_comment
3101,obl<advmod> not,2,0.004,2,694,Primate__order,taxongroup_comment
3102,obl<advmod> previously,2,0.002,1,694,Primate__order,taxongroup_comment
3104,obl<advmod> well,2,0.002,1,694,Primate__order,taxongroup_comment
3105,obl<amod< ...,2,0.001,1,694,Primate__order,taxongroup_comment
3107,obl<aux:pass> be,2,0.002,3,694,Primate__order,taxongroup_comment
3108,obl<aux> ...,2,0.003,1,694,Primate__order,taxongroup_comment
3109,obl<aux> have,2,0.005,2,694,Primate__order,taxongroup_comment
3110,obl<cc> ...,2,0.003,1,694,Primate__order,taxongroup_comment
3111,obl<cc> and,2,0.003,2,694,Primate__order,taxongroup_comment
3112,obl<ccomp< ...,2,0.002,1,694,Primate__order,taxongroup_comment
3113,obl<ccomp< find,2,0.006,2,694,Primate__order,taxongroup_comment
3114,obl<ccomp<nsubj> ...,2,0.003,1,694,Primate__order,taxongroup_comment
3115,obl<ccomp<nsubj> study,2,0.006,2,694,Primate__order,taxongroup_comment
3116,obl<ccomp> ...,2,0.005,2,694,Primate__order,taxongroup_comment
3117,obl<conj< ...,2,0.006,3,694,Primate__order,taxongroup_comment
3118,obl<conj<advmod> ...,2,0.009,3,694,Primate__order,taxongroup_comment
3119,obl<conj<conj> ...,2,0.007,3,694,Primate__order,taxongroup_comment
3120,obl<conj<conj> Hylobates,2,0.009,3,694,Primate__order,taxongroup_comment
3121,obl<conj<nsubj> ...,2,0.004,2,694,Primate__order,taxongroup_comment
3122,obl<conj<obj> ...,2,0.001,1,694,Primate__order,taxongroup_comment
3123,obl<conj> ...,2,0.001,2,694,Primate__order,taxongroup_comment
3125,obl<conj>advmod> not,2,0.002,1,694,Primate__order,taxongroup_comment
3126,obl<conj>amod> ...,2,0.005,2,694,Primate__order,taxongroup_comment
3128,obl<conj>cc> and,2,0.001,1,694,Primate__order,taxongroup_comment
3129,obl<conj>cc> but,2,0.001,1,694,Primate__order,taxongroup_comment
3131,obl<cop> be,2,0.007,5,694,Primate__order,taxongroup_comment
3132,obl<mark> ...,2,0.002,1,694,Primate__order,taxongroup_comment
3134,obl<mark> to,2,0.002,1,694,Primate__order,taxongroup_comment
3135,obl<mark> when,2,0.002,1,694,Primate__order,taxongroup_comment
3136,obl<mark> while,2,0.008,3,694,Primate__order,taxongroup_comment
3137,obl<nsubj:pass> ...,2,0.002,2,694,Primate__order,taxongroup_comment
3141,obl<nsubj> ...,2,0.013,7,694,Primate__order,taxongroup_comment
3144,obl<nsubj> bonobo,2,0.002,2,694,Primate__order,taxongroup_comment
3145,obl<nsubj> pattern,2,0.002,1,694,Primate__order,taxongroup_comment
3147,obl<nsubj>amod> ...,2,0.006,2,694,Primate__order,taxongroup_comment
3148,obl<nsubj>amod> female,2,0.001,1,694,Primate__order,taxongroup_comment
3150,obl<nsubj>det> a,2,0.002,1,694,Primate__order,taxongroup_comment
3151,obl<nsubj>det> the,2,0.0,1,694,Primate__order,taxongroup_comment
3152,obl<nsubj>nmod> ...,2,0.001,1,694,Primate__order,taxongroup_comment
3154,obl<obj> ...,2,0.005,3,694,Primate__order,taxongroup_comment
3157,obl<obj>amod> ...,2,0.004,2,694,Primate__order,taxongroup_comment
3159,obl<obj>det> the,2,0.006,2,694,Primate__order,taxongroup_comment
3161,obl<obl> ...,2,0.001,2,694,Primate__order,taxongroup_comment
3166,obl<obl>case> with,2,0.002,1,694,Primate__order,taxongroup_comment
3169,obl<parataxis< ...,2,0.001,1,694,Primate__order,taxongroup_comment
3170,obl<parataxis<parataxis> ...,2,0.003,1,694,Primate__order,taxongroup_comment
3171,obl<parataxis<parataxis> troglodyte,2,0.006,2,694,Primate__order,taxongroup_comment
3174,obl<xcomp< find,2,0.001,1,694,Primate__order,taxongroup_comment
3206,acl> ...,3,-0.001,1,730,Primate__order,taxongroup_comment
3208,acl>advcl> ...,3,0.001,1,730,Primate__order,taxongroup_comment
3209,acl>advcl>mark> ...,3,0.001,1,730,Primate__order,taxongroup_comment
3226,advmod> ...,3,0.002,3,730,Primate__order,taxongroup_comment
3228,amod> ...,3,-0.007,5,730,Primate__order,taxongroup_comment
3233,amod> male,3,0.003,3,730,Primate__order,taxongroup_comment
3235,amod> taile,3,0.005,7,730,Primate__order,taxongroup_comment
3236,amod> western,3,0.0,1,730,Primate__order,taxongroup_comment
3237,amod> wild,3,0.001,2,730,Primate__order,taxongroup_comment
3238,amod> young,3,0.0,1,730,Primate__order,taxongroup_comment
3239,amod>advmod> ...,3,0.0,1,730,Primate__order,taxongroup_comment
3244,amod>obl:npmod> ring,3,0.005,7,730,Primate__order,taxongroup_comment
3295,appos> alaotrensis,3,0.002,1,730,Primate__order,taxongroup_comment
3300,appos> troglodyte,3,0.006,3,730,Primate__order,taxongroup_comment
3302,appos>amod> Pan,3,0.003,2,730,Primate__order,taxongroup_comment
3307,appos>compound> Hapalemur,3,0.002,1,730,Primate__order,taxongroup_comment
3308,appos>compound> P.,3,0.002,1,730,Primate__order,taxongroup_comment
3309,appos>compound> troglodyte,3,0.002,1,730,Primate__order,taxongroup_comment
3318,case> ...,3,-0.002,1,730,Primate__order,taxongroup_comment
3319,case> as,3,-0.0,1,730,Primate__order,taxongroup_comment
3326,case> to,3,-0.001,1,730,Primate__order,taxongroup_comment
3329,cc> and,3,-0.002,1,730,Primate__order,taxongroup_comment
3330,cc> or,3,-0.001,1,730,Primate__order,taxongroup_comment
3331,compound< ...,3,-0.002,2,730,Primate__order,taxongroup_comment
3337,compound< line,3,0.001,1,730,Primate__order,taxongroup_comment
3343,compound<amod> common,3,0.0,1,730,Primate__order,taxongroup_comment
3352,compound<case> ...,3,0.001,1,730,Primate__order,taxongroup_comment
3354,compound<case> from,3,0.001,1,730,Primate__order,taxongroup_comment
3358,compound<case> to,3,0.001,1,730,Primate__order,taxongroup_comment
3373,compound<det> a,3,0.002,1,730,Primate__order,taxongroup_comment
3375,compound<det> the,3,-0.001,1,730,Primate__order,taxongroup_comment
3400,compound<nsubj< ...,3,0.0,1,730,Primate__order,taxongroup_comment
3401,compound<nsubj<advmod> ...,3,0.006,3,730,Primate__order,taxongroup_comment
3402,compound<nsubj<conj> ...,3,0.005,2,730,Primate__order,taxongroup_comment
3406,compound<obl< ...,3,-0.0,1,730,Primate__order,taxongroup_comment
3407,compound<obl< split,3,0.001,1,730,Primate__order,taxongroup_comment
3409,compound<obl<advmod> ...,3,0.001,1,730,Primate__order,taxongroup_comment
3416,compound<obl<nsubj> bonobo,3,0.001,1,730,Primate__order,taxongroup_comment
3417,compound<obl<obj> ...,3,0.001,1,730,Primate__order,taxongroup_comment
3419,compound> ...,3,-0.002,1,730,Primate__order,taxongroup_comment
3420,compound> Alaotra,3,0.001,1,730,Primate__order,taxongroup_comment
3421,compound> Barbary,3,0.008,10,730,Primate__order,taxongroup_comment
3422,compound> bamboo,3,0.001,1,730,Primate__order,taxongroup_comment
3424,compound> grey,3,0.0,1,730,Primate__order,taxongroup_comment
3425,compound> juvenile,3,0.001,1,730,Primate__order,taxongroup_comment
3427,compound> order,3,0.006,2,730,Primate__order,taxongroup_comment
3431,compound>amod> lower,3,0.006,2,730,Primate__order,taxongroup_comment
3434,compound>compound> Gibraltar,3,0.004,2,730,Primate__order,taxongroup_comment
3435,compound>compound> Lac,3,0.001,1,730,Primate__order,taxongroup_comment
3436,conj< ...,3,-0.002,2,730,Primate__order,taxongroup_comment
3443,conj< gibbon,3,-0.0,1,730,Primate__order,taxongroup_comment
3446,conj<advcl< ...,3,0.001,1,730,Primate__order,taxongroup_comment
3447,conj<advcl<obl> ...,3,0.001,1,730,Primate__order,taxongroup_comment
3456,conj<case> ...,3,0.0,1,730,Primate__order,taxongroup_comment
3463,conj<compound> ...,3,0.0,1,730,Primate__order,taxongroup_comment
3488,conj<det> the,3,0.0,1,730,Primate__order,taxongroup_comment
3489,conj<mark> ...,3,0.001,1,730,Primate__order,taxongroup_comment
3490,conj<nmod:poss> ...,3,0.001,1,730,Primate__order,taxongroup_comment
3524,conj<nsubj< ...,3,-0.001,1,730,Primate__order,taxongroup_comment
3525,conj<nsubj<advmod> ...,3,0.001,1,730,Primate__order,taxongroup_comment
3529,conj<nsubj<cop> be,3,0.001,1,730,Primate__order,taxongroup_comment
3533,conj<nsubj<obl> ...,3,0.003,2,730,Primate__order,taxongroup_comment
3534,conj<nsubj> ...,3,0.001,1,730,Primate__order,taxongroup_comment
3545,conj<obl> ...,3,0.001,1,730,Primate__order,taxongroup_comment
3546,conj<obl>case> ...,3,0.001,1,730,Primate__order,taxongroup_comment
3547,conj> ...,3,-0.002,2,730,Primate__order,taxongroup_comment
3550,conj> bonobo,3,-0.001,1,730,Primate__order,taxongroup_comment
3566,conj>cc> and,3,-0.002,1,730,Primate__order,taxongroup_comment
3567,conj>cc> or,3,-0.0,2,730,Primate__order,taxongroup_comment
3572,conj>det> ...,3,0.002,1,730,Primate__order,taxongroup_comment
3574,conj>det> the,3,-0.001,1,730,Primate__order,taxongroup_comment
3582,det> ...,3,0.0,1,730,Primate__order,taxongroup_comment
3583,det> a,3,-0.0,3,730,Primate__order,taxongroup_comment
3584,det> all,3,0.001,1,730,Primate__order,taxongroup_comment
3586,det> each,3,0.002,1,730,Primate__order,taxongroup_comment
3588,det> some,3,0.001,1,730,Primate__order,taxongroup_comment
3589,det> the,3,0.001,20,730,Primate__order,taxongroup_comment
3803,nmod> ...,3,-0.002,2,730,Primate__order,taxongroup_comment
3809,nmod> group,3,0.002,1,730,Primate__order,taxongroup_comment
3816,nmod>case> ...,3,0.0,1,730,Primate__order,taxongroup_comment
3819,nmod>case> in,3,-0.001,1,730,Primate__order,taxongroup_comment
3821,nmod>case> of,3,0.0,1,730,Primate__order,taxongroup_comment
3827,nmod>compound> ...,3,-0.0,1,730,Primate__order,taxongroup_comment
3830,nmod>det> ...,3,0.001,1,730,Primate__order,taxongroup_comment
3832,nmod>det> the,3,0.0,2,730,Primate__order,taxongroup_comment
3881,nsubj< ...,3,0.058,32,730,Primate__order,taxongroup_comment
3882,nsubj< eat,3,0.006,2,730,Primate__order,taxongroup_comment
3883,nsubj< have,3,0.011,6,730,Primate__order,taxongroup_comment
3884,nsubj< likely,3,0.001,1,730,Primate__order,taxongroup_comment
3885,nsubj< one,3,0.002,1,730,Primate__order,taxongroup_comment
3887,nsubj< show,3,0.008,3,730,Primate__order,taxongroup_comment
3889,nsubj< tend,3,0.003,2,730,Primate__order,taxongroup_comment
3891,nsubj< use,3,0.025,9,730,Primate__order,taxongroup_comment
3892,nsubj<acl:relcl< ...,3,0.001,1,730,Primate__order,taxongroup_comment
3894,nsubj<advcl< ...,3,0.007,4,730,Primate__order,taxongroup_comment
3895,nsubj<advcl<advmod> ...,3,0.004,2,730,Primate__order,taxongroup_comment
3897,nsubj<advcl<aux> ...,3,0.005,2,730,Primate__order,taxongroup_comment
3899,nsubj<advcl<ccomp> ...,3,0.005,2,730,Primate__order,taxongroup_comment
3900,nsubj<advcl<nsubj> ...,3,0.005,3,730,Primate__order,taxongroup_comment
3901,nsubj<advcl<obj> ...,3,0.001,1,730,Primate__order,taxongroup_comment
3902,nsubj<advcl<obl> ...,3,0.001,1,730,Primate__order,taxongroup_comment
3903,nsubj<advcl> ...,3,0.04,16,730,Primate__order,taxongroup_comment
3904,nsubj<advcl>advmod> ...,3,0.008,3,730,Primate__order,taxongroup_comment
3905,nsubj<advcl>conj> ...,3,0.007,3,730,Primate__order,taxongroup_comment
3906,nsubj<advcl>mark> ...,3,0.006,3,730,Primate__order,taxongroup_comment
3907,nsubj<advcl>mark> although,3,0.006,2,730,Primate__order,taxongroup_comment
3908,nsubj<advcl>mark> to,3,0.011,4,730,Primate__order,taxongroup_comment
3909,nsubj<advcl>mark> when,3,0.008,3,730,Primate__order,taxongroup_comment
3910,nsubj<advcl>mark> while,3,0.006,2,730,Primate__order,taxongroup_comment
3911,nsubj<advcl>nsubj> ...,3,0.007,3,730,Primate__order,taxongroup_comment
3912,nsubj<advcl>obj> ...,3,0.017,7,730,Primate__order,taxongroup_comment
3913,nsubj<advcl>obl> ...,3,0.013,5,730,Primate__order,taxongroup_comment
3914,nsubj<advmod> ...,3,0.022,8,730,Primate__order,taxongroup_comment
3915,nsubj<advmod> also,3,0.006,3,730,Primate__order,taxongroup_comment
3916,nsubj<advmod> as,3,0.002,1,730,Primate__order,taxongroup_comment
3917,nsubj<advmod> just,3,0.002,1,730,Primate__order,taxongroup_comment
3918,nsubj<advmod> more,3,0.002,1,730,Primate__order,taxongroup_comment
3919,nsubj<advmod> mostly,3,0.002,1,730,Primate__order,taxongroup_comment
3920,nsubj<advmod> not,3,0.01,4,730,Primate__order,taxongroup_comment
3921,nsubj<advmod> only,3,0.006,2,730,Primate__order,taxongroup_comment
3922,nsubj<advmod> quadrupedally,3,0.006,2,730,Primate__order,taxongroup_comment
3923,nsubj<advmod> well,3,0.006,2,730,Primate__order,taxongroup_comment
3924,nsubj<amod> ...,3,0.002,2,730,Primate__order,taxongroup_comment
3925,nsubj<appos> ...,3,0.001,1,730,Primate__order,taxongroup_comment
3926,nsubj<aux> ...,3,0.002,1,730,Primate__order,taxongroup_comment
3927,nsubj<aux> be,3,0.001,1,730,Primate__order,taxongroup_comment
3928,nsubj<aux> can,3,0.005,2,730,Primate__order,taxongroup_comment
3929,nsubj<aux> do,3,0.002,1,730,Primate__order,taxongroup_comment
3930,nsubj<aux> have,3,0.002,1,730,Primate__order,taxongroup_comment
3931,nsubj<aux> may,3,0.002,1,730,Primate__order,taxongroup_comment
3932,nsubj<ccomp< ...,3,0.01,4,730,Primate__order,taxongroup_comment
3933,nsubj<ccomp< find,3,0.008,3,730,Primate__order,taxongroup_comment
3934,nsubj<ccomp< show,3,0.002,1,730,Primate__order,taxongroup_comment
3935,nsubj<ccomp<aux> have,3,0.008,3,730,Primate__order,taxongroup_comment
3936,nsubj<ccomp<nsubj> ...,3,0.013,5,730,Primate__order,taxongroup_comment
3937,nsubj<ccomp<nsubj> she,3,0.006,2,730,Primate__order,taxongroup_comment
3944,nsubj<conj> ...,3,0.019,10,730,Primate__order,taxongroup_comment
3947,nsubj<conj>advmod> ...,3,0.011,4,730,Primate__order,taxongroup_comment
3948,nsubj<conj>amod> ...,3,0.005,3,730,Primate__order,taxongroup_comment
3949,nsubj<conj>cc> ...,3,0.003,1,730,Primate__order,taxongroup_comment
3950,nsubj<conj>cc> and,3,0.011,6,730,Primate__order,taxongroup_comment
3953,nsubj<conj>nmod> ...,3,0.001,1,730,Primate__order,taxongroup_comment
3954,nsubj<conj>nsubj> ...,3,0.007,3,730,Primate__order,taxongroup_comment
3955,nsubj<conj>obj> ...,3,0.006,3,730,Primate__order,taxongroup_comment
3958,nsubj<cop> be,3,0.017,12,730,Primate__order,taxongroup_comment
3959,nsubj<det> a,3,0.0,1,730,Primate__order,taxongroup_comment
3962,nsubj<mark> although,3,0.002,1,730,Primate__order,taxongroup_comment
3963,nsubj<mark> as,3,0.002,1,730,Primate__order,taxongroup_comment
3964,nsubj<mark> if,3,0.002,1,730,Primate__order,taxongroup_comment
3965,nsubj<mark> that,3,0.02,9,730,Primate__order,taxongroup_comment
3966,nsubj<mark> while,3,0.002,1,730,Primate__order,taxongroup_comment
3967,nsubj<nmod> ...,3,0.002,3,730,Primate__order,taxongroup_comment
3968,nsubj<nmod>amod> ...,3,0.003,3,730,Primate__order,taxongroup_comment
3971,nsubj<nmod>case> ...,3,0.002,1,730,Primate__order,taxongroup_comment
3973,nsubj<nmod>case> of,3,0.0,1,730,Primate__order,taxongroup_comment
3975,nsubj<nmod>case> with,3,0.001,1,730,Primate__order,taxongroup_comment
3978,nsubj<nmod>nmod:poss> ...,3,0.004,2,730,Primate__order,taxongroup_comment
3979,nsubj<obj> ...,3,0.057,26,730,Primate__order,taxongroup_comment
3981,nsubj<obj> tool,3,0.006,2,730,Primate__order,taxongroup_comment
3982,nsubj<obj>acl> ...,3,0.005,2,730,Primate__order,taxongroup_comment
3983,nsubj<obj>amod> ...,3,0.026,13,730,Primate__order,taxongroup_comment
3985,nsubj<obj>compound> ...,3,0.011,5,730,Primate__order,taxongroup_comment
3986,nsubj<obj>conj> ...,3,0.006,2,730,Primate__order,taxongroup_comment
3989,nsubj<obj>det> a,3,0.015,7,730,Primate__order,taxongroup_comment
3990,nsubj<obj>det> the,3,0.005,2,730,Primate__order,taxongroup_comment
3991,nsubj<obj>nmod> ...,3,0.014,8,730,Primate__order,taxongroup_comment
3992,nsubj<obj>nmod> range,3,0.002,1,730,Primate__order,taxongroup_comment
3993,nsubj<obl:tmod> ...,3,0.001,1,730,Primate__order,taxongroup_comment
3994,nsubj<obl> ...,3,0.116,44,730,Primate__order,taxongroup_comment
3995,nsubj<obl> instance,3,0.005,2,730,Primate__order,taxongroup_comment
3996,nsubj<obl> task,3,0.006,2,730,Primate__order,taxongroup_comment
3997,nsubj<obl> year,3,0.006,2,730,Primate__order,taxongroup_comment
3998,nsubj<obl>acl> ...,3,0.007,3,730,Primate__order,taxongroup_comment
3999,nsubj<obl>advmod> ...,3,0.011,4,730,Primate__order,taxongroup_comment
4000,nsubj<obl>amod> ...,3,0.046,17,730,Primate__order,taxongroup_comment
4001,nsubj<obl>case> ...,3,0.028,11,730,Primate__order,taxongroup_comment
4002,nsubj<obl>case> as,3,0.008,3,730,Primate__order,taxongroup_comment
4003,nsubj<obl>case> at,3,0.008,3,730,Primate__order,taxongroup_comment
4004,nsubj<obl>case> by,3,0.008,3,730,Primate__order,taxongroup_comment
4005,nsubj<obl>case> for,3,0.01,4,730,Primate__order,taxongroup_comment
4006,nsubj<obl>case> from,3,0.006,2,730,Primate__order,taxongroup_comment
4007,nsubj<obl>case> in,3,0.034,13,730,Primate__order,taxongroup_comment
4008,nsubj<obl>case> of,3,0.004,2,730,Primate__order,taxongroup_comment
4009,nsubj<obl>case> on,3,0.005,2,730,Primate__order,taxongroup_comment
4010,nsubj<obl>case> to,3,0.017,6,730,Primate__order,taxongroup_comment
4011,nsubj<obl>case> with,3,0.008,3,730,Primate__order,taxongroup_comment
4012,nsubj<obl>compound> ...,3,0.012,5,730,Primate__order,taxongroup_comment
4013,nsubj<obl>conj> ...,3,0.022,8,730,Primate__order,taxongroup_comment
4014,nsubj<obl>det> ...,3,0.003,1,730,Primate__order,taxongroup_comment
4015,nsubj<obl>det> a,3,0.014,5,730,Primate__order,taxongroup_comment
4016,nsubj<obl>det> all,3,0.006,2,730,Primate__order,taxongroup_comment
4017,nsubj<obl>det> the,3,0.022,8,730,Primate__order,taxongroup_comment
4018,nsubj<obl>nmod> ...,3,0.037,13,730,Primate__order,taxongroup_comment
4019,nsubj<obl>nummod> ...,3,0.008,3,730,Primate__order,taxongroup_comment
4020,nsubj<obl>nummod> one,3,0.006,2,730,Primate__order,taxongroup_comment
4025,nsubj<parataxis> ...,3,0.001,1,730,Primate__order,taxongroup_comment
4026,nsubj<parataxis>obl> ...,3,0.005,2,730,Primate__order,taxongroup_comment
4027,nsubj<xcomp> ...,3,0.003,3,730,Primate__order,taxongroup_comment
4028,nsubj<xcomp> beg,3,0.002,1,730,Primate__order,taxongroup_comment
4029,nsubj<xcomp>advmod> ...,3,0.001,1,730,Primate__order,taxongroup_comment
4030,nsubj<xcomp>mark> to,3,0.005,4,730,Primate__order,taxongroup_comment
4031,nsubj<xcomp>obj> ...,3,0.002,1,730,Primate__order,taxongroup_comment
4032,nsubj<xcomp>obj> food,3,0.002,1,730,Primate__order,taxongroup_comment
4033,nsubj<xcomp>obl> ...,3,0.002,2,730,Primate__order,taxongroup_comment
4034,nsubj<xcomp>obl> person,3,0.002,1,730,Primate__order,taxongroup_comment
4041,nummod> four,3,0.002,1,730,Primate__order,taxongroup_comment
4043,nummod> two,3,0.001,1,730,Primate__order,taxongroup_comment
4044,obj< ...,3,0.002,5,730,Primate__order,taxongroup_comment
4048,obj< consume,3,0.006,2,730,Primate__order,taxongroup_comment
4062,obj<advcl> ...,3,0.0,1,730,Primate__order,taxongroup_comment
4064,obj<advmod> ...,3,-0.001,1,730,Primate__order,taxongroup_comment
4071,obj<ccomp< ...,3,0.003,2,730,Primate__order,taxongroup_comment
4082,obj<conj> ...,3,0.0,1,730,Primate__order,taxongroup_comment
4085,obj<conj>cc> and,3,0.001,1,730,Primate__order,taxongroup_comment
4086,obj<conj>obl> ...,3,0.001,1,730,Primate__order,taxongroup_comment
4088,obj<mark> that,3,0.006,2,730,Primate__order,taxongroup_comment
4089,obj<mark> to,3,0.002,2,730,Primate__order,taxongroup_comment
4090,obj<nsubj> ...,3,0.008,5,730,Primate__order,taxongroup_comment
4096,obj<nsubj>appos> ...,3,0.001,1,730,Primate__order,taxongroup_comment
4098,obj<nsubj>det> the,3,0.005,2,730,Primate__order,taxongroup_comment
4099,obj<nsubj>flat> ...,3,0.0,1,730,Primate__order,taxongroup_comment
4101,obj<obl> ...,3,0.023,9,730,Primate__order,taxongroup_comment
4102,obj<obl>case> ...,3,0.008,3,730,Primate__order,taxongroup_comment
4103,obj<obl>case> for,3,0.002,1,730,Primate__order,taxongroup_comment
4104,obj<obl>case> in,3,0.013,5,730,Primate__order,taxongroup_comment
4105,obj<obl>compound> ...,3,0.011,4,730,Primate__order,taxongroup_comment
4114,obj<xcomp< show,3,0.006,2,730,Primate__order,taxongroup_comment
4115,obj<xcomp<aux:pass> be,3,0.005,2,730,Primate__order,taxongroup_comment
4117,obj<xcomp<nsubj:pass> bonobo,3,0.006,2,730,Primate__order,taxongroup_comment
4118,obl< ...,3,-0.003,1,730,Primate__order,taxongroup_comment
4165,obl<advmod> previously,3,0.002,1,730,Primate__order,taxongroup_comment
4170,obl<aux:pass> be,3,-0.001,1,730,Primate__order,taxongroup_comment
4236,obl<xcomp< ...,3,0.003,1,730,Primate__order,taxongroup_comment
4241,parataxis> find,3,0.002,1,730,Primate__order,taxongroup_comment
4247,parataxis>obl> ...,3,0.004,2,730,Primate__order,taxongroup_comment
4248,parataxis>obl>case> ...,3,0.005,2,730,Primate__order,taxongroup_comment
4249,parataxis>obl>case> in,3,0.002,1,730,Primate__order,taxongroup_comment
4250,parataxis>obl>compound> ...,3,0.001,1,730,Primate__order,taxongroup_comment
4251,parataxis>obl>conj> ...,3,0.013,7,730,Primate__order,taxongroup_comment
4252,acl:relcl> ...,4,0.0,1,601,Primate__order,taxongroup_comment
4254,acl:relcl>advmod> ...,4,0.001,1,601,Primate__order,taxongroup_comment
4256,acl:relcl>nsubj> ...,4,0.003,1,601,Primate__order,taxongroup_comment
4260,acl:relcl>obj> ...,4,0.001,1,601,Primate__order,taxongroup_comment
4269,acl> ...,4,-0.001,1,601,Primate__order,taxongroup_comment
4276,acl>mark> ...,4,0.002,1,601,Primate__order,taxongroup_comment
4277,acl>obj> ...,4,-0.0,1,601,Primate__order,taxongroup_comment
4287,advcl< ...,4,0.002,1,601,Primate__order,taxongroup_comment
4289,advmod> ...,4,0.007,4,601,Primate__order,taxongroup_comment
4291,amod> ...,4,0.006,14,601,Primate__order,taxongroup_comment
4292,amod> common,4,-0.001,2,601,Primate__order,taxongroup_comment
4293,amod> eastern,4,0.001,1,601,Primate__order,taxongroup_comment
4294,amod> female,4,0.0,1,601,Primate__order,taxongroup_comment
4295,amod> great,4,0.006,4,601,Primate__order,taxongroup_comment
4297,amod> other,4,0.012,7,601,Primate__order,taxongroup_comment
4298,amod> taile,4,0.001,4,601,Primate__order,taxongroup_comment
4300,amod> wild,4,-0.0,1,601,Primate__order,taxongroup_comment
4303,amod>advmod> most,4,0.002,1,601,Primate__order,taxongroup_comment
4306,amod>obl:npmod> ...,4,0.004,1,601,Primate__order,taxongroup_comment
4307,amod>obl:npmod> ring,4,0.001,4,601,Primate__order,taxongroup_comment
4308,appos< ...,4,-0.001,1,601,Primate__order,taxongroup_comment
4312,appos<amod> ...,4,0.003,2,601,Primate__order,taxongroup_comment
4313,appos<appos> ...,4,0.008,3,601,Primate__order,taxongroup_comment
4320,appos<appos>compound> ...,4,0.01,3,601,Primate__order,taxongroup_comment
4328,appos<case> with,4,0.003,1,601,Primate__order,taxongroup_comment
4330,appos<conj> ...,4,0.004,2,601,Primate__order,taxongroup_comment
4334,appos<conj>cc> and,4,0.001,1,601,Primate__order,taxongroup_comment
4340,appos<list> ...,4,0.002,1,601,Primate__order,taxongroup_comment
4356,appos> ...,4,0.003,3,601,Primate__order,taxongroup_comment
4362,appos> schweinfurthii,4,0.003,1,601,Primate__order,taxongroup_comment
4365,appos>amod> Pan,4,0.001,1,601,Primate__order,taxongroup_comment
4369,appos>compound> ...,4,0.0,1,601,Primate__order,taxongroup_comment
4372,appos>compound> troglodyte,4,0.003,1,601,Primate__order,taxongroup_comment
4380,case> 's,4,-0.0,1,601,Primate__order,taxongroup_comment
4381,case> ...,4,-0.002,3,601,Primate__order,taxongroup_comment
4383,case> by,4,-0.0,1,601,Primate__order,taxongroup_comment
4384,case> for,4,0.006,3,601,Primate__order,taxongroup_comment
4387,case> of,4,-0.005,2,601,Primate__order,taxongroup_comment
4389,case> to,4,-0.001,1,601,Primate__order,taxongroup_comment
4390,case> with,4,-0.001,1,601,Primate__order,taxongroup_comment
4391,cc> ...,4,0.003,1,601,Primate__order,taxongroup_comment
4392,cc> and,4,0.058,21,601,Primate__order,taxongroup_comment
4393,cc> or,4,0.015,6,601,Primate__order,taxongroup_comment
4394,compound< ...,4,-0.002,1,601,Primate__order,taxongroup_comment
4427,compound<conj< ...,4,0.0,1,601,Primate__order,taxongroup_comment
4429,compound<conj<case> ...,4,0.001,1,601,Primate__order,taxongroup_comment
4430,compound<conj<conj> ...,4,0.01,4,601,Primate__order,taxongroup_comment
4431,compound<conj<nmod> ...,4,0.006,2,601,Primate__order,taxongroup_comment
4482,compound> ...,4,0.001,4,601,Primate__order,taxongroup_comment
4484,compound> Barbary,4,-0.003,1,601,Primate__order,taxongroup_comment
4497,compound>compound> Gibraltar,4,0.001,1,601,Primate__order,taxongroup_comment
4499,conj< ...,4,0.055,18,601,Primate__order,taxongroup_comment
4500,conj< Bonobo,4,0.003,1,601,Primate__order,taxongroup_comment
4501,conj< Madagascar,4,0.007,2,601,Primate__order,taxongroup_comment
4502,conj< ap,4,0.003,1,601,Primate__order,taxongroup_comment
4503,conj< bonobo,4,0.02,7,601,Primate__order,taxongroup_comment
4504,conj< chimpanzee,4,0.011,3,601,Primate__order,taxongroup_comment
4506,conj< gibbon,4,0.006,3,601,Primate__order,taxongroup_comment
4507,conj< human,4,0.021,7,601,Primate__order,taxongroup_comment
4508,conj< lemur,4,0.003,1,601,Primate__order,taxongroup_comment
4511,conj<advmod> ...,4,0.005,2,601,Primate__order,taxongroup_comment
4512,conj<amod> ...,4,0.054,16,601,Primate__order,taxongroup_comment
4513,conj<amod> western,4,0.006,2,601,Primate__order,taxongroup_comment
4514,conj<appos< ...,4,0.015,4,601,Primate__order,taxongroup_comment
4515,conj<appos> ...,4,0.01,3,601,Primate__order,taxongroup_comment
4516,conj<appos> rufifron,4,0.007,2,601,Primate__order,taxongroup_comment
4517,conj<appos>compound> ...,4,0.007,2,601,Primate__order,taxongroup_comment
4518,conj<appos>compound> Eulemur,4,0.007,2,601,Primate__order,taxongroup_comment
4519,conj<case> ...,4,0.011,4,601,Primate__order,taxongroup_comment
4520,conj<case> between,4,0.028,9,601,Primate__order,taxongroup_comment
4521,conj<case> for,4,0.003,1,601,Primate__order,taxongroup_comment
4522,conj<case> in,4,0.011,3,601,Primate__order,taxongroup_comment
4523,conj<case> of,4,0.017,5,601,Primate__order,taxongroup_comment
4524,conj<case> such,4,0.007,2,601,Primate__order,taxongroup_comment
4525,conj<case> to,4,0.007,2,601,Primate__order,taxongroup_comment
4526,conj<compound> ...,4,0.016,5,601,Primate__order,taxongroup_comment
4528,conj<conj> ...,4,0.054,16,601,Primate__order,taxongroup_comment
4529,conj<conj> Hylobates,4,0.007,2,601,Primate__order,taxongroup_comment
4530,conj<conj> bonobo,4,0.016,5,601,Primate__order,taxongroup_comment
4531,conj<conj> dolphin,4,0.007,2,601,Primate__order,taxongroup_comment
4532,conj<conj> elephant,4,0.003,1,601,Primate__order,taxongroup_comment
4533,conj<conj> gorilla,4,0.01,3,601,Primate__order,taxongroup_comment
4534,conj<conj> human,4,0.011,3,601,Primate__order,taxongroup_comment
4535,conj<conj> lemur,4,0.019,5,601,Primate__order,taxongroup_comment
4536,conj<conj> orangutan,4,0.007,2,601,Primate__order,taxongroup_comment
4537,conj<conj> siamang,4,0.007,2,601,Primate__order,taxongroup_comment
4538,conj<conj>amod> ...,4,0.034,9,601,Primate__order,taxongroup_comment
4539,conj<conj>amod> ruff,4,0.011,3,601,Primate__order,taxongroup_comment
4540,conj<conj>cc> ...,4,0.006,2,601,Primate__order,taxongroup_comment
4541,conj<conj>cc> and,4,0.045,13,601,Primate__order,taxongroup_comment
4542,conj<conj>cc> or,4,0.006,2,601,Primate__order,taxongroup_comment
4543,conj<conj>compound> ...,4,0.014,5,601,Primate__order,taxongroup_comment
4545,conj<conj>flat> ...,4,0.026,7,601,Primate__order,taxongroup_comment
4546,conj<conj>flat> Genus,4,0.007,2,601,Primate__order,taxongroup_comment
4547,conj<det> ...,4,0.004,1,601,Primate__order,taxongroup_comment
4548,conj<det> a,4,0.002,1,601,Primate__order,taxongroup_comment
4549,conj<det> both,4,0.001,1,601,Primate__order,taxongroup_comment
4550,conj<det> moloch,4,0.002,1,601,Primate__order,taxongroup_comment
4551,conj<det> the,4,0.011,4,601,Primate__order,taxongroup_comment
4552,conj<mark> ...,4,0.001,1,601,Primate__order,taxongroup_comment
4553,conj<nmod:poss> ...,4,0.001,1,601,Primate__order,taxongroup_comment
4554,conj<nmod< ...,4,0.038,12,601,Primate__order,taxongroup_comment
4555,conj<nmod< difference,4,0.007,2,601,Primate__order,taxongroup_comment
4556,conj<nmod< split,4,0.007,2,601,Primate__order,taxongroup_comment
4557,conj<nmod<amod> ...,4,0.034,10,601,Primate__order,taxongroup_comment
4558,conj<nmod<appos> ...,4,0.011,3,601,Primate__order,taxongroup_comment
4559,conj<nmod<case> ...,4,0.006,2,601,Primate__order,taxongroup_comment
4560,conj<nmod<case> in,4,0.005,2,601,Primate__order,taxongroup_comment
4561,conj<nmod<case> of,4,0.007,2,601,Primate__order,taxongroup_comment
4562,conj<nmod<compound> ...,4,0.003,1,601,Primate__order,taxongroup_comment
4563,conj<nmod<compound> dna,4,0.003,1,601,Primate__order,taxongroup_comment
4564,conj<nmod<cop> ...,4,0.004,1,601,Primate__order,taxongroup_comment
4565,conj<nmod<cop> be,4,0.003,1,601,Primate__order,taxongroup_comment
4566,conj<nmod<det> ...,4,0.004,1,601,Primate__order,taxongroup_comment
4567,conj<nmod<det> the,4,0.02,6,601,Primate__order,taxongroup_comment
4568,conj<nmod<nmod< ...,4,0.013,4,601,Primate__order,taxongroup_comment
4569,conj<nmod<nmod> ...,4,0.01,3,601,Primate__order,taxongroup_comment
4570,conj<nmod<nsubj:pass< ...,4,0.011,3,601,Primate__order,taxongroup_comment
4571,conj<nmod<nsubj< ...,4,0.01,3,601,Primate__order,taxongroup_comment
4572,conj<nmod<nsubj> ...,4,0.006,2,601,Primate__order,taxongroup_comment
4573,conj<nmod<obj< ...,4,0.006,2,601,Primate__order,taxongroup_comment
4574,conj<nmod<obl< ...,4,0.006,2,601,Primate__order,taxongroup_comment
4575,conj<nmod> ...,4,0.017,5,601,Primate__order,taxongroup_comment
4576,conj<nmod>case> ...,4,0.019,5,601,Primate__order,taxongroup_comment
4577,conj<nmod>case> in,4,0.003,1,601,Primate__order,taxongroup_comment
4579,conj<nmod>det> the,4,0.011,3,601,Primate__order,taxongroup_comment
4580,conj<nmod>nmod> ...,4,0.011,3,601,Primate__order,taxongroup_comment
4582,conj<nsubj:pass< study,4,0.007,2,601,Primate__order,taxongroup_comment
4584,conj<nsubj:pass<advmod> together,4,0.007,2,601,Primate__order,taxongroup_comment
4585,conj<nsubj:pass<aux:pass> be,4,0.005,2,601,Primate__order,taxongroup_comment
4586,conj<nsubj:pass<aux> have,4,0.005,2,601,Primate__order,taxongroup_comment
4587,conj<nsubj< ...,4,0.011,5,601,Primate__order,taxongroup_comment
4588,conj<nsubj<advmod> ...,4,0.004,2,601,Primate__order,taxongroup_comment
4589,conj<nsubj<ccomp< ...,4,0.006,2,601,Primate__order,taxongroup_comment
4590,conj<nsubj<conj> ...,4,0.004,1,601,Primate__order,taxongroup_comment
4591,conj<nsubj<conj> Hylobates,4,0.015,4,601,Primate__order,taxongroup_comment
4592,conj<nsubj<cop> be,4,0.002,1,601,Primate__order,taxongroup_comment
4594,conj<nsubj<mark> that,4,0.006,2,601,Primate__order,taxongroup_comment
4595,conj<nsubj<obj> ...,4,0.001,1,601,Primate__order,taxongroup_comment
4596,conj<nsubj<obl> ...,4,0.004,2,601,Primate__order,taxongroup_comment
4597,conj<nsubj> ...,4,0.001,1,601,Primate__order,taxongroup_comment
4598,conj<obj< ...,4,0.016,5,601,Primate__order,taxongroup_comment
4600,conj<obj< Hylobates,4,0.003,1,601,Primate__order,taxongroup_comment
4601,conj<obj<conj< ...,4,0.004,1,601,Primate__order,taxongroup_comment
4602,conj<obj<conj< Hylobate,4,0.002,1,601,Primate__order,taxongroup_comment
4603,conj<obl< ...,4,0.02,6,601,Primate__order,taxongroup_comment
4604,conj<obl<aux:pass> be,4,0.011,3,601,Primate__order,taxongroup_comment
4605,conj<obl<conj> ...,4,0.015,4,601,Primate__order,taxongroup_comment
4606,conj<obl<nsubj:pass> ...,4,0.011,3,601,Primate__order,taxongroup_comment
4607,conj<obl<obl> ...,4,0.01,3,601,Primate__order,taxongroup_comment
4608,conj<obl> ...,4,0.002,1,601,Primate__order,taxongroup_comment
4609,conj<obl>case> ...,4,0.002,1,601,Primate__order,taxongroup_comment
4610,conj> ...,4,-0.002,2,601,Primate__order,taxongroup_comment
4612,conj> ap,4,0.003,1,601,Primate__order,taxongroup_comment
4613,conj> bonobo,4,-0.001,2,601,Primate__order,taxongroup_comment
4616,conj> gorilla,4,0.003,1,601,Primate__order,taxongroup_comment
4618,conj> lemur,4,0.003,1,601,Primate__order,taxongroup_comment
4624,conj>advmod> ...,4,0.011,3,601,Primate__order,taxongroup_comment
4625,conj>amod> ...,4,0.001,3,601,Primate__order,taxongroup_comment
4627,conj>amod> other,4,0.001,1,601,Primate__order,taxongroup_comment
4628,conj>case> ...,4,0.002,1,601,Primate__order,taxongroup_comment
4629,conj>cc> and,4,0.003,6,601,Primate__order,taxongroup_comment
4636,conj>det> a,4,0.001,1,601,Primate__order,taxongroup_comment
4637,conj>det> the,4,0.002,2,601,Primate__order,taxongroup_comment
4640,conj>nmod> ...,4,0.001,1,601,Primate__order,taxongroup_comment
4642,conj>nmod>case> of,4,0.003,1,601,Primate__order,taxongroup_comment
4644,cop> be,4,0.001,2,601,Primate__order,taxongroup_comment
4647,det> all,4,0.001,1,601,Primate__order,taxongroup_comment
4651,det> some,4,0.001,1,601,Primate__order,taxongroup_comment
4652,det> the,4,-0.01,7,601,Primate__order,taxongroup_comment
4703,mark> ...,4,0.001,1,601,Primate__order,taxongroup_comment
4704,nmod:poss< ...,4,-0.0,1,601,Primate__order,taxongroup_comment
4709,nmod:poss<case> of,4,0.003,1,601,Primate__order,taxongroup_comment
4710,nmod:poss<compound> ...,4,0.002,1,601,Primate__order,taxongroup_comment
4715,nmod:poss<nmod< ...,4,0.001,1,601,Primate__order,taxongroup_comment
4718,nmod:poss> ...,4,0.003,2,601,Primate__order,taxongroup_comment
4719,nmod:poss>case> 's,4,0.002,1,601,Primate__order,taxongroup_comment
4720,nmod< ...,4,-0.006,3,601,Primate__order,taxongroup_comment
4734,nmod<amod> ...,4,-0.003,2,601,Primate__order,taxongroup_comment
4760,nmod<compound> ...,4,-0.001,1,601,Primate__order,taxongroup_comment
4776,nmod<cop> be,4,-0.0,1,601,Primate__order,taxongroup_comment
4810,nmod<nsubj< ...,4,-0.002,1,601,Primate__order,taxongroup_comment
4824,nmod<nsubj<cop> be,4,-0.001,1,601,Primate__order,taxongroup_comment
4834,nmod<nsubj> lemur,4,0.003,1,601,Primate__order,taxongroup_comment
4840,nmod<obj< have,4,0.002,1,601,Primate__order,taxongroup_comment
4846,nmod<obj<nsubj> ...,4,0.001,1,601,Primate__order,taxongroup_comment
4900,nsubj:pass< consider,4,0.002,1,601,Primate__order,taxongroup_comment
4902,nsubj:pass< see,4,0.003,1,601,Primate__order,taxongroup_comment
4909,nsubj:pass<aux:pass> be,4,-0.002,2,601,Primate__order,taxongroup_comment
4912,nsubj:pass<aux> have,4,0.0,1,601,Primate__order,taxongroup_comment
4913,nsubj:pass<ccomp> ...,4,0.002,1,601,Primate__order,taxongroup_comment
4915,nsubj:pass<ccomp>obl> other,4,0.003,1,601,Primate__order,taxongroup_comment
4922,nsubj:pass<obl> ...,4,-0.001,2,601,Primate__order,taxongroup_comment
4926,nsubj:pass<obl>case> ...,4,0.0,1,601,Primate__order,taxongroup_comment
4929,nsubj:pass<obl>case> in,4,0.0,1,601,Primate__order,taxongroup_comment
4934,nsubj:pass<obl>det> the,4,0.001,1,601,Primate__order,taxongroup_comment
4944,nsubj< ...,4,-0.003,1,601,Primate__order,taxongroup_comment
4953,nsubj< troglodyte,4,0.005,2,601,Primate__order,taxongroup_comment
5042,nsubj<obj> ...,4,-0.002,1,601,Primate__order,taxongroup_comment
5048,nsubj<obj>compound> ...,4,0.0,1,601,Primate__order,taxongroup_comment
5057,nsubj<obl> ...,4,-0.003,1,601,Primate__order,taxongroup_comment
5058,nsubj<obl> instance,4,0.002,1,601,Primate__order,taxongroup_comment
5064,nsubj<obl>case> ...,4,-0.001,1,601,Primate__order,taxongroup_comment
5068,nsubj<obl>case> for,4,0.001,1,601,Primate__order,taxongroup_comment
5075,nsubj<obl>compound> ...,4,0.0,1,601,Primate__order,taxongroup_comment
5084,nsubj<parataxis< Hominida,4,0.006,2,601,Primate__order,taxongroup_comment
5085,nsubj<parataxis<compound> family,4,0.006,2,601,Primate__order,taxongroup_comment
5086,nsubj<parataxis<parataxis> exclude,4,0.006,2,601,Primate__order,taxongroup_comment
5087,nsubj<parataxis<parataxis> troglodyte,4,0.012,4,601,Primate__order,taxongroup_comment
5090,nsubj<xcomp> ...,4,-0.0,1,601,Primate__order,taxongroup_comment
5092,nsubj<xcomp>advmod> ...,4,0.001,1,601,Primate__order,taxongroup_comment
5093,nsubj<xcomp>mark> to,4,-0.001,1,601,Primate__order,taxongroup_comment
5096,nsubj<xcomp>obl> ...,4,0.0,1,601,Primate__order,taxongroup_comment
5098,nsubj> ...,4,0.002,2,601,Primate__order,taxongroup_comment
5100,nsubj>amod> ...,4,0.004,2,601,Primate__order,taxongroup_comment
5101,nsubj>amod> only,4,0.003,1,601,Primate__order,taxongroup_comment
5102,nsubj>det> the,4,0.003,2,601,Primate__order,taxongroup_comment
5106,nummod> two,4,0.001,1,601,Primate__order,taxongroup_comment
5107,obj< ...,4,-0.001,2,601,Primate__order,taxongroup_comment
5117,obj< use,4,0.002,1,601,Primate__order,taxongroup_comment
5118,obj<acl:relcl< ...,4,0.002,1,601,Primate__order,taxongroup_comment
5119,obj<acl:relcl<det> the,4,0.002,1,601,Primate__order,taxongroup_comment
5124,obj<advcl< ...,4,0.001,1,601,Primate__order,taxongroup_comment
5127,obj<advmod> ...,4,-0.001,1,601,Primate__order,taxongroup_comment
5130,obj<appos>compound> ...,4,0.015,4,601,Primate__order,taxongroup_comment
5150,obj<mark> ...,4,0.001,1,601,Primate__order,taxongroup_comment
5155,obj<nsubj> laboratory,4,0.003,1,601,Primate__order,taxongroup_comment
5157,obj<nsubj> which,4,0.002,1,601,Primate__order,taxongroup_comment
5158,obj<nsubj>amod> ...,4,0.003,2,601,Primate__order,taxongroup_comment
5163,obj<nsubj>nummod> ...,4,0.002,1,601,Primate__order,taxongroup_comment
5181,obl< ...,4,-0.003,3,601,Primate__order,taxongroup_comment
5202,obl<acl< ...,4,0.0,1,601,Primate__order,taxongroup_comment
5203,obl<acl<amod> ...,4,0.001,1,601,Primate__order,taxongroup_comment
5205,obl<acl<det> a,4,0.003,1,601,Primate__order,taxongroup_comment
5231,obl<amod< ...,4,0.002,1,601,Primate__order,taxongroup_comment
5233,obl<aux:pass> be,4,-0.001,1,601,Primate__order,taxongroup_comment
5235,obl<aux> have,4,0.002,1,601,Primate__order,taxongroup_comment
5249,obl<conj> ...,4,-0.0,1,601,Primate__order,taxongroup_comment
5251,obl<conj>advmod> not,4,0.003,1,601,Primate__order,taxongroup_comment
5255,obl<conj>cc> but,4,0.002,1,601,Primate__order,taxongroup_comment
5263,obl<nsubj:pass> ...,4,0.0,1,601,Primate__order,taxongroup_comment
5302,obl>case> ...,4,0.002,1,601,Primate__order,taxongroup_comment
5332,acl> ...,5,-0.001,2,712,Primate__order,taxongroup_comment
5333,acl> name,5,0.002,1,712,Primate__order,taxongroup_comment
5336,acl>advmod> ...,5,0.001,1,712,Primate__order,taxongroup_comment
5337,acl>conj> ...,5,0.001,1,712,Primate__order,taxongroup_comment
5338,acl>conj>cc> and,5,0.001,1,712,Primate__order,taxongroup_comment
5340,acl>obj> ...,5,-0.0,1,712,Primate__order,taxongroup_comment
5345,acl>obl> ...,5,0.0,1,712,Primate__order,taxongroup_comment
5347,acl>obl>amod> ...,5,0.001,1,712,Primate__order,taxongroup_comment
5348,acl>obl>case> ...,5,0.0,1,712,Primate__order,taxongroup_comment
5353,advmod> only,5,0.001,1,712,Primate__order,taxongroup_comment
5354,amod> ...,5,0.0,13,712,Primate__order,taxongroup_comment
5355,amod> common,5,0.0,3,712,Primate__order,taxongroup_comment
5356,amod> eastern,5,0.0,1,712,Primate__order,taxongroup_comment
5358,amod> great,5,-0.001,1,712,Primate__order,taxongroup_comment
5359,amod> male,5,0.004,3,712,Primate__order,taxongroup_comment
5360,amod> other,5,0.0,3,712,Primate__order,taxongroup_comment
5361,amod> taile,5,-0.002,1,712,Primate__order,taxongroup_comment
5362,amod> western,5,0.0,1,712,Primate__order,taxongroup_comment
5363,amod> wild,5,0.009,5,712,Primate__order,taxongroup_comment
5364,amod> young,5,0.0,1,712,Primate__order,taxongroup_comment
5366,amod>advmod> most,5,0.001,1,712,Primate__order,taxongroup_comment
5367,amod>conj> ...,5,0.001,1,712,Primate__order,taxongroup_comment
5368,amod>conj>cc> and,5,0.001,1,712,Primate__order,taxongroup_comment
5370,amod>obl:npmod> ring,5,-0.002,1,712,Primate__order,taxongroup_comment
5419,appos> ...,5,-0.001,1,712,Primate__order,taxongroup_comment
5423,appos> chimpanzee,5,0.001,1,712,Primate__order,taxongroup_comment
5424,appos> paniscus,5,0.006,2,712,Primate__order,taxongroup_comment
5427,appos>amod> ...,5,0.001,1,712,Primate__order,taxongroup_comment
5428,appos>amod> Pan,5,0.001,1,712,Primate__order,taxongroup_comment
5429,appos>amod> common,5,0.002,1,712,Primate__order,taxongroup_comment
5432,appos>compound> ...,5,-0.0,1,712,Primate__order,taxongroup_comment
5436,appos>conj> ...,5,0.002,1,712,Primate__order,taxongroup_comment
5437,appos>conj> bonobo,5,0.002,1,712,Primate__order,taxongroup_comment
5442,appos>conj>cc> and,5,0.001,1,712,Primate__order,taxongroup_comment
5444,case> ...,5,0.002,6,712,Primate__order,taxongroup_comment
5446,case> by,5,0.001,2,712,Primate__order,taxongroup_comment
5447,case> for,5,0.002,2,712,Primate__order,taxongroup_comment
5448,case> from,5,-0.0,1,712,Primate__order,taxongroup_comment
5449,case> in,5,0.019,12,712,Primate__order,taxongroup_comment
5450,case> of,5,0.097,47,712,Primate__order,taxongroup_comment
5452,case> to,5,0.015,8,712,Primate__order,taxongroup_comment
5453,case> with,5,0.005,4,712,Primate__order,taxongroup_comment
5457,compound< ...,5,-0.002,1,712,Primate__order,taxongroup_comment
5489,compound<compound> ...,5,0.0,1,712,Primate__order,taxongroup_comment
5491,compound<conj< tamarin,5,0.002,1,712,Primate__order,taxongroup_comment
5492,compound<conj<case> ...,5,0.001,1,712,Primate__order,taxongroup_comment
5493,compound<conj<conj> ...,5,0.002,2,712,Primate__order,taxongroup_comment
5547,compound> Barbary,5,0.002,7,712,Primate__order,taxongroup_comment
5548,compound> bamboo,5,0.001,1,712,Primate__order,taxongroup_comment
5554,compound> pygmy,5,0.002,2,712,Primate__order,taxongroup_comment
5676,conj> bonobo,5,-0.001,1,712,Primate__order,taxongroup_comment
5692,conj>cc> and,5,-0.002,1,712,Primate__order,taxongroup_comment
5708,det> ...,5,0.0,1,712,Primate__order,taxongroup_comment
5709,det> a,5,0.004,5,712,Primate__order,taxongroup_comment
5710,det> all,5,0.001,1,712,Primate__order,taxongroup_comment
5711,det> both,5,0.001,1,712,Primate__order,taxongroup_comment
5715,det> the,5,-0.01,8,712,Primate__order,taxongroup_comment
5783,nmod< ...,5,0.098,48,712,Primate__order,taxongroup_comment
5784,nmod< ancestor,5,0.001,1,712,Primate__order,taxongroup_comment
5785,nmod< group,5,0.016,6,712,Primate__order,taxongroup_comment
5786,nmod< language,5,0.015,5,712,Primate__order,taxongroup_comment
5787,nmod< population,5,0.01,4,712,Primate__order,taxongroup_comment
5788,nmod< relationship,5,0.001,1,712,Primate__order,taxongroup_comment
5789,nmod< size,5,0.006,2,712,Primate__order,taxongroup_comment
5790,nmod< species,5,0.009,4,712,Primate__order,taxongroup_comment
5791,nmod< study,5,0.009,3,712,Primate__order,taxongroup_comment
5792,nmod< troop,5,0.009,3,712,Primate__order,taxongroup_comment
5793,nmod< use,5,0.008,3,712,Primate__order,taxongroup_comment
5794,nmod<acl> ...,5,0.01,4,712,Primate__order,taxongroup_comment
5795,nmod<acl>obj> ...,5,0.009,3,712,Primate__order,taxongroup_comment
5796,nmod<advmod> ...,5,0.004,2,712,Primate__order,taxongroup_comment
5797,nmod<amod> ...,5,0.068,29,712,Primate__order,taxongroup_comment
5798,nmod<amod> american,5,0.006,2,712,Primate__order,taxongroup_comment
5799,nmod<amod> biggest,5,0.006,2,712,Primate__order,taxongroup_comment
5800,nmod<amod> certain,5,0.006,2,712,Primate__order,taxongroup_comment
5801,nmod<amod> cultural,5,0.002,1,712,Primate__order,taxongroup_comment
5802,nmod<amod> different,5,0.012,4,712,Primate__order,taxongroup_comment
5804,nmod<amod>advmod> ...,5,0.004,2,712,Primate__order,taxongroup_comment
5805,nmod<appos> ...,5,0.002,1,712,Primate__order,taxongroup_comment
5806,nmod<appos> troglodyte,5,0.006,2,712,Primate__order,taxongroup_comment
5807,nmod<appos>amod> ...,5,0.003,1,712,Primate__order,taxongroup_comment
5808,nmod<appos>amod> Pan,5,0.006,2,712,Primate__order,taxongroup_comment
5809,nmod<case> ...,5,0.018,7,712,Primate__order,taxongroup_comment
5810,nmod<case> as,5,0.006,2,712,Primate__order,taxongroup_comment
5811,nmod<case> for,5,0.001,1,712,Primate__order,taxongroup_comment
5812,nmod<case> from,5,0.002,1,712,Primate__order,taxongroup_comment
5813,nmod<case> in,5,0.012,5,712,Primate__order,taxongroup_comment
5814,nmod<case> into,5,0.006,2,712,Primate__order,taxongroup_comment
5815,nmod<case> of,5,0.022,8,712,Primate__order,taxongroup_comment
5816,nmod<case> than,5,0.004,2,712,Primate__order,taxongroup_comment
5817,nmod<case> to,5,0.016,6,712,Primate__order,taxongroup_comment
5818,nmod<case> with,5,0.005,2,712,Primate__order,taxongroup_comment
5819,nmod<case> within,5,0.001,1,712,Primate__order,taxongroup_comment
5820,nmod<case>fixed> ...,5,0.003,1,712,Primate__order,taxongroup_comment
5821,nmod<case>fixed> to,5,0.006,2,712,Primate__order,taxongroup_comment
5822,nmod<cc> and,5,0.012,5,712,Primate__order,taxongroup_comment
5823,nmod<compound> ...,5,0.024,11,712,Primate__order,taxongroup_comment
5824,nmod<compound> male,5,0.002,1,712,Primate__order,taxongroup_comment
5825,nmod<compound> sign,5,0.006,2,712,Primate__order,taxongroup_comment
5826,nmod<compound>compound> ...,5,0.001,1,712,Primate__order,taxongroup_comment
5827,nmod<compound>compound> infant,5,0.002,1,712,Primate__order,taxongroup_comment
5828,nmod<conj< ...,5,0.009,4,712,Primate__order,taxongroup_comment
5829,nmod<conj< affect,5,0.002,1,712,Primate__order,taxongroup_comment
5831,nmod<conj<advcl< do,5,0.002,1,712,Primate__order,taxongroup_comment
5832,nmod<conj<amod> ...,5,0.003,2,712,Primate__order,taxongroup_comment
5833,nmod<conj<case> ...,5,0.003,1,712,Primate__order,taxongroup_comment
5834,nmod<conj<case> between,5,0.002,1,712,Primate__order,taxongroup_comment
5835,nmod<conj<conj> ...,5,0.0,1,712,Primate__order,taxongroup_comment
5836,nmod<conj> ...,5,0.014,6,712,Primate__order,taxongroup_comment
5837,nmod<conj> bonobo,5,0.006,2,712,Primate__order,taxongroup_comment
5838,nmod<conj>cc> and,5,0.017,7,712,Primate__order,taxongroup_comment
5839,nmod<cop> be,5,0.01,5,712,Primate__order,taxongroup_comment
5840,nmod<det> ...,5,0.003,2,712,Primate__order,taxongroup_comment
5841,nmod<det> a,5,0.04,15,712,Primate__order,taxongroup_comment
5842,nmod<det> both,5,0.006,2,712,Primate__order,taxongroup_comment
5843,nmod<det> the,5,0.03,18,712,Primate__order,taxongroup_comment
5844,nmod<nmod:poss> ...,5,0.008,3,712,Primate__order,taxongroup_comment
5845,nmod<nmod< ...,5,0.047,17,712,Primate__order,taxongroup_comment
5846,nmod<nmod< pattern,5,0.006,2,712,Primate__order,taxongroup_comment
5847,nmod<nmod<amod> ...,5,0.017,6,712,Primate__order,taxongroup_comment
5848,nmod<nmod<amod> main,5,0.006,2,712,Primate__order,taxongroup_comment
5849,nmod<nmod<case> ...,5,0.006,2,712,Primate__order,taxongroup_comment
5850,nmod<nmod<case> of,5,0.008,3,712,Primate__order,taxongroup_comment
5851,nmod<nmod<conj> ...,5,0.017,6,712,Primate__order,taxongroup_comment
5853,nmod<nmod<cop> be,5,0.002,1,712,Primate__order,taxongroup_comment
5854,nmod<nmod<det> ...,5,0.006,2,712,Primate__order,taxongroup_comment
5855,nmod<nmod<det> a,5,0.009,3,712,Primate__order,taxongroup_comment
5856,nmod<nmod<det> the,5,0.013,5,712,Primate__order,taxongroup_comment
5857,nmod<nmod<nmod< ...,5,0.009,3,712,Primate__order,taxongroup_comment
5858,nmod<nmod<nmod> ...,5,0.012,4,712,Primate__order,taxongroup_comment
5859,nmod<nmod<nsubj< ...,5,0.009,3,712,Primate__order,taxongroup_comment
5860,nmod<nmod<nsubj> ...,5,0.005,2,712,Primate__order,taxongroup_comment
5861,nmod<nmod<obj< ...,5,0.017,6,712,Primate__order,taxongroup_comment
5862,nmod<nmod> ...,5,0.015,7,712,Primate__order,taxongroup_comment
5863,nmod<nmod>amod> ...,5,0.004,2,712,Primate__order,taxongroup_comment
5864,nmod<nmod>case> ...,5,0.009,4,712,Primate__order,taxongroup_comment
5865,nmod<nmod>case> in,5,0.002,1,712,Primate__order,taxongroup_comment
5866,nmod<nmod>case> of,5,0.005,2,712,Primate__order,taxongroup_comment
5868,nmod<nsubj:pass< ...,5,0.002,2,712,Primate__order,taxongroup_comment
5869,nmod<nsubj:pass<aux:pass> be,5,0.002,2,712,Primate__order,taxongroup_comment
5870,nmod<nsubj:pass<aux> ...,5,0.002,1,712,Primate__order,taxongroup_comment
5871,nmod<nsubj:pass<aux> have,5,0.002,1,712,Primate__order,taxongroup_comment
5872,nmod<nsubj:pass<obl> ...,5,0.006,3,712,Primate__order,taxongroup_comment
5873,nmod<nsubj< ...,5,0.024,13,712,Primate__order,taxongroup_comment
5874,nmod<nsubj< be,5,0.006,2,712,Primate__order,taxongroup_comment
5876,nmod<nsubj< provide,5,0.002,1,712,Primate__order,taxongroup_comment
5877,nmod<nsubj<advcl> ...,5,0.001,1,712,Primate__order,taxongroup_comment
5878,nmod<nsubj<advmod> ...,5,0.011,5,712,Primate__order,taxongroup_comment
5879,nmod<nsubj<advmod> primarily,5,0.002,1,712,Primate__order,taxongroup_comment
5880,nmod<nsubj<amod> ...,5,0.001,1,712,Primate__order,taxongroup_comment
5881,nmod<nsubj<aux> ...,5,0.003,1,712,Primate__order,taxongroup_comment
5882,nmod<nsubj<aux> have,5,0.009,3,712,Primate__order,taxongroup_comment
5883,nmod<nsubj<ccomp< ...,5,0.01,4,712,Primate__order,taxongroup_comment
5884,nmod<nsubj<conj> ...,5,0.004,3,712,Primate__order,taxongroup_comment
5885,nmod<nsubj<conj> disease,5,0.006,2,712,Primate__order,taxongroup_comment
5886,nmod<nsubj<conj> poach,5,0.006,2,712,Primate__order,taxongroup_comment
5887,nmod<nsubj<cop> be,5,0.014,8,712,Primate__order,taxongroup_comment
5890,nmod<nsubj<mark> ...,5,0.006,2,712,Primate__order,taxongroup_comment
5891,nmod<nsubj<mark> that,5,0.009,4,712,Primate__order,taxongroup_comment
5893,nmod<nsubj<obj> ...,5,0.009,4,712,Primate__order,taxongroup_comment
5894,nmod<nsubj<obl> ...,5,0.009,5,712,Primate__order,taxongroup_comment
5895,nmod<nsubj> ...,5,0.007,3,712,Primate__order,taxongroup_comment
5897,nmod<nsubj> lemur,5,0.002,1,712,Primate__order,taxongroup_comment
5899,nmod<nsubj>det> the,5,0.005,2,712,Primate__order,taxongroup_comment
5900,nmod<nummod> ...,5,0.01,4,712,Primate__order,taxongroup_comment
5901,nmod<nummod> four,5,0.002,1,712,Primate__order,taxongroup_comment
5902,nmod<obj< ...,5,0.028,11,712,Primate__order,taxongroup_comment
5903,nmod<obj< have,5,0.001,1,712,Primate__order,taxongroup_comment
5904,nmod<obj<acl< ...,5,0.01,4,712,Primate__order,taxongroup_comment
5905,nmod<obj<advcl> ...,5,0.008,3,712,Primate__order,taxongroup_comment
5906,nmod<obj<aux> ...,5,0.005,2,712,Primate__order,taxongroup_comment
5908,nmod<obj<mark> to,5,0.001,1,712,Primate__order,taxongroup_comment
5909,nmod<obj<nsubj> ...,5,0.006,3,712,Primate__order,taxongroup_comment
5910,nmod<obj<nsubj> Jane,5,0.006,2,712,Primate__order,taxongroup_comment
5911,nmod<obj<obl> ...,5,0.005,2,712,Primate__order,taxongroup_comment
5912,nmod<obl< ...,5,0.033,15,712,Primate__order,taxongroup_comment
5913,nmod<obl< age,5,0.006,2,712,Primate__order,taxongroup_comment
5914,nmod<obl<acl< ...,5,0.009,3,712,Primate__order,taxongroup_comment
5915,nmod<obl<advmod> ...,5,0.008,4,712,Primate__order,taxongroup_comment
5916,nmod<obl<advmod> also,5,0.002,1,712,Primate__order,taxongroup_comment
5917,nmod<obl<aux:pass> be,5,0.001,1,712,Primate__order,taxongroup_comment
5918,nmod<obl<aux> ...,5,0.001,1,712,Primate__order,taxongroup_comment
5919,nmod<obl<cc> ...,5,0.003,1,712,Primate__order,taxongroup_comment
5921,nmod<obl<conj< ...,5,0.001,1,712,Primate__order,taxongroup_comment
5922,nmod<obl<cop> be,5,0.005,3,712,Primate__order,taxongroup_comment
5923,nmod<obl<mark> ...,5,0.003,1,712,Primate__order,taxongroup_comment
5925,nmod<obl<nsubj> ...,5,0.006,4,712,Primate__order,taxongroup_comment
5926,nmod<obl<nsubj> which,5,0.006,2,712,Primate__order,taxongroup_comment
5927,nmod<obl<obj> ...,5,0.015,6,712,Primate__order,taxongroup_comment
5928,nmod<obl<obl> ...,5,0.007,4,712,Primate__order,taxongroup_comment
5929,nmod> ...,5,0.001,5,712,Primate__order,taxongroup_comment
5932,nmod> area,5,0.002,1,712,Primate__order,taxongroup_comment
5943,nmod>case> as,5,0.001,1,712,Primate__order,taxongroup_comment
5945,nmod>case> in,5,0.002,4,712,Primate__order,taxongroup_comment
5949,nmod>case> such,5,0.001,1,712,Primate__order,taxongroup_comment
5952,nmod>case>fixed> as,5,0.001,1,712,Primate__order,taxongroup_comment
5956,nmod>det> ...,5,0.001,1,712,Primate__order,taxongroup_comment
5957,nmod>det> a,5,0.001,1,712,Primate__order,taxongroup_comment
5959,nmod>nmod> ...,5,0.001,1,712,Primate__order,taxongroup_comment
5960,nmod>nmod>case> ...,5,0.001,1,712,Primate__order,taxongroup_comment
5962,nsubj:pass< ...,5,-0.001,1,712,Primate__order,taxongroup_comment
5972,nsubj:pass<aux:pass> be,5,-0.002,1,712,Primate__order,taxongroup_comment
5985,nsubj:pass<obl> ...,5,-0.001,1,712,Primate__order,taxongroup_comment
5992,nsubj:pass<obl>case> in,5,-0.0,1,712,Primate__order,taxongroup_comment
5995,nsubj:pass<obl>conj> ...,5,0.0,1,712,Primate__order,taxongroup_comment
6166,nummod> ...,5,0.003,3,712,Primate__order,taxongroup_comment
6167,nummod> four,5,0.002,1,712,Primate__order,taxongroup_comment
6378,acl:relcl> ...,6,-0.0,1,712,Primate__order,taxongroup_comment
6380,acl:relcl>advmod> ...,6,0.001,1,712,Primate__order,taxongroup_comment
6382,acl:relcl>nsubj> ...,6,0.002,1,712,Primate__order,taxongroup_comment
6395,acl> ...,6,0.0,3,712,Primate__order,taxongroup_comment
6400,acl>conj> ...,6,0.001,1,712,Primate__order,taxongroup_comment
6401,acl>conj>cc> and,6,0.001,1,712,Primate__order,taxongroup_comment
6403,acl>obj> ...,6,0.001,2,712,Primate__order,taxongroup_comment
6404,acl>obj>amod> ...,6,0.001,1,712,Primate__order,taxongroup_comment
6405,acl>obj>det> ...,6,0.003,1,712,Primate__order,taxongroup_comment
6409,acl>obl> human,6,0.002,1,712,Primate__order,taxongroup_comment
6411,acl>obl>case> ...,6,0.0,1,712,Primate__order,taxongroup_comment
6415,advmod> ...,6,-0.001,1,712,Primate__order,taxongroup_comment
6416,advmod> only,6,0.001,1,712,Primate__order,taxongroup_comment
6417,amod> ...,6,-0.006,6,712,Primate__order,taxongroup_comment
6421,amod> great,6,0.0,2,712,Primate__order,taxongroup_comment
6424,amod> taile,6,0.015,11,712,Primate__order,taxongroup_comment
6427,amod> young,6,0.0,1,712,Primate__order,taxongroup_comment
6433,amod>obl:npmod> ring,6,0.015,11,712,Primate__order,taxongroup_comment
6434,appos< ...,6,-0.0,2,712,Primate__order,taxongroup_comment
6436,appos< Pongo,6,0.006,2,712,Primate__order,taxongroup_comment
6438,appos<amod> ...,6,-0.0,1,712,Primate__order,taxongroup_comment
6439,appos<appos> ...,6,0.006,3,712,Primate__order,taxongroup_comment
6440,appos<appos> Bornean,6,0.006,2,712,Primate__order,taxongroup_comment
6441,appos<appos> Gorilla,6,0.004,2,712,Primate__order,taxongroup_comment
6442,appos<appos> gorilla,6,0.006,2,712,Primate__order,taxongroup_comment
6443,appos<appos> human,6,0.006,2,712,Primate__order,taxongroup_comment
6444,appos<appos>amod> eastern,6,0.006,2,712,Primate__order,taxongroup_comment
6445,appos<appos>amod> modern,6,0.006,2,712,Primate__order,taxongroup_comment
6446,appos<appos>compound> ...,6,0.001,1,712,Primate__order,taxongroup_comment
6447,appos<appos>conj> ...,6,0.003,1,712,Primate__order,taxongroup_comment
6448,appos<appos>conj> Sumatran,6,0.006,2,712,Primate__order,taxongroup_comment
6449,appos<appos>conj> Tapanuli,6,0.006,2,712,Primate__order,taxongroup_comment
6450,appos<appos>det> the,6,0.015,5,712,Primate__order,taxongroup_comment
6451,appos<appos>det> which,6,0.006,2,712,Primate__order,taxongroup_comment
6453,appos<case> of,6,0.002,1,712,Primate__order,taxongroup_comment
6456,appos<conj> ...,6,0.0,1,712,Primate__order,taxongroup_comment
6458,appos<conj> homo,6,0.006,2,712,Primate__order,taxongroup_comment
6460,appos<conj>cc> and,6,0.008,3,712,Primate__order,taxongroup_comment
6475,appos<nmod< ...,6,0.001,1,712,Primate__order,taxongroup_comment
6477,appos<nsubj< ...,6,0.002,1,712,Primate__order,taxongroup_comment
6478,appos<nsubj< remain,6,0.006,2,712,Primate__order,taxongroup_comment
6482,appos> ...,6,-0.0,2,712,Primate__order,taxongroup_comment
6485,appos> bonobo,6,0.002,1,712,Primate__order,taxongroup_comment
6502,appos>conj> gorilla,6,0.002,1,712,Primate__order,taxongroup_comment
6503,appos>conj> orangutan,6,0.002,1,712,Primate__order,taxongroup_comment
6505,appos>conj>cc> and,6,0.001,1,712,Primate__order,taxongroup_comment
6506,case> 's,6,0.021,8,712,Primate__order,taxongroup_comment
6507,case> ...,6,0.012,11,712,Primate__order,taxongroup_comment
6509,case> by,6,-0.0,1,712,Primate__order,taxongroup_comment
6511,case> from,6,-0.0,1,712,Primate__order,taxongroup_comment
6512,case> in,6,-0.001,3,712,Primate__order,taxongroup_comment
6513,case> of,6,0.017,20,712,Primate__order,taxongroup_comment
6515,case> to,6,-0.0,2,712,Primate__order,taxongroup_comment
6516,case> with,6,-0.001,1,712,Primate__order,taxongroup_comment
6518,cc> and,6,-0.002,1,712,Primate__order,taxongroup_comment
6519,cc> or,6,-0.001,1,712,Primate__order,taxongroup_comment
6520,compound< ...,6,-0.001,3,712,Primate__order,taxongroup_comment
6521,compound< call,6,0.006,2,712,Primate__order,taxongroup_comment
6529,compound< species,6,0.002,2,712,Primate__order,taxongroup_comment
6531,compound<amod> ...,6,0.001,2,712,Primate__order,taxongroup_comment
6532,compound<amod> common,6,0.0,1,712,Primate__order,taxongroup_comment
6535,compound<amod>advmod> ...,6,0.006,2,712,Primate__order,taxongroup_comment
6536,compound<amod>advmod> most,6,0.002,1,712,Primate__order,taxongroup_comment
6541,compound<case> ...,6,0.001,1,712,Primate__order,taxongroup_comment
6545,compound<case> of,6,0.0,1,712,Primate__order,taxongroup_comment
6549,compound<cc> and,6,0.005,2,712,Primate__order,taxongroup_comment
6552,compound<compound> ...,6,0.003,2,712,Primate__order,taxongroup_comment
6553,compound<conj< ...,6,0.0,1,712,Primate__order,taxongroup_comment
6554,compound<conj< tamarin,6,0.002,1,712,Primate__order,taxongroup_comment
6555,compound<conj<case> ...,6,0.001,1,712,Primate__order,taxongroup_comment
6557,compound<conj<nmod> ...,6,0.001,1,712,Primate__order,taxongroup_comment
6564,compound<det> the,6,0.001,3,712,Primate__order,taxongroup_comment
6567,compound<nmod< ...,6,-0.0,2,712,Primate__order,taxongroup_comment
6568,compound<nmod<amod> ...,6,0.008,3,712,Primate__order,taxongroup_comment
6569,compound<nmod<case> ...,6,0.003,2,712,Primate__order,taxongroup_comment
6573,compound<nmod<det> a,6,0.001,1,712,Primate__order,taxongroup_comment
6574,compound<nmod<det> the,6,-0.0,1,712,Primate__order,taxongroup_comment
6576,compound<nmod<nmod> ...,6,0.001,1,712,Primate__order,taxongroup_comment
6577,compound<nmod<obl< ...,6,0.002,2,712,Primate__order,taxongroup_comment
6594,compound<obj< ...,6,0.005,2,712,Primate__order,taxongroup_comment
6595,compound<obl< ...,6,-0.0,1,712,Primate__order,taxongroup_comment
6604,compound<obl<nsubj> ...,6,0.001,1,712,Primate__order,taxongroup_comment
6606,compound<obl<obj> ...,6,0.001,1,712,Primate__order,taxongroup_comment
6608,compound> ...,6,0.003,6,712,Primate__order,taxongroup_comment
6610,compound> Barbary,6,0.013,12,712,Primate__order,taxongroup_comment
6612,compound> genus,6,0.003,2,712,Primate__order,taxongroup_comment
6613,compound> grey,6,0.0,1,712,Primate__order,taxongroup_comment
6614,compound> juvenile,6,0.001,1,712,Primate__order,taxongroup_comment
6625,conj< ...,6,-0.002,1,712,Primate__order,taxongroup_comment
6626,conj< Bonobo,6,0.002,1,712,Primate__order,taxongroup_comment
6632,conj< gibbon,6,-0.0,1,712,Primate__order,taxongroup_comment
6641,conj<appos> ...,6,0.001,1,712,Primate__order,taxongroup_comment
6645,conj<case> ...,6,0.0,1,712,Primate__order,taxongroup_comment
6674,conj<det> a,6,0.001,1,712,Primate__order,taxongroup_comment
6679,conj<nmod:poss> ...,6,0.001,1,712,Primate__order,taxongroup_comment
6713,conj<nsubj< ...,6,0.001,2,712,Primate__order,taxongroup_comment
6718,conj<nsubj<cop> be,6,0.001,1,712,Primate__order,taxongroup_comment
6719,conj<nsubj<mark> ...,6,0.002,1,712,Primate__order,taxongroup_comment
6721,conj<nsubj<obj> ...,6,0.001,1,712,Primate__order,taxongroup_comment
6729,conj<obl< ...,6,-0.0,1,712,Primate__order,taxongroup_comment
6736,conj> ...,6,-0.002,1,712,Primate__order,taxongroup_comment
6739,conj> bonobo,6,0.012,8,712,Primate__order,taxongroup_comment
6741,conj> gibbon,6,-0.0,1,712,Primate__order,taxongroup_comment
6744,conj> lemur,6,0.002,1,712,Primate__order,taxongroup_comment
6752,conj>amod> lar,6,0.002,1,712,Primate__order,taxongroup_comment
6754,conj>case> ...,6,0.001,1,712,Primate__order,taxongroup_comment
6755,conj>cc> and,6,0.009,10,712,Primate__order,taxongroup_comment
6756,conj>cc> or,6,-0.001,1,712,Primate__order,taxongroup_comment
6757,conj>compound> ...,6,-0.0,1,712,Primate__order,taxongroup_comment
6763,conj>det> the,6,0.003,3,712,Primate__order,taxongroup_comment
6770,cop> be,6,-0.001,1,712,Primate__order,taxongroup_comment
6772,det> a,6,0.006,6,712,Primate__order,taxongroup_comment
6778,det> the,6,0.044,41,712,Primate__order,taxongroup_comment
6787,flat> ...,6,0.004,2,712,Primate__order,taxongroup_comment
6830,nmod:poss< ...,6,0.023,9,712,Primate__order,taxongroup_comment
6831,nmod:poss< party,6,0.002,1,712,Primate__order,taxongroup_comment
6834,nmod:poss<case> ...,6,0.003,2,712,Primate__order,taxongroup_comment
6835,nmod:poss<case> of,6,0.002,1,712,Primate__order,taxongroup_comment
6836,nmod:poss<compound> ...,6,0.001,1,712,Primate__order,taxongroup_comment
6837,nmod:poss<compound> tea,6,0.002,1,712,Primate__order,taxongroup_comment
6838,nmod:poss<conj> ...,6,0.003,2,712,Primate__order,taxongroup_comment
6840,nmod:poss<conj>cc> and,6,0.005,2,712,Primate__order,taxongroup_comment
6841,nmod:poss<nmod< ...,6,0.004,2,712,Primate__order,taxongroup_comment
6842,nmod:poss<nsubj:pass<obl> ...,6,0.009,3,712,Primate__order,taxongroup_comment
6843,nmod:poss<nsubj<obl> ...,6,0.009,3,712,Primate__order,taxongroup_comment
6844,nmod:poss> ...,6,0.0,1,712,Primate__order,taxongroup_comment
6846,nmod< ...,6,0.025,24,712,Primate__order,taxongroup_comment
6847,nmod< ancestor,6,0.004,2,712,Primate__order,taxongroup_comment
6850,nmod< population,6,0.001,1,712,Primate__order,taxongroup_comment
6851,nmod< relationship,6,0.005,2,712,Primate__order,taxongroup_comment
6853,nmod< species,6,0.002,2,712,Primate__order,taxongroup_comment
6856,nmod< use,6,0.001,1,712,Primate__order,taxongroup_comment
6857,nmod<acl> ...,6,0.001,1,712,Primate__order,taxongroup_comment
6860,nmod<amod> ...,6,0.013,12,712,Primate__order,taxongroup_comment
6866,nmod<amod> social,6,0.006,2,712,Primate__order,taxongroup_comment
6867,nmod<amod>advmod> ...,6,0.004,2,712,Primate__order,taxongroup_comment
6872,nmod<case> ...,6,0.002,2,712,Primate__order,taxongroup_comment
6874,nmod<case> for,6,0.001,1,712,Primate__order,taxongroup_comment
6879,nmod<case> than,6,0.001,1,712,Primate__order,taxongroup_comment
6880,nmod<case> to,6,0.0,1,712,Primate__order,taxongroup_comment
6881,nmod<case> with,6,0.001,1,712,Primate__order,taxongroup_comment
6885,nmod<cc> and,6,0.0,1,712,Primate__order,taxongroup_comment
6886,nmod<compound> ...,6,0.001,3,712,Primate__order,taxongroup_comment
6887,nmod<compound> male,6,0.002,1,712,Primate__order,taxongroup_comment
6890,nmod<compound>compound> infant,6,0.002,1,712,Primate__order,taxongroup_comment
6892,nmod<conj< affect,6,0.002,1,712,Primate__order,taxongroup_comment
6894,nmod<conj<advcl< do,6,0.002,1,712,Primate__order,taxongroup_comment
6899,nmod<conj> ...,6,-0.0,1,712,Primate__order,taxongroup_comment
6901,nmod<conj>cc> and,6,-0.0,1,712,Primate__order,taxongroup_comment
6902,nmod<cop> be,6,0.001,2,712,Primate__order,taxongroup_comment
6903,nmod<det> ...,6,0.003,2,712,Primate__order,taxongroup_comment
6904,nmod<det> a,6,-0.0,2,712,Primate__order,taxongroup_comment
6906,nmod<det> the,6,0.039,21,712,Primate__order,taxongroup_comment
6907,nmod<nmod:poss> ...,6,0.001,1,712,Primate__order,taxongroup_comment
6908,nmod<nmod< ...,6,-0.001,1,712,Primate__order,taxongroup_comment
6913,nmod<nmod<case> of,6,0.001,1,712,Primate__order,taxongroup_comment
6916,nmod<nmod<cop> be,6,0.002,1,712,Primate__order,taxongroup_comment
6919,nmod<nmod<det> the,6,0.0,1,712,Primate__order,taxongroup_comment
6923,nmod<nmod<nsubj> ...,6,0.001,1,712,Primate__order,taxongroup_comment
6925,nmod<nmod> ...,6,0.005,4,712,Primate__order,taxongroup_comment
6926,nmod<nmod>amod> ...,6,0.001,1,712,Primate__order,taxongroup_comment
6927,nmod<nmod>case> ...,6,0.005,3,712,Primate__order,taxongroup_comment
6928,nmod<nmod>case> in,6,0.002,1,712,Primate__order,taxongroup_comment
6929,nmod<nmod>case> of,6,0.001,1,712,Primate__order,taxongroup_comment
6930,nmod<nmod>case> with,6,0.002,1,712,Primate__order,taxongroup_comment
6931,nmod<nsubj:pass< ...,6,0.011,5,712,Primate__order,taxongroup_comment
6932,nmod<nsubj:pass<aux:pass> be,6,0.011,5,712,Primate__order,taxongroup_comment
6933,nmod<nsubj:pass<aux> ...,6,0.002,1,712,Primate__order,taxongroup_comment
6934,nmod<nsubj:pass<aux> have,6,0.002,1,712,Primate__order,taxongroup_comment
6935,nmod<nsubj:pass<obl> ...,6,0.006,3,712,Primate__order,taxongroup_comment
6936,nmod<nsubj< ...,6,0.018,11,712,Primate__order,taxongroup_comment
6938,nmod<nsubj< consist,6,0.006,2,712,Primate__order,taxongroup_comment
6939,nmod<nsubj< provide,6,0.002,1,712,Primate__order,taxongroup_comment
6940,nmod<nsubj<advcl> ...,6,0.007,3,712,Primate__order,taxongroup_comment
6941,nmod<nsubj<advmod> ...,6,0.005,3,712,Primate__order,taxongroup_comment
6942,nmod<nsubj<advmod> primarily,6,0.002,1,712,Primate__order,taxongroup_comment
6943,nmod<nsubj<amod> ...,6,0.003,2,712,Primate__order,taxongroup_comment
6946,nmod<nsubj<ccomp< ...,6,0.001,1,712,Primate__order,taxongroup_comment
6947,nmod<nsubj<conj> ...,6,0.013,6,712,Primate__order,taxongroup_comment
6950,nmod<nsubj<cop> be,6,0.011,7,712,Primate__order,taxongroup_comment
6952,nmod<nsubj<det> the,6,0.006,2,712,Primate__order,taxongroup_comment
6954,nmod<nsubj<mark> that,6,0.0,1,712,Primate__order,taxongroup_comment
6955,nmod<nsubj<nmod> ...,6,0.009,3,712,Primate__order,taxongroup_comment
6956,nmod<nsubj<obj> ...,6,0.003,2,712,Primate__order,taxongroup_comment
6957,nmod<nsubj<obl> ...,6,0.012,6,712,Primate__order,taxongroup_comment
6958,nmod<nsubj> ...,6,0.001,1,712,Primate__order,taxongroup_comment
6959,nmod<nsubj> chimpanzee,6,0.002,1,712,Primate__order,taxongroup_comment
6962,nmod<nsubj>det> the,6,0.001,1,712,Primate__order,taxongroup_comment
6963,nmod<nummod> ...,6,0.001,1,712,Primate__order,taxongroup_comment
6964,nmod<nummod> four,6,0.002,1,712,Primate__order,taxongroup_comment
6965,nmod<obj< ...,6,-0.001,1,712,Primate__order,taxongroup_comment
6966,nmod<obj< have,6,0.001,1,712,Primate__order,taxongroup_comment
6969,nmod<obj<aux> ...,6,0.001,1,712,Primate__order,taxongroup_comment
6970,nmod<obj<mark> ...,6,0.003,1,712,Primate__order,taxongroup_comment
6972,nmod<obj<nsubj> ...,6,0.003,2,712,Primate__order,taxongroup_comment
6974,nmod<obj<obl> ...,6,0.001,1,712,Primate__order,taxongroup_comment
6975,nmod<obl< ...,6,0.003,5,712,Primate__order,taxongroup_comment
6978,nmod<obl<advmod> ...,6,0.002,2,712,Primate__order,taxongroup_comment
6979,nmod<obl<advmod> also,6,0.002,1,712,Primate__order,taxongroup_comment
6980,nmod<obl<aux:pass> be,6,0.001,1,712,Primate__order,taxongroup_comment
6981,nmod<obl<aux> ...,6,0.001,1,712,Primate__order,taxongroup_comment
6983,nmod<obl<cc> and,6,0.002,1,712,Primate__order,taxongroup_comment
6984,nmod<obl<conj< ...,6,0.001,1,712,Primate__order,taxongroup_comment
6985,nmod<obl<cop> be,6,0.005,3,712,Primate__order,taxongroup_comment
6987,nmod<obl<mark> that,6,0.002,1,712,Primate__order,taxongroup_comment
6988,nmod<obl<nsubj> ...,6,0.003,3,712,Primate__order,taxongroup_comment
6991,nmod<obl<obl> ...,6,0.004,3,712,Primate__order,taxongroup_comment
6992,nmod> ...,6,0.002,6,712,Primate__order,taxongroup_comment
6993,nmod> Europe,6,0.006,2,712,Primate__order,taxongroup_comment
6994,nmod> Gibraltar,6,0.008,3,712,Primate__order,taxongroup_comment
7001,nmod>amod> ...,6,-0.0,1,712,Primate__order,taxongroup_comment
7003,nmod>amod> western,6,0.002,1,712,Primate__order,taxongroup_comment
7005,nmod>case> ...,6,0.0,1,712,Primate__order,taxongroup_comment
7008,nmod>case> in,6,0.009,7,712,Primate__order,taxongroup_comment
7010,nmod>case> of,6,0.002,2,712,Primate__order,taxongroup_comment
7012,nmod>case> such,6,0.001,1,712,Primate__order,taxongroup_comment
7015,nmod>case>fixed> as,6,0.001,1,712,Primate__order,taxongroup_comment
7016,nmod>compound> ...,6,-0.0,1,712,Primate__order,taxongroup_comment
7021,nmod>det> the,6,0.0,2,712,Primate__order,taxongroup_comment
7025,nsubj:pass< ...,6,-0.001,1,712,Primate__order,taxongroup_comment
7027,nsubj:pass< find,6,0.001,1,712,Primate__order,taxongroup_comment
7035,nsubj:pass<aux:pass> be,6,-0.002,2,712,Primate__order,taxongroup_comment
7037,nsubj:pass<aux> can,6,0.002,1,712,Primate__order,taxongroup_comment
7048,nsubj:pass<obl> ...,6,-0.001,1,712,Primate__order,taxongroup_comment
7053,nsubj:pass<obl>case> as,6,0.001,1,712,Primate__order,taxongroup_comment
7063,nsubj:pass<xcomp> ...,6,0.002,2,712,Primate__order,taxongroup_comment
7068,nsubj:pass<xcomp>mark> to,6,0.0,1,712,Primate__order,taxongroup_comment
7069,nsubj:pass<xcomp>obl> ...,6,0.009,3,712,Primate__order,taxongroup_comment
7070,nsubj< ...,6,0.001,9,712,Primate__order,taxongroup_comment
7072,nsubj< have,6,-0.001,1,712,Primate__order,taxongroup_comment
7074,nsubj< one,6,0.002,1,712,Primate__order,taxongroup_comment
7077,nsubj< species,6,0.008,3,712,Primate__order,taxongroup_comment
7081,nsubj<acl:relcl< ...,6,0.001,1,712,Primate__order,taxongroup_comment
7082,nsubj<acl:relcl<amod> ...,6,0.001,1,712,Primate__order,taxongroup_comment
7083,nsubj<advcl< ...,6,-0.0,1,712,Primate__order,taxongroup_comment
7085,nsubj<advcl<advmod> not,6,0.002,1,712,Primate__order,taxongroup_comment
7087,nsubj<advcl<aux> do,6,0.002,1,712,Primate__order,taxongroup_comment
7089,nsubj<advcl<nsubj> ...,6,0.0,1,712,Primate__order,taxongroup_comment
7090,nsubj<advcl<obj> ...,6,0.001,1,712,Primate__order,taxongroup_comment
7091,nsubj<advcl<obl> ...,6,0.001,1,712,Primate__order,taxongroup_comment
7092,nsubj<advcl> ...,6,-0.001,2,712,Primate__order,taxongroup_comment
7094,nsubj<advcl>conj> ...,6,0.001,1,712,Primate__order,taxongroup_comment
7095,nsubj<advcl>mark> ...,6,0.001,1,712,Primate__order,taxongroup_comment
7100,nsubj<advcl>nsubj> ...,6,0.001,1,712,Primate__order,taxongroup_comment
7101,nsubj<advcl>obj> ...,6,0.002,2,712,Primate__order,taxongroup_comment
7104,nsubj<advmod> also,6,0.001,1,712,Primate__order,taxongroup_comment
7113,nsubj<amod> ...,6,0.009,4,712,Primate__order,taxongroup_comment
7132,nsubj<compound> ...,6,0.008,3,712,Primate__order,taxongroup_comment
7133,nsubj<conj> ...,6,-0.001,2,712,Primate__order,taxongroup_comment
7139,nsubj<conj>cc> and,6,0.001,2,712,Primate__order,taxongroup_comment
7144,nsubj<conj>obj> ...,6,0.003,2,712,Primate__order,taxongroup_comment
7147,nsubj<cop> be,6,0.012,10,712,Primate__order,taxongroup_comment
7148,nsubj<det> a,6,0.003,2,712,Primate__order,taxongroup_comment
7149,nsubj<det> the,6,0.015,5,712,Primate__order,taxongroup_comment
7152,nsubj<mark> as,6,0.002,1,712,Primate__order,taxongroup_comment
7156,nsubj<nmod> ...,6,0.006,5,712,Primate__order,taxongroup_comment
7157,nsubj<nmod>amod> ...,6,0.001,2,712,Primate__order,taxongroup_comment
7160,nsubj<nmod>case> ...,6,0.002,1,712,Primate__order,taxongroup_comment
7161,nsubj<nmod>case> in,6,0.002,1,712,Primate__order,taxongroup_comment
7162,nsubj<nmod>case> of,6,0.006,3,712,Primate__order,taxongroup_comment
7165,nsubj<nmod>det> ...,6,0.003,1,712,Primate__order,taxongroup_comment
7166,nsubj<nmod>det> the,6,0.004,2,712,Primate__order,taxongroup_comment
7167,nsubj<nmod>nmod:poss> ...,6,0.001,1,712,Primate__order,taxongroup_comment
7169,nsubj<obj> call,6,0.002,1,712,Primate__order,taxongroup_comment
7173,nsubj<obj>amod> different,6,0.002,1,712,Primate__order,taxongroup_comment
7176,nsubj<obj>conj> reaction,6,0.002,1,712,Primate__order,taxongroup_comment
7180,nsubj<obj>nmod> ...,6,-0.0,2,712,Primate__order,taxongroup_comment
7182,nsubj<obl:tmod> ...,6,0.001,1,712,Primate__order,taxongroup_comment
7216,nsubj<xcomp> ...,6,-0.0,1,712,Primate__order,taxongroup_comment
7219,nsubj<xcomp>mark> to,6,-0.001,1,712,Primate__order,taxongroup_comment
7224,nsubj> ...,6,-0.0,1,712,Primate__order,taxongroup_comment
7229,nummod> ...,6,0.003,3,712,Primate__order,taxongroup_comment
7231,nummod> one,6,0.0,1,712,Primate__order,taxongroup_comment
7233,obj< ...,6,0.001,4,712,Primate__order,taxongroup_comment
7238,obj< kill,6,0.001,1,712,Primate__order,taxongroup_comment
7239,obj< make,6,0.001,1,712,Primate__order,taxongroup_comment
7240,obj< protect,6,0.002,1,712,Primate__order,taxongroup_comment
7246,obj<acl< ...,6,0.002,2,712,Primate__order,taxongroup_comment
7247,obj<acl<det> ...,6,0.002,1,712,Primate__order,taxongroup_comment
7250,obj<advcl< ...,6,0.003,2,712,Primate__order,taxongroup_comment
7251,obj<advcl> ...,6,0.0,1,712,Primate__order,taxongroup_comment
7252,obj<advcl>mark> ...,6,0.001,1,712,Primate__order,taxongroup_comment
7253,obj<advmod> ...,6,0.003,3,712,Primate__order,taxongroup_comment
7257,obj<aux> ...,6,0.001,1,712,Primate__order,taxongroup_comment
7258,obj<cc> ...,6,0.003,1,712,Primate__order,taxongroup_comment
7260,obj<ccomp< ...,6,0.001,1,712,Primate__order,taxongroup_comment
7263,obj<conj< ...,6,0.001,1,712,Primate__order,taxongroup_comment
7271,obj<conj> ...,6,0.009,4,712,Primate__order,taxongroup_comment
7272,obj<conj>amod> ...,6,0.005,2,712,Primate__order,taxongroup_comment
7273,obj<conj>cc> ...,6,0.003,1,712,Primate__order,taxongroup_comment
7274,obj<conj>cc> and,6,0.003,2,712,Primate__order,taxongroup_comment
7275,obj<conj>obl> ...,6,0.005,2,712,Primate__order,taxongroup_comment
7276,obj<mark> ...,6,0.001,1,712,Primate__order,taxongroup_comment
7278,obj<mark> to,6,0.005,3,712,Primate__order,taxongroup_comment
7279,obj<nsubj> ...,6,-0.001,1,712,Primate__order,taxongroup_comment
7290,obj<obl> ...,6,-0.0,1,712,Primate__order,taxongroup_comment
7292,obj<obl>case> for,6,0.002,1,712,Primate__order,taxongroup_comment
7307,obl< ...,6,-0.003,2,712,Primate__order,taxongroup_comment
7328,obl<acl< ...,6,0.0,1,712,Primate__order,taxongroup_comment
7441,acl:relcl> ...,7,0.002,4,1480,Primate__order,taxongroup_comment
7442,acl:relcl> live,7,0.005,5,1480,Primate__order,taxongroup_comment
7443,acl:relcl>advmod> ...,7,0.001,2,1480,Primate__order,taxongroup_comment
7444,acl:relcl>advmod> north,7,0.002,2,1480,Primate__order,taxongroup_comment
7446,acl:relcl>nsubj> that,7,0.005,5,1480,Primate__order,taxongroup_comment
7447,acl:relcl>nsubj> which,7,0.001,2,1480,Primate__order,taxongroup_comment
7448,acl:relcl>nsubj> who,7,0.002,2,1480,Primate__order,taxongroup_comment
7449,acl:relcl>obj> ...,7,0.002,3,1480,Primate__order,taxongroup_comment
7450,acl:relcl>obl> ...,7,0.002,3,1480,Primate__order,taxongroup_comment
7451,acl:relcl>obl> group,7,0.002,2,1480,Primate__order,taxongroup_comment
7452,acl:relcl>obl>case> ...,7,0.001,2,1480,Primate__order,taxongroup_comment
7453,acl:relcl>obl>case> from,7,0.0,1,1480,Primate__order,taxongroup_comment
7454,acl:relcl>obl>case> in,7,0.002,2,1480,Primate__order,taxongroup_comment
7455,acl:relcl>obl>compound> ...,7,0.001,2,1480,Primate__order,taxongroup_comment
7456,acl:relcl>obl>det> ...,7,0.001,1,1480,Primate__order,taxongroup_comment
7457,acl:relcl>obl>det> the,7,0.004,4,1480,Primate__order,taxongroup_comment
7458,acl> ...,7,0.004,10,1480,Primate__order,taxongroup_comment
7459,acl> name,7,0.0,1,1480,Primate__order,taxongroup_comment
7460,acl>advcl> ...,7,0.001,2,1480,Primate__order,taxongroup_comment
7461,acl>advcl>mark> ...,7,0.0,1,1480,Primate__order,taxongroup_comment
7462,acl>advmod> ...,7,0.003,4,1480,Primate__order,taxongroup_comment
7463,acl>conj> ...,7,0.0,1,1480,Primate__order,taxongroup_comment
7464,acl>conj>cc> and,7,0.0,1,1480,Primate__order,taxongroup_comment
7465,acl>mark> ...,7,0.001,2,1480,Primate__order,taxongroup_comment
7466,acl>obj> ...,7,0.0,3,1480,Primate__order,taxongroup_comment
7467,acl>obj>amod> ...,7,-0.0,1,1480,Primate__order,taxongroup_comment
7469,acl>obj>det> a,7,0.002,2,1480,Primate__order,taxongroup_comment
7470,acl>obj>nmod> ...,7,0.003,3,1480,Primate__order,taxongroup_comment
7471,acl>obl> ...,7,0.001,3,1480,Primate__order,taxongroup_comment
7473,acl>obl>amod> ...,7,-0.0,1,1480,Primate__order,taxongroup_comment
7474,acl>obl>case> ...,7,0.0,2,1480,Primate__order,taxongroup_comment
7475,acl>obl>case> as,7,0.0,1,1480,Primate__order,taxongroup_comment
7476,advcl< ...,7,0.001,2,1480,Primate__order,taxongroup_comment
7477,advcl<advmod> ...,7,0.003,3,1480,Primate__order,taxongroup_comment
7478,advmod> ...,7,-0.0,3,1480,Primate__order,taxongroup_comment
7479,advmod> only,7,0.001,2,1480,Primate__order,taxongroup_comment
7480,amod> ...,7,0.017,46,1480,Primate__order,taxongroup_comment
7481,amod> common,7,0.004,10,1480,Primate__order,taxongroup_comment
7482,amod> eastern,7,0.001,3,1480,Primate__order,taxongroup_comment
7483,amod> female,7,0.001,3,1480,Primate__order,taxongroup_comment
7484,amod> great,7,0.002,6,1480,Primate__order,taxongroup_comment
7485,amod> male,7,0.0,3,1480,Primate__order,taxongroup_comment
7486,amod> other,7,0.0,6,1480,Primate__order,taxongroup_comment
7487,amod> taile,7,-0.001,6,1480,Primate__order,taxongroup_comment
7488,amod> western,7,0.0,2,1480,Primate__order,taxongroup_comment
7489,amod> wild,7,0.0,3,1480,Primate__order,taxongroup_comment
7490,amod> young,7,0.001,3,1480,Primate__order,taxongroup_comment
7491,amod>advmod> ...,7,0.003,4,1480,Primate__order,taxongroup_comment
7492,amod>advmod> most,7,0.0,1,1480,Primate__order,taxongroup_comment
7493,amod>conj> ...,7,0.002,3,1480,Primate__order,taxongroup_comment
7494,amod>conj>cc> and,7,0.002,3,1480,Primate__order,taxongroup_comment
7496,amod>obl:npmod> ring,7,-0.002,6,1480,Primate__order,taxongroup_comment
7497,appos< ...,7,0.002,7,1480,Primate__order,taxongroup_comment
7498,appos< Kipunji,7,0.002,2,1480,Primate__order,taxongroup_comment
7500,appos< chimpanzee,7,0.0,1,1480,Primate__order,taxongroup_comment
7501,appos<amod> ...,7,-0.0,2,1480,Primate__order,taxongroup_comment
7515,appos<case> ...,7,0.001,1,1480,Primate__order,taxongroup_comment
7516,appos<case> of,7,0.0,1,1480,Primate__order,taxongroup_comment
7518,appos<compound> ...,7,0.001,3,1480,Primate__order,taxongroup_comment
7519,appos<conj> ...,7,0.0,2,1480,Primate__order,taxongroup_comment
7520,appos<conj> Hylobates,7,0.004,4,1480,Primate__order,taxongroup_comment
7522,appos<conj>cc> ...,7,0.001,1,1480,Primate__order,taxongroup_comment
7524,appos<conj>obj> gibbon,7,0.004,4,1480,Primate__order,taxongroup_comment
7525,appos<det> ...,7,0.001,1,1480,Primate__order,taxongroup_comment
7526,appos<det> the,7,-0.0,1,1480,Primate__order,taxongroup_comment
7532,appos<list> lemur,7,0.002,2,1480,Primate__order,taxongroup_comment
7533,appos<list>amod> ...,7,0.001,1,1480,Primate__order,taxongroup_comment
7535,appos<list>compound> ...,7,-0.0,1,1480,Primate__order,taxongroup_comment
7536,appos<list>compound> Alaotran,7,0.002,2,1480,Primate__order,taxongroup_comment
7538,appos<nmod< ...,7,0.0,1,1480,Primate__order,taxongroup_comment
7542,appos<nsubj> ...,7,0.003,4,1480,Primate__order,taxongroup_comment
7543,appos<obl> ...,7,0.003,3,1480,Primate__order,taxongroup_comment
7544,appos<obl>case> ...,7,0.003,3,1480,Primate__order,taxongroup_comment
7545,appos> ...,7,-0.0,4,1480,Primate__order,taxongroup_comment
7546,appos> Primate,7,-0.0,1,1480,Primate__order,taxongroup_comment
7547,appos> alaotrensis,7,0.0,1,1480,Primate__order,taxongroup_comment
7548,appos> bonobo,7,0.0,1,1480,Primate__order,taxongroup_comment
7549,appos> chimpanzee,7,0.001,2,1480,Primate__order,taxongroup_comment
7551,appos> schweinfurthii,7,0.0,1,1480,Primate__order,taxongroup_comment
7552,appos> troglodyte,7,0.001,2,1480,Primate__order,taxongroup_comment
7553,appos>amod> ...,7,-0.0,1,1480,Primate__order,taxongroup_comment
7554,appos>amod> Pan,7,-0.0,1,1480,Primate__order,taxongroup_comment
7555,appos>amod> common,7,0.0,1,1480,Primate__order,taxongroup_comment
7558,appos>compound> ...,7,-0.0,1,1480,Primate__order,taxongroup_comment
7559,appos>compound> Hapalemur,7,0.0,1,1480,Primate__order,taxongroup_comment
7560,appos>compound> P.,7,0.0,1,1480,Primate__order,taxongroup_comment
7562,appos>conj> ...,7,0.0,1,1480,Primate__order,taxongroup_comment
7564,appos>conj> chimpanzee,7,0.002,2,1480,Primate__order,taxongroup_comment
7565,appos>conj> gorilla,7,0.0,1,1480,Primate__order,taxongroup_comment
7566,appos>conj> orangutan,7,0.0,1,1480,Primate__order,taxongroup_comment
7567,appos>conj>cc> ...,7,0.001,1,1480,Primate__order,taxongroup_comment
7568,appos>conj>cc> and,7,-0.0,1,1480,Primate__order,taxongroup_comment
7569,case> 's,7,-0.001,1,1480,Primate__order,taxongroup_comment
7570,case> ...,7,-0.001,9,1480,Primate__order,taxongroup_comment
7571,case> as,7,-0.0,2,1480,Primate__order,taxongroup_comment
7572,case> by,7,-0.0,2,1480,Primate__order,taxongroup_comment
7573,case> for,7,-0.001,1,1480,Primate__order,taxongroup_comment
7574,case> from,7,0.001,3,1480,Primate__order,taxongroup_comment
7575,case> in,7,-0.001,6,1480,Primate__order,taxongroup_comment
7576,case> of,7,-0.005,12,1480,Primate__order,taxongroup_comment
7577,case> than,7,-0.0,3,1480,Primate__order,taxongroup_comment
7578,case> to,7,-0.001,3,1480,Primate__order,taxongroup_comment
7579,case> with,7,-0.001,1,1480,Primate__order,taxongroup_comment
7583,compound< ...,7,-0.002,2,1480,Primate__order,taxongroup_comment
7586,compound< community,7,0.0,1,1480,Primate__order,taxongroup_comment
7604,compound<case> ...,7,-0.0,1,1480,Primate__order,taxongroup_comment
7607,compound<case> in,7,-0.0,1,1480,Primate__order,taxongroup_comment
7611,compound<case> with,7,0.0,1,1480,Primate__order,taxongroup_comment
7623,compound<cop> be,7,0.001,2,1480,Primate__order,taxongroup_comment
7627,compound<det> the,7,-0.001,1,1480,Primate__order,taxongroup_comment
7628,compound<mark> ...,7,0.001,1,1480,Primate__order,taxongroup_comment
7656,compound<nsubj> ...,7,0.0,1,1480,Primate__order,taxongroup_comment
7658,compound<obl< ...,7,-0.0,1,1480,Primate__order,taxongroup_comment
7664,compound<obl<aux:pass> be,7,0.0,1,1480,Primate__order,taxongroup_comment
7671,compound> ...,7,0.0,9,1480,Primate__order,taxongroup_comment
7672,compound> Alaotra,7,0.002,3,1480,Primate__order,taxongroup_comment
7673,compound> Barbary,7,-0.001,10,1480,Primate__order,taxongroup_comment
7674,compound> bamboo,7,-0.0,1,1480,Primate__order,taxongroup_comment
7675,compound> genus,7,0.001,2,1480,Primate__order,taxongroup_comment
7676,compound> grey,7,0.0,2,1480,Primate__order,taxongroup_comment
7678,compound> male,7,0.003,3,1480,Primate__order,taxongroup_comment
7680,compound> pygmy,7,0.002,4,1480,Primate__order,taxongroup_comment
7682,compound>amod> ...,7,0.0,1,1480,Primate__order,taxongroup_comment
7684,compound>amod> old,7,0.0,1,1480,Primate__order,taxongroup_comment
7686,compound>compound> Gibraltar,7,-0.0,1,1480,Primate__order,taxongroup_comment
7687,compound>compound> Lac,7,0.001,2,1480,Primate__order,taxongroup_comment
7688,conj< ...,7,-0.001,1,1480,Primate__order,taxongroup_comment
7698,conj<advcl< ...,7,0.0,1,1480,Primate__order,taxongroup_comment
7699,conj<advcl<obl> ...,7,0.001,2,1480,Primate__order,taxongroup_comment
7700,conj<advmod> ...,7,0.001,2,1480,Primate__order,taxongroup_comment
7741,conj<mark> ...,7,-0.0,1,1480,Primate__order,taxongroup_comment
7797,conj<obl> ...,7,0.0,1,1480,Primate__order,taxongroup_comment
7798,conj<obl>case> ...,7,0.0,1,1480,Primate__order,taxongroup_comment
7799,conj> ...,7,-0.002,6,1480,Primate__order,taxongroup_comment
7802,conj> bonobo,7,-0.001,4,1480,Primate__order,taxongroup_comment
7803,conj> chimpanzee,7,-0.0,1,1480,Primate__order,taxongroup_comment
7804,conj> gibbon,7,-0.0,2,1480,Primate__order,taxongroup_comment
7808,conj> species,7,0.003,3,1480,Primate__order,taxongroup_comment
7809,conj> troglodyte,7,0.002,2,1480,Primate__order,taxongroup_comment
7810,conj>acl:relcl> ...,7,0.003,3,1480,Primate__order,taxongroup_comment
7811,conj>acl:relcl>advmod> ...,7,0.003,3,1480,Primate__order,taxongroup_comment
7812,conj>acl:relcl>obl> ...,7,0.003,3,1480,Primate__order,taxongroup_comment
7814,conj>amod> ...,7,0.001,7,1480,Primate__order,taxongroup_comment
7815,conj>amod> lar,7,0.0,1,1480,Primate__order,taxongroup_comment
7816,conj>amod> other,7,0.001,2,1480,Primate__order,taxongroup_comment
7817,conj>case> ...,7,0.0,1,1480,Primate__order,taxongroup_comment
7818,conj>cc> and,7,-0.001,9,1480,Primate__order,taxongroup_comment
7819,conj>cc> or,7,0.001,5,1480,Primate__order,taxongroup_comment
7820,conj>compound> ...,7,-0.0,2,1480,Primate__order,taxongroup_comment
7825,conj>det> a,7,0.001,2,1480,Primate__order,taxongroup_comment
7826,conj>det> the,7,0.002,5,1480,Primate__order,taxongroup_comment
7833,cop> be,7,0.003,7,1480,Primate__order,taxongroup_comment
7834,det> ...,7,0.0,2,1480,Primate__order,taxongroup_comment
7835,det> a,7,0.002,9,1480,Primate__order,taxongroup_comment
7836,det> all,7,-0.0,1,1480,Primate__order,taxongroup_comment
7837,det> both,7,0.001,2,1480,Primate__order,taxongroup_comment
7840,det> some,7,0.002,3,1480,Primate__order,taxongroup_comment
7841,det> the,7,0.013,56,1480,Primate__order,taxongroup_comment
7842,flat< ...,7,0.0,1,1480,Primate__order,taxongroup_comment
7847,flat<flat> Saguinus,7,0.0,1,1480,Primate__order,taxongroup_comment
7849,flat<flat> martinsi,7,0.004,4,1480,Primate__order,taxongroup_comment
7853,list< lemur,7,0.002,2,1480,Primate__order,taxongroup_comment
7856,list<appos> lemur,7,0.002,2,1480,Primate__order,taxongroup_comment
7860,list<case> as,7,0.002,2,1480,Primate__order,taxongroup_comment
7876,list<list> lemur,7,0.002,2,1480,Primate__order,taxongroup_comment
7877,list<list>amod> ...,7,0.001,1,1480,Primate__order,taxongroup_comment
7879,list<list>compound> ...,7,-0.0,1,1480,Primate__order,taxongroup_comment
7880,list<list>compound> Alaotran,7,0.002,2,1480,Primate__order,taxongroup_comment
7892,mark> ...,7,0.001,2,1480,Primate__order,taxongroup_comment
7893,nmod:poss< ...,7,-0.001,2,1480,Primate__order,taxongroup_comment
7894,nmod:poss< party,7,0.0,1,1480,Primate__order,taxongroup_comment
7895,nmod:poss<appos<conj> ...,7,0.001,1,1480,Primate__order,taxongroup_comment
7896,nmod:poss<appos<conj> Hylobates,7,0.004,4,1480,Primate__order,taxongroup_comment
7897,nmod:poss<case> ...,7,0.002,3,1480,Primate__order,taxongroup_comment
7899,nmod:poss<compound> ...,7,0.0,1,1480,Primate__order,taxongroup_comment
7900,nmod:poss<compound> tea,7,0.0,1,1480,Primate__order,taxongroup_comment
7901,nmod:poss<conj> ...,7,0.002,3,1480,Primate__order,taxongroup_comment
7902,nmod:poss<conj>cc> ...,7,0.001,1,1480,Primate__order,taxongroup_comment
7903,nmod:poss<conj>cc> and,7,0.0,1,1480,Primate__order,taxongroup_comment
7904,nmod:poss<nmod< ...,7,-0.0,1,1480,Primate__order,taxongroup_comment
7907,nmod:poss> ...,7,-0.0,1,1480,Primate__order,taxongroup_comment
7908,nmod:poss>case> 's,7,0.0,1,1480,Primate__order,taxongroup_comment
7909,nmod< ...,7,-0.005,13,1480,Primate__order,taxongroup_comment
7910,nmod< ancestor,7,-0.0,1,1480,Primate__order,taxongroup_comment
7911,nmod< group,7,-0.0,1,1480,Primate__order,taxongroup_comment
7922,nmod<advmod> ...,7,0.001,2,1480,Primate__order,taxongroup_comment
7923,nmod<amod> ...,7,-0.002,1,1480,Primate__order,taxongroup_comment
7927,nmod<amod> cultural,7,0.0,1,1480,Primate__order,taxongroup_comment
7931,nmod<appos> ...,7,0.0,1,1480,Primate__order,taxongroup_comment
7937,nmod<case> for,7,0.0,1,1480,Primate__order,taxongroup_comment
7938,nmod<case> from,7,0.0,1,1480,Primate__order,taxongroup_comment
7939,nmod<case> in,7,0.0,2,1480,Primate__order,taxongroup_comment
7942,nmod<case> than,7,-0.0,1,1480,Primate__order,taxongroup_comment
7945,nmod<case> within,7,0.001,2,1480,Primate__order,taxongroup_comment
7948,nmod<cc> and,7,-0.0,1,1480,Primate__order,taxongroup_comment
7949,nmod<compound> ...,7,-0.001,2,1480,Primate__order,taxongroup_comment
7952,nmod<compound>compound> ...,7,0.0,1,1480,Primate__order,taxongroup_comment
7954,nmod<conj< ...,7,0.001,3,1480,Primate__order,taxongroup_comment
7956,nmod<conj<advcl< ...,7,0.001,1,1480,Primate__order,taxongroup_comment
7958,nmod<conj<amod> ...,7,0.002,3,1480,Primate__order,taxongroup_comment
7960,nmod<conj<case> between,7,0.0,1,1480,Primate__order,taxongroup_comment
7961,nmod<conj<conj> ...,7,0.004,5,1480,Primate__order,taxongroup_comment
7962,nmod<conj> ...,7,-0.0,2,1480,Primate__order,taxongroup_comment
7964,nmod<conj>cc> and,7,-0.0,2,1480,Primate__order,taxongroup_comment
7965,nmod<cop> be,7,-0.0,2,1480,Primate__order,taxongroup_comment
7966,nmod<det> ...,7,-0.0,1,1480,Primate__order,taxongroup_comment
7967,nmod<det> a,7,-0.001,1,1480,Primate__order,taxongroup_comment
7969,nmod<det> the,7,-0.003,5,1480,Primate__order,taxongroup_comment
7988,nmod<nmod> ...,7,-0.001,1,1480,Primate__order,taxongroup_comment
7989,nmod<nmod>amod> ...,7,-0.0,1,1480,Primate__order,taxongroup_comment
7993,nmod<nmod>case> with,7,0.0,1,1480,Primate__order,taxongroup_comment
7999,nmod<nsubj< ...,7,-0.002,2,1480,Primate__order,taxongroup_comment
8003,nmod<nsubj<advcl> ...,7,-0.0,1,1480,Primate__order,taxongroup_comment
8010,nmod<nsubj<conj> ...,7,-0.001,1,1480,Primate__order,taxongroup_comment
8013,nmod<nsubj<cop> be,7,-0.001,2,1480,Primate__order,taxongroup_comment
8017,nmod<nsubj<mark> that,7,-0.0,1,1480,Primate__order,taxongroup_comment
8021,nmod<nsubj> ...,7,-0.0,1,1480,Primate__order,taxongroup_comment
8022,nmod<nsubj> chimpanzee,7,0.0,1,1480,Primate__order,taxongroup_comment
8024,nmod<nsubj>det> ...,7,0.001,1,1480,Primate__order,taxongroup_comment
8028,nmod<obj< ...,7,-0.001,2,1480,Primate__order,taxongroup_comment
8030,nmod<obj<acl< ...,7,-0.0,1,1480,Primate__order,taxongroup_comment
8031,nmod<obj<advcl> ...,7,-0.0,1,1480,Primate__order,taxongroup_comment
8034,nmod<obj<mark> to,7,0.001,2,1480,Primate__order,taxongroup_comment
8038,nmod<obl< ...,7,-0.001,5,1480,Primate__order,taxongroup_comment
8041,nmod<obl<advmod> ...,7,-0.0,2,1480,Primate__order,taxongroup_comment
8043,nmod<obl<aux:pass> be,7,0.0,1,1480,Primate__order,taxongroup_comment
8044,nmod<obl<aux> ...,7,0.0,1,1480,Primate__order,taxongroup_comment
8046,nmod<obl<cc> and,7,0.0,1,1480,Primate__order,taxongroup_comment
8047,nmod<obl<conj< ...,7,0.0,1,1480,Primate__order,taxongroup_comment
8048,nmod<obl<cop> be,7,-0.0,1,1480,Primate__order,taxongroup_comment
8050,nmod<obl<mark> that,7,0.0,1,1480,Primate__order,taxongroup_comment
8051,nmod<obl<nsubj> ...,7,0.001,4,1480,Primate__order,taxongroup_comment
8053,nmod<obl<obj> ...,7,-0.0,2,1480,Primate__order,taxongroup_comment
8054,nmod<obl<obl> ...,7,-0.0,2,1480,Primate__order,taxongroup_comment
8055,nmod> ...,7,0.011,21,1480,Primate__order,taxongroup_comment
8057,nmod> Gibraltar,7,-0.0,1,1480,Primate__order,taxongroup_comment
8058,nmod> area,7,0.0,1,1480,Primate__order,taxongroup_comment
8059,nmod> block,7,0.002,2,1480,Primate__order,taxongroup_comment
8060,nmod> gorilla,7,0.002,2,1480,Primate__order,taxongroup_comment
8061,nmod> group,7,0.0,1,1480,Primate__order,taxongroup_comment
8062,nmod> orangutan,7,0.0,1,1480,Primate__order,taxongroup_comment
8063,nmod> primate,7,0.0,1,1480,Primate__order,taxongroup_comment
8064,nmod>amod> ...,7,0.007,9,1480,Primate__order,taxongroup_comment
8065,nmod>amod> early,7,0.002,2,1480,Primate__order,taxongroup_comment
8066,nmod>amod> western,7,0.0,1,1480,Primate__order,taxongroup_comment
8067,nmod>appos> ...,7,0.0,1,1480,Primate__order,taxongroup_comment
8068,nmod>case> ...,7,0.002,4,1480,Primate__order,taxongroup_comment
8069,nmod>case> as,7,0.002,3,1480,Primate__order,taxongroup_comment
8070,nmod>case> from,7,0.0,1,1480,Primate__order,taxongroup_comment
8071,nmod>case> in,7,0.003,9,1480,Primate__order,taxongroup_comment
8072,nmod>case> include,7,0.001,2,1480,Primate__order,taxongroup_comment
8073,nmod>case> of,7,0.002,4,1480,Primate__order,taxongroup_comment
8074,nmod>case> on,7,0.002,2,1480,Primate__order,taxongroup_comment
8075,nmod>case> such,7,0.002,3,1480,Primate__order,taxongroup_comment
8076,nmod>case> with,7,0.002,2,1480,Primate__order,taxongroup_comment
8077,nmod>case>fixed> ...,7,0.002,2,1480,Primate__order,taxongroup_comment
8078,nmod>case>fixed> as,7,0.002,3,1480,Primate__order,taxongroup_comment
8079,nmod>compound> ...,7,0.003,6,1480,Primate__order,taxongroup_comment
8080,nmod>conj> ...,7,0.006,7,1480,Primate__order,taxongroup_comment
8081,nmod>conj>cc> and,7,0.005,5,1480,Primate__order,taxongroup_comment
8082,nmod>det> ...,7,0.001,2,1480,Primate__order,taxongroup_comment
8083,nmod>det> a,7,0.001,2,1480,Primate__order,taxongroup_comment
8084,nmod>det> the,7,0.007,10,1480,Primate__order,taxongroup_comment
8085,nmod>nmod> ...,7,0.003,4,1480,Primate__order,taxongroup_comment
8086,nmod>nmod>case> ...,7,0.001,2,1480,Primate__order,taxongroup_comment
8087,nmod>nmod>case> of,7,0.002,2,1480,Primate__order,taxongroup_comment
8088,nsubj:pass< ...,7,0.016,19,1480,Primate__order,taxongroup_comment
8089,nsubj:pass< consider,7,0.001,2,1480,Primate__order,taxongroup_comment
8090,nsubj:pass< find,7,0.001,2,1480,Primate__order,taxongroup_comment
8091,nsubj:pass< see,7,0.0,1,1480,Primate__order,taxongroup_comment
8092,nsubj:pass< threaten,7,0.002,2,1480,Primate__order,taxongroup_comment
8093,nsubj:pass<advcl< ...,7,0.003,3,1480,Primate__order,taxongroup_comment
8094,nsubj:pass<advcl<conj> ...,7,0.003,3,1480,Primate__order,taxongroup_comment
8095,nsubj:pass<advcl<obl> ...,7,0.003,3,1480,Primate__order,taxongroup_comment
8096,nsubj:pass<advmod> ...,7,0.011,12,1480,Primate__order,taxongroup_comment
8097,nsubj:pass<advmod> also,7,0.002,2,1480,Primate__order,taxongroup_comment
8098,nsubj:pass<aux:pass> be,7,0.021,26,1480,Primate__order,taxongroup_comment
8099,nsubj:pass<aux> ...,7,0.001,1,1480,Primate__order,taxongroup_comment
8100,nsubj:pass<aux> can,7,0.0,1,1480,Primate__order,taxongroup_comment
8101,nsubj:pass<aux> have,7,0.007,8,1480,Primate__order,taxongroup_comment
8102,nsubj:pass<ccomp> ...,7,0.001,2,1480,Primate__order,taxongroup_comment
8103,nsubj:pass<ccomp>obl> ...,7,0.001,1,1480,Primate__order,taxongroup_comment
8104,nsubj:pass<ccomp>obl> other,7,0.0,1,1480,Primate__order,taxongroup_comment
8105,nsubj:pass<conj> ...,7,0.006,7,1480,Primate__order,taxongroup_comment
8106,nsubj:pass<conj>cc> ...,7,0.001,1,1480,Primate__order,taxongroup_comment
8107,nsubj:pass<conj>cc> and,7,0.003,3,1480,Primate__order,taxongroup_comment
8108,nsubj:pass<conj>cc> but,7,0.003,3,1480,Primate__order,taxongroup_comment
8109,nsubj:pass<conj>obl> ...,7,0.005,6,1480,Primate__order,taxongroup_comment
8110,nsubj:pass<mark> ...,7,0.004,4,1480,Primate__order,taxongroup_comment
8111,nsubj:pass<obl> ...,7,0.015,19,1480,Primate__order,taxongroup_comment
8112,nsubj:pass<obl> research,7,0.002,2,1480,Primate__order,taxongroup_comment
8113,nsubj:pass<obl> species,7,0.002,2,1480,Primate__order,taxongroup_comment
8114,nsubj:pass<obl>amod> ...,7,0.014,15,1480,Primate__order,taxongroup_comment
8115,nsubj:pass<obl>case> ...,7,0.005,6,1480,Primate__order,taxongroup_comment
8116,nsubj:pass<obl>case> as,7,0.003,4,1480,Primate__order,taxongroup_comment
8117,nsubj:pass<obl>case> by,7,0.004,4,1480,Primate__order,taxongroup_comment
8118,nsubj:pass<obl>case> in,7,0.005,7,1480,Primate__order,taxongroup_comment
8119,nsubj:pass<obl>case> to,7,0.002,2,1480,Primate__order,taxongroup_comment
8120,nsubj:pass<obl>compound> ...,7,0.008,9,1480,Primate__order,taxongroup_comment
8121,nsubj:pass<obl>conj> ...,7,0.004,5,1480,Primate__order,taxongroup_comment
8122,nsubj:pass<obl>det> ...,7,0.001,1,1480,Primate__order,taxongroup_comment
8123,nsubj:pass<obl>det> the,7,0.004,5,1480,Primate__order,taxongroup_comment
8124,nsubj:pass<obl>nmod> ...,7,0.006,7,1480,Primate__order,taxongroup_comment
8125,nsubj:pass<parataxis> ...,7,0.003,3,1480,Primate__order,taxongroup_comment
8126,nsubj:pass<xcomp> ...,7,0.003,5,1480,Primate__order,taxongroup_comment
8127,nsubj:pass<xcomp>amod> ...,7,0.003,3,1480,Primate__order,taxongroup_comment
8128,nsubj:pass<xcomp>cop> be,7,0.003,3,1480,Primate__order,taxongroup_comment
8129,nsubj:pass<xcomp>det> ...,7,0.001,1,1480,Primate__order,taxongroup_comment
8130,nsubj:pass<xcomp>det> the,7,0.002,2,1480,Primate__order,taxongroup_comment
8131,nsubj:pass<xcomp>mark> to,7,0.004,5,1480,Primate__order,taxongroup_comment
8133,nsubj< ...,7,0.003,21,1480,Primate__order,taxongroup_comment
8135,nsubj< have,7,0.002,5,1480,Primate__order,taxongroup_comment
8136,nsubj< likely,7,0.001,2,1480,Primate__order,taxongroup_comment
8138,nsubj< report,7,0.002,2,1480,Primate__order,taxongroup_comment
8140,nsubj< species,7,-0.0,1,1480,Primate__order,taxongroup_comment
8141,nsubj< tend,7,0.002,3,1480,Primate__order,taxongroup_comment
8142,nsubj< troglodyte,7,-0.0,1,1480,Primate__order,taxongroup_comment
8144,nsubj<acl:relcl< ...,7,0.0,1,1480,Primate__order,taxongroup_comment
8145,nsubj<acl:relcl<amod> ...,7,0.001,2,1480,Primate__order,taxongroup_comment
8146,nsubj<advcl< ...,7,0.001,4,1480,Primate__order,taxongroup_comment
8147,nsubj<advcl<advmod> ...,7,0.001,2,1480,Primate__order,taxongroup_comment
8148,nsubj<advcl<advmod> not,7,0.0,1,1480,Primate__order,taxongroup_comment
8149,nsubj<advcl<aux> ...,7,0.0,1,1480,Primate__order,taxongroup_comment
8150,nsubj<advcl<aux> do,7,0.0,1,1480,Primate__order,taxongroup_comment
8151,nsubj<advcl<ccomp> ...,7,0.0,1,1480,Primate__order,taxongroup_comment
8152,nsubj<advcl<nsubj> ...,7,0.001,3,1480,Primate__order,taxongroup_comment
8153,nsubj<advcl<obj> ...,7,0.002,3,1480,Primate__order,taxongroup_comment
8154,nsubj<advcl<obl> ...,7,0.0,1,1480,Primate__order,taxongroup_comment
8155,nsubj<advcl> ...,7,-0.001,2,1480,Primate__order,taxongroup_comment
8158,nsubj<advcl>mark> ...,7,-0.0,1,1480,Primate__order,taxongroup_comment
8165,nsubj<advcl>obl> ...,7,-0.0,1,1480,Primate__order,taxongroup_comment
8167,nsubj<advmod> also,7,-0.0,1,1480,Primate__order,taxongroup_comment
8168,nsubj<advmod> as,7,0.0,1,1480,Primate__order,taxongroup_comment
8169,nsubj<advmod> just,7,0.0,1,1480,Primate__order,taxongroup_comment
8170,nsubj<advmod> more,7,0.0,1,1480,Primate__order,taxongroup_comment
8171,nsubj<advmod> mostly,7,0.0,1,1480,Primate__order,taxongroup_comment
8172,nsubj<advmod> not,7,-0.0,1,1480,Primate__order,taxongroup_comment
8176,nsubj<amod> ...,7,-0.0,1,1480,Primate__order,taxongroup_comment
8177,nsubj<appos> ...,7,0.001,2,1480,Primate__order,taxongroup_comment
8179,nsubj<aux> be,7,0.002,3,1480,Primate__order,taxongroup_comment
8180,nsubj<aux> can,7,0.0,1,1480,Primate__order,taxongroup_comment
8181,nsubj<aux> do,7,0.0,1,1480,Primate__order,taxongroup_comment
8182,nsubj<aux> have,7,0.0,1,1480,Primate__order,taxongroup_comment
8183,nsubj<aux> may,7,0.0,1,1480,Primate__order,taxongroup_comment
8184,nsubj<ccomp< ...,7,-0.0,1,1480,Primate__order,taxongroup_comment
8186,nsubj<ccomp< show,7,0.0,1,1480,Primate__order,taxongroup_comment
8188,nsubj<ccomp<nsubj> ...,7,-0.0,1,1480,Primate__order,taxongroup_comment
8190,nsubj<ccomp> ...,7,0.0,1,1480,Primate__order,taxongroup_comment
8191,nsubj<ccomp> make,7,0.002,2,1480,Primate__order,taxongroup_comment
8192,nsubj<ccomp>nsubj> ...,7,0.0,1,1480,Primate__order,taxongroup_comment
8194,nsubj<ccomp>obj> tool,7,0.002,2,1480,Primate__order,taxongroup_comment
8195,nsubj<compound> ...,7,-0.0,1,1480,Primate__order,taxongroup_comment
8196,nsubj<conj> ...,7,0.002,8,1480,Primate__order,taxongroup_comment
8197,nsubj<conj> Hylobates,7,0.004,4,1480,Primate__order,taxongroup_comment
8198,nsubj<conj> species,7,0.002,2,1480,Primate__order,taxongroup_comment
8200,nsubj<conj>amod> ...,7,0.002,4,1480,Primate__order,taxongroup_comment
8202,nsubj<conj>cc> and,7,0.001,4,1480,Primate__order,taxongroup_comment
8203,nsubj<conj>det> ...,7,0.001,1,1480,Primate__order,taxongroup_comment
8204,nsubj<conj>det> the,7,0.004,4,1480,Primate__order,taxongroup_comment
8205,nsubj<conj>nmod> ...,7,0.001,2,1480,Primate__order,taxongroup_comment
8206,nsubj<conj>nsubj> ...,7,-0.0,1,1480,Primate__order,taxongroup_comment
8207,nsubj<conj>obj> ...,7,-0.0,1,1480,Primate__order,taxongroup_comment
8208,nsubj<conj>obj> gibbon,7,0.004,4,1480,Primate__order,taxongroup_comment
8209,nsubj<conj>obl> ...,7,0.003,3,1480,Primate__order,taxongroup_comment
8210,nsubj<cop> be,7,0.001,10,1480,Primate__order,taxongroup_comment
8211,nsubj<det> a,7,0.001,3,1480,Primate__order,taxongroup_comment
8213,nsubj<mark> ...,7,0.001,1,1480,Primate__order,taxongroup_comment
8214,nsubj<mark> although,7,0.0,1,1480,Primate__order,taxongroup_comment
8216,nsubj<mark> if,7,0.0,1,1480,Primate__order,taxongroup_comment
8217,nsubj<mark> that,7,0.0,4,1480,Primate__order,taxongroup_comment
8218,nsubj<mark> while,7,0.0,1,1480,Primate__order,taxongroup_comment
8219,nsubj<nmod> ...,7,0.004,8,1480,Primate__order,taxongroup_comment
8220,nsubj<nmod>amod> ...,7,0.002,5,1480,Primate__order,taxongroup_comment
8221,nsubj<nmod>amod> great,7,0.002,2,1480,Primate__order,taxongroup_comment
8222,nsubj<nmod>amod> social,7,0.002,2,1480,Primate__order,taxongroup_comment
8224,nsubj<nmod>case> in,7,0.0,1,1480,Primate__order,taxongroup_comment
8225,nsubj<nmod>case> of,7,0.0,2,1480,Primate__order,taxongroup_comment
8226,nsubj<nmod>case> to,7,0.003,3,1480,Primate__order,taxongroup_comment
8227,nsubj<nmod>case> with,7,0.001,2,1480,Primate__order,taxongroup_comment
8229,nsubj<nmod>det> the,7,0.001,2,1480,Primate__order,taxongroup_comment
8230,nsubj<nmod>nmod:poss> ...,7,-0.0,1,1480,Primate__order,taxongroup_comment
8231,nsubj<obj> ...,7,0.001,12,1480,Primate__order,taxongroup_comment
8232,nsubj<obj> call,7,0.0,1,1480,Primate__order,taxongroup_comment
8234,nsubj<obj>acl> ...,7,0.0,1,1480,Primate__order,taxongroup_comment
8235,nsubj<obj>amod> ...,7,0.003,10,1480,Primate__order,taxongroup_comment
8236,nsubj<obj>amod> different,7,0.0,1,1480,Primate__order,taxongroup_comment
8237,nsubj<obj>compound> ...,7,-0.0,2,1480,Primate__order,taxongroup_comment
8239,nsubj<obj>conj> reaction,7,0.0,1,1480,Primate__order,taxongroup_comment
8240,nsubj<obj>det> ...,7,0.001,1,1480,Primate__order,taxongroup_comment
8241,nsubj<obj>det> a,7,0.002,5,1480,Primate__order,taxongroup_comment
8242,nsubj<obj>det> the,7,0.0,1,1480,Primate__order,taxongroup_comment
8243,nsubj<obj>nmod> ...,7,0.002,7,1480,Primate__order,taxongroup_comment
8244,nsubj<obj>nmod> range,7,0.0,1,1480,Primate__order,taxongroup_comment
8245,nsubj<obl:tmod> ...,7,0.0,1,1480,Primate__order,taxongroup_comment
8246,nsubj<obl> ...,7,-0.003,5,1480,Primate__order,taxongroup_comment
8250,nsubj<obl>acl> ...,7,-0.0,1,1480,Primate__order,taxongroup_comment
8252,nsubj<obl>amod> ...,7,-0.001,1,1480,Primate__order,taxongroup_comment
8253,nsubj<obl>case> ...,7,-0.001,1,1480,Primate__order,taxongroup_comment
8259,nsubj<obl>case> in,7,-0.001,2,1480,Primate__order,taxongroup_comment
8260,nsubj<obl>case> of,7,0.001,2,1480,Primate__order,taxongroup_comment
8261,nsubj<obl>case> on,7,0.0,1,1480,Primate__order,taxongroup_comment
8264,nsubj<obl>compound> ...,7,-0.0,1,1480,Primate__order,taxongroup_comment
8277,nsubj<parataxis> ...,7,0.0,1,1480,Primate__order,taxongroup_comment
8279,nsubj<xcomp> ...,7,0.003,6,1480,Primate__order,taxongroup_comment
8280,nsubj<xcomp> beg,7,0.0,1,1480,Primate__order,taxongroup_comment
8281,nsubj<xcomp>advmod> ...,7,0.001,2,1480,Primate__order,taxongroup_comment
8282,nsubj<xcomp>mark> to,7,0.003,7,1480,Primate__order,taxongroup_comment
8283,nsubj<xcomp>obj> ...,7,0.0,1,1480,Primate__order,taxongroup_comment
8284,nsubj<xcomp>obj> food,7,0.0,1,1480,Primate__order,taxongroup_comment
8285,nsubj<xcomp>obl> ...,7,0.003,5,1480,Primate__order,taxongroup_comment
8286,nsubj<xcomp>obl> person,7,0.0,1,1480,Primate__order,taxongroup_comment
8287,nsubj> ...,7,0.001,4,1480,Primate__order,taxongroup_comment
8288,nsubj> monkey,7,0.002,2,1480,Primate__order,taxongroup_comment
8289,nsubj>amod> ...,7,0.003,4,1480,Primate__order,taxongroup_comment
8290,nsubj>amod> only,7,0.0,1,1480,Primate__order,taxongroup_comment
8291,nsubj>det> the,7,0.002,4,1480,Primate__order,taxongroup_comment
8292,nummod> ...,7,0.001,4,1480,Primate__order,taxongroup_comment
8294,nummod> one,7,0.004,5,1480,Primate__order,taxongroup_comment
8295,nummod> two,7,0.002,3,1480,Primate__order,taxongroup_comment
8296,obj< ...,7,0.001,9,1480,Primate__order,taxongroup_comment
8299,obj< call,7,0.004,4,1480,Primate__order,taxongroup_comment
8301,obj< kill,7,0.0,1,1480,Primate__order,taxongroup_comment
8302,obj< make,7,0.0,1,1480,Primate__order,taxongroup_comment
8303,obj< protect,7,0.0,1,1480,Primate__order,taxongroup_comment
8305,obj< troglodyte,7,0.0,1,1480,Primate__order,taxongroup_comment
8309,obj<acl< ...,7,0.001,3,1480,Primate__order,taxongroup_comment
8310,obj<acl<det> ...,7,0.0,1,1480,Primate__order,taxongroup_comment
8311,obj<acl<det> the,7,0.001,2,1480,Primate__order,taxongroup_comment
8312,obj<acl<nsubj< ...,7,-0.0,1,1480,Primate__order,taxongroup_comment
8313,obj<advcl< ...,7,0.001,3,1480,Primate__order,taxongroup_comment
8314,obj<advcl> ...,7,0.003,4,1480,Primate__order,taxongroup_comment
8315,obj<advcl>mark> ...,7,0.002,3,1480,Primate__order,taxongroup_comment
8316,obj<advmod> ...,7,0.002,6,1480,Primate__order,taxongroup_comment
8317,obj<advmod> also,7,0.003,3,1480,Primate__order,taxongroup_comment
8318,obj<advmod> formerly,7,0.0,1,1480,Primate__order,taxongroup_comment
8322,obj<cc> and,7,0.0,1,1480,Primate__order,taxongroup_comment
8323,obj<ccomp< ...,7,-0.0,1,1480,Primate__order,taxongroup_comment
8325,obj<compound:prt> up,7,0.0,1,1480,Primate__order,taxongroup_comment
8326,obj<conj< ...,7,0.0,1,1480,Primate__order,taxongroup_comment
8331,obj<conj<nsubj> ...,7,0.001,1,1480,Primate__order,taxongroup_comment
8334,obj<conj> ...,7,-0.0,1,1480,Primate__order,taxongroup_comment
8337,obj<conj>cc> and,7,-0.0,1,1480,Primate__order,taxongroup_comment
8339,obj<mark> ...,7,-0.0,1,1480,Primate__order,taxongroup_comment
8341,obj<mark> to,7,0.0,2,1480,Primate__order,taxongroup_comment
8342,obj<nsubj> ...,7,-0.001,2,1480,Primate__order,taxongroup_comment
8343,obj<nsubj> farmer,7,0.002,2,1480,Primate__order,taxongroup_comment
8345,obj<nsubj> study,7,0.0,1,1480,Primate__order,taxongroup_comment
8347,obj<nsubj>amod> ...,7,0.0,2,1480,Primate__order,taxongroup_comment
8348,obj<nsubj>appos> ...,7,0.0,1,1480,Primate__order,taxongroup_comment
8349,obj<nsubj>det> a,7,0.0,1,1480,Primate__order,taxongroup_comment
8350,obj<nsubj>det> the,7,0.0,1,1480,Primate__order,taxongroup_comment
8351,obj<nsubj>flat> ...,7,0.004,5,1480,Primate__order,taxongroup_comment
8352,obj<nsubj>nummod> ...,7,0.0,1,1480,Primate__order,taxongroup_comment
8358,obj<parataxis< ...,7,0.0,1,1480,Primate__order,taxongroup_comment
8363,obj<parataxis> ...,7,0.003,3,1480,Primate__order,taxongroup_comment
8364,obj<parataxis>obl> ...,7,0.004,4,1480,Primate__order,taxongroup_comment
8365,obj<xcomp< ...,7,0.002,2,1480,Primate__order,taxongroup_comment
8367,obj<xcomp<aux:pass> be,7,0.0,1,1480,Primate__order,taxongroup_comment
8368,obj<xcomp<nsubj:pass> ...,7,0.001,1,1480,Primate__order,taxongroup_comment
8370,obl< ...,7,-0.001,13,1480,Primate__order,taxongroup_comment
8372,obl< compare,7,0.0,1,1480,Primate__order,taxongroup_comment
8373,obl< document,7,0.0,1,1480,Primate__order,taxongroup_comment
8374,obl< find,7,0.0,1,1480,Primate__order,taxongroup_comment
8376,obl< know,7,0.001,2,1480,Primate__order,taxongroup_comment
8378,obl<acl:relcl< ...,7,-0.0,1,1480,Primate__order,taxongroup_comment
8381,obl<acl:relcl<case> ...,7,0.0,1,1480,Primate__order,taxongroup_comment
8386,obl<acl:relcl<det> the,7,-0.0,1,1480,Primate__order,taxongroup_comment
8389,obl<acl:relcl<obl< ...,7,0.0,1,1480,Primate__order,taxongroup_comment
8391,obl<acl< ...,7,-0.0,1,1480,Primate__order,taxongroup_comment
8394,obl<acl<det> a,7,0.0,1,1480,Primate__order,taxongroup_comment
8395,obl<advcl< ...,7,-0.0,1,1480,Primate__order,taxongroup_comment
8404,obl<advcl> ...,7,0.0,2,1480,Primate__order,taxongroup_comment
8405,obl<advcl>mark> ...,7,0.0,1,1480,Primate__order,taxongroup_comment
8406,obl<advcl>mark> while,7,0.0,1,1480,Primate__order,taxongroup_comment
8407,obl<advcl>nsubj> ...,7,0.0,1,1480,Primate__order,taxongroup_comment
8408,obl<advcl>obj> ...,7,-0.0,1,1480,Primate__order,taxongroup_comment
8409,obl<advcl>obl> ...,7,0.0,1,1480,Primate__order,taxongroup_comment
8410,obl<advcl>obl> group,7,0.0,1,1480,Primate__order,taxongroup_comment
8411,obl<advmod> ...,7,-0.0,3,1480,Primate__order,taxongroup_comment
8412,obl<advmod> also,7,0.0,1,1480,Primate__order,taxongroup_comment
8413,obl<advmod> commonly,7,0.002,2,1480,Primate__order,taxongroup_comment
8415,obl<advmod> more,7,-0.0,1,1480,Primate__order,taxongroup_comment
8416,obl<advmod> not,7,-0.0,1,1480,Primate__order,taxongroup_comment
8418,obl<advmod> relative,7,0.0,1,1480,Primate__order,taxongroup_comment
8420,obl<amod< ...,7,0.0,1,1480,Primate__order,taxongroup_comment
8421,obl<aux:pass> ...,7,0.001,1,1480,Primate__order,taxongroup_comment
8422,obl<aux:pass> be,7,0.005,9,1480,Primate__order,taxongroup_comment
8426,obl<cc> and,7,0.002,3,1480,Primate__order,taxongroup_comment
8432,obl<conj< ...,7,0.001,3,1480,Primate__order,taxongroup_comment
8434,obl<conj<conj> ...,7,0.001,2,1480,Primate__order,taxongroup_comment
8436,obl<conj<nsubj> ...,7,0.001,2,1480,Primate__order,taxongroup_comment
8437,obl<conj<obj> ...,7,0.001,2,1480,Primate__order,taxongroup_comment
8438,obl<conj> ...,7,-0.001,1,1480,Primate__order,taxongroup_comment
8439,obl<conj>advmod> ...,7,0.0,1,1480,Primate__order,taxongroup_comment
8445,obl<conj>conj> ...,7,0.0,1,1480,Primate__order,taxongroup_comment
8450,obl<mark> when,7,0.0,1,1480,Primate__order,taxongroup_comment
8452,obl<nsubj:pass> ...,7,0.004,6,1480,Primate__order,taxongroup_comment
8453,obl<nsubj:pass> bonobo,7,0.003,3,1480,Primate__order,taxongroup_comment
8454,obl<nsubj:pass>det> ...,7,0.001,1,1480,Primate__order,taxongroup_comment
8455,obl<nsubj:pass>det> the,7,0.003,3,1480,Primate__order,taxongroup_comment
8456,obl<nsubj> ...,7,-0.001,2,1480,Primate__order,taxongroup_comment
8460,obl<nsubj> pattern,7,0.0,1,1480,Primate__order,taxongroup_comment
8465,obl<nsubj>det> a,7,0.0,1,1480,Primate__order,taxongroup_comment
8469,obl<obj> ...,7,-0.0,2,1480,Primate__order,taxongroup_comment
8470,obl<obj> that,7,0.0,1,1480,Primate__order,taxongroup_comment
8473,obl<obj>det> ...,7,0.001,1,1480,Primate__order,taxongroup_comment
8475,obl<obj>nmod> ...,7,0.001,2,1480,Primate__order,taxongroup_comment
8476,obl<obl> ...,7,0.0,3,1480,Primate__order,taxongroup_comment
8477,obl<obl>case> ...,7,0.0,1,1480,Primate__order,taxongroup_comment
8478,obl<obl>case> as,7,0.0,1,1480,Primate__order,taxongroup_comment
8479,obl<obl>case> by,7,0.0,1,1480,Primate__order,taxongroup_comment
8482,obl<obl>det> a,7,0.002,2,1480,Primate__order,taxongroup_comment
8484,obl<parataxis< ...,7,0.002,3,1480,Primate__order,taxongroup_comment
8490,obl>acl:relcl>conj> ...,7,0.003,3,1480,Primate__order,taxongroup_comment
8491,obl>case> ...,7,0.001,2,1480,Primate__order,taxongroup_comment
8492,parataxis> ...,7,0.0,1,1480,Primate__order,taxongroup_comment
8493,parataxis> find,7,0.0,1,1480,Primate__order,taxongroup_comment
8496,parataxis>nsubj> ...,7,0.0,1,1480,Primate__order,taxongroup_comment
8499,parataxis>obl> ...,7,-0.0,1,1480,Primate__order,taxongroup_comment
8501,parataxis>obl>case> in,7,0.0,1,1480,Primate__order,taxongroup_comment
8502,parataxis>obl>compound> ...,7,0.001,2,1480,Primate__order,taxongroup_comment
8503,parataxis>obl>conj> ...,7,0.003,7,1480,Primate__order,taxongroup_comment
