rel_role	token_id	0	1	2	3	4	5	6	7	8	9	10	11	12	13	14	15	16	17	18	19	20	21	22	23	24	25	26	27	28	29	30	31	32	33	34	35	36	37	38	39	40	41	42	43	44	45	46	47	48	49	50	51	52	53	54	55	56	57	58	59	60	61	62	63	64	65	66	67	68	69	70	71	72	73	74	75	76	77	78	79	80	81	82	83	84	85	86	87	88	89
free_topic	Ado-9717_49_sheep-5	0.0	0.0	0.0	0.0	-0.328	0.0	0.0	-0.262	0.0	0.0	0.0	0.043	0.168	0.0	0.0	0.0	0.0	0.0	0.0	-0.0	0.0	-0.202	-0.962	0.0	0.0	0.0	0.0	0.0	-0.028	-0.212	-0.866	0.0	-0.511	0.0	0.0	0.0	0.0	-0.251	-0.142	-0.129	-0.179	-0.544	0.0	0.0	0.0	0.0	-0.571	0.447	0.0	0.0	0.0	0.0	-0.104	0.0	-0.321	-0.438	0.111	0.0	0.0	0.0	0.0	0.0	-0.4	0.0	-0.603	-0.09	0.0	0.0	0.0	0.0	-0.478	0.078	0.0	0.152	0.0	0.0	0.0	0.0	0.0	0.0	-0.514	0.406	-0.404	0.0	0.0	0.0	0.0	0.0	-0.168	0.0
free_topic	Afr-0045_160_Bongo-7	0.0	0.052	0.829	0.0	0.0	0.116	-0.393	0.612	0.0	0.0	-0.529	-0.215	-0.073	-0.392	0.0	0.0	-0.84	-0.021	-0.307	-0.922	0.089	0.0	0.0	1.359	0.0	0.0	-0.666	0.0	1.108	-0.138	0.0	0.0	0.492	0.0	-0.018	-0.272	0.0	0.297	0.0	0.498	-0.551	0.0	-0.814	-0.517	0.255	0.275	0.206	-1.036	0.0	-0.428	-0.613	-0.947	0.0	0.128	-0.006	-0.091	-0.045	0.696	0.0	-0.223	0.0	-0.155	0.393	-0.485	0.058	0.0	0.0	0.188	0.212	0.0	-0.19	-0.166	0.0	0.0	-0.574	0.0	0.0	-0.269	0.0	0.0	-0.07	0.0	-0.051	0.0	0.481	0.0	-0.572	0.653	0.0	-1.074
free_topic	Afr-0045_46_cows-10	0.517	0.0	0.0	0.0	0.0	-0.054	0.0	0.214	-0.161	0.0	0.0	0.0	-0.335	0.0	0.027	-0.588	0.0	0.0	0.0	0.0	0.0	-0.36	-0.279	-0.533	0.0	0.0	0.042	0.0	0.0	0.183	-0.534	0.0	0.027	0.0	0.0	0.0	0.0	0.0	0.0	-0.014	-0.383	0.005	0.0	0.0	0.0	0.0	0.0	-0.309	0.0	-0.161	-0.588	-0.335	0.0	-0.204	-0.262	0.0	0.58	-0.901	0.0	0.0	0.0	-0.236	-0.722	-0.149	0.0	0.0	0.0	0.0	-0.161	0.0	0.0	0.215	0.0	0.0	0.0	-0.399	-0.534	0.0	-0.266	0.0	-0.401	-0.12	0.0	0.0	0.0	0.0	0.0	-0.161	0.0	0.0
free_topic	Afr-0045_60_cows-21	0.581	0.0	0.0	-0.636	0.604	-0.306	0.232	0.769	-0.49	-0.408	0.0	-0.061	0.0	0.0	-0.043	-0.595	0.0	-0.89	-1.139	0.33	-0.165	0.0	0.43	0.046	0.0	-0.184	0.0	0.0	0.232	-0.391	-0.558	-0.186	0.157	-0.101	-0.724	0.0	0.603	0.0	0.0	0.545	-0.001	0.0	-0.862	0.0	-0.631	-0.156	0.071	-0.343	-0.45	0.0	0.211	-0.299	-0.511	-0.006	-0.333	-0.551	-0.022	-0.324	0.0	0.476	0.207	0.176	-0.113	0.254	-0.476	-0.136	0.0	-0.318	0.121	0.785	0.212	0.33	-1.647	-2.518	0.092	-0.523	-1.049	0.0	-0.98	0.063	0.139	0.0	0.0	-1.021	-0.568	-0.351	-0.668	0.0	0.0	-0.315
free_topic	Afr-324e_104_Cows-1	0.0	0.28	0.0	0.0	-0.615	0.0	0.0	-0.696	0.0	-0.134	-0.371	-0.569	0.0	0.0	0.0	0.0	-0.748	0.0	-0.381	0.0	-0.203	0.0	0.0	0.0	0.0	0.0	0.0	-0.448	0.0	0.0	0.0	0.0	0.0	0.0	0.0	0.0	0.0	0.246	0.0	0.096	0.0	0.136	0.167	0.0	0.0	0.0	-0.671	-0.324	0.0	0.0	0.0	-0.06	0.0	0.0	-0.157	0.302	-0.418	0.0	0.0	-0.36	0.0	0.0	-0.16	0.0	0.0	0.0	0.0	0.0	0.0	0.0	0.0	-0.483	0.0	0.001	0.0	0.0	0.0	0.0	-0.355	0.0	0.0	0.0	0.0	0.0	0.0	0.0	0.0	0.0	-0.105	0.0
free_topic	Afr-324e_113_buffaloes-2	0.322	0.0	0.0	-0.294	-0.475	0.0	0.0	-0.302	-0.172	-0.199	0.0	0.0	0.0	0.0	-0.117	0.434	0.0	-0.102	0.0	0.0	0.0	0.0	0.0	0.0	0.009	0.0	0.081	0.0	-0.491	0.0	-0.334	-0.147	0.233	0.0	0.0	0.0	0.0	0.0	0.0	-0.485	0.521	-0.534	-0.127	0.0	0.0	-0.605	-0.426	-0.418	0.0	0.0	0.865	0.137	0.0	-0.464	0.144	0.0	-0.501	0.0	0.0	-0.074	0.0	0.0	0.0	0.0	0.0	0.0	0.0	0.305	-0.109	0.0	-0.304	-0.171	0.0	-0.133	0.356	-0.273	0.0	0.0	0.0	0.0	0.0	0.0	0.0	-0.274	-0.646	0.0	0.0	0.0	0.0	0.0
free_topic	Afr-324e_115_cow-6	0.032	0.0	0.0	0.0	-0.406	-0.66	-0.293	-0.402	0.0	0.123	-0.231	0.0	-0.162	-0.649	0.378	-0.619	-0.481	-0.806	-0.051	-0.04	-0.958	0.0	0.134	-0.145	0.0	-0.581	-0.438	-1.518	-0.129	0.0	-0.813	0.0	0.0	-0.495	-0.599	0.0	-1.132	0.874	-0.477	-0.363	0.353	0.0	-0.841	-0.828	-0.249	0.0	0.0	0.0	-1.653	-0.559	0.0	0.0	-0.558	-1.261	0.0	0.281	0.124	0.0	-0.497	-0.583	0.0	0.019	0.26	0.0	0.376	-0.414	0.0	-0.519	-0.239	0.0	-0.559	0.0	-0.332	0.036	0.0	0.0	0.0	0.0	0.0	-0.196	0.386	0.571	0.0	-0.345	0.096	0.0	0.153	0.0	-0.192	-0.239
free_topic	Afr-354e_10_buffalo-11	0.0	0.0	0.611	-0.302	-0.55	0.0	0.0	-1.301	-0.051	-1.094	0.014	0.0	0.0	-0.731	0.0	0.0	0.0	-0.199	0.0	0.0	0.0	-0.061	-0.133	-0.465	0.0	0.317	-0.256	0.093	0.0	0.0	-0.729	0.433	-0.874	-0.473	0.0	0.0	-0.841	0.0	0.0	-0.407	0.415	0.0	0.0	-0.061	-0.051	0.0	-0.95	0.0	-0.491	-0.07	0.157	-0.652	-0.601	0.0	-0.508	-0.223	-0.029	-0.493	-0.461	0.023	-0.073	-0.392	0.0	0.392	0.048	-0.697	-0.061	-0.568	-0.53	0.207	-0.006	-1.078	-0.057	-1.174	0.0	-0.018	-0.643	0.0	-0.366	0.0	0.0	0.0	-0.405	-0.329	-0.393	0.0	0.0	0.881	-0.794	0.0
free_topic	Afr-354e_11_buffalo-3	0.0	0.0	0.0	0.0	0.0	-1.679	0.0	0.0	0.0	-0.174	0.0	0.0	0.0	0.0	-0.66	0.0	-0.416	0.0	0.0	0.0	0.0	0.0	0.0	0.0	0.0	0.0	0.0	-0.011	-0.427	0.0	0.0	0.0	0.0	-0.089	0.0	0.0	0.0	0.121	0.0	0.345	0.0	0.0	0.0	0.0	0.0	0.0	-0.622	0.0	0.102	0.0	0.0	-0.134	0.0	0.0	0.0	-0.505	-0.737	0.0	0.0	-0.57	-0.612	0.0	0.0	0.0	0.0	0.0	0.0	0.0	0.0	0.451	0.0	-0.344	0.0	0.0	0.0	0.035	0.559	-0.067	0.0	-0.402	0.0	-0.228	0.0	-0.092	0.0	-0.535	0.0	-0.127	-0.049	0.0
free_topic	Afr-354e_1_buffalo-3	0.0	0.0	0.0	0.0	0.0	0.0	0.0	0.0	0.0	0.0	0.0	0.0	0.0	0.0	0.0	0.0	0.0	0.0	0.0	0.0	0.0	0.0	0.0	0.0	-0.305	0.0	0.0	0.0	0.141	0.0	0.0	0.0	0.0	0.0	0.0	0.0	0.008	0.0	0.0	0.0	0.0	0.0	0.0	0.0	-0.504	0.148	0.0	0.0	0.0	0.0	0.0	0.0	0.0	0.0	0.0	0.0	0.0	0.0	-0.292	0.0	0.0	0.0	0.0	0.0	0.0	0.0	0.0	-0.134	0.0	0.0	0.0	0.0	0.0	0.0	0.0	0.0	0.0	0.0	0.0	0.0	0.0	0.713	0.0	0.0	0.0	0.0	0.0	0.0	0.0	0.0
free_topic	Afr-354e_28_buffalo-8	0.74	0.0	0.0	0.0	0.0	0.186	0.24	0.0	0.0	0.0	0.0	-0.524	0.0	0.069	-0.229	-0.593	0.0	0.0	-0.359	0.0	0.0	-0.294	-1.76	0.0	1.067	0.226	0.0	0.0	0.0	-0.042	-0.464	-0.233	-0.197	-0.417	0.219	-0.011	0.0	0.0	0.0	0.261	-0.125	0.0	0.0	-0.483	0.399	-0.265	0.0	-0.076	0.0	0.0	0.0	0.799	0.024	-1.189	-0.913	0.0	0.444	0.0	0.0	0.0	0.213	0.0	-0.131	0.0	0.0	-0.122	0.0	0.089	0.0	0.0	0.0	0.068	-0.449	0.0	0.0	0.0	-0.426	0.0	0.0	0.0	-0.537	0.0	0.0	0.0	0.0	0.219	-0.043	0.0	0.0	-0.314
free_topic	Afr-354e_31_buffalo-15	0.0	0.552	-0.29	0.0	0.37	0.0	-0.429	-0.144	0.117	0.0	-0.213	-0.464	0.0	-0.649	0.452	0.0	-0.167	0.0	0.0	0.385	-1.149	0.0	0.0	0.046	0.0	-0.445	0.02	-0.36	0.0	0.0	-0.505	0.0	-0.046	-0.495	0.0	0.0	-0.026	0.0	0.0	-0.318	0.362	0.0	0.0	0.0	0.0	-0.033	0.0	0.0	0.0	0.0	0.066	0.0	-0.098	0.0	-1.028	-0.144	-0.343	0.0	-0.694	0.0	0.0	0.0	0.119	0.0	0.0	-0.308	-0.63	0.052	-0.239	0.352	0.0	0.0	-0.546	-0.687	0.0	-0.209	0.274	0.0	-0.007	-0.467	-0.347	0.0	0.0	-0.311	-0.393	-0.831	0.0	0.0	-0.192	-0.288
free_topic	Afr-3b7b_187_buffalo-4	-0.172	0.0	-0.381	-0.457	0.0	0.144	-0.41	-0.321	0.0	0.388	0.0	0.0	0.0	-0.392	-0.249	0.0	-0.116	0.0	0.0	0.391	0.0	-0.368	-0.617	0.0	0.747	-0.164	-0.551	0.0	0.0	-0.273	-0.476	0.0	-0.494	0.0	0.0	0.0	0.0	0.276	0.0	0.0	-0.778	0.0	0.225	-0.07	-0.534	0.521	-0.39	-0.338	0.0	0.152	-0.967	-0.588	-0.366	-1.602	-0.929	0.0	0.034	0.0	0.0	-0.249	0.0	0.0	0.0	0.0	0.0	0.0	0.0	0.427	0.0	-0.475	0.0	-0.231	0.0	0.0	0.0	0.0	-0.315	0.0	-0.577	0.0	-0.135	0.0	0.0	-0.523	0.0	-0.062	-0.178	0.0	0.0	0.0
free_topic	Afr-3b7b_189_buffalo-17	0.0	0.0	-0.183	0.0	-0.388	0.0	0.0	0.0	0.0	0.391	-0.621	0.0	0.0	0.0	0.0	0.0	-0.335	-0.033	0.0	0.0	0.0	0.0	-1.207	0.0	-0.094	0.0	0.0	-0.593	0.0	0.37	-0.59	0.0	-0.361	0.0	0.0	0.0	0.0	-0.236	0.0	0.0	0.0	0.0	0.0	0.0	0.0	0.0	0.234	0.0	0.381	0.0	0.516	-0.384	0.0	-0.414	0.0	0.0	-0.254	0.0	-0.343	-0.122	0.181	0.138	0.0	0.103	0.0	0.0	0.0	0.0	-0.795	-0.075	0.0	-0.055	0.244	0.0	-0.473	0.0	0.0	0.0	0.031	0.0	0.046	0.0	0.16	0.161	0.0	0.0	-0.349	0.0	0.0	0.0
free_topic	Afr-655f_71_Cows-1	0.157	0.05	-0.559	-0.406	-0.927	0.372	-0.708	-0.035	0.352	-0.221	-0.35	-0.385	-0.379	0.0	-0.744	0.134	0.0	0.129	0.477	0.374	-0.629	0.0	0.0	0.0	-0.627	-0.695	-1.515	-0.327	-0.762	0.138	-0.006	-0.35	0.0	0.516	-0.174	-0.228	-0.417	0.156	-0.245	0.936	1.161	-0.305	-0.395	0.0	-1.539	-0.055	0.108	0.0	-0.095	0.0	-0.157	-0.361	-0.445	-0.35	-0.427	-1.713	-1.028	-1.467	0.0	-0.572	0.621	0.205	-0.25	-0.24	-0.628	0.0	-0.609	-0.097	0.281	-0.006	-0.768	-1.41	0.003	-0.369	0.088	0.0	-0.058	0.198	0.0	0.0	-0.255	-0.129	0.0	0.464	-0.061	0.101	0.485	-0.411	0.0	-0.698
free_topic	Afr-655f_85_cows-12	0.0	-0.616	0.0	0.507	0.465	-0.565	-0.553	-0.462	0.0	0.0	-0.312	0.0	0.0	0.0	0.168	-0.105	-0.518	-1.573	-1.129	0.425	0.0	0.095	0.372	0.173	-0.135	-0.869	-0.028	-0.466	0.0	0.245	-0.742	-0.794	-0.022	-0.302	0.0	0.0	-0.708	-0.617	-0.378	0.0	0.0	0.0	0.45	-0.734	-1.148	0.0	0.552	-0.806	0.492	0.0	0.413	-0.533	-0.002	0.0	-0.29	0.165	-0.343	0.177	-0.744	0.228	0.0	-0.75	-0.302	-0.195	0.0	0.0	-0.491	0.013	0.0	0.0	0.0	-0.299	0.0	-0.687	-0.348	0.0	0.0	0.0	-0.171	0.0	0.0	0.433	0.238	-0.056	-0.502	-0.412	-0.394	-0.591	0.0	0.163
free_topic	Afr-655f_86_cow-9	0.0	0.0	0.801	0.0	-0.107	0.177	0.149	-0.325	0.0	-0.402	-0.759	0.0	0.134	-0.649	-0.156	0.433	-0.301	-0.569	-0.491	0.0	0.0	0.276	0.0	0.0	0.322	0.0	0.0	-0.029	0.136	0.0	-0.888	-0.41	-0.133	-0.444	0.0	-0.45	-0.357	-0.231	-0.151	-0.638	0.353	0.0	0.0	-0.178	-0.835	0.0	0.065	-0.392	0.647	-0.013	0.668	-1.22	-0.693	-0.347	0.095	-1.505	0.052	0.0	-0.777	-0.829	-0.677	-0.146	0.291	0.0	-0.098	-0.339	-0.348	-1.213	-0.212	0.0	0.0	-0.468	0.0	-0.368	0.005	-0.389	0.0	0.0	0.308	0.0	0.0	0.127	-0.006	-0.052	0.0	-0.2	0.0	-0.464	-0.192	0.401
free_topic	Afr-7494_111_cows-14	0.0	-0.106	0.515	0.245	-1.134	0.226	0.0	0.557	0.0	-0.132	0.0	0.0	-0.976	0.0	-0.449	0.0	-1.021	-0.586	-0.328	0.0	-0.971	0.0	-0.017	0.0	-0.915	0.0	-0.361	0.0	0.365	-0.403	-0.504	-0.684	-0.022	0.0	0.065	0.0	0.0	-0.149	0.0	0.245	0.0	-0.075	-0.525	-0.18	-0.659	0.267	0.16	0.0	-0.494	-0.013	0.451	-0.836	0.0	0.0	0.0	-0.145	0.0	-0.5	0.0	-0.349	0.1	0.0	0.298	0.0	0.0	-0.339	0.0	-0.159	-0.138	0.0	0.0	-0.364	-0.167	-0.184	0.0	0.366	-0.075	0.0	0.0	0.0	0.315	0.0	0.0	-0.254	0.0	0.0	0.0	0.0	0.513	0.094
free_topic	Afr-7494_112_cow-8	0.0	0.0	0.515	-0.157	-0.459	-0.524	-0.437	-0.325	0.0	-0.364	0.0	0.0	0.0	-0.649	-0.253	0.0	-0.538	-0.384	-0.448	0.0	-0.206	0.0	0.0	0.0	0.087	-0.291	-0.324	0.0	0.075	0.0	-0.185	-0.605	0.081	-0.495	0.0	0.0	-0.415	-0.319	-0.559	0.0	0.353	0.0	0.0	0.0	-0.646	0.0	-0.021	0.062	0.0	-0.013	0.159	-0.592	-0.098	0.0	0.21	0.222	0.0	-0.165	0.0	-0.269	-0.207	0.0	0.206	0.0	0.457	-0.339	0.0	-0.29	-0.377	0.0	0.0	-0.364	0.0	0.0	0.0	0.366	0.246	0.0	0.0	0.0	0.28	0.0	0.0	0.474	0.0	-0.458	0.0	0.0	-0.706	0.151
free_topic	Afr-7494_113_cow-10	-0.193	-0.138	0.753	0.0	-0.393	-0.935	0.0	-0.325	0.0	-0.253	-0.157	0.0	0.0	-0.649	0.0	-0.491	-0.013	0.0	-0.208	-0.057	0.0	0.206	0.0	0.862	0.366	-0.364	0.0	0.373	0.0	-0.353	-0.364	0.0	0.095	-0.495	-0.352	-0.339	0.0	0.0	0.28	0.0	0.353	0.0	0.0	0.0	0.0	0.0	0.0	0.0	0.0	0.121	0.0	0.0	-0.098	0.0	-0.105	0.324	-0.646	0.0	0.0	0.0	0.0	0.0	-0.29	-0.448	-0.324	-0.216	0.0	0.0	-0.624	-0.459	0.0	-0.84	0.0	0.0	0.0	0.193	0.177	0.0	0.0	0.0	0.0	0.0	0.0	0.0	0.0	0.0	0.0	0.0	-0.192	0.0
free_topic	Afr-7494_144_cows-4	-0.616	0.045	0.747	-0.21	0.0	-0.754	0.0	0.0	0.0	-0.174	-0.228	0.0	0.0	0.0	0.0	0.0	0.506	-0.036	0.0	0.0	-0.183	0.0	0.0	0.0	-0.184	0.103	-0.441	0.041	-0.489	0.0	0.0	-0.106	0.0	-0.403	0.0	0.0	-0.096	0.0	0.0	0.754	0.0	0.0	-0.213	0.0	-0.169	0.0	-0.622	0.0	-0.228	0.0	-0.008	0.05	0.0	0.0	0.0	-0.515	-0.174	0.0	0.0	-0.57	0.538	-0.337	-1.198	0.322	-0.473	0.338	0.0	0.0	0.0	0.0	0.0	-0.344	0.27	0.0	0.0	0.238	0.299	0.066	0.0	-0.292	0.0	0.402	-0.414	-0.305	-0.566	0.146	0.0	-0.306	0.0	0.0
free_topic	Afr-7494_147_cows-10	0.0	0.096	0.393	0.0	-0.865	0.0	-0.187	0.248	0.0	-0.148	0.0	0.0	0.0	-0.546	0.0	0.0	0.0	0.0	-0.436	0.0	0.0	-0.312	0.0	0.0	0.0	0.0	-0.463	0.0	0.0	0.0	-0.592	-0.516	-0.216	0.525	0.0	0.0	-0.083	0.0	0.0	0.0	-1.042	0.0	0.0	0.0	0.0	0.0	0.484	0.0	0.0	-0.07	0.0	0.155	0.114	0.0	0.0	-0.587	0.0	0.0	0.0	0.0	-0.236	0.0	0.013	0.0	0.0	-0.305	0.0	0.591	-0.363	-0.04	-0.052	-0.542	0.0	0.0	0.0	-0.018	-0.388	0.0	0.38	-0.108	0.0	0.0	-0.584	0.077	0.0	0.0	0.0	0.0	0.0	-0.408
free_topic	Afr3777_1_buffalo-2	0.0	0.0	0.0	0.0	0.0	0.0	0.0	0.0	0.0	0.0	0.0	0.0	0.0	0.0	0.0	0.0	0.0	-0.291	0.0	0.0	0.0	0.0	0.0	0.0	0.0	0.0	0.0	0.0	0.0	0.0	-0.716	0.0	-0.2	0.0	0.0	0.0	0.0	0.0	0.0	0.0	0.0	0.0	0.0	0.0	0.0	0.0	0.106	0.0	0.0	0.0	0.456	-0.269	0.0	0.0	0.0	0.0	0.0	0.0	0.0	0.015	0.0	0.0	0.0	0.0	0.0	0.0	0.0	0.0	0.0	0.0	0.0	0.0	0.0	0.0	0.0	0.0	0.0	0.0	0.0	0.0	0.0	0.0	0.0	0.267	0.0	0.0	0.0	0.0	0.0	0.0
free_topic	Afr3777_2_buffalo-5	0.0	0.0	0.393	0.0	-0.625	0.0	0.0	0.0	-0.183	-0.126	0.0	0.0	0.0	-0.192	0.0	0.0	0.0	0.0	0.0	0.0	0.0	0.0	0.0	0.0	0.0	0.0	0.0	0.0	0.0	0.0	0.0	0.0	-0.414	0.707	0.0	0.0	0.133	0.0	0.0	0.0	0.0	0.0	0.0	0.0	-0.094	0.0	0.0	0.0	0.0	-0.07	0.0	0.028	0.0	0.0	-0.621	-0.223	0.0	0.0	-0.473	0.0	-0.229	0.0	0.0	0.0	0.338	-0.534	0.103	0.0	-0.126	0.0	0.0	-0.542	0.0	0.0	0.0	-0.018	0.0	0.0	0.0	0.0	0.0	0.0	-0.564	0.0	0.0	0.0	0.0	0.0	0.0	0.0
free_topic	All-1529_12_cows-13	0.0	0.697	0.175	0.0	-0.393	-0.528	-1.212	-0.324	0.0	0.597	-0.678	0.0	0.0	-0.295	0.0	-0.396	-0.07	-0.186	0.0	-0.257	-0.741	0.0	0.0	0.393	-0.018	-0.34	0.0	0.201	0.0	-0.662	-0.542	0.0	-0.618	-0.234	-0.223	-0.817	0.0	-0.523	0.0	-0.337	0.0	0.0	-0.635	0.37	-0.313	0.0	0.0	-0.703	-0.006	0.121	0.0	-0.051	-0.347	0.0	0.802	0.035	0.0	0.072	0.0	0.0	0.0	-1.043	0.32	-0.099	0.0	-0.276	0.0	0.0	-0.385	-0.625	0.0	-0.144	0.308	0.031	-0.494	0.193	-0.226	0.0	0.0	0.0	0.0	0.0	0.0	0.0	0.0	0.0	0.0	0.0	0.0	0.0
free_topic	All-1529_13_cows-25	-0.006	0.083	0.965	0.011	-0.951	0.205	-0.198	-1.41	0.0	-0.039	0.0	0.0	-0.514	-0.534	-0.343	0.0	-1.572	-0.341	-0.379	0.347	0.203	0.064	-0.296	0.0	-0.178	0.0	0.298	-0.458	0.163	-0.508	0.0	-1.666	-0.217	-0.571	0.012	-0.159	-0.915	-0.459	0.589	-0.551	-0.323	0.0	-0.548	0.0	-0.915	0.0	0.0	-0.392	-0.577	-0.013	-0.671	-0.653	-0.438	0.078	0.0	-0.73	0.03	0.101	-0.681	0.0	-0.684	0.0	0.311	0.0	-0.229	-0.339	-0.212	-0.675	-0.328	0.0	0.0	-0.215	-0.565	-1.102	0.069	0.305	0.03	-0.032	0.308	-0.061	0.13	0.0	0.0	0.0	0.0	0.0	-0.523	-0.782	-0.045	-0.247
free_topic	All-1529_2_cows-13	0.124	-3.013	0.374	0.0	-0.393	-0.528	-0.3	0.0	-0.078	1.146	0.0	0.0	-0.825	0.0	0.41	-0.425	-0.005	-0.301	0.0	-0.151	0.005	0.0	0.0	0.152	-0.578	-1.269	0.0	0.201	0.0	-0.251	0.0	0.0	-0.618	0.0	0.0	0.0	0.0	0.0	0.0	0.0	0.0	0.0	1.85	0.0	-4.723	0.0	0.0	0.126	-0.346	0.121	-0.504	0.0	0.0	-0.402	0.083	0.035	0.0	-0.195	-0.728	0.0	0.0	0.0	0.0	-0.306	0.0	-0.216	0.0	-0.646	-0.385	0.0	-0.238	-0.144	0.0	0.0	0.0	0.357	-0.226	0.0	0.0	0.0	-0.731	0.348	0.0	-5.857	0.0	0.136	0.0	0.0	0.006	0.0
free_topic	All-1529_59_Cows-1	0.032	0.0	0.0	0.0	-0.12	-0.226	0.0	0.346	0.0	0.144	0.0	0.0	-0.209	-0.134	0.0	-0.37	-0.356	0.0	-0.266	0.147	-0.344	0.0	-0.477	0.0	-1.122	0.0	-0.524	-0.839	-0.502	0.0	0.0	0.077	0.0	0.0	-0.7	0.0	-0.271	-0.035	-0.477	0.0	0.0	0.0	0.028	0.0	0.0	0.0	0.156	0.0	0.0	0.0	0.0	0.369	-0.173	0.0	-0.19	0.0	0.0	0.0	0.271	0.0	0.0	0.0	0.0	0.0	-0.219	0.0	0.0	-0.498	0.0	0.0	-0.033	0.0	-0.834	0.0	0.0	-0.621	0.0	-0.446	0.0	0.0	0.259	0.0	0.0	-0.435	0.0	0.0	-0.131	0.305	0.0	0.0
free_topic	Ama-5ad6_47_cows-13	0.621	0.0	0.307	0.254	-0.289	0.0	-0.552	-2.0	-1.576	0.0	0.05	-0.55	0.086	-0.284	0.0	-0.378	-0.517	-0.276	-0.462	-0.4	0.036	0.334	0.146	-0.736	0.0	-0.109	0.273	0.286	0.0	0.392	0.013	-0.971	0.0	-0.59	-0.621	-0.298	-0.51	-0.308	-0.429	-0.247	0.0	-0.472	0.0	-0.451	-0.655	0.429	0.392	0.0	0.0	0.174	0.0	0.0	-0.001	-0.909	0.0	-0.552	-0.643	0.0	-0.765	0.538	-0.569	-0.259	-0.237	-0.302	-0.602	-0.745	-0.491	0.332	0.133	0.0	0.037	-0.504	0.0	-0.08	-0.154	0.103	0.0	0.0	-0.405	-0.188	0.0	0.0	0.0	0.0	-0.109	-0.726	-0.491	-0.337	0.0	0.555
free_topic	Amb-b5dc_49_sheep-16	-0.449	-0.052	0.753	0.0	-0.11	-0.631	-0.754	-0.273	-0.819	0.0	0.213	0.0	0.0	-0.14	0.091	-0.138	0.569	-0.364	0.0	-0.655	0.26	0.0	0.0	0.349	0.119	-0.041	0.0	0.131	0.0	-0.6	-0.578	0.167	-0.182	-0.163	-0.212	-0.306	-0.522	-0.414	0.0	0.088	0.0	-0.177	0.0	-0.235	-0.228	0.352	0.061	-0.366	-0.183	0.558	-0.046	-0.094	-0.112	-0.681	0.198	-0.066	-1.549	-0.115	-0.895	0.0	-0.453	-2.116	-0.256	-0.117	0.0	-0.216	0.0	-0.26	-0.385	-0.403	0.0	-0.144	0.338	0.0	-0.282	0.193	-0.079	0.0	0.0	0.0	0.695	0.0	0.0	0.0	-0.314	0.0	-0.006	-0.479	-0.65	0.339
free_topic	Ame-35ae_255_buffalo-12	0.0	0.0	0.0	0.0	0.0	-0.102	0.0	0.0	-0.19	-0.39	0.0	0.0	0.0	0.0	0.0	-0.196	-0.643	-0.439	-0.234	0.0	-0.061	-0.666	-0.61	0.0	0.239	0.0	0.0	0.0	-0.133	-0.417	-0.373	0.0	-0.655	0.0	0.0	0.0	0.0	0.0	0.0	0.0	-0.057	-0.39	0.0	0.0	-0.417	-0.065	0.0	0.003	-0.259	0.0	-0.663	0.0	0.0	-0.059	-0.059	-0.491	0.265	0.0	0.0	0.0	0.0	0.0	-0.863	0.0	-0.112	0.0	0.0	0.0	0.0	0.0	0.0	-0.388	0.0	-0.388	0.0	0.0	0.0	0.0	0.0	0.314	-0.234	0.0	0.265	0.0	0.0	-0.109	0.0	0.0	0.0	0.0
free_topic	Ame-35ae_357_sheep-18	0.0	-0.382	0.32	0.0	-1.151	0.0	-0.133	-0.643	-0.646	-0.134	0.0	0.0	0.0	-0.64	0.0	0.0	0.0	0.193	-0.908	-0.336	0.352	0.0	0.0	-0.082	0.0	-0.23	-0.013	-0.244	0.0	-0.508	-0.309	-0.468	-0.649	0.045	-0.301	0.188	-0.327	-0.162	0.0	-0.229	0.0	0.0	-0.385	-1.678	0.0	-0.208	0.392	0.0	0.0	-0.717	0.0	0.033	0.0	0.0	0.0	-1.598	-1.014	0.0	0.423	1.501	0.041	-0.687	0.0	0.292	-0.681	-0.112	-0.351	0.0	-0.658	0.0	-0.197	-0.19	0.17	0.0	-0.245	-0.502	0.0	0.0	-0.792	0.327	0.037	0.0	-0.388	0.0	-0.109	0.0	-0.18	0.0	0.0	0.0
free_topic	Ame-35ae_360_sheep-4	0.0	0.0	0.393	-0.48	-0.625	0.0	-0.133	-0.643	-0.363	0.096	-0.347	0.0	0.0	-0.577	0.0	0.0	0.0	0.163	-0.364	-0.006	0.0	0.139	0.0	-0.158	0.0	0.0	0.0	-0.511	-0.046	0.0	0.0	-0.755	0.0	0.174	0.0	-0.123	0.02	0.0	0.0	0.516	-0.742	0.0	0.0	-0.752	0.0	0.0	0.392	0.0	0.0	-0.07	0.0	0.341	0.0	0.0	0.0	-0.334	0.0	0.0	0.0	0.506	-0.299	-0.259	0.0	0.362	0.0	-0.305	-0.491	0.0	-0.327	0.0	0.176	-0.542	-0.185	0.0	-0.115	-0.018	0.0	0.0	-0.061	0.097	0.0	0.0	-0.249	0.0	-0.109	0.352	-0.694	0.0	0.0	0.0
free_topic	Ame-86f0_215_sheep-22	-0.287	-0.106	0.564	0.0	-0.496	-0.05	0.0	0.0	0.0	-0.277	0.0	0.0	0.0	-0.279	0.38	0.0	-0.729	-0.212	0.0	0.0	0.314	0.0	-0.083	0.0	-1.005	-0.128	0.045	0.0	0.0	-0.403	0.132	-0.309	0.0	0.0	0.617	0.083	0.0	0.094	-0.426	0.0	0.0	-0.162	-0.153	-0.488	0.192	0.0	-0.13	-0.688	0.0	-0.184	-0.205	0.472	0.266	0.0	0.0	-0.238	-0.077	0.0	0.0	0.0	-0.163	0.0	0.355	0.0	0.0	-0.896	0.0	-0.582	0.235	0.0	-0.115	-0.462	-0.119	-0.184	0.0	-0.106	-0.129	0.443	0.0	0.0	-0.847	-0.424	0.0	0.0	0.0	0.0	0.0	0.0	-0.117	0.541
free_topic	Ame-86f0_217_sheep-14	0.76	0.0	0.0	0.103	0.0	0.0	0.0	0.0	-0.271	0.0	0.0	0.0	0.0	-0.146	0.0	-0.026	0.0	0.617	0.0	-0.729	-0.564	0.0	0.0	-0.289	-0.199	-0.109	0.353	0.0	0.0	0.809	0.083	-0.259	0.0	-0.171	-0.695	0.497	0.0	0.0	-0.086	0.0	0.0	0.296	0.0	-0.188	0.315	-0.142	0.187	0.0	0.0	-0.161	0.0	-0.436	0.251	-0.481	0.0	-0.061	-0.643	-0.076	0.0	0.0	-0.117	0.0	0.146	-0.65	-0.559	0.0	0.0	0.0	0.0	0.0	0.0	0.0	-0.083	0.312	-0.093	0.0	-0.83	0.0	-0.723	0.006	-0.006	0.421	0.0	0.0	0.0	-0.133	-0.491	0.0	-0.002	-0.595
free_topic	Ame-d5c4_106_bison-2	0.0	0.0	0.0	0.0	0.0	0.0	0.0	0.0	0.0	0.0	0.0	0.0	0.0	0.0	0.0	0.0	0.0	0.0	0.0	0.0	0.0	0.0	0.0	0.0	0.0	0.0	0.0	0.0	0.0	0.0	0.0	0.0	0.0	0.0	0.0	0.0	0.0	0.0	0.0	0.0	0.0	0.0	0.0	0.0	0.0	0.0	0.0	0.0	0.0	0.0	0.0	0.0	0.0	0.0	0.0	0.0	0.0	0.0	0.0	0.0	0.0	0.0	0.0	0.0	0.0	0.0	0.0	0.0	0.0	0.0	0.0	0.0	0.0	0.0	0.0	0.0	0.0	0.0	0.0	0.0	0.0	0.0	0.0	0.0	0.0	0.0	0.0	0.0	0.0	0.0
free_topic	Ame-d5c4_109_bison-11	0.0	0.0	0.393	0.0	-0.625	0.0	-0.075	-0.14	0.445	-0.384	0.0	0.0	0.0	-0.678	0.0	0.0	-0.172	-0.123	-0.154	-0.315	-0.41	-0.33	-0.392	0.0	-0.061	0.0	-0.297	0.0	0.0	0.0	-0.638	-0.458	-0.764	0.186	0.0	-0.526	0.152	0.0	-0.051	-0.322	-0.377	0.0	0.0	0.0	0.043	0.0	0.442	0.0	0.0	-0.07	-0.673	-0.581	-0.35	0.0	-0.551	-1.865	0.0	0.0	-0.41	0.0	0.184	0.0	0.308	0.108	0.308	0.033	-0.061	0.0	-0.632	0.0	0.055	-0.542	-0.335	0.0	0.0	-0.018	-0.349	0.0	-0.074	0.312	0.0	-0.062	-0.517	0.0	0.0	0.0	0.0	0.0	0.039	0.0
free_topic	Ame-d5c4_115_bison-2	0.0	0.0	0.0	0.0	0.0	0.0	0.0	0.0	0.0	0.0	0.0	0.0	0.0	0.0	0.0	0.0	0.0	0.0	0.0	0.0	0.0	0.0	0.0	0.0	0.0	0.0	0.0	0.0	0.0	0.0	0.0	0.0	0.0	0.0	0.0	0.0	0.0	0.0	0.0	0.0	0.0	0.0	0.0	0.0	0.0	0.0	0.0	0.0	0.0	0.0	0.0	0.0	0.0	0.0	0.0	0.0	0.0	0.0	0.0	0.0	0.0	0.0	0.0	0.0	0.0	0.0	0.0	0.0	0.0	0.0	0.0	0.0	0.0	0.0	0.0	0.0	0.0	0.0	0.0	0.0	0.0	0.0	0.0	0.0	0.0	0.0	0.0	0.0	0.0	0.0
free_topic	Ame-d5c4_121_bison-2	0.0	0.0	0.0	0.0	0.0	0.0	0.0	0.0	0.0	0.0	0.0	0.0	0.0	0.0	0.0	0.0	0.0	0.0	0.0	0.0	0.0	0.0	0.0	0.0	0.0	0.0	0.0	0.0	0.0	0.0	0.0	0.0	0.0	0.0	0.0	0.0	0.0	0.0	0.0	0.0	0.0	0.0	0.0	0.0	0.0	0.0	0.0	0.0	0.0	0.0	0.0	0.0	0.0	0.0	0.0	0.0	0.0	0.0	0.0	0.0	0.0	0.0	0.0	0.0	0.0	0.0	0.0	0.0	0.0	0.0	0.0	0.0	0.0	0.0	0.0	0.0	0.0	0.0	0.0	0.0	0.0	0.0	0.0	0.0	0.0	0.0	0.0	0.0	0.0	0.0
free_topic	Ame48f4_18_bison-8	-0.023	0.0	-0.026	0.0	-0.625	-0.361	-0.248	0.0	0.255	-0.126	0.0	-0.006	0.0	-0.468	0.0	-0.188	0.0	-0.229	0.753	-0.041	0.0	-0.564	0.0	0.077	0.0	-0.561	0.0	-0.218	0.0	0.0	-0.439	-0.542	-0.342	0.606	-0.184	0.282	0.133	0.121	0.0	0.399	-0.567	0.0	0.863	-0.354	0.0	-0.277	0.0	0.241	0.0	-0.07	0.0	0.028	0.0	0.0	-0.79	-0.282	0.0	0.586	-0.404	0.0	-0.229	0.0	0.184	0.481	-0.581	-0.305	-1.006	0.0	-0.126	-0.367	0.066	-0.349	-0.402	0.0	-0.419	-0.113	0.0	-0.096	0.188	0.123	0.0	0.0	-0.564	0.0	-0.13	0.0	0.0	0.0	0.93	0.0
free_topic	Ame48f4_20_cow-6	0.0	-0.841	0.0	0.0	-0.3	0.0	0.0	-0.325	0.0	0.0	0.0	0.0	0.0	-0.649	0.563	-0.393	0.0	-0.185	0.0	-0.077	0.0	-0.024	0.0	0.746	0.0	-0.328	0.0	-0.537	0.0	0.236	-0.639	0.0	0.0	-0.495	0.0	0.0	0.0	0.761	0.0	0.0	0.353	0.0	0.0	0.0	0.0	0.0	0.0	0.0	0.571	0.0	0.0	0.0	-0.098	0.0	0.0	-0.12	0.0	-0.116	0.0	0.0	0.0	-0.099	0.196	0.0	0.0	0.0	0.0	0.0	-0.239	-0.15	0.0	0.0	0.0	0.0	0.0	0.0	0.0	0.0	0.0	0.0	0.0	0.528	-0.332	0.0	0.0	-0.559	0.0	-0.196	-0.192	-0.301
free_topic	Ani-2170_407_sheep-22	0.56	-0.315	0.0	-0.315	-0.476	0.0	0.0	-0.813	-0.028	-0.436	0.0	0.0	0.167	0.0	0.47	-0.351	0.0	2.887	0.0	-2.89	-0.324	0.531	0.103	-0.801	0.0	0.0	0.0	0.0	0.0	0.0	-0.83	0.0	0.866	-0.496	0.0	0.0	0.0	-0.053	-0.508	0.0	-0.046	0.0	0.0	-0.421	-0.488	-0.046	-0.843	0.0	0.052	0.443	0.338	0.0	0.097	-0.195	-0.169	0.0	0.0	-0.183	0.0	0.0	-0.289	0.0	-0.288	0.352	-0.778	-0.621	0.0	0.0	0.0	-1.196	-0.577	0.0	0.283	-0.284	-0.589	-0.564	0.0	0.0	-1.688	0.0	-0.379	0.331	-0.094	-0.543	0.0	0.0	0.0	0.0	0.0	-0.173
free_topic	Ani-ab87_90_springbok-8	-0.126	0.0	0.393	0.0	-0.625	0.0	0.0	-0.566	0.0	-0.347	0.0	0.0	0.0	-0.662	-0.014	0.0	0.0	0.0	-0.625	0.0	0.116	0.0	-0.035	0.0	-0.312	0.0	0.0	0.355	-0.011	0.0	0.0	-0.542	0.0	-0.107	0.0	-1.232	-0.017	-0.275	0.0	-0.413	0.477	0.0	0.0	0.0	0.0	0.0	0.649	-0.258	0.0	0.021	-1.223	-0.091	-0.05	0.0	0.0	-0.223	0.0	-0.223	0.0	0.0	-0.086	0.0	-0.305	-2.002	0.0	-0.305	-0.324	0.0	-0.867	0.0	0.0	-1.628	-0.07	-0.376	0.0	-0.018	0.0	0.0	0.0	0.393	0.0	0.0	1.527	0.0	0.0	0.0	-1.051	0.0	-0.006	0.0
free_topic	Ant-1261_10_bovids-10	0.273	-0.952	0.861	-0.291	-1.131	0.0	-0.53	-0.096	1.047	-0.213	-1.252	-0.932	0.0	-0.272	-1.771	-0.927	0.0	-0.554	0.0	0.0	-0.076	0.066	-0.224	-0.22	-0.001	-0.982	0.282	0.245	-0.67	0.0	-0.925	0.0	0.486	0.078	-1.163	0.0	0.0	-1.311	-0.64	0.284	0.0	-0.43	-0.405	-0.186	-0.391	0.351	-0.45	-0.836	-0.14	-0.435	-0.235	-0.848	-1.003	0.0	0.234	-0.574	0.052	-1.024	-1.166	-0.464	0.0	-0.171	0.69	-0.164	0.0	-0.945	-0.427	-1.196	-0.373	0.0	-0.617	-0.759	0.0	0.0	0.0	-0.813	0.076	-0.399	0.0	-1.02	-0.65	-0.512	-0.006	-0.198	0.0	0.058	0.0	0.0	-0.503	0.23
free_topic	Ant-1261_14_sheep-30	0.596	-0.061	-0.229	0.0	-0.507	0.0	-0.265	0.536	0.044	0.352	0.0	-0.347	0.16	0.093	-0.006	-0.739	-0.392	1.627	0.0	-2.058	0.0	0.0	0.0	0.0	0.0	-0.008	0.573	0.433	0.0	0.392	-0.574	-0.259	0.392	-0.445	0.0	-0.046	0.0	-0.061	-0.133	0.0	0.0	0.123	-0.984	0.0	-0.108	-0.117	-0.06	0.0	0.0	0.0	0.0	0.0	0.0	0.0	-0.109	0.066	-0.643	0.0	0.052	0.0	-0.645	0.0	-0.775	-0.924	-0.729	0.0	-0.629	-0.491	-1.458	-1.071	0.0	0.0	0.572	-0.309	-0.284	0.0	0.0	0.0	-1.329	0.0	-0.147	0.0	0.115	0.0	0.0	-0.133	-0.491	0.447	0.0	0.0
free_topic	Ant-1261_19_bovids-18	0.032	0.023	0.393	0.0	-1.354	-0.412	-0.329	-0.094	0.0	-0.247	-0.438	0.0	0.0	-0.55	0.0	-0.37	-0.757	0.0	-0.152	-0.04	0.187	-0.5	0.016	-0.108	0.0	-0.457	0.0	-0.67	0.21	0.0	-0.455	0.0	-0.172	-0.515	-0.665	0.0	-0.449	0.383	-0.477	0.0	-0.094	-0.523	-0.084	-0.312	0.0	0.0	0.0	0.025	0.218	-0.07	-0.061	-0.629	-0.05	0.0	0.0	-1.064	0.0	0.0	-0.588	-0.441	-0.315	0.0	0.0	0.0	0.0	-0.305	0.0	-0.446	-0.934	0.308	0.399	-0.542	-0.57	0.0	0.0	-0.024	0.0	0.0	0.0	0.088	0.369	-0.644	-0.477	0.0	0.841	0.0	0.0	0.0	-0.557	0.0
free_topic	Ant-1261_9_bovids-7	0.0	0.0	0.393	0.0	-1.166	-0.569	0.025	-0.91	0.0	-0.347	0.0	0.0	0.0	-0.619	-0.173	0.0	0.0	0.0	0.129	0.0	0.0	-0.652	0.0	-0.035	0.0	0.0	0.0	0.0	0.0	0.0	0.0	0.0	0.05	-0.107	0.0	0.0	-0.275	0.0	0.0	-0.098	-0.323	0.0	0.0	0.0	0.0	0.0	0.0	-0.263	0.06	-0.023	-0.36	0.278	-0.05	-0.404	0.0	-0.927	0.0	0.0	0.0	0.0	-0.086	0.0	0.0	-0.032	0.0	-0.305	0.0	0.0	-0.629	0.0	0.0	-0.542	-0.393	0.0	-0.338	-0.018	0.0	0.0	0.0	0.0	0.0	0.0	-0.632	0.0	0.0	0.0	0.0	0.0	-0.006	0.0
free_topic	Ant-44b4_527_Buffalo-1	0.0	0.0	0.0	0.803	0.309	0.0	-0.085	0.0	0.0	0.0	0.0	0.0	0.0	0.0	0.0	0.0	0.0	-0.275	0.0	0.0	0.143	0.0	0.0	0.0	0.0	-0.058	0.0	-0.768	0.0	0.0	0.0	0.0	0.0	-0.789	0.0	0.0	1.276	0.0	0.0	0.0	0.0	0.0	0.0	0.0	0.0	0.0	0.0	0.0	0.0	0.0	0.0	-0.606	0.0	0.0	0.0	0.0	0.999	0.0	0.0	0.0	0.0	0.0	0.0	0.0	0.0	0.0	0.0	0.0	0.0	0.0	0.0	0.0	0.0	0.0	0.057	0.0	0.0	0.0	-0.227	0.0	0.0	0.0	0.0	0.0	0.0	0.0	1.382	0.0	0.0	0.0
free_topic	Ant-7402_140_cow-28	0.0	0.0	0.0	0.0	0.0	0.338	0.0	0.0	0.0	0.0	0.0	0.0	0.0	0.0	0.0	-0.473	0.0	0.0	0.0	0.0	0.0	-0.263	-0.138	-0.414	0.376	0.0	0.0	0.0	0.018	0.313	-0.621	0.0	0.0	0.0	0.0	0.0	0.0	-0.094	-0.153	0.0	0.031	0.0	0.186	0.0	0.0	-0.115	0.0	0.0	0.0	0.555	0.0	-0.559	0.0	0.0	-0.581	-0.494	0.572	0.0	-0.228	0.0	-0.183	-0.256	0.0	0.0	0.0	-0.079	0.0	0.0	0.0	0.0	-0.152	-0.059	0.0	-0.076	0.0	-0.517	0.0	0.0	0.0	0.0	-0.381	0.0	-0.696	0.0	0.0	0.0	0.0	0.0	0.0	0.0
free_topic	Ant6c3c_53_sheep-11	0.276	0.0	0.159	0.0	-0.255	-0.62	-0.183	-0.253	0.0	0.066	0.0	-0.508	-0.189	-0.146	-0.02	-0.047	0.0	0.139	0.0	-0.495	-0.134	-0.515	-0.315	0.221	0.0	0.0	0.075	-0.784	0.0	-0.574	0.0	-0.006	0.364	0.0	0.251	-0.394	-0.469	-0.001	-0.646	-0.245	-0.452	0.244	0.404	-0.473	0.0	0.778	0.0	-1.774	0.009	-0.508	-0.522	0.443	-1.095	-0.552	-0.439	-0.251	-0.375	-1.432	0.0	-0.534	-0.38	-0.458	0.0	0.0	0.0	0.0	0.0	0.0	0.07	-0.22	0.0	0.341	0.0	-0.088	0.0	-0.441	-0.069	0.0	0.103	0.083	-0.483	0.0	-0.473	0.0	-0.162	0.0	0.0	0.0	0.0	0.0
free_topic	Ant6c3c_54_sheep-3	-0.172	-0.676	0.0	0.0	0.397	0.0	0.0	-0.242	0.0	0.0	0.0	0.0	0.0	0.0	0.0	0.076	0.0	0.287	0.0	0.0	0.0	-0.515	-0.557	-0.195	0.4	0.0	0.0	0.0	0.283	0.323	0.0	0.0	0.0	0.0	0.0	0.0	-0.345	0.0	-0.55	0.0	-0.593	0.0	0.477	0.0	0.0	0.0	0.0	0.0	0.0	-0.129	0.0	0.0	0.0	0.0	-0.401	-0.313	-0.166	0.0	0.0	0.0	0.356	0.0	0.0	0.0	0.0	0.0	0.0	0.0	0.0	0.0	0.205	0.216	-0.51	-0.369	0.0	0.0	0.0	0.0	0.0	0.0	0.186	0.0	0.021	0.0	-0.563	0.0	0.0	0.0	0.0	0.0
free_topic	Aph-1a7e_188_sheep-13	0.0	0.004	0.753	0.0	-0.578	-0.637	0.0	0.0	0.0	0.0	0.0	0.0	0.0	-0.019	0.0	0.038	-0.184	0.0	0.0	0.0	0.0	0.0	0.0	0.412	-0.106	0.0	0.0	0.38	0.0	0.091	-0.578	0.0	-0.402	0.0	-0.212	-0.306	0.0	0.0	0.0	0.0	0.0	0.0	0.0	-0.029	0.0	0.0	0.0	0.0	0.0	-0.4	0.0	0.0	0.0	0.0	-0.099	-0.267	0.0	0.0	0.091	0.0	0.0	0.0	-0.479	0.0	0.0	-0.216	0.0	0.0	-0.106	-0.403	-0.755	-0.144	0.0	0.0	0.0	0.193	-0.494	0.336	0.695	-0.043	0.0	0.0	0.0	0.061	0.0	-0.117	0.0	0.41	0.0	0.0
free_topic	Aphe0a9_6_cows-18	0.0	-0.344	-0.618	0.0	-0.461	0.0	-0.608	-0.266	-0.527	-0.327	0.0	0.0	0.0	0.046	-0.284	-0.582	0.0	0.0	-0.3	-0.977	0.15	-0.159	0.0	0.265	-0.022	-0.74	-0.028	0.0	-0.771	-0.151	0.0	-0.305	-0.29	0.469	0.0	-0.604	0.343	0.052	-0.306	-1.365	0.0	0.496	0.0	-0.128	-0.908	-0.27	-0.394	-1.065	0.0	1.104	-0.965	0.009	0.0	-0.016	-0.502	-0.189	-0.748	-0.029	-0.147	0.0	-1.44	0.0	-0.155	0.115	-2.135	-1.804	0.146	-0.813	-0.633	-0.377	-0.752	-0.246	0.11	-0.533	0.0	0.0	-0.006	0.0	-0.294	0.101	0.105	0.175	-0.353	0.0	-0.927	0.0	0.0	-0.543	-0.2	0.0
free_topic	Aqu-83c9_145_cow-2	-0.124	0.0	0.0	0.0	0.0	-0.523	-0.11	0.0	0.0	0.0	-0.249	0.0	0.0	0.0	0.0	-0.051	0.0	0.34	0.0	0.0	0.0	-0.297	-0.83	0.0	0.277	0.081	0.0	0.0	0.0	-0.246	0.0	-0.427	0.0	-0.787	0.0	0.0	-0.289	0.0	0.25	0.0	-0.071	0.0	0.0	-0.41	0.0	-0.773	0.0	-0.551	0.0	0.0	0.0	0.0	0.0	0.0	-0.221	0.0	0.176	0.0	0.0	0.0	0.174	-0.144	0.0	0.0	0.0	-0.227	0.0	0.0	0.0	0.0	0.0	-0.399	0.0	0.0	-0.363	0.0	0.0	0.0	-0.509	0.0	-0.284	0.0	-0.392	0.0	0.0	-0.352	0.0	0.0	0.0	0.0
free_topic	Ara-619a_8_sheep-22	0.0	-0.735	0.743	0.0	-0.283	0.0	0.0	0.0	0.0	-0.363	-0.811	0.0	0.0	0.0	-0.124	0.0	0.0	0.05	0.139	-0.015	-0.021	-0.064	0.0	0.0	0.314	-0.016	-0.649	0.0	0.0	0.0	-0.669	0.0	0.0	-0.167	0.313	-0.31	-0.202	-0.111	0.0	-0.088	0.0	0.0	0.0	0.0	-0.787	0.0	0.0	0.0	-0.496	-0.865	-0.249	-0.196	-0.517	0.117	-0.102	-0.723	0.052	-0.386	-0.046	-0.48	0.0	0.0	0.277	0.0	0.0	-0.257	-0.574	-0.611	0.138	0.0	0.0	-0.246	0.0	0.0	0.0	-0.398	-0.19	0.0	0.0	0.0	0.0	0.0	-0.006	-1.062	0.0	-0.209	0.0	0.248	-0.389	0.25
free_topic	Arc-4c1c_45_cow-12	0.0	0.0	0.0	0.0	0.008	-0.271	0.0	-0.325	0.0	0.0	-0.058	0.0	0.0	-0.649	-0.094	0.0	-0.311	0.0	0.45	-0.37	0.081	0.0	0.0	0.0	0.0	-0.386	-0.326	-1.234	0.0	0.247	-0.546	0.0	0.0	-0.495	-0.523	0.0	0.0	0.0	-0.298	-0.201	0.353	0.0	0.717	0.0	0.622	0.0	-0.482	0.009	0.414	0.0	-0.898	0.0	-0.098	0.0	0.0	-0.627	0.0	0.0	0.455	0.0	0.0	0.0	0.296	-0.251	0.0	-0.487	-0.579	-0.533	-0.239	0.0	0.0	-0.282	-0.444	-0.616	0.022	0.401	0.0	0.0	0.0	0.0	0.0	0.0	-0.047	0.0	0.0	0.11	-0.699	-0.017	-0.192	-0.195
free_topic	Arc-b4f2_133_Buffalo-1	0.0	0.0	0.0	0.0	0.0	0.0	0.383	0.0	0.0	0.0	0.0	0.0	0.0	0.0	0.0	0.0	0.0	0.0	0.0	0.0	0.0	0.0	-0.189	0.0	0.0	0.0	-0.334	0.0	0.0	0.0	0.0	0.0	0.0	0.0	-0.563	0.0	0.0	0.0	0.0	0.346	0.0	0.0	0.0	0.0	0.0	0.0	0.0	0.0	0.0	0.0	0.0	0.0	0.0	0.0	0.0	0.0	0.0	0.0	0.0	0.0	0.0	0.0	0.0	0.0	0.0	0.0	0.0	0.0	0.0	0.0	0.0	0.0	0.0	0.0	0.0	0.151	0.0	0.0	0.0	0.0	0.0	0.0	0.347	0.0	0.356	0.0	0.0	0.0	0.0	0.0
free_topic	Arg-817f_104_sheep-6	-0.395	-0.051	-0.294	-0.467	0.0	0.162	0.187	0.0	0.0	0.272	-1.05	-0.779	-0.544	0.0	-0.486	-0.563	-0.515	-1.758	-0.249	-0.239	0.0	-0.41	-0.569	-0.299	0.0	-0.128	0.0	0.0	0.0	-0.117	-0.392	0.308	-0.04	0.305	-0.251	-0.101	0.4	-0.392	-0.444	0.0	0.086	0.0	0.0	-0.059	-0.459	0.0	-0.532	0.0	0.0	0.0	0.385	-1.174	0.533	0.0	0.0	-0.047	-0.848	0.577	0.266	-0.223	-0.362	0.0	0.596	-0.217	0.0	0.0	-0.061	-0.694	-0.006	0.0	0.0	-0.628	0.0	0.081	0.235	-0.366	0.0	0.057	0.0	-0.554	-0.112	0.0	-0.078	-0.406	-0.48	-0.469	0.0	0.0	0.0	0.0
free_topic	Arg-817f_109_sheep-20	0.829	0.0	0.0	0.103	0.278	-0.617	0.0	0.0	0.23	-0.839	0.0	0.0	0.0	0.0	0.109	0.0	0.0	0.0	0.0	0.0	-0.564	0.369	0.0	-0.289	0.0	-0.109	0.0	0.0	0.0	0.392	0.27	-0.259	0.0	-0.805	0.0	0.0	0.0	0.25	-0.412	0.0	-0.231	0.0	-0.263	0.304	-1.047	-0.155	-0.09	0.0	0.438	-0.125	0.0	0.0	0.0	-0.183	0.0	-0.061	-0.643	0.0	0.0	0.0	-0.494	0.0	0.133	0.885	-0.365	0.0	0.0	0.0	0.0	-0.228	0.0	-1.176	0.0	0.074	0.0	-0.59	0.18	0.0	-0.57	0.0	-0.586	0.421	0.0	-0.508	0.0	-0.133	-0.491	0.0	0.0	-0.065
free_topic	Arg-817f_10_sheep-2	0.322	-0.375	-0.485	-0.572	-0.052	-1.154	0.168	-1.11	0.401	0.431	0.331	0.0	-0.53	0.096	-0.51	-1.462	0.443	-0.046	0.433	0.122	-0.24	0.0	-2.029	-0.016	-0.329	-1.527	-0.205	-0.073	-0.504	-0.599	-0.46	0.246	0.862	-0.274	0.46	-0.019	0.063	0.0	-0.293	-0.704	-0.564	-0.472	0.234	0.0	0.0	-0.839	-0.826	-1.298	-0.162	-0.359	-0.667	-0.506	-1.774	-0.539	0.095	-0.493	-1.498	-0.001	-0.749	-0.347	-0.727	-0.206	0.098	-0.414	0.686	-0.526	-1.34	0.666	-1.023	-0.367	0.928	-0.51	-1.076	0.139	-0.167	-1.104	0.053	0.0	0.366	0.0	-0.176	0.0	0.138	-0.464	-0.381	-0.511	-0.36	-0.478	-0.644	-0.182
free_topic	Arg-817f_113_sheep-7	-0.03	0.0	0.559	0.0	0.115	0.0	-0.229	-0.103	0.0	-0.052	0.0	0.201	0.0	0.265	-0.485	-0.065	0.0	0.201	0.0	0.709	0.033	0.0	0.0	-0.016	0.0	0.225	0.0	0.032	0.0	-0.111	0.078	0.0	0.0	1.207	0.0	-0.2	0.158	0.002	0.0	-0.306	0.0	0.0	-0.106	0.0	0.5	0.0	-0.502	0.0	0.708	-0.282	-0.017	0.354	0.0	-0.499	0.154	-0.223	-0.137	0.022	0.0	0.0	0.004	0.0	-0.26	-0.699	0.0	-0.305	0.0	0.3	-0.266	-0.442	-0.403	-0.353	-0.181	0.144	-0.011	-0.018	0.0	0.0	0.0	0.0	-0.379	-0.375	-0.505	0.0	-0.324	0.0	0.19	0.0	0.32	-0.364
free_topic	Arg-817f_11_sheep-15	0.573	-0.139	0.022	-0.362	-0.547	0.0	-0.57	-0.392	-0.448	0.23	-0.005	-0.179	0.0	0.0	0.0	-0.006	-0.173	0.0	0.0	0.0	-0.542	0.0	-0.302	-1.322	0.0	-0.029	0.0	-0.57	0.0	0.447	-0.213	-0.598	0.0	-0.402	-0.622	0.0	-0.027	-0.556	-0.428	0.0	0.0	0.0	0.0	-0.523	0.0	-0.694	0.768	0.369	-0.305	0.195	0.034	0.538	0.06	-0.171	0.126	-0.805	-0.601	-0.058	0.0	0.0	-0.47	0.0	-0.961	-0.394	-0.629	-0.551	-1.135	-0.623	0.0	0.114	0.0	-0.185	0.0	-0.272	0.141	-0.486	0.0	0.0	-0.305	0.0	0.0	0.643	-0.051	0.0	0.0	-0.268	-0.268	0.0	0.0	0.0
free_topic	Argaf7f_4_sheep-7	0.0	-0.253	-0.06	0.078	-0.046	-0.235	-0.714	-0.643	0.0	0.139	-0.478	0.0	-0.165	0.0	-0.036	-0.197	-0.515	-2.038	-0.731	0.042	-0.317	-0.41	-0.171	-0.299	-1.164	-0.684	-0.105	-0.267	-0.292	0.0	-0.098	-0.159	0.23	-0.193	-0.31	0.278	-0.6	-0.373	-0.046	-0.207	-0.06	-0.152	-1.503	-0.441	-0.655	0.352	-1.26	-0.914	0.0	-0.694	0.385	-0.416	0.217	-0.058	-0.507	0.0	-0.635	-0.693	0.292	-0.238	-0.378	-0.534	0.653	0.18	-0.505	0.0	-0.916	0.0	0.0	0.0	-0.691	-0.316	-0.278	0.0	0.235	-0.347	0.0	-0.182	-0.379	0.0	-0.2	0.0	0.0	-0.406	-0.109	-0.469	0.196	0.0	0.0	0.0
free_topic	Art-6267_10_sheep-31	0.371	-0.414	0.0	0.0	-0.953	0.0	0.0	0.0	-0.259	0.0	0.0	0.0	0.094	0.0	0.0	-2.262	0.0	4.472	-0.633	-5.752	0.0	0.0	0.0	0.0	0.0	0.0	0.0	0.0	0.0	0.0	-0.51	0.0	0.392	0.065	0.0	0.0	0.0	0.0	-0.133	0.0	0.0	0.0	0.0	0.0	-0.062	-0.282	-0.501	0.0	0.0	0.0	0.0	0.0	0.0	0.0	-0.109	0.469	0.0	0.0	0.0	0.0	-3.006	0.0	0.218	0.0	-0.735	0.106	0.0	0.0	0.0	-0.643	0.0	0.0	0.324	0.003	1.738	-0.801	0.0	-0.287	-3.853	0.142	0.0	0.0	0.0	0.0	0.0	0.0	0.0	0.0	0.183	-0.315
free_topic	Art-6267_137_bovids-2	0.0	0.0	0.0	0.144	-0.258	-0.261	-0.607	-0.566	0.352	0.239	-0.06	0.0	0.0	-0.534	-0.524	-0.535	0.0	0.0	0.0	0.245	0.0	0.0	0.0	0.0	0.0	-0.855	0.0	-0.436	0.0	-0.347	-0.006	0.0	0.0	-0.608	-0.098	0.0	0.0	0.0	0.0	0.787	0.298	0.0	0.0	0.0	0.0	0.052	-0.621	0.0	0.0	0.0	0.073	-0.405	-0.05	0.0	-0.198	0.0	0.096	0.0	-0.405	-0.387	-0.312	0.14	-0.005	0.0	0.0	0.0	0.0	0.0	-0.38	0.0	0.0	-1.014	0.0	0.0	0.427	0.0	-0.676	0.0	0.253	0.0	-0.528	0.0	0.0	-0.7	0.0	0.0	0.196	-0.166	-0.006	-0.204
free_topic	Art-6267_138_sheep-6	0.669	-0.061	0.0	-0.078	-0.302	0.0	-0.353	0.0	-0.153	0.0	0.0	0.0	0.0	0.0	0.0	-0.431	0.0	0.965	0.0	-1.416	0.0	-0.198	0.0	0.0	-0.057	0.0	0.0	-0.479	0.0	-0.046	-0.574	0.0	0.538	-0.001	-0.001	0.0	0.0	0.0	-0.133	-0.315	0.0	0.0	0.295	0.0	0.0	-0.117	-0.852	0.0	0.0	0.0	0.0	0.234	-0.779	0.0	-0.109	-0.604	0.0	0.0	0.0	0.0	-0.439	0.0	0.187	-0.217	-0.729	0.181	0.0	0.0	0.0	-0.986	0.0	0.0	0.147	-0.026	0.296	0.0	0.0	0.0	-0.358	-0.692	0.0	0.0	0.0	-0.456	0.0	0.0	0.0	0.0	-0.284	0.0
free_topic	Art-6267_150_bovines-14	0.0	0.0	0.393	-0.48	-0.853	0.0	0.0	0.392	-0.006	-0.629	-0.347	0.0	0.0	-0.018	0.0	0.0	-0.62	-0.264	0.0	0.0	0.123	0.04	0.0	-0.308	-0.231	0.0	0.0	-0.444	-0.303	-0.443	0.0	-0.643	-0.523	0.04	0.0	-0.178	-0.404	-0.283	0.0	0.164	-0.653	0.0	0.0	0.0	-0.486	0.0	0.0	-0.302	0.02	-0.07	0.0	0.025	0.0	0.0	-0.551	-0.195	0.0	0.0	-0.41	0.0	-0.263	0.0	-0.18	0.331	0.308	-1.3	-0.905	0.0	-0.386	-0.491	0.0	-0.542	0.0	-0.32	-0.39	-0.018	0.0	0.0	0.0	0.0	0.0	0.0	-0.652	-0.129	0.0	0.352	-0.953	0.0	-0.643	0.198
free_topic	Asi-8957_273_cow-5	-0.163	0.0	0.753	-0.799	-0.655	-0.706	-0.328	-0.06	0.0	0.0	-0.569	0.0	0.0	0.0	0.0	-0.068	-0.534	0.0	0.0	0.0	0.0	0.06	0.0	0.0	0.0	0.0	0.0	0.556	0.0	-0.791	-0.344	0.0	-0.248	-0.631	-0.224	-0.296	0.0	0.0	0.0	0.0	0.0	0.0	0.0	0.0	0.0	0.0	0.0	0.369	0.0	-0.024	0.0	-0.183	0.0	-0.27	-0.107	-0.09	0.0	0.0	0.0	-0.227	0.0	0.0	-0.52	0.0	-0.663	-0.812	0.0	0.262	-0.385	0.256	-0.012	-0.502	0.0	0.0	0.0	0.193	-0.355	0.0	0.0	-0.263	-0.621	0.0	0.0	0.0	0.244	0.0	0.0	0.043	0.0	0.0
free_topic	Asi-f65e_118_cow-37	-0.217	-0.185	0.447	0.0	0.153	0.166	-0.536	0.378	0.0	-0.392	0.0	-0.027	-0.377	-0.507	-0.125	0.0	-0.414	-0.383	-0.625	0.798	-0.022	-0.448	0.0	-0.002	0.63	-0.163	0.0	0.011	-0.356	-0.014	-0.195	0.145	0.156	-0.057	-0.094	-0.009	-0.01	-0.466	0.0	-0.339	0.207	0.0	0.366	-0.198	-1.115	-0.127	0.242	-0.091	0.0	-0.944	0.641	-0.505	-0.098	0.0	-0.186	-0.162	-1.742	-0.855	-0.551	-1.118	-0.237	0.0	-0.779	-0.593	0.0	-0.359	0.027	-0.232	-0.834	-0.188	-0.459	-0.803	0.584	-1.53	0.0	0.168	-1.062	-0.423	0.026	0.393	0.398	0.426	-0.222	-0.254	-0.359	0.053	-0.69	-0.028	-0.3	0.0
free_topic	Asi-f65e_127_cows-11	0.0	0.0	0.718	0.0	-0.871	0.0	0.0	0.0	0.0	-0.108	-0.255	0.0	0.0	-0.516	0.0	0.0	0.0	0.109	0.355	0.0	0.0	0.0	0.0	0.172	-0.565	0.0	0.0	0.0	0.0	-0.508	-0.54	0.0	-0.301	0.441	0.0	0.0	-0.13	-0.596	0.0	0.275	0.0	0.0	0.0	0.0	0.0	0.0	0.078	0.0	0.0	-0.623	0.249	-0.285	0.0	0.033	0.0	-0.677	-0.469	0.0	0.0	-0.087	-0.267	-0.428	0.0	0.0	0.0	-0.469	0.0	0.0	-0.317	0.0	0.0	-0.428	0.0	0.0	-0.241	0.083	0.0	0.0	0.0	0.0	0.0	0.0	-0.28	0.48	0.0	0.0	0.0	0.0	0.0	0.0
free_topic	Asi-f65e_160_cow-10	0.276	-0.527	0.572	-0.381	0.003	-0.427	-0.016	-0.566	0.0	-0.813	0.0	0.0	0.0	-0.473	-0.491	-0.021	0.084	-0.405	-0.156	0.0	-0.52	0.129	0.0	0.0	-0.309	-0.109	-0.796	0.0	-0.117	-0.314	-0.608	0.083	-0.552	-1.586	0.0	0.0	0.0	0.0	0.392	0.834	0.073	0.0	-0.694	-0.141	-0.263	-0.921	-0.464	0.0	0.033	0.0	0.352	0.322	-0.248	-1.143	0.0	-0.418	-0.138	0.0	0.0	-0.605	-0.203	-0.138	-0.428	0.0	0.0	0.0	0.007	0.0	-0.761	0.0	-0.006	-0.305	-0.68	-0.27	-0.046	0.858	-0.311	-0.188	0.0	-0.347	0.0	0.0	0.0	0.139	0.0	0.313	0.0	-0.861	0.441	-0.125
free_topic	Asi28cc_10_cows-7	-0.121	0.045	0.942	-0.004	0.0	-0.559	-0.133	-0.942	0.0	-0.246	0.0	0.0	0.0	0.0	0.0	0.0	-0.058	-0.016	-0.528	-0.445	0.0	0.0	0.0	-0.249	-0.132	0.0	-0.605	0.027	0.0	-0.077	0.0	-0.106	-0.308	-1.185	0.0	0.0	0.0	0.0	0.0	0.248	0.0	0.0	0.0	-0.14	-0.321	0.0	-0.157	-0.444	-0.074	0.0	0.0	-0.655	-1.183	0.0	0.0	0.0	-0.045	0.301	0.0	0.234	0.564	-0.502	-0.578	-1.009	0.0	0.0	-0.491	0.0	-0.401	0.0	-0.347	-0.401	-1.021	-0.178	0.0	0.0	0.0	-0.101	-0.061	0.0	0.0	0.0	0.0	-0.59	-0.109	0.028	0.0	-0.306	0.0	0.0
free_topic	Aur-c4ea_120_cow-4	0.0	0.045	0.614	-0.332	0.526	0.0	0.0	-0.843	0.0	-0.512	0.0	0.0	0.0	-0.534	0.0	0.0	0.0	-0.498	0.0	0.0	0.0	0.0	0.0	-0.604	-0.184	0.0	0.012	0.0	0.0	0.0	-0.008	-0.106	-0.097	-0.801	0.0	0.0	-0.048	0.0	0.0	0.499	0.313	0.0	0.0	0.0	-0.653	0.0	0.107	0.0	0.0	0.0	0.396	-0.399	-0.05	0.0	0.393	0.0	-0.519	0.0	0.0	-0.633	0.564	-0.096	-0.578	0.0	0.0	0.0	0.0	0.0	-0.38	0.0	0.0	-0.855	-0.813	-0.462	0.0	0.0	0.0	0.0	0.0	0.186	0.0	0.0	0.0	0.024	-0.294	-0.246	0.0	-0.306	-0.006	0.042
free_topic	Aur-c4ea_13_cattle-7	-1.212	0.0	0.443	0.062	-1.153	0.0	-1.087	-0.566	0.0	-0.304	-0.39	0.615	0.0	-0.526	-0.911	0.0	-1.045	-0.545	0.0	1.045	-0.074	0.0	0.0	0.0	0.0	-0.379	0.0	-0.274	0.0	0.0	-0.767	0.325	-0.237	-1.231	-0.102	-0.367	0.646	-0.301	-0.265	-0.612	-0.106	0.0	0.225	0.0	-1.102	0.0	-0.215	-0.096	0.0	-0.734	-0.043	0.027	-0.151	0.0	-0.711	-0.255	-2.419	0.16	-0.122	-0.359	-0.755	-0.083	-1.493	0.0	0.035	-0.469	0.0	0.0	-1.106	-0.896	-0.806	0.701	0.0	0.0	0.503	0.139	0.0	0.003	0.11	0.729	0.103	0.0	-0.605	0.0	0.0	0.0	-0.051	0.0	-0.006	0.0
free_topic	Aur-c4ea_14_cattle-7	0.786	0.0	0.0	0.103	0.22	0.0	0.0	0.0	-0.462	-0.189	0.0	0.0	0.0	0.0	0.0	0.0	0.0	-0.52	0.0	0.0	-0.564	0.0	0.0	-0.289	0.0	-0.109	0.0	0.0	0.0	0.392	-0.374	-0.259	0.114	0.024	0.0	0.0	0.0	-0.109	-0.637	0.344	0.0	0.0	0.0	0.0	0.0	-0.352	-0.231	-0.531	0.0	0.592	0.383	-0.412	0.0	0.24	0.0	-0.061	-0.643	0.0	0.0	-0.518	-0.245	0.0	0.065	-0.302	-0.294	0.0	0.0	0.0	0.0	0.0	-0.443	-0.249	0.0	-0.011	0.0	0.0	0.0	0.0	-0.57	0.0	0.0	0.421	0.0	-0.24	0.0	-0.133	-0.491	0.0	0.0	0.0
free_topic	Aur263f_10_cows-2	-0.363	0.434	0.0	-0.306	-1.155	0.0	0.0	-0.986	-0.464	-0.353	-0.682	0.0	-0.428	-0.534	-0.161	0.234	-0.33	0.0	-0.605	0.039	-0.006	0.0	-0.578	-0.039	0.183	-0.061	0.23	0.084	-0.734	0.0	0.0	0.123	0.0	-0.398	0.0	0.0	0.0	0.42	0.0	-1.181	1.359	-0.217	-0.284	0.0	0.0	-0.714	-0.431	-1.542	0.0	-0.138	0.0	-0.724	-0.05	-0.713	0.458	-0.126	-0.873	0.572	0.0	-0.41	-0.564	0.0	-0.551	-0.051	-0.684	-0.207	0.0	0.146	-0.998	-0.381	-0.53	-0.419	0.0	0.189	1.021	-0.107	-0.263	-0.229	-0.147	0.0	0.0	0.0	-1.01	-0.192	-0.512	0.083	0.0	-0.418	-0.434	0.0
free_topic	Aur263f_5_Cattle-7	0.685	0.0	0.0	0.0	0.0	-1.127	-0.417	0.0	0.244	0.0	0.308	-0.523	-0.52	0.0	0.0	-0.051	0.0	0.0	0.0	0.0	0.0	-0.327	-0.633	-0.244	0.0	0.0	0.383	0.0	0.0	-0.287	0.138	0.0	0.16	0.0	0.0	0.0	0.0	-0.051	0.0	-0.014	0.142	-0.268	0.0	-0.41	0.0	0.0	0.0	-0.461	-0.061	-0.075	-0.349	0.0	0.0	0.29	-0.353	0.0	0.469	-0.901	0.0	0.0	0.0	-0.236	-0.399	0.261	0.0	0.0	0.0	0.0	0.0	0.0	0.0	0.491	0.0	0.0	0.0	-0.593	0.0	-0.006	-0.698	0.0	0.106	-0.044	-0.392	0.0	0.0	0.0	0.0	0.0	0.0	0.0
free_topic	Aur263f_6_cows-10	0.058	-0.551	0.337	0.0	-0.347	0.027	-0.228	-0.649	-0.208	-0.421	0.073	-0.094	-0.507	-0.144	0.269	-0.969	-0.345	-0.546	-0.316	-0.556	0.0	-0.257	0.466	-0.202	-0.198	-1.306	0.0	-0.473	0.49	0.0	-0.8	-0.295	0.087	-0.398	-0.76	0.0	-0.024	0.531	-0.845	0.0	-0.676	-0.277	-0.683	-1.22	0.0	-0.352	0.154	0.0	-0.589	-0.641	0.258	-0.338	0.344	-0.624	0.0	-0.05	-0.48	-0.486	-0.486	-0.977	-0.136	-0.117	-0.717	-0.17	0.0	0.0	-0.048	-0.032	-1.397	0.212	0.0	-0.347	0.187	-0.004	0.0	-0.523	0.0	0.258	0.0	0.173	0.107	0.0	0.0	-0.12	0.183	0.0	0.348	0.0	-0.006	-0.014
free_topic	Aur263f_9_cows-30	-0.985	0.201	0.386	0.437	-0.243	-0.516	0.0	-0.677	0.355	0.0	0.0	0.074	-0.299	-0.496	0.166	-0.283	-0.68	-1.645	-0.507	0.0	0.0	-0.589	0.0	-0.154	0.433	-0.705	-0.764	-0.761	-0.124	-0.617	-0.466	0.416	-0.035	-0.398	-0.658	-0.41	-0.413	0.586	-0.15	-0.237	0.298	0.0	-0.042	0.0	-0.229	-0.434	0.0	0.132	0.18	-0.492	0.0	0.0	-1.189	-0.219	0.0	-1.383	-0.491	0.0	-0.573	-0.429	-1.419	-0.234	0.348	0.0	-0.301	0.0	-0.138	-0.32	-0.303	0.0	0.0	0.018	-0.044	-0.334	-0.167	0.0	0.0	-0.061	0.0	-0.692	0.0	0.0	0.41	0.0	-0.757	0.0	0.0	-0.141	-0.415	0.105
free_topic	Bab-06fc_47_sheep-12	0.0	0.217	0.447	-1.177	-0.511	0.0	-0.133	-0.643	-0.295	0.073	-0.514	0.0	-0.006	0.0	-0.518	0.0	0.396	-0.607	-0.683	-0.629	0.0	0.0	0.0	-0.489	0.0	0.0	0.0	-0.232	0.0	-0.061	-0.103	0.0	0.0	-0.891	0.0	-0.109	-0.454	0.189	-0.033	0.0	0.392	0.0	0.0	-1.47	-0.721	-0.786	0.392	0.11	0.16	-0.165	-0.113	0.0	-0.011	0.0	0.0	-0.162	-0.454	0.0	0.012	1.086	-0.858	0.283	0.033	0.0	-0.768	-0.359	-0.491	-0.134	-0.295	0.0	0.0	-0.438	0.0	0.0	0.0	-0.077	0.0	0.0	-0.061	-0.393	0.0	0.0	0.615	-0.259	0.253	-0.057	0.0	-0.079	0.0	0.347
free_topic	Bad-5841_83_bovine-25	0.733	0.0	0.0	-0.298	0.0	-0.605	-0.41	0.0	0.334	0.501	0.308	-0.523	0.078	0.0	0.0	0.0	0.0	0.0	0.0	0.0	0.0	-0.39	-0.88	-0.291	0.0	0.0	0.251	0.0	0.0	0.064	-0.324	0.0	0.122	0.0	0.0	0.0	0.0	-0.051	0.0	-0.014	-0.07	0.03	0.0	0.0	0.0	0.0	0.0	0.09	-0.061	-0.322	-0.157	0.0	0.0	-0.028	0.149	0.0	0.004	-0.901	0.0	0.0	0.0	-0.318	-0.63	-0.001	0.0	0.0	0.544	0.0	0.0	0.0	0.0	0.202	0.0	0.0	0.0	-0.735	0.0	-0.006	-0.534	0.0	-0.039	-0.283	0.0	0.0	0.0	0.0	0.0	-0.118	0.0	0.0
free_topic	Bar-b361_219_cows-7	0.51	-2.26	0.443	0.0	-0.77	0.0	-0.554	0.0	-0.527	-0.426	-0.099	-0.207	-0.102	-0.905	-1.852	-0.279	0.156	0.0	-0.654	0.0	0.0	-0.473	-0.433	-0.384	0.443	-0.372	0.131	0.0	0.0	0.0	-0.061	0.0	0.356	-0.219	0.356	0.0	-0.112	-0.804	-0.698	0.102	0.0	-0.196	0.0	-0.988	-1.791	0.686	0.0	-0.617	-0.52	-1.062	-0.566	0.084	-0.638	-0.444	-0.053	-1.317	0.314	-1.054	-0.36	-0.495	0.0	0.0	0.291	0.0	0.0	-0.469	-0.442	-0.252	-0.571	0.0	-0.262	-0.325	0.0	0.0	0.0	-0.153	0.148	0.0	0.0	0.271	0.0	0.0	0.0	0.0	-0.183	0.0	0.0	0.0	-0.714	0.884
free_topic	Bea-3721_179_bovids-19	0.75	0.0	0.0	-0.748	0.095	0.0	-0.513	0.0	-0.38	0.072	0.0	-0.069	0.0	0.0	0.0	0.0	-0.208	0.0	0.0	0.408	-0.19	0.0	0.0	-0.863	0.0	-0.109	0.0	0.0	0.0	0.638	0.02	-0.259	0.0	-0.343	-0.477	0.0	-0.19	-0.24	-0.536	0.0	0.0	0.0	0.0	0.0	0.0	-0.821	-0.728	0.542	-0.287	0.015	-0.304	0.0	0.003	0.117	0.0	-0.061	-0.643	0.0	0.0	0.0	-0.991	0.0	-0.339	-0.302	-0.477	0.0	0.0	-0.514	0.0	0.003	0.0	0.0	0.005	-0.459	0.0	0.0	0.0	0.0	-0.412	0.0	0.0	0.314	0.0	0.0	0.0	-0.133	-0.491	0.0	0.0	0.0
free_topic	Beee550_23_cow-18	0.375	0.0	-0.484	0.0	0.0	0.567	0.0	0.0	-0.093	-0.144	0.0	0.0	0.319	-0.732	0.0	0.0	0.0	-0.368	0.501	0.952	0.0	-0.031	-0.634	0.0	0.208	-0.039	-0.179	0.0	0.0	0.318	0.414	-0.282	-0.381	-0.127	0.0	0.0	0.0	0.0	-0.233	0.411	-0.582	-0.347	0.0	-0.479	-0.421	0.791	0.841	-0.569	0.0	0.0	-0.396	-0.501	0.0	-0.594	-1.087	0.0	-0.192	-0.635	0.0	-0.198	0.0	-0.169	0.0	0.0	-0.48	0.0	-0.247	-0.53	0.0	-0.814	0.159	-0.178	0.0	0.0	0.0	0.0	0.0	-0.006	0.058	0.0	-0.47	0.0	-0.062	0.0	0.137	0.0	0.0	0.0	0.0	0.0
free_topic	Bha03bc_2_sheep-3	-0.263	0.0	0.0	0.0	-0.266	-0.344	0.146	0.0	0.0	-0.533	0.0	0.0	-0.364	0.0	-0.155	-0.176	-0.569	0.0	0.034	-0.324	0.0	0.0	-0.032	-0.7	-0.663	0.0	-0.355	-0.417	-0.477	-0.311	-0.093	0.347	0.0	0.0	-0.343	0.091	-0.112	0.397	-0.553	0.0	-0.417	-0.42	-0.036	0.0	0.0	0.352	0.212	-0.257	0.0	-0.776	0.0	0.0	-0.91	0.0	-0.253	-0.368	-0.646	-0.624	0.448	0.699	0.0	-0.822	0.0	0.0	-0.484	0.0	0.0	-0.319	0.0	0.363	-0.615	0.0	-0.799	0.0	-0.233	-0.347	0.0	0.0	0.0	-0.764	0.369	0.0	0.0	-0.234	0.0	0.0	0.055	0.206	0.0	0.0
free_topic	Bha03bc_4_sheep-8	0.147	0.251	0.728	0.0	-0.33	0.0	-0.073	-0.943	0.0	-1.233	0.0	-0.37	0.0	-0.667	0.008	0.0	0.0	0.023	-0.364	0.134	-0.458	0.0	-0.344	0.225	-0.477	0.0	0.0	-0.211	0.0	0.0	0.0	-0.569	0.0	-0.882	0.0	0.0	-0.099	-0.41	0.0	0.0	0.295	0.0	0.0	-1.422	-0.469	0.123	0.392	0.0	0.0	-0.134	-0.534	0.0	-0.139	0.064	0.0	-0.366	0.0	0.0	0.0	0.506	-0.173	-0.259	-0.015	0.0	0.0	-0.443	-1.201	-0.201	-0.168	0.0	0.0	-0.537	0.0	0.0	0.0	-0.254	0.0	0.0	-0.061	0.0	0.0	0.0	0.0	0.0	-0.109	0.0	0.0	0.0	0.171	0.386
free_topic	Bha03bc_5_sheep-14	0.0	0.0	0.0	0.0	-0.178	0.0	0.0	-0.344	0.0	-0.54	-0.74	0.0	0.219	0.0	0.0	0.06	0.0	0.0	0.0	0.0	0.0	-0.181	0.0	0.089	-0.276	-0.71	0.0	0.0	0.0	0.0	0.0	0.064	0.0	0.0	0.0	-0.585	-0.621	0.0	0.0	0.0	-0.247	0.369	0.0	0.0	0.086	0.0	0.294	-0.127	0.39	0.0	0.0	0.0	0.0	0.0	-0.035	0.117	-0.378	0.332	0.0	-0.52	-0.155	0.0	0.0	0.0	0.0	0.0	0.0	0.0	0.0	0.0	-0.508	-0.293	0.0	-0.372	0.0	0.0	-0.56	0.0	0.0	0.0	0.0	0.0	-0.292	0.0	0.0	-0.884	0.0	0.0	-0.032	-0.62
free_topic	Big-0af3_102_sheep-2	0.0	0.0	0.0	0.0	0.147	0.225	-0.736	0.0	-0.182	0.0	0.0	0.0	0.0	0.0	0.0	0.0	0.0	-0.204	-0.147	0.0	0.0	0.0	0.0	-0.387	-0.036	0.468	0.0	-0.014	0.339	0.0	-0.365	-0.045	0.096	0.342	0.0	0.0	0.0	0.0	-0.563	0.0	0.0	0.0	0.0	0.0	0.0	0.0	0.015	0.0	0.0	0.0	0.848	0.132	0.0	0.0	0.0	0.0	-0.243	0.0	0.0	-0.128	0.0	0.0	0.0	-0.151	0.0	0.0	0.0	0.0	-0.164	0.0	0.0	0.0	-0.787	0.0	0.373	0.0	0.0	-0.107	0.121	0.0	0.0	0.0	0.0	-0.251	0.0	0.0	0.217	-0.598	0.0	0.0
free_topic	Big-0af3_103_sheep-2	0.121	0.0	0.0	0.0	0.0	0.0	-1.337	0.0	0.0	0.373	-0.585	0.0	0.0	0.0	-0.244	0.0	0.086	-0.204	0.0	0.0	-0.378	0.0	0.0	0.0	0.0	0.0	0.0	0.217	0.0	0.0	-0.365	0.0	0.096	0.0	0.0	0.0	0.0	0.0	0.23	0.225	-0.147	0.0	0.332	0.0	0.468	0.0	0.015	-0.247	0.0	0.0	0.848	0.132	0.0	0.0	0.147	0.0	0.0	0.0	-0.243	-0.128	0.0	0.0	0.0	0.0	0.0	0.342	0.0	0.0	-0.328	0.0	0.0	0.0	0.0	-0.045	0.0	0.0	0.0	0.0	0.0	0.0	-0.035	0.0	0.0	-0.987	0.0	0.0	0.0	0.0	-0.107	0.0
free_topic	Big-0af3_105_sheep-2	0.059	0.0	0.115	0.0	-0.136	-0.051	0.0	0.0	-0.489	-0.648	-0.188	0.0	-0.154	0.0	0.302	0.052	0.0	-1.484	0.052	0.184	-0.643	0.0	0.0	0.0	0.687	0.246	0.0	0.0	0.0	0.308	-0.034	0.0	0.096	-0.551	-0.408	-0.053	0.0	-1.018	-0.006	-1.482	-0.48	0.0	-0.459	-0.006	0.6	0.0	0.015	0.535	-0.286	0.0	0.848	-0.44	-0.968	0.0	0.0	0.0	0.0	0.0	0.0	-0.128	0.182	1.181	-0.325	-0.283	-1.039	0.244	0.0	-0.069	0.0	0.199	-0.27	-0.347	0.0	0.0	0.0	0.0	-0.315	0.0	-0.199	0.76	0.0	0.075	-0.392	-0.251	0.0	-0.287	0.352	0.0	-0.123	0.0
free_topic	Big-0af3_109_sheep-8	0.0	-0.112	0.438	0.0	0.057	0.099	-0.52	-0.566	-0.958	-0.224	0.0	0.383	0.0	-0.282	0.092	0.0	0.0	0.296	0.0	-0.37	0.0	-0.061	-0.02	-0.015	0.093	0.0	0.374	0.0	-0.002	0.0	-0.306	0.287	-1.244	-0.398	-0.156	0.0	-0.308	0.548	0.094	-0.381	-0.245	0.0	0.0	0.0	-0.728	0.0	-0.295	0.0	0.0	-0.184	-0.852	0.067	-1.143	0.0	0.0	-0.86	-0.212	0.354	0.343	-0.223	0.222	-0.392	0.283	-0.243	-0.458	-0.306	-1.103	-0.541	-0.983	0.495	-0.006	-1.024	-0.042	-0.523	0.0	0.248	0.0	0.0	-0.569	0.0	0.372	0.0	0.0	0.0	0.0	-0.382	0.0	0.489	-0.006	0.739
free_topic	Bigbd4e_1_sheep-2	0.0	-0.71	0.0	-0.649	0.0	-1.176	-0.65	0.0	0.332	-0.065	0.229	0.0	0.0	0.0	0.0	-0.961	0.0	-0.204	0.0	0.244	0.0	0.0	0.0	0.0	0.0	-1.017	0.0	0.0	0.0	-0.347	-0.372	0.0	0.129	-0.53	0.0	0.0	-0.442	-0.391	0.0	0.849	0.0	0.0	0.0	0.0	0.0	0.052	-0.299	0.0	0.0	0.0	0.848	-0.683	0.0	0.0	-0.198	0.0	-0.49	0.2	-0.16	-0.825	0.179	0.0	-0.112	0.0	0.449	0.0	0.0	0.0	0.0	0.0	0.0	-1.18	0.0	0.0	-0.046	0.0	-1.487	0.0	0.0	0.0	-0.556	0.0	0.0	-0.251	0.0	0.0	0.0	-0.556	-0.039	-0.142
free_topic	Bigbd4e_4_sheep-2	-0.501	0.0	0.326	-0.485	-0.598	-0.434	-0.5	0.0	-0.398	-0.497	0.0	0.0	-0.247	0.0	0.0	0.052	0.0	-0.727	-0.027	-0.213	-0.045	0.0	0.0	0.0	-0.273	-0.231	0.0	0.0	-0.397	0.308	-0.365	0.0	0.096	-0.538	0.083	-0.552	0.0	-1.093	-0.006	-1.172	-0.48	0.0	0.0	-0.174	0.05	-0.304	0.015	-0.009	-0.222	0.0	0.848	-1.131	-0.511	0.0	0.0	0.0	-0.7	0.0	-0.135	-0.128	-0.1	0.271	-0.061	-0.51	-0.308	0.221	0.0	0.0	0.0	0.0	0.0	-0.347	0.0	0.0	0.111	0.0	-0.162	0.338	-0.029	0.411	0.0	-0.281	-0.392	-0.251	0.0	-0.438	0.352	0.0	-0.345	0.0
free_topic	Bla-1ce3_104_sheep-28	0.617	0.0	0.0	-0.059	0.306	-0.337	0.0	-0.086	-0.307	-0.299	0.0	0.0	0.0	0.0	0.109	0.0	0.0	0.11	0.0	0.0	-0.428	0.369	-0.091	-0.508	0.0	-0.109	0.0	0.0	0.0	0.392	-0.715	-0.259	0.0	-0.739	0.0	0.32	0.0	0.216	-0.666	0.0	-0.24	0.0	-0.781	0.115	-0.654	-0.117	-0.296	0.0	0.064	0.433	0.291	0.0	0.0	-0.302	0.0	-0.061	-0.643	-0.017	0.0	-0.503	0.151	0.0	0.025	0.567	-0.729	-0.603	0.0	0.0	0.0	-0.489	0.0	-0.576	0.0	0.09	0.0	-0.657	0.015	0.0	-0.469	0.0	-0.586	0.443	-0.128	-0.508	0.0	-0.133	-0.491	0.0	-0.279	-0.065
free_topic	Bla-1ce3_200_bison-22	0.0	-0.733	0.331	-0.348	-1.338	0.437	-0.35	0.575	-0.414	-0.899	-0.433	-0.073	0.0	-1.078	0.342	-0.32	0.0	0.151	-0.425	0.228	0.212	-0.312	-0.364	0.05	0.0	-0.959	-0.47	0.0	0.0	-0.284	-0.94	-0.699	-1.445	1.358	0.0	-0.247	-0.595	-0.757	0.438	-0.55	0.0	0.0	0.086	0.0	-0.094	-0.192	-1.084	-0.568	-0.28	0.056	-0.307	-0.167	-0.45	-0.771	-0.702	-0.766	0.201	-0.542	-0.564	-0.72	-0.514	0.0	0.398	-0.81	0.157	-0.401	0.397	0.0	-0.12	-0.123	-0.276	-0.912	-0.575	0.0	0.0	-0.315	0.304	0.0	0.0	-0.253	0.0	0.081	-0.073	0.161	0.0	1.224	-0.845	0.0	0.0	0.0
free_topic	Bla-1ce3_200_cattle-32	-0.467	0.045	0.46	-0.556	-0.627	0.096	-1.276	0.0	-0.28	0.65	0.262	0.0	0.0	0.1	0.0	0.158	0.0	0.027	-0.389	-0.275	-0.336	0.0	0.0	0.0	0.005	-0.213	-0.457	-0.181	0.0	0.392	0.0	0.353	-0.49	-0.403	-0.87	0.0	0.484	-0.231	0.114	0.135	0.0	1.517	0.0	-0.426	-0.25	0.0	-0.887	-1.075	-0.064	-0.425	-0.283	0.263	-1.099	0.532	0.0	-1.167	-1.731	0.0	-0.187	-0.355	1.271	-0.517	-0.629	-0.757	0.0	-0.113	-0.426	-0.053	0.005	0.0	0.0	-0.165	-0.57	-0.547	-1.12	0.0	-0.121	-0.08	0.0	0.0	0.0	0.0	0.192	0.0	0.0	-0.035	-0.552	-1.261	-0.357	0.0
free_topic	Bla-1ce3_237_buffalo-33	0.113	0.0	0.0	0.0	0.0	-0.413	0.215	-0.301	0.0	-0.166	0.0	0.0	0.0	-0.643	0.0	-0.429	-0.666	0.0	0.0	0.0	0.0	-0.619	-0.659	-0.716	0.0	0.0	-0.013	-0.533	0.407	-0.328	0.047	0.0	-0.346	0.176	0.0	0.0	0.0	0.0	0.0	-0.17	-0.172	-0.77	-0.577	0.0	0.0	0.0	0.0	-0.046	0.0	0.0	-0.25	-0.517	-0.108	-0.208	0.364	-0.484	0.192	-0.914	0.0	0.0	-0.274	-0.828	-0.662	0.214	0.24	-0.306	0.0	0.3	-0.89	-0.356	-0.151	0.082	-0.385	-0.149	0.0	-0.457	0.0	-0.133	-1.037	0.0	-0.492	-1.308	0.0	-0.505	0.047	0.0	0.392	0.0	0.0	0.098
free_topic	Bla-1ce3_40_buffalo-5	0.323	0.0	0.194	0.0	0.0	-0.011	0.0	0.0	0.0	-0.53	0.0	0.0	0.0	-0.261	-0.401	0.0	0.0	-0.318	0.0	0.156	0.0	-0.317	-0.659	0.0	0.0	0.0	-0.696	0.0	0.0	-0.334	0.0	0.0	0.0	0.0	0.0	0.0	0.134	0.0	-0.157	0.317	-0.172	0.0	0.0	0.0	0.0	0.0	0.0	-0.12	0.0	0.0	-0.345	0.0	-0.155	0.0	-0.046	0.0	-0.504	-0.713	0.0	0.0	0.0	-0.293	0.0	0.0	0.0	0.0	0.0	0.0	0.0	0.0	0.0	-0.208	0.576	0.0	0.0	0.0	0.0	0.0	0.0	0.0	-0.492	0.0	-0.275	0.0	0.0	0.0	0.0	0.0	0.0	0.0
free_topic	Bla-2fe0_125_cows-6	0.571	0.0	0.0	0.0	0.0	0.0	0.0	0.0	-0.559	0.0	0.217	0.0	0.0	0.0	-0.243	-0.248	0.0	0.147	0.491	-0.173	0.0	0.0	0.0	0.0	0.0	-0.109	0.0	0.0	-0.258	-0.027	-0.077	-0.259	0.0	-0.3	0.0	0.342	0.0	0.0	0.0	0.0	0.0	0.0	0.0	0.0	0.0	-0.049	0.0	0.226	0.0	-0.569	-0.761	0.0	0.0	0.0	0.06	-0.061	-1.379	0.0	0.0	0.0	0.009	0.0	-0.332	-0.546	-0.111	0.0	0.0	0.0	0.0	0.0	0.0	0.0	0.0	-0.539	0.0	0.0	0.0	0.0	0.0	-0.032	0.0	0.0	0.0	0.0	0.05	-0.133	-0.491	0.0	0.0	0.0
free_topic	Bla-2fe0_129_cows-18	0.0	0.093	0.393	-0.102	-0.886	0.0	0.103	0.302	0.0	-0.88	0.0	0.0	0.0	-0.181	0.0	-0.612	0.0	0.273	-0.06	0.0	-0.473	-0.501	-0.534	0.0	0.103	0.393	-0.357	0.0	-0.223	0.0	-0.381	-0.478	-0.032	0.675	0.483	0.22	0.053	0.0	-0.743	-0.406	-0.862	0.0	0.0	0.0	1.678	0.0	0.093	0.0	0.0	-0.397	-0.595	-0.973	-0.349	0.0	-1.543	-0.917	0.0	0.126	0.0	0.0	0.246	-0.246	-0.087	-0.414	0.0	0.132	0.0	-0.07	0.061	-0.163	0.152	-0.542	-1.025	0.0	0.0	-0.018	-0.353	-0.018	-0.257	0.078	0.0	0.0	-0.838	0.0	0.0	0.0	0.0	0.0	0.0	0.0
free_topic	Bla-2fe0_184_cows-9	0.071	0.0	-1.024	-0.039	0.0	0.0	0.0	0.0	-0.131	0.0	0.0	0.0	0.0	0.0	0.0	-0.485	0.0	0.571	0.0	-0.299	-0.378	0.237	0.0	-0.585	0.0	-0.109	0.0	0.0	0.0	-0.326	-0.43	-0.946	0.0	-1.096	0.0	0.0	0.0	-0.393	-0.505	0.0	0.0	0.0	-0.099	-0.74	0.0	0.038	-0.332	0.0	-0.026	-0.328	-0.248	0.37	0.032	0.0	0.0	-0.061	-0.538	0.143	0.0	0.0	0.616	0.0	-0.072	-0.302	-0.699	0.0	0.046	0.0	0.0	0.0	0.0	0.0	-0.077	-0.513	-0.3	0.0	-0.148	0.0	-1.11	0.207	0.0	0.332	0.0	0.0	0.0	-0.133	-0.311	-0.296	-0.404	0.0
free_topic	Bla-2fe0_194_cows-5	0.0	0.045	0.521	-0.534	0.217	0.013	0.0	-0.566	0.0	-0.322	0.0	0.0	0.0	-0.534	0.0	0.0	-0.196	-0.582	0.0	0.0	0.0	0.0	0.0	0.0	-0.184	0.0	-0.475	0.089	-0.509	0.0	0.0	-0.106	0.0	-0.801	0.0	0.0	0.0	0.0	0.0	0.093	0.298	0.0	0.0	0.0	-0.273	0.0	-0.374	0.0	-0.475	0.0	0.0	-0.333	-0.05	0.0	0.0	-0.408	-1.311	0.406	0.0	-0.584	0.485	-0.294	-0.578	0.0	0.0	0.0	0.0	-0.489	-0.391	0.0	0.0	-0.277	-0.872	0.0	0.0	0.198	0.512	-0.562	-0.127	-0.312	0.0	-0.151	0.0	-0.511	0.0	0.081	0.0	-0.551	-0.006	0.0
free_topic	Bla-2fe0_195_cows-4	0.0	-0.435	0.0	-0.407	0.288	-0.457	0.421	0.25	0.0	0.007	-0.578	0.0	0.0	0.0	0.168	-0.61	-1.425	-0.773	-0.463	-0.184	-0.86	0.0	0.263	-0.5	-0.489	-1.355	-1.116	-0.072	0.0	0.087	-0.358	-0.301	0.294	0.0	0.151	0.0	-0.925	0.201	0.0	-0.37	-0.462	-0.047	-0.212	0.0	0.0	-0.0	0.0	0.0	-0.351	-1.179	0.0	0.0	-0.439	0.0	0.0	-0.134	0.0	-0.432	0.312	-0.398	0.0	0.38	-0.495	0.0	-0.655	-0.467	0.0	-0.306	0.0	-0.432	-0.403	-0.246	-0.052	-0.868	0.0	-0.13	-1.285	-0.337	0.0	-1.57	0.0	0.0	0.314	-0.474	-0.734	0.0	-0.083	0.0	0.0	0.248
free_topic	Bla-3ee3_100_blackbuck-6	-0.082	0.0	1.008	0.0	0.12	-0.213	0.0	0.0	-0.728	-0.386	0.0	0.0	-0.374	0.0	0.0	0.052	0.0	-0.523	0.0	0.115	-0.023	0.0	0.0	0.0	-0.188	-0.721	0.0	0.0	0.0	0.308	0.0	0.0	0.0	-0.551	-0.775	0.542	0.0	-2.261	-0.006	-0.694	-0.48	0.0	0.0	-0.006	0.937	0.0	0.0	0.835	0.0	0.0	0.0	-0.434	-0.911	0.0	0.0	0.0	0.0	0.0	0.0	0.0	-0.013	-0.262	-0.061	-0.38	-0.655	-0.077	0.0	0.0	0.0	0.0	0.0	-0.347	0.0	0.0	0.0	0.0	-0.374	0.0	-0.611	1.143	0.0	0.0	-0.392	0.0	0.0	-1.005	0.352	0.0	0.0	0.0
free_topic	Bla-3ee3_102_blackbuck-11	-0.596	0.0	0.0	0.0	0.0	0.0	-0.633	-0.581	0.0	0.0	0.0	0.0	0.0	-0.424	-0.205	0.196	0.123	-0.233	0.0	-0.006	0.0	0.0	0.0	-0.284	0.256	0.0	-0.988	0.123	-0.345	-0.229	0.0	0.359	-1.075	0.079	0.052	0.0	0.0	0.0	-0.416	0.0	0.353	0.0	0.0	-0.333	0.032	-0.229	0.0	-0.096	0.0	-1.064	-0.315	-0.208	-0.578	0.0	-0.132	0.197	-0.645	0.0	0.0	-0.104	0.0	-0.422	0.0	-0.322	0.0	-0.608	0.0	0.0	-0.909	0.0	0.0	0.0	0.0	0.019	0.0	-0.201	0.147	0.0	0.0	0.0	0.0	0.0	0.025	0.0	0.0	0.548	0.0	0.0	-0.192	-0.515
free_topic	Bla-3ee3_103_blackbuck-5	-0.232	0.0	1.073	0.0	0.0	-0.906	0.0	-0.325	0.0	0.032	0.0	0.0	-0.139	-0.649	0.0	0.052	0.0	0.0	0.0	-0.229	-0.318	0.0	0.0	0.0	-0.361	0.484	0.0	0.0	0.0	0.0	0.0	0.0	0.0	-0.495	-0.583	0.512	0.0	-1.313	-0.357	-0.694	-0.126	0.0	0.0	-0.006	1.291	0.0	0.0	0.608	0.0	0.0	0.0	-0.231	-0.711	0.0	0.0	0.0	0.0	0.0	0.0	0.0	-0.752	-0.063	0.267	0.0	-0.616	-0.456	0.764	0.0	-0.239	0.0	0.0	-0.347	0.0	-0.124	0.0	0.0	-0.669	0.0	0.0	0.0	0.0	0.0	-0.142	-0.356	0.0	-0.933	0.352	0.0	-0.192	0.0
free_topic	Bla-3ee3_104_blackbuck-2	0.0	0.0	-0.022	0.066	0.0	-0.241	-0.106	-0.566	0.352	-0.256	0.274	-0.241	0.0	-0.534	0.0	-0.122	0.0	0.0	0.0	0.275	0.0	0.0	-0.281	0.0	-0.184	-0.841	0.0	0.119	0.0	0.512	-0.006	0.0	0.0	-1.496	0.0	0.0	0.0	0.0	0.0	1.437	0.298	0.0	0.0	0.0	0.0	0.052	-0.838	0.0	-0.212	0.427	0.0	-0.449	-0.05	0.0	-0.198	0.141	-0.08	0.0	0.0	0.115	-0.186	-0.283	-0.149	0.042	0.0	0.0	0.0	0.0	-0.38	0.0	0.0	-0.682	0.0	0.0	-0.046	0.0	0.419	0.0	0.0	0.0	-0.396	0.0	0.0	-0.578	0.0	-0.403	-0.59	0.0	-0.006	0.067
free_topic	Bla-7827_31_sheep-13	0.0	0.0	0.515	-0.31	-0.459	-0.699	-0.133	-0.643	0.0	-0.259	0.0	0.0	0.0	0.0	-0.409	0.0	0.0	-0.074	-0.198	-0.143	0.0	0.0	-0.111	0.0	0.27	0.0	0.056	-0.3	0.0	0.0	0.0	-0.744	0.0	-0.302	0.0	0.0	0.0	0.039	0.0	0.0	0.0	0.222	0.0	-1.569	-0.753	0.0	0.392	0.022	0.0	-0.013	0.172	-0.285	0.0	0.0	0.0	-0.352	0.0	-0.411	0.0	1.0	0.0	-0.259	0.196	0.0	0.0	-0.339	-0.491	-0.233	-0.138	0.0	0.0	0.082	-0.376	0.0	0.0	0.366	0.193	0.0	-0.061	0.136	0.352	0.0	-0.648	0.0	-0.109	0.0	0.0	0.021	0.0	0.796
free_topic	Bla-af14_66_cows-20	-0.104	-0.292	0.0	0.0	0.449	0.0	-0.362	-0.056	0.0	0.0	0.275	-0.078	0.0	0.0	-0.437	-0.772	-0.604	-0.643	-0.213	-0.937	0.0	0.0	-0.03	-0.227	0.0	-0.445	-0.576	-0.883	0.0	-0.355	-0.319	0.0	0.052	0.0	-0.514	0.0	-0.982	0.094	-0.138	0.145	-0.284	0.0	0.0	0.0	0.0	-0.161	0.286	0.0	-0.079	-0.365	-0.29	0.0	0.133	-0.48	-0.305	-0.377	-0.845	0.054	-0.001	-0.83	0.0	0.042	-0.115	0.032	0.0	0.0	0.0	0.0	0.0	-0.26	0.533	0.0	-0.465	-0.112	0.0	0.0	0.0	0.2	0.0	0.009	0.0	0.0	0.0	0.0	-0.505	0.0	0.229	0.282	0.0	-0.115
free_topic	Bla-e03a_131_cows-4	-0.167	0.0	0.0	0.0	-0.274	-0.176	-0.134	-0.345	0.0	-0.708	-0.108	0.0	0.0	0.0	0.524	-1.018	-0.605	-0.772	-0.275	-0.027	-0.655	0.0	0.009	-0.162	0.13	-0.625	-0.066	-2.2	-0.505	-0.558	-0.441	0.313	0.0	0.0	-0.464	-0.206	0.469	0.535	-0.017	-0.712	0.0	0.0	-0.812	0.0	-0.2	0.028	0.305	0.242	0.0	-0.548	-0.138	0.352	-0.198	-0.45	0.0	0.064	0.0	0.0	0.434	0.0	0.0	0.533	-0.436	-0.168	-0.646	0.0	0.0	-0.751	-0.581	-0.65	-0.208	0.0	-0.142	-1.07	-0.511	-1.074	0.0	0.0	0.0	-0.254	0.356	0.0	0.0	-0.418	-0.438	0.0	0.44	-0.072	0.0	-0.091
free_topic	Bla5638_18_buffalos-13	-0.877	0.0	0.41	0.0	-1.081	0.175	0.049	0.452	-0.642	-0.714	0.0	0.308	0.0	-0.547	0.101	0.0	-0.523	0.0	0.352	0.093	0.05	-0.445	0.0	0.0	0.0	0.0	0.0	0.0	0.0	0.0	-0.715	-0.498	-0.436	-0.235	-0.398	-0.354	-0.689	-0.155	0.0	-0.335	-0.446	0.0	0.446	0.0	-0.602	0.0	0.0	-0.38	-0.304	0.08	-0.225	0.097	0.0	0.0	-0.551	-0.538	-0.378	0.435	-0.67	0.0	-0.145	0.0	-0.41	0.298	0.032	-0.698	-0.755	0.0	-0.169	-0.762	-0.077	0.314	-0.285	0.0	0.0	-0.276	0.0	0.375	0.0	0.064	0.0	0.0	-0.214	0.0	0.0	0.0	-0.551	0.0	-0.599	0.0
free_topic	Blafe1f_1_Blackbucks-1	0.0	0.0	0.004	-0.337	0.0	-0.729	-0.254	0.0	0.352	0.19	-0.01	-0.339	0.0	0.0	0.0	-0.553	0.0	0.0	0.0	0.0	0.0	0.0	-0.271	0.0	-0.134	0.0	0.0	-0.136	0.0	0.444	-0.006	0.0	0.0	-1.209	0.0	0.0	0.0	0.0	0.0	0.75	0.0	0.0	0.0	0.0	0.0	0.052	-0.558	0.0	-0.366	1.117	0.0	0.101	0.0	0.0	-0.198	-0.018	-0.211	0.0	0.0	-0.357	0.0	-0.634	0.0	-0.011	0.0	0.0	0.0	0.0	0.0	0.0	0.0	-0.66	0.0	0.0	-0.046	0.0	-0.016	0.0	0.0	0.0	-0.48	0.0	0.0	-0.537	0.0	-0.33	-0.719	0.0	0.0	-0.159
free_topic	Blu-3a31_109_cow-19	0.0	0.0	0.443	0.0	-0.508	0.22	-0.132	-0.493	0.0	-0.32	-0.574	0.0	0.0	-0.928	-0.378	-0.052	0.0	-0.589	-0.707	0.0	-0.473	-0.437	-0.672	0.026	0.103	0.433	-0.357	0.0	-0.366	0.0	-0.948	-0.175	-0.072	0.233	0.0	0.274	0.053	0.0	-0.499	-0.434	-0.07	0.0	0.0	0.0	0.0	0.0	0.834	0.0	0.0	-0.309	-0.151	-0.502	-0.617	0.0	0.052	-0.532	0.0	-0.48	0.352	-0.267	-0.034	0.0	-0.199	-1.108	0.0	0.014	0.0	0.321	-0.487	0.0	0.152	-0.648	0.0	0.0	0.0	0.083	-0.353	-0.254	-0.257	-0.251	0.0	0.0	-1.142	-0.303	0.0	0.0	0.0	0.0	-0.353	-0.555
free_topic	Blu-3a31_152_wildebeest-3	0.166	0.0	0.0	0.0	0.066	0.0	0.0	-0.868	0.352	-0.046	0.0	0.0	0.0	-0.534	0.0	-0.308	0.0	0.0	0.0	0.0	0.0	0.0	0.0	0.0	0.044	0.0	0.0	-0.634	-0.491	-0.347	-0.006	-0.246	0.0	-0.398	0.0	0.0	0.0	0.0	0.0	-0.502	0.298	-0.305	-0.571	0.0	-0.564	-0.145	-0.932	0.0	0.0	0.0	0.0	-1.523	-0.05	-3.076	-0.198	0.0	-0.891	0.0	0.0	0.392	0.0	-0.444	0.0	0.0	0.0	0.0	0.056	0.0	-0.378	0.0	-1.56	-0.928	0.0	-0.133	0.922	0.0	0.0	0.0	0.0	0.0	-0.48	0.0	0.0	0.0	0.0	0.0	0.0	0.0	-0.006	0.0
free_topic	Blu-3a31_153_wildebeest-9	0.0	0.146	0.428	0.0	0.203	0.564	0.255	-0.218	0.47	-0.332	-0.275	-0.126	0.417	-0.534	-0.112	0.0	-0.004	-0.212	0.0	0.0	0.0	0.308	-0.37	0.0	-0.578	0.0	0.139	-0.042	-0.051	-0.403	-0.821	-0.387	0.0	-0.073	0.511	0.0	0.0	-0.401	0.0	-0.723	0.298	0.0	-0.315	-0.357	-0.545	0.472	0.0	0.0	-0.262	-0.134	0.201	0.0	-0.05	0.0	0.0	-0.752	0.052	-0.37	-0.046	-0.48	0.0	-0.326	-0.346	0.0	0.0	-0.443	0.0	-1.064	-0.425	0.0	0.0	-0.537	-0.12	-0.184	0.0	-0.948	0.0	0.0	0.0	-0.585	0.0	0.0	-0.006	-0.198	0.0	0.205	0.0	0.0	0.049	0.352
free_topic	Bon7c8f_6_bongo-2	0.0	0.0	0.0	0.0	0.674	0.0	0.0	0.061	0.0	0.0	0.0	0.0	0.0	0.0	0.0	0.0	0.0	0.0	0.0	0.0	0.0	0.0	0.0	-0.465	0.0	0.0	0.0	0.0	0.0	0.0	0.0	0.0	0.0	0.0	0.0	0.0	-0.161	0.0	0.0	0.0	0.0	0.0	0.0	0.0	0.0	0.0	0.0	0.0	0.0	0.0	0.0	0.0	0.0	0.0	-0.308	0.0	-0.23	0.0	0.0	0.0	0.0	0.0	0.0	0.0	0.0	0.0	0.0	0.0	0.0	0.0	0.0	0.0	0.0	-0.136	0.0	0.0	0.0	0.0	0.0	0.0	0.0	0.0	0.0	0.0	-0.366	0.0	0.0	0.0	0.0	0.0
free_topic	Bor-c51a_132_BOS-7	0.0	0.0	-0.006	-0.193	0.0	-0.531	0.0	0.119	-0.047	0.0	-0.551	0.0	0.0	0.437	0.0	0.0	0.077	0.0	0.0	0.0	0.0	-0.033	0.384	0.0	-0.051	0.328	0.0	0.0	0.0	0.799	0.142	0.0	0.0	0.0	2.128	-0.615	0.0	0.386	-0.021	0.233	0.0	-0.13	0.0	0.091	0.0	-0.359	0.0	0.295	0.0	0.394	0.0	0.0	0.0	-0.523	0.0	-0.649	-0.349	0.0	-0.156	0.0	-0.091	-0.577	-0.46	0.086	0.0	-0.336	0.0	0.0	0.0	0.0	0.0	-0.007	0.0	0.0	-0.41	0.0	0.0	0.0	0.129	-0.251	0.274	0.0	0.0	0.0	0.0	-0.179	0.0	0.0	0.0	0.0
free_topic	Bor-c51a_187_BOS-12	1.641	-0.495	0.0	0.0	0.0	0.0	-0.006	0.0	0.0	0.142	0.323	0.0	0.0	-0.2	0.0	-0.392	0.189	0.0	0.424	0.0	-0.561	0.0	0.773	0.0	1.496	0.0	-0.156	0.0	0.0	0.205	0.433	0.0	-0.328	0.388	-0.061	0.0	0.384	0.639	0.0	0.0	0.0	0.0	-0.8	-0.614	0.0	0.0	0.044	-0.33	-0.551	0.0	0.0	0.0	-0.366	0.0	0.0	0.0	-0.306	-0.091	0.101	0.0	-0.553	0.0	-0.077	0.244	0.274	0.0	0.0	-0.336	0.0	0.248	0.0	-0.434	-0.523	0.077	-0.134	0.0	0.0	0.132	0.394	0.0	0.2	0.0	0.0	0.0	-0.923	0.0	0.0	0.274	0.0	0.0
free_topic	Bos-be23_18_cows-15	-0.262	0.0	0.293	0.0	-0.23	0.0	-0.535	-0.566	0.0	-0.471	0.0	0.0	0.0	-0.801	0.0	-0.635	0.0	-0.046	0.0	-0.392	0.0	-0.704	0.0	-0.397	0.0	0.347	0.0	-0.818	0.0	0.0	0.0	0.0	-0.085	0.484	0.0	0.052	-0.888	0.0	0.0	0.193	-0.395	0.0	0.0	0.0	0.0	-0.642	0.0	0.0	-0.067	-0.29	0.0	0.236	0.388	0.0	0.0	-0.169	-0.977	0.0	0.0	0.0	-0.415	0.0	-0.564	0.385	0.003	-0.257	-0.243	-0.288	-0.491	0.293	0.018	-0.246	-0.65	0.0	-0.956	0.296	0.0	0.0	0.806	0.0	0.0	0.0	-0.904	0.0	0.0	0.0	0.365	0.0	0.022	0.0
free_topic	Bos-be23_25_Bos-31	-0.278	0.0	0.0	-0.488	-0.829	-1.244	0.116	-0.977	-0.243	0.0	0.051	-0.972	-0.29	-0.293	0.399	0.156	-0.514	0.199	-0.905	0.033	0.0	-0.061	0.0	0.0	0.0	-1.162	0.0	-1.326	0.0	-0.139	-0.046	0.0	0.0	-1.307	0.0	0.0	-0.051	0.217	-0.313	-0.418	-0.523	0.061	0.028	-0.275	-0.449	0.0	-0.005	0.0	0.456	0.0	-0.905	-0.006	-0.392	0.0	-0.024	-0.133	0.0	0.0	0.0	0.446	-0.303	-0.047	0.1	0.741	0.0	0.0	-0.406	-0.353	0.0	0.0	0.0	-0.552	0.0	-0.816	0.581	0.308	-1.251	0.641	-0.082	0.0	0.184	0.0	-0.704	0.0	-0.285	-0.632	-0.587	0.129	0.0	0.339
free_topic	Bos-be23_25_Bos-37	0.966	0.311	0.0	0.296	-0.904	-0.406	0.0	0.0	-0.523	0.0	-0.001	0.0	0.0	0.0	0.0	-0.3	0.385	0.087	0.0	-0.626	-0.615	0.0	-0.635	-1.181	0.0	0.421	0.0	0.0	0.0	0.446	-0.741	-0.556	0.124	0.103	0.0	0.0	-0.257	-0.423	0.24	0.443	0.307	-0.362	0.0	0.0	0.622	-0.694	0.157	-0.409	0.0	0.0	-0.018	0.0	-0.246	0.0	-0.335	-0.061	-0.643	0.0	0.0	0.0	-0.731	0.377	-0.869	-0.302	-0.542	-0.773	-0.294	0.296	0.0	-0.527	-0.037	-0.392	-0.293	-0.262	0.11	0.0	0.0	0.0	-0.285	0.0	0.0	0.747	0.0	0.0	0.0	-0.133	-0.491	0.0	0.0	0.0
free_topic	Bos-be23_26_Bos-16	-0.426	-0.187	0.0	0.0	-0.309	0.054	-0.187	-0.046	0.0	0.0	0.247	-0.469	0.0	-0.176	0.0	-0.356	-0.001	-0.056	0.0	0.0	-0.347	-0.274	-0.742	0.531	0.371	0.0	0.166	-0.248	-0.756	-0.352	-0.694	0.0	0.0	0.424	0.0	0.0	0.0	-0.61	-0.382	-0.48	0.392	-0.297	-0.692	0.0	0.0	0.0	0.0	0.0	0.083	-0.106	-0.508	0.0	-0.108	0.0	-0.395	-0.852	0.248	0.0	0.0	-0.142	0.008	0.0	-0.264	-0.042	0.0	0.0	0.0	0.0	0.0	0.489	0.338	-0.31	-0.337	0.005	0.0	0.0	0.0	-0.162	0.0	0.0	0.119	-0.633	-0.196	0.0	0.0	0.0	0.0	0.0	0.0	0.0
free_topic	Bot-606e_4_Bos-7	-0.297	-0.52	0.2	0.0	-0.938	-0.005	-1.275	-0.643	0.0	-0.381	0.0	0.0	-0.208	0.009	0.037	0.0	0.011	-0.19	-1.196	0.585	-0.098	0.072	-0.181	0.0	0.28	0.0	0.0	-0.873	0.0	0.106	0.0	-0.146	-0.612	-0.496	-0.2	0.447	-0.147	-0.771	0.003	0.0	-1.042	-0.559	0.298	-0.743	0.0	0.338	0.392	0.0	0.0	-0.032	-0.094	0.139	0.13	-0.849	0.0	-0.366	-0.357	-0.012	0.114	0.192	-0.966	-0.259	-0.249	-0.194	0.084	-0.992	-0.548	0.0	-0.508	0.0	0.0	-0.537	-1.135	0.194	0.399	-0.242	0.0	-0.195	-0.841	0.0	0.401	0.0	-0.605	0.0	-0.109	0.0	0.473	0.571	0.0	-0.706
free_topic	Bov-01d4_15_Bubalus-8	0.0	0.0	0.0	-0.349	0.0	0.0	0.0	0.0	0.0	0.0	0.0	0.0	0.0	-0.022	0.0	-0.564	-0.065	-0.047	0.0	-1.008	-0.846	0.344	0.0	0.0	0.0	0.0	0.0	0.0	0.752	0.13	0.0	-0.572	0.268	0.0	0.0	-0.018	0.0	0.485	0.0	0.0	0.0	0.0	-0.584	0.171	0.0	-0.319	0.0	0.0	0.0	0.0	0.0	-0.421	0.0	-0.456	0.0	0.0	0.0	0.724	0.0	0.0	0.0	0.0	0.0	0.0	0.0	0.0	0.0	1.4	0.0	-0.492	-0.038	0.033	0.0	0.0	0.0	0.052	0.0	-0.547	0.0	0.0	0.0	0.0	0.0	-0.356	0.0	0.0	0.0	0.0	0.0	0.0
free_topic	Bov-d455_100_bovids-5	0.351	0.0	0.393	0.0	-0.625	-0.4	0.051	-0.522	-0.204	-0.485	0.0	0.0	0.0	-0.234	0.0	0.255	0.0	-0.189	-0.518	0.0	0.021	0.0	0.0	0.0	-0.529	0.0	0.35	0.0	0.0	0.0	-0.783	-0.697	-0.589	0.128	-0.638	0.0	-0.374	0.0	0.0	0.0	-0.098	0.0	0.188	-0.51	-0.051	0.0	-0.09	-0.657	0.0	-0.07	0.313	-0.261	-0.477	0.0	-0.551	-0.223	0.0	-0.146	-0.41	-0.3	-0.361	0.0	0.0	0.22	0.308	-1.101	-0.455	0.0	-0.496	0.0	0.0	-0.542	0.0	0.0	0.0	-0.018	0.0	0.0	0.0	-0.633	0.0	0.0	-0.174	-0.148	0.0	0.068	0.0	0.0	0.0	0.0
free_topic	Bov-d455_105_bovids-8	0.0	0.0	-1.024	0.0	0.0	0.0	0.0	-0.519	-0.188	-0.174	0.0	-0.021	0.0	-0.613	0.0	0.0	-0.404	-0.271	-0.229	0.0	-0.147	0.0	0.0	0.0	0.0	-0.246	0.0	0.0	-0.393	0.0	-0.345	0.0	-0.261	-0.524	0.771	0.0	0.421	0.0	0.0	0.394	0.323	-0.037	0.0	0.0	-1.332	0.0	-0.69	-0.48	0.0	0.0	0.421	-0.244	0.031	0.0	0.0	-0.123	-0.934	0.0	0.0	-0.418	-0.652	0.0	0.0	0.0	0.0	-0.474	0.0	-1.648	-0.092	0.0	0.0	-0.344	0.0	0.0	0.0	0.238	-0.016	-0.263	0.0	0.0	0.0	0.0	0.0	0.39	0.0	0.0	0.0	0.0	-0.554	0.0
free_topic	Bov-d455_107_sheep-27	0.885	-0.065	0.0	-0.495	0.585	0.0	0.0	-0.922	-0.73	-0.099	0.043	0.0	0.0	-0.511	0.0	0.0	0.0	0.0	0.0	0.408	-0.19	-0.256	0.0	-1.391	0.0	-0.109	-0.713	0.0	0.0	0.392	-0.419	-0.265	0.0	-0.764	0.0	0.0	-0.455	-0.108	-0.575	0.053	0.298	0.0	0.0	0.0	0.0	-0.229	-1.195	-0.488	0.0	0.256	-0.827	0.0	-0.05	-0.155	0.289	-0.454	-1.084	0.0	0.0	0.0	-0.554	0.0	-0.383	-0.302	-0.629	0.0	-1.062	0.0	-0.38	0.0	-0.353	-0.399	0.005	-0.325	0.0	0.0	0.0	0.0	-0.412	0.0	0.0	0.622	0.0	0.0	-0.144	-0.133	-0.491	0.0	-0.006	0.0
free_topic	Bov-d455_108_bovids-12	-0.461	0.0	0.393	0.0	-0.602	-0.691	0.0	0.0	-1.404	-0.157	0.0	0.0	0.0	1.088	0.0	-0.37	-0.548	0.0	-0.828	0.015	0.0	0.0	0.62	-0.251	0.0	-0.024	-0.604	-1.525	-0.221	0.025	0.238	-1.54	-1.067	-0.115	-1.076	0.0	-0.458	0.286	-0.477	0.0	-0.47	-0.005	-0.767	-0.76	-0.051	0.0	0.146	-0.828	-0.214	-0.315	-0.393	-0.226	0.0	0.0	-0.551	-1.423	0.0	-0.005	-0.904	-0.653	-1.116	0.0	0.0	0.683	-0.583	-0.738	-0.755	-0.116	-0.531	0.0	-0.089	-0.548	-0.452	0.0	0.0	-0.881	0.0	-0.043	0.0	0.706	0.108	0.0	-0.39	-0.315	0.474	0.0	0.0	0.0	-0.247	-0.312
free_topic	Bov-d455_10_bovids-2	0.0	0.0	0.0	0.0	0.0	0.0	0.0	0.0	0.352	0.26	0.0	0.0	0.0	0.0	0.0	0.0	0.0	-0.261	0.0	0.0	0.0	0.0	0.0	0.0	0.0	0.0	0.0	0.0	0.0	-0.347	-0.683	0.0	-0.06	0.0	0.0	0.0	0.0	0.0	0.0	0.379	0.0	0.0	0.0	0.0	0.0	0.052	-0.59	0.0	0.0	0.0	0.328	-0.612	0.0	0.0	-0.198	0.0	-0.132	0.0	0.0	-0.586	0.0	0.0	0.0	0.0	0.0	0.0	0.0	0.0	0.0	0.0	0.0	-0.801	0.0	0.0	-0.046	0.0	0.0	0.0	0.0	0.0	-0.48	0.0	0.0	-0.204	0.0	0.0	0.0	0.0	0.0	0.0
free_topic	Bov439b_1_sheep-14	0.477	-0.589	0.0	0.0	-1.375	0.0	0.0	-0.569	-0.153	0.0	0.152	0.095	0.004	0.0	0.0	-0.049	0.0	1.79	-0.67	-1.837	0.0	0.0	0.0	-0.424	0.0	0.0	0.0	0.0	0.0	0.0	-0.574	-0.006	0.392	-0.093	0.0	0.0	0.0	0.0	-0.133	0.0	0.0	0.0	0.0	0.0	-0.015	-0.117	-0.874	0.0	-0.616	0.0	-0.523	0.0	0.177	-0.1	-0.109	-0.266	0.0	0.0	0.0	0.0	-0.493	0.0	0.504	0.0	-0.729	0.032	-0.41	0.0	0.0	-0.643	-0.631	-0.392	0.419	-0.25	0.188	-1.008	0.0	0.147	-1.33	-0.315	0.0	0.308	0.0	0.0	0.0	0.0	0.0	0.127	0.123	-0.195
free_topic	Bro-d72d_264_cattle-5	-0.001	0.0	0.705	0.0	0.0	-0.148	0.0	0.0	0.0	-0.794	-0.293	0.0	-0.313	0.0	0.367	0.052	0.0	-0.189	0.0	0.141	-0.228	0.0	0.0	0.0	-0.072	0.0	0.0	0.0	0.0	0.0	0.0	0.0	0.0	0.0	-1.352	-0.449	0.0	-0.649	0.0	-0.694	-0.48	0.0	0.0	-0.006	0.658	0.0	0.0	0.47	0.0	0.0	0.0	-1.605	-1.51	0.0	0.0	0.0	0.0	0.0	0.0	0.0	0.064	-0.022	-0.539	0.0	-0.213	-0.79	0.0	-0.226	0.0	0.0	0.0	-0.347	0.0	0.0	0.0	0.0	-0.358	0.0	0.0	0.0	0.0	-0.18	0.0	0.0	0.0	-0.517	0.352	0.0	0.0	0.0
free_topic	Bub-df64_14_Bubalus-20	0.0	0.229	0.564	0.0	0.5	0.0	-0.029	-0.067	-0.357	-0.73	0.56	0.0	0.0	0.604	0.0	-0.353	0.0	0.183	0.0	-0.651	0.0	-0.307	0.011	-0.36	0.0	0.469	0.0	0.0	0.0	-0.261	-0.301	-0.374	-0.302	0.153	0.0	0.0	-0.021	0.0	0.0	0.0	0.298	0.0	0.0	0.0	0.0	-0.633	0.021	0.577	0.0	-0.184	0.0	-0.207	0.245	0.0	0.536	-1.201	-0.446	0.142	0.0	0.0	0.125	0.0	0.678	-0.148	-0.057	-0.306	0.107	0.0	-0.686	-0.047	-0.194	-0.471	-0.793	-0.273	0.0	-0.106	0.0	0.0	0.0	0.077	0.0	0.0	-0.214	0.0	-0.522	0.0	0.0	0.0	-0.006	0.0
free_topic	Bub-df64_15_Bubalus-1	-0.179	-0.422	0.0	-0.018	-0.096	0.359	0.455	0.0	0.0	-0.392	0.177	0.0	0.269	-0.226	0.705	-0.019	0.507	-0.495	-0.8	-1.334	-0.509	-1.911	-0.827	0.0	0.244	-2.15	2.017	-0.469	0.0	0.0	0.025	0.543	0.0	-2.528	-0.305	0.0	0.694	-0.198	0.587	1.868	0.244	0.098	0.0	-0.006	0.0	0.04	-3.556	1.081	0.0	-0.257	0.0	0.113	1.322	0.0	-0.201	-0.534	-0.513	-0.08	0.0	0.282	0.38	-0.014	-0.818	-0.238	0.487	0.0	0.0	-0.633	0.0	0.0	-1.218	1.754	0.0	-0.452	0.489	-0.211	0.0	0.12	-0.102	0.0	0.0	0.145	-0.317	-0.621	-0.07	-0.343	0.972	-0.359	0.0	0.57
free_topic	Bub-df64_15_Bubalus-11	-0.429	-0.76	-0.393	0.0	0.0	0.0	0.0	0.0	-0.179	0.498	0.0	0.91	0.359	0.0	0.0	0.0	0.0	0.0	-0.2	0.0	0.0	-1.172	-0.503	-0.261	-2.063	0.512	-0.564	0.007	0.0	-0.017	0.779	0.0	0.0	0.067	-0.456	0.0	0.0	0.0	-0.258	0.0	-0.129	-0.042	0.0	0.0	-0.268	-1.169	0.0	0.237	-0.556	-0.649	-0.218	0.0	0.938	0.0	-0.032	0.007	0.584	0.0	0.0	-0.155	0.0	-0.126	0.902	0.0	0.0	0.0	2.071	0.0	0.0	0.0	0.0	-0.291	0.972	0.0	0.0	0.0	0.0	0.0	0.0	0.0	0.652	0.0	0.0	-0.064	0.0	0.0	0.0	0.0	-0.427	0.0
free_topic	Bub-df64_15_Bubalus-16	0.0	-0.76	0.111	0.0	0.0	0.0	0.0	0.0	-0.179	-0.321	0.0	0.91	0.359	0.0	0.0	0.551	0.0	0.0	0.0	0.0	0.0	-1.681	0.005	-0.261	-2.061	0.512	-0.564	0.007	0.0	-0.079	0.779	0.187	0.0	0.583	-0.456	0.0	0.0	0.0	-0.258	0.0	-0.335	-0.042	0.0	0.0	-0.401	-1.115	0.0	0.237	-0.827	-1.128	-0.218	0.0	0.938	0.0	0.206	0.007	0.736	0.0	0.0	0.0	0.0	-0.126	1.115	0.0	0.0	0.0	1.681	0.0	0.0	0.0	0.0	-0.345	0.972	-0.181	0.0	0.0	0.0	0.0	0.0	0.0	0.611	0.0	0.0	-0.064	0.0	0.0	0.0	0.0	-0.427	0.0
free_topic	Bub-df64_15_Bubalus-21	-0.558	-0.76	-0.393	0.0	0.0	0.0	0.147	0.0	-0.179	0.46	0.0	0.91	0.359	0.0	0.0	0.0	0.0	0.0	-0.279	0.0	0.0	-1.906	-0.716	-0.261	-1.741	0.512	-0.832	0.007	0.0	0.094	0.779	0.0	0.0	0.16	-0.934	0.0	0.0	0.0	-0.258	-0.111	-0.419	-0.042	0.0	0.0	-0.379	-1.406	0.0	0.237	-0.266	-0.664	-0.218	0.0	0.938	0.0	-0.235	0.007	1.023	0.0	0.0	-0.06	0.0	-0.126	1.442	0.0	0.0	0.0	1.835	0.0	0.0	0.0	0.0	-0.054	0.972	0.0	0.0	-0.322	0.0	0.0	0.0	0.0	0.225	0.0	0.339	-0.064	-0.238	0.0	0.0	0.0	-0.427	0.0
free_topic	Calecc8_9_sheep-12	-0.182	-0.069	-0.086	-0.469	0.457	-0.082	0.0	0.0	0.0	-0.286	-0.383	0.0	-0.692	0.645	-0.029	0.052	0.115	-0.578	-0.535	-0.205	-0.078	0.0	0.0	-0.721	-0.45	-0.501	-0.474	-0.424	0.0	-0.122	0.0	0.0	-0.212	0.062	0.276	-0.541	0.0	-1.17	-0.309	-0.694	-0.48	-0.231	0.0	-0.71	0.0	0.0	0.321	0.198	0.0	-0.415	0.0	-0.106	0.0	-0.648	0.0	-0.629	-0.402	-0.102	0.0	0.0	0.0	0.144	-0.485	0.443	-0.266	0.0	0.0	-0.212	0.0	0.549	-0.378	-1.273	-1.014	-0.162	0.0	0.21	-0.508	0.0	0.0	0.083	0.0	-0.184	0.0	0.0	-0.568	0.0	0.352	0.115	0.0	0.0
free_topic	Cam-1690_55_cow-18	0.0	-0.51	0.753	0.0	-0.393	-0.259	-0.47	-0.437	-0.494	0.31	-0.426	0.0	0.0	-0.899	0.0	-0.609	-0.029	-0.254	0.0	-0.541	-0.708	0.0	0.0	0.41	-0.479	0.0	0.0	-0.116	0.0	0.285	-0.3	0.0	-0.063	-0.6	-0.301	-0.702	-0.483	0.0	0.0	0.052	0.353	0.0	0.0	0.008	0.367	0.339	0.0	-0.615	0.0	0.121	-0.229	0.0	-0.314	0.0	0.033	-0.385	0.0	0.069	0.0	0.0	0.0	-0.459	0.0	-0.23	0.0	-0.216	0.0	-0.586	-0.624	-0.731	0.0	-0.144	0.0	-0.139	-0.391	0.193	-0.096	0.0	0.0	0.0	0.0	0.0	0.0	0.0	-0.378	0.0	-0.382	0.0	-0.192	0.0
free_topic	Can5c13_14_sheep-15	0.243	0.0	-0.656	-0.146	0.0	0.0	0.0	-0.288	-0.153	0.0	0.0	-0.365	0.0	0.0	0.0	0.0	-0.33	-0.348	0.0	0.0	-0.279	0.0	0.0	-0.773	0.139	-0.109	-0.31	0.0	0.0	0.392	-0.546	-0.707	0.427	-0.528	0.0	0.0	0.0	0.0	-0.481	-0.635	0.0	0.0	0.0	-0.148	0.066	-0.117	0.0	0.0	0.0	-0.569	0.0	0.0	-0.173	0.0	0.0	-0.061	-1.082	-0.568	0.0	0.0	0.415	-0.022	-0.179	-0.302	-0.729	0.355	0.0	0.0	0.0	0.0	-0.155	0.0	-0.27	-0.07	0.0	0.0	-0.03	0.0	-0.443	0.078	0.0	0.433	-0.831	0.0	0.0	0.309	-0.169	-0.286	-0.476	0.0
free_topic	Cap-6f9e_15_capra-13	0.0	0.413	0.0	0.0	0.196	0.0	0.509	-0.15	-0.946	-0.392	0.0	0.0	-0.596	0.0	0.099	-0.75	-0.31	0.0	-0.148	0.0	-0.006	0.0	0.0	-0.006	0.0	-1.169	0.0	-0.299	0.0	0.581	-0.472	0.0	0.0	-0.694	-0.478	-0.006	-1.251	0.085	0.0	-0.06	-0.046	0.0	0.0	0.0	-0.725	-0.099	-0.003	0.0	0.0	-0.584	0.0	0.0	0.0	0.0	-0.801	-0.518	0.0	0.0	0.0	-0.086	0.0	-0.892	0.492	0.0	0.022	0.036	0.0	0.0	0.0	0.0	-0.351	0.0	-0.294	0.184	-0.347	-0.27	-0.437	-0.593	0.0	-0.254	0.792	0.538	0.0	0.055	0.0	-0.256	0.0	-0.196	-0.051	-0.527
free_topic	Cap-6f9e_3_capra-7	-0.239	-0.802	-0.425	0.0	0.065	0.0	-0.644	-0.822	0.0	-0.367	-0.35	0.0	-0.467	-0.304	-0.309	0.0	0.0	0.0	-1.153	0.0	0.0	0.449	-0.746	-0.969	0.375	0.0	0.0	0.0	0.443	-1.142	-0.18	0.188	0.0	-0.041	0.0	0.0	-0.52	-0.451	0.0	-0.003	0.298	0.0	-0.05	0.083	-0.669	0.156	-0.219	-0.35	-0.279	-0.134	-0.672	0.0	-0.05	0.0	0.439	-0.366	-0.413	0.0	-0.125	-0.532	0.0	0.022	-0.187	-0.259	0.0	-0.443	-0.193	-0.617	-0.69	0.0	-0.361	-0.537	0.0	-0.036	0.0	-0.948	-0.16	0.0	0.215	0.0	-0.309	0.0	-0.006	-0.549	-0.583	0.298	-0.323	0.0	-0.099	-0.149
free_topic	Cap-8e74_10_capra-8	0.0	0.0	0.428	0.0	0.022	-0.295	-0.729	-0.601	0.0	-0.367	-0.548	0.0	0.0	0.0	0.472	0.581	-0.239	-0.336	-0.414	0.364	0.0	0.534	0.0	0.0	0.0	0.117	0.0	-0.567	-0.051	0.0	-0.67	0.0	0.261	-0.305	0.0	0.0	0.0	-0.13	-0.388	-1.124	0.0	0.0	0.0	-0.659	-0.675	0.0	0.296	0.0	-0.419	-0.099	-0.254	-0.029	0.0	-0.099	-0.337	-0.858	0.052	-0.303	-0.046	-0.504	0.0	-0.701	-0.187	0.0	0.0	-0.443	-0.304	-1.001	-0.77	0.0	0.0	-0.732	0.0	0.0	0.0	-0.948	0.0	0.0	-0.301	0.538	0.0	0.37	-0.006	-0.198	-0.029	0.164	0.0	0.0	-0.05	-0.139
free_topic	Cap-9b25_11_Capra-30	0.0	0.054	-0.384	0.0	0.0	-0.147	-0.5	-0.36	0.049	0.0	0.352	0.0	0.0	-0.847	0.191	0.0	0.0	0.0	0.683	0.0	-0.261	0.0	0.045	-0.292	0.0	-0.734	0.104	-0.7	0.0	0.0	-0.534	-0.273	-0.226	0.0	-0.59	0.0	0.0	-0.344	-0.172	0.0	0.0	-1.055	-0.138	-0.694	0.123	0.331	0.121	-0.115	0.048	0.0	-0.463	-0.6	-0.347	-0.121	-0.497	-0.949	-0.324	0.0	0.18	0.0	0.0	0.0	-0.099	0.0	-0.006	0.0	0.0	0.0	0.0	0.052	-0.352	-0.139	0.0	-0.375	0.0	0.031	0.064	-0.345	0.003	0.369	0.0	0.0	0.0	-0.247	0.0	0.0	0.364	-0.315	-0.189	-0.164
free_topic	Cap-9b25_11_sheep-11	0.0	0.0	0.0	0.0	0.1	0.0	0.0	-0.769	0.0	0.169	-0.154	0.0	0.0	-0.447	0.0	0.0	0.348	-0.334	0.0	0.0	0.0	0.093	-0.539	0.0	0.0	0.0	0.0	-0.465	-0.762	0.708	0.231	0.0	0.0	0.0	0.0	-0.006	0.0	-0.065	0.0	-0.003	-0.055	0.0	-0.133	0.0	0.079	0.0	-0.076	0.012	-0.44	0.0	0.0	0.0	0.0	0.0	0.0	0.5	-0.203	-0.109	0.521	-0.061	0.139	-0.384	0.0	0.0	0.0	-0.302	0.0	0.0	-0.851	-0.694	0.121	-0.498	0.064	0.0	-0.62	-0.056	0.0	0.0	-0.344	0.0	-0.593	0.0	0.003	0.0	0.0	0.0	-0.247	-0.643	0.0	0.0
free_topic	Cap-9b25_11_sheep-17	-0.178	0.0	0.0	0.0	0.79	0.0	0.0	0.055	0.0	0.0	-0.109	0.0	-0.827	0.0	0.0	-0.299	0.106	0.0	0.0	0.0	0.0	0.0	-0.003	-0.612	0.0	0.0	0.0	-0.491	0.0	-0.166	0.0	0.3	-0.325	0.0	0.0	0.0	0.139	0.0	0.0	0.0	0.0	0.047	-0.039	0.0	0.0	-0.011	-0.161	-0.879	0.0	0.0	0.0	0.0	0.0	0.0	0.268	0.0	0.022	0.342	-0.634	-0.061	-0.286	-0.62	0.0	0.0	0.708	0.0	0.0	0.0	0.0	0.02	0.0	-0.321	0.0	-0.451	-0.259	0.0	0.0	0.0	0.0	0.0	0.177	0.0	0.139	0.0	-0.442	0.0	0.0	0.0	0.0	-0.055
free_topic	Cap-9b25_12_markhor-15	-0.597	0.0	0.027	-0.296	1.105	0.124	-0.208	-1.209	-0.168	-0.093	-0.515	0.0	-0.392	-0.534	-0.173	-1.359	0.377	0.09	-0.51	0.691	-0.475	0.122	-0.353	-0.462	0.408	0.369	0.039	-0.746	0.05	-0.212	-0.915	0.983	-0.368	-0.7	0.0	-0.52	0.231	-0.486	-0.027	-0.842	-0.008	-0.103	-0.65	-1.292	-0.482	0.0	-0.841	0.0	-0.427	-0.482	0.0	-0.158	-0.048	-0.621	-0.403	-0.709	-0.243	0.0	0.019	0.364	-1.176	-0.018	0.0	0.0	-1.231	-0.255	-0.629	-0.511	-2.068	-0.288	0.0	-0.895	0.0	0.0	0.297	0.435	-0.612	0.0	-0.686	-0.731	-0.69	0.0	0.21	-0.555	-0.809	0.0	0.06	-0.629	-0.044	-0.288
free_topic	Cap-9b25_14_Capra-11	0.538	-0.219	0.0	0.0	0.0	1.214	-0.517	0.0	0.0	0.0	-0.41	-0.167	0.0	-0.151	0.0	0.0	0.068	0.0	-0.078	0.0	0.0	0.065	-0.83	0.0	-0.346	0.0	0.0	-0.005	0.0	-0.525	0.022	0.0	-0.421	0.0	-0.113	-0.644	0.0	0.0	0.0	-0.725	0.217	0.0	0.0	0.0	-0.348	-0.855	0.0	-0.0	-0.099	0.0	0.0	0.0	0.0	0.308	-0.188	-0.45	0.408	0.0	0.0	-0.061	0.0	0.0	-0.006	-0.37	0.0	0.0	0.0	0.0	0.0	0.0	0.0	-0.151	-0.3	0.0	0.0	0.0	0.0	0.0	-0.551	0.0	0.265	0.0	0.0	0.0	0.0	0.0	-0.731	0.0	0.0	0.0
free_topic	Cat-605b_105_cows-18	0.348	0.024	0.881	0.366	-0.459	-0.491	0.0	0.0	-0.124	0.0	0.106	0.0	-0.07	-0.121	0.0	0.0	0.0	0.0	0.0	0.224	-0.821	0.0	0.0	-2.137	0.0	-0.212	0.831	0.0	0.0	0.159	0.04	0.125	-0.184	-0.903	0.0	-0.947	-0.029	0.391	-0.539	0.264	-0.542	0.483	0.0	-0.293	0.218	-0.407	-0.696	0.396	0.054	-0.013	-0.259	-0.106	0.0	0.0	0.0	-0.413	-0.923	0.0	-0.226	0.09	-0.703	0.0	-0.676	-0.302	-0.576	-0.138	-0.133	-0.403	-1.103	-0.45	-0.052	-0.941	0.0	-1.02	0.0	0.366	0.0	0.0	-0.551	-0.146	-0.018	0.515	0.0	0.0	0.0	-0.133	-0.491	0.409	0.274	0.0
free_topic	Cat-605b_112_cows-9	0.255	-1.613	0.458	-0.05	0.156	0.0	-0.109	0.181	0.0	-0.668	0.0	-0.684	0.0	0.0	-0.329	0.0	0.0	-0.549	0.426	0.0	-0.127	-0.058	0.0	0.514	-0.675	-0.018	0.541	-0.529	-0.338	0.0	0.079	-1.005	0.453	0.0	-0.061	0.0	-0.663	-0.288	-0.493	-0.065	0.0	0.0	-0.038	-1.21	-0.51	-0.036	-0.431	-0.134	-0.127	-0.493	0.56	-0.524	0.0	-0.485	-0.069	-0.126	-0.343	0.111	0.141	-0.054	-0.142	0.0	0.099	0.239	0.406	-0.434	0.0	-0.281	0.143	0.0	0.07	-0.525	0.0	-0.286	-0.045	0.037	0.0	-0.649	0.0	0.0	0.0	0.275	0.0	0.0	-0.393	-0.316	0.0	0.0	-0.49	0.476
free_topic	Cat-605b_124_sheep-20	0.0	-0.385	0.515	0.043	-0.382	0.0	-0.349	0.0	0.0	-0.408	0.0	0.234	0.0	0.0	-0.292	0.0	-0.212	0.364	0.0	0.0	0.0	0.0	-0.253	0.0	-0.159	0.0	-0.451	0.0	-0.224	0.0	0.0	-0.514	0.0	0.0	0.062	0.0	0.0	0.211	0.0	0.0	0.0	0.0	0.321	0.0	-0.635	0.0	0.0	0.0	0.0	-0.204	-0.853	0.742	0.0	0.0	0.0	-1.505	0.0	0.0	-0.626	0.0	0.0	0.0	-0.661	0.0	0.0	-0.339	0.0	-0.327	-0.742	-0.343	0.191	-0.364	-1.242	0.0	0.0	0.366	0.0	0.0	0.0	0.0	0.146	0.0	0.0	0.0	0.0	-0.178	-0.202	-0.314	0.0	0.212
free_topic	Cat-605b_142_cow-8	0.0	0.29	0.393	-0.48	-0.625	0.0	0.0	-0.325	-0.348	-0.365	-0.347	0.0	0.0	-1.213	0.0	-0.436	0.0	-0.653	0.0	0.0	0.0	-0.087	0.0	0.274	0.0	0.163	0.021	-0.373	-0.046	-0.264	-0.66	0.297	-0.429	-0.294	0.0	0.019	0.171	0.0	0.0	0.363	0.2	0.084	-0.085	0.0	-0.051	0.0	0.046	0.0	-0.552	0.053	0.65	-0.26	0.029	0.353	-0.551	-0.808	0.0	-0.162	-1.24	0.028	-0.452	-0.173	0.0	-0.439	0.308	-0.697	-0.061	0.0	-0.436	0.0	0.01	-1.086	0.674	-0.501	-0.528	-0.018	0.0	0.0	0.0	0.08	0.0	0.0	-0.593	-0.12	0.0	0.352	-0.694	0.0	-0.192	0.0
free_topic	Cat-605b_145_bovine-19	0.0	-0.173	0.0	0.369	0.0	-0.523	-0.006	0.0	0.0	0.0	0.0	0.0	0.0	0.0	0.0	-0.051	-0.569	0.0	0.0	0.0	0.0	-0.531	-0.505	0.0	0.0	0.146	0.0	0.0	0.0	0.204	0.0	-0.621	0.0	0.0	0.0	0.0	0.0	-0.344	0.0	0.0	-0.265	0.0	0.0	-0.218	0.0	0.0	0.0	-0.551	0.0	0.0	0.0	-0.168	0.0	0.0	-0.043	0.0	0.189	0.0	0.0	-0.004	0.0	0.0	0.0	0.0	0.0	0.05	0.0	0.0	0.0	0.0	0.0	1.461	0.0	0.0	0.0	0.0	0.205	0.0	-0.001	0.0	0.365	0.0	-0.392	0.0	0.0	0.352	0.0	0.0	0.0	0.0
free_topic	Che-369e_166_springbok-28	0.663	-0.457	-1.134	0.0	0.666	0.342	0.323	-0.566	0.525	-0.979	-0.462	0.0	-0.172	-0.53	-0.572	-2.523	-0.758	0.313	0.319	-0.086	0.0	-1.042	0.706	-0.629	-0.293	-0.315	0.2	-0.757	0.0	0.392	0.159	0.272	-0.309	-1.259	0.0	-1.006	0.0	0.046	0.944	-0.086	0.298	0.167	0.0	0.0	0.42	0.154	-0.998	-0.238	0.372	0.073	0.0	0.553	-0.612	-1.104	0.0	-0.061	-1.361	-0.48	-0.062	0.05	-0.694	0.0	-0.481	-0.393	0.087	-0.543	0.108	-0.166	-0.38	0.318	-0.76	-0.565	0.0	-1.232	-1.2	0.0	0.0	-0.045	0.652	0.157	-0.234	0.0	0.0	-0.019	-1.215	-0.133	0.058	0.539	-0.045	0.0
free_topic	Che-369e_280_springbok-32	0.081	0.0	-0.006	0.0	-0.107	0.197	0.0	-0.143	0.237	0.083	-0.71	-0.551	0.0	0.038	-0.394	0.392	-0.999	-0.743	-0.181	0.0	0.0	-0.226	0.638	0.016	0.645	0.028	-0.477	0.0	1.479	0.191	0.099	0.085	-0.934	-0.546	-0.45	0.0	0.0	-0.559	-0.109	-0.912	0.0	-0.392	0.0	-0.615	0.711	-0.23	-0.776	-1.356	-0.224	0.0	1.52	-0.07	-1.187	-0.523	-0.651	-0.341	-0.82	-0.278	-0.169	-0.16	-0.73	-0.146	-0.607	-0.287	0.15	0.0	-0.214	-0.628	0.178	-0.073	-0.006	-1.69	-0.718	-0.574	-0.523	-0.974	-1.119	-0.966	-0.099	0.0	-0.41	0.0	0.0	-0.13	-0.106	0.646	-0.025	0.888	-0.608	-0.513
free_topic	Che-369e_376_blackbuck-24	0.0	-0.515	0.089	0.0	-1.106	0.375	0.076	-0.264	-0.006	-0.613	-0.357	0.0	0.0	-0.707	0.033	0.0	-0.107	0.0	0.0	0.347	0.116	-0.501	-0.32	-0.325	0.0	0.099	0.0	-0.131	0.0	-0.489	-0.344	0.0	-0.555	-0.193	0.0	-0.07	0.868	-0.721	0.0	-0.305	0.298	0.0	-0.018	0.0	-0.051	0.184	-0.544	-0.323	0.0	-0.903	-0.419	-0.268	-0.05	0.0	-0.924	-1.452	-0.113	-0.085	-0.41	-0.305	0.261	0.0	0.584	0.0	0.308	-0.845	-0.318	0.0	-1.351	-0.134	-1.009	0.101	-0.035	0.0	0.0	-0.376	-0.069	0.0	-0.251	-0.176	0.0	0.0	-0.007	0.0	-0.27	-0.108	-0.542	0.0	-0.006	0.0
free_topic	Chi-171d_66_cow-15	0.466	0.0	0.0	0.0	0.0	-0.152	0.0	-0.153	0.0	0.0	0.0	0.0	0.0	-0.597	0.0	0.0	0.0	0.0	0.49	0.0	0.0	-0.22	-0.792	-0.425	-0.305	0.0	-0.233	0.0	-0.488	-0.128	0.0	-0.74	0.0	-0.304	0.0	0.0	0.0	0.0	0.0	-0.088	-0.319	-0.171	-0.183	0.0	0.0	0.016	0.0	0.037	0.0	0.0	0.005	-0.474	0.0	0.051	-0.13	0.0	0.23	-0.81	0.0	0.0	0.0	-0.253	-0.259	-0.201	0.0	0.0	0.0	0.0	0.0	0.0	0.0	-0.151	0.032	0.0	0.0	0.0	0.0	0.0	-0.75	-0.309	-0.337	-0.337	0.0	0.0	0.0	0.0	0.0	-0.367	0.0	0.0
free_topic	Com-f222_504_sheep-16	0.0	0.0	0.44	-0.272	-0.127	0.0	-1.095	-0.068	-0.151	-0.746	0.0	0.0	0.0	0.085	-0.174	0.0	0.0	-0.113	-0.415	0.72	0.116	-0.312	-0.305	0.0	0.0	0.393	-0.463	-0.173	-0.223	0.0	-1.148	-0.864	-0.221	0.342	0.009	-0.07	0.284	-0.447	0.0	-0.305	-0.553	0.0	-0.018	-0.521	0.0	0.0	1.051	0.0	0.0	-0.785	0.341	-0.727	-0.266	0.0	0.0	-0.703	0.064	0.0	0.0	0.775	-0.205	-0.259	-0.542	0.468	0.0	-0.257	-0.491	-0.07	-0.262	-0.149	-0.331	0.147	-0.147	0.0	0.0	0.296	0.026	-0.018	-0.403	0.122	0.0	0.0	0.3	-0.099	-0.109	0.0	-0.542	0.0	0.0	0.0
free_topic	Cop-86c6_68_cow-22	0.0	-0.536	0.0	0.0	0.0	0.0	0.0	-1.796	0.0	0.0	0.0	0.0	0.0	0.0	0.0	-0.442	0.0	0.0	0.282	0.177	0.0	-0.187	-0.787	-1.686	0.591	-0.632	0.0	0.0	0.0	-0.245	0.0	0.0	0.0	0.0	0.0	-0.572	0.0	0.893	-0.929	0.0	-1.529	-0.4	-0.331	-0.613	0.0	0.0	-0.112	0.301	0.0	0.14	0.035	-0.638	0.0	-0.439	0.316	0.0	0.314	0.364	-0.519	0.31	0.0	0.0	0.0	0.176	0.0	-0.01	0.0	-0.246	0.097	0.177	0.0	0.688	-0.376	-0.866	0.0	0.0	0.291	0.17	-0.505	0.0	-0.13	0.0	0.0	0.257	0.0	-0.402	0.0	0.0	0.0	0.0
free_topic	Cou-56f5_289_sheep-33	-0.365	-1.182	-0.327	-0.409	0.0	-0.039	-0.618	-0.133	-0.268	-0.561	0.248	-0.315	1.186	-1.007	0.182	0.798	-0.997	-0.423	0.804	0.0	0.0	0.0	-0.198	-0.05	-0.661	0.767	-0.824	-0.059	0.0	-2.594	0.0	0.0	0.0	-0.138	0.0	-0.398	-0.225	0.0	0.0	1.083	-0.032	0.0	0.0	-0.468	0.371	-0.846	0.064	0.164	-0.274	-0.033	-0.444	-0.019	0.0	-1.007	-0.712	-0.141	-1.464	-0.38	-0.102	0.036	0.0	0.102	0.466	0.413	-1.498	-0.263	-1.472	-0.239	0.0	0.0	0.0	0.999	-0.22	-0.328	0.258	-0.098	0.0	0.005	0.0	0.582	0.379	-0.146	-0.688	-0.448	-1.927	0.298	-0.146	0.0	-0.763	0.0
free_topic	Cou-56f5_289_sheep-42	0.0	0.0	0.173	0.129	-0.5	-0.133	-0.649	-0.746	0.027	-0.884	0.094	0.0	0.109	-0.377	0.338	0.0	-0.026	-0.266	-0.355	-1.145	0.475	0.0	0.028	-0.096	0.0	-0.142	-0.016	0.217	0.0	-0.61	0.0	0.0	0.0	0.132	0.0	0.0	0.405	0.0	0.0	0.128	-0.64	0.0	-0.419	-1.215	0.0	-0.029	0.208	0.0	-0.102	0.343	0.183	1.46	0.161	-0.405	0.0	-0.105	0.461	0.248	-1.454	0.372	0.288	-1.274	0.653	-0.039	-0.269	-0.84	-0.491	0.712	-0.147	-0.512	0.288	-0.68	-0.164	0.0	-0.21	0.187	0.0	-2.158	-0.324	0.0	-0.327	-0.263	-0.166	0.0	-0.109	-0.469	0.0	0.504	0.0	0.0
free_topic	Cou-56f5_290_sheep-25	0.504	-0.061	0.0	-0.687	-2.589	-0.306	0.0	-0.294	-0.552	1.146	0.0	0.0	-0.138	0.139	0.597	-0.322	0.0	3.276	0.0	-1.543	0.126	-0.032	0.0	-0.57	0.0	-0.184	0.0	0.0	0.0	0.06	-0.637	0.767	-0.32	0.95	-0.212	-0.351	-0.251	0.0	-0.133	0.496	-0.443	-0.037	-0.528	-2.299	-0.498	0.109	-1.067	0.0	-0.648	-0.179	0.0	0.0	-0.511	-0.006	-0.243	0.0	-0.817	0.0	-0.643	-1.066	-0.142	0.0	0.311	0.217	-0.22	-0.222	-0.039	0.156	0.0	-0.643	0.197	0.157	-1.789	-1.025	-0.429	0.0	0.374	0.0	-2.52	0.675	0.0	0.0	0.0	-0.512	0.112	-0.007	0.0	0.0	0.0	-0.633
free_topic	Cou-56f5_291_sheep-5	0.006	0.0	0.564	0.0	0.0	-0.461	0.0	0.0	0.0	-0.509	-0.064	0.0	-0.098	0.0	0.855	-0.339	0.0	-0.636	0.0	-0.001	-0.106	0.0	0.0	0.0	-0.556	0.0	0.0	0.0	0.0	0.292	0.0	0.0	0.0	-0.659	-1.553	0.041	0.0	-1.11	-0.444	-0.745	-0.895	0.0	0.0	-0.006	0.74	0.0	0.0	0.483	0.0	0.0	0.0	-0.199	-0.403	0.307	0.0	0.0	0.0	0.0	0.0	0.0	0.143	0.22	-0.937	0.0	-0.084	-0.266	0.0	-0.362	0.0	0.0	0.0	-0.347	-0.55	0.0	0.0	0.0	-0.212	0.0	0.0	0.0	0.0	-0.355	-0.122	0.0	0.0	-0.578	0.352	0.0	0.0	0.0
free_topic	Coy-1bf1_272_sheep-24	0.574	-0.714	0.0	-0.206	-2.133	0.0	0.0	0.0	-1.693	-0.178	0.0	0.122	0.094	-0.588	0.0	-4.16	0.025	9.772	-0.633	-13.906	0.0	-0.502	-0.358	-0.3	-0.668	-0.154	0.0	0.0	0.461	-0.105	-2.428	0.0	1.732	-0.402	0.0	0.0	-0.027	0.0	-0.532	0.0	-0.586	-0.06	-0.827	0.0	-0.062	-1.014	-2.722	0.0	0.0	-1.084	0.839	-0.249	0.0	-0.067	-0.438	0.469	0.0	0.0	0.0	-0.032	-5.471	0.0	0.4	-0.663	-0.613	-1.055	-0.306	-0.696	0.41	-2.79	0.0	-0.522	0.788	0.251	-1.355	-0.801	0.0	-0.287	-6.402	-0.037	0.005	-0.428	0.0	0.018	0.0	0.0	0.0	0.0	0.083	0.338
free_topic	Cra-2aca_32_sheep-12	0.0	0.0	0.515	0.012	-0.459	-0.362	0.0	0.0	0.0	-0.574	0.0	0.181	0.0	0.0	-0.72	0.0	-0.561	0.0	0.392	0.0	-0.202	0.0	0.0	0.0	-0.43	0.0	-0.032	0.0	0.461	0.0	0.0	-0.381	0.0	-0.287	0.0	-0.018	0.0	0.057	0.0	0.0	0.0	-0.223	0.0	0.01	-0.675	0.0	0.0	0.0	0.0	-0.013	0.213	-0.438	0.0	0.0	0.0	-0.306	0.0	-0.418	0.0	0.0	-0.447	0.0	-0.092	0.0	0.0	-0.961	0.0	-0.108	-0.138	0.0	0.0	-0.247	0.0	0.0	0.0	0.366	0.181	0.393	0.0	0.0	0.281	0.0	0.0	0.0	0.0	0.0	0.0	0.0	0.0	0.49
free_topic	Cra-2aca_69_cow-26	0.304	0.0	0.0	0.0	0.0	-0.962	-0.41	0.205	0.251	0.0	0.308	-0.523	0.0	0.0	0.0	0.0	0.0	0.0	0.096	0.0	0.0	-0.174	-0.536	-0.338	-0.519	0.0	0.348	0.0	0.0	-0.135	0.0	-0.624	0.0	-0.535	0.0	0.0	0.0	-0.051	0.0	-0.014	-0.338	0.414	0.0	0.277	0.0	0.0	0.0	0.09	-0.061	0.0	-0.205	0.0	0.0	0.272	-0.156	0.0	0.563	-1.25	0.0	0.0	0.0	-0.236	-0.592	0.092	0.0	0.0	0.0	0.0	0.0	0.0	-0.352	-0.397	0.0	0.0	0.0	0.0	0.0	-0.006	-0.465	-0.439	-0.84	-0.217	0.0	0.0	0.0	0.0	0.0	0.0	0.0	0.0
free_topic	Cro-5646_326_sheep-14	-0.884	-0.604	0.0	0.112	0.39	-0.651	-0.133	-0.945	-0.231	-0.65	0.0	0.003	0.0	0.0	0.357	-0.365	0.0	-0.482	-0.404	-0.436	0.0	-0.203	0.0	-0.367	0.0	-1.147	0.0	-0.217	0.0	-0.465	-0.856	0.564	-1.24	-0.566	-0.461	0.0	0.065	0.0	-0.54	-0.008	0.0	0.306	-1.497	-0.75	-0.5	-0.152	0.366	0.0	0.02	-0.072	0.37	-0.687	-0.136	0.0	0.0	-0.104	0.282	0.0	0.508	0.424	0.0	-0.628	-0.109	-0.252	-0.312	0.0	-0.756	0.0	0.267	-0.516	0.0	-0.091	-0.661	0.0	0.0	0.0	0.0	0.274	-0.061	-0.31	0.0	-0.535	0.0	0.046	-0.109	0.0	-0.197	0.0	0.0	-0.127
free_topic	Cro-5646_327_sheep-22	0.0	-0.061	-0.29	0.0	0.05	-0.414	-0.183	0.0	0.0	0.046	0.0	0.0	-0.351	0.0	0.0	0.276	0.0	0.0	0.0	0.0	0.0	-0.24	-0.927	0.0	-0.003	-0.336	0.0	0.235	0.0	-0.032	0.0	0.181	-0.353	-0.139	0.0	0.0	0.0	0.0	0.0	0.0	-0.445	0.0	0.0	-0.872	0.0	0.0	0.0	-0.621	-0.343	0.0	0.0	-0.037	0.0	-0.181	-0.964	0.0	0.532	0.0	0.0	-0.091	0.0	0.0	0.673	0.0	0.0	0.0	0.0	-0.332	0.0	0.0	0.0	1.008	0.0	-0.026	0.0	0.0	0.139	0.0	0.103	0.0	-1.109	0.0	-0.228	0.0	0.0	-0.146	0.0	0.0	0.0	0.0
free_topic	Cro-5646_347_Capra-15	0.538	0.0	0.0	0.0	-0.21	0.036	0.0	0.0	0.0	0.0	0.0	0.0	0.0	0.0	0.0	0.0	-0.3	0.0	0.0	0.324	-0.522	-0.518	-0.513	0.0	0.578	0.0	0.0	0.0	0.0	0.01	0.022	0.0	0.0	0.0	-0.371	-0.05	-0.638	0.0	0.0	-0.725	0.071	0.0	0.0	0.0	0.0	-0.351	0.0	-0.006	0.0	0.0	0.0	0.0	0.0	0.0	-0.103	0.0	0.621	0.0	0.0	0.39	0.0	0.0	0.0	0.0	0.0	0.0	0.0	0.0	0.0	0.0	-0.169	-0.461	0.0	-0.172	0.0	0.0	0.0	0.0	0.175	0.0	0.349	0.0	-0.257	0.0	-0.429	0.0	0.0	0.0	0.0	0.0
free_topic	Dal-d353_104_sheep-3	-0.518	0.808	-0.217	-0.24	0.398	0.048	-0.41	-0.165	0.0	0.683	0.232	0.0	0.0	-0.392	-0.57	0.487	0.053	0.0	0.0	0.44	0.0	-0.117	-0.755	-0.224	-0.089	0.0	-0.233	0.0	0.0	-0.177	-0.491	-0.313	-0.257	0.0	-0.058	0.0	-0.35	0.0	0.0	0.0	-0.467	0.0	0.0	0.0	0.256	0.508	0.0	-0.29	-0.109	-0.051	0.259	-0.218	-0.3	0.197	0.473	0.0	-0.607	0.0	0.0	-0.165	0.0	0.034	0.684	0.09	0.101	0.0	0.0	0.138	0.0	-0.199	0.0	0.218	0.0	0.358	0.0	0.0	0.0	0.0	-0.267	0.0	-0.404	0.0	0.0	-0.523	-0.316	0.0	0.0	0.0	0.0	0.0
free_topic	Dal-d353_107_sheep-6	0.0	0.0	0.393	0.0	-0.625	0.0	0.0	0.0	0.022	-0.318	0.0	0.0	0.0	0.234	0.0	0.0	0.0	-0.642	0.0	0.0	0.0	0.0	0.0	0.0	0.0	0.0	0.0	0.0	0.0	0.0	-0.411	-0.768	-0.005	0.451	0.0	0.0	0.418	0.0	0.0	0.0	0.0	0.0	0.0	0.0	0.0	0.0	-0.407	0.0	0.0	-0.07	0.135	-0.11	0.0	0.0	0.0	-0.308	0.0	0.0	0.0	-0.364	-0.094	0.0	0.0	0.494	0.0	-0.305	0.0	0.0	-0.397	0.0	0.068	-0.542	-0.232	0.0	0.0	-0.018	0.0	0.0	0.0	0.238	0.0	0.0	0.205	-0.235	0.0	0.0	0.0	0.0	0.0	0.0
free_topic	Dal-d353_12_sheep-14	0.0	-0.006	0.0	0.0	0.712	-0.256	0.0	-1.417	0.0	0.0	0.0	0.0	0.219	-1.177	-0.514	-0.057	0.345	0.0	-0.051	-0.006	0.0	-0.41	0.33	0.07	0.0	0.0	-0.695	0.207	0.0	-0.061	-0.751	0.28	0.0	-0.398	0.0	0.0	-0.222	1.135	0.0	-0.34	0.298	0.0	0.0	-0.157	0.0	0.0	0.0	0.0	0.0	-0.238	0.0	-0.684	0.258	-0.057	0.123	-0.472	-0.497	0.0	0.0	-1.063	0.0	0.0	0.0	-0.759	0.62	-0.324	0.0	-0.238	-0.687	-0.169	0.0	-0.899	-0.787	0.305	0.0	0.0	0.0	0.0	0.0	0.0	0.0	0.0	-0.448	0.0	-0.004	0.051	0.0	0.0	-0.006	-0.125
free_topic	Dal-d353_15_sheep-10	0.504	0.0	-0.654	-0.06	0.0	-0.483	0.143	0.584	0.0	0.208	-0.475	0.0	0.0	0.0	-0.204	-0.522	-0.519	0.0	0.0	0.0	0.0	-0.307	-0.293	-0.793	0.876	-1.077	0.348	0.0	0.0	-0.256	0.173	0.723	0.159	-0.685	0.0	0.0	0.0	0.0	0.0	-1.286	0.207	-0.666	-0.352	-0.308	0.0	0.0	0.0	-0.991	-0.377	0.0	0.0	-0.932	0.0	-0.542	-1.284	0.031	0.62	-0.81	0.0	0.0	-0.217	-0.265	-0.251	-0.117	-0.108	-0.525	1.887	0.546	-1.057	0.066	-0.093	0.072	0.0	0.293	0.0	0.0	-0.357	-0.19	-0.574	0.0	0.33	-0.31	-0.122	0.0	0.111	0.0	0.0	-0.075	0.0	0.0
free_topic	Dal-d353_16_sheep-7	0.0	-0.695	-0.699	0.0	0.4	-0.579	0.0	-0.305	-0.143	-0.271	0.0	0.0	0.0	0.353	0.0	0.0	-0.163	-0.745	0.0	0.0	0.0	-0.237	-0.225	-0.386	0.0	-0.411	0.0	0.0	0.308	0.694	-0.696	0.0	-0.683	-0.161	0.0	0.0	-0.069	0.074	0.0	0.0	1.281	-0.049	-1.026	-0.354	0.0	-0.621	-0.448	0.006	0.0	0.0	0.28	-0.13	0.0	-0.481	0.403	-0.242	-0.005	0.0	-0.281	-0.157	-0.012	-0.5	-0.329	-0.543	0.0	0.0	0.0	0.0	0.0	0.598	0.604	-0.56	0.0	0.429	0.0	0.0	-0.407	0.0	0.427	-0.534	-0.118	0.0	-0.278	0.246	-0.379	0.0	0.0	0.0	0.0	0.0
free_topic	Dam-2357_102_topi-16	-0.783	-0.646	0.631	-0.772	-1.777	-0.66	-0.297	-0.725	-0.532	-0.737	0.0	-0.656	-0.118	-0.431	0.0	0.0	-0.619	0.0	-0.454	-0.313	0.042	0.307	-0.724	-0.357	-0.201	-0.539	0.0	0.14	-0.178	0.0	-0.487	-0.474	-1.189	0.278	-0.502	0.0	-0.226	-0.189	-0.162	0.0	-0.404	0.0	0.0	-0.061	-0.051	0.0	0.0	0.186	-0.686	-0.07	0.0	0.011	0.234	-1.377	-0.951	-1.807	0.41	-0.39	-0.41	-0.587	-0.155	-0.489	0.0	0.695	-0.432	-1.125	0.054	-0.307	-1.159	-0.31	0.505	-1.272	-0.409	0.0	0.579	-0.012	-1.186	0.0	0.0	-0.089	-0.145	-0.309	-0.795	-0.108	0.0	0.0	0.0	0.0	0.0	0.0
free_topic	Dam-2357_136_topi-5	0.0	0.0	0.393	0.0	-0.625	0.0	0.0	-0.566	-0.006	-0.193	0.0	0.0	0.0	-0.694	0.0	0.0	0.0	-0.032	0.0	0.145	-0.238	-0.173	0.0	0.05	0.0	0.0	0.0	-0.569	0.0	0.0	0.0	-0.496	-0.523	0.049	0.0	0.06	0.229	-0.149	0.0	0.369	-0.323	0.0	0.0	0.0	0.03	0.0	0.0	0.0	0.0	-0.07	-0.072	0.473	-0.067	0.0	-0.551	0.041	0.0	0.204	-0.41	0.011	0.064	0.0	0.0	0.0	0.308	-0.324	-0.061	0.0	-1.252	0.0	0.0	-0.542	0.0	0.0	-0.344	-0.018	0.0	0.0	0.0	0.0	-0.82	0.0	-0.326	-0.713	0.0	0.0	0.0	0.0	-0.006	-0.016
free_topic	Dam-2357_136_wildebeest-32	-0.006	0.0	0.564	-0.149	-0.403	-0.586	0.0	-0.566	0.0	-0.233	0.0	0.0	0.0	-0.534	-0.062	0.0	-0.399	0.0	0.117	-0.051	0.0	0.0	-0.388	0.0	0.042	0.0	0.081	0.0	-0.129	0.0	0.0	-0.713	0.0	-0.398	-0.41	0.0	0.0	-0.396	0.0	-1.027	0.298	0.096	0.0	0.0	-0.469	0.0	0.0	-0.327	-0.392	-0.184	-0.484	-0.496	0.258	0.0	0.0	-0.212	0.38	0.083	0.0	0.0	0.0	0.0	-0.368	0.0	0.0	-0.306	0.0	-0.532	-0.335	0.0	0.0	0.101	-0.013	0.0	0.0	-0.106	0.373	-0.251	0.0	-0.419	-0.789	0.0	-0.527	0.0	0.0	0.0	-0.523	-0.027	-0.006	0.73
free_topic	Dam-2357_139_topi-3	0.013	-0.513	0.396	-0.319	-0.581	0.0	-0.347	-0.719	0.0	0.318	0.0	0.0	0.0	-0.603	0.0	0.0	-0.202	-0.363	0.0	0.0	-0.59	0.0	-0.381	-0.656	-0.329	0.0	-0.562	0.0	-0.304	-0.059	-0.387	-0.188	-0.431	-1.08	-0.263	0.296	0.0	0.0	0.0	-0.732	0.749	0.0	0.0	-0.694	-0.245	-0.674	-0.316	0.0	0.0	-0.156	0.426	-1.095	-0.098	-0.3	0.0	0.0	-0.891	0.0	0.0	-0.389	0.332	-0.265	-0.378	0.0	0.0	0.352	0.0	0.0	-0.268	0.0	-0.67	-0.772	-0.06	-0.268	0.36	0.0	0.0	0.0	0.0	0.379	0.0	0.0	0.0	0.193	0.0	0.437	-0.039	-0.55	-0.192	-0.474
free_topic	Dam-2357_143_Damaliscus-5	0.304	0.0	0.0	0.563	0.0	-0.605	-0.229	0.0	0.0	0.0	0.308	-0.523	0.0	0.0	0.0	0.0	0.0	0.0	0.0	0.0	0.0	-0.192	-0.488	-0.507	0.0	0.0	0.522	0.0	0.0	-0.151	0.301	0.0	-0.111	-0.277	0.0	0.0	0.0	-0.051	0.0	-0.014	0.369	0.1	0.0	0.0	0.0	0.0	0.0	0.09	-0.061	0.0	0.0	0.0	0.0	0.439	-0.056	0.0	0.575	-0.901	0.0	-0.006	-0.613	-0.236	-0.617	-0.012	0.0	0.0	0.0	0.0	-0.815	0.0	0.0	-0.282	0.0	0.0	0.0	0.0	0.0	-0.006	-0.395	-0.082	0.391	-0.163	0.0	0.0	0.307	0.0	0.0	0.0	0.211	0.0
free_topic	Dam-25d4_1_Damaliscus-1	0.0	0.0	0.0	0.0	0.0	0.0	0.0	0.0	0.0	0.0	0.0	0.0	0.0	0.0	0.0	0.0	0.0	0.0	0.0	0.0	0.0	0.0	0.0	0.0	0.0	0.0	0.0	0.0	0.0	0.0	0.0	0.0	0.0	0.0	0.0	0.0	0.0	0.0	0.0	0.0	0.0	0.0	0.0	0.0	0.0	0.0	0.0	0.0	0.0	0.0	0.0	0.0	0.0	0.0	0.0	0.0	0.0	0.0	0.0	0.0	0.0	0.0	0.0	0.0	0.0	0.0	0.0	0.0	0.0	0.0	0.0	0.0	0.0	0.0	0.0	0.0	0.0	0.0	0.0	0.0	0.0	0.0	0.0	0.0	0.0	0.0	0.0	0.0	0.0	0.0
free_topic	Dam-25d4_2_Damaliscus-1	-0.455	0.0	0.363	0.0	-0.779	-0.301	-0.597	-0.318	0.352	0.093	0.0	0.0	-0.099	0.0	0.0	0.0	-0.537	-0.465	-0.198	0.275	0.0	0.0	-0.781	0.128	0.343	-1.382	-0.646	-0.635	0.0	0.576	-0.006	0.0	0.366	0.485	-0.172	-0.45	-0.49	0.022	-0.709	-0.225	0.0	0.0	-0.669	0.0	0.077	-0.085	-0.56	0.386	-0.705	-0.611	-0.243	-0.386	-0.595	0.006	-0.198	0.117	-0.07	0.0	-0.731	0.347	-1.225	0.0	0.284	-0.469	-0.239	0.0	-0.348	-0.089	-0.126	0.627	0.1	-1.614	0.0	-0.316	-0.546	0.0	0.958	0.0	0.0	0.0	-0.396	0.0	0.0	-1.119	0.0	-1.028	-0.468	-0.65	-0.622	0.0
free_topic	Dee-529a_134_sheep-19	0.735	-0.061	0.0	0.296	-0.122	0.0	0.0	-0.032	-0.225	-0.611	0.0	0.224	0.075	0.0	0.217	-0.026	0.0	0.617	0.0	-0.729	-0.246	0.107	-0.028	-0.635	0.0	0.0	0.0	-0.293	0.0	0.612	-0.639	0.0	0.392	-0.441	0.0	0.0	-0.523	0.075	-0.887	0.073	0.0	0.0	0.0	0.0	-0.687	-1.486	-0.426	-0.626	-0.606	0.196	0.0	0.0	-0.511	-0.422	-0.109	0.0	0.0	0.005	0.0	0.0	-0.176	0.0	-1.012	0.0	-0.782	0.0	0.0	-0.47	0.0	-1.05	-0.941	0.139	-0.083	-1.053	0.3	-0.715	0.0	0.0	-0.669	0.0	-0.594	0.44	0.0	-0.329	0.0	0.0	0.0	0.0	0.0	-0.131
free_topic	Dee-529a_17_cow-23	-0.007	-0.057	0.169	-0.329	-1.466	-0.316	-0.394	-0.804	0.0	-1.329	-0.621	-0.658	0.0	-0.649	0.1	0.146	-0.393	-0.353	0.0	-0.257	-0.842	1.097	-0.559	0.0	-0.942	0.0	0.663	-0.633	0.06	-0.064	0.102	-0.421	0.204	-0.495	0.0	-0.912	0.0	0.0	0.176	-0.843	-0.086	0.0	-0.38	0.0	-0.569	-1.046	-0.211	0.348	-0.305	-0.579	0.0	-1.418	-0.405	-0.701	-1.212	0.617	-0.56	-0.32	-0.242	-0.475	0.269	-0.942	0.308	0.103	-0.104	0.0	-0.91	-0.441	-1.336	-0.308	-0.347	-1.057	-0.024	0.262	-0.969	0.0	-0.051	0.0	0.0	-0.198	0.298	0.142	0.421	-0.721	0.0	-0.551	0.0	-0.094	-0.192	0.0
free_topic	Dee-529a_183_bovids-7	0.742	0.138	0.589	0.16	0.304	-0.247	-0.133	-1.656	0.045	-0.174	0.251	0.0	0.0	-0.534	-0.225	-0.098	0.208	-1.542	-0.741	0.216	-0.494	0.0	0.0	-0.211	-0.454	-0.706	-0.764	-0.628	-0.69	0.0	-1.789	0.86	0.039	-1.335	0.0	0.0	-0.094	-0.101	-0.343	-0.316	0.298	0.0	-0.151	-0.359	-0.674	-0.988	-1.383	0.0	-1.024	-0.377	0.389	-1.1	-1.041	-0.426	-0.612	-1.052	-0.787	-0.694	-0.514	-1.056	-0.048	-0.854	0.054	0.0	0.0	-0.069	-1.184	-1.444	-0.38	-0.718	0.29	-0.922	-0.145	-0.501	-0.435	-0.079	0.248	-0.085	-0.274	0.0	0.052	0.213	0.0	-0.17	-0.175	0.196	0.0	-0.672	-0.671	0.0
free_topic	Dee-529a_37_ibex-20	0.0	-0.005	0.393	0.0	-0.818	0.0	-0.179	-0.566	-0.071	-0.347	-0.395	0.0	0.0	-0.391	0.0	0.0	0.0	0.023	-0.451	-0.006	0.0	-0.38	0.0	-0.424	0.0	-0.077	0.0	-0.211	0.0	0.0	0.0	-0.762	-0.865	-0.31	-0.254	0.0	-0.184	0.0	0.0	-0.047	0.298	0.0	-0.5	-0.752	-0.051	0.0	0.0	0.02	0.0	-0.378	0.489	-0.23	-0.05	-0.103	-0.551	-1.054	0.0	0.0	0.106	0.506	-0.846	0.0	0.0	0.312	0.308	-0.697	-0.159	0.0	-0.229	0.0	0.012	-0.542	-0.563	0.0	-0.057	-0.018	0.0	0.0	0.0	0.52	0.0	-0.095	-0.398	0.0	0.0	0.0	0.193	0.0	-0.006	0.0
free_topic	Dee-529a_47_bison-15	0.735	0.0	0.0	-0.018	-0.255	0.0	0.0	0.0	-0.429	-0.229	0.0	0.0	0.0	0.0	0.108	0.0	0.0	0.0	0.0	0.0	-0.364	0.413	0.0	-0.625	0.0	-0.476	0.0	0.0	0.0	0.0	0.052	0.0	0.0	-0.085	0.0	0.0	0.0	0.028	-0.243	-0.192	0.0	0.0	0.0	0.0	-0.589	-0.244	-0.468	0.0	0.0	0.707	0.0	0.0	0.0	-0.192	0.0	-0.384	0.0	0.0	0.0	0.0	-0.564	0.0	-0.351	0.0	-0.411	0.0	0.0	0.0	0.0	0.0	0.0	0.0	0.0	-0.164	-0.417	0.0	0.0	0.0	-0.305	0.0	-0.473	0.393	0.0	-0.398	0.0	0.0	0.0	0.0	0.0	-0.288
free_topic	Des-000c_378_sheep-12	0.0	-0.374	0.393	0.0	-1.201	0.0	-0.297	-0.189	0.0	-0.781	0.309	0.0	0.0	-0.032	0.0	-0.202	0.0	-1.532	-1.815	0.725	0.0	-0.307	-0.213	0.0	0.0	0.0	-0.157	-1.67	0.0	0.123	-0.301	0.0	-0.302	0.343	0.0	0.0	0.138	0.0	-0.072	0.0	0.0	0.0	0.0	-3.324	0.0	-0.458	0.406	-0.187	0.0	-0.07	0.0	-0.522	0.0	0.0	0.0	-0.951	0.0	0.0	-0.38	2.656	-0.408	-0.375	0.431	0.0	0.0	-0.305	-0.24	0.0	-0.361	0.0	-0.039	-1.186	-0.483	0.0	0.0	-0.018	0.262	0.0	-0.301	-0.151	0.0	0.0	-0.132	0.0	-0.029	0.0	0.0	0.0	0.0	0.0
free_topic	Dip-9804_21_sheep-15	0.0	-0.633	0.0	-0.366	0.226	0.109	0.0	-0.3	0.764	-0.005	-0.724	-0.338	0.0	-0.516	-0.061	-0.879	-0.328	0.0	0.0	0.245	0.0	-0.373	0.0	0.666	-0.129	-1.242	-0.307	0.0	-0.724	-0.799	-0.616	0.36	0.0	0.0	0.0	0.064	0.459	0.0	0.0	-0.056	-0.378	0.0	-1.284	-0.432	-0.317	-0.427	-0.155	0.163	0.0	-0.109	-0.23	-0.358	-0.44	0.0	0.282	0.093	-0.035	0.284	-0.189	-0.564	-0.419	0.0	-0.375	0.0	-0.871	0.0	-0.219	0.0	0.0	-0.463	0.0	-0.491	0.0	-0.099	0.0	0.0	0.0	0.0	0.0	0.0	0.0	-0.579	0.0	0.0	-0.585	0.117	0.086	0.0	0.0	0.0
free_topic	Dom-6f87_104_sheep-2	0.294	0.045	0.588	-0.603	-0.481	0.0	-0.347	-0.24	0.0	0.62	0.0	0.0	0.0	-0.783	-0.294	0.521	0.0	-0.289	0.0	0.0	0.0	0.0	0.115	0.0	0.043	0.0	-0.508	-0.3	0.0	0.185	0.0	0.116	-0.508	-0.829	-0.145	-0.229	0.0	0.0	0.0	-0.495	0.202	0.0	-0.172	-0.694	-0.02	-0.199	-0.184	-1.283	0.003	0.0	0.0	-0.903	-0.678	-0.697	0.0	0.0	-0.045	0.0	0.0	-0.27	0.564	-0.518	-0.578	-0.374	0.0	0.217	0.0	0.081	-0.266	0.0	-0.788	-0.401	-0.006	-0.069	0.175	0.0	0.0	0.0	0.0	0.0	0.0	0.0	0.0	0.052	-0.475	0.07	-0.088	-0.926	0.184	0.0
free_topic	Dom-6f87_19_sheep-2	0.37	-0.937	0.076	0.0	-0.629	0.339	0.328	0.0	0.151	0.14	0.061	-1.367	0.0	-0.046	-0.575	0.0	-0.53	-0.035	0.0	0.0	0.0	-0.482	0.048	-0.118	-0.903	0.352	-0.137	-0.154	0.0	-0.25	0.0	0.0	0.0	0.0	0.392	0.0	0.0	-0.648	-1.128	0.3	0.0	-0.006	-0.572	-0.568	-0.676	-0.142	0.0	-0.48	-0.629	-0.184	0.407	0.0	-0.347	0.113	0.0	-0.351	0.393	0.209	-0.262	0.022	0.0	0.0	0.222	-0.388	0.0	-0.391	-0.153	-0.348	-0.435	0.0	0.0	-0.578	-0.317	-0.941	0.018	0.143	-0.81	-0.201	0.0	-0.924	0.0	0.0	0.408	0.0	0.0	0.43	0.0	-0.447	0.385	0.659
free_topic	Dom-6f87_324_sheep-7	0.0	0.0	0.447	0.0	-0.244	-0.109	0.0	0.144	0.0	-0.176	0.0	0.0	-0.119	0.412	0.0	0.0	0.0	-0.175	-0.437	0.115	-0.145	-0.126	0.0	-0.051	0.0	0.0	0.0	-0.316	-0.913	0.0	0.0	0.023	0.0	0.43	0.0	1.0	0.039	0.0	0.0	0.367	-0.533	0.0	0.0	0.0	0.0	-0.243	-0.086	0.0	0.0	-0.368	-0.335	-0.394	0.36	0.0	-0.172	-0.374	-0.357	0.469	-0.061	-0.088	-0.037	0.0	0.0	0.0	-0.259	-0.031	0.0	-0.97	-1.037	0.0	-0.655	-0.438	-0.15	0.029	-0.646	0.168	-0.271	0.0	0.0	0.0	-0.585	-0.277	-0.256	0.0	-0.446	0.0	0.0	0.0	0.0	0.309
free_topic	Dro-9dd9_209_sheep-13	0.0	-0.406	0.297	-0.174	-0.449	0.0	-0.268	-0.601	0.0	0.097	0.0	0.0	0.0	0.05	-0.39	0.0	0.0	0.023	-0.364	-0.006	-0.124	0.0	0.0	0.0	0.0	0.0	0.0	-0.211	0.0	-0.173	0.0	-0.569	0.0	-0.394	0.0	0.0	0.0	-0.453	0.369	0.0	-0.195	0.396	0.0	-1.636	-0.597	0.0	0.296	0.0	0.0	-0.252	0.102	0.0	-0.707	0.0	0.0	0.559	0.0	0.0	-0.095	0.506	0.0	0.086	0.228	0.0	-0.621	-0.639	-0.477	-0.42	0.062	-0.509	0.11	-0.445	0.0	0.0	0.0	0.047	0.0	0.0	-0.301	0.0	0.0	0.0	0.0	0.0	-0.029	0.0	-0.032	0.0	0.0	0.194
free_topic	Dro-9dd9_348_cow-30	0.466	0.0	0.0	0.0	0.0	-0.152	0.0	-0.014	0.0	0.0	0.0	0.0	0.0	-0.382	0.0	0.0	0.0	0.0	0.106	0.0	0.0	-0.435	-0.584	-0.347	0.206	0.0	0.115	0.0	-0.494	0.156	0.0	-0.487	0.0	-0.483	0.0	0.0	0.0	0.0	0.0	-0.088	-0.266	-0.091	-0.384	0.0	0.0	-0.055	0.0	0.037	0.0	0.0	0.067	-0.662	0.0	-0.017	-0.219	0.0	0.271	-0.81	0.0	0.0	0.0	-0.253	-0.632	-0.086	0.0	0.0	0.0	0.0	0.0	0.0	0.0	-0.033	0.051	0.0	0.0	0.0	0.0	0.0	-0.603	-0.693	-0.502	-0.128	0.0	0.0	0.0	0.0	0.0	-0.122	0.0	0.0
free_topic	Dro-9dd9_350_cow-9	0.46	0.0	-0.063	0.0	0.0	-0.541	-0.249	0.0	0.0	0.0	-0.529	0.0	0.0	-0.344	0.155	0.0	0.159	0.05	0.0	0.329	0.0	-0.435	-0.584	0.0	0.0	0.0	0.153	0.0	0.0	0.156	0.0	-0.58	-0.095	0.0	0.0	0.0	0.0	-0.351	0.241	0.201	-0.266	0.0	0.0	0.0	0.0	0.0	0.226	-0.05	0.0	0.0	-0.569	0.0	0.0	0.0	-0.219	0.0	-0.874	-1.628	0.0	0.0	0.0	-0.926	0.0	0.0	-0.487	0.121	-0.576	0.0	0.0	0.0	0.0	-0.486	0.225	0.0	-0.308	-0.264	0.0	0.0	0.0	0.0	-0.502	0.0	-0.531	0.0	0.0	0.0	0.0	0.0	0.253	0.0
free_topic	Dro-9dd9_350_sheep-19	0.276	0.0	-0.016	0.0	0.0	-0.206	-0.613	0.0	0.0	0.0	0.0	-0.173	0.0	-0.487	-0.037	0.0	0.0	-0.003	0.0	0.523	0.0	-0.435	-1.176	0.369	0.0	0.0	0.105	0.145	-0.199	0.156	0.0	-1.732	-0.032	0.0	0.0	0.0	0.0	-0.898	0.225	0.072	-0.195	0.0	-0.441	-1.05	-0.344	0.321	0.0	-0.148	-0.319	0.0	-0.926	0.73	0.06	0.0	-0.788	0.0	-0.258	-0.802	0.0	0.065	0.0	-0.458	0.0	0.0	0.0	0.0	0.0	-0.239	0.0	0.0	0.392	-0.033	0.0	0.0	0.0	-0.949	-0.073	-0.562	0.0	0.0	-0.502	0.0	-0.236	0.0	0.0	0.0	0.0	0.0	-0.622	0.0
free_topic	Dro-9dd9_357_cow-22	0.304	0.0	0.0	0.0	0.0	-0.054	0.0	-0.014	0.0	0.0	0.0	0.0	0.0	-0.505	0.0	0.0	0.0	0.0	0.339	0.0	0.0	-0.435	-0.584	-0.37	0.206	0.0	0.053	0.0	-0.166	0.156	0.0	-0.487	0.0	-0.483	0.0	0.0	0.0	0.0	0.0	-0.014	-0.266	0.147	-0.429	0.0	0.0	0.407	0.0	0.09	0.0	0.0	0.067	-0.377	0.0	0.123	-0.219	0.0	0.271	-0.901	0.0	0.0	0.0	-0.236	-0.477	-0.315	0.0	0.0	0.0	0.0	0.0	0.0	0.0	-0.033	0.362	0.0	0.0	0.0	0.0	0.0	-0.67	-0.693	-0.502	0.032	0.0	0.0	0.0	0.0	0.0	-0.097	0.0	0.0
free_topic	Dug-bf37_172_cow-5	0.351	0.0	0.443	0.0	-0.625	-0.382	-0.081	-0.987	-0.613	-0.157	0.384	0.0	-0.42	-1.15	0.0	0.099	-0.569	-0.276	-0.61	-0.4	0.169	0.0	0.0	0.0	-0.094	0.0	0.0	-0.057	0.0	0.0	0.0	-1.108	-0.215	0.056	0.078	0.0	-0.0	0.0	0.0	0.0	0.353	0.0	0.061	-0.192	0.0	0.0	-0.381	-0.175	0.0	-0.07	0.0	-0.263	-0.575	0.0	0.0	-0.693	0.0	0.408	0.0	0.538	-0.121	0.109	0.0	0.025	0.0	-0.305	-0.445	0.0	-0.189	0.0	0.036	-0.542	-0.492	0.0	0.0	-0.018	0.0	0.0	-0.061	0.183	0.0	0.0	-0.34	-0.032	-0.109	0.824	0.0	0.0	-0.192	0.0
free_topic	Dug-bf37_29_cow-8	0.0	0.0	-0.426	0.0	0.381	0.0	0.0	-0.495	0.0	-0.31	-0.531	0.0	0.0	0.0	0.0	0.104	0.0	0.0	0.0	0.0	0.0	0.003	-0.154	-0.31	0.0	-0.172	0.0	0.0	0.0	-0.942	0.0	-0.004	0.0	0.0	0.0	0.0	-0.093	0.426	0.0	0.0	-0.82	-0.008	-0.099	0.094	0.0	0.0	0.0	0.0	-0.353	-0.337	-0.649	-0.324	0.0	0.0	-0.685	0.0	0.19	0.0	0.0	-0.25	0.0	0.0	0.0	0.0	0.0	0.0	0.454	0.0	0.0	0.0	0.0	0.022	0.0	-0.185	0.0	0.0	-0.315	0.0	-0.295	0.0	-0.027	0.0	0.0	0.0	-0.66	-0.062	0.0	0.0	-0.362	0.0
free_topic	Dug-bf37_37_cow-29	-0.684	0.0	-0.006	-0.175	0.381	-1.014	0.377	-1.136	0.092	0.0	-1.029	0.0	-0.552	-0.535	0.0	0.0	-0.642	0.0	0.0	0.0	0.0	0.919	0.072	-0.41	-0.552	-0.118	-1.04	0.0	-0.215	0.54	0.392	0.0	0.0	-0.398	0.0	0.0	-0.133	0.657	0.0	-0.512	-0.193	-1.525	-0.133	-0.087	0.159	-1.391	0.0	0.299	-0.392	0.16	-0.322	0.0	0.695	-0.523	-0.426	-1.509	-0.443	-0.109	-0.777	-0.368	-0.026	0.0	0.572	-0.736	-0.643	-0.302	-0.015	0.0	-1.003	-0.491	0.183	-0.309	0.0	-0.092	-0.041	0.0	0.0	-0.293	-0.115	-0.634	-0.229	0.0	-0.391	0.0	-0.66	-0.469	-0.316	-0.643	-0.006	0.0
free_topic	Dug-d1d0_11_cow-11	0.0	0.0	0.0	-0.175	0.381	-0.133	0.154	-0.161	0.0	0.0	-0.478	0.0	0.0	0.0	0.451	0.0	-0.324	0.0	-0.315	0.0	0.0	0.292	-0.353	-0.41	0.0	0.159	0.0	0.0	-0.454	0.469	-0.284	0.0	0.0	0.0	0.685	-0.676	-0.133	0.0	0.0	-0.779	0.298	0.0	0.0	-0.769	0.0	0.0	0.0	-0.482	-0.635	0.5	-0.322	0.0	0.745	0.0	-0.426	0.0	-0.17	0.0	-0.563	0.0	0.142	0.0	0.907	0.0	0.0	-1.023	-0.387	0.0	0.0	0.0	0.26	-0.633	0.0	-0.092	0.235	0.0	0.0	0.0	0.0	0.0	-0.287	0.0	-0.018	0.0	-0.66	-0.469	0.0	0.0	0.0	0.0
free_topic	Dug-d1d0_3_cow-23	-0.423	0.0	0.142	-0.198	-0.06	0.336	-0.467	-0.343	0.348	-0.237	-0.689	0.0	0.0	0.0	0.0	-0.342	-0.324	0.624	0.0	0.0	-0.235	0.056	-0.353	-1.647	0.255	-0.337	0.0	-0.992	0.183	0.102	-0.946	-0.032	0.0	-0.495	0.282	-0.614	0.862	0.0	0.0	0.226	0.298	0.0	-0.569	-0.728	0.0	-0.344	0.0	0.0	0.0	0.372	-0.322	-0.076	0.745	-0.491	-0.926	-0.551	0.236	0.0	-0.436	0.0	-0.432	0.557	0.83	0.0	0.369	-0.468	0.257	-0.327	0.0	0.0	0.0	-0.633	0.0	-0.092	0.532	0.0	-0.443	0.0	0.197	-0.39	-0.287	0.0	-0.173	0.0	-1.302	-0.469	0.357	0.0	0.0	0.0
free_topic	Dun-cad0_74_buffalo-22	0.0	0.0	0.393	0.0	-1.034	0.0	-0.027	-0.564	-0.006	-0.57	0.0	0.0	0.0	-0.474	0.0	0.0	0.0	0.077	-0.315	0.0	0.0	-0.764	0.0	0.028	0.0	0.0	0.064	0.0	0.0	0.0	0.0	0.0	-0.523	0.071	0.0	0.0	-0.034	0.0	0.0	0.135	0.0	0.0	0.0	0.0	-0.051	0.0	0.0	-0.209	0.0	0.196	-0.467	0.115	0.0	-0.088	-0.551	-1.019	0.0	0.0	-0.41	0.0	-0.316	0.0	0.0	0.0	0.078	-0.697	-0.061	0.0	-0.229	0.0	0.0	-0.542	-0.27	0.0	0.09	-0.018	0.0	0.0	0.0	0.0	0.0	0.0	-0.472	0.0	0.0	0.0	0.0	0.0	0.0	0.0
free_topic	Ease9ae_4_sheep-26	0.276	0.0	0.0	0.0	0.0	-0.206	0.0	-0.154	0.0	0.0	0.0	0.0	0.0	-0.515	0.0	0.0	0.0	0.0	0.21	0.0	0.0	0.016	-0.609	-0.282	0.112	-0.1	0.346	0.0	-0.363	0.114	0.0	-0.452	0.0	-0.527	0.0	0.0	0.0	0.0	0.0	0.072	-0.538	0.303	-0.397	-0.434	0.0	-0.241	0.0	-0.148	0.0	0.0	-0.081	-0.178	0.0	-0.921	-0.137	0.0	0.616	-0.802	0.0	0.0	0.0	-0.458	-0.296	-0.266	0.0	0.0	0.0	0.103	0.0	0.0	0.0	0.006	0.355	0.0	0.0	0.0	0.0	0.0	-0.53	-0.424	-0.255	-0.354	0.0	0.0	0.0	0.0	0.0	-0.392	0.0	0.0
free_topic	Ele-f6cf_14_cows-3	0.0	0.0	0.0	0.0	-0.518	0.0	0.0	0.0	-0.035	0.0	0.0	0.0	0.0	0.0	0.0	0.0	-0.337	0.45	0.216	0.0	0.0	0.0	-0.643	0.0	0.0	0.035	0.013	0.0	0.0	0.365	0.0	0.0	0.0	-0.348	0.0	0.0	0.0	0.0	0.0	0.0	0.0	0.0	0.0	-0.226	0.0	0.0	0.0	0.0	0.0	-0.39	0.0	0.0	0.0	0.0	0.0	0.0	-0.024	0.0	-0.338	0.0	0.1	0.0	0.109	-0.764	0.0	0.0	0.0	0.0	-0.258	0.0	0.0	-0.305	0.0	0.0	0.0	0.0	-0.378	0.0	-0.526	-0.274	0.348	0.0	0.0	0.0	0.0	0.0	0.0	0.0	0.0	0.0
free_topic	Ele-f6cf_15_cow-11	0.586	-0.051	0.331	-0.018	0.0	-0.053	0.0	-0.566	-0.027	-0.348	-1.312	0.0	0.0	-0.534	0.0	0.0	-0.851	-0.574	0.0	0.0	0.461	0.0	-0.48	-0.994	-0.089	0.0	0.365	0.0	-0.305	0.0	-0.794	-0.582	0.191	-0.289	0.212	0.0	0.0	0.0	-0.62	-0.351	0.298	-0.521	0.393	-0.18	0.0	0.385	-0.344	0.0	0.0	0.0	-0.042	-0.147	-0.873	0.237	0.0	-0.601	-0.118	0.0	-0.102	-0.267	-0.643	-0.024	-0.235	-0.542	-0.252	0.116	-0.748	0.0	-0.7	0.228	0.006	-0.047	0.0	-0.603	0.052	0.0	-0.337	-0.347	-0.219	-0.431	-0.23	-0.308	0.0	-0.703	-0.595	0.0	0.0	0.0	-0.077	0.0
free_topic	Ele-f6cf_274_cow-4	-0.08	0.0	0.753	0.0	-0.393	-0.583	0.0	-0.325	0.0	0.0	0.0	0.0	0.0	-1.303	-0.152	-0.353	0.0	0.0	0.0	0.0	0.0	0.063	0.0	-0.263	0.0	0.383	0.0	0.397	0.0	0.168	0.37	0.0	0.409	-0.58	0.0	0.0	0.0	0.0	0.0	0.148	0.374	0.0	0.395	0.0	0.0	0.0	0.065	0.0	0.0	0.121	0.275	0.0	-0.457	0.0	-0.344	-0.363	0.0	0.0	0.0	0.0	0.0	-0.232	0.0	-0.577	0.0	-0.216	0.0	0.0	-0.823	0.0	-0.223	-0.144	0.0	0.0	-0.777	0.193	-0.023	0.0	0.0	0.538	0.0	0.0	0.0	0.0	0.0	-0.344	0.0	0.0	-0.636	0.0
free_topic	Ele-f6cf_284_cows-7	-0.655	-0.802	0.297	0.0	-0.669	-0.704	-0.341	0.0	0.0	-0.018	0.0	0.0	0.789	0.134	-1.583	-0.272	0.0	0.0	0.212	0.0	0.0	0.0	0.006	-0.578	0.0	0.0	-0.587	0.0	-0.188	0.063	-0.533	0.0	0.0	0.0	0.0	0.0	-0.117	-0.996	0.169	0.564	0.0	0.0	-0.045	0.532	-0.577	0.0	-0.7	-0.45	0.113	-0.476	-0.295	0.397	0.0	0.0	-0.915	0.311	-0.593	-0.14	-0.541	-0.052	0.0	0.0	0.025	-0.195	-0.015	-0.639	-0.113	-0.348	0.062	0.0	-0.006	-1.046	-1.158	0.0	0.091	-0.013	-0.544	0.0	0.0	0.0	0.23	0.0	0.228	0.0	0.0	-0.116	0.0	0.0	-0.164	0.634
free_topic	Ele-f6cf_286_cow-10	-0.328	-0.246	0.393	0.0	-0.225	0.0	0.062	0.0	0.176	-0.688	-0.382	-0.772	-0.392	0.0	-0.184	0.0	0.0	0.0	0.0	0.0	0.0	-0.167	0.0	-0.728	-0.593	0.0	0.469	-0.364	0.0	0.0	0.253	0.332	-0.247	0.0	0.0	0.003	-0.237	-0.443	-0.731	-0.007	0.0	0.056	0.108	-0.601	-0.618	0.212	-1.483	0.0	-0.333	-0.013	-0.139	0.086	0.0	0.435	0.0	-0.223	-0.227	-0.395	-0.392	0.0	0.286	0.0	-0.231	0.0	0.0	-0.947	0.0	-1.146	0.116	-0.081	0.0	-0.885	-0.617	0.0	-0.058	-0.018	0.0	0.269	-0.035	-0.374	0.0	0.0	0.0	0.0	0.0	0.0	0.0	0.314	0.0	0.026
free_topic	Elk-a58a_111_cows-6	-0.062	-0.076	0.632	0.42	-0.535	0.213	0.0	0.029	-0.187	0.417	0.437	0.587	0.0	0.0	-0.583	-0.261	0.221	0.454	0.0	0.0	0.0	-0.415	0.0	-0.733	0.052	0.0	-0.176	-0.743	0.0	0.426	0.0	-0.257	0.0	-0.48	-0.163	-0.058	-0.062	0.0	-0.741	0.358	0.0	0.114	0.144	-0.046	-0.335	0.0	0.112	0.0	-0.362	0.0	-0.018	-0.947	0.141	0.0	-0.121	0.0	-0.311	0.406	-0.204	-0.083	0.039	0.443	0.0	0.023	0.0	0.0	0.0	0.0	-0.915	-0.123	-0.347	-1.135	-1.134	0.0	-0.265	-0.147	0.0	-0.134	0.0	-0.256	0.0	0.0	0.0	-0.89	0.0	0.0	0.0	0.485	0.0	0.0
free_topic	Elk-a58a_112_cows-6	-0.79	0.0	0.393	0.0	-1.022	0.0	0.236	0.0	0.0	-0.351	-0.27	0.0	0.0	-0.072	0.0	0.0	-0.785	-0.486	0.496	0.0	0.0	-0.559	0.0	-0.505	0.0	0.0	0.0	0.0	0.0	0.0	0.0	0.0	0.0	0.199	-0.252	0.0	-0.257	0.0	0.0	1.624	0.0	0.0	0.0	0.0	0.0	0.0	0.0	-0.077	0.0	0.053	0.327	-0.091	0.0	-0.332	0.0	-0.002	0.0	0.0	-0.66	0.078	-0.412	0.0	0.0	0.0	0.0	-0.305	0.0	0.0	0.086	0.0	0.0	-0.542	-0.249	0.0	0.281	-0.018	0.0	0.0	0.0	0.0	0.0	-0.197	-0.593	0.0	0.0	0.0	0.0	0.0	0.0	0.0
free_topic	Elk-a58a_113_cows-9	0.0	0.272	0.393	0.0	-1.168	0.0	-0.033	-0.175	0.0	-0.943	-0.531	0.0	0.0	-0.486	0.359	0.0	0.0	-0.337	-0.157	-0.225	-0.39	-0.559	-0.457	-0.239	0.0	0.0	0.0	0.007	0.0	-0.545	0.0	0.0	0.0	-0.052	-0.25	-0.034	0.124	0.0	0.0	0.096	0.0	0.0	0.0	-0.558	0.0	0.318	-0.006	-0.077	-0.847	-0.229	0.378	0.306	0.0	-0.332	0.0	-0.765	0.0	0.0	-0.746	0.398	-0.672	-0.375	0.445	0.0	0.0	-0.44	-0.509	0.0	-0.05	0.0	0.0	-0.542	-0.593	0.0	-0.121	-0.018	0.0	0.0	-0.301	-0.517	0.0	-0.077	-0.678	0.0	-0.029	0.0	0.0	0.0	0.0	0.0
free_topic	Elk-a58a_116_cows-15	0.0	0.0	0.0	-0.045	0.0	0.0	-0.237	-0.209	0.0	0.0	0.0	-0.11	0.0	0.322	-0.259	-0.943	0.0	0.0	-0.167	-0.799	0.0	0.0	-0.425	0.0	0.0	-0.043	0.0	-0.247	0.0	0.0	-0.928	0.0	-0.464	0.154	0.0	0.0	0.0	0.153	0.0	0.0	0.0	0.0	0.007	-0.147	0.0	0.0	0.356	0.0	-0.304	-1.085	0.0	0.0	0.0	0.0	0.0	-0.236	0.0	-0.53	0.0	0.0	-0.228	0.293	-0.048	0.0	0.0	0.0	0.0	0.0	0.0	-0.183	0.0	0.0	-0.088	-0.094	0.0	0.0	0.0	0.0	0.0	-0.467	0.0	0.0	0.0	-0.473	0.0	0.0	-0.414	0.0	-0.147	0.153
free_topic	Elk-a58a_117_cows-5	-0.703	0.0	0.269	-0.382	-0.965	-0.621	-0.47	0.0	-0.138	-0.108	0.0	0.246	0.0	-0.183	-0.284	-0.559	0.0	-0.332	0.0	0.557	0.045	0.0	0.051	-0.678	0.0	0.571	0.306	0.0	0.0	-0.196	0.0	0.99	-0.969	0.324	0.0	-0.184	0.006	-0.644	0.0	-0.659	0.0	0.0	-0.106	0.0	-0.094	0.0	-0.578	0.0	0.0	-0.46	-0.202	0.226	0.0	0.607	-0.621	-0.035	-0.337	-0.077	-0.473	0.0	-0.038	-0.747	0.0	-0.249	-0.022	-0.911	0.435	-0.608	-0.906	0.059	-0.403	-0.692	0.236	0.0	0.0	0.086	0.0	0.0	-0.596	0.0	0.0	0.0	-0.44	0.0	0.0	0.0	-0.578	0.499	0.0	0.0
free_topic	Eng-0a3a_26_sheep-38	0.343	-0.47	-0.054	0.0	0.05	0.0	0.0	-0.721	0.393	-0.062	0.0	-0.174	-0.323	0.0	0.369	-0.745	0.0	-0.48	0.0	-1.384	0.116	0.461	-0.391	0.002	0.0	-0.634	0.863	0.009	0.0	0.194	-0.083	-0.544	0.0	0.229	0.0	0.0	0.0	0.0	0.0	0.0	0.392	-0.147	-0.47	0.0	-0.147	-0.117	0.0	0.0	0.0	-0.621	0.0	0.0	0.0	0.0	0.06	0.295	-0.643	0.0	-0.046	0.0	0.052	-0.765	-0.051	-1.581	-0.729	-0.821	-0.396	-0.304	0.031	0.0	-0.069	0.0	-0.694	0.011	0.0	0.0	0.0	0.0	-0.214	0.0	-0.095	0.0	0.0	0.0	-0.044	-0.451	-0.491	0.065	0.0	0.0
free_topic	Equ-d3c3_108_wildebeests-34	0.0	0.0	0.32	0.714	-0.863	0.0	-0.453	-0.158	-0.968	-0.162	0.0	0.0	0.0	-0.527	-0.393	0.0	0.0	0.043	-0.446	-0.652	-0.289	-0.283	-0.692	0.0	-0.061	-0.385	-0.418	0.062	0.0	0.0	-0.819	-1.547	-0.323	0.042	-0.301	0.0	-0.069	0.904	-0.051	0.0	-0.644	0.0	-0.072	-0.698	-0.459	0.0	0.677	0.0	0.0	-0.102	-0.551	-0.257	-0.611	0.0	0.0	-1.805	-0.43	0.0	-0.184	0.512	-0.139	-0.259	0.308	-0.317	0.0	-0.112	-0.491	0.0	-0.873	0.0	0.002	-0.19	0.237	0.0	-0.151	-0.502	-0.194	0.0	-0.53	0.882	0.0	0.0	-0.039	0.0	-0.109	0.0	0.0	0.0	0.0	0.0
free_topic	Eth-d9c8_194_sheep-17	0.0	0.0	0.416	0.0	-0.892	0.0	0.013	-0.528	0.0	0.082	0.086	0.0	0.0	-0.612	0.0	0.0	0.0	0.433	0.133	-0.006	0.0	-0.515	-0.046	-0.33	-0.512	0.0	0.0	-0.211	0.0	-0.731	0.039	0.0	0.0	0.33	0.0	0.0	-0.051	-1.01	0.0	-0.16	0.0	0.321	0.0	-0.752	0.0	0.0	0.392	-0.284	-0.479	-0.086	-0.224	0.149	0.0	-0.357	0.0	-0.977	-0.306	-0.648	0.0	0.506	-0.151	-0.559	0.352	0.0	-0.21	-0.816	-0.491	0.0	-0.358	0.0	0.0	-0.428	-0.604	0.0	0.13	0.083	0.0	0.0	-0.061	-0.693	0.0	0.0	-0.154	0.0	-0.109	0.0	0.0	0.0	-0.576	0.0
free_topic	Eur-0e00_287_sheep-18	0.0	0.0	0.393	0.0	-0.273	0.0	-0.418	0.118	0.051	-0.427	0.0	0.0	0.0	-0.138	0.0	0.104	-0.109	0.0	0.0	0.27	-0.41	-0.386	-0.392	0.241	-0.061	0.0	-0.34	0.0	0.0	0.0	-0.653	0.0	-0.923	0.003	0.0	0.0	-0.638	0.0	-0.01	0.0	-0.672	0.0	0.0	0.0	0.374	0.0	-0.013	0.0	0.0	-0.07	-0.551	-0.078	-0.329	0.0	-1.646	-1.594	-0.245	-0.221	-0.41	0.0	0.033	-0.016	0.308	-0.523	0.308	-0.697	-0.061	0.0	-0.418	0.0	-0.229	-0.542	-0.282	-0.345	0.0	-0.018	-0.317	0.0	0.047	-0.046	0.0	-0.264	-0.404	0.0	-0.566	0.0	0.0	0.0	-0.004	0.0
free_topic	Eur-24a9_155_sheep-14	0.538	-0.061	0.0	-0.315	-0.202	0.0	0.0	0.0	-0.351	-0.218	0.0	0.0	0.0	0.0	0.228	-0.026	0.0	0.617	0.0	-0.729	0.341	0.999	-0.282	-0.801	0.0	-0.267	0.0	-0.312	0.0	0.0	-0.456	0.0	0.392	0.199	0.0	0.0	0.0	0.029	-0.831	-0.031	0.0	0.0	0.0	0.0	-1.203	-0.239	-0.36	0.0	0.0	0.591	0.0	0.0	0.0	-0.313	-0.109	-0.162	0.0	-0.026	0.0	0.0	-0.146	0.0	-0.82	0.0	-0.725	0.0	0.0	0.0	0.0	-0.643	0.0	0.0	-0.083	-0.078	-0.036	-0.274	0.0	0.0	-0.585	0.0	-0.803	0.331	0.0	-0.62	0.0	0.0	0.0	0.0	0.0	-0.236
free_topic	Eur-24a9_27_capra-7	-0.719	-1.604	-0.425	0.0	-0.194	0.0	-0.644	-0.822	0.0	-0.367	-0.45	0.0	-0.33	-0.156	-0.875	0.0	0.0	-0.186	-1.153	0.0	0.0	0.348	-1.231	-1.526	0.375	0.0	-0.589	0.0	0.443	-0.561	-0.18	0.188	-0.198	-0.041	0.0	0.0	-0.52	-0.71	0.064	0.329	0.298	0.0	-0.05	0.083	-0.669	0.156	-0.219	-1.019	0.073	-0.134	-1.089	-0.046	-0.541	0.0	0.215	0.321	-0.413	0.338	-0.125	-0.59	0.0	0.022	-0.187	-0.633	0.0	-0.392	-0.306	-0.617	-0.69	0.0	0.009	-0.537	-0.307	-0.036	-0.313	-1.301	-0.075	0.0	-0.132	0.0	-0.309	0.0	-0.353	-0.549	-0.583	0.796	-0.323	-0.352	-0.192	0.063
free_topic	Eur-3123_16_bovine-6	0.304	0.0	0.0	0.257	0.0	-0.054	0.0	0.0	-0.433	0.0	0.0	-0.48	0.073	-0.18	0.196	-0.332	0.0	0.0	-0.205	0.0	0.0	0.373	-0.88	-0.003	0.0	0.464	0.687	0.0	-0.311	0.064	-0.293	0.0	0.002	0.0	0.0	0.0	0.0	0.0	-0.694	0.061	-0.07	0.05	0.0	-0.065	0.0	-0.774	-0.198	0.09	-0.516	0.0	0.0	-0.371	0.0	-0.004	0.149	0.0	0.156	-0.901	0.358	-0.046	0.0	-0.236	-0.004	-0.132	0.0	0.0	0.323	0.0	0.0	0.0	0.0	0.202	0.0	0.0	0.02	0.0	0.0	0.0	-0.837	-0.008	-0.039	-0.114	0.0	0.0	0.0	0.0	0.0	0.0	-0.609	-0.347
free_topic	Eur-3123_17_bovine-15	0.483	0.0	0.0	0.0	0.0	-0.605	-0.41	0.0	0.294	0.0	0.308	-0.523	-0.197	0.0	0.0	0.0	0.0	0.0	0.0	0.0	0.0	-0.39	-0.88	-0.201	0.0	0.0	0.428	0.0	0.0	0.064	-0.429	0.0	0.253	0.0	0.0	0.0	0.0	-0.051	0.0	-0.014	-0.07	0.282	0.0	0.0	0.0	0.0	0.0	0.09	-0.061	-0.111	-0.393	0.0	0.0	0.424	0.149	0.0	0.004	-0.901	0.0	0.0	0.0	-0.236	-0.615	-0.217	0.0	0.0	0.0	0.0	0.0	0.0	0.0	0.202	0.0	0.0	0.0	-0.654	0.0	-0.006	-0.448	0.0	-0.039	-0.207	0.0	0.0	0.0	0.0	0.0	0.0	0.0	0.0
free_topic	Eur-3123_251_cows-21	0.0	0.0	0.564	0.0	-0.223	0.0	-0.075	0.425	0.0	-1.081	0.0	0.0	0.0	-0.219	0.0	0.0	0.0	0.0	0.0	-0.083	-0.473	-0.33	-0.698	0.0	0.103	0.165	-0.167	0.0	-0.162	0.0	-0.781	0.0	-0.241	0.764	0.0	0.0	0.062	0.238	-0.094	0.0	-0.567	0.0	0.0	0.0	0.0	-0.029	0.639	0.0	0.0	-0.944	-0.661	-0.978	0.025	0.443	0.0	-0.762	-0.067	0.0	0.0	0.0	-0.297	0.0	-0.09	-0.205	0.053	-0.306	0.0	-0.309	0.13	-0.105	0.356	-0.578	0.213	0.0	0.0	-0.106	0.164	0.083	-0.018	-0.019	0.0	0.0	0.102	0.0	0.0	0.0	0.0	0.0	0.0	0.0
free_topic	Eur-3123_312_bovine-24	0.733	0.0	0.0	-0.298	0.0	-0.605	-0.41	0.0	0.334	0.501	0.308	-0.523	0.078	0.0	0.0	0.0	0.0	0.0	0.0	0.0	0.0	-0.39	-0.88	-0.291	0.0	0.0	0.251	0.0	0.0	0.064	-0.324	0.0	0.122	0.0	0.0	0.0	0.0	-0.051	0.0	-0.014	-0.07	0.03	0.0	0.0	0.0	0.0	0.0	0.09	-0.061	-0.322	-0.157	0.0	0.0	-0.028	0.149	0.0	0.004	-0.901	0.0	0.0	0.0	-0.318	-0.63	-0.001	0.0	0.0	0.544	0.0	0.0	0.0	0.0	0.202	0.0	0.0	0.0	-0.735	0.0	-0.006	-0.534	0.0	-0.039	-0.283	0.0	0.0	0.0	0.0	0.0	-0.118	0.0	0.0
free_topic	Eur-3123_396_Bovine-18	-0.12	0.0	0.77	-0.525	0.199	0.0	0.073	-0.66	0.193	-0.439	-0.133	0.41	-0.259	-0.305	0.37	0.392	0.0	0.0	-0.511	0.0	-0.267	0.0	0.297	0.016	-0.273	0.0	-1.055	-0.929	-0.012	0.0	0.0	0.005	-0.184	0.286	-0.399	0.0	0.208	0.123	-0.109	-0.813	0.298	0.0	0.0	0.0	-0.522	0.0	0.032	-0.302	-0.127	-0.07	1.004	0.17	-0.111	0.0	-1.102	-0.641	-0.475	-0.511	0.169	0.0	0.2	-0.061	-0.359	1.374	0.0	-0.305	0.0	-0.403	-0.704	-0.083	0.342	-1.119	-1.054	-0.916	0.6	-0.465	-0.643	-0.259	-0.212	0.717	-0.106	0.0	0.13	0.0	0.051	0.0	0.594	0.617	-0.134	-0.385
free_topic	Eur-82d0_22_Bos-7	-0.297	-0.52	0.2	0.0	-0.938	-0.005	-1.275	-0.643	0.0	-0.381	0.0	0.0	-0.208	0.009	0.037	0.0	0.011	-0.19	-1.196	0.585	-0.098	0.072	-0.181	0.0	0.28	0.0	0.0	-0.873	0.0	0.106	0.0	-0.146	-0.612	-0.496	-0.2	0.447	-0.147	-0.771	0.003	0.0	-1.042	-0.559	0.298	-0.743	0.0	0.338	0.392	0.0	0.0	-0.032	-0.094	0.139	0.13	-0.849	0.0	-0.366	-0.357	-0.012	0.114	0.192	-0.966	-0.259	-0.249	-0.194	0.084	-0.992	-0.548	0.0	-0.508	0.0	0.0	-0.537	-1.135	0.194	0.399	-0.242	0.0	-0.195	-0.841	0.0	0.401	0.0	-0.605	0.0	-0.109	0.0	0.473	0.571	0.0	-0.706
free_topic	Eur-9931_191_sheep-27	0.228	0.0	0.0	0.0	0.0	-0.398	0.0	0.0	-0.808	-0.236	-0.49	0.0	0.0	0.0	0.0	0.0	-0.694	-0.027	0.0	-0.454	-0.136	0.356	-0.632	0.0	-0.366	-0.109	0.0	0.0	0.0	0.392	-1.212	-0.259	-0.381	-0.419	-0.061	0.0	0.0	-0.457	-0.169	-0.038	0.0	0.0	0.0	0.0	0.0	-0.334	0.265	0.0	0.0	0.0	1.817	-0.719	-0.198	-0.74	-0.084	-0.529	-0.643	0.0	0.0	-0.322	0.0	0.0	-0.62	-0.302	-0.721	0.0	-0.673	0.0	0.0	0.0	-0.138	0.27	0.0	-0.189	0.052	0.0	0.0	-0.347	-0.155	-0.284	0.0	-0.49	0.0	-0.151	-0.762	-0.133	-0.491	0.0	0.0	0.223
free_topic	Eur-9931_202_Capra-45	0.0	-0.195	-0.944	0.0	-0.469	0.0	-0.082	-1.639	0.358	0.036	-0.529	0.0	-1.991	-0.338	0.629	0.432	0.393	-0.44	-0.809	0.0	0.566	-0.161	-0.834	0.0	0.0	0.0	-0.513	0.193	-0.768	0.397	0.182	-0.297	0.0	0.0	0.791	-0.153	0.0	-0.395	0.206	-1.685	0.296	0.0	0.163	-0.722	0.0	0.0	-0.489	-1.929	-1.513	-0.028	-0.779	0.29	0.0	0.0	-0.344	-0.257	-1.615	-0.109	-0.255	-0.375	-0.301	0.0	-0.855	0.0	0.0	-0.344	-0.214	-0.567	0.0	-0.491	1.928	-0.218	-0.674	0.0	-1.083	-0.025	-0.314	0.069	0.0	0.633	-0.762	0.148	1.074	0.0	-0.103	0.0	0.0	-0.465	-0.194	0.0
free_topic	Eur-9931_280_Markhor-5	0.0	-0.824	0.0	0.0	0.64	0.0	0.183	0.0	0.317	0.0	0.0	0.0	0.797	-0.243	0.0	0.0	-0.636	0.0	0.0	0.0	0.0	0.0	-1.053	0.0	0.0	0.0	-0.563	0.758	0.0	0.928	0.139	0.0	0.665	0.31	-0.28	-0.223	0.0	0.0	-0.088	-0.237	0.898	-0.004	-0.929	0.0	0.0	0.0	0.0	0.031	0.868	0.0	-0.002	-0.547	0.0	-0.12	-0.256	0.0	-0.258	0.016	0.0	0.077	-1.038	0.0	0.0	0.0	-0.246	0.381	0.0	-0.267	-0.098	0.147	-1.293	0.0	0.0	0.0	0.0	0.475	0.0	0.021	0.0	-0.557	0.0	0.0	0.0	0.0	0.0	0.0	0.137	-0.005	-0.529	0.0
free_topic	Eur-bc75_352_sheep-6	0.75	0.0	0.224	-0.495	-0.04	0.0	0.0	0.0	-0.38	0.413	0.0	0.0	0.0	0.0	0.0	0.0	0.0	0.0	0.0	0.408	-0.19	0.0	0.0	-0.863	0.0	-0.109	0.0	0.0	0.0	0.236	0.02	-0.259	0.0	-0.605	0.0	-0.774	0.0	-0.001	-0.403	-0.423	0.0	0.0	-0.032	-0.232	0.0	-0.179	-0.728	0.0	0.0	0.123	-0.304	0.0	0.0	0.251	0.0	-0.061	-0.643	0.0	-0.294	0.0	-0.155	0.0	-0.339	-0.302	-0.477	0.0	0.0	0.0	0.0	0.0	0.0	0.0	0.005	-0.085	0.0	0.0	0.0	0.0	-0.412	0.0	0.0	0.314	0.0	0.0	0.0	-0.133	-0.491	0.0	0.0	0.0
free_topic	Eur-c08e_99_sheep-13	-0.075	-0.041	0.297	0.0	-0.449	0.0	0.0	-0.325	0.0	-0.503	-0.187	-0.541	0.0	-0.649	-0.366	0.0	0.0	-0.561	-0.007	0.0	0.0	-0.299	0.0	0.231	-0.7	0.0	0.27	-0.711	0.0	0.0	-0.461	0.0	-0.113	-0.495	0.283	0.0	0.0	-0.284	-0.328	-0.142	0.353	0.0	-0.233	-0.935	-0.762	0.065	0.053	0.0	-0.71	-0.252	-0.089	-0.632	-0.632	-0.538	0.0	-0.519	0.0	0.338	0.0	-0.172	0.0	0.0	-0.236	0.0	0.0	-0.639	0.0	-0.179	-0.177	0.0	-0.279	-0.445	0.0	0.0	0.092	-0.013	0.0	0.407	0.0	-0.274	0.0	-0.503	0.0	-0.014	0.0	0.0	0.0	0.0	-0.192	0.27
free_topic	Eur-d3a5_271_sheep-20	-0.009	0.4	0.393	0.0	-0.897	0.0	-1.063	-0.59	0.0	-1.035	-0.302	0.0	0.0	-0.667	0.0	0.0	0.0	-0.186	-0.05	0.42	0.225	-0.658	-0.482	0.147	0.0	-0.625	0.072	-0.414	0.0	-0.326	-0.458	-0.328	-0.397	-0.475	0.0	0.0	0.27	-0.277	0.0	0.0	0.298	0.0	0.0	-0.774	0.0	-0.111	0.698	-0.501	0.0	-0.555	0.0	0.147	-0.05	-0.67	0.0	-0.621	0.0	0.0	0.0	-0.124	-0.315	-0.259	0.433	-0.064	0.032	-0.305	-0.275	0.0	-0.811	0.0	-0.443	-0.792	-0.467	0.0	0.0	-0.018	0.0	0.0	-0.061	0.583	0.0	0.0	-0.477	0.0	-0.109	0.0	0.0	0.0	-0.006	0.0
free_topic	Fly-ac51_216_cow-9	-0.143	-0.802	0.13	0.035	-0.341	0.0	-0.341	-0.325	0.0	-0.704	-0.706	0.208	-0.125	-0.983	-1.165	0.0	0.0	0.0	0.059	0.0	0.0	0.364	-0.479	-0.22	0.0	-0.395	-0.452	0.0	0.0	0.0	-0.217	-0.077	0.0	-0.263	0.041	0.0	-0.686	-0.143	0.053	0.08	0.353	0.0	-0.045	0.0	-0.55	0.0	-0.662	-0.086	-0.555	-0.194	-0.655	0.397	-0.712	0.0	-0.721	-0.892	0.052	-0.171	-0.046	-0.001	0.0	0.0	0.067	-0.195	0.0	-0.413	-0.113	-0.315	-0.318	0.0	-0.006	-0.514	-0.263	0.364	-0.409	-0.844	0.347	-0.331	0.0	0.0	0.204	0.0	-0.006	-0.198	0.0	-0.532	0.0	0.0	-0.284	0.818
free_topic	Fly-ac51_222_cow-21	0.0	-0.475	0.969	0.0	-1.258	0.421	-0.329	0.147	0.0	-0.662	0.373	0.0	-0.028	-0.556	0.0	-0.354	-0.352	-0.123	0.0	0.0	0.0	-0.5	-0.73	0.0	0.217	0.0	-0.293	-0.013	0.0	0.086	-0.455	-0.702	-0.072	-0.27	0.0	-0.437	-0.513	0.0	0.448	0.0	0.353	0.0	0.0	0.0	-0.372	-0.441	-0.474	0.031	-0.908	-0.07	0.0	-1.023	-0.331	-0.309	0.527	-0.959	1.419	0.0	-0.922	0.0	-0.965	0.0	0.511	0.0	-0.146	-0.305	0.655	0.0	-1.049	0.0	-0.334	-1.186	-0.865	-0.797	0.039	0.085	0.189	0.0	0.338	0.088	-0.193	0.0	-0.477	0.0	0.0	0.0	0.0	-0.683	-0.192	0.0
free_topic	Fri-ce34_103_ze-21	-0.005	0.0	0.0	0.0	0.311	-1.075	0.123	0.045	0.0	0.0	-0.107	-0.306	-0.218	-0.659	0.0	-0.074	0.0	0.0	0.296	-0.353	0.0	-0.703	-0.574	0.0	-0.022	0.0	0.0	0.0	0.0	-0.127	0.0	-0.546	0.0	0.003	0.0	0.0	-0.212	0.0	0.243	0.0	-0.006	0.0	0.0	-0.477	0.0	-0.403	0.0	-0.677	0.0	0.0	0.0	0.0	0.0	0.0	0.239	0.0	0.0	-0.184	-0.342	0.0	0.509	-0.429	0.0	0.0	0.0	0.0	-0.488	0.0	-0.193	0.0	0.0	-0.369	0.232	0.0	-0.216	0.0	-0.615	0.0	0.147	0.0	0.101	-0.065	-0.315	-0.463	0.0	0.287	0.0	0.0	-0.007	0.564
free_topic	Gag-a05b_15_sheep-14	-0.091	-0.802	0.64	0.0	-0.874	-0.098	0.0	0.0	0.0	-0.807	0.0	-0.837	0.148	-0.537	-1.237	-0.363	0.191	0.0	0.0	-0.568	0.0	0.0	-0.562	-0.22	0.186	0.0	-0.372	0.0	0.0	0.0	-0.88	-0.898	0.0	0.0	0.0	-0.462	0.619	-0.399	-0.346	0.089	0.399	-0.576	-0.231	-1.015	-0.696	0.0	-0.115	-1.086	0.089	-0.013	-0.34	0.283	-0.032	0.0	-0.861	-0.189	0.0	0.0	-0.89	-0.052	0.16	0.0	-0.044	0.0	0.0	-0.339	-0.531	-0.202	0.426	0.0	0.519	-0.815	-0.004	0.0	-0.181	0.366	-0.327	0.337	0.0	0.0	0.0	-0.399	0.0	0.0	0.066	0.0	0.0	0.0	-0.093	0.592
free_topic	Gar-8d9c_31_bos-25	-0.344	-0.186	0.433	0.029	-0.614	0.0	-1.306	-0.752	-0.482	-0.367	-0.141	-0.254	-0.347	-0.664	0.451	0.0	-0.669	-0.199	-0.084	0.0	-0.196	0.0	-0.205	0.423	-0.548	-0.466	0.0	-0.177	0.003	-0.446	-0.517	-0.94	0.024	-0.694	-0.62	0.0	-0.193	-0.13	-0.321	0.0	0.298	0.0	0.0	-0.551	-0.772	-0.096	-1.291	0.118	0.0	-0.573	-0.638	-0.234	-0.05	0.37	0.631	-0.366	-0.047	-0.152	-0.805	-0.256	-0.254	-0.337	-0.187	0.0	0.883	-0.268	0.0	-0.999	-0.425	0.0	0.0	-1.083	-0.539	0.0	0.399	-0.254	0.0	0.0	-0.109	0.0	0.0	-0.295	0.548	-0.229	0.0	-0.275	0.054	-0.006	-0.066	0.309
free_topic	Gat-a3f4_45_sheep-29	-0.45	-0.317	0.753	0.0	-0.393	-0.436	-0.448	0.0	-0.313	-0.226	0.051	0.0	-0.172	0.0	0.314	-0.312	-0.35	-0.838	0.0	-0.196	-0.053	0.0	-0.201	-0.046	-0.253	-0.452	-0.75	0.604	0.0	0.207	0.0	-0.259	-0.371	0.0	-0.337	0.0	0.0	0.0	0.0	0.0	0.0	0.0	0.267	0.0	-0.208	0.0	0.0	-0.552	-0.312	0.121	-0.542	0.0	0.0	-0.171	0.272	-0.394	-1.822	-0.463	-0.608	0.0	-0.707	-0.75	0.0	-0.414	0.0	-0.216	0.375	0.0	-0.385	0.0	-0.258	-0.144	0.0	0.0	0.786	0.68	-0.333	0.0	0.0	0.0	-0.863	0.151	0.0	-0.659	-0.057	-0.133	-0.491	0.0	0.0	0.0
free_topic	Gir-427d_29_sheep-29	-0.203	0.0	0.0	-0.514	-0.362	-0.493	0.0	0.0	-0.153	-0.19	0.0	0.0	-1.179	0.644	0.109	-0.652	-2.017	1.111	0.0	-1.202	-1.025	0.0	0.222	0.0	0.177	-0.109	0.0	0.0	0.0	0.392	-0.083	0.389	0.0	-0.997	-0.415	-0.131	0.0	0.0	0.0	0.0	-0.831	0.0	0.0	0.0	1.457	-0.87	-1.2	0.0	0.18	0.0	0.0	0.0	-0.415	0.0	0.0	-0.061	-1.48	-0.238	0.0	-0.44	-0.468	0.0	0.187	-0.302	-0.729	-0.134	0.0	0.0	1.828	0.495	-0.412	0.0	0.233	-0.026	0.117	0.0	0.0	0.0	-0.721	0.0	0.246	0.0	0.0	0.0	-0.462	-0.133	-0.498	0.0	0.0	0.0
free_topic	Gir-cc25_11_sheep-30	0.733	-0.061	-1.266	0.0	0.131	0.0	-0.265	-0.294	0.731	0.352	0.0	-0.452	0.0	0.0	-0.006	-0.739	-0.392	1.627	0.0	-3.326	0.0	0.0	0.0	0.0	0.0	-0.008	1.317	0.507	0.0	0.392	-0.574	-0.259	0.392	-0.396	0.0	-0.046	-0.491	-0.061	-0.133	0.0	0.0	1.086	-0.877	0.0	0.239	-0.117	-0.06	-0.353	0.0	0.0	0.0	0.0	0.0	0.0	-0.109	-0.115	-0.643	0.0	0.052	-0.616	-0.645	0.0	-0.682	-0.924	-0.729	0.095	-2.236	-0.439	-1.458	-0.643	0.0	0.0	0.572	0.073	-0.284	0.0	0.0	0.0	-1.329	0.0	0.149	-0.465	0.115	0.127	0.0	-0.14	-0.491	0.447	0.177	0.0
free_topic	Gir-cc25_67_bovids-11	0.146	-0.712	0.481	0.0	-1.154	-0.307	-0.133	-0.643	-0.228	-1.07	0.0	-0.807	0.0	0.0	-0.734	0.0	0.0	-0.346	-0.332	0.148	0.0	0.103	-0.674	-0.237	-0.858	-0.621	-0.28	-0.399	0.0	0.0	0.0	-0.272	0.0	-0.302	-0.315	0.0	-0.094	-0.201	-0.94	-0.558	0.0	-0.093	-0.113	-1.403	-0.702	-0.001	-0.25	-0.448	-0.562	-0.045	-0.652	0.0	-0.614	0.0	0.0	-0.723	-0.346	-0.156	0.055	0.167	0.0	-0.259	-0.698	-0.135	0.0	-0.453	-0.491	-0.335	-0.725	0.0	-0.134	-0.293	0.0	0.0	-0.19	0.183	0.0	0.0	-0.142	-0.112	0.0	-0.029	0.0	0.0	-0.24	0.0	0.0	-0.14	0.0	-0.063
free_topic	Gra-abbf_183_cow-69	0.0	0.0	0.0	0.0	0.0	0.0	0.0	0.014	0.0	0.0	0.0	0.0	0.0	0.0	0.0	0.0	0.0	0.0	0.0	0.0	0.0	-0.263	-0.138	0.0	0.376	0.0	0.0	0.0	0.018	0.313	0.0	0.0	0.0	0.0	0.0	0.0	0.0	0.0	-0.567	0.0	-0.117	0.0	0.186	-0.045	0.0	0.0	0.0	0.0	0.0	0.0	0.0	-0.55	0.0	0.0	-0.581	-0.494	0.572	0.0	0.0	0.0	0.0	0.0	0.0	0.0	0.0	0.0	-0.401	0.0	0.0	0.0	-0.255	-0.059	0.0	0.477	0.0	0.0	0.0	0.0	0.0	0.0	-0.381	0.0	-1.066	0.0	0.0	0.0	0.0	0.0	0.0	0.0
free_topic	Gra-abbf_240_cow-8	0.0	0.199	0.107	0.0	0.0	0.575	-0.065	-0.046	0.0	0.0	0.271	0.0	0.0	-0.185	0.0	-1.156	0.0	-0.66	0.0	0.0	-0.347	-0.263	-0.436	-0.414	0.376	0.0	-0.308	0.0	0.325	0.313	-1.314	-0.299	0.0	-0.198	0.0	0.0	0.0	-0.013	-0.635	-0.445	-0.117	0.388	0.186	0.0	0.0	0.0	0.0	0.0	0.0	-0.006	0.0	0.0	0.0	-0.556	-1.223	-0.494	0.572	0.304	-0.228	0.0	-0.183	-0.354	0.052	0.0	0.0	0.0	0.0	0.0	0.0	0.0	-0.152	-0.059	0.0	0.0	0.0	0.0	0.0	0.0	0.295	0.0	-0.381	0.0	-0.696	0.0	0.0	0.0	0.0	0.0	0.0	0.0
free_topic	Gra-abbf_276_cows-8	0.0	0.0	0.0	-0.761	0.0	0.0	-0.617	-0.545	0.0	-0.194	0.0	0.0	0.0	0.0	-0.042	-0.132	0.0	0.0	0.719	0.0	-0.513	0.0	0.0	0.2	0.0	-0.669	-0.326	-0.621	0.0	0.0	-0.144	0.0	0.0	0.0	0.465	0.0	-0.233	0.774	-0.196	0.285	0.0	0.0	-0.39	0.0	-0.424	0.0	0.059	-0.552	-0.284	-0.108	-0.555	0.0	0.069	0.0	0.0	0.334	0.0	0.0	-1.183	-0.628	0.0	0.333	0.056	0.0	-0.363	0.123	0.0	0.0	0.0	-0.55	-0.3	0.0	-0.384	-1.254	0.0	0.221	-0.68	-0.038	0.0	-0.205	0.0	0.232	0.0	-0.12	0.0	0.0	0.0	0.0	0.0	-0.221
free_topic	Gra-abbf_345_cow-9	0.0	0.0	0.0	0.0	-0.165	-0.063	-0.077	0.0	0.0	0.0	0.0	-0.272	0.0	0.0	0.678	-0.473	0.0	-0.28	0.0	0.0	0.0	-0.263	-0.138	-0.414	0.376	0.0	0.0	0.0	0.018	0.313	-0.621	0.0	0.0	0.0	0.0	0.0	0.0	-0.094	-0.153	0.0	-0.36	0.0	0.186	0.0	0.0	0.0	0.0	0.0	-0.315	0.0	-0.801	-0.398	0.0	0.0	-0.581	-0.494	0.903	0.0	-0.228	0.0	-0.183	0.0	0.0	-0.324	0.0	0.0	0.0	0.0	0.0	0.045	-0.152	-0.059	0.0	0.0	0.0	0.0	0.0	-0.062	0.0	0.0	-0.381	0.0	-0.696	0.0	0.0	0.0	0.0	0.0	0.0	0.0
free_topic	Gra-bd0d_29_buffalo-27	0.0	0.0	0.32	0.0	-0.863	0.0	-0.075	-0.14	-0.478	-0.387	0.0	0.0	0.0	-0.44	0.0	0.063	0.0	-0.037	0.0	0.0	0.0	-0.33	-0.306	0.0	0.0	0.611	-0.06	0.0	-0.301	-0.247	-0.709	-0.787	-0.764	-0.204	-0.301	0.0	0.095	-0.434	0.0	0.0	-0.378	0.0	0.0	0.0	-0.051	0.0	0.328	0.0	0.0	-0.296	-0.073	-0.971	-0.311	-0.471	-0.551	-1.323	0.0	0.05	-0.41	0.0	0.072	0.0	-0.3	0.353	0.308	-0.504	-0.061	-0.029	-0.964	0.0	0.058	-0.569	-0.852	0.0	-0.151	-0.502	-0.535	-0.151	-0.934	0.429	0.0	0.0	-0.663	0.0	0.0	0.0	0.0	0.0	-0.006	0.0
free_topic	Gra-bd0d_33_buffalo-31	0.0	0.0	0.903	0.0	-1.329	0.0	0.013	-0.693	-0.825	-0.387	-0.455	0.0	0.0	-0.983	0.0	0.0	0.0	0.292	-0.318	0.608	0.0	-0.747	0.0	-0.132	-0.465	0.0	0.0	-0.412	0.0	-0.512	-0.138	-1.094	0.0	-0.108	-0.969	0.0	0.095	-1.406	0.0	0.221	0.0	0.303	0.29	-1.547	0.0	0.0	0.392	-0.284	0.0	-0.508	-0.095	-0.24	-0.348	0.023	0.0	-1.705	-0.662	-0.622	0.152	0.359	-0.588	-0.539	0.0	0.57	-0.265	-0.112	-0.491	0.0	-0.284	0.0	0.078	-0.19	-0.789	0.0	-0.406	-0.502	0.0	0.0	-0.792	0.821	0.0	-0.079	-1.289	0.0	-0.084	0.0	0.0	0.0	-0.622	0.0
free_topic	Gra-bd0d_9_Nanger-16	-0.041	0.0	0.175	0.0	-0.952	-0.508	0.003	-1.194	-0.38	-0.354	0.0	0.308	0.0	-0.175	-0.401	0.0	-0.523	-0.851	0.0	1.192	0.202	-0.273	0.497	0.0	0.023	0.0	-0.97	0.0	0.0	0.0	0.141	-0.697	0.67	-0.188	0.036	-0.787	0.077	-0.838	0.0	-0.826	0.292	0.0	0.074	0.0	-0.384	0.0	-0.456	-0.508	0.0	-0.727	1.129	-0.651	-0.527	0.0	-1.003	-0.542	-0.121	0.0	-0.534	0.136	-0.072	0.0	-0.933	0.374	0.338	-0.556	-0.003	-0.16	-0.676	-0.458	-0.909	0.182	0.0	0.0	0.0	-0.602	0.0	0.0	0.0	0.0	-0.121	0.0	-0.471	-0.371	0.0	0.2	-0.7	0.0	-0.127	0.0
free_topic	Gra-bd0d_9_Nanger-18	-0.434	0.0	0.344	0.0	-0.549	-0.317	0.003	-0.629	-0.38	-0.354	0.0	0.615	0.0	0.359	-0.401	0.0	-1.045	-0.273	0.0	1.192	0.476	-0.273	0.497	0.136	0.023	0.549	-0.97	0.0	0.0	-0.371	0.536	-0.697	0.121	0.21	-0.015	-0.42	0.077	-0.838	0.0	-0.763	-0.013	0.0	-0.098	0.0	-0.935	0.0	-0.755	-0.508	0.0	-0.715	0.938	-0.568	-0.477	0.0	-1.003	-0.92	-0.121	-0.084	-0.596	-0.578	-0.072	0.0	-1.343	0.374	0.338	-0.62	-0.003	-0.16	-0.57	-0.458	-1.312	0.149	0.0	0.0	0.0	-0.431	0.0	0.0	0.0	0.0	-0.121	0.0	-0.471	0.0	0.0	0.104	-0.836	0.0	-0.121	0.0
free_topic	Graedb9_2_sheep-24	0.0	0.0	0.393	-0.48	-0.972	0.0	0.0	0.392	0.0	-0.659	-0.347	0.045	0.0	-0.387	0.0	0.0	0.0	-0.246	-0.057	-0.029	0.0	-0.359	0.0	0.389	-0.013	-0.522	0.0	-0.029	-0.362	-0.061	0.0	-0.006	0.0	0.317	0.0	-0.117	0.12	0.0	0.0	0.433	-0.568	0.0	0.0	0.0	0.0	0.0	0.0	-0.302	0.0	-0.07	0.0	-0.138	0.0	0.0	-0.721	-0.223	0.0	0.054	-0.312	0.0	-0.323	0.0	0.0	-0.516	0.0	-0.285	-0.762	0.0	-0.215	-0.491	0.0	-0.542	0.0	0.0	-0.061	-0.018	-0.392	0.0	0.0	-0.41	0.0	0.0	-0.47	0.568	0.0	0.352	-0.953	0.0	-0.643	0.0
free_topic	Gre-c49e_14_cows-42	0.0	0.0	0.0	0.0	0.0	-0.049	-0.387	-0.566	0.352	0.1	0.395	0.0	0.0	-0.534	-1.268	0.0	0.416	0.0	0.0	-0.214	0.285	0.25	0.0	0.0	0.43	0.0	0.0	0.0	0.0	-0.347	-0.006	-0.066	-0.846	-0.137	-0.157	-0.157	0.366	-0.025	0.0	0.058	0.298	0.008	0.0	0.0	0.0	-0.064	-0.46	0.0	0.0	-0.057	-0.119	-1.686	0.207	0.0	-0.148	0.0	-0.822	0.0	-1.282	-0.378	0.258	0.247	-0.064	-0.204	0.0	0.0	-0.359	-0.846	-0.38	-0.609	0.548	-1.092	0.003	-0.032	-0.046	-0.773	0.0	-0.035	0.0	0.0	-0.636	0.0	0.0	-0.035	-0.439	0.428	0.0	-1.977	-0.006	0.0
free_topic	Gre-c669_207_sheep-25	-0.176	-0.189	-0.306	-0.429	-0.188	0.0	0.0	-0.626	-0.339	-0.327	0.0	-0.094	0.0	-0.649	-0.693	0.0	-0.172	-1.461	0.0	-0.07	0.0	-0.061	-0.259	0.546	-0.011	-0.109	0.127	-0.07	-0.097	1.316	-0.164	1.164	-0.728	-1.033	0.359	0.0	0.0	0.0	0.012	-0.605	0.353	-1.318	0.0	-0.258	0.037	0.277	-1.157	0.0	-0.432	0.0	0.0	0.166	-1.64	0.0	0.0	-0.01	-0.901	-0.615	-0.051	0.0	-0.015	-1.576	0.265	-0.302	-1.147	-0.132	1.076	-0.938	-0.28	-0.496	-0.511	-1.114	0.0	-0.667	-0.801	0.0	0.0	0.236	-0.963	0.0	0.537	0.026	0.0	-0.663	0.338	-0.133	-1.053	1.337	-0.192	0.0
free_topic	Gre-c669_208_sheep-10	-0.62	0.0	0.0	0.0	0.39	-0.523	-0.006	0.575	0.0	0.0	0.028	0.0	0.0	0.0	0.0	-0.051	0.0	0.0	0.0	0.0	0.0	-0.175	-0.583	0.0	0.0	-0.419	0.0	-0.126	0.006	-0.127	-0.072	0.0	0.0	-0.831	-0.199	0.0	0.0	0.0	-0.136	0.0	-0.69	0.0	0.0	-0.026	0.0	0.0	0.0	-0.551	0.0	0.233	0.0	-0.22	-0.293	0.0	-0.468	0.0	0.38	0.0	0.0	0.064	0.0	0.0	0.0	-0.56	0.0	0.0	0.0	0.0	0.0	0.0	0.0	0.738	0.0	0.0	0.0	0.0	0.398	0.0	-0.061	-0.462	-0.366	0.0	-0.392	0.0	0.0	-0.378	0.0	0.0	0.0	0.0
free_topic	Her-8d89_50_cows-9	0.0	-0.347	0.313	-0.143	0.0	-0.421	-0.67	-0.671	0.0	0.464	0.0	-0.118	0.0	0.0	-0.465	-1.234	0.108	-0.289	-0.375	-0.306	0.0	0.0	-0.111	-1.509	0.0	-0.768	-0.16	-0.476	0.0	0.0	-0.119	-0.143	0.352	-0.302	-0.515	0.0	0.093	0.156	-0.582	-0.446	0.0	-0.474	0.0	-0.847	0.0	-0.472	0.392	0.0	-0.198	-0.186	0.0	0.0	0.0	0.0	0.0	-0.209	-0.34	0.0	-0.08	0.228	0.275	0.151	-0.516	0.0	-2.41	0.0	-0.571	0.0	-0.381	-0.046	0.0	0.0	0.279	0.0	0.0	0.0	0.0	0.0	-0.204	-0.297	0.0	0.0	0.0	0.0	-0.109	0.0	0.0	0.464	0.062	0.182
free_topic	Hig-0cdf_117_cow-15	0.487	0.0	0.0	0.0	0.0	-0.605	-0.499	0.0	0.074	0.0	0.308	-0.523	-0.008	0.0	0.0	0.0	-0.445	0.0	0.0	0.0	0.0	-0.721	-0.587	-0.615	-0.167	0.0	-0.118	-0.464	0.0	-0.164	-0.276	-0.312	-0.716	0.653	0.0	0.0	0.127	0.096	0.0	-0.014	-0.233	0.206	0.0	0.0	-0.521	0.0	-0.288	0.09	-0.061	-0.558	-0.028	0.0	0.0	0.638	-0.131	0.0	0.219	-0.901	0.0	-0.467	-0.344	-0.236	-1.162	-0.083	0.0	0.0	0.0	0.0	0.0	-0.209	0.0	-0.52	0.044	-0.669	0.0	-0.603	0.0	-0.006	-0.556	0.0	-0.451	-0.304	-0.27	0.0	0.0	0.0	0.271	0.0	0.0	0.0
free_topic	Hig-d0f9_4_sheep-27	0.617	0.154	0.0	-0.254	-0.302	0.0	0.0	-0.161	-0.153	0.0	0.0	0.0	0.0	0.0	0.21	-0.362	0.0	0.75	0.0	-0.477	-0.537	0.0	0.0	-0.33	0.0	0.0	0.0	0.0	0.0	-0.019	-0.574	0.0	-0.32	-0.227	0.0	0.0	0.0	0.0	-0.647	0.0	0.0	-0.345	0.0	-0.252	0.0	-0.117	-0.103	0.0	0.0	-0.766	0.0	0.0	-0.274	0.0	-0.109	0.0	0.0	0.01	0.0	0.0	-0.021	0.0	-0.179	0.0	-0.729	0.0	0.0	-0.351	0.0	-0.643	0.0	0.0	0.02	-0.07	0.146	0.0	-0.104	0.0	-1.083	0.0	0.0	0.433	0.0	0.0	0.0	0.0	0.0	0.0	0.0	0.0
free_topic	Hip-aa4f_11_cows-17	-1.002	0.0	0.837	0.0	-1.133	0.0	0.438	-0.643	-0.183	-0.351	0.0	0.0	-0.259	0.032	-0.046	0.0	0.0	-0.289	-0.777	-0.445	-0.469	0.0	-0.223	-0.385	-0.185	-0.131	-0.109	-0.779	0.137	0.0	-0.58	0.0	-0.414	-0.072	0.0	0.0	-0.268	-0.071	0.0	0.146	-0.406	0.0	0.0	-0.14	-0.094	0.0	-0.743	-0.183	-0.143	-0.635	-0.425	-0.091	-0.061	0.0	-1.263	-0.385	0.0	-0.133	-2.075	0.648	-0.071	-0.259	0.0	0.144	0.338	-1.003	-0.852	0.0	-0.369	0.0	0.0	-0.969	0.0	-0.204	0.628	0.065	0.0	0.0	-0.061	0.0	0.0	0.0	-0.407	0.0	-0.109	0.0	0.0	0.0	0.0	0.0
free_topic	Hip-aa4f_164_cows-11	0.571	0.0	0.0	-0.425	0.191	0.0	-0.233	-0.392	-0.559	0.064	0.0	0.0	0.0	0.0	0.0	0.0	-0.033	0.0	0.0	0.0	-0.542	0.0	-0.061	-0.625	0.0	-0.109	0.0	0.0	0.0	0.392	-0.487	-0.259	0.0	-0.453	-0.354	0.0	0.0	0.405	-0.764	0.0	0.0	0.0	0.0	-0.523	0.0	0.236	0.0	0.391	0.0	0.388	0.308	0.0	0.372	-0.042	0.0	-0.061	-0.643	-0.006	0.0	0.0	0.374	0.0	-0.555	-0.302	-0.249	-0.551	0.0	0.0	0.0	0.0	0.0	0.0	0.0	-0.079	0.0	0.0	0.0	0.0	-0.305	0.0	0.0	0.393	-0.051	0.0	0.0	-0.133	-0.491	0.0	0.0	0.0
free_topic	Hip-aa4f_164_cows-20	0.0	-0.337	0.622	-0.241	-0.392	-0.093	-1.702	-0.643	0.352	0.112	0.0	0.0	0.0	0.723	-0.039	-0.254	0.441	-1.077	-0.731	-0.392	-0.835	-0.006	0.0	-0.548	-0.184	-0.23	0.174	0.208	-0.41	-0.347	-0.006	-0.106	-1.484	-1.256	0.214	0.0	0.0	-0.674	0.0	0.538	0.0	0.0	-0.385	-0.326	-0.138	0.052	-0.13	-0.22	0.0	0.0	0.0	-0.282	0.0	0.0	-0.274	0.0	-0.013	0.0	0.283	-0.661	1.378	-0.874	-1.002	0.0	0.352	0.0	-0.322	-0.109	0.0	-0.006	0.0	-1.006	0.0	-0.587	-0.74	0.0	0.0	0.0	-0.556	0.0	-0.48	0.0	0.351	0.0	-0.171	-0.146	-0.18	-1.505	0.0	0.423
free_topic	Hip-aa4f_169_cows-9	-0.249	-0.089	0.443	0.0	-0.508	0.0	-0.267	-0.566	0.045	-0.344	0.0	0.0	0.0	-0.533	-1.062	0.0	0.0	0.0	0.046	0.272	0.0	0.0	0.0	-0.916	0.0	0.0	0.223	-0.855	0.0	-0.666	0.0	1.43	-0.587	-0.841	-0.125	0.677	-0.496	0.0	0.0	-0.439	0.103	-0.005	0.571	0.0	0.0	0.0	-0.384	0.0	0.0	-0.309	0.0	-0.057	0.225	0.0	0.0	-0.038	-0.558	0.048	0.0	-0.28	-0.73	0.0	0.0	0.251	-0.125	-0.642	0.333	-0.363	-0.886	-0.178	0.0	-1.005	-0.65	-0.096	0.0	-0.249	0.0	-0.3	-0.596	0.0	-0.049	0.0	-0.569	0.0	0.0	0.0	0.0	0.659	-0.006	-0.312
free_topic	Hip-aa4f_191_Cows-1	0.05	0.05	0.483	-0.185	-0.057	-0.903	0.0	-0.302	0.0	0.093	0.0	0.0	0.0	0.0	-0.2	0.276	0.24	0.524	0.0	0.0	0.0	0.0	0.0	-0.599	-0.386	0.0	-0.448	0.225	-0.717	0.0	0.021	0.238	0.0	-0.166	0.0	0.0	0.0	0.0	0.0	-0.248	0.32	0.0	-0.279	0.0	-0.621	-1.241	-0.113	-0.579	0.166	0.0	0.0	-0.37	0.0	-0.621	0.0	-0.588	-1.023	0.0	0.0	0.254	0.055	-0.05	-0.551	0.0	0.0	0.0	0.0	-0.016	-0.109	0.0	-0.344	-0.876	-0.157	-0.133	0.369	0.289	0.187	0.125	0.0	0.254	0.0	0.409	0.0	0.047	-0.483	-0.061	0.0	-0.986	0.0	-0.647
free_topic	Hom-cefb_263_bovine-26	0.567	-0.13	-1.162	0.083	-0.302	0.0	0.0	-0.1	-0.257	0.0	-0.163	0.0	0.0	-0.287	-0.01	-0.237	-0.33	1.289	-1.121	-1.805	-0.428	-0.688	0.0	-1.036	0.058	-0.198	-0.789	0.0	-0.366	0.459	-1.173	-0.692	0.121	-0.44	0.0	0.0	0.0	0.0	-0.36	0.0	0.0	0.0	0.0	-0.246	0.0	0.137	0.053	0.0	0.0	-0.581	-0.006	0.0	0.017	-0.19	0.253	-0.493	0.0	-0.054	0.0	0.0	-0.289	-0.068	-0.294	0.0	-0.413	0.0	-0.564	0.0	0.0	-0.643	0.0	0.0	-0.931	0.499	0.342	0.0	-0.706	-0.48	-2.625	0.0	0.0	0.443	0.0	0.0	-0.692	0.121	0.244	0.097	0.0	0.0
free_topic	Hom-cefb_268_bovids-24	0.0	0.0	0.359	0.0	0.0	0.0	-0.359	-1.576	0.286	-0.271	-0.427	0.0	-0.764	0.058	0.0	-0.23	-0.363	-0.707	-1.147	-0.387	-0.264	0.0	-0.815	-0.863	-0.051	0.0	0.0	-0.748	0.0	-0.507	-0.741	0.17	-0.216	-1.125	0.567	-0.388	-0.252	-0.183	-0.529	0.138	0.298	0.0	0.0	-1.2	0.0	0.0	0.29	-0.042	0.0	0.158	0.304	-0.58	-0.05	-0.455	0.0	0.0	-0.695	0.0	-0.646	0.748	-0.443	-0.62	0.0	-0.873	0.0	-0.337	-0.491	0.0	-1.072	0.0	0.0	-0.206	0.0	0.0	-0.41	-0.32	0.0	0.0	-0.061	-0.339	-0.098	-0.321	0.0	0.033	-0.066	0.0	0.0	0.0	-0.006	0.0
free_topic	Hoo-4a1d_93_sheep-38	0.0	0.0	-0.396	0.0	0.0	0.0	-0.336	0.0	0.497	0.0	0.0	0.0	-0.364	0.0	0.035	-0.428	0.0	0.0	0.0	0.431	0.0	0.206	0.0	0.0	0.0	-1.051	-0.397	-0.115	-0.538	0.0	-0.293	0.0	0.0	0.0	0.0	0.0	0.083	-0.343	0.443	-0.689	0.0	0.0	0.234	0.0	0.0	0.0	0.0	-0.319	0.0	0.0	-0.315	0.0	0.0	0.0	-0.518	-0.459	0.0	0.0	0.146	0.0	0.0	0.0	0.27	0.0	0.0	-0.441	-0.328	0.0	0.0	0.0	0.0	-0.001	-0.533	0.0	0.185	-0.29	0.182	0.0	-0.121	-0.646	0.0	0.0	-1.112	-0.103	0.0	0.0	0.0	0.0	-0.193	-0.261
free_topic	Hoo-4a1d_95_sheep-25	0.0	0.04	1.127	-0.085	-0.585	0.0	0.0	-0.566	-0.01	-0.177	0.0	0.0	0.0	-0.534	-0.69	0.0	0.34	-0.435	0.0	0.0	-0.396	0.0	0.0	0.348	-0.467	0.0	0.106	-0.175	0.0	0.0	0.0	-0.195	-0.805	-0.848	0.0	0.279	0.0	0.237	-0.462	0.013	0.298	0.0	0.0	0.0	-0.529	0.0	-1.599	-0.004	0.0	-0.799	0.0	0.082	-0.421	0.0	0.0	-0.035	-0.275	0.0	0.683	0.262	0.614	-0.226	-0.758	0.0	-0.297	-0.55	0.283	-0.409	-0.558	0.546	0.0	-0.512	0.0	-1.001	0.0	-0.188	0.0	0.0	0.0	0.0	0.432	0.0	0.0	0.0	0.0	0.059	0.0	-0.411	-0.006	0.0
free_topic	Hou-f428_10_cow-15	0.0	0.863	0.209	0.0	0.385	0.955	0.0	-0.708	-0.558	-0.827	-0.895	-1.058	0.434	-0.344	0.03	0.306	-0.296	-0.645	0.0	-0.029	-0.289	-0.153	-1.024	-1.6	-1.131	0.0	-0.288	-0.346	0.134	-1.413	-0.755	-0.244	0.0	-0.643	1.1	0.0	-0.741	0.055	0.0	-0.096	-0.515	0.0	-0.863	0.0	-0.595	0.0	0.071	0.029	-0.039	0.058	-0.382	-0.016	0.445	-0.348	-0.426	-1.131	-0.11	-0.094	0.152	-0.48	0.334	0.0	-0.424	0.0	-0.031	-0.306	-0.425	-0.625	-0.233	0.0	-0.21	-0.3	-0.803	-0.699	0.067	-0.67	-0.328	0.0	-0.471	-0.218	-0.314	0.0	0.099	-0.198	-1.333	-0.345	0.0	0.0	0.083	0.345
free_topic	Hum-c1bb_244_cow-29	0.372	0.0	0.38	0.0	0.0	-0.306	0.0	0.0	0.0	0.0	0.0	-0.283	0.0	-0.253	0.0	0.0	0.0	0.032	0.0	0.311	0.0	-0.435	-0.584	-0.393	0.0	0.0	-0.135	0.122	-0.131	0.156	0.352	-0.577	0.123	0.0	-0.046	0.0	0.0	-0.484	0.001	0.139	-0.266	0.0	-0.828	-0.626	-0.637	0.0	0.0	-0.139	0.0	-0.347	-0.528	-0.026	0.028	-0.198	-0.654	0.0	-0.353	-0.789	0.0	0.025	0.052	-0.299	0.0	0.0	0.0	0.0	0.0	-0.018	0.0	0.0	0.386	-0.033	0.0	0.0	0.0	-0.429	-0.108	-0.633	0.0	0.0	-0.502	0.0	-0.408	0.0	0.0	0.0	0.0	0.0	-0.297	0.0
free_topic	Hyp-f6cf_200_sheep-22	0.0	0.24	0.393	-0.286	-0.616	0.0	-0.361	0.425	-0.329	-0.846	0.0	0.0	0.0	-0.238	0.0	0.0	0.0	0.0	0.033	0.0	-0.41	-0.33	-0.504	0.0	-0.061	0.314	-0.125	0.0	-0.236	0.0	-0.334	-0.581	-0.241	0.76	0.278	0.0	0.051	0.0	-0.051	0.0	-1.15	0.0	0.0	0.0	0.0	0.0	-0.295	0.0	0.0	-0.131	-0.551	-0.971	-0.327	0.0	0.0	-0.958	0.0	0.0	0.0	0.0	-0.1	0.0	-0.421	-0.276	0.0	-0.305	0.0	-0.102	-0.219	-0.138	-0.476	-0.542	-0.217	0.0	0.0	-0.018	-0.241	-0.196	0.16	0.095	0.0	0.0	-0.473	0.0	0.0	0.0	0.0	0.0	0.0	0.0
free_topic	Ind-363f_101_cows-4	-0.151	-0.505	0.393	0.0	-1.116	0.332	0.047	-0.087	-0.63	-0.009	0.0	-0.351	0.0	-0.333	-0.436	0.0	-0.146	-0.035	0.362	0.0	0.0	0.0	-0.051	-0.079	-0.575	0.0	-0.178	0.0	-0.689	-0.585	-0.018	0.0	0.0	0.0	0.573	0.0	0.0	-0.856	0.0	0.244	0.0	0.0	-0.55	-0.601	-0.618	0.212	0.0	-0.791	0.0	-0.378	-0.389	0.0	0.0	-0.546	0.0	-0.524	0.0	0.0	0.0	-0.248	0.0	0.0	-0.231	0.0	0.0	-0.305	-0.221	-0.561	0.116	0.0	0.0	-0.514	-0.54	-0.247	0.0	-0.018	0.085	0.0	0.0	0.0	0.0	-0.182	-0.584	0.0	0.0	0.0	0.0	0.0	0.118	0.391
free_topic	Ind-363f_133_Cows-1	0.352	0.0	0.0	0.0	-0.563	0.199	-0.694	0.0	0.352	0.046	-0.001	0.0	0.0	0.0	-0.347	0.0	0.0	0.0	-0.039	-0.316	-0.581	0.0	0.0	0.0	0.0	-0.263	-0.48	-0.441	0.0	-0.347	-0.006	0.0	-0.106	0.0	0.0	-0.277	-0.021	-0.323	0.221	0.413	0.463	0.0	0.0	0.0	0.0	0.052	-0.61	0.0	-0.273	0.0	0.0	0.276	-0.431	-0.512	-0.198	-0.87	-0.317	-0.694	-0.173	-0.639	0.4	0.0	0.227	0.0	0.0	0.0	-0.315	0.0	0.0	0.0	0.0	-0.818	0.0	0.0	-0.696	0.0	-0.099	0.0	0.0	0.0	-0.428	0.0	0.0	0.0	-0.733	0.0	0.0	-0.327	0.0	0.0
free_topic	Ind-363f_135_cows-4	0.571	0.0	0.0	0.0	0.0	0.0	0.0	0.0	-1.032	0.0	0.156	0.0	0.0	0.0	-0.349	-0.184	0.0	0.072	0.027	-0.306	0.0	0.0	0.0	0.0	0.0	-0.109	0.0	0.0	0.0	0.392	-0.077	-0.259	0.0	-0.3	0.0	0.187	0.0	0.0	0.031	0.0	0.0	0.0	0.0	0.0	0.0	0.236	0.505	0.0	0.0	-0.481	0.0	0.0	0.0	0.0	-0.137	-0.214	-1.324	0.0	0.0	0.0	-0.017	0.0	-0.332	-0.655	-0.249	0.0	-0.659	0.0	0.0	0.0	0.0	0.0	0.0	-0.453	0.0	0.0	0.0	0.0	0.0	-0.047	0.0	0.0	0.0	0.0	-0.024	-0.133	-0.491	0.0	0.0	0.0
free_topic	Ind-363f_146_cows-21	0.0	-0.281	0.393	-0.079	-0.755	0.0	0.134	0.544	-0.328	-0.138	0.0	0.0	-0.861	0.272	-0.517	0.0	0.0	0.555	0.0	0.0	0.0	-0.435	-1.147	-0.185	0.0	0.0	0.0	0.0	0.0	0.0	-0.604	0.0	-0.865	0.173	-0.749	-0.115	-0.839	0.0	0.0	0.0	0.0	0.0	0.0	0.0	-0.737	-0.242	0.0	-0.72	0.0	0.349	0.0	0.421	0.0	-0.076	-1.31	-0.24	0.515	0.0	-0.752	0.0	-0.602	0.0	0.0	0.0	0.308	-0.723	-0.061	0.0	-0.517	-0.258	0.0	-1.394	-0.4	-0.973	0.113	-0.018	0.0	0.0	0.0	0.339	0.0	0.0	-0.289	0.0	0.0	0.0	0.0	-0.559	0.0	-0.41
free_topic	Iri-77a8_121_cow-30	0.818	0.0	0.22	0.0	-0.238	-0.109	0.0	-0.26	0.0	0.567	0.0	0.0	0.0	-0.013	0.0	0.0	-0.223	0.0	0.0	0.269	0.217	-1.109	-0.404	0.386	0.0	0.0	-0.725	-0.247	0.0	-0.03	-0.47	0.0	0.0	1.339	-0.18	-0.196	-0.48	0.0	0.0	-0.987	-0.103	0.004	-0.411	0.0	0.0	-0.093	0.0	-0.182	0.0	0.0	0.0	0.0	-0.276	-0.13	-0.079	-0.775	0.087	-0.913	0.0	0.0	-0.379	-0.14	0.032	0.508	0.0	0.0	0.0	0.0	0.0	0.0	0.0	-0.472	0.0	-0.075	0.0	0.0	0.0	0.0	0.0	-0.405	-0.024	-0.457	-0.573	0.0	0.0	-0.278	0.0	0.0	0.0	0.0
free_topic	Iri-77a8_121_cow-37	-3.13	0.054	0.0	0.0	0.0	-0.767	-0.013	-0.517	0.562	0.0	0.072	-1.022	-0.807	-0.17	-0.352	0.386	-0.416	0.0	0.0	-0.336	-0.454	0.0	-0.391	-0.391	0.0	0.0	0.286	-0.223	0.0	-0.102	0.0	0.631	0.0	0.0	0.614	0.0	-0.195	-0.384	0.0	-0.019	0.0	0.0	0.0	0.0	0.0	-0.617	0.0	-0.382	-0.185	0.0	-0.342	-0.238	0.689	-0.405	0.0	-0.065	-0.117	0.0	-3.956	-0.322	-0.343	-0.724	0.249	0.0	0.0	0.0	-0.067	0.0	0.0	0.362	0.0	-1.374	-0.314	-0.059	-1.005	0.0	0.0	-2.393	0.0	0.0	-0.066	0.422	0.0	0.0	0.101	-0.411	0.36	0.0	0.0	0.0
free_topic	Kea-483e_117_sheep-26	0.0	0.0	0.377	0.0	0.0	0.0	0.0	0.0	0.0	0.0	0.0	0.118	0.0	-0.599	0.0	0.0	-0.313	0.0	-0.097	0.0	0.0	0.0	-0.029	-0.661	0.0	-0.132	0.0	0.033	-0.413	0.073	0.305	-0.312	0.0	0.0	0.0	0.0	0.0	0.0	-0.369	0.0	0.0	0.0	0.0	-0.016	0.0	0.0	0.0	-0.783	-0.111	0.0	0.0	0.0	-0.293	0.0	0.0	0.652	0.079	0.0	0.039	0.0	-0.5	0.0	0.069	0.0	0.0	0.0	0.0	-0.383	-0.251	0.0	0.0	-0.698	0.0	0.0	0.137	0.0	0.0	-0.422	0.0	-0.348	0.029	0.0	-0.711	0.0	0.126	0.0	0.0	0.0	0.0	0.0
free_topic	Kea-483e_5_sheep-11	0.446	0.0	0.0	0.0	0.0	-0.011	0.0	0.195	0.0	0.0	0.0	0.0	0.0	-0.408	0.0	0.0	0.0	0.0	0.289	0.0	0.0	0.016	-0.503	-0.058	-0.155	0.0	0.462	0.0	-0.423	0.114	0.0	-0.794	0.0	-0.207	0.0	0.0	0.0	0.0	0.0	0.317	-0.538	0.18	-0.365	0.0	0.0	-0.091	0.0	-0.12	0.0	0.0	0.351	-0.037	0.0	0.354	-0.008	0.0	0.616	-0.713	0.0	0.0	0.0	-0.293	-0.084	0.004	0.0	0.0	0.0	0.0	0.0	0.0	0.0	0.006	0.686	0.0	0.0	0.0	0.0	0.0	-0.488	-0.346	-0.255	0.085	0.0	0.0	0.0	0.0	0.0	-0.146	0.0	0.0
free_topic	Kea-483e_5_sheep-20	0.0	0.399	-0.365	-0.252	0.0	0.0	-0.526	-0.384	0.207	0.0	0.182	0.0	0.0	-0.046	0.21	-0.551	0.0	-0.734	0.163	0.224	0.0	0.232	0.0	0.0	0.0	-0.534	-0.294	-0.202	-0.692	0.0	1.043	-0.548	-0.397	-0.319	-0.386	0.0	0.0	-0.285	-0.345	0.155	0.0	-0.254	-0.227	-0.694	0.0	0.0	0.0	0.0	0.0	-0.548	0.0	-0.196	-0.347	-0.408	-0.408	-0.104	0.0	0.0	0.0	0.0	0.587	-0.039	0.38	0.0	-0.006	-0.475	-0.667	-0.217	0.0	-0.328	0.0	-0.609	-0.464	-0.385	0.0	0.0	0.139	0.0	-0.091	-0.254	0.0	0.0	0.0	-0.037	0.0	-0.31	0.452	0.0	-0.274	-0.127
free_topic	Kea-483e_77_sheep-9	0.0	0.0	0.191	-0.48	-0.908	0.0	0.0	0.0	-0.006	-0.082	-0.347	0.0	0.0	-0.718	0.0	-0.095	0.0	-0.362	0.0	-0.636	0.437	-0.013	0.0	0.411	0.0	0.806	0.0	-0.605	-0.374	-0.186	0.325	-0.006	-0.635	0.148	0.0	-0.19	-0.113	0.0	0.0	0.293	-0.582	-0.895	0.0	0.167	-0.051	0.0	0.0	0.001	0.0	-0.368	-0.48	0.033	0.0	0.332	-0.551	-0.162	0.0	-0.195	-0.41	0.068	-0.232	0.0	0.0	-0.497	0.308	-1.152	-0.061	0.0	-0.888	0.52	-0.436	-0.575	-0.057	0.0	-0.35	0.168	-0.924	0.0	0.0	0.0	0.0	0.0	-0.388	0.0	0.0	0.352	-0.694	0.753	0.0	0.0
free_topic	Kno-5218_10_cow-19	0.0	0.0	0.0	0.0	-0.315	0.0	0.045	-1.707	0.0	0.263	0.0	0.0	-0.959	0.0	0.0	0.0	0.552	-0.185	-0.236	-0.095	0.0	-0.598	-0.341	0.0	0.0	-1.063	0.0	-0.507	0.0	0.338	-0.152	0.0	-0.581	0.0	0.0	0.0	0.0	0.0	-2.124	0.0	-0.248	0.0	0.0	0.0	0.0	-0.629	-0.801	0.03	-0.392	0.0	0.0	-0.062	-4.103	0.0	-0.111	-0.432	0.351	-0.378	0.0	0.0	0.0	0.0	0.0	0.0	0.226	-3.251	-0.172	3.056	0.0	-0.275	0.331	-0.612	0.0	-0.116	-0.483	0.0	0.439	0.0	0.0	-0.551	-0.365	-1.79	0.0	2.453	0.0	0.0	0.0	0.094	0.0	0.0
free_topic	Kom-6ea1_112_buffalo-46	0.75	0.341	-0.361	-0.495	0.0	0.0	0.0	-0.283	-0.711	-0.127	0.342	-0.129	0.0	0.021	0.0	0.29	0.0	0.544	0.0	-0.327	-0.19	-0.245	-0.514	-1.012	0.0	-0.109	0.0	0.217	0.0	0.084	0.02	-0.378	0.0	0.016	0.0	0.055	0.0	-0.406	-0.671	-0.082	-0.451	0.628	0.131	-0.234	-0.51	-0.274	-0.212	0.0	-0.46	-0.381	-0.304	0.397	-0.18	0.0	-0.324	-0.289	-0.643	-0.477	0.0	0.0	-0.282	-0.288	-0.553	-0.302	-0.477	-0.257	-0.412	-0.005	-0.489	0.0	-0.229	0.0	-0.014	0.218	0.065	0.0	-1.148	0.0	-1.103	-0.103	0.0	0.234	-1.123	0.796	0.0	-0.133	-0.355	-0.244	-0.025	-0.679
free_topic	Kom-6ea1_126_buffalos-18	0.284	-0.321	0.393	0.0	-1.108	-0.375	-0.671	0.485	0.368	-0.256	-0.41	-0.344	0.0	0.199	0.0	0.095	-0.89	0.0	-0.485	0.005	0.0	-0.319	0.043	0.082	-0.198	0.112	0.0	0.135	-0.288	0.78	-0.848	-0.961	-0.545	0.465	-0.977	0.0	-0.983	0.581	-0.358	0.0	-1.109	-0.253	-1.364	-0.571	-0.051	0.0	0.0	0.131	-0.753	-0.07	-0.642	0.053	0.0	0.0	-0.557	-1.263	-1.19	0.0	-0.866	-0.284	-0.33	0.672	0.0	0.014	0.308	-0.697	0.053	0.189	-0.299	0.078	-0.523	-0.889	-0.783	-0.198	-0.508	-0.024	0.119	-0.21	0.0	0.21	0.175	-0.694	-0.412	0.0	0.678	0.0	-0.583	0.0	-0.551	0.0
free_topic	Kor-3a14_10_tiang-5	0.116	0.0	0.0	0.0	0.0	0.0	-0.38	0.0	-0.266	-0.368	0.0	0.0	0.0	0.0	0.0	-0.396	-0.694	0.807	0.0	0.013	0.0	0.0	-0.48	0.0	-0.062	-0.109	0.0	0.0	0.0	0.392	0.045	-0.259	-0.006	0.326	0.0	0.0	0.0	0.0	0.0	0.0	0.0	0.0	0.076	0.0	0.0	0.082	-0.316	0.0	0.0	0.0	0.352	0.0	-0.198	0.0	0.217	-0.061	-1.277	0.0	0.0	0.0	-0.169	0.0	0.033	-0.302	-0.637	0.0	0.073	0.0	-0.583	0.0	0.138	0.432	-0.039	-1.147	0.064	0.0	0.0	-0.347	-0.202	-0.396	0.0	0.0	0.0	0.0	-0.469	-0.133	-0.491	0.0	0.0	0.0
free_topic	Kor-3a14_11_Korrigum-1	0.0	0.0	0.0	0.0	0.0	0.0	0.0	0.0	0.0	0.0	0.0	0.0	0.0	0.0	0.0	0.0	0.0	0.0	0.0	0.0	0.0	0.0	0.0	0.0	0.0	0.0	0.0	0.0	0.0	0.0	0.0	0.0	0.0	0.0	0.0	0.0	0.0	0.0	0.0	0.0	0.0	0.0	0.0	0.0	0.0	0.0	0.0	0.0	0.0	0.0	0.0	0.0	0.0	0.0	0.0	0.0	0.0	0.0	0.0	0.0	0.0	0.0	0.0	0.0	0.0	0.0	0.0	0.0	0.0	0.0	0.0	0.0	0.0	0.0	0.0	0.0	0.0	0.0	0.0	0.0	0.0	0.0	0.0	0.0	0.0	0.0	0.0	0.0	0.0	0.0
free_topic	Kor-3a14_13_Korrigum-1	0.05	-0.583	0.69	-0.548	-0.862	-0.048	-0.434	-0.84	-0.202	0.556	-0.24	0.0	0.0	0.0	-0.425	0.645	0.0	-0.421	-0.07	-0.162	-0.199	0.0	0.0	0.0	-0.166	-0.201	0.303	-0.309	-0.292	0.0	0.0	-0.195	0.686	-0.33	-0.295	0.0	0.74	-0.219	0.083	-0.387	0.36	-0.086	-0.093	0.0	-0.398	-0.569	0.292	-0.731	-0.122	0.0	0.0	-0.857	-0.662	-0.621	0.182	-0.472	-0.448	0.0	-0.487	0.451	0.896	-0.078	-0.117	-0.322	0.0	-0.053	0.0	-0.269	-0.072	0.0	-0.344	-0.372	0.0	-0.48	0.369	-0.428	-0.136	0.0	0.0	0.0	0.0	0.0	0.0	0.0	-0.15	-0.536	0.0	-0.656	-0.471	0.0
free_topic	Kor-3a14_1_Korrigum-1	0.0	0.0	0.0	0.0	0.0	0.0	0.0	0.0	0.0	0.0	0.0	0.0	0.0	0.0	0.0	0.0	0.0	0.0	0.0	0.0	0.0	0.0	0.0	0.0	0.0	0.0	0.0	0.0	0.0	0.0	0.0	0.0	0.0	0.0	0.0	0.0	0.0	0.0	0.0	0.0	0.0	0.0	0.0	0.0	0.0	0.0	0.0	0.0	0.0	0.0	0.0	0.0	0.0	0.0	0.0	0.0	0.0	0.0	0.0	0.0	0.0	0.0	0.0	0.0	0.0	0.0	0.0	0.0	0.0	0.0	0.0	0.0	0.0	0.0	0.0	0.0	0.0	0.0	0.0	0.0	0.0	0.0	0.0	0.0	0.0	0.0	0.0	0.0	0.0	0.0
free_topic	Kor-3a14_22_korrigum-3	0.0	-0.012	0.27	-0.315	-0.05	0.0	0.0	0.0	0.412	-0.233	-0.347	-0.799	-0.217	0.0	0.482	0.0	0.0	0.0	-0.428	0.0	0.0	0.0	-0.598	0.124	0.0	0.0	-0.103	-0.06	0.443	-0.831	0.408	0.0	0.0	0.0	0.0	0.0	0.065	-0.396	0.0	0.785	0.0	0.0	-0.931	0.083	-0.469	0.135	-0.36	0.0	0.389	-0.151	0.138	0.0	0.0	0.0	0.0	-0.212	0.052	-0.366	-0.623	-0.48	0.0	0.0	-0.368	0.0	0.0	-0.306	0.0	-0.473	-0.522	0.0	0.0	-0.578	0.0	0.0	0.0	-0.8	0.0	0.0	-0.47	-0.306	-0.309	0.0	0.433	-0.198	0.0	0.0	0.0	0.0	0.0	0.432
free_topic	Kud-baf3_45_cattle-18	0.0	0.57	0.564	0.0	-0.261	0.364	0.0	-0.375	0.14	-0.664	-0.347	-0.478	-0.121	-0.183	0.042	0.0	-0.149	-1.421	0.0	-0.094	0.352	0.198	-0.247	0.0	-0.415	0.607	-0.314	0.138	-0.48	-0.069	0.0	0.0	0.0	-0.533	1.22	-0.309	0.0	0.137	0.707	0.475	0.0	0.0	-0.128	0.0	-0.32	-0.042	0.0	-0.407	0.235	0.074	0.248	-0.016	-0.604	0.0	0.0	-0.318	-0.262	-0.279	-0.16	0.0	-0.291	-0.152	-0.01	-0.006	-0.856	-0.306	-0.473	-0.123	-0.365	0.0	0.0	-0.578	-0.983	-0.53	0.0	-0.106	0.0	-0.204	0.0	-0.532	-0.414	-0.571	0.457	-0.198	-0.881	0.0	0.0	0.031	0.42	0.792
free_topic	Lio-60d2_196_buffalo-17	0.184	-0.061	-0.455	0.0	-0.738	0.0	0.0	0.0	-0.34	-0.257	0.0	0.0	-0.219	-0.414	0.0	-0.768	0.415	2.268	0.0	-2.11	0.0	0.0	0.0	0.0	0.0	0.0	0.0	0.0	0.037	0.0	-0.327	0.0	0.052	0.195	0.0	0.0	0.0	0.0	-0.74	0.0	-0.677	0.0	-0.138	0.0	-0.009	-0.309	-1.05	0.0	0.0	0.0	0.0	0.0	0.0	0.0	-0.109	0.0	0.0	0.0	0.0	0.0	-0.941	0.0	-0.338	0.0	-0.442	-0.337	0.0	0.158	0.0	-0.643	0.0	0.0	0.47	-0.059	-0.763	-0.618	0.0	0.0	-1.18	-0.751	0.0	-0.129	0.0	0.434	0.0	0.0	0.133	0.0	0.046	-0.231
free_topic	Lio-60d2_196_wildebeest-11	0.0	0.0	0.437	0.0	-0.309	0.0	0.0	0.0	-0.267	0.0	-0.348	0.0	0.0	0.0	0.0	0.0	0.117	0.627	0.0	0.0	0.0	0.0	-0.663	-0.736	-0.016	-0.701	0.0	0.0	-0.059	-0.826	0.447	-0.292	0.0	0.0	0.0	0.0	0.0	0.0	-0.296	0.0	0.0	0.0	0.0	-0.082	0.0	0.195	0.0	-0.511	-0.442	0.0	0.0	0.0	-0.162	0.0	-0.063	0.0	0.095	0.0	-0.602	0.0	-0.366	0.377	-0.155	-0.47	0.0	0.0	-0.312	0.0	-0.112	0.0	0.0	-0.536	0.0	0.0	-0.368	0.0	-0.369	0.164	-0.367	-0.426	-0.58	0.0	0.0	0.0	0.168	0.0	-0.364	0.0	0.0	0.0
free_topic	Lio-60d2_202_buffalo-16	0.0	0.0	0.02	-0.48	-0.74	0.0	-0.133	-0.643	-0.643	-0.082	-0.51	0.0	0.0	-0.689	0.0	0.0	0.0	-0.453	-0.494	0.175	-0.101	-0.057	0.0	0.245	0.0	0.0	0.0	-0.375	-0.491	0.0	0.0	-0.518	-0.327	-0.154	0.0	-0.267	-0.113	0.0	0.0	0.638	-0.301	-0.424	0.0	-0.537	0.711	0.0	0.392	0.0	0.0	-0.199	0.0	0.033	0.0	0.0	-0.392	-0.512	0.0	-0.103	0.0	0.568	0.041	-0.685	0.0	0.276	0.0	-0.453	-0.491	0.0	-1.054	0.0	-0.049	-0.607	0.159	0.0	-0.447	-0.155	-0.638	0.0	-0.061	-0.008	0.0	0.0	-0.388	0.0	-0.109	0.352	-0.694	0.301	0.0	0.0
free_topic	Lio-60d2_207_buffalo-15	0.0	0.0	0.089	0.0	-1.234	0.0	0.0	0.0	0.194	-0.134	0.0	0.0	0.0	-0.839	0.0	0.0	0.0	0.0	0.292	0.0	0.0	0.0	0.0	-0.333	0.0	0.0	0.0	0.0	0.0	0.0	0.0	0.0	0.0	-0.251	0.0	0.0	-0.487	0.0	0.0	0.024	0.0	0.0	0.0	-0.39	0.0	0.0	0.0	0.0	0.0	-0.502	-0.453	0.033	0.0	0.0	0.0	-0.527	0.0	0.0	0.0	0.0	0.041	0.0	0.0	0.102	0.0	-0.453	0.0	0.0	-1.054	0.0	0.0	-0.293	0.0	0.228	-0.229	-0.155	0.0	0.0	0.0	0.0	0.0	0.0	-0.388	0.0	0.0	0.0	0.0	0.0	0.097	0.0
free_topic	Lio-60d2_288_buffalo-16	0.0	0.102	0.515	-1.169	-0.107	0.0	-0.268	-0.601	0.0	0.208	-0.824	0.0	-0.484	0.0	-0.479	0.0	0.0	-0.712	-0.85	-0.289	0.0	0.0	0.0	-0.677	0.0	0.0	0.0	0.062	0.0	-0.301	0.059	0.0	0.0	-0.782	0.0	-0.029	-0.359	0.003	-0.101	0.0	0.296	0.0	0.0	-0.563	-0.676	-0.616	0.296	-0.053	-0.058	-0.021	-0.154	0.0	0.0	0.0	0.0	-0.352	-0.209	0.0	-0.415	0.248	-0.815	0.058	-0.033	0.0	0.0	-0.339	-0.304	-0.21	-0.382	0.0	0.0	-0.364	0.0	0.0	0.0	-0.532	0.0	0.0	-0.301	0.0	0.0	0.0	0.713	-0.573	0.036	-0.363	0.0	0.011	0.0	0.25
free_topic	Liobc52_2_buffalo-2	0.0	0.0	0.0	0.0	0.0	0.0	0.0	0.0	0.0	0.0	0.0	0.0	0.0	0.0	0.0	0.0	0.0	-0.291	0.0	0.0	0.0	0.0	0.0	0.0	0.0	0.0	0.0	0.0	0.0	0.0	-0.716	0.0	-0.2	0.0	0.0	0.0	0.0	0.0	0.0	0.0	0.0	0.0	0.0	0.0	0.0	0.0	0.106	0.0	0.0	0.0	0.456	-0.269	0.0	0.0	0.0	0.0	0.0	0.0	0.0	0.015	0.0	0.0	0.0	0.0	0.0	0.0	0.0	0.0	0.0	0.0	0.0	0.0	0.0	0.0	0.0	0.0	0.0	0.0	0.0	0.0	0.0	0.0	0.0	0.267	0.0	0.0	0.0	0.0	0.0	0.0
free_topic	Mac-1abb_3_saiga-23	0.304	0.0	0.0	0.0	0.0	-0.576	-0.006	0.097	0.0	0.0	0.0	0.0	0.0	-0.692	0.0	-0.051	0.0	0.0	0.116	0.0	0.0	-0.104	-0.629	-0.37	-0.19	0.0	0.053	0.0	-0.617	-0.229	0.0	-0.597	0.0	-0.502	0.0	0.0	0.0	0.0	0.0	-0.014	0.197	0.147	0.065	-0.41	0.0	-0.123	0.0	-0.461	0.0	0.0	0.136	-0.289	0.0	0.123	-0.37	0.0	0.573	-0.901	0.0	0.0	0.0	-0.236	-0.477	-0.315	0.0	0.0	0.0	0.0	0.0	0.0	0.0	0.16	0.191	0.0	0.0	0.0	0.0	0.0	-0.731	-0.551	0.123	0.032	-0.392	0.0	0.0	0.0	0.0	0.02	0.0	0.0
free_topic	Mac-251e_129_sheep-41	0.107	-0.134	-0.643	-0.495	0.386	0.0	0.0	-0.243	-0.617	0.082	-0.006	0.038	0.273	-0.319	0.0	-1.136	0.0	-0.159	-0.347	0.408	-0.005	0.0	-0.22	-0.805	0.0	-0.109	-0.006	0.0	0.0	0.653	0.197	-0.457	0.0	-0.142	0.0	-0.113	-0.101	-0.257	-1.286	0.346	0.268	0.0	-0.061	-0.383	0.052	-1.716	-0.098	-0.319	-0.464	0.164	-1.096	0.0	-0.48	-0.512	-0.007	-0.791	-0.786	-0.109	0.051	0.0	-0.232	-0.414	0.037	-0.059	-1.562	0.0	-0.682	-0.472	0.0	-0.169	0.0	0.041	0.005	-1.372	0.0	0.0	0.0	0.0	-0.613	-0.316	0.0	0.667	0.0	0.0	-0.26	-0.552	-0.491	0.0	0.0	0.0
free_topic	Mac-251e_323_cow-48	0.372	0.0	0.0	0.217	0.0	-1.271	-0.594	-0.305	0.0	0.0	0.308	-0.523	0.0	-0.787	0.0	-0.094	0.0	0.0	0.69	0.0	0.0	-0.175	-1.001	-0.27	0.507	0.008	0.08	0.0	-0.111	-0.024	0.0	-0.777	0.0	-0.81	0.0	0.0	0.0	-0.051	0.0	-0.562	-0.361	0.43	-0.302	-1.045	0.0	-0.249	0.0	-0.76	-0.061	0.0	0.044	-0.144	0.0	-1.366	-0.817	0.0	0.38	-0.789	0.0	0.0	-0.293	-0.299	-0.935	-0.127	0.0	0.0	0.109	-0.424	0.0	0.0	0.002	0.305	0.25	0.0	0.0	0.0	0.0	-0.006	-0.448	-0.167	-0.366	-0.246	-0.228	0.0	0.0	0.0	0.0	-0.363	0.0	0.0
free_topic	Mac-251e_324_cow-5	0.351	0.0	0.393	0.0	-0.625	-0.473	0.051	-1.035	-0.204	-0.259	0.0	0.0	0.0	-0.684	0.0	0.224	0.0	0.0	0.0	0.0	-0.368	-0.514	0.0	0.0	-0.233	0.0	-0.19	0.0	0.0	0.0	0.0	-0.697	-0.809	-0.063	-0.418	0.0	-0.776	0.0	0.0	0.0	0.298	0.0	-0.487	-0.049	0.195	0.0	-0.461	-0.577	0.0	-0.07	0.0	-0.311	-0.527	0.0	-0.551	-0.597	0.0	-0.479	-0.41	0.0	0.221	0.0	0.0	0.244	0.308	-0.697	-0.123	0.0	-0.583	0.0	0.0	-0.542	0.0	0.0	0.0	-0.66	0.0	0.0	0.0	0.0	0.0	0.0	-0.393	0.0	0.0	0.432	0.0	0.0	-0.075	0.0
free_topic	Mac-7bcf_13_sheep-10	0.0	-0.454	0.441	0.0	0.12	0.0	0.0	0.0	-0.104	-0.103	-0.557	0.0	0.0	-0.901	0.0	0.089	-0.129	-0.216	-0.016	-0.083	-0.369	-0.045	-0.431	-0.511	-0.208	-0.127	-0.302	-0.179	0.707	0.187	0.487	-0.368	-0.523	0.0	-0.109	0.308	-0.453	-1.047	-0.693	-0.523	0.0	-0.33	-0.844	-1.569	0.0	0.0	0.0	-0.625	0.0	0.0	-0.149	-0.094	-0.274	-0.523	-0.905	0.0	-0.376	-0.643	-0.549	-0.172	-0.612	0.0	0.325	-0.712	0.356	0.0	0.0	-0.064	-0.438	0.13	-0.684	-0.078	-0.301	0.0	-0.48	-0.293	-0.302	-0.286	0.0	0.168	-0.53	-0.315	-0.006	0.0	-0.758	0.0	0.0	0.0	0.0	0.0
free_topic	Mac-ae00_97_sheep-44	0.0	0.0	0.529	0.103	0.0	0.0	-0.063	-0.881	0.0	0.0	0.0	0.089	0.0	-0.534	-0.562	-0.67	0.0	0.0	0.032	-1.271	0.0	0.0	-0.511	-0.476	0.0	-0.164	0.0	-0.413	0.0	0.0	-0.117	0.344	0.0	-0.156	0.0	0.0	0.0	0.309	-0.403	-0.143	0.298	0.0	-0.285	-0.639	0.0	0.0	0.0	0.0	0.0	-1.028	0.0	0.0	-0.05	0.0	0.0	-0.103	0.0	-0.498	-0.142	0.0	-0.392	-0.308	-0.186	0.0	0.0	0.0	0.0	0.0	-0.649	-0.006	0.134	0.0	0.123	-0.051	0.0	0.0	0.0	0.0	0.0	-0.364	0.0	0.0	0.0	-0.41	0.0	0.0	-0.523	0.0	-0.006	0.337
free_topic	Mac1e7c_3_cows-21	0.318	0.0	0.297	-0.314	-0.449	0.0	0.0	0.0	-0.656	-0.183	0.0	-0.094	-0.677	0.0	0.0	0.0	-0.052	-0.472	0.0	0.0	0.0	0.0	-0.115	0.0	0.0	0.0	0.0	0.103	0.0	0.0	-0.205	0.383	0.0	-0.077	-0.362	0.0	0.0	0.0	-0.332	0.0	0.0	0.0	0.0	-0.119	0.0	0.041	0.0	0.0	0.201	-0.252	0.0	0.417	-0.439	0.0	0.0	-0.1	-0.387	-0.584	0.0	0.152	0.0	0.0	0.162	0.0	-0.596	-0.639	0.0	0.0	0.062	0.0	0.224	-0.445	0.0	-0.421	-0.787	-0.223	0.0	0.348	0.0	0.0	0.472	0.273	0.0	0.0	0.338	0.0	0.183	0.0	0.0	0.0
free_topic	Mam-3742_555_sheep-13	0.0	0.094	0.24	0.0	0.45	0.211	-0.133	-1.01	0.0	0.0	0.0	0.0	0.38	0.0	0.269	-0.604	0.0	-0.742	-0.384	-0.153	-0.221	0.054	-0.095	-0.105	0.232	-0.881	-0.341	-0.353	0.0	-0.367	-0.14	0.0	0.751	-0.302	0.0	0.0	0.187	0.234	0.536	-0.138	-0.134	0.0	-0.659	-1.139	0.0	0.0	0.392	0.0	-0.434	-0.671	0.0	0.0	0.0	0.0	-1.667	-0.819	-2.061	0.0	0.649	0.95	0.0	1.341	-0.78	0.0	0.0	0.152	-0.611	0.0	0.0	0.804	0.0	0.0	-0.033	-0.153	0.003	0.0	-0.097	0.425	-1.327	-0.189	0.0	0.054	0.0	0.0	-0.838	-0.543	0.074	0.0	0.0	0.962
free_topic	Mam-3742_574_sheep-9	0.351	0.0	0.741	0.0	-1.322	-0.16	0.085	-1.237	-0.197	-0.286	0.0	0.0	0.0	0.199	-0.346	0.58	0.0	0.023	-0.364	0.111	-0.103	0.0	0.0	-0.047	-0.219	0.025	0.0	-0.211	0.0	0.119	0.0	-0.697	0.0	0.278	-0.92	-0.111	0.104	-0.402	0.0	-0.57	0.0	0.0	0.177	-1.033	0.0	0.0	-0.671	-0.301	0.0	-0.101	0.379	-0.574	-0.477	0.0	0.0	-0.423	0.222	-0.251	0.0	0.203	0.081	-0.259	0.0	-0.228	0.0	-0.682	-0.358	0.0	-0.426	-0.675	-0.318	-0.333	0.0	0.0	-0.151	-0.399	0.0	0.0	-0.792	0.41	0.0	0.0	-0.28	0.0	-0.109	0.546	-0.564	0.0	0.0	0.0
free_topic	Mam-3742_583_buffalo-21	0.0	0.0	0.433	0.0	-0.33	0.0	0.522	-0.566	-0.694	0.047	0.709	-0.899	-0.671	-0.757	0.452	0.0	-0.625	0.032	0.0	-0.328	-0.911	0.0	0.0	0.0	-0.384	-0.625	0.0	0.0	0.0	-1.113	-0.412	0.0	0.094	0.326	-0.383	0.0	0.156	0.365	0.16	-0.061	0.289	0.328	-0.577	-0.281	0.0	0.0	-0.181	1.56	-0.48	-0.134	-0.157	-0.303	-0.541	0.0	0.0	-0.071	0.0	0.048	-0.051	0.028	-0.15	-0.739	-0.954	0.0	0.308	-0.994	0.0	-0.006	-1.024	-0.336	0.0	-1.757	-0.077	0.0	-0.789	-0.254	0.0	0.0	-0.542	0.156	0.0	0.0	-0.208	-0.12	-0.086	0.0	0.0	0.0	-0.006	0.0
free_topic	Man-5a67_63_cows-14	0.188	-0.384	0.698	0.095	-0.289	0.0	-0.133	-0.643	0.0	-0.791	0.0	0.0	0.0	0.0	-0.336	0.0	0.37	-0.276	-0.61	-0.4	0.0	-0.038	-0.488	-0.721	0.0	0.0	-0.011	-0.082	0.0	0.0	0.0	-0.534	0.0	-0.302	0.0	0.0	-0.169	-0.415	-0.938	-0.273	-0.228	0.0	-0.353	-0.879	-1.301	0.0	0.134	0.0	-0.016	0.477	-0.363	0.0	-0.095	-0.295	0.0	-0.316	0.0	0.584	-0.578	1.358	0.0	-0.259	0.518	0.0	0.0	-0.57	-0.491	-0.152	0.141	0.103	-0.312	-0.617	0.0	0.093	-0.089	0.103	0.0	-0.473	-0.061	0.164	0.0	-0.357	0.0	0.0	-0.109	0.0	0.0	0.0	0.0	0.179
free_topic	Man-c4c9_102_sheep-37	0.686	-0.344	-0.799	-0.477	-0.48	0.581	0.0	-0.037	-0.023	0.0	0.585	0.0	0.0	0.0	-0.043	-0.055	0.146	-0.004	0.0	-0.393	-0.523	0.0	0.052	-1.098	0.0	-0.793	-0.012	-0.38	-0.103	0.324	-0.522	-0.259	-0.354	-0.411	-0.352	0.0	-0.198	0.0	0.0	-0.291	-0.091	0.185	-0.364	-0.623	0.52	0.481	-0.103	-0.344	-0.45	-0.857	0.0	0.0	-0.511	-0.006	-0.327	-0.061	-0.593	0.0	-0.868	-1.253	0.335	0.0	0.595	-0.302	-2.403	0.0	0.0	0.352	0.0	-0.742	0.0	1.025	-0.692	-0.037	-0.782	-0.548	-0.694	-0.179	-1.261	0.75	0.0	-0.672	0.0	-0.038	-0.286	-0.133	-0.69	0.0	0.369	0.0
free_topic	Man-d9fd_154_sheep-11	0.617	-0.061	0.0	-0.068	-0.211	0.0	-0.409	-0.228	-0.153	-0.151	0.0	-0.123	0.0	0.0	0.0	0.003	-0.187	0.544	0.0	-0.735	-0.428	0.0	0.103	-0.508	0.0	0.0	0.0	0.0	0.0	0.191	-1.048	0.0	0.392	-0.319	-0.65	0.0	-0.041	0.149	-0.845	0.0	0.0	0.0	0.0	-0.414	0.0	-0.809	-0.113	0.53	0.065	0.58	0.338	0.0	0.138	-0.268	-0.109	0.0	0.0	-0.183	0.0	0.0	-0.209	0.0	0.025	0.0	-0.729	-0.621	0.0	-0.617	0.0	-0.622	0.0	0.0	-0.019	-0.199	0.065	0.0	0.0	0.0	-0.988	0.0	0.0	0.443	-0.094	0.0	0.0	0.0	0.0	0.0	0.0	0.0
free_topic	Mar-3955_102_markhor-2	0.0	0.0	0.0	-0.027	0.0	-0.496	0.0	-0.566	0.352	-0.641	-0.236	0.0	0.0	-0.534	-0.612	0.052	-0.387	0.0	0.0	0.275	0.0	0.0	0.0	0.0	0.0	-0.841	0.0	-0.032	-0.56	-0.347	-0.006	0.0	0.0	-1.199	0.0	0.0	0.0	-0.067	0.0	0.795	0.298	0.0	0.0	0.0	0.0	0.052	-0.691	0.0	-0.163	0.0	0.0	-0.629	-0.05	0.0	-0.198	0.002	-0.626	0.0	0.0	-0.159	-0.36	0.0	-0.149	0.0	0.0	0.0	0.0	0.0	-0.38	0.035	0.0	-0.867	0.0	0.0	-0.046	0.501	-0.061	-0.46	0.0	-0.269	-0.396	0.058	0.0	-0.2	0.0	-0.427	0.0	-0.092	-0.031	-0.059
free_topic	Mar-3955_104_markhor-5	0.304	0.0	0.0	0.0	0.0	-0.605	-0.605	0.0	0.0	0.0	-0.171	-0.523	0.0	0.0	0.0	0.0	0.0	-0.097	0.0	0.0	0.0	-0.281	-0.395	-0.557	0.0	0.0	0.346	0.0	0.0	-0.118	0.157	0.0	0.667	0.0	0.0	0.0	0.0	-0.051	0.0	-0.014	-0.012	-0.515	0.0	0.0	0.0	0.0	-0.456	0.09	-0.061	0.0	0.0	0.0	0.0	0.541	-0.225	0.0	0.694	-0.901	0.0	0.0	0.0	-0.236	-0.542	-0.093	0.0	0.0	0.0	0.0	-0.629	0.0	0.0	0.439	0.0	0.0	0.0	0.0	0.0	-0.006	-0.425	0.0	-0.163	-0.143	0.0	0.0	-0.121	0.0	0.0	0.0	0.0	0.0
free_topic	Mar-3955_105_Markhor-1	0.0	0.0	0.0	0.0	0.0	0.0	0.0	0.0	0.0	0.0	0.0	0.0	0.0	0.0	0.0	0.0	0.0	0.0	0.0	0.0	0.0	0.0	0.0	0.0	0.0	0.0	0.0	0.0	0.0	0.0	0.0	0.0	0.0	0.0	0.0	0.0	0.0	0.0	0.0	0.0	0.0	0.0	0.0	0.0	0.0	0.0	0.0	0.0	0.0	0.0	0.0	0.0	0.0	0.0	0.0	0.0	0.0	0.0	0.0	0.0	0.0	0.0	0.0	0.0	0.0	0.0	0.0	0.0	0.0	0.0	0.0	0.0	0.0	0.0	0.0	0.0	0.0	0.0	0.0	0.0	0.0	0.0	0.0	0.0	0.0	0.0	0.0	0.0	0.0	0.0
free_topic	Mar-3955_107_markhor-5	0.319	-0.061	-0.219	-0.638	-0.542	-0.028	0.115	0.0	-0.045	-0.643	-0.413	0.0	-0.185	-0.523	0.272	0.052	0.0	-0.523	0.0	0.117	-0.269	0.0	0.0	0.819	-0.268	-0.566	0.0	-0.091	0.0	0.491	0.555	0.0	-0.735	-1.367	-0.682	-0.089	0.0	-1.143	-0.006	-0.856	-0.48	-0.633	0.0	-0.205	1.291	-1.152	0.0	0.799	0.0	0.0	-0.007	-0.855	-1.391	0.0	0.474	-0.456	-0.078	-0.112	0.0	-0.823	-0.045	-0.71	-0.62	-0.139	-0.839	-0.212	0.0	-0.118	-0.194	0.137	0.0	0.096	0.0	0.288	-0.046	0.295	-0.421	0.0	-0.095	0.806	-0.188	-0.327	-0.399	0.0	0.0	-0.823	0.605	0.0	0.0	0.0
free_topic	Mar-3955_109_markhor-9	0.0	0.728	0.73	0.0	0.0	0.134	-0.049	-0.545	0.514	0.0	0.356	-0.745	0.0	0.0	0.054	-0.132	0.27	-0.634	1.482	0.397	0.584	0.0	0.0	-0.358	0.0	-0.26	-0.832	-0.409	-0.121	0.0	-0.739	0.265	0.0	-0.095	-0.157	0.0	0.734	-0.024	-0.196	0.519	0.0	0.193	-0.602	-0.222	0.048	0.072	-1.107	0.542	0.113	-0.377	-0.636	0.062	-0.772	-0.329	-0.494	-0.164	0.0	-0.768	-0.025	0.0	0.295	0.333	-0.065	0.0	0.0	-0.718	-0.63	-0.167	0.0	-0.553	0.0	0.238	-0.93	-0.513	0.0	0.307	0.314	0.0	-1.46	-0.544	0.0	0.0	0.0	-0.194	0.0	-0.039	-0.322	0.0	0.0	-0.307
free_topic	Mar2a6b_7_Markhor-1	0.0	0.0	0.0	0.0	0.0	0.0	0.0	-0.04	0.0	-0.174	0.0	0.0	0.0	0.0	-0.043	0.0	-0.404	0.0	0.0	-0.112	0.0	0.0	0.018	0.0	0.0	-0.335	0.0	0.0	-0.393	0.0	-0.399	0.0	0.0	0.0	0.0	0.0	0.0	0.0	0.0	0.234	0.0	0.0	0.0	0.0	0.0	0.0	-0.622	0.0	0.0	0.0	0.0	0.05	-0.534	-0.811	0.0	-0.36	0.029	0.0	0.0	-0.57	-0.652	-0.161	0.0	0.0	0.0	-0.463	0.0	0.0	0.0	0.0	0.0	-0.344	0.0	0.0	-0.588	0.238	0.0	-0.263	0.0	0.0	0.0	0.027	0.0	0.043	0.0	0.0	0.083	-0.1	0.0	0.0
free_topic	Mea-f34c_97_buffalo-12	0.0	0.0	0.393	0.0	-0.716	-0.252	0.004	-0.143	0.0	-0.281	0.0	0.0	0.0	-0.252	-0.361	0.0	0.0	0.0	0.334	0.0	0.0	-0.24	-0.125	-0.269	0.0	0.0	0.0	0.0	0.0	0.0	0.0	0.0	-0.002	0.855	0.0	0.0	0.294	0.0	0.0	0.236	-0.828	0.0	0.0	0.0	0.0	0.0	0.0	-0.336	-0.676	-0.18	-0.137	0.168	0.0	-0.088	0.0	-1.166	0.0	0.0	0.0	0.0	-0.012	0.0	0.364	0.043	0.0	-0.679	0.0	0.0	-0.063	0.0	0.0	-0.542	-0.866	0.0	0.327	-0.018	0.0	0.0	0.0	-0.602	0.0	0.0	-0.225	0.0	0.0	0.0	0.0	0.0	0.0	0.0
free_topic	Med-186c_51_sheep-18	0.0	-1.111	0.393	-0.405	-1.331	0.556	-0.358	-0.341	0.0	0.051	0.0	0.008	0.0	-0.508	0.0	-0.209	0.0	0.152	-0.364	-0.006	-0.075	-0.501	-0.32	0.0	0.0	0.466	0.0	-0.211	0.0	-0.151	-0.344	0.134	-0.032	0.305	0.0	0.0	-0.178	0.0	0.0	0.0	0.0	0.0	0.0	-0.752	0.0	0.0	0.392	-0.054	-0.262	-0.07	0.0	0.326	-0.437	0.0	0.0	-0.917	0.103	-0.268	0.0	0.506	-0.246	-0.259	0.0	-0.681	0.0	-0.305	-0.491	0.0	-0.505	0.0	-0.281	-0.643	-0.254	0.0	0.0	-0.018	0.0	0.0	-0.061	0.078	-0.153	0.0	-0.247	0.0	-0.109	0.0	0.0	0.0	0.0	0.0
free_topic	Mex-2908_141_Buffalo-16	0.414	0.0	-0.691	0.0	0.0	-0.446	-0.247	0.0	1.22	0.045	0.0	0.0	0.0	-0.378	0.111	0.0	0.0	-0.477	0.0	0.737	0.0	-0.096	-0.815	0.0	-0.054	0.0	-0.12	-0.046	0.0	-0.164	-0.988	-0.585	0.0	0.0	0.0	0.0	0.0	-0.48	0.013	0.033	-0.158	0.0	0.0	0.0	0.0	0.352	0.0	0.129	-0.198	0.0	-0.39	0.0	0.0	0.0	0.091	0.0	0.309	-0.668	0.0	0.0	0.0	-0.392	0.0	0.0	0.0	0.0	0.0	0.0	0.0	0.0	0.0	-0.147	0.0	0.0	0.0	-0.208	0.0	0.0	0.0	0.0	0.467	0.0	-0.694	0.0	0.0	0.0	0.0	0.0	0.0	0.0
free_topic	Mim-33dd_144_sheep-42	0.121	-0.312	0.753	0.052	-0.393	-0.987	0.0	0.0	-0.198	-0.095	0.0	-0.425	0.0	0.0	0.0	0.233	-1.233	0.0	-0.017	-0.342	-0.396	0.152	0.0	0.79	0.138	0.4	0.0	0.38	-0.231	0.048	-0.578	0.144	-0.402	0.0	-0.01	-0.306	0.0	0.0	0.0	-0.723	0.0	0.0	0.0	-0.713	0.075	-0.674	0.326	0.0	0.0	-0.162	0.0	0.0	0.0	-0.008	-0.171	-0.267	-1.202	0.0	0.0	-0.923	0.0	0.268	-0.604	0.432	0.0	-1.226	0.0	0.0	-0.723	-0.717	0.0	-0.144	0.0	0.217	0.0	0.193	-0.794	-0.731	0.0	0.0	0.0	-0.153	-0.2	0.0	0.0	0.0	-0.151	0.02	0.088	-0.365
free_topic	Mim-33dd_51_sheep-10	-0.222	0.0	-0.306	0.0	0.0	-0.076	0.0	-1.195	0.166	-0.169	0.0	-1.155	-0.106	-0.649	-0.107	-0.578	0.0	0.0	0.0	0.055	-0.212	-0.14	0.0	-0.099	-0.886	0.0	0.091	0.0	-0.198	-0.385	-0.115	1.615	-0.184	-0.618	-0.42	0.119	-0.428	0.0	-0.046	-0.82	0.353	0.07	0.0	0.0	0.173	0.393	-0.268	0.233	0.237	-0.694	0.0	-0.106	-0.835	0.0	0.0	0.0	0.595	0.0	0.045	0.057	-0.37	-0.517	-0.888	-0.144	-0.521	-0.872	-0.041	0.119	-0.239	-0.494	-1.224	-0.578	-0.233	0.0	0.0	-0.347	0.0	-0.454	-0.122	-0.134	0.0	0.0	0.0	0.223	0.0	0.0	-0.024	0.38	-0.192	0.0
free_topic	Mol-f398_101_sheep-25	0.0	0.234	0.564	-0.182	-0.399	0.564	0.255	-0.325	0.669	-0.464	-0.653	-0.401	0.083	-0.649	-0.06	0.0	-0.669	-0.212	0.0	-0.045	0.145	0.567	-0.209	0.0	-0.578	0.0	0.095	-0.116	-0.051	-0.403	-0.494	-0.469	-0.613	-0.442	0.197	-0.309	-0.522	0.098	0.322	-0.94	0.164	0.115	-1.014	-0.042	-0.755	0.0	-0.428	0.0	0.518	-0.247	-0.248	0.0	-0.098	0.345	0.0	-0.502	0.052	-0.484	-0.046	-0.48	0.0	-0.326	-0.033	-0.225	0.0	-0.561	-0.276	-0.838	-0.417	0.0	0.0	-0.378	-0.394	-0.184	0.0	-0.608	0.0	0.0	0.0	-0.472	0.0	0.0	-0.515	-0.198	0.0	0.135	0.0	0.0	-0.713	0.298
free_topic	Mon-b346_1_gazelle-2	0.0	0.0	0.0	0.0	0.0	0.0	0.0	0.0	0.0	0.0	0.0	0.0	0.0	0.0	0.0	0.0	0.0	0.0	0.0	0.0	0.0	0.0	0.0	0.0	0.0	0.0	0.0	0.0	0.0	0.0	0.0	0.0	0.0	0.0	0.0	0.0	0.0	0.0	0.0	0.0	0.0	0.0	0.0	0.0	0.0	0.0	0.0	0.0	0.0	0.0	0.0	0.0	0.0	0.0	0.0	0.0	0.0	0.0	0.0	0.0	0.0	0.0	0.0	0.0	0.0	0.0	0.0	0.0	0.0	0.0	0.0	0.0	0.0	0.0	0.0	0.0	0.0	0.0	0.0	0.0	0.0	0.0	0.0	0.0	0.0	0.0	0.0	0.0	0.0	0.0
free_topic	Mon-b346_26_gazelle-2	0.0	0.0	0.0	0.0	0.147	0.225	-0.736	0.0	-0.182	0.0	0.0	0.0	0.0	0.0	0.0	0.0	0.0	0.0	-0.147	0.0	0.0	0.0	0.0	-0.387	-0.036	0.468	0.0	-0.014	0.339	0.0	0.0	-0.045	0.0	0.342	0.0	0.0	0.0	0.0	-0.563	0.0	0.0	0.0	0.0	0.0	0.0	0.0	0.0	0.0	0.0	0.0	0.0	0.0	0.0	0.0	0.0	0.0	-0.243	0.0	0.0	0.0	0.0	0.0	0.0	-0.151	0.0	0.0	0.0	0.0	-0.164	0.0	0.0	0.0	-0.787	0.0	0.373	0.0	0.0	-0.107	0.121	0.0	0.0	0.0	0.0	0.0	0.0	0.0	0.217	-0.598	0.0	0.0
free_topic	Mon-b346_2_gazelle-3	0.0	0.0	0.0	-0.11	-0.581	0.117	-0.913	-1.167	0.352	0.488	0.0	0.0	0.0	-0.534	-0.524	0.0	0.0	-1.01	-0.676	0.445	-0.07	0.0	0.0	0.089	-0.187	-1.413	0.0	-0.795	0.0	-0.347	-0.157	0.0	-0.608	-2.168	-0.214	0.0	0.643	0.0	0.472	0.776	0.298	0.123	-0.112	-0.472	0.0	0.052	0.092	-0.368	0.0	0.0	0.0	-0.176	-0.05	0.0	-0.198	0.0	-0.434	0.0	-0.264	-0.33	-0.186	-0.375	-0.425	0.819	0.0	-0.175	-0.304	-0.383	-0.38	-0.389	0.0	-1.076	0.0	0.0	-0.015	0.0	0.0	0.0	-0.467	0.0	-0.396	0.0	0.014	0.0	-0.029	0.0	0.202	0.497	-0.006	0.0
free_topic	Mon0287_10_gazelles-2	0.0	0.0	0.0	0.0	0.0	0.0	0.0	0.0	0.0	0.0	0.0	0.0	0.0	0.0	0.0	0.0	0.0	0.0	0.0	0.0	0.0	0.0	0.0	0.0	0.0	0.0	0.0	0.0	0.0	0.0	0.0	0.0	0.0	0.0	0.0	0.0	0.0	0.0	0.0	0.0	0.0	0.0	0.0	0.0	0.0	0.0	0.0	0.0	0.0	0.0	0.0	0.0	0.0	0.0	0.0	0.0	0.0	0.0	0.0	0.0	0.0	0.0	0.0	0.0	0.0	0.0	0.0	0.0	0.0	0.0	0.0	0.0	0.0	0.0	0.0	0.0	0.0	0.0	0.0	0.0	0.0	0.0	0.0	0.0	0.0	0.0	0.0	0.0	0.0	0.0
free_topic	Mon0287_2_gazelles-2	-0.046	0.0	0.345	-0.85	-1.267	0.0	0.0	-0.302	-0.292	-0.371	0.0	0.0	0.134	0.0	0.0	0.0	-0.301	-0.758	0.0	0.0	0.0	0.0	0.0	0.0	-0.095	0.0	0.307	-0.029	-0.491	-0.347	-0.006	-0.199	0.41	0.0	-0.293	-0.45	-0.306	0.0	-0.151	-0.22	0.899	-0.821	-0.146	0.0	0.106	-0.423	-0.447	0.367	0.206	0.0	0.0	-0.138	-0.595	-0.265	-0.806	-0.445	-0.104	0.0	-0.731	0.018	-0.851	0.0	0.0	0.0	-0.322	0.0	-0.348	-0.226	-0.51	0.0	-0.123	-0.832	0.0	-0.115	0.606	-0.305	0.0	0.0	0.0	0.0	-0.48	0.0	0.0	0.0	0.0	0.0	0.0	-0.628	-0.189	0.0
free_topic	Mon0287_6_gazelles-12	0.0	0.0	0.526	0.0	-0.625	0.0	-0.075	0.1	-0.251	-0.373	0.0	0.0	-0.199	-0.976	-0.246	0.121	0.0	0.0	-0.655	0.0	-0.473	-0.33	-0.228	-0.041	0.103	0.0	-0.192	0.0	0.0	0.0	-0.815	-0.254	-0.655	0.128	0.0	0.0	0.026	-0.095	0.198	0.332	0.111	0.0	0.0	0.0	0.119	0.0	0.522	0.0	-0.102	0.343	-0.621	0.153	-0.407	0.0	-1.003	-1.171	0.0	-0.376	-1.256	0.526	-0.23	-0.618	0.338	-0.414	0.338	-0.534	0.103	0.0	-0.267	0.0	0.133	-0.542	-0.431	0.0	0.0	-0.018	-0.564	0.0	0.028	-0.019	0.0	0.0	-0.518	0.0	0.0	0.0	0.0	0.0	-0.192	0.0
free_topic	Moo-69c5_30_sheep-3	-0.439	-0.117	-0.19	0.111	0.0	-0.575	0.013	0.0	0.0	-0.315	0.0	-0.159	-0.218	0.0	0.0	-0.135	0.0	0.0	0.0	0.042	0.0	-0.141	-0.198	0.0	0.287	-0.479	0.0	-0.75	0.0	-0.108	-0.236	0.0	-0.112	0.0	0.0	0.0	0.0	0.0	-0.105	0.0	-0.1	0.0	-0.063	-0.903	1.001	0.769	0.0	-0.802	0.0	0.0	0.0	0.0	0.311	-0.137	-0.921	-0.229	-0.104	0.0	0.0	-0.215	0.0	0.0	0.0	0.0	0.0	0.0	0.0	-0.357	0.0	0.123	1.302	0.39	0.0	0.0	0.0	0.0	0.0	0.0	-0.236	0.0	-0.274	0.0	-0.213	0.0	0.0	0.0	0.0	0.0	-0.306	0.0
free_topic	Moo-69c5_35_sheep-5	-0.392	-0.528	0.393	0.0	-1.011	0.793	-1.161	-0.341	-0.006	-1.089	-0.148	0.308	0.0	-0.453	-0.081	0.102	-0.523	-0.074	0.266	0.331	0.045	-0.501	0.511	-0.785	-0.515	0.216	0.34	0.034	0.0	-0.548	-0.344	0.108	-0.555	0.023	-0.051	-0.184	0.239	-0.165	0.14	-0.306	-0.006	0.0	-0.106	-0.459	-0.602	-0.345	0.022	-0.293	-0.505	-0.282	0.256	-0.606	0.0	0.0	-0.551	-0.917	-0.123	-0.162	-0.552	0.475	-0.308	-0.259	0.012	-0.423	0.308	-0.697	-0.592	0.0	-0.365	-0.267	-1.179	-0.581	-0.451	0.0	0.0	-0.018	0.17	0.0	-0.041	0.078	-0.445	0.0	-0.359	0.0	-0.109	0.03	-0.578	0.0	0.0	0.0
free_topic	Mus-840b_14_sheep-28	0.212	-0.36	-0.522	0.0	0.0	-0.26	0.0	0.0	0.0	0.0	0.0	0.0	0.0	0.0	0.0	-0.273	0.0	0.0	0.0	0.0	0.0	-0.177	-0.475	-0.382	0.0	0.0	0.0	0.0	0.0	-0.284	-0.259	0.0	0.0	0.0	-0.26	-0.486	0.0	0.0	0.087	-0.566	-0.109	0.0	0.0	0.0	0.0	0.025	0.0	0.443	0.0	0.0	0.0	0.0	0.0	0.0	-0.168	0.536	0.23	0.0	0.0	0.0	0.0	0.0	0.0	0.0	0.0	0.0	0.0	0.0	0.0	0.0	0.0	-0.348	0.0	0.0	0.0	0.0	0.0	0.0	0.0	0.0	0.399	0.0	0.0	0.0	0.0	0.0	0.0	0.0	0.0	0.0
free_topic	Mus-840b_14_sheep-8	-0.039	0.25	0.625	-0.198	-0.42	0.577	-0.406	-0.29	0.784	0.268	0.0	-1.604	-0.348	-0.694	-0.096	0.0	-0.289	0.051	-0.364	-0.528	0.0	0.0	-0.638	0.369	-1.421	0.352	-0.234	-0.088	0.111	-0.958	0.0	0.261	0.0	-0.302	-0.032	0.0	0.0	-0.264	0.0	0.0	0.0	-0.239	-0.593	-1.35	-0.714	-0.096	0.392	0.0	0.0	-0.309	-0.188	0.0	-0.729	0.0	-0.757	-0.32	-0.518	-0.579	-0.151	0.506	0.0	-0.259	-0.591	-0.018	0.153	-0.469	-0.491	-0.264	-0.844	0.0	0.0	-0.428	-1.144	-1.261	0.0	-0.286	0.0	0.376	-0.061	-1.655	0.0	0.0	0.0	0.0	-0.109	-0.36	0.0	0.0	-0.252	0.274
free_topic	Mus-840b_164_cows-8	0.0	0.0	-0.138	0.0	-0.837	0.0	0.236	-0.293	-0.662	-0.196	0.0	0.0	0.0	-0.642	0.0	0.0	0.0	0.0	0.234	0.0	0.0	-0.74	0.0	-0.366	0.0	0.0	0.0	0.0	0.0	0.0	-0.146	-0.491	0.0	0.571	0.0	0.0	-0.548	0.0	0.0	-0.06	0.0	0.367	0.0	0.0	0.0	0.0	0.0	-0.077	0.0	0.296	-0.196	0.236	0.0	-0.332	0.0	-1.087	0.0	-0.59	0.0	0.0	-0.077	0.0	0.0	0.381	-0.189	-0.453	0.0	0.0	-0.012	0.0	0.368	-0.293	-0.306	0.0	0.048	-0.155	0.0	0.0	0.0	0.082	0.0	0.0	-0.559	0.0	0.0	0.0	0.0	0.0	-0.539	0.0
free_topic	Mus-840b_165_cows-16	0.0	-0.469	0.787	0.0	-0.922	0.0	0.0	-0.426	-0.077	0.0	0.016	0.0	0.0	0.0	-0.284	0.0	0.0	-0.285	0.0	0.421	-0.249	0.0	-0.373	0.0	-0.604	-0.387	0.134	-0.196	0.0	0.0	-0.9	0.0	0.375	0.475	0.039	-0.639	0.4	0.071	0.0	-0.035	-0.319	0.0	0.0	0.0	0.0	-0.588	-0.278	-0.637	0.0	-1.117	0.173	-0.212	-0.104	-0.204	0.0	-0.162	-1.233	0.0	0.0	0.234	0.0	-0.814	0.0	0.858	0.0	-0.469	0.0	0.0	-0.373	-0.245	-0.12	-1.664	-0.001	0.0	0.0	0.083	0.0	0.282	0.0	-0.3	0.0	0.321	0.0	-0.559	0.0	0.0	-0.103	-0.054	0.0	0.0
free_topic	Mus-840b_169_cows-22	0.0	0.0	-0.067	0.104	-0.984	-0.32	-0.133	-0.643	0.0	-0.164	-0.208	0.0	0.0	-0.186	-0.087	-0.62	0.0	-0.277	0.224	-0.216	0.0	-0.503	0.0	-1.195	0.0	-0.012	0.0	0.346	0.0	-0.656	0.0	-0.397	0.103	0.135	-0.659	0.0	-0.478	-0.308	-0.268	0.52	0.0	0.0	0.837	-0.964	-0.655	0.0	-0.297	-0.18	-0.583	-0.014	0.0	0.306	-0.001	-0.747	0.0	-0.573	0.0	-0.133	-1.361	0.57	-0.083	-0.259	0.331	0.536	0.0	-0.906	-0.099	0.0	-0.236	0.0	0.0	-0.542	0.053	0.0	0.123	-0.018	0.0	-0.029	-0.061	0.0	-0.877	0.0	-0.678	0.0	-0.109	0.0	0.0	0.0	0.0	-0.301
free_topic	Mus2421_4_cows-2	0.0	0.0	0.0	0.0	0.0	0.0	0.0	0.0	0.0	0.0	0.0	0.0	0.0	0.0	0.0	0.0	0.0	0.012	0.0	0.0	0.0	0.0	0.0	0.0	0.0	0.0	0.0	0.0	0.0	0.0	-0.782	0.0	-0.232	0.0	0.0	0.0	0.0	0.0	0.0	0.0	0.0	0.0	0.0	0.0	0.0	0.0	-0.035	0.0	0.0	0.0	0.413	-0.301	0.0	0.0	0.0	0.0	0.0	0.0	0.0	-0.206	0.0	0.0	0.0	0.0	0.0	0.0	0.0	0.0	0.0	0.0	0.0	0.0	0.0	0.0	0.0	0.0	0.0	0.0	0.0	0.0	0.0	0.0	0.0	0.17	0.0	0.0	0.0	0.0	0.0	0.0
free_topic	Nan-1d08_1_Nanger-1	0.0	0.0	0.0	0.0	0.0	0.0	0.0	0.0	0.0	0.0	0.0	0.0	0.0	0.0	0.0	0.0	0.0	0.0	0.0	0.0	0.0	0.0	0.0	0.0	0.0	0.0	0.0	0.0	0.0	0.0	0.0	0.0	0.0	0.0	0.0	0.0	0.0	0.0	0.0	0.0	0.0	0.0	0.0	0.0	0.0	0.0	0.0	0.0	0.0	0.0	0.0	0.0	0.0	0.0	0.0	0.0	0.0	0.0	0.0	0.0	0.0	0.0	0.0	0.0	0.0	0.0	0.0	0.0	0.0	0.0	0.0	0.0	0.0	0.0	0.0	0.0	0.0	0.0	0.0	0.0	0.0	0.0	0.0	0.0	0.0	0.0	0.0	0.0	0.0	0.0
free_topic	Nan-1d08_2_Nanger-1	0.0	0.0	-0.16	0.0	0.0	-0.55	-0.018	0.0	0.195	-0.256	-0.208	0.0	0.0	0.0	0.071	0.0	0.0	0.0	0.0	0.275	0.0	0.0	-0.114	0.0	-0.07	-0.841	0.0	0.0	0.246	0.276	-0.006	0.0	0.0	-0.171	-0.721	0.0	0.0	0.0	0.0	-0.123	0.0	0.0	0.0	0.0	0.0	0.052	-0.56	0.0	-0.223	-0.305	-0.278	-0.386	0.0	0.0	-0.198	0.116	0.444	0.0	0.033	-0.368	-0.186	0.679	-0.149	0.28	0.0	0.0	0.0	0.0	0.0	0.0	-0.448	-1.103	0.0	0.0	-0.102	0.0	0.069	0.0	0.0	0.0	-0.396	0.0	0.0	-1.088	0.0	-0.625	-0.249	0.186	0.0	0.0
free_topic	Nan-1d08_3_Nanger-1	0.337	0.205	-0.274	-0.183	0.0	-0.086	0.028	0.0	0.0	-0.643	-0.746	0.0	-0.185	-0.414	0.21	-0.084	0.0	-0.406	0.0	-0.63	-0.133	-0.621	-0.534	0.338	-0.747	-0.609	0.39	0.0	0.0	-0.096	0.489	0.0	0.0	0.188	-0.533	0.0	-0.032	-0.834	-0.016	-0.993	0.13	-0.699	0.0	-0.006	0.05	-0.621	0.023	0.524	0.102	-0.198	0.0	-0.562	0.0	-1.127	0.0	0.0	0.0	-0.32	-0.048	-0.777	0.0	-0.168	-0.49	-0.439	0.0	-0.402	-0.199	-0.222	0.0	0.06	0.0	-0.711	-0.292	0.549	0.0	0.0	0.599	0.0	0.0	0.114	0.0	0.003	0.0	-0.56	0.0	-0.094	0.352	0.0	0.097	0.0
free_topic	Nan-1d08_4_Nanger-8	0.0	0.0	0.175	0.0	-0.223	0.0	0.0	-0.479	-0.006	-0.61	0.0	0.0	0.0	-0.428	0.0	-0.455	0.0	0.224	0.0	-0.617	0.0	-0.198	0.0	-0.366	0.0	0.167	0.0	-0.48	0.0	-0.486	0.0	0.0	-0.523	0.071	0.0	0.052	0.063	0.0	0.0	0.352	-0.395	0.0	0.0	0.0	-0.051	-0.68	0.0	0.0	0.0	0.033	0.0	-0.287	0.203	0.0	-0.015	-0.159	-0.42	0.119	-0.41	0.0	0.142	0.0	0.0	-0.596	0.376	-0.85	-0.061	0.0	-0.666	-0.058	0.0	-0.431	-0.266	-0.273	-0.347	-0.08	0.0	0.0	0.0	0.0	0.0	0.0	-0.353	0.0	-0.522	0.0	0.0	0.0	-0.006	0.0
free_topic	Nan-1d08_5_Nanger-1	0.0	0.0	0.0	0.0	0.0	0.0	0.041	0.0	0.0	0.0	0.0	0.0	0.0	0.0	0.0	0.0	0.0	0.0	0.0	0.0	0.0	0.0	-0.378	0.0	0.0	0.0	-0.317	0.0	0.0	0.0	0.0	0.0	0.0	0.0	-0.81	0.0	0.0	0.0	0.0	0.015	0.0	0.0	0.0	0.0	0.0	0.0	0.0	0.0	0.0	0.0	0.0	0.0	0.0	0.0	0.0	0.0	0.0	0.0	0.0	0.0	0.0	0.0	0.0	0.0	0.0	0.0	0.0	0.0	0.0	0.0	0.0	0.0	0.0	0.0	0.0	-0.179	0.0	0.0	0.0	0.0	0.0	0.0	0.248	0.0	0.065	0.0	0.0	0.0	0.0	0.0
free_topic	Nea-dd93_356_sheep-24	0.46	0.0	0.0	-0.659	0.614	0.0	-0.57	-0.819	-0.92	0.246	0.0	-0.49	0.0	0.0	0.0	0.0	-0.173	0.0	0.0	0.0	-0.343	0.392	0.103	-0.893	0.0	-0.109	0.0	0.0	0.0	0.699	-0.434	-0.259	0.0	0.089	-0.622	0.0	-0.277	-0.2	-0.801	0.0	0.0	0.0	0.0	-0.414	0.0	-0.927	0.0	0.369	-0.61	0.242	0.338	0.0	0.06	-0.23	0.219	-0.061	-0.855	-0.183	0.0	0.0	-0.14	0.0	-0.184	-0.302	-0.312	-0.532	0.0	-0.221	0.0	-0.103	0.0	0.0	0.0	-1.034	0.0	0.0	0.0	0.0	-0.172	0.0	0.0	0.331	-0.094	0.0	-0.665	-0.602	-0.491	0.166	0.0	0.0
free_topic	Nea-dd93_382_cattle-11	0.242	0.0	0.0	0.0	-0.356	0.0	0.0	0.0	-0.306	0.0	-0.052	-0.125	-0.13	0.0	0.0	-0.032	0.0	0.623	0.0	-0.659	0.221	-0.643	0.0	0.0	0.0	-0.139	0.0	0.0	0.0	0.392	-0.774	-0.256	0.0	1.024	0.0	0.0	0.0	0.0	-0.0	0.0	-0.694	0.0	-0.069	0.0	-0.571	-0.324	0.439	0.0	0.0	-0.882	0.724	0.006	0.0	0.0	-0.093	-0.718	-0.643	0.0	-0.218	-0.248	-0.127	-0.48	0.335	-0.338	-0.672	-0.515	-0.274	-0.287	0.0	0.0	0.0	0.0	0.02	-0.195	0.146	-0.284	0.0	0.0	-0.38	-0.191	-0.346	-0.375	0.0	0.119	0.0	-0.133	-0.491	0.0	0.0	-0.442
free_topic	Nea-dd93_479_bovine-14	0.304	0.0	0.0	0.0	0.0	-0.605	-0.41	0.0	0.0	0.0	0.552	-0.523	0.0	0.0	0.0	0.0	0.0	-0.532	0.0	0.0	0.0	-0.751	-0.991	0.004	0.575	0.287	-0.025	0.0	0.0	0.089	0.0	0.0	0.275	0.0	0.0	0.0	0.0	-0.051	0.0	-0.014	-0.252	0.277	0.0	-0.382	0.0	0.0	-0.674	0.09	-0.061	0.0	0.0	0.0	0.0	-1.356	-1.074	0.0	-0.113	-0.901	0.0	0.0	0.0	-0.236	-0.503	-0.363	0.0	0.0	0.0	-0.672	0.0	0.0	0.0	-0.355	0.0	0.0	0.0	0.0	0.0	-0.006	-0.787	0.0	0.024	-0.124	0.0	0.0	-0.307	0.0	0.0	0.0	0.0	0.0
free_topic	Nea-dd93_479_bovine-22	0.607	0.0	0.0	0.0	0.0	-0.874	-0.236	0.0	0.121	0.0	0.338	-0.414	-0.555	0.0	0.0	0.0	0.0	0.0	0.0	0.0	0.0	-0.751	-0.254	-0.274	0.0	0.0	0.093	0.0	0.0	0.089	0.153	0.0	0.456	0.0	0.0	0.0	0.0	-0.094	0.0	0.258	-0.252	-0.105	0.0	0.0	0.0	0.0	0.0	0.12	0.103	-0.084	-0.433	0.0	0.0	0.045	-0.4	0.0	-0.113	-0.769	0.0	0.0	0.0	-0.224	-0.566	0.108	0.0	0.0	0.0	0.0	-0.889	0.0	0.0	-0.355	0.0	0.0	0.0	-0.549	0.0	-0.183	-0.83	0.0	0.024	-0.225	0.0	0.0	0.247	0.0	0.0	0.0	0.0	0.0
free_topic	Nil17d3_13_buffalo-15	0.778	0.0	0.321	-0.681	0.0	-0.509	-0.544	-1.326	-1.318	0.0	0.0	-0.091	0.0	-0.209	0.0	-0.053	-0.2	-0.291	-0.091	-0.084	-0.523	0.0	-0.027	-0.648	-0.413	0.241	0.303	0.1	0.0	-0.128	-0.777	-0.003	-0.287	-0.812	0.498	-0.507	-0.51	0.0	-0.781	-0.017	-0.568	0.0	-0.818	-0.897	-1.516	-1.501	0.232	0.0	0.0	0.023	-0.138	-1.126	0.0	-0.749	-0.196	-1.525	0.0	-0.412	-0.289	0.763	0.247	0.088	-1.358	-1.327	-1.184	-0.538	-1.162	-0.289	-0.21	0.0	-0.088	0.0	-0.778	-0.103	-0.415	-0.554	0.466	0.0	-0.405	0.094	0.0	-0.343	0.0	-0.423	-0.418	0.02	0.272	-0.632	-0.704	0.189
free_topic	Nom-aef8_106_sheep-16	0.617	0.0	0.433	0.023	-0.33	0.061	0.109	-0.184	-0.82	-0.355	-0.819	0.0	0.0	-0.219	0.089	0.0	0.0	0.0	0.0	0.0	-0.205	0.0	0.0	-0.146	-0.344	-0.109	-0.215	0.0	0.281	0.55	-0.083	-0.004	-0.554	-0.559	0.092	0.029	0.03	0.0	0.099	-1.31	0.0	0.49	0.187	-0.51	0.079	-0.117	-1.62	0.0	-0.102	-0.419	0.0	0.487	-1.366	0.0	0.0	-0.363	-0.745	-0.355	-1.087	0.0	0.413	0.0	-0.179	-0.73	-0.729	-0.328	0.403	-0.508	-0.729	-0.072	-0.142	-0.964	-0.111	-0.07	0.413	-0.254	0.203	0.048	-0.605	0.0	0.0	0.348	0.0	0.006	0.0	-0.133	-0.491	0.559	-0.283	-0.7
free_topic	Nom-aef8_24_sheep-24	0.555	-0.301	0.0	-0.495	-0.586	0.0	0.0	0.0	0.254	-0.364	0.0	0.028	0.0	0.0	0.0	-0.159	0.0	2.228	0.0	-2.433	-0.388	0.0	-0.813	-0.863	0.0	0.0	0.0	0.0	0.0	0.0	-0.666	0.0	-0.158	-0.337	0.0	0.079	-0.218	0.206	-0.914	0.0	0.0	0.0	0.0	0.0	0.0	-0.277	-0.798	0.0	0.0	0.168	-0.334	0.0	-0.418	-0.253	-0.029	0.0	0.0	1.209	0.0	0.0	-1.237	0.0	-0.244	-0.313	-0.531	0.0	0.0	0.0	0.0	-0.601	0.0	0.0	-0.148	-0.348	0.266	0.0	0.0	0.0	-1.777	-0.522	0.029	0.383	-0.178	0.0	-0.186	0.0	-0.892	0.0	0.0	0.0
free_topic	Nom-aef8_96_cows-21	0.466	0.0	0.0	-0.782	0.133	0.0	-0.513	0.0	-0.649	-0.229	0.0	0.0	0.0	0.0	0.0	0.0	-0.208	0.146	0.0	0.0	-0.542	0.0	0.0	-0.625	0.0	-0.109	0.0	0.0	0.0	0.392	-0.191	-0.259	0.0	0.044	-0.477	0.234	0.0	0.028	-0.243	0.0	0.0	0.0	-0.604	0.0	0.0	-0.324	0.0	0.542	0.0	0.707	0.0	0.0	0.003	-0.192	0.0	-0.061	-0.643	0.0	0.0	-0.343	-0.892	0.0	-0.3	-0.302	-0.672	0.0	0.0	0.0	0.0	-0.001	0.0	0.0	0.0	-0.004	0.0	0.0	0.0	0.0	-0.305	0.0	0.0	0.393	0.0	0.0	0.0	-0.133	-0.491	0.0	-0.284	0.0
free_topic	Nor-c9d9_99_Buffalo-10	0.304	0.0	-0.507	0.0	0.0	-0.605	-0.481	0.205	0.0	-0.261	0.308	-0.523	0.0	-0.384	0.0	1.227	0.0	0.0	0.065	0.0	0.0	-0.273	0.907	-0.905	-0.198	0.0	-0.145	0.0	-0.321	-0.756	-0.117	-0.899	-0.502	-0.535	0.0	0.0	0.0	-0.051	0.0	-0.014	-0.185	-0.298	-0.46	-0.117	0.0	-0.324	0.0	0.09	-0.57	0.0	-0.205	-0.512	0.0	-0.664	0.184	0.0	0.911	-0.901	0.0	-0.204	0.0	-0.236	-0.728	-0.284	0.0	0.0	0.0	0.0	-0.453	0.0	0.0	-0.108	0.19	-0.397	0.0	0.0	0.0	-0.006	-0.327	-0.439	0.242	-0.444	0.0	0.0	0.697	0.0	0.0	-0.366	0.0	0.0
free_topic	Nub-af58_115_ibex-2	0.0	0.045	0.483	-0.185	-0.196	0.0	-0.551	0.0	0.0	0.014	0.0	0.0	0.0	0.0	0.0	0.0	0.0	-0.083	0.068	0.0	-0.523	0.0	0.0	-0.158	-0.184	0.0	-0.448	0.0	-0.419	0.0	-0.448	-0.008	0.0	-0.403	0.0	0.0	-0.099	0.0	0.0	0.368	0.787	0.0	0.0	0.0	-0.621	0.0	-0.55	0.0	-0.109	0.0	0.0	-0.37	0.0	0.0	0.308	-0.346	-0.045	0.0	0.0	-0.414	0.564	-0.05	-0.578	0.0	0.0	-0.185	0.0	-0.483	0.681	-0.006	0.0	-0.597	-1.336	0.0	0.0	0.0	0.0	-0.005	-0.293	0.166	0.0	0.0	0.0	0.421	-0.061	-0.061	-0.078	-0.337	0.0	-0.413
free_topic	Nub-af58_116_ibex-2	0.0	0.0	0.0	0.0	0.334	0.0	-0.64	0.0	0.0	0.0	0.0	0.0	0.0	0.0	0.0	0.0	0.0	0.0	0.0	0.0	0.0	0.0	0.0	0.0	0.0	0.0	0.0	-0.385	0.0	0.0	0.0	0.0	0.0	0.038	0.0	0.0	0.0	0.0	0.0	0.0	0.0	0.0	0.0	0.0	0.0	0.0	0.0	0.0	0.0	0.0	0.0	0.0	0.0	0.0	0.0	0.0	0.304	0.0	0.0	0.0	0.0	0.0	0.0	0.0	0.0	0.0	0.0	0.0	0.0	0.0	0.0	0.0	0.0	0.0	0.191	0.0	0.0	0.0	0.426	0.0	0.0	0.0	0.0	0.0	0.0	0.0	0.134	0.0	0.0	0.0
free_topic	Nub-af58_117_ibex-2	0.0	0.0	0.0	0.0	0.334	0.0	-0.64	0.0	0.0	0.0	0.0	0.0	0.0	0.0	0.0	0.0	0.0	0.0	0.0	0.0	0.0	0.0	0.0	0.0	0.0	0.0	0.0	-0.385	0.0	0.0	0.0	0.0	0.0	0.038	0.0	0.0	0.0	0.0	0.0	0.0	0.0	0.0	0.0	0.0	0.0	0.0	0.0	0.0	0.0	0.0	0.0	0.0	0.0	0.0	0.0	0.0	0.304	0.0	0.0	0.0	0.0	0.0	0.0	0.0	0.0	0.0	0.0	0.0	0.0	0.0	0.0	0.0	0.0	0.0	0.191	0.0	0.0	0.0	0.426	0.0	0.0	0.0	0.0	0.0	0.0	0.0	0.134	0.0	0.0	0.0
free_topic	Nub-af58_11_ibex-11	-0.421	-0.578	0.238	0.0	0.05	-0.046	0.155	-0.931	0.246	-0.038	0.0	-0.388	-0.319	-0.534	0.041	-0.46	0.14	-0.213	0.0	0.275	0.0	-0.006	-0.014	0.009	0.058	-1.504	-0.011	-0.904	0.06	0.467	-0.119	0.666	-0.765	-0.295	0.09	0.0	-0.44	0.0	0.0	-0.272	-0.376	0.0	0.0	0.0	0.121	-0.117	-0.87	0.0	-0.919	-1.605	-0.433	-0.628	-0.05	0.109	-0.198	-0.178	0.09	0.27	-0.346	-0.293	-0.12	0.0	-0.149	-0.492	-0.118	0.0	-0.213	-1.506	-0.687	0.0	0.0	-0.583	0.075	-0.053	-0.046	0.0	0.332	0.123	-0.344	0.0	-0.396	0.0	0.0	-0.378	0.0	-0.585	-0.072	-0.593	-0.68	0.0
free_topic	Nub-af58_126_ibex-3	0.0	0.0	0.753	0.0	-0.393	-0.64	-0.069	-0.566	0.0	0.0	-0.48	0.0	0.0	-0.373	0.0	-0.381	0.0	0.0	0.0	-0.797	0.0	-0.006	0.0	0.0	0.0	0.0	-0.776	0.12	-0.046	0.377	-0.169	0.0	0.195	-0.404	0.0	0.0	0.052	-0.586	-1.078	-0.347	0.186	0.0	0.0	-0.009	0.211	0.0	0.0	0.0	0.0	0.121	-1.193	0.0	-0.248	0.0	1.469	-0.585	0.164	0.0	0.0	0.0	0.0	-0.178	-0.277	0.0	0.0	-0.321	0.41	0.262	-0.765	0.0	0.0	-0.144	0.513	0.0	0.0	0.193	-0.142	0.0	0.0	0.0	0.0	0.352	0.0	0.0	0.0	0.0	0.0	0.0	-0.006	0.0
free_topic	Nub1cc3_6_ibex-2	0.0	0.128	0.0	-0.433	-0.455	-0.401	0.0	0.032	0.29	-0.853	-0.892	0.0	0.0	-2.079	0.0	-0.931	0.0	-0.51	0.0	0.0	-0.512	0.0	0.0	0.119	-0.318	0.0	0.545	0.0	0.0	-0.347	-0.302	-0.483	-0.765	0.0	0.0	0.0	-0.37	0.0	0.0	0.531	-0.273	-0.399	-0.529	-0.426	0.439	-0.735	-0.137	0.0	0.0	0.0	-0.604	-0.742	0.0	0.0	0.33	0.0	-0.206	0.0	0.0	-0.196	0.0	0.0	0.0	0.0	0.0	-0.137	0.0	-0.225	0.0	-0.489	-0.839	-1.002	0.0	0.02	-0.046	0.0	-1.246	0.0	0.0	0.0	-0.48	0.0	-0.09	-0.284	-0.51	0.0	-0.579	-0.29	-0.097	-0.481
free_topic	Oli-d722_139_sheep-19	-1.109	-0.475	0.0	0.0	0.175	-0.343	-0.308	-0.564	0.0	0.0	-0.098	0.28	0.185	0.0	0.175	-0.52	0.0	-0.857	-0.188	-0.042	-0.415	-0.175	0.0	-0.293	0.182	-0.439	-0.502	-1.238	-0.138	-0.583	-0.385	0.539	0.421	-0.557	-0.279	0.0	-0.532	-0.909	-0.152	0.013	0.0	-0.148	0.0	-1.818	-0.356	0.217	0.42	-0.057	-0.245	-0.072	-0.828	0.0	-0.136	-0.293	0.0	-0.623	-0.507	0.0	-0.256	0.707	0.0	-0.259	0.041	0.0	0.0	0.0	-0.491	-0.652	-0.692	-0.432	0.0	-0.122	0.0	-0.619	0.0	0.021	0.0	-0.056	-0.061	-0.551	0.0	-0.039	0.0	0.0	-0.109	0.0	0.591	0.0	-0.046	-0.09
free_topic	Ora-b979_329_BOS-11	0.0	0.0	-0.006	-0.687	0.0	-0.407	0.0	0.119	0.799	0.0	-0.551	0.0	0.0	-0.344	0.0	0.0	-0.287	-0.747	0.0	-0.315	0.0	0.0	-0.179	-0.29	-0.051	0.0	-0.475	-0.393	0.349	0.486	0.432	0.0	0.0	0.0	1.641	-0.334	0.384	-0.042	0.0	-0.174	0.0	0.0	0.0	-0.449	0.0	0.0	0.0	0.0	0.0	0.394	0.0	0.196	0.051	-0.249	0.0	0.0	0.089	0.0	-0.193	0.0	-0.021	-0.091	0.0	-0.061	0.0	-0.336	0.0	0.0	0.0	0.0	0.0	-0.269	0.0	-0.386	-0.41	0.114	0.0	0.13	0.0	0.0	0.295	0.807	0.0	0.411	0.077	-0.242	0.0	0.0	0.0	0.0
free_topic	Ovi-a47a_11_Sheep-1	-0.047	0.237	0.194	0.094	0.142	-0.026	-0.589	0.0	0.352	0.299	0.008	0.0	0.0	0.0	0.0	0.0	0.0	0.158	0.0	0.429	0.0	0.0	0.0	0.0	-0.693	0.0	-1.358	-0.327	-0.107	0.13	-0.006	0.216	-0.211	-1.038	0.0	0.0	0.0	-0.321	0.0	0.409	0.0	0.0	0.0	0.0	-0.387	-0.529	-0.624	-0.472	-0.277	0.0	0.0	-0.294	-0.787	-0.393	-0.198	0.0	-0.776	0.0	-0.149	-0.424	0.966	-0.353	-0.864	-0.238	0.0	0.0	0.469	0.0	-0.287	0.0	-1.249	-1.067	0.0	0.038	0.324	0.0	0.0	0.0	0.0	0.0	-0.48	0.0	0.0	0.0	0.0	-0.24	0.0	-1.688	0.0	0.0
free_topic	Ovi-a47a_13_sheep-2	-0.501	0.0	0.564	0.0	-0.366	-0.249	0.0	0.0	-0.478	-0.497	-0.057	0.0	-0.247	0.0	0.284	0.052	0.0	-0.408	0.0	-0.001	-0.106	0.0	0.0	0.0	-0.273	-0.3	0.0	0.0	0.0	0.0	-0.504	0.0	-0.005	0.0	-0.922	-0.418	0.0	-0.571	0.0	-0.694	-0.48	0.0	0.0	-0.006	0.381	0.0	0.126	0.089	0.0	0.0	0.768	-1.497	-0.403	0.0	0.0	0.0	0.0	0.0	0.0	0.068	0.247	-0.39	-0.44	-0.084	0.024	-0.029	0.0	-0.044	0.0	0.0	0.0	-0.347	0.0	0.0	0.0	0.0	-0.212	0.0	-0.159	0.562	0.0	-0.3	0.0	-0.099	0.0	-0.578	0.352	0.0	0.0	0.0
free_topic	Ovi-a47a_17_sheep-5	-0.31	0.0	1.153	-0.302	-1.033	-0.49	0.051	-0.4	-0.204	-1.059	0.0	0.032	0.0	-0.534	-0.485	0.29	0.0	-0.078	0.0	0.0	-0.067	0.0	-0.133	0.0	-0.775	-0.1	0.122	-0.199	0.0	0.0	0.063	-0.603	-0.499	0.04	-0.417	-0.338	-0.185	0.0	0.0	0.046	0.051	0.0	-0.162	-0.568	-0.051	0.0	-0.05	-0.795	-0.141	-0.07	0.768	-0.489	-0.477	0.0	0.099	-0.223	0.0	-0.546	-0.41	0.068	-0.267	-0.213	-0.7	0.424	0.048	-0.697	-0.824	0.0	-0.366	0.0	-0.263	-0.542	-0.098	0.0	0.0	-0.018	-1.036	0.0	0.0	0.0	0.0	0.0	-0.425	-0.252	0.0	0.19	0.0	0.0	-0.357	0.0
free_topic	Ovi-a47a_19_sheep-10	0.0	0.166	0.564	0.0	-0.15	0.0	0.0	0.0	0.392	-0.367	-1.206	-0.546	-0.338	-0.274	-0.466	0.0	0.0	-0.156	0.059	0.0	0.0	0.374	0.051	0.0	0.0	0.0	-1.658	-0.019	0.0	0.0	-2.602	0.0	0.028	-0.362	0.365	0.0	0.0	-0.629	-0.369	-0.229	0.0	0.0	0.088	0.0	-0.597	0.0	0.147	-0.473	-0.219	-0.184	0.979	-0.694	-0.614	0.0	-0.864	-0.034	0.052	-0.546	-0.046	-0.752	0.0	0.0	0.104	0.0	0.0	-0.306	0.0	-1.189	0.045	0.0	0.0	-0.578	0.358	0.0	0.13	-0.8	-0.108	0.0	0.0	-0.469	0.0	0.0	-0.006	-0.466	0.0	-0.36	0.0	0.0	0.0	0.792
free_topic	Ovi2f98_1_Sheep-1	0.0	0.005	0.76	-0.274	-0.392	-1.412	-1.282	0.768	0.0	0.201	0.0	0.0	0.0	0.0	-0.082	0.0	0.183	-0.635	0.0	0.126	-0.489	0.0	-0.099	0.02	-0.029	0.0	-0.473	0.135	-1.35	0.0	0.0	-0.151	-0.029	-0.731	0.0	0.0	0.0	-0.453	0.124	-0.182	0.757	0.0	0.0	0.0	-0.141	0.0	-0.539	0.0	-0.295	-0.715	0.0	-0.759	0.0	-0.078	0.308	-0.327	-0.075	0.0	-0.151	-0.289	0.467	-0.283	-0.601	-0.386	0.0	-0.504	0.0	0.0	0.0	-0.006	0.0	-0.353	-0.623	0.0	0.0	0.424	0.349	0.393	0.0	-0.234	0.0	-0.048	0.0	-0.45	-0.061	-0.108	-0.005	-1.008	0.0	-0.162
free_topic	Ovi2f98_1_sheep-16	0.0	0.231	0.658	0.0	-0.897	0.41	-0.029	-0.154	-0.006	-0.761	-0.055	0.0	0.0	-1.23	0.0	-0.045	0.0	0.06	0.0	0.0	0.0	-0.307	0.136	0.0	0.0	0.0	-0.327	0.0	0.0	-0.161	-1.722	0.005	-0.567	0.362	0.0	-0.168	0.28	0.0	0.183	0.0	0.298	0.0	0.0	0.0	-0.051	-0.006	-0.192	0.175	-0.306	-0.07	0.465	-0.648	-0.05	0.0	-0.551	-1.636	-0.029	0.0	-0.764	-0.258	-0.1	-0.281	0.759	-0.103	0.308	-0.697	-0.137	0.0	-0.547	0.035	-0.281	-1.175	-1.439	0.0	0.0	-0.018	-0.287	0.0	0.0	-0.151	-0.3	0.0	-0.473	-0.082	0.0	0.0	0.0	0.0	-0.006	0.0
free_topic	Ovi2f98_2_sheep-2	0.263	0.0	0.0	-0.49	-0.372	-0.355	0.156	-0.302	-0.104	-0.079	0.0	0.0	0.0	0.0	0.0	0.0	0.222	-0.078	0.0	0.0	-0.055	0.0	0.0	0.0	-0.472	0.0	-0.095	-0.277	-1.19	-0.208	-0.469	-0.383	-0.005	0.0	0.0	0.0	0.047	0.0	0.0	-0.766	0.318	-0.531	0.0	0.0	0.0	-0.392	-0.501	0.0	-0.174	0.0	0.768	-0.564	0.0	-0.262	-0.369	-0.111	-1.263	0.0	0.724	0.185	-0.23	0.0	0.0	0.0	0.0	0.0	0.0	0.0	-0.109	0.0	-0.415	-0.265	0.0	-0.133	0.309	0.237	0.376	0.022	0.0	-1.167	0.0	-0.345	0.0	-0.475	0.0	0.0	0.0	0.0	0.0	0.0
free_topic	Pan-c6cc_148_cows-6	0.0	0.266	0.622	-1.055	-0.399	-0.14	-1.635	0.0	0.0	0.183	-0.478	0.0	-0.523	0.051	0.109	-0.006	-0.485	-1.104	-0.061	0.0	-0.523	-0.41	0.0	0.038	-0.244	0.134	0.27	-0.604	-0.359	-0.325	0.0	0.484	-0.083	-0.716	-0.082	0.0	-0.082	-0.489	0.0	-0.367	-0.552	0.0	0.0	0.0	-0.138	0.0	-0.49	-0.303	-0.539	0.0	-0.564	0.223	0.039	0.0	0.308	0.298	-0.467	0.0	0.021	-0.402	0.94	-0.27	-0.027	-0.272	0.0	0.0	-0.133	-0.752	-0.561	-0.347	0.124	-0.217	-0.046	-0.209	0.235	0.0	0.0	0.0	-0.347	-0.523	0.0	0.0	0.0	-0.574	-0.061	-0.281	-0.067	-1.94	-0.392	0.0
free_topic	Pan-c6cc_149_cows-19	0.456	-0.81	-0.032	-1.276	-0.392	-0.156	-0.804	-0.894	0.0	-0.247	0.0	0.0	0.0	-1.316	-0.491	-0.21	-0.025	0.292	0.0	0.0	-1.056	-0.161	0.0	0.0	-0.368	-0.109	-0.384	-1.355	-0.953	-0.241	0.027	0.168	-0.325	-1.524	0.0	0.0	0.238	-0.249	0.392	0.075	0.85	-0.053	-0.259	0.0	-0.317	-0.341	-0.405	-0.251	-0.374	-0.302	0.476	-0.163	-1.629	-0.138	0.247	-0.307	-0.514	-0.521	0.0	-0.832	0.366	-0.659	-0.438	-0.663	-0.133	0.0	0.0	0.0	-0.38	-0.006	-0.483	-0.596	0.0	-0.657	0.0	0.014	0.0	-0.157	0.0	0.0	0.0	0.0	-0.198	-0.955	-0.265	-0.334	0.0	-0.41	0.207	-0.161
free_topic	Par-9101_119_cows-21	0.278	0.0	0.393	0.0	-0.625	-0.602	-0.537	-0.101	-0.204	-0.077	0.0	0.0	0.0	-0.091	0.0	0.0	0.0	0.0	0.0	0.0	-0.034	0.0	0.0	-0.295	-0.697	0.0	0.0	0.0	0.646	0.0	-0.198	-0.697	-0.523	0.222	0.0	-0.333	0.146	0.0	-0.441	0.0	0.0	0.0	0.0	0.0	-0.114	0.0	0.0	-0.528	0.0	-0.07	0.0	-0.295	-0.477	-0.287	-0.551	-0.223	0.0	0.13	-0.41	0.0	-0.347	0.0	-0.24	0.0	-0.124	-0.697	-0.27	0.0	-0.617	0.0	-0.134	-1.055	0.0	0.0	0.0	-0.66	-0.316	0.0	0.0	0.406	0.0	0.0	-0.126	0.218	0.0	-0.331	0.0	0.0	0.0	0.0
free_topic	Par-e7cb_137_sheep-20	-0.007	-1.001	-0.041	0.073	0.342	-0.433	-0.357	-0.675	-0.41	0.073	0.0	-0.637	0.0	-0.491	-0.104	0.0	-0.297	0.021	0.175	-0.833	0.0	-0.388	-0.945	-0.394	-0.072	-0.426	-0.231	-1.045	-0.214	0.521	-0.683	-0.328	-0.954	0.0	0.219	-0.146	-0.112	-0.834	-0.872	0.0	-0.086	-1.097	0.044	-0.194	-0.121	0.0	-1.301	0.019	0.338	-0.383	0.429	-1.002	-0.635	0.0	-1.001	0.158	-0.343	0.0	-0.51	0.146	0.142	-0.33	0.0	-0.341	-0.062	-0.496	-0.55	0.0	-0.351	0.167	-0.133	-0.571	-0.205	-2.17	-0.156	-0.16	0.0	-0.228	-0.392	-0.157	0.0	0.609	-0.155	-0.052	-0.393	0.774	0.0	0.0	0.0	0.751
free_topic	Par-e8bc_15_sheep-27	0.0	0.0	0.0	0.0	-0.106	-0.117	0.152	0.0	0.0	0.0	0.0	0.127	0.0	0.0	0.128	0.0	0.0	0.109	0.0	0.0	0.0	-0.5	-0.679	0.0	-0.046	0.0	0.0	0.0	-1.317	0.236	0.0	0.0	0.0	0.0	0.0	0.0	0.0	0.166	-0.736	0.0	-1.105	0.0	0.026	0.0	0.0	0.0	0.0	0.0	-0.315	0.0	-0.801	-0.21	0.0	0.0	0.171	-0.465	0.289	-0.046	0.0	0.0	0.0	0.0	0.0	-0.324	-0.053	0.0	0.0	0.0	0.0	0.045	-0.171	-0.196	0.0	-0.194	0.0	0.0	0.0	-0.052	0.0	0.0	-0.381	0.0	-0.152	0.0	0.0	0.0	0.0	0.0	0.0	0.0
free_topic	Par-e8bc_379_sheep-46	0.275	-0.26	-0.465	-0.213	0.0	-0.603	-0.304	0.0	0.0	-0.041	-0.473	-0.223	0.0	-0.018	0.115	-0.051	0.0	0.0	0.0	-0.458	0.0	-0.5	-0.984	0.0	-0.233	0.0	0.0	0.0	0.0	0.236	-0.239	0.069	-0.451	0.0	0.055	0.114	0.0	0.0	0.0	-0.96	-0.14	0.0	-0.04	-0.41	0.505	0.45	0.0	-0.774	0.0	0.0	0.0	0.285	0.052	0.338	0.305	0.0	-0.779	0.0	0.0	-0.401	-0.594	0.0	0.071	-0.862	0.0	0.59	0.0	-0.432	0.0	0.194	0.0	0.111	-0.542	0.0	0.0	0.0	-0.3	0.012	-1.115	0.0	-0.475	0.0	-0.392	0.0	0.0	0.238	-0.593	0.0	-0.79	0.0
free_topic	Par-e8bc_383_sheep-45	0.0	0.0	0.0	-0.491	0.0	0.0	0.0	0.0	0.0	-0.259	0.0	0.0	0.0	-0.403	-0.109	0.29	0.0	0.0	0.0	0.0	0.0	-0.5	-0.679	-0.061	-0.046	0.0	0.535	0.0	-0.432	0.236	0.0	0.0	-0.302	0.0	0.0	0.0	-0.643	-0.215	-0.736	0.0	-0.434	0.0	0.026	0.0	0.0	0.0	0.0	0.0	0.392	0.0	0.0	0.0	0.0	0.0	0.171	-0.465	-0.043	0.0	0.0	-0.282	0.0	0.0	-0.133	0.0	0.0	0.0	0.0	0.0	0.0	0.454	-0.171	-0.196	0.0	0.0	0.0	0.0	0.0	0.0	0.0	0.0	-0.136	0.0	-0.152	0.0	0.0	0.0	0.0	0.0	0.0	0.0
free_topic	Par-e8bc_386_sheep-16	0.741	0.0	0.0	-0.106	0.0	0.0	0.0	0.0	-0.335	0.0	0.0	0.0	0.0	0.0	0.0	0.0	0.0	0.0	0.0	0.0	-0.489	0.0	0.0	-0.403	0.0	-0.109	0.0	0.0	0.0	0.63	-0.134	-0.259	0.0	-0.264	0.0	0.0	0.0	0.0	-0.715	-0.677	0.0	0.0	0.0	-0.456	0.0	0.18	0.0	0.0	0.0	-0.357	0.0	0.0	-0.17	0.0	0.0	-0.061	-0.643	-0.121	0.0	0.0	0.0	-0.142	-0.265	-0.302	-0.57	0.0	0.0	0.0	0.0	0.0	-0.522	0.0	-0.47	0.112	0.0	0.0	-0.23	0.0	-0.306	0.0	0.0	0.564	0.0	0.0	0.0	-0.133	-0.491	0.0	0.0	0.0
free_topic	Par-e8bc_396_sheep-20	0.0	0.0	0.0	0.223	-0.638	0.308	0.0	-0.348	0.0	0.0	0.0	0.0	0.0	0.0	0.0	-0.41	0.0	0.0	0.0	0.0	0.0	-0.5	-0.679	-0.523	-0.046	0.0	0.0	0.0	-0.432	0.236	-0.551	0.0	0.0	0.0	0.0	0.0	0.0	-0.051	-1.04	0.0	-0.16	0.0	0.026	-0.426	0.0	0.0	0.0	0.0	0.0	0.0	0.0	-0.617	0.0	0.0	0.171	-0.465	0.055	0.0	-0.392	0.0	-0.006	0.0	0.0	-0.302	-0.062	0.0	-0.276	0.656	0.092	0.0	-0.232	-0.196	0.0	0.331	0.0	0.0	0.0	0.0	0.0	0.0	-0.381	0.0	0.044	0.0	0.0	0.0	0.0	0.0	0.0	0.0
free_topic	Pea-41a9_158_cow-25	0.0	0.0	0.0	0.225	0.939	-0.694	0.253	-1.08	0.0	-0.37	0.0	0.0	0.0	-0.534	0.21	0.147	-0.477	-0.341	0.0	0.46	0.0	0.0	0.0	-0.464	0.0	-0.452	0.0	-0.452	-0.461	0.0	-1.051	0.0	-0.203	-0.541	0.0	-0.666	-0.096	-0.282	-0.536	0.569	0.466	0.728	0.0	0.0	0.05	0.132	-0.253	0.105	0.0	0.0	0.322	-0.888	-0.05	0.0	-0.033	-0.256	-0.218	0.0	0.0	-0.493	0.0	0.0	0.346	0.242	0.0	-1.149	-0.527	-0.315	-0.38	-0.413	0.0	0.352	-0.475	-0.301	0.035	0.0	0.0	0.0	-0.686	0.007	0.0	0.0	0.0	0.15	-0.242	-0.046	0.554	-0.422	-0.006	-0.239
free_topic	Pea-41a9_160_cow-4	-0.328	0.0	0.985	-0.069	-0.441	0.256	0.0	-0.325	-0.119	0.0	0.0	0.0	0.121	-0.649	0.0	0.0	-0.322	-0.561	0.0	-0.458	0.0	-0.206	0.0	-0.219	-0.091	0.0	0.0	-0.07	0.0	0.0	0.0	0.035	0.393	-0.495	-0.267	-0.124	-0.305	0.0	-0.095	0.0	0.353	-0.415	0.0	-0.143	-0.508	0.457	0.439	0.0	0.397	-0.194	0.0	0.0	-1.382	0.369	0.0	-0.727	0.0	0.0	-1.311	0.0	-0.916	0.0	0.0	-0.515	0.07	-0.413	0.57	0.0	-0.301	0.0	0.0	-1.054	0.0	-0.103	0.517	-0.15	0.0	0.0	0.0	0.364	0.0	0.0	0.0	0.0	0.0	0.0	0.0	-0.537	-0.13	0.0
free_topic	Pin-a6d8_37_sheep-16	0.394	-0.345	0.458	0.984	0.0	0.0	0.0	-0.163	-0.38	0.0	-0.582	0.0	-0.713	0.0	0.0	0.184	-0.43	-0.697	-0.659	0.0	-0.364	-0.046	0.0	-0.407	0.582	-0.308	-0.806	-0.774	0.0	0.57	-0.484	-0.259	0.386	0.133	0.0	-0.384	-0.494	-0.447	-0.163	0.0	-0.552	0.0	0.0	-0.185	-0.303	-0.266	-0.308	0.0	0.127	-0.466	0.762	-0.346	-1.326	-0.05	-0.316	-0.337	-0.643	-0.159	-0.22	0.068	-0.454	0.0	-0.393	-0.302	-1.105	0.0	0.211	0.0	0.079	-0.364	0.0	0.0	-0.722	-0.426	0.279	-0.002	-0.689	-0.48	-0.339	0.0	0.0	0.515	0.0	-0.099	-0.347	-0.133	-0.491	-0.25	0.0	0.0
free_topic	Pla-9279_31_sheep-16	-0.02	-0.061	0.0	-0.663	-0.302	0.0	0.0	-0.174	-0.151	0.0	0.0	0.0	0.0	0.0	-0.065	0.201	0.0	0.466	0.0	-0.263	0.13	0.0	0.0	-1.203	0.0	0.0	-0.421	-0.15	0.0	-0.519	-0.53	0.342	0.421	-0.606	0.0	0.0	0.0	-0.285	-0.607	-0.918	-0.62	0.197	0.0	-0.223	0.0	0.394	-0.805	0.0	0.0	-0.745	-0.671	0.0	0.021	0.0	-0.625	0.0	-0.517	-0.791	-0.774	0.0	-0.269	0.46	-0.365	0.0	-0.716	0.0	0.0	-0.088	0.0	-1.136	-0.099	-0.002	-0.306	-0.087	0.24	0.0	-0.279	0.0	-0.894	-0.095	-0.312	0.314	0.0	0.0	0.15	0.591	-0.313	0.101	-0.361	-0.027
free_topic	Plo-6912_28_buffalo-19	0.074	0.0	0.0	0.0	0.0	-0.561	-0.006	0.0	0.0	-0.167	0.0	0.0	0.0	0.0	-0.657	-0.051	0.0	-0.213	0.0	0.0	-0.024	-0.168	-0.761	0.0	0.0	-0.038	-0.106	0.0	0.0	-0.307	-0.263	0.0	-0.7	0.0	0.0	0.0	0.0	0.0	0.0	-0.129	0.31	0.0	0.027	-0.458	0.0	-0.622	0.0	-1.315	0.0	0.0	0.0	0.0	0.0	0.0	-0.2	0.0	0.297	-0.863	0.0	0.0	0.0	-0.378	0.0	0.0	0.0	0.0	0.0	0.0	0.0	0.0	-0.481	-0.059	0.0	0.0	0.0	0.0	0.0	0.0	-0.061	0.0	-0.133	0.0	-0.392	0.0	0.0	0.0	0.0	0.0	0.0	0.0
free_topic	Poa-a930_112_sheep-29	0.617	0.0	0.0	-0.018	0.088	0.0	0.0	-0.392	-0.153	-0.365	0.0	0.0	0.0	0.0	0.042	-0.121	0.0	0.466	0.0	-0.672	-0.542	0.531	-0.347	-0.625	0.0	-0.109	0.0	-0.29	0.0	0.392	-0.493	-0.259	0.0	-0.626	0.0	0.0	0.0	0.107	-0.572	0.0	-0.477	0.0	0.0	-0.673	-0.488	-0.117	-0.434	0.0	-0.021	0.438	0.308	0.0	0.0	-0.097	0.0	-0.061	-0.643	0.002	0.0	0.0	-0.993	0.0	-0.757	-0.044	-0.729	-0.551	0.0	0.0	0.0	0.0	0.0	0.0	-0.191	-0.12	0.668	-0.995	0.0	0.0	-0.639	0.0	-0.379	0.393	-0.051	-0.543	0.0	-0.133	-0.491	0.0	0.0	-0.173
free_topic	Pol-a6a6_431_sheep-29	0.276	0.0	0.395	0.0	0.0	-0.206	0.0	0.0	0.0	-0.198	0.0	-0.272	0.0	-0.302	0.0	0.0	0.0	1.015	0.352	-0.014	0.0	-0.065	-0.706	0.815	0.0	0.0	-0.029	0.0	-0.131	-0.068	0.0	0.0	-0.212	0.0	0.0	0.0	0.0	-0.484	-0.259	0.072	-0.355	-0.347	0.0	0.0	-0.092	0.0	0.0	-0.148	0.0	0.0	-0.206	-0.315	-0.082	0.0	-0.043	0.0	-0.097	-0.802	0.0	0.0	0.0	-0.458	0.0	0.0	-0.48	0.0	0.0	0.0	0.0	-0.694	0.386	-0.078	0.0	0.0	0.0	-0.197	-0.108	-0.639	0.0	0.0	-0.392	0.0	-0.096	0.0	0.0	0.0	0.0	0.0	-0.297	0.0
free_topic	Pre-0725_117_buffalo-32	0.0	0.087	0.41	0.0	-1.04	0.0	0.0	0.0	0.41	-0.391	-0.052	-0.15	0.0	0.0	-0.287	0.0	0.0	-0.182	0.0	-0.286	0.0	0.212	-0.814	0.0	0.0	0.0	-0.151	0.473	-0.275	0.0	-0.406	0.0	-0.103	0.0	0.803	-0.469	0.0	-0.605	0.0	0.0	0.374	0.0	-0.301	0.0	-0.584	0.0	0.045	0.0	0.0	-0.029	-0.409	0.0	-0.087	0.0	-0.302	-0.301	0.0	-0.663	0.0	-0.352	0.0	0.0	-0.19	0.0	0.0	0.377	-0.082	-0.884	0.005	0.0	0.0	-0.3	0.0	0.0	-0.3	-0.888	0.0	0.0	0.0	-0.306	0.0	0.0	-0.215	-0.421	-0.428	0.0	0.0	0.0	0.0	0.246
free_topic	Pre-b54c_19_wildebeest-6	-1.128	0.0	-0.907	0.0	-1.218	0.045	-0.054	-0.8	0.0	-0.923	0.892	0.003	0.0	-0.534	-1.921	-0.621	0.203	0.0	-0.8	-0.473	-0.317	0.0	-0.407	-0.939	-1.281	0.0	-0.06	0.961	-0.198	0.286	-0.01	-0.652	-0.497	-1.204	-0.204	0.949	-1.1	0.0	0.335	0.0	-0.574	-0.614	0.0	0.0	-0.806	0.154	0.041	-0.1	-0.295	-0.71	0.292	-0.377	-1.201	0.743	0.905	-1.246	0.0	-0.723	-0.752	0.51	-0.504	-1.377	-0.48	-0.323	-0.586	-0.714	0.231	-0.948	-0.38	0.039	-0.228	0.421	-0.019	-1.801	0.0	-1.03	0.0	-0.41	0.0	0.0	-0.448	-0.234	-1.639	-0.731	-0.669	0.24	-1.081	0.054	-0.006	0.0
free_topic	Pri-2545_133_sheep-41	0.0	0.0	0.529	-0.284	0.0	0.0	-0.063	-0.881	0.0	0.0	0.0	0.0	-0.021	-0.257	0.074	-1.033	0.0	0.0	0.032	-0.759	0.0	0.0	-0.176	-0.476	0.0	-0.461	0.0	-0.413	0.0	0.0	-0.228	0.344	-0.787	-0.156	0.0	0.0	0.0	0.225	-0.268	0.0	0.298	0.0	0.0	-0.639	0.0	0.0	0.25	0.0	-0.144	-1.028	0.0	0.0	-0.05	-0.163	0.0	-0.103	0.0	0.0	-0.142	-0.618	-0.392	0.147	0.293	0.0	0.0	0.0	0.0	0.0	-0.649	-0.734	0.0	0.0	0.123	-0.051	0.0	0.079	0.0	0.0	-0.172	-0.364	0.0	0.0	0.162	-0.41	0.0	0.0	-0.523	0.0	-0.255	0.337
free_topic	Pro-10af_143_sheep-20	0.0	-0.442	0.565	0.0	0.022	0.0	0.0	0.0	0.0	-0.502	-0.772	0.0	0.0	0.0	-0.283	0.004	0.0	-0.205	0.0	0.231	0.266	-0.167	0.0	0.0	0.38	0.158	-0.271	0.0	0.0	0.0	-0.669	0.0	0.0	-0.167	0.0	0.283	-0.408	-0.238	0.0	-0.088	0.0	-0.162	0.0	0.0	-0.534	0.0	0.0	0.0	-0.027	-0.571	-0.028	0.176	0.0	0.314	-0.244	-0.366	0.052	0.0	-0.046	-0.48	0.0	0.0	-0.25	0.038	-0.851	-0.443	-0.847	-0.757	-0.044	-0.374	0.0	-0.537	0.0	0.0	0.0	-0.948	-0.187	0.0	0.0	0.0	0.0	0.0	-0.19	-0.915	0.0	-0.209	0.0	0.524	-0.128	0.423
free_topic	Pro-10af_20_Sheep-86	-0.27	0.272	0.089	0.701	-0.593	-0.642	0.0	0.1	0.352	-2.106	-0.55	-0.03	-0.392	-0.794	0.16	-0.205	-0.317	0.0	-0.784	0.073	-0.185	0.0	0.8	-0.02	-0.642	0.095	-0.952	-0.751	-0.619	-0.784	-0.092	-0.535	0.0	-0.477	-1.096	-0.868	-1.36	0.176	-0.36	-0.817	-0.911	-0.507	-1.497	-0.765	0.0	0.415	0.252	-0.531	-0.639	-0.352	-0.087	0.183	-0.081	-0.51	0.0	-0.753	-0.48	0.0	-0.458	-0.708	0.061	0.162	-0.601	-2.158	-0.523	-0.453	-0.729	0.92	-1.404	-0.185	-0.209	-2.501	0.253	-0.666	-0.995	-0.494	0.025	-0.348	-0.243	-0.626	0.36	0.0	0.424	0.0	0.468	0.0	-2.943	-0.029	-0.889	-0.679
free_topic	Pro-10af_54_sheep-8	0.446	0.0	0.0	0.0	0.0	-0.011	0.0	-0.266	0.0	0.0	0.0	0.0	0.0	0.0	0.0	0.0	0.0	0.0	0.338	0.0	0.0	-0.201	-0.284	0.0	0.484	0.0	-0.305	0.0	-0.21	-0.035	0.0	0.0	0.0	-0.307	0.0	0.0	0.0	0.0	-0.311	0.317	-0.859	0.0	0.113	0.0	0.0	0.0	0.0	0.234	0.0	0.0	0.0	0.0	0.0	0.0	-0.015	-0.891	0.815	-0.713	0.0	0.0	0.0	-0.293	0.0	0.0	0.0	0.0	0.0	0.0	0.0	0.0	-0.584	0.185	0.0	0.0	0.0	0.0	0.0	0.0	0.002	0.0	0.008	0.0	0.077	0.0	0.0	0.0	0.0	0.0	0.0	0.0
free_topic	Pro-10af_9_bovids-17	0.75	-0.061	0.0	-0.324	-0.215	0.0	-0.337	0.0	-0.38	0.192	0.0	-0.007	0.0	0.0	0.0	-0.454	-0.385	0.082	0.0	-0.503	-0.542	0.0	0.0	-0.625	0.0	0.0	0.0	0.0	0.0	0.38	-0.471	0.0	0.392	-0.359	-0.683	0.0	-0.228	-0.134	-0.756	0.0	0.0	0.0	0.0	0.0	0.0	-0.705	-0.149	0.367	-0.002	0.104	0.0	0.0	-0.204	0.16	-0.109	0.0	0.0	0.0	0.0	0.0	-1.168	0.0	-0.326	0.0	-0.477	0.0	0.0	-0.605	0.0	-0.608	0.0	0.0	0.163	-0.315	0.296	0.0	0.0	0.0	-0.873	0.0	0.0	0.393	0.0	0.0	0.0	0.0	0.0	0.0	0.0	0.0
free_topic	Pro-b54d_1_Procapra-1	0.0	0.0	0.0	0.0	0.0	0.0	0.0	0.0	0.0	0.0	0.0	0.0	0.0	0.0	0.0	0.0	0.0	0.0	0.0	0.0	0.0	0.0	0.0	0.0	0.0	0.0	0.0	0.0	0.0	0.0	0.0	0.0	0.0	0.0	0.0	0.0	0.0	0.0	0.0	0.0	0.0	0.0	0.0	0.0	0.0	0.0	0.0	0.0	0.0	0.0	0.0	0.0	0.0	0.0	0.0	0.0	0.0	0.0	0.0	0.0	0.0	0.0	0.0	0.0	0.0	0.0	0.0	0.0	0.0	0.0	0.0	0.0	0.0	0.0	0.0	0.0	0.0	0.0	0.0	0.0	0.0	0.0	0.0	0.0	0.0	0.0	0.0	0.0	0.0	0.0
free_topic	Pro-b54d_2_Procapra-1	0.0	0.0	-0.092	0.0	0.0	-1.215	-0.865	0.0	0.352	0.093	0.0	0.069	0.0	0.0	0.0	0.0	-0.104	0.0	-0.476	0.275	0.0	0.0	-0.316	0.0	0.025	-0.841	-0.625	0.0	0.0	0.863	-0.006	0.639	0.062	-0.039	0.0	0.0	0.0	0.0	0.0	-0.087	0.0	-0.617	0.0	0.0	0.0	0.052	-0.56	0.0	-0.677	-0.478	0.0	-0.4	-0.68	0.19	-0.198	0.162	-0.065	0.0	0.0	-0.368	-0.186	0.0	-0.149	0.0	0.108	0.0	0.0	-0.285	0.0	0.0	0.283	-1.103	-0.038	0.0	-0.104	0.0	0.725	0.0	0.0	0.0	-0.396	0.0	0.0	-0.865	0.0	-1.426	-0.335	0.0	-0.155	0.0
free_topic	Pro-b54d_3_gazelle-11	0.0	0.0	0.0	0.436	0.0	-0.327	0.0	0.0	0.0	0.0	0.0	0.0	0.494	0.0	0.0	0.0	0.0	0.0	0.0	0.0	0.0	-0.553	-0.127	0.0	0.597	0.0	0.0	0.0	-0.048	-0.228	0.0	0.0	0.0	0.0	0.0	0.0	-0.553	0.0	-0.398	0.0	0.311	-0.127	-0.384	0.0	0.0	0.0	-0.191	0.0	0.0	-0.228	0.0	0.0	0.0	0.0	-0.191	-0.281	0.436	0.0	0.0	0.0	0.0	0.0	0.0	0.0	0.0	0.0	0.0	0.0	0.0	0.0	0.46	-0.327	0.221	0.0	0.0	0.0	0.0	0.0	0.0	0.0	0.494	0.0	-0.193	0.0	0.0	0.0	0.0	0.0	0.0	0.0
free_topic	Pro-b54d_3_gazelle-2	0.713	0.0	0.0	0.46	0.0	0.115	-0.142	0.552	0.0	-1.345	0.0	0.0	0.64	0.0	0.0	0.0	0.0	0.0	-0.961	0.0	0.0	-0.553	-0.127	-3.253	0.0	0.0	-0.152	0.0	0.0	-0.228	-0.281	0.0	-2.133	0.0	0.0	0.0	3.14	0.0	0.0	0.183	0.221	0.09	0.0	-0.193	0.0	0.0	0.0	-0.365	0.0	0.0	0.0	0.0	0.0	0.0	1.391	0.247	0.436	-1.811	0.0	0.0	0.0	-0.205	0.0	0.0	-0.398	0.0	0.0	0.0	0.0	0.0	0.0	-0.327	0.0	0.0	0.0	0.0	-0.214	0.597	0.0	0.0	0.494	0.0	0.0	0.0	0.0	0.0	0.0	0.0	0.232	0.0
free_topic	Pro972e_6_sheep-10	-0.814	0.0	0.419	-0.302	-0.957	-0.094	-0.222	0.452	-0.006	-0.94	0.0	0.0	0.0	-0.272	-0.377	0.0	-0.688	0.431	0.382	0.0	0.077	-0.659	-1.431	0.0	0.0	-0.35	0.0	-1.82	0.0	0.0	-0.715	0.0	-0.845	-0.401	-0.347	0.0	-0.47	-0.046	0.0	0.302	-0.306	0.146	0.081	-0.061	-0.051	0.0	-0.139	0.0	-0.578	-0.07	0.688	0.093	0.0	0.0	-0.762	-0.06	0.0	0.436	0.015	-0.324	0.317	-0.205	0.0	0.392	-0.175	-0.797	-0.604	0.279	-0.377	0.0	0.0	-1.594	-0.821	-0.596	-0.344	0.151	-0.643	-0.069	-0.253	-0.021	-1.094	-0.253	-0.564	-0.491	0.0	0.0	-0.915	0.0	-0.48	-0.691
free_topic	Pum-f726_49_sheep-12	0.0	-0.493	0.32	0.0	-0.863	0.0	-0.716	-0.591	0.0	-0.989	0.0	0.528	0.0	0.0	-0.296	0.0	0.0	-0.612	-1.34	0.196	-0.694	0.276	0.583	-0.046	-1.145	0.0	-0.109	-1.861	0.011	0.0	-0.346	-0.309	-0.029	-0.302	-0.301	0.083	0.0	-0.286	0.0	-0.388	0.0	-0.162	-0.27	-4.423	-0.485	0.0	0.349	-0.117	-0.008	-0.102	-0.147	-0.249	0.0	-0.291	0.0	-0.899	0.0	0.347	0.0	2.678	0.0	-0.259	0.058	-0.139	0.0	-0.112	-0.971	-0.103	-0.508	-0.464	0.012	-0.074	0.0	0.0	0.041	-0.502	0.0	0.443	-1.058	0.41	0.265	-0.419	0.0	-0.299	-0.457	-0.135	0.0	-0.49	-0.006	0.581
free_topic	Pèr-9953_22_cow-43	-0.529	0.0	0.131	-0.429	0.0	-0.361	-0.522	-1.096	-0.006	0.626	-0.176	-0.914	0.0	-0.67	-0.41	-0.346	-0.117	-0.668	-2.047	0.925	-0.212	0.308	0.0	0.423	0.308	-0.48	0.0	-0.66	-0.198	-0.001	0.477	0.0	-0.113	-0.903	0.052	-0.982	0.0	-0.641	-0.046	-0.607	-0.104	-0.316	-1.103	-2.846	-0.67	0.352	-0.079	-0.036	-0.179	-0.449	-0.41	-0.741	-0.713	-0.35	0.369	-0.057	-0.917	-0.046	-0.478	1.458	-0.29	-2.596	0.0	0.023	-0.663	-0.039	-0.767	0.0	0.352	0.0	0.0	-0.197	-0.49	-1.242	0.073	0.048	-0.531	-0.041	-0.755	-0.612	-0.778	-0.678	0.0	-0.26	-0.667	-0.57	0.0	-0.181	-0.582	0.0
free_topic	Pèr-9953_23_cow-10	0.015	0.034	-1.624	-0.018	-3.28	0.0	0.0	-0.325	0.367	-0.404	-0.78	-1.198	0.0	-0.649	0.342	-1.637	-0.157	0.595	0.0	-2.849	0.0	0.0	0.0	-1.199	-0.223	-0.072	-0.01	0.0	0.202	0.39	-1.375	-0.316	1.392	-0.594	-0.117	0.0	0.0	0.0	-1.171	-0.194	1.912	-0.521	0.393	-0.753	0.0	-1.9	-2.294	-2.141	0.0	0.0	-0.523	0.567	-0.723	0.0	-0.217	-0.249	-0.678	0.0	-0.289	0.0	-0.094	0.0	-3.053	-1.161	-0.625	-2.717	-0.41	-0.581	-0.449	-2.077	0.0	-0.78	-0.091	1.274	-0.117	0.0	0.0	0.0	-3.331	0.067	-0.23	0.308	0.0	-0.305	-0.631	-0.199	-0.292	0.0	0.002	0.0
free_topic	Pèr-9953_23_cow-6	0.0	0.0	3.282	-2.479	-1.818	-0.387	0.0	1.378	-0.006	-3.864	0.0	0.0	0.0	-0.968	-5.017	-0.745	-1.71	-2.593	0.0	-0.581	0.0	0.0	-0.794	0.0	0.0	-0.221	0.0	0.126	0.0	0.0	0.0	0.0	-0.523	-1.724	0.0	0.0	-0.329	0.0	0.0	0.0	-1.485	-0.013	0.0	0.113	-0.051	0.0	0.0	0.0	-1.832	-0.07	0.0	-1.387	-0.098	0.0	-0.551	-0.223	0.0	-3.127	-0.41	0.0	-0.134	-1.375	-3.584	1.562	0.22	-0.697	0.497	0.0	-0.747	0.0	-2.702	-0.542	0.0	0.0	0.0	-0.018	-2.241	0.0	0.0	-1.156	0.0	0.0	-0.558	0.797	0.0	0.0	1.284	0.0	-0.192	0.0
free_topic	Rac-2d62_420_cow-5	-0.985	-0.655	1.231	0.0	-0.393	-0.599	-0.366	-0.681	-0.828	0.15	0.0	0.0	-0.308	-0.547	-0.419	-0.435	-1.097	-0.651	0.0	-0.356	0.0	-0.092	0.0	0.332	-0.351	0.0	-0.782	0.271	-0.662	0.121	-0.378	-0.041	-1.083	-0.182	-0.035	-0.673	0.0	-1.202	0.47	-0.021	0.057	0.0	0.0	0.279	0.0	0.0	0.0	0.0	0.0	-0.612	0.568	0.0	0.0	0.0	-0.91	-0.526	0.356	0.17	0.0	-1.482	-0.457	-0.7	-0.188	-0.464	-0.206	-0.216	0.676	0.224	-0.385	-1.362	0.161	-0.132	0.0	-0.517	-0.289	0.193	-0.06	0.0	0.0	-1.916	0.0	0.0	0.0	0.0	0.0	0.0	0.0	0.0	0.069	0.0
free_topic	Rac-2d62_459_Capra-1	0.0	0.0	0.0	0.0	0.256	0.0	0.098	0.0	0.0	0.0	0.0	0.0	0.0	0.0	0.0	-0.848	0.0	0.0	0.0	0.0	0.0	0.059	-0.385	0.0	0.0	0.0	0.117	-0.65	-0.252	0.0	0.0	0.106	0.164	-1.072	-0.493	0.0	0.0	0.0	0.511	-0.063	0.0	0.0	0.0	0.0	0.0	0.0	0.0	0.018	0.0	-0.172	0.0	0.0	0.0	0.0	0.418	0.0	0.43	0.0	0.0	0.0	0.0	0.0	0.26	0.0	0.0	0.0	0.0	0.0	0.0	0.0	0.0	0.0	0.0	0.0	-0.039	0.314	0.0	-0.064	0.198	0.0	0.0	0.0	0.49	0.0	0.468	0.0	0.44	0.0	0.0	0.0
free_topic	Rat-4b67_236_sheep-15	0.786	0.009	-0.354	-0.299	0.0	0.0	0.0	-0.313	-0.334	0.0	0.0	0.0	0.0	0.0	-0.123	0.374	-0.208	-0.072	-0.993	-0.725	-0.514	-0.046	0.0	-0.353	-0.186	-0.227	-0.916	0.027	0.0	0.363	-0.191	-0.73	0.0	0.128	0.0	0.0	0.0	-0.751	0.028	0.0	-0.806	-0.016	0.0	-0.378	0.0	-0.3	-0.05	0.0	0.0	-0.76	-0.043	0.0	-0.03	0.0	0.0	-0.301	-0.601	-0.483	-0.617	0.0	-0.239	-0.441	-0.62	-0.394	-0.683	0.0	0.0	0.264	0.0	0.0	-0.425	0.069	-0.749	-0.612	-0.006	0.0	-0.741	-0.48	-0.486	0.0	-0.42	0.13	0.0	0.0	-0.347	-0.268	-0.304	-0.043	0.0	0.373
free_topic	Red-1eff_52_sheep-11	0.0	-0.669	0.753	0.0	-0.393	-0.62	0.0	0.0	0.0	-0.404	-0.247	0.0	0.0	-0.172	-0.378	-0.218	-0.247	-0.177	0.0	-0.046	-0.819	0.0	0.0	0.332	0.086	0.0	0.0	0.315	0.0	0.017	-0.378	0.0	-0.328	-0.188	-0.035	-0.865	0.0	0.0	0.086	-0.208	-0.452	-0.585	0.0	0.192	0.361	0.0	0.0	0.0	0.0	-0.229	0.0	0.0	-0.232	0.0	-0.273	-0.725	0.0	0.0	0.0	-0.035	0.0	-0.659	0.0	-0.334	0.0	-0.216	-0.55	0.332	-0.385	-0.585	0.012	-0.467	-0.484	-0.012	0.0	0.193	-0.376	0.0	0.0	0.0	0.0	0.0	0.0	-0.39	0.0	0.0	0.0	0.0	0.0	0.0
free_topic	Red-56ec_88_sheep-15	-0.009	-0.199	0.515	0.0	-0.697	0.0	-1.124	-0.158	0.0	-0.913	-0.376	-0.364	0.0	-0.393	0.0	0.0	0.0	0.13	-1.029	0.113	0.0	-0.283	-0.054	-0.334	0.0	0.0	0.072	-0.089	0.0	0.044	-0.271	-0.477	-0.323	0.208	0.0	-0.474	-0.834	-0.277	0.0	0.0	0.0	0.0	0.0	-0.816	0.038	0.022	1.236	-0.569	0.0	-0.498	0.0	-0.1	0.0	0.094	0.0	-0.899	0.0	0.0	0.0	0.494	-0.147	-0.259	0.524	-0.107	0.0	-0.339	-0.672	-0.132	-0.92	0.0	0.112	-0.364	-0.675	0.0	0.0	-0.161	0.0	0.0	-0.061	0.326	-0.469	0.0	-0.225	0.0	-0.109	0.161	-0.74	0.0	0.0	0.0
free_topic	Red-5937_44_cow-11	-0.524	-0.482	0.642	0.0	-0.19	0.0	-0.225	-0.023	0.079	-0.071	0.317	0.0	-0.35	-0.353	0.0	0.0	-0.321	-0.831	0.352	0.0	0.0	-0.629	-0.461	-0.615	-0.513	-0.204	0.0	-0.275	0.0	-0.196	-0.847	-1.449	-0.646	0.135	0.0	-0.273	-1.355	0.0	-0.476	0.0	0.353	0.0	0.0	0.0	-0.734	-0.501	-0.093	-1.108	-0.058	-0.07	0.227	-1.345	-0.499	-0.635	0.0	-1.749	0.0	0.0	-1.054	-0.331	-1.989	0.0	0.719	0.318	-0.266	-0.305	0.118	0.0	-0.528	0.0	-0.152	-0.547	-0.656	-1.121	0.748	0.024	0.0	0.0	0.299	0.589	0.0	0.0	-0.026	-0.102	0.0	0.0	-0.693	-1.035	-0.192	0.0
free_topic	Red-5937_46_cow-27	-0.047	0.0	0.57	0.0	-0.154	-0.45	-0.173	-1.117	-0.836	-0.748	0.06	-1.315	-0.392	-0.534	0.0	0.052	0.0	-0.795	-0.415	0.013	0.146	0.0	0.05	0.0	-0.277	-0.327	-0.006	0.0	-0.198	0.308	-0.511	0.0	-0.082	-1.748	-0.67	-0.27	0.0	-1.547	-0.183	-0.694	-0.591	-0.188	-0.551	-0.362	0.479	0.0	0.145	0.437	0.0	0.0	0.549	-1.185	-1.236	0.0	-0.21	0.0	0.0	0.0	0.0	-0.512	-0.097	-1.375	-0.061	0.0	-0.644	-0.634	0.0	0.0	-0.727	-0.187	-0.246	-0.347	-0.281	0.0	-0.032	-0.578	-0.829	0.0	0.0	-1.65	0.0	-0.157	-0.392	0.317	0.0	-0.291	-0.05	0.0	-0.006	-0.196
free_topic	Red1531_6_sheep-3	0.0	0.0	0.0	0.0	0.0	0.0	0.0	0.0	0.0	-0.379	-0.334	0.0	0.0	0.0	0.0	0.0	-0.785	-0.276	-0.792	0.0	-0.323	0.0	0.0	0.0	0.0	0.298	0.0	-0.128	-0.502	0.0	-0.915	0.0	0.087	0.0	0.071	0.0	0.208	0.0	-0.265	0.239	0.0	-0.189	-0.211	0.0	-0.435	-0.116	-0.944	-0.076	0.0	0.0	0.495	0.789	0.0	0.0	0.0	-0.785	-1.099	0.0	0.0	-0.563	-0.131	0.0	0.0	0.0	-0.473	-0.335	0.0	0.0	0.0	0.0	0.0	-0.099	0.0	0.085	0.0	-0.129	-0.05	-0.452	-0.308	0.0	-0.428	0.0	0.0	-0.692	0.0	0.193	-0.408	0.0	-1.161	0.0
free_topic	Red1531_7_sheep-14	0.0	-0.243	0.393	-0.079	-0.807	0.365	-0.34	0.413	-0.006	-0.906	-0.065	-0.146	0.0	-1.35	0.0	0.042	0.0	0.0	0.0	0.0	0.879	-0.332	-1.0	-0.238	0.0	-0.439	0.0	0.0	0.0	-0.751	-0.919	-0.229	-0.672	0.282	0.282	0.0	-1.188	0.0	0.0	0.0	0.0	0.0	0.0	0.0	-0.051	0.078	-0.454	-1.155	-0.496	0.07	0.0	-0.042	0.255	-0.292	-0.551	-0.85	-0.3	0.0	-0.488	0.0	-0.32	0.0	0.598	0.0	0.41	-0.697	-0.256	0.0	0.246	0.0	-0.354	-0.542	-0.556	0.0	0.0	-0.018	0.0	0.0	0.0	0.155	-0.135	0.0	-0.559	0.0	0.0	0.0	0.0	0.0	0.0	-0.101
free_topic	Red2450_14_sheep-13	-0.526	-0.377	0.393	0.0	-0.691	-0.621	-0.398	0.65	-0.138	-1.125	0.146	0.0	0.0	-0.836	0.0	0.0	0.0	-0.189	0.0	0.0	0.0	-0.501	-0.761	0.17	0.0	0.06	-0.071	-0.097	0.0	-0.38	-0.913	0.564	-0.63	0.94	0.0	0.0	-0.236	0.0	0.0	-0.559	0.012	0.0	-0.344	0.0	-0.094	0.03	-0.535	-0.193	-0.208	-0.083	0.0	-0.037	0.037	0.0	-0.621	-0.917	0.016	0.0	-0.473	0.0	-0.169	0.0	0.75	-0.681	0.338	-0.534	-0.076	-0.034	-0.434	-0.51	-0.032	-1.119	-0.449	0.0	0.0	-0.018	0.0	0.0	-0.212	0.078	0.0	0.0	-0.508	-0.191	0.0	0.0	0.0	0.782	0.0	0.0
free_topic	Red2450_15_sheep-6	0.0	-0.594	0.393	0.0	-0.631	-0.49	-0.045	0.485	0.0	-0.02	0.0	0.0	0.0	-0.052	0.0	0.0	0.0	0.0	0.0	0.0	0.0	-0.319	-0.549	0.0	0.0	0.0	0.0	0.0	0.0	0.0	-0.343	0.0	-0.331	0.588	0.0	0.021	-0.15	0.0	0.0	-0.034	-0.39	0.0	-0.106	0.0	0.0	0.0	0.0	0.508	0.0	-0.07	0.0	0.07	0.0	0.0	0.0	-0.785	0.0	0.0	0.0	0.0	-0.126	0.0	0.0	0.0	0.0	-0.305	0.0	0.0	-0.402	0.0	0.0	-0.542	-0.109	0.0	0.0	-0.018	0.0	0.0	0.0	0.345	0.0	0.0	-0.508	0.77	0.0	0.0	0.0	0.0	0.0	0.0
free_topic	Rei-38eb_164_Capra-4	0.0	0.0	0.0	-0.553	-0.248	0.0	-0.093	-0.099	-0.148	0.0	0.0	-0.096	0.0	0.425	0.0	0.581	-0.384	-0.178	0.0	0.0	-0.071	0.0	-0.341	0.0	0.0	-0.397	-0.228	-0.128	0.0	0.0	0.0	0.37	0.0	-0.357	-0.437	0.0	0.768	0.0	-0.205	0.076	0.0	0.0	0.0	-0.295	0.018	0.0	0.0	0.0	0.0	0.0	-0.545	-0.212	-0.548	0.0	-0.36	0.0	-0.346	0.0	-0.551	0.0	0.0	0.0	0.0	-0.186	0.0	-0.196	0.0	0.0	-0.132	0.423	0.0	0.0	0.0	0.0	-0.125	-0.432	0.333	0.0	-0.127	0.0	0.0	0.0	0.175	0.0	-0.307	0.0	0.784	0.0	0.0	-0.492
free_topic	Rei-38eb_241_cows-31	0.321	0.0	0.0	-0.369	0.0	0.0	0.0	0.0	-0.99	0.0	0.0	0.0	0.0	0.0	0.0	-0.389	0.0	0.0	0.293	-0.37	0.0	0.0	-0.511	-0.401	0.0	-0.528	0.0	0.0	-0.249	0.007	-0.113	-0.259	0.0	-0.636	0.0	-0.513	0.0	0.0	0.0	0.0	0.0	0.0	0.0	0.0	0.0	-0.226	0.0	0.497	0.0	-0.401	0.176	0.0	0.0	-0.256	-0.059	-0.061	-0.643	0.0	0.0	0.0	-0.581	0.0	-0.294	-0.302	-0.457	0.0	0.0	0.0	-0.435	0.42	-0.262	0.0	0.0	-0.713	-0.37	0.0	0.0	0.0	0.0	-0.511	0.0	0.0	0.0	0.0	0.011	-0.133	-0.491	0.0	0.0	0.0
free_topic	Rei-38eb_242_cows-14	0.0	0.045	0.36	0.115	-0.737	-0.812	-0.551	-0.566	0.0	-0.409	-0.387	0.0	0.0	-0.534	0.059	0.0	0.353	-0.387	-0.398	-0.316	-1.111	0.0	0.0	0.0	-0.184	-0.485	-0.481	0.105	-1.49	0.0	-0.6	0.087	0.045	-0.749	-0.122	0.0	0.157	-0.383	0.221	0.777	0.298	-0.263	0.0	0.0	-0.145	0.0	-1.211	-0.372	-0.081	0.0	0.242	-0.492	-0.481	-0.346	0.308	-1.644	-1.243	0.0	0.0	-0.448	-0.241	-0.585	-0.723	-0.051	-0.41	-0.392	-0.648	0.158	-0.38	0.131	0.383	-0.216	-0.64	0.0	-0.394	0.725	0.789	-0.737	0.0	-0.631	0.0	0.443	-0.523	-0.58	-0.061	0.01	-0.235	-1.121	-0.546	0.0
free_topic	Rei-38eb_243_cows-2	0.0	0.062	0.291	-0.128	0.0	0.0	0.0	-0.24	0.352	-0.296	0.0	0.0	0.0	-0.783	0.0	0.0	0.0	0.338	0.0	0.0	0.0	0.0	0.0	-0.358	-0.252	0.0	-0.632	0.0	0.0	-0.347	-0.006	-0.013	0.0	-0.876	0.0	0.0	0.0	0.0	0.0	0.366	0.418	0.0	0.0	0.0	-0.347	0.052	-0.614	0.0	0.0	0.0	0.0	0.314	-0.036	0.0	-0.198	0.0	0.009	0.0	0.0	-0.414	0.297	-0.603	-0.445	0.0	0.0	0.0	0.0	0.0	-0.266	0.0	0.0	-1.195	-0.463	0.0	-0.046	0.0	0.0	0.0	0.0	-0.253	-0.48	0.0	0.0	0.0	0.0	-0.091	0.0	-0.639	0.184	-0.673
free_topic	Rei-38eb_245_Cows-1	0.0	0.279	0.586	-1.086	-0.127	0.0	-0.621	-0.366	0.183	0.347	-0.23	0.0	-0.119	0.0	0.0	0.0	0.0	-1.257	-0.379	0.0	-0.414	0.0	0.0	-0.273	-0.338	0.0	-0.297	0.0	-0.415	0.0	0.0	0.983	-0.122	-0.22	0.0	0.0	-0.372	0.347	0.0	-1.922	-0.351	-0.326	0.0	0.0	-0.259	-0.073	-2.22	0.0	-0.217	0.0	0.0	0.027	-0.381	0.363	0.338	0.0	-0.736	0.0	0.0	-1.13	0.433	-0.283	-0.421	-0.037	-0.31	0.0	-0.22	-2.087	0.319	-0.544	0.0	-1.747	-0.63	-0.084	0.0	0.0	0.0	0.0	-0.75	0.213	-0.344	0.0	0.0	0.0	0.103	-0.234	-0.263	0.561	-1.571	-0.093
free_topic	Roc-59c9_40_sheep-21	0.154	-0.412	-0.654	0.0	-1.273	0.0	0.0	-0.721	-0.247	-0.369	0.0	0.091	0.182	0.0	-0.696	-0.281	0.0	1.367	-0.314	-2.109	0.252	0.461	0.0	0.0	0.0	0.0	-0.08	0.0	0.0	0.0	-1.035	0.134	0.784	-0.006	0.0	0.0	0.0	0.0	-0.266	-0.608	-0.801	0.0	0.468	0.0	-0.176	-1.079	0.395	-0.441	0.0	-0.334	0.678	0.0	0.0	-1.348	-0.219	0.472	0.0	0.0	0.0	0.0	0.858	-0.609	-0.109	-0.179	-0.034	-1.48	0.0	0.712	0.0	-1.285	0.0	0.198	-0.233	0.11	-0.833	-0.61	-0.302	0.348	-0.407	-0.084	0.0	-0.981	0.0	0.357	0.0	-0.318	0.0	-0.287	0.057	-0.16
free_topic	Roe-b5ac_13_capra-8	0.0	0.0	0.428	0.0	0.022	-0.295	-0.729	-0.601	0.0	-0.367	-0.548	0.0	0.0	0.0	0.472	0.581	-0.239	-0.336	-0.414	0.364	0.0	0.534	0.0	0.0	0.0	0.117	0.0	-0.567	-0.051	0.0	-0.67	0.0	0.261	-0.305	0.0	0.0	0.0	-0.13	-0.388	-1.124	0.0	0.0	0.0	-0.659	-0.675	0.0	0.296	0.0	-0.419	-0.099	-0.254	-0.029	0.0	-0.099	-0.337	-0.858	0.052	-0.303	-0.046	-0.504	0.0	-0.701	-0.187	0.0	0.0	-0.443	-0.304	-1.001	-0.77	0.0	0.0	-0.732	0.0	0.0	0.0	-0.948	0.0	0.0	-0.301	0.538	0.0	0.37	-0.006	-0.198	-0.029	0.164	0.0	0.0	-0.05	-0.139
free_topic	Roobb88_6_sheep-31	0.114	-0.255	-0.0	-0.086	-0.635	0.0	-0.347	0.0	0.0	-1.409	0.0	0.016	0.0	0.0	-0.614	-0.046	-0.132	0.0	-0.578	0.0	0.039	-0.473	0.0	0.411	-0.378	0.333	-0.882	0.0	0.0	-0.327	0.13	-0.571	0.0	0.0	0.365	0.147	-0.088	-0.367	-0.094	0.0	-0.545	-0.315	0.0	-1.173	-0.4	0.258	0.0	0.0	-0.562	-0.29	-0.878	0.236	-0.189	0.0	0.0	-1.079	0.0	-0.299	-0.384	0.0	-0.128	0.0	0.362	0.0	0.0	-0.14	0.0	-0.277	-0.722	0.0	-0.128	-0.021	-1.183	0.0	0.0	0.296	-0.091	0.225	0.0	0.0	0.291	0.0	0.291	0.0	-0.183	0.0	0.0	-0.598	0.0	0.509
free_topic	Sai-afdf_102_Saiga-1	-0.455	0.0	-0.26	0.0	0.0	-0.743	-0.725	0.0	0.352	-0.237	0.0	0.0	0.367	0.0	0.0	-0.222	-0.301	0.294	-0.787	0.0	0.0	0.0	-0.549	0.0	0.381	-0.479	-0.393	-0.451	-0.656	-0.064	-0.006	0.262	0.366	-0.237	-0.36	-0.574	-0.306	0.0	-0.151	0.758	0.0	0.0	0.0	0.0	-0.033	-0.639	-0.725	-0.249	-0.228	-0.305	0.0	0.119	-0.595	-0.191	-0.198	0.462	0.337	0.0	-0.875	-0.642	-0.67	0.0	0.0	0.0	0.154	0.0	-0.348	-0.906	-0.336	0.0	0.0	-0.786	0.173	-0.268	-0.041	0.025	0.393	0.0	0.0	0.0	-0.48	0.0	0.238	-0.542	-0.652	-0.736	-0.004	-0.53	-0.384	0.0
free_topic	Sai-afdf_103_Saiga-1	0.106	0.0	0.753	0.0	-0.393	-0.666	0.043	0.0	0.0	0.0	0.0	0.0	0.0	-0.443	-0.12	-0.321	0.0	-0.358	0.0	0.295	0.0	0.0	-0.404	-0.604	0.0	0.0	-0.393	0.433	0.352	0.216	-0.48	0.0	0.306	-0.552	-0.707	0.0	0.0	0.0	0.0	-0.263	0.185	0.0	0.0	0.0	0.0	0.0	0.0	0.0	0.0	0.121	0.182	0.0	-0.124	0.0	0.151	-0.411	0.0	0.0	-0.413	0.0	-0.198	0.0	0.0	0.0	0.0	-0.216	0.0	0.0	-0.928	0.0	0.0	0.276	-0.277	0.0	0.0	0.218	-0.118	0.0	0.0	-0.469	0.0	0.0	0.29	0.0	-0.652	0.0	0.0	0.0	0.0	0.0
free_topic	Sai-afdf_105_saiga-25	0.0	0.38	-0.062	-0.045	0.0	-0.348	-0.149	-0.028	-0.1	0.0	0.352	0.0	0.0	-0.046	-0.621	-0.626	0.0	-0.468	-0.192	0.514	0.0	-0.56	0.0	-0.041	0.309	-0.439	-1.031	-0.36	0.0	0.0	0.234	0.046	0.0	-1.028	0.0	0.0	0.03	-0.523	0.212	0.206	0.0	-0.813	-0.871	-0.694	0.0	0.0	-0.786	0.122	0.095	0.413	0.0	0.0	-0.998	-0.413	-0.346	-0.19	0.0	0.0	-1.015	0.0	0.0	0.0	0.792	0.0	-0.006	-0.338	-0.458	0.0	0.0	-0.181	0.0	0.0	-0.42	0.002	-0.018	0.0	-0.009	-0.166	-0.124	0.0	0.0	0.0	-0.014	-0.468	0.0	0.0	0.0	0.0	0.0	-0.09
free_topic	Sai-afdf_106_saiga-10	0.0	0.0	0.0	0.0	-0.077	0.0	0.0	0.0	0.0	0.0	0.103	0.0	0.0	-0.121	0.55	0.0	0.0	0.0	0.0	0.154	0.338	0.0	0.0	0.0	0.0	-0.55	0.0	-1.126	0.0	0.05	-0.438	0.0	0.0	0.0	-0.414	0.0	0.0	0.0	0.0	-0.505	0.0	0.0	0.0	0.0	0.0	0.333	0.0	0.0	0.9	0.0	-0.759	0.0	0.0	0.0	0.0	-0.196	0.0	0.0	0.0	0.0	0.0	0.434	0.364	0.0	0.0	-0.339	-0.576	0.0	0.0	0.0	0.0	-0.621	-0.413	0.0	0.24	0.0	0.0	0.0	0.0	-0.401	0.0	0.0	-0.36	0.0	0.0	-0.062	0.0	0.013	0.0	0.159
free_topic	Sai-afdf_107_Saiga-1	0.0	0.112	0.0	0.0	0.0	-0.198	0.0	0.0	0.0	0.0	0.0	0.0	0.0	0.0	0.0	0.0	-0.529	-0.285	0.0	0.0	0.0	-0.117	-0.706	0.0	0.0	0.0	0.0	0.0	-0.262	-0.163	-0.487	0.159	0.0	0.0	0.0	0.0	0.0	0.0	0.0	0.0	-0.355	0.0	0.0	0.0	-0.046	0.0	0.0	0.225	-0.146	0.0	0.0	0.0	-0.099	0.0	-0.107	0.0	0.43	0.564	-0.366	0.0	0.0	-0.576	0.0	0.0	0.0	0.0	-0.006	0.0	0.0	0.0	0.0	-0.078	0.0	0.0	-0.314	0.0	0.0	0.0	0.0	0.0	-0.04	0.0	0.0	0.0	-0.48	-0.347	0.0	0.0	0.0	-0.694
free_topic	Sca-7ebf_155_bovine-13	0.276	0.0	0.345	0.0	0.0	-0.206	-0.145	0.0	0.44	-0.198	0.0	0.0	0.0	-0.247	-0.804	0.31	0.257	-0.888	0.352	-0.042	0.0	-1.653	-0.616	0.0	-0.586	0.0	-0.029	-0.585	-0.741	0.212	0.0	-0.138	-0.046	0.285	-0.021	0.0	0.001	0.062	-0.383	0.072	-0.404	-0.559	-0.182	0.0	-0.699	0.0	0.0	-0.148	0.0	-0.488	-0.12	0.0	0.043	0.321	0.082	0.0	-0.659	-0.802	0.0	-0.924	-0.314	-0.458	-0.15	0.0	-0.48	0.042	0.0	0.0	0.0	-0.867	0.0	-0.39	-0.486	-0.383	0.0	-0.097	-0.185	-0.006	-0.266	0.0	-0.501	0.0	-0.677	0.361	0.0	-0.08	-0.196	0.0	0.0	0.0
free_topic	Scad3de_9_cow-13	0.466	0.0	0.0	0.0	0.0	0.168	0.0	0.0	-0.334	0.0	-0.798	0.0	0.447	-0.116	0.0	0.0	-0.543	0.0	0.0	-0.199	0.0	-0.359	0.0	0.0	0.0	-0.109	0.127	0.0	0.0	0.392	-0.191	-0.259	-0.438	-0.477	0.0	0.0	0.0	0.0	0.0	0.0	0.0	0.0	-0.578	0.397	0.0	-0.324	0.0	0.0	0.0	0.0	-0.057	0.0	0.0	0.0	0.0	-0.061	-0.643	0.0	0.0	-0.511	0.0	0.0	-0.078	-0.302	-0.672	0.0	0.0	0.0	0.0	0.0	0.209	-0.168	0.0	-0.121	0.0	0.0	0.0	0.0	0.0	-0.306	0.0	0.0	0.0	0.0	-0.162	-0.567	-0.491	0.0	-0.338	0.0
free_topic	Sem-387f_57_bovine-3	0.0	0.0	0.089	0.0	-0.74	0.0	-0.133	-0.643	0.0	-0.515	0.0	0.195	0.0	0.101	0.0	0.0	0.0	-0.401	-0.415	-0.731	-0.154	-0.155	0.0	-0.236	0.0	0.0	0.0	-0.079	0.0	0.0	0.0	0.0	0.0	-0.008	0.0	-0.138	-0.015	0.0	0.0	0.27	-0.762	0.0	0.0	-0.521	0.0	0.0	0.392	0.0	0.0	-0.045	0.074	0.166	0.32	0.0	-0.659	-0.127	0.0	0.018	-0.114	0.428	0.269	-0.259	0.0	-0.461	0.0	-0.453	-0.491	0.0	-1.166	0.0	0.0	-0.293	0.0	0.0	-0.179	-0.155	0.0	0.0	-0.061	0.0	-0.711	0.0	-0.247	0.0	-0.109	0.0	0.0	0.0	0.0	0.0
free_topic	Sha-8b9d_47_cow-4	-0.131	-0.426	-0.138	0.0	0.215	0.36	0.0	0.0	0.0	0.0	0.0	-0.501	0.0	0.0	-0.149	0.0	-0.046	0.0	-0.073	-0.346	0.0	-0.324	-0.423	-0.05	0.0	-0.172	0.0	-0.668	-0.551	0.079	0.288	0.0	0.0	0.658	-0.051	0.0	0.0	0.0	0.0	0.0	-0.441	-0.297	-0.417	0.094	0.0	0.0	-0.363	0.0	0.0	0.069	-0.769	-0.039	-0.63	-0.53	-0.067	-0.484	0.658	0.0	0.0	0.045	0.237	-0.282	-0.752	0.386	0.0	0.0	0.0	0.0	0.527	0.0	0.0	-0.053	-0.973	-0.067	0.0	0.0	-0.315	0.308	0.0	0.0	-0.05	-0.633	0.0	0.0	0.0	-0.062	0.065	0.0	0.0	0.0
free_topic	Sha-8b9d_58_cow-7	-0.131	0.0	0.0	0.0	0.215	-0.689	-0.215	-0.782	-0.121	0.0	0.0	-0.501	0.0	0.0	-0.088	-0.051	-0.338	0.0	-0.073	0.0	0.0	-1.195	-0.424	-0.05	-0.005	-0.172	0.0	-0.489	0.0	-0.523	0.288	-0.027	0.0	1.135	0.0	-0.246	-0.098	0.51	0.0	0.0	-0.441	-0.297	-0.517	-0.316	-0.669	0.0	0.0	-0.551	0.0	-0.251	-0.214	-0.324	-0.108	-0.53	-0.067	-0.484	0.658	0.0	0.0	-0.142	-0.6	-0.282	-0.514	0.386	0.0	0.0	0.0	0.0	-0.07	0.026	0.0	-0.229	-0.949	-0.956	0.0	0.0	-0.315	0.0	-0.289	0.0	-0.05	-0.633	-0.859	0.0	0.0	-0.062	-0.338	0.0	0.0	0.0
free_topic	She-572b_100_sheep-17	0.0	0.0	0.393	0.0	-0.625	0.0	-0.075	0.425	0.782	-0.427	0.0	0.0	0.0	0.164	0.0	0.0	-0.439	0.0	0.0	0.383	-0.485	-0.33	-0.213	0.0	-0.167	0.0	-0.215	0.0	0.0	0.0	-0.719	0.0	-0.555	0.206	0.0	0.0	0.014	0.0	-0.135	0.0	-0.369	0.0	0.0	0.0	-0.03	0.0	0.725	0.0	0.0	-0.07	-0.7	-0.207	-0.068	0.0	-0.673	-1.088	0.0	0.0	-0.425	0.0	-0.114	0.0	0.338	-0.263	0.276	-0.609	0.225	0.0	-0.698	0.0	0.198	-0.542	0.0	0.0	0.0	-0.018	-0.478	0.0	0.011	-0.019	0.0	-0.452	-0.24	0.0	0.0	0.0	0.0	0.0	0.003	0.0
free_topic	She-572b_101_sheep-9	0.0	0.0	0.066	0.0	-0.028	0.0	0.0	-0.064	0.0	0.0	0.0	0.0	0.0	0.0	-0.169	0.0	0.0	0.0	0.0	-0.006	0.0	0.0	0.0	-0.827	-0.855	-0.569	0.05	0.0	-0.591	0.0	-0.024	-0.131	0.0	0.0	0.052	-0.563	0.159	0.06	-0.634	0.0	-0.173	0.0	0.321	-0.17	-0.706	-0.002	0.0	-0.934	0.0	-0.694	0.0	-0.285	-0.512	0.0	0.351	0.0	-0.692	-0.785	-0.37	0.261	0.0	-0.238	0.0	0.0	0.0	0.0	0.0	-0.117	-0.233	0.0	0.0	0.0	0.038	0.074	0.0	-0.347	0.0	0.0	0.0	0.163	-0.289	0.799	0.0	0.0	-0.539	0.0	0.0	0.0	-0.283	0.0
free_topic	She-572b_102_sheep-5	0.0	0.0	0.393	-0.48	-0.89	0.0	0.0	0.0	-0.283	-0.64	-0.347	0.0	0.0	0.267	0.0	0.0	0.0	-0.274	-0.057	0.216	0.0	-0.1	0.0	-0.108	0.0	-0.522	0.0	-0.473	-0.046	-0.061	0.0	-0.547	-0.414	-0.226	0.0	0.051	0.238	0.0	0.0	0.76	-0.283	0.0	0.0	0.0	-0.094	0.0	0.0	0.0	0.0	-0.07	0.0	-0.204	0.0	-0.326	-0.621	-0.602	0.0	0.0	-0.473	0.107	-0.056	0.0	0.0	0.366	0.338	-0.984	0.103	0.0	-0.422	0.0	-0.5	-0.542	-0.185	0.0	-0.141	-0.018	-0.392	0.0	0.0	-0.548	0.0	0.0	0.074	0.0	0.0	0.352	-0.694	0.0	0.0	0.0
free_topic	She-572b_104_sheep-2	0.165	0.0	0.0	0.0	0.0	-0.621	0.0	-0.542	0.0	-0.134	-0.228	0.0	0.0	-0.783	-0.504	-0.002	0.18	0.0	0.0	0.0	-0.183	0.0	0.0	0.0	-0.032	0.103	0.0	0.081	-1.246	0.0	0.0	0.06	0.053	-0.459	0.0	-0.076	0.0	-0.266	0.0	-0.646	0.202	0.0	-0.052	0.0	0.0	-0.569	-0.475	-1.333	0.109	0.0	0.0	-0.235	-0.036	-0.621	0.0	-0.308	-1.208	0.0	0.0	-0.268	-0.058	0.0	-0.621	-0.094	-0.473	-0.141	0.0	0.129	-0.376	0.271	-0.344	-0.544	0.0	-0.133	0.369	0.196	0.248	-0.28	0.0	-0.376	0.0	0.159	-0.414	-0.422	-0.502	-0.584	0.0	-0.884	0.34	0.0
free_topic	Sho-489b_44_cow-16	0.0	0.0	0.0	0.0	0.0	0.0	0.0	0.338	0.0	0.0	-0.74	0.0	-0.361	0.0	0.0	0.0	-0.48	0.0	-0.183	0.0	0.0	-0.045	-0.18	0.089	0.042	-0.656	0.29	0.0	0.0	0.0	0.0	0.545	0.441	0.0	-0.547	-0.303	0.0	0.0	0.0	0.0	0.0	-0.239	0.456	-0.038	-0.241	0.0	0.059	-0.127	0.0	0.0	0.0	0.0	0.0	0.0	0.0	-0.026	0.196	-0.203	0.0	-0.549	0.17	0.103	0.0	-0.188	-0.486	0.0	0.0	0.0	0.0	0.0	-0.842	-0.913	0.0	-0.535	0.0	0.0	0.0	0.0	-0.228	0.0	0.0	0.0	0.0	-0.414	0.0	-0.334	0.0	0.0	0.0	0.0
free_topic	Sho-e23c_28_sheep-12	0.0	0.0	0.0	0.0	0.0	0.0	0.0	-1.147	0.0	0.0	0.0	0.0	0.0	-0.534	0.392	-0.166	0.0	-0.332	0.146	-0.273	0.0	0.0	0.0	0.0	0.0	-0.796	0.0	-0.05	-0.604	0.0	-1.321	0.0	-0.394	-0.398	0.0	0.0	0.0	0.707	0.075	0.0	0.298	0.0	-0.734	0.0	0.0	0.0	-0.441	0.0	-0.502	0.137	0.321	-0.314	-0.05	-0.753	0.0	-0.138	0.124	0.477	0.0	-0.423	0.234	0.159	0.216	0.168	0.0	0.0	0.0	-0.284	-0.38	0.317	0.0	0.0	-0.209	0.0	0.0	0.0	0.0	0.0	0.0	-0.163	0.0	0.0	0.0	-0.113	0.0	-0.343	0.0	0.0	-0.006	-0.394
free_topic	Sir-1b7d_104_cows-8	-0.549	0.0	0.853	0.0	-0.506	0.0	-0.618	-0.252	0.0	-0.356	-0.57	0.174	0.0	0.0	0.375	-0.679	0.0	-0.149	0.0	0.0	0.0	0.178	0.0	-0.31	0.0	-0.219	0.0	0.242	-0.281	0.0	-0.771	0.0	-0.102	0.263	0.0	0.0	-0.287	-0.257	-0.443	0.297	0.0	0.0	0.0	0.0	-0.644	0.0	-0.771	0.118	-0.249	-0.338	-0.323	-0.412	0.0	0.0	-0.312	-0.463	-0.302	-0.561	-0.046	-0.019	0.0	0.0	-0.393	0.0	0.303	-0.775	0.0	-0.718	0.121	0.014	0.0	-0.728	0.0	-0.092	0.0	-0.761	0.0	-0.757	0.0	0.0	0.0	0.0	-0.006	-0.382	-0.66	-0.267	0.0	-0.282	-0.376	0.207
free_topic	Sir-1b7d_195_cow-4	0.0	0.296	0.584	0.087	0.381	-0.133	-0.459	-0.441	0.0	-0.049	-0.478	0.0	-0.162	-0.046	0.0	0.0	-0.43	-0.748	0.803	0.0	0.0	0.0	0.0	-0.41	0.102	-0.107	-0.735	0.0	0.0	0.0	0.0	0.05	0.0	-0.292	0.0	0.0	-0.531	-0.067	0.0	0.157	0.298	0.0	0.057	-0.006	-0.385	-0.481	-0.301	0.0	0.0	0.0	-1.478	-0.387	0.745	0.0	-0.426	0.0	0.2	0.0	-0.237	0.513	0.962	-0.079	0.998	-0.547	0.0	0.0	0.0	0.0	0.0	-0.23	0.0	-0.365	0.0	-0.092	0.235	0.0	0.0	0.0	0.0	0.0	0.052	0.0	0.0	0.0	-0.66	-0.504	0.0	-0.385	-0.396	0.0
free_topic	Sir-1b7d_20_cow-4	-0.047	0.0	0.62	-0.175	0.381	-0.753	0.0	-0.004	0.0	-0.029	-0.665	0.0	-0.392	0.07	0.0	0.052	-0.43	0.0	0.0	-0.146	0.083	0.0	0.0	-0.41	-0.277	0.159	0.0	0.0	-0.385	0.0	0.0	0.0	0.032	0.0	-0.469	0.043	-0.133	-0.83	-0.244	-0.694	-0.182	0.083	0.0	-0.318	0.29	0.0	0.773	0.437	0.0	0.0	-0.322	-0.397	0.236	0.0	-0.426	-0.05	-0.353	0.0	-0.237	0.0	0.616	0.269	0.258	0.0	-0.358	-0.301	0.0	0.0	-0.185	0.0	0.0	-0.347	-0.37	-0.232	0.235	0.584	-0.878	0.0	0.0	0.0	-0.079	0.0	0.0	0.0	-0.66	-0.896	0.352	0.317	0.0	0.0
free_topic	Smi-7190_128_bison-19	-0.0	-0.584	0.089	-0.256	-1.126	-0.636	-0.892	-1.108	-0.709	-0.595	0.0	0.0	0.0	0.121	-0.464	0.617	0.0	-0.256	-0.424	0.051	0.08	0.0	0.0	0.0	-0.203	-0.499	0.0	-2.367	-0.385	0.0	0.197	-0.697	0.0	-0.682	-0.635	-0.565	0.637	0.0	1.415	0.16	0.0	-0.186	0.111	-1.22	0.0	-0.701	0.715	-0.592	0.184	0.024	0.0	-0.459	-1.229	-0.27	0.0	-0.127	-0.706	0.117	-0.391	0.408	0.128	-0.3	-0.429	0.417	-0.67	-0.453	-0.875	-0.026	-1.594	-0.115	0.073	-0.575	0.312	-0.008	0.573	-0.613	-0.315	0.184	-1.216	-0.445	0.0	0.0	-0.387	-0.126	-0.221	0.052	-0.009	0.503	-0.464	0.0
free_topic	Smi-7190_128_bison-32	-0.027	0.134	-0.083	0.0	-0.449	-0.439	0.0	-0.566	0.392	0.159	0.0	-0.937	0.069	-0.534	0.476	0.0	0.0	-0.357	0.0	-0.076	-0.267	0.0	0.052	0.197	-0.464	0.352	-0.112	-0.129	0.0	0.0	-0.595	0.0	0.325	-0.398	0.0	0.0	-0.196	-0.643	0.0	0.0	0.298	-0.006	0.381	-0.715	-0.704	-0.428	0.167	0.0	0.0	-0.252	-0.005	-0.514	-0.758	0.263	-0.213	0.19	-0.209	-0.391	0.0	-0.221	0.0	0.0	0.134	0.0	0.0	-0.639	-0.277	-0.385	-0.798	0.0	0.0	-0.445	0.0	-0.793	0.0	-0.013	0.0	0.0	0.0	-0.615	0.012	0.0	0.745	-0.164	-0.393	0.0	0.0	0.0	-0.521	0.276
free_topic	Sno-d342_99_sheep-5	-0.302	0.0	0.0	-0.158	0.184	-0.193	0.0	0.0	-0.578	-0.533	0.274	0.0	0.0	0.0	-0.549	-0.435	-0.096	-0.523	0.496	-0.103	0.0	-0.727	-0.795	-0.377	0.652	-0.153	0.0	-0.61	0.0	-0.379	-0.52	0.246	-0.041	0.461	0.0	0.0	0.0	-0.838	0.0	0.0	0.749	0.0	-0.263	-0.114	0.0	0.162	0.163	-0.139	0.0	0.0	0.045	0.0	0.0	-0.662	-0.266	0.0	0.211	0.0	0.0	0.0	-0.016	0.167	-0.403	0.235	-0.306	0.0	0.0	0.094	0.0	0.0	0.0	0.205	0.0	-0.967	0.0	0.251	0.0	0.0	-0.399	0.564	0.157	0.0	0.0	0.0	0.0	0.0	0.0	0.0	0.0	0.0
free_topic	Sou-612b_33_sheep-17	0.47	0.0	0.0	-0.495	-0.382	0.0	0.0	-0.032	-0.313	-0.236	0.0	0.0	0.075	0.0	0.368	0.0	0.0	0.0	0.0	0.408	0.21	0.531	0.0	-0.863	0.0	-0.339	0.0	0.0	0.0	0.392	-0.028	-0.259	0.0	-0.381	0.0	0.0	0.0	0.204	-0.479	0.064	0.0	0.0	0.0	0.0	-0.488	-0.195	-1.027	0.0	0.0	0.346	-0.304	0.0	-0.511	-0.546	0.0	-0.625	-0.643	0.0	0.0	0.0	-0.265	0.0	-0.534	-0.302	-0.741	0.0	0.0	0.0	0.0	0.0	-0.722	0.0	0.005	-0.183	-0.53	-0.284	0.0	0.0	-0.412	0.0	-0.379	0.314	0.0	-0.543	0.0	-0.133	-0.491	0.0	0.0	-0.173
free_topic	Sou-ac15_221_cow-23	0.0	0.0	0.0	0.0	-0.062	0.302	0.046	0.0	0.0	0.0	0.0	-0.512	0.0	0.0	0.853	-0.473	0.0	-0.342	0.0	0.0	0.0	-0.263	-0.138	-0.414	0.376	0.0	0.0	0.0	0.018	0.313	-0.621	0.0	0.0	0.0	0.0	0.0	0.0	-0.094	-0.153	0.0	-0.183	0.0	0.186	0.0	0.0	0.0	0.0	0.0	-0.315	0.0	-0.801	0.082	0.0	0.0	-0.581	-0.494	0.903	0.0	-0.228	0.0	-0.183	0.0	0.0	-0.324	0.0	0.0	0.0	0.0	0.0	0.045	-0.152	-0.059	0.0	0.0	0.0	0.0	0.0	-0.062	0.0	0.0	-0.381	0.0	-0.696	0.0	0.0	0.0	0.0	0.0	0.0	0.0
free_topic	Sou-ac15_335_cow-21	0.0	0.0	-0.117	0.691	-0.12	-0.541	0.0	-0.559	-0.358	0.0	0.0	-0.55	0.0	0.0	0.0	0.0	0.0	-0.075	0.474	0.0	0.0	-0.263	-0.138	0.0	0.376	0.0	0.0	0.0	0.121	0.313	0.0	0.0	0.0	0.356	0.0	0.0	0.0	0.0	-0.153	0.0	-0.117	0.0	0.186	-0.7	0.0	0.0	0.0	0.349	0.086	0.0	-0.585	0.0	0.0	0.0	-0.581	-0.701	1.271	0.0	0.0	0.0	0.0	0.0	0.0	-0.928	-0.016	0.0	0.0	0.24	0.104	-0.178	-0.255	-0.059	0.0	0.0	0.0	0.0	0.0	-0.035	-0.402	0.065	-0.381	0.0	-0.696	0.0	0.231	0.0	0.0	0.0	0.113	0.0
free_topic	Sou-ac15_57_cows-24	-0.643	0.0	0.0	0.531	0.392	-0.329	0.0	-0.219	0.0	0.332	0.0	0.039	0.698	0.0	0.433	-0.824	-0.336	0.0	0.355	0.0	-0.415	-0.357	-0.302	-0.092	0.0	-0.675	-0.574	-0.444	0.0	-0.602	-0.461	0.477	-0.23	0.0	-0.364	0.0	-0.268	-0.259	-0.692	0.0	0.0	0.043	-0.34	0.0	-0.149	0.124	-0.011	-0.316	0.0	0.013	0.012	0.0	-0.011	-0.491	0.0	-0.109	-0.491	0.0	-0.213	0.0	0.0	-0.54	0.136	-0.422	-0.435	0.025	-0.058	0.0	-0.087	-0.519	0.0	0.265	-0.554	-1.25	0.0	-0.717	0.0	0.237	0.0	0.0	0.0	0.0	0.0	0.0	0.0	0.0	0.0	-0.061	0.0	0.098
free_topic	Sou-ae4f_20_sheep-27	0.031	0.0	-0.016	0.0	0.0	-0.306	0.0	0.0	0.0	-0.547	0.0	0.0	0.0	-0.172	-0.25	0.0	0.0	0.409	0.0	-0.026	0.0	-0.1	-0.585	0.0	0.319	0.338	0.248	0.0	0.0	-0.003	0.0	0.0	0.0	0.0	0.0	0.0	-0.457	0.0	-0.323	0.139	-0.407	0.0	0.0	-0.505	0.0	0.0	0.0	-0.139	0.0	0.0	-0.281	0.0	0.238	-0.583	-0.318	0.0	-0.022	-0.789	0.0	0.0	0.0	-0.299	0.0	0.0	0.0	0.0	0.0	-0.224	0.0	0.0	0.0	0.051	0.193	0.0	0.0	0.0	0.0	0.0	0.0	0.0	-0.374	0.0	-0.101	0.0	0.0	0.0	0.0	0.0	0.0	0.0
free_topic	Spe-c6ef_325_cow-21	0.466	0.081	0.0	0.0	0.0	-0.152	-0.309	0.097	0.0	0.0	0.0	0.0	0.0	-0.529	0.0	0.0	0.0	0.0	0.316	0.0	0.0	-1.037	-0.584	-0.661	-0.19	0.492	0.253	0.0	-0.576	0.156	0.187	-0.597	0.029	-0.502	0.0	0.0	0.0	0.0	0.0	-0.088	-0.266	0.142	-0.095	0.0	0.0	0.135	0.0	0.037	0.0	0.0	0.136	-0.487	0.0	0.008	-0.219	0.0	0.271	-0.81	0.0	0.0	0.0	-0.253	-0.107	0.477	0.0	0.0	0.0	0.0	-0.882	0.0	0.0	-0.611	0.226	0.0	-0.22	0.0	0.0	0.0	-0.108	-0.551	-0.502	-0.273	0.0	0.0	0.184	0.0	0.0	0.303	0.0	0.0
free_topic	Spi-fb82_138_sheep-34	0.737	-0.234	0.0	-0.263	-1.107	0.0	-0.353	0.0	-0.485	-1.001	-0.008	-0.606	0.0	0.0	0.0	-0.247	0.0	3.173	0.0	-4.084	0.0	-0.198	0.0	-0.121	-0.223	0.0	0.223	-0.333	-0.717	-0.046	-2.007	-0.006	1.411	-0.003	0.183	-0.257	0.0	0.0	-1.264	-0.327	-0.481	0.442	-0.102	0.0	0.0	-0.419	-0.493	-1.764	0.46	-0.233	-0.683	0.268	-0.625	-0.129	0.062	-1.406	-0.077	-0.227	0.0	0.589	0.283	0.189	-0.233	-0.542	-0.52	-0.945	-0.318	0.278	0.0	-1.889	-0.031	-0.406	0.872	-0.125	-0.186	-0.129	-0.079	0.275	-2.344	-1.114	0.309	-0.084	-0.16	0.985	-0.387	0.0	0.0	0.0	-0.27	0.0
free_topic	Spo-c072_241_wildebeest-33	1.026	-0.061	-0.961	0.343	-0.302	0.0	0.0	0.0	-0.128	0.0	0.0	0.0	0.0	-0.295	-0.25	-0.86	0.0	0.846	0.623	-1.298	-0.256	0.0	-0.333	0.0	0.0	0.0	-0.101	0.351	0.0	0.0	-0.321	0.079	0.236	0.192	-0.391	-0.254	-0.503	-0.115	-0.133	-0.154	-0.371	0.11	0.0	0.0	-0.638	-0.59	-0.644	-0.353	0.0	-0.188	0.0	0.0	0.0	-0.619	-0.002	0.0	0.0	0.046	0.0	-1.282	-0.432	0.052	0.643	0.0	-0.791	0.0	-0.344	0.0	0.0	-1.457	-0.793	0.0	0.336	-0.565	0.013	0.0	-0.779	0.0	-0.824	-0.741	0.0	0.0	0.0	0.0	-0.21	-0.565	0.0	0.0	0.052	0.0
free_topic	Spo-c072_241_wildebeest-7	0.423	-0.087	-0.48	-0.106	-0.419	-0.315	0.0	0.0	-0.19	0.0	0.0	0.0	-0.173	-0.027	0.0	-1.334	0.0	1.391	0.607	-1.009	-0.637	0.0	0.0	-0.238	0.351	-0.34	0.0	0.442	0.0	0.0	-0.185	0.617	-0.141	-0.303	0.0	0.0	0.0	-0.199	-0.282	0.039	-0.24	0.117	0.0	0.0	-0.805	-0.042	-0.251	-0.353	-0.223	-0.384	0.0	1.722	0.0	-0.174	-0.113	0.0	0.0	0.085	0.0	-1.172	-0.656	-0.364	0.31	0.0	0.027	-0.313	0.137	0.0	0.0	-0.685	-0.888	0.0	-0.017	-0.362	-0.289	0.0	0.0	0.0	-0.762	-0.621	0.627	0.564	0.0	0.0	0.033	-0.579	-0.405	0.0	-0.007	0.703
free_topic	Spo-c072_243_springbok-17	0.677	-0.051	0.0	-0.106	0.0	0.0	0.0	-0.392	-0.262	0.0	-0.074	0.0	0.0	-0.329	0.0	-2.057	-0.41	2.98	0.394	-2.16	-0.578	0.0	0.0	-0.954	0.0	-0.109	0.0	0.351	0.0	0.392	0.078	0.017	0.0	-0.357	0.0	0.0	0.0	0.0	-0.526	0.054	-0.844	-0.006	-0.138	0.0	0.0	-0.364	-0.702	-0.353	-0.551	-0.388	-0.523	0.0	0.0	-0.203	-0.236	-0.215	-0.643	0.0	0.0	-1.215	-0.903	0.0	-0.427	-0.302	-0.289	-0.337	-0.267	0.158	0.0	-0.479	-0.911	-0.392	-0.331	-0.587	-0.974	0.0	0.0	0.0	-1.134	-0.597	0.0	0.743	0.0	0.579	0.033	-0.133	-0.553	0.0	0.052	0.0
free_topic	Spo962a_5_buffalo-4	0.0	0.0	0.0	0.0	0.0	0.0	0.0	0.0	0.0	0.0	-0.482	0.0	0.0	0.085	0.0	0.0	0.0	0.633	0.0	0.0	0.0	-0.175	-1.337	0.0	0.761	-0.656	0.0	0.0	0.0	-0.024	0.0	0.0	0.0	0.0	0.039	0.0	0.0	0.0	0.0	0.0	-0.361	0.0	0.0	-0.305	0.0	0.0	0.0	0.0	0.0	0.0	0.0	0.0	0.0	-1.154	-0.783	0.007	0.38	0.0	0.0	0.0	0.0	0.0	0.0	0.0	0.0	0.0	0.0	-0.57	0.0	-0.141	0.0	-0.033	0.0	-0.581	0.0	0.0	0.0	0.0	0.0	0.0	-0.366	0.0	0.0	0.0	0.0	0.0	0.0	0.0	0.0	0.0
free_topic	Spr-39f8_10_springbok-11	0.295	-0.003	0.443	-0.56	-0.508	0.0	0.0	-0.831	0.321	-0.053	0.0	-0.648	0.0	-0.534	0.223	0.0	0.0	0.0	-0.39	-0.62	0.362	0.171	0.0	0.184	-0.467	0.0	0.067	0.114	0.0	0.028	0.0	0.0	0.0	-1.046	0.069	-0.626	0.0	-0.251	-0.507	0.0	0.689	0.0	-0.279	0.0	-0.792	-0.283	0.0	0.0	0.0	-0.748	-0.062	0.0	-0.05	-0.196	0.0	-0.162	-0.444	-0.21	-0.279	0.0	0.095	-0.285	0.117	0.0	0.0	-0.469	0.0	-0.366	-0.676	0.0	0.0	-0.428	0.0	0.0	-0.787	0.083	0.0	0.0	0.0	-0.691	0.0	-1.168	-0.115	-0.136	0.0	0.0	0.0	0.193	-0.204	-0.431
free_topic	Spr47f2_5_Springboks-1	0.0	0.0	0.0	-0.416	-0.003	-0.665	0.53	-0.357	0.32	0.201	-0.155	-0.505	0.0	-0.721	0.0	-0.621	0.0	0.0	0.0	0.575	-0.445	0.0	0.0	-0.341	0.0	0.123	0.145	-0.222	0.0	-0.347	0.043	0.0	-0.047	0.0	-0.802	-0.344	0.0	-0.429	0.0	0.935	0.0	0.0	0.0	0.0	0.0	-0.599	-0.763	0.0	-0.569	0.0	0.0	-0.342	-0.315	0.0	-0.429	0.0	-0.025	-0.477	0.0	-0.152	0.0	0.0	0.0	0.0	0.0	-0.13	0.0	0.0	-0.247	0.0	-1.185	-0.8	0.0	-0.295	-0.046	0.0	-0.398	0.0	0.0	0.0	-0.48	0.0	0.0	0.0	0.006	0.0	0.0	0.032	0.0	0.167
free_topic	Spr47f2_7_Springboks-1	-0.08	0.0	0.44	0.0	0.0	-0.071	0.0	0.0	0.0	-0.506	0.0	0.0	-0.314	0.0	0.0	0.052	0.0	0.0	0.0	0.092	0.296	0.0	0.0	0.0	-0.419	0.205	0.0	0.0	0.0	0.0	0.0	0.0	0.0	0.0	-0.257	-0.726	0.0	-0.307	0.0	-0.694	-0.48	0.0	0.0	-0.006	0.455	0.0	0.0	0.34	0.0	0.0	0.0	-0.652	-0.635	0.0	0.0	0.0	0.0	0.0	0.0	0.0	-0.017	0.137	-0.367	0.0	-0.211	-0.846	0.0	0.0	0.0	0.0	0.0	-0.347	0.0	0.199	0.0	0.0	-0.293	0.0	0.0	0.0	0.0	0.0	0.0	0.0	0.0	-0.246	0.352	0.0	0.0	0.0
free_topic	Ste-0d9f_111_sheep-13	0.0	-0.334	0.393	0.0	-1.208	-0.244	-0.329	0.472	-0.006	0.003	0.0	0.0	0.0	-0.155	0.0	0.0	0.0	0.0	0.0	-0.029	0.0	-0.563	-0.72	0.0	0.0	0.0	0.0	0.0	0.0	0.0	-0.761	0.0	-0.695	0.228	0.0	0.0	-0.657	0.0	0.0	0.0	0.0	0.0	0.0	0.0	-0.051	0.0	0.0	0.076	-0.3	-0.07	0.0	0.319	0.0	-0.301	-0.551	-0.923	0.41	0.0	-0.41	0.0	-0.135	0.0	0.0	0.0	0.308	-0.697	-0.061	-0.273	-0.309	0.602	0.0	-1.272	-0.337	0.0	0.0	-0.012	0.0	0.0	0.0	0.088	-0.333	0.0	-0.253	0.0	0.0	0.0	0.0	0.0	0.0	0.0
free_topic	Tas-3df1_207_sheep-22	0.286	0.0	-0.052	-0.281	-1.291	-0.74	0.0	0.0	-0.006	-0.309	-0.262	0.0	0.0	-0.156	0.0	-0.37	-1.098	-0.536	0.334	-0.04	-0.344	-0.109	0.219	-0.906	0.0	-0.517	0.06	-0.67	-0.448	-0.893	-0.45	0.0	-0.379	0.054	-0.452	0.0	-0.954	0.126	-0.477	-0.213	0.0	0.0	-0.953	-0.864	-0.655	-0.618	-0.23	0.0	-1.217	-0.639	0.022	-0.193	-0.173	0.0	-0.551	-0.985	0.0	-0.133	-0.999	-0.156	0.133	0.0	0.0	0.5	0.308	-0.697	0.331	-0.785	-0.322	0.0	0.319	-0.542	-0.319	0.0	-0.138	-1.674	0.0	0.0	0.0	0.0	-0.109	-0.484	-0.552	-0.011	0.109	-0.074	0.0	0.0	0.0	0.0
free_topic	Tas-3df1_211_sheep-5	0.0	-0.373	0.393	-0.339	-1.166	-0.185	0.653	0.079	-0.512	-0.531	0.0	-0.459	0.0	-0.316	-0.198	0.016	-0.103	0.785	-0.746	0.0	0.156	0.0	-0.101	0.0	0.0	0.806	0.0	0.0	0.003	-0.637	0.0	0.0	-0.341	0.588	-0.163	0.0	-0.681	0.0	-0.09	0.0	0.0	0.0	0.0	0.0	0.0	0.0	0.0	0.0	0.0	-0.354	0.0	0.07	0.0	0.239	0.0	-0.223	0.0	-0.139	-0.461	0.146	-0.126	0.0	-0.537	-0.14	0.064	-0.795	-0.453	0.0	-0.403	0.366	0.0	-0.535	-0.146	0.0	-0.607	-0.018	-0.424	0.0	0.0	0.0	0.0	-0.013	-0.508	0.0	0.0	0.0	0.0	0.0	0.0	0.0
free_topic	Tas-3df1_212_sheep-2	0.0	0.045	0.381	0.138	-0.228	0.0	-0.621	-0.566	0.0	-0.554	0.0	-0.315	0.0	-0.534	0.0	0.0	-0.43	0.484	0.0	0.0	-1.018	0.0	0.0	-0.287	-0.184	0.0	-0.52	0.0	-0.775	0.0	0.0	-0.106	0.0	-0.801	0.0	0.0	0.0	0.0	0.0	0.763	0.447	0.0	0.234	0.0	-0.349	0.0	-0.316	0.0	0.0	0.0	0.0	-0.208	-0.05	0.0	0.338	-0.634	-0.067	0.0	0.0	0.078	0.082	-0.593	-0.432	0.0	0.0	0.0	0.0	0.0	-0.665	-0.183	0.0	-0.357	-0.659	0.0	0.0	0.056	0.0	0.066	0.0	-0.135	0.0	0.0	0.0	-0.265	0.103	0.244	0.0	-0.4	-0.518	-0.359
free_topic	Tas-3df1_357_sheep-23	0.701	0.0	0.0	-0.018	-0.097	0.0	0.0	0.0	-0.291	-0.363	0.0	0.0	0.0	0.0	0.109	0.0	0.0	-0.449	0.0	0.0	-0.542	0.369	0.0	-0.625	0.0	0.0	0.0	0.0	0.0	0.0	-1.557	0.0	-0.469	-0.558	0.0	0.0	0.0	0.047	-0.431	0.0	0.153	0.0	0.0	0.454	-0.495	0.267	-0.384	0.0	-0.142	0.522	0.355	-0.824	0.0	-0.276	0.0	0.0	0.0	0.0	0.0	-0.19	-1.102	0.0	-0.109	0.499	-0.417	0.0	0.0	0.0	0.0	0.0	0.0	0.0	0.0	-0.083	0.0	-0.5	0.0	0.0	-0.305	0.0	-0.586	0.393	0.0	-0.414	0.0	0.0	0.0	0.0	0.0	-0.065
free_topic	Ter-605f_503_cow-16	0.0	0.0	0.0	0.0	0.277	0.0	-0.249	0.0	0.0	-0.111	0.0	0.0	-0.383	0.0	0.0	0.0	0.0	0.172	0.0	-0.606	0.0	-1.019	-0.584	0.0	0.0	-0.144	0.0	0.023	0.0	0.156	-0.225	0.0	-0.411	0.0	0.0	0.0	0.0	0.0	0.0	0.0	0.165	0.0	0.0	0.0	0.0	-0.172	-0.787	-0.426	0.0	0.0	0.0	-0.363	0.0	0.0	-0.219	0.051	0.271	-0.173	0.0	0.0	0.0	0.0	0.0	0.0	0.0	0.0	-0.111	0.0	0.0	-0.412	0.25	-0.033	0.0	-0.494	0.0	0.0	0.197	0.0	0.0	0.0	-0.502	0.0	0.0	0.0	0.0	0.0	0.0	-0.124	0.0	0.0
free_topic	Ter-7888_168_sheep-5	1.003	-0.061	0.0	0.366	-0.302	0.0	0.0	-0.228	0.191	0.0	0.0	0.0	0.0	-0.198	0.0	-0.891	-0.473	0.046	0.309	-0.726	0.0	0.0	-0.459	0.0	-0.352	-0.109	0.0	0.351	0.0	0.392	-0.581	-0.272	0.275	-0.393	0.187	0.0	-0.339	0.0	-0.133	-0.026	-0.842	-0.183	0.662	0.0	0.0	0.15	0.109	-0.536	-0.621	-0.01	0.0	0.617	-0.823	-0.306	0.35	-0.79	-0.643	0.0	-0.103	-1.106	0.294	0.0	0.09	-0.666	-0.618	0.138	0.112	0.269	-0.012	-1.352	0.0	0.0	-0.192	-0.305	-0.433	0.0	-0.799	0.0	-0.357	0.002	0.0	-0.041	0.0	0.083	0.275	-0.133	-0.389	0.0	-0.031	0.0
free_topic	Ter3498_7_cows-3	-0.123	-0.722	-0.128	-0.256	-0.74	0.0	0.0	0.0	-0.649	-0.393	-0.257	-1.21	-0.694	0.0	0.111	0.0	-0.191	0.0	-0.115	0.0	-0.3	0.224	-1.551	-0.068	-0.24	0.0	0.575	-0.739	0.6	-1.167	0.21	-0.295	0.0	0.0	0.0	0.0	-0.189	-0.569	-0.831	-0.179	0.0	0.0	-0.936	-2.0	-0.621	0.434	-0.468	0.0	-0.055	-0.014	-0.054	0.0	0.0	-0.814	0.0	-0.098	0.0	-0.003	-0.289	0.0	0.0	0.0	0.05	0.0	0.0	-0.454	0.0	-0.344	-1.195	0.0	-0.977	-0.268	0.0	0.0	-0.369	-0.155	-0.054	-0.31	-0.083	-0.172	-0.309	-0.211	-0.078	0.0	0.0	0.0	0.0	0.0	-0.549	0.369
free_topic	Tho-fdaf_16_Nanger-8	0.36	0.0	0.0	-0.071	0.0	-0.238	0.0	0.0	-0.133	0.0	0.0	0.0	0.0	0.0	0.0	-0.453	0.0	0.924	-0.018	-1.04	-0.275	0.0	0.0	0.0	0.0	-0.109	0.0	0.0	0.0	0.392	0.148	-0.298	0.0	0.545	0.0	0.0	0.0	0.0	-0.547	0.0	0.0	0.0	0.268	0.0	0.0	-0.454	-0.508	0.0	0.0	0.0	0.148	0.0	0.0	0.0	0.0	-0.061	-0.643	0.0	0.469	-0.486	-0.673	0.0	0.119	-0.302	-0.493	0.027	0.0	0.0	0.022	0.046	-0.398	0.0	-0.245	-0.406	0.89	-0.481	0.0	0.0	-1.071	0.0	0.0	0.0	0.0	0.0	0.0	-0.17	-1.05	0.0	0.0	0.0
free_topic	Tho-fdaf_17_Antilope-26	0.0	0.065	-0.006	0.449	0.568	0.197	0.0	0.0	0.005	1.079	-0.551	0.0	0.0	0.069	-0.273	0.523	0.931	-0.632	-0.123	0.0	0.0	0.154	-0.049	-0.338	0.087	-0.363	0.157	0.0	0.067	-0.538	-0.479	0.104	-0.005	0.0	-0.503	0.0	-0.138	0.211	-0.075	-0.204	0.0	0.0	-0.195	0.0	0.766	0.295	-0.743	-0.52	0.1	-0.349	0.376	-1.326	-0.431	-0.962	-0.198	-0.295	0.444	-0.586	-0.043	-0.529	-0.052	0.0	-0.412	-0.061	0.0	0.0	-0.738	-0.731	-0.57	0.033	-0.379	-0.516	0.0	-0.706	-0.46	0.0	-0.36	0.0	-0.301	0.0	0.132	0.0	0.0	-0.683	0.535	0.0	0.0	0.096	0.0	-0.025
free_topic	Tho-fdaf_17_Nanger-30	0.0	0.0	0.443	-0.482	-0.508	0.0	-0.029	0.412	0.0	-0.469	0.117	0.0	0.0	0.524	0.0	0.0	0.592	0.031	-0.478	0.0	0.0	-0.307	0.0	0.0	0.0	0.0	0.545	0.0	0.0	0.0	0.028	0.0	-0.351	0.096	0.0	-0.163	0.165	0.0	0.0	-0.425	-0.493	0.0	0.0	0.0	0.0	0.0	0.36	0.0	0.0	-0.309	-0.369	-0.224	-0.406	0.0	0.0	-0.578	0.0	0.0	0.0	0.0	0.033	0.109	0.0	0.0	0.0	-0.093	0.0	0.0	-0.436	0.0	0.119	-0.428	0.0	0.0	0.0	0.083	-0.133	0.0	-0.333	-0.151	0.0	0.0	-0.841	0.0	0.0	0.0	0.132	0.0	0.0	-0.523
free_topic	Tho-fdaf_18_Nanger-45	0.0	0.0	0.227	0.0	-0.572	0.0	0.014	-0.516	-0.623	-0.244	0.0	0.0	0.0	-0.522	0.0	0.0	0.0	0.086	-0.082	0.513	0.0	-0.609	0.0	-0.62	0.0	0.0	0.161	-0.268	0.0	0.0	0.032	-0.538	-0.523	-0.085	0.0	0.0	0.241	0.0	0.0	-0.037	0.0	0.21	0.0	-0.678	-0.051	0.0	0.392	-0.315	0.0	0.166	-0.37	0.147	0.0	0.123	-0.551	-0.62	0.0	-0.686	-0.41	0.149	0.121	-0.259	0.0	0.238	0.532	-0.962	-0.553	0.0	-0.266	0.0	-0.086	-0.564	-0.806	0.0	-0.39	0.103	0.0	0.0	-0.061	-0.076	0.0	0.0	-0.243	0.0	-0.109	0.0	0.0	0.0	-0.562	0.0
free_topic	Tho-fdaf_3_tommie-16	0.0	0.03	-0.287	-0.643	-0.28	-0.086	0.686	-0.325	0.367	-0.356	-0.024	-0.59	0.0	-0.649	0.156	0.0	-0.44	-0.458	-0.196	-0.302	0.0	0.0	-0.591	0.0	-0.415	-0.4	0.113	-0.496	0.0	0.292	0.0	-0.148	0.0	-0.987	0.863	-0.109	0.0	0.113	-0.034	0.0	0.746	0.0	-0.53	0.0	-0.644	-0.555	0.0	-0.039	-0.477	-0.499	-0.323	0.0	-0.909	-0.548	0.0	-0.503	0.107	-0.373	-0.232	-0.48	0.089	0.0	0.127	0.0	0.0	-0.306	0.0	-0.266	-0.233	0.0	0.0	-0.3	-0.798	-0.646	0.0	-1.042	-0.062	0.0	0.057	-1.091	0.0	0.0	-0.006	-0.457	0.0	0.0	0.0	-0.099	0.075	0.215
free_topic	Tib-a108_22_sheep-15	0.0	0.0	-0.006	0.0	0.0	-0.575	-0.734	-0.901	0.0	-0.496	-1.452	0.0	0.0	-0.784	0.0	0.0	-0.243	-0.114	-0.06	-0.301	-0.454	0.0	-0.468	0.0	-0.051	0.032	-0.147	-0.792	-0.429	0.021	-0.015	0.0	-0.227	-0.302	0.0	0.0	0.0	-0.029	0.0	-0.019	0.0	0.0	-0.265	-0.525	0.0	-0.238	-0.179	-0.614	-0.456	0.0	0.412	-0.523	-0.162	-0.111	0.0	0.573	-0.425	0.0	-0.555	0.884	-0.799	-0.259	-0.168	-0.061	-0.012	0.0	-0.491	-0.564	-0.36	0.575	0.0	-0.944	0.0	-0.187	-0.711	0.059	0.0	0.0	0.622	0.0	-0.024	0.0	-0.767	-0.091	0.058	0.0	0.0	0.0	0.0	0.0
free_topic	Tig-454c_218_buffalo-17	-0.422	0.0	0.53	0.0	-0.842	0.0	0.0	-0.325	-0.006	-0.676	-0.289	0.0	-0.544	-0.435	0.0	0.0	0.0	0.393	0.36	0.0	0.0	0.0	0.0	-0.035	-0.428	0.0	0.0	0.0	0.0	-0.625	-0.07	0.0	-0.523	-0.523	0.0	0.0	-0.162	-0.96	0.0	0.103	0.353	0.0	0.0	0.0	-0.029	0.0	0.0	0.0	0.0	-0.381	-0.007	0.162	-0.098	-0.31	-0.551	-0.754	-0.305	0.0	-0.41	0.0	-0.089	-1.078	0.0	0.0	0.308	-0.697	-0.061	0.0	-0.274	-0.312	0.0	-0.542	0.0	0.0	-0.589	-0.353	0.0	0.0	0.0	0.0	0.0	0.0	-0.586	0.0	-0.169	0.0	0.0	0.0	-0.192	0.0
free_topic	Tig-454c_221_buffalo-15	0.38	-0.061	0.0	-0.155	-0.38	0.0	0.0	0.0	-0.471	0.041	0.0	-0.069	0.0	0.0	-0.124	0.123	0.0	0.733	0.0	-0.514	0.247	0.463	0.0	-0.74	0.0	-0.29	0.0	0.0	0.0	0.246	-0.329	0.0	0.392	0.26	0.0	0.0	-0.19	0.033	-0.854	-0.212	0.0	0.0	0.0	0.0	-0.62	-0.938	-0.562	0.0	-0.287	0.347	0.0	0.0	0.0	-0.419	-0.109	-0.306	0.0	0.0	0.0	0.0	-0.305	0.0	0.029	0.0	-0.626	0.0	0.0	-0.514	0.0	-0.64	0.0	0.0	-0.287	-0.67	-0.404	0.0	0.0	0.0	-1.004	0.0	-0.413	0.089	0.0	-0.327	0.0	0.0	0.0	0.0	0.0	-0.011
free_topic	Tig-454c_223_buffalo-14	0.0	0.0	0.393	0.0	-0.825	0.0	0.0	-0.325	0.168	-0.175	0.0	0.0	0.0	-1.3	0.0	0.0	0.0	-0.035	0.189	0.0	0.0	0.0	0.0	-0.212	0.0	0.13	0.0	0.0	0.0	-0.508	-0.57	0.0	-0.869	-0.771	0.0	0.0	-0.494	-0.162	0.0	0.519	0.353	0.0	-0.164	-0.161	-0.779	-0.405	-0.108	0.0	0.0	-0.487	0.054	-0.657	-0.098	0.0	-0.551	-0.724	-0.469	0.0	-0.41	-0.018	-0.361	-0.428	0.0	-0.134	0.308	-0.697	-0.061	0.0	-0.59	0.0	0.0	-0.542	0.0	0.534	-0.244	-0.498	0.0	0.0	0.0	0.0	0.0	0.0	-0.468	-0.038	0.0	0.061	0.0	0.0	-0.218	0.0
free_topic	Tom-2060_1_Tommie-1	0.0	0.0	0.0	0.0	0.0	0.0	0.0	0.0	0.0	0.0	0.0	0.0	0.0	0.0	0.0	0.0	0.0	0.0	0.0	0.0	0.0	0.0	0.0	0.0	0.0	0.0	0.0	0.0	0.0	0.0	0.0	0.0	0.0	0.0	0.0	0.0	0.0	0.0	0.0	0.0	0.0	0.0	0.0	0.0	0.0	0.0	0.0	0.0	0.0	0.0	0.0	0.0	0.0	0.0	0.0	0.0	0.0	0.0	0.0	0.0	0.0	0.0	0.0	0.0	0.0	0.0	0.0	0.0	0.0	0.0	0.0	0.0	0.0	0.0	0.0	0.0	0.0	0.0	0.0	0.0	0.0	0.0	0.0	0.0	0.0	0.0	0.0	0.0	0.0	0.0
free_topic	Tom-2060_2_Tommie-1	0.131	0.0	-0.304	-1.131	-0.481	0.136	-0.514	-0.302	0.047	-0.217	0.0	0.0	0.0	0.0	0.232	-0.313	0.0	-0.596	0.103	0.275	0.0	0.0	-0.284	0.008	-0.115	-0.841	-0.468	-0.533	-0.491	-0.139	-0.006	-0.249	-0.272	-0.835	0.143	-0.293	0.0	0.0	-0.187	-1.794	0.027	-0.047	0.0	-0.874	0.0	-0.535	-0.572	-0.539	-0.274	-0.605	-0.373	0.16	0.0	-0.787	-0.495	0.326	0.0	0.0	-0.111	0.278	-0.186	0.658	-0.149	0.0	0.0	0.163	0.0	-0.785	-0.109	-0.092	-0.797	-0.781	0.458	-0.133	0.006	-1.033	0.356	0.0	0.0	-0.414	-0.396	0.0	0.0	-0.464	0.0	-0.464	-0.152	-1.592	-0.228	0.0
free_topic	Tom-2060_4_Tommie-1	-0.03	0.0	0.558	1.149	2.334	-0.136	-2.052	-1.07	-0.114	-0.124	-0.274	0.041	-0.652	0.167	-1.364	0.218	0.117	-1.57	-0.889	0.185	-1.042	0.026	-1.288	-0.746	0.691	0.728	-0.094	-2.705	-0.15	-1.383	0.0	1.694	0.027	-3.388	-1.445	-0.832	4.552	-0.922	-0.17	-0.72	-1.846	-0.067	0.0	-2.359	-0.522	-0.895	0.392	-0.274	0.207	-0.299	0.92	-1.139	-0.722	-0.064	-0.44	-1.055	0.909	0.439	0.0	-0.065	-0.581	-0.487	0.545	0.491	-0.915	0.334	-1.219	-0.0	-0.388	-0.403	0.0	0.13	0.21	0.0	1.508	-0.834	0.143	-0.279	-2.184	-0.045	-0.121	0.0	-0.029	0.0	0.215	0.0	4.678	0.055	0.0	-0.554
free_topic	Tom-2060_4_Tommie-100	0.0	5.98	-5.039	-0.691	-0.086	0.0	0.13	-1.947	-2.385	-0.602	-3.957	0.0	-1.928	-1.116	0.0	-0.729	5.431	-0.696	0.0	-0.444	0.055	-0.107	3.692	-1.296	-0.586	-1.145	-1.079	2.94	1.727	0.347	0.372	0.0	0.0	0.544	1.354	0.49	-1.102	-1.401	0.701	-0.842	0.2	0.0	0.516	1.669	-0.321	-1.553	0.439	-1.913	3.13	0.169	-1.521	-0.966	0.091	-0.356	-4.735	-1.409	-0.053	-1.361	-0.629	-1.066	-0.21	-2.518	1.612	-0.172	-3.25	-1.271	0.561	0.825	0.0	-0.454	-1.178	-0.204	-1.54	0.57	-3.918	-0.076	-3.978	-0.288	1.587	0.0	-1.338	3.972	0.314	0.0	-0.061	0.096	-0.756	-0.345	-2.369	0.0
free_topic	Tom-2060_4_Tommie-108	0.0	5.98	-4.889	-0.691	0.389	0.0	-0.132	-1.955	-2.358	-0.602	-3.957	0.0	-1.928	-1.116	0.0	-0.729	4.902	-0.696	0.0	-0.444	0.425	-0.107	3.397	-1.042	0.355	-1.145	-1.022	3.004	1.97	0.347	0.372	0.0	0.0	0.544	1.205	0.49	-1.153	-1.21	0.701	-0.563	0.2	0.0	0.777	1.669	-0.002	-1.747	0.439	-1.913	3.13	0.169	-1.521	-0.966	0.091	-0.356	-4.315	-1.409	0.187	-1.361	-0.397	-1.066	-0.21	-2.518	1.301	-0.172	-3.25	-1.271	0.561	1.135	0.0	-0.454	-1.178	-0.204	-2.201	0.778	-3.918	-0.075	-4.257	-0.542	1.587	0.0	-1.338	2.42	0.25	0.0	0.157	0.096	-0.756	-0.403	-2.073	0.0
free_topic	Too-567c_499_sheep-14	0.0	-0.363	0.056	0.25	0.0	0.0	0.0	0.0	0.0	0.0	0.0	0.0	0.0	0.0	0.0	-0.577	0.139	0.0	0.0	0.0	0.0	-0.218	-0.62	0.0	0.0	-0.17	0.0	0.0	0.0	-0.054	0.0	-0.787	0.0	0.0	0.0	0.0	0.0	-0.144	0.0	0.0	-0.721	0.0	-0.633	-0.062	0.0	0.0	-0.251	0.0	0.0	0.0	-0.692	-0.667	0.0	-0.178	-0.168	0.0	0.315	0.0	0.0	-0.248	0.0	0.0	0.0	0.112	0.0	0.277	0.0	-0.417	0.0	0.0	0.0	0.052	0.0	-0.088	0.0	0.0	-0.009	0.156	-0.249	0.0	-0.438	0.0	0.0	0.0	0.0	-0.684	-0.547	0.0	0.0	0.0
free_topic	Too-567c_502_sheep-11	-0.342	0.0	-0.046	0.0	-1.253	0.0	0.0	0.0	0.0	-0.293	-0.09	0.0	-0.22	-0.178	0.0	0.0	0.0	0.457	0.141	0.0	0.0	0.0	0.0	-0.233	-0.245	0.0	0.0	0.0	0.0	-0.069	-0.301	0.0	0.0	0.109	0.0	0.0	-0.647	-0.957	0.0	-0.025	0.0	0.0	0.0	0.0	0.564	0.0	0.0	0.0	0.0	0.038	-0.179	0.217	0.0	-0.676	0.0	-0.693	-0.515	0.0	0.0	0.0	0.002	-1.099	0.0	0.0	0.0	-0.305	0.0	0.0	-0.523	-0.104	0.0	-0.542	0.0	0.0	-0.424	0.169	0.0	0.0	0.0	0.0	0.0	0.0	-0.495	0.0	-0.049	0.0	0.0	0.0	0.0	0.0
free_topic	Too-567c_502_sheep-25	0.466	0.0	0.119	0.0	0.0	-0.152	0.0	0.0	0.0	-0.198	0.0	-0.684	0.0	-0.657	0.0	0.0	0.0	-0.648	0.352	0.012	0.0	-0.332	-0.951	0.38	0.0	0.0	-0.126	-0.362	0.0	0.129	0.0	-0.649	-0.108	0.0	0.0	0.0	0.0	-0.569	-0.598	-0.088	-0.497	-0.347	-0.111	-0.486	-0.468	0.369	0.0	0.037	-0.173	0.0	-0.051	0.33	-0.124	0.0	-0.133	0.0	0.237	-0.81	0.0	-0.099	0.0	-0.253	0.0	0.0	-0.48	0.0	0.0	-0.316	0.0	-0.694	0.0	-0.132	0.0	0.0	0.0	-0.346	0.0	-0.006	0.0	0.0	-0.475	0.0	-0.258	0.0	0.0	0.0	0.0	0.0	0.0	0.0
free_topic	Top-df25_11_topi-11	0.445	0.0	0.172	0.0	0.06	-0.006	0.575	0.201	0.352	-0.437	0.0	0.0	0.0	0.0	0.0	-0.117	0.0	0.059	0.0	0.0	0.552	0.446	-0.187	0.059	-0.184	0.0	0.0	-0.185	0.0	0.592	-0.036	0.0	-0.327	-0.521	0.0	0.0	-0.617	-0.229	0.0	0.642	0.0	0.0	0.0	0.0	0.0	-0.791	-0.009	-0.196	-0.212	-0.596	0.0	-0.39	-0.186	-0.619	0.171	0.122	-0.769	0.0	0.0	-0.076	0.0	0.0	0.0	0.0	0.0	-0.257	-0.492	0.0	0.138	0.0	0.426	-1.223	0.0	-0.194	-0.341	-0.024	0.564	0.0	0.0	0.0	-0.48	0.0	0.0	-0.578	-0.207	-0.403	-0.178	0.581	0.298	-0.313
free_topic	Top-df25_11_topi-34	0.384	0.0	0.0	-0.136	0.0	-0.711	-0.589	-0.153	0.0	0.0	0.42	-0.308	0.0	-0.138	0.0	0.0	0.0	0.0	0.555	0.0	0.0	-0.104	-0.629	-0.186	-0.786	0.0	0.115	0.0	-0.301	-0.229	0.0	-0.74	0.0	-0.076	0.0	0.0	0.0	0.032	0.0	-0.077	0.197	-0.099	0.473	0.0	0.0	0.161	0.0	0.12	0.189	0.0	0.005	-0.382	0.0	-0.337	-0.37	0.0	0.573	-0.769	0.0	0.0	-0.507	-0.224	-0.565	-0.295	0.0	0.0	0.379	0.0	0.0	0.0	0.044	-0.147	0.824	0.0	0.0	0.0	0.0	0.004	-0.492	-0.309	0.123	0.581	0.0	0.0	0.0	0.0	0.0	-0.094	0.0	0.0
free_topic	Top2e82_7_Topi-7	0.685	0.0	0.0	0.0	0.0	-1.127	-0.417	0.0	0.244	0.0	0.308	-0.523	-0.52	0.0	0.0	-0.051	0.0	0.0	0.0	0.0	0.0	-0.327	-0.633	-0.244	0.0	0.0	0.383	0.0	0.0	-0.287	0.138	0.0	0.16	0.0	0.0	0.0	0.0	-0.051	0.0	-0.014	0.142	-0.268	0.0	-0.41	0.0	0.0	0.0	-0.461	-0.061	-0.075	-0.349	0.0	0.0	0.29	-0.353	0.0	0.469	-0.901	0.0	0.0	0.0	-0.236	-0.399	0.261	0.0	0.0	0.0	0.0	0.0	0.0	0.0	0.491	0.0	0.0	0.0	-0.593	0.0	-0.006	-0.698	0.0	0.106	-0.044	-0.392	0.0	0.0	0.0	0.0	0.0	0.0	0.0
free_topic	Tri-1ad8_5_bovines-26	0.021	0.0	0.77	0.0	-0.585	0.0	-0.133	-0.643	-0.763	-0.357	0.003	0.0	0.0	0.64	-0.425	-0.433	0.0	-0.397	-0.5	0.387	0.0	-0.392	0.0	0.0	-0.674	0.0	0.0	-0.575	0.013	0.0	0.0	-1.549	0.0	-0.155	0.0	-0.139	0.388	-0.191	0.0	0.0	0.0	-0.04	0.035	-0.5	0.0	0.0	0.95	0.0	-0.348	-0.247	0.202	0.176	0.0	0.0	0.0	-0.815	-0.396	0.0	0.0	0.148	0.189	-0.259	-0.645	-0.269	0.0	-0.55	-0.491	0.0	-0.873	0.0	0.309	-0.595	0.09	-0.758	0.0	0.086	0.0	-0.642	-0.061	0.37	0.0	0.0	-0.002	0.0	-0.109	0.0	-0.585	0.0	0.0	0.0
free_topic	Urt-7146_98_cow-3	0.0	0.126	0.282	0.267	-0.448	0.82	-0.884	-1.345	0.493	-0.299	-0.548	0.0	0.0	0.0	-0.268	0.0	0.0	-1.067	-0.925	-0.463	-0.868	0.0	0.0	0.0	-0.29	-0.65	-0.559	-1.152	0.0	-0.347	-0.743	0.296	0.119	-0.937	0.0	0.0	-0.281	-0.406	-0.622	0.518	0.0	0.0	0.0	-0.475	-0.408	0.278	0.521	-0.157	-0.538	0.0	0.16	-0.13	-1.423	-0.299	-0.198	-1.213	-1.45	-0.034	-0.16	0.408	0.691	-0.342	0.422	-1.065	-0.224	0.0	-1.913	-0.115	0.0	-0.384	0.409	-1.227	-0.048	-0.797	-1.086	0.085	-0.296	0.0	-0.061	-0.007	-1.007	0.0	-0.117	0.108	-0.109	-0.042	0.324	-0.762	-0.136	0.0
free_topic	Wal-cefe_22_ibex-15	0.093	-1.508	0.297	0.0	-0.367	0.0	0.0	-0.566	0.0	0.17	-0.027	-1.079	0.0	-0.646	-0.518	0.0	0.0	-0.304	-0.208	0.0	0.274	-1.117	-0.393	-0.002	-0.564	0.352	0.0	-0.198	0.0	0.0	-0.54	0.0	-0.397	-0.398	0.0	0.0	-0.308	-1.135	-0.349	0.333	0.298	-0.006	0.0	-0.71	-0.468	0.425	-0.009	-0.518	0.314	-0.252	0.259	-0.001	-0.397	0.153	0.0	-0.333	0.0	0.0	0.136	0.059	0.0	0.0	-0.169	0.0	0.0	-0.639	-0.113	-0.406	-1.19	0.0	0.0	-0.506	0.0	-0.694	0.0	-0.013	-0.192	0.266	0.0	0.467	0.0	0.0	0.0	-0.5	-0.006	0.0	0.0	0.0	-0.099	0.478
free_topic	Wal-cefe_22_ibex-7	0.0	0.0	0.383	-0.48	-0.625	0.0	0.103	-0.566	-0.55	-0.439	-0.347	0.0	0.0	-0.868	0.0	0.0	0.0	-0.22	0.0	0.0	-0.111	0.17	0.0	-0.169	0.0	0.0	0.0	-0.646	-0.046	0.0	0.0	-1.083	-0.523	-0.378	0.0	-0.084	0.117	0.082	0.0	0.292	-0.17	0.0	0.0	0.0	-0.569	0.0	0.0	0.0	0.0	-0.07	0.0	0.093	-0.05	0.0	-0.551	-0.975	0.0	0.0	-0.41	0.0	0.317	0.0	-0.115	0.464	0.308	-0.889	-0.685	0.0	-0.757	0.18	0.136	-0.542	0.274	0.0	-0.406	-0.018	0.0	0.0	0.683	0.155	0.0	0.0	-0.564	-0.453	0.0	0.352	-0.694	0.0	-0.278	0.185
free_topic	Wal-cefe_28_ibex-5	0.351	0.0	0.393	0.0	-0.625	-0.21	0.051	-0.648	-0.38	-0.126	0.0	0.0	0.0	-0.192	0.0	0.0	0.0	0.0	0.0	0.0	0.067	-0.418	0.0	0.0	-0.289	0.0	0.069	0.0	0.0	0.0	0.0	-0.697	-0.936	0.707	-0.198	0.0	0.088	0.0	0.0	0.0	0.0	0.0	0.0	0.0	0.524	0.0	0.0	-0.576	0.0	-0.07	0.0	-0.317	-0.477	0.0	-0.621	-0.518	0.0	0.0	-0.473	0.0	-0.115	0.0	0.0	0.0	0.338	-0.534	0.099	0.0	-0.126	0.0	0.0	-0.542	0.0	0.0	0.0	-0.204	0.0	0.0	0.0	0.0	0.0	0.0	-0.564	0.0	0.0	0.321	0.0	0.0	-0.07	0.0
free_topic	Wal-cefe_60_Capra-7	0.0	0.0	0.0	0.0	-0.432	0.0	-0.371	0.0	0.0	0.0	-0.071	0.0	0.0	-0.15	0.0	0.0	0.186	0.0	-0.057	0.0	0.911	0.0	0.285	0.0	0.0	0.0	0.017	-0.646	0.0	0.211	0.393	0.0	0.0	0.571	0.0	-0.395	-0.115	0.0	0.0	0.0	0.0	0.0	0.0	-0.861	0.0	0.0	0.121	-0.625	0.0	0.0	0.0	0.0	-0.223	0.0	-0.281	0.439	-0.455	0.103	-0.449	0.0	-1.076	0.0	0.454	0.042	0.0	0.0	0.0	0.0	0.0	0.196	0.694	-0.332	0.0	0.18	0.107	0.0	-0.118	0.0	0.163	0.0	-0.733	0.0	0.0	0.0	-0.018	0.0	0.587	-0.272	0.0	0.184
free_topic	Wat-9861_101_buffalo-2	0.0	0.0	0.0	0.0	0.345	-0.179	-0.637	0.015	0.116	0.0	0.0	0.0	0.0	0.0	0.0	0.0	0.0	0.0	-0.023	0.0	0.0	0.0	0.0	-0.362	-0.222	0.715	0.0	0.142	0.393	0.0	0.0	-0.187	0.0	0.29	0.0	0.0	0.022	0.0	-0.305	0.0	0.0	0.0	0.0	0.0	0.0	0.0	0.0	0.0	0.0	0.0	0.0	0.0	0.0	0.0	-0.316	0.0	-0.163	0.0	0.0	0.0	0.0	0.0	0.0	-0.183	0.0	0.0	0.0	0.0	-0.087	0.0	0.0	0.0	-0.46	0.377	-0.044	0.0	0.0	-0.162	0.261	0.0	0.0	0.0	0.0	0.0	-0.57	0.0	0.555	-0.624	0.0	0.0
free_topic	Wat-9861_102_buffalo-7	-0.102	0.0	0.0	0.0	-0.508	-1.228	0.091	0.0	0.0	0.0	0.413	0.0	0.0	-0.202	-0.245	-0.051	0.606	0.0	-0.237	-0.353	0.0	-0.123	-0.303	0.0	0.276	0.6	0.0	0.0	0.0	-0.118	0.105	-0.02	0.0	0.011	-0.02	0.0	0.256	0.0	0.332	0.0	0.149	0.0	0.0	-0.434	0.257	0.0	0.0	-0.551	0.0	0.0	0.0	0.0	0.0	-0.414	-0.152	0.0	0.694	-0.278	0.0	0.0	0.0	-1.224	0.0	0.0	0.005	0.0	-0.488	-0.218	-0.52	0.0	0.0	0.037	0.0	0.672	0.03	0.0	0.0	0.0	-0.061	0.0	-0.163	0.0	-0.392	0.0	0.0	-0.184	0.0	-0.22	-0.007	0.0
free_topic	Wat-9861_103_buffalo-7	0.0	0.154	0.393	-0.414	-0.625	-0.32	0.0	0.0	-0.191	-0.229	-0.347	0.0	0.0	-0.485	0.0	0.0	0.0	-0.227	0.0	0.0	0.0	0.03	0.0	0.114	-0.311	0.444	-0.229	-0.489	-0.046	0.0	0.0	-0.502	-0.523	0.496	0.0	-0.604	0.257	0.0	-0.539	0.197	-0.363	0.0	-0.188	0.0	-0.051	0.0	0.0	0.0	0.0	-0.171	0.0	-0.118	0.0	0.564	-0.551	-1.211	0.0	0.0	-1.158	0.0	-0.507	-0.016	0.0	1.084	0.308	-0.697	-0.061	0.0	-0.278	0.0	0.019	-0.542	0.162	0.0	-0.4	-0.018	0.0	0.0	0.0	1.009	0.0	0.0	-0.225	0.0	0.0	0.352	-0.694	0.0	0.0	0.0
free_topic	Wat-9861_107_buffalo-3	-0.179	0.0	-0.578	0.0	0.0	-0.518	-0.006	0.0	0.0	-0.443	0.033	0.0	0.0	0.0	0.0	-0.051	0.174	0.0	0.0	0.564	0.0	-0.281	-0.395	0.0	-0.257	0.302	0.0	0.0	0.0	-0.118	-0.534	0.026	-0.306	-0.213	0.0	0.0	0.091	0.0	0.317	0.0	-0.189	0.0	0.0	-0.41	0.039	0.786	0.0	-0.735	0.0	0.0	0.0	0.0	0.0	0.0	-0.331	0.0	0.291	0.0	0.0	-0.186	-0.17	-0.628	0.0	0.0	-0.433	0.0	0.0	0.045	-0.354	0.051	0.0	0.252	0.0	-0.737	-0.079	0.0	0.0	0.0	0.192	0.0	-0.163	0.0	-0.392	0.0	0.0	-1.19	0.0	0.0	0.0	0.0
free_topic	Wat-9861_109_buffaloes-2	0.121	0.045	0.549	-1.529	-0.473	0.0	-0.347	-0.302	-0.1	-0.011	0.0	0.0	0.0	0.0	0.0	0.0	0.0	-0.994	0.0	-0.105	0.0	0.0	0.0	-0.357	0.002	0.0	-0.305	-0.003	-1.316	0.0	-0.308	-0.382	-0.726	-0.403	0.0	0.114	0.0	0.0	0.0	-0.207	1.437	-0.274	0.0	-0.694	-0.254	-0.603	-0.319	-1.019	0.04	-0.088	0.717	0.068	-0.653	-0.624	0.051	0.0	-0.289	0.0	0.265	-0.089	0.564	-0.459	-0.578	-0.39	0.0	0.142	0.0	0.0	-0.109	0.0	-0.797	-0.41	-0.253	-0.311	-0.054	-0.141	0.0	0.0	0.0	0.006	0.0	0.0	0.0	-0.393	0.0	-0.23	0.0	-0.954	0.0	0.068
free_topic	Wat91ee_13_buffalo-7	0.0	0.0	0.0	0.0	0.121	0.0	0.0	-0.403	-0.12	0.0	0.0	0.0	0.0	-0.649	0.0	0.0	0.092	0.0	0.0	0.0	-0.179	0.0	-0.456	0.089	-0.704	0.067	0.0	0.0	0.0	0.295	-0.218	0.0	0.0	-0.495	0.0	0.0	-0.082	0.0	0.0	0.0	0.353	0.0	0.0	-0.343	0.0	0.0	0.0	0.0	0.0	0.0	0.0	0.0	-0.098	0.0	0.144	0.0	-0.141	0.0	-0.217	0.0	-0.057	0.0	-0.235	-0.772	0.0	0.0	0.0	0.0	-0.239	0.0	0.0	-0.779	0.0	-0.028	0.0	0.0	0.297	0.0	-0.043	-0.466	-0.078	0.0	0.0	0.0	-0.458	0.0	0.0	0.0	-0.192	0.0
free_topic	Wat91ee_1_buffalo-4	0.0	0.0	0.393	0.0	-0.801	0.0	-0.138	0.0	0.0	-0.126	0.0	0.0	0.0	-0.192	0.269	0.0	0.0	-0.573	0.0	0.251	-0.178	0.0	0.0	0.0	0.0	0.0	0.0	0.0	0.0	0.0	-0.396	0.0	0.0	0.707	0.0	-0.247	0.133	-0.139	0.0	-0.55	0.0	0.0	0.086	0.0	0.0	0.0	0.22	0.0	0.0	-0.105	0.122	0.028	0.0	0.0	-0.194	-0.223	-0.852	0.0	0.0	0.0	-0.229	0.0	-0.278	0.0	0.0	-0.305	0.0	0.0	-0.126	-0.508	-0.585	-0.21	0.0	0.0	0.0	-0.018	0.0	0.0	0.0	0.0	-0.117	0.0	-0.564	0.0	0.0	0.0	0.189	0.0	0.0	0.0
free_topic	Wat91ee_1_cow-6	0.276	0.0	0.0	0.0	0.0	-0.206	0.0	0.0	0.0	0.0	0.0	0.0	0.0	0.0	0.0	-0.062	0.0	0.0	0.0	0.0	0.0	-0.508	0.645	-0.176	0.0	0.0	0.653	0.0	0.0	0.269	0.0	-0.542	0.0	0.0	0.0	0.0	0.0	0.0	0.0	0.072	-0.138	0.028	0.0	-0.086	0.0	0.0	0.0	-0.148	0.0	0.0	0.0	0.0	0.0	-0.032	-0.176	0.0	0.251	-0.802	0.0	-0.222	0.0	-0.458	-0.564	-0.229	0.0	0.0	0.0	0.0	0.0	0.0	0.0	-0.722	0.0	0.0	0.0	0.0	0.0	0.0	-0.243	0.0	0.122	-0.192	0.0	0.0	0.0	0.0	0.0	0.0	0.0	0.0
free_topic	Wat91ee_2_buffalo-8	0.685	0.0	-0.671	0.0	0.0	-1.127	-0.417	0.0	0.244	-0.019	0.308	-0.523	-0.52	0.0	0.0	0.215	0.0	0.0	0.0	0.0	0.0	-0.327	-0.633	-0.244	0.0	0.0	0.383	0.0	0.0	-0.819	0.138	-0.219	0.16	0.0	0.0	0.0	0.0	-0.051	0.0	-0.014	0.142	-0.268	0.0	-0.41	0.0	0.0	0.0	-0.461	-0.445	-0.075	-0.349	0.0	0.0	0.29	-0.353	0.0	0.469	-0.901	0.0	0.0	0.0	-0.236	-0.399	0.261	0.0	0.0	0.0	0.0	0.0	0.0	0.0	0.491	0.0	-0.035	0.0	-0.593	0.0	-0.006	-0.698	0.0	0.101	-0.044	-0.392	0.0	0.0	0.0	0.0	0.0	0.0	0.0
free_topic	Wes-7030_216_cow-24	0.177	0.0	0.0	0.0	0.0	-1.588	-0.759	-0.271	0.0	0.0	0.338	-0.414	0.0	-0.335	0.0	-0.051	0.0	0.0	0.424	0.0	0.0	-0.083	-0.555	-1.302	-0.389	0.0	-0.061	0.0	-0.276	0.318	0.098	-0.351	-0.145	-0.571	0.0	0.0	0.0	-0.094	0.0	0.114	-0.288	-0.369	-0.665	-0.41	0.0	-0.14	0.0	-0.964	0.103	0.0	-0.047	-0.435	0.0	-0.066	-0.228	0.0	0.443	-0.607	0.0	0.0	0.0	-0.259	-0.41	0.23	0.0	0.0	0.0	0.0	-0.68	0.0	0.0	0.13	0.34	0.0	0.0	0.0	0.0	-0.183	-0.08	-0.472	-0.47	-0.402	-0.392	0.0	0.341	0.0	0.0	-0.183	0.0	0.0
free_topic	Wes-7030_216_cow-3	0.417	0.0	0.0	0.581	0.0	-0.384	-0.232	0.0	0.0	0.0	0.0	0.0	0.0	0.0	0.0	0.0	0.0	0.0	0.0	0.0	0.0	-0.083	-0.555	-0.168	0.0	0.0	0.22	0.0	0.0	0.318	0.0	0.0	-0.51	-0.286	0.0	0.0	0.0	0.0	0.0	-0.186	-0.288	0.001	0.0	0.0	0.0	0.0	0.0	0.038	0.0	0.0	0.0	0.0	0.0	-0.196	-0.228	0.0	0.443	-0.691	0.0	0.058	-0.103	-0.393	-0.314	0.028	0.0	0.0	0.0	0.0	0.0	0.0	0.0	-0.178	0.0	0.0	0.0	0.0	0.0	0.0	-0.759	-0.485	-0.47	-0.394	0.0	0.0	0.0	0.0	0.0	0.0	-0.135	0.0
free_topic	Whi-53ef_111_cow-9	0.0	0.0	-0.551	0.0	0.0	-0.103	-1.142	-0.566	0.0	-0.356	0.0	0.449	-0.324	-0.534	-0.584	0.0	0.0	0.204	-0.328	-0.051	0.0	0.0	-0.562	0.0	-0.278	0.0	0.0	0.0	0.328	0.288	-0.856	0.0	-0.673	-0.398	0.0	0.0	0.0	-0.29	-0.02	0.068	0.298	0.0	0.0	0.124	0.0	0.0	-0.594	0.0	0.0	0.0	0.0	0.484	-0.05	0.0	-0.263	0.0	-0.446	0.0	0.43	-0.016	0.894	0.0	-1.437	-0.013	0.0	-0.319	0.0	-0.573	-0.38	-0.329	0.0	-0.196	-0.44	0.0	0.0	-0.423	0.0	0.0	0.0	0.0	-0.41	-0.392	-0.006	0.0	0.0	-0.256	0.0	-0.854	-0.006	0.0
free_topic	Whi-53ef_112_cow-11	-0.52	0.0	0.393	0.0	-1.062	-0.166	0.236	-0.747	-0.006	-0.157	0.0	0.0	-0.549	-1.036	0.114	0.0	0.0	0.0	0.576	0.0	0.0	-0.559	0.0	-0.123	0.0	0.0	0.0	0.0	0.0	0.0	0.0	0.0	0.053	-0.113	0.0	0.0	-0.175	0.0	0.0	0.46	-0.099	0.0	0.0	0.0	0.224	0.0	0.0	-0.077	-0.476	-0.37	-0.196	0.569	-0.05	-0.332	-0.551	-0.455	0.0	0.0	-0.41	0.0	-0.47	-0.474	0.0	-0.341	0.308	-0.697	-0.061	0.0	-0.337	-0.056	0.0	-0.542	-0.249	0.0	-0.309	-0.306	0.0	0.0	0.0	0.0	0.0	0.0	-0.38	0.0	-0.204	0.0	0.0	0.0	-0.006	0.0
free_topic	Whi-53ef_112_cow-19	-0.215	0.659	0.0	-0.303	-0.966	0.0	0.0	-0.846	0.0	-0.106	-0.527	-0.101	-0.233	-0.603	0.443	-0.075	-0.199	-0.406	-0.417	0.0	0.0	-0.447	-0.437	0.0	-0.946	0.0	0.684	-0.009	0.0	-0.301	-0.189	0.0	0.0	-0.398	-0.367	0.46	-0.233	0.338	0.0	0.471	-0.126	-0.379	-0.389	0.0	0.12	-0.099	-0.313	-0.525	-0.382	0.0	0.0	-0.681	-0.05	-0.058	-0.505	0.0	-0.494	0.345	0.0	-0.518	0.0	0.0	0.0	-0.198	0.245	-0.469	0.0	0.0	-1.273	-0.106	0.576	-0.323	-0.262	-0.595	0.0	-0.162	0.0	0.015	-0.192	0.258	0.0	0.0	-0.551	-0.472	0.0	0.083	0.0	0.0	-0.395	0.0
free_topic	Whi-53ef_113_cow-7	0.275	0.0	0.0	-0.8	-1.228	0.0	0.0	-0.868	-0.279	-0.173	0.0	-0.238	0.0	-0.534	0.0	0.0	-0.817	0.0	-0.406	-0.316	-0.681	0.0	0.0	0.0	-0.397	-0.316	1.13	-0.387	-0.82	0.0	-0.437	-0.241	0.0	-0.398	0.0	0.0	0.313	-0.134	-0.338	-0.744	0.737	-0.554	0.351	0.0	0.0	0.062	-0.354	0.0	0.0	0.0	0.0	0.108	-0.481	-0.515	-0.137	-1.391	-1.284	0.0	0.0	-0.015	-0.488	0.0	0.835	0.0	-0.291	0.0	0.0	0.0	-0.963	0.0	-0.178	-0.36	0.0	-0.133	0.355	0.025	-0.114	0.23	0.0	0.0	-0.108	0.0	0.0	-0.171	0.0	0.0	-0.196	0.0	-0.479	0.0
free_topic	Whi-53ef_67_bovids-16	0.0	0.181	0.393	-0.095	-1.146	0.0	-0.132	0.427	-0.006	-1.555	-0.343	0.0	-0.664	0.075	0.0	0.0	0.0	0.0	0.0	0.0	0.0	-0.437	-0.892	0.111	0.0	0.0	0.0	0.0	0.0	-0.512	-0.529	0.0	-0.883	0.238	0.0	0.0	-0.344	0.0	0.0	0.0	0.0	0.0	0.0	0.0	-0.518	-0.284	-0.001	-0.183	0.0	-0.07	0.0	0.025	0.0	0.0	-0.718	-0.592	0.197	0.0	-0.41	0.0	-0.263	0.0	0.234	0.0	0.308	-0.697	0.084	0.0	-0.277	-0.586	-0.315	-1.211	-0.446	-0.088	-0.027	-0.018	0.0	0.0	0.0	-0.251	-0.283	0.0	-0.652	0.0	0.0	0.0	0.0	-0.226	0.0	0.0
free_topic	Whi-b4c3_477_sheep-25	0.002	-0.84	0.3	-0.047	-0.762	-0.236	-0.744	-0.643	0.59	-0.12	-0.392	-2.091	0.0	-0.105	-1.574	0.0	0.0	0.221	-0.169	-0.006	-0.037	0.695	0.052	1.063	-1.589	-0.663	0.189	-0.828	-0.529	-0.174	-0.66	0.0	0.094	-0.477	0.0	0.0	-0.123	-0.356	-0.243	0.0	0.0	-0.006	-0.587	-1.839	-0.7	-0.452	0.438	0.0	1.526	-0.368	0.662	-0.574	-0.347	-1.247	0.0	-0.162	-0.652	-0.505	0.17	0.534	0.319	-0.98	-1.009	0.0	-0.18	-0.359	-0.809	-0.226	-0.647	-0.167	0.116	-0.438	0.0	-0.694	0.148	0.262	0.0	0.342	-0.261	-1.714	0.0	0.0	0.0	-0.12	-0.109	0.0	0.519	0.0	0.0	0.259
free_topic	Whi-b4c3_585_sheep-82	0.0	-0.956	-0.015	-0.694	-0.247	1.008	0.0	-1.56	-0.414	-0.249	0.0	0.0	0.0	-0.649	-0.624	0.0	-1.913	-0.374	-0.466	-0.302	0.384	-1.264	-0.872	-0.63	-1.385	0.0	0.161	0.0	0.0	-0.972	0.0	0.0	0.0	-1.829	0.859	-0.975	0.0	0.33	-0.397	0.12	0.705	-0.061	-0.813	0.0	-0.645	-0.776	0.0	0.0	0.0	0.069	-0.438	0.0	-0.098	-0.006	0.0	-0.773	-0.248	0.0	-0.201	0.0	-0.846	-1.163	-0.28	-0.551	-0.006	-0.318	0.0	-0.366	0.119	-0.72	0.0	-0.778	-0.688	-0.492	-0.45	0.031	-0.28	0.0	0.0	0.0	0.0	-1.923	0.0	-0.593	0.0	0.0	0.0	-0.027	-1.162	0.352
free_topic	Whi-b4c3_589_sheep-30	-0.404	-0.178	0.753	0.052	-0.393	-1.64	0.0	0.0	-0.198	-0.323	0.0	-0.466	0.0	0.0	0.0	-0.117	-0.247	0.0	0.132	0.0	-0.35	0.005	0.0	0.472	0.086	-0.703	0.0	0.315	0.0	-0.237	-0.378	-0.404	-0.328	0.0	-0.149	-0.55	0.0	0.0	0.0	-0.694	0.0	0.0	0.0	-0.87	0.319	0.012	0.0	0.0	0.0	0.094	0.0	0.0	0.0	0.059	-0.213	-0.547	-1.001	0.0	0.0	-0.878	0.0	0.0	-0.583	0.14	0.0	-0.7	0.0	0.0	-0.385	-0.585	0.0	-0.144	0.0	0.0	0.0	0.193	-0.376	0.0	0.0	0.0	0.0	0.0	0.0	0.0	0.0	0.0	0.0	-0.204	-0.471	-0.477
free_topic	Whi-b4c3_803_sheep-7	-0.06	0.0	0.0	0.0	0.0	-0.414	0.416	-0.294	0.0	0.0	-0.275	0.274	-0.05	0.0	-0.183	-0.094	0.719	-0.108	0.109	0.0	0.0	0.016	-0.969	0.0	1.408	0.29	0.0	-0.132	0.0	-0.256	0.129	0.022	0.0	-0.768	0.0	0.0	0.561	0.0	0.157	0.0	-0.538	0.471	0.0	-1.247	0.0	0.385	0.0	-0.999	0.0	0.0	0.0	0.0	0.0	-0.796	-0.519	-0.467	0.062	-0.369	-0.56	0.0	0.0	-0.119	0.0	0.0	-0.042	-0.435	0.0	-0.5	-0.527	0.0	0.0	0.309	0.0	0.313	-0.359	0.0	-0.608	0.0	-0.348	0.0	-0.255	-0.404	-0.228	0.0	0.0	-0.021	0.0	0.0	0.0	0.0
free_topic	Wil-28c2_10_bovids-18	0.274	-0.41	0.44	0.0	-0.779	0.0	0.0	-0.504	-0.635	0.0	0.244	-0.482	0.281	0.0	0.0	0.0	0.0	0.0	-0.217	-0.093	0.0	0.0	0.0	-1.04	0.0	-0.218	0.114	0.0	0.0	0.583	-0.295	0.838	-0.247	0.581	0.0	0.0	0.0	0.0	-0.11	-0.36	0.0	0.0	0.0	0.0	-0.377	-0.099	-0.683	0.0	-0.114	-0.29	-0.523	0.086	-0.145	0.0	-0.227	-1.1	-0.514	0.0	0.0	0.0	-0.604	0.0	0.953	-0.015	-0.492	-0.025	-0.522	-0.952	0.138	0.03	0.0	-1.017	-0.187	-0.462	0.0	-0.281	0.0	0.333	-0.035	-0.532	0.0	0.308	0.0	0.0	0.0	0.134	-0.258	0.904	-0.883	-0.265
free_topic	Wil-28c2_11_Bos-10	0.21	0.096	0.654	0.0	-0.451	0.0	-0.268	-0.439	0.0	-0.617	0.0	-0.461	0.0	0.0	-0.197	0.0	0.0	-0.703	0.466	1.334	-1.171	0.768	0.0	0.345	-0.267	-0.237	-0.185	-0.824	0.0	0.0	0.0	-0.005	0.0	-0.394	0.0	0.0	-0.508	-0.662	-0.551	-0.166	-0.392	0.0	-0.005	-1.583	-0.491	0.026	0.296	0.0	0.126	-0.181	-0.214	-0.668	-0.051	-0.346	0.0	-0.34	0.0	0.784	0.053	0.773	-0.382	-0.375	0.288	-0.035	0.0	-0.188	-0.304	-0.71	-0.238	-0.061	-0.025	-0.253	0.0	0.265	-0.153	0.237	-0.483	-0.41	-0.301	0.308	0.0	-0.062	0.0	0.0	-0.029	0.0	0.0	0.0	0.0	-0.148
free_topic	Wil-28c2_12_Bubalus-11	0.0	0.0	0.033	0.0	0.0	0.0	0.0	-0.068	0.0	0.0	0.0	0.0	0.0	0.0	0.0	0.0	0.451	0.0	0.0	0.0	0.0	-0.228	-0.247	-0.042	0.0	-0.503	0.0	0.0	0.0	-0.077	0.0	0.0	0.0	0.0	0.0	0.009	0.0	0.818	0.0	0.0	-0.58	0.0	0.343	0.182	0.0	0.0	-0.366	0.0	0.0	0.211	-0.617	0.104	0.0	-0.413	-0.034	0.0	0.619	0.0	0.179	0.031	0.0	0.0	0.0	0.0	0.0	0.0	0.0	0.0	0.0	0.98	0.0	0.274	0.0	0.0	0.0	0.0	-0.163	0.0	-0.107	0.0	0.489	0.0	0.0	0.0	0.0	-0.369	0.214	0.0	0.0	0.0
free_topic	Wil-3cbf_76_cow-6	0.466	0.0	0.259	0.0	0.0	-0.152	0.0	0.0	0.0	0.075	0.0	0.0	0.0	-0.28	0.0	0.0	0.0	-0.703	0.0	-0.021	-0.22	-0.104	-0.603	0.0	0.0	0.0	-0.176	-0.229	0.0	-0.21	0.0	-0.62	0.0	0.0	0.0	0.0	0.0	0.0	-0.12	-0.454	-0.262	0.0	-0.135	-0.496	0.0	0.0	0.0	0.037	0.0	0.0	-0.656	0.365	0.0	0.0	0.152	0.0	-0.227	-0.81	0.0	0.042	0.0	-0.253	0.0	0.0	0.0	0.0	0.0	-0.271	0.0	0.0	0.0	-0.09	-0.406	0.0	0.583	0.0	0.0	0.0	0.0	0.0	-0.507	0.0	-0.477	0.0	0.0	0.0	0.0	0.0	0.0	0.0
free_topic	Wil-57af_216_bovids-18	0.141	0.0	0.0	0.083	-0.356	0.0	0.0	0.0	-0.744	0.108	0.078	0.0	0.0	0.0	0.042	0.0	0.0	0.0	0.0	0.0	-0.389	0.531	0.0	-0.508	0.0	-0.384	0.0	0.0	0.0	0.392	-0.072	-0.259	0.0	-0.201	0.0	0.0	0.0	0.068	-0.904	-0.037	0.0	0.0	0.0	0.0	-0.488	-0.234	-0.561	0.0	0.0	0.349	0.0	0.0	0.0	-0.225	0.084	-0.928	-0.643	0.0	0.0	0.0	-0.338	0.0	-0.167	-0.302	-0.365	0.0	-0.244	0.0	0.0	0.0	0.0	0.0	0.0	-0.694	-0.271	0.0	0.0	0.0	-0.469	0.0	-0.379	0.443	0.0	-0.543	0.0	-0.133	-0.491	0.0	0.0	-0.173
free_topic	Wil-de29_107_bovids-15	0.0	0.222	0.136	0.0	-0.047	0.0	-0.327	0.0	-0.038	0.0	-0.847	0.353	0.0	0.322	-0.238	0.0	-0.526	-1.07	0.0	0.458	-1.435	-0.024	0.0	0.0	0.0	-0.781	-0.886	-0.413	0.0	0.0	-0.592	0.0	-0.477	0.0	0.0	-0.621	0.0	-0.217	0.0	-0.159	0.0	0.0	0.0	0.0	0.0	-0.535	-0.438	0.0	-0.228	0.0	0.365	-0.643	0.0	-0.298	-0.583	-0.127	-0.806	0.0	-0.694	0.1	-0.038	-0.192	0.498	-0.183	0.0	-0.268	-0.662	0.052	0.0	0.102	0.0	0.22	-0.257	0.044	0.0	-0.007	0.36	0.0	-0.085	-0.506	-0.347	0.0	0.0	-0.176	0.0	0.0	0.44	0.0	0.0	-0.039
free_topic	Wil-de29_115_wildebeest-10	-0.152	0.0	0.433	0.0	-0.321	0.021	-0.99	-0.325	-0.044	-0.71	0.0	0.063	0.0	-0.2	-0.134	0.0	0.0	-0.612	0.0	0.129	0.116	-0.266	0.0	0.064	0.0	-0.266	-0.193	-0.52	0.0	0.388	-0.945	0.392	-0.765	-1.064	0.0	-0.298	0.524	-0.767	0.0	0.031	-0.24	0.0	-0.018	0.0	0.0	-0.404	-1.39	0.0	0.0	-1.121	1.992	-0.624	-0.098	-0.555	-0.127	-0.366	-0.016	0.187	0.0	-0.395	0.091	0.0	0.0	-0.117	0.0	-0.443	0.0	-0.395	-0.638	-0.752	-0.625	-0.68	0.0	0.0	-0.349	-0.15	0.0	0.0	-0.366	0.0	-0.003	0.0	-0.203	-0.178	-0.015	-0.021	-0.542	0.918	-0.192	0.0
free_topic	Wil-de29_158_wildebeest-3	-0.518	0.0	0.41	0.0	0.0	-1.441	-0.262	-0.566	0.0	-0.499	-0.875	0.0	-0.311	-0.534	0.412	0.052	0.0	-0.183	0.0	-0.041	-0.151	0.0	-0.904	0.0	0.283	0.0	0.0	0.065	0.0	-0.071	0.926	0.0	0.0	-0.398	-1.939	0.075	0.0	-0.249	0.0	-0.694	-0.181	0.0	0.474	-0.006	0.838	0.0	0.0	0.313	0.0	0.0	0.0	-0.534	-0.78	0.0	0.0	0.0	0.0	0.0	0.0	0.0	0.313	0.352	-0.306	0.0	0.004	-0.301	0.0	-0.226	-0.38	0.079	0.0	-0.347	0.0	0.0	0.0	0.0	-0.301	0.0	0.0	0.0	0.0	-0.012	0.0	-0.042	0.0	-0.3	0.352	-0.162	-0.006	0.0
free_topic	Wil62a3_10_sheep-10	0.304	0.0	0.256	0.333	0.0	-1.099	-0.013	0.0	-0.217	0.266	0.0	-0.48	-0.358	-0.532	0.0	0.461	0.0	0.0	0.0	0.0	0.0	0.254	-0.065	-0.378	0.0	0.352	-0.128	0.0	0.0	-0.52	0.0	-0.765	0.0	0.0	0.0	0.0	0.0	0.0	-0.694	-0.075	-0.479	-0.328	0.0	-0.451	0.0	0.0	-0.198	-1.346	-0.487	-0.094	0.0	-0.418	0.0	-0.045	-0.191	0.0	0.811	-0.901	0.0	-0.046	0.0	-0.236	-0.344	-0.382	0.0	0.0	0.0	0.0	0.0	0.502	0.0	0.586	0.0	-0.124	0.0	0.0	0.0	0.0	-0.22	0.0	0.106	-0.18	-0.784	0.0	0.0	0.0	0.0	0.0	0.0	-0.347
free_topic	Wol-279e_323_bison-29	0.0	0.245	0.089	0.0	-0.653	0.0	-0.075	0.555	-0.82	-0.848	0.0	0.0	0.0	-1.08	-0.041	0.0	0.0	0.0	-0.231	-0.259	-0.41	-0.33	-0.626	0.0	-0.061	0.0	0.167	0.0	0.0	-0.019	-0.868	-1.953	-0.241	0.01	0.0	0.0	-0.296	0.0	-0.443	0.0	-0.628	0.0	0.172	0.0	0.0	0.0	0.481	0.0	0.0	-0.43	-0.551	-0.287	0.478	0.0	0.0	-1.207	-1.164	0.0	-0.409	0.0	0.335	0.0	0.335	0.155	0.753	-0.453	-0.043	0.0	-1.256	-0.171	0.358	-0.172	-0.392	-0.216	0.0	0.153	-0.095	0.0	0.314	0.111	0.0	-0.051	-0.746	-0.006	0.0	0.0	0.0	0.0	-0.006	0.0
free_topic	Wol-279e_391_sheep-20	-0.402	-0.18	0.0	0.518	-0.127	-0.139	0.354	0.0	0.0	0.0	0.0	-0.389	0.174	0.0	0.766	-0.418	0.0	-0.029	0.0	0.0	0.0	0.136	-0.44	0.0	0.698	0.0	0.0	0.0	0.266	-0.118	0.0	0.0	0.0	0.0	0.0	0.0	-0.381	0.0	-0.515	0.0	-0.899	-0.171	-0.276	0.0	0.0	0.0	0.075	0.0	-0.018	-0.67	-0.625	0.18	0.0	0.0	-0.115	-0.299	0.524	0.0	0.0	0.0	0.394	0.0	0.0	-0.542	0.0	0.0	0.0	0.0	0.0	0.116	0.087	-0.097	-0.357	0.0	0.0	0.0	0.0	-0.223	0.0	0.0	-0.163	0.0	-0.025	0.0	0.0	0.0	0.0	0.0	0.0	0.0
free_topic	Wol-279e_396_sheep-25	0.665	0.235	0.776	-0.384	-0.731	-0.545	0.0	-0.505	-0.418	-0.189	0.0	-0.351	-0.034	0.0	0.944	0.0	-0.244	0.0	0.0	0.096	-0.409	0.0	0.0	-0.096	-0.36	0.0	-0.693	-0.392	0.235	-0.86	0.0	0.0	0.0	0.0	0.0	0.0	-0.327	-0.225	-0.132	-0.221	0.0	0.0	0.0	0.178	-0.302	-0.378	0.112	0.0	-0.297	-0.029	-1.078	-0.128	-0.495	0.436	0.0	-0.301	0.714	0.523	0.372	0.0	0.496	0.0	-0.435	-0.205	0.0	-0.306	-0.899	-0.613	-0.259	0.0	-0.516	-0.3	0.0	0.088	0.267	-0.548	0.0	0.0	-0.477	0.0	0.0	0.273	0.0	0.425	-0.137	0.122	0.0	0.0	-0.388	0.322
free_topic	Wol-279e_420_sheep-8	-0.197	0.094	0.0	-0.029	-0.965	-1.036	-0.866	-1.096	0.0	-0.469	-0.295	-0.711	-0.175	0.0	-1.01	0.0	0.0	-0.336	-2.286	0.202	0.0	0.0	0.0	0.0	-0.633	-0.207	0.0	-1.347	-0.198	0.0	0.788	0.454	-0.337	-0.418	-0.131	-0.424	0.0	-0.089	0.155	0.098	-0.161	-0.059	-0.659	-3.859	0.232	-0.195	0.392	-0.287	0.542	-0.694	0.0	0.0	-0.672	0.0	-0.549	0.0	-0.51	0.0	0.45	2.437	-0.015	-1.19	-0.883	0.0	0.0	0.147	-0.611	0.0	0.0	-0.313	0.0	0.0	0.183	0.0	-0.649	-0.246	0.0	0.0	-0.562	-0.093	0.0	0.0	0.0	-0.677	-0.109	-0.208	1.61	1.327	0.527	0.591
free_topic	Wol-7b5f_63_sheep-43	0.274	-0.497	0.0	0.0	-1.478	0.0	0.0	0.0	-1.318	0.0	0.0	0.0	0.094	0.0	0.0	-2.545	0.0	12.728	-0.633	-12.119	0.0	0.0	0.0	0.0	0.0	0.0	0.0	0.0	0.0	0.0	-0.343	0.0	0.392	-0.081	0.0	0.0	0.0	0.0	-0.133	0.0	-0.095	-0.032	-0.529	0.0	-0.062	-0.319	-2.253	0.0	0.0	-0.399	0.0	0.0	0.0	0.0	-0.109	0.469	0.0	0.0	0.0	0.0	-4.402	0.0	0.007	0.0	-0.721	-0.855	0.0	-0.067	0.0	-1.063	0.0	0.0	2.972	-0.121	-0.994	-0.801	0.0	-0.287	-5.166	0.055	0.0	-0.207	0.0	0.737	0.0	0.0	0.0	0.0	0.183	0.75
location_topic	Afr-354e_14_buffalo-3	0.413	-0.783	0.532	-0.032	-0.228	-0.246	-1.634	-1.088	-0.631	-0.008	0.13	0.0	-0.258	0.0	0.0	0.182	-0.212	-0.704	0.0	0.0	0.253	-0.259	0.0	-0.575	-0.454	0.0	-0.211	-0.184	-0.473	0.0	0.0	-0.428	-0.313	-0.625	0.0	-0.876	-1.118	-1.298	-0.057	-0.156	0.405	0.0	-0.427	0.0	-0.458	0.0	0.4	-0.392	-0.717	0.0	0.0	-0.778	-0.518	0.216	0.338	0.045	-0.353	-0.343	-0.201	-0.217	0.196	-0.818	-0.629	0.0	-0.382	0.0	-0.348	-0.549	-0.077	-0.643	0.0	-1.152	-0.857	-0.876	0.809	-0.061	0.0	0.0	0.308	-0.253	0.0	0.0	0.0	0.0	0.103	0.589	0.0	-1.974	0.0	0.039
location_topic	Afr-354e_19_buffalo-11	-0.033	-0.246	0.44	0.0	-0.635	0.0	0.0	-0.566	0.0	-0.287	-0.237	-0.393	0.0	-0.534	-0.259	0.0	0.0	0.0	-0.551	0.0	0.0	-0.899	0.052	0.081	-0.004	0.352	0.0	-0.198	0.0	0.0	0.0	0.0	0.0	-0.398	0.0	0.0	0.0	0.048	-0.035	0.0	0.298	-0.006	0.0	-0.89	-0.79	0.107	0.0	0.0	0.284	-0.29	0.103	0.0	-0.397	-0.365	0.0	-0.816	0.0	0.0	0.0	0.0	0.0	0.0	0.225	0.0	0.0	-0.257	0.0	-0.265	-1.114	0.0	0.0	-0.308	0.0	-0.694	0.0	0.296	0.0	-0.037	0.0	-0.7	0.0	0.0	0.0	0.0	-0.006	0.0	0.0	0.0	-0.006	0.19
location_topic	Afr-354e_2_buffalo-29	-0.409	-0.99	0.668	0.0	-0.625	0.086	-0.179	-0.566	-0.465	-0.307	0.0	-0.469	0.0	-0.166	0.0	0.0	0.0	0.0	0.352	0.0	0.0	0.0	0.0	0.0	-0.37	0.0	0.0	-0.855	0.0	-0.342	0.533	-0.835	-0.874	0.057	-0.347	0.0	-0.074	-0.046	0.0	0.0	0.248	-0.005	0.784	0.0	-0.051	0.0	0.0	-0.833	-0.011	-0.52	-0.553	-0.522	-0.05	0.0	-0.551	-0.756	0.0	0.685	-0.609	0.0	-0.004	0.0	0.0	0.301	0.164	-0.738	-0.755	0.245	0.159	0.006	-0.317	-0.734	0.417	-0.219	0.0	-0.103	0.0	-0.062	0.0	0.009	-0.049	0.0	-0.49	0.0	0.0	-0.46	0.0	0.0	-0.35	-0.312
location_topic	Afr-354e_16_buffalo-3	-0.182	0.0	0.564	0.128	-0.657	-0.279	0.0	0.0	-0.021	-0.449	-0.055	0.212	-0.096	-0.578	0.466	0.052	0.0	-0.757	-0.354	-0.001	-0.187	0.0	0.0	0.0	-0.624	-0.398	0.0	0.0	0.0	0.308	0.0	0.0	0.0	-0.493	-0.8	-0.67	0.0	-1.352	-0.006	-0.694	-0.48	0.0	0.0	-0.428	0.017	0.0	0.0	0.299	0.0	-0.222	0.0	-0.681	-0.403	0.0	0.0	0.0	-0.532	-0.661	-0.425	0.0	-0.115	0.24	-0.616	-0.547	-0.07	-0.151	0.0	-0.113	0.0	-0.007	0.0	-0.347	0.0	0.0	-0.049	0.0	-0.212	0.5	-0.474	0.079	0.0	-0.388	-0.392	0.0	0.0	-0.578	0.352	-0.085	0.0	0.0
location_topic	Afr-354e_2_buffalo-16	-0.006	-0.012	0.36	-0.025	-1.432	-0.749	-0.268	-1.167	0.02	-0.219	0.0	-0.893	-0.186	-0.534	0.375	0.0	-0.504	-0.667	0.092	-0.114	-0.761	-0.061	-0.266	0.0	0.141	-0.551	-0.268	-0.556	0.17	0.0	-0.512	-0.535	0.185	-1.361	-0.41	0.0	-0.051	-0.45	0.0	-0.276	0.298	-0.326	-0.391	0.245	-0.595	0.0	-0.31	-0.056	-0.392	-0.029	0.755	-0.286	0.258	0.0	0.0	-0.606	0.0	-0.705	0.0	1.217	0.148	-0.597	-0.348	0.0	0.0	-0.879	-0.304	0.041	-0.375	0.784	0.0	-0.642	-0.463	0.0	0.0	0.157	-0.222	0.0	-0.301	-0.427	0.784	0.0	0.0	-0.027	-0.029	0.0	-0.523	0.0	-0.006	0.877
location_topic	Afr-354e_2_buffalo-4	-0.455	-0.276	0.262	0.146	-1.194	-1.425	-0.708	-0.566	0.352	0.213	0.19	0.0	0.134	-0.741	0.0	-0.459	-0.724	0.124	0.0	0.245	-0.407	0.0	-0.049	0.0	0.714	-2.23	0.607	-1.187	0.0	0.412	-0.006	0.302	-0.157	-1.62	-0.06	-0.45	1.03	0.0	-0.151	0.779	0.298	0.0	-0.298	0.0	-0.025	0.052	-0.245	0.02	-0.75	-0.429	0.0	-0.745	-0.644	0.147	-0.198	-0.049	0.077	0.0	-0.762	-0.544	-1.001	0.854	-0.005	0.19	0.086	0.0	-0.348	-0.517	-0.471	0.0	0.0	-1.009	0.0	-0.104	0.276	-0.061	0.021	0.0	0.583	0.0	-0.528	0.0	0.0	-0.872	0.0	-0.625	0.197	-0.542	-0.769	-0.317
location_topic	Big-0af3_37_sheep-14	0.0	0.0	0.059	0.0	-0.315	0.0	0.249	-0.127	-0.554	-0.618	-0.189	0.108	0.0	-0.084	0.0	0.0	-0.046	0.0	0.258	0.0	0.087	0.401	0.0	-0.423	-0.018	0.0	0.146	-0.556	0.0	0.0	0.0	-0.109	-0.414	0.301	-0.696	0.0	0.072	-0.577	0.0	0.192	0.298	0.0	0.29	0.0	-0.094	0.0	-0.238	-0.037	0.0	0.31	-0.627	-0.092	-0.254	0.408	-0.65	-1.633	-0.144	0.0	-0.412	0.0	-0.577	0.0	0.0	0.375	0.338	-0.534	0.103	0.0	-0.172	-0.168	0.008	-0.542	-0.181	-0.249	0.264	-0.018	0.0	0.0	0.0	0.319	0.0	-0.019	-0.978	0.0	-0.321	0.0	0.0	0.0	0.064	-0.282
location_topic	Big-0af3_36_sheep-3	-0.044	0.0	0.786	0.497	0.401	0.0	-0.239	-0.032	-0.071	0.0	0.0	0.0	-0.31	-0.323	0.0	-0.556	-0.269	-0.782	0.0	0.0	0.0	-0.214	0.0	-0.58	0.72	0.0	0.0	-0.579	0.0	0.108	-0.517	-0.41	-0.242	-0.285	0.0	-0.436	-0.467	-0.155	-1.288	0.0	0.0	0.0	0.0	0.0	-0.231	-0.334	0.17	-0.392	-0.447	0.0	0.718	-0.497	-0.4	0.283	-0.029	-0.19	0.986	0.0	-0.393	-0.069	-0.657	0.0	-0.999	0.0	-0.302	0.0	-0.205	0.859	0.102	0.087	0.0	-0.331	0.0	-0.667	1.444	-0.344	0.0	0.0	0.449	0.0	-0.792	0.0	0.0	-0.273	-0.346	0.0	0.603	-0.409	0.0	0.0
location_topic	Big-0af3_23_sheep-3	0.0	0.0	0.0	0.0	0.382	0.053	-0.598	-0.032	0.0	0.0	0.0	0.211	0.0	0.0	-0.076	-0.161	-0.726	-0.418	1.69	-0.438	0.0	-0.373	0.675	-0.421	-0.344	-0.898	0.994	-0.42	0.0	0.0	0.036	0.528	-0.28	-0.102	-1.006	0.0	-0.043	-0.826	0.246	0.271	0.089	0.142	0.0	-0.434	-0.454	-0.178	-0.486	0.02	0.422	-0.676	0.718	-0.118	0.369	0.0	-0.029	0.0	-0.283	0.0	0.0	-0.308	-0.852	0.328	0.0	-0.314	0.774	-0.507	0.0	0.0	0.0	-0.825	-0.239	0.271	0.0	-0.142	-0.352	-1.238	-0.392	0.0	-0.359	0.0	0.0	0.0	-0.261	-0.273	-0.402	0.0	0.497	-0.005	0.0	0.0
location_topic	Big-0af3_23_sheep-14	-0.043	0.0	-0.006	0.0	0.0	0.0	0.0	0.0	-0.066	0.141	-0.551	0.0	0.0	-0.055	0.054	0.414	-0.334	-0.866	0.0	0.0	-0.262	-0.06	0.108	0.056	0.368	-0.82	-1.093	0.51	0.487	0.497	-0.619	0.665	-0.589	0.0	0.0	0.0	-0.524	0.047	0.0	-0.084	-0.341	0.0	0.0	0.0	0.0	0.0	-1.526	0.0	0.0	0.0	0.839	-0.911	-0.324	-0.523	-0.014	0.0	-0.622	0.599	-0.282	-0.032	-0.237	-0.261	-0.238	-0.061	-0.352	0.0	-0.056	-0.765	0.0	-0.352	0.328	-1.434	0.629	0.0	-0.41	-0.603	-0.3	0.839	-1.229	0.0	-0.971	0.0	-0.535	-0.299	0.0	-0.212	0.0	1.587	0.0	0.23
location_topic	Big-0af3_40_sheep-13	0.0	-0.182	-0.299	-0.032	-0.438	-0.104	-0.807	-0.182	-0.62	0.007	0.0	0.535	0.725	0.0	0.006	0.0	0.346	-0.401	-0.452	0.0	-0.816	0.0	-0.448	-0.449	-0.338	-0.495	-0.592	-0.056	0.676	-0.762	0.0	0.0	0.0	0.0	0.439	0.0	-0.049	0.0	-0.118	0.759	0.103	-0.137	0.0	-0.055	-0.183	-0.333	0.0	0.0	0.0	0.933	0.0	0.0	0.0	-0.225	0.192	-0.848	-0.347	-0.346	-0.234	-0.054	0.0	-0.055	-0.177	0.0	-0.611	0.02	-0.094	0.0	0.031	0.0	0.695	0.0	-0.457	0.006	0.0	0.085	0.0	-0.044	0.0	0.0	-0.516	0.0	-0.53	0.0	-0.369	0.498	0.0	-0.161	0.0	-0.249
location_topic	Big-0af3_40_sheep-22	0.03	0.0	0.393	0.959	-0.027	0.0	-0.263	-0.261	-0.829	-0.163	0.759	0.0	0.0	0.282	0.0	-0.959	0.0	0.594	-0.29	0.0	-0.314	0.0	-0.032	-0.635	0.0	0.211	0.0	-0.463	0.0	-0.281	-0.249	-0.53	-0.414	-0.878	0.0	0.0	0.43	0.0	-0.294	0.0	-0.442	0.0	0.0	-0.055	-0.094	0.0	0.0	0.0	0.414	-0.07	0.0	0.768	0.0	0.0	-1.122	-0.939	-0.673	-0.162	-0.473	0.0	-0.177	-0.142	0.0	-0.495	0.338	-0.563	0.103	-0.076	-0.255	-0.156	-0.11	-1.325	-0.111	0.358	0.445	-0.018	0.0	-0.713	0.162	-0.044	0.0	-0.346	-0.374	-0.043	-0.902	0.0	0.422	0.0	0.0	0.0
location_topic	Big-0af3_40_sheep-4	-0.161	0.0	0.0	-0.372	-0.143	1.041	-0.446	0.0	0.116	0.035	-0.468	-0.099	0.0	-0.072	-0.434	-0.249	-0.043	1.326	0.438	-1.152	0.413	-0.347	-0.125	-0.541	-0.222	0.418	0.767	-0.533	0.393	-0.426	0.006	0.288	-0.756	-0.487	-0.55	0.0	0.621	-0.056	-0.367	-0.795	-0.584	0.0	-0.346	-0.329	0.0	-0.358	-0.036	0.981	0.0	0.0	0.0	-0.525	-0.495	0.246	-0.923	0.0	-0.922	0.0	-0.231	-0.08	-0.621	-0.109	0.0	-0.238	-0.056	-0.797	-0.39	0.0	-0.35	1.135	-0.131	0.616	-0.62	0.668	0.18	-0.868	-0.512	-0.055	-0.177	0.0	0.0	0.0	-0.029	-0.273	-1.02	0.74	-0.914	-0.769	0.0	-0.204
location_topic	Tai-3286_123_sheep-13	0.0	0.0	0.0	-0.242	1.313	-0.076	-1.18	-0.78	0.116	-0.247	-0.098	0.112	0.0	-0.285	0.083	-0.811	0.0	-0.1	-0.308	-0.147	0.761	-0.4	-0.408	-1.075	-0.633	-0.421	0.088	-0.493	0.393	-0.144	-0.753	0.869	-0.299	0.033	-0.101	0.0	-0.259	-0.08	-0.973	-0.448	0.432	-0.386	-0.007	-0.434	0.0	-0.138	-0.456	-0.005	-1.108	-0.19	-0.006	0.0	-0.07	-0.862	-0.433	-0.234	-0.749	-0.743	0.0	-0.805	0.755	-0.735	-0.035	-0.77	-0.598	-0.029	0.037	0.0	-0.467	0.536	0.0	0.0	-1.207	-0.282	0.02	-0.798	0.0	-0.055	0.198	-0.418	0.0	0.0	-0.212	-0.286	-0.437	0.0	0.497	-0.629	-0.352	0.129
location_topic	Tai-3286_123_sheep-22	0.0	0.0	0.001	0.0	0.214	0.0	0.0	-0.598	-0.124	-0.435	0.759	0.0	0.0	-0.54	0.0	-0.551	0.0	-0.15	-0.056	0.0	0.0	0.0	0.0	-0.299	-0.185	-0.557	0.0	0.0	0.0	0.0	-0.402	-0.356	-0.178	-0.294	0.0	-0.433	0.044	-0.194	0.0	0.0	0.298	0.0	0.0	-0.055	-0.051	0.0	0.006	-0.076	-0.051	-0.07	0.761	-0.387	0.137	-0.271	-1.095	-0.437	-0.144	0.0	-0.41	-0.093	0.192	-0.161	0.0	1.12	0.308	-1.22	-0.061	-0.076	-0.887	0.0	0.059	-1.162	-0.368	-0.249	0.0	-0.018	0.0	0.0	0.02	-0.197	0.104	0.0	-0.945	-0.212	-0.346	0.0	0.0	-0.437	0.673	0.017
location_topic	Argaf7f_1_sheep-2	0.0	0.119	0.586	-0.34	0.0	-0.873	0.0	0.683	0.0	-0.277	-0.709	0.0	0.0	0.0	0.142	0.0	-0.161	-0.474	0.0	-0.566	-0.006	0.0	-0.496	-0.106	-0.338	-0.061	-0.382	-0.282	-0.366	0.0	0.0	-0.021	0.0	-0.22	0.0	0.0	0.0	0.0	0.0	-0.181	0.0	0.0	0.0	0.0	-0.259	0.0	-0.335	0.0	-0.154	0.0	0.0	-0.114	0.0	-0.175	0.0	-0.23	-1.039	0.0	0.0	-0.195	0.255	-0.283	-0.972	-0.051	-0.109	-0.174	0.0	0.0	0.0	0.0	0.0	-0.203	0.0	0.0	0.0	0.674	0.17	0.061	0.0	-0.531	0.0	-0.094	-0.523	-0.308	0.0	-0.234	0.059	-0.523	0.0	-0.615
location_topic	Argaf7f_3_sheep-2	0.0	0.0	0.0	0.0	0.0	0.0	0.0	0.0	0.0	0.0	0.0	0.0	0.0	0.0	0.0	0.0	0.0	0.0	0.0	0.0	0.0	0.0	0.0	0.0	0.0	0.0	0.0	0.0	0.0	0.0	0.0	0.0	0.0	0.0	0.0	0.0	0.0	0.0	0.0	0.0	0.0	0.0	0.0	0.0	0.0	0.0	0.0	0.0	0.0	0.0	0.0	0.0	0.0	0.0	0.0	0.0	0.0	0.0	0.0	0.0	0.0	0.0	0.0	0.0	0.0	0.0	0.0	0.0	0.0	0.0	0.0	0.0	0.0	0.0	0.0	0.0	0.0	0.0	0.0	0.0	0.0	0.0	0.0	0.0	0.0	0.0	0.0	0.0	0.0	0.0
location_topic	Wat-9861_2_buffalo-14	0.0	-0.579	0.0	0.352	0.0	0.052	-1.207	-1.412	0.0	-0.035	-0.098	0.319	0.0	-0.534	0.247	-0.542	0.0	-0.727	-1.553	-0.52	0.103	0.0	-0.072	-0.005	-0.743	-1.297	-0.435	-0.313	0.0	0.0	-1.196	0.0	-0.192	-0.791	0.0	-0.046	-0.48	-0.252	0.426	-0.668	0.298	0.048	-0.541	-0.579	-0.183	0.0	0.343	-0.417	-0.605	-0.166	0.041	-0.338	-0.514	-0.93	0.0	0.25	-0.071	-0.468	0.152	0.774	-0.449	-0.825	0.216	-0.034	-0.926	-0.783	-0.697	-0.273	-0.38	0.099	0.0	0.0	-0.092	-0.011	-0.065	0.0	0.0	0.0	-0.965	-0.051	-0.094	-0.191	0.612	-0.179	-0.029	0.0	0.488	0.0	-0.006	-0.394
location_topic	Wat-9861_2_buffalo-18	0.46	-0.217	-0.384	0.0	-0.259	0.0	0.0	-0.36	-0.133	0.0	0.094	0.048	-0.057	0.0	0.0	-0.671	0.0	-0.096	-0.542	-0.448	0.0	0.0	0.0	-0.551	0.0	-0.029	0.0	0.0	0.0	0.296	-0.557	-0.387	0.19	0.186	0.0	0.0	0.0	-0.532	-0.12	0.0	0.0	-0.011	0.0	0.0	-0.157	-0.222	0.636	0.0	-0.035	-0.488	0.117	0.142	-0.784	0.0	0.046	-0.177	-0.823	0.0	0.0	-0.083	0.0	0.0	0.194	-0.394	-0.542	-0.062	-0.767	0.0	-0.18	0.0	0.0	-0.392	0.0	-0.084	0.0	-0.696	0.0	-0.222	-0.101	-0.025	-0.716	0.308	0.0	-0.739	0.0	-0.268	-0.522	0.0	0.319	0.246
location_topic	Wat-9861_2_buffalo-3	0.0	0.0	-0.051	-0.473	0.0	-0.725	-0.664	-0.587	-0.059	-0.531	-0.766	-0.025	0.366	-0.825	-0.17	-0.183	-0.086	-0.185	0.118	0.561	-0.006	0.0	-0.019	0.0	0.0	-0.061	-0.666	-0.189	-0.733	0.0	0.0	0.0	-0.012	-0.413	-0.049	0.0	0.0	-0.183	0.0	-0.309	0.077	0.0	0.0	-0.423	-0.542	-0.498	-0.395	0.0	0.028	0.0	0.161	0.24	-0.05	-0.384	-0.007	-0.051	-1.245	0.0	-0.449	-0.029	0.246	0.761	-0.777	0.195	-0.41	-0.224	-0.618	-0.166	-1.078	-0.048	-0.069	-0.203	0.0	0.0	-0.287	0.784	0.144	-0.025	-0.427	-0.319	0.0	-0.121	-0.523	-0.55	-0.218	0.0	-0.425	-0.874	-0.235	0.0
location_topic	Wat-9861_20_bubalis-45	1.023	0.0	0.215	-0.252	-0.323	-0.348	0.0	0.0	-0.123	-0.434	0.0	-0.535	0.0	-0.266	-0.814	0.0	0.0	-0.176	0.352	-0.323	-0.101	-0.848	-0.439	-0.058	0.0	0.0	0.29	0.206	0.373	-0.511	0.0	0.0	-0.222	-0.24	0.014	0.0	0.0	-0.266	-0.866	-0.125	0.145	-0.597	0.101	0.0	0.067	-0.06	0.0	0.101	0.0	0.0	-0.257	0.0	-0.638	-0.644	-0.028	0.0	-0.196	-1.997	0.0	0.0	-0.185	-1.118	0.0	0.391	-0.48	0.0	0.512	0.0	0.0	-1.118	0.0	-0.143	0.0	0.0	0.0	0.414	0.0	-0.006	0.164	0.0	0.311	0.0	0.375	0.0	0.0	0.0	0.0	-0.29	0.0	0.0
location_topic	Wat-9861_20_bubalis-29	-0.363	-0.455	0.848	-0.121	0.144	-0.284	-0.693	-0.651	-0.375	-0.356	-1.014	0.0	-0.123	-0.289	0.375	-0.427	-0.379	0.0	-0.589	0.0	-0.384	0.206	-0.205	-0.566	0.0	-0.289	-0.162	-0.363	-0.219	-0.44	-1.137	-0.508	0.375	-0.581	-0.649	0.0	-0.943	-0.257	0.42	-0.783	0.0	0.0	0.0	-0.042	-0.803	0.0	-0.445	0.445	-0.123	-0.983	-0.665	-0.503	0.0	0.606	0.921	-0.911	-0.614	-0.266	-0.721	-0.48	0.065	-0.116	-0.224	0.0	0.659	-0.889	0.0	-1.82	0.121	0.0	0.0	-0.907	-0.855	-0.005	0.615	-0.761	0.0	-0.194	-0.073	0.0	0.0	0.062	1.188	-0.198	-0.575	-0.182	-0.001	-0.006	-0.32	0.307
location_topic	Wat-9861_20_bubalis-28	0.632	0.0	0.215	-0.25	0.0	-0.337	0.0	0.0	-0.123	-0.14	0.0	-0.372	0.0	-0.204	-0.814	0.24	-0.197	-0.654	0.352	-0.323	-0.275	-0.275	-0.288	0.0	0.0	0.0	-0.386	0.206	0.546	-0.746	0.0	0.0	-0.046	-0.959	0.014	0.0	0.0	-0.361	-1.264	-0.418	0.081	-0.65	-0.114	0.0	-0.048	-0.162	0.0	0.101	0.0	0.0	-0.257	0.0	0.0	0.0	0.011	0.0	-0.046	-1.641	0.0	0.0	-0.194	-1.01	0.0	0.615	-0.48	-0.287	0.461	0.0	0.0	-0.694	0.0	-0.402	0.663	0.0	0.323	0.514	0.0	-0.006	0.164	0.0	0.405	0.0	0.375	0.0	0.0	0.0	0.0	-0.149	0.0	0.0
location_topic	Ara-1963_42_Buffalo-19	1.272	0.0	-0.471	0.0	0.143	0.143	0.0	-0.512	-0.613	0.215	0.0	0.0	0.0	0.0	0.0	0.234	0.0	0.0	0.0	0.193	0.0	-0.448	-0.833	0.13	-0.63	0.0	0.165	-0.665	0.0	-0.51	-0.179	-0.042	0.0	0.0	0.059	-0.064	-0.878	0.0	0.0	-0.393	-0.044	0.0	0.0	0.0	0.0	0.007	0.0	0.359	-0.274	0.0	0.0	0.0	0.0	0.0	-0.184	0.0	-0.525	0.0	0.0	0.0	-0.671	0.0	0.0	0.0	0.0	0.0	-0.571	0.0	0.0	0.0	-0.277	-0.058	0.0	-0.764	0.0	0.0	0.0	0.0	0.0	0.0	-0.306	-0.009	0.0	0.0	0.093	0.0	0.239	0.0	0.0	0.0
location_topic	Ara-1963_40_Buffalo-14	0.0	-0.302	0.447	0.0	0.197	0.0	-0.543	0.062	-0.183	-0.895	0.0	0.0	0.0	-0.608	-0.276	0.0	0.0	0.0	0.0	0.46	0.045	-0.312	-0.513	0.13	0.0	0.0	0.0	0.352	0.0	1.024	-0.588	0.0	-0.631	0.413	-0.347	-0.184	-0.395	-0.142	0.0	-0.306	0.0	-1.034	0.507	0.0	-0.094	-0.001	0.0	-0.08	0.0	-0.58	-0.28	-0.442	0.443	0.0	-0.828	-0.526	-0.395	0.0	-0.473	0.0	-0.571	0.0	0.0	-0.48	-0.059	-0.588	0.103	0.0	-0.452	-0.445	-0.403	0.126	-0.613	-0.385	0.003	0.168	0.052	0.0	0.0	-0.068	0.0	-0.694	-0.224	0.0	0.093	0.0	-0.578	0.0	0.0	0.0
location_topic	Afr-354e_12_buffalo-13	-0.135	0.0	0.0	0.0	0.0	0.0	-0.113	0.0	-0.199	0.0	-0.25	0.0	0.0	0.0	0.0	0.0	-0.494	0.0	0.0	0.0	0.0	-0.36	-0.771	0.0	0.858	0.008	-0.62	0.0	0.0	0.025	0.0	0.0	0.0	-0.316	-0.099	0.0	0.0	-0.335	-0.191	0.0	-0.263	0.027	0.028	-0.165	0.0	0.0	0.0	0.0	0.0	0.0	0.0	0.0	0.0	-0.69	-0.619	-0.588	0.451	0.0	-0.534	0.39	0.0	-1.325	0.0	0.0	0.0	0.0	0.0	0.148	0.0	0.0	0.0	-0.638	-0.399	-0.055	-0.229	0.0	0.0	-0.56	0.0	0.0	0.043	0.0	0.0	0.0	0.0	-0.379	0.0	-0.388	-0.161	0.0
location_topic	Afr-354e_12_buffalo-2	-0.534	-0.383	0.0	0.0	0.0	0.0	-0.271	0.0	0.0	-0.5	0.027	0.0	0.0	0.0	0.0	0.0	-0.62	0.0	0.0	0.0	0.0	-0.36	-0.852	0.0	-0.161	0.0	0.0	-0.629	0.0	0.025	-1.54	0.0	0.0	-0.399	0.042	0.0	0.0	0.0	0.214	0.0	-0.263	0.0	0.0	0.0	0.0	0.0	0.0	0.0	0.0	0.0	0.0	0.0	0.0	0.0	-0.286	0.0	0.238	0.0	0.0	-0.759	0.0	-1.084	0.0	0.0	0.0	0.0	0.0	0.0	0.0	0.0	0.0	-0.539	0.0	-0.229	-0.161	0.0	0.0	0.0	0.0	0.0	0.043	0.0	0.0	0.0	0.0	-0.335	0.221	-0.3	0.0	0.0
location_topic	Sno-d342_91_falconeri-32	0.755	-0.36	-0.478	0.0	-0.78	0.0	-0.501	0.0	-1.151	0.352	-0.829	-0.735	0.0	0.0	-0.045	-0.76	0.0	3.684	0.0	-2.444	0.0	-0.113	0.0	0.0	0.0	-0.096	0.024	-1.191	-0.343	-0.046	-0.199	0.0	0.392	-1.315	0.031	0.159	-0.134	0.0	-0.78	0.0	0.255	0.187	-1.051	0.283	0.183	-0.404	0.58	-0.006	0.0	0.263	0.0	0.383	0.0	-0.605	-0.878	-0.363	0.0	0.0	0.052	-0.721	-0.647	0.207	-0.29	-0.852	0.714	-1.012	-0.341	-0.332	-0.948	-1.213	-0.634	0.25	-0.47	0.042	-0.154	0.0	0.0	0.0	-0.697	-1.053	0.0	-0.08	-1.505	0.778	-0.131	0.0	0.0	0.423	-0.377	0.624
location_topic	Dal-d353_2_sheep-9	0.11	0.0	0.747	0.0	0.0	-0.547	-0.275	-0.601	0.0	-0.461	0.0	0.0	0.0	-0.37	0.077	-0.051	0.0	-0.972	-0.21	0.001	0.0	0.02	-0.62	0.0	0.0	0.0	-0.364	-0.642	0.0	-0.076	0.0	-0.799	0.0	-0.394	0.0	0.0	-0.195	0.0	-0.219	-0.126	-0.006	0.0	-0.183	-1.116	0.0	0.0	0.296	-0.546	0.0	0.0	-0.462	0.412	-0.434	0.0	-0.161	0.0	0.165	-0.86	0.0	-0.367	0.0	-0.63	0.0	0.0	0.0	0.0	-0.304	-0.226	0.0	0.0	0.0	0.251	0.571	0.0	0.0	0.0	0.0	0.0	-0.362	0.0	-0.055	0.0	-0.258	0.0	-0.029	0.0	0.0	0.0	0.0	0.0
location_topic	Dal-d353_2_sheep-12	-0.081	-0.012	0.41	0.403	0.938	-0.029	0.0	-0.365	0.412	-0.219	0.0	-0.62	-0.005	-0.534	0.272	0.0	0.0	0.0	-1.076	0.321	0.0	0.0	0.0	-0.128	0.0	0.0	-0.298	-0.06	-0.394	0.0	0.0	-0.678	0.0	-0.741	-0.206	0.135	-0.196	-0.45	0.0	-0.42	0.298	0.0	-0.226	0.138	-0.595	0.0	0.0	0.0	0.175	-0.029	0.109	-0.833	0.595	0.0	-0.013	-0.301	-0.281	-0.106	-0.301	0.0	0.0	0.0	-0.348	0.0	-0.375	-1.14	0.0	-1.085	-0.375	0.0	-0.268	-0.3	-0.407	-0.24	0.0	-0.151	-0.113	0.0	0.0	-0.697	0.571	-0.364	0.0	0.0	-0.72	0.0	-0.27	0.0	-0.006	0.345
location_topic	Dal-d353_2_sheep-19	-0.328	-0.595	0.203	0.0	-0.625	0.0	0.0	0.0	-0.183	-0.657	0.0	0.0	-0.549	0.106	0.0	0.0	0.0	-0.168	0.177	0.0	-0.315	0.0	0.0	-0.428	-0.674	0.098	0.0	-0.623	0.0	0.482	-1.343	0.083	-0.197	0.274	-0.347	0.0	-0.346	0.397	0.0	-0.469	-0.572	0.042	0.571	-0.111	-0.094	-0.145	0.215	-0.348	0.0	-0.52	1.352	-1.207	0.115	-0.136	-0.621	-0.223	0.0	0.0	-0.672	-0.107	0.142	0.0	0.271	0.0	0.115	-0.244	-0.591	1.295	-0.172	0.006	0.0	-0.548	0.0	-0.219	0.0	0.146	0.0	0.077	-0.362	0.0	-0.353	0.0	-0.353	-0.868	0.0	0.0	-0.529	0.0	-0.616	0.158
location_topic	Dal-d353_11_sheep-7	0.0	0.0	0.609	-0.175	-0.006	-0.244	-0.568	-1.508	0.052	0.141	-1.029	0.0	0.0	0.0	-0.144	0.277	0.481	-0.721	-0.169	-0.057	0.0	0.0	0.346	-0.55	-0.201	0.096	0.161	-0.086	0.516	0.37	0.0	0.0	0.0	-0.394	0.0	0.0	-0.263	-0.123	-0.242	-0.267	0.01	0.0	0.0	-0.648	0.0	0.0	0.296	-0.078	0.0	0.0	-0.036	0.004	0.909	-0.523	-0.158	-0.229	-0.729	0.0	-0.325	0.735	-1.293	-0.375	0.538	-0.2	0.353	0.0	-0.651	0.0	0.0	0.0	0.0	-0.935	0.203	-0.25	-0.175	-0.124	-0.3	0.0	-0.259	0.0	-0.099	0.0	-0.694	0.0	-0.029	-1.255	0.0	0.0	0.0	0.0
location_topic	Dal-d353_11_sheep-10	0.759	0.0	-0.249	0.0	0.909	-0.124	0.0	0.108	-0.161	-0.523	-0.109	0.0	0.0	0.795	0.07	0.0	-0.144	-0.061	-0.115	0.0	0.0	0.0	-0.247	-0.051	0.0	-0.421	0.0	0.0	0.0	-0.102	-0.006	-0.738	0.0	-0.055	-0.865	0.0	-0.139	0.0	0.0	0.753	-0.123	0.0	0.909	0.199	0.0	-0.076	0.0	0.0	-0.282	0.0	0.139	0.0	0.0	0.0	-0.357	-0.301	-0.985	0.0	0.193	-0.3	0.0	-0.144	-0.799	-0.394	-1.031	-0.548	0.0	0.0	0.0	0.0	-0.155	-0.139	0.0	-0.058	-0.551	0.516	0.0	0.0	0.041	0.0	0.308	0.0	0.0	0.0	-0.511	-0.268	-0.304	0.141	0.0	0.097
location_topic	Big-0af3_12_sheep-25	0.277	0.0	0.0	-0.928	0.0	-0.719	0.0	0.0	-0.24	0.0	-0.161	0.111	0.0	0.231	0.0	-0.627	0.537	-0.144	0.0	0.694	-1.294	0.169	-0.639	-0.794	-0.339	-0.487	-0.013	0.0	-0.266	0.392	-0.171	-0.259	-0.358	0.252	-0.483	-0.504	0.682	0.0	-0.62	-0.771	0.0	-0.346	-1.312	0.0	-0.786	-0.308	-0.043	-1.318	-0.036	0.068	2.482	-0.056	0.0	0.0	-0.048	-0.222	-0.524	-0.248	0.0	-0.1	0.08	0.223	-0.13	-1.287	-0.283	0.0	0.0	-0.034	-0.474	-0.358	-0.006	-0.264	-0.843	0.181	-0.33	-0.099	-0.33	-0.076	0.0	1.066	0.623	0.0	0.0	-0.988	0.33	-0.415	-0.491	-0.514	0.0	-0.117
location_topic	Big-0af3_12_sheep-6	-0.076	-0.11	1.066	0.503	0.113	-0.358	-0.671	-0.922	-0.161	0.387	-0.056	0.0	0.184	0.0	-0.467	-0.032	0.0	-0.571	-0.136	0.0	0.0	0.0	0.0	0.0	-0.432	-0.357	-0.762	0.0	-0.491	-0.669	-0.439	1.209	-0.334	-0.843	0.0	0.197	-0.585	0.0	0.0	-0.386	0.0	-0.043	-0.895	0.0	-1.297	-0.861	0.498	-0.412	0.266	0.0	0.768	-1.024	-0.423	-0.62	0.0	-0.175	0.211	0.0	0.0	0.029	0.694	-1.247	-0.508	-0.899	0.0	0.0	1.616	0.118	-0.109	-0.014	0.02	-0.552	-0.472	-0.533	0.759	0.0	0.0	0.125	0.0	0.0	0.0	0.0	0.0	-0.656	0.0	-0.837	-0.33	-1.26	-0.353	-0.027
location_topic	Big-0af3_12_sheep-14	0.469	0.617	0.0	-0.15	0.541	-0.358	-0.2	-0.692	-1.424	0.0	0.282	0.178	0.045	-0.006	0.0	0.0	0.0	0.0	-0.056	0.0	-0.283	-0.203	-0.145	-0.808	0.0	-0.164	-0.307	-0.281	0.0	-0.24	0.142	-0.021	-0.549	-1.179	-0.456	0.316	0.444	-0.696	-0.832	0.0	-0.291	0.875	-0.369	-1.029	-0.369	-0.662	-0.161	0.152	0.0	0.191	-0.076	-0.142	0.307	0.0	0.29	-0.791	-0.736	0.274	0.0	-0.374	0.0	0.0	-0.596	0.0	-0.795	0.0	-0.412	0.0	0.0	0.0	-0.189	0.897	-0.357	-0.745	-0.657	-0.89	-0.007	0.887	-0.743	0.0	-0.752	0.13	0.0	-0.109	-0.1	0.597	0.952	-0.431	-0.055	-0.622
location_topic	Sno-d342_95_sheep-11	-0.271	-0.317	0.292	0.0	-0.41	0.203	-0.203	-1.281	0.0	0.604	0.0	-0.254	0.0	-0.006	-0.941	0.339	-0.198	-0.632	-1.41	0.257	0.0	0.0	0.287	-0.194	-2.005	-0.565	0.045	-0.559	0.0	-0.403	-0.831	-0.3	-1.111	-0.302	0.217	-0.376	0.0	-0.388	0.154	0.0	0.0	-0.264	-1.37	-2.29	-1.145	-0.096	-0.554	-0.08	0.0	-0.368	0.618	-0.341	0.0	0.0	-0.603	-0.569	-0.278	0.0	1.166	2.681	0.0	-0.259	-1.149	0.103	0.638	-0.359	-1.479	-0.134	-0.498	0.0	0.0	-0.438	-0.444	-0.576	0.0	0.168	0.0	0.0	-1.405	-0.375	-0.523	1.154	0.0	-0.647	-0.66	0.0	-0.647	1.964	-0.565	-0.24
location_topic	Sno-d342_91_sheep-10	0.0	-0.005	-0.148	0.232	-0.963	-0.819	-1.059	-1.466	0.139	0.383	0.0	-0.134	0.0	0.0	-0.556	-0.05	0.0	-1.684	-2.506	0.908	-0.086	-0.299	1.003	0.0	-1.522	-1.044	0.093	-1.861	-0.244	0.401	-0.831	0.0	-0.458	-1.006	0.052	-0.67	0.381	0.0	0.578	0.0	-0.014	-0.451	-0.5	-2.726	-0.113	0.352	-1.576	1.405	0.0	-1.482	1.0	-1.04	-0.48	0.0	0.0	0.0	-0.083	0.0	0.419	2.996	-0.328	-0.562	-0.714	-0.649	0.263	-0.291	-0.59	-0.388	0.0	0.0	0.0	-0.909	0.052	-1.182	0.597	0.361	-0.038	-0.131	-0.274	-0.096	0.0	0.863	0.033	-0.647	-0.109	0.0	0.888	1.007	0.0	0.304
location_topic	Bha-2df5_2_sheep-12	0.0	-0.37	0.0	0.0	0.057	-0.503	0.52	-0.356	0.0	0.0	-0.098	0.391	0.0	-0.534	0.247	-0.503	0.0	-1.15	-0.152	0.0	0.0	-0.322	0.0	0.121	0.0	-0.796	0.0	-0.05	0.338	0.0	-1.201	0.0	-0.31	-0.398	0.0	0.0	-0.175	0.283	0.0	0.0	0.882	-0.05	-0.007	0.0	0.0	-0.21	-0.571	0.0	-0.515	-0.445	0.224	-0.297	0.124	-1.02	0.0	-0.138	-0.071	0.0	-0.066	0.313	0.0	-0.033	0.187	-0.787	0.0	-0.994	-0.193	0.0	-1.333	0.0	0.0	0.084	-0.113	-0.011	-0.347	-0.612	0.0	0.0	-0.46	-0.255	0.0	0.0	0.0	-0.78	0.0	0.0	0.393	0.0	-0.006	-0.488
location_topic	Bha-2df5_71_sheep-8	0.241	0.0	0.0	0.0	0.0	-0.303	-0.078	0.0	0.0	0.0	0.0	0.0	0.0	0.0	0.0	-0.185	0.29	-0.211	0.0	0.0	0.0	-0.15	0.202	-0.893	0.0	0.0	0.208	-0.244	0.0	0.359	-0.462	-1.043	-0.127	0.555	0.0	0.0	0.0	0.0	0.0	0.139	-0.071	0.026	-0.637	0.179	0.0	0.0	-0.571	-1.011	0.0	0.0	0.453	-0.297	-0.108	0.274	0.042	-0.484	0.396	-0.789	0.0	-0.515	-0.268	-0.299	-0.249	0.282	0.0	0.0	0.0	0.0	0.0	0.0	0.0	0.633	0.0	-0.007	0.0	0.0	0.0	0.0	-0.994	0.0	-0.057	-0.918	0.07	-0.091	0.0	0.0	0.0	0.0	0.0	0.0
location_topic	Sno-d342_104_sheep-26	-0.311	0.0	-0.77	-0.109	0.107	0.0	0.26	-0.687	0.0	0.046	0.287	-1.261	0.0	0.0	-0.643	0.0	0.0	0.055	-0.436	0.0	0.807	-0.112	0.0	-0.15	0.0	0.0	0.0	0.0	0.373	0.848	-0.867	-1.583	-0.127	-0.088	0.0	0.0	-0.699	0.0	0.181	-0.05	0.078	0.278	-0.122	-0.428	-0.109	0.0	-0.571	-0.26	0.0	-0.53	0.74	-0.689	0.028	0.0	0.231	-0.355	-0.51	-0.55	-0.347	0.313	-0.744	0.0	-0.495	-0.866	-0.259	0.0	-0.637	0.841	0.148	0.035	0.549	-0.055	-0.302	0.0	-0.621	0.0	-0.343	0.0	0.0	0.0	0.0	0.0	-0.497	-0.091	0.0	0.0	0.0	0.0	0.0	0.0
location_topic	Sno-d342_104_sheep-9	0.418	-1.195	0.447	0.0	-1.153	0.44	-0.547	-0.203	0.0	-0.285	0.0	0.398	0.0	-0.634	-0.933	0.0	-0.763	-1.364	-0.007	0.0	0.108	-1.261	0.026	0.086	-0.795	-0.881	0.309	0.0	0.0	-1.028	-1.42	-0.343	0.437	-0.853	0.342	0.0	-0.419	-0.7	-0.918	0.333	0.279	0.0	-0.592	-0.722	-0.337	-0.096	-2.041	-0.247	-0.521	-0.368	0.87	-1.78	-1.077	0.0	0.092	-1.397	0.231	-0.471	0.0	0.274	-0.176	0.0	-0.112	-0.77	0.39	-0.359	-0.113	-0.428	-0.406	0.0	0.0	-0.438	-0.205	-0.29	0.0	0.433	0.485	-0.055	0.0	0.0	-0.15	0.0	0.247	-0.661	0.0	0.269	0.0	-0.748	-0.604	0.491
location_topic	Wat-9861_6_buffalo-18	0.0	0.0	0.393	0.0	-0.85	0.0	-0.389	-0.566	-0.006	-0.393	0.0	0.0	0.0	0.013	0.0	0.0	0.0	0.032	0.322	0.0	0.0	-0.662	0.0	-0.189	0.0	0.0	0.0	0.0	0.0	0.0	-0.66	0.0	-0.429	-0.221	0.0	0.0	-0.355	0.0	0.0	-0.182	0.298	0.0	0.0	0.0	-0.051	0.0	0.046	-0.326	0.0	0.487	0.354	-0.619	-0.05	0.094	-0.551	-0.525	0.0	0.0	-0.41	0.028	-0.058	0.0	0.0	0.0	0.308	-0.697	-0.061	0.0	0.44	0.0	0.0	-0.542	-1.089	0.0	-0.01	-0.018	0.0	0.0	0.0	0.0	0.0	0.0	-0.507	-0.12	0.0	0.0	0.0	0.0	-0.006	0.0
location_topic	Wat-9861_6_buffalo-4	0.289	0.0	-0.015	0.0	-0.096	-0.537	-0.99	-0.432	0.0	-0.046	-0.392	-0.261	0.0	-0.534	-0.166	0.194	-0.029	-0.078	0.0	0.0	-0.006	-0.06	0.0	0.0	0.0	-0.061	0.0	-0.211	-0.516	0.0	-0.504	0.0	-0.005	-0.807	0.0	0.0	0.0	-0.025	0.0	0.043	0.298	0.0	0.252	0.0	0.0	0.0	-0.396	0.0	-0.591	0.0	0.768	-0.579	-0.05	-0.258	0.0	-0.393	0.516	0.0	-0.676	0.028	-0.507	-0.123	-0.551	-0.051	-0.41	0.308	0.328	0.0	-0.38	0.518	0.0	-1.044	0.0	0.0	0.489	0.177	0.0	-0.058	-0.102	0.38	0.0	0.0	-0.523	0.278	0.0	-0.542	0.619	-0.062	-0.228	0.0
location_topic	Wil-28c2_16_buffalo-3	0.0	0.0	0.0	0.0	0.08	0.0	-0.706	0.0	0.0	0.0	0.0	0.0	0.0	0.0	0.0	0.0	0.0	-0.078	0.0	0.0	0.0	0.0	0.0	0.0	0.0	0.0	0.0	-0.285	0.0	0.0	-0.504	0.0	-0.005	-0.059	0.0	0.0	0.0	0.0	0.0	0.0	0.0	0.0	0.0	0.0	0.0	0.0	0.126	0.0	0.0	0.0	0.768	-0.346	0.0	0.0	0.0	0.0	0.163	0.0	0.0	0.068	0.0	0.0	0.0	0.0	0.0	0.0	0.0	0.0	0.0	0.0	0.0	0.0	0.0	0.0	0.28	0.0	0.0	0.0	0.497	0.0	0.0	0.0	0.0	-0.099	0.0	0.0	0.241	0.0	0.0	0.0
location_topic	Wil-28c2_72_buffalo-3	0.0	0.0	0.0	0.0	0.209	0.0	-0.438	0.0	0.0	0.0	0.0	0.0	0.0	0.0	0.0	0.0	0.0	-0.078	0.0	0.0	0.0	0.0	0.0	0.0	0.0	0.0	0.0	-0.058	0.0	0.0	-0.504	0.0	-0.005	0.232	0.0	0.0	0.0	0.0	0.0	0.0	0.0	0.0	0.0	0.0	0.0	0.0	0.126	0.0	0.0	0.0	0.768	-0.346	0.0	0.0	0.0	0.0	0.208	0.0	0.0	0.068	0.0	0.0	0.0	0.0	0.0	0.0	0.0	0.0	0.0	0.0	0.0	0.0	0.0	0.0	0.034	0.0	0.0	0.0	0.101	0.0	0.0	0.0	0.0	-0.099	0.0	0.0	0.808	0.0	0.0	0.0
location_topic	Wil-28c2_68_buffalo-3	0.0	0.0	0.0	0.0	0.081	0.0	-0.693	0.0	0.0	0.0	0.0	0.0	0.0	0.0	0.0	0.0	0.0	-0.078	0.0	0.0	0.0	0.0	0.0	0.0	0.0	0.0	0.0	0.02	0.0	0.0	-0.504	0.0	-0.005	0.109	0.0	0.0	0.0	0.0	0.0	0.0	0.0	0.0	0.0	0.0	0.0	0.0	0.126	0.0	0.0	0.0	0.768	-0.346	0.0	0.0	0.0	0.0	0.158	0.0	0.0	0.068	0.0	0.0	0.0	0.0	0.0	0.0	0.0	0.0	0.0	0.0	0.0	0.0	0.0	0.0	-0.124	0.0	0.0	0.0	0.196	0.0	0.0	0.0	0.0	-0.099	0.0	0.0	0.65	0.0	0.0	0.0
location_topic	Wil-28c2_75_buffalo-3	0.0	0.0	0.0	0.0	0.09	0.0	-0.688	0.0	0.0	0.0	0.0	0.0	0.0	0.0	0.0	0.0	0.0	-0.078	0.0	0.0	0.0	0.0	0.0	0.0	0.0	0.0	0.0	-0.185	0.0	0.0	-0.504	0.0	-0.005	-0.229	0.0	0.0	0.0	0.0	0.0	0.0	0.0	0.0	0.0	0.0	0.0	0.0	0.126	0.0	0.0	0.0	0.768	-0.346	0.0	0.0	0.0	0.0	0.237	0.0	0.0	0.068	0.0	0.0	0.0	0.0	0.0	0.0	0.0	0.0	0.0	0.0	0.0	0.0	0.0	0.0	0.426	0.0	0.0	0.0	0.239	0.0	0.0	0.0	0.0	-0.099	0.0	0.0	0.37	0.0	0.0	0.0
location_topic	Wil-28c2_76_buffalo-3	0.0	0.0	0.0	0.0	0.0	0.0	0.0	0.0	0.0	0.0	0.0	0.0	0.0	0.0	0.0	0.0	0.0	-0.078	0.0	0.0	0.0	0.0	0.0	0.0	0.0	0.0	0.0	0.0	0.0	0.0	-0.504	0.0	-0.005	0.0	0.0	0.0	0.0	0.0	0.0	0.0	0.0	0.0	0.0	0.0	0.0	0.0	0.126	0.0	0.0	0.0	0.768	-0.346	0.0	0.0	0.0	0.0	0.0	0.0	0.0	0.068	0.0	0.0	0.0	0.0	0.0	0.0	0.0	0.0	0.0	0.0	0.0	0.0	0.0	0.0	0.0	0.0	0.0	0.0	0.0	0.0	0.0	0.0	0.0	-0.099	0.0	0.0	0.0	0.0	0.0	0.0
location_topic	Mar-3955_65_Markhor-1	0.0	0.0	0.0	0.0	0.0	0.0	0.0	0.0	0.0	0.0	0.0	0.0	0.0	0.0	0.0	0.0	0.0	0.0	0.0	0.0	0.0	0.0	0.0	0.0	0.0	0.0	0.0	0.0	0.0	0.0	0.0	0.0	0.0	0.0	0.0	0.0	0.0	0.0	0.0	0.0	0.0	0.0	0.0	0.0	0.0	0.0	0.0	0.0	0.0	0.0	0.0	0.0	0.0	0.0	0.0	0.0	0.0	0.0	0.0	0.0	0.0	0.0	0.0	0.0	0.0	0.0	0.0	0.0	0.0	0.0	0.0	0.0	0.0	0.0	0.0	0.0	0.0	0.0	0.0	0.0	0.0	0.0	0.0	0.0	0.0	0.0	0.0	0.0	0.0	0.0
location_topic	Mar2a6b_5_Markhor-1	0.0	0.0	-0.006	0.0	0.0	0.0	0.0	0.0	0.0	-0.239	0.0	0.0	0.0	0.0	0.0	0.538	0.0	0.0	0.0	0.0	0.0	-0.321	-0.183	0.0	0.0	0.0	0.0	0.0	0.0	-0.426	0.0	0.036	0.0	0.0	0.0	0.0	0.0	0.0	0.0	0.0	0.02	0.0	0.0	0.0	0.0	0.0	0.0	0.0	0.022	0.0	0.0	0.0	0.0	0.0	-0.524	0.0	0.575	0.0	0.0	0.0	0.0	0.0	0.0	0.0	0.0	0.0	0.0	0.0	0.0	0.0	0.0	-0.02	0.0	-0.05	0.0	0.0	0.0	0.0	0.0	0.0	-0.761	0.0	0.0	0.0	0.0	0.0	0.0	0.0	0.0	0.0
location_topic	Mar-3955_82_Markhor-1	0.0	0.0	0.0	0.0	0.0	0.0	0.0	0.0	0.0	0.0	0.0	0.0	0.0	0.0	0.0	0.0	0.0	0.0	0.0	0.0	0.0	0.0	0.0	0.0	0.0	0.0	0.0	0.0	0.0	0.0	0.0	0.0	0.0	0.0	0.0	0.0	0.0	0.0	0.0	0.0	0.0	0.0	0.0	0.0	0.0	0.0	0.0	0.0	0.0	0.0	0.0	0.0	0.0	0.0	0.0	0.0	0.0	0.0	0.0	0.0	0.0	0.0	0.0	0.0	0.0	0.0	0.0	0.0	0.0	0.0	0.0	0.0	0.0	0.0	0.0	0.0	0.0	0.0	0.0	0.0	0.0	0.0	0.0	0.0	0.0	0.0	0.0	0.0	0.0	0.0
location_topic	Mar-3955_40_Markhor-1	0.0	0.0	0.0	0.0	0.0	0.0	0.0	0.0	0.0	0.0	0.0	0.0	0.0	0.0	0.0	0.0	0.0	0.0	0.0	0.0	0.0	0.0	0.0	0.0	0.0	0.0	0.0	0.0	0.0	0.0	0.0	0.0	0.0	0.0	0.0	0.0	0.0	0.0	0.0	0.0	0.0	0.0	0.0	0.0	0.0	0.0	0.0	0.0	0.0	0.0	0.0	0.0	0.0	0.0	0.0	0.0	0.0	0.0	0.0	0.0	0.0	0.0	0.0	0.0	0.0	0.0	0.0	0.0	0.0	0.0	0.0	0.0	0.0	0.0	0.0	0.0	0.0	0.0	0.0	0.0	0.0	0.0	0.0	0.0	0.0	0.0	0.0	0.0	0.0	0.0
location_topic	Mar-3955_39_Markhor-1	0.0	0.36	0.82	-1.429	-0.046	-0.049	-0.661	-0.439	-0.056	0.141	-0.267	0.0	-0.441	0.146	-0.347	0.052	-0.917	-1.032	0.0	0.0	-0.604	0.0	-0.056	0.0	-0.538	0.0	-0.511	0.0	0.0	-0.347	-0.006	-0.124	-0.041	-1.028	0.0	0.234	-0.534	-0.096	0.0	-0.372	0.0	-0.213	0.0	0.0	-0.495	0.052	-0.645	-0.268	-0.284	-0.001	0.0	-0.081	-0.505	0.407	-0.198	0.0	-0.26	-0.693	-0.305	-0.702	0.791	-1.108	-1.204	-0.262	-0.505	0.0	-0.914	-0.033	0.0	0.0	0.0	-0.719	0.0	-0.659	-0.241	0.0	0.0	0.0	0.0	0.0	-0.899	0.0	0.0	0.0	0.0	0.058	-0.001	-1.189	0.0	0.0
location_topic	Mar-3955_72_Markhor-1	0.0	0.0	0.0	0.0	0.0	0.0	0.0	0.0	0.0	0.0	0.0	0.0	0.0	0.0	0.0	0.0	0.0	0.0	0.0	0.0	0.0	0.0	0.0	0.0	0.0	0.0	0.0	0.0	0.0	0.0	0.0	0.0	0.0	0.0	0.0	0.0	0.0	0.0	0.0	0.0	0.0	0.0	0.0	0.0	0.0	0.0	0.0	0.0	0.0	0.0	0.0	0.0	0.0	0.0	0.0	0.0	0.0	0.0	0.0	0.0	0.0	0.0	0.0	0.0	0.0	0.0	0.0	0.0	0.0	0.0	0.0	0.0	0.0	0.0	0.0	0.0	0.0	0.0	0.0	0.0	0.0	0.0	0.0	0.0	0.0	0.0	0.0	0.0	0.0	0.0
location_topic	Mar-3955_49_Markhor-1	0.0	0.0	0.0	0.0	0.0	0.0	0.0	0.0	0.0	0.0	0.0	0.0	0.0	0.0	0.0	0.0	0.0	0.0	0.0	0.0	0.0	0.0	0.0	0.0	0.0	0.0	0.0	0.0	0.0	0.0	0.0	0.0	0.0	0.0	0.0	0.0	0.0	0.0	0.0	0.0	0.0	0.0	0.0	0.0	0.0	0.0	0.0	0.0	0.0	0.0	0.0	0.0	0.0	0.0	0.0	0.0	0.0	0.0	0.0	0.0	0.0	0.0	0.0	0.0	0.0	0.0	0.0	0.0	0.0	0.0	0.0	0.0	0.0	0.0	0.0	0.0	0.0	0.0	0.0	0.0	0.0	0.0	0.0	0.0	0.0	0.0	0.0	0.0	0.0	0.0
location_topic	Arg-817f_2_sheep-13	-0.006	-0.012	0.41	0.283	-0.095	0.0	0.0	-0.505	0.412	-0.219	0.0	-0.852	-0.498	-0.534	0.128	0.0	0.0	0.0	-0.038	-0.051	-0.223	0.0	0.0	-0.465	0.0	0.0	-0.179	-0.06	0.0	0.0	0.0	-0.478	0.0	-0.55	-0.41	0.0	-0.161	-0.45	0.0	-0.412	0.298	-0.299	-0.226	0.735	-0.595	0.0	0.0	0.0	-0.392	-0.029	-0.046	-0.131	0.258	0.0	-0.308	-0.301	-0.23	-0.17	0.0	0.0	0.0	0.0	-0.348	0.0	0.0	-0.962	0.0	0.338	-0.375	0.0	0.0	-0.3	0.0	-0.136	0.0	-0.151	-0.343	0.0	0.0	-0.368	0.741	0.0	0.0	0.3	-0.366	0.0	-0.523	0.0	-0.006	0.345
location_topic	Arg-817f_2_sheep-18	0.025	-0.245	-0.303	0.0	-1.141	-0.612	-0.834	-0.779	-0.732	-0.325	-0.051	-0.637	-0.258	-0.649	0.283	-0.37	-0.666	-0.876	-0.109	-0.48	0.0	-0.176	-0.332	-0.41	-0.478	-0.337	-0.397	-1.359	-0.533	0.0	-0.378	-0.897	-0.005	-1.124	-0.29	-0.342	-0.445	0.225	-0.515	-0.41	0.477	0.308	-0.132	-0.434	-0.206	0.292	-0.314	-0.343	0.0	-1.905	0.631	0.358	-0.697	0.0	0.0	-0.142	-0.948	-0.084	0.848	0.07	0.044	-1.542	-0.631	0.0	-0.075	-0.523	0.0	0.0	0.521	0.0	-0.036	-0.648	0.806	-0.338	-0.761	-1.145	0.0	1.576	-0.03	-0.56	-0.15	0.0	0.0	-0.419	0.0	-0.187	0.95	-0.005	-0.128	0.0
location_topic	Big-0af3_9_sheep-24	-0.238	0.0	0.352	0.0	-0.394	0.347	0.0	-0.391	-0.195	-1.324	0.0	0.183	0.0	-0.534	0.0	0.192	0.077	-0.301	-0.327	0.0	0.0	-0.287	-0.482	0.0	0.0	0.0	-0.057	0.0	-0.046	0.574	0.06	0.0	0.621	-0.341	0.64	-0.765	0.0	-0.353	0.0	-0.765	-0.029	0.595	-0.604	-0.239	-0.387	-0.268	-0.139	0.0	0.0	0.361	0.909	-0.078	-0.056	0.0	-1.105	0.0	0.009	-0.535	-0.256	-0.158	0.403	-0.169	0.308	0.0	0.0	0.095	-0.41	-0.523	-0.772	-0.061	-0.347	-1.095	0.0	0.0	0.142	-0.237	-0.051	0.0	0.0	-0.626	-0.113	0.0	0.469	-0.051	0.261	-0.551	-0.683	0.052	-0.006	-0.392
location_topic	Dal-d353_109_sheep-2	0.0	0.0	0.0	0.0	0.674	0.0	0.0	0.061	0.116	-0.266	0.0	0.0	0.0	0.0	0.0	0.0	0.0	0.0	0.0	0.0	0.0	0.0	0.0	0.018	-0.175	0.0	-0.549	0.0	0.0	0.0	0.0	0.393	-0.07	0.0	0.125	0.0	-0.161	0.0	0.0	-0.315	0.0	0.0	0.0	0.0	0.0	0.0	-0.668	0.0	0.0	0.0	0.0	-0.018	0.0	0.0	-0.308	0.0	-0.115	0.0	0.0	0.0	0.147	0.0	0.0	0.0	0.0	0.0	0.0	-0.625	-0.33	-0.19	-0.53	-0.542	0.0	-0.136	0.0	0.0	0.0	0.0	-0.223	0.0	0.0	0.098	0.0	-0.136	-0.366	0.0	0.0	0.597	0.0	0.0
location_topic	Big-0af3_9_sheep-10	0.0	0.0	0.393	0.0	0.114	-0.402	-0.075	0.487	0.045	-0.951	-0.129	0.0	0.0	0.106	-0.274	-0.052	-0.113	-0.232	0.0	-0.541	0.0	-0.33	0.0	0.22	-0.609	0.0	-0.547	0.0	0.0	0.0	-0.823	0.564	-0.425	0.469	0.125	0.607	0.022	-0.461	-0.333	-0.315	-0.427	0.0	0.0	0.0	0.0	-0.7	-0.23	0.0	0.0	-0.07	0.0	-0.393	-0.161	0.0	-0.256	-0.968	-0.232	-0.48	0.352	0.0	0.289	0.0	0.0	-0.693	0.516	-0.459	0.0	-0.601	-0.847	-0.265	-0.473	-0.668	0.0	-0.136	0.0	-0.018	-0.642	0.0	-0.178	-0.019	0.0	0.098	-0.353	-0.136	-0.366	0.0	0.571	0.674	-0.347	0.0
location_topic	Tun-c63e_40_ox-10	0.612	-0.886	0.0	-0.351	-1.089	0.0	0.0	0.0	-0.503	0.0	0.0	0.0	0.094	0.0	0.0	-0.051	0.0	2.369	-0.725	-1.5	0.0	-0.377	0.0	0.0	0.0	-0.823	0.0	0.0	-0.049	0.0	-0.127	-0.048	0.0	-0.125	0.0	0.0	0.0	0.0	0.0	0.0	-0.651	0.0	0.035	0.0	-0.062	-0.469	-0.339	0.0	0.693	0.0	0.0	0.0	0.0	-0.83	0.0	0.406	0.0	0.0	-0.095	0.0	-0.676	1.14	0.337	-0.063	-0.394	-0.403	0.0	-0.63	0.0	0.0	0.0	-0.07	0.34	-0.128	-0.265	-1.182	0.0	0.094	-0.502	-1.299	0.0	-0.364	0.0	1.236	0.0	0.0	0.0	0.0	0.084	-0.315
location_topic	Nub-af58_131_ibex-2	0.0	-0.022	0.242	-0.23	0.05	0.0	-0.369	-0.643	0.0	0.023	0.0	0.0	0.0	0.146	0.356	0.108	0.206	-1.099	-0.662	0.117	-0.604	0.0	0.262	-0.422	-1.431	-0.239	-0.33	-0.169	-0.663	0.0	0.0	0.176	-0.475	-1.148	0.0	0.731	0.0	-0.184	0.0	0.576	-0.208	-0.155	-0.792	-0.536	-0.297	0.0	-0.233	-0.191	0.0	-0.001	0.0	-0.902	0.0	0.0	-0.282	-0.72	-0.153	0.0	0.262	-0.216	0.33	-1.06	-0.187	-0.043	0.0	0.0	-0.549	-0.621	0.369	0.045	-0.556	-0.739	-0.829	0.0	0.0	0.034	0.0	-0.055	-0.584	0.194	0.0	0.0	0.0	0.076	-0.109	-0.755	-0.131	-0.736	0.159	0.128
location_topic	Nub-af58_2_ibex-3	-0.239	0.087	0.0	-0.076	-0.42	-0.338	-0.709	-0.82	0.352	0.033	-0.167	-0.351	-0.233	-0.534	0.423	-0.246	-0.518	0.0	-0.456	-0.736	0.0	0.0	-0.292	0.0	0.0	-0.903	0.0	-0.491	0.0	-0.878	-0.056	0.066	-0.243	-0.886	-0.42	0.0	-0.176	-0.516	0.0	0.652	0.298	0.0	-0.368	0.077	-0.289	0.519	-0.621	0.0	0.0	0.001	-0.206	-0.65	-0.05	-0.642	-0.198	0.0	0.178	0.0	-0.202	0.127	-0.186	0.562	0.284	-0.915	0.0	0.0	0.0	-0.57	-0.38	-0.159	0.44	-1.244	-0.272	0.0	0.342	0.497	-0.686	0.0	0.144	0.133	-0.396	0.0	0.0	-0.454	0.0	0.0	0.562	0.293	-0.402	-0.51
location_topic	Nub-af58_134_ibex-2	0.0	0.0	0.0	0.0	0.334	0.0	-0.64	0.0	0.0	0.0	0.0	0.125	0.0	0.0	0.183	-0.176	-0.247	-0.372	0.435	0.0	0.0	0.0	0.0	0.0	-0.136	0.0	0.095	0.241	0.0	0.0	0.0	0.0	0.0	-0.331	0.0	0.0	0.0	-0.903	0.0	0.025	0.0	0.0	0.0	0.0	-0.629	0.0	0.0	-0.221	0.0	0.0	0.0	0.0	0.0	0.0	0.0	0.0	0.304	0.0	0.0	0.0	0.0	0.0	0.0	0.0	0.06	0.3	0.0	0.0	0.0	-0.693	0.0	0.0	0.0	0.0	0.191	0.0	0.263	0.0	0.426	0.0	0.0	0.0	0.0	0.0	0.207	0.0	0.134	0.0	0.0	0.0
location_topic	Nub-af58_1_ibex-2	0.0	0.0	0.0	0.0	0.0	0.0	0.0	0.0	0.0	0.0	0.0	0.0	0.0	0.0	0.0	0.0	0.0	0.0	0.0	0.0	0.0	0.0	0.0	0.0	0.0	0.0	0.0	0.0	0.0	0.0	0.0	0.0	0.0	0.0	0.0	0.0	0.0	0.0	0.0	0.0	0.0	0.0	0.0	0.0	0.0	0.0	0.0	0.0	0.0	0.0	0.0	0.0	0.0	0.0	0.0	0.0	0.0	0.0	0.0	0.0	0.0	0.0	0.0	0.0	0.0	0.0	0.0	0.0	0.0	0.0	0.0	0.0	0.0	0.0	0.0	0.0	0.0	0.0	0.0	0.0	0.0	0.0	0.0	0.0	0.0	0.0	0.0	0.0	0.0	0.0
location_topic	Nub-af58_130_ibex-15	0.276	-0.56	0.0	0.0	0.021	-0.734	-0.33	0.0	0.0	-1.008	0.0	0.0	0.0	-0.819	-0.292	-0.484	-0.839	-0.79	-0.433	-0.293	-0.87	0.338	0.0	0.195	0.0	-0.344	0.0	-0.221	-0.49	0.088	-0.056	0.0	-0.767	-0.673	0.246	0.0	0.912	-0.353	0.305	-0.032	0.0	0.242	0.0	0.0	0.0	-0.304	-0.354	-0.665	-0.347	0.0	-0.869	0.447	-1.212	-0.314	0.236	-1.468	-0.522	0.0	-0.23	-0.603	-0.228	0.0	-0.102	-0.24	0.092	0.0	-0.752	-0.189	0.094	0.0	0.0	-0.306	-0.249	0.0	0.001	0.243	0.23	0.077	-0.293	-0.219	-0.366	0.103	0.0	-0.425	0.0	0.0	0.0	-0.553	0.268	0.051
location_topic	Nub-af58_135_ibex-10	0.0	0.0	0.564	0.0	-0.722	-0.576	0.295	-0.487	-0.427	-0.509	0.0	0.0	0.0	0.303	0.225	0.0	0.0	0.0	0.318	-0.743	0.0	-0.195	0.0	-0.205	0.01	0.0	0.0	0.0	0.0	0.0	0.0	-0.723	0.159	0.028	0.0	0.0	-0.005	-0.691	0.0	0.041	-0.529	0.0	0.299	0.0	0.0	-0.257	0.0	0.017	0.121	0.153	-0.586	0.571	0.244	0.347	0.0	-0.737	0.334	0.0	0.0	0.0	0.013	0.0	0.0	0.311	-0.111	-0.306	0.0	0.0	-0.408	0.105	0.218	-0.578	-0.378	0.0	0.162	-0.106	0.0	0.0	0.0	0.153	0.0	0.0	-0.47	0.0	0.399	0.0	0.0	0.0	0.0	0.0
location_topic	Nub-af58_185_ibex-2	0.0	-0.679	0.0	0.0	0.203	0.0	-1.366	0.0	0.0	0.0	0.0	0.154	0.363	0.0	0.0	0.0	0.0	0.0	0.0	0.0	0.0	-0.3	0.23	0.0	0.0	0.0	0.0	-0.122	0.0	0.0	0.0	0.153	0.0	0.021	-0.67	0.392	0.0	-0.31	0.0	0.0	0.142	0.0	0.0	-0.107	-0.29	0.011	0.0	0.0	0.0	0.0	0.0	0.0	0.0	0.0	0.0	-0.787	0.4	0.0	0.0	0.0	0.0	0.0	-0.085	0.0	0.0	0.0	0.0	0.0	0.0	0.0	-0.147	0.468	0.0	-0.178	1.103	0.0	0.0	0.524	-0.874	0.0	-0.844	0.0	0.0	-0.109	0.0	0.0	0.888	0.0	0.0	0.0
location_topic	Nub-af58_198_ibex-3	-0.455	0.0	0.22	0.0	0.0	0.379	-0.018	-0.566	0.352	-0.592	0.0	0.0	0.0	-0.534	0.0	0.0	1.326	0.0	-0.142	0.245	0.0	0.0	-0.174	0.592	-0.07	-1.334	-0.524	-0.348	0.0	0.475	-0.006	0.0	-0.044	-0.84	0.0	0.0	0.0	0.0	-0.569	-0.444	0.298	0.0	0.0	0.0	0.0	0.052	-0.583	0.0	-0.223	-0.305	0.0	0.127	-0.05	0.0	-0.198	0.116	-0.595	0.0	0.0	0.013	-0.274	0.0	-0.005	0.0	0.0	0.0	0.0	0.0	-0.386	-0.332	-0.1	-0.613	0.0	-0.053	-0.316	0.0	0.393	0.0	0.0	0.0	-0.528	0.0	0.0	-0.542	0.0	-0.625	0.067	0.0	-0.006	0.0
location_topic	Nub-af58_201_ibex-2	0.0	-0.679	0.0	0.0	0.197	0.0	-0.756	0.0	0.0	0.0	0.0	0.154	0.363	0.0	0.0	0.0	0.0	0.0	0.0	0.0	0.0	-0.3	0.23	0.0	0.0	0.0	0.0	-0.021	0.0	0.0	0.0	0.153	0.0	-0.028	-0.67	0.392	0.0	-0.31	0.0	0.0	0.142	0.0	0.0	-0.107	-0.29	0.011	0.0	0.0	0.0	0.0	0.0	0.0	0.0	0.0	0.0	-0.787	0.212	0.0	0.0	0.0	0.0	0.0	-0.085	0.0	0.0	0.0	0.0	0.0	0.0	0.0	-0.147	0.468	0.0	-0.178	0.793	0.0	0.0	0.524	-0.33	0.0	-0.844	0.0	0.0	-0.109	0.0	0.0	0.455	0.0	0.0	0.0
location_topic	Dal-d353_97_dalli-17	0.759	-0.051	0.0	0.0	0.0	0.387	0.324	0.0	0.0	0.0	0.041	-0.362	0.0	-0.018	0.0	0.0	0.0	0.0	0.0	0.0	0.0	-0.232	-0.767	0.0	0.0	0.0	0.0	0.0	0.0	-0.113	0.02	-0.39	-0.07	0.0	-0.076	-0.056	-0.1	0.0	0.0	-0.62	0.403	0.0	0.0	0.0	0.0	-0.161	0.0	-0.055	0.0	0.0	0.0	0.419	0.466	0.0	-0.195	-0.301	0.571	0.0	0.909	0.0	-0.566	0.0	-0.082	0.0	0.0	0.06	0.0	0.0	0.0	0.0	0.0	-0.434	-0.542	0.0	-0.078	0.0	-0.285	0.0	0.0	0.0	0.077	0.0	0.0	0.0	0.0	0.211	-0.625	0.0	0.0	0.0
location_topic	Dal-d353_97_dalli-18	0.0	-0.353	0.3	0.0	0.571	0.0	0.0	0.403	0.0	-0.519	-0.082	-0.039	0.193	-0.285	0.0	0.0	-0.107	0.0	0.06	-0.221	-0.729	0.0	0.041	-0.113	0.108	0.0	0.0	-0.498	-0.116	1.368	0.393	0.0	-0.755	0.708	-0.385	0.0	-0.434	0.193	-0.274	0.0	-0.319	-0.393	-0.488	-0.566	0.0	0.0	0.0	-0.723	0.121	0.0	-0.299	0.0	-0.026	0.753	0.077	0.0	-0.289	0.209	0.02	0.0	-0.548	0.0	0.517	-0.39	-0.02	-0.303	0.0	0.0	-0.164	0.474	0.0	-0.72	0.0	-0.195	-0.07	0.0	0.0	0.983	0.0	0.0	-0.076	0.0	0.0	-0.011	-0.479	0.0	0.274	-0.679	0.139	-0.011
location_topic	Bha-2df5_2_nayaur-5	0.0	0.0	-0.506	0.0	-0.161	0.0	0.0	0.0	-1.192	0.0	-0.551	0.0	0.0	0.0	0.0	0.0	-0.152	0.0	0.0	0.0	0.098	-0.183	-1.232	0.0	-0.031	0.314	0.0	0.0	0.0	0.659	-0.111	0.0	-0.226	-0.103	0.0	0.0	0.0	0.0	0.0	0.0	-0.012	0.0	-0.799	-0.532	0.0	-0.14	0.0	0.0	0.0	0.0	0.0	0.0	0.0	-0.572	0.0	0.0	0.252	0.0	-0.255	0.0	0.116	-0.326	-0.201	-0.476	0.0	0.0	0.0	0.0	0.0	0.412	0.0	-0.195	0.0	0.0	-0.41	0.391	-0.217	0.0	-0.072	-0.267	-0.033	0.0	0.0	0.0	0.0	0.0	0.0	0.0	0.0	0.0
location_topic	Sno-d342_91_nayaur-13	0.0	0.0	0.352	-0.014	-0.353	0.019	0.457	-2.661	-0.195	-1.645	-0.76	-0.725	0.0	0.0	1.104	-0.626	-0.055	-0.831	-0.77	0.0	1.961	0.694	-0.161	0.0	0.0	0.0	-0.077	-0.395	-0.557	0.866	-0.642	0.0	0.376	0.183	0.0	0.141	0.0	-0.768	0.0	-1.63	0.241	0.364	-0.133	0.0	-0.387	-0.242	-0.819	-1.447	-1.552	0.024	0.0	0.501	-0.517	0.0	-0.647	0.748	-0.753	-0.324	0.02	-0.624	0.734	-0.39	-0.128	0.708	0.0	-0.302	-0.465	0.0	-0.478	-0.192	2.693	-1.78	0.0	0.0	-0.714	-0.532	-0.278	-0.039	-0.131	-0.832	-0.19	0.0	-0.142	0.349	0.0	0.0	-0.683	-0.591	0.0	-0.327
location_topic	Wat-9861_26_buffaloes-2	0.232	0.0	-0.794	0.0	0.0	-0.921	0.0	-0.302	-0.313	-0.174	0.0	-0.15	0.0	0.0	0.0	0.143	-0.495	0.0	0.0	0.0	0.0	0.0	0.0	0.0	-0.074	-0.29	0.0	-0.058	-0.969	0.0	0.0	0.069	0.0	0.0	0.285	0.0	0.0	-0.176	0.0	-0.234	0.079	-0.005	-0.602	0.0	-0.336	0.174	-0.622	-0.001	0.041	0.0	0.0	-0.443	0.0	-0.464	0.0	-0.146	-1.019	0.0	0.0	-0.178	-0.522	0.187	0.0	0.0	0.0	0.0	0.0	-0.368	-0.109	0.0	-0.551	-0.405	0.0	-0.665	-0.148	0.372	0.151	-0.128	0.0	-0.172	0.0	0.089	0.0	-0.244	0.0	0.0	0.0	0.0	0.0	0.0
location_topic	Tem-2c3b_12_Saiga-26	0.746	0.0	0.0	-0.495	0.253	0.069	0.36	0.0	-0.199	-0.292	0.0	-0.069	0.0	0.0	0.109	-0.24	0.0	1.431	0.0	0.075	-0.19	0.42	-0.382	-0.863	0.0	0.0	-0.287	0.0	0.0	0.246	-0.116	0.0	0.0	-0.84	-0.445	0.184	-0.19	-0.129	-0.777	0.031	-0.408	0.0	0.0	-0.011	-0.935	-0.827	-0.143	0.0	0.0	-0.255	-0.304	0.0	0.0	-0.158	0.0	0.0	-0.185	0.0	0.0	0.0	-0.598	-0.099	-0.167	0.513	-0.439	-0.116	0.0	-0.514	0.0	0.003	0.0	0.291	-0.128	-0.526	-0.199	-0.933	0.0	0.0	-0.705	-0.315	-0.586	0.314	0.286	-1.044	-0.226	0.0	0.0	0.0	0.0	-0.065
location_topic	Spr-39f8_164_Springbok-1	0.0	-0.438	0.0	0.0	0.081	0.0	-0.693	0.0	0.0	0.0	0.0	0.0	0.232	0.0	0.0	0.0	0.0	0.0	0.0	0.0	0.0	0.04	0.0	0.0	0.0	0.0	0.0	0.02	0.0	0.0	0.0	-0.259	0.0	-0.382	0.0	0.392	0.0	0.0	0.0	0.0	0.0	0.0	0.0	0.0	-0.094	0.0	0.0	0.0	0.0	0.0	0.0	0.0	0.0	0.0	0.0	0.0	0.367	0.0	0.0	0.0	0.0	0.0	-0.058	0.0	0.0	0.0	0.0	0.0	0.0	0.0	0.0	0.0	0.0	-0.133	-0.124	0.0	0.0	0.808	0.196	0.0	-0.608	0.0	0.0	-0.109	0.0	0.0	0.65	0.0	0.0	0.0
location_topic	Spr-39f8_156_Springbok-1	0.0	-0.699	0.0	0.0	-0.268	0.0	-0.637	0.0	0.0	0.0	0.0	0.0	0.222	0.0	0.0	0.0	0.0	0.0	0.0	0.0	0.0	-0.039	0.0	0.0	0.0	0.0	0.0	-0.244	0.0	0.0	0.0	-0.259	0.0	-0.202	0.0	0.392	0.0	0.0	0.0	0.0	0.0	0.0	0.0	0.0	-0.328	0.0	0.0	0.0	0.0	0.0	0.0	0.0	0.0	0.0	0.0	0.0	-0.188	0.0	0.0	0.0	0.0	0.0	-0.111	0.0	0.0	0.0	0.0	0.0	0.0	0.0	0.0	0.0	0.0	-0.133	-0.044	0.0	0.0	0.524	0.261	0.0	-1.019	0.0	0.0	-0.109	0.0	0.0	0.555	0.0	0.0	0.0
location_topic	Spr-39f8_168_Springbok-1	-0.121	-0.195	-1.564	-1.86	0.0	0.183	0.0	0.86	0.0	-0.572	-0.042	-1.015	-0.722	-0.315	-0.905	0.0	-0.596	0.0	0.0	1.52	0.0	-0.364	-0.4	0.0	0.0	0.0	0.0	-0.387	0.0	-0.205	-0.947	0.0	-1.262	-0.381	0.0	0.0	0.0	0.0	0.145	0.146	-0.159	-0.593	0.913	0.0	-1.006	2.017	0.234	-0.564	0.0	0.0	0.0	0.283	-0.465	-0.758	-0.861	-0.666	-0.265	0.0	0.0	-0.937	0.0	-0.704	0.0	0.334	0.0	0.0	1.484	-0.267	-0.185	-0.54	0.847	0.283	0.0	1.272	0.0	0.0	0.0	-0.139	-0.851	0.0	-0.31	0.0	0.0	0.0	-0.284	0.0	0.0	-0.547	0.0	0.0
location_topic	Afr-354e_3_caffer-29	0.784	-0.334	0.0	-0.175	0.134	-0.025	-0.523	0.0	0.0	0.0	-0.41	0.0	0.0	0.0	0.047	0.0	-0.3	0.0	0.0	0.347	-0.834	-0.851	-0.657	0.0	0.233	0.0	0.0	0.0	0.0	-0.284	-0.051	0.0	-0.392	0.0	-0.354	-0.086	-0.638	0.0	0.0	-0.542	0.151	0.0	0.0	0.0	0.0	-0.166	0.0	-0.062	0.0	0.0	0.0	0.0	0.0	0.308	-0.167	0.0	0.357	0.0	0.0	0.328	0.0	0.0	-0.006	-0.575	0.0	0.0	0.0	0.0	0.0	0.0	-0.169	-0.093	0.0	-0.225	0.0	0.0	0.0	0.689	-0.322	0.0	0.391	0.0	-0.257	0.0	-0.096	0.056	0.008	0.0	0.0	0.0
location_topic	Afr-354e_3_caffer-10	0.784	-0.071	-0.445	-0.155	0.0	0.419	-0.407	0.0	0.0	0.199	-0.41	0.245	0.0	0.083	-0.279	0.0	0.0	0.0	0.0	0.0	0.0	0.008	-0.953	0.0	0.0	0.0	0.0	0.0	0.0	-0.413	-0.051	0.0	-0.701	0.0	-0.222	-1.321	0.0	0.0	0.0	-0.542	-0.259	0.0	0.0	0.0	-0.112	-0.166	0.0	0.095	0.0	0.0	0.0	0.0	0.0	0.496	-0.072	-0.132	0.631	0.0	0.0	-0.061	0.0	0.0	-0.006	-0.389	0.0	0.0	0.0	0.0	0.0	0.0	0.0	-0.151	-0.428	0.0	0.0	0.0	0.0	0.869	-0.551	0.0	0.188	0.0	-0.214	0.0	0.0	-0.441	-0.581	0.0	0.0	0.0
location_topic	Afr-354e_3_caffer-19	0.287	0.7	-0.475	-0.155	0.0	-0.104	-0.413	0.0	0.0	0.409	-0.571	0.245	0.0	0.083	-0.279	0.733	0.0	0.0	0.0	0.0	0.0	-0.247	-0.875	0.0	0.0	0.0	0.0	0.0	0.0	-0.987	-0.051	-0.025	-0.701	0.0	-0.517	-1.066	0.0	0.0	0.0	-0.542	-0.073	0.0	0.0	-0.41	-0.112	-0.166	0.0	-0.456	-0.051	0.0	0.0	0.0	0.0	0.526	-0.289	-0.025	0.199	0.0	0.0	-0.061	0.0	-0.025	-0.006	-0.389	-0.177	0.0	0.0	0.0	0.0	0.0	0.0	-0.17	-0.428	-0.124	0.0	0.0	0.0	0.869	-0.612	0.0	-0.085	0.0	-0.389	0.0	0.0	-0.519	-0.581	0.0	0.0	0.0
location_topic	Afr-354e_3_caffer-11	0.352	-0.24	-0.006	0.0	1.154	-0.575	0.0	0.342	0.618	0.0	-0.939	-0.41	-0.719	0.0	0.0	0.0	0.264	0.0	0.0	0.0	-0.166	-0.222	-0.217	-0.832	-0.051	-0.247	0.0	-0.105	0.38	0.315	0.369	0.0	-0.041	0.0	0.869	-0.339	-0.886	-0.494	0.0	-0.279	0.0	0.0	-0.265	-0.125	0.0	-0.347	-0.542	-0.904	0.487	-0.123	0.0	0.0	-0.642	-0.523	0.649	-0.086	-1.031	-0.062	0.001	0.0	-0.975	0.0	-1.02	-0.061	-0.198	-0.161	0.784	-0.247	-0.36	0.0	0.0	-0.106	-1.721	-0.586	-0.687	0.0	0.0	-0.044	0.0	0.0	-0.222	1.494	-0.667	0.0	-0.563	0.0	0.0	0.0	0.0	-0.046
location_topic	Wal-cefe_41_ibex-2	0.0	0.0	0.0	0.0	0.081	0.0	-0.693	0.0	0.0	0.0	0.0	0.0	0.0	0.0	0.0	0.0	0.0	0.0	0.0	0.0	0.0	0.0	0.0	0.0	0.0	0.0	0.0	0.02	0.0	0.0	0.0	0.0	0.0	0.109	0.0	0.0	0.0	0.0	0.0	0.0	0.0	0.0	0.0	0.0	0.0	0.0	0.0	0.0	0.0	0.0	0.0	0.0	0.0	0.0	0.0	0.0	0.158	0.0	0.0	0.0	0.0	0.0	0.0	0.0	0.0	0.0	0.0	0.0	0.0	0.0	0.0	0.0	0.0	0.0	-0.124	0.0	0.0	0.0	0.196	0.0	0.0	0.0	0.0	0.0	0.0	0.0	0.65	0.0	0.0	0.0
location_topic	Wal-cefe_56_ibex-2	0.0	0.0	0.0	0.0	0.0	0.0	0.0	0.0	0.0	0.0	0.0	0.0	0.0	0.0	0.0	0.0	0.0	0.0	0.0	0.0	0.0	0.0	0.0	0.0	0.0	0.0	0.0	0.0	0.0	0.0	0.0	0.0	0.0	0.0	0.0	0.0	0.0	0.0	0.0	0.0	0.0	0.0	0.0	0.0	0.0	0.0	0.0	0.0	0.0	0.0	0.0	0.0	0.0	0.0	0.0	0.0	0.0	0.0	0.0	0.0	0.0	0.0	0.0	0.0	0.0	0.0	0.0	0.0	0.0	0.0	0.0	0.0	0.0	0.0	0.0	0.0	0.0	0.0	0.0	0.0	0.0	0.0	0.0	0.0	0.0	0.0	0.0	0.0	0.0	0.0
location_topic	Wal-cefe_55_ibex-2	0.0	0.0	0.0	0.0	0.09	0.0	-0.688	0.0	0.0	0.0	0.0	0.0	0.0	0.0	0.0	0.0	0.0	0.0	0.0	0.0	0.0	0.0	0.0	0.0	0.0	0.0	0.0	-0.185	0.0	0.0	0.0	0.0	0.0	-0.229	0.0	0.0	0.0	0.0	0.0	0.0	0.0	0.0	0.0	0.0	0.0	0.0	0.0	0.0	0.0	0.0	0.0	0.0	0.0	0.0	0.0	0.0	0.237	0.0	0.0	0.0	0.0	0.0	0.0	0.0	0.0	0.0	0.0	0.0	0.0	0.0	0.0	0.0	0.0	0.0	0.426	0.0	0.0	0.0	0.239	0.0	0.0	0.0	0.0	0.0	0.0	0.0	0.37	0.0	0.0	0.0
location_topic	Wal-cefe_53_ibex-3	0.531	0.0	-0.694	0.0	-0.347	0.394	0.054	-0.566	0.05	-0.643	0.0	0.0	-0.185	-0.534	0.665	-0.207	0.0	-0.114	0.0	-0.53	0.0	0.0	0.0	-0.312	0.201	-0.244	0.392	0.0	0.0	0.074	0.497	-0.666	0.0	-0.63	-0.637	0.0	0.0	-0.942	0.799	-0.856	-0.181	-1.108	0.0	-0.205	0.0	0.0	-0.586	0.524	0.0	0.0	0.0	0.0	-0.05	-0.297	0.0	0.0	0.0	0.0	0.26	-0.743	0.052	-0.477	-0.412	0.239	0.0	-0.135	-0.133	0.083	-0.38	0.0	0.128	-0.013	-0.491	-0.244	-0.046	0.0	-0.356	0.0	0.0	0.0	0.0	-0.044	-0.006	-0.643	0.0	0.0	0.352	0.0	-0.349	0.0
location_topic	Wal-cefe_29_ibex-2	0.0	-0.711	0.0	0.0	-0.181	0.0	-0.699	0.0	0.0	0.0	0.0	0.0	0.167	0.0	0.0	0.0	0.0	0.0	0.0	0.0	0.0	0.371	0.0	0.0	0.0	0.0	0.0	-0.111	0.0	0.0	0.0	-0.259	0.0	-0.269	0.0	0.392	0.0	0.0	0.0	0.0	0.0	0.0	0.0	0.0	-0.087	0.0	0.0	0.0	0.0	0.0	0.0	0.0	0.0	0.0	0.0	0.0	0.094	0.0	0.0	0.0	0.0	0.0	-0.101	0.0	0.0	0.0	0.0	0.0	0.0	0.0	0.0	0.0	0.0	-0.133	-0.376	0.0	0.0	0.454	0.022	0.0	-0.597	0.0	0.0	-0.109	0.0	0.0	0.524	0.0	0.0	0.0
location_topic	Wal-cefe_10_ibex-9	0.0	-0.54	0.393	0.0	-0.958	-0.677	-0.196	-0.539	-0.405	-1.517	0.023	0.0	0.0	-0.776	-0.256	-0.275	0.0	0.29	0.0	-0.202	0.0	-0.567	0.125	0.885	-0.136	0.614	-0.026	0.0	0.0	-0.63	-0.762	0.207	-0.963	0.186	-0.308	0.0	0.262	0.0	0.091	-0.886	0.298	0.0	-0.244	0.0	-0.051	-0.241	-0.471	-0.388	0.0	-0.07	0.0	-0.514	-0.05	0.0	-0.551	-1.186	-0.239	0.261	-0.564	0.0	0.566	0.0	0.137	-0.473	-0.257	-1.287	0.145	-0.684	-1.175	-0.188	-1.169	-1.876	-0.506	0.0	0.0	-0.018	0.149	0.0	-0.369	0.124	0.0	-0.161	-0.353	0.061	0.0	0.0	0.0	1.059	-0.481	0.0
location_topic	Wal-cefe_11_ibex-2	0.0	0.0	0.0	0.0	0.074	0.0	-0.651	0.0	0.0	0.0	0.0	0.0	0.0	0.0	0.0	0.0	0.0	0.0	0.0	0.0	0.0	0.0	0.0	0.0	0.0	0.0	0.0	-0.239	0.0	0.0	0.0	0.0	0.0	-0.231	0.0	0.0	0.0	0.0	0.0	0.0	0.0	0.0	0.0	0.0	0.0	0.0	0.0	0.0	0.0	0.0	0.0	0.0	0.0	0.0	0.0	0.0	-0.602	0.0	0.0	0.0	0.0	0.0	0.0	0.0	0.0	0.0	0.0	0.0	0.0	0.0	0.0	0.0	0.0	0.0	0.168	0.0	0.0	0.0	0.027	0.0	0.0	0.0	0.0	0.0	0.0	0.0	0.262	0.0	0.0	0.0
location_topic	Wal-cefe_1_ibex-2	0.0	0.0	0.0	0.0	0.0	0.0	0.0	0.0	0.0	0.0	0.0	0.0	0.0	0.0	0.0	0.0	0.0	0.0	0.0	0.0	0.0	0.0	0.0	0.0	0.0	0.0	0.0	0.0	0.0	0.0	0.0	0.0	0.0	0.0	0.0	0.0	0.0	0.0	0.0	0.0	0.0	0.0	0.0	0.0	0.0	0.0	0.0	0.0	0.0	0.0	0.0	0.0	0.0	0.0	0.0	0.0	0.0	0.0	0.0	0.0	0.0	0.0	0.0	0.0	0.0	0.0	0.0	0.0	0.0	0.0	0.0	0.0	0.0	0.0	0.0	0.0	0.0	0.0	0.0	0.0	0.0	0.0	0.0	0.0	0.0	0.0	0.0	0.0	0.0	0.0
location_topic	Wal-cefe_23_ibex-2	0.0	0.0	0.0	0.0	0.364	0.0	-0.712	0.0	0.0	0.0	0.0	0.0	0.0	0.0	0.0	0.0	0.0	0.0	0.0	0.0	0.0	0.0	0.0	0.0	0.0	0.0	0.0	0.016	0.0	0.0	0.0	0.0	0.0	0.011	0.0	0.0	0.0	0.0	0.0	0.0	0.0	0.0	0.0	0.0	0.0	0.0	0.0	0.0	0.0	0.0	0.0	0.0	0.0	0.0	0.0	0.0	-0.184	0.0	0.0	0.0	0.0	0.0	0.0	0.0	0.0	0.0	0.0	0.0	0.0	0.0	0.0	0.0	0.0	0.0	0.029	0.0	0.0	0.0	0.315	0.0	0.0	0.0	0.0	0.0	0.0	0.0	0.476	0.0	0.0	0.0
location_topic	Wat-9861_154_buffalo-2	0.0	0.0	0.0	0.0	0.0	0.0	0.0	0.0	0.0	0.0	0.0	0.0	0.0	0.0	0.0	0.0	0.0	0.0	0.0	0.0	0.0	0.0	0.0	0.0	0.0	0.0	0.0	0.0	0.0	0.0	0.0	0.0	0.0	0.0	0.0	0.0	0.0	0.0	0.0	0.0	0.0	0.0	0.0	0.0	0.0	0.0	0.0	0.0	0.0	0.0	0.0	0.0	0.0	0.0	0.0	0.0	0.0	0.0	0.0	0.0	0.0	0.0	0.0	0.0	0.0	0.0	0.0	0.0	0.0	0.0	0.0	0.0	0.0	0.0	0.0	0.0	0.0	0.0	0.0	0.0	0.0	0.0	0.0	0.0	0.0	0.0	0.0	0.0	0.0	0.0
location_topic	Wat-9861_104_buffalo-2	0.0	0.0	0.0	0.0	0.0	0.0	0.0	0.0	0.0	0.0	0.0	0.0	0.0	0.0	0.0	0.0	0.0	0.0	0.0	0.0	0.0	0.0	0.0	0.0	0.0	0.0	0.0	0.0	0.0	0.0	0.0	0.0	0.0	0.0	0.0	0.0	0.0	0.0	0.0	0.0	0.0	0.0	0.0	0.0	0.0	0.0	0.0	0.0	0.0	0.0	0.0	0.0	0.0	0.0	0.0	0.0	0.0	0.0	0.0	0.0	0.0	0.0	0.0	0.0	0.0	0.0	0.0	0.0	0.0	0.0	0.0	0.0	0.0	0.0	0.0	0.0	0.0	0.0	0.0	0.0	0.0	0.0	0.0	0.0	0.0	0.0	0.0	0.0	0.0	0.0
location_topic	Wat-9861_84_buffalo-27	-0.044	0.0	0.443	0.0	-0.625	-0.973	0.051	-0.236	-0.535	-0.802	0.0	0.0	0.0	0.159	0.15	0.604	-0.569	-0.066	0.0	0.0	-0.001	0.0	0.0	-0.271	-0.45	-0.013	0.0	-0.821	0.0	0.0	-0.611	-1.219	0.189	0.25	-0.336	-0.262	0.068	0.0	0.511	0.0	0.0	0.0	-0.949	-0.143	0.0	0.0	-0.638	-0.051	0.0	-0.07	0.553	-1.12	-0.791	0.0	0.0	-0.518	0.0	-0.327	0.0	-0.088	-0.454	0.369	0.0	0.449	0.0	-0.305	0.106	-0.045	-0.114	-0.28	-0.136	-0.725	-0.545	0.0	0.0	-0.018	0.0	0.0	0.732	0.051	0.0	0.0	-0.482	-0.25	0.0	0.352	0.0	0.135	0.0	0.0
location_topic	Wat-9861_84_buffalo-5	-0.036	0.0	0.0	0.0	0.0	0.0	0.0	-0.205	0.0	0.0	0.0	0.0	0.0	-0.771	-0.24	0.0	0.0	0.0	0.0	0.0	0.0	-0.357	-0.325	0.0	0.0	0.0	0.0	0.0	0.559	0.145	0.131	0.164	0.0	-0.009	0.0	0.0	0.0	0.043	0.0	0.0	-1.385	0.0	0.0	0.0	0.0	0.0	0.0	0.0	0.0	0.0	0.0	0.0	-0.386	-0.2	-0.34	0.0	-0.299	0.0	0.0	0.0	0.206	0.0	0.0	0.0	0.207	-0.059	0.0	0.0	0.0	0.0	0.0	0.044	0.0	-0.142	0.0	-0.427	0.0	0.0	0.0	-0.313	-0.455	0.0	0.0	0.0	0.0	0.0	0.0	0.0	0.0	0.0
location_topic	Wat-9861_79_buffalo-13	0.561	0.0	-0.234	0.774	-0.272	-0.149	-0.062	-1.272	0.352	-0.088	-0.471	-0.934	0.245	-0.534	-0.058	-0.467	-0.353	-0.078	-1.343	-0.362	0.0	0.0	0.477	0.082	-0.714	0.006	0.117	-0.95	-0.382	0.439	-0.127	0.0	-0.698	-1.027	-0.462	-0.578	-0.669	-0.02	-0.51	0.0	-2.033	-0.523	-0.364	-0.571	-0.167	-1.273	-0.092	-1.423	0.019	-0.868	0.707	-0.847	-0.684	-0.477	0.0	0.0	-0.513	-0.507	-0.517	-0.165	-0.507	-0.998	-0.547	0.0	0.0	0.0	0.524	-0.714	-0.426	0.308	0.0	-0.997	0.258	0.0	0.489	-0.911	0.0	0.0	-0.102	0.763	0.584	-0.623	0.0	0.134	0.575	0.144	0.619	0.0	-0.23	0.0
location_topic	Wat-9861_79_buffalo-8	0.0	0.0	0.393	-0.48	-0.176	0.0	0.0	0.0	-0.503	-0.342	-0.347	-0.465	0.0	0.978	0.0	-0.4	0.0	-0.2	-0.057	-0.368	-0.215	-0.025	0.0	-0.222	-0.123	-0.853	0.0	-0.166	-0.046	-0.061	-0.539	-0.553	-0.349	-0.021	0.0	-0.091	0.258	-0.676	0.0	1.368	-0.542	-0.666	0.328	0.0	-0.268	0.0	0.212	0.0	0.0	-0.07	0.561	-0.712	-0.36	0.073	-0.551	-0.324	-0.09	0.0	-0.41	-0.851	0.076	0.0	0.0	0.435	0.308	-0.927	-0.237	-0.63	-0.399	0.0	-0.167	-0.542	-0.302	0.089	-0.051	0.546	-0.392	0.0	0.0	-0.231	0.0	0.0	-1.042	-0.806	-0.204	0.352	-0.694	0.0	0.0	0.0
location_topic	Mar-495f_16_buffalo-10	0.22	-0.295	0.196	-0.736	-0.35	-0.621	-1.3	0.0	0.0	-0.542	0.0	-0.001	-0.829	0.06	-0.808	0.0	-0.046	-0.189	0.0	0.0	0.0	-0.48	-0.569	0.0	-0.428	-0.528	0.0	0.0	-0.223	-0.885	-0.391	-0.552	0.616	0.0	-0.6	0.083	0.105	-0.752	-0.873	0.0	-0.267	-0.804	0.0	-0.508	-0.459	0.0	-0.554	-0.058	-0.096	-0.441	-0.751	-0.728	0.0	0.0	0.394	-0.43	-0.182	-0.489	0.352	-0.054	0.0	0.0	-0.256	0.278	0.298	-0.518	0.0	-0.317	-0.457	0.0	-0.032	-0.55	-0.198	-0.692	0.0	0.126	0.0	-0.43	0.0	0.0	0.0	0.0	0.0	0.123	0.254	-0.587	-0.245	0.0	-0.54	0.167
location_topic	Wat-9861_20_buffalos-18	0.0	-0.16	0.393	0.0	-0.849	0.0	-0.32	0.484	-0.006	-0.427	0.0	0.0	-0.144	0.469	-0.354	0.042	0.0	-0.145	-0.644	-0.257	-0.14	-0.283	-0.816	0.0	0.0	0.498	0.0	0.352	0.0	0.183	-0.271	0.0	-0.845	0.206	-0.347	0.0	0.09	0.0	0.0	0.0	0.0	-0.28	0.57	0.0	-0.491	0.0	0.0	0.807	0.0	-0.07	-0.483	-0.123	0.0	0.0	-0.363	-0.77	0.463	-0.284	-0.41	0.0	-0.614	0.0	0.0	-1.251	0.308	-0.697	-0.061	0.0	-1.218	-0.192	-0.356	-0.961	-0.365	-0.003	-0.26	-0.018	0.052	0.0	0.0	-0.006	0.0	-0.694	-0.24	0.0	0.0	0.375	-0.266	0.0	0.0	0.0
location_topic	Wil-28c2_15_buffalo-14	0.0	0.0	0.276	0.0	-0.625	0.0	-0.198	-0.566	-0.006	-0.519	0.0	0.0	0.0	-0.88	0.0	0.0	0.0	-0.325	-0.075	0.0	0.0	0.0	0.0	0.0	0.0	0.0	0.0	-0.225	0.0	0.083	-1.256	-0.384	-0.104	-0.125	-0.286	0.0	0.138	0.063	-0.469	0.0	0.138	0.0	0.439	-0.593	0.263	0.0	0.213	-0.379	0.0	-0.081	0.863	-0.824	-0.05	0.0	-0.551	-0.223	0.0	-0.966	-0.784	-0.307	-0.137	-0.395	-0.48	0.0	0.687	-1.47	-0.703	0.0	-0.447	-0.305	0.0	-0.548	0.443	0.0	-0.006	-0.018	0.0	0.0	0.0	0.0	0.0	0.0	-0.349	-0.978	0.0	0.0	0.0	0.0	0.208	0.0
location_topic	Wat-9861_211_buffalo-15	-0.378	0.498	-0.339	0.0	0.0	-0.07	0.0	0.0	-0.542	-0.09	-0.145	0.0	-0.5	0.0	0.0	0.46	-0.643	-0.336	-0.182	0.146	-0.061	-0.376	-0.64	0.0	0.34	0.0	0.0	-0.14	-0.133	-1.37	-0.427	-0.379	-0.814	0.0	-0.35	0.0	0.0	0.0	0.0	0.0	-0.386	-0.579	0.0	0.0	0.487	0.164	0.0	-0.24	-1.121	0.0	-0.385	0.0	0.0	-0.263	-0.598	-1.012	0.183	-0.158	0.0	0.0	0.0	-0.427	-0.625	0.0	-0.589	0.0	0.0	0.0	0.0	-0.354	0.0	0.052	0.0	-0.089	0.0	0.0	0.435	0.0	0.0	0.393	-0.322	0.0	0.173	0.0	0.0	-0.109	0.0	0.0	0.0	0.0
location_topic	Wat-9861_99_buffalos-21	0.0	0.0	0.0	0.0	-0.032	-0.109	0.0	-0.158	0.451	0.0	-0.061	0.0	-0.427	-0.359	-0.015	0.0	0.0	0.0	-0.35	-0.755	-0.226	0.0	0.0	-0.521	0.0	-0.844	0.0	-1.363	-0.302	-0.386	-0.695	0.042	0.0	0.0	-0.523	0.498	-0.14	0.0	0.0	-0.309	0.0	-0.311	0.0	0.0	0.0	-0.066	0.0	0.0	0.175	0.0	-0.76	-0.643	0.0	0.11	-0.354	-0.27	-0.315	0.0	-0.061	0.414	0.0	-0.395	-0.216	0.0	-0.259	0.014	-0.051	-0.94	0.0	0.0	-0.133	-0.503	-0.145	0.146	0.464	0.0	0.0	0.0	0.0	-0.93	0.263	-0.284	-0.311	0.0	-0.5	0.276	-0.415	-0.476	-0.119	-0.277
location_topic	Wat-9861_99_buffalo-6	0.0	0.0	0.393	0.0	-0.337	0.0	-0.392	-0.643	-0.183	-0.532	0.0	0.233	0.0	0.523	0.0	0.0	-0.494	-0.536	0.275	-0.101	-0.476	-0.233	0.475	-0.368	-0.793	0.0	0.056	-0.71	-0.095	-0.425	0.0	0.0	-0.414	-0.148	0.0	0.138	0.347	0.0	0.0	0.432	-0.469	0.0	0.0	-0.634	-0.094	-0.122	0.392	-0.027	0.055	-0.07	-0.305	0.295	0.807	0.0	-0.936	-0.223	0.011	0.121	-1.079	-0.275	0.017	-0.259	0.185	0.591	0.74	-0.534	-0.389	0.0	0.054	0.184	0.0	-0.542	0.0	-0.301	-0.473	-0.018	0.0	0.0	-0.331	0.0	-0.635	0.0	-0.195	0.0	-0.109	0.0	0.0	0.0	0.0	-0.286
location_topic	Wat-9861_91_buffalo-16	0.086	-0.592	0.62	-0.492	-0.136	-0.098	-0.551	-0.566	-0.449	-0.092	0.164	0.0	-0.02	-1.387	-0.491	-0.799	0.02	-0.464	0.142	0.0	-0.024	-0.523	0.0	0.0	0.154	-0.689	-0.032	-0.185	-0.351	0.0	0.0	0.647	0.791	-0.564	-0.17	-0.76	-0.731	0.0	-0.008	-0.069	-0.657	0.0	0.168	0.0	-0.056	0.0	-0.718	-0.577	-1.839	0.704	-0.255	-0.527	-0.812	0.178	0.308	-0.639	-0.91	0.449	-0.31	-0.661	-0.325	-0.606	-0.551	-0.446	-1.085	0.0	-0.654	-0.438	-1.387	-0.444	0.0	-0.403	-0.601	-0.217	-0.124	-0.533	-0.114	0.29	-0.344	-0.284	0.0	0.0	0.0	0.0	-0.061	0.181	-0.327	-0.953	-0.006	0.0
location_topic	Wat-9861_243_buffalo-20	0.0	0.017	0.205	0.0	0.206	-0.041	-0.521	-0.915	0.0	-0.376	-0.612	-0.532	-0.138	-0.534	-0.516	-0.21	-1.838	-0.487	0.73	0.0	-0.367	0.0	0.0	-0.128	-0.125	-0.889	-0.627	-1.17	0.0	0.0	0.022	-0.473	0.835	0.037	0.0	-0.674	-0.829	0.073	-0.734	0.353	0.298	0.0	-0.091	0.0	-0.32	0.0	-0.327	-0.194	0.25	0.397	-0.406	-1.206	-0.349	-0.274	0.164	-0.33	-0.427	0.244	-0.291	-0.726	-0.176	0.232	0.234	-0.144	-0.786	0.183	0.013	0.0	-0.102	0.832	0.0	0.159	0.083	-1.53	0.001	0.668	0.0	0.0	0.338	-0.186	0.0	0.0	0.0	-0.665	-0.814	0.0	0.0	-0.412	0.914	-0.285
location_topic	Wat-9861_88_buffalo-8	0.672	0.0	0.0	0.0	0.0	-0.674	-0.778	0.0	0.05	0.0	0.338	-0.414	-0.569	0.0	0.0	0.0	0.0	0.0	0.0	0.0	0.0	-0.076	-0.894	-0.554	0.299	0.503	0.072	0.0	0.0	0.286	-0.11	0.0	0.048	0.0	0.0	0.0	0.0	-0.094	0.0	-0.014	-0.132	-0.27	0.0	0.28	0.0	0.0	0.0	0.09	0.103	-0.173	-0.344	0.0	0.0	-0.53	-0.334	0.0	0.517	-0.901	0.0	0.0	0.0	-0.236	-0.364	-0.111	0.0	0.0	0.0	0.274	-0.757	0.0	0.0	0.286	0.0	0.0	0.0	-0.621	0.0	-0.183	-0.923	0.0	-0.351	-0.15	0.0	0.0	0.37	0.0	0.0	0.0	0.0	0.0
location_topic	Wat-9861_251_buffalo-15	0.0	0.0	-0.354	0.0	0.091	0.0	0.0	-0.68	0.0	0.0	0.0	0.146	0.0	-0.795	0.225	0.0	0.0	0.0	0.0	0.068	-0.14	0.0	0.0	-0.123	0.0	-0.579	0.0	-0.605	0.0	0.145	-0.158	0.0	0.0	0.037	0.0	0.0	0.014	0.0	0.0	-0.201	0.298	0.0	0.0	0.0	0.0	0.102	0.0	0.0	0.696	0.0	-0.822	0.0	-0.05	0.0	0.164	-0.593	-0.427	0.0	0.0	0.0	0.0	0.45	-0.054	0.0	0.0	-0.487	-0.527	0.0	-0.38	0.0	0.0	-0.002	-0.444	-0.24	0.787	0.0	0.0	0.0	0.0	-0.089	0.0	0.0	0.164	0.0	-0.814	0.309	0.0	-0.254	-0.165	-0.519
location_topic	Wat-9861_88_buffalo-16	-0.711	0.0	-0.982	-0.859	0.0	-1.046	0.015	0.263	0.0	-0.503	0.0	0.0	0.0	-0.344	-0.813	0.435	-0.075	0.05	0.159	1.283	0.0	-0.141	-0.299	0.0	0.677	0.227	-0.029	0.0	0.0	-0.608	-0.457	-0.287	-0.306	0.078	0.0	0.0	0.0	-0.124	0.049	0.072	-0.1	0.0	0.0	-0.332	-0.302	0.517	0.0	-0.332	-0.315	-0.156	-0.569	0.0	-0.171	-0.506	-0.64	0.0	-0.317	-0.802	0.0	-0.108	0.0	-0.458	0.0	0.0	0.0	0.0	0.0	-0.143	0.0	-0.19	0.0	-0.083	0.0	-0.14	-0.102	-0.284	0.0	0.0	-0.418	0.0	-0.383	0.0	0.113	0.0	0.0	0.0	0.0	0.0	0.041	0.0
location_topic	Wat-9861_81_buffalo-8	0.684	0.0	-0.354	0.0	0.206	0.0	-0.193	-0.114	0.141	-0.017	0.0	0.146	0.0	0.0	0.0	0.0	-0.694	0.0	0.0	0.0	-0.14	0.0	-0.48	-0.123	0.198	-0.109	0.0	-0.5	0.0	0.392	-0.328	-0.259	-0.006	0.196	0.0	0.0	0.014	0.0	0.0	0.0	0.0	0.0	-0.389	0.0	0.0	-0.322	0.0	0.0	0.0	0.0	-0.168	0.0	-0.198	0.0	0.406	-0.061	-1.824	0.0	0.0	0.0	0.0	0.0	-0.275	-0.302	0.001	0.0	-0.254	0.0	0.175	0.0	0.066	0.441	0.0	-0.847	0.349	0.0	0.0	-0.347	-0.478	-0.43	0.0	0.0	0.0	0.0	-1.385	-0.133	-0.491	0.0	-0.158	-0.315
location_topic	Wat-9861_249_buffalo-23	0.0	0.0	0.04	0.0	-0.568	0.0	0.387	-0.439	-0.533	-0.389	0.0	0.146	0.0	-0.932	0.0	0.0	0.0	0.0	0.094	0.0	-0.14	-0.143	0.0	-0.255	0.0	0.0	0.0	-0.5	0.0	0.0	0.0	-0.504	0.0	0.045	0.0	0.0	-0.101	0.0	0.0	0.298	0.353	0.0	0.0	0.0	0.0	0.0	0.0	-0.405	0.0	-0.519	-1.033	0.125	-0.098	0.134	0.164	-1.256	-0.427	0.0	0.0	0.0	-0.49	0.0	0.0	0.413	0.0	-0.305	0.0	0.0	-0.658	0.0	-0.056	-0.542	-0.952	-0.24	0.038	-0.018	0.0	0.0	0.0	0.16	0.0	0.0	-0.276	0.0	-0.814	0.0	0.0	0.0	-0.35	-0.315
location_topic	Bha-2df5_5_bharals-18	-0.434	-0.703	0.627	0.0	-0.585	0.0	-0.133	-0.643	0.161	-1.073	-0.743	-0.299	0.0	0.0	-0.791	0.0	0.659	-0.226	-0.486	-0.09	0.0	-0.586	-0.255	0.855	-0.051	0.0	0.041	-0.991	0.0	0.0	0.0	0.368	-0.53	-0.302	-0.212	0.0	0.262	-0.569	-0.542	0.327	0.335	0.0	-0.406	-0.605	-1.25	0.133	-0.905	-0.229	0.119	-0.747	-0.016	0.145	-0.051	0.05	0.0	-0.306	-0.596	0.139	-0.95	0.764	0.171	-0.259	0.05	-0.403	0.0	-0.55	-0.491	-0.521	-0.57	0.223	-0.022	-1.583	0.0	0.0	0.275	0.086	0.0	-0.43	0.087	0.423	-0.354	-0.539	0.0	0.0	-0.116	0.0	0.0	0.554	-0.006	0.369
location_topic	Bha-2df5_5_bharal-11	0.0	0.0	0.393	0.0	-1.193	0.0	-0.434	0.0	-0.179	-0.512	-0.356	0.0	0.0	-1.135	0.0	0.0	0.0	0.0	0.369	0.0	0.0	-0.006	0.0	-0.198	0.0	0.0	-0.276	0.0	0.0	0.0	0.0	0.065	-1.117	0.139	-0.487	0.0	-0.153	0.0	0.0	-0.465	0.0	0.0	0.0	0.0	-0.051	0.0	-0.605	-0.076	0.0	-0.102	0.339	0.029	-0.551	-0.174	-0.551	-1.221	0.087	0.0	-0.64	0.0	-0.216	-0.392	0.0	0.528	0.308	-0.697	-0.061	-0.403	0.641	-0.06	0.004	-1.119	-0.021	-0.523	0.06	-0.018	0.0	0.0	-0.212	0.337	0.0	0.112	0.173	0.0	0.0	0.0	0.0	0.698	0.0	0.0
location_topic	Bha-2df5_7_bharal-2	0.0	0.0	-0.557	0.0	0.0	0.8	-0.922	-0.566	0.352	-0.236	0.0	0.0	0.0	-0.534	0.0	0.0	0.0	0.0	0.0	-0.526	0.0	0.0	-0.776	0.0	-0.253	-0.855	0.0	0.0	0.0	1.042	-0.006	0.0	-0.012	-1.097	0.0	0.0	0.0	-0.183	0.0	-0.449	0.298	0.0	0.0	0.0	0.0	1.137	-0.65	-0.39	-0.435	-0.611	0.0	0.521	-0.05	0.0	-0.198	0.161	0.154	0.0	-0.103	-0.231	0.1	0.0	-0.231	-0.048	0.0	0.0	0.731	0.0	-0.274	0.0	0.0	-0.522	0.0	0.0	-0.046	0.0	0.958	0.0	0.0	0.0	-0.528	0.0	0.0	-1.119	0.0	-1.028	0.221	-0.306	-0.006	0.0
location_topic	Bha-2df5_2_bharal-2	-0.21	0.0	0.0	0.232	-0.258	-0.539	-1.199	-0.566	0.0	-0.153	-0.392	0.0	-0.244	-0.534	0.0	-0.175	-0.056	0.155	0.0	0.0	-0.445	0.0	0.0	0.0	0.174	-0.53	0.0	-1.107	-0.62	-0.427	0.0	0.391	-0.012	-1.101	0.0	-0.008	0.559	-0.183	0.0	0.147	0.298	0.089	-0.066	0.0	-0.09	-0.08	-0.679	0.0	0.295	0.0	0.0	-1.431	-0.05	-0.787	0.0	0.02	-0.839	0.0	-0.103	-0.316	0.157	-0.643	-1.005	-0.051	-0.41	0.308	0.0	0.064	-0.537	0.0	-0.326	-0.203	-0.473	0.0	0.641	0.759	0.427	-0.627	0.121	-0.119	0.0	-0.086	-0.185	-0.055	-0.056	0.0	0.694	-0.306	-0.006	0.0
location_topic	Bha-2df5_9_bharal-2	-0.455	0.0	-0.08	0.375	0.0	-0.551	-0.455	-0.566	0.352	0.039	0.099	0.0	0.0	-0.534	0.0	-0.085	0.0	0.0	0.0	0.275	0.0	0.0	-0.014	0.0	-0.07	-1.32	0.0	-0.698	0.0	0.467	-0.006	0.679	-0.044	-0.295	0.0	0.0	0.0	0.0	0.0	0.24	0.298	0.0	0.0	0.0	0.0	0.052	-0.689	0.0	-0.298	-0.305	0.0	-0.553	-0.05	-0.433	-0.198	0.116	-0.509	0.0	0.0	-0.447	-0.186	0.0	-0.149	0.0	0.017	0.0	0.0	-0.271	-0.386	0.0	0.0	-0.822	0.0	-0.053	-0.046	0.0	-0.303	0.0	0.0	0.0	-0.396	0.0	0.0	-0.542	0.0	-0.625	-0.072	0.0	-0.124	-0.135
location_topic	Bha-2df5_57_bharal-20	0.0	0.0	0.643	-0.31	-0.459	-0.702	0.676	-0.688	0.0	-0.259	0.0	0.0	0.0	0.0	-0.409	0.0	-0.309	0.0	0.127	0.0	0.0	0.0	-0.115	0.0	0.0	0.0	0.056	-0.596	0.0	0.0	0.0	-0.744	0.0	0.0	0.0	0.0	0.0	0.039	0.052	-0.167	0.0	-0.248	0.0	0.0	-0.753	0.0	0.0	-0.356	0.0	-0.013	0.172	-0.285	0.0	0.0	0.0	-0.352	0.188	-0.01	0.0	0.0	0.0	0.0	0.196	0.0	0.0	-0.339	0.0	-0.233	-0.138	0.0	0.0	-0.376	-0.449	0.0	0.0	0.366	0.193	0.0	0.0	0.141	0.197	0.0	0.0	0.0	0.0	0.195	0.0	0.0	0.0	0.309
location_topic	Bha-2df5_57_bharal-6	0.0	0.0	0.102	0.0	0.369	-0.654	-0.012	-1.007	-0.56	0.133	0.0	-0.155	-0.333	-0.144	0.538	-0.274	-0.106	-0.233	-0.111	0.0	0.0	-0.406	0.0	0.116	0.234	-0.658	-0.581	-0.635	-0.658	0.0	-0.093	0.0	0.436	-0.743	0.0	-0.396	-0.747	0.506	0.106	0.511	0.298	-1.394	0.0	0.0	-0.284	0.213	0.0	-0.392	-0.609	0.103	0.0	-0.469	-0.865	-0.035	0.0	-0.978	0.437	-0.416	0.611	0.0	-0.711	-0.052	-0.362	-0.12	-0.74	0.284	-0.211	0.0	-0.381	-0.171	-0.182	0.0	-0.355	-0.315	0.04	-0.591	0.0	0.0	0.0	-0.316	-0.292	0.0	-0.06	-0.468	-0.424	0.0	0.0	-0.604	-0.575	0.037
location_topic	Bha-2df5_54_bharal-27	0.351	0.0	0.497	0.0	-0.511	-0.115	0.051	-1.125	-0.442	-0.167	0.0	0.0	0.0	-1.077	0.0	-0.621	-0.569	0.0	0.0	0.0	0.38	0.0	0.0	0.0	-0.579	0.0	-0.307	-0.607	0.0	0.0	0.385	-2.778	-0.355	-0.05	0.0	0.0	0.227	0.0	0.0	-0.064	0.295	0.0	0.0	0.0	-0.024	0.0	0.0	-0.344	0.0	-0.368	-0.182	-0.022	-0.527	0.0	-0.562	-0.554	0.0	0.0	-0.633	0.0	-0.119	0.369	0.0	0.805	0.273	-0.597	-0.146	0.0	-1.307	0.0	-0.28	-0.438	-1.025	0.0	0.0	0.168	0.178	0.0	-0.384	0.359	0.0	0.0	0.066	-0.032	0.0	1.133	0.0	0.0	-0.135	0.0
location_topic	Bha03bc_3_bharal-19	0.061	0.215	0.529	-0.81	0.0	-0.259	-0.133	-1.188	-0.309	-0.471	-0.701	0.373	-0.461	-0.031	0.0	1.101	-0.554	-1.595	0.0	-0.433	0.0	-0.551	-0.207	-0.663	-0.051	-0.227	0.665	-0.17	-0.534	-0.082	-0.138	-0.547	-0.368	0.0	0.0	-0.344	0.0	-0.408	-0.437	0.017	-0.316	-0.428	0.0	-0.041	0.0	0.443	0.209	-0.403	-0.445	0.0	0.039	-0.562	-0.708	-0.593	-0.594	-0.453	-0.776	-0.521	-0.189	-0.187	-0.959	0.0	0.049	-0.531	0.0	0.0	0.401	-0.396	-0.081	0.296	-0.259	-0.107	0.0	-0.07	-0.711	0.0	-0.155	-0.523	0.283	0.0	-0.055	0.0	-0.893	0.337	-0.517	0.0	0.0	0.0	0.173	0.0
location_topic	Bha-2df5_34_bharal-9	0.0	0.0	0.393	0.0	-0.519	-0.484	0.0	0.0	-0.429	-0.456	0.0	0.0	0.0	0.799	0.0	-0.064	-0.492	-0.195	0.0	-0.574	-0.347	-0.233	0.0	-0.368	0.0	0.0	0.0	-0.396	0.12	-0.592	-0.549	-0.581	-0.054	0.154	0.0	-0.242	0.347	0.0	0.0	0.432	-0.469	0.0	0.0	0.0	-0.094	-0.114	-0.155	0.0	0.177	-0.07	0.928	0.353	0.897	0.0	-0.621	-0.563	0.022	0.355	-0.962	-0.465	0.017	0.0	0.258	0.711	0.711	-0.534	0.103	0.0	-0.55	0.244	0.243	-0.542	0.039	-0.298	-0.473	-0.018	0.0	0.0	0.0	0.508	-0.681	0.0	-0.195	-0.257	-0.409	0.0	0.0	0.0	0.447	-0.196
location_topic	Bha03bc_6_bharals-13	-0.273	0.0	0.393	0.0	-0.408	0.0	-0.62	0.0	0.0	-0.423	0.0	0.0	0.0	-0.549	0.0	0.0	0.0	0.0	0.0	0.0	-0.673	0.0	-0.051	-0.201	-0.368	-1.026	-0.342	0.402	0.264	0.0	-0.253	0.25	0.0	0.443	0.0	0.0	0.348	0.82	0.0	-1.05	-0.006	0.0	0.0	0.0	0.0	0.0	0.297	-0.392	0.0	-0.131	-0.551	-0.053	-0.455	0.0	0.0	-0.223	0.0	0.0	-0.486	0.0	-0.089	0.0	0.0	-0.557	0.0	-0.305	-0.523	0.0	-0.434	-0.201	0.119	-0.542	0.276	-0.598	-0.37	-0.018	0.0	0.0	0.0	0.0	0.0	0.0	-0.082	0.0	0.0	0.0	0.0	-0.449	0.0	0.0
location_topic	Bha-2df5_32_bharal-21	0.0	0.0	0.297	0.0	-0.449	0.0	-0.225	-0.537	-0.994	-0.191	0.0	0.0	0.0	-0.919	0.0	-0.162	0.0	0.0	0.0	0.0	-0.473	-0.501	-0.534	0.0	0.103	0.063	-0.141	0.0	-0.065	0.0	-0.582	-1.23	-0.032	-0.142	0.0	0.0	-0.354	-0.372	-0.094	-0.396	-0.045	0.0	0.0	0.0	0.0	0.0	0.462	-0.413	0.0	-0.506	-0.915	-1.137	-0.431	0.638	0.0	-1.023	0.0	0.0	0.0	0.0	0.188	-0.369	0.038	0.707	0.0	-0.639	0.0	0.506	-0.951	0.0	-0.507	-0.445	-0.745	0.0	0.0	-0.013	-0.441	-0.151	-0.112	-0.31	0.0	0.0	-0.695	0.1	0.0	0.0	0.0	0.0	-0.006	-0.441
location_topic	Bha-2df5_31_bharal-30	0.452	-0.725	0.41	0.0	-0.082	0.0	0.0	-1.354	0.788	0.379	0.624	-0.689	0.0	-0.356	-1.853	-0.4	0.0	0.453	0.0	-0.107	0.122	0.0	0.151	-0.22	0.0	-0.571	-0.176	0.021	0.0	0.0	0.0	0.0	-0.695	-0.751	-0.097	0.193	0.0	-1.791	0.0	-0.324	0.298	0.0	-0.562	-0.229	-0.578	0.524	0.0	-0.684	-0.046	-0.029	-0.348	0.0	-0.05	0.0	0.186	-0.933	0.0	-1.159	-0.364	-0.815	0.0	-0.056	-0.112	0.0	0.262	-0.325	-0.113	-0.664	-0.185	0.0	-0.436	-0.3	0.0	0.0	0.0	-0.259	0.643	0.0	0.3	-0.972	-0.488	0.0	0.0	0.0	0.0	0.0	0.0	0.0	-0.099	0.89
location_topic	Bha-2df5_31_bharal-8	-0.482	0.086	0.754	0.0	-1.117	-0.485	0.0	-0.566	0.045	-0.464	-0.198	-0.48	-0.694	-0.534	-0.118	0.267	0.077	-0.035	0.0	0.0	-0.039	0.0	0.152	-1.349	-0.679	0.366	-0.085	-0.347	0.0	-0.585	-0.632	0.252	-0.184	-0.398	0.421	0.028	0.0	-0.598	-0.513	-0.448	0.298	-0.301	-0.635	-0.79	-0.788	0.0	-0.797	-0.201	0.0	-0.134	0.052	-0.106	-0.464	0.0	0.0	-0.637	-0.163	0.0	-0.091	0.0	0.168	0.0	0.028	0.0	0.0	0.038	0.0	-0.845	-0.893	0.77	0.0	-1.454	-0.571	-0.247	0.0	-0.254	-0.046	0.41	-0.212	-0.289	0.0	0.0	0.0	0.0	0.0	-0.096	0.0	0.218	0.341	-0.365
location_topic	Bha-2df5_51_bharal-2	-0.172	0.0	-0.151	0.0	0.0	0.233	0.0	-0.566	0.0	-0.431	-0.3	0.0	0.05	0.298	0.0	0.052	0.0	0.0	0.0	-0.13	0.0	0.0	0.0	0.0	-0.055	0.0	0.0	0.0	-0.152	0.0	0.0	0.0	0.18	-0.398	0.0	0.0	0.0	-0.113	-0.029	-0.694	-0.181	0.61	0.0	-0.312	0.0	0.0	0.766	0.667	0.0	0.0	0.0	0.0	-0.05	0.0	0.0	-0.058	0.0	0.0	0.0	0.0	0.0	0.013	0.004	0.0	0.0	0.424	0.0	0.0	-0.278	0.0	0.0	-0.347	-0.488	-0.301	0.0	1.686	-0.731	0.0	0.0	0.0	-0.734	0.0	0.0	0.0	0.0	0.0	0.352	0.005	-0.006	0.0
location_topic	Big-0af3_30_sheep-33	0.811	0.0	-0.256	-0.36	1.223	0.0	-0.387	-0.161	0.152	0.055	0.0	0.109	0.0	-0.125	0.0	-0.182	-0.228	0.0	0.0	0.0	-0.564	0.0	0.0	-0.805	0.0	-0.109	0.0	0.0	0.0	0.7	0.064	-0.203	0.0	-0.702	-0.458	0.0	-0.016	-0.187	-0.39	0.0	-0.512	0.0	0.0	0.0	0.0	-0.97	0.0	0.423	-1.244	0.262	0.0	0.846	0.135	0.29	-0.062	-0.061	-1.032	0.0	0.0	0.0	-0.773	0.0	-0.1	-0.365	-0.185	0.0	0.349	-0.156	0.0	0.12	0.0	0.0	0.0	-0.326	0.0	0.077	0.0	0.0	-0.57	-0.086	0.0	0.421	-0.054	0.0	-0.072	-0.133	-0.689	0.0	0.0	0.0
location_topic	Big-0af3_56_sheep-8	0.0	0.0	-0.455	0.0	0.74	-1.049	0.0	-0.502	-0.043	0.521	-0.392	-0.263	-0.125	-0.534	-0.01	0.0	0.102	-0.442	-0.512	0.0	-0.178	0.0	0.0	-0.395	0.0	-0.061	0.0	-0.014	-0.712	0.0	0.0	0.077	0.0	0.492	0.82	0.675	-0.213	-0.142	0.0	-0.092	0.083	0.0	0.0	0.0	-0.207	0.0	-0.518	0.0	-0.248	0.0	-0.325	-1.279	-0.05	0.0	-0.647	-0.418	-0.958	0.0	-0.061	-0.506	-0.19	0.0	-0.551	-0.051	-0.67	0.203	0.0	-0.358	-0.38	0.887	-0.402	-0.426	-0.054	0.152	-0.081	0.517	0.97	-0.231	0.0	-1.023	0.0	-0.728	-0.523	-0.302	-0.185	-0.143	0.0	-0.11	-0.524	-0.256
location_topic	Big-0af3_18_sheep-4	-0.413	-0.172	0.0	-0.243	0.0	-1.017	0.152	0.0	-0.185	0.0	-0.209	-0.385	0.0	-0.325	0.827	0.0	-0.333	0.0	0.135	0.0	0.0	0.0	0.0	0.202	-0.579	0.138	-0.188	-0.213	0.42	-0.329	0.0	0.0	0.0	0.0	0.0	-0.153	-0.197	-0.256	-0.325	0.811	-0.516	-0.096	0.0	-0.061	0.0	0.0	-0.402	0.0	0.0	0.0	0.0	0.0	0.0	0.782	-0.103	0.0	0.261	-0.182	0.057	0.0	0.0	0.0	0.0	0.0	-0.001	-0.277	-0.358	0.451	0.0	0.0	0.0	0.0	0.0	0.0	-0.46	-0.395	0.0	0.0	0.846	1.202	0.0	0.0	0.0	0.0	0.0	0.0	0.0	0.0	-0.129	0.0
location_topic	Big-0af3_32_sheep-4	-0.043	-0.072	0.278	-0.239	0.408	0.048	-0.274	0.23	0.0	0.0	-0.762	-0.263	-0.502	-0.06	0.0	1.069	0.0	-0.293	0.0	0.297	-0.172	-0.551	0.0	-0.601	0.0	-0.051	0.0	-0.429	0.603	-0.404	0.0	0.0	-0.006	0.692	0.0	-0.483	-0.213	0.141	-0.665	-0.466	-0.076	0.0	0.0	-0.215	0.0	0.0	0.428	0.0	-0.373	0.0	-0.325	0.0	-0.494	0.193	-0.512	0.052	0.193	0.196	0.0	0.0	-0.298	0.0	-0.294	0.0	0.0	0.0	-0.382	0.414	0.0	1.678	0.0	-0.061	-0.285	-0.261	0.451	0.0	0.0	-0.523	0.202	0.0	-0.206	0.0	0.0	0.0	-0.595	0.0	0.607	-0.438	-0.197	-0.256
location_topic	Big-0af3_33_sheep-4	0.0	0.0	0.0	0.0	0.695	0.0	0.0	-0.161	0.0	0.0	0.0	0.0	0.0	-0.125	0.0	0.0	0.0	0.0	0.0	0.0	0.0	0.0	0.0	-0.516	0.0	0.0	0.0	0.0	0.0	0.0	0.0	0.0	0.0	0.0	0.0	0.0	-0.237	0.0	0.0	0.0	-0.512	0.0	0.0	0.0	0.0	0.0	0.0	0.0	-0.497	0.0	0.0	0.0	0.0	0.0	-0.062	0.0	-0.39	0.0	0.0	0.0	0.0	0.0	0.0	-0.063	0.0	0.0	0.675	0.0	0.0	0.0	0.0	0.0	0.0	0.085	0.0	0.077	0.0	0.0	0.0	-0.086	0.0	0.0	-0.054	0.0	-0.072	0.0	0.0	0.0	0.0	0.0
location_topic	Big-0af3_33_sheep-14	0.0	-0.852	0.414	0.0	0.328	0.0	-0.313	-0.161	-0.4	0.0	0.0	-0.257	0.0	0.0	0.0	0.0	0.0	0.0	0.33	0.002	-0.197	-0.214	0.0	-0.438	0.0	0.098	0.0	-0.367	-0.364	0.0	0.091	0.268	0.0	0.518	-0.55	0.0	-0.433	-0.378	0.0	0.305	-0.741	0.361	0.0	-0.329	0.0	-0.608	0.0	0.0	-0.238	-0.462	-0.226	0.0	0.0	0.477	0.035	0.0	-1.202	0.0	-0.469	0.62	0.512	0.297	-0.962	0.348	0.0	0.0	0.0	-1.041	-0.485	-0.502	-0.205	0.0	0.0	0.29	0.548	-0.746	0.0	0.0	0.197	-1.004	0.0	0.0	-0.165	0.0	-0.434	-0.113	0.269	-0.145	-0.356	-0.442
location_topic	Big-0af3_34_sheep-9	-0.408	0.0	0.238	0.0	-0.399	0.198	-0.13	-0.236	0.0	-0.543	0.0	0.0	-0.192	-0.476	0.0	0.0	-0.308	-1.046	0.0	0.0	0.0	0.994	0.0	-0.603	0.264	0.0	-0.346	0.258	-0.211	0.0	-0.166	0.41	-0.101	-0.505	-0.029	0.0	0.0	-0.285	0.0	0.618	-1.255	0.0	0.703	0.0	0.192	0.0	-0.271	-0.621	-0.592	0.233	-0.413	0.401	0.034	-0.196	0.0	0.177	-0.683	0.0	-1.266	-0.374	0.754	0.0	-0.233	-0.457	-0.529	-0.502	-0.014	-1.298	0.354	0.0	0.0	-0.407	-0.344	0.0	0.0	0.0	0.0	0.0	-0.588	0.0	-0.701	0.0	0.0	0.0	0.0	0.0	0.0	-0.51	0.13	-0.254
location_topic	Big-0af3_47_sheep-3	0.187	0.0	0.0	0.0	-0.189	-0.755	0.0	-0.064	0.0	-0.174	0.0	0.0	0.0	0.0	-0.263	-0.572	0.229	-0.271	0.0	-0.404	0.0	0.0	0.025	0.0	-0.241	0.0	0.0	-0.715	-1.063	0.0	-0.345	-0.477	-0.288	0.0	0.0	0.0	0.0	0.0	0.0	-0.801	0.0	-0.41	-0.571	0.0	-1.835	-0.353	-0.643	0.0	0.002	0.0	0.421	-2.362	0.0	-1.381	0.0	-0.623	-1.271	0.0	0.0	-0.026	-0.384	0.257	0.0	0.0	0.0	-0.393	-0.187	0.0	-0.242	0.0	-1.893	-0.405	0.0	-0.133	-0.363	0.064	0.209	-0.264	0.0	-0.244	0.0	-0.162	0.0	0.253	0.0	0.0	0.043	-0.652	0.0	0.0
location_topic	Cou-56f5_112_sheep-23	-0.146	-0.778	0.0	-0.196	-0.629	0.0	0.0	0.0	-1.127	0.0	-0.287	0.0	-0.506	0.0	0.0	-0.318	0.0	2.487	-0.551	-2.273	0.0	0.0	0.0	0.0	-0.236	-0.109	0.386	0.0	-0.722	0.392	0.137	-0.259	-0.179	-0.132	-0.103	0.0	0.0	0.0	-0.19	-0.032	-0.107	0.061	-0.279	0.0	-0.082	-0.233	-0.558	0.0	0.0	-0.308	0.159	0.75	-0.863	-0.172	-0.069	-0.758	-0.643	0.0	0.0	0.0	-1.279	-0.239	0.586	-0.492	-0.731	-0.865	-0.602	-0.186	0.0	-0.319	0.0	0.0	0.245	-0.398	0.244	-0.656	-0.413	-0.039	-1.634	-0.161	0.0	-0.493	0.0	0.099	0.0	-0.133	-0.491	0.0	-0.076	0.445
location_topic	Big-0af3_59_sheep-3	-0.229	-0.021	1.289	-1.028	-0.096	0.114	-0.648	0.0	0.0	-0.114	0.0	0.0	0.0	0.0	-0.251	0.419	0.0	-1.193	0.0	0.0	0.0	0.0	0.0	-0.284	-0.786	0.0	-0.271	0.0	-0.008	0.0	0.0	-0.021	-0.071	-0.435	0.0	0.0	0.0	-0.21	0.0	0.2	0.0	0.0	-0.17	0.0	-0.118	-0.288	-0.363	-1.069	0.012	-0.502	0.0	-0.653	-0.456	-0.656	0.0	-0.439	-0.624	0.234	0.067	-0.748	0.553	-0.437	-0.735	-0.564	0.0	-0.385	0.0	-0.854	0.619	-0.343	-0.214	-0.66	-0.516	-0.195	0.34	0.05	-0.315	0.0	-0.293	0.0	0.0	0.0	0.0	0.0	-0.055	-0.076	0.0	-0.774	0.0	0.0
location_topic	Bov-d455_252_bongo-26	0.435	-0.874	0.0	-0.318	-1.563	0.0	0.0	0.0	-0.681	-0.278	0.0	0.0	0.0	-0.335	0.0	-1.274	0.0	2.554	0.0	-2.153	-0.356	0.0	0.491	-0.606	-0.472	0.0	0.392	0.0	0.0	-0.269	-1.141	0.0	0.327	-1.06	0.087	-0.277	0.0	0.0	-0.838	-0.282	-0.284	0.009	0.564	-0.859	-0.279	-0.521	0.107	0.0	-0.563	-0.279	-0.441	0.318	-0.421	0.0	-0.219	-0.556	-0.237	-0.539	0.0	0.0	-1.193	0.0	-0.596	-0.817	-0.5	-0.279	-0.491	0.0	0.0	-2.459	0.0	0.0	-0.211	-0.845	-0.973	0.0	0.163	0.0	-1.052	0.0	0.0	0.509	0.0	-0.306	-0.061	0.0	0.0	0.0	-0.211	0.228
location_topic	Afr-354e_3_buffalo-7	-0.039	-0.95	0.443	-0.102	-0.521	0.0	-0.992	-0.602	0.0	0.436	0.0	-0.254	0.0	-1.171	-0.658	0.0	0.0	1.275	0.0	0.0	-0.896	0.0	-0.211	-0.137	-0.548	-2.477	0.07	-0.985	-0.295	-0.025	0.0	0.0	0.0	-2.415	0.0	0.0	3.253	-0.315	0.0	0.64	0.554	-0.182	0.0	-0.915	-0.721	-0.096	0.0	-0.166	0.0	-0.309	-0.605	-1.69	-0.435	0.0	-0.073	-0.713	-0.366	-0.334	0.0	-0.103	0.0	-0.111	1.348	0.0	0.0	-0.469	-0.273	-0.343	-0.744	0.0	0.0	-0.42	0.0	-0.768	0.371	-0.715	-0.222	0.0	0.407	0.0	0.047	0.0	0.0	0.0	-0.125	0.106	0.83	-0.956	-0.509	1.058
location_topic	Afr-354e_22_buffalo-7	-0.496	-0.37	-1.388	0.0	0.0	-0.208	-0.41	0.0	0.0	-0.026	0.0	0.0	0.0	-0.392	0.0	0.0	0.041	0.223	0.0	0.447	0.0	-0.341	-1.023	-0.366	0.084	0.008	-0.551	0.0	0.0	0.179	-0.162	-0.552	-0.359	0.0	0.012	0.0	0.0	0.0	-0.197	-0.576	0.044	-0.373	0.0	-0.165	0.021	0.192	-0.254	-0.884	0.549	-0.051	-0.459	0.0	0.0	-1.295	-0.318	0.0	-0.016	0.0	0.0	-0.659	0.216	-0.193	0.0	0.0	0.0	0.0	0.0	-0.02	0.0	-0.082	0.0	0.21	-0.278	0.0	0.0	0.0	0.0	0.0	-0.317	0.0	-0.445	0.0	0.0	-0.523	0.0	0.178	0.0	0.0	0.0	0.0
location_topic	Afr-354e_15_buffalo-7	-0.449	0.0	0.0	-0.517	-0.313	-0.523	-0.006	0.255	-0.091	0.556	-0.247	0.0	-0.54	0.16	0.0	-0.051	-0.198	-0.942	0.324	0.0	-0.547	-0.515	-0.785	-0.522	-0.257	-0.058	-0.301	0.0	-0.24	-0.212	-0.222	-0.436	0.0	0.0	-0.224	-0.876	-0.792	-0.113	0.383	0.0	-0.179	0.0	-0.551	-0.592	-0.23	-0.604	0.0	-0.751	-0.006	0.419	-0.645	-0.757	0.858	0.352	-0.365	-0.256	-0.006	0.0	-0.618	-0.183	0.0	0.0	-0.095	-0.068	-0.229	-0.084	-0.523	0.0	-0.396	0.0	0.345	0.385	-0.614	0.0	0.0	0.0	0.0	0.0	-0.061	-0.013	-0.514	-0.006	-0.87	-0.694	-0.76	0.0	0.0	-0.41	0.511	-0.465
location_topic	Afr-354e_13_buffalo-3	0.0	0.0	0.0	0.0	0.121	0.0	-0.711	0.0	0.0	0.0	0.0	0.0	0.0	0.0	0.0	0.0	0.0	0.0	0.0	0.0	0.0	0.0	0.0	0.0	-0.305	0.0	0.0	-0.101	0.141	0.0	0.0	0.0	0.0	0.167	0.0	0.0	0.008	0.0	0.0	0.0	0.0	0.0	0.0	0.0	-0.504	0.148	0.0	0.0	0.0	0.0	0.0	0.0	0.0	0.0	0.0	0.0	0.215	0.0	-0.292	0.0	0.0	0.0	0.0	0.0	0.0	0.0	0.0	-0.134	0.0	0.0	0.0	0.0	0.0	0.0	0.045	0.0	0.0	0.0	0.432	0.0	0.0	0.713	0.0	0.0	0.0	0.0	0.454	0.0	0.0	0.0
location_topic	Sno-d342_91_markhor-29	0.755	-0.562	-0.478	0.0	-0.883	0.0	-0.501	0.0	-1.604	0.352	-0.829	-0.735	0.0	0.0	-0.045	-1.01	0.0	3.505	0.0	-2.313	0.0	-0.113	0.0	0.0	0.0	-0.096	0.024	-1.191	-0.343	-0.046	-0.199	0.0	0.392	-1.315	0.031	0.159	-0.134	0.0	-0.78	0.0	0.255	0.486	-1.051	0.283	0.183	-0.404	0.4	-0.006	0.0	0.65	0.0	0.383	0.0	-0.605	-0.878	-0.363	0.0	0.0	0.052	-0.721	-0.626	0.207	-0.29	-0.852	0.714	-1.118	-0.341	-0.332	-0.948	-1.633	-0.634	0.25	-0.206	0.042	0.009	0.0	0.0	0.0	-0.687	-1.053	0.0	-0.08	-1.505	0.778	-0.131	0.0	0.0	0.423	-0.377	1.185
location_topic	Mar-3955_77_markhor-6	-0.358	-0.071	1.445	0.404	0.126	0.154	-1.168	-1.508	-0.197	-0.324	0.052	0.089	0.0	-0.534	0.0	-0.505	0.0	-1.646	0.0	0.0	-0.523	-0.306	0.0	-0.422	-0.935	-0.097	-0.363	-0.263	-0.902	0.0	-0.106	-0.071	-0.35	-1.247	0.0	0.0	-0.973	-0.959	0.0	-0.916	0.298	0.201	-0.401	0.0	-1.561	0.327	0.062	-0.153	0.0	0.0	0.0	-0.673	-0.05	-0.569	1.088	0.128	-0.635	-0.403	-0.161	-0.105	1.741	-0.589	-1.932	0.301	0.0	0.0	0.0	-0.254	0.075	-0.006	-0.756	-0.548	-0.485	-1.336	0.37	0.0	0.045	-0.7	0.0	0.0	0.0	0.0	0.128	0.0	-0.422	-0.829	0.0	-1.835	-0.006	-0.184
location_topic	Mar-3955_45_markhor-5	-0.149	0.0	0.349	-0.321	0.462	-0.029	-0.248	-0.03	0.0	0.007	0.0	0.217	-0.202	0.0	0.0	0.667	0.367	0.099	-0.414	0.0	-0.622	-0.085	-0.338	-0.275	0.0	-0.715	0.0	-0.576	-0.836	-0.223	0.0	0.217	0.0	-0.037	-0.174	0.578	0.413	0.0	0.0	0.0	0.377	-0.322	0.0	0.0	0.0	-0.473	0.0	0.0	-0.349	0.0	-0.413	-0.362	-0.212	0.0	-0.034	0.0	0.317	0.0	-0.301	0.0	0.0	-0.54	0.599	0.232	-0.375	0.041	0.125	-0.617	0.0	0.0	-0.268	-0.09	0.175	-0.398	0.451	0.0	0.0	0.0	0.234	-0.662	0.146	-0.285	0.0	0.0	-0.459	0.0	0.537	-0.257	-0.257	-0.333
location_topic	Mar-3955_45_markhor-2	-0.312	0.0	0.0	-0.328	0.207	0.0	0.044	-0.858	0.0	0.234	0.0	0.0	0.0	0.104	-0.349	0.0	0.367	-0.357	0.222	-0.537	0.0	-0.085	-0.459	-0.413	0.715	-0.322	0.0	-0.465	-0.09	-0.275	0.0	0.0	0.0	-0.394	-0.43	0.0	-0.038	0.0	-0.608	0.0	0.347	-0.475	-0.275	-0.27	0.0	-0.473	0.296	0.0	-0.472	0.0	0.0	0.479	0.0	0.0	-0.076	-0.085	0.362	0.0	0.0	0.649	0.0	-0.786	0.0	0.451	0.0	0.0	0.233	0.0	0.419	0.0	0.288	-0.09	0.667	0.217	0.0	0.0	0.0	0.0	-0.301	-1.007	0.288	0.0	-0.322	0.0	-0.27	0.0	0.0	-0.253	0.0	0.019
location_topic	Mar-3955_45_markhor-12	0.0	0.0	0.288	0.024	1.125	-0.133	-0.345	-0.389	0.0	-0.314	0.672	-0.322	0.0	0.0	0.175	0.0	-0.253	0.099	0.0	0.0	-0.674	0.0	0.12	-0.747	-0.536	-0.715	0.0	-0.939	-0.442	0.414	0.451	0.0	0.24	-0.397	0.0	0.0	0.337	0.0	0.0	0.0	0.0	0.0	-0.312	-0.639	0.0	-0.255	0.422	0.0	0.537	0.0	-0.275	0.238	-0.249	0.0	0.625	0.0	-0.584	0.0	0.0	0.0	0.0	-0.467	0.599	0.0	0.0	-0.285	0.047	-0.414	0.0	0.0	0.0	-0.174	0.0	-0.464	0.232	0.0	0.578	0.0	0.479	-0.328	0.0	0.0	0.0	-0.427	-0.822	0.0	0.419	0.0	-0.03	-0.085
location_topic	Mar-3955_66_markhor-4	0.0	0.0	0.0	0.0	0.667	0.0	0.0	-0.205	0.0	0.0	0.0	0.0	0.0	0.0	0.0	0.0	0.435	0.0	0.0	0.0	0.0	0.0	0.228	-0.472	0.0	0.0	0.0	0.0	0.0	0.382	0.0	0.0	0.0	0.0	0.0	0.0	-0.076	0.0	0.0	0.0	0.0	0.0	0.0	0.0	0.0	0.0	0.0	0.0	0.0	0.0	0.0	0.0	0.0	0.0	0.104	0.0	-0.29	0.0	-0.267	0.0	0.433	0.0	0.0	0.0	0.0	0.0	0.0	0.0	0.0	0.0	0.0	-0.586	0.0	-0.142	0.0	0.0	0.0	0.0	0.0	0.0	-0.09	0.0	0.0	0.0	-0.363	0.0	0.0	0.0	0.0	0.0
location_topic	Wat-9861_83_buffalo-3	-0.016	-1.857	0.815	-0.961	-1.011	-0.305	-0.816	-2.157	-0.563	-1.161	0.103	0.0	0.0	-0.534	0.0	0.0	0.0	-1.439	0.0	-0.648	-0.523	1.164	0.0	-1.397	-0.338	0.0	-0.75	0.0	-1.022	0.0	0.0	-0.068	-0.238	-1.637	0.0	0.0	-0.199	-0.32	0.0	-0.503	0.702	0.0	0.0	0.0	-0.668	0.0	2.086	-0.585	0.0	-0.248	0.0	-0.232	-0.05	0.0	0.308	0.0	-0.316	0.0	-0.36	-0.478	1.436	-0.558	-1.03	0.0	0.333	0.0	-0.176	-1.039	-0.38	-0.006	0.0	-0.229	-0.337	-0.853	0.0	0.0	0.0	0.0	0.0	0.073	-0.129	0.0	0.0	0.0	-0.061	-0.533	0.0	-1.25	-0.006	-0.655
location_topic	Wat-9861_83_buffalo-23	0.535	-0.061	-0.286	-0.151	-1.084	0.0	0.0	-1.078	-0.274	0.0	0.0	-0.502	0.0	-0.024	0.0	-0.988	-0.024	1.146	0.0	-0.926	-0.643	-0.22	0.0	-1.115	0.382	0.0	-0.256	0.0	0.0	-0.365	-1.692	-0.51	-0.083	0.163	0.0	0.114	0.0	-0.823	-0.685	0.0	-0.159	0.778	-0.133	-0.418	-0.085	-0.411	-0.074	-0.818	0.0	-0.348	0.435	-0.068	0.15	-0.288	-0.109	0.0	0.0	-0.516	0.0	-0.415	-1.413	-0.385	-1.542	-0.285	-0.174	-1.313	0.0	0.322	0.0	-1.065	-0.494	-0.235	-1.186	-0.243	-0.137	0.0	-0.196	0.0	-0.762	-1.032	0.0	-0.147	0.0	0.838	0.0	0.28	-0.388	-0.42	-0.062	-0.538
location_topic	Wat-9861_86_buffalo-6	-0.263	0.0	0.183	0.0	0.432	-0.584	-0.882	-0.659	0.352	-0.248	0.0	0.0	0.0	-0.534	0.0	0.0	0.534	0.0	-0.288	0.245	0.0	0.0	-0.45	0.127	-0.256	-0.855	-0.607	0.275	0.123	-0.424	-0.006	0.063	0.538	-1.046	0.0	0.0	0.112	0.0	0.0	0.145	0.298	0.0	0.0	0.0	-0.429	-0.231	-1.286	0.0	0.046	-0.305	0.0	0.383	-0.05	0.058	-0.669	0.116	-0.652	0.0	-0.435	-0.393	-0.312	-0.199	-0.005	0.0	-0.043	-0.275	0.0	-0.844	-0.38	0.0	0.36	-1.09	0.0	-0.501	-0.046	0.0	0.393	0.0	0.0	0.0	-0.528	0.301	0.0	-0.542	-0.065	-0.625	0.292	0.0	-0.351	0.0
location_topic	Wat-9861_87_buffalo-8	0.351	0.113	0.393	0.0	-0.467	-0.37	0.051	-1.161	-0.197	-0.206	0.0	0.0	-0.075	-0.808	0.0	1.01	0.0	0.0	0.0	-0.603	-0.348	0.0	0.0	0.0	-0.577	0.0	0.0	0.0	0.0	0.0	0.0	-0.697	0.0	0.362	0.014	0.0	0.006	0.0	0.0	0.0	0.298	0.0	-0.243	0.153	0.0	-0.564	-0.427	-0.656	0.0	-0.07	0.0	-0.453	-0.044	0.0	0.0	-0.223	-0.227	0.221	0.0	0.0	-0.094	0.0	-0.117	-0.891	-0.061	-0.305	0.134	0.0	-0.547	0.027	0.0	-0.542	0.0	0.0	0.0	-0.558	0.0	0.0	0.0	0.0	0.0	0.065	-0.473	0.0	0.0	0.345	0.0	0.0	-0.006	0.0
location_topic	Wat-9861_80_buffalo-19	-0.447	-1.209	0.0	0.156	-0.488	-0.538	-0.33	-1.536	-0.765	-0.115	-0.298	-2.386	0.0	-1.217	-0.498	0.314	0.529	-0.238	-0.153	-0.423	0.0	-0.486	-0.297	-0.532	-0.024	-1.246	-0.731	-0.263	-1.692	-0.545	0.591	-0.245	-1.077	-1.876	-0.503	-0.102	-1.435	-0.096	-0.171	0.721	0.298	-0.829	-0.258	-0.579	0.59	0.0	-0.829	-0.711	-0.682	-0.16	0.762	-0.952	0.327	0.351	0.184	0.0	-0.147	-0.114	0.162	-0.08	0.126	-0.405	-1.236	0.392	-0.478	-0.513	-1.631	-1.108	-0.138	-1.913	-0.006	-0.948	-1.382	-0.834	-1.303	-0.292	-0.985	-0.116	-1.148	-0.79	-0.269	-0.428	-0.45	0.431	-0.558	-0.377	-1.42	2.312	-0.621	-0.668
location_topic	Wat-9861_80_buffalo-6	0.351	-0.106	0.393	0.0	-0.56	-0.366	0.051	-0.406	-0.197	-0.785	0.0	0.0	0.0	0.164	0.0	0.572	0.0	-0.138	0.0	-0.541	0.019	0.0	0.0	0.0	0.033	-0.031	0.0	-0.205	0.0	0.0	-0.539	-0.697	0.173	0.206	-0.542	0.0	-0.031	0.0	0.0	0.0	-0.077	0.0	0.04	-0.184	0.0	-0.7	0.052	0.017	0.0	-0.07	0.561	-0.904	-0.247	-0.063	0.0	-0.223	-0.117	0.094	0.0	-0.181	-0.571	0.0	0.0	0.351	0.113	-0.305	1.225	0.0	-0.698	-0.075	0.0	-0.542	0.0	0.0	0.0	-0.018	0.0	0.0	0.0	0.0	0.0	0.0	-0.24	-0.278	0.0	0.451	0.0	0.0	0.0	0.0
location_topic	Wat-9861_80_buffalo-42	0.784	-0.854	0.083	-0.018	0.0	-0.836	-0.133	-2.07	-0.166	0.0	-0.729	-0.609	-0.487	-1.409	-0.637	-0.362	-1.23	-1.488	-0.051	-0.268	0.0	-0.48	-0.348	-0.551	0.122	0.321	1.987	-1.456	-0.559	0.392	-0.117	-0.749	-0.447	-0.221	0.111	-0.396	-1.023	-0.653	-0.346	-0.561	-0.277	-1.032	0.246	-0.551	-0.452	-0.222	0.726	-0.721	-0.999	-0.186	-0.829	0.67	-1.346	-1.029	-0.385	0.045	-0.773	-0.065	-1.241	0.324	-1.467	0.289	-0.284	-0.507	-1.226	-0.917	-2.029	0.0	-0.728	-0.068	-0.736	-0.04	-0.347	-1.087	0.709	-0.061	-0.513	-0.224	0.247	0.0	-0.808	0.184	0.0	-1.141	-0.371	-0.133	-0.775	0.35	-0.557	0.711
location_topic	Wat-9861_8_buffalo-3	-0.277	0.0	-1.154	0.0	-0.606	0.764	-0.265	-0.85	0.027	-1.161	-0.478	-0.342	0.0	-0.656	0.0	-0.097	-0.1	0.0	-0.285	-0.068	-0.459	1.164	0.0	-0.912	0.0	-0.404	0.0	-0.327	-0.164	0.0	-0.194	0.0	-0.238	-0.398	0.344	0.0	0.164	-0.422	-0.058	-0.828	-0.0	0.28	0.39	0.0	-0.069	0.0	-0.521	-0.585	0.0	0.0	-0.384	-0.452	-0.494	-0.166	-0.427	-1.487	-1.295	0.0	-0.838	-0.478	0.488	0.0	-0.552	-0.051	-0.41	0.308	-0.647	-0.024	-0.768	0.0	0.0	-0.362	0.0	0.042	-0.542	0.575	0.123	-0.291	0.0	0.0	-0.589	0.0	-0.523	0.131	-0.449	0.0	0.0	-0.646	-0.006	-0.17
location_topic	Wat-9861_8_buffalo-19	-0.329	-0.227	0.059	0.051	-0.816	-0.166	-0.42	-0.143	0.233	-0.142	-0.185	0.0	0.0	0.0	0.0	-0.32	-0.058	-0.574	0.0	0.0	-0.523	-0.265	0.0	-0.982	-0.309	0.0	-0.809	0.0	-0.505	-0.025	0.0	0.083	0.0	-0.508	-0.238	0.0	-0.121	0.0	0.0	0.096	0.404	0.0	-0.02	0.0	-0.47	0.0	0.172	0.0	-0.068	0.0	0.0	-0.87	-0.086	0.0	0.308	0.0	-0.316	0.876	0.0	-0.478	0.443	-0.384	-0.428	-0.726	0.0	0.0	-0.582	-0.352	-0.719	-0.308	0.0	-0.656	-0.765	-0.41	0.0	0.0	0.0	-0.101	0.0	-0.326	0.0	0.0	0.0	-0.475	-0.061	-0.286	0.0	-0.521	0.0	-0.162
location_topic	Wat-9861_98_buffaloes-13	0.435	0.0	0.218	-0.018	0.445	0.019	0.0	-0.39	-0.591	-0.356	0.0	0.0	0.0	0.0	0.109	0.0	0.0	0.0	0.0	-0.073	-0.054	0.369	-0.061	-0.625	0.0	-0.109	0.338	0.0	0.0	0.392	-0.569	-0.084	0.452	-0.97	0.0	0.0	0.0	0.204	-0.316	0.0	0.523	-0.049	0.0	-0.228	-0.495	-0.521	-0.195	0.0	0.347	0.189	0.308	0.0	0.0	0.365	0.0	-0.061	-0.643	-0.006	0.0	0.0	-0.026	0.0	-0.363	-0.148	-0.5	-0.856	0.0	0.0	0.0	0.0	0.0	0.0	0.0	-0.199	0.268	-0.338	0.0	0.0	-1.016	0.0	-0.586	0.066	-0.051	-0.508	0.0	-0.133	-0.491	0.0	0.0	-0.065
location_topic	Wat-9861_40_buffalo-3	0.0	0.0	0.0	0.0	-0.486	0.784	0.0	-0.566	0.0	-0.174	-0.086	0.0	0.0	-0.534	0.0	0.0	0.334	-0.262	-0.173	-0.068	-0.569	0.0	0.0	0.259	0.0	-0.344	0.0	-0.327	-0.368	0.0	0.47	0.0	0.047	-0.398	0.368	0.0	0.344	-0.101	-0.058	0.704	0.298	0.385	0.0	0.0	0.0	0.0	-0.435	-0.763	0.0	0.0	0.0	0.099	-0.414	-0.166	0.263	-1.332	-0.592	0.0	0.0	-0.57	-0.269	0.0	0.301	0.0	0.0	-0.31	-0.051	0.0	-0.38	0.0	0.0	-0.344	0.0	-0.253	-0.542	0.041	0.06	-0.39	0.0	0.0	0.0	0.0	0.0	0.162	0.0	0.0	0.0	-0.222	-0.044	0.0
location_topic	Wat-9861_40_buffalo-11	-0.336	0.0	-0.222	0.419	0.498	-0.166	0.162	-0.912	0.0	-0.598	0.0	0.0	0.0	-0.534	0.0	0.0	0.276	0.476	0.0	0.0	0.0	0.0	0.0	-0.679	0.0	0.0	0.049	0.0	-0.636	-0.025	0.461	0.0	0.0	-0.398	0.0	0.0	-0.145	0.0	0.0	0.704	0.298	0.0	0.0	0.0	-0.051	0.0	-0.622	0.0	-0.068	0.0	0.0	-0.588	-0.138	0.0	-0.244	-0.662	-0.321	0.342	0.0	-0.57	-0.269	0.0	0.0	-0.237	0.0	0.0	0.335	0.0	-0.994	0.0	0.0	-1.007	0.007	-0.397	0.0	0.041	0.0	-0.435	0.0	0.0	0.0	0.0	0.0	-0.445	-0.449	-0.368	0.0	0.0	-0.006	0.0
location_topic	Woo-aaf8_347_saiga-62	0.46	-0.407	0.0	-0.828	-0.732	0.0	0.04	0.0	-1.088	-0.129	0.166	-0.262	0.0	0.0	0.0	-0.105	0.0	2.222	0.0	-1.105	-0.19	0.0	-0.3	-1.414	0.0	0.0	-0.327	0.0	0.0	-0.158	-0.063	-0.006	-0.71	-0.074	0.0	0.427	0.0	-0.307	-0.891	0.0	0.861	-0.94	0.017	0.0	0.0	-0.354	-0.512	-0.349	0.0	-0.172	-0.827	0.0	0.0	0.178	0.087	-0.833	0.0	0.0	0.142	0.0	-0.92	0.0	-1.412	0.0	-0.312	-1.804	-0.879	-0.315	0.0	-1.076	0.0	-0.392	0.153	-0.434	-0.386	0.0	0.183	0.0	-1.445	-0.382	0.0	0.44	0.156	0.382	0.0	0.0	-0.506	0.0	0.0	0.413
location_topic	Bov-d455_252_springbok-19	0.435	-0.874	0.0	-0.318	-1.563	0.0	0.0	0.0	-0.681	-0.278	0.0	0.0	0.0	-0.335	0.0	-1.224	0.0	2.593	0.0	-2.087	-0.356	0.0	0.491	-0.606	-0.472	0.0	0.392	0.0	0.0	-0.269	-1.141	0.0	0.327	-1.06	0.087	-0.277	0.0	0.0	-0.838	-0.282	-0.284	0.009	0.564	-0.859	-0.279	-0.521	0.284	0.0	-0.563	-0.279	-0.441	0.318	-0.421	0.0	-0.219	-0.556	-0.237	-0.539	0.0	0.0	-1.075	0.0	-0.596	-0.817	-0.5	-0.279	-0.491	0.0	0.0	-2.459	0.0	0.0	-0.242	-0.845	-0.88	0.0	0.163	0.0	-1.147	0.0	0.0	0.509	0.0	-0.306	-0.061	0.0	0.0	0.0	-0.211	0.228
location_topic	Spr-39f8_162_springbok-6	-0.205	-0.727	0.74	0.0	-0.625	-0.927	-0.261	-0.566	-0.246	-0.384	-0.677	-0.393	-0.469	-0.761	0.0	0.61	-0.711	-0.348	-0.331	0.0	0.0	0.0	0.0	0.024	-0.0	-0.377	-0.654	-0.269	0.0	0.0	0.0	-0.869	-0.751	0.186	-0.052	-0.393	-0.285	0.0	-0.421	0.0	0.447	0.0	-0.049	0.159	-0.107	0.0	0.0	-0.392	-0.037	-1.12	0.556	-0.808	-0.181	-1.136	-0.551	-1.039	-0.211	-0.269	-1.084	0.0	-0.748	0.988	0.0	0.86	-0.17	-0.697	-0.686	0.0	-0.636	0.0	-0.16	-0.497	-0.335	-0.241	0.047	-0.079	0.0	0.0	0.308	0.331	0.0	-0.554	-0.555	-0.397	0.0	0.0	-0.227	-0.563	-0.567	0.0
location_topic	Spr-39f8_165_springbok-2	0.03	-0.151	0.0	0.0	0.0	0.552	-0.262	-0.566	0.0	-0.565	-0.672	-0.084	-0.436	-0.534	0.0	0.052	0.0	0.0	0.0	-0.046	0.0	0.0	0.0	0.0	-0.443	0.0	0.0	0.306	0.41	0.0	0.0	0.0	0.0	-0.398	0.0	0.0	0.33	-0.198	0.0	-0.694	-0.181	0.0	0.0	-0.006	0.0	0.0	0.0	0.456	-0.221	0.0	0.0	0.007	-0.05	-0.179	0.0	0.779	0.0	0.0	0.0	0.0	0.0	-0.245	0.18	-0.3	0.0	-0.227	0.0	0.0	-0.38	0.079	0.0	-0.347	-0.301	0.0	0.0	-0.058	0.0	0.0	0.0	0.0	0.0	-0.731	0.0	-0.042	0.0	0.766	-0.135	0.0	-0.001	0.0
location_topic	Wat-9861_153_buffaloes-5	-0.035	0.045	0.12	-0.643	0.267	-0.109	0.0	-0.778	-0.089	0.465	0.0	0.0	-0.67	0.0	0.0	0.0	0.0	0.227	-0.35	0.0	0.0	0.0	0.0	-0.61	-0.604	0.0	-0.587	-0.233	-0.595	-0.427	-0.659	0.171	-0.184	-0.403	-0.331	0.612	-0.14	0.0	0.0	-0.307	0.785	-0.309	0.034	0.0	-0.281	-0.181	-0.228	-0.986	-0.067	-0.4	0.0	-1.669	-0.538	-0.796	-0.355	0.0	-0.056	0.785	-0.061	-0.057	0.564	-0.395	-0.578	0.026	-0.259	-0.334	0.0	-0.876	-0.229	-0.309	-0.359	-0.257	-0.145	0.062	0.408	-0.187	-0.187	0.0	0.0	0.0	0.292	-0.284	0.0	0.0	-0.556	-0.118	-0.138	-0.883	0.0	0.0
location_topic	Wal-cefe_9_ibex-3	-0.371	0.0	0.41	0.0	-0.296	0.105	0.0	-0.566	-0.591	-0.596	-0.06	0.0	-0.22	-0.534	0.412	0.052	0.0	-0.706	0.0	-0.041	-0.151	0.0	0.0	0.0	-0.446	-0.265	0.0	0.0	0.0	0.308	0.0	0.0	0.0	-0.949	-1.104	0.227	0.0	-0.807	-0.006	-0.694	-0.181	0.0	0.0	-0.006	0.467	0.0	0.0	0.453	0.0	0.0	0.0	-0.89	-0.78	0.0	0.0	0.0	0.0	0.0	0.0	0.0	0.153	-0.349	-0.368	-0.464	0.129	-0.144	0.0	-0.226	-0.38	0.0	0.0	-0.347	0.0	0.0	0.0	0.0	-0.301	0.0	-0.011	0.482	0.0	-0.012	-0.392	0.0	0.0	-0.3	0.352	0.0	-0.006	0.0
location_topic	Wal-cefe_9_ibex-10	0.0	-0.012	0.405	0.0	-0.378	0.006	0.255	-0.566	0.412	-0.219	-0.462	-0.799	0.0	-0.534	0.134	0.102	0.0	-0.265	-0.482	0.0	0.0	0.683	0.0	0.0	0.0	0.0	-0.103	-0.06	-0.051	0.0	-1.088	0.0	0.107	-0.218	0.0	0.0	0.0	-0.45	0.0	-0.677	0.298	0.0	-0.226	-0.042	-0.595	0.0	-0.296	0.0	-0.272	-0.029	0.488	-0.011	-0.05	-0.686	-0.155	-0.703	0.052	-0.183	-0.046	-0.665	0.0	-0.326	-0.348	0.0	0.0	-0.306	0.0	-0.814	-0.375	0.0	0.0	-0.55	0.0	0.0	0.0	-0.844	0.0	0.0	0.0	-0.306	0.0	0.198	-0.006	-0.789	0.0	0.103	0.0	0.0	-0.006	0.345
location_topic	Wal-cefe_5_ibex-4	-0.371	-0.464	0.0	0.009	0.023	-0.231	-0.046	-0.866	0.0	-1.367	0.206	-0.006	-0.7	-0.534	0.348	0.052	0.352	-0.469	0.0	-0.046	0.0	-0.011	0.0	0.046	-0.587	0.0	0.0	-0.579	0.0	-0.743	0.0	0.355	0.0	-0.359	-0.45	-0.052	-0.026	-0.198	0.0	-0.694	-0.181	0.259	0.0	-0.006	0.0	0.0	0.0	0.346	0.63	0.0	0.085	-0.161	-0.05	0.067	-0.29	0.0	-0.343	0.0	0.0	-0.005	0.0	-0.409	-0.612	-0.346	0.0	0.0	0.0	-0.947	-0.38	0.0	-0.213	-0.347	0.0	-0.687	0.0	0.0	0.066	0.0	0.0	0.0	0.0	-0.137	0.0	0.0	-0.591	0.0	0.352	0.0	-0.006	0.0
location_topic	Wal-cefe_2_ibex-3	0.0	-0.198	0.137	0.24	-0.609	-0.548	0.022	-0.566	0.123	0.139	-0.244	0.0	0.431	-0.534	0.0	0.174	-0.274	0.0	0.0	0.275	0.0	-0.701	-0.012	-0.195	-0.07	-0.841	0.136	-0.643	0.0	-0.701	-0.006	-0.223	0.0	-1.328	0.0	0.296	0.0	0.0	0.311	1.01	0.298	0.0	0.0	0.0	-0.294	0.052	-0.621	0.044	-0.223	-0.305	-0.574	0.818	-0.05	-1.54	-0.198	0.116	-0.44	-0.119	0.692	-0.423	-0.186	0.0	-0.578	0.0	0.0	0.0	0.0	-0.395	-0.177	0.0	0.0	-1.529	0.0	-0.268	0.759	0.0	-0.188	0.564	0.564	-0.19	-0.705	0.0	0.0	-0.571	0.0	-0.625	0.912	0.0	-0.006	0.025
location_topic	Wal-cefe_8_ibex-8	-0.363	0.317	2.241	0.248	-0.784	0.0	-1.102	-0.566	0.0	0.437	0.0	0.0	0.0	-0.534	0.0	0.0	0.0	0.466	0.0	0.0	-1.045	0.0	0.0	0.0	-0.562	0.0	-0.341	0.0	-0.821	0.0	0.0	-0.184	-0.398	-1.847	-0.071	0.0	0.0	0.0	0.0	0.315	0.298	0.0	0.0	0.0	-0.954	0.0	-0.304	-0.481	-0.506	0.0	0.0	0.078	-0.481	-0.003	0.615	0.0	-0.168	0.0	0.0	-0.538	1.377	-0.706	-1.301	-0.88	-0.114	0.109	0.0	0.86	-0.38	-0.013	0.0	-0.303	0.0	0.706	0.0	0.0	0.109	0.0	0.0	0.0	0.0	0.0	0.0	0.0	-0.122	-0.083	0.0	-1.163	-0.006	0.0
location_topic	Wal-cefe_2_ibex-24	-0.624	-0.609	0.957	0.0	-0.625	0.006	-0.159	0.0	-0.457	-0.327	0.0	-0.357	0.0	-0.138	0.0	0.0	0.0	0.0	0.352	0.0	0.0	0.0	0.0	0.0	0.0	0.0	0.0	-0.855	0.0	-0.686	0.198	-0.479	-0.639	0.354	-0.347	0.0	0.183	-0.046	0.0	0.0	-0.01	-0.005	0.683	0.0	-0.094	0.0	0.0	0.0	1.221	-0.07	-0.402	-0.769	0.0	0.0	-0.621	-0.266	0.0	0.0	-0.672	0.0	-0.013	0.0	0.0	0.68	-0.132	-0.574	-0.591	0.245	0.288	0.0	0.025	-1.155	0.064	0.0	0.0	0.103	0.0	0.18	0.0	0.24	-0.049	0.0	-0.353	0.0	0.0	-0.643	0.0	0.0	-0.48	-0.312
location_comment	Afr-354e_14_rainforests-33	0.083	-0.094	-0.399	-0.035	0.0	0.0	0.0	-0.289	-0.211	0.0	0.0	0.0	0.0	-0.396	0.0	-0.247	0.263	-0.09	0.0	-0.549	-0.542	0.0	0.0	-1.245	-0.557	-0.109	0.0	0.0	0.0	0.158	-1.172	-1.778	-0.908	-0.569	-0.154	-0.448	0.0	0.0	-0.451	-0.226	-0.327	1.295	0.083	-0.57	0.05	0.355	0.028	0.0	0.0	-0.009	0.664	-0.915	-0.743	0.0	0.0	-0.608	-0.643	-0.223	0.0	-0.086	-0.477	-0.888	-0.248	-0.844	-0.818	0.089	-0.473	-0.432	-0.38	-0.433	0.0	-0.228	0.05	-0.126	-0.379	0.0	-0.602	0.0	-0.243	-0.368	0.0	0.518	0.0	-0.474	0.0	-0.133	-0.491	0.0	-0.474	-0.865
location_comment	Afr-354e_14_rainforests-7	0.0	0.0	0.564	-0.025	-0.403	-0.687	0.0	-0.566	0.116	-0.116	0.0	-0.498	0.0	-0.534	-0.266	0.0	-0.472	0.0	-0.086	0.0	-0.292	0.0	-0.266	0.569	0.007	0.0	-0.676	0.0	0.713	0.702	0.0	-0.142	-0.07	-0.793	-0.101	0.0	0.0	-0.39	0.0	-0.243	0.298	0.069	-0.011	-0.477	-0.748	0.0	-0.623	-0.056	0.0	-0.184	0.021	-0.068	-0.05	0.0	0.0	-0.518	0.022	-0.062	0.0	0.0	0.268	0.031	-0.348	0.0	0.0	-1.064	-0.51	-1.002	-0.62	-0.137	-0.468	-1.461	-0.463	0.0	0.0	-0.106	-0.222	0.0	-0.223	0.026	0.784	-0.182	0.0	-0.233	0.0	0.0	0.0	0.716	-0.006	0.982
location_comment	Afr-354e_20_rainforest-6	0.0	0.0	0.82	-0.56	-0.95	-0.327	0.0	-0.735	-0.168	-0.25	-1.117	0.0	0.0	-1.458	0.0	0.392	0.0	-0.087	0.0	-0.097	0.0	-0.319	-0.133	0.404	-0.281	-0.028	-0.477	-0.214	-0.046	0.0	0.0	0.441	-0.778	-0.742	0.0	0.272	-0.067	0.0	0.213	-0.565	-0.234	0.0	0.0	-0.061	0.0	0.0	-0.607	-0.302	-0.39	-0.07	-0.126	0.031	-0.601	-0.371	0.0	-0.223	-0.379	-0.97	-0.376	-0.154	-0.794	-0.453	0.0	0.392	-0.259	-1.098	0.0	-0.935	-0.407	0.05	-0.006	-0.98	-0.086	-0.523	-0.427	-0.509	-1.285	-0.259	-0.162	0.0	0.0	0.0	-0.194	-0.491	0.0	0.352	-0.603	0.6	-0.505	0.0
location_comment	Afr-354e_4_rainforests-13	0.493	0.048	0.309	-0.051	-0.05	-0.626	-0.684	-1.209	0.447	-0.98	-1.163	-1.03	0.0	-0.534	-0.564	-0.137	0.0	-0.277	-0.161	-0.063	-0.49	0.0	0.0	0.544	-1.164	-0.199	-0.902	-0.149	-0.65	0.0	0.0	0.393	-0.306	-0.7	-0.148	-0.347	0.207	-0.436	0.308	-0.243	-0.118	-0.115	-0.349	-0.882	-0.4	-0.076	-0.231	0.0	0.0	-0.184	-0.032	-0.018	0.234	0.62	0.0	-0.212	0.022	0.163	0.88	0.729	0.12	-0.259	-0.725	-0.161	-0.93	-0.306	-1.214	-0.989	-0.825	0.017	-1.073	-1.961	0.0	0.0	0.0	-0.106	0.0	0.0	-0.284	-0.775	0.0	0.068	-0.476	-0.288	-0.109	-0.345	-0.204	0.716	-0.616	0.524
location_comment	Big-0af3_37_desert-12	0.0	0.0	0.0	0.0	-0.599	0.566	0.528	0.0	0.0	0.0	0.0	-0.658	0.0	0.0	0.262	-0.425	0.0	0.055	0.0	0.0	0.0	-0.144	-0.346	-0.314	0.759	0.0	0.0	0.0	-0.056	-0.299	-0.673	0.0	0.0	0.0	0.0	0.0	0.0	0.088	-0.62	0.0	-0.428	0.0	-0.076	0.0	0.0	0.0	0.0	0.0	-0.018	0.0	-0.625	-0.092	0.0	0.0	-0.249	0.02	1.233	0.0	-0.304	0.0	0.203	0.0	0.0	-0.542	0.0	0.0	0.0	0.0	0.0	0.116	0.17	-0.043	0.0	0.0	0.0	0.0	0.0	-0.223	0.0	0.0	-0.029	0.0	-0.161	0.0	0.0	0.0	0.0	0.0	0.0	0.0
location_comment	Big-0af3_36_desert-13	0.207	0.062	-0.024	0.0	0.0	-0.562	-0.417	0.0	0.0	-0.774	0.0	-0.467	-0.013	-0.756	-0.055	-0.051	0.0	-0.205	0.087	0.676	0.0	-0.418	-0.409	0.0	0.0	0.0	-0.87	-0.144	-0.761	-0.447	-0.839	0.0	-0.305	0.0	0.0	0.0	-0.161	0.0	1.351	-0.341	-0.231	0.0	0.0	-0.41	-0.043	0.82	0.0	-0.413	0.0	-0.051	-0.436	0.0	-0.056	-0.006	-0.208	-0.405	-0.508	-0.614	0.0	-0.207	0.0	-0.337	0.0	0.0	0.089	0.0	0.0	0.116	0.0	0.196	0.73	-0.034	0.759	0.0	0.0	0.0	0.0	0.0	-0.334	-0.571	-0.302	0.0	-0.702	-0.523	0.0	0.0	0.0	0.0	0.0	0.0
location_comment	Big-0af3_23_desert-12	-0.172	0.0	0.246	0.0	-0.076	-1.167	-0.479	-0.598	-0.065	-0.28	0.0	-0.485	0.0	-1.066	0.0	0.0	-0.055	-0.632	-0.352	0.0	0.0	0.109	-0.161	-0.558	-0.574	1.914	0.0	-0.414	1.113	0.319	-0.992	0.088	0.141	-0.454	0.496	-0.299	-0.06	0.139	-0.655	0.198	0.171	-0.373	-0.123	-0.346	-0.535	-0.22	-0.07	0.0	0.0	-0.029	0.253	-0.807	-0.344	0.0	-0.273	0.0	0.385	0.0	0.02	0.139	-0.006	0.0	-0.166	0.402	0.0	-0.144	0.0	0.0	-1.715	-0.212	0.0	-0.62	-0.494	-0.287	-0.38	-0.261	0.054	-0.15	0.55	0.0	-0.499	0.0	0.675	-0.158	0.0	0.144	0.759	-0.769	-0.066	0.0
location_comment	Big-0af3_40_desert-20	-0.019	0.0	-0.029	-0.38	0.0	-0.674	-0.077	0.0	0.0	-0.157	0.358	-0.414	0.0	0.0	0.0	0.839	0.319	-0.006	0.0	0.0	0.0	0.02	-0.62	-1.315	0.439	0.0	-0.391	0.0	0.0	-0.422	-0.038	-0.032	-0.094	-0.225	-0.208	0.0	0.0	-0.094	0.0	-0.408	0.517	-0.139	-0.163	0.0	0.0	-0.247	0.0	0.09	-0.041	-0.055	0.0	0.0	-0.056	-0.223	-0.161	0.0	0.759	-0.901	0.0	0.0	-0.281	-0.704	-0.603	0.268	0.0	0.0	0.496	0.0	-0.749	0.0	-0.012	-0.056	0.0	0.716	0.0	0.0	0.0	-0.183	-0.372	-0.704	-0.304	-0.038	0.0	0.0	0.06	0.0	0.0	-0.44	0.0	0.094
location_comment	Tai-3286_125_mountain-47	0.0	0.0	0.0	0.0	0.0	-0.102	0.0	0.206	-0.19	-0.452	0.0	0.0	-0.41	0.0	0.0	-0.196	-0.643	0.018	0.106	0.0	-0.061	-0.313	-0.589	0.0	0.534	0.0	0.0	0.0	-0.133	-0.297	-0.276	0.0	-0.47	0.0	0.0	0.0	0.0	0.0	-0.094	0.0	0.46	-0.327	0.0	0.0	-0.287	0.054	0.0	0.261	-0.651	0.0	-0.686	0.0	-0.589	-0.353	-0.166	-1.014	0.633	0.0	0.0	0.0	0.0	0.0	-0.863	0.0	-0.112	-0.309	0.0	-0.297	0.0	0.0	0.0	-0.258	0.0	0.183	-0.172	0.0	0.0	0.0	0.0	-0.237	-0.138	-0.138	0.469	0.633	0.0	-0.109	0.0	0.0	0.0	0.0
location_comment	Big-0af3_35_mountains-22	0.728	0.0	0.0	-0.211	-0.296	0.053	0.0	-0.958	0.352	-0.381	0.0	0.0	0.0	-0.534	0.616	-0.34	0.0	1.078	0.0	-0.585	-0.808	0.369	-0.061	0.689	0.126	-0.109	-0.336	0.0	0.0	0.392	-0.513	0.176	-0.402	-1.075	0.042	0.0	0.0	-0.161	0.114	0.047	-0.196	0.0	-0.346	-0.603	0.181	0.167	-1.01	0.0	-0.027	1.229	0.308	-0.195	-0.05	0.042	0.055	-0.4	-0.854	-0.006	0.0	0.0	-0.814	0.0	-0.843	1.159	-0.464	-0.551	0.0	-0.071	-0.713	-0.173	-0.126	-0.935	-0.134	-1.062	-0.422	-0.43	0.05	0.0	-0.18	0.0	-0.586	0.213	-0.133	-0.808	0.0	-0.133	-0.491	0.856	-0.006	-0.065
location_comment	Argaf7f_1_mountains-9	0.0	-0.433	-0.106	0.0	0.683	0.0	-0.172	-0.689	0.0	0.02	0.0	-0.155	-0.278	-0.534	0.271	-0.62	0.0	-0.49	0.531	0.0	-0.433	-0.271	0.0	-0.267	0.0	-1.002	-0.228	0.283	0.0	0.0	-0.839	-0.615	-0.596	-0.398	0.0	0.0	0.003	0.759	-0.039	-0.003	0.298	0.0	0.0	0.0	0.448	0.0	-0.359	-0.382	0.0	-0.161	-0.253	-0.262	-0.05	0.0	0.059	-0.291	-0.175	0.0	-1.076	-0.173	0.829	-0.076	-0.12	0.0	-0.365	0.0	0.0	0.0	-0.38	0.0	0.0	0.0	-0.056	-0.771	0.0	0.09	-0.118	0.0	0.0	0.02	0.0	-0.16	0.0	-0.106	-0.481	0.0	0.0	0.0	0.011	-0.32
location_comment	Wat-9861_7_swamp-29	-0.574	-0.409	-0.111	-0.264	-0.069	-0.94	0.115	-1.247	0.027	-0.508	0.0	-0.142	0.143	-0.2	-0.585	0.148	0.212	0.0	0.0	0.0	0.0	-1.481	-1.23	0.173	0.0	0.0	0.081	-0.547	0.0	-0.876	-0.215	0.0	0.0	0.561	-0.757	0.0	0.0	0.058	-0.153	-0.148	-0.114	0.043	-0.623	-0.081	-0.347	0.429	0.0	-0.708	0.0	0.0	0.0	0.0	-0.108	0.178	0.113	-0.201	-0.201	-0.683	0.0	0.0	-0.278	-0.191	-0.315	0.24	0.0	-0.006	0.0	0.0	-0.609	0.0	0.0	0.581	0.0	-1.297	0.0	0.0	-0.414	0.0	-0.475	0.399	0.015	-0.633	-0.392	0.0	0.052	0.0	0.0	0.0	-0.315	0.0
location_comment	Wat-9861_20_swamp-14	0.498	0.0	0.0	0.0	-0.051	0.296	0.0	0.0	0.042	-0.551	-0.656	0.0	0.44	-0.12	0.0	0.0	-0.742	0.0	0.0	-0.418	0.0	-0.257	0.0	0.0	0.0	0.198	0.062	0.0	-0.542	0.392	-0.284	-0.259	-0.246	-1.223	0.0	0.0	0.0	0.0	0.0	0.0	0.0	0.0	-0.496	0.326	0.0	-0.384	-0.062	0.0	-0.222	-0.025	0.669	0.723	0.0	0.0	-0.523	-0.061	-0.643	0.0	0.0	-0.686	0.0	0.0	-0.311	-0.302	-0.449	0.0	0.0	0.0	0.0	0.0	0.202	0.138	0.0	-0.35	0.0	0.0	0.0	0.0	-0.392	0.16	0.0	0.0	0.0	0.0	-0.293	-0.483	-0.491	0.0	0.132	0.0
location_comment	Wat-9861_20_swamp-38	0.0	0.149	0.0	0.0	0.0	-0.721	-0.006	0.0	0.0	-0.424	0.0	0.0	0.0	0.0	0.0	0.324	-0.644	0.0	0.548	0.0	0.215	-0.541	-0.814	0.0	0.0	-0.068	-0.058	0.0	0.0	0.252	-0.266	-0.538	0.0	0.0	0.0	0.0	0.0	0.0	0.0	0.0	-0.114	-0.644	0.0	-0.41	-0.046	-0.638	0.0	-0.907	-0.323	0.0	0.0	0.0	0.052	0.0	-0.24	0.0	0.206	0.0	0.0	0.0	0.0	-0.523	0.0	0.0	-0.356	0.0	-0.006	-0.101	-0.327	-0.022	0.0	0.322	0.0	0.0	0.215	0.0	0.0	-0.445	-0.237	0.0	0.516	0.0	-0.392	0.0	-0.737	-0.347	0.0	0.0	-0.756	-0.694
location_comment	Ara-1963_41_rainforest-5	0.0	0.0	0.0	-0.401	-0.189	0.0	0.688	-0.241	0.0	0.0	0.0	-0.509	0.0	-0.096	0.371	-0.518	-0.551	0.0	-0.035	0.0	0.0	0.0	-0.855	-0.306	-0.039	-0.746	0.343	0.323	-0.148	0.0	-0.45	0.0	-0.576	0.0	0.0	0.426	-2.187	0.137	-0.038	0.302	-0.284	-0.81	0.0	0.0	0.0	0.0	0.0	0.0	0.0	-0.751	-0.254	0.0	-0.316	0.0	0.0	-0.267	-0.739	-0.344	-0.473	-0.102	0.01	0.16	-0.366	0.0	0.0	0.348	0.0	-0.548	-0.097	0.289	0.0	-0.377	0.047	0.001	0.0	0.287	0.0	-0.308	0.0	-1.778	-0.163	0.0	0.0	0.0	0.0	0.0	-0.23	-0.541	0.0	0.224
location_comment	Sno-d342_96_Mountains-13	-0.39	0.05	1.882	-0.532	0.532	-0.969	-2.335	-0.983	0.116	0.462	-0.976	-0.441	-0.523	-0.454	-0.733	-1.186	0.008	-1.222	-1.31	0.596	0.544	-0.901	1.091	-0.571	-1.488	-0.374	-0.244	-1.298	0.177	0.0	0.0	0.35	-0.233	-0.383	-1.662	-0.338	0.31	-0.002	-0.015	0.0	-0.551	-0.255	-0.317	-2.109	-0.719	-0.381	0.336	-0.568	0.0	0.0	0.034	-0.597	0.499	0.0	-0.035	0.0	-1.573	0.0	-0.169	2.73	0.754	-0.922	0.567	-0.921	0.254	0.0	-1.068	0.362	-0.087	0.0	0.0	0.0	-0.864	0.113	-0.561	0.0	0.0	0.18	-0.245	0.046	0.0	0.541	-0.319	0.0	-0.289	-0.413	-0.123	-0.22	0.0	-0.342
location_comment	Dal-d353_16_Mountains-33	0.793	-0.051	-0.418	-0.106	0.543	0.0	0.0	0.139	0.172	0.06	0.0	0.0	0.0	0.0	0.0	0.125	0.0	0.0	0.0	0.0	-0.85	-0.061	0.0	-0.586	-0.155	-0.109	0.223	0.0	0.0	-0.395	0.188	0.233	-0.48	-0.374	-0.186	0.0	-0.568	-0.458	-0.217	-0.925	0.0	0.0	0.0	-0.358	0.0	-0.434	-0.383	0.0	-0.646	-0.184	-0.523	0.381	-0.533	0.0	0.418	-0.061	-1.4	-0.412	-0.051	0.0	-0.009	0.17	-0.387	-0.302	-0.08	0.0	-0.419	-0.625	-0.071	-0.178	-0.557	-0.934	0.248	-0.77	0.0	0.0	-0.038	0.0	-0.529	0.0	0.0	0.734	0.0	-0.025	-0.122	-0.133	-0.378	0.659	0.0	0.0
location_comment	Dal-d353_16_Mountains-30	-0.41	0.0	0.375	0.261	-0.004	0.0	0.015	-1.687	-0.061	-0.129	0.827	0.06	0.0	-0.72	-0.639	0.0	0.117	0.616	0.264	-0.215	0.0	0.0	0.548	-0.008	-0.074	-0.138	0.134	-0.957	0.0	0.0	0.0	-0.637	0.0	-0.7	-0.223	0.0	-0.646	-0.307	0.09	-0.616	0.692	-0.199	-0.551	-0.09	-0.518	0.0	0.392	-0.579	0.0	-0.725	0.013	-0.244	-0.442	0.0	0.125	-0.212	-0.188	-0.409	-0.514	0.444	0.0	-0.259	-0.552	-1.222	0.0	-0.306	-0.491	-0.251	-0.335	0.0	0.0	-0.578	0.0	0.105	0.0	-0.106	-0.268	0.0	0.36	0.0	0.549	0.0	0.0	0.0	-1.09	-0.237	0.0	0.0	0.212	-0.117
location_comment	Big-0af3_9_mountain-9	0.114	-0.682	-0.578	0.0	0.0	-0.144	0.0	-0.018	0.438	-0.549	0.0	0.0	0.0	0.0	0.0	0.0	0.0	0.0	0.432	0.564	0.0	-0.507	-0.62	-0.327	-0.621	0.225	0.297	0.0	-0.539	-0.076	-0.224	-0.643	-0.306	-0.557	0.0	0.0	0.0	0.0	0.694	-0.014	-0.006	-0.287	0.0	-0.642	0.115	0.483	0.0	-0.094	0.0	0.0	0.12	0.0	0.0	0.186	-0.268	0.0	0.357	-0.866	0.0	-0.315	0.0	-0.236	-0.353	0.142	-0.178	0.0	0.0	0.045	0.0	-0.2	0.056	-0.217	0.0	0.0	-0.421	0.0	0.0	0.0	-0.996	-0.65	-0.482	0.106	0.0	0.0	0.0	0.0	0.0	0.063	0.0	0.0
location_comment	Big-0af3_17_mountain-20	-1.197	-0.103	-1.102	-0.006	0.396	-1.549	-0.176	0.0	1.262	1.052	-0.334	-0.008	0.0	-0.58	0.16	-0.028	-0.66	-0.674	0.163	0.612	0.087	-0.144	-0.958	-0.029	-0.276	-0.044	-0.552	-0.144	0.0	-0.557	-0.253	0.093	0.0	0.866	0.0	0.0	0.0	-0.302	0.327	-0.386	-0.032	-0.297	-0.346	-1.048	0.0	0.0	-0.013	-0.699	0.352	-0.698	-0.637	-0.347	-0.108	-0.03	-1.046	-0.484	0.601	-0.802	0.0	-0.039	-0.581	-0.578	-1.135	0.386	0.0	0.0	-0.694	0.263	0.0	0.0	0.0	0.482	-0.571	-0.249	0.429	-0.164	0.0	-0.051	-0.061	0.0	-0.723	-1.188	0.386	0.0	0.0	0.0	0.0	0.0	0.157	0.0
location_comment	Bha-2df5_5_Mountains-3	0.0	-0.449	0.659	-0.152	0.323	-0.552	0.0	-0.517	-0.071	-0.174	-0.01	0.0	0.0	-0.534	-0.445	0.0	0.191	-0.232	0.0	0.0	-0.006	0.0	0.0	-0.588	-0.247	-0.061	-0.934	0.312	-0.584	0.0	0.11	0.479	-0.07	-1.096	0.0	0.0	-0.739	0.116	0.0	0.308	1.029	0.0	0.0	0.0	-0.255	-0.377	-1.033	0.0	0.055	0.0	0.0	-0.223	-0.05	0.0	0.365	-0.512	-0.694	0.0	0.0	-0.57	0.497	-0.503	-0.929	-0.051	-0.41	0.308	0.0	-1.28	-0.38	0.643	0.0	-1.246	0.166	-0.066	0.0	0.139	0.49	-0.052	-0.223	-0.226	0.0	0.009	-0.523	-0.083	-0.138	-0.535	0.0	-0.893	-0.039	0.048
location_comment	Bha-2df5_68_Mountains-17	0.278	0.0	0.564	0.0	1.364	0.0	-0.075	-0.318	-0.054	0.02	0.0	0.857	0.0	-0.956	0.0	-0.48	0.0	-0.014	-0.449	0.0	0.0	-0.33	0.016	-1.468	0.0	0.786	0.005	0.0	0.0	-0.303	-0.233	-0.598	-1.251	0.362	0.0	0.464	-0.194	0.0	0.0	-0.479	-0.27	0.0	0.0	0.0	-0.051	-0.187	0.615	0.0	0.0	-0.092	-0.052	-0.076	-0.342	0.0	-0.917	-1.146	-0.853	-0.068	-0.41	0.401	-0.006	0.0	0.239	0.291	-0.198	-0.301	-0.061	0.0	-0.955	0.0	0.521	-0.625	-0.794	0.06	0.0	-0.106	-0.069	0.0	-0.269	-0.002	0.0	0.0	-0.341	-0.058	-1.14	0.0	0.0	0.0	-0.006	0.0
location_comment	Wil-28c2_15_swamp-38	0.0	0.0	0.0	0.0	0.605	-0.309	0.0	-0.214	-0.428	-0.378	-0.105	0.0	-0.41	0.0	-0.495	0.083	-0.643	-0.446	0.0	0.251	-0.061	-0.333	-0.4	-0.271	0.392	0.0	0.0	0.0	0.42	-0.24	-0.35	0.0	-0.537	0.0	0.0	0.0	-0.229	-0.669	-0.218	0.0	0.046	0.0	0.0	0.0	0.0	-0.492	0.0	0.35	-0.651	0.0	0.115	0.0	0.0	0.0	-0.066	-1.014	0.36	0.0	-0.461	0.0	0.0	0.256	-0.508	0.147	-0.469	0.138	0.0	0.0	0.115	0.0	0.0	-0.613	0.0	0.417	-0.006	0.0	0.0	0.0	0.381	-0.108	-0.309	0.0	0.0	0.0	-0.312	-0.109	0.0	0.0	0.0	0.0
location_comment	Wil-28c2_71_wetlands-41	0.0	0.0	0.393	0.0	-0.625	0.0	-1.132	0.0	0.0	-0.145	0.389	0.0	0.0	-0.318	-0.474	0.0	0.0	0.0	0.379	0.0	0.0	0.0	0.0	-0.63	0.0	-0.699	0.0	0.0	0.0	0.0	0.247	0.0	0.0	0.411	0.0	0.0	0.35	0.222	0.0	0.0	0.0	0.0	0.0	-0.434	0.0	0.0	0.0	0.0	0.0	-0.07	-0.8	0.101	0.528	0.0	-0.111	-0.223	0.0	0.0	0.0	0.0	-0.144	-0.018	0.0	-0.114	0.0	-0.305	0.0	0.121	-0.592	0.0	-0.181	-1.192	0.0	0.0	0.0	-0.018	0.0	0.0	-0.256	0.0	0.311	0.0	0.172	0.0	0.0	0.0	0.0	0.0	0.0	0.0
location_comment	Mar-3955_67_mountains-19	-0.137	0.018	0.74	0.677	-0.718	0.463	-0.187	0.009	-0.607	-0.72	0.288	0.0	-0.469	-1.315	0.0	-0.519	-0.38	-0.348	0.0	0.0	0.464	-0.475	-0.534	-0.656	-0.043	-0.13	0.0	-0.322	0.0	-1.184	-0.588	-0.458	-0.422	-0.07	0.0	-0.393	0.032	-0.261	-0.324	0.0	0.298	0.0	0.0	0.0	-0.34	-0.251	-0.09	-0.745	-0.415	-0.07	0.0	-0.755	-0.181	-0.806	0.0	-0.576	0.448	0.0	-0.319	0.0	-1.085	0.0	0.24	0.0	-0.621	-0.305	-0.456	0.0	-1.257	-0.137	-0.109	-0.729	-0.951	-0.316	-0.257	-0.444	0.0	0.0	0.308	-0.108	-0.334	0.0	-0.535	0.0	0.0	0.0	0.0	-0.255	-0.006	0.0
location_comment	Mar2a6b_1_Mountain-1	0.0	0.0	0.0	0.0	0.0	0.0	0.0	0.0	0.0	0.0	0.0	0.0	0.0	0.0	0.0	0.0	0.0	0.0	0.0	0.0	0.0	-0.193	-0.577	0.0	0.0	0.0	0.0	0.0	0.0	0.295	0.0	0.0	0.0	0.0	0.0	0.0	0.0	0.0	0.0	0.0	-0.021	0.0	0.0	0.0	0.0	0.0	0.0	0.0	0.0	0.0	0.0	0.0	0.0	0.0	-0.179	0.0	0.486	0.0	0.0	0.0	0.0	0.0	0.0	0.0	0.0	0.0	0.0	0.0	0.0	0.0	0.0	0.437	0.0	0.0	0.0	0.0	0.0	0.0	0.0	0.0	-0.287	0.0	0.0	0.0	0.0	0.0	0.0	0.0	0.0	0.0
location_comment	Mar-3955_78_mountains-15	0.0	-0.202	0.384	0.0	-0.403	0.0	-0.075	0.155	0.116	-1.159	0.0	-0.518	0.0	-0.891	0.095	-1.048	-0.503	0.303	-0.625	-0.16	-0.172	-0.27	-1.071	0.599	-0.126	-1.209	-0.623	0.0	-1.16	0.231	-2.043	0.393	-0.769	0.186	0.241	-0.104	-0.438	0.548	0.406	-0.315	-0.111	0.0	-0.213	-0.697	0.03	0.0	0.006	-1.032	0.0	-0.215	-0.929	-0.281	-0.121	-0.515	0.0	-0.762	-0.531	0.614	-0.048	-0.112	0.22	-0.196	0.308	-0.938	0.0	0.113	-0.732	-0.671	-1.274	-0.311	-0.13	-1.086	0.163	0.0	-1.02	-0.044	-0.539	0.0	-0.628	-0.019	0.0	-0.887	-0.593	0.111	-0.712	-0.198	0.0	0.849	-0.006	-0.565
location_comment	Mar-3955_44_mountain-31	-0.303	0.0	0.44	0.0	0.0	-0.258	0.0	0.0	0.0	0.044	0.0	0.0	0.0	-0.313	-0.163	0.0	0.0	-0.414	0.035	0.117	0.0	-0.384	-0.369	0.0	0.0	0.0	-0.253	0.0	0.0	-0.257	0.0	0.0	0.0	0.057	0.0	0.0	-0.225	0.0	-0.285	0.069	0.184	0.0	0.0	0.0	0.0	0.0	0.0	0.096	0.0	-0.425	-0.447	0.0	0.439	0.0	-0.353	0.0	0.151	-0.781	0.0	-0.237	0.0	-0.392	0.0	0.0	0.0	0.0	0.0	0.0	0.0	0.0	0.0	0.152	0.694	0.0	0.0	0.0	0.0	0.0	0.0	0.0	-1.0	0.0	-0.208	0.0	0.0	0.0	0.0	0.0	0.0	0.0
location_comment	Arg-817f_2_Mountains-36	0.643	-0.183	-0.478	0.0	0.704	0.0	0.0	-0.702	-0.015	-0.414	0.0	0.0	0.0	0.202	0.0	-0.332	-0.732	0.878	-0.078	-0.164	0.0	0.0	0.346	-0.808	0.0	-0.415	-0.006	0.0	0.0	0.209	-0.479	-0.265	0.0	-0.604	0.0	-0.198	-0.282	-0.342	-0.343	0.0	0.424	0.0	0.0	-0.426	0.741	-0.565	-0.084	0.0	-0.059	0.0	-0.454	-0.046	-0.185	-0.35	-0.036	0.582	-1.025	-0.48	0.0	-0.346	-0.5	0.0	-0.642	-0.302	-0.671	-0.169	-0.41	-0.13	-0.38	0.0	-0.326	-0.392	-0.04	-0.425	-0.58	0.768	0.0	0.0	0.041	0.0	0.338	0.308	0.0	0.0	-0.761	-0.133	-0.491	-0.005	0.046	0.0
location_comment	Arg-817f_2_mountain-12	0.21	0.0	0.628	0.0	0.0	-0.547	-0.006	0.0	0.0	-0.478	0.0	0.0	0.0	-0.37	0.024	-0.051	0.0	-0.348	0.0	0.006	0.0	0.02	-0.62	0.0	0.0	0.0	-0.593	-0.06	0.0	-0.076	0.0	-0.799	0.0	0.0	0.0	0.0	-0.077	0.0	-0.219	-0.126	-0.006	0.0	-0.183	-0.717	0.0	0.0	0.0	-0.546	0.0	0.0	-0.462	0.412	-0.038	0.0	-0.161	0.0	0.165	-0.86	0.0	-0.103	0.0	-0.255	0.0	0.0	0.0	0.0	0.0	-0.226	0.0	0.0	0.0	0.251	0.741	0.0	0.0	0.0	0.0	0.0	-0.061	0.0	-0.055	0.0	-0.258	0.0	0.0	0.0	0.0	0.0	0.0	0.0
location_comment	Dal-d353_109_Mountain-1	-0.19	0.0	-0.542	0.0	0.0	0.147	0.0	0.0	0.0	-0.549	0.0	0.0	0.0	0.0	0.0	0.0	0.0	0.0	0.1	0.393	0.0	0.02	-0.62	0.0	0.0	0.0	0.0	0.0	-0.539	-0.076	-0.234	0.0	-0.305	0.0	0.0	0.0	0.0	0.0	0.694	0.0	-0.006	0.0	0.0	0.0	0.115	0.597	0.0	-0.07	0.0	0.0	0.0	0.0	0.0	0.0	-0.179	0.0	0.135	0.0	0.0	-0.315	0.0	0.0	0.0	0.0	-0.178	0.0	0.0	0.116	0.0	-0.2	0.0	-0.327	0.0	0.0	0.0	0.0	0.0	0.0	-0.362	-0.336	-0.055	0.0	0.0	0.0	0.0	0.0	0.0	0.0	0.0	0.0
location_comment	Tun-c63e_41_Tundra-1	0.0	0.116	0.304	-0.233	0.0	0.163	-0.694	0.0	0.352	-0.389	0.0	0.0	0.0	0.0	0.0	0.0	0.0	-0.197	0.0	0.0	0.0	0.0	0.0	-0.22	-0.07	0.0	-0.237	0.0	0.0	-0.347	-0.006	-0.018	-0.106	-0.625	0.0	0.0	0.0	-0.189	0.0	0.119	0.343	0.0	0.0	0.0	-0.472	0.052	-0.571	0.0	0.0	0.0	0.0	-0.089	0.0	0.0	-0.198	0.0	-0.394	0.0	-0.173	-0.462	0.793	-0.7	-0.72	0.0	0.0	0.0	0.0	0.0	0.0	0.0	0.0	-1.217	-0.864	0.0	-0.046	0.0	0.0	0.0	0.0	-0.051	-0.48	0.0	0.0	0.0	0.0	-0.103	0.0	-0.778	0.0	-0.133
location_comment	Tun-c63e_44_Tundra-1	0.0	0.0	0.0	0.0	0.147	0.241	-0.736	0.0	0.119	0.0	0.0	0.042	0.0	0.0	0.0	0.0	0.0	0.421	-0.112	-0.166	0.0	0.0	0.0	-0.439	-0.166	0.269	0.0	0.116	0.455	-0.261	0.0	0.224	-0.08	0.342	-0.515	0.0	0.0	0.127	-0.482	-0.595	-0.223	0.0	0.0	0.0	0.0	-0.154	0.0	0.0	0.0	0.0	0.0	0.0	0.0	0.0	0.0	0.0	-0.243	0.0	0.0	0.0	0.0	0.0	0.0	-0.143	0.014	-0.4	0.0	0.0	-0.232	0.0	0.0	0.0	-0.731	0.0	-0.236	0.0	0.0	-0.293	0.121	0.0	0.0	0.0	0.0	0.0	0.0	0.0	0.217	-0.522	0.0	0.454
location_comment	Tun-c63e_50_Tundra-1	0.0	0.0	0.0	0.0	0.147	0.241	-0.736	0.0	0.119	0.0	0.0	0.0	0.0	0.0	0.0	0.0	0.0	0.251	-0.112	-0.166	0.0	0.0	0.0	-0.439	-0.166	0.269	0.0	0.116	0.455	-0.261	-0.571	-0.297	-0.409	0.342	0.0	0.0	0.0	0.0	-0.482	-0.595	0.0	0.0	0.0	0.0	0.0	0.0	0.046	0.0	0.0	0.0	0.577	-0.248	0.0	0.0	0.0	0.0	-0.243	0.0	0.0	0.141	0.0	0.0	0.0	-0.143	0.014	-0.4	0.0	0.0	-0.232	0.0	0.0	0.0	-0.731	0.0	0.373	0.0	0.0	-0.293	0.121	0.0	0.0	0.0	0.0	-0.346	0.0	0.0	0.217	-0.522	0.0	0.454
location_comment	Tun-c63e_29_Tundra-1	0.0	0.087	0.322	-0.655	0.0	0.0	0.0	-0.224	-0.377	-0.397	-1.046	0.0	-0.428	0.0	0.443	0.0	-1.04	-0.295	-0.282	0.0	0.0	0.0	0.0	0.0	-0.556	0.0	-0.015	0.0	0.0	0.0	0.352	0.086	0.0	-0.585	0.0	-0.198	-0.381	0.115	0.0	0.1	0.0	0.493	0.0	0.0	-0.307	0.0	-0.466	0.0	0.0	0.0	0.0	-0.252	0.0	0.0	0.0	0.0	-0.425	0.0	0.0	-0.579	0.332	-0.424	-0.378	0.0	0.0	-0.469	0.0	-0.582	-0.508	0.0	0.0	-0.207	0.0	-0.11	0.0	-0.162	0.0	0.0	-0.272	0.0	0.0	-0.347	0.0	0.0	0.0	0.217	0.0	-0.55	-0.131	0.0
location_comment	Tun-c63e_52_Tundra-1	0.0	0.0	0.0	0.0	0.0	0.0	0.0	0.0	0.0	0.0	0.0	0.0	0.0	0.0	0.0	0.0	0.0	0.0	0.0	0.0	0.0	0.0	0.0	0.0	0.0	0.0	0.0	0.0	0.0	0.0	0.0	0.0	0.0	0.0	0.0	0.0	0.0	0.0	0.0	0.0	0.0	0.0	0.0	0.0	0.0	0.0	0.0	0.0	0.0	0.0	0.0	0.0	0.0	0.0	0.0	0.0	0.0	0.0	0.0	0.0	0.0	0.0	0.0	0.0	0.0	0.0	0.0	0.0	0.0	0.0	0.0	0.0	0.0	0.0	0.0	0.0	0.0	0.0	0.0	0.0	0.0	0.0	0.0	0.0	0.0	0.0	0.0	0.0	0.0	0.0
location_comment	Tun-c63e_39_tundra-6	0.0	0.0	0.564	0.0	-0.403	0.0	0.0	-0.566	-0.344	-0.415	0.0	0.0	0.0	-0.638	0.0	0.0	0.0	-0.088	0.0	0.248	-0.52	-0.062	0.0	-0.315	0.0	0.0	0.0	-0.172	0.0	0.0	-0.319	-0.688	-0.316	-0.332	0.0	0.045	0.19	0.0	0.0	0.331	-0.503	0.0	0.0	0.0	0.0	0.0	0.017	0.0	0.0	-0.184	0.592	-0.314	0.15	0.0	0.0	-0.43	0.0	-0.434	0.0	-0.08	-0.27	0.0	0.0	0.482	0.0	-0.306	0.0	0.0	-1.214	0.0	-0.215	-0.578	-0.258	0.0	-0.324	-0.106	0.0	0.0	0.0	0.013	-0.625	0.0	0.126	-0.383	0.0	0.0	0.0	0.0	-0.006	0.0
location_comment	Tun-c63e_42_tundra-8	-0.447	-0.357	0.393	0.0	-0.805	-0.621	-0.504	0.514	-0.269	-0.67	-0.302	0.0	0.0	-0.678	0.0	-0.433	0.0	-0.17	0.0	0.0	0.0	-0.422	-0.841	-0.405	0.0	-0.431	-0.176	0.0	0.0	-0.19	-1.558	-0.625	-1.042	0.421	0.14	0.0	0.285	0.0	0.262	0.0	0.0	0.0	-0.344	0.0	-0.051	-0.231	0.148	-0.7	-0.323	-0.167	0.577	-0.52	0.0	-0.444	-0.551	-0.855	0.0	0.0	-0.408	-0.028	-0.166	0.0	0.517	0.483	0.771	-0.697	-0.508	0.369	-0.511	0.0	-0.43	-1.191	-0.623	0.0	0.0	-0.018	0.294	0.0	0.0	0.302	0.0	0.0	0.014	-0.346	0.0	0.0	0.0	0.0	0.0	0.073
location_comment	Tun-c63e_35_tundra-4	0.0	0.0	0.393	-0.48	-0.625	0.0	0.0	0.0	-0.006	-0.173	-0.347	0.0	0.0	-0.218	0.0	0.0	0.0	-0.6	0.0	0.0	0.0	0.009	0.0	0.143	0.0	0.0	0.0	-0.169	-0.046	0.0	0.0	-0.006	-0.523	0.247	0.0	0.097	0.46	0.0	0.0	0.246	-0.607	0.0	0.0	0.0	-0.051	0.0	0.0	0.0	0.0	-0.07	0.0	-0.026	0.0	0.0	-0.551	-0.223	0.0	0.0	-0.41	0.0	-0.15	0.0	0.0	0.0	0.308	-0.697	-0.061	0.0	-0.515	0.0	0.0	-0.542	0.0	0.0	-0.391	-0.018	0.0	0.0	0.0	0.0	0.0	0.0	0.265	0.0	0.0	0.352	-0.694	0.0	0.0	0.0
location_comment	Tun-c63e_45_tundra-5	0.0	0.0	0.443	-0.48	-0.322	0.0	0.0	0.0	-0.272	0.134	-0.347	0.0	0.0	-0.945	0.0	0.0	0.0	-0.343	0.0	0.118	0.0	-0.253	0.0	0.06	0.0	0.0	0.0	0.035	-0.046	0.0	0.0	-0.586	-0.414	0.382	0.0	0.521	0.091	0.0	0.0	0.766	-0.466	0.0	0.0	0.0	-0.094	0.0	0.0	0.0	0.0	-0.309	0.0	-0.26	0.0	-0.062	-0.621	-0.367	-0.233	0.0	-0.473	0.228	0.616	0.0	0.0	0.411	0.338	-1.228	-0.157	-0.753	-0.597	0.0	0.25	-0.428	-0.341	0.172	-0.285	0.083	0.0	0.0	0.0	0.274	0.0	0.0	-0.154	0.0	0.0	0.352	-0.694	0.0	0.0	0.0
location_comment	Tun-c63e_48_tundra-29	-0.438	0.0	0.388	0.0	-0.896	-0.116	-0.098	0.102	0.346	-0.748	-0.41	-0.353	0.0	-0.412	0.0	-0.517	-0.699	0.0	0.138	-1.717	-0.473	-0.108	0.789	0.047	0.103	-1.073	-0.406	-0.669	-0.436	-0.257	-0.26	-0.4	-0.748	0.118	-0.487	0.0	-0.258	0.031	-0.558	0.0	-0.82	-0.523	-0.839	-1.088	-0.097	-0.24	0.311	-0.046	-1.267	-0.07	-0.763	-0.254	0.228	-0.798	-0.551	-1.793	0.131	0.097	-1.404	-0.323	0.284	-0.667	0.338	-0.487	0.277	-0.697	-0.061	0.332	0.006	0.391	0.627	-0.542	-0.23	0.0	-0.667	-0.024	-0.102	0.0	0.317	0.195	0.47	-0.559	-0.109	-0.288	1.216	0.0	-0.369	0.246	-0.499	0.057
location_comment	Tun-c63e_27_tundras-2	0.0	0.0	0.213	0.0	0.0	-1.149	-0.608	0.0	0.352	-0.316	0.0	0.0	0.0	0.0	0.0	0.0	1.261	-0.17	0.151	0.245	0.0	0.0	-0.1	0.0	-0.07	-0.855	-1.155	0.0	0.0	0.389	-0.578	0.0	-0.51	-0.56	0.0	0.0	0.0	-0.189	0.0	0.674	0.0	0.0	0.0	0.0	0.0	0.052	-0.611	0.0	-0.223	-0.305	0.577	0.04	0.0	0.0	-0.198	0.116	0.22	0.0	-0.146	-0.089	0.054	0.0	-0.231	0.0	0.0	0.0	0.0	0.0	0.0	0.0	0.447	-0.765	0.0	0.0	-0.046	0.0	0.393	0.0	0.0	0.0	-0.528	0.0	0.0	-0.887	0.0	-0.625	0.335	-0.539	0.0	0.0
location_comment	Tun-c63e_54_tundra-2	-0.036	-0.158	-0.438	-0.034	0.0	0.249	-0.179	0.0	0.0	-1.043	-0.016	-0.497	-0.101	0.0	-0.467	0.0	-0.113	0.0	0.0	0.447	0.0	-0.364	-0.521	0.0	0.724	0.279	0.0	-0.291	0.0	-0.205	-0.162	0.332	-0.359	0.062	-0.124	0.0	0.0	0.0	0.026	0.0	0.484	-0.038	0.0	-0.358	-0.108	0.604	0.0	-0.368	-0.803	0.0	0.0	-0.42	0.0	-0.345	-0.545	-0.25	0.013	0.0	0.0	-0.321	0.0	-0.408	-0.316	-0.02	0.0	0.0	0.771	-0.412	0.0	-0.138	0.223	-0.042	0.0	1.607	0.0	0.0	0.0	-0.06	-1.32	-0.734	-0.31	0.0	0.0	0.0	0.0	0.0	0.0	-0.569	0.0	-0.009
location_comment	Nub-af58_131_desert-5	-0.169	-0.238	0.0	-0.491	0.0	0.0	0.0	0.0	0.0	-0.259	0.0	0.0	0.0	0.103	-0.109	-0.744	0.0	-0.024	0.0	0.0	0.0	-0.295	-0.753	-0.061	0.194	0.0	0.683	0.0	0.095	-0.376	0.0	0.0	-0.302	0.0	0.0	0.0	-0.643	-0.624	-0.536	0.0	-0.024	0.0	-0.24	0.0	0.0	0.0	0.0	0.0	0.392	-0.057	0.0	0.0	0.0	0.0	-0.239	-0.387	-0.568	0.0	0.0	-0.01	0.261	0.0	-0.133	0.0	0.0	0.0	0.0	0.0	0.0	0.18	0.117	-0.054	0.038	0.0	0.0	0.0	0.0	0.0	0.0	0.0	-0.339	0.0	-0.663	0.0	0.0	0.0	0.0	0.0	0.0	0.0
location_comment	Nub-af58_2_desert-10	-0.303	-0.198	0.0	0.138	0.0	0.0	-0.396	0.142	0.0	0.0	0.38	0.0	0.55	-1.311	-0.473	-0.624	-0.01	0.0	0.0	0.0	0.0	-0.338	-0.686	0.0	0.0	0.0	0.0	0.0	0.121	-0.51	0.106	0.293	-0.621	0.295	0.0	0.18	-0.473	-0.005	0.0	0.0	-0.155	0.0	0.0	-0.694	0.0	0.0	0.0	-0.342	0.0	-0.412	-0.299	0.0	-0.327	-0.189	-0.66	0.0	-0.095	-0.375	0.0	0.683	-0.697	0.103	0.121	0.0	-0.17	0.183	0.0	0.0	0.432	0.0	-0.046	-0.423	-0.183	-0.353	0.0	0.0	0.0	0.0	0.0	-0.043	-0.167	0.0	-0.104	0.0	0.0	0.0	-0.094	0.0	0.352	0.0
location_comment	Nub-af58_134_desert-10	-0.01	0.0	0.443	0.0	-0.508	0.0	-0.272	-0.566	-0.246	-0.221	0.134	0.0	0.0	-0.275	0.683	0.0	0.0	0.0	0.038	0.0	0.0	0.0	0.0	0.0	0.0	0.0	0.0	0.0	0.0	0.0	0.0	-0.581	0.0	-0.273	0.0	0.0	0.207	0.0	0.0	0.0	0.298	0.0	0.0	0.371	0.0	0.0	0.0	0.0	0.0	-0.309	0.0	0.183	-0.05	0.0	0.0	-0.502	0.0	0.0	0.0	0.0	0.114	0.425	0.0	0.104	0.0	-0.584	0.0	0.334	-1.065	0.0	0.243	-1.067	0.039	0.0	0.0	0.083	0.0	0.0	-0.385	0.508	0.0	0.0	-0.176	0.0	0.0	0.0	0.0	0.0	-0.006	0.0
location_comment	Nub-af58_187_mountains-16	0.0	0.115	0.683	0.18	-0.392	-0.029	-0.551	-0.566	0.0	-0.132	0.0	0.242	0.406	-0.223	0.0	0.0	-0.174	-0.923	0.0	0.0	-1.147	0.426	0.0	0.0	-0.246	0.0	-0.607	0.09	-0.421	-0.624	-0.575	-0.189	-0.575	-0.906	0.348	0.0	0.0	0.0	-0.115	0.293	-0.239	0.0	0.0	0.162	-0.206	0.0	-0.575	0.0	0.0	-0.012	-0.396	0.138	-0.05	0.269	0.308	0.0	-0.111	0.0	-0.022	-0.253	0.566	-0.522	-0.428	0.293	-0.14	0.0	0.0	0.0	-0.355	-0.006	0.683	-0.457	-0.693	-0.049	0.18	0.18	0.0	0.0	0.0	0.0	0.0	0.0	0.0	0.222	-0.061	0.098	0.0	-0.521	-0.694	0.0
location_comment	Nub-af58_188_mountain-9	0.0	0.0	0.0	0.0	0.0	-0.451	-0.294	-0.56	-0.006	-0.835	0.0	0.0	0.0	-0.534	0.0	0.0	0.254	0.0	0.0	0.0	0.0	0.0	0.0	0.0	0.0	0.0	0.0	-0.125	-0.117	0.0	0.0	0.0	0.0	-0.398	0.0	0.0	0.0	0.0	0.0	0.842	0.606	0.0	-0.523	0.0	0.0	0.0	-0.725	0.0	-0.551	0.0	0.0	-1.262	-0.05	0.0	0.0	-0.418	-0.452	-0.158	0.0	-0.743	-0.646	0.081	0.0	-0.273	-0.475	0.0	-0.208	0.0	-0.812	0.0	0.0	0.022	-0.441	0.0	0.191	0.434	0.304	-0.261	-0.551	0.007	0.0	0.275	0.0	-0.298	0.0	0.0	-0.172	0.144	-0.067	-0.41
location_comment	Dal-d353_90_mountain-28	0.165	-0.363	0.135	0.127	0.0	-0.189	-0.512	0.0	0.0	0.0	0.0	-0.321	0.0	-0.378	0.146	0.0	-0.016	-0.178	0.0	0.45	0.0	-0.104	-0.831	-0.26	0.0	0.0	0.02	-0.769	-0.131	-0.004	0.0	-1.082	-0.204	0.532	0.0	0.0	0.0	-0.849	0.013	-0.088	-0.375	-0.306	-0.522	-0.313	-0.281	0.323	0.0	0.037	0.02	0.0	-0.783	0.196	-0.118	0.0	-0.159	-0.3	0.615	-0.81	0.0	-0.183	0.816	-0.253	-0.023	0.41	0.0	0.0	0.0	-0.395	0.0	0.0	0.186	-0.116	0.0	-0.531	0.0	-0.948	-0.576	-1.084	0.0	0.0	-0.042	-0.731	-0.601	0.0	0.0	0.0	0.0	0.0	-0.297	0.0
location_comment	Wat-9861_26_swamp-14	0.251	0.0	0.0	0.0	0.0	-0.213	0.122	0.0	0.0	0.0	0.0	0.0	0.0	-0.643	0.0	0.0	-0.491	0.0	0.0	0.0	0.0	-0.49	-0.4	-1.071	0.0	0.0	0.096	-0.109	0.0	-0.24	-0.004	0.0	0.162	0.0	0.0	0.0	0.0	0.0	0.0	-0.011	-0.089	0.355	0.0	0.0	0.0	0.0	0.0	0.052	0.0	0.0	-0.344	-0.621	0.0	-0.302	-0.167	0.0	0.785	-0.756	0.0	0.0	0.0	-0.54	-0.563	-0.1	0.06	0.0	0.0	-0.061	-0.724	-0.259	0.0	-0.001	-0.032	0.0	0.0	-0.569	0.0	-0.133	-0.464	0.0	-0.309	-0.247	0.0	0.0	0.32	0.0	0.392	0.0	0.0	0.05
location_comment	Tem-2c3b_20_grasslands-2	0.0	-0.172	0.0	0.0	0.0	0.0	-0.266	-1.285	0.0	0.0	0.0	0.0	0.0	0.0	0.0	0.0	0.0	-1.684	0.836	-2.096	0.0	0.0	0.0	0.0	0.0	-0.322	0.0	-2.673	0.0	0.0	0.0	0.0	0.143	-0.604	0.0	0.0	0.0	0.0	0.0	0.0	0.0	0.0	-0.552	-3.143	0.0	0.0	0.784	0.0	0.0	0.0	0.0	0.0	0.0	0.0	0.0	0.0	0.0	0.0	0.549	3.169	0.0	-0.518	0.0	0.0	0.0	0.0	-1.426	0.0	0.0	0.0	0.0	0.0	0.0	0.0	0.0	0.0	0.0	0.0	-0.122	0.0	0.0	0.0	0.0	0.0	-0.219	0.0	0.21	0.0	0.0	0.0
location_comment	Tem-2c3b_20_grasslands-10	0.475	-0.122	0.0	0.0	-0.604	0.0	0.0	0.0	-0.216	0.0	-0.173	0.0	0.0	0.0	0.0	-1.485	0.0	2.489	0.0	-2.631	0.0	0.0	0.0	0.0	0.0	0.0	0.0	0.0	0.0	0.0	-1.039	0.0	0.784	-0.478	0.0	0.0	0.0	0.0	-0.713	0.0	0.0	0.0	0.0	0.0	0.0	-0.395	0.865	0.0	0.0	0.0	0.0	0.0	0.0	0.0	-0.081	-0.558	0.0	0.0	0.0	0.0	-2.361	0.0	-0.003	0.0	-0.563	0.0	0.145	0.0	0.0	-1.285	0.0	0.0	0.084	-0.167	-1.634	0.0	0.0	0.0	0.24	0.0	0.0	0.0	0.0	0.0	0.0	0.0	0.0	0.0	0.0	0.0
location_comment	Tem-2c3b_21_grasslands-2	0.0	0.0	0.0	0.0	0.0	0.0	-0.133	-0.643	0.0	0.0	0.0	0.0	0.0	0.0	0.0	0.0	0.0	-0.583	0.29	-0.743	0.0	0.0	0.0	0.0	0.0	0.0	0.0	-0.916	0.0	0.0	0.0	0.0	0.0	-0.302	0.0	0.0	0.0	0.0	0.0	0.0	0.0	0.0	0.0	-1.085	0.0	0.0	0.392	0.0	0.0	0.0	0.0	0.0	0.0	0.0	0.0	0.0	0.0	0.0	0.0	0.986	0.0	-0.259	0.0	0.0	0.0	0.0	-0.491	0.0	0.0	0.0	0.0	0.0	0.0	0.0	0.0	0.0	0.0	0.0	-0.061	0.0	0.0	0.0	0.0	0.0	-0.109	0.0	0.0	0.0	0.0	0.0
location_comment	Tem-2c3b_2_grasslands-2	-0.198	-0.152	0.449	0.0	-0.414	-0.694	-0.562	-0.643	-0.228	-0.477	-0.188	0.352	0.0	0.0	0.0	-0.525	-0.48	-0.607	0.351	-0.42	0.0	-0.188	0.0	0.0	0.334	-0.987	0.0	-0.752	-0.341	-0.006	0.0	0.0	-0.321	-0.302	0.0	0.0	-0.094	0.0	0.0	0.0	0.0	-0.233	-0.762	-1.497	0.0	0.0	-0.081	0.0	-0.192	0.0	0.0	0.0	0.734	0.0	0.0	0.0	0.0	0.0	0.109	1.128	-0.05	-0.259	0.0	0.0	0.262	0.0	-0.765	0.0	0.0	0.0	0.0	0.0	-0.07	-0.347	0.0	0.338	0.0	0.0	-0.061	0.287	0.0	-0.596	0.0	0.0	-0.109	0.092	0.268	0.231	0.059	0.0
location_comment	Tem-2c3b_1_grasslands-2	0.0	0.0	0.0	0.0	0.0	0.0	-0.133	-0.643	0.0	0.0	0.0	0.0	0.0	0.0	0.0	0.0	0.0	-0.583	0.29	-0.743	0.0	0.0	0.0	0.0	0.0	0.0	0.0	-0.916	0.0	0.0	0.0	0.0	0.0	-0.302	0.0	0.0	0.0	0.0	0.0	0.0	0.0	0.0	0.0	-1.085	0.0	0.0	0.392	0.0	0.0	0.0	0.0	0.0	0.0	0.0	0.0	0.0	0.0	0.0	0.0	0.986	0.0	-0.259	0.0	0.0	0.0	0.0	-0.491	0.0	0.0	0.0	0.0	0.0	0.0	0.0	0.0	0.0	0.0	0.0	-0.061	0.0	0.0	0.0	0.0	0.0	-0.109	0.0	0.0	0.0	0.0	0.0
location_comment	Tem-2c3b_24_grasslands-2	0.0	0.0	0.0	0.0	0.0	0.0	-0.133	-0.643	0.0	0.0	0.0	0.0	0.0	0.0	0.0	0.0	0.0	-0.583	0.29	-0.743	0.0	0.0	0.0	0.0	0.0	0.0	0.0	-0.916	0.0	0.0	0.0	0.0	0.0	-0.302	0.0	0.0	0.0	0.0	0.0	0.0	0.0	0.0	0.0	-1.085	0.0	0.0	0.392	0.0	0.0	0.0	0.0	0.0	0.0	0.0	0.0	0.0	0.0	0.0	0.0	0.986	0.0	-0.259	0.0	0.0	0.0	0.0	-0.491	0.0	0.0	0.0	0.0	0.0	0.0	0.0	0.0	0.0	0.0	0.0	-0.061	0.0	0.0	0.0	0.0	0.0	-0.109	0.0	0.0	0.0	0.0	0.0
location_comment	Tem-2c3b_26_grasslands-2	0.0	0.0	0.0	0.0	0.0	0.0	-0.133	-0.643	0.0	0.0	0.0	0.0	0.0	0.0	0.0	0.0	0.0	-0.583	0.29	-0.743	0.0	0.0	0.0	0.0	0.0	0.0	0.0	-0.916	0.0	0.0	0.0	0.0	0.0	-0.302	0.0	0.0	0.0	0.0	0.0	0.0	0.0	0.0	0.0	-1.085	0.0	0.0	0.392	0.0	0.0	0.0	0.0	0.0	0.0	0.0	0.0	0.0	0.0	0.0	0.0	0.986	0.0	-0.259	0.0	0.0	0.0	0.0	-0.491	0.0	0.0	0.0	0.0	0.0	0.0	0.0	0.0	0.0	0.0	0.0	-0.061	0.0	0.0	0.0	0.0	0.0	-0.109	0.0	0.0	0.0	0.0	0.0
location_comment	Spr-39f8_163_desert-26	0.0	0.0	0.32	0.0	-0.09	0.0	-0.075	-0.063	-0.469	-0.324	0.0	0.0	0.0	-1.486	0.0	0.0	0.0	-0.017	-0.741	0.0	0.0	-0.33	-0.306	-0.364	0.0	0.444	-0.516	0.0	-0.212	0.0	-0.938	-0.364	-0.241	-0.184	-0.301	-0.194	-0.285	-0.538	0.0	-0.147	-0.161	0.0	0.0	0.0	0.0	0.0	0.549	0.0	0.0	-0.683	-0.302	-0.553	-0.304	-0.113	-0.173	-1.613	-0.315	0.0	0.0	0.0	-0.214	0.0	-0.578	0.804	0.0	0.282	0.0	-0.184	-1.01	0.0	0.108	-0.19	0.242	0.06	-0.151	-0.502	-0.197	-0.106	-0.961	0.083	0.0	0.0	-0.514	0.0	-0.289	0.0	0.0	0.0	-0.006	0.0
location_comment	Spr-39f8_158_desert-11	-0.257	-0.612	0.232	0.0	0.36	-0.716	0.713	-0.488	-0.079	-0.421	0.064	-0.384	0.0	-0.778	-0.451	0.392	-0.243	-0.366	0.0	0.0	0.0	0.0	-0.137	0.283	-0.89	0.702	-0.444	0.0	0.0	-0.33	0.0	0.13	-0.194	-0.507	0.716	-0.211	-0.727	-0.551	-0.245	-0.642	0.298	0.0	-0.186	-0.369	-0.22	-0.187	-0.72	-0.302	-0.149	-0.425	0.784	-0.15	-0.275	0.0	-0.173	-0.886	-0.987	-0.021	0.011	0.0	0.028	-0.061	-0.035	0.0	0.0	-0.218	0.0	-0.969	-0.579	-0.179	0.0	-0.96	-0.324	-0.075	-0.133	-0.417	-1.038	-0.259	-0.536	0.0	0.0	0.0	0.0	-0.343	-0.604	0.0	-0.327	0.819	-0.516	0.249
location_comment	Spr-39f8_160_desert-10	0.146	-0.856	0.564	0.0	0.365	0.936	0.7	-0.736	0.284	-0.159	-0.053	-0.931	-0.173	-0.54	-0.405	0.0	-0.65	-0.425	0.0	-0.051	0.0	0.0	-0.531	-0.13	-1.667	0.0	-0.285	-0.057	0.0	-0.806	0.0	-0.388	0.0	-0.398	1.242	0.0	-0.215	-0.436	-0.067	0.0	0.298	0.0	-0.185	-0.749	-0.4	0.442	0.0	0.0	-0.337	-0.184	-0.002	0.0	-0.05	0.0	-0.173	-0.835	-0.872	-0.33	0.0	0.0	0.0	0.0	-0.205	0.0	0.0	-0.306	-0.41	-0.364	-0.335	0.0	0.0	-0.578	-0.678	-0.699	0.0	-0.106	-0.178	0.0	0.0	-0.44	-0.523	0.0	0.0	0.0	-0.84	0.0	0.0	0.0	-0.661	0.524
location_comment	Wal-cefe_43_Mountains-6	-0.442	0.0	0.564	0.0	0.112	-0.28	0.0	-0.682	0.0	-1.428	0.0	0.0	0.0	-0.957	0.145	-0.089	0.508	0.0	0.0	0.0	0.0	0.0	-0.267	-0.197	-0.274	0.0	0.0	0.0	0.0	0.0	0.0	-0.361	0.0	-0.398	0.0	-0.574	-0.218	-0.273	-0.199	-0.39	0.164	-0.141	0.0	-0.572	-0.608	0.0	0.0	-0.34	0.348	-0.184	0.221	0.0	-0.05	0.0	0.45	-0.212	-0.546	0.0	0.0	0.0	-0.035	0.0	-1.136	0.0	0.0	-0.306	0.0	-0.162	0.01	0.0	0.443	-0.486	0.0	0.228	0.0	-0.106	-0.195	0.448	0.0	0.0	0.0	0.0	0.0	0.0	-0.243	0.0	0.0	0.0	-0.006	0.522
location_comment	Wal-cefe_60_Mountains-12	0.346	0.0	-0.059	-0.201	0.0	-0.326	0.0	0.0	0.0	-0.247	0.0	0.0	0.0	0.0	0.0	2.057	0.0	0.0	0.0	0.0	0.0	-0.273	0.544	-0.599	0.439	0.0	0.586	0.0	0.0	-0.245	0.0	-0.533	0.0	-0.225	0.0	0.0	0.0	0.0	0.0	-0.231	-0.185	0.343	-0.163	0.084	0.0	0.0	0.0	0.046	-0.359	0.0	0.0	0.0	0.0	0.226	0.184	0.0	0.911	-0.659	0.0	-0.548	-0.281	-0.632	0.042	-0.065	0.0	0.0	1.496	0.0	0.0	0.0	-0.012	-0.108	0.0	-0.277	0.0	0.0	0.0	0.0	-0.753	0.0	-0.016	-0.057	0.0	0.0	0.0	0.0	0.0	-0.432	0.0	0.0
location_comment	Wal-cefe_10_mountain-13	0.466	0.0	0.0	-0.548	0.0	-0.519	-0.41	-0.018	0.584	0.0	0.308	-0.523	0.0	0.0	0.0	-0.202	0.0	0.0	0.332	0.0	0.0	-0.802	-1.0	-0.01	0.095	0.169	0.803	0.0	0.0	-0.108	0.0	-0.643	0.0	-0.669	0.0	0.0	0.0	-0.051	0.0	-0.42	-0.188	-0.226	0.305	-0.837	0.0	0.0	0.0	0.037	-0.061	0.0	0.12	0.0	0.0	-0.676	-0.035	0.0	0.385	-1.067	0.0	-0.156	-1.014	-0.253	-0.507	0.103	0.0	0.0	0.517	-0.116	0.0	0.0	0.241	0.383	0.0	0.0	0.0	0.0	0.0	-0.006	-0.624	-0.314	-0.607	0.18	0.0	0.0	-0.336	0.0	0.0	0.0	0.0	-0.256
location_comment	Wal-cefe_31_mountain-4	-0.133	0.052	0.0	0.0	0.0	0.01	0.0	0.0	0.1	0.0	0.0	0.0	-0.284	0.0	0.0	-0.404	-0.625	0.0	0.133	0.0	0.406	-0.287	-0.532	-0.904	-0.512	0.0	0.0	-0.45	0.0	-0.422	0.0	0.0	0.0	-0.413	0.0	0.0	-0.117	0.0	0.0	0.0	-0.08	-0.297	-1.433	-0.462	0.008	0.0	-0.04	0.0	0.352	-0.48	-0.018	-0.347	0.032	-0.006	0.128	-0.484	0.5	0.0	0.0	0.0	-0.83	0.0	-0.514	0.62	0.0	0.0	-0.694	0.0	0.0	-0.315	0.0	-0.546	0.0	0.187	-0.001	-0.07	0.0	0.0	0.0	0.0	-0.425	-0.633	0.0	0.0	0.0	0.0	0.0	0.0	0.0	0.0
location_comment	Wal-cefe_4_mountain-10	-0.323	-0.162	0.0	0.0	0.311	-1.618	-0.006	0.0	0.0	0.0	0.3	0.0	0.0	-0.202	0.0	-0.051	0.0	0.0	0.0	-0.353	0.0	-0.111	-0.879	0.0	0.427	0.059	0.0	0.0	0.0	-0.181	-0.139	0.0	0.0	-0.619	0.0	0.0	-0.651	0.0	-0.269	0.0	-0.132	-0.566	0.0	-0.873	0.0	0.0	0.0	-0.551	0.0	0.0	0.0	0.0	0.0	-0.53	-0.476	0.112	0.524	0.0	0.0	0.0	-0.005	-0.298	0.0	0.0	0.503	0.0	-0.488	-0.463	0.0	0.0	0.0	-0.379	0.0	0.0	-0.841	0.0	0.0	0.0	-0.097	0.0	-0.376	0.0	-0.124	0.0	0.0	-0.463	0.0	0.07	-0.425	0.0
location_comment	Wat-9861_153_swamp-12	-0.316	0.0	0.0	0.0	0.311	-0.705	-0.018	0.0	-0.199	0.0	0.235	0.0	0.0	-0.202	0.0	0.0	0.208	0.0	0.0	-0.353	0.0	-0.187	-0.472	0.0	-0.06	0.0	-0.62	0.0	0.0	-0.24	-0.399	-0.089	0.0	-0.743	0.025	0.0	-0.24	-0.459	0.41	0.0	-0.089	0.325	0.028	0.0	0.0	0.0	0.0	0.0	0.0	0.0	0.0	0.0	0.0	-0.307	-0.17	-0.292	1.214	0.0	0.08	0.39	0.0	-0.852	0.0	0.0	-0.167	0.0	-0.488	0.0	-0.187	0.0	0.0	-0.35	-0.531	-0.188	-0.153	0.0	0.0	-0.56	0.0	0.0	-0.309	0.0	0.0	0.0	0.0	-0.181	0.0	-0.233	-0.185	0.0
location_comment	Wat-9861_153_swamp-2	0.08	0.361	0.0	0.0	0.0	0.0	-0.133	-0.943	0.0	0.207	0.325	0.0	0.0	-0.667	0.0	0.0	0.75	-0.338	0.041	-0.412	0.0	-0.051	-0.677	0.0	-0.179	0.0	0.0	-1.5	0.0	-0.222	-0.626	-0.013	0.0	-1.414	0.0	0.0	-0.127	0.0	0.429	0.0	0.27	0.0	0.0	-0.434	0.0	0.0	0.392	0.0	0.0	0.0	0.0	0.0	-0.139	0.0	-0.166	0.0	0.784	0.0	0.0	0.181	0.0	-0.552	0.0	0.0	-0.243	0.0	-0.491	0.0	-0.427	0.0	0.0	-0.086	0.0	0.298	-0.307	0.0	0.0	0.0	-0.061	0.0	-0.062	0.0	0.0	0.0	-0.109	-0.459	-0.053	0.0	0.079	0.0
location_comment	Wat-9861_106_swamp-25	0.0	0.0	0.0	0.0	0.0	-0.428	-0.339	0.0	-0.324	-0.123	0.469	0.0	-0.859	0.0	-1.087	-0.366	-0.643	-0.175	0.0	-0.341	-0.061	-0.413	-0.814	0.0	0.392	0.0	0.0	-0.145	-0.133	-0.123	-0.427	0.0	-0.814	0.0	0.078	0.0	0.0	-0.501	0.0	0.0	-0.271	0.0	0.0	-0.41	0.0	-0.412	0.0	-0.483	-0.651	0.0	0.045	0.0	0.0	0.0	-0.24	-1.392	0.206	-0.284	0.0	0.0	0.0	0.48	-0.801	-0.117	-0.172	-0.189	0.0	0.0	0.0	-0.427	0.0	0.322	-0.088	-0.35	-0.006	0.0	0.498	0.0	-0.444	-0.22	0.164	0.0	-0.392	0.0	0.0	-0.109	0.0	0.0	0.0	0.0
location_comment	Wat-9861_84_Swamp-1	-0.817	-1.045	0.0	0.099	-0.479	0.308	-0.583	0.0	-0.45	-0.562	0.0	-0.218	0.0	0.0	0.0	-0.361	0.042	-0.103	0.0	0.0	0.0	-0.427	-0.814	-0.523	0.732	-0.264	0.145	0.0	-0.045	-0.123	-0.551	0.0	0.0	0.0	-0.513	0.0	-0.571	-0.051	-0.28	-0.315	0.206	0.064	-0.469	0.0	0.0	0.449	0.0	-0.34	0.074	-0.838	-0.504	0.0	0.0	0.0	-0.24	0.038	0.05	0.0	-0.392	0.106	0.701	-0.386	0.0	-1.02	-0.474	0.0	0.559	0.238	0.379	-0.021	0.487	0.014	-0.078	0.0	-0.455	0.0	0.0	-0.541	0.0	-0.791	0.164	0.0	0.135	0.0	0.0	0.0	0.0	-0.609	0.0	-0.035
location_comment	Mar-495f_19_marsh-9	0.304	-0.669	0.0	0.018	0.0	-0.576	0.371	0.0	-0.488	0.0	0.0	-0.48	-0.506	-0.262	0.0	0.284	0.0	0.0	0.0	0.0	0.0	-0.382	-0.885	-0.845	0.0	0.601	0.408	0.0	0.0	-0.224	0.325	0.0	-0.237	0.0	0.0	0.0	0.0	0.0	-0.694	-0.352	0.098	-0.39	0.0	-0.41	0.0	-0.037	-0.198	-0.461	0.0	0.0	0.0	-0.006	0.0	0.149	-0.136	0.0	0.221	-0.901	0.0	-0.046	0.0	-0.236	-0.28	0.075	0.0	0.0	0.0	0.0	-1.64	0.0	0.0	0.323	0.0	0.0	-0.335	0.0	0.0	0.0	-0.68	0.0	-0.144	0.199	-0.392	0.0	0.589	0.0	0.0	0.061	0.0	-0.347
location_comment	Wat-9861_211_swamp-7	0.173	-0.404	0.0	0.0	0.0	-0.446	-0.42	0.0	0.0	0.0	-0.093	-0.523	0.0	0.0	0.0	0.0	0.052	0.0	0.0	0.0	-0.104	-0.427	-0.814	-0.69	0.0	0.0	0.001	-0.39	0.0	-0.123	0.087	0.0	0.481	0.183	0.0	0.0	0.0	-0.051	0.0	-0.202	-0.114	0.101	-0.64	0.0	0.0	0.0	0.0	0.09	-0.061	0.0	0.0	0.0	-0.108	-0.421	-0.24	-0.484	0.206	-0.901	0.0	0.0	-0.884	-0.236	-0.971	0.334	0.0	0.0	0.0	0.0	-0.792	0.0	0.0	1.276	0.0	-0.598	0.0	0.0	0.0	-0.006	-0.501	0.0	0.164	-2.755	0.0	0.0	0.253	0.0	0.0	0.0	0.0	0.0
location_comment	Wat-9861_99_swamp-18	0.0	0.0	0.818	0.0	-0.272	0.0	-0.133	-0.643	0.0	0.0	0.0	0.0	0.0	-0.145	0.0	0.0	0.0	-0.338	0.041	-0.412	-0.635	-0.051	-0.542	-0.398	0.0	-0.377	0.0	-0.64	0.0	-0.222	0.276	-0.298	0.0	-0.302	0.0	0.0	0.0	0.0	-0.511	0.0	-0.507	0.0	0.0	-0.494	0.0	0.0	0.392	0.0	0.0	-0.111	0.0	-0.568	0.0	-0.476	-0.166	-0.192	0.784	0.0	-0.096	-0.003	0.0	-0.645	0.0	0.0	0.0	-0.57	-0.491	0.0	-0.239	0.0	0.0	-0.669	0.0	0.0	0.0	0.277	-0.148	0.0	-0.061	-0.253	-0.062	0.0	0.0	0.0	-0.109	-0.336	0.0	0.0	0.0	0.0
location_comment	Wat-9861_91_swamp-32	0.0	0.0	0.0	0.0	0.0	-0.523	-0.006	0.0	0.0	-0.123	0.0	0.0	-0.859	0.0	-0.719	-0.051	-0.643	-0.114	0.0	0.042	0.016	-0.413	-0.814	0.0	0.392	0.017	0.0	-0.145	-0.133	-0.123	-0.427	0.0	-0.814	0.0	0.0	0.0	0.0	0.0	0.0	0.0	-0.271	0.0	0.052	-0.293	0.0	-0.24	0.0	-0.483	-0.651	0.0	0.0	0.0	0.0	0.0	-0.24	-1.392	0.206	-0.284	0.0	0.0	0.0	0.0	0.0	0.0	0.0	-0.051	0.0	0.0	0.0	-0.427	-0.545	0.322	0.0	-0.35	-0.006	0.0	0.498	0.0	-0.061	-0.551	0.164	0.0	-0.392	0.0	0.0	-0.109	0.0	0.0	0.0	0.0
location_comment	Wat-9861_243_swamp-16	-0.458	-0.37	0.0	-0.191	0.0	0.308	0.0	-0.134	0.0	0.0	-0.3	0.0	0.0	-0.671	-0.384	-0.996	0.0	0.252	-0.005	-0.532	0.0	-0.427	-0.814	-0.523	0.784	0.0	0.0	0.0	-0.086	-0.123	-0.669	-0.674	0.0	0.0	0.0	0.0	0.0	-0.051	-0.694	0.0	-0.138	-0.219	-0.222	-0.418	0.0	0.0	0.0	0.0	-0.019	0.094	0.0	-0.671	0.0	0.0	-0.24	-0.051	0.08	0.0	-0.392	0.0	0.464	-0.035	0.0	0.0	0.0	0.0	-0.483	-0.138	0.0	0.0	-0.123	0.014	0.224	0.096	-0.274	0.013	0.0	0.0	0.0	0.0	0.164	0.558	0.138	0.0	0.0	0.0	0.0	0.0	0.0	0.0
location_comment	Wat-9861_88_swamp-15	-0.711	0.0	-0.691	-0.859	0.0	-1.046	0.015	0.263	0.0	-0.204	0.0	0.0	0.0	-0.344	-0.813	0.784	-0.075	0.05	0.159	1.283	0.0	-0.141	-0.299	0.0	0.677	0.227	-0.029	0.0	0.0	-0.65	-0.457	-0.153	-0.306	0.078	0.0	0.0	0.0	-0.124	0.049	0.072	-0.1	0.0	0.0	-0.332	-0.302	0.517	0.0	-0.332	-0.051	-0.156	-0.569	0.0	-0.171	-0.506	-0.64	0.0	-0.317	-0.802	0.0	-0.108	0.0	-0.458	0.0	0.0	0.0	0.0	0.0	-0.143	0.0	-0.19	0.0	-0.083	0.0	-0.086	-0.102	-0.284	0.0	0.0	-0.418	0.0	-0.695	0.0	0.113	0.0	0.0	0.0	0.0	0.0	0.041	0.0
location_comment	Wat-9861_251_swamp-11	0.0	0.0	0.0	0.0	0.0	0.308	0.0	-0.697	0.0	0.0	0.0	0.0	0.0	-0.671	-0.384	-0.41	0.0	0.0	-0.005	-0.532	0.0	-0.427	-0.814	-0.523	0.784	0.0	0.0	0.0	-0.086	-0.123	-0.551	0.0	0.0	0.0	0.0	0.0	0.0	-0.051	-0.729	0.0	-0.138	-0.219	-0.222	0.078	0.0	0.0	0.0	0.0	-0.019	0.0	0.0	-0.316	0.0	0.0	-0.24	-0.051	0.206	0.0	-0.392	0.0	-0.006	-0.035	0.0	0.0	0.0	0.0	-0.365	0.0	0.0	0.0	-0.123	0.014	0.266	0.462	0.0	0.0	0.0	0.0	0.0	0.0	0.164	0.0	-0.331	0.0	0.0	0.0	0.0	0.0	0.0	0.0
location_comment	Wat-9861_81_swamp-4	0.0	0.0	0.0	-0.491	0.0	0.0	0.0	0.0	0.0	-0.259	0.0	0.0	0.0	-0.999	-0.493	-0.322	0.0	0.0	-0.005	-0.532	0.0	-0.427	-0.814	-0.061	0.784	0.0	0.684	0.0	-0.086	-0.123	0.0	0.0	-0.302	0.0	0.0	0.0	-0.643	0.001	-0.542	0.0	-0.413	-0.219	-0.222	0.0	0.0	0.0	0.0	0.0	0.373	0.0	0.0	0.0	0.0	0.0	-0.24	-0.051	0.206	0.0	0.0	-0.41	0.0	-0.035	-0.133	0.0	0.0	0.0	0.0	0.0	0.0	-0.239	-0.062	0.014	0.266	0.0	0.0	0.0	0.0	0.0	0.0	0.0	0.305	0.0	-0.166	0.0	0.0	0.0	0.0	0.0	0.0	0.0
location_comment	Wat-9861_249_swamp-19	0.0	0.0	0.0	0.0	-0.459	0.211	0.359	0.0	0.0	0.0	0.0	-0.581	0.0	-0.671	-0.279	-0.473	0.0	-0.49	-0.005	-0.532	0.0	-0.427	-0.814	-0.414	0.784	0.0	0.0	0.0	-0.086	-0.123	-0.621	0.0	0.0	0.0	0.0	0.0	0.0	-0.094	-0.542	0.0	-0.739	-0.219	-0.222	0.0	0.0	0.0	0.0	0.0	-0.036	0.0	-0.625	0.125	0.0	0.0	-0.24	-0.051	0.6	0.0	-0.228	0.0	-0.183	-0.035	0.0	-0.542	0.0	0.0	0.0	0.0	0.0	0.116	0.04	0.014	0.266	0.0	0.0	0.0	0.0	-0.223	0.0	0.0	0.164	0.0	-0.166	0.0	0.0	0.0	0.0	0.0	0.0	0.0
location_comment	Bha03bc_1_Mountain-1	0.0	0.0	0.0	0.0	0.0	0.0	0.0	0.0	0.0	0.0	0.0	0.0	0.0	0.0	0.0	0.0	0.0	0.0	0.0	0.0	0.0	-0.193	-0.577	0.0	0.0	0.0	0.0	0.0	0.0	0.295	0.0	0.0	0.0	0.0	0.0	0.0	0.0	0.0	0.0	0.0	-0.021	0.0	0.0	0.0	0.0	0.0	0.0	0.0	0.0	0.0	0.0	0.0	0.0	0.0	-0.179	0.0	0.486	0.0	0.0	0.0	0.0	0.0	0.0	0.0	0.0	0.0	0.0	0.0	0.0	0.0	0.0	0.437	0.0	0.0	0.0	0.0	0.0	0.0	0.0	0.0	-0.287	0.0	0.0	0.0	0.0	0.0	0.0	0.0	0.0	0.0
location_comment	Bha-2df5_38_mountain-16	0.372	0.0	0.28	0.0	0.0	-0.828	-0.006	0.0	0.0	0.0	0.0	-0.078	0.0	-0.42	0.0	-0.051	0.0	0.035	0.0	-0.097	0.0	-0.353	-0.279	0.193	0.386	-0.315	-0.135	0.0	-0.131	-0.245	0.0	0.0	-0.429	0.0	0.0	0.0	0.0	-0.484	-0.256	0.139	-0.17	0.0	0.0	-0.941	-0.235	0.0	0.0	-0.69	0.0	0.0	-0.597	-0.315	0.158	-0.48	-0.587	0.0	0.035	-0.789	0.0	0.0	0.0	-0.299	0.0	0.0	0.0	0.0	0.0	-0.439	0.0	0.0	0.386	0.009	0.0	0.0	0.0	-0.754	-0.108	-0.633	-0.061	0.0	-0.675	0.0	-0.78	0.0	0.0	0.0	0.0	0.0	-0.297	0.0
location_comment	Big-0af3_30_desert-43	0.372	0.0	-0.019	0.0	0.0	-0.116	-0.55	0.0	0.0	-0.659	-0.136	-0.294	0.0	-0.575	-0.246	0.0	-0.3	0.001	0.0	0.879	0.123	-0.814	-0.346	0.251	0.0	0.0	-0.09	0.0	-0.131	-0.299	0.0	-0.229	0.003	0.0	0.0	0.0	0.0	-0.484	0.175	-0.534	-0.032	-0.138	0.0	0.0	-0.515	0.0	0.292	-0.038	0.0	0.0	-0.461	-0.315	-0.26	0.0	-0.626	0.0	0.556	-0.745	0.0	0.0	0.0	-0.381	0.292	0.0	-0.604	0.088	-0.134	0.0	0.0	-0.37	0.386	-0.043	-0.357	0.0	0.0	-0.326	-0.108	-0.633	0.0	0.0	-0.029	0.0	0.57	0.0	0.0	0.0	0.0	0.078	-0.297	-0.574
location_comment	Big-0af3_57_desert-5	-0.154	-0.017	0.0	0.0	0.0	0.0	0.0	0.283	0.0	0.0	0.0	0.117	0.0	-0.666	-0.41	0.0	0.0	0.0	0.0	0.0	0.0	-0.144	-0.346	0.0	0.0	0.0	0.0	0.0	0.62	-0.299	0.33	-0.487	-0.551	0.254	0.0	0.0	-0.24	-0.052	0.0	0.0	-0.032	0.0	0.0	0.0	0.0	-0.576	0.0	-0.061	0.0	0.0	0.0	0.0	-0.307	-0.006	-0.772	0.0	0.584	0.0	0.0	0.0	-0.392	0.0	0.0	0.0	0.488	-0.081	0.0	0.0	0.0	-0.081	0.0	-0.043	-0.006	-0.49	0.0	0.0	0.0	0.0	0.0	0.019	-0.029	0.0	0.0	0.0	0.0	0.0	0.538	0.0	0.0	0.0
location_comment	Big-0af3_17_desert-27	-0.62	0.0	0.0	0.0	-0.48	-0.77	-0.006	0.0	-0.378	-0.098	-0.89	0.0	-0.776	0.0	-0.895	0.035	-0.643	-0.067	-0.082	-0.2	-0.061	-0.187	-0.92	0.0	0.79	0.274	-0.006	-0.161	0.139	-0.299	0.109	0.0	-0.842	-0.014	-0.006	0.0	0.0	-0.255	-0.15	0.0	0.444	0.0	0.0	-0.602	0.0	-0.047	0.0	-0.776	-0.651	-0.575	-0.858	0.0	-0.48	-0.008	-0.874	-1.479	0.839	0.061	-0.585	-0.065	0.0	0.262	-0.932	-0.552	-0.55	0.201	0.0	-0.098	-0.042	-0.195	0.0	0.139	0.0	-0.23	-0.006	-0.347	0.674	0.0	0.165	-0.219	-0.747	0.0	-0.392	0.0	0.0	-0.109	0.0	0.0	0.0	0.0
location_comment	Big-0af3_57_desert-14	0.05	0.062	-0.518	0.0	0.0	-0.634	-0.967	0.0	0.251	-0.2	0.0	-0.467	-0.013	-0.409	-0.246	-0.051	0.0	-0.821	0.087	1.107	0.0	-0.212	-0.853	-0.694	-0.298	0.063	-0.686	-0.144	-0.761	-0.058	-0.764	-0.229	-0.305	0.0	-0.046	0.0	0.0	0.0	1.022	0.069	-0.188	0.0	-0.48	-0.858	-0.043	0.82	0.0	-0.524	0.0	-0.398	-0.081	0.0	0.0	-0.62	-0.123	-0.405	-0.816	-0.781	0.0	-0.207	0.052	-0.392	0.0	0.0	0.089	0.0	0.0	-0.489	0.0	0.196	0.73	0.246	0.0	0.0	0.0	0.199	0.0	0.0	-0.334	-0.571	-0.239	0.0	0.001	-0.523	0.0	0.0	0.0	0.0	0.0	0.0
location_comment	Big-0af3_32_Mountains-17	0.0	-0.684	0.0	0.0	1.101	-0.109	-0.587	-1.674	-0.392	0.451	0.0	0.0	0.006	-0.534	0.287	0.152	0.0	-0.627	-0.043	-0.043	0.0	-0.306	1.506	0.406	-1.032	-1.312	-0.743	-1.312	-0.302	-0.076	-0.706	0.106	0.0	-0.7	0.0	0.907	-0.003	0.839	0.0	0.0	0.298	0.0	0.0	-0.176	0.0	0.0	-0.018	0.141	0.759	0.0	0.0	-0.643	-0.05	0.0	-0.203	-0.069	-0.581	-0.065	-0.061	0.421	0.0	-0.536	-0.37	0.669	-0.259	0.209	-0.491	-0.626	-0.38	-0.144	-0.133	0.0	0.074	0.297	0.0	0.308	0.0	0.0	-0.032	0.0	0.0	-0.351	-0.056	0.0	-0.332	-0.161	0.0	0.02	-0.006	-0.17
location_comment	Big-0af3_51_Mountains-5	0.0	0.0	0.162	-0.48	0.515	0.0	0.152	-0.763	0.0	-0.152	-0.347	0.0	0.0	-0.439	0.0	0.0	-0.584	-0.287	0.0	0.0	0.0	0.003	0.0	-0.516	0.0	0.0	0.0	-0.514	-0.293	-0.606	0.0	-0.006	0.0	0.252	0.0	-0.069	-0.157	0.0	0.0	0.246	-0.344	0.0	0.0	0.0	0.0	0.0	0.0	0.0	-0.057	-0.134	0.0	-0.251	-0.05	0.0	-0.182	-0.366	-0.256	0.0	0.0	0.0	-0.128	0.0	-0.688	0.124	0.0	-0.443	-0.345	0.0	-0.79	-0.288	0.0	-0.537	0.0	-0.384	-0.374	-0.254	0.0	0.0	0.421	0.0	0.0	0.0	0.132	0.0	-0.096	0.352	-0.694	0.0	0.341	0.1
location_comment	Cou-56f5_98_Mountains-5	-0.039	-0.548	0.564	0.0	0.702	0.0	0.0	-0.554	0.0	-1.561	0.0	-0.603	0.0	-0.534	-0.506	0.0	0.0	0.0	0.0	-1.193	0.0	0.0	-0.633	-0.345	-1.378	-0.409	-0.388	-0.189	0.0	0.0	0.0	-0.102	0.0	-0.398	0.0	0.0	-0.496	-0.288	0.0	0.165	0.298	0.0	0.0	-0.551	-0.656	-0.096	0.0	0.0	0.0	-0.184	-0.44	-0.642	-0.05	0.0	0.551	-1.487	-1.735	0.448	0.0	0.0	-0.247	0.0	-0.229	-0.261	0.0	-0.306	0.0	-0.214	-0.335	0.0	-0.378	-0.578	0.0	0.66	-0.292	-0.106	0.0	0.0	0.0	0.0	0.0	-0.445	0.0	0.0	0.958	0.0	0.0	0.0	-0.006	0.026
location_comment	Cou-56f5_112_mountain-19	0.0	0.0	0.0	0.0	-0.229	-0.248	-0.095	0.013	0.0	-0.233	0.0	0.0	0.0	0.0	0.0	0.0	0.0	0.137	0.0	0.0	0.0	0.267	-0.725	0.0	0.0	-0.214	0.0	0.0	0.246	-0.239	-0.401	0.0	-0.729	0.0	0.0	0.0	0.0	0.0	-0.51	0.0	0.177	0.795	0.0	0.0	0.0	-0.404	-0.656	-0.366	0.0	0.0	0.0	-0.082	-2.073	0.0	-0.351	0.0	0.538	0.0	-0.514	-0.034	0.0	0.0	0.0	0.0	0.0	-0.718	-0.288	-0.92	-0.069	0.0	0.341	-0.692	0.0	0.0	-1.444	0.0	0.0	0.0	-0.506	0.0	-0.006	0.195	0.0	2.708	0.0	0.0	0.0	-0.506	-0.109	0.0
location_comment	Big-0af3_58_mountain-8	0.0	0.0	0.0	0.0	0.0	0.0	0.0	-0.388	0.0	-0.383	0.0	0.0	-0.518	0.0	0.0	0.0	0.0	-0.031	0.0	-0.152	0.0	-0.433	-0.279	0.0	0.386	-0.315	0.0	0.013	0.848	-0.245	0.187	0.0	-0.597	0.0	-0.5	0.0	0.0	0.0	-0.397	0.0	0.294	0.0	0.0	-0.53	0.0	-0.647	0.0	-0.363	0.0	0.0	-0.001	0.0	-0.337	-0.48	-0.272	-0.552	0.419	-0.129	0.132	0.0	0.0	-0.397	0.0	-0.304	0.0	0.288	0.0	-0.625	0.015	-0.298	0.0	-0.664	0.0	-0.251	-0.039	0.0	0.491	0.0	0.0	0.0	-0.675	-0.173	0.0	0.781	0.0	0.0	0.0	0.0	0.0	0.0
location_comment	Bov-d455_252_rainforests-5	0.0	0.0	0.0	0.0	0.0	-0.274	1.441	-0.674	-1.285	0.0	0.0	0.819	0.0	-1.142	0.424	-0.603	0.0	-0.648	-0.319	-0.08	0.0	-1.119	0.0	0.0	0.0	-0.716	0.0	-0.596	0.0	0.0	-0.472	0.0	-0.406	-0.398	0.0	0.0	-0.293	0.392	0.0	0.0	0.298	-0.132	0.098	-0.652	0.0	-0.902	-0.003	-1.305	0.0	-0.511	0.843	-0.247	-0.875	0.0	0.0	-0.089	-0.511	-1.275	1.116	0.49	-0.518	-0.025	-1.702	-2.786	0.0	0.0	-0.398	0.0	-0.38	0.0	-0.232	0.0	-0.347	0.0	0.0	0.0	0.0	0.0	0.0	-0.261	-0.983	0.0	0.0	-0.392	0.0	0.0	0.0	0.0	-0.006	-0.012
location_comment	Afr-354e_23_rainforest-18	-0.419	0.0	-0.471	-0.141	0.397	-0.633	0.219	-0.566	0.47	0.0	0.0	0.0	0.063	-0.534	0.301	0.0	-0.373	0.0	-0.211	0.46	-0.452	0.394	0.0	-0.112	0.0	-1.068	-0.997	-0.525	0.05	0.0	0.291	-0.262	0.0	-0.566	0.025	0.0	-0.754	-0.953	0.0	-0.447	0.298	-0.731	0.508	-0.037	0.0	-0.341	-0.453	0.0	-0.308	0.0	-0.247	0.359	-0.429	0.42	-0.487	-0.18	0.0	0.0	-0.477	-0.543	0.0	-0.247	0.259	0.0	0.508	-0.624	-0.527	0.0	-0.38	-0.226	-0.143	-0.38	-0.444	0.0	0.0	0.0	0.137	0.0	-0.195	0.0	-0.256	0.0	-0.549	-0.757	0.0	0.0	0.009	0.0	-0.006	-0.115
location_comment	Wat-9861_8_swamp-18	-0.422	0.0	0.0	0.0	0.0	0.0	0.0	0.0	0.0	0.0	0.123	0.0	-0.262	-0.315	0.0	0.0	0.27	0.0	-0.074	0.0	0.0	-0.051	-0.542	0.0	-0.22	0.0	0.0	0.0	0.0	-0.222	-0.371	-0.376	0.0	-0.494	0.0	0.0	-0.118	0.0	0.333	0.0	-0.025	0.0	0.0	0.0	0.0	0.0	0.0	-0.453	0.0	0.0	0.0	0.0	0.0	0.0	0.141	0.0	0.784	0.0	-0.54	0.0	-0.59	-0.343	0.0	0.0	-0.576	0.0	0.0	0.0	-0.492	0.0	0.0	-0.515	-0.416	-0.468	-0.285	0.0	-0.566	0.0	0.0	0.0	-0.062	-0.416	0.0	0.113	0.0	-0.452	0.0	0.0	0.0	0.0
location_comment	Wat-9861_98_swamp-9	0.097	0.0	0.393	0.0	-1.335	0.0	-0.51	-0.217	0.827	-0.531	0.0	0.0	0.0	0.343	0.175	0.0	-0.52	-0.054	-0.177	0.178	-0.473	-0.33	0.202	-0.029	-0.612	0.723	0.518	-0.263	0.0	0.0	-0.569	0.0	-0.764	-0.113	0.0	0.0	0.782	0.0	-0.046	0.487	-0.338	0.0	0.0	-0.579	0.087	-0.062	0.548	0.226	-0.049	-0.107	-0.621	0.153	-0.769	0.0	-0.624	-1.693	0.0	0.0	-1.147	0.746	0.477	-0.259	-0.167	-0.54	0.308	-0.697	-0.553	0.0	-0.389	0.0	0.347	-0.542	0.0	0.0	0.0	-0.018	-0.195	0.0	-0.135	-0.019	0.0	-0.075	-0.043	0.218	-0.109	0.0	0.0	0.0	0.16	0.0
location_comment	Wat-9861_40_swamp-2	-0.032	0.0	0.0	0.0	0.0	-0.523	0.035	0.0	0.0	0.0	0.06	0.0	0.0	0.0	0.0	-0.051	0.0	0.335	0.0	0.0	0.0	-0.051	-0.542	0.0	0.05	0.445	0.0	0.0	0.0	-0.222	0.0	-0.662	0.0	-0.621	0.0	0.0	0.38	0.0	0.369	0.0	-0.157	0.0	0.0	-0.41	0.0	-0.368	0.0	-0.551	0.0	0.0	0.0	0.0	0.0	0.0	-0.166	0.0	0.784	0.0	0.0	0.0	0.038	-0.344	0.0	0.0	0.0	-0.269	0.0	0.0	0.0	0.0	0.0	-0.689	0.0	0.0	-0.173	0.0	0.0	0.0	0.234	0.0	-0.062	0.0	-0.392	0.0	0.0	-0.832	0.0	0.0	0.0	0.0
location_comment	Woo-aaf8_354_deserts-47	0.253	-0.614	-0.352	-0.495	-0.219	0.0	0.0	0.0	-0.842	-0.681	0.0	0.16	0.0	0.0	0.0	-1.628	0.0	0.146	0.0	-0.768	-0.19	0.0	0.0	-0.863	0.0	0.0	0.0	0.0	0.0	0.413	-0.262	-0.256	0.0	-0.811	0.0	0.0	-0.056	-0.191	-0.681	0.029	-0.954	-0.157	-0.253	0.0	0.0	-0.517	-1.804	-0.109	-0.033	-0.619	-0.304	0.455	0.0	-0.384	0.0	0.0	0.0	0.0	0.0	0.0	0.125	0.0	-0.458	0.0	-0.259	-0.771	-0.069	-1.578	0.0	-0.833	-0.272	0.341	-0.56	-0.855	-0.932	0.0	0.0	0.0	-0.513	0.103	0.0	-0.515	0.0	0.573	0.0	0.0	-0.367	0.0	0.0	0.94
location_comment	Bov-d455_252_deserts-24	-0.245	-0.208	3.242	-0.604	-1.322	0.0	-1.743	0.486	0.662	-1.452	-1.047	0.0	0.0	-0.841	0.0	-0.75	-0.107	0.0	0.0	0.0	0.0	-0.264	-0.838	0.0	-0.111	-0.093	0.0	-1.475	0.0	-0.12	-0.34	0.0	-0.436	0.045	0.0	0.0	0.231	0.0	0.0	0.0	0.199	0.0	0.0	-0.122	-0.29	-0.328	-0.516	-0.406	-1.211	-0.624	0.0	-0.521	0.0	-0.276	-0.563	-1.263	0.0	-2.641	0.0	0.0	-0.158	0.0	0.634	0.394	-0.518	-0.306	-0.272	0.0	-0.455	0.0	-0.254	-0.578	-0.092	0.732	0.0	-0.195	-1.15	0.0	-0.104	-0.456	0.0	0.0	0.146	-0.983	-0.278	-0.483	0.0	0.0	0.0	0.0
location_comment	Mar-495f_4_marsh-2	0.164	0.0	0.0	0.0	0.311	-1.228	-0.006	-0.225	0.0	-0.392	0.014	0.0	0.0	-0.202	0.0	-0.051	-0.523	0.0	0.0	-0.353	-0.144	-0.286	-0.885	0.0	-0.123	0.0	-0.392	0.0	0.0	-0.224	0.0	0.0	0.0	-0.761	-0.051	0.0	0.0	-0.007	0.206	0.0	0.045	0.0	0.0	-0.41	0.0	0.0	0.0	-0.775	0.0	0.0	0.0	0.0	-0.406	0.0	-0.136	0.221	0.351	0.0	0.0	-0.41	0.0	-0.427	0.0	-0.524	0.41	-0.551	-0.488	0.0	0.504	-0.136	-0.385	0.255	0.0	0.0	-0.114	0.0	0.0	0.0	-0.061	0.0	-0.144	0.0	-0.392	0.0	0.0	0.014	-0.885	0.0	-0.007	0.0
location_comment	Mar-495f_2_marsh-2	0.186	0.0	0.0	-0.425	0.311	-1.228	0.032	0.0	0.0	0.331	0.183	0.0	0.0	-0.202	0.0	-0.051	0.019	0.254	-0.053	-0.353	0.0	-0.123	-0.885	0.0	-0.287	0.0	-0.228	0.0	0.0	-0.224	0.0	0.0	-0.144	-0.581	-0.54	0.0	0.0	-0.136	0.469	0.0	0.276	-0.348	0.0	-0.41	0.0	-0.001	0.0	-0.551	0.0	0.0	0.0	0.0	0.0	-0.225	-0.136	-0.183	0.254	0.0	0.0	-0.473	0.0	-0.918	0.0	0.271	0.0	-0.621	-0.246	0.0	0.338	0.0	-0.885	0.255	0.0	0.0	0.142	0.0	0.098	0.0	-0.061	-0.751	-0.144	0.0	-0.617	0.0	0.0	-0.353	0.0	-0.319	-0.007	0.124
free_topic	Afr-324e_116_cows-6	0.174	0.0	0.225	0.081	-0.172	-0.479	-0.654	-0.215	-0.234	-0.412	0.0	0.0	0.0	0.0	-0.345	0.421	-0.151	0.204	0.0	0.0	0.0	0.0	0.0	-0.673	-0.291	0.0	0.488	0.0	-0.491	-0.651	-0.006	-0.182	-0.127	-0.48	0.0	0.0	0.0	-0.216	0.0	-0.49	0.452	0.113	0.152	0.0	-0.314	-0.265	-0.838	-0.271	-0.347	0.0	0.0	-0.036	0.004	-0.692	-0.499	0.0	-0.539	0.41	-0.062	0.259	0.315	0.0	0.051	-0.448	0.0	0.0	0.0	0.347	-1.094	0.0	-0.32	-0.826	-0.722	-0.133	0.333	-0.296	0.0	0.005	0.0	0.0	-0.48	0.0	0.0	-0.689	-0.635	0.0	0.0	-0.633	0.0	0.0
free_topic	Ame-d5c4_140_cows-6	-0.323	0.0	0.277	0.0	0.0	-0.383	0.0	0.049	0.0	0.0	-0.437	0.0	0.0	0.0	0.339	-0.18	0.0	0.054	-0.3	0.0	0.0	-0.756	-0.093	0.0	0.0	-0.684	-0.291	-0.969	0.0	0.0	-0.459	0.4	0.0	0.0	0.0	0.0	-0.56	0.571	0.0	0.0	0.0	-0.557	0.0	0.0	0.0	0.0	-0.162	0.0	0.223	-0.559	0.0	0.0	0.0	-0.449	0.425	0.076	0.0	0.0	0.0	-0.397	0.0	-0.106	0.024	0.0	0.0	0.444	0.0	0.0	0.0	-0.412	0.422	0.0	-0.332	0.0	0.0	-0.108	0.0	0.0	0.0	-0.196	0.0	0.0	-0.224	0.0	-0.52	0.0	0.0	0.0	0.0	-0.024
free_topic	Asi-f65e_95_Cows-1	0.373	0.005	0.23	0.228	-0.424	0.097	-0.675	-0.643	-0.48	-0.302	0.0	0.0	-0.249	0.0	-0.529	0.0	0.0	-0.142	-0.812	-0.108	-0.452	-0.109	-0.3	0.0	-0.029	-0.343	-0.593	-0.495	0.0	0.0	0.0	-0.151	-0.338	-1.033	0.0	0.0	0.333	-1.197	-0.058	0.14	0.0	0.0	-0.302	0.271	-0.351	0.0	0.029	-0.559	0.079	0.0	0.571	-0.198	-0.521	0.0	0.0	-1.06	-1.117	0.0	-0.023	0.199	1.078	-1.487	-0.203	0.0	-0.493	0.0	-0.491	0.0	0.0	0.0	-0.332	-0.34	0.09	0.0	0.0	0.0	0.094	0.0	-0.061	-0.3	0.0	0.0	0.0	0.0	-0.109	-0.091	0.0	-1.406	-0.413	0.0
free_topic	Aur-c4ea_16_cows-31	-0.158	0.0	0.393	0.0	-0.625	0.081	-0.351	0.0	-0.526	-0.157	0.0	0.0	0.107	-0.482	-0.394	0.0	0.0	0.0	-0.863	0.0	-0.237	0.0	-0.051	-0.587	-1.651	-0.166	0.0	-0.637	0.17	0.0	-0.408	-0.554	-0.523	0.299	-0.515	-0.742	-0.468	0.125	0.0	-0.41	-0.006	0.0	0.0	0.199	-0.051	0.0	0.299	-0.392	0.0	-0.131	-0.907	0.17	0.0	0.0	-0.551	-0.528	0.0	-0.236	-0.969	0.0	0.162	0.0	-0.112	-0.51	0.308	-0.697	-0.878	0.0	-0.5	0.0	0.136	-1.439	0.369	-0.616	0.0	-0.03	-0.186	0.0	0.0	-0.133	0.0	0.0	0.686	0.0	0.0	0.0	-1.132	0.016	0.0	0.0
free_topic	Aur-c4ea_181_cattle-8	0.786	0.0	0.0	0.103	0.22	0.0	0.0	0.0	-0.733	-0.189	-0.288	0.0	0.0	0.0	0.0	0.0	0.0	-0.52	0.0	0.0	-0.564	0.0	0.0	-0.289	0.0	-0.109	0.0	0.0	0.0	0.392	-0.374	-0.259	0.114	0.024	0.0	0.0	0.0	-0.109	-0.29	0.344	0.0	0.0	0.0	0.0	0.0	-0.352	0.19	-0.531	0.0	0.592	0.383	-0.412	0.0	0.24	-0.021	-0.406	-0.643	0.0	0.0	-0.518	-0.245	0.0	0.065	-0.302	-0.294	0.0	-0.635	0.0	0.0	0.0	-0.443	-0.249	0.0	0.141	0.0	0.0	0.0	0.0	-0.57	0.0	0.0	0.421	0.0	-0.24	0.0	-0.133	-0.491	0.0	0.0	0.0
free_topic	Blu-3a31_157_wildebeest-6	-0.307	0.0	-0.073	0.0	-0.347	-0.249	0.15	0.0	0.0	-0.497	0.0	0.0	-0.247	0.0	0.422	0.052	0.0	0.0	-0.642	-0.001	-0.46	0.0	-0.633	0.0	-0.273	0.0	0.0	0.0	0.003	0.244	-0.152	0.0	0.0	-0.508	0.238	0.374	0.0	-0.9	0.0	-1.182	-0.48	-0.859	0.0	-0.205	0.616	-0.392	0.0	0.458	0.0	0.0	0.0	-1.067	-0.403	0.0	0.0	0.0	0.0	0.0	0.0	-0.607	0.422	-0.699	-0.428	0.0	-0.033	-0.232	0.0	0.552	0.0	0.0	0.0	0.096	0.0	-0.255	-0.283	0.0	-0.212	0.0	0.0	0.142	0.0	-0.23	-0.006	0.0	0.0	-0.578	0.352	0.0	0.0	0.0
free_topic	Blu-3a31_159_wildebeest-20	-0.686	-0.374	0.266	-0.302	-1.455	-0.171	-0.187	0.009	-0.386	-0.672	-0.259	-0.549	0.0	-1.023	-0.75	-0.267	0.0	0.0	-0.227	0.0	0.0	-0.312	-0.133	-0.201	0.0	-0.393	-0.31	0.064	-0.079	0.0	-0.982	-0.736	-0.854	-0.27	0.0	0.077	-0.404	0.0	-0.425	0.105	-0.533	0.0	0.0	-0.061	-0.051	0.0	0.193	-0.622	-0.626	-0.07	0.0	0.174	0.143	0.303	-0.692	-1.225	0.0	-0.463	-0.41	0.0	-0.532	-0.265	0.044	0.192	0.048	-0.647	-0.061	0.0	-0.656	-0.349	0.436	-0.878	-0.162	0.0	0.0	-0.018	-1.079	0.0	-0.205	-0.407	0.0	0.0	-0.171	-0.491	0.0	0.0	0.0	0.0	-0.006	0.0
free_topic	Bon-fbc3_10_bongo-2	-0.183	1.184	0.153	0.0	0.0	0.539	-1.232	-0.096	0.0	-0.565	0.0	0.0	-0.986	-0.675	-0.574	0.811	0.105	-0.523	-0.1	-0.184	-0.866	0.0	0.0	-0.43	1.14	0.0	0.0	0.0	0.0	0.167	0.092	0.366	0.0	-1.01	-0.339	-0.057	0.0	-1.046	-0.114	-0.694	-0.182	0.45	0.438	-0.006	0.379	0.0	0.0	1.171	-0.274	0.0	0.0	-0.264	0.462	0.0	0.0	0.0	0.0	0.0	0.0	0.0	0.293	-0.245	-0.52	-0.068	0.099	0.363	0.0	0.0	-1.042	0.118	-0.034	-0.347	-0.283	0.0	0.0	0.0	-0.352	-0.221	0.0	0.0	0.0	0.0	-0.392	1.249	0.0	-0.245	0.352	0.284	0.219	0.0
free_topic	Bon-fbc3_110_bongos-13	0.0	0.0	0.0	0.13	-0.187	0.192	0.0	0.0	0.352	0.088	0.651	0.0	0.0	-1.133	-0.511	-0.864	0.052	0.0	-0.064	-0.13	-0.525	0.0	0.0	-0.445	0.0	-0.423	0.739	-0.05	0.0	-0.347	-0.006	0.0	0.0	0.0	0.0	0.0	0.009	0.086	-0.095	1.896	0.0	0.0	0.0	0.0	0.0	-0.733	-1.019	0.0	-1.019	0.053	0.0	-0.171	-0.527	0.113	-0.198	-0.696	-0.335	0.0	-0.313	0.016	0.0	0.0	0.464	0.0	0.0	0.0	-0.31	0.0	0.0	0.0	-0.94	-0.762	0.0	0.319	-0.695	0.0	-0.737	0.0	0.0	0.352	-0.48	0.0	0.0	0.0	0.325	0.0	0.0	0.494	-0.347	-0.16
free_topic	Bon-fbc3_114_bongo-6	0.0	0.0	0.564	0.215	-0.139	-0.541	-0.015	-0.566	0.0	-0.457	0.0	0.09	0.0	-0.313	0.149	0.0	0.0	-0.012	0.0	-0.04	-0.277	-0.051	0.0	0.352	-0.354	0.565	0.0	0.032	0.0	0.0	0.0	0.0	0.0	-0.294	0.0	-0.154	0.111	-0.565	0.121	-0.231	-0.551	0.0	-0.018	0.0	0.0	0.0	0.0	0.0	0.0	-0.406	-0.197	0.047	0.032	0.0	-0.78	-0.212	-0.549	0.019	-0.216	-0.159	-0.41	0.0	0.0	-0.422	0.0	-0.306	0.0	0.0	-1.064	-0.233	-0.625	-0.184	0.0	0.0	-0.278	-0.106	0.0	0.0	0.0	0.0	-0.844	0.0	0.183	0.0	0.0	0.0	-0.542	0.0	-0.006	0.0
free_topic	Bon-fbc3_115_bongo-25	0.0	0.0	0.0	0.0	0.0	0.0	0.066	-0.689	0.0	0.0	0.0	0.0	0.0	0.0	0.0	0.0	0.0	0.0	0.0	-0.293	0.0	-0.263	-0.164	0.009	0.0	-0.284	0.0	0.0	0.0	0.313	-0.006	0.355	0.0	-0.365	0.0	0.0	0.0	0.671	0.0	0.0	-1.392	0.0	-0.359	-0.366	0.0	0.0	0.0	-0.18	0.0	-0.096	-0.058	-0.368	0.0	0.0	-0.581	0.0	0.572	0.0	0.0	-0.138	0.0	0.0	-0.011	0.0	0.0	-0.539	-0.831	0.0	-0.439	0.0	0.0	0.468	0.0	0.0	0.0	0.0	-0.236	0.0	0.055	0.0	-0.381	0.0	0.0	0.0	0.0	-0.155	0.0	0.0	0.0	0.0
free_topic	Dug-bf37_38_cow-5	0.0	-0.051	0.0	-0.175	0.381	-0.133	0.0	-0.004	0.0	-0.436	-0.107	0.0	-0.79	0.0	0.0	0.0	-0.755	-0.551	-0.414	-0.165	0.0	-0.41	0.0	-0.41	0.0	0.159	0.0	0.0	-0.727	0.0	0.0	0.308	0.0	0.0	0.0	0.0	-0.133	-0.473	0.0	0.338	0.298	0.371	0.0	0.0	0.0	0.0	-0.493	0.0	0.0	0.0	-0.322	-0.147	0.745	0.0	-0.426	0.048	-0.422	0.0	-0.237	-0.595	0.0	0.0	0.653	0.0	0.508	0.0	-0.061	0.0	0.0	0.0	0.256	-0.293	0.0	-0.51	0.235	0.0	0.0	0.0	0.226	0.0	0.0	0.0	-0.199	0.0	-0.66	-0.469	0.0	0.0	-0.468	0.0
free_topic	Dug-bf37_4_cow-23	-0.18	-0.401	0.0	-0.726	0.381	-0.133	-0.604	-0.004	0.226	0.721	-0.812	-0.392	-0.748	0.603	-0.612	0.0	0.146	-1.582	0.0	0.301	-0.446	0.0	-1.384	-0.928	-0.001	-0.218	0.0	-0.044	0.135	0.39	-0.161	-0.41	0.0	0.0	0.0	-0.523	-0.794	-0.056	-0.046	0.154	0.16	0.0	0.0	0.052	0.0	-0.148	-0.246	-1.057	0.0	-0.48	-0.276	-1.097	0.745	0.0	-0.858	0.0	-0.736	0.104	-0.855	0.0	0.192	0.0	-0.804	-0.051	-0.039	-0.325	0.15	0.0	-0.548	0.665	0.423	-0.551	-1.156	-0.092	-0.13	0.0	-1.017	0.423	0.0	0.0	-0.134	0.062	-0.345	0.0	-0.66	-0.469	0.0	0.0	0.0	-0.198
free_topic	Ind-363f_151_cows-21	0.236	-0.534	0.294	-0.943	-0.503	0.0	0.0	0.139	0.954	-0.014	-0.347	-1.655	-0.461	0.0	-0.015	0.0	0.0	-0.354	0.039	-0.302	0.65	-0.17	0.052	0.112	-0.939	0.352	0.489	-0.797	-0.48	-0.061	0.0	0.391	-0.338	-0.868	0.0	-0.702	0.0	0.35	-0.605	-0.463	0.392	-0.006	-0.05	-0.295	-0.642	-0.591	-0.578	-0.15	-0.312	-0.255	-0.101	-0.021	-0.347	0.369	0.026	-0.268	-0.85	-1.279	-0.233	0.0	-1.084	0.0	0.403	-0.006	0.0	-0.578	0.0	-0.301	-0.784	-0.058	0.0	-0.071	-1.09	-0.694	-0.049	0.361	0.0	0.0	-0.43	-0.885	0.0	0.0	0.536	-0.457	0.459	0.0	0.0	0.59	0.0	0.413
free_topic	Mon-b346_31_gazelle-2	0.0	0.0	0.0	0.0	0.09	0.0	-0.688	0.0	0.0	0.0	0.0	0.0	0.0	0.0	0.0	0.0	0.0	0.0	0.0	0.0	0.0	0.0	0.0	0.0	0.0	0.0	0.0	-0.185	0.0	0.0	0.0	0.0	0.0	-0.229	0.0	0.0	0.0	0.0	0.0	0.0	0.0	0.0	0.0	0.0	0.0	0.0	0.0	0.0	0.0	0.0	0.0	0.0	0.0	0.0	0.0	0.0	0.237	0.0	0.0	0.0	0.0	0.0	0.0	0.0	0.0	0.0	0.0	0.0	0.0	0.0	0.0	0.0	0.0	0.0	0.426	0.0	0.0	0.0	0.239	0.0	0.0	0.0	0.0	0.0	0.0	0.0	0.37	0.0	0.0	0.0
free_topic	Sir-1b7d_48_cow-16	-0.519	0.0	0.393	-0.389	-0.244	-0.133	0.0	-0.004	-0.401	-0.435	-0.478	0.0	0.0	0.556	-0.258	-0.39	-0.43	0.216	0.0	0.0	-0.173	0.0	-0.051	-0.596	-0.04	0.272	0.0	0.316	-0.229	-0.378	0.559	-0.558	-0.523	0.104	0.0	0.216	-0.047	0.52	0.0	-0.41	0.292	0.0	0.0	0.0	-0.051	0.0	0.54	-0.281	0.0	-0.131	-1.222	-0.134	0.745	0.0	-0.977	-0.609	-0.353	0.013	-0.686	0.0	0.192	0.0	0.351	-1.068	0.308	-0.697	-0.584	-0.565	-0.507	0.0	-0.268	-1.19	-0.201	-0.709	0.389	-0.018	0.0	0.0	0.0	0.056	0.0	0.0	0.188	0.0	-0.66	-0.469	-0.378	0.0	0.0	0.0
free_topic	Sir-1b7d_50_cow-4	-0.575	0.0	0.954	-0.042	-0.46	-0.872	0.276	-0.004	0.0	-0.092	-0.478	0.0	-0.489	0.0	-0.039	-0.207	-0.43	-0.101	0.0	0.039	-0.416	0.0	0.0	-0.41	-0.37	0.159	0.392	0.0	0.0	0.0	0.352	0.241	0.0	-0.147	-1.595	0.049	-0.133	-1.437	0.0	-0.694	-0.182	0.0	0.0	-0.359	1.161	0.0	-0.087	0.419	0.052	-0.741	-0.322	-0.535	0.271	-0.621	-0.426	0.0	-0.467	0.0	-0.426	-0.694	-0.125	-0.059	0.653	0.0	-0.427	-0.966	-0.133	-0.347	0.0	0.0	0.0	-0.457	-0.491	-0.092	0.235	0.0	-0.318	0.824	0.0	0.0	0.0	0.0	0.0	-0.643	-0.66	-1.698	0.352	0.0	0.0	0.078
free_topic	Spo-c072_245_topi-17	-0.579	-0.0	0.753	0.0	-0.393	-0.546	-0.813	-0.606	0.0	0.415	-0.418	0.0	-0.614	0.022	-0.542	0.033	-0.07	-0.585	-0.288	-0.165	-0.265	0.0	0.0	0.739	-0.018	0.0	0.0	0.863	0.0	-0.025	-0.542	0.0	-0.278	0.186	-0.223	-0.305	0.29	0.0	0.613	-0.015	0.0	-0.625	0.0	-0.862	0.0	0.0	0.392	-0.34	0.0	0.121	0.0	0.0	0.039	0.0	-0.805	0.079	0.0	0.046	0.0	0.201	0.0	-0.958	0.0	-0.114	0.085	-0.216	-0.797	0.393	-0.385	-0.625	0.0	-0.144	0.0	0.0	-0.145	0.193	0.186	0.0	-0.061	0.0	0.0	-0.38	0.0	0.0	-0.109	0.0	-0.06	0.0	0.0	0.0
free_topic	Spo-c072_246_buffalo-5	1.536	0.0	-0.19	0.0	0.0	0.041	0.0	-0.392	-0.328	0.0	0.0	0.0	-0.134	-0.889	-0.076	-1.389	-0.41	0.145	0.559	-0.337	0.0	0.0	0.055	0.0	0.347	-0.109	0.0	-0.037	0.0	0.392	0.083	-0.139	0.0	0.007	0.0	-0.299	-0.455	0.0	-0.419	0.132	-0.161	0.064	0.0	0.0	-0.721	-0.1	-0.318	-0.353	-0.551	-0.045	0.0	0.0	0.0	-0.179	-0.076	-0.061	-0.643	0.0	0.0	-1.215	-0.42	-0.174	0.083	-0.302	-0.256	0.0	-0.033	0.0	0.0	-0.479	-0.593	0.0	-0.038	-0.306	0.145	0.0	-0.68	0.0	-0.269	-0.716	0.0	0.0	0.0	0.0	-0.481	-0.133	-0.553	0.0	0.052	0.0
free_topic	Spr-39f8_10_springbok-18	0.0	0.011	0.333	-0.879	-0.621	-1.029	-1.451	-0.566	0.0	-0.229	0.305	0.0	-0.389	-0.699	-0.515	-0.361	-1.176	-1.274	0.0	-0.39	-0.937	0.372	0.052	0.0	-1.487	-0.228	-1.357	0.414	-1.266	0.178	-0.869	-0.743	0.134	-1.644	-0.162	0.0	0.366	0.0	0.387	-0.179	0.298	-0.036	-0.104	0.193	-1.223	0.0	-1.4	-0.552	-0.125	0.0	-0.442	-0.189	-0.488	-0.095	0.764	-0.402	-0.761	0.0	-1.143	-0.072	0.882	-1.182	-1.746	-0.431	0.0	-0.686	0.0	-0.426	-0.062	-0.189	-0.694	-0.168	-0.356	-0.88	-0.369	0.243	0.195	0.12	0.192	-0.02	-0.435	-0.178	0.0	-0.535	0.394	0.883	0.0	-1.659	-0.006	0.0
free_topic	Spr-39f8_124_springbok-23	-0.255	0.0	0.393	-0.284	-0.625	0.0	0.0	-0.566	-0.085	0.009	0.0	0.0	0.0	-0.648	0.0	0.0	0.0	-0.187	0.352	0.0	0.415	0.0	0.0	0.0	0.0	0.0	0.0	0.0	0.0	0.0	0.0	-0.696	0.194	-3.768	-0.347	-2.859	-0.011	-0.046	-0.319	0.0	0.243	0.0	0.906	0.0	0.0	0.0	0.0	0.0	0.0	-0.07	0.0	0.066	-0.05	0.0	-0.656	-0.528	0.0	0.0	-0.198	0.0	-0.006	0.0	4.568	0.375	0.306	-0.305	-0.694	0.0	-1.095	0.0	-0.135	-0.548	-0.325	0.0	0.0	0.059	0.0	-0.04	0.0	0.375	0.0	0.0	-0.365	0.0	0.0	0.0	0.0	0.0	-0.486	0.0
free_topic	Spr-39f8_127_Springbok-1	0.0	-0.712	0.0	0.0	0.165	0.0	-1.551	0.0	0.0	0.0	0.0	0.0	0.011	0.0	0.0	0.0	0.0	0.0	0.0	0.0	0.0	0.254	0.0	0.0	0.0	0.0	0.0	-0.327	0.0	0.0	0.0	-0.259	0.0	-0.272	0.0	0.392	0.0	0.0	0.0	0.0	0.0	0.0	0.0	0.0	-0.486	0.0	0.0	0.0	0.0	0.0	0.0	0.0	0.0	0.0	0.0	0.0	0.808	0.0	0.0	0.0	0.0	0.0	0.016	0.0	0.0	0.0	0.0	0.0	0.0	0.0	0.0	0.0	0.0	-0.133	0.159	0.0	0.0	0.476	0.753	0.0	-0.613	0.0	0.0	-0.109	0.0	0.0	0.719	0.0	0.0	0.0
free_topic	Top-df25_15_topi-15	-0.07	0.0	0.44	0.0	-1.225	0.0	0.225	0.0	-0.453	-0.421	-0.481	0.0	-0.318	1.873	0.0	0.0	0.0	0.0	0.335	0.0	0.0	-0.425	-0.032	0.1	0.001	0.0	-0.51	0.0	0.0	0.0	0.0	-0.29	-0.706	0.431	-0.454	0.0	-0.628	0.0	0.0	-0.337	0.0	0.0	0.0	0.0	-0.274	0.0	-0.624	-0.304	-0.574	-0.417	-0.001	-0.206	0.0	0.203	-0.551	-1.296	0.022	0.0	-0.455	0.0	-0.612	-0.328	0.372	1.002	0.308	-0.995	-0.061	-0.403	-0.37	-0.218	-0.318	-0.824	-1.116	0.0	0.065	1.147	0.0	0.0	-0.212	-0.428	0.0	-0.51	-0.196	-0.289	-0.078	0.0	0.0	0.716	0.0	0.0
free_topic	Top-df25_15_topi-33	0.0	-0.316	0.805	0.896	-0.516	-0.39	-0.096	-0.566	0.25	0.0	0.352	0.0	-0.31	-0.545	-0.196	0.0	-0.212	-0.159	-0.484	0.46	-0.365	-0.296	0.0	-0.622	0.85	-0.726	-0.431	0.267	0.0	0.0	0.754	0.0	0.564	-1.309	0.0	-0.436	-0.278	0.199	-0.667	-0.201	0.298	-0.136	-0.198	-0.932	-0.149	0.0	0.0	0.0	-0.328	-0.115	-0.072	0.0	-0.796	0.283	-0.39	-0.117	0.0	-0.133	-0.352	0.0	-0.941	0.854	-0.114	-0.004	-0.087	-0.78	-0.732	0.0	-0.29	-0.29	0.0	0.0	-0.444	-0.333	0.045	0.0	-0.265	0.0	-0.093	0.0	0.39	0.0	0.0	-0.083	0.0	-0.199	-0.456	-0.045	-0.006	0.191
free_topic	Top-df25_18_topi-71	-0.419	-0.181	0.329	0.0	-0.284	0.738	-0.279	-0.566	0.12	-1.047	0.0	0.0	-0.259	-0.236	0.0	-0.023	0.0	-0.238	-0.017	0.0	0.0	0.0	0.0	-0.207	0.07	-0.393	-0.62	-0.858	0.149	0.147	-1.217	0.892	-0.705	-0.203	-0.125	0.143	-0.081	-0.346	-0.477	-0.243	-0.016	0.0	0.276	-0.296	0.032	0.0	-0.602	-0.807	0.0	-0.252	-0.048	-0.745	-0.111	0.0	-1.1	0.041	0.022	0.311	-0.787	-0.169	0.327	0.0	0.0	-0.161	0.368	-1.769	-0.505	-0.625	-0.849	-0.137	-0.508	-0.993	0.225	-0.594	-0.31	0.19	0.0	0.088	-0.223	0.0	0.0	-0.032	-0.49	-0.346	0.0	0.0	0.0	0.475	-0.175	0.0
adaptation_topic	Bov-d455_230_buffalo-20	0.559	0.0	-0.068	0.0	-0.423	-0.152	0.0	0.0	0.0	0.0	-0.391	0.675	0.0	0.0	0.0	-0.471	0.0	0.316	0.0	-0.287	0.0	-0.384	0.064	-1.197	0.0	0.0	0.065	-0.172	0.301	-0.257	0.0	-0.49	-0.348	0.0	0.0	0.0	0.053	0.0	0.0	-0.088	-0.143	0.268	0.0	0.084	0.0	0.0	0.0	0.037	0.0	-0.346	0.0	0.0	0.122	-0.191	-0.353	0.0	0.584	-0.81	0.0	0.127	0.0	-0.89	-0.441	0.044	0.246	0.0	-0.777	0.0	0.0	0.0	0.0	0.152	-0.101	0.292	0.0	0.0	0.0	0.0	-0.096	0.0	-0.357	-0.314	0.0	0.0	-0.468	0.0	0.0	0.0	0.0	-0.445
adaptation_topic	Afr-324e_150_buffalo-2	0.0	0.0	0.0	0.0	0.494	0.0	-0.549	0.0	0.0	0.0	0.0	0.218	0.0	0.0	0.0	0.0	0.0	0.0	0.0	0.0	0.0	0.0	0.0	0.0	0.0	0.0	0.0	-0.136	0.0	0.0	0.0	0.602	0.0	-0.097	-0.37	0.0	0.0	-0.198	0.0	0.0	-0.439	0.0	0.0	0.0	0.0	-0.248	0.0	0.0	0.0	0.0	0.0	0.0	0.0	0.0	0.0	0.0	0.18	0.0	0.0	0.0	0.0	0.0	0.0	0.0	0.0	0.0	0.0	0.0	0.0	0.0	0.0	0.0	0.0	0.0	0.806	0.0	0.0	0.0	-0.055	0.0	0.0	0.0	0.0	0.0	0.0	0.0	0.475	0.0	0.0	0.0
adaptation_topic	Afr-324e_149_buffalo-2	0.0	0.0	0.0	0.0	0.09	0.0	-0.688	0.0	0.0	0.0	0.0	0.0	0.0	0.0	0.0	0.0	0.0	0.0	0.0	0.0	0.0	0.0	0.0	0.0	0.0	0.0	0.0	-0.185	0.0	0.0	0.0	0.0	0.0	-0.229	0.0	0.0	0.0	0.0	0.0	0.0	0.0	0.0	0.0	0.0	0.0	0.0	0.0	0.0	0.0	0.0	0.0	0.0	0.0	0.0	0.0	0.0	0.237	0.0	0.0	0.0	0.0	0.0	0.0	0.0	0.0	0.0	0.0	0.0	0.0	0.0	0.0	0.0	0.0	0.0	0.426	0.0	0.0	0.0	0.239	0.0	0.0	0.0	0.0	0.0	0.0	0.0	0.37	0.0	0.0	0.0
adaptation_topic	Afr-324e_145_buffalo-2	0.0	0.0	0.0	0.0	0.0	0.0	0.0	0.0	0.0	0.0	0.0	0.0	0.0	0.0	0.0	0.0	0.0	0.0	0.0	0.0	0.0	0.0	0.0	0.0	0.0	0.0	0.0	0.0	0.0	0.0	0.0	0.0	0.0	0.0	0.0	0.0	0.0	0.0	0.0	0.0	0.0	0.0	0.0	0.0	0.0	0.0	0.0	0.0	0.0	0.0	0.0	0.0	0.0	0.0	0.0	0.0	0.0	0.0	0.0	0.0	0.0	0.0	0.0	0.0	0.0	0.0	0.0	0.0	0.0	0.0	0.0	0.0	0.0	0.0	0.0	0.0	0.0	0.0	0.0	0.0	0.0	0.0	0.0	0.0	0.0	0.0	0.0	0.0	0.0	0.0
adaptation_topic	Afr-324e_167_buffalo-2	0.0	0.0	0.0	0.0	0.303	0.0	-0.797	0.0	0.0	0.0	0.0	-0.134	0.0	0.0	0.0	0.0	0.0	0.0	0.0	0.0	0.0	0.0	0.0	0.0	0.0	0.0	0.0	-0.291	0.0	0.0	0.0	-0.024	0.0	-0.043	-0.739	0.0	0.0	0.323	0.0	0.0	0.095	0.0	0.0	0.0	0.0	-0.424	0.0	0.0	0.0	0.0	0.0	0.0	0.0	0.0	0.0	0.0	0.249	0.0	0.0	0.0	0.0	0.0	0.0	0.0	0.0	0.0	0.0	0.0	0.0	0.0	0.0	0.0	0.0	0.0	0.538	0.0	0.0	0.0	0.223	0.0	0.0	0.0	0.0	0.0	0.0	0.0	0.219	0.0	0.0	0.0
adaptation_topic	Afr-324e_169_buffalo-6	0.0	0.0	0.0	0.0	0.0	-0.344	0.0	0.0	0.0	0.316	0.0	0.0	0.188	0.0	0.0	0.424	-0.562	-0.057	0.0	0.0	0.0	0.0	-0.065	0.0	0.279	0.0	0.0	0.0	0.0	0.0	-0.576	0.0	0.042	0.0	0.0	0.0	-0.045	0.704	0.0	0.497	0.0	-0.127	0.0	0.0	0.363	0.453	-0.84	0.0	0.0	0.0	0.072	0.278	0.15	0.458	-0.684	0.0	-1.235	0.0	0.197	-0.154	-0.056	0.0	0.0	0.0	-0.805	0.0	-0.134	0.0	0.0	0.248	0.0	-0.133	0.0	-0.242	-0.0	0.0	0.0	0.069	0.0	0.0	0.163	0.0	0.0	0.079	0.0	0.0	-0.077	0.0	0.0	0.0
adaptation_topic	Afr-324e_169_buffalo-9	0.0	0.0	0.0	0.0	0.0	0.139	0.0	0.0	0.0	0.586	0.207	0.0	-0.542	0.0	0.0	0.0	-0.503	0.0	0.06	0.0	0.0	-0.492	-0.186	0.0	-0.347	-0.295	0.0	0.0	0.0	0.0	0.0	0.0	0.0	0.0	-0.062	0.0	0.0	0.0	0.0	0.53	-0.051	0.877	0.0	-0.196	0.458	0.0	-0.613	0.0	0.0	0.495	-0.127	1.231	0.0	0.0	0.0	0.0	-1.464	-0.67	-0.025	0.079	-0.22	0.0	0.0	0.068	0.188	0.733	0.0	0.0	0.0	0.0	0.0	-0.133	0.279	-0.068	0.0	0.0	0.0	0.0	-0.223	0.0	0.0	0.0	0.0	-0.344	0.0	0.0	0.0	-0.099	-0.0	0.0
adaptation_topic	Afr-324e_143_buffalo-39	-0.645	-0.149	0.18	-1.146	-0.824	-0.06	-1.137	-2.468	0.68	0.0	0.199	-0.504	-0.447	-0.585	0.0	0.476	0.145	-1.236	0.0	-1.101	-0.788	-1.655	-0.66	-0.598	-0.603	-0.742	-0.534	-0.184	-0.142	-0.685	1.732	0.374	-0.31	-1.224	-0.701	-0.423	0.395	0.0	-0.63	-2.368	-0.447	0.099	-1.361	-0.523	0.288	-0.103	-0.138	-0.565	-1.432	-1.048	0.0	-0.492	-0.684	-0.548	-0.516	0.035	0.53	-0.291	-0.876	-0.96	-0.143	-0.392	0.026	-0.338	-1.049	-1.775	-0.059	-1.55	-0.533	-2.492	0.962	-2.362	-0.244	-1.002	0.086	-0.076	0.0	0.0	0.012	0.0	-1.264	-0.097	-0.477	-0.049	0.0	0.027	-0.41	-2.339	-0.558	0.0
adaptation_topic	Afr-324e_110_buffalo-2	0.0	0.0	0.0	0.0	0.396	0.0	-0.742	0.0	0.0	0.0	0.0	0.195	0.0	0.0	0.0	0.0	0.0	0.0	0.0	0.0	0.0	0.0	0.0	0.0	0.0	0.0	0.0	-0.029	0.0	0.0	0.0	0.316	0.0	0.09	-0.741	0.0	0.0	0.007	0.0	0.0	-0.304	0.0	0.0	0.0	0.0	-0.034	0.0	0.0	0.0	0.0	0.0	0.0	0.0	0.0	0.0	0.0	-0.285	0.0	0.0	0.0	0.0	0.0	0.0	0.0	0.0	0.0	0.0	0.0	0.0	0.0	0.0	0.0	0.0	0.0	0.476	0.0	0.0	0.0	0.224	0.0	0.0	0.0	0.0	0.0	0.0	0.0	0.391	0.0	0.0	0.0
adaptation_topic	Afr-324e_62_buffalo-2	0.0	0.0	0.0	0.0	0.396	0.0	-0.742	0.0	0.0	0.0	0.0	0.195	0.0	0.0	0.0	0.0	0.0	0.0	0.0	0.0	0.0	0.0	0.0	0.0	0.0	0.0	0.0	-0.029	0.0	0.0	0.0	0.316	0.0	0.09	-0.741	0.0	0.0	0.007	0.0	0.0	-0.304	0.0	0.0	0.0	0.0	-0.034	0.0	0.0	0.0	0.0	0.0	0.0	0.0	0.0	0.0	0.0	-0.285	0.0	0.0	0.0	0.0	0.0	0.0	0.0	0.0	0.0	0.0	0.0	0.0	0.0	0.0	0.0	0.0	0.0	0.476	0.0	0.0	0.0	0.224	0.0	0.0	0.0	0.0	0.0	0.0	0.0	0.391	0.0	0.0	0.0
adaptation_topic	Afr-354e_33_buffalo-15	-0.192	0.0	0.669	0.0	-0.334	0.0	0.0	-0.469	-0.292	-0.051	0.0	0.0	0.0	-0.456	0.0	0.395	0.0	-0.946	0.0	-0.173	0.0	0.0	0.0	-0.273	0.0	0.852	0.0	-0.057	-0.522	-0.266	-0.388	-0.504	0.412	0.446	0.0	0.144	-0.658	0.0	0.0	-1.036	0.298	0.0	-0.307	0.0	-0.386	-0.715	0.477	0.0	0.0	-0.404	0.43	-1.084	-0.633	0.0	0.004	-0.072	-0.651	-0.056	0.1	-0.037	-0.254	-0.422	-0.243	0.16	0.0	-1.418	0.707	-0.053	-0.686	0.164	-0.305	-1.993	-0.145	-0.313	0.0	-0.72	0.0	0.0	0.0	0.008	0.0	0.0	-0.166	0.249	-0.374	-0.045	-0.444	0.0	-0.006	0.0
adaptation_topic	Afr-354e_33_buffalo-3	0.0	-0.307	0.0	0.0	0.0	0.0	0.0	-0.221	0.237	-0.374	0.709	0.0	0.0	0.0	0.0	0.0	0.0	0.0	0.0	-0.174	-0.57	-0.061	0.0	0.538	-0.313	0.0	-0.222	0.0	0.707	0.0	0.028	0.669	-0.814	0.0	0.004	-0.386	-0.229	-0.151	0.0	-0.574	-0.622	0.05	-0.126	0.369	0.0	-0.045	-1.096	0.0	0.0	0.0	0.0	0.242	-0.551	-0.309	0.0	0.0	-0.062	-0.715	-0.051	0.0	-0.086	-0.392	0.0	0.0	0.0	0.0	0.319	-1.424	0.221	-0.025	-0.471	-0.915	0.215	-0.523	-0.344	-0.214	0.0	-0.153	0.063	-0.564	0.0	-0.419	0.133	0.097	0.0	0.0	0.0	1.156	-0.336	0.0
adaptation_topic	Afr-324e_95_buffalo-2	0.0	0.0	0.0	0.0	0.0	0.0	0.0	0.0	0.0	0.0	0.0	0.0	0.0	0.0	0.0	0.0	0.0	0.0	0.0	0.0	0.0	0.0	0.0	0.0	0.0	0.0	0.0	0.0	0.0	0.0	0.0	0.0	0.0	0.0	0.0	0.0	0.0	0.0	0.0	0.0	0.0	0.0	0.0	0.0	0.0	0.0	0.0	0.0	0.0	0.0	0.0	0.0	0.0	0.0	0.0	0.0	0.0	0.0	0.0	0.0	0.0	0.0	0.0	0.0	0.0	0.0	0.0	0.0	0.0	0.0	0.0	0.0	0.0	0.0	0.0	0.0	0.0	0.0	0.0	0.0	0.0	0.0	0.0	0.0	0.0	0.0	0.0	0.0	0.0	0.0
adaptation_topic	Big-0af3_67_sheep-9	0.257	0.0	1.079	-0.672	0.518	0.197	0.0	-0.032	0.0	-0.643	-0.413	0.0	-0.185	0.0	0.072	0.052	0.0	0.0	0.0	-0.139	-0.23	0.0	0.0	-0.022	-0.268	0.0	0.0	-0.078	0.0	0.084	-0.195	0.0	0.0	-0.002	-0.645	-0.229	-0.043	0.282	0.0	-0.694	-0.48	-0.725	0.0	0.21	1.008	0.0	0.0	0.524	0.0	0.0	-0.007	-1.244	-0.862	0.0	-0.029	0.0	-0.81	0.0	-0.302	-0.359	0.07	-0.168	-0.132	0.0	-0.722	-0.681	0.0	-0.292	0.0	0.137	0.0	-0.347	0.0	-0.395	0.0	0.0	-0.498	0.433	0.0	0.0	0.0	-0.224	0.0	0.0	-0.346	-0.941	0.352	0.0	0.0	0.0
adaptation_topic	Tai-3286_123_sheep-22	0.0	0.0	0.001	0.0	0.214	0.0	0.0	-0.598	-0.124	-0.435	0.759	0.0	0.0	-0.54	0.0	-0.551	0.0	-0.15	-0.056	0.0	0.0	0.0	0.0	-0.299	-0.185	-0.557	0.0	0.0	0.0	0.0	-0.402	-0.356	-0.178	-0.294	0.0	-0.433	0.044	-0.194	0.0	0.0	0.298	0.0	0.0	-0.055	-0.051	0.0	0.006	-0.076	-0.051	-0.07	0.761	-0.387	0.137	-0.271	-1.095	-0.437	-0.144	0.0	-0.41	-0.093	0.192	-0.161	0.0	1.12	0.308	-1.22	-0.061	-0.076	-0.887	0.0	0.059	-1.162	-0.368	-0.249	0.0	-0.018	0.0	0.0	0.02	-0.197	0.104	0.0	-0.945	-0.212	-0.346	0.0	0.0	-0.437	0.673	0.017
adaptation_topic	Tai-3286_123_sheep-13	0.0	0.0	0.0	-0.242	1.313	-0.076	-1.18	-0.78	0.116	-0.247	-0.098	0.112	0.0	-0.285	0.083	-0.811	0.0	-0.1	-0.308	-0.147	0.761	-0.4	-0.408	-1.075	-0.633	-0.421	0.088	-0.493	0.393	-0.144	-0.753	0.869	-0.299	0.033	-0.101	0.0	-0.259	-0.08	-0.973	-0.448	0.432	-0.386	-0.007	-0.434	0.0	-0.138	-0.456	-0.005	-1.108	-0.19	-0.006	0.0	-0.07	-0.862	-0.433	-0.234	-0.749	-0.743	0.0	-0.805	0.755	-0.735	-0.035	-0.77	-0.598	-0.029	0.037	0.0	-0.467	0.536	0.0	0.0	-1.207	-0.282	0.02	-0.798	0.0	-0.055	0.198	-0.418	0.0	0.0	-0.212	-0.286	-0.437	0.0	0.497	-0.629	-0.352	0.129
adaptation_topic	Din-756f_375_bison-27	-0.174	0.469	-0.379	0.0	-1.263	0.0	-0.268	-2.212	-0.98	-0.326	-0.535	-1.036	-0.192	-0.534	-0.145	-0.229	-0.456	-0.092	0.306	0.13	0.0	-0.218	-0.733	-0.857	-0.931	-0.685	0.0	-0.06	0.151	-0.377	0.0	-0.37	-0.291	-0.987	-0.303	0.0	-0.051	-0.555	-0.535	0.0	-0.492	0.0	-0.503	-0.904	-0.549	-0.096	0.005	0.707	0.314	0.077	-0.306	-0.333	-0.054	0.358	0.0	-0.958	0.373	0.0	1.004	0.767	-0.038	-0.375	0.149	0.0	-0.091	-0.453	-0.609	-0.433	-0.714	0.0	0.0	-0.293	0.0	0.0	-0.121	-0.078	0.0	-0.368	-0.7	-0.371	0.0	0.0	0.0	0.0	-0.029	0.0	0.156	0.0	-0.006	-0.205
adaptation_topic	Ame-d5c4_161_bison-2	0.0	0.0	0.0	0.0	0.0	0.0	0.0	0.0	0.0	0.0	0.0	0.0	0.0	0.0	0.0	0.0	0.0	0.0	0.0	0.0	0.0	0.0	0.0	0.0	0.0	0.0	0.0	0.0	0.0	0.0	0.0	0.0	0.0	0.0	0.0	0.0	0.0	0.0	0.0	0.0	0.0	0.0	0.0	0.0	0.0	0.0	0.0	0.0	0.0	0.0	0.0	0.0	0.0	0.0	0.0	0.0	0.0	0.0	0.0	0.0	0.0	0.0	0.0	0.0	0.0	0.0	0.0	0.0	0.0	0.0	0.0	0.0	0.0	0.0	0.0	0.0	0.0	0.0	0.0	0.0	0.0	0.0	0.0	0.0	0.0	0.0	0.0	0.0	0.0	0.0
adaptation_topic	Ame-d5c4_133_bison-2	0.0	0.0	0.0	0.0	0.0	0.0	0.0	0.0	0.0	0.0	0.0	0.0	0.0	0.0	0.0	0.0	0.0	0.0	0.0	0.0	0.0	0.0	0.0	0.0	0.0	0.0	0.0	0.0	0.0	0.0	0.0	0.0	0.0	0.0	0.0	0.0	0.0	0.0	0.0	0.0	0.0	0.0	0.0	0.0	0.0	0.0	0.0	0.0	0.0	0.0	0.0	0.0	0.0	0.0	0.0	0.0	0.0	0.0	0.0	0.0	0.0	0.0	0.0	0.0	0.0	0.0	0.0	0.0	0.0	0.0	0.0	0.0	0.0	0.0	0.0	0.0	0.0	0.0	0.0	0.0	0.0	0.0	0.0	0.0	0.0	0.0	0.0	0.0	0.0	0.0
adaptation_topic	Ame-d5c4_177_bison-2	0.0	0.0	0.0	0.0	0.0	0.0	0.0	0.0	0.0	0.0	0.0	0.0	0.0	0.0	0.0	0.0	0.0	0.0	0.0	0.0	0.0	0.0	0.0	0.0	0.0	0.0	0.0	0.0	0.0	0.0	0.0	0.0	0.0	0.0	0.0	0.0	0.0	0.0	0.0	0.0	0.0	0.0	0.0	0.0	0.0	0.0	0.0	0.0	0.0	0.0	0.0	0.0	0.0	0.0	0.0	0.0	0.0	0.0	0.0	0.0	0.0	0.0	0.0	0.0	0.0	0.0	0.0	0.0	0.0	0.0	0.0	0.0	0.0	0.0	0.0	0.0	0.0	0.0	0.0	0.0	0.0	0.0	0.0	0.0	0.0	0.0	0.0	0.0	0.0	0.0
adaptation_topic	Ame-d5c4_170_bison-2	0.0	0.0	0.0	0.0	0.0	0.0	0.0	0.0	0.0	0.0	0.0	0.0	0.0	0.0	0.0	0.0	0.0	0.0	0.0	0.0	0.0	0.0	0.0	0.0	0.0	0.0	0.0	0.0	0.0	0.0	0.0	0.0	0.0	0.0	0.0	0.0	0.0	0.0	0.0	0.0	0.0	0.0	0.0	0.0	0.0	0.0	0.0	0.0	0.0	0.0	0.0	0.0	0.0	0.0	0.0	0.0	0.0	0.0	0.0	0.0	0.0	0.0	0.0	0.0	0.0	0.0	0.0	0.0	0.0	0.0	0.0	0.0	0.0	0.0	0.0	0.0	0.0	0.0	0.0	0.0	0.0	0.0	0.0	0.0	0.0	0.0	0.0	0.0	0.0	0.0
adaptation_topic	Bla-3ee3_83_Blackbuck-1	0.0	-0.699	0.0	0.0	-0.268	0.0	-0.637	0.0	0.0	0.0	0.0	0.0	0.222	0.0	0.0	0.0	0.0	0.0	0.0	0.0	0.0	-0.039	0.0	0.0	0.0	0.0	0.0	-0.244	0.0	0.0	0.0	-0.259	0.0	-0.202	0.0	0.392	0.0	0.0	0.0	0.0	0.0	0.0	0.0	0.0	-0.328	0.0	0.0	0.0	0.0	0.0	0.0	0.0	0.0	0.0	0.0	0.0	-0.188	0.0	0.0	0.0	0.0	0.0	-0.111	0.0	0.0	0.0	0.0	0.0	0.0	0.0	0.0	0.0	0.0	-0.133	-0.044	0.0	0.0	0.524	0.261	0.0	-1.019	0.0	0.0	-0.109	0.0	0.0	0.555	0.0	0.0	0.0
adaptation_topic	Bla-3ee3_65_Blackbuck-1	0.0	0.0	0.0	0.0	0.08	0.0	-0.706	0.0	0.0	0.0	0.0	0.0	0.0	0.0	0.0	0.0	0.0	0.0	0.0	0.0	0.0	0.0	0.0	0.0	0.0	0.0	0.0	-0.285	0.0	0.0	0.0	0.0	0.0	-0.059	0.0	0.0	0.0	0.0	0.0	0.0	0.0	0.0	0.0	0.0	0.0	0.0	0.0	0.0	0.0	0.0	0.0	0.0	0.0	0.0	0.0	0.0	0.163	0.0	0.0	0.0	0.0	0.0	0.0	0.0	0.0	0.0	0.0	0.0	0.0	0.0	0.0	0.0	0.0	0.0	0.28	0.0	0.0	0.0	0.497	0.0	0.0	0.0	0.0	0.0	0.0	0.0	0.241	0.0	0.0	0.0
adaptation_topic	Bla-3ee3_97_Blackbuck-1	0.0	-0.699	0.0	0.0	-0.268	0.0	-0.637	0.0	0.0	0.0	0.0	0.0	0.222	0.0	0.0	0.0	0.0	0.0	0.0	0.0	0.0	-0.039	0.0	0.0	0.0	0.0	0.0	-0.244	0.0	0.0	0.0	-0.259	0.0	-0.202	0.0	0.392	0.0	0.0	0.0	0.0	0.0	0.0	0.0	0.0	-0.328	0.0	0.0	0.0	0.0	0.0	0.0	0.0	0.0	0.0	0.0	0.0	-0.188	0.0	0.0	0.0	0.0	0.0	-0.111	0.0	0.0	0.0	0.0	0.0	0.0	0.0	0.0	0.0	0.0	-0.133	-0.044	0.0	0.0	0.524	0.261	0.0	-1.019	0.0	0.0	-0.109	0.0	0.0	0.555	0.0	0.0	0.0
adaptation_topic	Bla-3ee3_54_Blackbuck-1	0.0	0.0	0.0	0.0	0.285	0.0	-0.581	0.0	0.0	0.0	0.0	0.0	0.0	0.0	0.0	0.0	0.0	0.0	0.0	0.0	0.0	0.0	0.0	0.0	0.0	0.0	0.0	-0.331	0.0	0.0	0.0	0.0	0.0	0.406	0.0	0.0	0.0	0.0	0.0	0.0	0.0	0.0	0.0	0.0	0.0	0.0	0.0	0.0	0.0	0.0	0.0	0.0	0.0	0.0	0.0	0.0	-0.023	0.0	0.0	0.0	0.0	0.0	0.0	0.0	0.0	0.0	0.0	0.0	0.0	0.0	0.0	0.0	0.0	0.0	0.352	0.0	0.0	0.0	0.208	0.0	0.0	0.0	0.0	0.0	0.0	0.0	0.373	0.0	0.0	0.0
adaptation_topic	Bon-fbc3_95_Bongo-1	0.0	0.0	0.0	0.573	0.121	-0.37	-0.514	0.0	0.0	0.0	0.0	0.242	0.0	0.0	-0.828	-0.158	0.0	0.246	0.0	0.0	0.0	0.0	0.0	0.0	0.0	0.0	0.0	-0.101	0.0	0.0	-0.229	0.0	0.0	0.167	0.0	0.0	0.0	-0.801	0.0	-0.23	0.0	0.0	0.0	0.0	0.0	0.0	0.0	-0.297	0.0	0.0	0.123	0.0	0.0	0.0	0.0	0.0	0.215	0.0	0.0	0.0	0.0	0.0	0.0	0.0	0.0	0.0	0.0	0.0	0.0	-0.147	0.0	0.0	0.0	0.0	0.045	0.0	0.0	0.0	0.432	0.0	0.0	0.0	-0.104	0.0	0.184	0.0	0.454	0.0	0.0	0.0
adaptation_topic	Bon-fbc3_91_Bongos-1	0.032	0.0	0.0	0.0	-0.371	-0.274	-0.41	0.281	0.0	0.091	0.0	0.0	0.0	-0.418	0.0	-0.618	-0.257	0.0	-0.214	-0.195	0.0	-0.266	-0.216	-0.763	-0.606	0.069	-0.736	-0.294	-0.617	-0.642	0.026	0.0	0.0	0.0	-0.9	0.0	-0.323	-0.213	-0.477	-0.634	-0.295	0.0	-0.414	0.0	0.0	0.0	-0.595	0.394	0.0	0.0	0.0	0.0	-0.076	0.0	0.0	-1.13	0.0	-0.951	0.09	0.082	-0.683	0.0	0.0	-0.365	-0.094	0.0	0.0	0.0	0.0	0.483	-0.623	0.197	0.0	-0.339	0.0	0.231	0.0	0.392	0.0	0.0	0.237	0.0	-0.122	-0.324	-0.327	0.0	0.0	0.0	0.0	0.0
adaptation_topic	Bon-fbc3_104_Bongo-1	0.0	0.0	0.0	0.573	0.0	-0.37	0.197	0.0	0.0	0.0	0.0	0.0	0.0	0.0	-0.629	0.0	0.0	0.0	0.0	0.0	0.0	0.0	0.0	0.0	0.0	0.0	0.0	0.0	0.0	0.0	-0.229	0.0	0.0	0.0	0.0	0.0	0.0	0.0	0.0	0.0	0.0	0.0	0.0	0.0	0.0	0.0	0.0	0.0	0.0	0.0	0.123	0.0	0.0	0.0	0.0	0.0	0.0	0.0	0.0	0.0	0.0	0.0	0.0	0.0	0.0	0.0	0.0	0.0	0.0	-0.147	0.0	0.0	0.0	0.0	0.0	0.0	0.0	0.0	0.0	0.0	0.0	0.0	-0.104	0.0	0.0	0.0	0.0	0.0	0.0	0.0
adaptation_topic	Bon-fbc3_86_Bongo-1	0.0	0.0	0.0	0.573	0.0	-0.37	0.197	0.0	0.0	0.0	0.0	0.0	0.0	0.0	-0.629	0.0	0.0	0.0	0.0	0.0	0.0	0.0	0.0	0.0	0.0	0.0	0.0	0.0	0.0	0.0	-0.229	0.0	0.0	0.0	0.0	0.0	0.0	0.0	0.0	0.0	0.0	0.0	0.0	0.0	0.0	0.0	0.0	0.0	0.0	0.0	0.123	0.0	0.0	0.0	0.0	0.0	0.0	0.0	0.0	0.0	0.0	0.0	0.0	0.0	0.0	0.0	0.0	0.0	0.0	-0.147	0.0	0.0	0.0	0.0	0.0	0.0	0.0	0.0	0.0	0.0	0.0	0.0	-0.104	0.0	0.0	0.0	0.0	0.0	0.0	0.0
adaptation_topic	Bon-fbc3_85_Bongo-1	0.0	0.0	0.0	0.573	0.121	-0.37	-0.514	0.0	0.0	0.0	0.0	0.0	0.0	0.0	-0.629	0.0	0.0	0.0	0.0	0.0	0.0	0.0	0.0	0.0	0.0	0.0	0.0	-0.101	0.0	0.0	-0.229	0.0	0.0	0.167	0.0	0.0	0.0	0.0	0.0	0.0	0.0	0.0	0.0	0.0	0.0	0.0	0.0	0.0	0.0	0.0	0.123	0.0	0.0	0.0	0.0	0.0	0.215	0.0	0.0	0.0	0.0	0.0	0.0	0.0	0.0	0.0	0.0	0.0	0.0	-0.147	0.0	0.0	0.0	0.0	0.045	0.0	0.0	0.0	0.432	0.0	0.0	0.0	-0.104	0.0	0.0	0.0	0.454	0.0	0.0	0.0
adaptation_topic	Bon-fbc3_121_Bongo-1	0.0	0.0	0.0	0.573	0.0	-0.37	0.197	0.0	0.0	0.0	0.0	0.0	0.0	0.0	-0.629	0.0	0.0	0.0	0.0	0.0	0.0	0.0	0.0	0.0	0.0	0.0	0.0	0.0	0.0	0.0	-0.229	0.0	0.0	0.0	0.0	0.0	0.0	0.0	0.0	0.0	0.0	0.0	0.0	0.0	0.0	0.0	0.0	0.0	0.0	0.0	0.123	0.0	0.0	0.0	0.0	0.0	0.0	0.0	0.0	0.0	0.0	0.0	0.0	0.0	0.0	0.0	0.0	0.0	0.0	-0.147	0.0	0.0	0.0	0.0	0.0	0.0	0.0	0.0	0.0	0.0	0.0	0.0	-0.104	0.0	0.0	0.0	0.0	0.0	0.0	0.0
adaptation_topic	Bon-fbc3_61_Bongo-1	0.0	-0.742	0.0	0.573	0.373	-0.37	-0.389	0.0	0.0	0.0	0.0	0.195	0.09	0.0	-0.629	0.0	0.0	0.0	0.0	0.0	0.0	0.163	0.0	0.0	0.0	0.0	0.0	-0.128	0.0	0.0	-0.229	0.057	0.0	-0.173	-0.741	0.392	0.0	0.007	0.0	0.0	-0.304	0.0	0.0	0.0	-0.587	-0.034	0.0	0.0	0.0	0.0	0.123	0.0	0.0	0.0	0.0	0.0	0.563	0.0	0.0	0.0	0.0	0.0	-0.029	0.0	0.0	0.0	0.0	0.0	0.0	-0.147	0.0	0.0	0.0	-0.133	0.565	0.0	0.0	0.391	-0.231	0.0	-0.635	0.0	-0.104	-0.109	0.0	0.0	0.557	0.0	0.0	0.0
adaptation_topic	Bon-fbc3_1_Bongo-1	0.0	0.0	0.0	0.573	0.0	-0.37	0.197	0.0	0.0	0.0	0.0	0.0	0.0	0.0	-0.629	0.0	0.0	0.0	0.0	0.0	0.0	0.0	0.0	0.0	0.0	0.0	0.0	0.0	0.0	0.0	-0.229	0.0	0.0	0.0	0.0	0.0	0.0	0.0	0.0	0.0	0.0	0.0	0.0	0.0	0.0	0.0	0.0	0.0	0.0	0.0	0.123	0.0	0.0	0.0	0.0	0.0	0.0	0.0	0.0	0.0	0.0	0.0	0.0	0.0	0.0	0.0	0.0	0.0	0.0	-0.147	0.0	0.0	0.0	0.0	0.0	0.0	0.0	0.0	0.0	0.0	0.0	0.0	-0.104	0.0	0.0	0.0	0.0	0.0	0.0	0.0
adaptation_topic	Bon-fbc3_11_Bongo-30	-0.45	0.0	-0.607	0.0	0.392	0.151	-0.006	-0.023	-0.393	0.495	-0.061	0.0	0.0	0.0	0.0	-0.051	0.0	0.0	0.089	0.43	0.0	-0.019	-0.489	0.452	0.0	-0.174	0.359	0.208	-0.852	-0.195	-0.498	0.237	-0.469	-0.786	-0.133	0.058	0.0	0.0	0.581	0.0	-0.973	0.0	0.0	-0.368	-0.098	0.665	0.0	-0.86	0.0	0.261	0.0	-0.511	0.239	0.0	0.237	0.0	0.032	0.0	0.071	-0.376	0.0	0.0	0.0	-0.643	-0.139	0.0	0.0	0.115	0.0	1.099	0.0	0.953	0.0	0.0	0.0	0.0	0.317	0.0	-0.389	-0.46	0.001	0.0	-0.392	0.0	0.0	-0.431	0.0	0.0	0.0	0.0
adaptation_topic	Bon-fbc3_13_Bongo-1	0.0	0.0	0.0	0.573	0.0	-0.37	0.197	0.0	0.0	0.0	0.0	0.0	0.0	0.0	-0.629	0.0	0.0	0.0	0.0	0.0	0.0	0.0	0.0	0.0	0.0	0.0	0.0	0.0	0.0	0.0	-0.229	0.0	0.0	0.0	0.0	0.0	0.0	0.0	0.0	0.0	0.0	0.0	0.0	0.0	0.0	0.0	0.0	0.0	0.0	0.0	0.123	0.0	0.0	0.0	0.0	0.0	0.0	0.0	0.0	0.0	0.0	0.0	0.0	0.0	0.0	0.0	0.0	0.0	0.0	-0.147	0.0	0.0	0.0	0.0	0.0	0.0	0.0	0.0	0.0	0.0	0.0	0.0	-0.104	0.0	0.0	0.0	0.0	0.0	0.0	0.0
adaptation_topic	Bon-fbc3_53_Bongo-1	-0.032	0.0	0.0	0.0	0.0	0.0	0.238	0.0	0.0	0.0	0.06	0.0	0.0	0.0	0.0	0.0	0.0	0.025	0.0	0.0	0.0	-0.271	-0.345	0.0	0.05	0.274	0.0	0.0	0.0	0.347	0.0	-0.36	0.0	-0.621	0.0	0.0	-0.47	0.0	0.369	0.0	0.286	0.0	0.0	0.0	0.0	-0.393	0.0	0.0	0.0	0.0	0.0	0.0	0.0	0.0	-0.635	0.0	0.421	0.0	0.0	0.0	-0.133	-0.344	0.0	0.0	0.0	-0.652	0.0	0.0	0.0	0.0	0.0	-0.901	0.0	0.0	-0.173	0.0	0.0	0.0	-0.437	0.0	-0.288	0.0	0.0	0.0	0.0	-0.889	0.0	0.0	0.0	0.0
adaptation_topic	Bon-fbc3_50_Bongo-1	0.0	0.0	0.0	0.573	0.0	-0.37	0.197	0.0	0.0	0.0	0.0	0.0	0.0	0.0	-0.629	0.0	0.0	0.0	0.0	0.0	0.0	0.0	0.0	0.0	0.0	0.0	0.0	0.0	0.0	0.0	-0.229	0.0	0.0	0.0	0.0	0.0	0.0	0.0	0.0	0.0	0.0	0.0	0.0	0.0	0.0	0.0	0.0	0.0	0.0	0.0	0.123	0.0	0.0	0.0	0.0	0.0	0.0	0.0	0.0	0.0	0.0	0.0	0.0	0.0	0.0	0.0	0.0	0.0	0.0	-0.147	0.0	0.0	0.0	0.0	0.0	0.0	0.0	0.0	0.0	0.0	0.0	0.0	-0.104	0.0	0.0	0.0	0.0	0.0	0.0	0.0
adaptation_topic	Bon-fbc3_27_Bongo-1	0.0	0.0	0.0	0.573	0.0	-0.37	0.197	0.0	0.0	0.0	0.0	0.0	0.0	0.0	-0.629	0.0	0.0	0.0	0.0	0.0	0.0	0.0	0.0	0.0	0.0	0.0	0.0	0.0	0.0	0.0	-0.229	0.0	0.0	0.0	0.0	0.0	0.0	0.0	0.0	0.0	0.0	0.0	0.0	0.0	0.0	0.0	0.0	0.0	0.0	0.0	0.123	0.0	0.0	0.0	0.0	0.0	0.0	0.0	0.0	0.0	0.0	0.0	0.0	0.0	0.0	0.0	0.0	0.0	0.0	-0.147	0.0	0.0	0.0	0.0	0.0	0.0	0.0	0.0	0.0	0.0	0.0	0.0	-0.104	0.0	0.0	0.0	0.0	0.0	0.0	0.0
adaptation_topic	Bon-fbc3_37_Bongo-1	0.0	0.0	0.0	0.573	0.0	-0.37	0.197	0.0	0.0	0.0	0.0	0.0	0.0	0.0	-0.629	0.0	0.0	0.0	0.0	0.0	0.0	0.0	0.0	0.0	0.0	0.0	0.0	0.0	0.0	0.0	-0.229	0.0	0.0	0.0	0.0	0.0	0.0	0.0	0.0	0.0	0.0	0.0	0.0	0.0	0.0	0.0	0.0	0.0	0.0	0.0	0.123	0.0	0.0	0.0	0.0	0.0	0.0	0.0	0.0	0.0	0.0	0.0	0.0	0.0	0.0	0.0	0.0	0.0	0.0	-0.147	0.0	0.0	0.0	0.0	0.0	0.0	0.0	0.0	0.0	0.0	0.0	0.0	-0.104	0.0	0.0	0.0	0.0	0.0	0.0	0.0
adaptation_topic	Afr-324e_155_Buffalo-8	0.0	0.0	0.869	-0.302	0.117	0.0	0.0	-0.418	0.0	-0.285	0.0	0.0	0.0	-0.599	0.0	0.102	0.0	0.115	0.0	0.0	0.0	0.0	-0.133	-0.305	0.0	0.914	0.0	0.364	0.0	-0.397	0.0	0.0	0.0	0.056	0.0	0.0	0.174	0.0	0.0	0.0	0.309	0.0	0.0	-0.061	0.0	0.0	0.0	0.0	0.016	-0.07	0.0	0.121	-0.05	0.0	0.141	-0.223	-0.134	-0.667	0.0	0.0	0.432	0.0	0.0	-0.237	-0.259	-0.305	0.0	0.0	-0.975	0.0	0.0	-0.315	0.107	-0.292	0.0	-0.018	-0.643	0.0	0.0	0.0	0.0	0.0	0.215	-0.491	-0.504	0.0	0.0	0.0	-0.006	0.0
adaptation_topic	Afr-354e_34_buffalo-2	0.0	0.0	0.0	0.0	0.196	0.0	-0.39	-1.125	0.0	-0.429	-0.204	0.0	0.04	0.0	-0.471	0.124	0.06	-0.365	0.109	0.177	0.0	0.0	-0.711	0.0	0.0	-0.264	0.0	-0.415	-0.251	0.0	0.0	0.0	0.0	0.123	0.0	0.0	-0.68	-0.218	0.0	0.398	0.0	0.0	-0.308	0.189	0.218	0.414	-0.622	0.0	0.0	-0.305	-0.283	-0.305	0.0	0.0	0.0	-0.126	0.029	-0.494	-0.278	-0.317	-0.577	0.0	0.164	-0.653	-0.562	0.0	0.0	-0.609	0.323	0.032	0.0	-0.883	-0.516	0.0	0.0	0.707	0.0	-0.229	-0.293	-0.506	0.0	0.003	0.0	-0.192	0.0	-0.644	0.38	0.38	-0.666	0.0
adaptation_topic	Afr-354e_34_buffalo-15	-0.335	0.441	-0.578	-0.939	-0.14	-0.299	0.0	0.744	0.0	0.094	-0.178	0.0	0.0	-0.281	0.126	0.0	-0.029	-0.196	0.0	0.067	0.0	-0.278	-0.356	0.0	0.439	0.375	-0.342	-0.392	0.0	0.124	-2.45	-0.038	-0.306	-0.65	0.0	0.0	-0.262	0.0	0.164	0.0	-0.256	0.0	0.0	-0.165	0.228	-0.388	0.0	-0.184	0.0	0.0	0.12	0.0	-0.797	-1.021	-0.809	0.0	0.032	0.0	-0.298	-0.722	0.0	-0.39	0.0	0.0	-0.677	0.0	-0.526	0.193	-0.615	-0.593	0.0	-0.579	0.0	0.129	0.04	0.0	0.0	0.0	-0.351	0.258	-0.506	0.0	-0.592	0.0	0.0	-0.444	0.047	0.0	0.199	0.0
adaptation_topic	Spo-c072_240_buffalo-2	0.006	0.0	0.346	-0.67	-0.081	-0.521	0.0	0.0	0.0	-0.509	-0.335	0.0	-0.098	0.41	0.466	0.006	0.0	-1.444	0.0	-0.186	0.284	0.0	-0.639	0.0	-0.556	0.0	0.0	-0.3	0.0	0.0	0.0	0.236	-0.184	0.045	-0.806	0.132	0.0	-0.564	-0.059	-0.341	0.091	0.233	0.0	-0.6	0.515	0.0	0.673	0.544	-0.694	0.449	0.0	-0.692	-1.1	-0.249	-0.196	-0.401	-0.83	-0.336	-1.175	-0.48	0.248	0.22	-0.624	0.224	0.165	-0.463	0.0	-0.113	-0.396	-0.077	0.0	-0.347	-0.364	-0.212	0.0	0.0	-0.652	0.349	0.0	0.0	0.0	-0.597	0.0	0.0	0.0	-0.187	0.352	0.071	0.0	0.0
adaptation_topic	Spo-c072_241_buffalo-10	0.423	0.0	-0.48	-0.106	0.0	-0.315	0.0	0.0	0.184	0.0	0.0	0.0	-0.173	-0.027	0.0	-1.429	0.0	1.322	0.607	-0.912	-0.637	0.0	0.0	-0.238	0.351	-0.34	0.0	0.442	0.0	0.0	-0.185	0.617	-0.141	-0.303	0.0	0.0	0.0	-0.199	-0.282	0.039	-0.417	0.02	-0.678	0.0	-0.805	-0.042	-0.359	-0.353	-0.223	-0.388	0.0	1.722	0.0	-0.174	-0.113	0.0	0.0	0.085	0.0	-1.172	-0.564	-0.364	0.31	0.0	0.027	-0.352	0.137	-0.15	0.0	-0.412	-0.888	0.0	0.219	-0.362	-0.352	0.0	0.0	0.0	-0.992	-0.73	0.627	0.314	0.0	0.537	0.033	-0.579	-0.405	0.0	-0.007	0.0
adaptation_topic	Sno-d342_91_falconeri-32	0.755	-0.36	-0.478	0.0	-0.78	0.0	-0.501	0.0	-1.151	0.352	-0.829	-0.735	0.0	0.0	-0.045	-0.76	0.0	3.684	0.0	-2.444	0.0	-0.113	0.0	0.0	0.0	-0.096	0.024	-1.191	-0.343	-0.046	-0.199	0.0	0.392	-1.315	0.031	0.159	-0.134	0.0	-0.78	0.0	0.255	0.187	-1.051	0.283	0.183	-0.404	0.58	-0.006	0.0	0.263	0.0	0.383	0.0	-0.605	-0.878	-0.363	0.0	0.0	0.052	-0.721	-0.647	0.207	-0.29	-0.852	0.714	-1.012	-0.341	-0.332	-0.948	-1.213	-0.634	0.25	-0.47	0.042	-0.154	0.0	0.0	0.0	-0.697	-1.053	0.0	-0.08	-1.505	0.778	-0.131	0.0	0.0	0.423	-0.377	0.624
adaptation_topic	Ovi-a47a_29_sheep-3	-0.008	-0.043	0.0	0.0	0.909	0.134	-0.147	-0.358	0.2	-0.596	-0.815	0.0	-0.671	-0.534	0.225	0.052	0.0	-0.128	0.0	-0.046	0.0	0.0	0.0	-0.529	-0.446	-0.146	0.0	0.065	0.0	-1.193	-0.097	0.0	0.0	-0.906	0.0	0.0	-0.139	-0.198	0.372	-0.897	-0.181	-0.261	0.0	0.084	0.0	0.0	0.0	0.346	0.0	-0.019	0.0	0.0	-0.05	0.0	0.041	0.0	-0.301	0.0	0.0	-0.788	0.0	-0.658	-0.672	-0.479	0.0	-0.227	0.0	0.083	-0.38	0.079	0.139	0.158	0.0	-0.169	0.0	0.0	0.0	0.0	0.0	0.0	0.0	-0.425	0.0	-0.042	-0.1	0.0	0.352	0.0	-0.527	0.0
adaptation_topic	Spe-2571_84_cattle-24	0.75	-0.65	-0.343	0.173	-0.655	0.0	-0.442	0.0	-0.444	-0.557	0.0	0.0	0.0	-0.105	0.0	-0.766	0.0	0.818	0.0	-1.176	-0.439	-0.129	-0.201	-0.511	-0.136	-0.573	0.39	-0.079	0.0	0.448	-0.471	-0.946	0.392	-1.736	0.0	0.165	0.797	-0.393	-0.648	0.46	-0.178	-0.062	0.0	-0.22	-0.244	-0.179	-0.293	0.0	-0.334	0.682	-0.653	-0.193	-0.321	-0.335	0.274	-0.53	-1.037	-1.043	0.0	0.0	-0.746	0.009	-0.265	-0.753	-0.952	0.0	-0.247	0.0	-0.609	-0.643	0.0	0.065	-0.077	-0.819	0.715	0.0	-0.401	0.0	-1.709	-0.544	0.0	0.157	0.323	-0.624	0.028	-0.133	-0.225	0.0	-0.445	-0.268
adaptation_topic	Aur-c4ea_57_cattle-26	0.526	-0.394	0.0	-0.236	-0.457	0.0	-0.504	-0.228	-0.366	0.075	0.0	0.0	0.0	0.0	0.0	-0.31	-0.072	0.288	0.0	-0.254	-0.564	0.0	0.103	-0.909	0.0	-0.109	0.0	0.0	0.0	0.392	-1.141	-0.442	0.296	-0.004	-0.574	0.0	0.0	-0.228	-0.887	0.0	-0.303	0.0	-0.443	-0.414	0.0	-0.352	-0.551	-0.072	0.0	0.58	-0.076	0.0	0.155	0.199	-0.029	-0.061	-0.643	-0.183	0.0	0.0	0.5	0.0	-0.492	-0.302	-0.294	-1.2	-0.473	0.18	0.0	-0.601	0.0	-0.228	-0.293	0.091	-0.341	0.0	0.0	0.0	-1.233	0.131	0.0	0.544	-0.094	0.571	0.0	-0.133	-0.491	0.0	0.0	0.0
adaptation_topic	Afr-324e_147_cattle-10	0.0	-0.564	0.393	0.0	-0.625	0.0	0.0	0.0	-0.351	-0.427	0.518	0.0	0.0	0.304	0.0	0.0	0.938	0.0	-0.139	0.0	0.0	0.0	0.0	0.051	0.0	-0.514	-0.443	0.0	0.0	0.0	0.0	-0.309	-0.657	0.206	-0.594	1.159	0.014	0.0	0.0	-0.186	0.0	0.0	0.0	0.424	-0.051	0.0	-0.713	0.0	0.0	-0.07	0.0	-0.377	0.144	0.0	-0.551	-0.337	0.081	0.0	-0.41	0.0	-0.109	0.166	0.0	0.632	0.308	-0.697	-0.061	-0.775	-0.698	-0.274	-0.158	-1.316	0.139	0.0	0.049	-0.018	0.0	0.0	-0.853	-0.123	0.0	0.0	-0.24	0.0	0.0	0.0	0.0	0.786	0.0	0.0
adaptation_topic	Afr-324e_99_cattle-13	0.0	0.0	0.643	-0.086	-0.459	0.0	0.58	-0.688	0.0	0.058	0.0	0.0	0.0	0.0	-0.336	0.0	-0.21	0.0	-0.036	0.0	0.0	0.0	0.0	0.0	0.0	0.0	-0.632	-0.596	0.0	0.0	0.0	-0.603	0.0	0.0	0.0	0.0	0.0	-0.106	-0.059	-0.445	0.0	-0.187	0.0	0.0	-0.646	0.0	0.0	0.0	0.0	-0.013	-0.363	-0.347	0.0	0.0	0.0	-0.352	0.188	0.377	0.0	0.0	0.0	0.0	0.518	0.0	0.0	-0.339	0.0	-0.152	-0.138	0.0	0.0	-0.364	0.0	0.0	0.0	0.366	-0.091	0.0	0.0	0.0	0.291	0.0	0.0	0.0	0.0	-0.18	0.0	0.0	0.0	-0.157
adaptation_topic	Aur-c4ea_117_cattle-44	0.0	-0.052	0.433	0.0	-0.255	-0.973	-0.497	0.0	-0.386	-1.033	0.0	0.0	-1.151	0.06	-0.408	0.0	-0.158	0.36	0.11	0.0	0.0	-0.48	-0.621	-0.341	-0.727	0.296	-0.545	-0.507	0.484	-0.192	0.0	-0.878	-0.006	-0.136	0.091	0.083	0.0	-0.529	-0.491	0.0	0.05	-0.346	0.365	-0.508	-0.635	0.0	0.0	0.0	0.0	-0.083	-0.924	0.011	0.0	0.0	0.0	-1.043	0.051	0.0	-0.188	0.0	0.0	0.0	-0.267	-0.395	0.0	-0.443	0.0	-0.545	0.143	0.0	-0.168	-0.421	-1.042	0.0	0.291	-0.254	0.0	0.491	0.194	0.0	0.0	0.0	0.0	0.0	0.673	0.039	0.161	-0.551	0.0	-0.112
adaptation_topic	Afr-324e_56_cattle-15	-0.798	0.0	0.378	-0.086	-0.152	0.0	0.507	-0.818	-0.053	-0.905	0.0	-1.541	-0.083	0.0	0.18	0.0	-0.751	0.0	-0.338	-0.275	0.0	0.258	0.0	0.27	0.149	0.0	-0.5	-0.331	0.0	0.377	0.0	-0.289	-0.102	0.0	-0.039	0.053	0.0	-0.595	0.287	-0.847	0.0	0.18	-0.602	0.0	-2.175	0.0	-0.24	0.0	-0.868	-0.247	0.185	-0.543	0.0	0.0	0.0	-0.035	0.145	-0.414	0.0	-0.151	0.231	-0.5	0.038	0.0	0.0	-0.58	0.334	-2.023	-0.869	-0.098	0.064	-0.833	0.0	-0.042	0.0	0.086	-0.091	0.0	-0.236	0.0	0.291	0.202	0.0	-0.07	-0.3	0.0	-0.029	0.314	0.0	0.067
adaptation_topic	Bov-d455_24_cattle-18	0.0	-0.106	0.433	-0.204	0.022	0.242	0.0	0.0	0.4	-0.581	0.206	-0.694	0.0	0.0	-0.591	0.0	0.0	0.0	0.0	0.0	0.0	0.199	0.0	0.0	0.0	0.0	-0.889	0.163	-0.029	-0.237	-0.7	0.0	0.0	-0.231	0.0	0.0	0.0	0.268	0.0	0.102	0.0	0.0	-0.178	0.0	-0.564	0.0	0.0	0.0	-0.248	-0.134	-0.176	0.0	-0.268	0.0	0.0	-0.366	-0.336	-0.189	-0.427	-0.48	0.0	-0.031	0.286	0.68	0.0	-0.443	0.139	-0.467	-0.044	0.0	0.0	-0.537	0.0	0.0	0.0	-0.948	0.0	0.0	0.0	-0.473	0.0	0.0	-0.006	-0.198	0.0	-0.511	0.0	0.0	0.0	0.388
adaptation_topic	Bha-2df5_25_sheep-3	-0.337	0.0	0.0	0.0	0.0	0.0	0.0	0.0	0.0	0.343	0.683	0.0	0.754	0.0	-0.442	0.0	0.0	-0.851	0.292	0.356	0.074	0.0	0.0	0.187	-0.056	0.0	-0.654	0.16	0.0	0.0	-1.011	-1.495	0.234	0.0	0.0	0.0	-0.354	0.0	-0.51	-0.316	-0.161	0.0	0.0	-0.593	0.0	0.759	-0.726	0.0	0.0	0.0	1.539	-0.239	-0.341	0.02	-0.404	0.0	-0.205	0.0	0.031	0.124	-0.223	0.0	-0.831	0.0	0.0	-0.383	0.0	-0.076	1.076	-0.055	0.0	0.0	0.0	0.103	0.0	0.0	-0.39	0.0	0.0	0.0	0.0	0.0	0.0	-0.596	0.0	0.0	0.0	0.0	0.0	0.0
adaptation_topic	Bha-2df5_25_sheep-10	-0.825	-0.055	-0.159	0.0	-0.138	0.251	0.0	1.16	-0.515	0.052	0.546	0.532	0.0	-0.39	-0.403	-0.847	-0.505	-0.51	0.25	-0.109	0.0	0.0	0.0	-0.735	-0.056	-0.625	0.399	1.064	0.0	0.057	-0.813	-0.878	-0.064	0.0	-0.024	0.436	-1.011	0.694	-0.211	0.0	0.061	0.0	0.0	0.0	0.494	0.759	-0.668	0.0	-0.358	-0.783	1.39	-0.341	-0.297	0.02	-0.571	-0.16	0.0	-0.327	0.074	0.501	-0.746	-0.095	-0.828	-0.127	-0.354	-0.442	0.0	0.289	0.453	-0.055	-0.419	-0.228	-0.301	0.954	-0.377	0.086	0.108	-0.62	0.0	-0.154	0.015	0.0	-0.926	-0.588	0.0	-0.026	0.0	-0.002	0.0	-0.243
adaptation_topic	Bha-2df5_25_sheep-19	0.0	-0.409	0.309	0.0	-0.377	0.0	-0.186	0.896	0.0	0.0	0.0	0.0	0.0	-0.264	0.081	-0.603	-0.768	-0.448	0.831	0.0	-0.283	0.0	-0.445	0.0	0.0	-0.703	-0.564	-0.542	0.0	0.0	-1.262	0.0	0.135	-0.515	-0.161	0.0	-0.831	0.572	-0.976	-0.628	0.0	0.0	0.0	0.0	0.112	-0.105	-0.878	-0.191	0.08	-0.458	0.325	-0.297	0.0	0.0	-0.295	-0.21	1.25	0.0	0.494	0.313	0.0	-0.117	-1.002	0.0	0.0	0.0	0.0	0.836	0.0	0.365	0.0	0.0	-0.066	0.554	0.223	0.254	-0.056	-0.62	-0.109	-0.622	-0.768	0.0	0.0	-0.098	0.345	0.501	0.9	0.0	0.0	-0.323
adaptation_topic	Bha-2df5_29_sheep-4	0.059	0.202	0.858	-0.141	-1.233	-0.312	-0.203	-1.167	-0.142	0.139	0.203	0.0	0.736	-0.534	0.0	-0.604	-0.753	-1.899	-0.223	0.11	0.0	-0.482	-0.675	-0.175	0.157	-1.279	-0.499	0.019	0.0	0.963	-0.981	0.207	0.262	-1.182	-0.108	-0.808	-0.36	0.0	-0.301	1.02	0.298	0.0	-1.492	-0.547	-0.078	-0.064	-1.092	1.012	-1.041	-0.775	0.843	-1.603	-0.888	-0.277	-0.198	0.427	-0.667	0.0	-1.035	0.908	-1.443	-0.375	-0.149	0.0	0.534	0.0	-1.091	-0.882	-1.137	0.0	-1.223	-0.28	0.13	-0.808	0.649	-0.417	0.112	0.0	0.196	0.0	-0.396	0.0	0.0	-1.621	-0.029	-1.133	-0.88	-1.003	-0.946	0.02
adaptation_topic	Bha-2df5_28_sheep-3	0.0	0.0	0.0	0.0	0.0	0.0	0.0	0.0	0.0	0.0	0.0	0.0	0.0	0.0	0.0	0.0	0.0	-0.611	0.0	0.0	0.0	0.0	0.0	0.0	0.0	0.0	0.0	0.0	0.0	0.0	-0.974	0.0	0.058	0.0	0.0	0.0	0.0	0.0	0.0	0.0	0.0	0.0	0.0	0.0	0.0	0.0	-0.767	0.0	0.0	0.0	0.843	-0.533	0.0	0.0	0.0	0.0	0.0	0.0	0.0	0.736	0.0	0.0	0.0	0.0	0.0	0.0	0.0	0.0	0.0	0.0	0.0	0.0	0.0	0.0	0.0	0.0	0.0	0.0	0.0	0.0	0.0	0.0	0.0	-0.435	0.0	0.0	0.0	0.0	0.0	0.0
adaptation_topic	Art-6267_151_antelopes-3	0.0	0.0	0.0	0.0	0.0	-0.827	0.0	0.385	0.0	-0.174	-0.228	0.0	0.0	0.0	-0.452	0.0	-0.533	-0.271	0.0	-0.508	-0.183	0.0	0.005	0.0	0.0	0.103	0.0	0.057	-0.417	0.0	-0.345	0.0	-0.288	-0.024	0.0	0.0	0.0	0.1	0.0	0.401	0.0	0.0	0.0	0.0	0.0	0.0	-0.643	0.0	-0.036	0.0	0.421	-0.923	0.0	-0.262	0.0	-0.176	-0.358	0.0	0.0	-0.418	-0.507	0.0	-0.621	-0.094	-0.473	-0.008	0.0	0.0	0.0	0.365	0.0	-0.344	0.0	0.0	0.0	0.397	0.322	-0.162	0.0	-0.223	0.0	-0.092	-0.414	0.084	0.0	-0.305	-0.223	-0.902	0.348	0.0
adaptation_topic	Wil-28c2_51_buffalo-3	0.0	-0.742	0.0	0.0	0.121	0.0	-0.711	0.0	0.0	0.0	0.0	0.0	0.09	0.0	0.0	0.0	0.0	-0.078	0.0	0.0	0.0	0.163	0.0	0.0	0.0	0.0	0.0	-0.101	0.0	0.0	-0.504	-0.259	-0.005	-0.325	0.0	0.392	0.0	0.0	0.0	0.0	0.0	0.0	0.0	0.0	-0.587	0.0	0.126	0.0	0.0	0.0	0.768	-0.346	0.0	0.0	0.0	0.0	0.612	0.0	0.0	0.068	0.0	0.0	-0.029	0.0	0.0	0.0	0.0	0.0	0.0	0.0	0.0	0.0	0.0	-0.133	0.045	0.0	0.0	0.391	0.432	0.0	-0.635	0.0	0.0	-0.208	0.0	0.0	0.454	0.0	0.0	0.0
adaptation_topic	Wil-28c2_49_buffaloes-9	0.0	0.0	0.0	-0.506	-0.254	0.002	0.0	-0.216	0.0	-0.41	0.0	0.018	0.0	-0.777	-0.046	-0.198	-0.381	-0.36	0.0	0.0	0.0	0.0	-0.148	0.423	0.591	0.0	0.0	0.0	0.0	0.0	-1.258	0.0	0.239	-0.655	0.0	-0.498	0.0	-0.324	-0.287	0.359	0.254	-0.548	0.0	0.0	0.151	-0.516	0.157	-0.347	-0.4	0.0	0.731	-1.289	-0.141	0.0	0.0	0.0	-0.716	-0.144	0.0	-0.463	0.0	0.0	0.0	-0.48	-0.599	0.0	0.0	0.0	-0.858	0.0	0.0	-0.457	-0.456	0.0	0.0	0.0	0.0	0.116	-0.566	0.0	0.0	0.0	0.0	-0.372	0.0	0.0	0.0	0.45	0.13	0.0
adaptation_topic	Wil-28c2_40_buffaloes-17	0.0	0.0	0.12	0.0	-0.625	0.0	-0.185	0.0	-0.627	-0.423	0.0	0.0	0.0	-0.459	0.0	0.0	0.0	-0.387	0.0	0.0	0.0	-0.159	0.0	-0.205	0.0	0.0	0.0	-0.436	0.0	0.0	-0.504	-0.653	-0.419	0.443	0.0	0.283	0.348	0.0	0.0	0.524	-0.4	0.0	0.0	0.0	-0.094	0.0	0.126	0.0	0.0	-0.07	0.768	-0.399	0.0	0.0	-0.621	-0.613	0.0	0.0	-0.473	0.068	-0.089	0.0	0.184	0.056	0.338	-0.534	0.13	0.0	-0.434	-0.119	-0.308	-0.542	0.04	0.0	-0.364	-0.018	0.0	0.0	0.911	-0.178	0.0	0.0	-0.39	-0.099	0.0	0.0	0.0	0.0	-0.042	0.0
adaptation_topic	Dom3f20_30_Markhor-1	0.0	0.0	-0.006	0.0	0.0	0.0	0.0	0.0	0.0	-0.239	0.0	0.0	0.0	0.0	0.0	0.538	0.0	0.0	0.0	0.0	0.0	-0.321	-0.183	0.0	0.0	0.0	0.0	0.0	0.0	-0.426	0.0	0.036	0.0	0.0	0.0	0.0	0.0	0.0	0.0	0.0	0.02	0.0	0.0	0.0	0.0	0.0	0.0	0.0	0.022	0.0	0.0	0.0	0.0	0.0	-0.524	0.0	0.575	0.0	0.0	0.0	0.0	0.0	0.0	0.0	0.0	0.0	0.0	0.0	0.0	0.0	0.0	-0.02	0.0	-0.05	0.0	0.0	0.0	0.0	0.0	0.0	-0.761	0.0	0.0	0.0	0.0	0.0	0.0	0.0	0.0	0.0
adaptation_topic	Sai-afdf_54_gazelles-6	0.351	0.0	0.089	0.0	-0.74	-0.37	0.051	-1.161	-0.197	-0.218	0.0	0.0	0.0	-0.452	0.0	0.649	0.0	0.0	0.0	0.0	-0.348	0.0	0.0	0.0	-0.219	0.0	0.0	0.0	0.0	0.0	0.0	-0.697	0.0	0.297	-0.376	0.0	-0.162	0.0	0.0	0.0	0.298	0.0	-0.126	-0.312	0.0	0.0	-0.275	-0.163	0.0	-0.045	0.0	-0.715	-0.527	0.0	0.0	-0.127	0.0	-0.408	0.0	0.0	-0.075	0.0	0.0	-0.011	0.0	-0.453	0.134	0.0	-1.239	0.0	0.0	-0.293	0.0	0.0	0.0	-0.155	0.0	0.0	0.0	0.0	0.0	0.0	0.175	0.0	0.0	0.345	0.0	0.0	-0.006	0.0
adaptation_topic	Ani6f2b_13_gazelles-2	0.0	0.0	0.0	0.0	0.0	0.0	0.0	0.0	0.0	0.0	0.0	0.0	0.0	0.0	0.0	0.0	0.0	0.0	0.0	0.0	0.0	0.0	0.0	0.0	0.0	0.0	0.0	0.0	0.0	0.0	0.0	0.0	0.0	0.0	0.0	0.0	0.0	0.0	0.0	0.0	0.0	0.0	0.0	0.0	0.0	0.0	0.0	0.0	0.0	0.0	0.0	0.0	0.0	0.0	0.0	0.0	0.0	0.0	0.0	0.0	0.0	0.0	0.0	0.0	0.0	0.0	0.0	0.0	0.0	0.0	0.0	0.0	0.0	0.0	0.0	0.0	0.0	0.0	0.0	0.0	0.0	0.0	0.0	0.0	0.0	0.0	0.0	0.0	0.0	0.0
adaptation_topic	Mon-b346_18_gazelles-15	0.0	0.0	0.526	0.0	-0.625	0.0	-0.075	0.1	-0.251	-0.373	0.0	0.0	-0.199	-0.976	-0.246	0.121	0.0	0.0	-0.655	0.0	-0.473	-0.33	-0.228	-0.041	0.103	0.0	-0.192	0.0	0.0	0.0	-0.815	-0.254	-0.655	0.128	0.0	0.0	0.026	-0.095	0.198	0.332	0.111	0.0	0.0	0.0	0.119	0.0	0.522	0.0	-0.102	0.343	-0.621	0.153	-0.407	0.0	-1.003	-1.171	0.0	-0.376	-1.256	0.526	-0.23	-0.618	0.338	-0.414	0.338	-0.534	0.103	0.0	-0.267	0.0	0.133	-0.542	-0.431	0.0	0.0	-0.018	-0.564	0.0	0.028	-0.019	0.0	0.0	-0.518	0.0	0.0	0.0	0.0	0.0	-0.192	0.0
adaptation_topic	Nub-af58_75_ibex-2	0.0	-0.742	0.0	0.0	0.121	0.0	-0.711	0.0	0.0	0.0	0.0	0.0	0.09	0.0	0.0	0.0	0.0	0.0	0.0	0.0	0.0	0.163	0.0	0.0	0.0	0.0	0.0	-0.101	0.0	0.0	0.0	-0.259	0.0	-0.325	0.0	0.392	0.0	0.0	0.0	0.0	0.0	0.0	0.0	0.0	-0.587	0.0	0.0	0.0	0.0	0.0	0.0	0.0	0.0	0.0	0.0	0.0	0.612	0.0	0.0	0.0	0.0	0.0	-0.029	0.0	0.0	0.0	0.0	0.0	0.0	0.0	0.0	0.0	0.0	-0.133	0.045	0.0	0.0	0.391	0.432	0.0	-0.635	0.0	0.0	-0.109	0.0	0.0	0.454	0.0	0.0	0.0
adaptation_topic	Nub-af58_73_ibex-2	-0.483	0.0	0.515	0.0	0.0	-0.209	-0.262	0.0	0.045	-1.037	-0.815	0.0	-0.42	0.0	0.0	0.052	0.0	0.228	0.0	-0.318	-0.547	0.0	0.0	1.485	0.161	0.0	0.165	0.065	0.0	0.0	0.0	0.564	-0.184	0.0	0.478	-0.013	-0.321	-0.929	0.383	-0.842	-0.48	0.0	-0.058	-0.006	0.809	0.0	-0.455	0.418	0.0	0.0	0.0	-0.734	-0.459	0.0	0.581	0.03	-0.045	0.0	0.0	0.0	-0.137	-0.065	0.0	0.457	-0.552	-0.262	0.0	-0.403	-0.937	-0.038	-0.073	-0.925	0.0	0.0	-0.128	0.0	-0.352	0.188	-0.212	0.0	0.0	-0.568	0.093	-0.532	0.0	-0.364	0.352	0.902	0.0	0.0
adaptation_topic	Nub-af58_72_ibex-2	-0.002	0.308	-0.226	0.161	-0.506	-0.261	-1.164	0.0	0.0	-0.697	-0.815	0.0	-0.353	0.0	-0.731	0.052	0.229	0.0	0.0	-0.046	-2.161	0.0	0.0	0.275	-0.262	0.0	0.0	0.065	0.0	0.0	0.284	0.07	0.0	0.284	0.0	0.233	0.022	-0.557	0.0	-0.694	-0.48	-0.398	-0.136	0.079	0.211	0.0	0.036	-0.081	0.0	0.0	0.0	-0.71	0.233	0.0	-0.239	0.0	-0.711	0.0	0.085	0.0	0.217	0.895	-0.834	-0.225	-0.073	-0.834	0.0	0.0	-0.821	-0.148	-0.059	-0.347	0.0	0.0	0.0	0.0	0.0	0.654	0.0	0.0	-0.368	0.0	-0.233	0.131	0.0	0.205	0.352	0.134	0.0	0.0
adaptation_topic	Nub-af58_83_ibex-2	0.0	-0.742	0.0	0.0	0.121	0.0	-0.711	0.0	0.0	0.0	0.0	0.426	0.09	0.0	0.566	0.162	0.0	-0.076	0.0	0.0	0.0	0.163	0.0	0.0	0.0	0.0	0.0	-0.101	0.0	0.0	0.0	-0.259	0.0	-0.325	0.0	0.392	0.0	-0.656	0.0	-0.036	0.0	0.0	0.0	0.0	-0.587	0.0	0.0	-0.181	0.0	0.0	0.0	0.0	0.0	0.0	0.0	0.0	0.612	0.0	0.0	0.0	0.0	0.0	-0.029	0.0	0.0	0.0	0.0	0.0	0.0	0.0	0.0	0.0	0.0	-0.133	0.045	0.0	0.0	0.391	0.432	0.0	-0.635	0.0	0.0	-0.109	0.04	0.0	0.454	0.0	0.0	0.0
adaptation_topic	Nub-af58_70_ibex-2	0.0	-0.742	0.0	0.0	0.121	0.0	-0.711	0.0	0.0	0.0	0.0	0.0	0.09	0.0	0.0	0.0	0.0	0.0	0.0	0.0	0.0	0.163	0.0	0.0	0.0	0.0	0.0	-0.101	0.0	0.0	0.0	-0.259	0.0	-0.325	0.0	0.392	0.0	0.0	0.0	0.0	0.0	0.0	0.0	0.0	-0.587	0.0	0.0	0.0	0.0	0.0	0.0	0.0	0.0	0.0	0.0	0.0	0.612	0.0	0.0	0.0	0.0	0.0	-0.029	0.0	0.0	0.0	0.0	0.0	0.0	0.0	0.0	0.0	0.0	-0.133	0.045	0.0	0.0	0.391	0.432	0.0	-0.635	0.0	0.0	-0.109	0.0	0.0	0.454	0.0	0.0	0.0
adaptation_topic	Tem-2c3b_12_Saiga-26	0.746	0.0	0.0	-0.495	0.253	0.069	0.36	0.0	-0.199	-0.292	0.0	-0.069	0.0	0.0	0.109	-0.24	0.0	1.431	0.0	0.075	-0.19	0.42	-0.382	-0.863	0.0	0.0	-0.287	0.0	0.0	0.246	-0.116	0.0	0.0	-0.84	-0.445	0.184	-0.19	-0.129	-0.777	0.031	-0.408	0.0	0.0	-0.011	-0.935	-0.827	-0.143	0.0	0.0	-0.255	-0.304	0.0	0.0	-0.158	0.0	0.0	-0.185	0.0	0.0	0.0	-0.598	-0.099	-0.167	0.513	-0.439	-0.116	0.0	-0.514	0.0	0.003	0.0	0.291	-0.128	-0.526	-0.199	-0.933	0.0	0.0	-0.705	-0.315	-0.586	0.314	0.286	-1.044	-0.226	0.0	0.0	0.0	0.0	-0.065
adaptation_topic	Ani6f2b_116_Saiga-1	0.0	0.0	0.0	0.0	0.0	0.0	0.0	0.0	0.0	0.0	0.0	0.0	0.0	0.0	0.0	0.0	0.0	0.0	0.0	0.0	0.0	-0.104	-0.629	0.0	0.0	0.0	0.0	0.0	0.0	-0.229	0.0	0.0	0.0	0.0	0.0	0.0	0.0	0.0	0.0	0.0	0.197	0.0	0.0	0.0	0.0	0.0	0.0	0.0	0.0	0.0	0.0	0.0	0.0	0.0	-0.37	0.0	0.573	0.0	0.0	0.0	0.0	0.0	0.0	0.0	0.0	0.0	0.0	0.0	0.0	0.0	0.0	-0.147	0.0	0.0	0.0	0.0	0.0	0.0	0.0	0.0	0.123	0.0	0.0	0.0	0.0	0.0	0.0	0.0	0.0	0.0
adaptation_topic	Sai-afdf_57_Saiga-1	0.0	0.0	0.0	0.0	0.0	0.0	0.0	0.0	0.0	0.0	0.0	0.0	0.0	0.0	0.0	0.0	0.0	0.0	0.0	0.0	0.0	-0.104	-0.629	0.0	0.0	0.0	0.0	0.0	0.0	-0.229	0.0	0.0	0.0	0.0	0.0	0.0	0.0	0.0	0.0	0.0	0.197	0.0	0.0	0.0	0.0	0.0	0.0	0.0	0.0	0.0	0.0	0.0	0.0	0.0	-0.37	0.0	0.573	0.0	0.0	0.0	0.0	0.0	0.0	0.0	0.0	0.0	0.0	0.0	0.0	0.0	0.0	-0.147	0.0	0.0	0.0	0.0	0.0	0.0	0.0	0.0	0.123	0.0	0.0	0.0	0.0	0.0	0.0	0.0	0.0	0.0
adaptation_topic	Saidf6a_6_Saiga-1	0.0	0.0	0.0	0.0	0.0	0.0	0.0	0.0	0.0	0.0	0.0	0.0	0.0	0.0	0.0	0.0	0.0	0.0	0.0	0.0	0.0	-0.104	-0.629	0.0	0.0	0.0	0.0	0.0	0.0	-0.229	0.0	0.0	0.0	0.0	0.0	0.0	0.0	0.0	0.0	0.0	0.197	0.0	0.0	0.0	0.0	0.0	0.0	0.0	0.0	0.0	0.0	0.0	0.0	0.0	-0.37	0.0	0.573	0.0	0.0	0.0	0.0	0.0	0.0	0.0	0.0	0.0	0.0	0.0	0.0	0.0	0.0	-0.147	0.0	0.0	0.0	0.0	0.0	0.0	0.0	0.0	0.123	0.0	0.0	0.0	0.0	0.0	0.0	0.0	0.0	0.0
adaptation_topic	Spr-39f8_91_Springbok-1	0.0	0.163	0.522	-0.511	0.0	-0.016	-0.661	-0.327	-0.111	-0.136	-0.131	0.0	0.0	0.0	0.0	0.0	0.0	-0.154	0.0	0.0	0.0	0.0	0.0	0.0	-0.402	0.0	-0.514	0.0	0.0	-0.347	-0.006	-0.195	-0.312	-0.071	0.0	0.0	-0.558	-0.251	0.0	0.084	0.0	0.0	0.0	0.0	-0.226	0.052	-0.143	0.0	0.0	0.0	0.0	0.107	0.0	0.0	-0.198	0.0	-0.402	0.0	-0.348	-0.468	0.812	-0.214	-0.714	0.0	0.0	0.0	0.0	-0.199	0.0	0.0	0.0	-0.94	0.0	-0.269	-0.046	0.0	0.0	0.0	0.0	0.0	-0.48	0.0	0.0	0.0	0.0	0.106	0.0	-0.78	0.0	0.0
adaptation_topic	Spr-39f8_90_Springbok-1	0.0	-0.712	0.0	0.0	0.121	0.0	-0.711	0.0	0.0	0.0	0.0	0.0	0.011	0.0	0.0	0.0	0.0	0.0	0.0	0.0	0.0	0.254	0.0	0.0	0.0	0.0	0.0	-0.101	0.0	0.0	0.0	-0.259	0.0	-0.325	0.0	0.392	0.0	0.0	0.0	0.0	0.0	0.0	0.0	0.0	-0.486	0.0	0.0	0.0	0.0	0.0	0.0	0.0	0.0	0.0	0.0	0.0	0.579	0.0	0.0	0.0	0.0	0.0	0.016	0.0	0.0	0.0	0.0	0.0	0.0	0.0	0.0	0.0	0.0	-0.133	0.045	0.0	0.0	0.476	0.432	0.0	-0.613	0.0	0.0	-0.109	0.0	0.0	0.454	0.0	0.0	0.0
adaptation_topic	Spr-39f8_103_Springbok-1	-0.642	0.207	-0.446	0.0	0.0	-0.321	0.0	0.0	0.0	-0.623	-0.027	0.0	0.0	0.0	0.0	0.0	0.0	0.0	0.0	0.232	0.0	-0.446	-0.57	0.0	0.027	0.372	0.0	-0.815	0.0	0.257	-0.72	0.0	-0.137	-0.549	0.0	0.0	-0.229	-0.055	0.376	0.0	-0.85	0.0	0.0	0.0	-0.555	0.266	0.0	-0.425	0.0	0.0	0.0	0.303	0.513	0.0	-0.11	0.0	-0.242	0.0	0.0	-0.814	0.472	-0.21	0.0	0.0	0.0	-0.734	0.0	-0.021	0.0	-0.101	0.0	-0.782	0.0	0.0	-0.224	0.0	0.0	0.0	-0.445	0.0	-0.418	0.0	0.0	0.0	0.0	-0.613	0.144	0.0	0.0	0.0
adaptation_topic	Spr-39f8_105_Springbok-1	-0.034	-0.233	-0.694	0.0	-0.735	-0.066	-0.052	0.0	-0.134	-0.497	0.0	0.0	-0.247	0.0	1.254	-0.029	-0.354	-1.344	0.0	-0.046	0.245	0.0	0.0	-0.925	-0.273	-0.492	0.392	0.0	0.0	-1.009	-0.352	-0.098	0.0	-0.241	-0.362	0.0	0.0	-0.87	0.367	-0.856	-0.19	-0.578	0.0	-0.205	-0.529	0.0	-0.707	0.458	0.025	-0.667	0.0	0.0	0.0	-0.658	0.0	0.0	0.0	-0.348	-0.044	-0.978	0.052	-1.034	-1.44	-0.018	0.0	-0.232	-0.133	-0.699	0.0	0.0	-0.006	-0.59	-0.491	-0.079	-0.046	0.0	0.0	0.0	0.0	0.0	0.0	-0.079	-0.006	-0.643	0.621	0.0	0.352	0.0	0.0	-0.181
adaptation_topic	Spr-39f8_82_Springbok-1	-0.521	-0.205	-1.361	-1.291	0.0	-0.372	-0.095	0.674	0.0	0.581	0.06	-0.207	-0.202	0.0	-0.518	0.0	-0.114	0.03	0.0	1.437	0.0	-0.39	-0.64	0.0	0.05	0.101	0.0	-0.554	0.0	0.028	-1.877	-0.719	-1.006	-0.621	0.0	0.0	-0.243	0.0	0.393	0.0	0.158	0.0	0.0	0.0	-0.196	1.269	0.0	-0.608	0.0	0.0	0.0	0.0	-0.611	-0.045	-0.663	-0.09	-0.987	0.0	0.0	-1.786	0.0	-0.344	0.0	0.0	0.0	-0.569	0.0	0.139	0.0	-1.185	0.732	0.052	0.0	0.0	-0.173	0.0	0.0	0.0	-0.213	0.0	0.137	0.0	0.0	0.0	0.0	-0.569	0.0	0.0	0.0	0.0
adaptation_topic	Top-df25_38_Topi-1	0.0	0.0	0.0	0.0	0.121	0.0	-0.711	0.0	0.0	0.0	0.0	0.0	0.0	0.0	0.0	0.0	0.0	0.0	0.0	0.0	0.0	0.0	0.0	0.0	0.0	0.0	0.0	-0.101	0.0	0.0	0.0	0.0	0.0	0.167	0.0	0.0	0.0	0.0	0.0	0.0	0.0	0.0	0.0	0.0	0.0	0.0	0.0	0.0	0.0	0.0	0.0	0.0	0.0	0.0	0.0	0.0	0.215	0.0	0.0	0.0	0.0	0.0	0.0	0.0	0.0	0.0	0.0	0.0	0.0	0.0	0.0	0.0	0.0	0.0	0.045	0.0	0.0	0.0	0.432	0.0	0.0	0.0	0.0	0.0	0.0	0.0	0.454	0.0	0.0	0.0
adaptation_topic	Blu-3a31_37_wildebeest-15	0.0	-0.172	0.432	-0.491	0.758	-0.396	0.025	-1.707	0.052	0.0	0.0	0.0	-0.111	-0.534	-0.473	-0.368	0.599	-0.201	0.0	0.0	-0.581	-0.525	-0.445	0.138	0.0	-0.411	-0.342	0.431	0.0	0.599	-0.283	0.0	-0.002	0.056	0.0	0.0	0.076	-0.444	-0.162	0.014	0.1	0.0	0.0	0.0	0.0	0.166	-0.136	0.0	-0.47	0.0	0.76	-0.272	-0.05	0.0	-0.024	0.676	-0.294	0.0	-0.442	0.283	0.12	0.0	0.0	-0.432	0.0	-0.003	-0.347	0.0	-0.38	0.0	-0.049	-0.089	0.0	0.438	0.0	-0.062	-0.225	0.0	0.0	0.0	-0.749	0.0	-0.694	-0.489	0.0	-0.469	0.0	0.0	0.165	0.0
adaptation_topic	Liz-2f75_162_buffalo-20	-0.038	0.0	-0.491	0.0	-0.876	-0.428	0.0	0.0	0.0	-0.673	0.0	-1.289	0.046	-0.448	-0.287	-0.046	0.0	0.0	0.196	0.0	0.0	0.0	0.0	0.0	-0.3	-0.293	0.0	0.0	0.323	0.0	0.037	-0.029	0.0	-0.219	0.0	-0.831	0.0	-0.514	0.0	-0.032	0.055	-0.301	0.0	-0.879	-0.642	-0.009	-0.231	-0.422	-0.359	-0.029	-0.069	0.0	0.0	0.0	0.0	-0.301	-0.618	0.0	0.133	0.0	0.048	0.0	-0.19	0.0	0.0	-0.306	0.0	-0.817	0.7	-0.516	0.629	-0.75	0.0	0.0	0.0	-0.13	-0.026	0.41	0.0	0.0	0.0	0.0	0.0	0.0	0.415	0.0	0.026	0.0	0.0	0.246
adaptation_topic	Wil-28c2_48_buffalo-18	0.0	0.0	0.153	0.0	-0.625	0.0	-0.198	-0.566	0.0	-0.329	0.0	0.0	0.0	-0.224	0.0	0.0	0.0	-0.051	-0.075	0.0	0.0	0.0	0.0	0.0	0.0	0.0	0.0	-0.167	0.0	0.083	-1.05	-0.501	0.375	-0.116	-0.347	0.0	0.189	0.306	-0.469	0.0	0.171	0.0	-0.001	0.0	0.0	0.0	-0.047	-0.359	0.0	-0.159	1.379	-0.674	-0.05	0.0	0.0	-0.223	0.0	-0.309	-0.491	-0.697	-0.266	-0.4	-0.48	0.0	0.164	-1.122	-0.642	0.0	-0.452	-0.588	0.0	-0.548	0.443	0.0	-0.006	-0.018	0.0	0.0	0.0	0.0	0.0	0.0	-0.509	-1.079	0.0	0.0	0.0	0.0	0.299	0.0
adaptation_topic	Asi-28dd_54_buffalo-17	0.244	-0.311	0.0	0.0	-0.007	-0.089	-0.188	-0.301	0.0	0.0	0.0	0.0	0.02	0.0	-0.379	-1.186	-0.615	0.0	-0.417	-0.394	0.0	-0.301	-1.472	0.0	0.561	-0.098	-0.135	0.274	0.0	-0.165	0.0	0.392	-0.429	-0.428	0.0	0.0	0.0	0.0	0.0	-0.17	-0.665	0.0	-0.383	-0.093	0.266	0.0	0.0	-0.619	0.0	0.0	0.0	-0.611	0.0	-2.127	-0.639	0.0	0.573	-0.914	0.0	-0.473	0.0	-0.828	-0.184	-0.025	0.0	-0.641	0.0	-0.729	-0.307	0.0	-0.151	0.865	0.0	-0.436	0.0	0.0	0.148	0.163	0.0	0.0	-0.463	0.0	-0.47	0.0	0.0	-0.601	0.0	0.0	0.0	-0.579
adaptation_topic	Wil-28c2_68_buffalo-3	0.0	0.0	0.0	0.0	0.081	0.0	-0.693	0.0	0.0	0.0	0.0	0.0	0.0	0.0	0.0	0.0	0.0	-0.078	0.0	0.0	0.0	0.0	0.0	0.0	0.0	0.0	0.0	0.02	0.0	0.0	-0.504	0.0	-0.005	0.109	0.0	0.0	0.0	0.0	0.0	0.0	0.0	0.0	0.0	0.0	0.0	0.0	0.126	0.0	0.0	0.0	0.768	-0.346	0.0	0.0	0.0	0.0	0.158	0.0	0.0	0.068	0.0	0.0	0.0	0.0	0.0	0.0	0.0	0.0	0.0	0.0	0.0	0.0	0.0	0.0	-0.124	0.0	0.0	0.0	0.196	0.0	0.0	0.0	0.0	-0.099	0.0	0.0	0.65	0.0	0.0	0.0
adaptation_topic	Wil-28c2_72_buffalo-3	0.0	0.0	0.0	0.0	0.209	0.0	-0.438	0.0	0.0	0.0	0.0	0.0	0.0	0.0	0.0	0.0	0.0	-0.078	0.0	0.0	0.0	0.0	0.0	0.0	0.0	0.0	0.0	-0.058	0.0	0.0	-0.504	0.0	-0.005	0.232	0.0	0.0	0.0	0.0	0.0	0.0	0.0	0.0	0.0	0.0	0.0	0.0	0.126	0.0	0.0	0.0	0.768	-0.346	0.0	0.0	0.0	0.0	0.208	0.0	0.0	0.068	0.0	0.0	0.0	0.0	0.0	0.0	0.0	0.0	0.0	0.0	0.0	0.0	0.0	0.0	0.034	0.0	0.0	0.0	0.101	0.0	0.0	0.0	0.0	-0.099	0.0	0.0	0.808	0.0	0.0	0.0
adaptation_topic	Bha-2df5_34_bharal-9	0.0	0.0	0.393	0.0	-0.519	-0.484	0.0	0.0	-0.429	-0.456	0.0	0.0	0.0	0.799	0.0	-0.064	-0.492	-0.195	0.0	-0.574	-0.347	-0.233	0.0	-0.368	0.0	0.0	0.0	-0.396	0.12	-0.592	-0.549	-0.581	-0.054	0.154	0.0	-0.242	0.347	0.0	0.0	0.432	-0.469	0.0	0.0	0.0	-0.094	-0.114	-0.155	0.0	0.177	-0.07	0.928	0.353	0.897	0.0	-0.621	-0.563	0.022	0.355	-0.962	-0.465	0.017	0.0	0.258	0.711	0.711	-0.534	0.103	0.0	-0.55	0.244	0.243	-0.542	0.039	-0.298	-0.473	-0.018	0.0	0.0	0.0	0.508	-0.681	0.0	-0.195	-0.257	-0.409	0.0	0.0	0.0	0.447	-0.196
adaptation_topic	Bha-2df5_32_bharal-21	0.0	0.0	0.297	0.0	-0.449	0.0	-0.225	-0.537	-0.994	-0.191	0.0	0.0	0.0	-0.919	0.0	-0.162	0.0	0.0	0.0	0.0	-0.473	-0.501	-0.534	0.0	0.103	0.063	-0.141	0.0	-0.065	0.0	-0.582	-1.23	-0.032	-0.142	0.0	0.0	-0.354	-0.372	-0.094	-0.396	-0.045	0.0	0.0	0.0	0.0	0.0	0.462	-0.413	0.0	-0.506	-0.915	-1.137	-0.431	0.638	0.0	-1.023	0.0	0.0	0.0	0.0	0.188	-0.369	0.038	0.707	0.0	-0.639	0.0	0.506	-0.951	0.0	-0.507	-0.445	-0.745	0.0	0.0	-0.013	-0.441	-0.151	-0.112	-0.31	0.0	0.0	-0.695	0.1	0.0	0.0	0.0	0.0	-0.006	-0.441
adaptation_topic	Bha-2df5_31_bharal-30	0.452	-0.725	0.41	0.0	-0.082	0.0	0.0	-1.354	0.788	0.379	0.624	-0.689	0.0	-0.356	-1.853	-0.4	0.0	0.453	0.0	-0.107	0.122	0.0	0.151	-0.22	0.0	-0.571	-0.176	0.021	0.0	0.0	0.0	0.0	-0.695	-0.751	-0.097	0.193	0.0	-1.791	0.0	-0.324	0.298	0.0	-0.562	-0.229	-0.578	0.524	0.0	-0.684	-0.046	-0.029	-0.348	0.0	-0.05	0.0	0.186	-0.933	0.0	-1.159	-0.364	-0.815	0.0	-0.056	-0.112	0.0	0.262	-0.325	-0.113	-0.664	-0.185	0.0	-0.436	-0.3	0.0	0.0	0.0	-0.259	0.643	0.0	0.3	-0.972	-0.488	0.0	0.0	0.0	0.0	0.0	0.0	0.0	-0.099	0.89
adaptation_topic	Bha-2df5_31_bharal-8	-0.482	0.086	0.754	0.0	-1.117	-0.485	0.0	-0.566	0.045	-0.464	-0.198	-0.48	-0.694	-0.534	-0.118	0.267	0.077	-0.035	0.0	0.0	-0.039	0.0	0.152	-1.349	-0.679	0.366	-0.085	-0.347	0.0	-0.585	-0.632	0.252	-0.184	-0.398	0.421	0.028	0.0	-0.598	-0.513	-0.448	0.298	-0.301	-0.635	-0.79	-0.788	0.0	-0.797	-0.201	0.0	-0.134	0.052	-0.106	-0.464	0.0	0.0	-0.637	-0.163	0.0	-0.091	0.0	0.168	0.0	0.028	0.0	0.0	0.038	0.0	-0.845	-0.893	0.77	0.0	-1.454	-0.571	-0.247	0.0	-0.254	-0.046	0.41	-0.212	-0.289	0.0	0.0	0.0	0.0	0.0	-0.096	0.0	0.218	0.341	-0.365
adaptation_topic	Dom-6f87_103_sheep-3	0.718	-0.759	0.381	-0.431	-0.115	0.44	0.0	0.099	0.882	-0.31	-0.176	-1.329	0.0	-0.777	-0.237	0.0	-0.305	-0.293	0.459	-0.094	0.0	-0.512	0.443	0.161	-0.909	-0.383	-0.007	-0.251	-0.188	-0.635	0.0	0.0	0.0	0.0	0.365	0.0	0.0	-1.076	-0.621	-0.476	-0.228	-0.213	-0.931	-1.233	-0.307	0.082	0.0	0.183	0.0	-0.184	-1.046	0.0	-0.094	0.0	0.0	-0.55	0.0	0.278	0.0	-0.052	0.0	0.0	0.487	-0.604	0.0	-0.306	-0.586	-0.633	-0.021	0.103	-0.312	-0.506	-0.446	-0.519	0.459	0.039	-0.3	-0.473	0.0	-0.642	-0.494	-0.257	-0.768	0.0	-0.621	0.234	0.0	-0.315	0.255	0.874
adaptation_topic	Big-0af3_59_sheep-3	-0.229	-0.021	1.289	-1.028	-0.096	0.114	-0.648	0.0	0.0	-0.114	0.0	0.0	0.0	0.0	-0.251	0.419	0.0	-1.193	0.0	0.0	0.0	0.0	0.0	-0.284	-0.786	0.0	-0.271	0.0	-0.008	0.0	0.0	-0.021	-0.071	-0.435	0.0	0.0	0.0	-0.21	0.0	0.2	0.0	0.0	-0.17	0.0	-0.118	-0.288	-0.363	-1.069	0.012	-0.502	0.0	-0.653	-0.456	-0.656	0.0	-0.439	-0.624	0.234	0.067	-0.748	0.553	-0.437	-0.735	-0.564	0.0	-0.385	0.0	-0.854	0.619	-0.343	-0.214	-0.66	-0.516	-0.195	0.34	0.05	-0.315	0.0	-0.293	0.0	0.0	0.0	0.0	0.0	-0.055	-0.076	0.0	-0.774	0.0	0.0
adaptation_topic	Big-0af3_56_sheep-8	0.0	0.0	-0.455	0.0	0.74	-1.049	0.0	-0.502	-0.043	0.521	-0.392	-0.263	-0.125	-0.534	-0.01	0.0	0.102	-0.442	-0.512	0.0	-0.178	0.0	0.0	-0.395	0.0	-0.061	0.0	-0.014	-0.712	0.0	0.0	0.077	0.0	0.492	0.82	0.675	-0.213	-0.142	0.0	-0.092	0.083	0.0	0.0	0.0	-0.207	0.0	-0.518	0.0	-0.248	0.0	-0.325	-1.279	-0.05	0.0	-0.647	-0.418	-0.958	0.0	-0.061	-0.506	-0.19	0.0	-0.551	-0.051	-0.67	0.203	0.0	-0.358	-0.38	0.887	-0.402	-0.426	-0.054	0.152	-0.081	0.517	0.97	-0.231	0.0	-1.023	0.0	-0.728	-0.523	-0.302	-0.185	-0.143	0.0	-0.11	-0.524	-0.256
adaptation_topic	Big-0af3_47_sheep-3	0.187	0.0	0.0	0.0	-0.189	-0.755	0.0	-0.064	0.0	-0.174	0.0	0.0	0.0	0.0	-0.263	-0.572	0.229	-0.271	0.0	-0.404	0.0	0.0	0.025	0.0	-0.241	0.0	0.0	-0.715	-1.063	0.0	-0.345	-0.477	-0.288	0.0	0.0	0.0	0.0	0.0	0.0	-0.801	0.0	-0.41	-0.571	0.0	-1.835	-0.353	-0.643	0.0	0.002	0.0	0.421	-2.362	0.0	-1.381	0.0	-0.623	-1.271	0.0	0.0	-0.026	-0.384	0.257	0.0	0.0	0.0	-0.393	-0.187	0.0	-0.242	0.0	-1.893	-0.405	0.0	-0.133	-0.363	0.064	0.209	-0.264	0.0	-0.244	0.0	-0.162	0.0	0.253	0.0	0.0	0.043	-0.652	0.0	0.0
adaptation_topic	Big-0af3_40_sheep-13	0.0	-0.182	-0.299	-0.032	-0.438	-0.104	-0.807	-0.182	-0.62	0.007	0.0	0.535	0.725	0.0	0.006	0.0	0.346	-0.401	-0.452	0.0	-0.816	0.0	-0.448	-0.449	-0.338	-0.495	-0.592	-0.056	0.676	-0.762	0.0	0.0	0.0	0.0	0.439	0.0	-0.049	0.0	-0.118	0.759	0.103	-0.137	0.0	-0.055	-0.183	-0.333	0.0	0.0	0.0	0.933	0.0	0.0	0.0	-0.225	0.192	-0.848	-0.347	-0.346	-0.234	-0.054	0.0	-0.055	-0.177	0.0	-0.611	0.02	-0.094	0.0	0.031	0.0	0.695	0.0	-0.457	0.006	0.0	0.085	0.0	-0.044	0.0	0.0	-0.516	0.0	-0.53	0.0	-0.369	0.498	0.0	-0.161	0.0	-0.249
adaptation_topic	Big-0af3_40_sheep-4	-0.161	0.0	0.0	-0.372	-0.143	1.041	-0.446	0.0	0.116	0.035	-0.468	-0.099	0.0	-0.072	-0.434	-0.249	-0.043	1.326	0.438	-1.152	0.413	-0.347	-0.125	-0.541	-0.222	0.418	0.767	-0.533	0.393	-0.426	0.006	0.288	-0.756	-0.487	-0.55	0.0	0.621	-0.056	-0.367	-0.795	-0.584	0.0	-0.346	-0.329	0.0	-0.358	-0.036	0.981	0.0	0.0	0.0	-0.525	-0.495	0.246	-0.923	0.0	-0.922	0.0	-0.231	-0.08	-0.621	-0.109	0.0	-0.238	-0.056	-0.797	-0.39	0.0	-0.35	1.135	-0.131	0.616	-0.62	0.668	0.18	-0.868	-0.512	-0.055	-0.177	0.0	0.0	0.0	-0.029	-0.273	-1.02	0.74	-0.914	-0.769	0.0	-0.204
adaptation_topic	Big-0af3_40_sheep-22	0.03	0.0	0.393	0.959	-0.027	0.0	-0.263	-0.261	-0.829	-0.163	0.759	0.0	0.0	0.282	0.0	-0.959	0.0	0.594	-0.29	0.0	-0.314	0.0	-0.032	-0.635	0.0	0.211	0.0	-0.463	0.0	-0.281	-0.249	-0.53	-0.414	-0.878	0.0	0.0	0.43	0.0	-0.294	0.0	-0.442	0.0	0.0	-0.055	-0.094	0.0	0.0	0.0	0.414	-0.07	0.0	0.768	0.0	0.0	-1.122	-0.939	-0.673	-0.162	-0.473	0.0	-0.177	-0.142	0.0	-0.495	0.338	-0.563	0.103	-0.076	-0.255	-0.156	-0.11	-1.325	-0.111	0.358	0.445	-0.018	0.0	-0.713	0.162	-0.044	0.0	-0.346	-0.374	-0.043	-0.902	0.0	0.422	0.0	0.0	0.0
adaptation_topic	Bla-3ee3_73_blackbuck-2	0.0	0.0	0.0	0.117	-0.097	-0.491	0.0	-0.566	0.352	0.201	-0.163	0.0	0.0	-1.181	0.0	-0.564	0.0	0.0	0.0	0.275	0.0	0.0	0.0	0.0	0.0	-0.841	0.126	0.0	0.0	-0.347	-0.006	0.0	0.0	-0.783	0.0	0.0	0.0	0.0	0.0	0.802	0.298	0.0	0.0	0.0	0.0	0.065	-1.056	0.0	0.0	0.0	0.0	0.084	-0.05	0.0	-0.198	0.0	-0.025	0.0	0.0	-0.453	-0.186	0.0	-0.149	0.0	0.0	0.0	0.0	0.0	-0.38	0.0	-0.486	-0.8	0.0	-0.109	-0.046	0.0	-0.493	0.0	0.0	0.0	-0.396	0.0	0.0	0.0	-0.369	0.0	0.0	0.0	-0.006	0.093
adaptation_topic	Bla-3ee3_72_blackbuck-2	-0.292	0.0	-0.108	0.0	0.0	-0.017	0.038	-0.555	0.352	-0.294	0.0	0.009	0.0	-0.003	-0.258	0.0	0.832	0.0	0.191	0.0	0.0	0.0	-0.274	0.0	-0.212	-0.479	-0.064	-0.698	0.0	0.567	-0.035	0.0	-0.256	-0.037	0.0	0.0	-0.231	-0.135	0.0	0.455	0.442	0.0	0.0	0.0	0.0	0.052	-0.702	0.0	-0.513	-0.612	0.0	0.347	0.306	0.0	-0.198	0.05	-0.663	0.0	0.042	-0.099	0.365	0.0	-0.271	0.0	0.0	0.0	0.0	0.0	-0.393	0.0	0.161	-0.709	0.0	-0.053	-0.046	0.0	0.974	0.0	0.0	0.0	-0.48	0.0	0.0	-0.878	0.0	-1.134	-0.042	-0.585	-0.488	0.0
adaptation_topic	Bla-3ee3_82_blackbuck-26	0.492	0.19	-0.157	0.0	-0.39	-0.667	-0.718	0.0	-0.182	-0.686	-0.228	0.162	-0.344	-0.328	-0.344	-0.045	-0.502	0.0	0.262	-0.383	-0.612	0.0	0.0	0.0	0.0	-0.132	-0.198	-0.885	-0.367	-0.324	0.692	0.0	-0.499	-0.045	-0.714	0.0	0.427	-0.483	-0.746	-0.399	0.478	0.397	-1.47	-0.025	-0.616	0.0	-0.946	0.0	-0.227	0.0	-0.541	-0.621	-0.445	0.0	-0.006	-1.139	-1.352	-0.333	0.0	-0.882	-0.417	0.136	-0.32	-0.563	-0.848	0.338	-0.74	-0.449	-0.498	0.397	0.0	-0.475	0.032	0.0	0.417	0.438	-0.297	0.439	-0.551	-0.207	0.0	-0.01	-0.414	-0.215	0.0	-0.541	-0.165	-0.074	-0.389	-0.849
adaptation_topic	Bla-3ee3_71_blackbuck-10	0.0	0.0	0.623	-0.043	-0.05	0.0	0.22	0.0	0.0	-0.079	-0.803	0.0	0.0	0.0	-0.256	0.0	0.018	-0.107	0.059	0.0	0.0	0.312	-0.085	0.0	0.0	0.0	0.049	0.0	0.026	0.0	-1.285	0.0	-0.005	-0.128	0.365	0.0	0.0	-0.517	0.0	-1.001	0.0	0.0	0.0	-0.104	-0.559	0.0	0.126	0.0	-0.426	-0.184	0.693	-0.346	-0.614	0.0	0.0	-0.356	0.052	-0.171	-0.046	-0.411	0.0	-0.092	0.148	0.0	0.0	-0.266	0.0	-0.501	0.045	0.383	0.0	-0.578	0.0	0.0	0.0	-0.8	0.0	0.0	0.0	0.0	0.0	0.0	-0.006	-0.297	-0.888	0.163	0.0	0.0	0.0	0.555
adaptation_topic	Bla-3ee3_84_blackbuck-2	-0.12	0.115	0.577	0.122	-0.392	0.0	-0.551	-0.868	0.352	0.55	0.0	0.0	0.0	-0.534	-0.508	0.607	0.0	-0.174	0.0	0.025	-0.523	0.0	-0.847	-0.378	-1.912	0.0	-0.154	0.0	-0.902	-0.347	-0.006	0.008	-0.518	-0.906	0.0	0.0	0.0	0.0	0.0	-0.669	0.05	0.0	0.008	0.0	-0.406	-0.299	-0.676	-0.131	0.0	-0.977	0.0	-0.687	-0.456	-1.148	0.393	0.0	-0.165	1.041	0.0	0.161	0.443	-0.248	-0.428	-0.18	-0.554	-0.049	0.0	-0.434	-0.49	-0.811	-0.495	-0.845	0.002	-0.235	0.717	0.0	-0.505	0.0	0.0	0.0	-0.48	0.0	-0.625	-0.413	-0.352	-0.619	-0.479	-0.558	-0.274	0.0
adaptation_topic	Bla-3ee3_86_blackbuck-12	0.0	0.0	0.092	0.0	-0.983	0.0	-0.05	-0.561	-0.006	-0.384	-0.155	0.0	0.0	-0.365	0.0	0.0	0.0	0.0	0.424	0.0	0.0	-0.025	0.0	-0.273	0.0	0.0	0.0	0.0	0.0	0.0	-0.151	0.0	-0.523	0.186	-0.25	0.0	-0.181	0.0	0.0	-0.063	0.298	0.41	0.0	0.0	-0.051	0.0	0.0	-0.353	0.0	0.533	0.567	-0.257	-0.05	-0.439	-0.551	-0.467	0.0	-0.731	-0.119	0.0	0.63	0.0	0.0	0.0	0.007	-0.697	-0.061	0.0	-0.084	0.0	0.0	-0.542	-0.227	0.0	-0.283	-0.018	0.0	0.0	0.0	0.0	0.0	-0.059	-0.353	0.0	0.0	0.0	0.0	0.0	-0.312	0.0
adaptation_topic	Che-369e_284_blackbuck-33	0.0	-0.217	0.499	-0.107	-0.93	0.257	-0.198	-0.462	0.284	-0.363	0.0	-0.616	0.0	0.0	-0.124	0.0	-0.46	-0.162	-0.162	0.0	0.0	0.0	-0.228	0.0	-0.428	0.0	-0.754	-0.72	0.0	-0.508	0.0	-0.341	0.0	0.0	0.347	0.0	0.0	-0.111	-0.167	-0.315	0.0	-0.845	-0.433	0.0	-0.787	0.0	0.0	-0.274	0.0	-0.368	-0.249	0.052	0.0	0.0	0.0	-0.296	0.403	-0.59	0.0	0.0	0.0	0.0	0.277	0.0	0.0	-0.359	0.0	-0.144	-0.168	0.0	0.0	-0.881	-0.544	-0.309	0.0	0.168	0.185	0.0	0.0	-0.389	0.766	0.0	0.0	0.0	0.0	0.195	0.0	0.0	0.033	0.684
adaptation_topic	Che-369e_474_blackbuck-24	-0.765	0.0	0.461	0.576	0.392	-0.87	0.0	0.261	0.0	0.0	0.0	-0.223	0.0	0.067	0.423	-0.224	0.0	0.0	0.0	0.0	0.0	-1.283	-0.54	-0.72	0.0	-0.84	-0.164	-0.658	-0.652	-0.415	0.015	1.671	-0.053	0.0	-0.24	0.0	-0.601	-0.413	-0.812	-0.199	0.0	0.0	-0.511	-0.027	0.005	-0.252	-0.105	-0.345	0.0	-0.109	0.0	0.0	0.089	-0.428	0.0	-0.335	-0.491	0.0	-0.206	-0.29	0.235	0.021	0.25	0.0	0.0	0.0	0.0	0.539	-0.105	-0.315	0.0	0.389	0.0	0.0	0.0	0.0	0.0	-0.061	0.0	-0.174	0.0	0.0	0.0	0.0	-0.162	-0.343	0.0	0.181	0.0	-0.356
adaptation_topic	Wil-de29_8_wildebeest-7	0.137	-0.366	0.716	0.282	-0.204	-0.548	0.655	-0.566	0.352	0.128	-0.618	-0.007	-0.241	-1.211	-0.319	-0.339	-0.427	-0.093	-0.421	0.493	0.0	-0.053	-0.073	0.314	-0.184	-0.881	0.143	-0.147	-0.522	-0.347	-0.138	0.611	-0.06	-1.128	0.345	0.0	-0.441	-0.395	0.0	0.61	0.298	0.0	0.664	-0.155	-0.672	0.587	-1.253	0.0	0.0	-0.223	-0.595	-0.68	-0.05	-0.532	-0.198	0.001	0.284	0.0	-0.281	-0.387	0.691	-0.243	-0.231	0.125	-0.225	0.0	0.0	-0.141	-0.38	-0.101	-0.535	-1.014	-0.235	0.144	-0.046	0.0	-0.635	0.046	0.0	-0.163	-0.528	-0.341	0.062	0.0	-0.361	-0.51	-0.292	-0.437	-0.335	-0.373
adaptation_topic	Wil-de29_102_wildebeest-10	0.0	0.0	0.393	0.0	-0.625	0.0	0.0	0.0	-0.278	-0.281	0.358	0.0	0.0	-0.022	0.0	0.001	0.0	-0.063	0.0	-0.408	-0.275	-0.173	-0.014	0.05	0.0	0.717	0.0	-0.569	0.0	-0.292	0.0	-0.613	-0.263	0.211	0.0	-0.358	0.439	0.0	0.0	0.369	-0.621	0.0	0.0	0.0	-0.135	0.0	0.0	0.0	0.0	-0.07	0.287	0.365	0.334	0.0	-0.94	-0.978	0.434	-0.3	-0.485	-0.126	-0.012	0.0	-0.05	0.416	0.338	-0.518	-0.167	0.0	-0.59	0.0	-0.305	-0.496	-0.36	0.0	-0.344	-0.26	0.0	0.0	0.0	0.008	-0.376	-0.185	-0.225	0.0	0.0	0.0	0.0	0.0	0.0	0.0
adaptation_topic	Wil-de29_8_wildebeest-31	0.694	-0.56	0.0	0.0	0.0	0.011	-0.022	-0.566	0.352	-0.539	-0.287	0.0	0.0	-1.154	-0.292	-0.48	-0.595	-0.421	0.0	0.469	-0.026	0.664	0.0	0.0	0.0	-0.072	0.0	-0.327	0.0	-0.51	-0.495	0.0	-0.614	-0.792	0.0	0.0	0.287	-0.19	0.02	0.624	0.298	0.0	0.0	0.0	0.0	0.04	-1.044	-0.312	0.006	0.0	-0.005	-0.582	-0.325	-0.281	-0.562	0.0	0.155	0.0	0.163	-0.195	0.486	0.106	-0.228	-0.853	-0.348	0.0	-0.376	0.345	-0.38	0.0	0.0	-0.771	0.006	0.0	-0.172	0.439	0.0	0.028	0.0	0.0	-0.48	0.0	0.183	-0.114	0.0	0.0	0.0	-0.97	0.346	-0.241
adaptation_topic	Blu-3a31_185_wildebeest-6	0.351	0.0	0.393	0.0	-0.625	-0.613	0.051	-0.082	-0.462	-0.423	0.0	0.0	0.0	-0.456	0.0	0.0	0.0	0.0	0.0	0.0	-0.006	-0.263	0.0	0.0	0.211	0.0	-0.183	0.0	0.0	0.0	0.0	-0.903	-0.663	0.443	-0.198	0.0	0.302	0.0	0.0	0.0	0.0	0.0	0.0	0.0	0.558	0.0	0.0	-0.277	0.0	-0.07	0.0	-0.399	-0.477	0.0	-0.551	-1.469	0.0	0.0	-0.41	0.0	0.322	0.0	0.0	0.35	0.308	-0.697	-0.166	0.0	-0.434	0.0	-0.007	-0.542	0.248	0.0	0.0	-0.101	0.0	0.0	0.0	0.343	0.0	0.0	-0.39	0.0	0.0	0.563	0.0	0.0	0.43	0.0
adaptation_topic	Wil-de29_81_wildebeest-3	0.0	0.115	0.716	-0.036	0.0	0.0	0.0	-0.566	0.352	0.591	0.0	0.0	0.0	-0.534	0.0	0.0	0.0	-0.042	0.0	0.0	0.0	0.0	0.0	0.0	-0.309	0.0	-0.185	0.0	0.0	-0.347	-0.006	0.083	-0.497	-0.906	0.0	0.0	0.0	0.0	0.0	0.446	0.298	0.0	0.0	0.0	-0.318	0.052	-0.63	-0.184	-0.006	0.0	0.0	-0.46	-0.289	0.0	-0.198	0.0	0.094	0.0	0.0	-0.066	0.443	-0.243	-0.428	-0.237	0.0	0.0	0.0	0.0	-0.38	0.0	0.0	-0.784	0.0	-0.123	-0.046	0.0	0.0	0.0	0.0	0.0	-0.48	0.0	0.0	0.0	0.0	-0.51	0.0	-0.469	-0.006	0.0
adaptation_topic	Blu-3a31_15_wildebeest-3	0.0	-2.972	0.756	-0.054	0.0	0.0	0.0	-1.353	0.018	-0.175	0.121	0.0	0.0	-0.534	0.0	0.0	0.0	-0.226	0.0	0.0	0.0	0.0	0.0	0.0	-0.309	0.0	0.083	0.0	0.0	-0.347	-0.006	0.083	0.0	-0.906	0.0	0.0	-0.452	0.0	0.0	0.445	0.298	0.0	0.0	0.0	-0.366	0.052	5.83	0.0	0.0	0.0	0.0	-0.46	-0.05	0.0	-0.198	0.0	0.094	0.0	0.0	-0.066	0.443	-0.142	-0.428	0.0	0.0	0.0	0.0	-2.536	-0.38	0.0	0.0	-0.784	0.0	-1.335	-0.046	0.0	0.0	0.0	0.0	0.0	-0.48	0.0	0.0	0.0	0.0	-0.491	0.0	-0.469	-0.006	0.0
adaptation_topic	Blu-3a31_98_wildebeest-8	0.0	0.0	0.393	0.0	-0.625	0.0	-0.075	0.454	0.375	-0.176	0.0	0.0	0.0	-0.433	0.0	0.0	-0.52	0.0	0.0	0.244	-0.473	-0.33	-0.228	0.0	0.103	0.0	0.523	0.0	0.0	0.0	-0.569	-0.124	-0.764	0.398	0.0	0.0	0.262	0.0	-0.094	0.0	-0.338	0.0	0.0	0.0	0.087	0.0	0.154	0.0	0.0	-0.07	-0.621	-0.168	-0.769	0.0	-0.551	-1.366	0.0	0.0	-0.41	0.0	-0.192	0.0	0.338	-0.414	0.308	-0.697	-0.061	0.904	-0.533	0.0	0.347	-0.542	0.0	0.0	0.0	-0.018	-0.195	0.0	0.295	-0.019	0.0	-0.075	-0.382	-0.192	0.0	0.0	0.0	0.0	0.16	0.191
adaptation_topic	Blu-3a31_44_wildebeest-11	0.0	0.112	0.332	0.0	-0.585	0.0	-0.375	-0.566	0.0	-0.374	0.0	0.0	-1.089	-0.534	-0.115	0.0	-0.046	0.09	0.0	0.0	0.0	-0.48	0.0	0.0	-0.428	0.0	0.0	0.0	0.005	-0.445	-0.388	-0.309	-0.128	-0.398	0.0	0.083	0.0	-0.312	0.0	0.0	0.298	-0.292	0.0	-0.508	-0.504	0.0	-0.597	0.0	0.0	-0.196	-0.347	-0.915	-0.05	0.0	0.0	-0.035	0.0	0.0	0.352	0.179	0.0	0.0	-0.317	0.0	0.0	-0.55	0.0	-0.127	-0.558	0.0	0.0	-0.263	-0.198	0.0	0.0	0.086	0.0	0.298	0.0	0.0	0.0	0.0	0.0	-0.114	0.714	-0.377	0.211	0.0	-0.006	0.701
adaptation_topic	Wil-de29_52_wildebeest-3	0.022	0.0	0.0	0.0	0.0	0.049	-0.147	0.0	-0.194	-0.145	-0.815	0.0	-0.55	0.0	0.422	0.052	0.0	-0.257	0.0	-0.046	0.0	0.0	0.0	-0.445	-0.147	-0.145	0.0	0.065	0.0	-0.341	-0.93	0.0	-0.409	-0.508	0.0	0.0	0.0	-0.198	0.714	-0.856	-0.48	-0.437	0.0	-0.006	0.0	0.0	-0.618	0.867	0.0	0.0	0.866	-1.079	0.0	0.0	0.0	0.0	0.0	0.0	0.0	-0.698	0.0	-0.131	-0.552	0.0	0.0	-0.227	0.0	0.083	0.0	0.079	-0.13	0.096	0.0	-0.291	0.0	0.0	0.0	0.0	0.0	0.0	0.0	-0.108	0.0	0.191	0.0	0.0	0.352	0.0	0.0	0.0
adaptation_topic	Wil-de29_52_wildebeest-12	0.0	0.044	0.72	0.0	-0.39	-0.621	0.083	0.0	0.0	-0.839	0.0	0.0	-1.089	0.06	-0.13	0.0	-0.046	0.446	0.0	0.0	0.0	-0.48	-0.569	-0.572	-0.663	0.0	-0.302	0.0	0.153	-0.445	-0.305	-0.151	-0.57	0.0	-0.109	0.083	0.0	-1.973	-0.638	0.0	0.05	-0.641	0.0	-0.527	-0.437	0.0	-0.024	0.0	0.0	-0.196	-0.076	-1.115	0.0	0.0	0.0	-0.035	0.0	-0.643	0.432	0.1	0.0	0.0	0.814	0.035	0.0	-0.55	0.0	-0.108	-0.236	0.0	-0.165	-0.263	-0.198	0.0	0.0	0.086	0.0	0.298	0.0	0.285	0.0	-0.237	0.0	0.348	0.714	-0.284	0.211	0.0	0.0	0.425
adaptation_topic	Blu-3a31_44_wildebeest-3	0.33	0.0	0.0	0.0	0.0	0.134	0.115	-0.566	-0.194	-0.596	0.0	0.0	-0.22	-0.534	-0.317	0.052	0.0	0.211	0.0	-0.046	0.0	0.0	0.0	-0.445	-0.446	-0.145	0.0	0.0	0.0	-0.382	0.096	0.0	0.0	-0.906	0.0	0.0	0.0	-0.198	0.714	-0.856	-0.181	-0.504	0.0	-0.006	0.0	0.0	0.0	0.346	0.0	0.0	0.0	0.0	-0.05	0.0	0.0	0.0	0.0	0.0	0.0	-0.782	0.0	-0.658	-0.552	0.0	0.0	0.0	0.0	0.083	-0.38	0.0	-0.13	0.096	0.0	0.175	0.0	0.0	0.0	0.0	0.0	0.0	0.0	-0.127	0.0	0.0	0.0	0.0	0.352	0.0	-0.006	0.0
adaptation_topic	Blu-3a31_96_wildebeest-3	0.0	-0.224	0.834	-1.621	-0.784	-0.183	-1.718	-0.642	-0.103	0.324	0.101	0.0	0.0	-0.534	0.0	0.0	0.0	-0.399	0.0	-0.517	-1.045	0.0	0.0	-1.112	-0.585	0.0	-0.845	0.0	-0.821	-0.347	-0.006	0.066	-0.616	-1.203	0.0	0.0	-0.532	-0.33	0.0	-0.144	0.652	0.0	0.0	0.0	-0.794	0.052	-0.241	-0.259	-0.377	0.0	0.0	0.107	-0.336	0.0	0.417	0.0	-0.402	0.0	-0.375	-0.468	1.006	-0.248	-0.844	-0.401	0.444	0.0	0.0	-0.442	-0.38	-0.013	0.0	-1.431	-0.068	-0.503	-0.046	0.0	0.0	0.0	0.0	0.088	-0.48	0.0	0.0	0.0	-0.122	0.327	0.0	-1.587	-0.006	-0.895
adaptation_topic	Blu-3a31_50_wildebeest-9	0.0	0.0	0.564	-0.48	-0.672	0.0	0.32	-0.566	-0.308	-0.371	-0.347	0.0	0.0	-0.7	0.335	0.0	0.0	-0.109	0.0	0.041	0.116	0.328	0.0	0.04	0.0	0.0	0.0	-0.159	-0.046	0.0	0.0	-0.43	-0.523	-0.154	0.0	0.051	0.348	-0.368	0.0	0.148	0.349	0.0	-0.018	0.0	-0.051	0.0	0.0	0.0	0.0	-0.406	0.162	-0.053	-0.05	0.0	-0.551	-0.912	0.334	0.0	-0.41	0.0	-0.089	0.0	0.0	-0.088	0.308	-0.698	-0.061	0.0	-0.886	-0.662	-0.375	-0.184	-0.065	0.0	-0.795	-0.106	0.0	0.0	0.0	0.407	0.0	0.0	-0.39	0.0	0.0	0.352	-1.235	0.0	-0.006	0.0
adaptation_topic	Blu-3a31_93_wildebeest-3	0.349	-0.29	0.113	-0.32	0.05	-0.287	-0.45	-0.595	0.0	-0.279	0.0	0.0	0.0	-0.488	0.0	-0.945	-0.202	-1.289	0.0	0.0	-0.59	-0.134	0.0	-0.368	-0.44	0.0	-0.552	0.0	0.06	0.0	0.0	-0.106	0.154	-0.801	0.0	0.296	0.0	-0.469	0.0	-0.088	0.298	0.0	0.088	0.0	-0.431	0.0	-0.608	-0.525	-0.759	-0.156	0.0	-0.27	-0.366	0.0	0.0	0.0	-0.562	0.0	-0.161	-0.182	0.912	-0.439	-0.693	-0.583	-0.329	0.0	0.0	-0.621	-0.012	-0.443	0.0	-0.439	-0.032	-0.386	0.0	0.0	0.0	0.0	-0.344	0.0	0.0	0.0	0.0	-0.558	0.0	0.15	0.0	-1.091	-0.006	0.0
adaptation_topic	Blu-3a31_116_wildebeest-3	-0.019	0.0	-0.062	0.306	0.0	-0.091	0.0	-0.868	0.352	-0.083	0.0	0.0	0.0	-0.868	0.059	-0.208	0.0	0.0	-0.12	0.275	-0.356	0.0	0.0	-0.396	-0.614	-1.066	0.432	0.0	-0.491	-0.347	-0.791	-0.009	0.0	-0.658	-0.172	0.0	0.259	0.0	-0.099	-0.888	0.298	-0.213	0.0	0.0	0.0	0.174	-1.051	0.0	0.0	0.0	-0.822	-0.429	-0.05	-1.056	-0.431	-0.477	-0.859	0.0	0.0	-0.04	-0.186	0.0	-0.149	0.0	0.0	0.0	-1.225	0.0	-1.35	-0.256	-0.08	-1.06	-0.283	-0.133	-0.371	0.0	-0.021	0.0	0.0	0.0	-0.396	0.0	0.0	-0.289	-0.233	0.0	0.0	0.0	-0.006	0.0
adaptation_topic	Afr-3b7b_181_wildebeest-38	0.679	-0.534	-0.388	0.0	-0.419	-0.067	0.0	-0.454	-0.723	0.0	-0.109	-0.315	0.0	0.494	-0.393	-0.13	0.264	1.245	0.0	-0.963	0.032	0.0	-0.071	0.188	0.2	-0.32	0.0	0.0	0.0	0.122	0.186	-0.259	0.0	-0.312	-0.18	-0.54	0.0	0.0	-0.228	0.753	0.0	0.097	0.707	0.0	0.43	-0.025	-0.483	0.0	0.152	0.004	0.0	0.0	-1.8	-0.081	-0.262	-0.061	-0.545	-0.211	0.193	0.092	-1.024	0.0	-0.278	-0.302	-0.546	-1.193	0.147	0.0	0.0	-0.703	-0.332	-0.444	0.406	0.033	-0.143	0.0	0.0	0.0	-0.416	0.0	0.319	0.0	0.0	-0.37	-0.378	-0.133	-0.731	0.349	0.488	0.853
adaptation_topic	Blu-3a31_127_wildebeest-3	0.337	0.0	0.335	0.0	0.121	0.0	0.0	0.0	-0.238	0.0	0.314	0.0	-0.126	0.0	0.0	-0.056	0.0	-0.704	-0.019	0.0	0.0	0.0	-0.111	0.0	0.0	-0.598	0.0	0.0	0.0	0.0	-0.345	0.172	-0.288	0.178	0.0	-0.59	-0.457	-0.405	0.0	0.0	-0.532	0.127	0.0	0.207	0.0	0.0	-0.021	0.0	0.0	0.492	0.421	-0.635	-0.489	0.065	0.058	0.0	0.0	0.0	-1.11	0.152	-0.955	0.0	0.0	-0.063	0.0	0.0	-0.094	-0.442	0.0	0.0	0.0	0.0	0.0	0.0	-0.065	0.0	-0.601	0.0	0.0	0.0	0.0	-0.259	0.0	0.347	-0.189	0.0	-0.331	0.0	0.0	0.0
adaptation_topic	Bon-fbc3_96_bongos-6	-1.799	0.0	-0.266	-0.155	0.0	0.0	0.0	0.0	-0.852	0.0	-0.066	0.0	0.0	-1.136	0.0	-1.186	0.0	0.0	0.379	0.326	-0.293	0.0	0.0	-0.74	0.0	0.0	0.0	0.351	0.0	0.0	-1.264	-0.324	0.0	0.072	0.0	0.0	-1.239	-0.553	-0.148	-0.333	-0.011	0.0	0.0	0.0	0.0	-1.093	0.313	-0.353	0.069	0.067	0.0	0.533	0.0	0.083	0.286	-0.783	0.0	0.0	0.0	-0.692	0.0	0.0	-0.032	0.0	-0.536	0.0	-2.451	0.0	0.0	0.435	-0.754	0.0	0.0	-4.648	0.0	0.0	0.0	0.0	-0.453	0.13	0.0	0.089	0.0	0.0	0.192	0.0	-0.056	0.0	0.052	0.0
adaptation_topic	Bon-fbc3_101_bongo-16	0.0	0.0	0.0	0.0	0.0	-0.923	0.0	-0.538	0.0	-0.191	-0.228	0.0	-0.745	-0.534	0.075	0.0	-0.43	0.0	0.0	-0.175	-0.183	0.0	0.171	0.0	0.052	-0.009	0.0	-0.181	-0.677	0.0	-0.787	0.0	0.0	-0.398	0.422	0.0	0.0	0.0	0.0	0.836	-0.009	0.0	0.0	0.0	-0.006	0.0	-0.622	0.0	-0.094	0.075	-0.347	-0.329	-0.173	-0.35	0.0	-0.4	-0.931	0.225	0.011	-0.57	-0.205	-0.363	-0.621	-0.474	-0.953	-0.324	0.0	0.0	-1.05	0.0	0.0	-0.344	0.032	0.0	-0.144	-0.043	0.193	0.008	0.0	-0.198	0.0	-0.204	-0.414	-0.217	0.0	0.0	0.004	-0.474	-0.006	0.0
adaptation_topic	Bon-fbc3_101_bongo-9	-0.305	0.0	0.0	0.172	0.0	0.0	0.0	-0.566	0.352	-0.305	0.0	0.0	0.0	-0.534	0.0	0.0	0.106	0.418	0.347	0.0	0.0	-0.489	0.0	0.0	0.0	-0.548	0.111	0.0	0.0	-0.347	-0.006	0.3	0.0	-0.398	-0.695	0.0	0.566	0.0	0.0	0.293	0.298	0.052	0.0	-0.564	0.0	0.052	-0.615	0.0	0.095	-0.348	0.0	-0.595	-0.393	0.0	-0.198	-0.481	0.298	-0.017	0.0	-0.639	0.0	0.0	0.0	-0.612	0.0	0.03	0.0	0.0	-0.881	-0.283	0.0	-0.879	-0.105	0.0	-0.046	-0.426	0.0	0.071	0.053	0.0	-0.48	0.0	0.0	-0.74	-0.199	0.0	0.0	0.0	-0.006	0.0
adaptation_topic	Bon-fbc3_102_bongos-4	0.0	0.0	0.44	0.0	-0.635	0.0	0.0	0.0	-0.256	-0.138	0.0	0.211	0.0	-0.917	0.0	0.0	0.0	-0.032	0.0	-0.967	-0.384	-0.173	0.429	0.05	0.0	0.0	0.0	-0.323	0.0	0.0	0.0	-0.592	0.0	0.328	0.0	-0.656	0.165	0.0	0.0	0.369	-0.621	0.0	0.0	0.0	0.0	0.0	0.0	0.0	0.0	-0.29	-0.035	-0.284	0.05	0.0	-0.874	-0.511	0.274	0.06	-0.196	-0.219	-0.022	0.0	0.0	0.04	0.0	-0.257	0.0	0.0	-0.559	0.0	-0.034	-0.246	-0.354	0.0	-0.344	-0.096	0.0	0.0	0.0	0.083	-0.532	0.0	0.009	0.0	0.0	0.0	0.0	0.0	0.0	0.0
adaptation_topic	Bon-fbc3_62_bongos-6	-0.164	0.0	0.653	0.0	-0.031	-0.294	0.0	0.0	-0.248	-0.631	0.046	0.0	-0.192	0.0	0.511	0.052	0.0	-0.209	0.0	-0.334	-0.914	0.0	0.0	0.0	-0.161	-0.612	0.0	0.0	0.0	0.0	0.0	0.0	0.0	0.0	-1.236	0.356	0.0	-1.129	0.0	-0.694	-0.48	0.0	-0.066	-0.006	0.093	0.0	0.0	-0.35	0.0	0.0	0.0	-1.213	-1.143	0.0	0.0	0.0	0.0	0.0	0.0	0.0	0.317	0.128	-0.519	-1.429	0.003	-1.303	0.0	-0.005	0.0	0.031	-0.404	-0.347	0.0	0.0	0.0	0.0	-0.34	0.0	-0.986	0.507	0.0	-0.441	0.0	0.0	0.0	-0.87	0.352	0.0	0.0	0.0
adaptation_topic	Bon-fbc3_7_bongo-5	0.035	-0.268	0.0	-1.039	-1.104	0.0	-0.284	-0.566	-0.223	-0.114	-0.029	0.0	-0.384	-0.534	0.0	0.0	-0.248	-0.537	-0.616	0.0	0.0	0.0	-0.591	0.259	-0.204	0.0	-0.018	-0.807	0.0	-0.243	-0.283	0.156	0.495	-0.678	-0.301	0.0	-0.244	0.202	-0.304	-0.26	0.047	-0.379	0.0	0.0	0.0	-0.73	-0.714	0.0	0.0	0.0	0.686	0.27	0.352	-0.918	-0.212	-0.601	-1.344	0.0	-0.513	-0.772	-0.143	0.0	-0.323	0.0	-0.43	0.0	-0.445	-0.623	-0.38	0.0	0.047	-0.131	0.0	0.0	0.947	-0.585	0.0	0.0	0.478	0.366	0.374	-0.506	0.0	-0.489	0.0	0.0	1.685	0.0	-0.006	0.0
adaptation_topic	Bon-fbc3_59_bongo-2	0.524	0.0	-0.551	0.0	0.0	-0.526	-0.645	-0.868	0.0	-0.23	0.0	0.069	0.0	-0.534	0.0	-0.01	0.0	0.0	-0.227	0.33	-0.568	-1.077	0.0	0.0	-0.501	-0.97	0.0	0.0	-0.491	0.0	0.178	0.308	0.056	-0.398	-0.067	0.0	0.234	-0.553	0.0	0.103	0.298	-0.349	-0.577	0.0	-0.509	-0.027	-0.316	-0.854	-0.208	0.0	0.0	-0.106	-0.05	-0.295	0.0	-0.482	-1.46	-0.166	-0.03	0.056	0.322	0.16	-0.163	0.0	0.023	-0.606	0.0	0.0	0.131	0.0	-0.457	-0.417	-0.18	-0.764	0.057	0.0	0.06	0.0	0.0	0.0	0.0	0.0	0.0	0.0	0.0	0.0	0.0	-0.307	-0.819	-0.354
adaptation_topic	Bon-fbc3_8_bongo-5	0.481	-0.268	0.0	-0.867	-0.368	-0.289	0.092	-0.566	0.094	-0.343	-0.238	0.0	-0.153	-0.534	-0.263	-0.211	0.0	-0.237	0.103	0.0	0.0	0.0	-0.354	0.296	0.0	0.0	0.0	-0.407	0.383	-0.243	-0.239	0.0	-0.057	-0.563	-0.869	0.0	0.0	-0.355	-0.304	0.369	0.298	0.0	0.437	-0.046	0.0	0.0	-0.839	0.0	-0.045	0.0	0.158	0.21	-0.05	-0.071	0.0	-0.601	-0.278	0.0	-0.176	-0.644	0.0	0.397	-0.531	0.194	0.0	0.0	0.0	-0.683	0.497	-0.698	-0.446	-0.344	0.0	0.0	0.264	0.0	-0.436	0.0	0.18	-0.193	0.0	-0.451	-0.343	-0.915	0.0	-0.245	0.589	-0.782	-0.235	0.0
adaptation_topic	Bon-fbc3_2_bongo-2	-0.51	-0.19	0.0	0.042	-0.809	-0.558	-0.184	-0.54	0.352	0.223	-0.511	-0.246	0.0	-1.151	-0.155	-1.004	0.0	0.934	0.0	0.275	-0.206	-0.056	0.0	-0.266	0.0	-1.225	0.353	-0.399	0.0	-0.347	-0.082	0.0	-0.686	-1.17	0.0	0.0	0.391	0.0	0.0	1.743	0.157	0.0	-0.127	0.0	0.737	0.007	-0.971	0.0	0.0	-0.553	0.0	-0.476	-0.05	0.0	-0.198	0.0	-0.201	0.0	0.0	-0.453	-0.528	0.0	-0.149	0.0	0.0	0.0	-0.463	0.0	-0.38	-0.526	-0.44	-0.8	0.0	-0.057	0.213	0.0	-2.059	0.0	0.298	0.0	-0.396	0.0	0.0	0.0	-0.3	0.0	0.229	-0.167	-0.006	-0.743
adaptation_topic	Bon-fbc3_58_bongo-12	0.0	-0.155	0.265	0.0	-0.393	-0.393	0.0	-0.325	0.0	0.0	-0.413	0.0	0.0	-0.913	0.0	-0.36	-0.07	-0.623	0.0	-0.446	0.0	0.0	0.0	0.393	-0.018	0.0	0.018	0.238	0.0	-0.386	-0.542	0.0	-0.404	-0.495	-0.223	-0.305	0.0	-0.523	0.0	0.229	0.353	0.0	0.0	0.064	-0.392	0.0	0.0	0.0	-0.006	0.121	0.0	-0.051	-0.355	0.0	-0.943	-0.066	0.0	0.0	0.0	0.0	0.0	-1.562	0.0	-0.034	0.0	-0.216	0.0	0.0	-0.624	-0.625	0.0	-0.144	-0.158	0.0	0.0	0.193	-0.263	0.0	0.0	0.0	0.0	0.0	0.0	0.0	0.0	0.0	0.0	0.0	-0.192	0.0
adaptation_topic	Pra-7b55_47_buffalo-16	0.0	0.0	0.0	0.0	-0.236	0.0	-0.138	-0.016	0.0	-0.314	0.0	0.0	0.0	0.0	0.0	0.0	0.0	-0.142	0.0	0.0	0.0	-0.614	-0.659	0.0	0.0	-0.179	0.0	0.0	0.76	-0.334	-0.199	0.0	-0.663	0.0	0.0	0.0	0.0	0.0	-1.015	0.0	0.304	0.0	0.0	0.0	0.0	-0.54	-0.762	0.246	0.0	0.0	0.0	-0.155	-0.36	0.0	-0.046	0.0	0.192	0.0	-0.199	0.0	0.0	0.0	0.0	0.0	0.0	-0.312	-0.284	-0.564	-0.136	0.0	0.27	-0.491	0.0	0.0	-0.222	0.0	0.0	0.0	0.0	0.0	-0.492	0.172	0.0	0.316	0.0	0.0	0.0	-0.366	0.0	0.0
adaptation_topic	Dee-529a_73_buffalo-61	0.142	0.0	0.577	0.0	-0.863	1.077	0.46	-0.643	0.06	-0.038	0.0	0.0	-0.448	-0.271	0.106	0.0	0.0	-1.069	-0.785	0.497	-0.275	0.0	-0.051	0.0	-0.283	0.035	-0.109	-0.89	-0.287	0.0	-0.961	-0.504	0.185	0.42	-0.796	0.183	-0.072	-0.327	-0.671	-0.41	0.045	0.0	0.0	-1.958	0.0	0.0	0.671	-0.392	0.0	-1.221	0.569	-0.884	-0.061	0.0	-0.643	-0.613	0.0	-0.133	0.0	1.58	-0.342	-0.259	0.0	0.241	0.0	-0.112	-1.32	0.0	-0.342	-0.108	-0.128	-0.543	0.068	-0.633	0.321	-0.927	0.0	0.0	-0.792	0.536	0.0	0.0	0.316	-0.492	-0.109	0.0	-1.647	0.0	0.0	0.0
adaptation_topic	Cat-98ff_90_buffalo-33	0.486	-0.051	0.0	-0.179	-0.608	0.0	-0.353	-0.64	-0.126	-0.827	-0.445	-1.222	0.0	-0.649	0.0	-0.48	-0.302	0.0	-1.91	-0.008	-0.701	-0.254	0.0	-1.176	-0.261	-0.151	-0.83	-0.862	0.13	0.364	-0.212	-0.035	0.0	-0.024	-0.388	0.328	-0.008	-0.957	0.052	-0.368	0.353	0.0	-0.37	0.0	-0.609	0.378	0.0	0.0	-0.853	-0.297	-0.491	0.308	-0.098	-2.004	0.0	-0.026	-1.09	0.0	0.0	-0.302	-0.449	0.0	-0.1	-1.121	-0.032	0.0	-0.41	0.754	-0.239	-0.44	-0.512	-0.189	0.44	-1.105	0.729	-0.048	0.0	-0.082	0.322	-1.362	0.84	0.701	0.37	0.0	-0.203	-0.801	-0.879	0.0	-0.192	0.303
adaptation_topic	Liz-2f75_9_buffalo-30	-0.237	0.0	0.185	0.0	-0.594	0.0	-0.068	-0.327	0.0	-0.592	0.0	0.0	0.0	-0.366	-0.059	-0.03	0.0	-0.3	0.0	0.0	0.0	-0.762	0.655	0.0	0.0	0.301	0.0	-0.148	-0.424	-0.233	-0.284	0.0	-0.638	0.0	0.142	0.0	0.0	-0.701	-0.301	-0.3	0.0	0.0	-0.388	-0.293	-0.536	-0.64	0.0	0.0	-0.058	-0.199	-0.197	0.0	0.0	-0.306	0.0	-0.301	-0.101	0.0	0.0	0.0	-0.232	-0.731	0.062	-0.865	0.0	-0.306	0.258	-0.104	0.005	0.0	0.718	-0.3	0.0	-0.48	-0.155	-0.151	0.27	0.0	0.0	0.0	0.0	0.176	0.0	0.0	-0.401	0.0	0.0	0.0	-0.607	0.604
adaptation_topic	Afr-354e_32_buffalo-3	0.0	0.0	0.0	0.0	0.396	0.0	-0.742	0.0	0.0	0.0	0.0	0.195	0.0	0.0	0.0	0.0	0.0	0.0	0.0	0.0	0.0	0.0	0.0	0.0	-0.305	0.0	0.0	-0.029	0.141	0.0	0.0	0.316	0.0	0.09	-0.741	0.0	0.008	0.007	0.0	0.0	-0.304	0.0	0.0	0.0	-0.504	0.113	0.0	0.0	0.0	0.0	0.0	0.0	0.0	0.0	0.0	0.0	-0.285	0.0	-0.292	0.0	0.0	0.0	0.0	0.0	0.0	0.0	0.0	-0.134	0.0	0.0	0.0	0.0	0.0	0.0	0.476	0.0	0.0	0.0	0.224	0.0	0.0	0.713	0.0	0.0	0.0	0.0	0.391	0.0	0.0	0.0
adaptation_topic	Afr-354e_89_buffalo-7	0.304	0.0	0.0	0.0	-0.406	-0.468	-0.271	0.0	0.0	0.0	0.0	0.437	0.0	0.0	0.0	-0.094	0.0	0.0	0.0	-0.22	0.0	-0.126	-0.243	-0.281	0.0	0.0	0.028	-0.378	0.0	0.028	0.153	0.0	0.699	0.0	0.0	0.0	0.273	0.0	0.0	-0.014	-0.229	0.309	0.0	-0.473	0.0	0.0	0.0	-0.531	0.0	0.0	0.0	0.0	0.0	0.044	-0.564	0.0	0.707	-0.901	0.0	0.0	0.0	-0.236	0.208	-0.386	0.026	0.0	-0.574	0.0	-0.825	0.0	0.0	0.471	0.0	0.0	0.0	0.0	0.0	0.0	-0.688	0.0	-0.192	-0.062	-0.228	0.0	0.187	0.0	0.0	0.0	0.0	0.0
adaptation_topic	Asi-f65e_69_cows-34	-0.835	0.114	-0.181	-0.756	-0.464	-0.868	-1.243	-0.37	-0.05	-0.273	-1.182	0.0	-0.02	0.366	-0.244	0.0	-0.799	-0.237	0.0	0.0	-0.523	-1.261	0.0	-0.249	-0.841	0.0	-0.775	0.0	-0.125	-0.424	0.212	1.058	0.449	-1.215	-0.338	-0.185	0.021	0.0	0.0	1.228	0.0	-0.092	0.0	-0.489	-2.352	0.184	-0.156	-0.648	0.654	-0.119	-0.553	-1.165	-0.53	-0.066	0.24	0.0	-0.299	-0.349	-0.828	-0.837	1.7	-0.085	-1.718	0.806	-0.156	0.0	0.0	-0.784	-0.467	-0.006	-0.655	-1.092	-1.589	0.715	-0.35	0.0	-0.469	-0.101	0.148	0.0	-0.296	0.0	0.0	0.19	-0.061	0.087	-0.99	-2.028	-0.198	0.513
adaptation_topic	Aur-c4ea_62_cows-27	-0.287	0.0	-0.327	-0.222	-0.508	-0.59	0.0	0.0	0.0	-0.627	-0.009	0.115	0.0	-0.162	-0.004	0.0	-0.525	0.087	0.0	0.238	-0.183	0.0	0.0	0.0	-0.469	0.103	-0.166	-0.549	-0.616	0.354	0.0	-0.265	0.0	0.0	0.0	-0.354	0.0	0.0	0.0	0.227	-1.251	0.0	0.0	0.0	0.0	-0.694	-0.632	-0.738	-0.328	0.014	-0.292	-0.652	0.0	0.083	-0.56	-0.157	-0.168	0.301	0.0	-0.566	-0.449	0.0	-0.621	-0.741	-0.473	0.445	0.0	0.0	-0.184	0.0	0.0	-0.838	-0.556	0.0	0.0	0.299	0.401	0.061	0.0	-0.197	0.264	-0.08	-0.414	-0.743	0.0	0.0	0.225	0.0	0.0	0.0
adaptation_topic	Aur-c4ea_87_cows-13	0.0	-0.057	0.393	0.0	-0.912	0.098	-0.259	0.306	0.0	-0.36	0.0	0.0	0.0	0.852	0.0	0.08	0.0	0.0	0.0	0.0	0.0	-0.658	-0.283	0.0	0.0	0.0	0.0	0.352	0.0	-0.079	-0.458	-0.19	0.195	0.238	-0.347	0.0	-0.476	0.0	0.0	0.0	0.0	-0.232	-0.131	0.0	0.0	0.0	0.0	0.309	-0.613	-0.07	-0.678	0.025	0.0	0.0	-0.006	-0.621	-0.033	0.0	0.0	0.0	-0.263	0.0	0.0	-0.48	0.0	-0.305	0.0	0.0	-0.277	-0.565	0.013	-0.542	-0.949	-0.198	-0.02	-0.018	0.052	0.0	0.0	-0.4	-0.355	-0.694	-0.652	0.0	0.0	0.0	0.0	0.0	0.0	0.0
adaptation_topic	Aur-c4ea_79_cows-30	-0.612	0.0	0.83	0.0	-1.924	0.027	-0.781	0.0	0.0	-0.384	1.185	0.181	-0.196	-0.357	0.454	0.0	-1.464	0.421	-0.651	-0.195	-0.796	0.05	-1.388	0.0	0.571	0.0	0.0	0.0	0.0	-0.453	0.35	-0.332	0.004	0.16	-0.538	-0.184	0.152	-0.694	0.301	-0.299	-1.109	0.0	0.406	0.0	0.0	0.0	0.184	0.0	0.824	-0.641	-0.94	-0.257	0.0	-0.005	0.441	-0.622	-0.332	-0.803	-0.058	-0.785	0.007	0.0	-0.845	-0.652	-0.096	-0.785	-0.3	0.0	-0.279	-0.266	-0.476	-1.446	-1.791	0.0	0.401	-0.418	0.0	0.158	0.082	-0.459	-0.049	0.213	-0.36	-0.173	0.0	0.0	-0.364	0.0	0.0	-0.113
adaptation_topic	Aur-c4ea_75_cows-4	0.0	0.036	-0.264	0.0	0.0	-0.37	-0.654	0.0	-0.279	0.0	-0.018	0.058	0.0	0.0	0.023	0.0	-0.293	-0.575	0.0	0.569	-1.131	0.0	0.0	-0.072	0.0	-0.806	0.04	-0.301	0.106	0.0	-0.63	0.0	-0.046	0.0	0.225	0.0	0.0	-0.203	0.0	-0.14	0.0	-0.631	0.0	0.0	0.185	0.232	0.0	-0.604	0.273	0.0	0.0	-0.342	0.0	-0.573	-0.653	-0.328	0.0	0.0	-0.694	0.0	0.0	0.0	0.061	0.0	0.0	-0.308	-0.406	0.052	0.0	0.352	-0.462	-0.354	-0.582	-0.267	0.0	-0.356	-0.308	0.0	-0.178	-0.359	-0.347	-0.543	0.0	-0.39	0.0	0.0	0.466	0.0	0.0	-0.325
adaptation_topic	Dug-bf37_218_cows-14	0.0	-0.282	0.853	-0.679	-0.506	0.075	-0.618	-0.004	0.0	-0.356	-0.429	0.174	0.0	0.0	0.375	0.0	0.0	-0.149	0.0	0.0	0.0	0.703	0.0	-0.31	0.0	-0.219	-0.839	0.0	-0.054	0.039	-0.542	0.061	-0.411	0.077	-0.183	0.0	-0.836	-0.257	-0.443	0.199	0.0	0.0	0.0	0.0	-0.644	0.0	-0.771	0.118	-0.165	-0.338	-0.309	-0.412	0.0	0.0	-0.312	-0.463	-0.741	-0.561	-0.046	-0.019	0.0	0.0	-0.393	0.0	0.303	-0.775	-0.167	-0.589	0.121	0.0	0.0	-0.728	0.0	-0.092	0.0	-0.761	0.0	-0.757	0.0	0.0	0.0	0.0	-0.006	-0.198	-0.66	-0.464	0.0	0.0	-0.376	0.448
adaptation_topic	Rei-38eb_295_cows-6	-0.157	-0.051	0.0	0.0	0.0	-0.157	0.0	0.0	-0.643	0.0	0.213	0.0	-0.208	-0.389	-0.192	-0.448	0.0	-0.049	0.384	0.433	0.0	0.0	0.0	-0.551	0.28	-0.029	0.0	-0.324	0.718	-1.155	-1.217	-0.381	0.0	-0.337	0.0	-0.173	0.967	0.0	-0.057	0.0	0.0	0.246	-0.18	0.0	-0.696	-0.625	0.0	0.03	0.0	-0.24	-0.959	0.0	0.0	-0.62	-0.002	-0.301	-0.722	0.0	0.02	0.0	0.443	0.0	-0.024	-1.179	-0.192	0.331	-0.577	0.0	-0.405	0.896	0.0	-0.392	0.0	-1.245	0.0	0.0	-0.443	0.0	0.0	-0.774	0.0	0.308	0.0	0.0	0.239	-0.268	-0.304	0.0	0.0	0.0
adaptation_topic	Man-5a67_13_cow-4	0.0	0.0	0.148	-0.633	0.789	-0.367	-2.384	-1.316	0.352	0.267	0.0	0.0	0.015	-0.534	0.0	0.0	0.0	0.0	0.306	0.275	0.0	0.0	-0.066	-0.194	0.0	-0.825	0.0	0.0	0.0	0.501	-0.006	0.817	0.0	-1.137	0.0	0.0	-0.531	0.032	0.0	0.434	0.298	0.0	0.198	0.0	0.0	-0.59	-0.767	0.0	0.114	0.469	-0.67	0.013	-0.05	-0.393	-0.328	0.0	-0.303	0.0	0.0	0.412	-0.186	0.0	0.049	-0.679	-0.035	0.0	0.0	-1.091	-0.38	-0.541	0.0	-0.753	0.0	-0.382	-0.046	0.0	0.0	0.0	0.0	0.0	-0.396	0.0	0.0	0.0	-1.402	0.0	0.339	-0.353	-1.095	0.0
adaptation_topic	Man-5a67_2_cows-24	0.0	-0.47	0.745	0.137	-0.35	-0.759	0.0	-0.004	0.367	-0.219	0.0	-0.59	0.0	0.0	0.134	0.0	-1.385	0.0	-0.501	0.0	-0.922	0.0	0.0	-0.31	-0.205	0.0	-0.533	-0.293	0.285	0.0	0.0	-0.666	0.0	0.0	0.0	0.0	-0.093	-0.45	0.0	0.0	0.0	0.0	-0.226	0.0	-0.595	0.0	0.0	0.0	-0.296	-0.029	0.006	-0.401	0.0	0.0	-0.426	-0.819	-0.353	-0.219	0.0	0.0	-0.008	0.0	-0.348	0.0	0.0	-0.306	0.0	-0.37	0.005	0.0	0.0	-0.3	-0.344	-0.092	0.0	0.055	-0.233	0.0	0.0	-0.539	0.142	0.0	0.0	-0.005	-0.66	0.0	0.0	0.0	0.0	0.345
adaptation_topic	Sir-1b7d_2_cows-11	-0.006	-0.062	0.853	0.265	-0.859	0.0	-0.268	-0.604	0.386	-0.356	0.0	-0.616	0.0	0.0	0.361	0.0	0.0	-0.536	-0.361	0.109	0.0	0.0	0.0	-0.31	0.0	0.0	-0.206	-0.328	0.0	0.0	0.0	-0.692	0.0	-0.442	-0.41	0.0	-0.093	-0.257	0.0	-0.551	0.0	0.0	-0.089	-1.085	-0.644	0.0	0.296	0.0	-0.392	-0.338	0.083	-0.459	0.308	0.0	-0.426	-0.463	-0.353	0.101	0.0	0.369	0.0	-0.375	-0.176	0.0	0.0	-1.48	-0.304	-0.266	0.121	0.0	0.0	-0.728	0.0	-0.092	0.0	-0.068	-0.288	0.0	-0.301	-0.307	0.15	0.0	0.0	0.0	-0.689	0.0	-0.523	0.0	0.0	0.215
adaptation_topic	Dug-bf37_20_cows-16	-0.023	0.376	0.0	0.39	0.381	0.0	0.011	-0.855	-0.145	-0.837	0.0	-0.06	0.0	0.0	-0.429	-0.669	0.0	-0.8	-0.978	-0.569	0.0	0.0	-1.0	-0.31	-0.617	-1.665	0.0	0.645	0.0	0.0	-0.833	-0.448	-0.094	-0.044	-0.13	0.0	-0.675	0.26	0.411	0.0	-0.928	-0.223	-0.296	-1.021	-0.655	-0.305	0.559	0.0	0.0	-0.464	0.143	-0.211	-0.296	-0.625	-0.529	0.165	-0.353	-0.863	-0.116	0.406	0.0	-0.184	-0.057	-0.301	0.0	0.307	-0.915	0.0	0.0	-0.608	0.0	0.0	-0.088	0.301	-0.018	-0.015	0.0	0.0	-0.061	-0.467	0.0	-0.151	0.0	-0.681	-0.769	0.54	-0.556	0.0	0.0	0.163
adaptation_topic	Asi-f65e_12_Cows-1	0.0	0.0	0.0	0.0	-0.712	0.421	-0.133	-0.643	0.0	-0.305	-0.021	0.0	0.0	0.0	0.0	0.0	0.212	-0.289	-0.88	-0.513	-0.617	0.0	0.0	0.0	0.0	-0.447	0.0	-0.3	-0.601	0.0	0.0	0.0	0.218	-0.302	-0.067	0.0	0.503	-0.101	-0.058	-0.064	0.0	0.202	0.0	-0.14	0.0	0.0	-0.048	-0.333	0.0	0.0	0.0	-0.122	-0.445	-0.635	0.0	-1.09	-0.408	0.0	0.0	0.168	-0.593	-0.259	0.301	0.0	0.0	-0.563	-0.763	0.0	0.0	0.0	0.0	-0.487	0.0	0.0	-0.345	0.23	0.216	-0.071	-0.061	0.0	0.0	0.0	0.0	0.228	-0.109	0.0	0.0	0.347	-0.658	0.0
adaptation_topic	Sir-1b7d_3_cow-20	0.54	-0.051	0.504	-0.175	0.381	-0.133	-0.418	-0.57	-0.232	0.0	-0.478	0.0	0.0	0.071	0.228	0.0	-0.43	0.0	-0.325	0.0	0.0	0.0	-0.253	-1.491	0.152	-0.609	0.0	0.102	0.0	0.392	-0.13	-0.295	-0.377	-0.61	0.0	0.355	-0.133	0.0	-0.301	0.0	0.596	0.0	0.0	0.138	0.0	-0.229	0.0	-0.112	-0.226	0.0	-0.155	0.0	0.175	0.372	-0.426	-0.061	-1.928	0.0	-0.481	-0.433	0.0	0.0	0.956	-0.302	-0.617	-0.152	-0.41	0.0	-0.659	0.367	-0.431	-0.392	0.0	-0.414	0.235	0.0	0.0	0.19	0.0	-0.376	0.102	0.308	0.0	0.0	-1.119	-0.602	-0.491	0.0	-0.006	0.0
adaptation_topic	Orn-efbf_5_cow-34	0.0	0.0	0.32	0.0	-0.863	0.0	-0.075	-0.14	-0.514	-0.401	0.0	0.0	0.0	-0.24	0.0	0.0	0.0	0.032	0.0	-0.139	0.0	-0.33	-0.054	0.0	0.0	0.0	0.032	0.0	0.0	0.0	-2.161	-0.595	-0.147	-0.256	-0.301	0.0	0.245	0.0	0.0	0.0	-0.372	0.0	-0.161	0.0	0.0	0.0	0.271	0.0	0.0	-0.102	0.65	-0.571	-0.419	0.0	0.0	-1.443	-0.461	0.0	-0.181	0.028	0.137	0.0	0.0	0.213	0.0	-0.112	0.0	0.0	-1.164	0.0	-0.07	-0.19	0.286	0.0	-0.151	-0.502	-0.178	0.0	-0.584	0.558	0.0	0.0	-0.388	-0.12	0.0	0.0	0.0	0.0	-0.006	0.0
adaptation_topic	Asi-f65e_101_cows-6	0.0	-0.006	0.0	0.0	-0.378	-0.443	0.0	0.0	0.0	-0.704	0.0	0.0	0.0	0.22	0.0	0.273	-0.527	0.0	0.266	-0.035	-0.401	-0.301	0.0	-0.551	0.214	-0.408	0.0	0.219	-0.735	-0.548	0.0	0.504	0.237	0.0	0.234	0.0	0.193	-0.178	0.086	-0.157	-0.279	0.797	0.0	0.0	0.019	0.052	-0.6	-0.553	-1.055	0.0	-0.744	-0.369	-0.585	-0.244	0.0	-1.597	-2.491	0.225	0.0	-0.48	0.516	0.0	0.332	0.0	-0.061	-0.471	-0.406	-0.254	-0.89	0.0	-0.386	-0.685	0.032	-0.345	0.0	0.023	0.793	-0.276	0.0	-0.061	0.0	0.353	0.0	-0.193	0.0	0.0	0.0	0.0	-0.389	-0.148
adaptation_topic	Afr-7494_7_cows-12	0.0	0.0	0.445	0.024	-0.625	0.0	-0.343	-1.105	0.0	-0.219	0.0	0.0	0.0	0.0	-0.032	0.0	0.0	-0.277	-0.492	-0.147	0.0	-0.07	0.0	0.0	0.0	0.0	-0.564	-0.317	0.0	0.0	0.0	-0.64	0.0	-0.302	0.0	0.0	-0.759	-0.584	0.617	0.0	0.0	0.0	0.0	-0.423	-1.183	0.0	0.392	0.0	0.0	-0.07	-0.124	-0.126	-0.001	0.0	0.0	-0.223	0.403	-0.714	-0.372	0.57	0.0	-0.259	-0.231	0.0	0.0	-0.305	-0.491	-0.9	0.116	0.0	0.0	-0.837	0.0	-0.198	0.0	-0.018	0.028	0.0	-0.061	0.0	0.707	0.0	0.0	0.0	-0.109	0.0	0.0	0.0	0.0	-0.483
adaptation_topic	Aur-c4ea_123_cows-25	0.0	0.045	0.197	-0.167	0.0	0.0	-0.133	-0.362	0.0	-0.072	0.0	0.447	-0.246	0.0	-0.358	-0.354	0.0	-0.216	-1.283	-0.33	-0.437	0.0	-0.288	0.0	-0.777	-0.461	-0.464	0.212	0.24	0.565	-0.52	-0.106	0.0	-0.705	0.0	0.0	0.0	0.0	-0.022	0.185	0.0	0.0	0.0	0.202	-0.467	0.0	-0.11	0.0	0.0	0.0	0.0	0.458	0.0	0.0	-0.51	0.0	-0.259	0.0	0.0	-0.026	0.564	-0.928	-0.505	0.251	0.0	-0.491	-0.491	-1.102	0.0	-0.363	0.0	0.017	-0.052	0.0	0.0	-0.449	-0.552	0.0	0.475	0.0	-0.15	0.0	0.0	0.0	-0.109	-0.173	0.0	-0.306	0.0	0.0
adaptation_topic	Ind-363f_137_cows-2	0.0	0.062	0.571	-0.3	-0.392	-0.225	-1.443	0.0	0.352	0.007	0.0	0.0	0.0	0.0	0.0	0.0	0.0	-0.374	0.0	0.0	-0.523	0.0	0.0	0.0	-0.252	0.0	-0.559	0.0	-0.41	-0.347	-0.394	-0.013	-1.032	-0.449	0.0	0.0	0.0	-0.822	0.0	0.245	0.0	0.0	0.0	0.0	-0.196	0.052	-0.808	0.0	0.0	0.0	0.426	-0.268	0.0	0.0	0.109	0.0	0.289	0.0	0.059	-0.436	0.845	-0.249	-0.058	0.0	0.0	0.0	0.0	0.0	0.0	-0.006	0.0	-0.729	0.0	0.0	-0.046	0.0	0.0	0.0	0.0	0.0	-0.48	0.0	0.0	0.141	-0.061	0.236	0.0	-1.87	0.0	0.0
adaptation_topic	Top-df25_10_korrigum-21	0.408	0.0	0.708	0.0	-0.625	-0.155	-0.165	-0.696	-0.434	-0.617	0.0	0.0	0.0	0.03	0.0	-0.621	-0.569	-0.235	0.0	0.0	0.246	0.0	0.0	0.0	-0.157	-0.33	0.0	-0.993	0.504	0.0	0.0	-1.108	-0.324	0.027	0.0	-1.051	-0.083	0.0	0.069	0.0	0.0	0.0	0.0	0.0	-0.035	0.0	0.0	-0.324	0.0	-0.07	-0.585	-0.369	-0.964	-0.083	-0.76	-1.377	0.0	-0.191	-0.413	-0.14	-0.694	0.088	-0.344	-0.143	-0.324	-0.564	0.034	0.0	-0.541	0.035	0.051	-0.641	-0.492	0.0	0.0	-0.487	-0.382	0.0	0.0	0.528	0.0	0.0	-0.481	0.116	0.0	-0.261	0.0	0.0	0.0	0.565
adaptation_topic	Top-df25_10_korrigum-28	-0.798	-0.458	-0.68	-0.097	0.616	0.0	-0.309	-0.307	0.148	-0.481	-0.083	-0.515	-0.492	-0.306	-0.945	-1.325	-0.956	-1.83	-0.411	0.855	-0.551	0.0	-0.078	-0.508	0.024	-1.591	-0.269	-1.171	-0.038	0.282	-1.085	0.0	0.212	0.028	-0.282	1.094	0.372	-1.026	0.225	-0.626	0.651	0.0	-0.382	-0.956	0.348	-0.598	0.008	-0.046	-0.173	0.052	0.837	-1.985	0.352	-0.574	-2.13	-1.249	-0.292	0.0	0.115	0.166	-0.304	-0.497	0.107	0.0	0.0	-0.543	-0.307	0.524	0.0	-0.032	0.0	-0.615	-0.177	0.046	-0.367	-0.345	0.373	-0.719	-0.191	-0.592	-0.916	0.0	-0.67	-0.526	-0.235	0.0	-0.214	0.0	-0.391	-0.394
adaptation_topic	Top-df25_10_korrigum-35	0.241	0.252	-0.675	0.0	-0.208	0.052	0.0	-1.969	-0.264	-0.541	-0.165	-0.657	-0.046	0.269	-0.48	-0.42	0.0	-0.645	0.05	-1.189	0.0	-0.114	0.0	0.0	-0.348	0.256	-0.175	1.01	-0.628	0.0	-0.28	0.001	-0.428	-0.247	-0.347	0.0	0.0	-0.452	-0.305	0.0	0.009	0.046	0.152	-0.488	-0.157	-0.439	0.459	0.0	-0.032	0.0	0.593	0.462	-0.565	0.0	0.008	-0.504	-0.275	0.148	0.0	-0.107	-0.204	-0.198	0.398	0.0	0.109	0.0	-0.459	0.0	-0.577	0.0	0.0	-0.191	-0.092	-0.145	-0.064	-0.696	-1.045	-0.773	0.06	0.0	0.0	0.0	0.0	-0.004	0.0	-0.262	-0.289	0.0	-0.855	0.246
adaptation_topic	Top-df25_21_korrigum-13	0.0	0.345	-0.206	0.39	0.541	0.0	-0.355	0.522	0.0	-0.486	0.0	0.576	0.0	0.053	0.339	0.0	0.0	0.459	0.0	-0.111	0.0	0.0	0.0	-0.122	-0.428	0.0	0.0	0.0	0.109	0.0	0.0	-0.309	0.0	0.0	0.33	0.083	-0.649	-0.387	-0.099	0.0	0.0	-0.162	0.0	-0.508	-0.958	0.0	0.0	0.0	0.0	-0.413	-0.978	0.616	0.0	0.0	0.928	-0.096	-0.739	0.0	0.0	0.0	0.0	0.0	-0.742	0.0	-0.316	-0.469	0.0	-0.474	-0.232	0.38	0.0	-0.312	-0.88	-0.21	0.0	0.083	0.0	0.443	0.0	0.0	0.41	0.0	0.0	0.0	-0.56	-0.162	0.0	-0.315	0.0	0.198
adaptation_topic	Sno-d342_91_markhor-29	0.755	-0.562	-0.478	0.0	-0.883	0.0	-0.501	0.0	-1.604	0.352	-0.829	-0.735	0.0	0.0	-0.045	-1.01	0.0	3.505	0.0	-2.313	0.0	-0.113	0.0	0.0	0.0	-0.096	0.024	-1.191	-0.343	-0.046	-0.199	0.0	0.392	-1.315	0.031	0.159	-0.134	0.0	-0.78	0.0	0.255	0.486	-1.051	0.283	0.183	-0.404	0.4	-0.006	0.0	0.65	0.0	0.383	0.0	-0.605	-0.878	-0.363	0.0	0.0	0.052	-0.721	-0.626	0.207	-0.29	-0.852	0.714	-1.118	-0.341	-0.332	-0.948	-1.633	-0.634	0.25	-0.206	0.042	0.009	0.0	0.0	0.0	-0.687	-1.053	0.0	-0.08	-1.505	0.778	-0.131	0.0	0.0	0.423	-0.377	1.185
adaptation_topic	Sai-afdf_60_saiga-4	-0.274	0.0	0.0	0.0	0.0	0.0	-0.114	-0.447	0.0	0.0	0.295	0.0	0.461	-0.534	0.352	-0.59	0.0	0.0	0.088	0.109	0.0	-0.309	-0.315	0.0	0.0	-0.744	0.0	-0.697	0.0	0.0	-0.087	0.443	0.0	-0.398	-0.003	0.0	-0.469	0.276	-0.006	0.0	0.298	0.0	0.0	-0.363	0.0	0.0	-0.288	0.0	0.0	-0.425	-0.071	-0.046	-0.05	-0.428	0.0	-0.352	-0.198	0.052	0.0	0.495	0.0	-0.137	-0.438	0.0	0.0	0.0	0.0	0.0	-0.86	0.0	0.0	0.0	0.203	0.0	0.0	0.0	0.0	0.0	0.0	-0.314	0.0	0.0	-0.347	0.0	0.924	0.0	0.0	0.0	-0.006	0.272
adaptation_topic	Sai-afdf_61_saiga-7	0.0	0.0	0.0	0.0	0.05	-0.868	0.0	-0.566	0.0	-0.232	0.0	0.0	0.0	-0.534	0.0	0.0	0.046	-0.569	0.0	0.0	0.0	0.0	0.0	0.0	0.0	0.0	0.0	0.01	-0.457	0.0	0.0	0.0	0.0	-0.398	0.0	0.0	0.0	0.0	0.0	0.673	0.298	0.0	0.0	0.0	0.0	0.0	-0.562	0.0	-0.113	0.0	0.0	0.36	-0.05	0.0	0.0	-0.499	-0.298	0.0	0.0	-0.401	-0.161	0.0	0.0	0.0	0.0	0.0	0.0	-0.621	-0.012	0.0	0.0	-0.201	-0.032	0.0	0.0	0.237	0.133	-0.28	-0.344	-0.159	0.0	-0.04	0.0	-0.548	0.0	0.0	0.0	-0.173	-0.006	0.0
adaptation_topic	Saidf6a_1_saiga-4	-0.138	0.0	0.0	0.0	0.0	0.0	0.0	0.0	0.0	0.0	0.0	0.0	0.0	0.0	0.0	0.0	0.0	0.0	0.0	0.0	-0.581	-0.208	-1.698	0.0	0.353	-0.023	0.0	0.572	0.0	0.246	0.0	0.0	0.0	0.0	0.0	0.0	0.0	0.0	0.0	0.0	-0.157	0.0	-0.263	0.433	0.0	0.0	0.0	0.0	0.313	0.0	0.0	0.0	0.0	-0.295	-0.651	0.0	0.28	0.0	0.0	0.0	0.0	0.0	0.0	0.0	0.0	0.0	0.0	-0.326	-0.059	0.0	0.0	-0.448	0.0	0.0	0.0	0.0	0.0	0.0	-0.039	0.0	-0.057	0.0	0.0	0.0	0.0	0.0	0.0	0.0	0.0	0.0
adaptation_topic	Sai-afdf_62_saiga-13	-0.262	0.0	-0.692	0.349	-1.026	-0.428	-0.37	-0.101	-0.46	-0.423	0.0	0.0	0.0	-0.3	0.173	0.0	0.0	0.076	-0.449	0.0	-0.025	-0.704	-0.154	-0.048	0.0	0.0	0.0	-0.48	-0.032	0.0	0.0	-0.082	-0.935	0.778	-0.544	0.052	0.378	0.0	-0.285	0.684	-0.694	0.0	-0.084	0.0	-0.094	0.0	-0.184	0.0	-0.591	0.343	0.0	-0.053	-0.782	0.0	-0.621	-0.693	0.0	0.0	-1.256	0.0	-0.427	0.0	-0.395	0.976	0.976	-0.534	-0.041	0.0	-0.434	0.741	0.012	-0.542	0.377	0.0	-0.347	-0.018	-0.295	0.013	1.297	0.41	0.0	0.0	-0.39	0.0	0.0	0.0	0.0	0.0	0.582	0.0
adaptation_topic	Sai-afdf_46_saiga-35	0.0	0.0	0.16	0.0	-0.625	0.0	-0.345	-0.566	-0.06	-0.36	0.044	0.079	0.405	-0.491	-2.442	-0.633	0.0	-0.309	-0.135	0.0	0.0	-0.627	0.09	1.255	-0.672	0.0	0.025	0.0	0.0	-0.36	-0.531	0.069	-0.12	-0.16	0.0	0.688	-0.404	-0.482	0.0	0.0	0.298	0.0	-0.493	-0.361	-0.051	-0.261	-0.2	-0.287	-0.622	-0.07	-0.134	-0.183	0.612	-0.429	-0.588	-0.223	0.0	0.0	-0.41	-0.33	-0.263	-0.259	0.0	0.623	0.308	-1.12	-0.061	-0.366	-0.657	-0.404	-0.263	-1.186	0.0	0.0	0.0	-0.669	0.0	0.0	-0.813	0.0	-0.507	-0.393	-0.652	-0.382	0.0	0.0	0.0	-0.485	0.12	-0.101
adaptation_topic	Sai-afdf_46_saiga-19	0.337	0.0	0.0	0.0	0.0	-1.127	-0.417	0.0	0.0	0.0	-0.506	-0.523	0.0	0.0	0.0	-0.051	0.0	0.065	0.0	0.0	0.0	-0.666	-0.205	-0.36	0.0	0.0	0.066	0.0	0.0	0.239	-0.097	0.0	0.129	0.0	0.0	0.0	0.0	-0.051	0.0	-0.014	0.433	0.025	0.0	-0.41	0.0	0.0	-0.197	-0.461	-0.061	-0.404	0.819	-0.117	-0.135	-0.404	-0.24	0.0	0.326	-0.901	0.0	-0.368	0.0	-0.236	-1.044	-0.263	0.0	0.0	-0.231	0.0	0.0	0.0	0.0	0.306	0.0	0.044	0.0	0.0	0.0	-0.006	-0.454	0.0	-0.326	0.043	-0.392	-0.264	-0.15	0.0	0.0	0.0	0.0	0.0
adaptation_topic	Sai-afdf_63_saiga-8	-0.048	-0.375	0.0	0.0	0.0	0.308	0.0	0.0	0.0	0.0	0.0	0.0	0.0	0.0	0.0	-0.319	0.0	-0.217	0.0	0.0	0.0	-0.104	-0.629	-0.523	0.694	0.0	0.0	0.0	0.439	-0.229	-0.551	0.0	0.0	0.0	0.0	0.0	0.0	-0.051	-0.395	0.0	0.18	0.0	-0.118	0.0	0.0	-0.613	0.0	0.0	0.0	0.588	0.0	-0.082	0.0	0.0	-0.37	-0.281	0.16	0.0	-0.392	0.0	0.514	-0.105	0.0	0.0	0.0	0.211	0.0	0.0	0.0	0.0	-0.224	-0.147	0.599	0.41	0.0	-0.277	0.0	0.0	0.0	0.0	0.123	0.0	-0.225	0.0	0.0	0.0	0.0	0.0	0.0	0.0
adaptation_topic	Sai-afdf_64_saiga-11	-0.093	0.0	-1.027	0.0	0.0	0.163	-0.417	0.0	-0.038	0.318	0.0	0.0	-0.277	-0.392	0.0	-0.051	0.0	0.0	-0.534	0.02	0.0	-0.281	-0.395	-0.695	0.0	0.0	-0.288	0.0	-0.486	-0.118	-0.324	-0.101	0.104	0.328	0.0	0.0	0.0	0.0	0.711	-0.014	-0.012	-0.389	0.0	-0.41	-0.302	0.517	0.0	-0.645	0.0	-0.144	-0.613	0.0	0.0	0.283	-0.331	0.0	0.291	-0.901	0.0	-0.45	0.0	-0.236	-0.132	-0.073	-0.166	0.0	0.0	0.045	0.0	-0.434	0.0	0.64	0.0	0.0	0.0	-0.082	0.0	0.0	-0.679	-0.362	-0.256	-0.215	-0.392	-0.523	0.0	0.0	0.0	0.0	0.0	0.0
adaptation_topic	Iri-77a8_91_saiga-20	-0.632	0.0	0.0	0.0	-0.48	0.0	0.0	0.0	0.0	-0.041	-0.822	0.0	0.0	0.11	0.0	0.0	-0.989	0.02	-0.046	0.0	-0.061	-0.227	-0.629	0.0	0.392	0.0	-0.006	0.0	0.002	-0.229	-0.289	0.0	-0.692	0.0	0.0	0.0	0.0	0.0	-0.198	0.0	0.086	0.0	0.0	0.291	0.0	0.065	0.0	-0.617	-0.259	0.352	-0.569	-0.086	0.127	0.022	-0.37	-0.491	0.573	0.0	0.0	0.0	-0.603	0.0	-0.347	-0.478	0.0	0.0	0.0	0.0	0.0	0.052	0.0	-0.147	0.0	0.0	0.0	0.0	0.0	0.0	-0.189	0.0	0.123	0.0	0.0	-0.017	0.0	-0.109	-0.594	0.0	0.0	0.0
adaptation_topic	Iri-77a8_93_saiga-2	0.42	0.0	0.0	-0.128	-0.407	-0.798	-0.133	-0.945	-0.005	-0.182	-0.228	0.0	0.0	0.0	-0.432	0.291	-0.064	-0.946	-0.624	0.443	-0.183	0.0	0.0	0.0	-0.336	0.103	0.292	-0.898	-0.787	0.0	-1.425	0.534	0.181	-0.379	0.0	0.0	0.02	0.35	0.0	0.137	-0.008	-0.523	0.184	-0.971	0.0	-0.311	-0.28	-0.457	-0.176	0.0	0.142	-1.383	0.0	-0.603	-0.002	-0.457	-0.532	0.0	0.0	0.525	-0.237	-0.259	-0.621	-0.094	-0.473	0.338	-0.491	0.524	-0.109	0.379	-0.267	-0.405	0.0	0.063	0.349	-0.324	0.106	0.184	-0.061	-0.81	0.0	0.064	-0.414	-0.249	-0.346	-0.086	-0.365	-0.45	0.243	0.0
adaptation_topic	Mac-9f03_40_saiga-34	0.304	0.0	0.0	0.0	0.0	-0.521	-0.006	-0.156	0.272	0.0	0.0	0.0	0.0	0.0	0.0	-0.051	0.0	0.0	0.043	0.0	0.0	-0.104	-0.629	-0.37	-0.402	0.0	0.053	0.0	0.0	-0.229	0.0	-0.743	0.0	-0.294	0.0	0.0	0.0	0.0	0.0	-0.014	0.197	0.147	0.0	-0.973	0.0	0.0	0.0	-0.461	0.0	0.0	-0.335	0.0	0.0	0.377	-0.37	0.0	0.573	-1.313	0.0	0.0	0.0	-0.236	-0.477	-0.315	0.0	0.0	0.0	0.0	0.0	0.0	-0.168	0.16	0.0	0.0	0.0	0.0	0.0	0.0	-0.731	-0.455	-0.395	0.032	-0.392	0.0	0.0	0.0	0.0	0.0	0.0	0.0
adaptation_topic	Bov-d455_176_saigas-11	0.252	0.0	-0.814	-0.668	0.0	-1.671	0.0	0.421	0.0	1.157	0.0	0.0	-0.512	-0.315	-0.038	0.194	-0.643	0.038	0.0	0.232	-0.061	-0.984	-0.723	0.0	0.792	-0.02	0.0	0.0	0.713	-0.061	-0.651	-0.248	-0.836	0.0	0.0	0.0	0.0	0.0	-0.113	0.146	-0.198	0.53	0.0	0.475	-0.125	-0.334	0.234	-1.252	-0.686	0.0	0.0	0.0	0.0	-0.672	-0.27	-0.491	-0.393	0.0	-0.396	-0.592	0.0	0.0	0.0	0.0	0.0	-0.06	-0.001	-0.899	0.12	-0.241	0.0	-0.346	0.0	-0.052	-0.455	0.0	0.0	0.0	-0.648	0.0	-0.902	0.0	0.0	0.0	-0.284	-0.109	0.0	0.0	-0.137	0.0
adaptation_topic	Afr-3b7b_120_springbok-26	0.167	0.0	-0.578	0.0	0.0	-0.502	-0.832	0.097	0.32	-0.51	0.308	-0.523	0.0	0.0	0.0	0.0	0.0	0.0	0.036	0.564	0.0	-0.126	-0.417	-0.492	-0.012	0.338	0.477	0.0	-0.521	0.028	-0.109	-0.597	-0.281	-0.502	0.0	0.0	0.0	-0.051	0.724	-0.014	-0.229	0.012	0.0	-0.61	0.022	0.716	0.0	-0.094	-0.061	0.0	0.136	0.0	0.0	-0.565	-1.0	0.0	0.304	-0.388	0.0	-0.243	0.0	-0.236	-0.704	-0.126	-0.162	0.0	0.0	-0.179	-0.719	-0.185	0.139	-0.019	0.0	0.0	0.0	0.0	0.0	-0.006	-0.694	-0.87	-0.907	-0.408	0.0	0.0	0.41	0.0	0.0	0.0	0.0	0.0
adaptation_topic	Din-756f_375_springbok-31	0.746	-0.051	0.0	-0.155	0.0	0.0	0.0	-0.566	-0.543	0.0	0.344	0.0	0.0	-0.636	0.0	0.0	0.0	-0.628	0.0	0.0	-0.293	0.0	0.0	-1.291	0.0	-0.029	0.0	-0.229	0.0	0.436	-0.62	-0.381	0.141	-0.26	0.0	-0.15	-0.374	0.0	-0.851	0.0	0.298	0.418	0.0	-0.498	-0.083	-0.185	0.793	0.0	0.0	-0.096	-0.266	-1.087	0.302	0.0	0.006	-0.702	-0.933	0.229	0.0	0.148	0.0	0.0	-0.059	-0.394	-0.439	0.0	-0.664	0.292	-0.38	0.0	0.0	-0.392	0.0	-0.587	0.0	0.0	-0.374	0.0	-0.453	0.0	0.0	0.396	0.0	-0.305	0.0	-0.268	-0.304	0.0	-0.149	-0.295
adaptation_topic	Spr-39f8_94_springbok-6	0.0	0.0	0.024	-0.48	-0.625	0.0	-0.315	-0.566	-0.321	-0.418	-0.347	0.0	0.0	-0.485	0.0	0.0	0.0	0.065	0.0	0.0	0.0	0.02	0.0	-0.041	0.0	0.0	0.0	-0.617	-0.046	0.0	0.0	-0.774	-0.523	-0.727	0.0	-0.123	-0.091	0.0	0.0	0.191	-0.393	0.0	0.0	0.0	-0.051	0.0	0.0	0.0	0.0	-0.07	0.0	0.22	-0.05	0.0	-0.551	-0.258	0.0	0.0	-0.41	0.0	-0.218	0.0	-0.477	0.45	0.308	-0.697	-0.731	0.0	-1.025	0.032	0.393	-0.542	0.007	0.0	-0.289	-0.018	0.0	0.0	0.225	0.202	0.0	0.0	-0.275	0.0	0.0	0.352	-0.694	0.0	0.141	0.0
adaptation_topic	Spr-39f8_92_springbok-7	-0.612	-0.581	0.57	-1.861	0.189	-0.253	0.0	-0.146	0.0	0.126	0.0	0.0	-0.046	0.106	-0.125	-0.782	0.0	-0.563	0.129	0.0	-0.11	0.236	0.313	0.306	-0.538	0.0	-0.465	0.0	-0.008	0.0	0.143	0.072	-0.26	-0.569	0.0	0.0	0.0	0.152	0.0	-0.208	0.0	0.0	0.0	-0.198	-0.904	0.0	-0.693	-0.144	-0.302	0.0	0.169	-0.149	0.063	0.0	0.0	0.0	-0.493	-0.403	0.0	-0.352	1.185	-0.854	-1.129	-0.782	0.0	0.0	0.0	-0.609	0.323	0.0	0.0	-0.223	-1.068	0.066	0.116	0.0	0.0	0.0	-0.293	0.0	0.0	0.0	0.0	-0.841	0.0	0.291	0.0	-0.62	-0.38	-0.269
adaptation_topic	Che-369e_16_springbok-30	0.644	0.0	0.0	-0.871	0.802	0.0	-0.361	0.0	-0.225	0.072	0.0	-0.132	0.0	0.0	0.0	0.033	0.385	0.679	0.0	-0.138	-0.19	0.0	0.0	-0.863	0.0	0.0	0.0	0.0	0.053	0.344	0.172	0.0	0.0	-0.67	-0.76	0.0	-0.332	-0.24	-0.536	0.0	-0.444	0.0	0.15	0.0	0.0	-0.656	-1.005	0.413	-0.069	0.015	-0.304	0.0	-0.149	0.117	0.0	0.0	0.0	0.0	0.0	0.0	-1.102	0.0	-0.516	0.0	-0.615	0.0	0.0	-0.337	0.0	0.484	0.0	0.0	0.191	-0.845	0.071	0.0	0.0	0.0	-0.761	0.0	0.0	0.314	0.0	0.0	0.0	0.0	0.0	0.0	0.0	-0.046
adaptation_topic	Spr-39f8_101_springbok-22	0.0	-0.091	0.175	-0.348	-0.161	0.815	0.0	-0.786	-0.864	-0.544	-0.911	0.0	-0.193	-0.534	-0.062	0.228	-0.588	0.218	-0.778	0.0	0.0	0.218	-0.668	-0.526	-0.662	0.217	-0.082	-0.604	0.574	-2.713	-0.125	-0.233	0.0	-0.56	0.451	-0.035	0.192	-0.396	-0.626	-0.3	-0.045	0.0	-0.822	0.083	-0.469	0.05	-0.569	0.0	-0.517	0.326	-0.146	0.0	-0.896	0.054	-0.233	-0.612	-0.089	0.0	-0.064	-0.48	0.0	0.0	-0.368	0.0	0.0	-0.658	0.174	-0.964	-0.948	0.416	0.0	-0.811	-1.498	-0.286	0.0	-0.771	0.072	0.0	0.0	0.025	-0.309	0.23	-0.006	-0.198	-1.09	0.317	0.0	0.0	-0.156	0.432
adaptation_topic	Afr-3b7b_182_springbok-36	0.369	-0.548	0.09	0.0	-0.227	0.0	0.0	0.0	-0.225	0.0	0.0	0.0	-0.328	0.0	-0.032	-1.025	0.0	1.146	-0.551	-1.769	0.0	0.0	0.0	0.0	0.0	0.617	0.0	0.0	0.0	0.392	0.172	-0.259	-0.443	-0.181	0.0	0.0	0.0	-0.66	0.0	0.0	0.0	0.0	0.508	0.0	-0.074	-0.123	-1.605	0.0	0.0	0.0	0.0	0.0	0.0	0.0	0.0	0.351	-0.643	-0.099	0.0	-0.353	-0.17	0.0	0.024	-0.066	-0.615	-0.148	0.0	0.0	0.0	0.042	0.0	0.0	-0.316	0.004	-0.277	-0.657	0.0	-0.039	-0.592	-0.345	0.0	0.0	0.0	0.0	0.0	-0.133	-0.491	0.0	-0.096	0.232
adaptation_topic	Spr-39f8_104_springbok-11	-0.006	-0.106	0.515	-0.359	-0.949	0.663	0.0	0.0	-0.168	-0.125	0.0	-0.403	0.0	0.0	-1.246	0.0	-0.624	-0.212	0.171	-0.051	0.0	-0.061	-0.013	-0.336	-0.578	0.0	-0.73	0.0	0.0	-0.403	-0.306	0.063	-0.865	-0.425	-0.573	0.0	0.0	-0.517	0.0	-0.878	0.0	0.0	-0.285	-0.778	0.337	0.0	-0.775	0.0	-0.392	-0.013	-0.021	-0.522	-0.786	0.0	0.0	-0.422	-0.444	-0.229	0.343	-0.223	-0.503	-0.392	-0.042	0.0	0.0	-0.443	-0.213	-0.805	0.299	-0.284	-0.006	-0.802	-0.31	-0.706	0.0	0.366	0.078	0.0	-0.162	-0.061	0.399	0.0	0.0	0.0	0.0	0.0	-0.523	0.209	0.514	0.461
adaptation_topic	Spr-39f8_112_springbok-20	0.132	0.0	-0.818	0.0	-0.64	-0.429	-0.315	0.0	0.127	-0.09	0.0	0.0	0.0	0.03	0.0	-0.419	-0.384	0.281	0.0	0.393	-0.041	-0.903	-0.504	0.0	0.013	-0.312	-0.536	-0.501	-0.487	-1.199	-0.205	-0.066	-0.305	0.657	-0.058	0.0	0.064	0.0	0.0	-0.112	-0.738	0.0	-0.428	-0.072	-1.218	0.485	0.0	-0.538	-0.086	0.084	-0.252	-0.246	0.0	-0.952	-0.759	0.489	-0.11	0.0	-0.914	-0.471	-0.243	-0.246	0.123	-0.025	0.0	0.0	0.0	-0.301	0.0	-0.184	-0.634	0.476	-0.059	-0.261	0.0	-0.068	-0.1	0.163	-0.653	-0.231	-0.852	0.0	-0.708	0.0	0.0	-0.133	0.003	0.0	0.245	0.0
adaptation_topic	Spr-39f8_84_springbok-22	-2.057	0.0	1.171	-0.604	-0.542	-0.578	0.288	0.132	-0.901	-1.134	0.0	-1.442	0.169	-0.586	0.0	0.393	-0.616	0.0	0.331	0.16	0.0	-0.573	-0.266	-0.062	0.0	-0.54	0.0	-0.297	0.0	0.0	0.0	-1.005	-0.819	-0.182	0.0	-1.417	-0.563	0.0	0.0	-0.641	-0.7	0.0	0.0	-0.122	0.195	0.0	0.0	-0.351	-0.925	-0.089	-0.44	-0.258	0.0	-0.324	-0.596	-1.493	0.0	-0.492	-0.473	0.0	0.128	-0.735	0.0	0.98	-0.18	-0.534	0.103	0.0	-0.315	-0.476	0.115	-0.578	-0.266	0.0	0.045	0.217	-1.285	0.0	0.0	-0.076	0.0	0.0	-0.642	-0.983	0.255	0.0	0.0	0.0	0.0	0.0
adaptation_topic	Spr-39f8_112_springbok-9	0.0	0.0	0.077	0.0	-0.625	0.0	0.0	0.0	-0.514	-0.281	0.0	0.0	0.0	-0.45	0.0	0.0	0.0	-0.332	0.0	-0.334	-0.416	-0.35	0.0	-0.13	0.0	0.0	0.0	-0.449	-0.431	0.0	0.0	-0.642	-0.441	0.694	0.0	-0.005	0.439	0.0	0.0	0.643	-0.342	-0.22	0.0	0.221	0.0	0.0	0.0	0.0	0.0	-0.07	0.087	-0.118	0.497	0.0	0.0	-0.597	0.0	-0.457	0.0	-0.155	-0.012	0.0	0.0	0.246	0.0	-0.305	0.0	0.0	-0.17	0.0	-0.19	-0.542	0.003	0.0	-0.136	-0.018	-0.49	0.0	0.0	-0.069	-0.556	0.0	-0.225	0.0	0.0	0.0	0.0	0.406	0.0	0.0
adaptation_topic	Spr-39f8_83_springbok-10	-0.673	-0.432	1.004	-0.592	-1.017	0.0	0.434	-0.566	0.0	-0.473	0.0	0.074	0.0	-0.347	-0.285	0.0	0.0	0.0	0.0	0.679	-0.51	0.0	-0.157	-0.597	0.0	0.209	0.0	-0.344	0.0	0.0	0.0	0.35	-0.304	-0.467	0.0	-0.07	-0.147	-0.546	0.0	-0.305	-0.498	0.0	0.259	-0.346	0.0	0.338	0.0	-0.085	-0.701	-0.304	-0.022	0.139	-0.12	-0.473	0.0	-0.212	-1.0	0.245	0.0	-0.258	-0.48	0.0	0.0	0.117	0.083	-0.306	0.0	0.0	-0.799	0.033	-0.625	-0.184	0.0	0.0	0.0	0.096	-0.646	0.088	-0.009	0.0	0.0	0.0	-0.605	-0.358	0.0	0.0	-0.542	0.0	-0.006	0.0
adaptation_topic	Spr-39f8_82_springbok-13	0.929	0.0	0.0	0.296	0.052	0.138	0.0	-0.503	-0.455	-0.017	0.0	0.0	-0.356	0.0	0.991	0.0	0.0	0.0	0.0	0.0	-0.246	0.0	0.0	-0.635	0.0	0.0	0.0	0.0	0.0	0.0	-0.205	0.0	0.0	-0.747	0.0	0.0	0.0	0.028	-0.64	0.061	0.0	0.0	0.196	0.0	-0.161	0.196	-0.628	-0.575	0.0	0.183	0.0	0.0	-0.155	0.137	0.0	0.0	0.0	0.0	0.0	0.0	-0.598	0.0	-0.315	0.791	-0.595	0.0	0.0	0.0	0.0	-0.111	-1.609	-0.475	0.0	-0.084	0.0	-0.34	0.056	0.0	-0.257	0.0	0.0	0.44	0.0	0.0	0.0	0.0	0.0	0.0	0.0	0.0
adaptation_topic	Dam-2357_65_topi-3	0.499	0.0	-0.564	0.0	0.0	0.205	0.0	0.0	0.0	-0.21	0.0	0.0	0.0	0.0	0.0	0.0	0.0	0.0	0.0	0.421	0.0	-0.331	-0.241	0.0	0.0	0.0	-0.576	0.0	0.0	-0.374	0.113	0.0	-0.57	0.0	0.0	0.0	0.0	0.0	0.0	-0.051	-0.227	0.0	0.0	0.0	-0.507	0.473	0.0	-0.375	0.0	0.0	0.0	0.0	0.0	0.0	-0.353	0.0	0.268	-1.513	0.0	-0.603	0.0	-0.177	0.0	0.0	0.0	0.0	0.0	0.246	0.0	0.152	0.0	0.044	0.0	0.0	0.0	0.0	0.0	0.0	-0.104	0.0	-0.349	0.0	0.0	0.0	0.0	0.0	0.0	0.0	0.0	0.0
adaptation_topic	Dam-2357_60_topi-2	0.0	-0.579	-0.121	0.0	0.0	-1.102	-0.32	-0.566	0.0	-0.519	-0.228	-0.426	-0.082	-0.534	-0.406	-0.039	0.29	0.0	0.0	-0.068	-0.183	0.0	-0.318	-0.003	-0.184	-0.403	0.0	-0.093	-0.637	0.723	0.0	0.0	0.431	-1.536	0.0	0.0	0.0	-0.551	0.0	-0.061	0.298	0.0	-0.229	0.0	0.0	0.0	-0.622	0.0	0.008	1.127	0.0	0.05	-0.05	0.0	0.0	-0.383	-0.237	0.0	-0.254	-0.57	-0.103	-0.61	-0.279	-0.683	-1.022	0.338	0.0	0.0	-0.38	-0.095	0.0	-0.344	0.0	0.0	0.0	0.555	0.757	0.261	0.0	-0.346	0.0	0.157	-0.414	-0.622	-0.247	-0.403	-0.998	0.0	-0.294	0.0
adaptation_topic	Dam-2357_55_topi-16	-0.618	0.0	0.0	0.0	0.311	-1.228	0.133	0.0	0.163	0.0	-0.007	0.0	0.0	-0.202	0.0	-0.051	-0.261	0.68	-0.26	-0.353	0.0	-0.368	-0.815	0.0	0.489	0.037	-0.694	0.0	0.0	-0.256	0.0	0.0	0.321	-0.607	-0.051	0.0	0.0	-1.028	0.319	0.0	0.207	-0.355	-0.061	-0.634	0.0	0.0	0.0	-0.551	0.0	0.0	0.0	0.0	0.0	-1.586	-1.217	-0.006	0.62	0.0	0.192	-0.018	0.0	-0.311	0.0	0.0	0.0	-0.551	-0.488	-0.023	0.308	-0.489	-0.936	0.226	0.0	0.0	-0.108	0.0	-0.489	-0.643	-0.061	0.0	0.33	0.0	-1.137	0.0	0.0	-0.241	0.0	0.0	-0.007	0.0
adaptation_topic	Dam-2357_82_topi-2	0.277	0.0	0.0	0.237	0.0	-0.143	0.015	-0.868	0.352	-0.01	-0.156	0.0	0.0	-0.534	-0.427	-0.109	0.0	0.0	0.0	0.275	-0.073	0.0	0.0	0.0	-0.124	-0.841	0.0	0.0	-0.491	-0.695	0.074	-0.249	0.0	-0.783	0.0	0.0	-0.164	0.0	0.0	-0.707	0.298	0.0	0.136	0.0	0.0	-0.06	-0.89	-0.389	0.0	0.0	0.0	-0.409	-0.05	-0.787	-0.198	0.0	-0.541	0.0	0.389	-0.427	-0.766	0.0	-0.149	0.0	0.0	0.0	0.0	0.147	-0.49	0.0	-0.144	-0.995	0.0	-0.133	0.204	0.0	-0.815	0.0	0.0	-0.594	-0.396	0.0	0.0	0.0	-0.501	0.0	0.0	0.0	-0.006	0.314
adaptation_topic	Wil-de29_26_topi-41	-0.362	0.0	0.401	-0.374	-0.953	-0.302	-0.187	-0.114	-0.006	-0.919	0.0	0.0	0.0	-0.241	-0.41	-0.641	0.0	0.0	0.0	0.0	-0.248	0.497	-0.133	0.0	0.0	-0.173	0.106	-0.556	0.0	0.0	-1.549	0.0	-0.739	-0.137	-1.122	0.0	-1.166	-0.643	0.0	-0.057	-0.744	0.615	0.18	-0.183	-0.051	0.081	0.469	0.0	0.48	0.29	0.0	-0.753	-0.376	0.305	-0.551	-0.9	0.0	0.088	-0.41	0.0	-0.404	-0.392	-0.551	0.392	0.048	-0.504	-0.122	0.572	-0.955	0.0	-0.368	-0.809	0.0	0.0	-0.735	-0.863	-1.057	0.0	-1.031	-0.482	0.0	0.0	-1.378	-0.184	0.0	0.0	0.0	0.0	-0.006	-0.214
adaptation_topic	Bov-d455_225_topi-7	0.465	0.253	0.0	-0.115	0.0	0.0	0.0	-0.846	-0.456	-0.293	0.0	-0.609	0.0	-0.486	0.0	-0.008	0.0	0.0	0.0	0.0	-0.615	0.02	-0.365	-1.766	0.0	-0.109	0.0	0.196	0.0	0.94	0.052	-0.265	0.0	-0.849	0.0	-0.156	0.0	0.0	-0.089	-0.185	0.298	0.203	0.0	-0.248	0.57	-0.231	0.0	0.0	0.0	0.03	-0.523	-0.868	-0.256	0.0	0.0	-0.061	-0.643	-0.473	0.0	0.0	0.0	-0.269	-0.977	-0.302	-0.611	0.409	-0.41	0.0	-0.989	0.0	0.64	-0.392	0.0	-0.188	0.0	0.0	-0.539	0.0	-1.376	0.0	0.0	1.072	-0.361	0.0	0.0	-0.133	-0.491	-0.39	0.033	-0.399
adaptation_topic	Top-df25_42_topi-2	0.0	0.0	-0.253	-0.051	-0.046	-0.355	0.0	-0.566	0.0	-0.192	0.0	0.0	-0.979	-0.534	-0.975	0.052	0.0	-0.69	-0.523	0.0	-0.519	0.0	0.0	0.197	0.0	-0.147	0.0	0.0	0.469	0.0	0.0	0.0	0.557	-0.398	0.0	0.0	-0.27	0.35	0.0	-0.11	0.298	-0.128	-0.433	-0.392	0.0	0.0	-1.511	-0.265	0.123	0.0	0.0	0.05	-0.05	0.373	0.0	0.0	0.347	-0.693	0.0	-1.002	0.178	0.573	-0.506	0.0	-0.359	0.0	-0.231	0.0	-0.38	0.0	0.0	-0.344	0.0	0.535	0.0	0.0	0.0	-1.008	-0.229	0.0	0.097	0.08	0.0	0.0	0.0	0.0	0.132	0.0	-0.006	0.0
adaptation_topic	Top-df25_2_topi-8	-0.532	0.0	0.673	-0.302	-0.681	1.135	0.0	0.589	-0.183	-0.631	0.0	0.0	-0.018	-0.084	-1.237	0.0	0.0	-0.717	0.352	0.0	0.0	0.0	-0.133	0.0	0.39	-0.157	0.0	-0.199	-0.087	-0.151	0.575	0.391	-0.213	-0.454	-0.347	0.352	-0.081	-0.046	0.0	-0.694	-1.151	-0.701	0.695	-0.061	-0.094	0.0	0.0	0.0	-0.407	-0.07	-0.488	-0.794	0.0	0.0	-0.621	-0.446	0.0	-0.696	-0.672	0.0	-0.074	0.0	0.0	0.392	-0.141	-0.58	-0.55	0.0	-0.07	0.0	0.0	-0.548	0.0	0.0	-0.258	-0.297	-0.643	0.468	0.0	-0.313	-0.089	0.126	-0.49	-0.498	-0.491	0.0	0.668	0.0	-0.48	0.0
adaptation_topic	Top-df25_2_topi-16	-0.836	0.0	-0.694	0.766	0.194	0.088	-0.844	-0.581	0.0	0.0	0.039	-0.692	0.0	-0.649	0.247	-0.006	0.0	-0.938	0.0	0.0	0.0	-0.028	0.0	-0.307	0.0	-0.796	0.0	-0.05	0.0	-0.238	-0.292	0.0	0.0	-0.718	-0.133	0.101	0.0	-0.927	0.0	0.0	0.353	0.468	0.0	-0.198	-0.49	-0.223	-0.272	-0.134	0.0	-0.058	0.0	-0.347	-0.023	-1.177	0.0	-0.618	0.255	0.0	-0.945	-0.491	0.003	0.0	-0.063	0.0	0.0	0.0	0.0	0.0	-0.385	0.0	-0.407	0.318	0.0	-0.332	0.0	0.352	0.0	-0.061	0.0	-0.297	0.0	0.059	0.0	0.0	0.0	0.0	0.636	0.0	-0.237	-0.619
adaptation_topic	Top-df25_5_topi-45	-0.565	0.359	0.572	0.364	0.523	-1.108	0.22	-0.345	0.063	-0.204	-0.572	-0.478	0.0	-0.457	0.409	0.0	-0.234	0.0	0.0	0.252	0.281	0.694	-0.037	-0.455	0.0	-0.664	-0.376	0.138	0.083	-0.228	-0.395	0.0	0.0	-0.163	-0.068	0.0	-0.35	-0.19	-0.061	-0.235	0.0	0.0	-0.244	0.07	-0.549	0.0	0.0	0.0	-0.024	0.141	-0.079	0.0	-0.604	1.04	0.781	-0.301	-0.732	-0.279	-0.849	-0.48	0.233	-0.876	-0.083	-0.37	0.921	-0.306	0.0	-0.72	0.005	0.0	-0.291	-0.843	-0.017	-0.143	-0.165	-0.844	0.0	0.0	-0.585	-0.301	0.0	-0.444	0.289	-0.656	-0.932	-0.315	0.392	0.0	0.183	0.783
adaptation_topic	Top-df25_5_topi-27	0.139	0.0	-0.695	0.0	0.233	0.172	-0.417	0.0	-0.045	-0.139	0.0	0.0	0.0	-0.658	0.0	-0.051	0.0	-0.176	-0.145	-0.087	0.115	-0.789	-0.41	0.083	0.677	0.227	-0.353	0.0	-0.229	-0.118	-0.56	0.09	-0.49	0.0	0.0	0.0	0.0	-0.455	0.357	-0.093	-0.012	0.0	0.673	-0.743	-0.302	0.517	0.0	-0.638	0.0	-0.051	-0.257	0.0	-0.469	-0.781	-0.391	0.0	-0.352	-0.85	0.0	-0.409	-0.457	-0.392	0.0	0.0	0.16	0.0	0.0	-0.143	0.0	-0.767	0.0	0.85	0.0	0.0	0.0	-0.309	0.0	0.0	-0.62	-0.495	-0.163	0.0	-0.017	-0.523	0.0	0.0	0.0	0.0	0.0	0.0
adaptation_topic	Wil-28c2_75_buffalo-3	0.0	0.0	0.0	0.0	0.09	0.0	-0.688	0.0	0.0	0.0	0.0	0.0	0.0	0.0	0.0	0.0	0.0	-0.078	0.0	0.0	0.0	0.0	0.0	0.0	0.0	0.0	0.0	-0.185	0.0	0.0	-0.504	0.0	-0.005	-0.229	0.0	0.0	0.0	0.0	0.0	0.0	0.0	0.0	0.0	0.0	0.0	0.0	0.126	0.0	0.0	0.0	0.768	-0.346	0.0	0.0	0.0	0.0	0.237	0.0	0.0	0.068	0.0	0.0	0.0	0.0	0.0	0.0	0.0	0.0	0.0	0.0	0.0	0.0	0.0	0.0	0.426	0.0	0.0	0.0	0.239	0.0	0.0	0.0	0.0	-0.099	0.0	0.0	0.37	0.0	0.0	0.0
adaptation_topic	Wil-28c2_76_buffalo-3	0.0	0.0	0.0	0.0	0.0	0.0	0.0	0.0	0.0	0.0	0.0	0.0	0.0	0.0	0.0	0.0	0.0	-0.078	0.0	0.0	0.0	0.0	0.0	0.0	0.0	0.0	0.0	0.0	0.0	0.0	-0.504	0.0	-0.005	0.0	0.0	0.0	0.0	0.0	0.0	0.0	0.0	0.0	0.0	0.0	0.0	0.0	0.126	0.0	0.0	0.0	0.768	-0.346	0.0	0.0	0.0	0.0	0.0	0.0	0.0	0.068	0.0	0.0	0.0	0.0	0.0	0.0	0.0	0.0	0.0	0.0	0.0	0.0	0.0	0.0	0.0	0.0	0.0	0.0	0.0	0.0	0.0	0.0	0.0	-0.099	0.0	0.0	0.0	0.0	0.0	0.0
adaptation_topic	Wil-28c2_27_buffalo-4	-0.417	0.0	-1.406	-0.041	0.0	-0.264	-0.48	0.787	-0.152	-0.223	0.0	0.0	0.0	-0.228	-0.129	-0.051	-0.14	0.0	0.0	0.357	0.0	-0.364	-0.748	-0.24	0.773	0.127	-0.633	-1.077	0.0	-0.205	-0.503	0.019	-0.856	3.004	0.0	0.0	0.0	0.0	0.0	0.0	-0.159	-0.297	-0.993	-0.441	-0.124	1.479	0.0	-0.982	0.0	-0.094	0.0	0.0	-0.571	-0.632	-0.535	-0.484	-0.255	0.0	0.0	-0.581	-1.612	0.0	-0.315	0.386	0.0	0.0	0.0	-0.137	0.0	-0.436	0.0	0.693	0.0	0.783	0.0	0.0	0.0	0.0	-0.468	0.0	-0.31	-0.633	-0.392	-0.414	0.0	0.0	0.0	0.0	0.0	0.0
adaptation_topic	Blu-3a31_35_wildebeest-15	0.0	0.0	0.432	-0.486	0.426	-0.396	0.436	-0.918	0.052	0.0	0.0	0.0	0.0	-0.534	-0.473	-0.368	0.693	-0.237	0.0	0.0	-0.581	-0.108	-0.445	0.138	0.0	0.0	-0.353	0.0	0.0	0.599	-0.239	0.0	-0.057	0.15	0.0	0.0	-0.282	-0.521	0.355	0.014	0.1	0.0	0.0	0.0	0.0	0.166	-0.123	0.0	-0.56	0.0	0.766	-0.241	-0.05	0.0	0.196	0.6	-0.294	0.0	-0.442	0.347	0.12	0.0	0.0	-0.535	0.0	-0.185	-0.347	0.0	-0.38	0.0	-0.043	-0.135	0.0	0.243	0.0	-0.062	0.0	0.0	0.0	0.0	-0.796	0.0	-0.694	-0.497	0.0	-0.469	0.0	0.0	-0.006	0.0
adaptation_comment	Bov-d455_207_dimorphism-4	-0.442	0.0	0.0	0.0	0.0	-0.086	0.0	0.0	0.0	-0.423	0.149	0.0	-0.175	0.0	0.521	0.052	0.0	-0.715	0.0	-0.046	0.0	0.0	0.0	0.0	-0.667	0.0	0.0	0.0	0.0	0.0	0.0	0.0	0.0	0.0	-1.197	0.0	0.0	-0.198	0.0	-0.694	-0.48	0.0	0.0	-0.006	0.0	0.0	0.0	0.163	0.0	0.0	0.0	-0.03	0.0	0.0	0.0	0.0	0.0	0.0	0.0	0.0	0.0	-0.341	-1.019	0.0	0.0	0.0	0.0	-0.308	0.0	0.0	0.0	-0.347	0.0	0.0	0.0	0.0	0.0	0.0	0.0	0.0	0.0	-0.402	0.0	0.0	0.0	0.0	0.352	0.0	0.0	0.0
adaptation_comment	Afr-324e_156_Social-1	0.089	0.0	0.0	-0.113	0.0	-0.421	0.0	0.0	0.0	0.004	0.0	0.0	0.0	0.0	0.0	0.0	0.211	0.46	0.0	0.0	0.0	-0.292	-0.64	0.132	0.0	0.169	0.512	-0.219	0.0	0.394	-0.72	0.0	0.359	0.338	0.0	0.0	0.0	0.0	0.0	-0.312	-0.076	-0.658	-0.051	0.0	0.0	0.02	-0.495	0.0	0.0	0.0	0.0	0.0	-0.108	0.0	0.183	-0.484	0.433	0.0	0.0	0.003	0.592	-0.4	-0.315	0.821	0.0	0.0	0.673	0.0	-0.048	0.0	0.0	0.207	0.0	-0.098	0.0	0.0	0.0	0.0	0.0	0.0	0.228	-0.633	0.046	0.0	0.0	0.0	0.0	0.087	0.0	0.0
adaptation_comment	Afr-324e_110_Social-4	0.383	-0.025	-0.222	-0.028	0.0	0.0	0.0	0.0	0.0	0.0	0.0	0.0	0.0	0.0	-1.047	0.0	0.784	-0.279	0.0	0.0	0.0	0.0	0.0	0.0	-0.305	0.0	0.0	0.0	0.008	0.0	0.0	-0.062	0.0	0.0	0.0	0.0	0.0	-0.086	0.0	0.0	0.0	-0.727	-0.018	0.0	0.007	0.0	0.0	0.0	0.0	-0.134	0.308	0.389	0.0	0.0	0.0	0.0	0.0	0.141	0.0	-0.292	0.0	0.0	0.0	0.713	0.0	0.0	0.0	0.0	0.0	0.0	0.0	0.0	0.0	0.0	0.0	0.0	0.0	0.0	0.0	0.0	-0.051	0.0	0.0	0.0	0.0	0.0	0.0	0.0	0.0	0.0
adaptation_comment	Afr-324e_62_Social-4	0.383	-0.025	-0.222	-0.028	0.0	0.0	0.0	0.0	0.0	0.0	0.0	0.0	0.0	0.0	-1.047	0.0	0.784	-0.279	0.0	0.0	0.0	0.0	0.0	0.0	-0.305	0.0	0.0	0.0	0.008	0.0	0.0	-0.062	0.0	0.0	0.0	0.0	0.0	-0.086	0.0	0.0	0.0	-0.727	-0.018	0.0	0.007	0.0	0.0	0.0	0.0	-0.134	0.308	0.389	0.0	0.0	0.0	0.0	0.0	0.141	0.0	-0.292	0.0	0.0	0.0	0.713	0.0	0.0	0.0	0.0	0.0	0.0	0.0	0.0	0.0	0.0	0.0	0.0	0.0	0.0	0.0	0.0	-0.051	0.0	0.0	0.0	0.0	0.0	0.0	0.0	0.0	0.0
adaptation_comment	Afr-354e_32_Social-5	0.383	-0.025	-0.278	-0.028	0.0	0.0	0.0	0.0	0.533	0.026	0.0	0.0	0.0	0.0	-0.542	0.0	0.784	-0.279	0.069	0.0	0.0	0.0	0.0	0.0	0.0	0.0	0.0	0.0	0.0	0.0	0.0	-0.062	0.0	0.0	0.0	0.0	0.0	-0.086	0.0	0.0	0.0	-0.727	-0.629	0.0	0.007	0.0	0.0	0.0	0.0	0.0	0.308	0.389	0.0	0.0	0.0	0.0	0.0	0.0	0.0	-0.266	0.0	0.0	0.0	0.0	0.0	0.0	0.0	0.0	-0.342	0.0	0.0	0.0	0.0	-0.553	0.0	0.0	0.0	0.0	0.0	0.0	-0.051	0.0	0.0	0.0	0.0	0.0	0.0	0.0	0.0	0.0
adaptation_comment	Afr-324e_96_Social-1	0.383	0.0	0.0	-0.028	0.0	0.0	0.0	0.0	0.0	0.0	0.0	0.0	0.0	0.0	0.0	0.0	0.0	-0.279	0.0	0.0	0.0	0.0	0.0	0.0	0.0	0.0	0.0	0.0	0.0	0.0	0.0	0.0	0.0	0.0	0.0	0.0	0.0	0.0	0.0	0.0	0.0	-0.727	0.0	0.0	0.007	0.0	0.0	0.0	0.0	0.0	0.308	0.389	0.0	0.0	0.0	0.0	0.0	0.0	0.0	0.0	0.0	0.0	0.0	0.0	0.0	0.0	0.0	0.0	0.0	0.0	0.0	0.0	0.0	0.0	0.0	0.0	0.0	0.0	0.0	0.0	0.0	0.0	0.0	0.0	0.0	0.0	0.0	0.0	0.0	0.0
adaptation_comment	Big-0af3_62_adapted-4	0.0	0.0	0.671	0.0	0.0	-0.113	-0.046	0.0	0.0	0.0	0.0	0.0	0.0	0.096	0.0	0.0	-0.046	-0.666	-0.729	0.0	-0.486	0.0	-0.068	-0.715	0.0	0.0	0.0	-0.327	-0.198	-1.464	0.0	-0.153	0.0	0.0	0.0	0.0	0.0	-0.184	-0.386	0.0	-0.547	0.0	0.339	-0.045	0.0	-0.688	0.0	0.442	-0.251	0.0	0.0	0.0	0.0	0.848	0.0	0.0	-0.124	0.0	-0.307	-0.594	0.0	0.0	0.0	0.0	0.0	0.0	0.0	-0.27	-0.605	0.0	0.0	0.0	0.0	0.0	-0.146	-0.054	0.0	0.0	-0.204	-0.151	0.0	0.0	-0.006	0.0	0.0	0.015	0.0	0.0	-0.128	-0.347
adaptation_comment	Tai-3286_120_herbivorous-11	-0.667	-0.524	0.928	-0.528	-0.856	0.326	-0.428	-0.816	-0.287	0.0	-1.015	0.41	-0.244	0.0	-0.385	-0.068	0.0	-0.273	0.0	-0.47	-0.399	0.0	-0.721	0.0	-0.186	-0.737	-0.238	-0.49	-0.243	0.0	-0.018	0.0	0.0	-0.244	-0.51	-0.228	-0.112	0.184	0.0	0.627	0.0	-1.082	-0.237	-0.182	0.067	0.667	0.262	0.0	-0.251	0.322	0.71	-0.94	0.0	-0.256	0.0	-0.057	-0.085	-0.19	0.0	-0.71	0.051	-0.082	-1.238	0.0	-0.88	0.0	-0.132	0.164	-0.305	0.0	-0.894	0.0	-0.082	-0.737	0.013	0.0	0.0	0.0	0.33	0.0	0.043	0.338	-0.366	0.0	0.0	-0.559	0.156	-0.694	0.0	-0.564
adaptation_comment	Big-0af3_72_Social-1	-0.128	0.0	0.0	-0.461	0.0	0.0	0.0	0.0	0.0	0.0	0.0	0.0	0.392	-0.109	0.0	0.0	0.0	-0.762	0.0	0.0	0.0	0.0	0.0	0.0	-0.033	0.0	0.0	-0.061	0.46	0.0	0.0	0.0	0.0	0.0	-0.133	0.0	0.0	-0.643	0.0	0.0	0.0	-0.747	0.0	0.0	-0.042	0.0	0.0	0.0	0.0	0.0	-0.303	0.216	0.0	0.0	0.0	0.0	-0.302	0.0	-0.176	0.0	0.0	0.0	0.0	0.0	-0.259	-0.406	0.362	0.0	0.0	0.0	0.0	0.0	0.144	0.0	-0.807	0.0	0.0	0.0	0.0	0.0	0.0	0.0	0.0	0.0	0.0	0.0	0.0	0.0	0.0	0.0
adaptation_comment	Big-0af3_79_social-6	-0.186	0.0	0.0	0.289	0.0	0.0	0.0	0.0	-0.575	0.027	-0.466	0.0	0.0	-0.312	0.305	0.0	0.0	-0.064	0.0	-0.461	0.0	0.0	0.109	0.0	-0.455	-0.156	0.459	0.0	-0.69	0.0	0.296	-0.354	0.0	0.0	0.0	-0.514	0.0	0.0	0.0	0.0	0.492	-0.9	0.222	-0.469	0.271	0.0	0.088	0.0	0.0	-0.454	0.834	0.188	0.0	-0.328	0.0	-0.461	0.0	0.344	0.0	0.0	0.0	0.138	0.0	-0.619	-0.263	-0.08	-0.397	0.44	-0.257	0.308	0.0	0.134	0.0	0.0	-0.498	0.0	-0.56	0.087	0.0	0.0	0.0	0.0	-0.293	0.0	0.0	0.0	0.0	0.0	0.0	0.0
adaptation_comment	Din-756f_367_herbivorous-3	-1.472	0.0	0.0	-0.236	0.0	-0.522	0.0	0.0	0.204	-0.062	0.0	-0.023	0.0	0.0	0.0	0.0	0.0	-0.571	0.308	0.0	-0.316	-0.324	0.316	0.0	-0.157	-0.964	0.0	0.0	0.333	0.0	0.0	0.0	0.0	0.0	-0.073	0.0	0.0	-0.066	0.0	0.0	0.0	-1.569	-0.402	0.0	0.402	0.0	0.344	-0.061	0.0	0.0	-0.635	-0.008	0.0	0.0	0.0	0.0	-0.365	0.094	-0.293	-1.244	0.0	-0.057	0.367	0.0	0.0	0.0	0.0	0.197	0.0	0.0	0.0	0.0	0.0	0.0	0.0	0.0	0.0	-0.392	0.0	-0.901	0.0	0.0	0.0	0.0	0.0	0.0	0.0	0.0	0.0	0.0
adaptation_comment	Din-756f_391_herbivorous-5	-1.114	0.0	0.0	0.04	0.0	-1.471	-0.133	-0.643	-0.19	0.0	0.0	0.0	0.0	0.0	0.0	-0.109	0.0	-0.893	-0.301	-0.053	0.0	0.0	-0.287	0.0	0.0	-0.711	0.0	-0.224	0.0	0.445	0.0	0.0	-0.256	-0.302	0.003	-0.259	0.0	0.0	0.0	0.0	0.0	-0.955	-0.641	-1.494	0.402	0.0	0.918	-0.287	0.261	-0.643	-0.086	-0.589	-0.251	0.0	0.0	0.0	0.0	0.0	0.0	0.124	0.0	-0.259	0.0	0.08	-0.379	-0.044	-0.491	-0.402	-0.133	0.0	-0.017	0.0	0.0	0.261	0.0	0.0	0.0	-0.504	-0.061	0.0	0.0	0.0	0.392	0.0	-0.299	-0.514	0.0	0.0	0.0	0.0
adaptation_comment	Din-756f_350_herbivorous-5	-0.064	0.0	-0.059	-0.62	-0.162	-0.98	0.0	-0.316	-0.007	0.0	-0.542	0.323	0.0	0.0	0.0	0.0	0.0	-0.53	0.308	0.0	0.0	0.0	0.196	0.0	0.0	-0.963	0.0	0.0	-0.455	0.0	-0.018	0.0	0.0	0.0	-0.666	0.0	-0.359	0.379	-0.012	0.0	0.0	-0.511	-0.239	0.0	0.329	0.0	0.227	-0.061	0.0	0.142	-0.283	0.657	0.0	0.0	0.0	-1.152	-0.41	-0.438	0.0	-0.743	0.473	0.059	-0.511	0.327	-0.184	0.0	-0.491	0.393	-0.305	0.0	0.0	0.0	-0.121	-0.092	-0.07	0.0	0.0	-0.392	0.0	0.0	0.0	0.0	-0.223	0.0	0.0	-0.527	0.0	0.0	0.0	0.0
adaptation_comment	Ame-d5c4_160_social-19	-0.25	-0.353	0.0	-0.216	0.0	-0.974	-0.609	0.0	0.166	0.056	-0.428	0.0	0.296	-0.029	0.0	0.283	0.32	-0.745	-0.089	0.0	0.0	0.0	-0.184	0.179	-0.189	-0.32	-0.429	-0.301	0.251	0.0	0.083	0.0	0.028	0.0	-0.066	-0.136	0.0	-0.51	-0.374	0.0	-0.517	-0.343	0.0	-0.95	0.689	0.0	-0.264	-0.565	-0.473	-0.56	0.06	1.07	0.127	-0.367	-0.611	-0.508	-0.394	0.0	-0.288	0.238	-1.292	0.115	-0.142	0.0	-0.375	-0.125	-0.02	0.476	-0.475	0.0	0.0	0.0	0.639	0.407	-1.184	-0.05	0.0	-0.264	0.0	-0.23	-1.018	-0.138	0.346	0.0	0.0	-0.599	-0.358	0.0	0.0	-0.212
adaptation_comment	Ame-d5c4_134_Social-5	0.383	0.224	0.52	-0.028	0.0	0.0	0.442	0.0	0.0	0.0	0.0	0.0	0.392	-0.109	-0.742	0.0	0.391	-0.771	0.0	0.0	0.0	0.0	0.0	0.0	-0.033	0.0	0.0	-0.061	0.46	0.0	0.0	0.008	0.0	0.0	-0.133	0.0	0.0	-0.552	0.0	0.0	0.0	-0.727	-0.285	0.0	0.472	0.0	0.0	0.171	0.0	0.0	0.308	0.389	0.0	0.0	0.0	0.0	-0.302	0.0	-0.176	0.0	0.0	0.0	0.0	0.046	-0.259	-0.406	0.362	0.0	0.0	0.0	0.0	0.0	0.261	0.0	-0.807	0.0	0.0	0.0	0.0	0.0	-0.029	0.0	-0.727	0.0	0.0	0.0	0.0	0.0	0.0	0.0
adaptation_comment	Ame-d5c4_175_social-26	0.383	0.0	0.0	-0.186	0.0	-0.763	0.0	0.0	0.388	0.0	0.0	0.0	0.0	0.0	0.0	-0.707	0.191	-0.279	0.0	0.076	-0.764	0.0	0.0	0.0	0.0	0.0	0.0	0.0	0.0	-0.12	-0.031	-0.335	0.679	0.0	-0.108	0.0	0.0	0.0	0.0	0.0	0.0	-0.727	0.0	0.0	0.007	0.0	0.0	-1.28	0.082	0.0	0.308	0.037	0.311	0.0	-0.228	0.164	0.0	0.0	-0.034	-0.224	0.0	0.0	-0.37	0.141	-0.596	0.0	0.0	-0.34	0.0	0.0	-0.325	0.0	0.0	0.0	0.0	-0.084	0.0	0.0	0.0	0.0	0.0	0.0	0.0	0.0	-0.086	-0.168	0.0	0.0	0.232	0.0
adaptation_comment	Din-756f_380_social-7	0.035	0.0	0.0	-0.356	0.0	-0.407	0.0	0.0	0.0	-0.374	-0.16	-0.271	0.352	-0.455	-0.509	0.0	-0.368	-0.603	-0.247	-0.457	0.0	-0.154	0.0	-0.572	0.0	0.0	-0.189	-0.248	0.038	0.0	-0.625	-0.478	0.0	0.0	-0.353	0.0	-0.046	-0.16	0.0	0.0	0.0	-0.611	0.0	-0.564	-0.116	0.147	0.0	0.101	-0.198	-0.56	0.255	-0.093	0.0	0.0	0.0	-0.731	-1.238	-0.48	0.0	-0.91	0.0	0.015	-0.742	-0.475	0.314	0.0	0.206	-0.141	-0.306	0.0	-0.827	0.0	0.0	0.0	0.371	-0.423	-0.061	-0.271	0.0	0.0	-0.694	0.0	-0.057	0.0	0.0	0.0	0.0	0.331	0.0	0.0
adaptation_comment	Din-756f_369_social-6	0.355	-0.508	0.151	0.0	0.0	0.0	0.0	0.365	0.0	-0.062	0.0	0.216	0.0	0.0	-0.355	-0.229	-0.62	0.0	0.0	-0.006	0.0	-0.126	0.0	-1.357	-0.599	0.0	0.0	0.432	-0.198	0.0	-0.073	-0.122	-0.3	0.0	0.052	-0.422	0.0	0.0	-0.78	0.0	0.0	0.0	-0.518	0.044	-0.312	-0.518	0.0	-0.012	0.449	-0.694	0.0	-0.065	-1.001	0.0	-0.368	-0.518	0.0	0.0	-0.425	0.652	-0.546	-0.055	-1.378	0.0	0.0	0.119	0.0	0.0	-0.203	-0.39	0.45	0.0	-0.091	0.0	0.0	-0.347	-0.378	-0.348	0.0	0.037	0.0	-0.258	0.0	-0.21	0.0	0.0	0.0	0.0	0.0	0.013
adaptation_comment	Bla-3ee3_77_dimorphism-2	0.352	0.0	0.0	0.0	-0.588	-0.286	0.0	0.0	0.091	-0.186	-0.021	0.0	0.0	0.348	-0.347	-0.024	0.0	0.0	0.387	-0.301	-0.566	0.0	0.0	0.0	0.0	-0.449	-0.48	-0.029	0.0	-0.347	-0.006	0.0	0.0	0.0	0.1	0.0	0.483	0.005	-0.151	-0.421	0.0	0.365	0.0	0.191	0.0	0.052	-0.543	0.0	-0.564	0.0	-0.305	0.058	-0.731	-0.25	-0.198	-0.587	-0.811	-0.694	0.0	-0.805	0.0	0.0	0.41	0.0	0.0	0.0	-0.609	0.0	-0.337	0.0	0.0	-0.986	0.0	0.0	-0.784	0.0	-0.068	0.0	0.0	0.0	-0.428	0.0	0.0	0.0	0.0	0.0	0.0	0.352	0.0	0.0
adaptation_comment	Bon-fbc3_96_herbivorous-8	0.188	-0.554	0.0	-1.137	-0.198	0.194	0.495	-0.089	-0.453	-0.127	0.0	0.118	0.784	-0.699	-0.285	-1.271	-0.463	-0.92	-0.301	0.0	-0.74	-1.055	-0.006	-1.059	-1.428	-0.726	0.0	-0.122	-1.752	0.095	-0.155	0.0	-0.46	-0.653	-0.26	0.101	0.0	-2.626	-0.334	-0.24	0.313	-0.739	-0.066	0.0	-0.025	0.772	0.0	0.0	0.0	-0.553	0.482	0.181	0.069	0.0	-0.293	0.0	-0.604	0.0	-0.524	0.117	0.201	0.0	0.0	-0.109	-0.865	-1.336	-0.853	-0.274	-0.923	0.0	0.0	-0.45	0.913	0.0	-3.233	-0.342	0.0	-0.387	0.0	0.0	0.0	0.0	0.0	-0.046	0.0	0.0	0.0	0.0	0.0	0.089
adaptation_comment	Bon-fbc3_61_Social-6	0.603	0.111	-0.068	-0.138	0.0	0.0	0.0	0.0	0.0	0.0	0.0	0.0	0.163	-0.109	-0.403	0.0	0.826	-0.311	0.0	0.0	0.0	0.0	0.0	0.0	0.224	0.0	0.0	-0.061	0.09	0.0	0.0	0.331	0.0	0.0	-0.133	0.0	0.0	-0.79	0.0	0.0	0.0	-0.634	-0.116	0.0	0.105	0.0	0.0	0.0	0.0	0.0	0.095	0.256	0.0	0.0	0.197	0.0	-0.302	0.0	-0.285	-0.629	0.0	-0.104	-0.37	0.0	-0.259	-0.029	0.396	0.0	0.0	0.0	0.0	0.0	0.391	0.0	-0.635	0.123	0.0	0.0	0.0	0.0	-0.116	0.573	0.0	0.0	0.0	0.0	0.0	0.0	0.0	0.0
adaptation_comment	Bon-fbc3_5_social-5	-0.481	0.0	0.0	0.65	-0.043	-0.407	-0.07	0.0	0.058	-0.484	0.0	0.0	-0.288	0.0	0.0	0.0	-0.12	-0.249	0.332	0.0	0.16	0.0	-0.306	-0.098	0.0	-0.207	-0.066	-0.381	0.0	0.0	0.0	0.0	0.0	0.0	-0.466	0.0	0.0	0.0	-0.836	0.0	0.067	-1.018	0.268	0.0	-0.041	0.0	-0.043	0.101	0.0	0.0	0.253	0.4	0.0	0.0	0.0	0.0	-0.465	0.0	0.0	-0.61	0.0	-0.272	0.0	0.0	-0.235	0.0	0.0	0.0	0.0	0.0	-0.343	0.0	0.0	-0.489	0.0	0.0	0.0	-0.225	0.0	0.0	-0.646	0.0	0.0	0.0	0.0	0.0	0.0	0.447	0.0	0.0
adaptation_comment	Spo-c072_229_social-6	0.083	0.0	0.0	-0.08	-0.551	0.0	-0.542	-0.008	-0.427	0.0	-0.952	0.342	0.0	0.0	0.0	0.0	0.0	-0.207	0.0	0.0	0.0	0.0	-0.592	0.0	-0.305	0.0	-0.051	0.0	0.0	0.0	-0.018	0.0	0.0	0.0	-0.531	-0.392	0.0	0.0	0.0	0.0	0.0	-0.717	-0.625	0.0	0.678	0.0	0.438	0.0	-0.525	-0.056	0.113	0.578	0.0	0.0	0.0	-0.625	0.0	0.0	0.0	0.0	0.59	0.116	0.0	0.0	0.0	-0.392	-0.237	0.387	-0.305	0.0	0.0	0.003	-0.403	0.0	-0.087	0.0	0.0	0.0	0.0	0.0	0.0	0.308	-0.223	0.0	0.0	-0.296	0.0	0.0	0.0	0.035
adaptation_comment	Spo-c072_222_social-24	0.17	-0.194	0.0	0.445	-0.551	0.0	-0.81	-0.385	0.0	0.0	-0.952	0.194	0.0	0.0	0.0	0.0	0.0	-0.34	0.0	0.0	0.0	-0.188	-0.706	0.0	-0.306	0.0	-0.051	0.0	0.0	0.0	-0.018	0.0	0.0	0.0	-0.676	-0.392	0.0	0.0	0.0	0.0	0.0	-0.727	-0.403	0.0	0.572	0.0	0.0	0.253	0.045	0.387	0.308	0.389	0.0	0.0	0.0	-0.625	0.0	0.0	0.0	0.0	0.412	0.116	0.0	0.0	0.0	0.0	0.0	0.387	-0.127	0.0	0.0	0.0	-0.034	0.0	-0.176	0.0	0.0	0.0	0.0	0.0	0.0	0.308	-0.958	0.0	-0.112	-0.191	0.0	0.0	0.0	0.0
adaptation_comment	Sno-d342_88_communication-36	0.0	0.0	0.307	0.0	-0.481	0.0	-0.027	0.072	-0.183	-0.09	0.0	0.0	0.0	-0.807	0.0	0.0	0.0	-0.021	0.154	0.0	0.0	-1.006	0.0	-0.341	0.0	0.0	-0.071	0.0	0.0	0.0	-0.285	0.0	-0.414	0.257	0.0	0.0	0.189	0.0	0.0	0.473	0.0	0.37	0.0	0.0	-0.094	0.0	0.0	-0.209	0.0	-0.261	-0.467	0.328	0.0	-0.088	-0.621	-0.93	0.0	-0.42	-0.473	0.0	-0.309	0.0	0.0	0.0	-0.341	-0.534	0.103	0.0	-0.577	0.0	0.0	-0.578	-0.261	0.0	-0.013	-0.106	0.0	0.0	0.0	0.0	0.0	0.0	-0.019	0.0	0.0	0.0	0.0	0.0	-0.556	0.0
adaptation_comment	Ovi-a47a_37_social-3	0.417	-0.208	0.0	-0.924	-0.198	0.311	0.0	0.0	0.0	0.0	0.0	0.0	0.0	-0.466	-0.006	0.0	0.246	-0.369	0.0	-0.39	0.0	0.0	-0.006	-0.51	-0.126	0.0	0.28	0.0	-0.077	-0.056	0.0	0.0	0.0	0.0	0.052	0.0	0.0	-0.518	0.0	0.373	0.0	-1.002	0.0	0.0	-0.15	0.0	0.0	0.0	0.0	0.0	-0.227	0.097	0.0	0.0	-0.057	0.0	0.0	0.0	-0.508	-0.055	0.0	0.0	0.0	0.0	-0.347	-0.02	-0.626	0.0	-0.675	0.0	0.0	-0.268	0.588	0.0	-0.316	0.0	0.0	0.02	0.0	0.0	-0.324	0.0	0.0	-0.046	0.0	0.216	0.0	-0.378	0.0	0.0
adaptation_comment	Ovi-a47a_46_Social-1	0.288	0.0	0.0	-0.497	-0.212	-0.579	0.0	0.0	0.0	-0.115	0.0	0.0	0.0	0.0	0.0	0.0	0.0	-0.533	0.0	0.0	0.0	0.0	-0.046	0.201	0.0	0.0	0.0	0.0	0.13	0.0	0.0	0.0	0.0	0.0	0.3	0.0	-0.306	0.252	0.0	0.0	-0.694	-0.538	-0.106	-0.352	0.265	0.0	-0.48	0.0	-0.224	0.0	0.019	0.102	-0.093	-0.683	0.227	0.045	-0.347	-0.578	0.0	-0.427	0.377	0.0	-0.403	0.052	0.29	0.0	0.0	0.0	0.0	0.0	0.0	0.73	0.0	0.0	0.0	-0.372	-0.36	0.0	0.0	0.0	0.0	0.0	0.0	-0.351	0.0	0.139	0.0	0.431	0.0	-0.198
adaptation_comment	Spe-2571_103_care-18	0.0	0.0	0.0	-0.243	0.0	0.0	0.491	0.157	0.0	0.0	0.0	0.0	0.0	0.0	-0.42	0.0	0.0	0.0	0.483	0.0	-1.295	0.0	0.268	0.0	0.0	-0.876	-0.229	-0.466	0.0	0.028	-0.146	0.0	0.0	0.0	-0.62	0.0	-0.094	0.0	-0.259	0.0	0.571	-0.463	0.0	-0.414	-0.209	0.0	0.323	-0.11	0.0	-0.264	-1.343	-1.106	0.0	-0.072	0.0	-0.314	-0.347	0.0	-0.185	0.0	0.0	0.0	0.236	0.0	0.0	-0.503	0.108	0.0	0.0	-0.221	0.0	-0.228	0.0	-0.22	0.0	0.605	-0.292	-0.264	0.269	0.0	0.0	0.0	0.0	0.0	-0.183	0.0	0.0	-0.511	0.0	0.133
adaptation_comment	Aur-c4ea_65_dimorphism-39	0.299	-0.375	0.0	-1.152	-1.311	-0.501	-0.485	-0.707	-0.885	0.162	-1.503	-0.123	-0.042	0.0	0.457	-0.454	-0.197	-0.278	0.0	-0.429	-0.324	0.0	0.0	-1.801	-0.248	-0.109	0.17	0.0	0.0	0.583	-0.616	0.129	0.113	-1.319	-1.535	0.0	-0.041	0.17	-0.567	-1.076	0.315	-0.381	0.737	0.0	-0.174	-0.522	-1.579	-0.037	0.065	0.129	-0.331	0.149	-0.902	-0.176	-0.597	-1.08	-0.936	0.0	-0.291	0.02	-0.294	0.0	-1.086	-0.835	-0.616	-1.168	-0.854	-1.02	0.0	-0.567	-0.255	-1.382	-0.387	-0.505	-0.401	-0.24	-0.527	0.0	-0.687	0.0	-0.23	0.639	0.0	-2.23	0.0	-0.133	-0.491	0.748	0.03	0.299
adaptation_comment	Spe-2571_81_herbivorous-13	-0.21	0.0	-0.101	-0.802	-0.198	0.036	-0.05	0.0	-0.138	-0.383	0.0	-0.055	0.0	-0.48	-0.533	-0.12	-0.129	0.412	0.308	0.377	0.0	0.0	-0.476	-1.908	0.101	-0.674	-0.196	0.0	-0.273	-0.274	0.0	-0.389	0.0	0.0	0.052	0.357	0.0	0.0	-0.535	0.013	0.55	-1.361	0.136	-0.352	-1.021	-1.042	-0.801	-0.061	-0.41	-0.048	-0.137	-0.28	0.0	-0.218	-0.609	0.0	-0.41	-0.619	-0.633	-0.689	0.0	-0.057	-0.016	0.0	-0.347	-0.442	0.0	0.189	-0.261	-0.034	0.0	0.052	0.0	-0.513	0.142	0.0	0.0	-0.911	0.0	0.097	0.0	0.13	0.39	-0.277	0.0	-0.006	-0.324	-0.006	0.0	0.0
adaptation_comment	Spe-2571_73_herbivorous-5	-0.355	0.0	-1.037	-0.198	0.0	0.182	0.0	-0.3	0.0	-0.723	0.497	-0.726	-0.013	0.0	-0.003	-0.093	-0.158	0.0	0.246	-0.303	-0.23	-0.191	0.0	-0.774	-0.386	0.088	-0.02	0.614	-0.198	0.0	-0.001	-0.945	0.0	0.013	-0.955	0.033	-0.109	-0.006	-0.672	-0.945	-0.468	-0.674	0.0	0.124	-0.24	1.429	-0.594	-0.385	0.349	-0.694	0.0	-0.22	-0.454	0.0	-0.068	0.0	0.0	0.0	-0.063	0.658	-0.946	-0.01	-0.79	0.0	0.0	0.14	-0.097	0.255	-0.297	0.0	-1.737	0.0	-0.253	0.255	0.0	-0.105	0.0	-1.288	0.0	-0.103	0.0	0.0	0.0	-0.638	-0.801	0.0	-0.084	0.0	0.0	0.097
adaptation_comment	Aur-c4ea_123_social-4	0.215	0.0	0.0	0.542	0.301	0.0	-0.257	0.0	-0.541	0.0	-0.289	0.0	-0.462	0.251	-0.281	0.0	-0.352	-0.052	0.0	0.0	-0.277	0.0	-0.692	-0.041	0.0	-0.176	-0.048	0.0	0.0	0.0	0.0	0.0	0.468	0.0	-0.466	0.0	0.0	0.0	-0.772	-0.617	-0.055	-0.702	0.0	-0.288	0.029	0.0	0.0	0.191	0.0	0.0	-0.185	0.362	0.0	0.0	0.0	0.0	0.0	0.0	-0.146	0.0	0.0	0.0	0.0	0.065	-0.235	0.02	0.269	0.0	0.0	0.0	-0.726	0.0	0.0	0.0	0.0	0.0	0.0	0.0	0.0	0.0	-0.294	0.0	0.0	0.0	0.0	0.0	0.0	0.0	0.0	0.0
adaptation_comment	Aur-c4ea_123_social-11	0.278	-0.315	0.0	-0.019	0.0	-0.617	-0.512	0.0	0.0	-0.266	0.0	0.0	0.0	0.0	0.0	0.0	0.0	-0.064	0.065	0.0	-0.509	-0.329	0.0	0.0	-0.012	0.0	0.0	0.079	-0.45	0.0	0.0	0.0	0.191	0.0	0.0	0.0	0.0	0.282	0.0	0.0	-0.604	-0.521	0.234	0.0	0.23	0.0	0.0	0.0	0.0	0.0	-0.196	0.188	0.0	-0.485	0.0	0.423	0.189	0.383	0.0	-0.239	0.0	0.0	0.0	0.02	-0.692	0.0	0.0	0.0	0.0	-0.289	0.0	0.0	0.0	0.0	-0.408	-0.343	0.0	0.0	0.0	0.0	0.0	0.0	0.0	-0.284	0.0	0.0	0.0	0.146	0.0	0.0
adaptation_comment	Afr-324e_48_social-16	0.31	0.0	-0.739	-0.356	0.0	-0.256	0.0	0.0	0.0	-0.744	-0.151	-0.39	-0.518	0.013	0.745	0.0	0.0	-0.347	0.0	-0.377	-0.378	0.0	0.074	-0.283	-0.785	0.0	-0.348	0.0	-0.509	0.0	0.0	-0.518	0.0	-0.2	0.0	0.0	0.0	0.0	0.0	0.0	0.0	-0.846	0.0	-0.146	-0.256	0.0	0.0	0.017	0.0	-0.185	0.839	0.84	0.0	-0.042	0.0	0.176	0.0	-0.509	0.0	0.0	-0.289	0.0	0.0	0.0	-1.427	0.134	-0.348	0.407	0.0	0.279	-0.348	0.0	0.0	0.0	-0.589	0.0	0.216	-0.516	0.0	0.059	0.0	0.0	0.0	0.0	0.0	0.0	0.0	0.321	0.0	0.0
adaptation_comment	Bov-d455_13_social-9	0.474	0.0	0.0	0.13	0.0	-0.879	0.0	0.0	0.0	0.0	0.0	0.0	0.0	0.0	0.0	-0.477	0.0	-0.183	0.0	-0.017	0.0	0.0	-0.189	0.092	0.399	0.0	0.0	0.0	-0.185	0.0	-0.218	-0.204	0.323	0.0	-0.277	-0.259	0.0	0.0	0.0	0.0	0.0	-0.71	0.449	0.0	0.029	0.0	0.254	0.091	0.0	-0.643	0.325	0.362	0.13	0.0	-0.171	0.35	0.0	0.0	-0.765	0.373	-0.314	0.0	0.0	0.0	0.0	0.0	0.0	-0.143	-0.133	0.0	-0.612	0.0	0.0	0.0	0.0	-0.797	0.0	0.0	0.0	0.0	0.0	0.0	0.392	0.0	0.0	0.097	0.0	0.0	0.0	0.0
adaptation_comment	Bov-d455_13_social-6	0.689	-0.036	-0.032	-0.16	-0.171	0.262	0.0	-0.236	0.0	0.0	-0.542	0.239	0.392	-0.109	0.0	0.0	0.393	-0.382	0.0	0.0	0.0	0.0	0.0	0.0	0.315	0.0	0.328	-0.061	0.011	0.0	-0.191	0.0	0.0	-0.292	-1.228	0.0	0.0	-0.712	0.0	0.0	0.0	-0.648	0.0	0.0	0.102	0.369	-0.075	0.0	0.0	0.181	0.108	0.215	0.0	0.0	0.092	-0.625	-0.302	0.0	-0.134	0.0	0.423	0.379	0.0	-0.859	-0.88	0.016	-0.404	0.393	-0.298	0.0	-0.569	0.0	0.195	0.0	-0.683	0.0	0.0	0.084	0.0	0.0	-0.314	0.0	-0.223	0.0	0.0	-0.423	0.0	0.0	0.078	0.0
adaptation_comment	Bov-d455_11_Social-1	0.419	0.0	0.0	-0.186	0.0	0.0	0.0	0.0	0.0	0.206	0.0	0.0	0.392	-0.109	0.0	-0.971	0.0	-0.594	0.0	0.0	0.0	0.0	0.0	0.0	-0.12	-0.514	0.0	-0.464	-0.021	0.0	0.0	-0.038	0.0	0.106	-0.133	0.0	0.0	-0.7	0.0	0.0	0.0	-0.685	0.0	0.0	-0.457	-0.466	0.0	0.569	0.0	0.0	0.074	0.31	0.0	0.522	0.0	0.0	-0.528	-0.303	-0.356	0.0	0.047	0.0	0.0	0.0	-0.259	-0.226	-0.151	0.0	0.0	0.0	0.0	-0.214	0.259	0.0	-1.119	0.0	0.0	0.0	0.0	0.0	0.0	0.0	-0.049	0.0	0.0	-0.199	0.0	0.0	0.0	0.0
adaptation_comment	Bha-2df5_39_camouflage-5	-0.339	-0.773	0.228	0.0	-1.239	0.0	-0.133	-0.643	-0.906	-0.353	0.0	-0.724	0.31	0.0	-0.856	-0.19	-0.604	-0.423	-0.639	-0.123	0.0	-0.061	0.0	0.344	-0.011	-0.405	0.266	0.047	0.0	0.0	-0.849	0.0	-0.232	-0.302	-0.385	0.0	-0.394	-0.617	0.0	-0.305	0.109	-0.445	-0.248	-1.186	-0.312	-0.113	-0.292	-0.505	0.0	-0.786	-0.14	-0.136	0.234	0.0	0.0	-0.568	-0.07	-0.295	-0.223	0.403	0.0	-0.259	-0.098	-0.625	-0.105	-0.312	-0.491	-0.447	0.317	-0.533	-0.309	-0.187	0.0	0.0	-0.315	0.015	0.0	0.0	-0.569	-0.078	0.0	0.0	0.0	0.27	0.191	0.0	0.0	0.0	-0.09	0.351
adaptation_comment	Bha-2df5_40_camouflage-24	-0.63	0.234	0.031	-0.554	0.0	0.0	0.073	0.321	0.3	0.0	0.0	-0.512	0.0	0.0	0.019	0.083	-0.343	0.0	-0.835	0.0	-0.604	-0.454	-1.16	0.0	0.0	-0.84	-0.407	-0.777	0.0	0.0	0.476	0.254	-0.16	-0.189	0.365	0.0	-0.459	-0.328	0.0	0.0	0.0	-0.6	0.0	0.463	0.0	-0.116	-0.598	0.0	0.0	0.0	0.0	0.0	0.0	-0.079	-0.408	-0.328	0.0	0.174	0.0	-0.306	-0.307	-0.493	0.25	0.0	0.0	-0.183	0.0	0.0	0.0	-0.354	0.0	0.012	0.0	-0.483	0.0	-0.284	0.177	0.0	-0.481	-0.47	-0.629	0.0	0.0	-0.594	-0.132	0.0	0.0	0.0	-0.657	-0.225
adaptation_comment	Art-6267_149_dimorphism-11	0.0	0.159	0.393	0.0	-1.092	-0.008	-0.24	0.0	0.013	-0.488	0.0	0.0	0.0	0.07	0.0	0.0	0.0	0.0	0.389	0.276	0.0	-0.663	0.0	-0.038	0.0	0.0	0.0	0.0	0.0	0.0	0.0	0.0	-0.263	0.027	0.0	0.0	-0.089	0.0	0.0	0.181	0.0	0.0	0.0	0.0	-0.135	0.0	0.0	0.072	0.0	-0.133	-0.387	-0.024	0.0	0.095	-0.7	-0.714	0.0	0.0	-0.485	0.0	-0.306	0.0	0.0	0.0	0.338	-0.518	-0.167	0.0	-0.347	0.0	0.0	-0.542	-0.536	-0.27	-0.246	-0.529	0.0	0.0	0.0	0.0	0.0	0.0	-0.481	0.0	0.0	0.0	-0.049	0.0	-0.643	0.0
adaptation_comment	Wil-28c2_52_nocturnal-8	0.425	0.0	0.0	-0.187	-0.005	0.0	-0.353	0.0	-0.456	0.0	0.292	0.0	0.0	0.0	0.0	0.0	0.0	-0.529	0.0	-0.138	0.0	-0.198	0.0	-0.205	0.0	-0.109	-0.2	-0.479	-0.659	0.346	0.256	-0.259	0.0	-0.205	-0.668	-0.504	0.078	0.0	-0.636	-0.574	0.0	-0.346	0.0	-0.382	0.0	-0.041	0.0	0.0	-0.001	0.068	0.0	-0.309	0.0	0.0	0.0	-0.228	-0.732	0.0	0.0	0.768	0.0	0.0	0.04	-0.302	-0.723	0.0	0.265	0.0	0.0	0.0	0.0	-0.005	0.0	-0.106	0.0	-0.099	0.0	-0.24	0.351	-0.692	0.785	0.0	0.0	0.0	0.0	-0.133	-0.491	0.0	0.0	0.0
adaptation_comment	Dom3f20_5_Hierarchical-1	0.417	0.0	-0.595	-0.23	0.0	0.0	0.0	0.0	0.0	-0.173	-0.219	0.0	0.0	0.0	0.0	0.0	0.0	-0.369	0.0	0.0	-0.563	-0.344	0.0	0.0	0.0	0.0	0.0	0.0	0.0	0.0	0.0	0.0	0.0	0.0	0.0	0.134	0.0	0.369	0.0	0.0	0.0	-0.744	0.0	-0.45	-0.15	0.0	0.0	0.0	0.0	-0.37	-0.848	0.097	0.0	0.0	0.0	0.0	0.06	-0.032	0.0	0.05	0.345	0.0	0.0	0.0	0.0	0.0	0.0	0.0	0.0	0.0	0.0	0.0	0.0	0.0	0.0	0.0	0.0	0.0	0.0	0.0	0.0	0.0	0.0	0.0	0.0	0.0	0.0	0.0	-0.348	0.0
adaptation_comment	Dom3f20_23_social-15	0.584	0.0	-0.232	-0.183	0.0	0.0	0.0	0.0	-0.814	0.0	-0.03	0.0	0.0	0.0	0.0	0.0	0.0	-0.048	0.0	-0.313	0.0	0.0	0.0	0.0	0.0	0.0	0.0	0.0	0.0	0.0	0.0	0.132	0.143	0.0	0.0	0.0	0.0	0.0	0.0	-0.001	0.0	-0.673	0.0	0.0	1.024	-0.357	-0.343	-0.327	-0.087	0.393	0.051	0.08	0.0	0.0	0.0	0.0	0.0	0.069	0.0	0.0	0.0	0.0	0.0	0.0	0.552	0.0	0.298	0.0	0.0	0.0	0.0	0.0	0.0	0.0	0.0	0.0	0.0	0.0	0.0	0.0	0.0	0.0	0.0	0.0	0.0	0.0	0.0	0.737	0.0	0.0
adaptation_comment	Dom3f20_38_Social-1	0.219	0.0	0.0	-0.193	0.0	0.0	0.0	0.0	0.0	0.0	0.0	0.0	0.0	0.0	0.0	0.0	0.0	-0.286	0.0	0.0	0.0	0.0	0.0	0.0	0.0	0.0	0.0	0.0	0.0	0.0	0.0	0.0	0.0	0.0	0.0	0.0	0.0	0.0	0.0	0.0	0.0	-0.718	0.0	0.0	-0.292	0.0	0.0	0.0	0.0	0.0	-0.444	0.188	0.0	0.0	0.0	0.0	0.0	0.0	0.0	0.0	0.0	0.0	0.0	0.0	0.0	0.0	0.0	0.0	0.0	0.0	0.0	0.0	0.0	0.0	0.0	0.0	0.0	0.0	0.0	0.0	0.0	0.0	0.0	0.0	0.0	0.0	0.0	0.0	0.0	0.0
adaptation_comment	Sai-afdf_54_migrations-13	-0.284	-0.37	0.44	0.0	-0.283	0.577	0.362	0.0	0.173	-0.361	-0.172	0.0	0.0	0.0	0.134	0.0	-0.604	-0.3	0.0	0.0	0.0	0.634	-0.315	-0.593	0.0	-0.198	-1.386	0.032	-0.236	0.36	-1.169	0.535	-0.703	0.082	-0.477	0.0	-0.343	-0.45	-0.344	-0.918	-0.284	-0.053	0.0	0.0	-0.595	0.0	-0.484	0.0	0.227	-0.29	-0.729	-0.817	-0.317	0.0	0.0	-0.644	-0.192	0.0	-0.61	-0.779	0.071	-0.392	-0.348	0.0	-0.607	-0.257	-0.021	-0.884	0.049	-0.072	0.141	-0.669	-0.418	-0.864	-0.315	-0.398	0.0	0.0	-0.216	0.0	0.0	0.0	-0.006	-0.238	0.0	0.144	0.0	0.022	-0.604	0.345
adaptation_comment	Ani6f2b_12_migration-2	0.0	0.0	0.0	0.0	0.0	0.0	0.0	0.0	0.0	0.0	0.0	0.0	0.0	0.0	0.0	0.0	0.0	-0.299	0.0	0.0	0.0	0.0	0.0	0.0	0.0	0.0	0.0	0.0	0.0	0.0	-0.369	0.0	0.011	0.0	0.0	0.0	0.0	0.0	0.0	0.0	0.0	0.0	0.0	0.0	0.0	0.0	-0.197	0.0	0.0	0.0	0.624	-0.044	0.0	0.0	0.0	0.0	0.0	0.0	0.0	0.187	0.0	0.0	0.0	0.0	0.0	0.0	0.0	0.0	0.0	0.0	0.0	0.0	0.0	0.0	0.0	0.0	0.0	0.0	0.0	0.0	0.0	0.0	0.0	-0.556	0.0	0.0	0.0	0.0	0.0	0.0
adaptation_comment	Ani6f2b_16_migration-2	0.0	0.0	0.0	0.0	0.467	0.0	0.0	-0.053	0.0	0.0	0.0	0.0	0.0	0.0	0.0	0.0	0.0	0.0	0.0	0.0	0.0	0.0	0.0	-0.263	0.0	0.0	0.0	0.0	0.0	0.0	0.0	0.0	0.0	0.0	0.0	0.0	-0.518	0.0	0.0	0.0	0.0	0.0	0.0	0.0	0.0	0.0	0.0	0.0	0.0	0.0	0.0	0.0	0.0	0.0	-0.388	0.0	-0.432	0.0	0.0	0.0	0.0	0.0	0.0	0.0	0.0	0.0	0.0	0.0	0.0	0.0	0.0	0.0	0.0	0.274	0.0	0.0	0.0	0.0	0.0	0.0	0.0	0.0	0.0	0.0	-0.17	0.0	0.0	0.0	0.0	0.0
adaptation_comment	Ani6f2b_9_Migration-1	0.0	0.0	0.0	0.0	0.0	0.0	0.0	0.0	0.0	0.0	0.0	0.0	0.0	0.0	0.0	0.0	0.0	0.0	0.0	0.0	0.0	-0.266	-0.607	0.0	0.0	0.0	0.0	0.0	0.0	0.338	0.0	0.0	0.0	0.0	0.0	0.0	0.0	0.0	0.0	0.0	-0.177	0.0	0.0	0.0	0.0	0.0	0.0	0.0	0.0	0.0	0.0	0.0	0.0	0.0	-0.074	0.0	0.532	0.0	0.0	0.0	0.0	0.0	0.0	0.0	0.0	0.0	0.0	0.0	0.0	0.0	0.0	0.336	0.0	0.0	0.0	0.0	0.0	0.0	0.0	0.0	0.115	0.0	0.0	0.0	0.0	0.0	0.0	0.0	0.0	0.0
adaptation_comment	Mon-b346_14_migrations-9	0.234	-0.748	-0.286	-0.56	0.0	0.0	0.146	-0.218	-0.429	-0.413	0.037	0.0	0.0	-0.302	-0.136	-0.747	0.031	-0.727	0.069	0.0	-0.403	0.027	0.0	0.0	-0.184	-0.109	-0.327	-0.295	-0.478	-0.343	-0.027	-0.106	-0.585	-1.007	0.0	0.0	-0.519	-0.07	0.392	-0.194	0.0	0.0	0.0	0.0	-0.787	-0.471	-0.029	0.0	-0.259	0.0	0.0	0.064	0.254	-0.315	0.0	0.193	-0.381	0.0	0.0	-0.501	0.061	-0.222	-0.578	0.0	0.0	0.0	0.0	-0.434	0.0	0.0	-0.522	-0.247	-0.445	-0.31	0.143	0.375	0.0	-0.43	0.0	0.0	0.0	0.0	0.0	0.182	0.069	-0.037	0.0	-0.306	-0.176	0.084
adaptation_comment	Nub-af58_76_Social-1	0.383	0.0	0.0	-0.028	0.0	0.0	0.0	0.0	0.0	0.0	0.0	0.0	0.0	0.0	0.0	0.0	0.0	-0.279	0.0	0.0	0.0	0.0	0.0	0.0	0.0	0.0	0.0	0.0	0.0	0.0	0.0	0.0	0.0	0.0	0.0	0.0	0.0	0.0	0.0	0.0	0.0	-0.727	0.0	0.0	0.007	0.0	0.0	0.0	0.0	0.0	0.308	0.389	0.0	0.0	0.0	0.0	0.0	0.0	0.0	0.0	0.0	0.0	0.0	0.0	0.0	0.0	0.0	0.0	0.0	0.0	0.0	0.0	0.0	0.0	0.0	0.0	0.0	0.0	0.0	0.0	0.0	0.0	0.0	0.0	0.0	0.0	0.0	0.0	0.0	0.0
adaptation_comment	Nub-af58_77_social-3	0.0	0.0	0.0	0.0	0.0	0.0	-0.266	-1.285	0.0	0.365	-0.623	0.0	-0.679	0.0	-0.117	-0.161	0.0	-0.587	-1.719	-0.53	-0.617	-0.65	0.348	0.0	0.136	0.0	0.0	0.431	-1.662	0.115	0.698	-0.437	0.0	-0.604	0.052	-0.647	0.0	-0.349	-0.046	-0.428	-0.567	-0.094	0.0	-1.108	0.0	0.352	-0.387	-0.372	0.0	-1.314	-0.629	0.0	-0.48	0.0	0.1	0.0	-0.309	0.348	0.0	2.315	0.0	-0.643	-0.643	-0.234	-0.619	0.177	-1.032	-0.401	-0.185	-0.28	0.012	-0.415	0.22	-0.284	0.261	-0.347	-0.008	-0.005	-0.146	-0.427	-0.508	0.0	0.0	0.0	-0.219	0.0	0.0	0.0	0.0	-0.109
adaptation_comment	Tem-2c3b_12_migrations-12	-0.196	-0.329	0.194	-0.115	0.184	-0.246	0.971	-1.018	-1.134	-0.132	-0.373	0.955	0.0	1.655	0.437	-1.288	-0.269	-0.424	-0.401	-0.706	0.0	-0.279	-0.534	0.054	0.36	-0.783	-0.129	-0.457	0.0	0.0	-0.71	0.292	-0.169	0.0	-0.855	0.0	0.0	0.41	-0.223	-0.774	0.0	0.339	-0.474	0.0	0.746	-1.054	-1.001	0.0	-0.605	-0.594	0.0	-0.457	-0.006	-1.269	0.0	-0.15	-0.929	-0.159	0.187	-0.898	-0.006	-0.15	0.006	-1.636	0.0	0.657	-0.26	-1.026	0.069	-0.169	0.0	-0.49	-0.963	-0.203	-0.701	0.0	0.0	0.0	-0.956	-0.837	-0.491	0.291	0.0	-0.357	0.381	-0.536	0.465	0.165	-0.63	0.047
adaptation_comment	Ani6f2b_117_Migration-1	0.0	0.0	0.0	0.0	0.0	0.0	0.0	0.0	0.0	0.0	0.0	0.0	0.0	0.0	0.0	0.0	0.0	0.0	0.0	0.0	0.0	-0.457	-0.355	0.0	0.0	0.0	0.0	0.0	0.0	0.401	0.0	0.0	0.0	0.0	0.0	0.0	0.0	0.0	0.0	0.0	-0.189	0.0	0.0	0.0	0.0	0.0	0.0	0.0	0.0	0.0	0.0	0.0	0.0	0.0	-0.503	0.0	0.191	0.0	0.0	0.0	0.0	0.0	0.0	0.0	0.0	0.0	0.0	0.0	0.0	0.0	0.0	0.294	0.0	0.0	0.0	0.0	0.0	0.0	0.0	0.0	-0.306	0.0	0.0	0.0	0.0	0.0	0.0	0.0	0.0	0.0
adaptation_comment	Ani6f2b_115_migration-20	-0.71	0.0	-0.598	0.0	0.378	-0.395	-0.183	-0.235	0.0	0.444	0.345	0.0	0.0	0.455	0.0	-0.094	0.0	-0.335	0.0	0.0	0.819	-0.134	-0.6	0.113	0.0	0.0	0.0	0.0	0.0	-0.221	-0.026	-0.194	0.0	-0.546	-0.343	-0.451	-0.057	-0.1	0.0	-0.505	-0.496	0.0	-0.004	-0.473	-0.107	-0.464	0.0	-1.091	0.0	0.0	-0.174	0.0	-0.016	-0.702	-0.031	-1.301	0.509	0.0	-0.069	0.217	0.0	-0.244	-0.006	0.0	0.0	0.0	0.0	0.0	0.0	-0.368	0.0	0.007	0.0	0.186	-0.062	-0.679	-0.483	0.0	0.103	0.134	-0.372	0.0	-1.255	-0.641	-0.445	-1.325	-0.52	0.0	0.346	0.0
adaptation_comment	Ani6f2b_114_migrations-2	-0.731	0.0	0.0	0.0	0.0	0.0	0.41	-0.386	-0.657	0.0	-0.273	-0.756	0.0	-0.55	0.0	0.296	0.0	-0.72	0.0	-0.603	0.0	-0.061	-0.329	-0.4	0.0	0.0	-0.173	0.0	-0.391	0.0	-0.828	0.314	-0.878	-0.3	0.0	-0.051	-0.549	0.0	-0.029	-0.123	0.0	0.114	0.0	0.0	0.0	-0.502	-0.283	-0.394	-0.315	1.59	1.596	-0.719	-0.612	0.0	0.0	0.0	-0.331	-0.243	0.216	0.044	-0.265	-0.693	-0.497	0.0	0.0	0.197	0.0	-1.005	0.007	-0.468	-0.406	-0.19	-0.127	-0.523	-0.656	-0.304	-0.601	-0.375	-0.872	0.0	0.0	0.0	0.0	-0.256	-0.3	0.0	-0.502	1.063	-0.371	0.0
adaptation_comment	Saidf6a_9_Migration-1	0.0	0.0	0.0	0.0	0.0	0.0	0.0	0.0	-0.044	0.0	0.0	0.0	0.0	0.0	0.0	0.0	0.0	0.0	0.0	0.0	0.0	-0.061	0.0	-0.188	0.0	0.0	-0.137	0.0	0.0	0.0	0.0	0.433	-0.545	0.0	0.0	0.0	0.0	0.0	0.0	-0.523	0.0	0.0	0.0	0.0	0.0	0.0	-0.796	0.0	0.0	0.0	0.0	-0.254	-0.551	0.0	0.0	0.0	-0.611	0.0	-0.051	0.0	0.196	-0.392	0.0	0.0	0.0	0.0	0.0	-0.33	0.308	-0.201	-0.006	-0.537	0.0	-0.523	0.0	0.0	0.0	0.0	-0.366	0.0	0.0	0.0	0.0	0.0	0.0	0.0	0.0	0.31	0.0	0.0
adaptation_comment	Spr-39f8_94_social-2	-0.128	0.0	0.0	-0.531	-0.223	-0.728	-0.198	0.0	-0.725	0.02	0.0	0.0	-0.48	0.0	0.0	0.052	0.0	-0.27	0.308	0.0	-0.617	-0.35	0.308	0.0	0.133	0.0	0.0	0.0	-0.09	0.0	-0.006	0.0	0.0	-0.551	0.159	0.0	-0.305	0.733	0.0	0.0	0.0	-0.747	-0.018	0.0	-0.042	0.0	-0.347	-0.061	0.0	0.0	-1.259	0.24	0.0	0.0	0.0	0.116	-0.533	-0.477	-1.039	-1.192	0.732	-0.057	-0.625	0.0	-0.258	0.0	0.0	0.0	0.0	-0.392	0.0	0.0	0.0	0.0	0.0	0.0	0.0	-0.392	-0.41	-0.4	0.0	0.0	0.0	-0.006	-0.694	0.0	0.352	0.0	0.0	0.0
adaptation_comment	Spr-39f8_98_Territorial-1	0.296	0.0	0.0	-0.272	0.0	0.0	0.0	0.0	0.0	-0.122	0.0	0.133	0.0	-0.157	-0.463	0.0	-0.401	-0.637	0.0	0.0	-1.558	-0.44	0.0	0.0	0.0	0.0	0.0	0.0	0.707	-0.223	0.0	0.28	0.0	0.0	0.0	0.0	0.0	0.009	0.0	0.0	-0.097	-0.346	-0.584	0.0	-0.289	0.0	0.0	0.0	0.0	0.0	-0.229	0.348	0.0	0.032	0.0	0.0	-0.386	-0.444	0.0	-0.113	0.0	0.0	-0.192	0.0	0.348	0.0	0.0	-0.229	0.0	0.0	0.0	0.0	0.0	0.0	0.0	0.0	0.0	0.0	0.0	0.01	-0.526	0.0	0.0	0.0	-0.189	0.0	0.0	-0.464	0.0	0.0
adaptation_comment	Top-df25_42_social-10	-1.051	0.0	-0.322	-0.761	0.326	-0.546	0.311	-0.344	-0.604	0.0	0.0	0.0	0.0	-0.477	-0.53	0.0	-0.257	0.181	0.308	-0.218	0.0	-0.061	0.633	-0.758	0.0	-0.207	0.0	-0.247	-0.104	-0.311	0.0	0.0	-0.622	-0.551	0.052	0.0	-0.305	0.59	0.0	0.02	0.0	-1.031	-0.331	0.369	0.105	0.0	0.015	-0.061	0.0	0.0	0.217	0.139	0.0	0.0	-0.556	-0.392	-0.41	-0.542	-0.523	-1.004	0.573	-0.231	-0.572	0.0	-0.627	0.175	0.0	0.0	0.029	-0.255	0.0	-0.153	0.0	0.0	-0.057	0.0	0.0	-0.659	-0.41	0.0	-0.57	0.0	0.37	-0.003	0.0	0.0	-0.444	0.0	0.0	0.0
adaptation_comment	Blu-3a31_45_social-4	0.474	0.0	0.0	-0.648	-0.551	-0.362	0.0	-0.228	-0.469	0.0	-0.988	0.202	0.392	-0.109	0.0	0.0	0.0	-0.736	0.0	0.0	0.0	0.0	-0.523	0.0	-0.022	0.0	-0.051	-0.061	0.165	0.0	-0.106	0.0	0.0	0.0	-0.793	-0.392	0.0	-0.691	0.0	0.0	0.0	-0.71	0.0	0.0	0.029	0.0	-0.243	0.0	0.0	0.276	0.325	0.362	0.0	0.0	0.0	-0.5	0.003	0.0	0.009	0.0	0.312	0.045	0.0	0.0	-0.259	-0.138	-0.284	0.774	-0.306	0.0	0.0	0.0	0.662	0.0	-1.233	0.0	0.0	0.026	0.0	0.0	0.0	0.308	-0.212	0.0	0.0	-0.515	0.0	0.0	0.0	0.0
adaptation_comment	Liz-2f75_168_herbivorous-4	-0.219	-0.016	0.0	0.399	0.013	-0.522	-0.198	0.0	-0.189	0.167	0.0	0.0	-0.48	-0.583	0.0	0.052	0.0	-0.289	0.308	-0.675	-0.112	-0.425	0.144	0.0	0.0	-0.535	0.0	0.062	0.0	0.0	-0.768	0.0	0.0	0.0	0.0	0.446	-0.098	0.366	0.0	0.0	-0.609	-0.879	-0.209	0.0	0.104	-0.334	-0.47	-0.061	0.0	-0.347	-0.397	-0.682	0.0	0.0	0.0	0.0	-0.239	-0.041	-0.7	-0.92	0.211	-0.58	0.0	-0.263	0.0	0.0	0.0	0.0	0.0	0.308	0.0	0.0	0.0	0.0	0.0	-0.174	0.0	-0.943	0.0	0.0	0.0	0.0	0.0	0.0	-0.694	-0.392	0.352	0.0	0.0	-0.19
adaptation_comment	Liz-2f75_155_herbivorous-28	0.444	0.0	0.424	-0.397	0.0	0.0	0.0	0.0	0.0	-0.344	-0.445	0.0	0.0	-0.467	0.0	0.0	0.0	-0.65	-0.324	-0.569	0.0	0.0	-0.139	-0.588	0.0	-0.644	0.05	-0.588	0.0	0.0	-0.013	-0.884	0.0	0.0	0.0	0.0	-0.423	0.0	-0.566	0.075	0.0	-0.433	0.0	0.02	-0.23	0.0	0.0	0.0	0.0	0.0	0.093	0.035	0.0	0.0	-0.081	-0.449	0.0	0.0	0.024	0.0	0.0	0.062	0.0	0.0	0.0	-0.156	0.0	0.297	-0.846	-0.032	0.0	-0.774	-0.317	0.0	-0.284	0.0	0.06	0.0	0.0	-0.017	0.0	0.0	0.19	0.0	0.0	0.0	0.0	0.0	0.0	0.0
adaptation_comment	Asi-28dd_47_nocturnal-8	-1.182	0.0	-0.106	0.0	-0.199	0.0	0.0	-0.713	0.0	0.167	-0.615	0.0	0.0	0.43	-1.536	-0.399	0.0	0.0	-0.292	-0.006	0.0	0.028	0.0	-0.785	0.196	-0.528	0.0	0.0	-0.013	-0.413	-0.343	-0.283	0.035	0.0	-0.533	-0.512	0.442	0.264	0.064	0.412	-0.241	0.0	0.249	-0.07	-0.374	0.352	-0.268	0.073	0.0	-0.629	0.192	0.0	-0.1	-0.466	0.0	0.408	-0.734	0.0	-0.091	0.466	-1.149	-0.491	0.187	0.0	-0.388	0.0	-0.529	-0.037	-0.368	0.0	0.0	0.0	-0.086	-0.159	0.0	-0.213	-0.342	0.0	0.0	-0.289	0.0	0.006	0.0	0.327	0.567	0.0	0.0	0.0	0.0	0.0
adaptation_comment	Liz-2f75_152_social-18	0.297	0.0	-0.63	-0.881	0.0	-0.549	0.0	0.184	0.0	-0.378	-0.32	0.005	0.052	-0.382	-0.801	0.0	0.0	-0.047	-0.315	-0.476	0.0	0.0	0.0	0.443	-0.353	-0.48	-0.351	-0.39	0.0	0.0	-0.024	-0.541	-0.694	0.099	-0.053	-0.597	-0.342	-0.297	-0.089	0.15	-0.557	-0.952	0.0	0.0	-0.139	-0.802	0.179	0.0	-0.343	0.048	-0.004	-0.634	-0.347	0.0	-0.198	-0.449	0.0	-0.227	0.392	0.242	0.168	0.221	-0.103	-0.934	0.0	-0.046	-0.082	0.387	-0.385	0.0	-1.342	-0.066	-0.006	0.0	-0.245	0.326	-0.981	0.0	-0.284	-0.288	0.0	-0.88	-0.439	-0.489	0.0	0.0	-0.568	0.0	0.0	0.352
adaptation_comment	Dom-6f87_96_hierarchical-15	0.397	0.0	-0.11	-0.14	-0.551	0.327	0.0	-0.517	0.0	0.0	-0.952	0.219	0.0	0.0	0.0	0.0	0.0	-0.611	0.0	0.0	0.0	0.0	-0.523	0.0	0.0	0.0	-0.051	0.0	0.0	0.0	-0.287	0.0	0.0	0.0	-0.76	-0.392	0.0	0.0	0.0	0.0	0.0	-0.537	0.0	0.0	-0.029	0.334	0.0	0.0	0.0	0.134	0.18	0.446	0.0	0.0	0.0	-0.625	0.0	0.0	0.236	0.0	0.478	0.116	0.0	0.0	-0.782	0.0	0.0	0.387	-0.305	0.0	-0.091	0.0	-0.163	0.0	-0.07	0.0	0.0	0.0	0.0	0.0	0.0	0.308	-0.223	0.0	0.0	-0.185	0.0	0.0	0.0	0.0
adaptation_comment	Dom-6f87_95_hierarchical-17	-0.218	0.0	-0.477	0.114	0.0	-0.407	0.0	-0.081	-0.262	-0.163	-0.414	0.0	0.0	0.021	0.195	0.0	0.0	0.012	0.332	-0.187	0.0	0.0	0.538	0.0	-0.258	-0.433	0.604	0.0	-0.716	0.0	-0.254	-0.723	0.0	0.0	-0.084	0.0	0.0	0.0	0.0	0.0	0.443	-1.124	0.109	-0.204	-0.423	0.0	0.106	0.101	0.0	-0.061	0.504	-0.023	0.0	-0.303	0.0	-0.678	-0.465	-0.37	0.0	-0.61	0.0	-0.317	0.0	0.0	-0.67	0.117	-0.418	0.433	-0.443	0.261	0.0	-0.054	0.0	0.0	-0.192	0.0	-0.403	-0.613	0.0	0.0	-0.554	0.0	-0.366	-0.598	0.0	-0.274	0.0	0.0	0.0	0.0
adaptation_comment	Dom-6f87_85_hierarchical-9	-0.296	0.0	-0.233	-0.424	-0.368	0.0	0.0	0.0	0.0	-0.341	0.0	0.223	0.0	0.0	0.0	0.0	0.0	-0.38	-0.062	0.0	-0.098	-0.033	0.0	0.0	0.0	0.147	0.0	0.0	0.257	0.0	0.0	0.0	0.0	0.123	0.0	0.0	0.0	-0.457	0.0	0.0	0.032	-0.723	0.0	0.0	0.139	0.0	0.0	0.0	0.0	0.0	-0.921	0.223	0.0	-0.469	0.0	0.0	-0.013	-0.078	0.0	0.801	0.0	0.0	-0.037	-0.37	0.0	0.0	0.0	-0.309	0.0	0.0	0.0	0.0	0.0	0.432	0.0	0.0	0.0	0.0	0.0	-0.67	-0.477	0.0	0.0	0.138	0.0	0.0	0.0	0.0	0.225	-0.396
adaptation_comment	Dom-6f87_105_social-7	0.029	0.0	0.0	-0.427	-0.043	-0.407	-0.467	-0.263	0.0	0.0	0.0	0.0	-0.464	0.0	0.347	0.0	-0.226	-0.218	0.332	0.0	-0.209	0.0	0.0	0.0	0.0	0.0	-1.028	0.0	0.0	-0.152	0.0	0.0	0.0	-0.654	-0.69	0.0	0.151	0.0	-0.772	0.0	0.067	-0.254	-0.635	0.021	0.27	0.0	0.0	0.101	-0.275	0.0	0.055	-0.145	0.0	0.0	0.0	-0.345	-0.465	0.0	0.0	-0.61	-0.106	-0.272	0.0	0.0	0.185	0.0	0.0	0.0	0.0	0.065	-0.631	0.0	0.0	0.0	0.152	-0.021	0.0	-0.225	0.0	0.0	-0.669	0.0	0.0	0.0	0.0	0.0	0.0	0.0	0.0	0.0
adaptation_comment	Dom-6f87_122_social-8	0.513	0.0	0.0	-0.407	0.0	0.0	0.0	-0.584	0.0	-0.378	-0.231	0.0	0.0	0.013	0.0	-0.635	-0.513	-0.623	0.0	-0.39	0.0	0.0	0.0	0.0	-0.461	0.0	-0.348	0.0	0.0	0.28	-0.441	-0.518	0.067	-0.464	0.0	0.0	-0.223	0.0	0.0	0.0	0.194	-0.258	0.008	-0.55	-0.271	0.0	-0.087	0.152	-0.157	-0.165	0.174	0.047	-0.021	0.421	0.0	-0.403	-0.053	0.0	0.0	0.0	0.0	0.045	0.0	0.0	0.18	0.0	-0.485	0.564	-0.306	0.0	0.0	-0.206	0.719	0.0	-0.729	-0.08	-0.445	0.0	0.0	0.0	0.0	0.0	-0.212	0.0	0.0	0.0	-0.345	0.0	0.0	0.0
adaptation_comment	Che-369e_271_Social-1	0.756	0.0	0.0	-0.076	0.0	0.0	0.0	0.0	0.0	-0.275	0.0	-0.217	0.0	0.0	0.0	0.0	0.0	-0.132	0.0	0.0	-0.56	-0.199	0.0	0.0	0.0	0.0	0.0	0.0	0.122	0.0	0.0	0.0	0.0	0.0	0.0	0.0	0.0	-0.483	0.0	0.0	0.0	-0.229	0.0	0.0	-0.019	0.0	0.0	0.0	0.0	0.0	-0.906	0.475	0.0	0.0	0.0	0.0	0.021	-0.152	0.0	0.999	0.0	0.0	-0.149	0.0	0.0	0.0	0.0	-0.196	0.0	0.0	0.0	0.0	0.0	0.0	0.0	0.0	0.0	0.0	0.0	0.0	0.0	0.0	0.0	0.0	0.0	0.0	0.0	0.0	0.0	0.0
adaptation_comment	Che-369e_491_social-13	-0.23	0.0	0.0	-0.458	0.53	-0.41	0.0	0.0	0.216	0.0	0.0	0.0	0.0	0.167	-0.174	0.0	0.0	-0.615	0.0	-0.559	0.0	-0.115	0.0	0.0	0.0	-0.364	0.0	0.0	-0.105	0.0	0.0	0.0	0.489	0.0	-0.421	0.0	-0.112	0.149	0.13	0.0	0.308	-0.368	-0.196	-0.061	0.232	0.0	0.0	-0.517	0.0	0.0	-0.611	0.184	0.0	0.0	0.148	-0.053	0.0	-0.19	-0.204	-0.539	0.566	0.0	-0.942	0.0	-0.191	0.0	0.366	0.0	0.0	0.0	-1.184	0.0	0.0	0.0	0.0	0.0	0.0	0.0	0.0	0.0	0.0	0.0	0.0	0.0	0.0	0.0	0.0	0.0	0.0	0.0
adaptation_comment	Wil-de29_8_migration-22	0.716	0.106	-0.19	0.0	0.074	-0.879	0.0	0.109	-1.083	0.094	0.0	-0.205	-0.544	-0.258	0.463	-0.745	0.106	-0.676	-0.362	0.0	-0.968	-0.391	0.0	-0.006	0.0	-0.704	-0.407	-0.44	0.0	-0.125	-1.272	0.0	-0.456	-1.742	-0.295	-0.006	-1.048	0.613	0.0	-0.473	0.307	-0.354	0.016	0.0	-0.317	-0.262	0.776	-0.445	-0.321	-0.417	0.527	-0.172	-0.245	-0.854	-0.767	-0.576	-0.334	-0.072	0.714	-0.374	-0.136	0.16	0.481	-0.734	-0.656	-1.299	0.295	0.0	0.104	0.0	-0.436	0.0	0.241	0.444	-0.694	-0.871	0.052	-0.633	0.0	-0.466	-0.21	0.644	0.0	-0.116	0.0	-0.258	0.079	-0.395	-0.243	-0.538
adaptation_comment	Wil-de29_102_migration-16	-0.25	0.0	0.008	-0.675	0.494	-0.527	-0.606	0.121	0.0	-0.032	0.0	-0.508	0.0	-0.649	0.309	-0.312	-0.185	-0.179	-0.163	-1.105	0.0	-0.309	-0.057	0.231	0.415	-0.808	-0.289	-0.878	0.087	0.0	-0.67	0.443	0.126	-0.324	0.0	0.0	-0.754	0.369	-0.215	0.046	0.353	-0.895	0.016	0.0	-0.959	-0.167	-0.028	0.0	-0.839	-0.612	0.0	0.0	-0.098	-1.281	-0.08	-0.145	-1.145	-0.131	-0.537	-0.413	0.091	-0.512	-0.583	-0.138	-0.235	0.709	-0.109	-0.747	-0.239	0.507	0.0	0.0	0.513	-0.446	-0.229	0.0	0.0	0.0	-0.42	-0.319	0.0	0.245	0.147	-0.164	-0.759	0.0	0.399	0.244	-0.721	0.05
adaptation_comment	Blu-3a31_184_migration-12	-0.006	0.167	0.23	0.0	0.311	0.0	0.0	-0.355	0.978	-0.159	0.0	-1.553	0.0	-0.534	0.169	0.0	0.0	0.0	0.543	0.0	-0.201	0.0	0.0	0.515	-0.15	0.0	-0.243	-0.361	0.0	0.0	0.0	0.0	0.0	0.27	0.365	0.0	-0.418	-0.436	0.0	0.0	0.298	0.0	-0.258	-0.718	-0.4	0.541	0.0	0.0	-0.562	-0.184	0.048	0.0	-0.664	0.0	-0.125	-0.584	-0.145	-0.768	0.248	0.0	0.0	0.0	-0.205	0.0	0.0	-0.306	0.0	-0.364	-0.335	0.0	0.0	-0.578	0.0	-0.395	0.0	-0.106	0.0	0.0	0.0	-1.042	0.0	0.0	0.0	0.0	-0.445	0.0	0.0	0.0	-0.076	0.04
adaptation_comment	Wil-de29_80_migrations-21	-0.996	-0.598	0.28	-0.257	0.296	0.002	0.0	-0.751	0.0	0.0	0.0	0.193	0.0	0.0	-0.088	0.0	0.0	0.0	0.0	-0.306	-0.293	-0.082	0.0	-0.406	0.0	-0.798	0.0	-0.216	0.0	-0.494	-0.272	0.584	-0.357	-0.145	-0.085	0.0	-0.953	0.0	-0.686	-0.583	0.0	-0.125	-0.143	0.0	-0.483	0.292	0.0	0.0	0.0	-0.404	0.0	0.0	-0.375	0.0	-0.234	-0.311	0.41	0.0	0.0	0.0	0.0	-0.807	-0.018	0.0	-0.103	0.0	0.182	0.0	0.211	0.0	0.0	-0.054	-0.974	0.0	0.0	0.0	0.0	0.305	0.264	-0.445	0.0	-0.13	0.0	0.498	0.0	0.0	0.0	0.0	-0.046	-0.298
adaptation_comment	Blu-3a31_14_migration-14	0.0	0.0	0.564	0.0	-0.269	1.167	-0.382	-0.241	-0.292	-0.564	0.0	0.0	0.0	-0.671	-0.328	0.0	0.0	-0.729	0.0	-0.22	0.116	-0.359	0.434	0.832	0.057	-0.251	0.0	-0.593	-0.252	-0.221	-0.384	-0.504	0.0	-0.284	0.0	-0.316	0.155	-0.541	0.0	0.094	0.039	0.0	-0.018	0.0	-0.338	-0.399	-0.843	0.0	0.0	-0.406	-0.18	-0.118	-0.161	0.0	-1.05	-0.347	-0.2	-0.692	-0.537	-0.356	-0.012	0.0	-0.465	0.713	0.069	-0.306	0.0	-0.581	-0.588	-0.437	-0.93	-0.184	0.148	-0.446	-0.417	-0.349	0.0	0.0	0.0	0.008	0.003	0.245	-0.225	0.0	-0.357	-0.765	-0.013	0.0	-0.192	0.0
adaptation_comment	Wil-de29_103_migrations-5	-0.392	0.292	-0.732	0.0	-0.919	0.0	-0.478	0.0	-0.006	-0.286	0.0	0.506	0.0	-0.144	-0.014	0.0	-1.727	-0.326	0.0	-0.094	-0.228	0.355	0.0	-0.577	0.0	-0.514	0.0	-0.118	-0.201	-0.469	-0.475	0.0	-0.817	0.442	-0.051	-0.041	0.17	-0.314	0.0	-0.052	-0.843	0.0	-0.106	0.0	-0.602	0.0	0.0	0.0	-0.115	-0.856	-1.131	0.322	0.234	0.0	-1.319	-0.223	0.187	-0.131	-0.769	0.0	-0.079	0.0	-1.13	0.438	0.308	-0.697	-0.133	0.0	-0.347	-0.976	-0.403	0.023	-0.534	-0.438	-0.418	-0.018	0.0	0.0	0.93	0.081	0.0	0.521	-0.338	0.144	0.0	0.0	-0.578	0.0	0.067	0.186
adaptation_comment	Blu-3a31_98_social-47	0.383	0.0	0.0	-0.083	-0.621	0.243	0.272	-0.554	0.0	0.0	-0.901	0.355	0.0	-0.131	0.0	0.0	0.0	-0.605	-0.357	0.0	0.0	0.0	-0.414	0.0	0.0	0.0	-0.094	-0.631	0.0	0.0	0.083	0.0	-0.259	0.0	-0.569	-0.228	-0.366	0.0	0.0	0.0	0.0	-0.755	0.0	0.0	-0.041	0.0	0.0	-0.107	0.0	-0.034	0.253	0.4	0.0	0.0	0.0	-0.508	0.0	-0.722	0.0	0.0	0.122	0.115	0.0	0.0	0.0	0.0	0.0	0.26	-0.469	0.0	0.385	-0.255	0.07	0.0	-0.309	0.0	0.0	0.0	0.0	0.0	0.0	0.338	-0.162	0.0	-0.164	-0.471	0.0	-0.344	0.0	0.0
adaptation_comment	Wil-de29_53_social-4	0.474	0.0	0.0	-0.648	-0.551	-0.362	0.0	-0.228	-0.469	0.0	-0.988	0.202	0.392	-0.109	0.0	0.0	0.0	-0.736	0.0	0.0	0.0	0.0	-0.523	0.0	-0.022	0.0	-0.051	-0.061	0.165	0.0	-0.106	0.0	0.0	0.0	-0.793	-0.392	0.0	-0.691	0.0	0.0	0.0	-0.71	0.0	0.0	0.029	0.0	-0.243	0.0	0.0	0.276	0.325	0.362	0.0	0.0	0.0	-0.5	0.003	0.0	0.009	0.0	0.312	0.045	0.0	0.0	-0.259	-0.138	-0.284	0.774	-0.306	0.0	0.0	0.0	0.662	0.0	-1.233	0.0	0.0	0.026	0.0	0.0	0.0	0.308	-0.212	0.0	0.0	-0.515	0.0	0.0	0.0	0.0
adaptation_comment	Blu-3a31_113_territorial-6	0.422	0.0	0.0	-0.272	0.0	-0.407	0.0	0.0	0.0	-0.144	-0.364	0.0	0.0	-1.014	0.0	0.0	0.0	-0.637	0.332	-0.111	0.0	0.0	0.0	0.0	0.0	-0.091	0.277	0.0	-0.423	0.0	0.366	-0.787	0.0	0.0	0.0	-0.012	0.0	0.0	0.0	0.429	0.443	-0.346	0.0	0.0	-0.289	0.0	0.0	0.101	0.0	0.0	0.381	0.348	0.0	0.0	0.0	-0.459	-0.465	0.0	0.0	-0.61	0.0	-0.411	0.0	0.0	0.0	0.0	0.0	0.515	-0.339	0.0	0.0	0.0	0.0	0.0	-0.136	0.0	-0.249	-0.27	0.0	0.0	0.0	0.0	-0.352	0.0	0.0	0.0	0.0	0.0	0.0	0.082
adaptation_comment	Afr-3b7b_178_territorial-18	0.31	0.0	-0.104	-0.548	-0.529	0.086	0.0	0.0	-0.538	0.0	-0.171	-0.561	0.0	-0.167	0.0	0.837	-0.46	-0.344	0.0	0.0	0.0	-0.544	0.0	0.0	-0.656	0.0	-0.323	-0.472	0.0	0.0	-0.458	0.0	-0.156	0.0	0.308	-0.62	0.172	-0.393	-0.65	0.364	-0.156	-0.974	0.0	-0.659	-0.18	0.0	-0.072	-0.316	-0.213	-0.153	0.317	-0.053	0.315	-0.663	-0.209	-0.088	0.0	-0.56	-0.415	-0.199	0.0	0.449	-0.513	0.028	-0.433	-0.629	-0.268	-0.835	0.197	-0.262	-0.039	-0.669	-0.157	0.0	0.0	0.0	0.0	0.0	-0.484	-0.383	0.0	0.0	0.0	0.0	0.0	0.0	0.0	0.0	-0.729	0.0
adaptation_comment	Blu-3a31_132_territorial-16	0.383	0.0	0.0	0.014	0.0	-0.984	0.0	0.0	0.0	0.0	0.0	0.0	0.0	0.0	0.0	-0.574	0.0	-0.279	0.0	-0.101	0.0	0.0	0.0	-0.442	0.2	0.0	0.0	0.0	0.0	0.0	-0.201	-0.176	0.294	0.0	0.252	-0.259	0.0	0.0	0.0	0.0	0.0	-0.727	0.0	0.0	0.007	0.0	0.0	-0.998	0.224	-0.643	0.308	0.389	0.429	0.0	0.0	-0.17	0.0	0.0	-0.634	-0.176	-0.171	0.0	-0.198	0.0	0.0	0.0	0.0	-0.027	-0.133	0.0	-0.382	0.0	0.0	0.0	0.0	0.0	0.0	0.0	0.0	0.0	0.0	0.0	0.392	0.0	0.0	-0.278	0.0	0.0	0.251	0.0
adaptation_comment	Blu-3a31_103_territorial-3	-0.109	0.0	-0.335	-0.605	-0.219	-0.621	-0.05	-1.474	-0.478	0.0	0.0	-0.509	0.178	1.169	0.0	-0.839	0.132	0.0	-0.013	0.0	0.38	-1.015	0.116	0.0	0.0	0.0	0.0	-0.778	0.0	0.0	-0.305	1.078	0.0	0.1	-1.146	0.397	-0.354	-0.036	-0.373	0.173	0.0	0.161	0.218	-0.433	-0.265	0.0	0.0	-0.051	-0.06	-0.625	-0.02	0.0	0.0	0.0	-0.641	0.0	0.0	0.0	-0.38	-0.562	-0.065	0.0	-0.243	-0.895	0.0	-1.562	-0.116	0.781	-0.096	0.0	0.261	0.0	-0.983	0.0	-0.276	-0.616	0.506	0.0	-0.015	-0.713	0.0	-0.408	0.065	0.0	-0.542	0.0	0.0	0.0	-0.525	-0.745
adaptation_comment	Pra-7b55_36_dimorphism-2	0.746	0.0	0.0	0.0	0.731	0.34	0.0	-0.142	0.206	-1.052	-0.376	-0.551	-1.494	0.0	-0.478	0.0	0.0	0.0	0.0	0.0	0.0	-0.061	0.0	-0.197	-0.759	0.0	0.184	0.0	0.0	0.0	-0.556	1.463	-1.414	0.0	-0.787	-0.144	0.0	0.0	0.0	-0.896	0.0	-0.257	0.0	0.0	0.303	0.0	-2.802	-0.523	-0.337	0.0	0.0	-0.593	-1.102	0.0	0.0	0.0	-1.089	0.0	0.36	0.11	0.706	-0.084	0.0	0.0	0.0	-0.434	0.328	-1.288	-0.104	0.798	0.376	-1.427	-0.045	-0.574	0.0	0.0	0.0	0.0	-0.587	0.0	0.0	-0.192	0.0	0.057	0.0	-0.061	0.0	1.618	-0.563	0.483
adaptation_comment	Dee-529a_89_dimorphism-2	-0.024	0.0	0.564	0.0	0.01	-0.13	-0.69	-0.288	-0.648	-0.404	-0.054	0.0	0.028	0.0	0.683	-0.207	0.0	-0.248	-0.271	-0.586	-0.867	0.0	-0.007	0.0	-0.674	0.0	0.392	0.0	0.0	0.0	-0.113	-0.621	0.027	-0.194	-1.581	-0.253	0.0	-1.183	0.0	-0.694	-0.48	-0.027	0.17	-0.006	0.654	0.0	-0.43	0.329	0.0	-0.202	0.0	-0.366	-0.403	-0.549	-0.345	-0.252	0.0	0.0	-0.727	0.421	-0.018	0.136	-0.995	0.159	0.134	0.177	0.214	0.051	-0.441	-0.424	-0.345	-0.457	-0.904	0.0	0.0	0.0	-0.212	0.0	0.0	0.0	0.0	-0.458	0.0	-0.643	0.0	-0.578	0.352	0.0	0.0	-0.142
adaptation_comment	Cat-98ff_72_dimorphism-2	-0.402	0.0	0.958	-0.195	-0.326	-0.759	0.0	0.0	0.0	-0.145	0.0	0.0	-0.099	0.0	0.0	0.052	0.0	-0.391	0.0	0.116	-0.238	0.0	-0.151	0.0	-0.147	0.0	0.0	0.0	0.0	0.037	0.356	0.0	0.0	-0.797	-1.284	0.454	0.0	-1.269	0.124	-0.694	-0.48	0.0	0.016	-0.391	-0.203	0.0	0.0	0.867	0.0	0.0	0.0	-0.646	-1.028	0.0	0.0	0.0	-0.749	0.0	0.07	0.0	0.1	0.178	-0.16	0.0	0.186	-0.11	0.0	0.0	0.0	0.0	0.0	-0.347	0.0	0.0	0.0	0.0	-0.435	0.329	0.0	0.0	0.0	0.0	-0.097	0.0	0.0	-1.119	0.352	-0.211	0.0	0.0
adaptation_comment	Pra-7b55_42_herbivorous-5	0.0	0.0	0.418	-0.205	-0.236	0.0	0.0	0.0	-0.148	0.464	-0.129	0.0	-0.798	-0.558	-0.276	-0.887	0.0	0.0	0.0	-0.164	0.0	0.0	-0.476	-0.715	-0.57	0.0	0.0	0.0	-0.198	-0.138	-0.684	0.28	-0.152	0.0	-0.98	-0.335	-0.315	0.0	-0.257	0.0	0.0	-0.256	0.0	-0.527	0.0	0.352	0.102	0.18	0.0	-0.694	0.0	0.0	-0.724	0.0	0.0	0.0	0.0	-0.284	-0.594	0.953	0.0	0.185	0.0	-0.028	-0.078	0.0	-0.762	-0.366	-0.26	-0.021	0.0	0.0	-0.148	0.0	0.0	-0.418	0.0	0.0	0.0	-0.224	0.0	0.0	0.086	0.0	0.0	0.0	0.0	0.0	-0.09	0.601
adaptation_comment	Liz-2f75_28_herbivorous-19	-0.306	-0.061	0.0	-0.315	-0.386	0.0	0.0	0.0	-0.491	-0.051	0.0	-0.543	0.0	0.0	0.0	-1.405	0.0	0.334	0.0	-3.247	-0.324	0.0	0.349	-0.801	0.0	0.0	0.0	0.0	0.0	0.0	-0.451	0.0	-0.211	-0.037	0.0	0.152	0.184	0.352	-0.982	0.0	0.0	0.0	0.0	0.0	0.0	-0.285	0.17	0.0	0.0	0.074	-0.353	0.0	0.0	-0.012	-0.109	0.0	0.0	0.584	0.0	0.0	-1.505	0.0	0.085	-0.357	-0.766	0.0	0.0	0.0	0.0	-0.643	0.0	0.0	0.422	-0.291	-0.015	0.0	0.0	0.0	-1.537	0.0	-0.257	0.331	0.044	0.0	0.0	0.0	-0.828	0.0	0.0	0.0
adaptation_comment	Afr-354e_89_social-19	0.474	0.0	0.0	0.117	0.0	-1.017	0.0	0.0	0.0	0.0	0.0	0.0	0.0	0.0	0.0	-0.795	0.0	-0.183	0.0	0.073	0.0	0.0	-0.109	-0.264	0.161	0.0	0.0	0.0	-0.147	0.0	-0.143	0.043	0.214	0.0	-0.076	-0.259	0.0	0.0	0.0	0.0	0.0	-0.71	0.532	0.0	0.029	0.0	0.331	-0.193	0.0	-0.643	0.325	0.362	0.538	0.0	-0.153	0.156	0.0	0.0	-0.664	-0.053	0.132	0.0	0.0	0.0	0.0	0.0	0.0	-0.108	-0.133	0.0	-0.447	0.0	0.0	0.0	0.0	-0.742	0.0	0.0	0.0	0.0	0.0	0.0	0.392	0.0	0.0	-0.116	0.0	0.0	0.0	0.0
adaptation_comment	Asi-f65e_70_dimorphism-2	-0.65	0.0	1.757	0.0	-0.006	-1.615	0.0	0.0	-0.653	-0.886	0.048	0.144	0.028	-0.584	0.313	0.052	0.0	-0.354	-0.44	-0.072	-0.766	0.0	-0.314	-0.524	-0.925	-0.289	0.093	0.0	0.0	0.113	0.146	0.564	-0.312	0.0	-3.189	-0.21	0.0	-0.717	0.0	-1.187	-0.48	0.0	0.272	-0.006	1.948	0.08	-0.797	0.413	0.0	-0.247	0.0	-1.223	-1.84	0.0	0.01	0.0	-0.163	-0.941	0.0	0.0	0.149	0.559	-0.538	-1.037	0.205	-1.64	0.0	-0.261	-1.17	-0.068	-0.19	-0.925	0.0	0.0	-0.053	0.0	-0.27	0.0	-0.79	1.352	-0.341	-0.567	0.0	0.049	0.0	-1.979	0.829	0.498	0.0	0.0
adaptation_comment	Aur-c4ea_83_dimorphism-6	0.0	0.0	0.0	0.0	0.0	0.0	0.0	-0.277	0.0	0.0	0.0	0.0	0.421	0.0	-0.246	-0.294	-0.345	-0.432	0.611	0.0	-0.637	0.0	0.0	0.0	0.0	-1.149	-0.347	-0.016	0.0	0.0	-1.449	0.0	-0.204	0.0	0.0	0.0	-0.051	0.526	-0.196	0.0	0.0	0.0	-0.007	-0.523	0.048	0.0	0.438	-0.544	-0.605	-0.462	0.173	-0.451	0.152	-0.637	0.0	0.083	-0.622	0.0	-0.163	-0.061	0.0	-0.352	0.251	0.0	0.0	0.347	0.0	0.0	0.0	-0.635	0.0	-0.392	-0.048	-0.616	0.0	-0.006	0.0	0.0	0.0	-0.257	0.0	0.0	0.0	0.147	-0.006	0.0	0.0	0.0	0.0	0.117
adaptation_comment	Dug-bf37_203_communication-2	-0.071	0.317	0.234	-1.267	-0.098	0.0	-0.347	-0.302	0.16	0.064	0.0	0.0	0.0	0.0	0.0	0.0	0.0	-0.327	0.0	0.0	0.0	0.0	0.0	0.0	-0.368	0.0	0.032	-0.312	-0.491	-0.347	-0.006	-0.072	0.025	-0.716	0.0	-0.016	0.0	0.0	0.0	-0.359	0.398	-0.433	0.0	-0.694	-0.133	-0.06	-0.272	-0.521	-0.224	0.0	0.0	0.087	-0.76	-0.787	0.064	0.0	-0.329	0.0	0.0	0.052	0.38	-0.765	-0.187	-0.234	0.0	0.101	0.0	0.0	-0.109	0.0	-0.624	-1.081	-0.006	0.072	0.006	-0.176	0.0	0.0	0.0	0.0	-0.48	0.0	0.0	0.052	0.0	0.433	0.0	-0.972	0.0	0.0
adaptation_comment	Rei-38eb_308_communication-29	0.0	0.0	0.44	0.0	-0.635	0.0	-0.075	0.425	0.039	-0.092	0.0	0.0	0.0	-0.246	0.0	0.0	0.0	0.072	-0.54	-0.371	-0.473	-0.33	-0.503	-0.388	0.103	0.0	-0.24	0.0	0.0	0.0	-1.906	0.564	-0.738	0.355	0.0	0.042	0.18	0.0	-0.094	-1.213	-0.782	0.0	0.157	0.0	-0.051	0.0	-0.275	0.0	0.0	-0.29	-0.209	0.003	-0.397	0.0	-0.551	-0.843	-0.751	0.0	-0.726	0.074	0.027	0.0	0.338	-0.414	0.308	-0.3	-0.061	-0.403	-0.596	0.137	-0.019	-0.824	0.237	0.0	0.0	0.296	0.053	0.0	-0.312	-0.019	0.0	0.0	-0.709	0.201	0.0	0.0	0.0	0.142	0.0	0.0
adaptation_comment	Man-5a67_13_herbivorous-16	-0.644	0.0	-0.051	0.573	-0.621	0.641	0.0	0.279	-0.475	0.106	-0.473	0.404	0.0	-0.185	-0.278	0.0	-0.523	0.123	0.0	-0.459	0.0	0.469	-1.231	0.0	0.0	-0.668	-0.094	0.0	0.198	0.0	0.0	-0.478	-1.481	-0.194	-0.749	-0.228	0.0	0.0	0.0	0.567	-0.633	-1.354	0.442	0.0	-0.236	0.0	0.028	0.0	0.0	-0.25	1.327	-0.17	0.0	0.0	0.0	0.0	0.0	0.0	0.0	-0.392	0.092	-0.198	0.0	-0.287	-0.48	0.0	0.0	-0.229	-0.327	0.0	-0.806	0.0	-0.093	-0.573	0.0	-0.283	0.0	0.0	0.0	0.0	-0.117	0.338	0.183	0.308	0.142	-0.462	0.0	-0.755	0.198	0.0
adaptation_comment	Man-5a67_2_herbivorous-17	-0.505	0.342	0.284	-0.337	0.0	0.0	0.053	-0.45	-0.115	-0.351	0.22	0.0	0.0	-0.812	0.0	-0.803	-0.37	-0.211	-0.005	0.0	-0.343	-0.72	-0.069	-0.616	0.0	-0.514	-0.705	0.399	0.0	-0.137	0.0	-0.3	-0.488	-0.595	-0.052	0.0	-0.348	0.0	-0.44	0.0	-0.762	-0.87	0.176	-0.399	-0.029	-0.183	-0.171	0.065	-0.219	0.0	0.224	-0.226	-0.413	0.567	0.0	0.0	0.0	-0.248	-0.044	-0.646	0.0	-0.007	0.0	-0.539	0.0	0.0	0.0	0.0	-0.33	0.0	0.82	0.0	-0.561	0.0	-0.338	0.0	0.0	0.0	0.0	-0.375	0.0	0.0	0.0	0.0	0.0	0.0	-0.278	0.0	0.0	0.0
adaptation_comment	Sir-1b7d_2_herbivorous-22	0.137	-0.015	-0.145	-0.388	0.0	0.0	-0.046	0.0	0.0	0.0	-0.162	0.0	-0.208	-0.382	-0.281	0.0	0.029	-0.375	-0.23	0.65	0.0	-0.773	0.0	-0.094	-0.538	0.0	-0.289	-0.288	0.0	0.0	-0.694	0.434	-0.339	0.0	0.0	0.0	0.0	-0.556	-0.411	0.294	-0.477	-1.4	-0.052	-0.129	-0.029	0.0	0.0	-0.347	-0.151	0.013	0.37	-0.579	0.0	-0.006	-0.315	0.123	0.0	0.0	0.0	0.0	0.0	0.824	-0.518	0.0	-0.932	-0.812	0.0	-0.553	0.225	-0.148	-0.198	-0.67	0.0	0.0	0.0	0.0	0.0	0.0	0.157	0.0	-0.622	0.0	0.0	0.0	0.0	0.0	-0.473	0.0	0.0	0.0
adaptation_comment	Dug-bf37_21_herbivorous-6	-0.393	-0.857	-0.351	-0.807	-0.198	-0.219	0.142	0.0	0.144	0.0	0.0	0.0	0.392	-1.078	0.214	0.211	-0.161	-0.867	0.643	-0.094	0.0	-0.731	0.396	-0.138	-0.071	-1.425	-0.044	-0.061	0.212	0.135	0.0	0.0	0.245	0.137	-0.081	0.0	-0.433	-0.601	0.0	-0.288	0.0	-1.707	-0.491	0.308	-0.203	0.0	0.209	-0.061	0.0	-0.129	0.37	-0.226	0.0	-0.005	-0.137	0.0	-0.712	0.0	-0.593	-0.223	0.0	-0.057	0.0	0.0	-0.606	-1.523	-0.541	0.0	-0.145	0.0	0.0	-0.34	0.23	0.0	-0.415	-0.523	0.0	-0.851	-0.061	0.0	-0.612	-0.29	0.0	-0.597	0.0	0.0	0.0	0.0	-0.126	-0.59
adaptation_comment	Asi-f65e_11_herbivorous-3	0.0	0.0	0.0	0.0	0.0	0.0	0.0	0.0	0.0	0.0	-0.107	0.0	0.0	0.465	-0.284	-0.273	0.0	0.308	-0.285	0.037	-0.875	0.0	0.0	0.0	-0.263	0.0	0.0	-0.391	-0.198	0.194	-0.005	0.0	0.0	-0.279	0.052	-0.512	0.0	-0.094	-0.046	-0.71	-0.461	0.0	0.0	-0.763	0.0	0.352	0.0	0.146	0.0	-1.017	0.0	0.211	-0.48	0.0	-0.093	-0.745	-0.22	0.0	0.0	0.366	0.0	-0.335	0.0	0.0	-0.695	0.214	0.0	-0.719	-0.617	0.0	0.0	0.477	-0.001	0.0	0.008	-0.347	0.0	0.0	0.0	-0.108	-0.039	0.0	0.0	-0.156	0.0	0.0	-0.1	0.0	0.0	-0.214
adaptation_comment	Dug-bf37_21_herbivorous-14	0.137	0.0	0.0	-0.388	-1.02	0.113	-0.135	-0.134	0.0	0.0	-0.952	0.251	0.0	-0.131	0.0	0.0	0.0	-0.919	-0.357	0.0	0.0	0.0	-0.523	0.0	0.0	0.0	-0.051	-0.631	0.0	0.0	-0.018	0.0	-0.024	-0.115	-0.656	-1.049	0.053	0.0	0.0	0.0	0.0	-0.708	0.0	0.0	-0.029	0.0	-0.161	-0.107	0.0	0.232	0.37	-0.226	0.0	0.0	0.0	-0.625	0.0	-0.899	0.0	0.0	-0.645	0.464	0.072	-0.45	0.0	0.0	0.0	0.387	-0.788	0.0	0.385	-0.255	-0.078	0.0	-0.07	0.0	0.0	0.154	0.0	0.0	0.0	0.308	-0.223	-0.105	0.109	-1.259	0.0	-0.308	-0.137	0.0
adaptation_comment	Orn-efbf_3_herbivorous-10	-0.201	0.0	0.322	-0.534	-0.714	0.0	-0.542	-0.134	-0.427	0.0	-0.952	0.251	0.0	-0.211	0.0	0.0	0.0	-0.632	0.0	0.0	0.0	0.0	-0.592	0.0	-0.305	0.0	-0.051	0.0	0.0	0.0	-0.018	0.0	0.0	-0.253	-0.656	-0.392	0.0	0.0	0.0	0.0	0.0	-0.468	-0.625	0.0	0.796	0.0	0.503	0.0	-0.525	0.232	-0.086	0.049	0.0	0.0	0.0	-0.625	0.0	0.0	0.127	0.0	0.058	0.71	0.0	-0.39	0.0	-0.392	-0.237	0.387	-0.697	0.0	0.0	0.003	-0.078	0.0	-0.785	-0.371	0.0	0.299	0.0	0.0	0.0	0.308	-0.223	0.0	0.0	-1.099	0.0	0.0	-0.227	0.035
adaptation_comment	Asi-f65e_101_social-12	-0.768	0.0	0.0	0.664	0.176	0.132	-0.194	0.0	-0.38	0.0	0.0	0.0	-0.573	-0.606	0.0	0.258	0.22	-0.487	0.0	0.0	-0.709	0.019	0.144	0.529	0.0	-0.765	-0.117	0.0	-0.406	0.244	-0.664	0.0	0.0	0.0	-0.497	0.0	0.193	-0.319	-0.49	0.0	-0.024	-1.74	-0.04	0.518	-0.605	-0.402	-0.299	-0.484	0.0	0.0	-0.364	0.388	0.0	0.0	0.0	0.0	0.0	0.0	0.0	0.0	0.0	0.0	0.0	0.0	-0.311	0.0	0.147	0.0	0.0	0.0	-0.957	0.0	-0.368	0.0	-0.146	0.0	0.0	0.0	0.0	0.0	-0.278	0.0	0.0	0.0	0.0	0.0	0.0	0.0	0.0	0.0
adaptation_comment	Afr-7494_7_social-4	0.137	0.0	0.0	-1.082	-0.198	0.633	0.0	0.0	0.0	-0.192	0.0	0.0	0.0	-0.606	-0.345	0.0	0.0	-0.446	0.332	0.028	0.0	0.0	0.062	-0.548	0.0	-0.522	0.0	0.0	0.0	-0.096	0.707	-0.564	0.0	0.0	0.052	0.0	0.0	0.0	0.0	-0.039	0.0	-0.708	0.0	0.0	-0.029	0.0	0.0	-0.142	0.0	0.0	0.37	-0.226	0.0	-0.295	0.0	0.0	-0.465	0.0	-0.229	-0.758	0.0	-0.272	0.0	0.0	-0.4	0.0	0.0	0.0	0.0	0.0	0.0	-0.199	0.0	0.0	0.0	0.0	0.0	-0.479	0.0	-0.418	0.0	-0.198	0.0	-0.046	0.0	0.0	0.0	0.0	0.0	0.0
adaptation_comment	Ind-363f_137_social-6	0.0	0.0	-0.091	0.0	0.0	0.0	0.0	-0.254	0.0	0.0	0.0	-0.792	-0.013	0.0	-0.13	-0.445	0.0	0.0	0.0	-0.006	0.19	-0.632	0.0	-0.892	-0.278	0.0	0.0	0.257	-0.198	0.0	-0.396	-0.947	0.0	0.236	0.052	-0.002	-0.077	0.0	-1.226	-0.252	0.0	-0.559	0.0	-0.225	0.141	-0.301	0.0	0.169	0.384	-0.694	0.0	0.0	-0.607	0.0	0.0	0.0	0.0	0.0	-0.34	0.567	-0.232	-0.194	-0.387	0.0	0.0	0.0	0.0	0.297	-0.822	0.0	-0.332	0.0	-0.117	0.0	0.0	-0.347	0.0	0.0	0.0	0.005	0.0	0.0	0.0	-0.385	0.0	0.0	0.0	0.0	0.0	0.0
adaptation_comment	Top-df25_3_social-5	0.207	0.0	0.151	-1.438	-0.421	-0.355	-0.133	-1.038	0.0	0.0	-0.477	0.0	0.0	-0.48	-0.345	0.063	-0.473	-0.613	-0.108	-0.528	0.0	0.0	-0.006	-1.41	0.0	0.0	0.0	0.191	-0.104	-0.158	0.0	-0.122	0.0	-0.771	0.052	0.0	-0.674	0.59	-0.418	-0.039	0.0	-0.383	-0.018	-0.386	0.164	0.0	0.392	0.151	-0.233	0.0	0.023	-0.27	-0.037	0.508	0.0	0.116	-0.465	-0.542	-0.029	-1.215	0.573	-0.531	-0.625	0.0	-0.576	0.0	-0.491	0.0	-0.203	0.0	0.0	-0.199	0.0	0.0	-0.379	0.0	0.0	-0.479	-0.061	0.04	0.0	0.0	0.0	-0.046	-0.109	0.0	-0.549	0.0	0.0	0.0
adaptation_comment	Iri-77a8_75_dimorphism-15	0.0	0.0	-0.609	0.0	0.0	0.244	-0.247	-0.521	0.0	0.538	-0.551	-0.449	-0.564	-0.478	-1.395	-0.445	-0.018	-1.015	-0.212	-0.357	-0.813	0.188	-0.534	0.0	0.486	0.29	0.489	-0.131	0.735	0.092	-0.315	0.234	-0.155	-0.182	0.092	0.414	-1.758	-0.303	-0.605	0.374	0.188	-0.307	0.268	-0.411	-0.626	-0.988	-0.205	-0.568	-0.864	-0.683	0.587	-1.677	0.0	-1.117	-0.081	-0.084	-0.598	0.0	-0.14	-0.482	0.062	0.0	-0.157	0.115	0.0	-0.164	-0.662	0.297	-0.284	0.53	-0.687	-0.419	0.0	0.0	-1.003	-0.348	-0.215	-0.385	0.0	0.0	0.286	0.0	0.0	0.167	0.0	0.122	-0.27	0.0	0.0	0.0
adaptation_comment	Mac-9f03_41_herbivorous-14	-1.437	0.0	0.0	0.139	0.0	-0.819	0.0	0.0	0.054	0.0	0.0	0.0	0.0	0.0	0.0	-0.477	0.0	-0.387	0.0	-0.017	0.0	0.0	-0.493	0.0	0.0	-0.716	0.0	0.0	-0.71	0.0	-0.218	-0.53	-0.219	0.0	0.055	-0.259	0.0	0.0	0.0	0.0	0.0	-0.806	0.038	0.0	0.265	0.0	-0.49	0.255	0.0	-0.643	0.483	-0.31	-0.474	0.0	-0.096	0.385	0.0	0.0	0.0	-0.168	0.0	0.0	0.0	0.0	0.0	0.0	0.0	-0.274	-0.133	0.0	-0.612	0.0	0.0	0.0	0.0	-0.281	0.0	0.0	0.0	0.0	0.0	0.0	0.392	0.0	0.0	-0.563	0.0	0.0	0.0	0.0
adaptation_comment	Bov-d455_163_Social-1	0.419	0.0	0.0	-0.186	0.0	0.0	0.0	0.0	0.0	0.206	0.0	0.0	0.392	-0.109	0.0	-0.971	0.0	-0.594	0.0	0.0	0.0	0.0	0.0	0.0	-0.12	-0.514	0.0	-0.464	-0.021	0.0	0.0	-0.038	0.0	0.106	-0.133	0.0	0.0	-0.7	0.0	0.0	0.0	-0.685	0.0	0.0	-0.457	-0.466	0.0	0.569	0.0	0.0	0.074	0.31	0.0	0.522	0.0	0.0	-0.528	-0.303	-0.356	0.0	0.047	0.0	0.0	0.0	-0.259	-0.226	-0.151	0.0	0.0	0.0	0.0	-0.214	0.259	0.0	-1.119	0.0	0.0	0.0	0.0	0.0	0.0	0.0	-0.049	0.0	0.0	-0.199	0.0	0.0	0.0	0.0
adaptation_comment	Iri-77a8_75_social-5	-1.526	0.367	0.0	-0.251	0.0	0.0	0.0	0.0	0.058	0.276	-0.187	0.0	0.0	0.0	0.0	0.0	-0.231	-0.27	-0.495	0.0	0.0	-0.018	-0.307	-0.245	0.0	-0.45	0.0	0.115	0.0	0.0	-0.12	0.0	-0.155	0.0	-0.3	0.0	-0.164	-0.539	0.094	0.163	1.001	-1.788	0.119	-0.749	-0.331	-0.492	0.688	-0.297	-0.202	0.133	-0.303	0.216	0.0	0.286	-0.568	-1.144	0.0	0.0	-0.435	0.0	-0.239	0.369	-0.359	-0.469	-0.128	0.235	0.0	0.38	-0.824	0.0	0.0	0.0	0.0	0.0	-0.244	0.0	-0.162	0.0	0.0	0.0	0.0	-0.06	0.189	0.0	0.0	0.0	0.054	0.443	0.0	-0.402
adaptation_comment	Afr-3b7b_128_hierarchical-33	-1.424	0.0	-0.051	0.316	0.0	0.203	0.0	0.0	-0.335	-0.111	-0.194	0.0	0.0	-0.231	0.0	0.0	-0.523	-0.27	0.0	-0.568	0.0	0.719	0.191	0.0	0.0	-0.853	0.102	1.597	0.0	0.0	0.114	-1.413	-0.412	0.0	0.0	0.0	-0.239	0.0	0.0	0.0	-0.57	-2.135	0.039	-0.018	-0.042	0.0	0.149	0.0	0.0	0.0	0.817	0.216	0.0	0.0	0.0	-1.193	0.0	0.0	0.0	-1.4	-0.006	0.118	0.0	-0.126	0.0	0.0	0.0	0.303	-0.309	0.0	-0.41	-0.121	-0.335	0.0	-0.296	-0.115	0.012	0.0	-0.598	0.0	0.0	0.0	-0.328	0.308	0.008	-0.227	0.0	0.332	0.0	0.0
adaptation_comment	Che-369e_13_social-7	0.234	-0.488	0.333	-0.439	-0.551	0.0	0.0	-0.491	-0.197	-0.617	-0.988	0.411	0.0	0.0	0.0	-0.307	0.0	-0.664	-0.68	0.0	-0.586	-0.038	-0.439	0.0	0.0	-0.018	-0.051	-0.383	0.0	0.0	-0.106	0.0	0.0	0.0	-0.474	-0.392	0.0	0.0	0.0	0.0	-0.283	-0.995	-0.046	0.0	0.088	0.107	-0.024	0.0	-0.586	-0.062	0.123	-0.093	-0.058	0.347	0.0	0.018	0.0	0.0	0.0	0.0	-0.319	0.045	0.0	0.0	0.0	0.0	-0.022	0.558	-0.306	0.0	0.174	-0.064	0.012	0.0	-0.184	0.0	0.0	0.0	-0.288	0.0	0.0	0.308	-0.212	0.0	0.0	-0.357	-0.271	0.0	0.0	0.0
adaptation_comment	Afr-3b7b_117_social-7	-0.248	0.0	0.0	0.675	-0.043	0.0	0.067	0.0	-0.183	0.0	0.0	0.0	-0.335	0.0	0.0	0.0	0.18	-0.647	0.0	0.0	0.008	0.0	-0.222	0.0	-0.451	-1.576	-0.053	0.0	0.0	0.0	0.0	0.0	0.0	0.0	-0.466	0.247	0.0	0.0	-0.772	0.0	0.067	-0.581	0.32	0.0	-0.085	0.0	-0.117	0.0	0.0	0.0	0.754	0.553	0.0	0.0	-1.144	0.0	0.0	-0.312	0.0	0.0	0.0	0.0	0.0	0.0	-0.235	0.0	0.0	0.0	-0.164	0.0	-0.343	0.0	0.0	0.0	0.0	0.0	0.0	0.0	0.0	0.0	-0.57	0.0	0.0	0.0	0.0	0.0	0.0	0.0	0.0	0.0
adaptation_comment	Afr-3b7b_124_social-7	-0.825	-0.374	-0.021	-0.084	-0.551	-0.353	0.0	-0.268	-0.186	0.0	-0.947	0.194	0.0	-0.635	0.0	0.0	0.0	-0.603	0.0	0.0	0.0	0.0	-0.341	0.0	0.0	-1.007	-0.051	0.0	0.0	0.0	-0.254	0.0	0.0	0.0	-0.677	-0.392	0.0	0.0	0.0	0.0	0.0	-1.077	-0.261	0.0	0.465	-0.11	-1.084	0.0	0.0	-0.614	0.265	-0.246	0.0	0.0	0.0	-0.947	-0.098	0.0	0.421	0.0	-0.258	-0.044	0.0	0.0	0.0	0.0	0.0	0.778	-0.097	0.0	0.112	-0.346	0.168	0.0	-0.406	0.152	0.0	0.216	0.0	0.0	0.0	0.308	-0.366	0.0	0.0	-0.633	0.0	0.0	0.0	0.0
adaptation_comment	Dam-2357_66_migration-3	0.0	-0.578	0.0	-0.445	0.0	-0.315	0.714	-0.519	0.246	0.024	0.0	-0.546	0.0	-0.649	0.0	0.0	0.0	-0.374	0.0	0.423	-0.13	0.0	-0.395	-0.212	0.0	-1.04	0.0	-0.735	0.0	-0.347	-0.648	0.0	-0.075	-0.822	-0.412	0.0	-0.306	-0.183	0.0	0.869	-0.039	0.0	0.0	0.0	0.0	-0.132	-0.519	0.0	0.0	0.0	0.246	-0.735	-0.383	0.0	-0.624	0.511	0.217	-0.467	0.0	-0.265	-0.312	0.0	-0.005	0.0	0.564	-0.29	0.0	0.0	-0.384	0.0	-0.604	-0.924	0.0	0.0	-0.046	0.0	0.0	0.0	0.0	0.0	-0.528	0.0	0.0	-0.19	0.0	0.0	-0.478	-0.343	-0.594	0.0
adaptation_comment	Bov-d455_226_displays-19	-0.127	0.0	-1.13	-0.673	0.0	0.044	-0.232	0.26	-0.633	0.229	0.0	0.71	0.0	-0.883	-0.138	-0.035	0.742	0.0	0.0	0.146	0.0	-0.418	-0.28	0.0	-0.149	-0.7	-0.445	0.0	0.0	0.818	-0.889	0.183	-0.443	-0.529	0.0	0.0	-0.468	0.425	0.0	0.565	-0.074	0.0	0.333	-0.652	-0.032	0.8	-0.173	-0.894	-1.285	-0.435	-0.739	-0.819	-0.189	-0.402	-0.699	-0.346	-0.353	0.078	0.0	-0.668	0.0	-0.707	-0.246	0.0	-0.419	0.0	0.0	-0.044	0.0	-0.095	0.0	0.364	0.0	0.0	0.0	0.0	0.201	-0.389	-0.976	0.14	-0.326	0.0	-0.258	-0.523	0.0	-0.533	0.119	0.0	0.0	0.0
adaptation_comment	Bov-d455_226_displays-16	-0.005	-0.131	-0.758	0.01	0.519	-0.445	-1.616	-0.545	-0.632	0.0	-0.52	0.301	0.09	0.404	-0.1	-0.096	-0.382	-0.1	0.84	-0.176	-0.517	-0.591	0.0	0.0	0.0	-0.503	-0.263	-0.168	-0.908	-0.645	-1.167	-1.001	0.006	-0.442	0.231	0.154	-0.16	0.425	0.0	-0.444	-0.219	-0.204	-0.474	0.0	-0.343	0.0	-0.263	0.414	-0.035	-0.36	-0.051	0.0	0.029	0.0	-0.236	-0.061	0.0	0.0	-0.224	-0.205	0.271	0.266	-1.013	-0.169	-1.21	-1.251	0.0	0.379	0.0	-0.746	0.0	-1.417	-0.403	0.0	0.047	-0.457	-0.246	0.0	0.0	-0.114	0.0	0.0	0.0	-0.048	-0.609	-0.347	-1.039	0.0	0.0	0.333
free_topic	Big-0af3_10_sheep-2	-1.102	-0.543	-1.289	0.0	0.651	0.214	0.0	0.56	0.051	-0.283	-0.56	-0.663	-0.864	-0.757	-1.282	0.8	-1.216	-0.545	0.003	-0.353	0.0	-0.994	0.0	-2.042	1.338	-0.051	-0.584	-0.051	0.45	0.011	-0.768	0.233	-0.554	-0.73	0.993	1.042	0.684	-0.266	-1.073	-1.094	-0.192	0.439	-0.55	0.0	0.073	-0.603	-2.448	0.0	-0.501	0.0	0.768	-1.303	-1.501	-0.265	-1.389	-0.117	0.034	0.041	-0.619	-0.398	-1.3	-0.881	-0.288	-0.396	-0.236	-0.232	-0.173	-0.259	0.162	0.862	-0.006	-2.459	0.682	-1.998	0.771	-0.015	0.0	-0.523	-0.333	-0.677	-0.771	0.0	-1.461	-0.633	-0.41	0.062	0.0	0.381	0.0	0.0
free_topic	Bla-3ee3_108_Blackbuck-1	0.0	-0.712	0.0	0.0	0.121	0.0	-0.711	0.0	0.0	0.0	0.0	0.0	0.011	0.0	0.0	0.0	0.0	0.0	0.0	0.0	0.0	0.254	0.0	0.0	0.0	0.0	0.0	-0.101	0.0	0.0	0.0	-0.259	0.0	-0.325	0.0	0.392	0.0	0.0	0.0	0.0	0.0	0.0	0.0	0.0	-0.486	0.0	0.0	0.0	0.0	0.0	0.0	0.0	0.0	0.0	0.0	0.0	0.579	0.0	0.0	0.0	0.0	0.0	0.016	0.0	0.0	0.0	0.0	0.0	0.0	0.0	0.0	0.0	0.0	-0.133	0.045	0.0	0.0	0.476	0.432	0.0	-0.613	0.0	0.0	-0.109	0.0	0.0	0.454	0.0	0.0	0.0
free_topic	Bos-be23_26_Bos-45	0.0	-0.006	-0.629	0.0	0.994	0.255	0.371	-1.421	0.0	0.0	0.0	-0.185	0.0	0.0	0.233	0.581	0.345	-0.253	-0.763	0.542	0.259	0.0	-0.715	0.0	0.0	-0.351	-0.342	-0.558	-0.401	0.0	0.0	0.37	0.0	-0.629	-0.406	0.0	0.0	0.0	-0.008	-0.224	0.0	0.0	-2.516	-0.301	0.0	0.0	0.392	0.0	-0.392	0.0	0.24	-0.194	0.0	-0.853	0.0	0.469	0.0	0.064	0.0	0.377	0.0	-0.595	-0.32	-0.242	0.0	-0.012	-0.845	0.0	0.0	0.124	0.0	0.0	0.0	0.0	0.0	-0.71	0.0	0.0	-0.061	-0.15	0.0	0.0	0.105	0.0	-0.373	0.051	0.0	0.0	0.0	-0.492
free_topic	Cou-56f5_292_sheep-13	0.0	-0.292	0.393	0.0	-0.949	-0.621	-0.36	0.575	-0.006	-0.831	-0.066	0.0	-0.462	0.059	0.027	0.0	0.0	0.0	0.0	0.0	0.0	-0.312	-0.517	-0.021	0.0	0.06	0.0	0.0	0.0	-0.455	-1.157	0.0	-0.739	0.535	0.0	0.0	0.922	0.0	0.0	0.496	0.0	0.0	-0.344	0.0	-0.045	-0.205	-0.324	-0.167	-0.329	0.094	0.0	0.309	0.0	0.0	-0.844	-0.587	0.575	0.0	-1.092	0.0	-0.437	0.0	0.589	0.0	0.308	-0.697	0.135	0.369	-0.394	0.0	-0.079	-1.08	-0.466	-0.126	0.233	-0.018	0.0	0.0	0.0	-0.108	0.0	0.0	-0.205	0.0	0.0	0.0	0.0	0.0	0.0	0.0
free_topic	Coy-1bf1_411_sheep-21	0.576	0.0	0.0	0.0	0.0	-0.605	-0.543	-0.643	0.196	0.0	0.308	-0.523	0.039	0.0	0.0	0.0	0.0	-0.0	-0.501	-0.089	0.0	-0.256	-0.65	-0.338	0.0	0.0	0.193	-0.39	0.0	0.121	-0.409	0.0	0.172	-0.302	0.0	0.0	0.0	-0.051	0.0	-0.014	-0.114	-0.301	0.0	-1.404	0.0	0.0	0.392	0.09	-0.061	-0.259	-0.233	0.0	0.0	0.318	-0.018	0.0	0.389	-0.901	0.0	1.225	0.0	-0.495	-0.739	-0.143	0.0	0.0	-0.491	0.0	0.0	0.0	0.0	0.379	0.0	0.0	0.0	-0.753	0.0	-0.006	-0.696	0.0	-0.434	-0.131	0.0	0.0	-0.109	0.0	0.0	0.0	0.0	0.0
free_topic	Coy-1bf1_412_sheep-21	-0.385	-0.16	0.0	0.0	0.0	-0.576	-0.006	0.653	0.0	0.586	0.0	0.0	0.0	-0.719	0.313	-0.322	0.0	0.0	0.195	0.0	0.0	-1.054	-0.479	-0.61	-0.34	0.48	0.262	0.0	-0.021	0.309	0.0	-0.736	0.0	-0.046	0.0	0.0	0.0	0.0	0.0	-0.014	-0.437	-0.016	-0.238	-0.41	0.0	0.511	0.0	-1.094	0.0	0.181	0.16	-0.66	0.0	0.343	-0.205	0.0	0.535	-0.901	0.0	0.101	0.0	-0.236	-0.166	0.288	0.0	0.0	0.0	0.0	0.129	0.0	0.0	0.565	0.244	0.0	-0.005	0.0	0.224	0.0	-0.325	-0.298	-0.248	-0.377	-0.392	0.0	0.0	0.0	0.0	-0.727	0.0	0.0
free_topic	Coy-1bf1_413_sheep-16	-0.392	0.0	0.393	0.283	-1.016	0.0	-0.886	-0.685	-0.299	-1.071	0.0	0.308	0.0	-0.407	-0.644	-0.006	-0.523	-0.393	0.007	-1.491	0.045	-0.312	0.284	0.0	-0.656	0.299	-0.544	-0.102	-0.343	0.0	-1.425	-0.846	-0.477	-0.024	0.255	-0.097	0.343	-0.617	-0.055	-0.554	-0.324	0.0	0.132	-0.693	0.209	0.133	1.059	0.074	0.0	-0.705	0.307	-0.899	0.559	0.0	-1.811	-1.223	0.267	-0.372	0.577	1.14	-0.081	-0.579	-0.99	-0.59	0.167	-0.333	-0.491	0.002	0.36	0.215	-0.385	-0.844	0.046	0.132	0.0	-0.018	-0.205	-0.018	-0.056	0.097	0.182	0.0	-0.322	0.817	-0.109	-0.692	0.402	0.0	-0.006	-0.394
free_topic	Coy-1bf1_413_sheep-5	0.591	-0.085	-0.83	-0.456	0.0	1.318	-0.639	0.211	-0.827	-0.016	0.308	-0.523	0.0	0.0	0.208	0.0	-0.379	0.32	0.089	0.273	0.0	1.159	-0.479	-0.649	0.0	0.0	0.173	0.0	0.0	0.309	-0.21	-0.526	-0.312	0.0	0.146	0.0	0.0	-0.051	0.0	-0.138	-0.437	0.206	0.0	0.0	-0.377	0.434	0.0	-0.094	-0.061	0.0	0.0	0.0	-0.636	0.505	-0.311	0.0	0.337	-0.901	0.488	-0.263	0.743	-0.236	-0.782	0.021	0.0	0.0	0.0	0.045	-0.815	-0.492	0.0	0.171	0.0	0.0	0.781	0.0	-0.214	-0.006	-1.125	-2.183	-0.27	-0.195	0.0	0.0	0.307	0.0	0.0	0.0	0.0	0.0
free_topic	Kea-483e_78_sheep-21	0.304	0.0	0.0	0.0	0.0	-1.042	-0.473	-0.08	0.612	0.0	0.338	-0.414	0.0	0.0	0.0	0.0	0.0	0.0	0.207	0.0	0.0	0.016	-0.503	-0.363	-0.674	0.0	0.376	0.0	0.0	0.114	0.0	-0.542	0.0	-0.552	0.0	0.0	0.0	-0.094	0.0	-0.014	-0.538	0.04	0.0	-0.354	0.0	0.0	0.0	0.09	0.103	0.0	0.346	0.0	0.0	0.129	-0.008	0.0	0.616	-1.075	0.0	0.0	0.0	-0.236	-0.577	-0.52	0.0	0.0	0.0	0.0	0.0	0.0	0.06	0.006	0.0	0.0	0.0	0.0	0.0	-0.183	-0.157	-0.455	-0.264	0.054	0.0	0.0	0.0	0.0	0.0	0.0	0.0	0.0
free_topic	Mam-3742_583_buffalo-8	0.049	0.0	0.772	0.405	-0.131	-0.793	-0.004	-1.108	0.0	-0.986	0.23	-0.564	-0.084	-0.534	0.328	0.052	0.0	-0.41	-0.166	-0.086	0.144	0.0	-1.059	-0.222	-0.497	-0.061	0.0	0.0	0.0	0.0	-0.911	-0.086	0.156	-0.18	-2.67	0.035	0.0	-0.846	0.233	-0.694	-0.181	-0.305	0.0	-0.148	0.723	0.0	0.611	0.749	-0.392	0.0	1.625	-1.505	-1.27	0.0	0.0	-0.898	-0.634	0.0	-0.421	0.109	0.597	0.036	-0.317	0.0	-0.514	-0.504	-0.025	-0.123	-0.38	0.0	0.0	-0.347	0.0	-0.134	0.0	0.0	-0.08	0.433	0.0	0.0	0.0	-0.06	0.0	-0.157	0.0	-0.625	0.352	-0.33	0.068	0.0
free_topic	Ovi-a47a_22_sheep-15	-0.739	0.043	-0.353	0.157	-0.864	1.174	0.793	-0.636	0.341	0.529	-1.598	-1.457	-0.669	0.0	-0.079	-0.597	0.0	-0.395	-0.074	-0.032	-0.235	-0.733	0.06	-0.473	0.0	-0.204	-0.108	-1.135	0.032	0.117	-1.35	0.629	-1.38	-0.248	-0.584	-0.24	0.214	0.387	-0.064	-0.34	0.073	0.0	-0.103	0.369	-0.202	0.0	-2.407	-0.48	0.0	-0.184	0.65	-0.336	-1.238	0.0	0.097	-0.435	-1.356	0.05	-0.037	-0.833	-0.517	-0.759	-0.425	-1.155	0.0	-0.499	-0.451	-1.348	0.045	-0.398	0.0	-2.433	0.0	-0.143	-0.112	-0.916	0.0	0.0	-0.9	-0.217	0.0	-0.645	-0.354	-0.12	-0.488	0.0	-0.312	0.76	0.0	0.532
free_topic	She-572b_105_sheep-16	0.0	0.0	0.212	-0.025	-0.442	0.0	0.0	0.0	0.242	-0.379	-0.619	0.0	-0.108	-0.753	0.0	0.0	0.0	-0.672	-0.135	0.0	-0.283	-0.109	0.0	-1.231	0.059	0.014	0.0	0.0	0.0	-1.318	-1.347	-0.893	-0.692	0.339	0.0	0.0	-0.289	0.433	0.0	-0.194	-0.555	-0.274	0.163	-0.624	0.0	-0.243	0.15	0.0	-0.491	-0.285	0.755	-0.533	-0.044	0.0	0.0	-1.428	0.0	-0.133	0.0	0.074	-0.418	0.0	0.051	0.223	-0.366	-0.305	0.392	0.375	-0.481	0.0	0.258	-0.542	-0.152	0.0	0.173	0.742	0.0	0.0	-0.141	0.131	-0.259	0.0	-0.275	0.027	0.0	0.0	0.241	0.0	0.143	0.0
free_topic	Wat91ee_9_buffalo-3	0.0	0.0	0.0	0.0	0.0	0.0	0.0	0.0	0.352	0.12	0.0	0.0	0.0	0.0	0.0	0.0	0.0	-0.078	0.0	0.0	0.0	0.0	0.0	0.0	0.0	0.0	0.0	0.0	0.0	-0.347	-0.51	0.0	-0.005	0.0	0.0	0.0	0.0	0.0	0.0	0.724	0.0	0.0	0.0	0.0	0.0	0.052	-0.295	0.0	0.0	0.0	0.768	-0.537	0.0	0.0	-0.198	0.0	0.466	0.0	0.0	-0.044	0.0	0.0	0.0	0.0	0.0	0.0	0.0	0.0	0.0	0.0	0.0	-0.826	0.0	0.0	-0.046	0.0	0.0	0.0	0.0	0.0	-0.48	0.0	0.0	-0.099	0.0	0.0	0.0	0.0	0.0	0.0
free_topic	Wil-28c2_13_buffalo-13	0.21	-0.203	0.433	0.0	0.049	0.57	0.0	-0.566	-0.389	-1.402	0.0	-1.058	0.0	-0.534	0.507	0.0	-0.303	-0.379	0.387	0.489	-0.559	-0.114	-0.235	0.345	-0.663	0.0	-0.242	-0.363	0.0	-0.731	-0.504	0.0	-0.005	-0.398	0.716	0.0	-0.261	-0.392	-0.429	-0.065	-0.094	0.0	-0.396	-0.37	-0.497	0.026	0.126	0.0	-0.562	-0.29	0.42	-0.346	-0.715	0.0	-0.123	-1.378	-0.102	0.328	-0.204	0.698	0.0	0.0	0.188	0.0	0.0	-0.257	0.0	-0.078	-0.242	-0.061	-0.329	-0.246	-0.234	-0.029	-0.532	0.296	0.0	-0.41	0.0	0.308	0.0	0.609	0.0	-0.099	0.619	0.0	0.0	0.0	-0.049	0.493
free_topic	Wil-de29_18_cattle-17	0.477	-0.005	0.0	0.238	0.0	0.0	-0.353	0.0	0.121	0.0	0.0	0.052	0.0	0.0	0.0	0.0	0.351	-0.186	-0.167	1.037	0.0	-0.395	-0.346	-0.046	-0.984	-0.106	0.575	-0.892	-0.504	0.251	-0.638	0.189	-0.497	0.021	-0.41	0.187	0.0	0.0	-0.417	-0.7	0.0	0.0	-0.06	-0.774	0.0	-0.109	-0.934	0.0	-0.188	0.0	0.068	0.144	-0.635	-0.099	0.0	-0.971	0.087	0.0	0.762	-0.124	-0.591	0.126	-0.388	-1.125	-0.323	0.138	-0.176	-0.403	-0.026	-0.087	0.0	-0.578	0.0	-0.204	0.0	0.0	-0.005	0.006	0.139	-0.692	0.691	0.0	-0.729	-0.257	0.0	-0.268	-0.111	0.439	-0.42	0.0
free_topic	Wol-279e_427_sheep-9	-0.041	-0.78	0.297	0.0	-0.339	0.564	0.0	0.0	0.0	-0.494	-0.343	-0.043	0.0	0.061	-0.844	0.0	-0.175	-0.212	0.0	0.0	0.0	0.29	-0.157	0.475	-1.099	-0.626	0.017	-0.57	0.0	-0.403	0.0	0.0	0.0	0.0	0.587	0.0	0.0	-0.465	0.0	-0.532	0.0	0.0	-0.034	-1.295	-0.528	0.091	0.0	-0.152	0.122	-0.252	-0.527	0.0	0.0	-0.626	0.0	-0.271	0.0	0.719	0.0	-0.052	0.0	0.0	0.139	0.0	0.0	-0.639	-0.113	-0.037	0.087	0.0	0.008	-0.445	-0.491	-0.184	0.162	-0.013	-0.041	0.0	0.0	0.0	0.0	-0.08	0.0	0.0	0.0	0.0	0.0	0.0	-0.604	1.381
taxongroup_topic	Afr-324e_131_buffalo-7	0.0	0.0	0.072	-0.48	-0.625	0.0	-0.111	-0.566	-0.208	0.033	-0.347	0.0	0.0	-0.148	0.0	0.0	0.0	-0.408	0.0	0.0	-0.489	0.001	0.0	0.218	0.0	0.0	0.0	-0.295	-0.046	0.0	0.0	-0.943	-0.523	0.141	0.0	0.311	0.233	-0.781	0.0	0.387	-0.326	0.0	0.0	0.0	0.164	0.0	0.0	0.0	0.0	-0.07	0.0	0.191	-0.05	0.0	-0.551	-0.782	0.0	0.0	-0.41	0.0	0.07	0.0	0.151	0.767	0.308	-0.285	-0.727	0.0	-0.793	-0.302	0.046	-0.542	-0.447	0.0	-0.253	-0.018	0.0	0.0	0.433	0.295	0.0	0.0	-0.065	-0.882	0.0	0.352	-0.694	0.0	0.21	0.945
taxongroup_topic	Afr3777_5_buffalos-2	-0.455	0.0	-0.031	-0.222	0.0	-1.035	-0.522	0.0	0.403	-0.309	-0.239	0.0	0.0	0.0	0.0	-0.957	0.0	0.0	0.0	0.0	0.0	0.0	-0.208	0.0	-0.07	-0.479	0.0	-0.698	0.0	0.08	-0.006	1.157	-0.044	0.31	0.0	0.0	0.0	0.0	0.0	0.603	0.0	-0.574	0.0	0.0	-0.412	0.052	-0.734	0.0	-0.528	-0.305	0.0	-0.014	0.0	0.141	0.015	0.116	-0.062	0.0	0.0	-0.363	0.0	0.0	0.0	0.0	0.148	0.0	0.0	-0.292	-0.005	0.0	0.0	-0.921	0.0	-0.053	-0.046	0.0	-0.25	0.0	0.0	0.0	-0.48	0.0	0.0	-0.542	0.0	-0.625	-0.401	-0.232	-0.269	0.32
taxongroup_topic	Bov-d455_230_buffalo-20	0.559	0.0	-0.068	0.0	-0.423	-0.152	0.0	0.0	0.0	0.0	-0.391	0.675	0.0	0.0	0.0	-0.471	0.0	0.316	0.0	-0.287	0.0	-0.384	0.064	-1.197	0.0	0.0	0.065	-0.172	0.301	-0.257	0.0	-0.49	-0.348	0.0	0.0	0.0	0.053	0.0	0.0	-0.088	-0.143	0.268	0.0	0.084	0.0	0.0	0.0	0.037	0.0	-0.346	0.0	0.0	0.122	-0.191	-0.353	0.0	0.584	-0.81	0.0	0.127	0.0	-0.89	-0.441	0.044	0.246	0.0	-0.777	0.0	0.0	0.0	0.0	0.152	-0.101	0.292	0.0	0.0	0.0	0.0	-0.096	0.0	-0.357	-0.314	0.0	0.0	-0.468	0.0	0.0	0.0	0.0	-0.445
taxongroup_topic	Afr-324e_7_buffalo-3	1.068	0.115	-0.301	0.083	-0.568	0.236	-1.231	-1.046	-0.17	0.129	-0.102	0.0	-0.025	-0.534	-1.247	-0.134	0.639	0.022	0.034	0.095	-0.716	0.29	0.176	-0.018	-0.527	-0.3	-1.225	-0.298	0.0	-0.898	-0.006	0.396	0.308	-0.906	-0.035	0.094	-0.7	-0.852	-0.013	0.4	0.727	0.0	-0.333	-0.177	-1.523	0.052	-0.673	-0.82	-0.3	0.0	0.0	-0.297	-1.286	-0.932	-0.198	-0.756	0.037	-1.387	-1.291	-0.249	0.741	-0.647	0.743	-0.78	-1.32	0.0	-0.133	-0.086	-0.38	-0.137	0.26	-1.29	-0.549	-0.355	-0.643	0.0	0.321	-0.062	0.266	0.349	-0.829	0.052	0.0	-0.019	-0.762	-0.442	0.302	-1.014	-0.172	-0.347
taxongroup_topic	Afr-324e_7_buffalo-10	0.37	0.0	0.217	0.0	0.0	-0.258	-0.248	0.0	0.0	0.0	-0.086	0.0	0.0	-0.264	-0.219	0.253	-0.194	-0.112	0.0	0.93	0.0	-0.327	-0.317	-0.694	0.258	0.037	-0.135	0.011	0.0	-0.228	0.352	-1.184	0.0	-0.496	-0.046	0.0	0.0	0.164	0.268	0.069	0.142	-0.303	-0.771	-0.779	0.0	0.0	-0.222	0.096	0.0	-0.347	0.102	0.211	0.0	-0.978	-0.589	0.0	-0.246	-0.781	0.0	-0.229	0.052	-0.392	0.0	0.0	-0.025	-0.893	0.0	-0.476	0.0	0.0	0.0	0.183	0.0	0.0	0.0	-0.024	0.0	0.0	-0.062	0.0	0.106	0.0	0.346	0.0	0.0	0.0	0.0	0.0	0.0	0.0
taxongroup_topic	Afr-324e_7_buffalo-35	-0.037	0.443	-1.326	-0.455	-0.642	-0.778	0.261	-1.11	0.0	-0.346	0.571	-0.476	-0.075	-0.534	-0.287	-0.347	0.224	-0.155	-0.374	0.308	-1.236	-0.405	-0.039	0.0	-1.892	0.0	-0.772	-0.257	0.042	0.254	0.07	0.058	-0.188	-0.422	0.052	-0.614	-1.204	-0.8	-0.103	-0.654	0.547	-1.574	-0.197	-0.647	-0.049	-0.41	0.147	0.65	-0.247	-2.201	0.677	-0.285	0.484	-0.542	0.215	-1.851	0.0	-0.489	-0.148	-0.436	-0.27	-1.473	-1.254	0.0	-0.653	0.0	0.0	-0.608	-0.38	-0.396	-0.496	-1.498	0.26	-0.166	-0.375	-0.087	0.0	-1.309	0.0	-0.03	0.0	0.0	0.302	0.003	-0.095	-0.405	0.29	-0.018	-0.006	0.167
taxongroup_topic	Afr-324e_31_buffalo-7	0.0	0.0	0.0	0.0	-0.255	0.0	0.0	0.0	-0.268	-0.31	0.0	0.0	0.0	0.0	0.0	0.0	0.053	-1.429	0.0	0.0	0.318	0.0	-0.029	0.0	-0.629	0.067	0.0	0.0	0.507	-0.148	0.599	0.0	0.0	0.0	0.0	0.0	0.0	-0.031	0.0	0.0	0.0	0.0	0.0	-0.343	0.0	0.0	0.0	-0.736	0.0	0.0	0.0	-0.166	-0.024	0.0	-0.248	0.0	0.218	0.0	-0.083	0.0	-0.333	0.0	-0.917	-0.772	0.0	0.0	0.0	0.0	0.0	0.0	0.0	-0.868	0.0	0.0	0.032	0.0	-0.682	0.0	-0.043	-0.466	-0.105	0.0	0.0	0.0	-0.167	0.0	0.0	0.0	0.0	0.0
taxongroup_topic	Afr-324e_2_buffalo-3	0.0	0.0	0.0	0.125	-0.334	-0.754	-0.156	-0.566	0.352	-0.067	-0.149	0.0	0.0	-0.534	0.0	-1.081	0.0	0.0	0.0	0.275	0.0	0.0	0.0	0.0	0.0	-0.841	0.0	-0.288	0.0	-1.046	-0.006	0.0	0.0	-0.967	0.0	0.0	0.0	0.0	0.0	1.97	0.298	0.0	0.0	0.0	0.0	0.052	-0.86	0.0	0.0	0.0	0.315	0.294	-0.05	-0.383	-0.198	0.0	0.335	0.0	0.0	-0.105	-0.186	0.0	-0.149	0.0	0.0	0.0	0.0	-0.218	-0.38	0.0	0.0	-0.776	0.0	0.0	0.363	0.0	-1.589	0.0	0.314	0.005	-0.396	0.0	0.0	0.0	0.0	0.0	0.523	0.0	-0.006	-1.028
taxongroup_topic	Tai-3286_123_sheep-13	0.0	0.0	0.0	-0.242	1.313	-0.076	-1.18	-0.78	0.116	-0.247	-0.098	0.112	0.0	-0.285	0.083	-0.811	0.0	-0.1	-0.308	-0.147	0.761	-0.4	-0.408	-1.075	-0.633	-0.421	0.088	-0.493	0.393	-0.144	-0.753	0.869	-0.299	0.033	-0.101	0.0	-0.259	-0.08	-0.973	-0.448	0.432	-0.386	-0.007	-0.434	0.0	-0.138	-0.456	-0.005	-1.108	-0.19	-0.006	0.0	-0.07	-0.862	-0.433	-0.234	-0.749	-0.743	0.0	-0.805	0.755	-0.735	-0.035	-0.77	-0.598	-0.029	0.037	0.0	-0.467	0.536	0.0	0.0	-1.207	-0.282	0.02	-0.798	0.0	-0.055	0.198	-0.418	0.0	0.0	-0.212	-0.286	-0.437	0.0	0.497	-0.629	-0.352	0.129
taxongroup_topic	Tai-3286_123_sheep-22	0.0	0.0	0.001	0.0	0.214	0.0	0.0	-0.598	-0.124	-0.435	0.759	0.0	0.0	-0.54	0.0	-0.551	0.0	-0.15	-0.056	0.0	0.0	0.0	0.0	-0.299	-0.185	-0.557	0.0	0.0	0.0	0.0	-0.402	-0.356	-0.178	-0.294	0.0	-0.433	0.044	-0.194	0.0	0.0	0.298	0.0	0.0	-0.055	-0.051	0.0	0.006	-0.076	-0.051	-0.07	0.761	-0.387	0.137	-0.271	-1.095	-0.437	-0.144	0.0	-0.41	-0.093	0.192	-0.161	0.0	1.12	0.308	-1.22	-0.061	-0.076	-0.887	0.0	0.059	-1.162	-0.368	-0.249	0.0	-0.018	0.0	0.0	0.02	-0.197	0.104	0.0	-0.945	-0.212	-0.346	0.0	0.0	-0.437	0.673	0.017
taxongroup_topic	Cou-56f5_123_sheep-15	-0.534	0.0	-0.438	-0.144	1.065	-0.164	0.266	0.026	0.0	0.301	-0.204	-0.854	-0.662	-0.653	-0.507	-0.174	0.0	-0.037	0.0	-0.543	0.317	0.852	-0.984	-0.344	-0.444	0.517	-0.511	-0.006	-0.368	-0.089	-0.981	0.0	-0.51	-0.162	-1.047	-0.651	-0.112	0.319	-0.126	-0.452	0.0	-0.392	-0.331	0.555	-1.591	-0.494	-1.226	-0.044	0.0	-0.694	0.686	-0.423	-1.841	0.0	-0.029	0.559	-0.992	-0.021	-0.485	0.702	-1.15	-0.936	0.0	0.038	-0.002	-0.727	-0.81	-0.377	0.094	-0.657	0.72	-0.559	0.211	-0.123	0.0	-0.826	0.0	0.0	0.168	0.0	0.0	0.0	-0.101	0.139	-0.346	-0.055	-0.523	0.0	-0.197	0.308
taxongroup_topic	Big-0af3_25_sheep-3	-0.31	0.0	0.414	0.0	0.839	0.0	0.759	-0.032	0.0	-0.352	0.283	0.0	0.0	0.0	0.0	0.599	0.618	-0.423	0.0	0.0	0.0	-0.211	-0.433	-0.299	-0.205	-0.055	0.0	0.0	0.0	-0.418	-0.522	0.336	0.192	-0.4	0.0	0.0	-0.372	0.0	0.524	0.0	0.032	0.0	0.0	0.0	0.0	-0.62	-0.049	0.0	-0.442	0.0	0.767	0.006	0.0	0.0	-0.483	0.0	0.468	0.0	0.0	-0.182	0.0	-0.364	0.0	0.0	-0.374	-0.161	0.0	0.0	-0.407	0.0	0.0	-0.229	0.0	-0.761	-0.159	0.0	0.0	0.0	-0.006	0.0	-0.293	0.0	0.0	-0.449	-0.346	-0.436	0.0	0.0	0.0	0.0
taxongroup_topic	Big-0af3_40_sheep-4	-0.161	0.0	0.0	-0.372	-0.143	1.041	-0.446	0.0	0.116	0.035	-0.468	-0.099	0.0	-0.072	-0.434	-0.249	-0.043	1.326	0.438	-1.152	0.413	-0.347	-0.125	-0.541	-0.222	0.418	0.767	-0.533	0.393	-0.426	0.006	0.288	-0.756	-0.487	-0.55	0.0	0.621	-0.056	-0.367	-0.795	-0.584	0.0	-0.346	-0.329	0.0	-0.358	-0.036	0.981	0.0	0.0	0.0	-0.525	-0.495	0.246	-0.923	0.0	-0.922	0.0	-0.231	-0.08	-0.621	-0.109	0.0	-0.238	-0.056	-0.797	-0.39	0.0	-0.35	1.135	-0.131	0.616	-0.62	0.668	0.18	-0.868	-0.512	-0.055	-0.177	0.0	0.0	0.0	-0.029	-0.273	-1.02	0.74	-0.914	-0.769	0.0	-0.204
taxongroup_topic	Bla-3ee3_105_bison-7	0.764	0.0	0.0	-0.106	0.0	0.0	0.0	-0.146	0.239	0.0	0.0	-0.359	0.0	0.0	0.0	0.292	0.0	0.811	-0.694	-0.45	-0.578	-0.046	0.0	-0.656	0.0	-0.308	0.0	0.0	0.0	0.137	-0.356	-0.259	0.0	-0.023	0.0	0.0	0.0	0.0	-0.612	0.0	0.0	0.0	0.0	-0.226	0.094	-0.276	-0.098	0.0	0.0	-0.28	-0.006	0.0	0.207	0.0	0.0	-0.061	-0.643	0.596	0.0	0.0	-0.209	0.0	-0.263	-0.302	-0.142	0.406	0.0	0.0	0.0	0.0	0.0	0.0	-0.168	-0.312	0.015	0.0	-0.18	-0.48	-0.54	0.0	0.0	0.564	-0.725	0.0	-0.347	-0.133	-0.491	-0.224	0.0	0.0
taxongroup_topic	Ame-d5c4_285_bison-5	-0.164	0.0	0.393	0.0	-0.625	-0.091	0.0	-0.566	0.0	-0.565	-0.621	0.0	0.0	-0.534	-0.267	0.0	-0.282	0.136	0.0	-0.694	0.0	-0.473	0.0	0.0	0.299	0.338	0.0	-0.046	0.0	0.0	0.0	-0.347	0.352	-1.15	0.0	-0.228	0.0	-0.402	0.0	0.0	0.298	0.0	0.0	-0.179	-0.547	0.0	-0.351	-0.604	0.0	-0.07	-0.031	-0.183	-0.022	-0.48	0.0	-0.223	0.0	0.0	0.0	0.0	0.518	0.0	0.395	0.0	0.0	-0.254	0.0	0.021	0.209	0.0	0.0	-0.542	0.0	0.0	0.0	-0.018	0.0	0.0	0.0	-0.198	0.0	-0.094	0.0	0.0	0.0	0.0	0.0	0.0	-0.42	0.758
taxongroup_topic	Ame-d5c4_7_bison-38	0.011	-0.327	0.038	0.607	-0.343	-1.059	-0.4	-0.566	0.352	-0.342	0.099	0.0	0.0	-0.534	-0.698	-0.067	-0.458	0.178	-0.001	0.275	0.0	0.0	-0.14	0.0	-0.29	-0.841	0.203	0.086	0.0	-0.093	-0.36	-0.878	0.106	-0.587	0.0	0.045	0.0	0.0	-0.006	0.614	-0.237	0.0	0.0	0.0	-0.258	-0.549	-1.207	0.0	-2.005	1.474	0.0	-0.333	-0.05	0.296	-0.198	0.138	-0.073	0.303	0.0	-0.073	-0.002	0.0	-0.149	-0.121	-0.767	-0.698	0.0	-0.512	-1.47	-0.633	0.142	-2.107	-0.785	0.052	-0.333	-0.445	-0.564	0.118	0.0	0.0	-0.396	0.0	0.0	-0.976	0.0	-0.635	0.233	-0.512	-0.098	-0.135
taxongroup_topic	Afr-324e_7_bison-21	-0.551	0.008	0.32	0.0	-0.909	0.0	-1.252	0.472	-1.41	-0.346	0.0	-0.062	0.0	0.086	0.0	0.09	0.0	-0.245	-0.23	0.342	0.366	-0.399	0.45	0.0	0.0	0.816	0.0	-0.179	-0.007	-0.013	-0.455	-0.812	-0.855	-0.3	-0.648	-0.542	0.161	0.475	-0.639	0.0	-0.254	0.011	-0.237	-0.652	-0.051	0.0	-0.569	-1.478	0.0	-0.167	0.0	-0.191	0.0	0.0	0.0	-1.191	0.0	-0.252	0.451	0.719	-0.304	0.0	0.0	0.062	-0.493	-1.184	-0.814	-0.742	-0.541	0.0	-0.252	-0.079	0.128	0.106	-0.151	-0.597	-0.28	-0.501	-0.731	0.536	0.0	0.0	-0.716	0.0	-0.062	0.0	0.074	-0.111	-0.683	0.0
taxongroup_topic	Afr-324e_31_bison-16	0.0	0.232	0.153	0.183	0.0	0.0	-0.076	-0.643	0.0	-0.174	0.0	0.0	0.0	0.0	0.0	0.0	0.229	-0.172	-0.137	-0.083	0.32	0.0	0.0	0.0	0.058	0.032	-0.513	-0.179	-0.127	0.0	0.0	0.573	-0.606	-0.482	0.0	0.0	0.0	0.0	0.0	0.895	0.0	0.0	-0.659	-0.652	-0.556	-0.587	-0.23	0.0	0.0	0.047	0.0	-0.572	0.0	0.0	0.0	-0.698	-0.509	0.0	0.649	0.149	0.461	-0.79	-0.298	0.0	0.0	0.0	-0.449	-0.759	0.0	0.0	0.0	-0.344	0.0	-0.368	0.0	0.439	0.0	0.282	-0.061	0.0	0.0	0.0	0.0	-0.3	-0.14	0.468	0.074	-1.009	0.0	0.0
taxongroup_topic	Ame48f4_3_bison-2	-0.19	0.0	0.152	0.196	0.0	-0.495	0.329	0.0	0.352	0.138	-0.007	-0.15	0.0	0.0	-0.39	-0.385	0.289	0.0	-0.332	0.245	0.0	0.0	-0.376	0.0	-0.184	-0.855	-0.506	0.0	0.0	0.273	0.196	0.0	-0.508	-0.524	0.0	0.0	-0.341	0.0	0.0	0.087	0.0	0.0	0.0	0.0	0.0	0.052	-0.737	0.0	-0.212	-0.306	0.0	-0.007	0.0	0.0	-0.198	0.045	-0.411	0.0	0.0	-0.431	-0.312	0.0	-0.005	0.0	0.0	0.0	0.0	0.0	0.0	0.0	0.186	-1.098	0.0	0.0	-0.046	0.0	0.172	0.0	0.0	0.0	-0.528	0.0	0.0	-0.578	0.0	-0.403	-0.57	-0.431	0.0	-0.406
taxongroup_topic	Ame-d5c4_353_bison-6	0.0	0.045	0.735	0.279	-0.41	0.0	0.0	-0.566	0.0	-0.436	-0.03	-0.551	-0.273	-0.534	0.0	0.0	-0.789	-0.019	-0.388	-0.207	0.0	0.0	0.0	0.0	-0.184	0.0	-0.091	0.0	-0.32	0.056	0.0	-0.166	0.0	-0.801	0.0	0.0	0.0	-0.215	0.0	0.456	0.298	0.142	0.0	0.0	-0.463	-0.348	-0.493	0.0	0.021	0.0	0.308	0.042	-0.05	0.0	0.0	0.146	-0.062	0.0	0.0	-0.595	0.564	0.099	-0.451	0.0	0.82	0.0	0.826	-0.416	-0.441	0.0	-0.043	-0.293	0.0	-0.233	-0.522	0.0	0.0	0.0	0.245	0.0	0.0	0.0	-0.196	0.0	0.0	0.313	0.0	-0.306	-0.407	0.0
taxongroup_topic	Ame48f4_10_bison-2	-0.19	0.0	0.152	0.196	0.0	-0.495	0.329	0.0	0.352	0.138	-0.007	-0.15	0.0	0.0	-0.39	-0.385	0.289	0.0	-0.332	0.245	0.0	0.0	-0.376	0.0	-0.184	-0.855	-0.506	0.0	0.0	0.273	0.196	0.0	-0.508	-0.524	0.0	0.0	-0.341	0.0	0.0	0.087	0.0	0.0	0.0	0.0	0.0	0.052	-0.737	0.0	-0.212	-0.306	0.0	-0.007	0.0	0.0	-0.198	0.045	-0.411	0.0	0.0	-0.431	-0.312	0.0	-0.005	0.0	0.0	0.0	0.0	0.0	0.0	0.0	0.186	-1.098	0.0	0.0	-0.046	0.0	0.172	0.0	0.0	0.0	-0.528	0.0	0.0	-0.578	0.0	-0.403	-0.57	-0.431	0.0	-0.406
taxongroup_topic	Bla-3ee3_34_cervicapra-8	0.549	0.0	-0.537	0.0	0.0	-1.305	-0.227	0.0	0.0	0.142	0.308	-0.523	0.0	-0.392	0.0	-0.051	0.0	0.0	-0.544	0.433	0.0	-0.545	-0.861	-0.313	0.784	-0.094	-0.353	0.0	-0.153	-0.267	-0.413	0.0	-0.341	0.0	-0.359	0.0	-0.146	-0.051	0.29	-0.014	-0.39	-0.312	0.0	-0.775	0.259	0.364	0.0	-0.596	-0.061	-0.051	0.0	0.084	0.0	-0.779	-0.498	0.0	-0.443	-0.901	0.0	-0.706	0.0	-0.236	-0.588	-1.02	0.253	0.0	-0.305	-0.03	-0.574	-0.057	0.0	-0.63	0.0	0.0	0.0	0.0	0.0	-0.006	-0.953	-0.174	-0.326	0.581	-0.392	-0.523	0.488	0.0	0.0	0.0	0.0	0.0
taxongroup_topic	Bla-3ee3_2_cervicapra-5	0.0	-0.689	-0.006	0.308	-0.348	0.0	0.0	0.0	-0.529	-0.049	-0.551	0.0	0.0	-0.252	0.0	-0.183	0.36	-0.006	0.0	0.0	0.0	0.0	-0.707	-0.199	-0.051	-0.733	-0.621	0.0	0.0	0.811	0.0	0.0	0.0	0.0	0.0	0.0	-0.352	0.0	0.0	0.0	0.0	0.0	0.0	-0.437	0.0	-0.533	0.0	0.006	0.552	0.0	0.0	-0.337	0.0	-0.901	0.0	-0.876	-0.716	-0.094	-0.06	-0.799	-0.389	0.412	0.47	-0.501	0.0	-0.103	-0.332	0.0	0.338	0.0	-0.595	-0.142	0.0	-0.242	-0.825	0.0	0.0	0.424	-0.142	-0.458	-0.209	-0.228	-0.012	0.0	0.0	0.0	0.344	-0.648	0.0	0.0
taxongroup_topic	Argaf7f_3_sheep-2	0.0	0.0	0.0	0.0	0.0	0.0	0.0	0.0	0.0	0.0	0.0	0.0	0.0	0.0	0.0	0.0	0.0	0.0	0.0	0.0	0.0	0.0	0.0	0.0	0.0	0.0	0.0	0.0	0.0	0.0	0.0	0.0	0.0	0.0	0.0	0.0	0.0	0.0	0.0	0.0	0.0	0.0	0.0	0.0	0.0	0.0	0.0	0.0	0.0	0.0	0.0	0.0	0.0	0.0	0.0	0.0	0.0	0.0	0.0	0.0	0.0	0.0	0.0	0.0	0.0	0.0	0.0	0.0	0.0	0.0	0.0	0.0	0.0	0.0	0.0	0.0	0.0	0.0	0.0	0.0	0.0	0.0	0.0	0.0	0.0	0.0	0.0	0.0	0.0	0.0
taxongroup_topic	Argaf7f_1_sheep-2	0.0	0.119	0.586	-0.34	0.0	-0.873	0.0	0.683	0.0	-0.277	-0.709	0.0	0.0	0.0	0.142	0.0	-0.161	-0.474	0.0	-0.566	-0.006	0.0	-0.496	-0.106	-0.338	-0.061	-0.382	-0.282	-0.366	0.0	0.0	-0.021	0.0	-0.22	0.0	0.0	0.0	0.0	0.0	-0.181	0.0	0.0	0.0	0.0	-0.259	0.0	-0.335	0.0	-0.154	0.0	0.0	-0.114	0.0	-0.175	0.0	-0.23	-1.039	0.0	0.0	-0.195	0.255	-0.283	-0.972	-0.051	-0.109	-0.174	0.0	0.0	0.0	0.0	0.0	-0.203	0.0	0.0	0.0	0.674	0.17	0.061	0.0	-0.531	0.0	-0.094	-0.523	-0.308	0.0	-0.234	0.059	-0.523	0.0	-0.615
taxongroup_topic	Wat-9861_2_buffalo-3	0.0	0.0	-0.051	-0.473	0.0	-0.725	-0.664	-0.587	-0.059	-0.531	-0.766	-0.025	0.366	-0.825	-0.17	-0.183	-0.086	-0.185	0.118	0.561	-0.006	0.0	-0.019	0.0	0.0	-0.061	-0.666	-0.189	-0.733	0.0	0.0	0.0	-0.012	-0.413	-0.049	0.0	0.0	-0.183	0.0	-0.309	0.077	0.0	0.0	-0.423	-0.542	-0.498	-0.395	0.0	0.028	0.0	0.161	0.24	-0.05	-0.384	-0.007	-0.051	-1.245	0.0	-0.449	-0.029	0.246	0.761	-0.777	0.195	-0.41	-0.224	-0.618	-0.166	-1.078	-0.048	-0.069	-0.203	0.0	0.0	-0.287	0.784	0.144	-0.025	-0.427	-0.319	0.0	-0.121	-0.523	-0.55	-0.218	0.0	-0.425	-0.874	-0.235	0.0
taxongroup_topic	Wat-9861_2_buffalo-14	0.0	-0.579	0.0	0.352	0.0	0.052	-1.207	-1.412	0.0	-0.035	-0.098	0.319	0.0	-0.534	0.247	-0.542	0.0	-0.727	-1.553	-0.52	0.103	0.0	-0.072	-0.005	-0.743	-1.297	-0.435	-0.313	0.0	0.0	-1.196	0.0	-0.192	-0.791	0.0	-0.046	-0.48	-0.252	0.426	-0.668	0.298	0.048	-0.541	-0.579	-0.183	0.0	0.343	-0.417	-0.605	-0.166	0.041	-0.338	-0.514	-0.93	0.0	0.25	-0.071	-0.468	0.152	0.774	-0.449	-0.825	0.216	-0.034	-0.926	-0.783	-0.697	-0.273	-0.38	0.099	0.0	0.0	-0.092	-0.011	-0.065	0.0	0.0	0.0	-0.965	-0.051	-0.094	-0.191	0.612	-0.179	-0.029	0.0	0.488	0.0	-0.006	-0.394
taxongroup_topic	Wat-9861_2_buffalo-18	0.46	-0.217	-0.384	0.0	-0.259	0.0	0.0	-0.36	-0.133	0.0	0.094	0.048	-0.057	0.0	0.0	-0.671	0.0	-0.096	-0.542	-0.448	0.0	0.0	0.0	-0.551	0.0	-0.029	0.0	0.0	0.0	0.296	-0.557	-0.387	0.19	0.186	0.0	0.0	0.0	-0.532	-0.12	0.0	0.0	-0.011	0.0	0.0	-0.157	-0.222	0.636	0.0	-0.035	-0.488	0.117	0.142	-0.784	0.0	0.046	-0.177	-0.823	0.0	0.0	-0.083	0.0	0.0	0.194	-0.394	-0.542	-0.062	-0.767	0.0	-0.18	0.0	0.0	-0.392	0.0	-0.084	0.0	-0.696	0.0	-0.222	-0.101	-0.025	-0.716	0.308	0.0	-0.739	0.0	-0.268	-0.522	0.0	0.319	0.246
taxongroup_topic	Wil-28c2_2_buffalo-13	0.0	-0.043	0.129	0.352	0.0	-0.92	-0.072	-0.584	0.0	-0.035	-0.098	0.319	0.0	0.0	0.247	-0.542	0.0	-0.383	-1.73	-1.042	0.103	0.0	0.0	-0.107	-0.198	-1.192	-0.219	-0.576	0.0	0.0	-1.272	0.0	-0.372	-0.302	0.0	-0.046	-0.48	-0.463	0.0	-0.844	0.0	-0.231	-0.877	-1.159	-0.183	0.0	0.378	0.0	-0.706	-0.166	-0.601	-0.285	0.0	-0.93	0.0	-0.138	-0.071	0.0	0.915	1.6	0.237	-0.709	0.216	0.0	-0.599	-0.405	-0.945	0.0	0.0	0.354	0.0	-0.034	-0.092	-0.011	0.024	0.0	0.0	0.0	-0.061	-0.051	-0.094	-0.105	-0.005	-0.452	-0.109	0.0	0.736	0.0	0.0	-0.394
taxongroup_topic	Wil-28c2_2_buffalo-19	0.46	-0.166	0.0	0.0	-0.259	0.0	0.0	-0.36	-0.32	0.0	0.19	0.053	-0.057	0.0	0.0	-0.051	0.0	0.639	-0.542	-0.991	0.0	0.0	0.0	0.0	0.0	-0.109	0.0	0.0	0.0	0.392	-0.529	-0.259	-0.005	0.371	0.0	0.0	0.0	0.0	-0.393	0.0	-0.231	-0.011	-0.003	0.0	-0.157	-0.222	0.68	0.0	0.0	-0.868	0.768	-0.166	-0.784	0.0	-0.014	0.19	-0.864	0.0	0.0	-0.036	-0.222	0.0	0.194	-0.302	-0.542	-0.294	-0.285	0.352	-0.18	0.0	0.0	0.0	-0.025	0.058	-0.062	-0.696	0.0	-0.222	-0.266	-0.402	-0.029	-0.25	0.0	0.569	0.0	-0.133	-0.491	0.0	0.319	0.246
taxongroup_topic	Wil-28c2_2_buffalo-4	0.0	0.0	-0.116	-0.473	-0.096	-0.482	-1.254	-0.432	-0.297	0.155	-0.464	-0.049	0.366	-0.534	0.053	-0.183	-0.372	-0.078	0.103	0.0	0.0	0.0	0.0	0.0	0.0	0.0	-0.666	-0.224	-1.193	0.0	-0.504	0.0	-0.016	-0.721	0.192	0.0	0.0	-0.183	0.0	-0.309	-0.145	0.0	0.0	0.0	-1.085	-0.498	-1.071	0.0	0.104	0.0	0.948	-0.106	-0.05	-0.258	-0.007	-0.051	-1.208	0.0	-0.186	0.265	0.246	0.433	-0.226	0.83	0.0	0.0	0.0	-0.331	-0.38	-0.048	0.02	-0.631	0.0	0.0	0.207	0.784	0.033	-0.025	-0.102	0.351	0.0	-0.377	0.0	-1.03	0.0	0.0	0.619	-0.995	-0.235	0.0
taxongroup_topic	Wil-28c2_2_buffalo-16	0.46	-0.227	0.0	0.0	-0.561	0.0	0.0	-0.36	-0.32	0.0	0.19	0.053	-0.057	0.0	0.0	-0.051	0.0	0.481	-0.542	-0.991	0.0	0.0	0.0	0.0	0.0	0.0	0.0	0.0	0.0	0.0	-0.886	0.0	0.724	0.371	0.0	0.0	0.0	0.0	-0.526	0.0	-0.451	-0.011	0.131	0.0	-0.157	-0.222	0.551	0.0	0.0	-0.868	0.707	-0.039	-0.784	0.0	-0.123	0.251	-0.222	0.0	0.0	0.048	-0.222	0.0	0.194	0.0	-0.542	-0.421	-0.285	-0.005	-0.18	-0.643	0.0	0.0	-0.025	0.058	-0.062	-0.696	0.0	-0.222	-0.526	-0.127	-0.029	-0.08	0.0	0.357	0.0	0.0	0.0	0.0	0.319	0.246
taxongroup_topic	Big-0af3_128_sheep-3	-0.256	0.0	1.079	0.0	0.0	0.159	0.0	-0.566	0.0	-0.594	0.0	0.0	-0.259	-0.485	0.567	-0.464	-0.226	0.266	0.0	-0.139	0.096	-0.116	0.0	0.0	-0.579	0.0	0.0	0.719	-0.664	0.0	0.0	0.0	0.04	-0.358	-0.645	1.026	0.0	-0.702	-0.471	-0.694	-0.181	0.0	-0.332	-0.322	1.577	0.0	0.0	0.147	0.153	0.0	0.688	-0.148	-0.911	0.0	0.0	0.0	0.0	0.0	0.0	0.0	-0.949	0.177	-0.207	0.0	-0.316	0.462	0.499	0.0	0.137	0.0	0.0	-0.422	0.0	0.0	0.0	0.053	-0.564	-0.422	0.0	0.0	0.0	0.0	-0.396	0.032	0.0	-0.941	0.047	0.0	-0.006	0.0
taxongroup_topic	Big-0af3_129_sheep-3	-0.455	0.0	0.368	0.52	-0.572	-1.361	-0.106	-0.566	0.0	-0.79	-0.228	-0.546	0.581	0.167	-0.511	0.0	-0.254	-0.295	0.032	0.0	-0.183	0.0	-0.33	0.0	-0.184	-0.377	0.0	-1.13	-0.153	0.41	0.0	0.0	-0.044	-0.897	-0.041	-0.028	0.0	-0.083	0.0	0.262	-0.173	0.0	0.0	0.0	0.017	0.0	-0.622	0.0	-0.377	1.385	-0.123	-0.659	-0.541	-0.337	0.499	-1.001	-0.506	0.0	-0.289	-0.57	-0.882	-0.888	-0.621	-1.022	-0.473	0.338	-0.099	0.0	-0.386	0.238	0.0	-0.344	0.0	-0.053	0.024	0.376	1.052	-0.077	0.0	-0.313	0.0	-0.012	-0.414	-1.524	-0.084	-0.796	-1.288	0.063	0.019	0.0
taxongroup_topic	Bos-be23_38_primigenius-2	0.0	0.0	0.0	0.0	-0.352	0.0	-0.294	0.0	0.0	0.0	0.0	0.0	0.0	0.0	0.0	0.0	0.0	0.0	0.0	0.0	0.0	0.0	0.0	0.0	0.0	0.0	0.0	-0.257	0.0	0.0	0.0	0.0	0.0	-0.048	0.0	0.0	0.0	0.0	0.0	0.0	0.0	0.0	0.0	0.0	0.0	0.0	0.0	0.0	0.0	0.0	0.0	0.0	0.0	0.0	0.0	0.0	-0.462	0.0	0.0	0.0	0.0	0.0	0.0	0.0	0.0	0.0	0.0	0.0	0.0	0.0	0.0	0.0	0.0	0.0	0.393	0.0	0.0	0.0	-0.277	0.0	0.0	0.0	0.0	0.0	0.0	0.0	0.526	0.0	0.0	0.0
taxongroup_topic	Blu-3a31_23_Bovidae-21	0.0	0.0	0.435	-0.643	0.171	-0.19	-0.725	-0.389	-0.182	-0.369	-0.347	0.106	-0.548	-0.534	0.182	0.0	0.0	-0.615	-0.729	-0.744	0.0	0.0	0.0	-0.739	-0.036	0.015	0.0	-0.553	0.339	-0.96	0.0	-0.443	-0.109	-0.968	-0.768	-0.109	0.095	-0.266	-0.711	-0.702	0.321	0.0	0.0	0.0	-0.478	-0.875	0.0	-0.096	-0.345	-0.132	0.031	0.0	-0.529	0.0	0.433	-0.212	-1.052	0.0	-0.347	-0.553	-0.311	0.0	-0.163	-0.558	-0.201	-0.394	0.0	-0.425	-0.5	0.0	0.0	-0.171	-0.625	-0.105	0.15	-0.8	0.0	-0.029	-0.305	0.0	0.0	0.0	0.416	-0.457	-0.655	0.0	0.406	-0.46	-0.006	0.009
taxongroup_topic	Pro-10af_13_Bovidae-30	0.0	-0.333	0.433	-0.267	-1.053	0.0	0.173	-0.267	-0.006	-1.482	0.032	0.0	-0.067	-1.207	-0.287	0.0	0.0	-0.177	0.0	0.469	0.116	-0.553	-0.374	-0.414	0.0	0.0	0.0	0.0	0.0	-0.477	-0.988	0.0	-0.147	0.209	0.0	-0.07	-0.65	-0.633	0.0	-0.305	0.298	0.0	-0.018	0.0	-0.051	-0.315	-0.225	-0.73	-0.344	-0.389	0.336	-0.022	0.0	0.0	-0.118	-1.133	-0.307	0.0	-0.41	-0.109	-0.203	0.0	0.225	-0.621	0.308	-0.836	0.086	0.0	-0.818	-0.918	-0.995	-0.143	-0.563	-0.105	0.0	-0.254	0.0	0.0	0.0	-0.159	-0.27	0.0	-0.652	-0.457	-0.616	0.0	-0.542	-0.178	-0.006	0.0
taxongroup_topic	Bov-d455_30_Bovidae-3	-0.432	0.0	0.564	0.0	0.127	0.001	0.0	-0.389	0.0	-0.486	0.0	0.0	-0.375	-0.534	0.0	0.052	0.0	-0.523	0.0	-0.001	-0.106	0.0	0.0	-0.353	-0.479	0.0	0.0	0.0	0.0	0.308	0.0	0.0	0.0	-0.949	-0.306	0.136	0.095	-1.233	-0.48	-0.694	-0.181	0.0	0.0	-0.006	-0.167	0.0	0.0	0.382	0.0	0.0	0.0	-0.097	-0.452	0.0	0.433	0.0	-0.491	0.0	0.0	0.0	0.296	-0.166	-0.061	0.0	-0.21	-0.052	0.141	0.0	-0.38	0.0	0.0	-0.347	0.0	-0.105	0.0	0.0	-0.212	0.0	0.0	0.0	0.0	0.0	-0.957	0.177	-0.616	-0.578	0.352	0.0	-0.006	0.0
taxongroup_topic	Wat-9861_20_bubalis-45	1.023	0.0	0.215	-0.252	-0.323	-0.348	0.0	0.0	-0.123	-0.434	0.0	-0.535	0.0	-0.266	-0.814	0.0	0.0	-0.176	0.352	-0.323	-0.101	-0.848	-0.439	-0.058	0.0	0.0	0.29	0.206	0.373	-0.511	0.0	0.0	-0.222	-0.24	0.014	0.0	0.0	-0.266	-0.866	-0.125	0.145	-0.597	0.101	0.0	0.067	-0.06	0.0	0.101	0.0	0.0	-0.257	0.0	-0.638	-0.644	-0.028	0.0	-0.196	-1.997	0.0	0.0	-0.185	-1.118	0.0	0.391	-0.48	0.0	0.512	0.0	0.0	-1.118	0.0	-0.143	0.0	0.0	0.0	0.414	0.0	-0.006	0.164	0.0	0.311	0.0	0.375	0.0	0.0	0.0	0.0	-0.29	0.0	0.0
taxongroup_topic	Wat-9861_20_bubalis-29	-0.363	-0.455	0.848	-0.121	0.144	-0.284	-0.693	-0.651	-0.375	-0.356	-1.014	0.0	-0.123	-0.289	0.375	-0.427	-0.379	0.0	-0.589	0.0	-0.384	0.206	-0.205	-0.566	0.0	-0.289	-0.162	-0.363	-0.219	-0.44	-1.137	-0.508	0.375	-0.581	-0.649	0.0	-0.943	-0.257	0.42	-0.783	0.0	0.0	0.0	-0.042	-0.803	0.0	-0.445	0.445	-0.123	-0.983	-0.665	-0.503	0.0	0.606	0.921	-0.911	-0.614	-0.266	-0.721	-0.48	0.065	-0.116	-0.224	0.0	0.659	-0.889	0.0	-1.82	0.121	0.0	0.0	-0.907	-0.855	-0.005	0.615	-0.761	0.0	-0.194	-0.073	0.0	0.0	0.062	1.188	-0.198	-0.575	-0.182	-0.001	-0.006	-0.32	0.307
taxongroup_topic	Wat-9861_20_bubalis-28	0.632	0.0	0.215	-0.25	0.0	-0.337	0.0	0.0	-0.123	-0.14	0.0	-0.372	0.0	-0.204	-0.814	0.24	-0.197	-0.654	0.352	-0.323	-0.275	-0.275	-0.288	0.0	0.0	0.0	-0.386	0.206	0.546	-0.746	0.0	0.0	-0.046	-0.959	0.014	0.0	0.0	-0.361	-1.264	-0.418	0.081	-0.65	-0.114	0.0	-0.048	-0.162	0.0	0.101	0.0	0.0	-0.257	0.0	0.0	0.0	0.011	0.0	-0.046	-1.641	0.0	0.0	-0.194	-1.01	0.0	0.615	-0.48	-0.287	0.461	0.0	0.0	-0.694	0.0	-0.402	0.663	0.0	0.323	0.514	0.0	-0.006	0.164	0.0	0.405	0.0	0.375	0.0	0.0	0.0	0.0	-0.149	0.0	0.0
taxongroup_topic	Wat-9861_333_Buffalo-3	0.103	-0.246	0.008	0.0	0.534	0.338	0.138	0.0	-0.094	0.0	-0.551	-0.051	0.0	0.81	0.0	0.0	-0.276	0.0	0.0	0.0	0.0	0.0	0.0	0.0	-0.493	0.0	-0.257	-0.621	-0.367	-0.355	0.0	0.0	0.357	0.0	-0.305	0.022	0.0	0.0	0.0	0.0	0.702	-0.725	-0.224	0.0	0.468	-0.286	-0.327	0.133	-0.146	0.0	0.0	-0.317	0.0	0.179	0.0	0.0	0.226	0.0	0.0	0.0	-0.635	-1.466	0.0	-0.215	-0.438	0.0	-0.006	-0.377	0.398	-0.359	0.377	0.308	0.0	0.0	0.153	0.0	0.0	-0.339	0.0	-0.293	0.0	0.0	-0.473	0.0	-0.41	-0.414	0.0	-0.183	0.524	-0.52
taxongroup_topic	Afr-324e_136_buffalo-27	0.0	0.0	0.121	0.0	-0.507	-0.496	0.21	-0.566	0.352	-0.23	-0.069	-0.283	-0.962	-0.257	0.143	0.251	-0.469	0.0	-0.502	0.24	-0.207	-0.317	-0.149	0.0	-0.55	-0.976	0.0	-0.425	0.0	-0.371	-0.221	0.381	0.609	-1.333	0.283	0.0	0.281	-0.178	-0.272	0.045	-0.526	0.627	0.0	0.0	0.277	0.052	-0.382	-0.552	-0.869	-0.354	-0.797	1.205	-0.635	-0.733	-0.198	-0.757	-1.31	0.0	-0.4	-0.415	-0.186	-0.273	0.183	-1.094	-0.111	0.246	-0.517	0.0	-0.652	-0.434	0.458	-0.726	-0.493	0.0	-0.584	0.602	0.455	0.0	0.0	0.0	-0.396	0.0	0.0	-0.379	0.0	-0.069	0.045	0.121	0.15	0.0
taxongroup_topic	Afr-324e_10_buffalo-12	0.604	-0.695	-0.061	0.0	0.0	0.0	-0.305	-0.79	-0.111	-0.047	0.0	0.0	0.0	-0.463	0.0	0.0	-0.143	-0.013	0.0	-0.112	-1.242	-0.392	-1.115	-0.199	0.0	0.297	-0.816	-0.413	-0.064	0.438	0.0	0.051	-0.059	-0.398	0.0	0.0	0.0	-0.007	0.0	-0.019	-0.374	0.0	-0.029	-0.644	0.0	0.011	-0.306	0.011	-0.686	-0.47	-0.454	-0.037	-0.05	-0.378	0.0	0.406	0.056	-0.141	-0.392	-0.805	-0.237	0.0	-0.688	-0.486	-0.057	-0.551	0.0	0.137	-0.239	0.067	0.0	-1.096	-0.532	-0.304	-0.623	-0.132	0.062	-0.671	0.692	-0.046	-0.616	-0.228	0.0	0.0	0.0	-0.109	-0.41	0.0	-0.006	0.0
taxongroup_topic	Bea-1194_99_Capra-16	0.0	0.0	0.0	0.0	0.0	0.094	0.0	0.027	-0.324	-0.272	-0.302	0.0	0.0	0.0	-0.711	-0.315	0.0	0.041	0.0	-0.19	0.0	0.143	-0.725	0.0	0.0	0.0	0.0	0.0	0.0	-0.239	-0.01	0.0	-0.624	0.0	0.0	0.0	0.0	-0.515	-0.481	0.0	0.718	0.0	0.0	0.0	0.0	0.18	0.0	-0.115	0.0	0.0	0.045	0.0	-0.941	0.0	-0.351	0.0	0.538	0.0	0.0	0.0	0.0	0.299	-0.801	0.005	-0.172	-0.659	0.0	-0.47	0.0	0.0	0.0	-0.05	0.0	0.0	-0.383	0.0	0.0	0.0	0.116	0.331	-0.006	0.014	0.0	1.12	0.0	0.0	0.0	0.0	0.0	0.0
taxongroup_topic	Cap-9b25_2_Capra-1	0.0	0.0	0.24	-0.41	0.0	-1.452	-0.018	0.0	0.352	0.05	0.0	0.0	0.0	-0.332	-0.006	-0.006	0.0	0.235	-0.061	0.275	0.0	0.0	-0.392	0.0	-0.07	-0.841	0.0	0.228	0.0	-0.208	-0.006	0.0	0.0	-0.251	-0.239	0.0	0.0	0.0	0.0	-0.1	0.0	0.0	0.0	0.0	0.0	0.052	-0.611	0.0	-0.223	-0.305	-0.05	-0.386	0.0	0.0	-0.198	0.116	0.444	0.0	0.022	-0.368	-0.186	0.538	-0.149	0.0	0.0	0.0	-0.421	0.0	-0.276	0.0	0.0	-1.103	0.0	0.0	-0.046	0.0	0.393	0.0	0.0	-0.523	-0.396	0.0	0.0	-1.267	0.0	-0.625	-0.054	-0.515	-0.392	0.0
taxongroup_topic	Tig-9404_89_Capra-16	0.466	0.0	-1.147	0.0	0.0	0.141	0.045	-0.093	0.0	1.841	0.0	-0.062	0.0	-0.315	0.0	0.0	0.0	0.0	0.0	0.0	3.193	0.39	-0.899	0.0	0.464	-0.171	0.0	0.0	0.0	0.01	-0.121	0.0	0.094	0.0	-1.626	-0.925	0.0	0.15	0.0	-0.672	-0.647	0.063	0.0	-0.35	0.0	-0.334	0.0	0.071	0.0	0.0	0.0	-0.157	0.0	-0.267	-0.422	1.212	0.621	0.0	0.0	0.293	0.0	0.149	0.0	0.0	0.0	0.0	0.0	0.359	0.0	0.0	0.0	-1.256	-0.324	-0.477	0.0	0.0	0.0	0.0	0.0	0.0	0.349	0.0	-1.194	-3.329	0.0	-1.942	-1.122	0.0	0.0	0.0
taxongroup_topic	Sno-d342_91_falconeri-32	0.755	-0.36	-0.478	0.0	-0.78	0.0	-0.501	0.0	-1.151	0.352	-0.829	-0.735	0.0	0.0	-0.045	-0.76	0.0	3.684	0.0	-2.444	0.0	-0.113	0.0	0.0	0.0	-0.096	0.024	-1.191	-0.343	-0.046	-0.199	0.0	0.392	-1.315	0.031	0.159	-0.134	0.0	-0.78	0.0	0.255	0.187	-1.051	0.283	0.183	-0.404	0.58	-0.006	0.0	0.263	0.0	0.383	0.0	-0.605	-0.878	-0.363	0.0	0.0	0.052	-0.721	-0.647	0.207	-0.29	-0.852	0.714	-1.012	-0.341	-0.332	-0.948	-1.213	-0.634	0.25	-0.47	0.042	-0.154	0.0	0.0	0.0	-0.697	-1.053	0.0	-0.08	-1.505	0.778	-0.131	0.0	0.0	0.423	-0.377	0.624
taxongroup_topic	Cap-9b25_29_falconeri-39	0.022	-0.304	-0.006	0.0	0.0	0.683	-0.323	-0.406	-0.529	0.0	-0.933	0.0	0.0	-0.694	0.0	0.015	0.288	0.106	0.0	0.0	0.0	0.0	-0.23	-1.422	-0.051	0.0	0.0	-0.779	0.0	0.07	-0.353	0.125	0.0	0.0	0.036	-0.006	0.0	0.0	0.0	0.0	0.0	0.0	-0.567	0.0	0.0	-0.151	0.0	-0.643	-0.347	0.0	0.052	0.0	0.0	-0.849	0.0	-0.725	0.056	0.0	0.383	0.264	0.306	0.0	0.142	-0.061	0.5	-0.035	0.0	0.0	-0.198	0.0	0.352	-0.151	-0.608	-0.248	-0.67	-0.625	0.0	0.0	0.0	-0.351	0.117	0.0	0.037	0.0	0.0	0.0	0.183	0.18	0.0	0.0
taxongroup_topic	Cap-9b25_23_walie-23	0.0	0.193	-0.42	0.267	-0.348	0.0	-0.65	0.089	0.0	0.295	0.396	0.0	-0.407	-0.493	0.0	-0.183	0.525	-0.213	0.0	0.0	0.087	0.0	-0.115	0.0	0.0	-0.37	0.0	0.441	0.639	0.683	-0.112	0.0	0.0	0.0	1.199	-0.368	-0.219	-0.124	0.103	0.084	0.0	0.0	-0.139	-0.332	0.0	0.0	0.0	-0.872	0.671	0.305	0.0	-0.133	0.0	0.0	-0.57	-0.563	-0.105	0.0	-0.01	-0.799	-0.165	-0.212	-0.301	0.0	0.0	-0.552	0.0	0.0	0.0	0.0	-0.595	-0.111	0.0	0.109	-0.136	0.0	-0.035	-0.06	0.0	0.0	-0.272	0.0	-0.012	0.0	0.0	-0.115	0.0	-0.653	-0.074	0.0
taxongroup_topic	Blu-3a31_204_taurinus-8	-0.06	0.0	-0.542	0.0	-0.976	0.205	-0.41	0.0	-0.643	0.168	0.055	-0.259	0.0	-0.392	0.0	0.0	0.242	-0.165	0.002	0.393	0.0	-0.22	-0.38	0.0	0.629	0.291	-0.551	-0.259	0.0	-0.287	-0.488	0.0	-1.023	0.0	0.0	0.0	0.0	0.329	0.0	0.0	0.559	-0.289	0.0	0.243	0.087	0.906	0.0	-0.445	0.0	-0.051	-0.262	-0.133	0.0	-0.326	-0.359	0.0	-0.156	-0.013	0.0	-0.515	-0.428	0.0	0.0	0.0	0.0	0.0	0.0	0.503	-0.109	0.654	-0.491	0.122	0.536	0.0	0.0	0.0	0.0	0.0	-0.299	0.331	0.106	0.0	0.0	-0.523	0.0	-0.158	-0.223	0.0	0.0	-0.302
taxongroup_topic	Dal-d353_2_sheep-19	-0.328	-0.595	0.203	0.0	-0.625	0.0	0.0	0.0	-0.183	-0.657	0.0	0.0	-0.549	0.106	0.0	0.0	0.0	-0.168	0.177	0.0	-0.315	0.0	0.0	-0.428	-0.674	0.098	0.0	-0.623	0.0	0.482	-1.343	0.083	-0.197	0.274	-0.347	0.0	-0.346	0.397	0.0	-0.469	-0.572	0.042	0.571	-0.111	-0.094	-0.145	0.215	-0.348	0.0	-0.52	1.352	-1.207	0.115	-0.136	-0.621	-0.223	0.0	0.0	-0.672	-0.107	0.142	0.0	0.271	0.0	0.115	-0.244	-0.591	1.295	-0.172	0.006	0.0	-0.548	0.0	-0.219	0.0	0.146	0.0	0.077	-0.362	0.0	-0.353	0.0	-0.353	-0.868	0.0	0.0	-0.529	0.0	-0.616	0.158
taxongroup_topic	Dal-d353_2_sheep-12	-0.081	-0.012	0.41	0.403	0.938	-0.029	0.0	-0.365	0.412	-0.219	0.0	-0.62	-0.005	-0.534	0.272	0.0	0.0	0.0	-1.076	0.321	0.0	0.0	0.0	-0.128	0.0	0.0	-0.298	-0.06	-0.394	0.0	0.0	-0.678	0.0	-0.741	-0.206	0.135	-0.196	-0.45	0.0	-0.42	0.298	0.0	-0.226	0.138	-0.595	0.0	0.0	0.0	0.175	-0.029	0.109	-0.833	0.595	0.0	-0.013	-0.301	-0.281	-0.106	-0.301	0.0	0.0	0.0	-0.348	0.0	-0.375	-1.14	0.0	-1.085	-0.375	0.0	-0.268	-0.3	-0.407	-0.24	0.0	-0.151	-0.113	0.0	0.0	-0.697	0.571	-0.364	0.0	0.0	-0.72	0.0	-0.27	0.0	-0.006	0.345
taxongroup_topic	Dal-d353_2_sheep-9	0.11	0.0	0.747	0.0	0.0	-0.547	-0.275	-0.601	0.0	-0.461	0.0	0.0	0.0	-0.37	0.077	-0.051	0.0	-0.972	-0.21	0.001	0.0	0.02	-0.62	0.0	0.0	0.0	-0.364	-0.642	0.0	-0.076	0.0	-0.799	0.0	-0.394	0.0	0.0	-0.195	0.0	-0.219	-0.126	-0.006	0.0	-0.183	-1.116	0.0	0.0	0.296	-0.546	0.0	0.0	-0.462	0.412	-0.434	0.0	-0.161	0.0	0.165	-0.86	0.0	-0.367	0.0	-0.63	0.0	0.0	0.0	0.0	-0.304	-0.226	0.0	0.0	0.0	0.251	0.571	0.0	0.0	0.0	0.0	0.0	-0.362	0.0	-0.055	0.0	-0.258	0.0	-0.029	0.0	0.0	0.0	0.0	0.0
taxongroup_topic	Dal-d353_11_sheep-10	0.759	0.0	-0.249	0.0	0.909	-0.124	0.0	0.108	-0.161	-0.523	-0.109	0.0	0.0	0.795	0.07	0.0	-0.144	-0.061	-0.115	0.0	0.0	0.0	-0.247	-0.051	0.0	-0.421	0.0	0.0	0.0	-0.102	-0.006	-0.738	0.0	-0.055	-0.865	0.0	-0.139	0.0	0.0	0.753	-0.123	0.0	0.909	0.199	0.0	-0.076	0.0	0.0	-0.282	0.0	0.139	0.0	0.0	0.0	-0.357	-0.301	-0.985	0.0	0.193	-0.3	0.0	-0.144	-0.799	-0.394	-1.031	-0.548	0.0	0.0	0.0	0.0	-0.155	-0.139	0.0	-0.058	-0.551	0.516	0.0	0.0	0.041	0.0	0.308	0.0	0.0	0.0	-0.511	-0.268	-0.304	0.141	0.0	0.097
taxongroup_topic	Dal-d353_11_sheep-7	0.0	0.0	0.609	-0.175	-0.006	-0.244	-0.568	-1.508	0.052	0.141	-1.029	0.0	0.0	0.0	-0.144	0.277	0.481	-0.721	-0.169	-0.057	0.0	0.0	0.346	-0.55	-0.201	0.096	0.161	-0.086	0.516	0.37	0.0	0.0	0.0	-0.394	0.0	0.0	-0.263	-0.123	-0.242	-0.267	0.01	0.0	0.0	-0.648	0.0	0.0	0.296	-0.078	0.0	0.0	-0.036	0.004	0.909	-0.523	-0.158	-0.229	-0.729	0.0	-0.325	0.735	-1.293	-0.375	0.538	-0.2	0.353	0.0	-0.651	0.0	0.0	0.0	0.0	-0.935	0.203	-0.25	-0.175	-0.124	-0.3	0.0	-0.259	0.0	-0.099	0.0	-0.694	0.0	-0.029	-1.255	0.0	0.0	0.0	0.0
taxongroup_topic	Ovi-a47a_29_sheep-3	-0.008	-0.043	0.0	0.0	0.909	0.134	-0.147	-0.358	0.2	-0.596	-0.815	0.0	-0.671	-0.534	0.225	0.052	0.0	-0.128	0.0	-0.046	0.0	0.0	0.0	-0.529	-0.446	-0.146	0.0	0.065	0.0	-1.193	-0.097	0.0	0.0	-0.906	0.0	0.0	-0.139	-0.198	0.372	-0.897	-0.181	-0.261	0.0	0.084	0.0	0.0	0.0	0.346	0.0	-0.019	0.0	0.0	-0.05	0.0	0.041	0.0	-0.301	0.0	0.0	-0.788	0.0	-0.658	-0.672	-0.479	0.0	-0.227	0.0	0.083	-0.38	0.079	0.139	0.158	0.0	-0.169	0.0	0.0	0.0	0.0	0.0	0.0	0.0	-0.425	0.0	-0.042	-0.1	0.0	0.352	0.0	-0.527	0.0
taxongroup_topic	Big-0af3_12_sheep-6	-0.076	-0.11	1.066	0.503	0.113	-0.358	-0.671	-0.922	-0.161	0.387	-0.056	0.0	0.184	0.0	-0.467	-0.032	0.0	-0.571	-0.136	0.0	0.0	0.0	0.0	0.0	-0.432	-0.357	-0.762	0.0	-0.491	-0.669	-0.439	1.209	-0.334	-0.843	0.0	0.197	-0.585	0.0	0.0	-0.386	0.0	-0.043	-0.895	0.0	-1.297	-0.861	0.498	-0.412	0.266	0.0	0.768	-1.024	-0.423	-0.62	0.0	-0.175	0.211	0.0	0.0	0.029	0.694	-1.247	-0.508	-0.899	0.0	0.0	1.616	0.118	-0.109	-0.014	0.02	-0.552	-0.472	-0.533	0.759	0.0	0.0	0.125	0.0	0.0	0.0	0.0	0.0	-0.656	0.0	-0.837	-0.33	-1.26	-0.353	-0.027
taxongroup_topic	Big-0af3_12_sheep-25	0.277	0.0	0.0	-0.928	0.0	-0.719	0.0	0.0	-0.24	0.0	-0.161	0.111	0.0	0.231	0.0	-0.627	0.537	-0.144	0.0	0.694	-1.294	0.169	-0.639	-0.794	-0.339	-0.487	-0.013	0.0	-0.266	0.392	-0.171	-0.259	-0.358	0.252	-0.483	-0.504	0.682	0.0	-0.62	-0.771	0.0	-0.346	-1.312	0.0	-0.786	-0.308	-0.043	-1.318	-0.036	0.068	2.482	-0.056	0.0	0.0	-0.048	-0.222	-0.524	-0.248	0.0	-0.1	0.08	0.223	-0.13	-1.287	-0.283	0.0	0.0	-0.034	-0.474	-0.358	-0.006	-0.264	-0.843	0.181	-0.33	-0.099	-0.33	-0.076	0.0	1.066	0.623	0.0	0.0	-0.988	0.33	-0.415	-0.491	-0.514	0.0	-0.117
taxongroup_topic	Big-0af3_12_sheep-14	0.469	0.617	0.0	-0.15	0.541	-0.358	-0.2	-0.692	-1.424	0.0	0.282	0.178	0.045	-0.006	0.0	0.0	0.0	0.0	-0.056	0.0	-0.283	-0.203	-0.145	-0.808	0.0	-0.164	-0.307	-0.281	0.0	-0.24	0.142	-0.021	-0.549	-1.179	-0.456	0.316	0.444	-0.696	-0.832	0.0	-0.291	0.875	-0.369	-1.029	-0.369	-0.662	-0.161	0.152	0.0	0.191	-0.076	-0.142	0.307	0.0	0.29	-0.791	-0.736	0.274	0.0	-0.374	0.0	0.0	-0.596	0.0	-0.795	0.0	-0.412	0.0	0.0	0.0	-0.189	0.897	-0.357	-0.745	-0.657	-0.89	-0.007	0.887	-0.743	0.0	-0.752	0.13	0.0	-0.109	-0.1	0.597	0.952	-0.431	-0.055	-0.622
taxongroup_topic	Ame-d5c4_315_cattle-21	0.0	-0.09	0.433	0.0	-1.016	-0.354	-0.632	0.302	0.0	-1.34	-0.066	0.0	0.0	-0.681	0.0	-0.146	0.0	0.0	0.0	0.0	0.225	-0.501	0.155	0.147	0.0	-0.315	-0.224	0.0	0.0	-0.833	-0.344	0.0	-0.032	0.028	0.0	-0.033	0.482	0.0	0.084	0.602	-0.233	0.0	0.372	0.0	0.0	-0.3	0.101	0.138	0.0	-0.134	0.0	0.04	0.0	-0.67	0.0	-1.06	0.0	0.0	-0.359	0.0	0.013	0.0	0.313	0.0	0.032	-0.443	-0.148	0.0	-0.529	0.0	-0.189	-1.262	-0.473	0.0	0.0	-0.254	0.094	0.0	0.0	0.078	0.0	0.0	-0.082	0.391	0.0	0.0	0.0	0.0	0.0	0.0
taxongroup_topic	Art-6267_298_cattle-2	-0.14	-0.716	0.383	-0.004	-0.222	-0.411	-0.718	-0.643	0.0	-0.973	-0.351	0.0	-0.483	0.41	0.0	0.052	0.0	-0.509	-1.2	-0.123	0.269	0.084	0.0	0.0	-0.351	-0.34	0.0	-0.389	0.0	0.0	-0.224	0.0	0.051	-0.681	-0.257	0.226	-0.156	-0.641	-0.029	-1.104	-0.224	-0.077	0.0	-1.243	0.581	0.0	0.858	0.243	0.0	0.0	0.0	-1.266	-0.635	0.0	0.0	-0.161	-0.403	0.0	0.0	0.095	-0.089	0.01	-0.967	0.0	-0.499	-0.549	-0.491	0.0	0.0	0.0	0.0	-0.898	-0.369	-0.301	-0.062	-0.798	-1.024	0.607	0.32	0.0	0.125	0.0	0.0	0.0	-0.109	-0.246	1.22	0.0	0.0	0.0
taxongroup_topic	Blu-3a31_180_cattle-4	0.351	0.0	0.589	0.0	-0.57	-0.157	-0.113	-0.911	-0.197	-0.128	0.0	0.0	0.0	0.419	0.414	-0.203	-0.365	-0.345	0.0	0.168	0.257	0.0	0.0	-0.203	-0.089	0.0	0.0	-0.293	-0.384	0.0	-0.953	-0.697	0.0	0.377	-0.725	-0.102	0.185	-0.77	0.0	-0.112	0.0	0.0	-0.501	-0.359	-0.5	0.0	0.016	0.193	0.0	-0.305	-0.328	-0.214	-0.477	0.0	-0.245	-0.223	-0.291	-0.146	0.0	0.0	-0.073	0.323	-0.566	0.094	0.0	-0.305	-0.137	0.0	-0.73	-0.261	-0.863	-0.474	0.0	0.0	0.0	-0.018	0.0	0.0	0.0	0.0	-0.099	0.0	0.266	-0.516	0.0	0.097	0.162	0.0	0.0	0.0
taxongroup_topic	Coy-1bf1_280_cattle-54	0.045	-0.344	0.0	0.0	-0.138	-0.24	0.0	0.0	-0.169	-0.097	-0.217	0.0	0.0	0.529	0.0	0.0	-0.5	0.0	-0.237	0.0	-0.321	-0.465	0.0	-0.461	0.341	-0.507	-0.628	0.0	0.0	-0.552	-0.006	-0.197	0.0	-0.442	0.0	0.0	0.0	-0.539	-0.12	0.41	0.0	0.229	-0.431	0.0	0.609	-0.807	0.618	-0.181	0.0	0.0	-0.029	0.0	0.522	0.003	0.046	-0.721	-0.593	0.817	0.0	-0.621	0.0	0.0	-0.056	-0.302	-1.806	0.0	-2.085	0.041	0.0	-0.574	-0.608	-0.609	-1.498	0.053	-0.131	-0.222	0.0	0.0	0.0	0.0	0.0	0.0	0.0	-0.634	0.0	-0.086	-0.491	0.0	-0.435	0.0
taxongroup_topic	Wil-de29_182_cattle-22	0.406	-0.109	0.0	-0.078	0.0	0.0	0.0	-0.139	-0.359	-0.137	0.0	0.133	0.0	0.0	0.0	-0.092	0.0	0.0	0.0	0.0	-0.217	0.0	0.097	-1.096	-0.259	0.437	0.392	0.0	0.0	0.255	-0.305	0.0	0.0	0.401	0.0	0.0	-0.292	0.0	0.05	-0.188	0.033	-0.643	-0.215	-0.304	-0.253	-0.642	0.0	0.0	0.31	-0.338	-0.911	0.0	0.068	0.0	0.0	0.0	0.0	-0.665	0.0	0.0	0.0	0.0	0.027	0.0	-0.725	0.573	-0.491	0.0	0.0	0.0	0.0	0.0	0.0	-0.345	0.0	-0.112	-0.626	0.0	-0.456	0.0	0.0	0.295	-0.582	0.0	-0.061	0.008	0.0	-0.271	0.0	0.0
taxongroup_topic	Bos-be23_36_cattle-10	0.0	0.334	0.0	0.0	0.0	0.0	0.359	0.546	-0.251	0.0	0.293	-0.544	-0.695	-0.334	0.0	0.0	0.934	-0.481	0.0	0.0	0.0	-0.258	0.199	0.0	0.988	-0.055	-0.611	-0.384	-0.309	0.328	0.0	0.0	0.0	1.083	0.0	0.0	-0.076	-0.339	0.0	0.353	0.568	-0.709	0.0	0.0	0.0	-0.104	-0.425	-0.156	0.0	0.0	-0.085	-0.68	-0.572	0.0	0.0	0.0	0.783	-0.019	-0.529	0.0	-0.323	0.0	-0.385	0.0	0.0	0.0	-0.52	0.08	0.0	-0.303	0.0	0.118	-0.53	1.146	-0.32	0.0	0.0	-0.431	0.524	0.0	-0.384	0.024	0.0	0.0	0.0	0.0	0.0	-0.511	-0.512	0.0
taxongroup_topic	Aur-c4ea_25_cattle-25	0.526	-0.051	0.0	-0.351	0.262	0.0	-0.372	-0.392	-0.462	0.174	0.0	0.07	0.0	0.0	0.0	0.0	-0.284	0.0	0.0	0.0	-0.564	0.0	-0.061	-0.84	-0.212	-0.109	0.0	0.0	0.0	0.29	-0.687	-0.265	-0.118	-0.257	-0.643	0.0	0.35	0.296	-0.626	-0.483	0.0	0.0	0.564	-0.523	0.0	-0.754	-0.122	0.442	0.261	0.192	-0.215	0.39	-0.697	0.139	0.0	-0.2	-0.643	-0.006	0.0	0.0	0.072	0.0	0.065	-0.88	-0.294	-0.506	-0.41	-0.346	0.0	0.375	0.0	-0.392	0.0	-0.736	0.0	0.0	0.0	0.0	-0.57	0.0	0.0	0.729	-0.051	-0.306	0.0	-0.133	-0.491	0.0	0.034	0.0
taxongroup_topic	Bos-be23_36_cattle-18	0.0	0.0	0.0	0.0	0.0	0.0	-0.375	0.0	0.505	0.0	0.0	0.0	-0.418	0.0	-0.431	0.0	0.791	0.0	0.0	-0.163	-0.253	-0.364	-0.395	-0.801	0.0	0.0	0.0	0.0	0.0	0.296	0.0	0.0	0.0	0.0	0.0	0.0	-0.182	0.0	0.397	0.515	0.0	0.0	0.0	0.0	0.0	0.0	-0.143	-0.07	0.471	0.472	0.0	0.0	0.0	-0.157	0.0	0.467	-0.643	0.364	-0.704	0.0	0.11	0.305	0.0	-0.501	0.0	0.0	-0.28	0.0	-0.304	0.0	0.0	-0.442	0.0	0.31	0.0	-0.426	0.0	0.0	0.0	0.0	-0.352	0.0	0.0	0.0	0.457	0.0	0.0	0.0	0.0	0.0
taxongroup_topic	Bos-be23_2_cattle-28	0.331	0.0	0.0	-1.889	0.0	-0.456	0.0	0.0	-0.196	-0.069	-0.71	0.0	-0.382	0.053	0.0	0.0	0.0	0.0	0.0	-0.573	-0.472	0.0	-0.225	0.0	0.0	-0.018	0.0	0.0	0.0	0.392	-0.062	-0.259	-0.105	0.094	-0.057	0.0	0.0	0.0	-0.669	0.18	-0.083	0.0	-0.792	0.0	-0.078	0.074	-0.522	-0.54	-0.287	0.433	0.0	-0.167	0.0	0.0	-0.169	-0.525	-0.852	0.0	0.087	-0.057	0.181	0.0	0.045	-0.302	-0.801	0.0	0.115	0.027	0.0	0.261	0.069	-0.0	-0.779	0.454	0.0	0.0	0.0	-0.094	0.0	0.261	0.197	0.0	0.0	-0.238	0.038	-0.133	-0.491	0.0	0.0	0.0
taxongroup_topic	Bos-be23_36_cattle-25	0.0	0.0	0.0	0.0	0.0	0.0	0.0	0.0	0.0	0.0	0.457	0.0	0.0	0.397	0.0	0.0	0.214	-0.375	0.0	0.0	-0.253	0.589	-0.084	0.0	0.0	0.0	0.0	0.44	0.0	0.421	0.505	0.0	0.0	0.0	0.0	0.0	0.289	0.0	0.0	-0.225	0.0	0.18	0.0	0.0	0.0	-0.163	-0.426	0.0	0.384	-0.163	0.0	-0.418	0.0	0.0	0.0	0.0	-0.232	0.0	-0.327	0.0	0.101	0.0	0.0	-0.368	0.0	0.0	-0.07	0.0	-0.306	-0.461	-0.333	-0.255	0.0	-0.262	0.305	0.0	0.0	0.0	0.0	0.0	-0.285	0.0	0.0	0.0	0.0	0.0	0.0	0.0	0.0	0.0
taxongroup_topic	Bov-01d4_22_cattle-14	0.0	0.0	1.12	0.267	1.156	0.0	-0.903	-0.138	-0.338	0.015	0.183	0.0	0.0	0.001	0.0	-0.024	0.0	0.331	0.0	0.0	-0.361	0.187	0.0	-0.046	-0.026	0.059	0.0	-1.623	0.0	0.0	0.0	-0.66	0.0	-0.322	-0.729	-0.364	0.467	0.0	0.0	0.0	-0.315	0.0	0.0	0.0	-0.151	0.0	0.0	0.0	-0.309	0.503	0.0	0.202	0.0	0.0	0.179	0.759	-0.134	-0.6	0.0	0.0	-0.2	0.0	-0.081	0.65	0.0	-0.395	-0.254	0.021	-1.039	0.0	-0.12	0.224	0.075	0.812	-0.763	-0.352	0.0	0.0	0.458	0.046	-0.503	0.0	-0.223	0.0	-0.639	0.0	0.304	0.0	0.0	0.0
taxongroup_topic	Bov-01d4_22_cattle-21	0.0	0.0	0.0	-0.284	-0.081	1.591	-0.889	-0.378	0.0	-0.117	0.0	0.0	0.0	0.0	-0.926	0.701	0.302	-0.342	-0.261	0.382	-0.361	-0.178	0.82	-0.285	-1.558	-0.573	0.297	-1.093	0.65	-0.387	-1.847	0.0	-1.933	-1.015	0.971	0.0	0.315	-0.919	-0.252	0.0	2.507	0.608	0.0	-0.08	-0.833	-0.984	0.44	-0.223	0.0	0.0	0.0	0.319	-0.278	0.246	0.247	0.0	0.227	0.0	-0.338	0.382	0.0	0.397	0.0	-0.478	-0.291	0.093	0.71	-0.362	0.046	0.0	0.0	-0.926	0.0	-0.084	-0.666	0.0	-0.982	0.0	-0.002	0.0	0.36	0.873	0.0	0.622	-0.525	0.0	0.304	0.0	0.184	0.0
taxongroup_topic	Bov-01d4_22_cattle-2	-0.271	-0.294	-0.026	-0.284	-0.293	-0.093	-0.164	0.0	0.104	-0.486	0.0	0.0	0.515	0.0	0.0	-0.509	-0.06	-0.784	-0.565	0.656	-0.361	0.0	0.339	0.586	-0.607	-0.17	-0.405	-1.341	-0.515	0.0	0.0	0.391	0.817	-1.046	0.489	0.018	0.946	0.0	0.0	-0.729	-0.442	0.101	-0.153	-0.689	0.0	0.022	-0.421	-0.142	0.0	0.401	0.406	-0.034	0.0	-0.237	-0.789	0.0	-0.289	-0.339	0.0	0.835	0.218	-0.117	0.174	0.173	0.12	0.0	0.621	-0.585	-0.369	0.534	-0.145	-0.274	0.0	0.0	0.021	0.267	-0.784	0.0	0.483	0.187	-0.229	-0.267	0.0	0.333	0.0	0.0	-0.126	0.617	0.0	0.0
taxongroup_topic	Bov-01d4_22_cattle-7	0.187	0.0	0.296	0.463	0.072	-0.065	0.0	-0.037	0.0	0.0	0.0	0.0	0.187	0.206	0.0	0.0	0.026	-0.365	0.0	0.555	-0.153	-0.055	-1.053	-0.431	0.617	0.0	0.0	0.0	0.0	0.0	0.0	-0.232	0.622	-0.338	0.0	-0.694	0.032	-0.083	0.0	0.0	0.0	-0.083	0.0	0.046	0.0	0.0	0.0	0.0	0.0	0.583	-0.422	-0.368	0.0	-0.362	-0.215	0.11	-0.43	0.0	0.0	0.0	0.019	0.0	0.0	0.0	0.0	-0.709	0.0	0.563	-0.31	-0.117	-0.021	-0.394	1.01	-0.143	0.0	-0.352	-0.153	-0.248	0.0	0.0	0.094	0.0	0.0	0.0	-0.339	0.0	0.0	-0.387	0.0	0.0
taxongroup_topic	Afr-324e_7_cattle-24	0.746	0.0	0.0	-0.495	0.161	-0.239	0.0	-0.127	0.312	0.059	0.344	-0.259	-0.807	0.0	0.108	0.0	0.059	-0.198	0.0	0.408	-0.19	0.413	-0.46	-1.519	0.0	0.0	0.0	-0.606	0.0	0.261	-0.116	0.352	-0.353	-0.188	0.0	0.0	-0.057	-0.191	-0.648	-0.046	0.0	0.0	0.178	0.0	-0.589	-0.972	0.034	0.0	0.285	0.069	-0.304	0.0	-0.694	-0.381	0.006	-0.402	-0.409	0.0	0.0	0.0	-0.716	0.0	-0.167	-0.328	-0.439	0.0	-0.253	-0.77	0.0	0.134	0.0	0.0	-0.421	-0.482	-0.422	0.0	0.0	0.0	-0.412	0.0	-0.473	-0.165	-0.384	-0.73	0.0	0.0	-0.561	0.0	0.0	-0.288
taxongroup_topic	Afr-324e_31_cattle-19	0.787	0.0	0.0	0.32	0.335	0.0	0.0	0.0	-0.543	0.0	0.783	0.0	0.0	0.0	-0.313	-0.921	0.0	-0.7	0.222	-0.011	0.0	0.0	0.0	0.0	0.0	-0.109	0.0	0.0	0.229	-0.164	-0.116	-0.259	0.0	0.184	0.0	0.188	0.0	0.0	-0.212	0.0	0.0	0.0	0.0	0.0	0.0	-0.698	0.761	0.153	0.0	-0.569	-0.531	0.0	0.0	0.0	0.066	-0.463	-0.769	0.0	0.0	0.0	0.465	-0.368	0.069	-1.0	-0.295	0.0	-0.253	0.0	0.0	0.0	0.0	0.0	0.0	-0.536	0.0	0.0	0.0	0.0	0.0	-0.032	0.0	0.0	0.0	0.0	0.05	-0.133	-0.158	0.0	0.0	0.0
taxongroup_topic	Bov439b_2_cattle-11	-0.144	-0.512	0.535	0.0	0.41	-0.294	-0.262	-1.297	0.077	-0.29	-0.815	0.0	-1.215	-0.671	0.0	0.052	0.0	-0.364	-0.507	-0.184	-0.203	0.0	0.0	-0.344	-0.433	0.05	0.0	0.033	0.0	0.06	-0.548	0.0	0.075	-0.394	0.299	-0.081	0.0	-0.418	0.0	-0.694	-0.155	-0.085	0.0	-0.006	0.776	0.0	-0.241	0.72	0.0	-0.28	0.215	-0.867	-0.588	0.0	0.0	0.0	0.0	-0.217	0.0	-0.269	-0.208	-0.11	0.0	0.0	-0.792	-0.448	0.0	-0.03	-0.204	0.447	-0.621	-0.312	0.0	0.0	0.0	-0.027	-0.352	0.054	0.0	-0.069	0.0	0.0	0.0	-0.251	-0.835	-0.364	0.352	0.0	0.013	0.0
taxongroup_topic	Bos-be23_11_cattle-7	0.0	0.0	0.0	0.316	-0.338	-0.756	0.031	0.0	0.0	-0.012	0.0	0.0	0.0	0.016	0.275	-0.442	-0.198	0.0	-0.364	0.0	-0.319	0.0	-0.085	0.296	0.052	-0.29	0.0	0.0	0.0	0.0	0.0	0.0	0.72	0.336	-0.554	-0.498	0.503	-0.324	-0.287	0.987	0.0	-0.45	-0.223	0.0	-0.006	0.178	-0.359	-0.544	-0.358	0.414	-0.347	0.148	-0.796	-0.039	0.0	-0.257	-2.072	-0.369	-0.853	-0.474	0.0	0.0	0.449	0.0	-0.48	-1.215	0.0	0.0	0.0	0.0	0.0	-0.316	-0.278	0.0	0.097	0.0	-0.193	-0.061	-0.305	0.0	0.0	0.0	0.0	0.0	0.0	0.0	0.0	0.0	-0.904	0.0
taxongroup_topic	Gia-57fd_69_cattle-16	0.0	0.0	0.41	0.0	-0.731	0.23	-0.608	-0.088	0.0	0.112	-0.941	0.142	0.0	0.0	0.059	0.0	0.0	0.0	-0.577	-0.388	-0.98	0.0	0.0	0.0	-0.633	0.0	0.0	0.0	0.0	0.0	0.0	0.0	-0.401	0.0	0.0	0.0	0.0	0.066	0.464	0.0	0.0	-0.121	0.0	0.0	-0.931	0.0	0.0	0.0	0.0	-0.029	-0.039	0.0	-0.824	0.0	0.0	-0.301	0.0	0.0	0.0	0.0	0.0	-0.865	-0.301	0.399	-0.571	-0.306	0.0	-0.648	0.005	0.0	0.0	-0.3	-0.097	0.0	0.0	-1.164	0.0	-0.308	0.0	0.0	0.0	0.0	0.0	0.0	0.0	0.0	0.0	0.0	0.0	0.19
taxongroup_topic	Bha-2df5_29_sheep-4	0.059	0.202	0.858	-0.141	-1.233	-0.312	-0.203	-1.167	-0.142	0.139	0.203	0.0	0.736	-0.534	0.0	-0.604	-0.753	-1.899	-0.223	0.11	0.0	-0.482	-0.675	-0.175	0.157	-1.279	-0.499	0.019	0.0	0.963	-0.981	0.207	0.262	-1.182	-0.108	-0.808	-0.36	0.0	-0.301	1.02	0.298	0.0	-1.492	-0.547	-0.078	-0.064	-1.092	1.012	-1.041	-0.775	0.843	-1.603	-0.888	-0.277	-0.198	0.427	-0.667	0.0	-1.035	0.908	-1.443	-0.375	-0.149	0.0	0.534	0.0	-1.091	-0.882	-1.137	0.0	-1.223	-0.28	0.13	-0.808	0.649	-0.417	0.112	0.0	0.196	0.0	-0.396	0.0	0.0	-1.621	-0.029	-1.133	-0.88	-1.003	-0.946	0.02
taxongroup_topic	Bla-3ee3_2_antelope-13	-0.006	-0.012	0.41	-0.168	-0.978	0.0	0.0	-0.566	0.412	-0.219	0.0	-0.94	-0.436	-0.534	0.5	0.0	0.0	0.0	-0.098	-0.051	-0.049	0.0	0.0	0.0	0.0	0.0	-0.337	-0.06	0.0	0.0	0.0	-0.45	0.0	-0.741	-0.41	0.0	0.0	-0.45	0.0	-0.529	0.298	-0.268	-0.226	-0.147	-0.595	0.0	0.0	0.0	-0.392	-0.029	-0.105	-0.06	0.258	0.0	0.0	-0.301	0.0	-0.737	0.0	0.0	0.0	0.0	-0.348	0.0	0.0	-1.139	0.0	-0.205	-0.375	0.0	0.0	-0.3	0.0	0.0	0.0	-0.151	-0.209	0.0	0.0	-0.368	0.811	0.0	0.0	0.568	0.0	0.0	-0.523	0.0	-0.006	0.345
taxongroup_topic	Wil-28c2_11_buffalo-7	0.0	-0.374	0.031	0.0	0.0	-0.09	0.0	-0.862	0.0	0.0	0.0	0.0	0.966	-0.534	0.106	-0.31	0.0	-0.078	1.3	0.0	-0.297	0.0	0.0	0.0	0.0	-0.609	-0.164	-0.04	0.0	0.095	-1.48	0.0	-0.005	-0.398	0.0	0.0	0.0	0.345	-0.158	-0.511	0.298	-1.07	1.269	0.0	-0.207	-0.609	0.17	0.005	0.042	-0.267	0.34	-0.346	-0.05	0.0	0.0	-0.383	0.0	0.0	0.531	0.228	0.0	0.21	0.342	0.0	0.0	0.281	-0.68	0.0	-0.38	-0.405	-0.54	0.0	0.026	-0.589	0.0	0.415	0.0	0.0	0.0	-0.348	-0.688	0.0	0.128	-0.099	0.0	0.0	0.0	0.0	0.174	0.076
taxongroup_topic	Mar-3955_25_Markhor-1	0.108	0.045	0.707	-0.57	-0.001	-0.313	0.0	-0.302	0.0	0.014	0.0	0.0	0.0	0.0	-0.725	0.406	0.0	-0.079	0.0	0.0	0.0	0.0	0.0	0.0	-0.764	0.0	-0.564	-0.405	-0.491	0.0	0.0	0.188	-0.102	-0.403	0.0	-0.18	0.0	0.0	0.0	-0.611	0.0	0.0	-0.305	0.0	-0.126	-1.043	-0.219	-0.844	0.0	0.0	0.0	-0.516	0.0	-0.938	0.0	0.258	-0.304	0.0	0.0	0.062	0.564	-0.243	-0.578	0.0	-0.505	-0.32	0.0	0.094	-0.109	0.0	-0.655	-0.462	-0.564	-0.133	0.522	0.0	0.0	0.0	0.0	0.0	0.0	0.0	0.0	0.0	-0.359	0.028	0.0	-0.749	0.0	0.0
taxongroup_topic	Cap-9b25_19_Markhor-1	0.0	0.0	0.0	0.0	0.0	0.0	0.687	0.0	0.0	0.0	0.0	0.0	0.0	0.0	0.0	0.0	0.0	0.0	0.0	0.0	0.0	0.0	-0.433	0.0	0.0	0.0	-0.798	0.0	0.0	0.0	0.0	0.0	0.0	0.0	-0.481	0.0	0.0	0.0	0.0	0.517	0.0	0.0	0.0	0.0	0.0	0.0	0.0	0.0	0.0	0.0	0.0	0.0	0.0	0.0	0.0	0.0	0.0	0.0	0.0	0.0	0.0	0.0	0.0	0.0	0.0	0.0	0.0	0.0	0.0	0.0	0.0	0.0	0.0	0.0	0.0	-0.756	0.0	0.0	0.0	0.0	0.0	0.0	1.108	0.0	-0.49	0.0	0.0	0.0	0.0	0.0
taxongroup_topic	Mon-b346_27_gazelle-3	-1.391	0.0	1.027	0.0	-0.263	-1.217	-2.323	-1.186	0.352	0.373	0.0	0.0	-0.448	-0.534	0.0	-0.048	0.0	0.0	0.0	0.0	0.0	0.0	-0.609	0.0	-0.865	-0.958	0.0	-2.001	-0.292	1.106	-0.006	0.782	-0.158	-0.151	-0.524	0.0	0.0	-0.211	0.0	-0.89	0.298	0.0	0.0	-0.694	0.0	-1.258	-0.427	0.0	-0.709	-0.856	0.0	0.341	-0.05	-0.846	-0.198	-0.061	-0.076	0.0	0.012	-0.312	0.461	-0.185	-0.384	0.0	-0.074	0.352	0.0	-1.936	-0.463	0.0	-0.567	0.07	-0.252	-0.305	0.442	0.483	0.725	0.0	0.0	0.0	-0.48	0.0	0.0	-0.868	0.0	-1.21	-0.223	-0.545	-1.093	0.0
taxongroup_topic	Arg-817f_2_sheep-13	-0.006	-0.012	0.41	0.283	-0.095	0.0	0.0	-0.505	0.412	-0.219	0.0	-0.852	-0.498	-0.534	0.128	0.0	0.0	0.0	-0.038	-0.051	-0.223	0.0	0.0	-0.465	0.0	0.0	-0.179	-0.06	0.0	0.0	0.0	-0.478	0.0	-0.55	-0.41	0.0	-0.161	-0.45	0.0	-0.412	0.298	-0.299	-0.226	0.735	-0.595	0.0	0.0	0.0	-0.392	-0.029	-0.046	-0.131	0.258	0.0	-0.308	-0.301	-0.23	-0.17	0.0	0.0	0.0	0.0	-0.348	0.0	0.0	-0.962	0.0	0.338	-0.375	0.0	0.0	-0.3	0.0	-0.136	0.0	-0.151	-0.343	0.0	0.0	-0.368	0.741	0.0	0.0	0.3	-0.366	0.0	-0.523	0.0	-0.006	0.345
taxongroup_topic	Arg-817f_2_sheep-18	0.025	-0.245	-0.303	0.0	-1.141	-0.612	-0.834	-0.779	-0.732	-0.325	-0.051	-0.637	-0.258	-0.649	0.283	-0.37	-0.666	-0.876	-0.109	-0.48	0.0	-0.176	-0.332	-0.41	-0.478	-0.337	-0.397	-1.359	-0.533	0.0	-0.378	-0.897	-0.005	-1.124	-0.29	-0.342	-0.445	0.225	-0.515	-0.41	0.477	0.308	-0.132	-0.434	-0.206	0.292	-0.314	-0.343	0.0	-1.905	0.631	0.358	-0.697	0.0	0.0	-0.142	-0.948	-0.084	0.848	0.07	0.044	-1.542	-0.631	0.0	-0.075	-0.523	0.0	0.0	0.521	0.0	-0.036	-0.648	0.806	-0.338	-0.761	-1.145	0.0	1.576	-0.03	-0.56	-0.15	0.0	0.0	-0.419	0.0	-0.187	0.95	-0.005	-0.128	0.0
taxongroup_topic	Dal-d353_109_sheep-2	0.0	0.0	0.0	0.0	0.674	0.0	0.0	0.061	0.116	-0.266	0.0	0.0	0.0	0.0	0.0	0.0	0.0	0.0	0.0	0.0	0.0	0.0	0.0	0.018	-0.175	0.0	-0.549	0.0	0.0	0.0	0.0	0.393	-0.07	0.0	0.125	0.0	-0.161	0.0	0.0	-0.315	0.0	0.0	0.0	0.0	0.0	0.0	-0.668	0.0	0.0	0.0	0.0	-0.018	0.0	0.0	-0.308	0.0	-0.115	0.0	0.0	0.0	0.147	0.0	0.0	0.0	0.0	0.0	0.0	-0.625	-0.33	-0.19	-0.53	-0.542	0.0	-0.136	0.0	0.0	0.0	0.0	-0.223	0.0	0.0	0.098	0.0	-0.136	-0.366	0.0	0.0	0.597	0.0	0.0
taxongroup_topic	Big-0af3_9_sheep-24	-0.238	0.0	0.352	0.0	-0.394	0.347	0.0	-0.391	-0.195	-1.324	0.0	0.183	0.0	-0.534	0.0	0.192	0.077	-0.301	-0.327	0.0	0.0	-0.287	-0.482	0.0	0.0	0.0	-0.057	0.0	-0.046	0.574	0.06	0.0	0.621	-0.341	0.64	-0.765	0.0	-0.353	0.0	-0.765	-0.029	0.595	-0.604	-0.239	-0.387	-0.268	-0.139	0.0	0.0	0.361	0.909	-0.078	-0.056	0.0	-1.105	0.0	0.009	-0.535	-0.256	-0.158	0.403	-0.169	0.308	0.0	0.0	0.095	-0.41	-0.523	-0.772	-0.061	-0.347	-1.095	0.0	0.0	0.142	-0.237	-0.051	0.0	0.0	-0.626	-0.113	0.0	0.469	-0.051	0.261	-0.551	-0.683	0.052	-0.006	-0.392
taxongroup_topic	Big-0af3_9_sheep-10	0.0	0.0	0.393	0.0	0.114	-0.402	-0.075	0.487	0.045	-0.951	-0.129	0.0	0.0	0.106	-0.274	-0.052	-0.113	-0.232	0.0	-0.541	0.0	-0.33	0.0	0.22	-0.609	0.0	-0.547	0.0	0.0	0.0	-0.823	0.564	-0.425	0.469	0.125	0.607	0.022	-0.461	-0.333	-0.315	-0.427	0.0	0.0	0.0	0.0	-0.7	-0.23	0.0	0.0	-0.07	0.0	-0.393	-0.161	0.0	-0.256	-0.968	-0.232	-0.48	0.352	0.0	0.289	0.0	0.0	-0.693	0.516	-0.459	0.0	-0.601	-0.847	-0.265	-0.473	-0.668	0.0	-0.136	0.0	-0.018	-0.642	0.0	-0.178	-0.019	0.0	0.098	-0.353	-0.136	-0.366	0.0	0.571	0.674	-0.347	0.0
taxongroup_topic	Mam-3742_279_ox-26	-1.228	-0.49	0.51	-0.007	-0.302	0.216	-0.341	-0.17	0.0	-0.174	0.0	0.0	-0.323	-0.534	0.321	0.0	-0.171	-0.312	0.389	-0.619	-0.097	0.0	0.272	0.188	0.015	-0.397	0.022	-0.942	-0.528	0.0	0.0	0.744	-0.22	-0.661	0.0	0.0	-0.303	-0.516	-0.752	0.554	0.298	0.0	0.765	0.0	-0.214	0.0	-0.75	0.0	0.0	0.0	-0.191	-0.107	-0.05	-0.152	0.0	-0.406	0.029	0.196	0.0	-0.578	0.624	-0.954	-0.143	-0.08	0.0	-0.322	-0.429	-0.305	-0.015	-0.239	0.0	-0.344	-0.002	-0.826	-0.293	-0.185	0.0	-0.066	-0.428	-0.666	0.0	-0.549	0.0	-0.816	-0.561	-0.381	-0.724	-1.713	-0.441	0.0
taxongroup_topic	Tun-c63e_40_ox-10	0.612	-0.886	0.0	-0.351	-1.089	0.0	0.0	0.0	-0.503	0.0	0.0	0.0	0.094	0.0	0.0	-0.051	0.0	2.369	-0.725	-1.5	0.0	-0.377	0.0	0.0	0.0	-0.823	0.0	0.0	-0.049	0.0	-0.127	-0.048	0.0	-0.125	0.0	0.0	0.0	0.0	0.0	0.0	-0.651	0.0	0.035	0.0	-0.062	-0.469	-0.339	0.0	0.693	0.0	0.0	0.0	0.0	-0.83	0.0	0.406	0.0	0.0	-0.095	0.0	-0.676	1.14	0.337	-0.063	-0.394	-0.403	0.0	-0.63	0.0	0.0	0.0	-0.07	0.34	-0.128	-0.265	-1.182	0.0	0.094	-0.502	-1.299	0.0	-0.364	0.0	1.236	0.0	0.0	0.0	0.0	0.084	-0.315
taxongroup_topic	Mar2a6b_6_ox-19	-0.057	0.0	0.0	0.023	0.0	0.0	0.02	-0.775	0.0	-0.428	-0.471	0.0	0.0	-0.534	0.269	-0.669	0.0	0.0	-0.167	-0.601	-0.448	0.0	-0.351	-0.016	0.0	-1.004	0.0	0.179	0.0	0.0	-0.14	0.0	0.406	-0.053	0.0	0.0	0.0	0.197	0.0	-0.359	0.298	-0.162	-0.224	-0.51	0.0	-0.469	0.0	-0.324	0.0	-1.085	-0.309	-0.387	-0.05	-0.022	0.0	-0.05	-0.725	0.0	0.0	-0.146	-0.228	-0.027	-0.043	0.0	0.246	0.0	0.0	0.0	-0.38	-0.531	0.0	-0.157	-0.088	0.35	0.083	0.0	-0.696	0.0	0.0	-0.467	-0.025	0.079	0.0	-0.276	-0.474	0.0	-0.414	0.0	-0.006	0.375
taxongroup_topic	Mus-840b_2_ox-24	0.592	-0.43	0.0	-0.281	-0.6	-0.42	0.0	0.0	-1.67	0.0	-0.614	0.0	-0.343	-0.66	-0.108	-0.399	-1.02	1.638	0.0	-1.737	0.0	-0.147	0.0	-0.729	0.0	-0.109	0.0	0.0	0.0	0.392	-0.417	-0.265	0.588	-0.549	0.0	0.348	-0.559	-0.249	-0.268	0.0	-1.679	0.0	-0.55	0.0	-0.293	-0.065	-0.856	0.0	0.0	0.014	-0.523	0.0	0.0	0.038	-0.015	0.338	-1.165	0.0	0.0	0.0	-0.962	0.165	-0.049	-0.33	-0.257	-0.167	-0.41	0.509	0.356	-0.362	0.616	-0.934	-0.138	-0.532	0.219	0.0	0.0	0.0	-1.241	-0.519	0.0	-0.152	0.0	-0.155	-0.673	0.094	-0.491	0.0	-0.18	0.353
taxongroup_topic	Mus-840b_2_ox-13	-0.392	0.0	0.172	-0.103	0.6	0.0	0.0	-0.089	0.0	-0.419	0.767	0.0	0.0	-0.105	-0.038	-0.551	0.0	-1.572	-0.049	0.0	0.0	0.671	0.0	0.03	-0.067	0.0	0.0	1.251	0.0	0.722	-0.566	0.0	0.443	0.358	0.0	0.0	-0.776	-0.41	0.0	-0.844	0.0	0.0	0.0	-0.185	0.0	0.001	-0.486	0.0	-0.051	-0.184	0.212	-0.364	0.0	-2.138	0.089	-0.212	-0.082	0.0	0.0	-0.26	-0.531	-0.501	0.0	-0.058	0.0	-0.671	0.0	-0.984	-0.448	0.0	0.0	-0.834	0.0	-0.409	-0.913	-0.106	0.0	0.0	-0.202	0.0	-0.576	0.0	-0.147	-0.26	-1.214	-0.342	0.0	0.0	0.0	-0.354
taxongroup_topic	Mus-840b_2_ox-20	0.592	-0.491	0.0	-0.281	-1.255	-0.42	0.0	0.0	-1.67	0.0	-0.614	0.0	-0.343	-0.66	-0.108	-0.399	-1.02	1.402	0.0	-1.737	0.0	-0.147	0.0	-0.551	0.0	0.412	0.0	0.0	0.0	0.0	-1.365	-0.006	1.401	-0.549	0.0	0.348	-0.012	-0.249	-0.401	-0.103	-0.898	0.0	-0.441	0.0	-0.6	-0.864	-1.257	0.0	0.0	0.014	-0.174	-0.201	0.0	0.038	-0.138	0.399	-0.445	0.0	0.0	-0.481	-0.962	0.165	-0.049	-0.028	-0.257	0.0	-0.41	0.159	0.356	-1.004	0.616	-0.934	-0.138	-0.263	0.219	-0.183	0.0	0.0	-1.5	-0.46	0.0	0.045	0.0	-0.517	0.0	0.167	0.0	0.0	-0.18	0.353
taxongroup_topic	Nub-af58_2_ibex-3	-0.239	0.087	0.0	-0.076	-0.42	-0.338	-0.709	-0.82	0.352	0.033	-0.167	-0.351	-0.233	-0.534	0.423	-0.246	-0.518	0.0	-0.456	-0.736	0.0	0.0	-0.292	0.0	0.0	-0.903	0.0	-0.491	0.0	-0.878	-0.056	0.066	-0.243	-0.886	-0.42	0.0	-0.176	-0.516	0.0	0.652	0.298	0.0	-0.368	0.077	-0.289	0.519	-0.621	0.0	0.0	0.001	-0.206	-0.65	-0.05	-0.642	-0.198	0.0	0.178	0.0	-0.202	0.127	-0.186	0.562	0.284	-0.915	0.0	0.0	0.0	-0.57	-0.38	-0.159	0.44	-1.244	-0.272	0.0	0.342	0.497	-0.686	0.0	0.144	0.133	-0.396	0.0	0.0	-0.454	0.0	0.0	0.562	0.293	-0.402	-0.51
taxongroup_topic	Nub-af58_135_ibex-10	0.0	0.0	0.564	0.0	-0.722	-0.576	0.295	-0.487	-0.427	-0.509	0.0	0.0	0.0	0.303	0.225	0.0	0.0	0.0	0.318	-0.743	0.0	-0.195	0.0	-0.205	0.01	0.0	0.0	0.0	0.0	0.0	0.0	-0.723	0.159	0.028	0.0	0.0	-0.005	-0.691	0.0	0.041	-0.529	0.0	0.299	0.0	0.0	-0.257	0.0	0.017	0.121	0.153	-0.586	0.571	0.244	0.347	0.0	-0.737	0.334	0.0	0.0	0.0	0.013	0.0	0.0	0.311	-0.111	-0.306	0.0	0.0	-0.408	0.105	0.218	-0.578	-0.378	0.0	0.162	-0.106	0.0	0.0	0.0	0.153	0.0	0.0	-0.47	0.0	0.399	0.0	0.0	0.0	0.0	0.0
taxongroup_topic	Nub-af58_142_ibex-18	-1.216	0.094	0.393	0.0	-0.625	0.0	0.0	0.0	-0.256	-0.286	0.0	0.0	-0.259	0.611	-0.057	-0.329	0.0	0.195	0.0	0.0	0.0	0.0	0.0	0.0	-0.494	0.032	-0.109	-0.569	0.151	0.0	-0.144	-0.388	-0.337	0.58	0.0	-0.448	0.149	-0.419	0.0	0.0	0.0	-0.086	-0.659	0.0	0.0	0.195	0.145	0.0	0.991	-0.07	0.246	-0.228	-0.061	0.0	-0.643	-0.669	0.658	-0.133	0.649	0.0	0.075	0.0	-0.485	-0.505	0.0	-0.305	-0.09	0.0	-0.502	0.0	0.256	-0.72	-0.037	-0.246	0.392	-0.018	0.0	0.0	0.0	0.408	0.0	-0.44	-0.0	0.0	0.0	0.0	-0.135	0.0	0.0	0.0
taxongroup_topic	Nub-af58_62_ibex-3	-0.332	0.0	0.191	0.0	0.0	-0.033	-0.262	-0.436	0.045	-0.245	-0.815	-0.285	-0.528	-0.06	-0.451	0.052	0.0	-0.338	-0.493	-0.365	-0.635	0.0	0.0	0.085	-0.253	0.0	-0.305	-0.399	0.0	0.0	-0.305	0.961	-0.443	0.0	0.0	0.0	-0.285	-0.328	0.091	-1.579	-0.48	-1.408	0.0	-0.006	0.0	0.391	-0.564	-0.584	-0.035	0.008	0.365	-0.749	0.0	0.0	-0.268	0.0	0.017	0.0	0.0	0.1	-0.306	-0.207	-0.338	0.09	0.0	-0.227	0.0	-0.403	0.0	-0.154	0.0	-0.925	0.0	-0.436	-0.942	-0.667	0.018	0.0	-0.212	0.0	0.0	0.0	-0.346	0.306	0.0	-0.428	0.027	0.771	0.388	0.0
taxongroup_topic	Dal-d353_97_dalli-18	0.0	-0.353	0.3	0.0	0.571	0.0	0.0	0.403	0.0	-0.519	-0.082	-0.039	0.193	-0.285	0.0	0.0	-0.107	0.0	0.06	-0.221	-0.729	0.0	0.041	-0.113	0.108	0.0	0.0	-0.498	-0.116	1.368	0.393	0.0	-0.755	0.708	-0.385	0.0	-0.434	0.193	-0.274	0.0	-0.319	-0.393	-0.488	-0.566	0.0	0.0	0.0	-0.723	0.121	0.0	-0.299	0.0	-0.026	0.753	0.077	0.0	-0.289	0.209	0.02	0.0	-0.548	0.0	0.517	-0.39	-0.02	-0.303	0.0	0.0	-0.164	0.474	0.0	-0.72	0.0	-0.195	-0.07	0.0	0.0	0.983	0.0	0.0	-0.076	0.0	0.0	-0.011	-0.479	0.0	0.274	-0.679	0.139	-0.011
taxongroup_topic	Dal-d353_97_dalli-17	0.759	-0.051	0.0	0.0	0.0	0.387	0.324	0.0	0.0	0.0	0.041	-0.362	0.0	-0.018	0.0	0.0	0.0	0.0	0.0	0.0	0.0	-0.232	-0.767	0.0	0.0	0.0	0.0	0.0	0.0	-0.113	0.02	-0.39	-0.07	0.0	-0.076	-0.056	-0.1	0.0	0.0	-0.62	0.403	0.0	0.0	0.0	0.0	-0.161	0.0	-0.055	0.0	0.0	0.0	0.419	0.466	0.0	-0.195	-0.301	0.571	0.0	0.909	0.0	-0.566	0.0	-0.082	0.0	0.0	0.06	0.0	0.0	0.0	0.0	0.0	-0.434	-0.542	0.0	-0.078	0.0	-0.285	0.0	0.0	0.0	0.077	0.0	0.0	0.0	0.0	0.211	-0.625	0.0	0.0	0.0
taxongroup_topic	Tem-2c3b_12_Saiga-26	0.746	0.0	0.0	-0.495	0.253	0.069	0.36	0.0	-0.199	-0.292	0.0	-0.069	0.0	0.0	0.109	-0.24	0.0	1.431	0.0	0.075	-0.19	0.42	-0.382	-0.863	0.0	0.0	-0.287	0.0	0.0	0.246	-0.116	0.0	0.0	-0.84	-0.445	0.184	-0.19	-0.129	-0.777	0.031	-0.408	0.0	0.0	-0.011	-0.935	-0.827	-0.143	0.0	0.0	-0.255	-0.304	0.0	0.0	-0.158	0.0	0.0	-0.185	0.0	0.0	0.0	-0.598	-0.099	-0.167	0.513	-0.439	-0.116	0.0	-0.514	0.0	0.003	0.0	0.291	-0.128	-0.526	-0.199	-0.933	0.0	0.0	-0.705	-0.315	-0.586	0.314	0.286	-1.044	-0.226	0.0	0.0	0.0	0.0	-0.065
taxongroup_topic	Big-0af3_118_sheep-2	-0.496	-0.217	0.025	-0.444	-0.204	-0.551	-0.018	-0.302	0.097	-0.257	0.106	0.0	-0.369	-0.676	0.0	-0.234	0.723	-0.204	0.007	0.245	0.0	0.0	0.036	-0.53	-0.106	-1.243	-0.132	-0.698	-0.491	0.286	-1.065	-0.096	0.051	-0.59	0.0	0.0	-0.654	0.0	0.0	-0.231	0.157	0.0	0.0	0.0	-0.524	-0.395	-1.037	-0.473	-0.223	-0.811	0.848	-0.059	0.0	-0.696	-0.198	0.116	-0.697	0.528	0.0	-0.669	-0.767	0.178	-0.005	0.0	0.295	0.0	0.0	0.0	-0.115	0.176	-1.369	-0.982	-0.305	-0.048	0.364	0.477	-0.396	0.0	0.0	-0.046	-0.528	0.0	0.0	-1.095	-0.337	-0.625	-0.492	0.0	-0.502	-0.188
taxongroup_topic	She-572b_363_Sheep-1	0.511	0.138	0.416	-0.286	-0.563	0.322	-0.721	0.0	-0.601	0.177	0.125	0.0	0.0	0.0	-0.531	0.0	0.0	-0.186	-0.237	-0.301	-0.642	0.0	0.126	-0.155	-0.29	-0.392	-0.238	-0.029	0.0	-0.347	-0.006	0.296	-0.039	-0.635	0.0	0.0	-0.089	-0.099	-0.151	-0.146	0.479	0.0	-0.087	-0.094	-0.337	0.052	-0.896	-0.564	-0.173	0.0	0.0	0.302	-1.13	0.296	-0.198	-0.303	-0.325	-0.694	-0.174	-0.083	0.9	-0.609	-0.042	-0.421	0.0	0.0	-0.129	0.0	0.0	0.0	0.0	-1.337	-0.636	0.381	-0.565	0.0	0.067	0.0	0.0	0.079	-0.428	0.0	0.0	0.0	0.0	0.118	0.0	-0.473	0.0	0.018
taxongroup_topic	Big-0af3_126_sheep-5	0.0	0.0	-0.317	0.132	0.811	-0.151	-0.018	-0.502	0.352	0.138	-0.044	-0.622	0.0	-0.534	0.0	-0.172	0.0	0.0	0.0	0.245	-0.172	0.0	-0.332	-0.395	-0.07	-0.855	0.0	0.12	0.0	0.531	-0.006	0.0	0.0	0.375	0.0	0.0	-0.213	0.0	0.0	0.813	0.298	0.0	0.0	0.0	0.0	-0.017	-0.737	0.0	-0.223	0.321	-0.325	-0.619	-0.05	0.0	-0.259	-0.28	-0.061	0.0	0.0	-0.431	-0.312	-0.671	-0.005	0.243	0.0	0.0	0.0	-0.776	-0.38	0.0	0.0	-0.578	0.065	0.152	-0.046	0.0	0.144	0.0	0.0	0.0	-0.528	0.0	0.0	-0.542	-0.185	-0.625	-1.513	0.0	-0.203	-0.4
taxongroup_topic	She-572b_443_sheep-14	-0.349	-0.024	0.564	0.0	-0.2	-0.112	-0.819	-1.653	-0.41	-0.127	0.0	0.0	0.3	-1.003	-0.062	0.011	0.112	-0.223	-0.005	0.562	0.292	0.0	0.0	0.0	-0.68	-0.239	0.0	-0.21	0.0	0.0	0.0	-1.727	-0.734	-0.88	-0.248	-0.184	-0.079	-0.258	0.0	-0.306	-0.304	0.0	-1.314	-0.827	-0.094	0.0	-0.085	-0.084	0.617	-0.396	0.176	-0.382	-0.642	0.0	-0.621	-1.015	0.012	-0.135	-0.409	0.488	-0.786	-0.375	0.0	1.316	0.161	-0.534	-0.749	0.0	-0.557	-0.125	-0.57	-0.02	-0.31	0.0	0.0	-0.154	0.0	0.074	-1.546	0.764	0.0	0.842	0.155	0.0	-0.029	0.244	-0.709	0.0	-0.567	0.0
taxongroup_topic	She-572b_61_sheep-9	0.342	0.0	0.254	0.0	0.0	-0.024	0.0	0.0	-0.009	-0.198	0.0	0.0	0.0	-0.49	-0.432	0.559	0.056	0.129	0.352	0.03	0.0	-0.526	-0.09	0.0	0.0	0.0	-0.251	-0.33	0.0	-0.349	0.0	-0.649	-0.046	-1.865	-0.219	0.0	0.0	-0.2	-0.86	-0.126	-0.089	-1.491	-0.849	-0.993	0.0	0.0	0.0	0.005	0.0	0.0	-1.216	0.509	0.0	0.0	-0.623	0.0	-0.072	-0.86	0.0	0.147	0.0	-0.255	0.0	0.0	-0.48	-0.621	0.0	-1.065	0.0	-0.694	0.0	0.261	0.0	0.0	0.0	0.0	0.0	-0.006	0.074	0.0	-0.161	0.0	-0.273	0.0	0.0	0.0	0.0	0.0	0.0	0.0
taxongroup_topic	She-572b_224_Sheep-1	0.0	0.115	0.406	-0.17	0.0	-1.385	0.0	0.0	0.0	-0.041	-0.228	0.0	0.0	0.0	0.0	0.0	0.279	-0.078	-0.229	0.0	-0.183	0.0	0.0	0.0	-0.309	0.103	-0.359	0.254	-0.755	0.0	0.0	0.79	-0.057	-0.508	0.0	0.0	0.028	0.0	0.0	0.585	0.0	0.0	0.0	0.0	-0.224	0.0	-0.287	-0.472	-0.142	0.0	0.0	0.3	-0.787	0.0	0.0	-0.681	-0.747	0.0	0.0	-0.385	0.258	-0.725	-1.048	-0.331	-0.473	0.338	0.0	0.133	0.0	0.0	0.0	-0.454	-0.243	0.038	0.0	0.336	0.355	-0.22	0.0	-0.139	0.0	0.33	-0.414	-0.152	0.0	0.094	-0.126	-0.469	0.0	0.0
taxongroup_topic	Ovi-a47a_37_Sheep-1	0.07	0.0	0.0	0.202	0.0	-0.036	0.0	0.0	0.352	-0.309	0.092	0.0	0.0	0.0	0.0	-0.472	0.0	0.0	0.0	0.0	0.0	0.0	-0.518	0.0	-0.316	0.0	0.0	0.0	0.0	-0.347	-0.006	0.203	0.0	0.0	0.0	0.0	0.0	0.0	0.0	0.613	-0.378	-0.448	-0.324	0.0	-0.208	-0.457	-0.721	0.45	0.0	0.0	0.0	-0.593	-0.39	-0.518	-0.198	0.0	-0.119	0.0	0.0	-0.363	0.0	0.246	0.0	0.0	0.0	0.0	0.0	0.0	0.0	0.0	-0.02	-0.921	0.216	0.0	0.542	0.0	-0.767	0.0	0.0	0.0	-0.48	0.0	0.0	-0.348	0.0	0.0	-0.258	0.0	0.0	0.393
taxongroup_topic	Hum-c1bb_341_sheep-14	0.992	0.0	0.138	-0.159	-0.205	-0.062	0.0	-0.45	-0.62	0.0	0.0	-0.161	0.0	0.0	0.0	-0.621	0.0	-0.332	-0.068	-0.483	0.154	0.348	0.0	0.0	0.0	-0.109	0.0	0.0	0.0	0.392	-0.807	-0.732	0.094	-0.107	0.0	0.0	0.0	0.0	0.0	0.0	0.0	0.0	0.0	0.0	-0.233	0.225	0.046	0.0	0.0	-0.569	0.65	-0.806	0.0	0.0	-0.336	-0.061	-0.643	0.0	0.0	0.028	0.0	-0.768	0.23	-0.302	-0.787	-0.115	0.0	0.0	0.0	0.0	0.0	0.0	0.0	0.044	0.0	0.0	0.0	0.0	0.0	-0.032	0.0	0.0	0.0	-0.12	0.05	-0.745	-0.209	-0.137	0.0	0.0
taxongroup_topic	Gua-668b_90_sheep-15	-0.404	0.0	0.671	0.0	0.666	-0.478	-0.502	-0.62	0.0	-1.164	-0.895	-0.54	0.0	-0.224	-0.121	-0.305	0.508	-0.223	-0.357	-0.145	-0.094	0.423	0.442	-0.14	-0.029	0.0	-0.497	-0.404	0.0	0.0	-0.551	-0.606	0.0	0.137	0.0	-0.504	0.193	-0.572	-0.199	-0.455	0.013	-0.06	0.0	-1.723	-0.381	0.0	0.392	-0.104	0.045	-0.013	-0.325	0.0	0.0	0.0	0.395	-0.352	-0.143	0.0	-0.046	0.008	0.043	-0.259	-0.92	0.169	0.0	-0.339	-0.491	-0.704	0.268	0.0	0.406	-0.497	0.0	0.048	0.0	-0.328	-0.146	0.406	-0.211	0.0	0.0	0.0	-0.006	-0.198	-0.515	-0.345	0.0	0.0	-0.286	-0.148
taxongroup_topic	Wol-279e_421_sheep-28	0.747	-0.061	0.0	-0.514	-0.302	0.261	0.0	0.006	-0.204	0.139	-0.781	0.0	0.0	0.0	0.0	-0.749	-0.694	0.784	0.0	-0.394	0.184	0.0	-0.48	0.0	-0.365	0.0	-0.067	0.0	-0.483	0.0	-0.379	0.0	0.386	0.089	-0.121	0.0	0.0	-0.147	-0.452	-0.28	-0.645	0.293	0.047	0.0	0.0	-0.1	-0.534	0.0	0.0	0.0	0.159	0.0	-0.198	-0.311	-0.109	0.0	0.0	0.103	0.0	0.549	-0.564	0.0	-0.148	-0.414	-0.499	-0.344	0.0	0.096	0.323	-0.643	-0.338	0.686	-0.127	-0.164	-0.073	-0.685	0.0	-0.347	-1.241	-0.545	0.0	-0.346	0.0	0.662	-0.408	0.0	0.0	0.0	0.0	0.0
taxongroup_topic	Wol-279e_300_sheep-11	0.75	0.0	0.0	-0.495	-0.15	0.0	0.0	0.0	-0.374	0.041	0.014	-0.298	0.0	0.0	-0.174	0.0	0.0	0.0	0.0	0.408	0.497	0.326	0.0	-0.863	0.0	-0.394	0.0	0.0	0.0	0.79	0.02	-0.375	0.0	-0.006	0.0	0.0	-0.632	0.033	-0.97	-0.091	0.0	0.0	0.0	0.0	-0.575	-1.286	-0.458	0.0	-0.164	0.167	-0.304	0.0	0.0	-0.419	-0.287	-0.866	-0.601	0.0	0.0	0.0	-0.388	0.0	-0.339	-0.394	-0.477	0.0	-0.429	-0.846	0.0	0.802	0.0	0.0	0.005	-0.93	-0.423	0.0	0.0	0.0	-0.412	0.0	-0.574	0.314	0.0	-0.371	0.0	-0.268	-0.304	0.0	0.0	-0.243
taxongroup_topic	Flo-23b8_35_sheep-30	0.617	-0.061	0.0	-0.46	-0.218	0.0	-0.459	0.0	-0.153	-0.305	0.0	0.0	0.0	0.0	0.0	-0.095	-0.191	3.353	0.0	-4.079	-0.324	0.0	0.0	-0.801	0.0	0.0	0.0	0.0	0.0	0.0	-0.574	0.0	0.392	-0.223	-0.567	0.0	0.0	0.094	-0.858	0.0	0.0	0.0	0.0	0.0	0.0	-0.117	-0.684	0.59	0.0	0.406	0.0	0.0	0.223	-0.146	-0.109	0.0	0.0	0.0	0.0	0.0	-1.305	0.0	0.125	0.0	-0.729	0.0	0.0	0.0	0.0	-0.643	0.0	0.0	-0.084	0.02	0.305	0.0	0.0	0.0	-2.45	0.0	0.0	0.331	0.0	0.0	0.0	0.0	0.0	0.0	0.0	0.0
taxongroup_topic	Hyp-f6cf_10_sheep-10	0.0	0.0	0.813	0.0	-0.642	-0.19	-0.287	-0.683	-0.784	-0.506	0.0	-0.021	0.0	0.0	0.0	0.0	-0.293	-0.359	0.0	-0.469	0.0	0.019	0.022	-0.721	0.0	0.0	0.0	0.0	0.156	-0.019	0.835	-0.287	-0.182	0.0	0.0	0.0	0.0	-0.001	-0.235	-0.757	-0.249	0.0	-0.157	-0.027	0.0	0.0	0.0	-0.312	0.174	-0.046	0.0	-0.675	-0.006	0.094	-0.804	-0.259	0.138	-0.771	-0.288	-0.435	0.053	-0.135	0.581	0.0	-0.069	-0.302	-0.413	-0.324	-0.525	-0.828	-0.129	-0.829	0.0	0.0	-0.61	0.0	-0.035	0.0	0.0	-0.372	-0.039	-0.305	0.021	0.084	0.0	-0.76	0.0	-0.591	0.0	0.0
taxongroup_topic	Hyp-f6cf_197_sheep-13	0.567	-0.061	0.0	-0.495	-0.41	0.0	0.0	0.0	-0.573	-0.305	0.0	0.079	0.0	0.0	0.108	-0.121	0.0	0.466	0.0	-0.263	-0.114	0.413	0.0	-0.863	0.0	-0.244	0.0	0.0	0.0	0.927	-0.621	0.0	0.392	-0.645	0.0	0.0	-0.374	0.094	-0.858	-0.045	0.0	0.0	0.0	0.0	-0.589	-1.1	-1.717	0.0	0.204	0.227	-0.304	0.0	0.0	-0.146	-0.109	-0.15	0.0	0.0	0.0	0.0	-0.683	0.0	-0.353	0.0	-0.278	0.0	0.0	-0.765	0.0	-0.939	0.0	0.0	-0.186	-0.483	0.43	0.0	0.0	0.0	-1.005	0.0	-0.473	0.314	0.0	-0.398	0.0	0.0	0.0	0.0	0.0	-0.288
taxongroup_topic	She-572b_371_sheep-6	0.207	0.0	-0.578	0.0	0.0	-1.207	-0.41	0.0	-0.094	-0.142	0.308	-0.523	-0.59	0.0	0.0	0.0	0.0	0.0	0.0	0.564	0.0	-0.117	-0.706	-0.186	0.0	0.0	0.115	0.0	0.0	-0.068	-0.339	0.0	-0.241	0.0	0.0	0.0	0.0	-0.051	0.0	0.258	-0.355	-0.099	0.0	0.0	0.424	0.412	0.0	-0.063	-0.061	-0.433	-0.29	0.0	0.0	-0.337	-0.214	0.0	0.028	-0.769	0.0	-0.429	0.0	-0.224	-0.588	-0.295	0.0	0.0	0.0	0.045	0.0	-0.015	0.0	-0.078	0.0	0.0	0.0	-0.489	0.0	-0.006	-0.641	0.0	-0.392	0.581	0.0	0.0	0.0	0.0	0.0	0.0	0.0	0.0
taxongroup_topic	She-572b_103_sheep-12	0.0	0.0	0.321	0.0	0.33	-0.029	-0.499	-0.355	-0.113	0.0	0.0	0.0	-0.438	0.0	-0.832	-1.091	0.0	0.0	-0.218	-0.285	0.0	0.0	0.0	-0.853	-0.241	-1.069	0.102	-0.454	-1.071	-0.269	-0.108	-0.456	-0.138	0.0	0.13	-0.162	-0.078	0.123	-0.022	-0.198	-0.204	-1.072	0.0	0.059	0.0	0.352	0.352	-0.53	-0.694	-0.977	-0.006	-0.891	-0.246	0.0	-0.392	-0.499	-0.117	-0.743	-0.392	0.225	0.0	-0.37	0.0	-0.452	-0.375	0.313	0.0	-0.924	-1.243	-0.366	-0.275	-0.473	-0.685	-0.25	-0.046	-0.767	0.0	0.76	0.0	-0.289	0.0	-0.056	0.0	-0.238	-0.706	0.0	0.0	0.051	0.052	-0.198
taxongroup_topic	She-572b_334_sheep-8	-0.124	-0.312	0.0	0.0	0.0	-0.204	0.271	0.0	0.0	0.0	-0.249	0.0	0.0	0.0	0.0	0.0	0.23	0.347	0.0	0.0	0.0	-0.15	-0.774	0.0	0.606	-0.091	0.0	0.0	0.0	0.457	-0.453	-0.329	0.0	-0.787	0.0	0.0	-0.288	0.0	-0.427	0.0	-0.338	0.0	0.0	-0.47	0.0	-0.804	0.0	0.0	0.0	0.0	0.0	0.0	0.0	-0.556	-0.149	0.059	0.613	0.0	0.0	0.0	0.0	-0.144	0.0	0.0	-0.187	-0.132	0.0	0.354	-0.426	0.0	0.0	0.144	0.0	0.027	-0.363	0.0	0.0	0.0	-0.197	0.0	-0.271	0.0	0.0	0.0	0.0	-0.111	0.0	0.0	-0.244	0.0
taxongroup_topic	Ovi-a47a_21_sheep-2	-0.387	0.0	0.085	0.0	0.0	-0.523	0.0	0.0	0.0	-0.272	-0.06	0.0	-0.22	0.0	0.646	0.052	0.0	-0.151	-0.107	0.092	0.296	0.0	0.0	0.0	-0.772	0.278	0.0	0.0	-0.001	0.0	-0.66	0.0	0.094	0.0	-1.055	-0.689	0.0	-0.616	0.0	-0.762	-0.48	0.0	-0.604	-0.006	0.41	0.0	0.046	-0.185	-0.706	0.0	0.65	-1.001	-0.635	0.0	0.0	0.0	0.0	0.0	0.0	0.028	-0.243	0.672	-0.063	0.0	-0.372	-0.9	0.0	-0.226	0.146	0.0	0.0	-0.662	0.0	-0.444	0.0	-0.343	-0.293	-0.284	0.0	0.0	0.0	-0.09	0.0	-0.12	0.0	-0.246	-0.159	0.0	-0.392	0.0
taxongroup_topic	Oce-3ad5_49_sheep-27	0.617	-0.47	0.0	-0.315	-0.963	0.0	0.0	-0.146	-0.67	0.0	0.0	-0.359	0.0	-0.591	0.0	-0.457	0.0	3.792	0.0	-3.836	-0.324	0.001	0.0	-1.106	0.0	0.0	0.0	0.0	0.0	0.178	-0.432	0.0	0.392	-0.007	0.0	0.419	0.0	0.0	-0.591	0.0	-0.963	0.607	-0.843	-0.224	0.072	0.025	-0.8	-0.409	0.0	0.039	0.0	-0.348	-0.097	-0.27	-0.109	0.0	0.0	-0.334	0.0	0.0	-1.327	-0.152	-0.68	-0.344	-0.883	-1.169	0.0	-0.301	0.0	-0.919	0.0	0.25	0.484	0.03	0.257	0.0	0.264	0.0	-1.75	-1.089	0.0	-0.478	-0.725	1.182	0.0	0.0	0.0	-0.224	-0.324	0.023
taxongroup_topic	Ona-2309_143_sheep-11	-0.233	-0.061	0.0	0.116	-0.48	-0.53	0.0	0.0	-0.333	-0.198	0.0	0.0	0.0	0.278	0.0	-0.096	0.0	0.556	0.0	-0.151	0.0	0.0	-0.325	0.0	0.0	-0.392	0.0	0.0	0.0	-0.006	-0.325	0.393	0.392	-0.329	-0.223	0.0	0.0	0.0	-0.133	0.0	-0.542	0.0	0.0	-0.051	0.0	-0.539	0.187	0.0	0.089	0.0	0.0	0.0	0.0	0.0	-0.109	0.0	0.101	-0.018	0.0	0.0	-0.117	0.0	0.149	0.0	-1.031	-0.382	0.0	0.0	0.0	-0.643	-0.239	0.0	-0.083	-0.584	-0.644	0.0	0.0	0.0	-0.413	0.0	0.308	0.0	0.0	0.0	-0.772	0.0	-0.302	0.0	0.0	0.0
taxongroup_topic	She-572b_21_sheep-9	-0.14	0.0	0.537	0.0	-0.077	-0.333	0.0	0.0	0.116	-0.766	0.0	0.0	-0.353	0.0	0.0	0.052	0.0	-0.331	-0.343	0.005	-0.257	0.0	0.0	0.0	-0.351	-0.114	0.0	0.0	0.0	0.292	0.0	0.0	0.0	-0.659	-0.612	0.285	0.0	-1.827	0.078	-0.233	-0.48	0.0	0.0	-0.006	0.26	0.0	0.0	0.342	-0.507	0.0	0.0	-1.293	-1.134	0.0	0.0	0.0	0.0	0.0	0.0	0.0	-0.107	0.704	0.034	-0.731	-0.827	-0.372	0.0	0.0	0.0	0.0	0.0	-0.347	0.0	0.0	0.0	0.0	-0.513	0.0	-0.022	0.288	0.0	-0.17	-0.122	0.0	0.0	-0.878	0.352	0.0	0.022	0.0
taxongroup_topic	She-572b_355_sheep-12	0.0	-0.33	0.393	-0.35	-1.021	0.0	-0.34	0.413	-0.473	-0.141	0.0	0.0	0.0	-0.138	-0.459	0.0	0.0	0.477	0.0	0.0	0.443	-0.332	-0.517	-0.02	0.0	-0.162	0.0	0.0	0.0	-0.469	-0.938	-0.823	-0.564	0.76	0.63	-0.034	0.198	0.0	0.0	0.0	0.0	0.0	0.0	0.0	-0.094	0.0	0.0	0.035	0.0	-0.047	0.0	-0.108	0.0	-0.631	-0.621	-1.089	0.0	0.0	-0.383	0.0	-0.1	0.0	0.0	0.236	0.029	-0.534	0.103	0.0	-0.051	0.0	0.024	-0.542	-0.608	0.0	0.0	-0.018	0.0	0.0	0.0	0.303	0.0	0.0	-0.473	0.0	0.0	0.0	0.0	-0.582	0.0	-0.148
taxongroup_topic	She-572b_363_sheep-18	0.003	0.0	0.0	0.0	0.311	-1.228	-0.006	0.0	0.0	0.0	0.056	0.0	-0.152	-0.267	0.0	-0.051	0.0	0.206	-0.16	-0.353	0.0	-0.129	-0.474	0.0	0.035	0.0	0.0	0.0	0.0	0.102	0.0	0.006	0.164	-0.375	0.0	0.0	0.0	-0.24	0.438	0.0	-0.526	0.0	0.0	-0.41	0.0	0.0	0.0	-1.448	0.0	0.0	0.0	0.0	0.0	-0.427	0.577	0.0	0.547	0.0	-0.347	0.0	0.11	-0.392	0.0	0.0	0.0	0.0	-0.488	0.0	-0.348	0.0	-0.814	0.553	-0.083	0.0	-0.237	0.0	-0.958	0.0	-0.061	0.0	-0.263	-0.033	-0.515	0.266	0.0	-0.642	0.0	0.0	-0.007	0.0
taxongroup_topic	She-572b_438_sheep-20	0.014	-0.643	0.483	-0.011	0.0	-0.847	-0.0	-0.566	0.352	-0.66	-0.061	0.009	-0.585	-0.836	-0.223	-0.521	0.0	0.487	-0.482	0.245	0.133	0.186	-0.191	0.126	-0.07	-1.902	0.0	-0.425	0.0	0.144	-0.061	-0.592	-0.269	-1.149	0.0	0.0	-0.457	-0.042	0.392	0.261	0.298	-0.304	-0.694	0.0	-0.787	-0.214	-1.074	0.0	-0.482	-0.305	0.352	-0.006	-0.503	-0.405	-0.198	0.116	0.037	0.47	0.0	-0.497	-0.85	-0.153	-0.005	0.0	-0.419	-0.718	0.0	0.0	-0.386	0.0	-0.006	-1.32	-0.571	-0.053	0.121	-0.033	0.393	-0.061	0.252	-0.347	-0.528	-0.41	0.0	-0.542	0.0	-0.317	-0.04	0.0	-0.385	-0.395
taxongroup_topic	Big-0af3_67_sheep-9	0.257	0.0	1.079	-0.672	0.518	0.197	0.0	-0.032	0.0	-0.643	-0.413	0.0	-0.185	0.0	0.072	0.052	0.0	0.0	0.0	-0.139	-0.23	0.0	0.0	-0.022	-0.268	0.0	0.0	-0.078	0.0	0.084	-0.195	0.0	0.0	-0.002	-0.645	-0.229	-0.043	0.282	0.0	-0.694	-0.48	-0.725	0.0	0.21	1.008	0.0	0.0	0.524	0.0	0.0	-0.007	-1.244	-0.862	0.0	-0.029	0.0	-0.81	0.0	-0.302	-0.359	0.07	-0.168	-0.132	0.0	-0.722	-0.681	0.0	-0.292	0.0	0.137	0.0	-0.347	0.0	-0.395	0.0	0.0	-0.498	0.433	0.0	0.0	0.0	-0.224	0.0	0.0	-0.346	-0.941	0.352	0.0	0.0	0.0
taxongroup_topic	Big-0af3_130_sheep-2	-0.371	-0.302	0.662	0.0	-0.03	0.208	0.0	0.0	0.109	-0.356	-0.278	0.0	0.199	0.518	0.448	0.052	-0.7	-1.0	0.0	-0.664	0.366	0.0	0.0	0.0	-0.446	-0.128	-0.747	0.0	-0.31	0.308	-0.365	0.0	0.089	-0.551	-0.519	0.086	0.0	-0.917	-0.106	-0.694	-0.48	-0.147	0.0	-0.483	0.634	0.0	0.367	0.982	0.0	0.0	0.848	-0.45	-0.459	-0.37	0.0	-0.347	-0.15	0.0	0.0	-0.128	0.003	-0.349	-0.869	-0.48	-0.513	0.259	0.741	-0.397	-0.189	0.0	0.0	-0.347	-0.925	-0.315	0.0	0.247	-1.022	0.0	-0.135	0.517	-0.714	-0.727	-0.87	0.032	0.0	-0.364	0.352	0.123	0.0	0.0
taxongroup_topic	She-572b_360_Sheep-1	-0.37	0.0	0.114	0.0	0.196	-0.562	-0.799	0.0	0.0	-0.033	0.0	0.111	-0.003	0.0	0.136	0.0	0.19	-0.993	0.123	0.0	-0.578	0.0	0.0	0.0	0.0	0.303	0.0	0.0	-0.791	0.0	-0.477	0.0	0.057	-0.213	0.0	0.0	-0.784	0.129	0.0	0.047	0.0	-0.272	-0.647	0.0	0.0	0.0	-1.186	-0.256	-0.418	0.0	0.0	-0.344	0.0	0.421	0.0	-1.002	-0.751	0.333	-0.244	-0.489	0.38	0.0	-0.226	0.147	-0.679	-0.483	-0.144	-1.279	0.086	0.308	0.0	-0.304	-0.516	0.0	0.0	-0.086	0.0	-0.48	-0.293	0.0	-0.94	0.0	0.0	-0.229	0.0	-0.778	0.09	-0.589	-0.292	0.0
taxongroup_topic	Wat-9861_159_sheep-36	0.261	-0.061	-0.431	0.088	-0.302	0.0	0.0	0.088	-0.04	-0.212	0.0	0.0	0.0	-0.247	0.0	0.045	0.149	-0.027	0.0	-1.23	-0.428	-0.13	-0.605	-0.508	-0.428	0.0	0.0	0.134	0.0	-0.939	-1.938	-0.753	0.424	-0.596	0.0	0.127	0.0	0.0	-0.562	0.0	0.0	0.203	-0.226	-0.525	-0.001	0.274	0.117	0.0	0.0	-0.018	-0.242	-1.3	0.087	0.0	-0.109	0.0	0.018	0.539	0.0	-0.024	0.26	-0.275	-0.221	0.0	-0.445	0.0	0.0	0.0	-0.592	-0.643	0.0	0.0	-0.083	-0.168	-0.093	0.0	-0.304	0.0	-0.986	-0.139	0.0	0.443	0.321	-0.167	0.0	0.0	0.0	-0.504	-0.971	-0.525
taxongroup_topic	Fro-2392_621_sheep-11	0.0	0.0	0.0	0.0	0.0	-0.694	0.017	-0.566	0.0	0.0	0.005	0.0	0.0	-0.534	0.029	0.0	0.0	-1.5	0.0	0.46	0.0	0.0	0.0	0.0	0.0	-0.784	0.0	-0.207	-0.717	0.053	-0.074	0.0	-0.006	-0.929	-0.278	-0.665	0.0	-0.118	-0.54	0.119	0.367	0.0	0.0	0.0	-0.108	-0.139	0.0	0.0	0.352	0.069	0.152	-0.351	-0.05	0.13	0.0	-0.405	-0.37	0.0	0.0	-0.113	0.0	0.0	0.349	-0.112	0.0	-1.086	-0.527	0.0	-0.698	-0.38	-0.508	0.514	-0.569	0.339	0.0	0.0	0.0	0.0	0.0	0.484	0.0	0.0	0.0	0.0	0.0	-0.046	0.441	-0.76	-0.006	-0.18
taxongroup_topic	Cam-1690_241_sheep-28	0.369	0.0	0.155	0.0	0.0	-0.011	0.0	0.0	0.0	-0.65	0.0	0.0	0.0	-0.264	-0.351	0.0	0.0	0.278	0.0	0.26	0.0	0.016	-0.503	0.0	0.0	0.0	-0.018	0.0	0.0	0.114	0.0	0.0	0.0	0.0	0.0	0.0	0.003	0.0	-0.26	0.317	-0.538	0.0	0.0	0.0	0.0	0.0	0.0	-0.12	0.0	0.0	-0.321	0.0	0.286	0.0	-0.008	0.0	-0.022	-0.713	0.0	0.0	0.0	-0.293	0.0	0.0	0.0	0.0	0.0	0.0	0.0	0.0	0.0	0.006	0.517	0.0	0.0	0.0	0.0	0.0	0.0	0.0	-0.255	0.0	-0.355	0.0	0.0	0.0	0.0	0.0	0.0	0.0
taxongroup_topic	Cap-9b25_33_sheep-3	-0.239	1.02	0.648	-0.051	-0.904	0.0	0.0	0.0	0.0	-0.305	0.0	-1.28	0.0	0.0	-0.146	0.0	0.0	0.092	0.0	0.0	0.0	0.0	0.347	0.538	-0.351	0.352	0.0	-0.198	0.0	0.0	0.0	0.0	0.0	0.0	0.0	0.0	-0.569	-0.359	-0.057	-0.217	0.0	-0.068	-0.159	-0.849	-0.725	-1.351	0.0	0.0	0.0	-0.57	-0.273	-0.544	-0.347	-0.456	0.0	-0.415	-0.41	0.0	0.0	0.0	0.0	0.0	0.094	-0.551	-0.006	-0.907	0.0	-0.043	-0.686	0.0	0.0	-0.831	0.0	-0.694	0.0	0.124	0.0	0.0	0.0	0.0	0.0	0.0	0.0	0.0	0.0	0.0	0.0	0.0	0.0	0.406
taxongroup_topic	Cal-fa4d_4_sheep-26	0.28	-0.061	-0.612	0.0	-0.379	0.0	0.0	-0.459	0.008	-0.339	0.0	0.0	-0.445	0.366	-0.293	-0.026	0.0	0.078	0.0	-0.537	0.0	0.0	0.0	-0.443	0.0	0.0	-0.18	0.0	-0.146	0.0	-0.796	-0.405	0.392	-0.51	0.0	0.0	0.0	-0.336	-0.753	0.0	-0.138	0.0	-0.396	-0.406	-0.22	0.094	0.187	0.0	0.0	0.0	0.0	0.0	0.0	0.0	-0.109	0.0	0.0	0.497	-0.102	0.182	-0.117	0.0	0.476	0.0	-0.21	0.0	0.0	0.0	-0.32	-0.643	0.0	-0.121	-0.083	-0.224	-0.093	-0.733	-0.397	-0.518	-0.413	0.02	0.0	0.0	0.0	-0.103	-0.189	-0.013	0.0	0.0	0.0	0.051
taxongroup_topic	Fun-7367_500_sheep-22	0.617	0.0	0.0	-0.678	0.084	0.0	-0.144	0.0	-0.153	-0.305	0.0	0.0	0.0	0.0	0.0	0.0	-0.163	0.0	0.0	0.408	-0.19	0.0	0.0	-0.863	0.0	-0.109	0.0	0.0	0.0	0.392	-0.083	-0.259	0.0	-0.419	-0.631	0.0	0.0	0.094	-0.725	0.0	0.0	0.0	0.0	0.0	0.0	-0.117	-0.728	0.291	0.0	0.227	-0.304	0.0	0.07	-0.146	0.0	-0.061	-0.643	0.0	0.0	0.0	-1.016	0.0	-0.049	-0.302	-0.729	0.0	0.0	0.0	0.0	0.0	0.0	0.0	0.005	-0.079	0.0	0.0	0.0	0.0	-0.412	0.0	0.0	0.314	0.0	0.0	0.0	-0.133	-0.491	0.0	0.0	0.0
taxongroup_topic	Coy-1bf1_280_sheep-51	0.432	-0.463	0.0	-0.75	-1.128	-0.418	-0.613	-0.153	-1.845	0.054	-0.414	-0.495	0.464	-0.757	0.0	-1.357	-0.721	-0.572	-1.856	0.874	-1.626	0.0	-0.203	0.505	-0.04	-0.129	0.0	-0.179	-0.835	0.276	-0.884	-0.029	-0.244	-0.608	-0.448	0.047	-0.227	0.0	-0.431	0.0	0.003	0.0	-1.362	-0.689	-1.017	-0.721	0.432	0.166	-0.147	-0.534	0.558	-0.798	-0.397	-2.568	-0.221	-1.328	-0.915	-0.23	0.702	0.9	-0.008	-1.129	0.218	0.254	-0.543	-0.326	-0.859	0.522	-0.035	0.028	0.0	0.0	-1.266	-0.211	0.008	-0.263	-0.489	0.047	-0.561	0.678	0.522	0.0	0.0	-0.827	-0.525	-0.301	-0.533	0.0	-0.634	0.0
taxongroup_topic	Kea-483e_87_sheep-9	0.0	0.323	-0.134	-0.194	0.0	0.0	-0.934	-0.448	0.297	0.0	0.291	-0.205	0.0	-0.534	0.239	-1.204	-0.27	-1.382	0.168	0.412	-0.479	0.26	0.0	0.0	0.0	-0.439	-0.234	-0.36	0.0	0.0	-0.565	0.0	0.321	-0.693	0.0	0.0	0.0	-0.462	0.0	0.082	0.298	0.0	-0.016	0.0	0.0	0.443	0.0	0.0	-0.924	-0.422	0.0	-0.365	-0.05	-1.584	-1.114	-0.753	-0.071	0.0	0.0	0.0	0.0	-0.012	0.11	0.0	0.0	-0.665	-0.514	0.0	-0.38	-0.935	0.0	0.0	-0.372	-0.277	0.0	-0.437	0.264	0.02	0.402	-0.009	0.0	0.0	0.0	-0.434	0.0	0.0	0.413	0.0	-0.006	-0.09
taxongroup_topic	Sno-0a8f_591_sheep-8	0.584	0.0	-0.106	-0.106	-0.063	0.0	0.0	0.0	-0.476	-0.381	0.0	0.0	0.0	0.0	-0.316	0.0	0.0	0.0	0.0	0.0	-0.578	0.084	0.0	-0.403	0.0	-0.109	-0.199	0.0	0.0	0.392	-0.023	-0.259	0.0	-0.853	0.0	0.0	0.0	-0.23	-0.039	0.0	-0.146	0.0	-0.162	0.094	-1.16	-0.012	-0.359	0.0	0.084	0.815	0.0	0.0	0.0	-0.07	0.0	-0.061	-0.643	0.0	0.0	0.0	-0.682	0.0	-0.114	0.104	-0.124	-0.625	0.0	0.0	0.0	0.0	0.0	-0.251	0.0	-0.431	0.148	-0.725	0.0	0.0	-0.306	0.0	-0.701	0.564	0.0	-0.277	0.0	-0.133	-0.491	0.0	0.0	-0.043
taxongroup_topic	Kea-483e_84_sheep-21	0.0	0.17	0.468	-0.137	0.0	0.0	-0.434	0.118	0.266	0.0	-0.029	0.281	0.0	0.0	-0.545	-1.076	0.378	-0.07	-0.844	0.291	0.145	0.14	-0.613	0.296	0.0	-0.534	-0.107	-0.294	0.0	0.0	-0.201	0.0	0.305	-0.925	-0.163	-0.213	0.075	-0.104	-0.304	-0.356	0.355	0.0	-0.007	0.246	0.0	-0.006	-0.405	0.0	-0.808	-0.422	0.596	-0.394	0.0	-0.023	-0.281	-0.705	-0.071	0.0	-0.006	-0.254	0.0	-0.634	-0.349	-0.831	0.0	-0.618	-0.431	-0.307	0.0	-0.782	0.0	0.0	-0.502	-0.434	-0.365	-0.16	0.332	0.0	0.179	-0.54	0.0	0.238	0.0	-0.258	0.0	0.0	0.0	0.0	0.0	-0.127
taxongroup_topic	Lyn-0465_60_sheep-41	0.584	-0.329	0.0	0.233	-1.138	0.0	0.0	0.0	-1.394	0.0	-0.353	0.0	0.0	-0.305	0.0	-1.084	0.0	5.209	0.0	-6.534	-0.438	0.0	0.0	-1.132	-0.385	0.0	-0.032	0.02	0.0	-0.189	-1.291	-0.183	1.102	-1.104	0.0	-0.035	0.0	0.0	-1.008	-0.63	-1.606	0.701	0.78	-0.283	-0.085	-0.257	-2.42	-0.477	0.0	-0.334	-0.414	-0.011	-1.16	0.0	-0.344	-1.9	0.0	-0.7	0.0	0.0	-0.997	0.0	-0.01	-0.969	-0.369	-0.987	-0.768	-0.213	0.0	-2.334	-0.179	-0.228	1.428	-0.281	-1.734	0.0	-0.553	0.0	-3.666	-0.022	0.0	0.366	0.0	-0.273	0.0	0.0	0.0	0.0	-0.266	0.079
taxongroup_topic	Coy-1bf1_280_sheep-25	0.75	-0.194	0.0	-0.243	-0.354	0.0	0.0	0.0	-0.658	0.181	0.0	0.0	0.0	0.0	-0.051	-0.444	0.0	1.288	0.0	-0.882	0.302	0.306	0.0	-0.582	0.0	-0.373	0.0	0.0	0.0	0.392	-0.484	-0.259	-0.005	-0.015	0.0	0.0	0.0	0.046	-0.393	-0.311	0.0	-0.13	0.0	0.0	-0.339	-0.179	-0.301	0.0	0.0	-0.026	0.768	-0.346	0.0	-0.29	0.0	-0.285	-0.643	0.0	0.0	0.068	-1.396	0.0	0.204	-0.302	-0.477	-0.573	0.0	0.0	0.0	0.22	0.0	0.0	0.045	-0.157	-0.431	0.0	0.0	0.0	-0.922	0.0	-0.841	0.33	0.0	-0.284	0.0	-0.133	-0.491	0.0	0.0	0.467
taxongroup_topic	She-572b_9_sheep-2	-0.167	0.0	0.753	0.0	-0.393	-0.983	0.25	-0.325	0.0	0.0	0.0	0.0	0.0	-1.316	-0.307	-0.218	0.0	0.0	0.0	-0.062	0.0	0.0	0.0	0.151	0.0	-0.224	0.0	0.315	-0.007	0.101	-0.073	0.147	-0.328	-0.495	-1.072	0.0	0.0	0.0	0.0	-0.305	0.14	0.0	0.0	-0.56	0.0	0.0	-0.457	0.0	-0.302	0.121	-0.136	-0.417	-0.098	0.0	-0.168	-0.547	-0.493	-0.039	-0.006	0.0	0.43	-0.398	-0.249	-0.111	0.261	-0.216	0.0	-0.787	-1.211	0.0	0.094	-0.19	-0.124	-0.146	-0.144	-0.002	-0.382	-0.531	0.0	-0.652	0.0	0.0	0.052	0.0	0.024	0.277	0.0	0.0	-0.192	0.0
taxongroup_topic	She-572b_176_sheep-11	0.0	-0.69	0.332	0.0	-0.585	0.0	-0.499	0.0	0.29	-0.484	0.0	-0.577	-1.053	0.0	0.086	0.0	-0.272	-0.13	0.0	0.0	0.0	-0.48	0.052	0.0	-0.428	0.352	0.025	-0.077	-0.243	-0.725	-0.787	-0.309	-0.03	0.0	0.0	0.083	0.0	-0.477	0.0	-0.021	0.0	-0.074	-0.018	-0.554	-0.642	0.0	0.038	0.0	0.259	-0.196	-0.965	-0.965	-0.347	0.0	0.0	-0.035	-0.356	-0.348	0.352	-0.169	0.0	0.0	0.403	0.0	0.0	-0.55	0.0	0.042	-0.658	0.0	-0.7	-0.263	-0.198	-0.694	0.0	0.086	0.0	0.219	0.0	-0.626	0.0	0.0	-0.12	-0.057	0.406	0.025	-0.305	0.0	0.0	0.413
taxongroup_topic	She-572b_140_Sheep-1	0.0	0.0	0.0	0.0	-0.272	0.163	-0.694	0.0	0.0	-0.242	0.0	0.0	0.0	0.0	0.0	0.0	0.168	-0.48	-0.024	-0.024	-0.183	0.0	0.0	0.0	0.0	-0.382	0.0	0.032	-0.763	0.0	0.0	0.0	0.331	0.0	-0.328	0.0	0.187	-0.259	-0.167	0.156	0.0	0.09	0.0	0.0	0.0	0.0	-0.962	-0.241	0.0	0.0	0.0	-0.123	-0.736	0.0	0.0	-1.294	-1.041	0.0	-0.173	-0.138	0.048	0.0	-0.051	0.0	0.0	-0.386	0.0	-0.694	0.352	0.0	0.0	-0.085	-0.046	0.0	0.0	0.081	0.04	-0.082	-0.347	0.0	0.0	0.0	0.0	-0.069	0.0	0.0	0.0	-0.671	-0.679	0.0
taxongroup_topic	Bov-d455_287_sheep-2	-0.387	0.0	0.099	-0.17	0.0	-0.871	-0.464	-0.868	0.352	-0.86	0.243	0.103	-0.239	-0.534	-0.48	-0.437	0.0	-0.438	0.0	0.245	-0.725	0.0	-0.572	-0.378	-0.23	-1.252	0.0	-1.112	-0.491	-0.454	-0.78	0.875	0.15	-0.997	-0.061	0.0	0.052	0.122	0.0	-0.923	0.224	-0.584	0.0	0.0	0.0	0.317	-0.893	-0.268	-0.48	-0.305	0.28	-1.339	-0.227	-0.185	-0.198	0.116	-0.322	0.0	0.308	-0.131	-0.406	-0.183	-0.283	0.0	-0.375	0.0	-0.309	0.058	-0.495	0.0	0.075	-0.982	-0.473	-1.024	0.107	0.863	0.133	-0.621	0.022	0.0	-0.528	0.0	0.398	-0.862	0.0	-0.625	-0.45	0.0	-0.139	-0.006
taxongroup_topic	She-572b_18_sheep-11	0.563	0.338	-0.208	-0.651	-0.012	-0.862	-0.347	-0.2	-1.145	-0.174	-0.228	0.0	0.0	0.0	-0.047	0.0	0.031	0.0	-0.305	0.0	-0.542	0.0	0.384	0.0	0.557	-0.122	-0.398	-0.361	-0.97	0.0	0.0	0.105	-0.046	0.109	0.0	0.246	0.406	-0.458	0.0	-0.854	0.429	0.443	-0.082	-0.785	-0.796	-0.225	-0.622	-0.473	-0.244	0.0	0.0	0.105	0.0	-0.717	-0.091	-0.571	-1.271	-0.694	0.0	-0.798	-0.503	0.0	-0.621	-0.094	-0.176	0.69	-0.094	0.0	-0.109	0.431	-0.764	-0.405	-0.006	-0.133	0.078	0.331	0.731	-0.369	0.0	-0.418	-0.177	0.136	-0.414	0.233	0.0	-0.691	0.0	0.309	0.064	0.0
taxongroup_topic	She-572b_81_sheep-3	0.309	0.0	0.0	0.255	-0.473	-0.192	-0.576	-0.868	0.352	0.451	0.211	0.0	0.0	-0.534	0.0	-0.255	0.0	0.032	0.0	0.275	-0.418	0.0	-0.274	0.0	-0.351	-0.841	0.0	0.0	-0.491	-0.387	-0.3	-0.212	0.048	-0.783	-0.141	0.0	-0.146	0.0	0.0	-0.599	0.298	0.0	0.0	-0.694	0.0	-0.035	-0.688	0.0	0.0	0.0	0.65	-0.427	-0.05	-0.611	-0.198	0.0	-0.322	0.0	0.199	-0.02	-0.397	0.0	-0.149	0.0	0.0	0.352	0.0	0.0	-0.49	0.0	-0.79	-0.982	-0.006	-0.133	-0.013	0.0	-0.642	0.0	0.0	-0.725	-0.396	0.0	0.0	-0.068	0.0	0.0	-0.1	0.0	-0.006	0.39
taxongroup_topic	She-572b_8_sheep-13	-0.217	0.0	-0.443	0.077	0.0	-0.545	0.0	-0.427	0.0	-0.319	0.0	0.0	-0.281	0.0	0.0	0.052	0.0	0.0	-0.866	0.092	0.177	-0.392	0.0	0.0	-0.697	0.0	0.0	0.0	0.0	0.0	0.0	0.33	0.0	0.0	-0.257	-0.333	0.0	-0.401	0.0	-0.493	-0.48	0.0	0.0	0.028	0.139	0.0	-0.247	0.389	-2.535	0.0	0.0	-0.711	-0.872	0.0	0.0	0.056	0.0	0.0	0.0	0.068	0.271	1.534	0.0	0.0	-1.139	-0.323	0.0	-0.642	0.0	0.0	0.0	-0.347	0.0	0.0	0.0	0.0	-0.293	0.0	0.0	0.0	0.0	-0.378	0.0	-0.182	0.0	-0.246	0.352	0.0	-1.18	0.0
taxongroup_topic	She-572b_153_sheep-10	0.0	-0.081	0.0	0.0	0.0	-0.617	0.0	0.0	0.0	0.0	0.177	0.0	0.0	0.0	0.0	0.0	-0.748	0.0	0.26	0.0	0.0	-0.058	-1.354	-0.302	0.39	0.069	0.0	0.0	0.0	0.641	-0.153	-0.936	0.0	0.0	0.0	0.0	0.403	0.0	0.0	0.0	0.224	0.0	0.0	-0.155	-0.402	0.0	0.0	-0.305	0.244	0.0	0.0	0.0	0.052	-0.468	-0.347	0.0	0.391	0.0	0.0	0.0	0.0	-0.2	0.0	0.0	0.0	0.0	-0.006	-0.271	0.0	-0.584	0.0	0.09	0.0	-0.223	0.261	0.0	0.0	-0.008	0.0	0.0	-0.163	-0.666	0.0	0.0	-0.48	-0.347	0.0	0.0	-0.684	-0.694
taxongroup_topic	She-572b_325_sheep-7	0.0	0.0	0.447	0.0	-1.059	0.0	-0.078	0.045	0.0	0.0	-0.459	0.11	0.0	0.0	-0.315	0.0	0.351	-0.145	0.0	0.0	0.0	0.0	-0.081	0.0	-0.994	0.472	0.0	0.0	0.0	0.0	-0.872	0.0	-0.628	0.0	0.191	-0.477	-0.026	0.0	0.0	-0.173	0.0	-0.169	-0.092	0.0	-0.55	-0.572	0.046	0.147	0.0	-1.093	0.415	-0.34	0.0	0.0	0.0	-0.124	0.0	0.0	0.0	0.357	-0.826	-0.37	-0.787	0.094	0.0	-0.265	0.0	0.0	-0.168	0.0	0.0	-0.797	-0.679	0.0	0.0	-0.216	0.0	0.406	0.0	0.0	0.0	0.0	0.0	0.037	0.0	-0.156	-0.315	0.344	-0.057	0.0
taxongroup_topic	She-572b_31_sheep-11	0.0	-1.11	0.347	0.0	-1.381	0.316	-0.131	0.0	0.48	-0.075	-0.244	-0.245	0.0	0.145	-1.452	0.0	-0.698	-0.301	0.0	0.0	0.375	0.0	-0.498	-0.22	-0.3	-0.566	-0.001	0.048	0.0	-0.731	0.0	0.0	0.171	0.0	0.384	0.0	0.0	-0.342	-1.556	0.333	0.581	0.0	-0.429	0.0	-0.81	-0.303	-0.588	-0.276	-0.201	-0.368	-0.428	0.397	0.0	-0.115	0.0	-0.061	0.085	-0.112	0.0	-0.032	-0.439	0.429	0.225	-0.49	0.0	-0.359	-0.113	-0.128	-0.168	0.0	-0.202	-0.438	-0.797	-0.366	0.0	0.168	-0.512	-0.263	0.0	-0.396	-0.017	0.0	0.0	0.0	0.37	0.0	0.0	0.0	-0.064	0.82
taxongroup_topic	Ani-161e_221_sheep-5	0.503	-0.718	0.0	0.0	-0.302	0.0	0.0	0.0	-0.298	0.0	0.0	0.0	0.0	-0.006	-0.046	-0.26	0.0	1.922	0.0	-2.511	0.0	0.0	0.0	0.0	0.352	0.0	-0.694	0.0	0.0	0.0	-0.606	0.0	0.392	0.045	0.0	0.0	0.101	-0.347	-0.133	0.0	0.0	0.591	0.0	0.029	-0.313	-0.714	-0.094	-0.203	0.0	0.079	0.0	0.0	0.0	0.0	-0.109	-0.48	0.0	0.0	0.0	0.0	-0.105	-0.08	-0.295	0.0	-0.704	0.0	0.076	0.0	0.0	-0.643	0.0	0.0	-0.409	-0.218	-0.525	-0.198	0.0	0.0	-1.268	0.0	0.0	0.0	0.0	0.0	0.0	0.0	0.0	0.086	0.0	0.0
taxongroup_topic	She-572b_190_Sheep-1	-0.26	-0.587	0.41	0.0	-0.025	-0.149	-0.359	0.0	-0.066	-0.995	-0.844	0.0	-0.804	0.0	0.493	0.052	0.0	-0.314	0.0	-0.041	-0.616	-0.481	0.0	0.0	-0.11	0.0	0.0	0.065	0.0	-0.192	-0.327	-0.063	0.0	-0.762	-0.817	-0.141	0.059	-0.736	0.487	-0.694	0.245	0.0	-0.199	0.022	-0.014	0.0	-0.699	-0.055	-0.18	-0.654	0.0	-0.699	-0.731	0.259	0.0	0.133	0.0	0.043	0.068	-0.243	0.081	0.269	-0.49	-0.294	-0.294	-0.229	0.0	0.707	0.0	-0.603	0.051	-0.736	0.0	0.0	0.0	0.0	-0.301	0.0	0.0	0.0	0.0	0.0	0.0	-0.042	0.0	-0.3	0.352	0.0	0.0	-0.159
taxongroup_topic	And-dffe_106_sheep-45	0.972	-0.716	0.0	-0.907	-0.701	-0.724	-0.611	-1.979	-1.577	0.617	-0.513	-0.555	0.0	0.0	0.0	-0.483	0.534	4.939	0.0	-3.83	-0.067	1.246	0.172	0.165	-0.508	-0.88	-0.491	-0.096	0.0	-0.605	-0.772	0.266	1.346	-0.93	-0.63	-0.518	0.846	0.0	-0.339	-0.285	-1.289	-0.676	-1.242	0.0	0.328	-0.583	-1.018	0.0	-0.181	-0.045	0.0	-0.181	0.309	-0.286	-0.832	-0.354	-0.482	0.094	0.0	1.063	-1.758	0.584	-0.122	-1.139	-0.29	-1.307	0.0	0.191	0.0	-1.052	-0.408	-0.125	-0.804	-0.378	0.133	-0.616	0.0	-0.024	-1.953	-0.296	0.866	-0.207	0.0	0.865	0.084	-1.265	0.273	0.373	-0.526	0.0
taxongroup_topic	Poa-a930_88_sheep-23	0.445	-1.241	-0.38	-0.196	-0.66	0.0	0.0	0.0	-0.153	0.0	0.0	0.0	0.094	-0.245	0.004	-0.577	0.0	1.057	0.0	-2.242	0.0	0.0	-0.735	0.0	-0.406	0.0	-0.188	0.0	0.0	0.0	-0.688	0.0	-0.269	-0.107	-0.184	0.0	0.0	-0.793	-0.133	-0.296	-0.893	0.0	0.535	0.0	-0.062	-0.117	-0.38	0.0	0.0	0.0	0.0	0.154	-0.863	0.0	-0.109	-0.842	0.0	0.088	0.0	0.0	-0.713	0.0	0.518	-0.351	-0.729	-0.347	0.0	-0.054	0.0	-1.182	0.0	0.0	-0.143	-0.026	-0.07	-0.801	0.0	-0.25	-0.929	-0.122	0.0	-0.156	0.0	0.146	0.0	0.0	0.0	0.0	0.065	-0.315
taxongroup_topic	Ama-9e7a_263_sheep-25	0.0	-0.384	0.32	0.0	-1.496	0.328	-0.265	-0.216	-0.338	-0.224	0.0	0.0	0.125	-0.248	0.0	-0.204	0.0	0.003	-0.275	0.069	0.0	-0.437	-0.701	0.0	0.0	0.0	0.0	0.033	0.0	0.485	-0.529	-0.516	-0.361	0.104	-0.648	0.0	-0.182	0.0	0.0	0.0	0.0	-0.171	0.097	-0.78	-0.179	0.0	0.392	0.471	-0.535	-0.102	-0.436	0.094	0.0	0.0	-0.17	-0.873	0.651	0.0	0.0	0.457	-0.305	-0.259	0.0	0.171	0.0	-0.112	-0.491	0.0	-0.778	-0.265	-0.272	-0.477	-0.968	-0.198	-0.933	-0.502	0.052	0.0	-0.792	0.198	-0.261	-0.694	-0.359	0.0	-0.109	0.0	0.0	0.0	0.0	0.0
taxongroup_topic	Red-1eff_77_sheep-13	0.0	-0.527	0.32	0.0	-0.863	0.0	-0.341	-0.86	-0.852	-0.224	0.0	0.0	0.0	-0.339	0.0	-0.369	0.0	-0.19	-0.612	-0.631	0.0	-0.33	-0.305	0.0	0.0	-0.42	-0.241	-0.617	-0.57	0.0	-0.942	-1.302	-0.355	-0.198	-0.301	0.0	0.084	-0.423	0.0	-0.063	-0.828	0.0	-0.206	-2.145	0.0	0.0	1.101	-0.661	0.0	-0.692	-0.064	-0.53	-0.067	-0.051	0.0	-1.428	0.0	0.0	0.49	1.334	-0.305	-0.769	-0.542	0.921	0.0	-0.112	-1.224	-0.07	-0.661	0.0	-0.43	-0.19	0.006	0.0	-0.151	-0.502	-0.3	-0.018	-1.08	0.369	0.0	0.0	-0.359	0.0	-0.219	0.0	-0.54	0.0	0.0	0.0
taxongroup_topic	Sag-0ea8_54_sheep-16	0.0	-0.263	0.0	0.161	0.0	-1.109	-0.183	0.0	0.0	-0.37	0.0	0.0	0.0	0.0	0.0	-0.094	-0.552	0.0	0.136	0.0	0.0	-1.082	-0.515	0.0	0.831	-0.358	0.147	0.0	0.0	-0.477	-0.441	-0.64	-0.094	0.046	0.0	0.0	0.0	-0.382	-0.138	0.0	-0.089	0.0	0.0	-0.801	-0.046	-0.477	0.0	-0.994	-0.303	0.0	0.0	0.0	0.052	-0.343	0.415	0.0	-0.028	0.0	-0.301	0.0	0.0	-0.128	0.0	0.0	0.0	0.0	-0.006	0.093	0.201	-0.447	0.0	0.121	0.0	0.0	0.117	0.0	0.0	-0.618	0.103	0.0	0.538	-0.791	-0.228	0.0	-0.48	-0.347	0.0	0.0	-0.367	-0.694
taxongroup_topic	Sag-0ea8_54_sheep-27	0.0	-0.4	0.457	0.0	-0.819	-1.099	-0.175	0.854	-0.183	-1.148	0.0	0.0	0.0	-0.974	0.0	0.0	0.0	0.205	-0.407	-0.407	-0.256	-0.319	-0.235	0.147	0.0	-0.577	0.0	0.352	-0.537	-0.554	-0.911	-0.101	-1.063	-0.527	-0.527	0.0	-0.705	0.0	-0.293	0.0	0.298	-0.582	-0.102	0.0	-0.094	-0.097	0.0	-0.524	0.0	-0.301	-0.303	0.152	0.395	-0.67	-0.627	-1.021	-0.268	0.0	-0.473	0.0	-0.117	0.0	0.0	-0.48	0.334	-0.743	0.103	0.369	-0.724	-0.843	0.049	-0.562	-0.845	-0.198	-0.1	0.21	-0.355	0.0	0.0	0.28	0.0	-0.694	-0.419	0.0	0.0	0.0	0.0	0.0	-0.006	0.0
taxongroup_topic	She-572b_153_Sheep-1	0.013	-0.006	0.0	-0.424	0.0	-0.02	-0.633	-0.748	0.352	-0.309	-0.316	0.0	-0.305	-0.046	0.0	-0.508	0.0	0.224	-0.024	0.0	0.0	0.0	-0.443	-0.285	-0.098	0.224	-0.694	-0.033	-1.233	-0.347	-0.006	-0.008	0.013	0.0	0.0	-0.19	-0.509	0.222	0.0	0.33	0.0	0.0	0.326	-0.006	0.0	-0.796	-0.245	-0.613	0.0	0.0	-0.65	-0.03	0.0	-0.612	-0.198	0.0	-0.322	-0.853	0.0	0.164	0.443	0.0	0.403	-0.748	0.015	-0.355	0.0	0.0	-0.109	0.046	-0.08	-0.775	0.396	-0.133	0.387	0.0	-0.518	0.0	0.235	0.0	-0.428	0.0	0.0	0.0	0.0	0.0	0.0	-0.666	-0.2	0.07
taxongroup_topic	She-572b_183_Sheep-1	-0.303	0.0	0.803	0.0	0.064	0.073	0.0	0.0	0.244	-0.71	-0.208	0.0	-0.318	0.0	0.527	0.052	0.0	-0.043	0.0	0.076	-0.168	0.0	0.0	0.0	-0.382	0.002	0.0	0.0	0.0	0.0	0.0	0.0	0.0	0.0	-1.182	-0.141	0.0	-0.572	0.0	-0.694	-0.48	0.0	0.0	-0.006	0.483	0.0	0.0	0.579	0.0	0.0	0.0	-0.572	-1.356	0.0	0.0	0.0	0.0	0.0	0.0	0.0	0.081	-0.138	-0.436	-0.825	-0.294	-0.346	0.0	-0.239	0.0	0.0	0.0	-0.347	0.0	0.0	0.0	0.0	-0.524	0.0	-0.198	0.36	0.0	-0.295	0.0	0.0	0.0	-0.842	0.352	0.0	0.0	0.0
taxongroup_topic	She-572b_25_Sheep-1	0.0	-1.17	0.0	-1.33	-0.683	-0.049	-1.34	-0.929	0.275	0.113	-0.269	0.0	0.008	-0.554	-0.287	-0.877	-0.647	-0.321	0.299	1.026	0.0	0.086	0.0	-0.05	-0.071	-1.252	-0.892	-0.401	-0.054	-0.347	0.249	0.0	-0.641	-0.327	0.0	0.0	-2.018	-0.148	0.0	0.501	0.0	0.0	0.155	0.196	-0.663	-0.572	-0.032	0.0	0.0	0.0	-0.397	-0.362	0.366	0.0	-0.198	-0.348	-0.011	0.181	-0.225	0.079	0.204	0.0	1.087	-0.548	0.015	-0.338	0.0	-1.662	0.389	0.049	0.0	-0.867	-0.312	0.0	-0.046	-0.511	-0.126	0.352	-0.369	0.151	-0.477	-1.285	0.341	0.0	-0.5	-0.389	-0.37	0.0	-1.545	0.094
taxongroup_topic	She-572b_4_sheep-5	-0.455	-0.334	0.181	-0.29	-0.097	-0.254	-1.233	-0.3	0.41	-0.378	-0.56	0.0	0.0	0.177	0.117	-0.006	0.0	0.489	-0.061	0.0	-0.586	0.0	-0.785	0.0	-0.115	-0.479	-0.361	-0.698	-0.581	-0.305	-0.006	-0.155	-0.044	-0.494	-0.588	0.0	0.0	0.0	0.0	0.261	0.0	0.0	0.0	0.0	-0.491	0.052	-0.668	0.0	-0.223	-0.305	0.095	-0.213	0.0	-0.474	0.053	0.116	0.462	0.0	-0.387	-0.451	0.089	-0.556	-0.293	0.066	0.0	0.0	0.0	0.0	-0.005	0.124	-0.356	-1.033	0.0	-0.053	0.038	0.0	-0.257	0.0	0.0	-0.523	-0.48	0.0	0.0	-1.078	-0.16	-0.814	-0.21	-0.899	-0.392	0.0
taxongroup_topic	Big-0af3_127_sheep-4	0.1	0.0	-0.053	0.0	1.337	-0.186	0.711	-0.753	0.352	0.138	0.0	-0.073	0.0	-0.534	-0.536	0.0	0.0	0.0	0.0	0.245	0.0	0.0	-0.508	-0.756	-0.07	-0.855	0.0	0.0	0.0	0.322	0.152	0.0	-0.283	-0.81	0.0	0.0	-0.206	0.0	0.0	0.22	0.298	0.0	0.0	0.0	0.0	0.052	-0.737	0.0	-0.223	-0.305	0.0	-0.235	-0.05	0.0	-0.562	0.116	-0.21	0.0	0.0	-0.431	-0.312	0.0	-0.005	0.0	0.0	0.0	0.0	0.0	-0.38	0.0	0.0	-1.098	0.0	-0.141	-0.046	0.0	0.393	0.0	0.0	0.0	-0.528	0.0	0.0	-0.542	-0.902	-0.625	-0.493	0.005	-0.006	0.0
taxongroup_topic	Bea-1194_91_sheep-6	-0.34	-0.29	0.393	0.0	-0.913	0.0	0.013	-0.643	-0.006	-0.551	0.0	0.0	-0.432	-0.417	0.0	0.0	0.0	-0.4	-0.045	-0.03	0.0	-0.512	0.0	-0.082	0.0	-0.632	0.0	-0.096	0.0	0.0	0.0	0.0	-1.444	-0.366	0.0	0.0	-0.516	0.0	0.0	-0.229	0.0	0.0	-1.449	-0.729	0.171	0.0	0.392	-0.284	0.0	-0.576	-0.315	0.232	0.0	-0.001	-0.551	-0.879	0.0	0.0	0.017	0.386	-0.1	-0.982	0.0	0.0	0.308	-0.697	-0.921	0.0	-0.114	-0.302	0.0	-0.542	-0.604	0.0	-0.095	-0.102	0.0	0.0	-0.061	0.0	0.0	0.0	-0.563	0.0	-0.276	0.0	-0.27	0.0	0.0	0.0
taxongroup_topic	She-572b_400_sheep-34	0.0	0.0	0.0	-0.144	0.0	0.0	0.0	-0.188	0.0	0.0	-0.787	0.0	0.0	0.0	0.0	0.0	0.0	0.0	0.0	0.0	0.0	-0.562	-0.485	0.0	0.136	0.0	0.0	0.0	0.304	0.274	-0.363	-0.111	0.0	0.0	0.0	0.0	0.0	0.0	-0.566	0.0	0.124	0.0	0.377	0.378	0.0	0.0	0.0	0.0	0.0	0.0	0.0	-0.662	0.0	0.0	-0.068	-0.586	0.111	0.0	0.0	0.0	0.0	0.0	0.0	0.0	0.0	0.0	-0.214	-0.124	0.0	0.0	0.4	0.459	0.0	0.413	-0.249	0.277	0.0	0.0	0.0	0.0	0.379	0.25	0.238	0.0	0.0	0.0	0.0	0.0	0.0	0.0
taxongroup_topic	She-572b_398_sheep-19	0.0	-0.051	0.0	-0.175	0.0	-0.133	0.125	0.0	0.045	-0.48	-0.473	-0.62	-0.523	-0.055	0.527	0.0	-0.515	-1.489	0.0	0.0	0.0	-0.41	0.0	-0.036	-0.296	-0.363	-0.212	0.499	0.0	0.0	-0.587	0.872	0.209	0.0	0.636	0.0	0.027	-0.51	0.0	-0.605	-0.154	0.0	-0.123	0.0	-0.726	-0.676	-0.695	0.0	0.0	0.0	0.549	-0.498	0.698	-0.224	0.0	-0.255	0.338	0.0	0.266	-0.541	0.006	0.0	0.819	0.0	0.759	0.548	-0.061	-0.403	-0.108	-0.586	0.109	-0.578	0.0	0.287	0.179	-0.261	0.0	0.0	-0.212	0.0	0.0	-0.03	0.0	-0.199	0.0	-0.325	0.441	0.298	-0.076	-0.114
taxongroup_topic	She-572b_398_sheep-8	0.0	0.443	0.37	-0.729	0.184	-0.331	-0.113	-1.001	0.881	0.029	0.252	0.0	0.581	-1.157	0.0	-0.855	0.759	-0.994	-0.268	0.245	0.0	0.0	-0.055	-0.295	-0.343	-0.855	-0.198	0.0	0.0	-0.347	-0.398	-0.459	-0.46	-1.04	0.358	-0.196	-0.624	0.017	0.0	-0.081	-0.127	0.0	-0.296	-0.115	0.083	-0.464	-0.668	0.0	0.0	0.02	0.507	-0.79	-1.038	-0.958	0.746	0.0	-0.229	0.0	-0.423	-0.741	-0.894	0.0	-0.545	0.0	0.0	0.181	-0.099	-0.145	-0.239	-0.576	0.0	-0.982	-0.05	0.086	0.129	0.0	-0.367	0.835	0.0	-0.161	-0.528	-0.694	0.082	-0.122	0.019	0.0	-0.11	-0.531	-0.192	-0.091
taxongroup_topic	She-572b_400_sheep-6	0.0	0.775	0.451	0.0	0.0	-1.217	-0.006	0.0	0.0	0.0	0.0	0.0	0.0	0.0	0.0	-0.051	-0.436	0.0	0.282	0.0	0.0	-0.388	-0.505	0.0	0.0	0.0	0.0	0.0	0.459	1.097	-0.516	-0.093	0.175	0.0	-0.468	0.0	0.0	0.0	0.0	-0.173	0.229	0.0	0.0	-0.41	0.062	0.0	0.0	-0.375	0.304	0.0	0.0	0.0	-0.638	-0.453	0.277	0.333	0.189	0.0	-0.097	0.0	-0.166	-0.149	0.0	-1.053	0.0	0.0	-0.006	0.0	0.0	-0.034	0.0	0.752	0.0	0.0	0.136	0.0	0.0	0.052	-0.061	-1.304	0.69	-0.791	-0.392	0.0	-0.48	-0.347	0.0	-0.008	0.28	-0.694
taxongroup_topic	Tig-9404_89_sheep-21	0.617	0.0	0.0	-1.307	-0.888	0.0	0.0	0.0	-0.16	0.0	-0.504	0.0	0.0	0.366	0.0	-0.7	0.0	5.13	-0.19	-2.801	-0.324	-1.177	0.0	-0.801	0.0	0.0	-0.229	0.065	-0.727	-0.973	-0.191	0.0	0.0	-1.267	0.0	2.392	0.0	0.0	0.0	0.0	-0.189	0.0	-0.672	0.0	0.0	-0.217	-0.421	0.126	0.0	1.157	-0.688	0.426	0.0	-1.582	-0.123	1.114	0.0	0.0	-0.149	-0.692	-0.846	-1.039	-0.139	-1.179	-1.155	-0.154	0.383	-0.232	-0.153	-0.479	0.0	1.684	0.3	-0.19	-0.197	0.0	-0.589	-0.193	-1.313	-1.09	0.0	-0.449	0.0	-0.993	-0.158	0.0	-0.122	0.0	-1.75	-1.21
taxongroup_topic	Kea-483e_68_sheep-34	0.097	0.0	0.331	0.0	-0.801	0.0	-0.133	-0.643	0.0	-0.401	0.0	0.0	-0.259	-0.03	-0.55	0.0	0.0	-0.371	-0.308	-0.226	0.0	0.0	-0.094	0.0	-0.288	0.0	-0.109	-0.017	-0.299	0.0	0.0	0.0	0.0	-0.16	0.0	-0.112	0.245	-0.241	0.0	-0.473	-0.183	0.0	0.0	-1.624	0.0	0.0	0.181	-0.228	0.0	0.197	-0.783	-0.233	-0.061	0.0	-0.643	-0.062	0.0	-0.133	0.0	0.696	0.137	-0.259	0.0	-1.431	0.0	-0.172	-0.906	0.0	-0.686	0.0	0.0	-1.102	0.0	-0.851	0.392	-0.315	0.0	0.0	-0.061	0.0	0.0	0.0	0.861	0.0	-0.109	0.0	-0.323	0.0	0.0	0.0
taxongroup_topic	Sno-0a8f_245_sheep-38	0.257	-0.327	0.72	-0.301	-1.105	0.0	-0.843	-0.643	0.02	-0.401	0.0	0.0	0.0	-0.878	-0.181	0.0	0.0	-0.089	-0.359	-0.135	-0.632	0.0	-0.051	0.0	-0.488	-0.752	-0.478	-0.344	0.033	0.0	0.453	-0.961	-0.727	-0.607	-0.301	-0.161	1.091	-0.117	-0.082	-0.868	-0.006	0.0	-0.568	-0.656	-0.051	0.0	1.006	-0.46	0.0	-0.087	0.656	-0.548	0.039	0.0	-0.551	-0.956	-0.195	0.0	0.163	0.851	0.137	-0.259	-0.159	-0.43	0.308	-0.504	-1.419	-0.739	-0.784	0.271	-0.248	-0.79	-0.034	-0.332	-0.899	-0.502	0.0	0.0	-0.389	0.344	0.0	0.0	0.428	-0.051	-0.109	0.0	0.702	-0.141	0.0	0.0
taxongroup_topic	Cou-56f5_112_sheep-23	-0.146	-0.778	0.0	-0.196	-0.629	0.0	0.0	0.0	-1.127	0.0	-0.287	0.0	-0.506	0.0	0.0	-0.318	0.0	2.487	-0.551	-2.273	0.0	0.0	0.0	0.0	-0.236	-0.109	0.386	0.0	-0.722	0.392	0.137	-0.259	-0.179	-0.132	-0.103	0.0	0.0	0.0	-0.19	-0.032	-0.107	0.061	-0.279	0.0	-0.082	-0.233	-0.558	0.0	0.0	-0.308	0.159	0.75	-0.863	-0.172	-0.069	-0.758	-0.643	0.0	0.0	0.0	-1.279	-0.239	0.586	-0.492	-0.731	-0.865	-0.602	-0.186	0.0	-0.319	0.0	0.0	0.245	-0.398	0.244	-0.656	-0.413	-0.039	-1.634	-0.161	0.0	-0.493	0.0	0.099	0.0	-0.133	-0.491	0.0	-0.076	0.445
taxongroup_topic	Tas-3df1_202_sheep-36	-0.551	-0.139	0.051	0.0	-1.089	0.0	0.228	-0.643	0.0	-0.179	0.0	0.0	-0.087	-0.366	-0.18	0.0	0.349	0.3	-0.539	0.457	-1.036	0.0	-0.05	0.0	0.426	0.0	0.0	-0.602	-0.657	-1.018	-0.535	0.166	-2.548	-1.798	-0.442	0.629	-0.138	-0.636	0.464	0.095	-0.905	0.0	0.227	-0.914	0.0	0.251	0.392	0.0	0.0	-0.301	-0.103	-0.112	-0.233	-1.203	0.114	-0.062	-1.018	0.245	0.306	-0.238	-0.886	-0.671	0.0	-0.244	-0.039	-0.172	-0.769	0.0	-0.416	-0.232	-0.863	-0.165	-0.579	-0.971	0.0	-0.324	0.0	-0.876	-0.203	-0.256	-0.564	1.336	-0.284	-0.201	-0.559	0.0	-0.679	0.0	0.0	-0.487
taxongroup_topic	Wes-7030_218_sheep-8	0.0	-0.799	0.393	0.0	-0.287	-0.489	-0.718	-0.229	-0.006	-0.675	0.399	0.0	0.0	-0.407	0.0	0.0	0.0	-0.4	-0.387	-0.03	0.0	-0.332	-0.426	-0.032	0.0	-0.342	0.0	-0.096	0.0	0.231	-1.405	0.0	-1.147	0.561	0.458	0.0	-0.999	0.0	0.0	0.0	0.0	0.0	-0.919	-0.729	-0.051	-0.235	-0.016	-0.861	-0.103	-0.369	0.0	-0.042	0.058	0.0	-0.551	-0.85	0.0	0.0	-0.492	0.386	-0.552	-0.259	0.643	-0.485	0.308	-0.697	-0.573	0.421	-0.482	0.0	-0.285	-0.542	-0.199	0.0	0.0	-0.018	0.0	0.0	-0.061	0.155	0.0	0.0	-0.559	-0.135	-0.109	0.0	-0.131	0.0	0.0	-0.05
taxongroup_topic	Ste-56e3_367_sheep-35	0.236	0.367	0.0	0.004	0.0	0.0	0.0	-0.561	-0.29	0.0	0.0	-0.542	0.0	-0.136	0.184	0.26	0.0	0.617	0.0	-0.729	-0.578	0.0	0.0	-0.53	0.0	-0.109	0.0	0.0	0.0	-0.157	-0.275	-0.259	-0.533	-0.468	0.0	0.085	0.0	0.0	-0.772	0.0	0.0	-0.072	0.0	-0.466	0.431	0.024	0.187	0.0	0.0	-0.235	0.0	-0.871	0.081	0.0	0.0	-0.061	-1.072	-0.043	0.0	0.0	0.423	0.0	-0.064	-0.302	-0.823	0.214	0.0	-0.485	0.0	0.0	0.0	0.0	-0.083	-0.194	-0.093	0.0	-0.343	0.0	-0.459	0.132	0.0	0.564	-0.551	0.0	0.0	-0.133	-0.491	-0.27	-0.171	-0.164
taxongroup_topic	Mam-3742_560_sheep-5	0.351	0.0	0.381	0.0	-1.189	-0.144	0.055	-1.429	-0.197	-0.218	0.0	0.0	0.0	-0.611	-0.233	0.264	-0.569	-0.451	-0.609	0.549	0.232	0.0	0.0	0.0	-0.363	0.0	0.0	-1.051	0.0	0.0	0.0	-0.697	0.0	0.013	-0.946	-0.134	-0.373	-0.731	0.0	-0.443	0.0	0.0	-1.498	-1.563	0.0	0.0	0.278	-0.443	0.0	-0.272	-0.03	-0.329	-0.477	0.0	0.0	-0.062	0.245	-0.03	0.0	0.697	-0.565	0.109	0.0	0.028	0.0	-0.172	-0.615	0.0	-0.575	-0.401	-0.33	0.109	0.0	0.0	0.0	-0.315	0.0	0.0	-0.061	0.0	0.0	0.0	-0.168	-0.032	-0.109	0.25	-0.537	0.0	0.0	0.0
taxongroup_topic	Bov-d455_23_sheep-21	0.617	-0.625	-1.433	0.0	-0.302	0.0	0.243	-0.694	-0.896	-0.344	-0.032	-0.182	0.42	0.161	0.0	-0.546	-0.38	0.538	0.369	-0.589	-0.367	-0.006	-0.575	-0.75	0.073	-0.542	0.0	0.0	0.0	0.152	-0.574	-0.173	0.392	-0.093	0.0	0.0	0.0	0.0	-0.302	0.0	0.0	-0.262	0.0	0.0	0.081	-0.117	-0.05	0.0	-0.032	0.0	0.0	0.141	-0.309	0.0	-0.109	0.0	-0.287	-0.726	0.0	0.0	-0.808	-0.385	0.187	0.0	-0.729	-0.315	-0.257	0.0	0.0	-0.643	-0.333	0.0	0.036	-0.191	-0.484	0.0	0.0	0.0	-0.76	0.0	0.0	0.0	0.0	-0.384	-0.54	-0.385	0.0	0.239	0.0	0.0
taxongroup_topic	Bov-d455_2_sheep-32	0.331	-0.061	0.0	-1.005	-0.302	0.0	-0.918	0.0	-0.172	-0.069	-0.353	0.0	-0.491	-0.03	0.0	0.022	0.0	0.538	0.0	-1.457	0.0	0.0	-0.22	0.0	0.0	0.0	0.0	0.0	0.0	0.0	-0.553	0.0	0.159	0.094	0.0	0.0	-1.375	-0.057	-0.803	0.245	-0.401	0.0	-0.407	0.0	0.0	0.074	-1.045	-0.388	0.218	0.142	0.0	-0.193	0.0	0.0	-0.109	-0.477	-0.315	0.0	0.177	0.0	-0.239	0.0	0.045	0.0	-0.801	0.0	0.115	0.0	0.0	-0.516	0.0	-0.102	0.036	-0.324	-0.006	0.0	0.0	0.144	-0.61	0.0	0.225	0.0	0.0	0.0	0.0	0.0	0.091	0.0	-0.859	0.0
taxongroup_topic	Mus-840b_2_sheep-11	0.401	-0.293	0.144	0.0	0.0	-0.152	0.0	0.0	0.0	0.106	-0.202	0.0	0.0	0.0	0.0	0.243	0.0	-0.113	0.0	0.0	0.0	-0.177	-0.712	-0.419	0.547	-0.456	0.183	0.0	0.0	-0.878	0.0	-0.083	0.0	-0.445	0.0	0.0	0.0	0.0	0.0	-0.088	-0.109	-0.389	-0.117	-0.488	0.413	0.0	0.0	0.037	-0.103	-0.185	0.0	0.0	-0.049	-0.559	-0.29	0.0	0.23	-0.81	0.0	0.0	-0.401	-0.253	-0.147	-0.496	0.0	0.0	-0.257	0.416	0.0	0.0	0.0	-0.348	0.0	0.076	0.0	0.0	0.271	0.0	-0.493	0.0	-0.27	0.184	0.0	0.0	-0.501	0.0	0.0	0.0	0.0	0.0
taxongroup_topic	Sca-7ebf_3_sheep-24	0.466	-0.061	0.0	-0.495	-0.812	0.0	0.0	-0.963	-0.334	-0.729	0.0	0.0	0.225	0.0	-0.028	0.065	0.0	2.1	0.0	-1.311	0.243	0.423	-0.061	-0.863	0.0	-0.062	0.0	0.0	0.0	0.0	-1.093	0.0	0.791	-0.039	0.0	0.0	0.0	0.038	-0.832	0.138	-0.451	0.0	0.131	-0.523	-0.494	-0.324	-1.202	-0.564	0.0	-0.108	0.003	0.0	-0.028	-0.436	-0.109	-0.233	0.0	-0.006	0.0	0.0	-0.266	0.0	-0.313	0.0	-0.672	-0.909	0.0	-0.005	0.0	-0.643	-0.609	0.0	-0.344	-0.911	-0.363	0.126	0.0	0.0	-1.496	-0.103	-0.484	-0.297	-0.35	0.382	-0.229	0.0	0.0	0.0	0.0	-0.348
taxongroup_topic	Spr-39f8_126_Springbok-1	0.0	0.0	0.0	-0.247	-0.623	0.068	-0.622	0.0	0.352	-0.309	-0.521	0.0	0.0	0.461	0.0	-1.157	0.059	0.0	-0.364	0.185	-0.319	-0.62	0.0	0.0	0.0	-0.29	0.0	-0.059	0.0	-0.347	-0.006	0.0	0.329	0.0	-0.365	0.0	0.063	-0.194	-0.027	0.882	0.0	-0.143	0.0	0.0	0.0	-0.152	-1.133	-0.137	-1.042	0.0	-0.48	0.082	-0.41	-0.512	-0.198	-0.915	-0.708	0.0	-0.079	-0.363	0.303	0.069	0.426	0.0	-0.268	-0.376	-0.325	0.0	-0.277	0.0	0.0	-0.921	0.02	0.0	-0.65	0.0	-0.729	0.0	0.0	0.319	-0.48	0.0	0.0	0.0	-0.312	0.0	0.0	-0.477	-0.533	0.141
taxongroup_topic	Spr-39f8_140_Springbok-1	-0.208	-0.452	-1.265	-2.234	0.0	0.533	-0.821	1.691	0.0	0.259	0.0	-0.22	-0.422	-0.784	-0.503	0.0	-0.886	0.0	0.0	1.083	0.0	-0.132	-0.554	0.0	0.0	0.0	-1.102	-0.494	0.0	0.057	-1.707	0.0	-1.381	0.0	0.0	0.0	0.0	0.0	0.123	0.0	-0.378	0.0	0.0	0.0	-1.097	1.183	0.0	-0.489	0.0	-0.102	0.0	0.0	-1.057	-1.119	-0.587	-0.343	-0.867	0.0	0.0	-1.32	0.0	0.0	0.0	0.0	0.0	0.0	0.0	0.254	0.0	-1.338	0.333	-0.172	0.0	0.0	0.0	0.0	0.0	0.0	-0.948	0.0	-0.467	0.0	0.0	-1.045	0.0	0.0	0.0	0.0	0.0	0.0
taxongroup_topic	Dam-2357_169_Topi-4	0.0	0.0	0.0	0.0	0.0	0.0	0.0	-0.069	-0.526	0.0	0.0	0.0	0.0	0.0	0.0	0.0	-0.286	0.0	0.0	-0.515	0.166	0.0	0.0	0.0	0.0	0.0	0.0	0.0	0.295	0.0	0.0	0.0	0.317	0.0	0.0	0.143	0.0	0.269	-0.444	0.369	0.0	0.0	-0.3	0.339	0.0	0.0	-0.163	0.0	0.0	0.0	0.0	-0.819	0.0	0.291	-0.087	0.0	0.191	0.101	0.0	0.0	0.0	0.0	0.0	0.0	-0.061	0.621	0.0	0.619	0.0	-0.258	0.039	-0.015	0.0	-0.305	0.0	0.0	0.0	0.032	0.0	0.0	0.0	0.0	-0.304	0.0	0.0	0.0	0.0	0.0	0.0	0.0
taxongroup_topic	Cap-9b25_23_ibex-2	0.0	0.0	0.345	-0.376	-1.134	0.0	-1.145	0.089	0.0	-1.07	0.309	0.0	0.134	0.18	0.0	0.0	-0.649	-1.064	0.0	0.0	-0.128	0.136	0.0	-0.548	0.683	-0.522	0.058	-0.604	0.0	-0.531	-0.213	-0.41	0.049	-0.465	-0.06	-0.45	0.425	0.0	-0.151	0.0	-0.01	0.0	-0.123	0.0	0.103	0.0	-0.124	0.02	-0.544	0.0	0.995	-1.114	-0.595	-0.637	0.305	-0.115	-0.869	0.0	0.397	-0.133	-0.688	0.0	0.0	-0.624	0.18	0.0	0.334	-0.339	0.121	0.0	-0.404	0.0	0.0	-0.122	1.133	-0.176	0.0	0.0	1.476	0.236	0.0	0.0	0.121	-0.844	-0.332	0.0	1.149	-0.624	-1.022	0.0
taxongroup_topic	Cap-9b25_23_ibex-8	0.0	-0.012	0.41	0.103	-1.76	-0.633	-0.674	-0.566	0.412	-0.219	0.0	-0.799	-0.824	-0.534	0.134	0.0	-0.213	-0.241	0.121	0.0	-0.482	0.0	-0.449	0.0	0.161	0.0	-0.217	-0.464	0.639	-1.271	-0.308	-0.748	0.273	-0.262	0.0	0.0	0.0	-0.45	0.0	0.462	0.298	-0.768	-0.226	0.0	-0.595	0.0	-0.412	0.089	0.0	-0.029	0.668	0.692	-0.05	-0.663	0.0	-0.871	-0.244	-0.579	0.0	-0.471	-0.133	0.0	-0.348	0.0	0.0	-0.306	0.0	0.643	-0.375	0.0	0.0	-0.849	0.305	0.0	0.706	-0.151	-0.272	0.0	0.509	-0.599	0.683	0.0	0.0	0.289	0.0	0.0	1.128	0.0	-0.006	0.861
taxongroup_topic	Aur263f_8_cattle-5	0.0	0.0	0.0	0.0	0.789	-0.095	-0.592	-0.257	0.0	-0.274	-0.228	0.0	0.0	0.0	-0.507	0.0	0.057	0.0	0.0	0.0	-0.183	0.0	0.0	-0.131	0.0	0.103	0.0	-0.071	-0.592	0.0	0.0	0.0	0.12	0.258	0.0	0.0	-0.294	-0.357	0.0	0.548	0.0	0.0	0.0	0.0	0.0	0.0	-0.464	0.0	-0.318	0.0	0.0	-0.071	0.0	0.0	0.195	-0.232	-1.212	0.0	0.177	-0.605	0.165	0.0	-0.816	-0.094	-0.473	0.338	0.0	0.0	0.0	0.177	0.0	-0.305	0.0	0.182	0.0	0.182	0.401	-0.507	0.0	-0.195	0.0	0.27	-0.414	0.454	-0.019	-0.516	0.0	-0.115	-0.281	0.0
taxongroup_topic	Wat-9861_114_buffalo-3	0.092	0.0	-0.456	0.084	0.0	-1.017	0.481	-0.566	0.352	-0.309	-0.197	0.084	0.0	-0.534	-0.281	-0.068	0.0	0.0	0.0	0.245	0.0	0.0	-0.761	0.0	-0.431	-0.855	0.0	0.009	0.0	0.569	0.0	0.0	-0.241	-0.903	0.0	0.0	-0.254	0.0	0.0	0.498	0.298	-0.782	0.0	0.0	0.0	0.186	-0.734	0.0	-0.248	-0.856	0.0	-0.15	-0.234	0.0	-0.198	-0.133	-0.062	0.0	0.0	-0.404	-0.312	0.0	-0.005	0.0	0.0	0.0	0.0	-0.555	-0.38	0.0	0.0	-0.232	0.36	0.0	-0.292	0.0	0.146	0.0	0.0	0.0	-0.528	0.0	0.0	-0.956	0.0	-0.988	-0.404	-0.366	-0.006	-0.046
taxongroup_topic	Wat-9861_259_buffalo-13	-0.36	-0.349	0.295	-0.456	-0.392	-0.815	-0.162	-1.047	0.528	-0.327	0.109	-0.831	0.0	-0.534	-0.305	-0.623	0.0	-0.129	0.0	0.245	-0.523	0.0	-0.357	0.0	-0.253	-1.334	-0.359	-0.637	-0.41	0.303	0.077	-0.106	-1.022	-1.744	0.0	0.0	0.02	0.0	0.0	0.481	0.298	0.0	0.0	0.0	-0.224	0.052	-0.26	-0.142	-0.751	-0.091	0.0	-0.643	-0.664	0.0	0.109	0.292	0.301	0.0	0.0	0.132	0.252	-1.226	-0.583	-0.13	0.0	0.0	0.0	-0.501	-0.386	-0.006	0.0	-1.187	0.0	-0.29	-0.046	0.0	0.236	0.0	0.0	0.0	-0.528	0.0	0.0	-0.542	-0.061	-0.53	-0.783	-0.503	-0.006	-0.008
taxongroup_topic	Wat-9861_274_buffalo-5	-0.36	0.0	0.07	-0.055	0.0	-1.168	-0.884	-0.566	0.352	-0.465	-0.041	-0.359	0.0	-0.534	-0.305	-0.624	0.0	0.0	0.0	0.245	0.0	0.0	-0.572	0.0	-0.184	-1.334	0.0	-0.698	0.0	-0.103	0.077	0.639	-0.68	-0.997	0.0	0.0	-0.224	-0.193	0.0	0.717	0.298	0.0	0.0	0.0	0.0	0.052	-0.474	0.0	-0.321	-0.306	0.0	-0.75	-0.05	0.251	-0.198	0.045	0.301	0.0	-0.081	0.132	0.108	0.0	-0.116	0.0	-0.333	0.0	0.0	0.126	-0.386	0.0	0.0	-1.187	0.0	-0.053	-0.046	0.0	0.439	0.0	0.0	0.0	-0.528	0.0	0.0	-0.578	0.0	-0.403	-0.45	-0.745	-0.026	0.139
taxongroup_topic	Wat-9861_112_buffalo-6	-0.14	-1.487	0.974	-0.03	-0.19	-0.68	0.0	-0.752	-0.12	-0.766	-0.046	0.25	-0.001	-0.534	0.277	-0.044	0.0	-0.414	0.0	0.005	-0.491	0.423	0.0	-1.716	-0.351	0.032	0.0	-0.006	0.0	0.338	0.0	-0.039	0.0	-1.574	-0.612	-0.998	-0.617	-1.679	-0.183	-0.694	-0.234	0.0	-0.672	-0.445	1.004	0.0	-0.662	0.337	0.0	0.0	0.226	-1.089	-1.183	-0.198	0.0	0.0	-0.074	0.0	0.031	0.0	0.285	0.269	0.103	-0.66	0.352	-0.536	-0.551	0.0	-0.009	0.0	0.0	-1.281	-0.48	0.0	-0.325	0.259	-0.513	0.803	-0.847	0.65	0.0	-0.694	-0.228	0.0	0.0	-0.878	0.352	0.0	-0.006	0.0
taxongroup_topic	Bov-01d4_16_buffalo-3	0.0	0.094	-2.783	0.0	-0.034	1.497	-0.489	-0.287	0.0	0.0	0.0	0.0	0.0	0.0	-0.408	0.0	0.0	-1.772	0.263	2.026	0.0	-0.377	0.322	0.0	-1.021	0.032	-0.186	-1.491	-2.721	-0.362	-0.504	0.0	-0.852	-0.015	0.276	0.0	0.0	-0.504	0.033	0.0	0.376	0.0	0.13	-2.559	0.0	0.0	0.709	-0.02	0.0	-0.455	0.972	-0.346	0.0	0.0	0.099	0.0	0.208	0.0	0.649	2.984	0.0	-1.173	0.0	-0.437	0.0	0.0	-0.378	0.0	0.0	3.162	0.0	-0.616	0.489	0.0	-0.434	0.0	0.0	0.0	-0.608	-2.588	-0.099	0.0	0.0	-0.099	-0.218	0.0	0.074	0.0	0.0	-0.324
taxongroup_topic	Bov-01d4_16_buffalo-9	0.784	-0.258	-0.384	0.0	-0.427	0.0	0.0	0.0	-0.53	-2.683	-0.005	0.0	0.0	-0.415	-0.096	-1.817	-0.285	3.38	0.0	-1.832	0.0	0.0	0.0	-0.455	0.0	-0.218	0.0	0.0	0.0	0.583	-0.685	0.507	0.094	-0.625	0.0	-2.867	-0.102	-0.532	-0.099	0.619	0.0	0.134	0.0	0.0	0.0	-0.222	2.702	0.0	0.455	0.189	0.65	-0.072	0.0	0.0	0.126	-0.931	-0.287	0.0	0.612	0.028	-1.39	0.0	-0.086	-0.015	-0.542	-0.015	-0.365	0.0	0.0	-0.218	-0.469	0.0	0.472	0.018	1.367	0.0	0.0	0.0	0.353	-0.113	0.0	0.0	-2.514	-0.12	0.0	0.134	-0.477	0.0	0.0	0.583
taxongroup_topic	Wat-9861_312_buffalo-25	0.0	-0.458	0.0	0.0	0.16	-0.414	-0.183	-0.475	0.0	0.0	0.0	0.0	-0.075	0.0	0.0	-0.595	0.0	0.0	0.0	0.0	0.0	-0.076	0.27	-0.545	-0.593	-0.453	0.0	-0.377	0.0	-0.788	0.0	-0.448	-0.582	0.088	0.0	-0.509	0.0	0.0	0.0	0.0	-0.339	0.0	-0.467	-0.729	0.0	0.0	0.0	-0.621	0.0	0.0	0.0	-0.275	0.0	0.0	-0.646	0.0	0.649	0.0	-0.094	-0.339	0.0	0.0	0.381	0.504	0.0	0.358	0.0	-0.018	0.0	0.439	0.0	0.46	0.0	0.077	0.0	0.0	0.242	-0.19	0.103	0.0	0.083	0.0	-0.228	0.0	0.0	-0.497	0.0	0.0	0.0	0.0
taxongroup_topic	Afr-324e_15_buffalo-23	-0.115	-0.718	-0.348	0.0	0.387	-0.573	-0.585	0.116	-1.483	-0.758	0.0	-0.38	-0.473	0.248	-0.253	-1.577	-0.797	-0.321	-0.549	-0.027	0.0	-1.126	-0.544	-0.431	-0.198	-0.716	0.049	-0.881	0.0	-0.689	-1.144	-0.095	0.365	-0.398	-0.785	-0.183	-0.788	0.378	-0.464	-0.433	-0.16	0.382	-0.335	0.0	0.0	0.354	-0.459	0.0	-1.003	-0.918	0.237	-0.346	-0.54	-1.251	-0.708	-0.628	-0.55	-0.182	-0.367	0.068	-0.355	0.352	-1.356	-0.802	-0.482	0.0	-0.816	0.0	-0.932	-0.143	-0.491	-0.347	-0.112	0.04	0.0	-0.4	-0.139	-0.482	-0.099	-0.747	-0.706	0.0	0.0	-0.577	-0.024	0.281	0.282	-0.109	-0.1	0.688
taxongroup_topic	Bov-d455_264_buffalo-27	-1.54	-0.278	1.057	-0.538	-0.935	0.432	0.253	0.041	-0.644	-0.085	0.0	0.34	0.163	0.297	-0.724	-0.117	-1.864	-0.525	0.327	0.088	-0.397	-0.225	0.0	0.174	0.157	-0.099	0.0	-0.237	0.408	-0.518	-0.654	-0.784	-0.441	-0.687	-0.398	-1.089	-0.842	0.04	-0.098	-0.774	-0.184	-0.166	-0.006	0.0	-0.602	0.231	-0.284	-1.377	-0.702	-0.5	1.161	-0.719	-0.05	-0.375	0.315	-0.334	-0.598	-0.421	-0.67	0.193	-0.971	0.125	-0.059	0.65	0.168	-0.836	-0.755	0.344	-0.967	-0.07	-0.45	-0.81	0.028	0.0	-0.07	-0.093	0.0	0.048	0.0	-0.092	0.0	0.0	-0.636	-0.099	-0.093	-0.126	-0.537	0.0	-0.777	0.617
taxongroup_topic	Bov-d455_264_buffalo-21	-0.875	0.051	-0.127	-0.847	-0.317	-0.137	-0.772	-0.951	-1.152	-0.968	-1.001	-0.209	0.733	-0.752	-0.31	0.442	-0.018	0.375	-0.552	0.846	-0.038	-0.122	0.0	0.007	-0.859	-0.177	-0.574	-0.24	-0.33	-0.628	-0.831	0.099	-1.887	-1.017	-0.509	-1.078	0.0	0.0	-0.409	-1.048	0.402	-0.721	-1.1	-1.738	-0.248	-0.583	-1.148	0.333	0.507	-1.113	0.65	-2.266	-2.715	-0.203	-1.092	-0.133	-0.036	-0.102	0.4	0.938	-1.099	-1.131	-1.429	-0.33	0.0	0.0	-0.178	-0.557	-0.543	-0.602	-0.766	-1.073	-0.463	-2.51	-0.046	-0.352	0.225	0.015	-0.615	-0.194	-0.006	0.09	-0.643	-0.649	-0.523	-0.607	0.67	2.814	-2.312	0.15
taxongroup_topic	Chi-6eec_28_buffalo-25	-0.117	-0.122	-0.231	-0.238	-0.604	0.0	0.0	-0.104	-0.674	0.0	0.0	0.0	0.0	0.0	0.0	-1.827	0.0	0.713	-0.79	-2.153	-0.831	-0.046	0.0	-1.032	0.204	-0.198	-1.02	0.0	0.0	-0.466	-1.605	-0.234	0.485	-0.708	0.0	0.0	0.0	-0.445	-0.779	0.0	-1.22	0.0	0.256	-0.613	0.0	0.013	0.776	0.0	-0.236	-0.302	0.762	-0.027	0.179	0.0	-0.219	0.0	0.0	-0.08	0.0	0.068	-1.14	0.0	-0.689	0.0	-0.3	-0.826	0.139	0.344	0.0	-1.285	0.0	0.0	0.201	-0.704	0.721	0.0	-0.047	-0.48	-3.1	-0.463	0.0	-0.023	0.0	0.497	-0.347	0.119	-0.78	-0.325	0.0	0.0
taxongroup_topic	Dom-6f87_103_sheep-3	0.718	-0.759	0.381	-0.431	-0.115	0.44	0.0	0.099	0.882	-0.31	-0.176	-1.329	0.0	-0.777	-0.237	0.0	-0.305	-0.293	0.459	-0.094	0.0	-0.512	0.443	0.161	-0.909	-0.383	-0.007	-0.251	-0.188	-0.635	0.0	0.0	0.0	0.0	0.365	0.0	0.0	-1.076	-0.621	-0.476	-0.228	-0.213	-0.931	-1.233	-0.307	0.082	0.0	0.183	0.0	-0.184	-1.046	0.0	-0.094	0.0	0.0	-0.55	0.0	0.278	0.0	-0.052	0.0	0.0	0.487	-0.604	0.0	-0.306	-0.586	-0.633	-0.021	0.103	-0.312	-0.506	-0.446	-0.519	0.459	0.039	-0.3	-0.473	0.0	-0.642	-0.494	-0.257	-0.768	0.0	-0.621	0.234	0.0	-0.315	0.255	0.874
taxongroup_topic	Big-0af3_40_sheep-22	0.03	0.0	0.393	0.959	-0.027	0.0	-0.263	-0.261	-0.829	-0.163	0.759	0.0	0.0	0.282	0.0	-0.959	0.0	0.594	-0.29	0.0	-0.314	0.0	-0.032	-0.635	0.0	0.211	0.0	-0.463	0.0	-0.281	-0.249	-0.53	-0.414	-0.878	0.0	0.0	0.43	0.0	-0.294	0.0	-0.442	0.0	0.0	-0.055	-0.094	0.0	0.0	0.0	0.414	-0.07	0.0	0.768	0.0	0.0	-1.122	-0.939	-0.673	-0.162	-0.473	0.0	-0.177	-0.142	0.0	-0.495	0.338	-0.563	0.103	-0.076	-0.255	-0.156	-0.11	-1.325	-0.111	0.358	0.445	-0.018	0.0	-0.713	0.162	-0.044	0.0	-0.346	-0.374	-0.043	-0.902	0.0	0.422	0.0	0.0	0.0
taxongroup_topic	Big-0af3_113_sheep-13	0.0	0.0	0.16	0.0	-1.09	0.0	0.1	-0.056	-0.006	-0.258	-0.617	0.0	0.0	0.006	0.0	0.0	0.0	0.0	0.48	0.0	0.0	-0.481	-0.032	-0.196	0.0	0.0	0.0	0.0	0.0	0.0	0.096	0.0	-0.523	0.601	0.024	0.0	0.329	0.0	0.0	0.221	0.0	0.283	0.0	0.0	-0.051	0.0	0.0	-0.536	-0.574	-0.448	0.391	0.276	0.0	0.158	-0.551	-0.856	0.0	-0.625	0.024	0.0	-0.365	0.0	0.372	0.0	0.068	-1.044	-0.061	0.0	0.355	0.0	0.0	-0.542	-0.283	0.0	-0.255	-0.018	0.0	0.0	0.0	-0.626	0.0	-0.12	0.154	0.0	0.0	0.0	0.0	0.0	-0.489	0.0
taxongroup_topic	Big-0af3_33_sheep-14	0.0	-0.852	0.414	0.0	0.328	0.0	-0.313	-0.161	-0.4	0.0	0.0	-0.257	0.0	0.0	0.0	0.0	0.0	0.0	0.33	0.002	-0.197	-0.214	0.0	-0.438	0.0	0.098	0.0	-0.367	-0.364	0.0	0.091	0.268	0.0	0.518	-0.55	0.0	-0.433	-0.378	0.0	0.305	-0.741	0.361	0.0	-0.329	0.0	-0.608	0.0	0.0	-0.238	-0.462	-0.226	0.0	0.0	0.477	0.035	0.0	-1.202	0.0	-0.469	0.62	0.512	0.297	-0.962	0.348	0.0	0.0	0.0	-1.041	-0.485	-0.502	-0.205	0.0	0.0	0.29	0.548	-0.746	0.0	0.0	0.197	-1.004	0.0	0.0	-0.165	0.0	-0.434	-0.113	0.269	-0.145	-0.356	-0.442
taxongroup_topic	Big-0af3_40_sheep-13	0.0	-0.182	-0.299	-0.032	-0.438	-0.104	-0.807	-0.182	-0.62	0.007	0.0	0.535	0.725	0.0	0.006	0.0	0.346	-0.401	-0.452	0.0	-0.816	0.0	-0.448	-0.449	-0.338	-0.495	-0.592	-0.056	0.676	-0.762	0.0	0.0	0.0	0.0	0.439	0.0	-0.049	0.0	-0.118	0.759	0.103	-0.137	0.0	-0.055	-0.183	-0.333	0.0	0.0	0.0	0.933	0.0	0.0	0.0	-0.225	0.192	-0.848	-0.347	-0.346	-0.234	-0.054	0.0	-0.055	-0.177	0.0	-0.611	0.02	-0.094	0.0	0.031	0.0	0.695	0.0	-0.457	0.006	0.0	0.085	0.0	-0.044	0.0	0.0	-0.516	0.0	-0.53	0.0	-0.369	0.498	0.0	-0.161	0.0	-0.249
taxongroup_topic	Big-0af3_119_sheep-20	-0.403	0.559	0.443	-0.067	-0.508	0.0	-1.09	-0.566	0.245	0.268	0.0	0.56	0.0	-0.08	0.349	0.0	0.0	0.394	0.0	0.0	0.0	0.0	0.0	-0.414	0.0	0.0	0.0	0.0	-0.262	0.0	0.0	0.0	0.0	-0.398	0.0	0.0	0.29	-0.264	0.0	0.0	0.298	0.0	0.0	0.064	-0.996	0.0	0.0	0.599	0.0	-0.716	-0.608	0.0	-0.05	0.0	0.0	-0.663	0.0	0.0	0.0	-0.473	0.448	0.0	-0.733	-0.183	0.0	-0.698	0.0	-0.264	-0.45	0.148	-0.094	-0.428	0.0	0.0	-0.215	0.083	0.0	0.0	0.0	0.0	-0.02	0.0	0.0	0.0	0.0	-0.253	0.0	-0.364	-0.006	0.274
taxongroup_topic	Big-0af3_33_sheep-4	0.0	0.0	0.0	0.0	0.695	0.0	0.0	-0.161	0.0	0.0	0.0	0.0	0.0	-0.125	0.0	0.0	0.0	0.0	0.0	0.0	0.0	0.0	0.0	-0.516	0.0	0.0	0.0	0.0	0.0	0.0	0.0	0.0	0.0	0.0	0.0	0.0	-0.237	0.0	0.0	0.0	-0.512	0.0	0.0	0.0	0.0	0.0	0.0	0.0	-0.497	0.0	0.0	0.0	0.0	0.0	-0.062	0.0	-0.39	0.0	0.0	0.0	0.0	0.0	0.0	-0.063	0.0	0.0	0.675	0.0	0.0	0.0	0.0	0.0	0.0	0.085	0.0	0.077	0.0	0.0	0.0	-0.086	0.0	0.0	-0.054	0.0	-0.072	0.0	0.0	0.0	0.0	0.0
taxongroup_topic	Big-0af3_6_sheep-28	0.906	0.0	0.309	0.092	-0.651	0.0	0.0	-0.974	-0.313	-0.992	0.0	0.0	-0.455	-1.021	0.366	-0.473	-0.536	-0.187	0.0	-0.08	0.0	-0.598	0.0	-0.582	0.339	-0.109	0.0	-0.405	0.0	0.392	-0.006	-1.03	0.444	-0.453	0.0	-0.34	-1.578	0.0	-0.726	0.0	0.298	-0.08	0.0	-0.246	-0.582	-0.076	0.206	-0.392	-0.074	0.413	0.0	-0.551	-0.374	0.044	0.0	-0.009	-0.643	0.0	-0.441	0.0	-0.83	0.0	-0.83	-0.302	-0.295	-0.856	0.145	-0.202	-0.689	0.0	0.0	-0.478	-0.199	0.08	0.053	-0.404	0.0	0.0	0.679	-0.779	0.0	0.0	0.0	0.0	0.0	-0.133	-0.491	-0.578	0.656	0.0
taxongroup_topic	Big-0af3_125_sheep-17	0.0	0.0	0.0	0.41	-0.229	0.0	0.37	-0.632	0.045	-0.3	0.094	0.0	0.0	-0.534	0.003	-0.65	-0.306	-0.24	0.0	0.117	-0.004	0.0	0.0	-0.757	0.0	-0.787	-0.181	0.14	-0.725	0.0	-0.346	0.798	-0.184	-0.544	0.0	0.0	0.0	0.0	0.0	-1.075	0.283	0.0	0.0	0.0	-0.393	0.366	-0.417	0.0	0.0	0.0	0.0	-1.105	-0.05	-0.091	-0.043	-0.172	-0.376	0.0	0.0	0.0	0.222	0.0	0.201	0.0	-0.512	-1.083	-0.382	-1.189	-0.38	-0.342	0.0	-0.578	-0.164	0.0	0.0	0.0	0.0	-0.31	-0.213	0.0	0.0	0.0	0.0	0.0	0.0	0.0	0.0	0.344	-0.636	-0.082
taxongroup_topic	Big-0af3_18_sheep-4	-0.413	-0.172	0.0	-0.243	0.0	-1.017	0.152	0.0	-0.185	0.0	-0.209	-0.385	0.0	-0.325	0.827	0.0	-0.333	0.0	0.135	0.0	0.0	0.0	0.0	0.202	-0.579	0.138	-0.188	-0.213	0.42	-0.329	0.0	0.0	0.0	0.0	0.0	-0.153	-0.197	-0.256	-0.325	0.811	-0.516	-0.096	0.0	-0.061	0.0	0.0	-0.402	0.0	0.0	0.0	0.0	0.0	0.0	0.782	-0.103	0.0	0.261	-0.182	0.057	0.0	0.0	0.0	0.0	0.0	-0.001	-0.277	-0.358	0.451	0.0	0.0	0.0	0.0	0.0	0.0	-0.46	-0.395	0.0	0.0	0.846	1.202	0.0	0.0	0.0	0.0	0.0	0.0	0.0	0.0	-0.129	0.0
taxongroup_topic	Big-0af3_30_sheep-33	0.811	0.0	-0.256	-0.36	1.223	0.0	-0.387	-0.161	0.152	0.055	0.0	0.109	0.0	-0.125	0.0	-0.182	-0.228	0.0	0.0	0.0	-0.564	0.0	0.0	-0.805	0.0	-0.109	0.0	0.0	0.0	0.7	0.064	-0.203	0.0	-0.702	-0.458	0.0	-0.016	-0.187	-0.39	0.0	-0.512	0.0	0.0	0.0	0.0	-0.97	0.0	0.423	-1.244	0.262	0.0	0.846	0.135	0.29	-0.062	-0.061	-1.032	0.0	0.0	0.0	-0.773	0.0	-0.1	-0.365	-0.185	0.0	0.349	-0.156	0.0	0.12	0.0	0.0	0.0	-0.326	0.0	0.077	0.0	0.0	-0.57	-0.086	0.0	0.421	-0.054	0.0	-0.072	-0.133	-0.689	0.0	0.0	0.0
taxongroup_topic	Big-0af3_108_sheep-16	0.0	-0.274	0.0	0.0	-0.006	0.0	0.0	-0.566	0.0	0.0	0.103	0.0	0.0	-1.262	0.531	0.0	0.0	0.0	0.0	0.069	0.338	-0.103	0.0	0.0	0.0	-0.417	0.0	-1.09	0.0	0.325	-0.23	0.0	0.0	-0.398	-0.414	0.0	0.0	0.774	0.0	-0.201	0.298	0.0	0.0	0.0	0.0	-0.172	0.0	0.0	0.806	0.0	-0.913	0.0	-0.05	0.0	0.0	-0.366	0.0	0.0	0.0	0.0	0.0	0.112	0.303	0.0	0.0	-0.487	-0.621	0.0	-0.38	-0.473	0.0	0.079	-0.444	0.0	0.45	0.0	0.0	0.0	0.0	-0.16	0.0	0.273	-0.127	0.0	0.0	0.19	0.0	-0.037	-0.006	-0.081
taxongroup_topic	Big-0af3_59_sheep-3	-0.229	-0.021	1.289	-1.028	-0.096	0.114	-0.648	0.0	0.0	-0.114	0.0	0.0	0.0	0.0	-0.251	0.419	0.0	-1.193	0.0	0.0	0.0	0.0	0.0	-0.284	-0.786	0.0	-0.271	0.0	-0.008	0.0	0.0	-0.021	-0.071	-0.435	0.0	0.0	0.0	-0.21	0.0	0.2	0.0	0.0	-0.17	0.0	-0.118	-0.288	-0.363	-1.069	0.012	-0.502	0.0	-0.653	-0.456	-0.656	0.0	-0.439	-0.624	0.234	0.067	-0.748	0.553	-0.437	-0.735	-0.564	0.0	-0.385	0.0	-0.854	0.619	-0.343	-0.214	-0.66	-0.516	-0.195	0.34	0.05	-0.315	0.0	-0.293	0.0	0.0	0.0	0.0	0.0	-0.055	-0.076	0.0	-0.774	0.0	0.0
taxongroup_topic	Big-0af3_47_sheep-3	0.187	0.0	0.0	0.0	-0.189	-0.755	0.0	-0.064	0.0	-0.174	0.0	0.0	0.0	0.0	-0.263	-0.572	0.229	-0.271	0.0	-0.404	0.0	0.0	0.025	0.0	-0.241	0.0	0.0	-0.715	-1.063	0.0	-0.345	-0.477	-0.288	0.0	0.0	0.0	0.0	0.0	0.0	-0.801	0.0	-0.41	-0.571	0.0	-1.835	-0.353	-0.643	0.0	0.002	0.0	0.421	-2.362	0.0	-1.381	0.0	-0.623	-1.271	0.0	0.0	-0.026	-0.384	0.257	0.0	0.0	0.0	-0.393	-0.187	0.0	-0.242	0.0	-1.893	-0.405	0.0	-0.133	-0.363	0.064	0.209	-0.264	0.0	-0.244	0.0	-0.162	0.0	0.253	0.0	0.0	0.043	-0.652	0.0	0.0
taxongroup_topic	Big-0af3_21_sheep-3	-0.117	-0.044	1.089	-0.609	0.207	0.0	-0.348	-0.134	0.0	-0.235	0.0	0.0	0.0	-0.299	0.0	0.0	0.0	-1.333	-0.204	-0.097	0.0	0.0	0.0	-1.53	-0.134	0.0	0.138	-0.495	-0.47	0.0	0.0	0.616	0.0	-0.328	0.0	0.0	-0.176	0.0	-0.816	0.194	1.182	0.0	0.0	0.0	-0.413	0.0	-0.473	0.0	0.0	-0.193	0.0	-0.372	0.0	0.0	-0.113	0.246	0.974	0.0	0.642	-0.399	0.433	-0.025	-1.116	0.0	0.0	0.0	0.0	0.712	0.0	0.0	0.0	-0.563	-0.266	0.202	0.046	0.0	0.0	0.059	0.12	0.078	-0.79	0.0	0.0	0.0	-0.214	-0.252	0.226	-0.443	0.0	0.381
taxongroup_topic	Big-0af3_19_sheep-4	0.0	0.0	-0.212	0.599	0.0	-0.205	-0.268	-0.873	0.0	0.0	0.0	0.0	0.404	-0.109	-0.231	0.0	0.0	0.335	0.371	-0.061	0.0	0.0	0.0	0.0	0.0	0.0	-0.197	0.145	0.0	0.726	-0.346	0.0	-0.429	-0.394	0.0	0.0	0.717	0.0	0.0	0.0	-0.468	-0.144	0.0	-0.225	0.0	-0.31	-0.093	0.839	0.0	-0.666	0.839	-0.279	0.0	0.0	0.0	0.0	0.0	0.0	-0.031	0.719	-0.299	-0.688	0.0	0.0	-0.052	-0.586	-0.304	0.0	0.0	0.0	0.0	-0.429	-0.352	-0.199	0.193	0.0	-0.216	0.022	-0.301	0.0	0.0	0.464	-0.279	-0.299	-0.414	-0.294	0.0	0.0	0.0	0.0
taxongroup_topic	Big-0af3_32_sheep-4	-0.043	-0.072	0.278	-0.239	0.408	0.048	-0.274	0.23	0.0	0.0	-0.762	-0.263	-0.502	-0.06	0.0	1.069	0.0	-0.293	0.0	0.297	-0.172	-0.551	0.0	-0.601	0.0	-0.051	0.0	-0.429	0.603	-0.404	0.0	0.0	-0.006	0.692	0.0	-0.483	-0.213	0.141	-0.665	-0.466	-0.076	0.0	0.0	-0.215	0.0	0.0	0.428	0.0	-0.373	0.0	-0.325	0.0	-0.494	0.193	-0.512	0.052	0.193	0.196	0.0	0.0	-0.298	0.0	-0.294	0.0	0.0	0.0	-0.382	0.414	0.0	1.678	0.0	-0.061	-0.285	-0.261	0.451	0.0	0.0	-0.523	0.202	0.0	-0.206	0.0	0.0	0.0	-0.595	0.0	0.607	-0.438	-0.197	-0.256
taxongroup_topic	Big-0af3_19_sheep-10	-0.006	0.0	0.0	0.0	0.0	-0.346	-0.364	0.0	0.0	-0.359	-0.249	0.0	0.0	0.0	0.395	-0.515	0.0	0.0	0.692	-0.584	-0.34	0.0	-0.438	0.0	-0.197	-0.925	-0.346	-0.333	0.0	0.457	0.0	0.0	0.0	0.0	0.439	-0.352	-0.3	0.0	0.273	0.0	-0.241	-0.259	0.254	0.0	0.0	0.0	0.0	-0.043	-0.385	-0.239	0.0	-0.121	-0.556	0.0	-0.136	0.0	0.0	-0.239	-0.161	0.0	0.12	0.267	0.719	0.085	-0.541	-0.056	0.223	0.839	0.0	0.0	0.0	0.539	0.0	-0.159	0.0	0.0	0.0	0.0	0.0	0.0	0.0	-0.266	0.0	-0.62	0.0	0.806	-0.584	0.042	0.0	-0.147
taxongroup_topic	Big-0af3_56_sheep-8	0.0	0.0	-0.455	0.0	0.74	-1.049	0.0	-0.502	-0.043	0.521	-0.392	-0.263	-0.125	-0.534	-0.01	0.0	0.102	-0.442	-0.512	0.0	-0.178	0.0	0.0	-0.395	0.0	-0.061	0.0	-0.014	-0.712	0.0	0.0	0.077	0.0	0.492	0.82	0.675	-0.213	-0.142	0.0	-0.092	0.083	0.0	0.0	0.0	-0.207	0.0	-0.518	0.0	-0.248	0.0	-0.325	-1.279	-0.05	0.0	-0.647	-0.418	-0.958	0.0	-0.061	-0.506	-0.19	0.0	-0.551	-0.051	-0.67	0.203	0.0	-0.358	-0.38	0.887	-0.402	-0.426	-0.054	0.152	-0.081	0.517	0.97	-0.231	0.0	-1.023	0.0	-0.728	-0.523	-0.302	-0.185	-0.143	0.0	-0.11	-0.524	-0.256
taxongroup_topic	Big-0af3_34_sheep-9	-0.408	0.0	0.238	0.0	-0.399	0.198	-0.13	-0.236	0.0	-0.543	0.0	0.0	-0.192	-0.476	0.0	0.0	-0.308	-1.046	0.0	0.0	0.0	0.994	0.0	-0.603	0.264	0.0	-0.346	0.258	-0.211	0.0	-0.166	0.41	-0.101	-0.505	-0.029	0.0	0.0	-0.285	0.0	0.618	-1.255	0.0	0.703	0.0	0.192	0.0	-0.271	-0.621	-0.592	0.233	-0.413	0.401	0.034	-0.196	0.0	0.177	-0.683	0.0	-1.266	-0.374	0.754	0.0	-0.233	-0.457	-0.529	-0.502	-0.014	-1.298	0.354	0.0	0.0	-0.407	-0.344	0.0	0.0	0.0	0.0	0.0	-0.588	0.0	-0.701	0.0	0.0	0.0	0.0	0.0	0.0	-0.51	0.13	-0.254
taxongroup_topic	Bla-3ee3_186_blackbuck-14	0.0	-0.873	0.331	0.0	-1.05	0.0	-0.32	-0.082	-0.535	-0.646	0.469	0.0	0.0	-1.203	0.0	0.0	0.0	0.0	0.0	0.0	0.0	-0.283	-0.226	0.0	0.0	0.0	0.0	0.0	0.0	-0.038	-0.271	-0.676	-0.323	0.362	0.0	0.0	0.061	0.0	0.0	0.0	0.298	0.0	0.0	0.0	0.0	0.148	-0.018	0.246	-0.263	-0.07	0.0	0.094	0.475	0.0	0.0	-0.87	0.0	0.0	0.0	0.0	0.032	0.0	0.268	-0.141	0.0	-0.172	-0.456	0.0	-1.06	0.0	-0.751	-0.324	-0.371	0.0	0.0	-0.315	0.0	0.0	0.0	0.47	0.0	0.0	-0.359	0.025	0.0	0.0	0.0	0.0	-0.006	0.0
taxongroup_topic	Bla-3ee3_12_blackbuck-2	-0.866	0.0	0.175	-0.421	-0.158	-0.321	-0.437	-0.868	0.09	-0.023	0.166	-0.39	0.0	-0.534	0.013	-0.493	0.0	0.0	0.0	0.245	0.0	0.0	-0.597	0.0	0.533	-1.334	-0.165	-0.698	-0.491	0.183	0.21	-0.022	-0.608	-0.24	0.0	0.0	-0.378	0.0	0.0	-0.742	1.321	1.147	0.0	-0.694	0.0	-0.306	-0.617	0.0	-0.583	-0.305	0.0	-0.221	-0.05	0.292	-1.102	0.116	0.203	0.0	0.0	-0.1	-0.312	0.0	-0.005	0.0	0.087	0.352	0.0	-0.273	-0.495	0.0	-0.813	-1.094	-0.006	-0.186	0.18	-0.666	-0.289	0.0	0.0	0.0	-0.528	0.0	0.0	-0.49	0.0	-0.625	-0.49	-0.258	-0.388	-0.255
taxongroup_topic	Bla-3ee3_39_blackbuck-2	-0.879	0.0	0.175	-0.592	-0.188	-0.321	-0.437	-0.868	0.606	-0.023	0.166	-0.39	0.0	-0.534	0.013	-0.493	0.0	0.0	0.0	0.245	0.0	0.0	-0.597	0.0	0.544	-1.334	-0.258	-0.698	-0.491	0.183	0.21	0.476	-0.608	-0.24	0.0	0.0	-0.378	0.0	0.0	-0.473	0.494	0.473	0.0	-0.694	0.0	-0.203	-0.617	0.0	-0.583	-0.305	0.0	-0.221	-0.05	0.056	-0.082	0.116	0.203	0.0	0.0	-0.1	-0.312	0.0	-0.005	0.0	0.087	0.352	0.0	-0.273	-0.495	0.0	-0.805	-1.094	-0.006	-0.186	0.168	-0.436	-0.289	0.0	0.0	0.0	-0.528	0.0	0.0	-0.49	0.0	-0.625	-0.49	-0.258	-0.388	-0.255
taxongroup_topic	Spr-39f8_25_blackbuck-30	-0.207	-0.283	-0.006	-0.532	0.69	0.0	0.0	-0.157	0.0	-0.145	-0.551	0.0	0.424	0.0	-0.273	-0.358	0.654	-0.153	0.0	0.0	0.0	0.0	-0.133	0.0	-0.268	0.0	0.0	-0.09	0.0	0.36	-0.273	-0.202	0.0	0.0	0.261	-0.914	0.0	-0.237	0.0	-0.121	0.0	0.0	0.0	-0.522	0.148	0.0	0.0	0.0	0.0	0.536	-0.358	0.024	0.0	-0.523	0.0	0.0	-0.526	0.0	0.149	0.0	-0.058	0.0	0.0	-0.061	-0.061	0.35	0.0	0.0	-0.273	0.0	0.0	-0.186	0.0	0.0	-0.41	0.232	0.0	0.0	-0.58	0.0	-0.333	0.0	0.271	0.0	0.0	0.602	-0.333	0.0	0.0	0.0
taxongroup_topic	Bla-3ee3_2_blackbuck-2	0.0	0.0	0.345	-0.262	-1.697	0.0	-0.436	-0.566	0.352	0.392	0.127	0.0	0.134	-0.534	0.0	0.0	-0.612	-0.768	0.0	0.275	0.175	0.0	0.0	0.089	0.483	-1.331	0.69	-0.598	0.0	-0.347	-0.157	-0.41	-0.72	-1.429	-0.06	-0.45	0.173	0.0	-0.151	0.776	0.298	0.0	-0.281	-0.079	0.197	0.052	-0.007	0.02	-0.229	0.0	0.0	-0.777	-0.644	0.006	-0.198	-0.37	-0.517	0.0	-0.731	-0.444	-0.874	0.0	-0.149	0.0	0.123	-0.175	-0.348	-0.609	-0.527	-0.389	0.0	-1.076	0.0	-0.104	0.528	-0.061	0.0	0.0	0.33	0.0	-0.396	0.0	0.014	-0.171	0.0	0.0	0.165	-0.629	-0.779	0.0
taxongroup_topic	Ant-dc13_2_blackbuck-18	0.0	0.161	-0.183	-0.315	0.004	0.0	0.0	-0.934	0.116	-0.509	-0.621	0.0	0.249	-0.534	0.059	-0.477	0.168	-0.654	0.0	0.0	0.0	0.0	-0.353	0.605	-0.774	0.0	-0.609	0.0	0.166	0.469	-0.455	0.393	-0.07	-0.398	0.209	-0.266	0.0	0.038	0.0	-0.026	0.298	0.0	0.0	-0.596	0.0	0.0	-0.692	0.0	0.0	0.124	-0.716	-0.19	-0.05	-0.414	-0.014	0.0	0.194	0.0	-0.102	0.0	0.206	0.0	-0.561	0.103	-0.37	-0.486	0.0	-0.625	-1.374	-0.205	-0.504	-0.837	0.0	0.0	-0.473	0.032	-0.632	0.0	-0.915	0.0	-0.287	0.026	-0.044	-0.209	0.0	0.048	-0.346	0.559	-0.006	0.0
taxongroup_topic	Wil-de29_100_wildebeest-13	0.0	0.0	-2.1	0.0	-0.625	0.0	-0.493	0.0	-0.709	-0.281	0.0	0.045	0.0	-0.295	0.0	0.0	0.0	0.008	0.0	-0.029	0.0	-0.203	0.0	0.076	0.0	0.0	0.0	-0.179	0.0	0.0	0.0	-0.491	-0.414	0.694	0.0	0.164	0.439	0.0	0.0	0.419	-0.44	0.0	0.0	0.0	-0.094	0.0	0.0	0.0	0.0	-0.07	0.0	-0.118	0.0	0.0	-1.341	-0.276	0.0	0.054	-0.785	0.0	-0.012	0.0	-0.114	0.661	0.338	-0.534	-0.576	0.0	-0.278	-0.005	-0.241	-0.542	0.001	0.0	-0.541	-0.018	0.0	0.0	2.878	0.068	0.0	0.0	-0.225	0.0	0.0	0.0	0.0	0.0	0.158	0.0
taxongroup_topic	Blu-3a31_198_wildebeest-15	0.0	-0.222	0.443	0.338	-0.508	0.0	0.0	-0.566	0.212	0.104	-0.305	-0.255	0.0	-0.534	0.065	0.0	0.0	0.423	-0.473	-0.359	-0.62	-0.414	-0.228	0.0	0.0	0.0	-0.007	-0.049	0.0	0.0	0.0	0.0	-0.224	-0.398	0.0	0.0	0.0	-0.9	0.0	0.0	0.401	-0.094	-0.122	0.0	-0.597	0.0	0.0	0.0	-0.39	-0.309	-0.123	0.0	-0.05	-0.621	0.0	-0.262	0.0	-0.354	0.0	0.277	0.0	0.0	-0.041	0.0	0.0	-0.469	0.0	-0.435	-0.265	0.0	0.0	-0.428	0.0	-0.183	0.0	-0.642	0.0	0.0	0.0	-0.578	0.0	0.0	0.0	0.0	0.0	0.0	0.0	0.0	-0.006	-0.149
taxongroup_topic	Blu-3a31_98_wildebeest-8	0.0	0.0	0.393	0.0	-0.625	0.0	-0.075	0.454	0.375	-0.176	0.0	0.0	0.0	-0.433	0.0	0.0	-0.52	0.0	0.0	0.244	-0.473	-0.33	-0.228	0.0	0.103	0.0	0.523	0.0	0.0	0.0	-0.569	-0.124	-0.764	0.398	0.0	0.0	0.262	0.0	-0.094	0.0	-0.338	0.0	0.0	0.0	0.087	0.0	0.154	0.0	0.0	-0.07	-0.621	-0.168	-0.769	0.0	-0.551	-1.366	0.0	0.0	-0.41	0.0	-0.192	0.0	0.338	-0.414	0.308	-0.697	-0.061	0.904	-0.533	0.0	0.347	-0.542	0.0	0.0	0.0	-0.018	-0.195	0.0	0.295	-0.019	0.0	-0.075	-0.382	-0.192	0.0	0.0	0.0	0.0	0.16	0.191
taxongroup_topic	Blu-3a31_193_wildebeest-15	-0.444	0.0	-0.485	0.0	-0.428	-1.886	0.065	-0.566	0.232	-0.537	0.0	0.0	-0.086	-0.534	0.0	0.056	-0.151	0.0	-0.54	-0.162	-0.517	0.0	-0.413	0.0	-0.378	-1.074	0.0	-1.705	0.0	0.475	-0.006	0.0	0.785	-0.345	-0.326	-0.116	0.555	0.115	0.083	-0.051	0.298	-0.14	0.003	-1.106	0.234	0.052	-0.567	-0.252	-1.037	-0.775	0.0	-0.124	-0.558	0.461	-0.198	-0.494	-0.133	0.41	-0.252	-0.857	0.0	0.0	0.443	0.0	0.0	-0.008	0.0	-0.072	-1.037	-0.386	0.0	-1.085	-0.029	-0.106	-0.802	0.0	0.761	0.005	0.0	-0.369	-0.48	0.0	-0.317	-0.969	0.0	-1.476	-0.103	0.131	-0.299	0.0
taxongroup_topic	Blu-3a31_26_wildebeest-6	0.0	0.0	-0.006	0.0	0.34	-0.733	0.0	0.0	-0.38	0.141	-0.551	0.0	0.0	0.0	0.0	0.0	0.581	-0.742	0.0	-0.396	0.0	-0.158	-0.196	0.0	-0.051	-0.207	0.0	0.0	0.516	0.37	0.0	0.0	0.0	0.0	0.0	0.0	0.0	0.062	0.0	0.0	0.0	0.112	0.0	-0.504	-0.414	-0.14	0.0	0.0	0.0	0.0	0.0	0.139	0.0	-0.929	-0.158	-0.61	-0.729	0.0	-0.186	-0.409	-0.295	0.0	-0.355	-0.364	0.0	0.0	0.0	0.0	0.0	0.0	0.0	-0.184	0.0	0.0	-0.41	-0.334	-0.3	0.0	0.441	-0.312	-0.099	0.0	0.0	0.0	0.0	0.0	0.0	0.0	0.0	0.283
taxongroup_topic	Blu-3a31_160_wildebeest-8	0.0	-0.428	0.0	0.038	0.0	-0.011	0.0	0.0	0.083	0.154	0.098	0.0	0.0	0.0	0.0	-0.472	0.0	0.0	0.0	0.289	0.0	0.0	-0.487	-0.861	0.0	-1.132	0.0	0.0	0.0	0.0	0.0	0.0	0.0	-0.415	0.0	0.0	-0.469	0.0	0.0	0.522	0.0	0.0	0.0	0.0	0.0	0.0	-0.646	0.0	0.0	0.0	0.0	-0.358	0.0	0.0	-0.576	0.0	0.207	0.02	-0.9	-0.825	-0.182	0.0	-0.203	0.019	0.443	0.0	0.0	0.0	0.0	0.0	0.0	-0.344	0.0	0.0	0.0	0.225	-0.787	0.159	0.0	0.0	-0.143	0.077	0.0	0.0	0.0	0.0	-0.133	0.0	-0.508	-0.057
taxongroup_topic	Blu-3a31_89_wildebeest-8	0.352	0.338	0.0	0.0	-0.104	-0.597	0.0	-0.03	0.0	-0.019	0.0	0.0	0.0	-0.534	-0.415	0.0	-0.072	0.0	0.197	0.073	-0.37	0.0	-0.105	0.0	0.0	-0.104	-0.48	0.107	-0.82	0.0	0.0	0.0	0.0	-0.398	0.0	0.0	0.573	0.216	0.09	-0.121	0.298	0.0	0.0	-0.183	0.0	0.0	-0.75	-0.473	-0.28	0.0	0.0	-0.038	-0.784	-0.497	0.0	-0.641	-1.554	-0.694	0.0	-1.069	-0.395	0.0	0.431	0.0	0.0	-0.868	-0.094	0.0	-0.38	0.0	0.0	-0.427	0.0	0.0	-0.046	-0.017	0.105	0.011	0.0	0.075	0.052	-0.072	0.0	0.145	0.0	0.0	0.053	-0.029	-0.006	0.0
taxongroup_topic	Bon-fbc3_160_bongo-9	-1.22	-0.514	1.697	0.192	-0.392	-1.666	-3.75	-0.566	0.352	-0.237	0.0	0.0	0.0	-0.534	0.0	-0.489	0.534	-0.625	-0.021	0.0	-0.523	0.0	-0.917	0.0	-1.103	-1.042	-0.734	-1.069	-0.41	1.003	-0.246	2.621	-0.025	-0.396	0.0	0.0	-0.029	-0.439	0.0	-0.132	0.298	0.0	0.0	0.0	-0.392	-0.181	-1.101	0.0	0.183	-1.353	0.766	1.204	-0.05	-0.662	0.109	-0.209	-0.75	0.0	-0.103	-0.647	0.989	-0.887	-0.736	0.0	-0.741	-0.089	0.0	-2.116	-0.552	-0.006	0.261	-0.399	-0.027	0.04	-0.046	0.0	0.896	0.424	0.0	0.0	-0.48	0.0	0.0	-2.136	-0.061	-1.724	-0.785	-1.391	-1.228	0.0
taxongroup_topic	Bon-fbc3_117_bongo-18	0.08	0.0	0.0	0.0	0.0	-0.263	0.013	0.0	0.0	0.0	0.325	0.0	-0.128	-0.455	0.0	-0.135	0.0	0.0	-0.15	0.0	0.0	-0.16	-0.444	0.0	-0.179	0.0	0.0	0.0	0.0	-0.095	0.0	0.137	0.0	-0.531	0.0	0.0	0.0	0.0	0.429	0.0	-0.386	0.0	0.0	-0.485	0.0	0.0	0.0	-1.456	0.0	0.0	0.0	0.0	0.0	0.0	0.07	0.0	0.542	0.0	-0.386	0.0	-0.156	-0.292	0.0	0.0	0.0	0.0	0.0	0.0	-0.205	0.0	0.0	0.148	-0.228	0.0	-0.307	0.0	-0.823	0.0	-0.167	0.0	-0.545	-0.079	-0.213	0.292	0.0	-0.459	0.0	0.0	0.0	0.0
taxongroup_topic	Bon7c8f_5_bongos-6	-1.49	-0.099	0.152	-0.19	0.0	-1.729	-0.127	0.0	0.434	0.046	-0.49	-0.013	0.0	-0.062	0.0	-1.079	-0.343	-0.337	0.0	0.449	-0.604	0.0	-0.938	-0.109	-0.779	-0.836	-0.602	-1.932	0.0	0.229	-0.006	0.327	0.05	-0.432	-0.263	0.234	-0.36	-0.506	0.0	0.175	0.0	-0.717	0.0	0.0	-0.493	-0.493	-0.734	-0.588	-0.585	-0.801	0.0	-0.394	-0.934	0.0	-0.183	0.324	-0.062	-0.477	0.0	-0.139	0.431	-0.651	-0.104	-0.064	0.0	0.671	0.0	-0.518	-0.011	0.0	-0.67	-0.396	-0.456	-0.535	-0.046	0.0	0.392	0.0	0.0	0.0	-0.48	0.0	0.0	-0.999	0.0	-0.549	0.292	-0.547	-0.501	0.042
taxongroup_topic	Bon-fbc3_78_bongo-2	0.022	0.0	0.419	0.373	-0.393	-0.309	0.0	-0.566	0.0	-0.55	0.0	0.0	-0.308	-1.248	-0.185	-0.376	0.0	0.0	0.0	-0.369	0.0	0.048	0.0	-0.456	0.0	0.313	0.0	0.355	0.352	0.273	-0.48	-0.255	-0.323	-0.398	-0.347	0.0	0.0	0.0	0.0	-0.427	-0.105	0.0	0.0	0.0	0.0	0.0	-0.302	0.0	-0.315	0.121	0.216	0.364	-0.588	0.0	-0.578	-0.421	-0.552	0.364	0.0	0.0	0.205	0.0	0.0	-0.528	0.0	-0.492	0.0	-0.081	-0.929	0.0	0.05	-0.19	0.0	0.0	0.0	0.192	-0.169	0.0	0.0	-0.584	0.0	0.0	0.052	0.0	-0.38	0.142	0.0	0.0	-0.361	0.0
taxongroup_topic	Bon-fbc3_127_bongo-15	0.0	0.178	0.0	0.0	0.0	-0.115	0.675	-0.43	0.0	0.0	0.0	0.0	0.0	-0.095	-0.241	-0.302	0.0	-0.119	1.572	0.037	-0.856	0.0	0.0	-0.571	0.455	-0.615	-0.779	-0.009	0.0	0.0	-0.203	-0.403	0.0	-0.398	-0.997	0.0	1.352	0.862	-0.45	0.0	0.298	0.0	-0.007	-0.414	0.159	0.0	0.398	0.295	-0.605	0.369	-1.326	0.0	-0.05	-0.637	0.0	-0.411	-0.691	0.096	0.648	-0.111	0.0	-0.2	0.228	-0.053	0.0	0.102	0.0	-0.405	-0.38	0.977	0.0	0.008	0.091	-1.029	0.0	0.661	0.0	-0.031	0.0	-0.135	0.0	0.0	0.0	-0.059	-0.183	0.0	0.399	-0.952	-0.006	0.182
taxongroup_topic	Bon-fbc3_103_bongo-7	-0.344	0.005	0.406	-1.447	-0.658	0.0	-0.968	-0.601	-0.332	0.001	-0.228	0.0	0.0	-0.534	-0.375	0.0	0.201	-0.217	0.0	-0.115	-0.597	0.0	0.157	0.0	-0.151	0.103	-0.383	0.0	-1.617	0.0	0.0	0.028	-0.236	-1.055	0.0	0.0	0.0	-0.279	0.0	-0.656	0.902	-0.82	0.0	-0.694	-0.224	-0.3	-0.745	-0.514	0.003	0.0	0.0	0.249	-0.692	-0.705	0.729	-0.406	-0.332	0.0	0.0	0.26	0.326	-0.725	-0.921	-0.468	-0.473	0.113	0.0	0.0	-0.49	0.137	-0.739	-0.424	-0.006	-0.202	0.461	-0.687	0.0	-0.081	0.0	0.0	0.0	0.0	-0.414	-0.481	0.103	-0.616	-0.582	-1.229	0.104	0.0
taxongroup_topic	Bon-fbc3_15_bongo-6	0.0	-0.399	0.393	-0.48	-0.625	0.259	0.0	-0.566	-0.141	-0.134	-0.347	-0.122	0.0	0.683	-0.175	0.0	0.0	0.2	0.0	0.0	0.486	0.368	0.0	-0.352	-0.376	0.0	0.0	-0.003	-0.046	0.0	0.0	-0.96	-0.523	-0.226	0.0	-0.188	-0.337	-0.016	0.298	0.669	-0.1	0.0	0.0	0.0	0.118	0.0	0.0	0.0	0.0	-0.07	0.0	-0.099	-0.05	0.0	-0.551	-0.272	0.0	0.0	-0.41	0.0	-0.295	0.0	0.0	0.517	0.308	-1.046	-0.061	0.0	-0.756	0.0	0.109	-0.542	-0.225	0.0	-0.243	-0.018	0.0	-0.434	0.0	-0.03	0.0	0.0	-0.196	-0.471	0.0	0.352	-0.694	0.0	-0.006	0.198
taxongroup_topic	Bov-d455_139_bovids-5	0.0	-0.351	-0.072	-1.298	0.05	-1.094	-0.39	-0.225	-0.036	0.281	0.096	-0.562	-0.363	-0.046	0.0	-0.324	0.0	-0.908	0.084	0.126	0.053	0.0	-0.443	-0.827	-0.045	-0.212	-1.054	-0.939	-0.61	0.0	0.0	-0.155	-0.342	-0.74	-0.949	0.0	-0.985	-0.511	0.0	-0.275	0.0	-0.065	0.277	-0.006	-1.139	-0.305	-0.363	-0.472	-0.267	0.0	-0.725	-0.806	-0.999	0.0	-0.645	0.067	-0.395	-1.318	0.0	0.512	0.563	-0.75	0.099	-1.024	0.015	0.362	0.0	-1.676	0.054	-0.447	-0.669	-0.512	0.115	0.038	-0.431	-0.713	-0.53	0.0	-0.108	0.0	0.101	0.0	0.0	0.0	0.0	-0.189	0.0	-0.793	-0.056	-0.019
taxongroup_topic	Bov-d455_52_bovids-3	-0.439	-0.149	0.032	0.0	0.446	-0.866	-1.029	-0.566	0.088	-0.742	-0.815	-0.392	-0.961	-1.411	-1.037	-0.986	0.0	-1.101	-0.519	-0.046	0.061	-1.258	0.0	-0.882	-0.483	1.113	0.308	-0.622	0.882	0.0	-0.367	-0.635	0.478	0.194	0.146	-0.192	0.0	-1.004	-1.151	-0.593	-0.181	-0.348	-0.35	0.077	-0.368	0.265	0.16	-0.735	-0.347	-0.185	0.581	0.253	-0.05	0.0	-1.061	0.0	-0.386	-1.13	0.0	-0.602	-0.861	-0.318	0.0	-0.879	-0.705	-0.227	0.559	-0.621	-2.618	0.079	0.0	-0.272	-1.162	-0.518	-0.035	0.0	0.0	0.194	-0.3	-0.066	0.0	0.216	-0.517	-0.399	0.325	0.0	0.099	-1.315	-0.006	0.0
taxongroup_topic	Dee-529a_81_bovids-11	-0.179	-0.345	0.451	0.0	-0.069	0.0	0.0	0.0	0.0	-0.948	0.0	-0.032	0.0	0.0	0.093	0.0	0.109	0.0	0.0	0.0	0.0	0.14	-0.457	0.75	-0.38	0.0	-0.218	-0.616	0.0	0.0	0.0	0.0	0.0	0.0	0.0	0.0	0.0	-0.227	-0.551	0.038	-0.392	0.0	0.039	-1.232	-0.683	-0.103	0.461	0.0	0.332	-0.505	0.388	0.0	-0.051	-0.207	0.0	-0.38	0.0	0.127	0.0	0.0	0.0	0.0	-0.262	0.0	0.0	-0.515	0.0	-0.406	0.062	-0.061	-0.356	-0.877	0.0	0.0	-0.337	0.21	0.0	-0.41	0.0	0.308	0.0	0.433	0.0	0.0	0.0	0.0	0.0	0.0	0.0	0.321
taxongroup_topic	Gir-cc25_2_bovids-18	0.75	0.0	0.0	0.086	0.0	0.0	0.0	0.621	-0.38	0.0	0.0	-0.507	-0.401	-0.271	0.0	0.0	0.0	0.142	0.0	0.0	-0.378	0.0	0.0	-0.643	0.0	-0.109	-0.03	-0.233	0.0	0.438	0.02	-0.259	0.0	0.157	0.0	-0.261	0.0	0.0	-0.72	0.0	0.0	0.193	0.0	-0.364	-0.175	-0.179	-0.731	0.0	0.0	-0.03	0.0	-0.728	0.36	0.0	0.0	-0.061	-0.643	0.218	0.0	0.0	0.0	0.0	-0.138	-0.302	-0.477	0.177	0.0	0.0	0.0	0.0	0.0	0.0	0.0	-0.21	0.0	0.0	-0.498	0.0	-0.55	0.0	0.0	0.332	-0.516	0.0	0.0	-0.133	-0.491	-0.393	0.028	-0.576
taxongroup_topic	Smi-7190_286_bovines-27	-0.155	-0.215	0.331	0.0	-0.801	-0.355	-0.133	-0.643	-0.07	-1.074	0.0	-0.183	0.0	0.0	-0.383	0.0	-0.285	-0.815	-0.812	0.074	0.0	0.0	0.052	0.339	-0.695	0.352	0.0	-0.702	0.0	0.0	0.0	-0.368	-0.191	-0.302	0.0	0.168	0.0	0.121	-0.681	0.0	0.0	-0.168	0.0	-2.704	-1.244	-0.05	-0.154	-0.698	0.0	0.094	-0.216	0.0	-0.347	0.0	0.0	-0.062	0.0	0.0	0.0	0.832	-0.172	-0.259	0.092	0.0	0.732	-0.172	-0.505	-0.211	-0.177	0.0	-0.326	-0.491	0.0	-0.694	-0.604	-0.315	0.0	0.447	-0.034	0.0	0.0	0.0	0.0	0.0	-0.109	0.0	0.0	0.0	0.0	0.42
taxongroup_topic	Hom-cefb_11_bovines-20	0.0	-0.101	0.32	0.0	-1.149	0.303	-0.597	-0.129	-0.514	-0.57	0.042	0.0	0.0	-0.632	0.0	-0.482	0.0	-0.235	-0.449	0.105	0.36	-0.5	-0.392	0.0	0.0	0.0	-0.311	0.062	0.0	0.159	-0.455	-0.693	-0.172	0.271	-0.301	0.0	0.3	0.0	0.295	0.0	0.0	0.0	0.0	-0.446	0.0	-0.053	0.469	0.187	-1.405	0.278	0.0	-0.162	0.192	0.0	0.0	-1.328	-0.235	0.0	-0.019	0.727	-0.041	-0.375	0.882	-0.22	0.009	-0.112	-0.284	-0.843	-0.778	0.0	-0.41	-0.888	-1.091	0.0	-0.151	-0.502	0.074	0.0	-1.031	0.43	-0.265	0.0	-0.371	-0.124	-0.178	0.0	0.0	0.0	0.0	0.0
taxongroup_topic	Ele-f6cf_525_bovine-30	0.462	-0.061	0.0	0.086	-0.431	-0.015	0.0	-0.615	-0.334	-0.361	0.18	0.0	-0.233	0.0	-0.207	0.123	0.0	0.733	0.0	-0.514	0.067	0.084	0.0	-0.585	0.0	-0.377	0.0	0.0	0.0	0.0	-0.682	0.274	0.322	-0.297	0.0	0.0	0.0	-0.002	-0.961	-0.431	0.0	0.0	-0.162	0.0	-0.669	-0.324	-0.508	0.0	0.0	0.286	0.0	0.0	-0.135	0.043	-0.109	-0.489	0.0	0.0	0.0	0.0	-0.169	0.0	-0.113	0.834	-1.247	0.0	0.0	0.0	0.0	-0.299	-1.295	-0.618	-0.287	-0.894	-0.224	-0.212	-0.283	-0.176	-1.101	0.0	-0.701	0.332	0.0	-0.277	0.0	0.0	0.0	0.0	0.0	-0.043
taxongroup_topic	Cap93c5_1_bovine-8	0.331	0.0	0.0	0.0	0.0	-0.674	-0.473	0.0	-0.024	0.0	0.338	-0.414	-0.481	0.0	0.0	0.0	0.0	0.0	-0.704	0.0	0.0	-0.224	-0.725	-0.382	0.0	-0.195	-0.028	0.0	0.004	0.094	-0.047	0.0	-0.178	0.0	0.0	0.0	0.0	-0.094	0.0	-0.014	-0.305	-0.36	0.0	-0.015	0.0	-0.655	0.0	0.09	0.103	-0.306	-0.488	0.0	0.0	-0.121	-0.359	0.0	0.406	-0.901	0.063	0.0	0.0	-0.236	-0.501	0.087	0.0	0.0	0.0	0.0	0.0	0.0	0.0	0.084	0.0	0.0	0.0	-0.657	0.0	-0.183	-0.522	0.0	-0.146	0.536	0.0	0.0	0.0	0.0	0.0	0.0	0.0	0.0
taxongroup_topic	Cat-605b_23_bovine-26	-0.088	0.0	0.451	0.0	0.351	0.0	-0.537	-0.378	0.0	-0.047	0.206	0.0	0.0	0.567	0.0	0.493	0.304	-0.612	0.829	-0.241	0.0	-0.443	-0.521	-0.059	-0.044	-0.059	0.0	0.0	1.09	-0.321	-0.201	0.14	-0.469	0.0	0.0	0.0	-0.575	0.0	0.0	-1.336	0.359	0.0	0.0	0.11	-0.134	-0.453	-0.399	-0.41	-0.55	0.0	-0.573	0.386	-0.033	-0.221	-0.28	0.0	-0.618	0.0	0.0	0.0	0.095	0.0	0.0	-0.638	-0.592	-0.596	0.0	0.0	-0.468	0.0	0.0	0.084	0.0	-0.189	0.0	0.0	-0.488	-0.366	-0.396	-0.061	-0.389	0.0	0.0	0.426	-0.016	0.0	-0.278	0.0	0.0	0.0
taxongroup_topic	Wat91ee_3_buffalo-2	0.094	0.0	0.0	-0.485	0.0	0.0	0.0	0.0	0.352	-0.074	0.0	0.0	0.0	0.0	-0.348	-0.041	0.0	-0.156	-0.167	0.0	0.0	0.0	0.0	0.0	-0.723	0.0	0.0	0.0	0.0	-0.347	-0.576	0.186	-0.316	0.0	-0.064	0.0	0.0	0.0	0.0	-0.135	0.0	-0.381	-0.484	0.0	-0.262	-0.307	-0.897	0.0	0.0	0.0	0.279	-0.345	0.0	-0.7	-0.198	0.0	-0.35	0.0	-0.662	-0.558	0.0	0.66	0.0	0.0	0.0	0.0	0.0	0.0	0.29	0.0	-0.224	-1.223	0.0	-0.626	0.482	0.0	0.0	0.0	0.0	-0.263	-0.48	0.0	0.0	-0.017	0.0	0.0	0.0	-0.274	-0.213	0.0
taxongroup_topic	Art-6267_298_buffalo-6	0.0	0.0	0.301	0.0	-0.715	-0.111	0.0	-1.118	-0.34	0.094	0.0	0.0	0.0	-0.534	-0.144	0.743	-0.093	-0.698	-0.175	0.139	0.0	-0.188	-0.516	-0.249	0.0	-0.551	-0.046	-0.54	0.6	0.617	-0.236	0.0	0.0	-0.398	0.0	0.0	-0.303	0.63	-0.045	-0.168	0.1	0.0	-0.133	-0.799	0.0	0.0	-0.41	-0.2	-0.38	0.0	-0.161	0.028	-0.05	0.0	-0.12	-0.259	0.187	-0.109	-0.026	0.471	-0.083	0.0	0.032	-0.318	0.0	0.083	-0.347	-0.384	-0.38	-0.491	0.471	-1.208	0.0	0.0	0.0	-0.073	-0.338	0.0	0.0	0.0	-0.709	0.0	-0.694	0.0	0.0	-0.787	0.0	-0.643	-0.006	0.0
taxongroup_topic	Afr-354e_15_buffalo-7	-0.449	0.0	0.0	-0.517	-0.313	-0.523	-0.006	0.255	-0.091	0.556	-0.247	0.0	-0.54	0.16	0.0	-0.051	-0.198	-0.942	0.324	0.0	-0.547	-0.515	-0.785	-0.522	-0.257	-0.058	-0.301	0.0	-0.24	-0.212	-0.222	-0.436	0.0	0.0	-0.224	-0.876	-0.792	-0.113	0.383	0.0	-0.179	0.0	-0.551	-0.592	-0.23	-0.604	0.0	-0.751	-0.006	0.419	-0.645	-0.757	0.858	0.352	-0.365	-0.256	-0.006	0.0	-0.618	-0.183	0.0	0.0	-0.095	-0.068	-0.229	-0.084	-0.523	0.0	-0.396	0.0	0.345	0.385	-0.614	0.0	0.0	0.0	0.0	0.0	-0.061	-0.013	-0.514	-0.006	-0.87	-0.694	-0.76	0.0	0.0	-0.41	0.511	-0.465
taxongroup_topic	Spo962a_13_buffalos-13	0.381	-0.32	-0.082	0.0	-0.378	0.0	-0.133	-0.643	-0.046	-1.472	-0.79	-0.37	0.0	0.0	-0.593	-0.411	0.0	0.019	-0.302	0.073	-0.432	0.56	0.0	0.225	-0.477	0.0	-0.509	-0.951	0.0	0.0	0.0	0.0	0.146	-0.302	0.283	-0.347	-0.816	-0.383	0.0	-0.359	0.0	-0.062	-0.389	-2.935	-0.294	-0.076	0.392	0.0	-0.441	-0.029	-0.396	0.0	-0.534	-0.033	0.0	-1.01	0.0	0.424	0.0	0.514	0.0	-0.259	0.148	0.33	-1.228	-0.258	-1.03	-0.187	0.005	0.092	-0.816	-1.337	0.0	0.0	-0.138	-0.151	0.0	0.0	-0.061	0.0	0.0	-0.146	-0.354	0.0	-0.109	-0.284	0.0	-0.329	0.069	0.515
taxongroup_topic	Art-6267_79_buffalo-6	0.956	-0.039	0.0	0.0	0.082	0.0	0.0	0.0	-0.695	0.0	-0.633	-0.105	0.0	0.0	0.0	-0.447	0.0	1.876	0.0	-2.07	0.0	0.0	0.0	0.0	0.0	0.0	0.0	0.146	0.0	0.0	-0.574	0.0	0.392	-0.509	0.0	0.0	-0.491	0.0	-0.133	0.0	0.0	0.036	-0.721	0.0	0.127	-0.117	-0.257	-0.353	0.0	-0.006	0.0	0.142	0.0	-0.353	-0.109	0.113	0.0	0.0	0.0	-0.616	-0.516	0.0	0.187	0.0	-0.623	-0.256	0.0	-0.373	0.0	-0.882	0.0	0.0	0.225	-0.026	0.221	0.0	0.0	0.0	-1.471	0.0	0.0	0.0	0.0	0.127	0.0	0.0	0.0	0.0	0.177	0.538
taxongroup_topic	Bov-d455_162_buffalo-12	-0.103	0.0	0.129	0.436	-0.863	-0.716	-0.133	-1.16	0.352	-0.342	-0.569	-0.168	0.0	-0.534	0.0	0.0	-0.095	-0.851	-1.536	-0.456	0.0	0.0	0.0	-0.488	0.052	0.0	-0.08	0.428	0.0	0.1	-0.441	0.112	0.0	-1.086	-0.387	0.0	0.0	0.0	0.0	0.374	-0.291	0.0	0.31	-1.965	-0.346	0.052	-0.167	0.0	-0.175	-0.102	0.0	-0.613	-0.087	0.0	-0.198	-0.536	-0.331	0.464	0.0	-0.338	0.0	-0.259	-0.589	-0.444	0.0	-0.112	-0.491	0.0	-0.704	0.0	-0.376	-1.649	-0.743	0.0	-0.516	-0.868	0.0	0.086	-0.792	0.41	-0.48	0.0	0.0	-0.704	-0.109	0.0	0.0	0.0	-0.006	0.0
taxongroup_topic	Liz-2f75_9_buffalo-30	-0.237	0.0	0.185	0.0	-0.594	0.0	-0.068	-0.327	0.0	-0.592	0.0	0.0	0.0	-0.366	-0.059	-0.03	0.0	-0.3	0.0	0.0	0.0	-0.762	0.655	0.0	0.0	0.301	0.0	-0.148	-0.424	-0.233	-0.284	0.0	-0.638	0.0	0.142	0.0	0.0	-0.701	-0.301	-0.3	0.0	0.0	-0.388	-0.293	-0.536	-0.64	0.0	0.0	-0.058	-0.199	-0.197	0.0	0.0	-0.306	0.0	-0.301	-0.101	0.0	0.0	0.0	-0.232	-0.731	0.062	-0.865	0.0	-0.306	0.258	-0.104	0.005	0.0	0.718	-0.3	0.0	-0.48	-0.155	-0.151	0.27	0.0	0.0	0.0	0.0	0.176	0.0	0.0	-0.401	0.0	0.0	0.0	-0.607	0.604
taxongroup_topic	Ind-c6bf_44_buffalos-13	0.622	-0.838	0.0	0.0	-1.271	0.0	0.0	0.0	-0.682	0.0	0.0	0.0	0.094	0.0	0.0	-1.791	0.0	4.058	-0.82	-2.728	0.0	0.0	0.0	-0.551	0.0	0.0	0.0	0.0	0.0	0.0	-0.277	-0.006	0.392	0.077	0.0	0.0	0.0	0.0	-0.133	0.0	-1.202	0.303	-0.292	0.0	-0.062	-0.07	-0.481	0.0	0.0	0.342	-0.523	0.0	0.0	0.0	-0.109	-0.017	0.0	0.0	0.0	0.0	-1.208	0.0	0.253	0.0	-0.316	-0.681	-0.41	0.491	0.0	-0.942	0.0	-0.392	0.997	-0.075	1.083	-0.801	0.0	0.204	-3.471	-1.575	0.0	-0.267	0.0	1.929	0.0	0.0	0.0	0.0	-0.072	0.315
taxongroup_topic	Cro-0859_132_buffalo-38	-0.43	-0.603	0.32	-0.802	-1.089	0.0	-1.062	-0.643	0.0	-0.17	-0.061	-0.297	-0.299	-0.353	0.321	0.0	-0.471	0.1	-0.744	0.208	0.0	0.603	-0.018	0.242	-0.158	-0.077	0.481	-1.373	0.0	-0.523	-0.226	0.0	-0.343	-0.746	-0.159	0.0	0.0	-0.52	0.0	-0.031	0.0	0.0	-1.335	-2.484	-0.593	0.184	0.341	-0.385	-0.535	0.366	0.405	-0.392	-0.383	-0.421	-0.496	-0.536	0.0	0.356	0.158	0.063	-0.368	-0.589	0.244	0.0	-0.476	-0.112	-0.59	-0.349	-0.053	0.0	0.486	-0.477	0.0	0.0	0.497	-0.502	0.0	0.0	-0.792	0.41	0.0	0.014	0.106	0.0	0.168	0.0	0.193	0.0	-0.254	0.381
taxongroup_topic	Bov-d455_2_buffalo-22	0.617	0.0	0.0	-0.322	0.0	0.0	0.0	0.0	-0.153	0.0	0.025	0.0	0.0	0.0	0.0	-0.238	0.0	1.926	0.0	-1.783	0.0	0.0	0.0	0.0	-0.062	0.0	0.0	0.0	0.0	0.0	-0.083	0.0	-0.229	-0.056	-0.147	0.0	0.0	0.0	0.041	-0.104	0.0	0.0	0.331	0.0	0.0	-0.117	-0.579	0.0	0.0	0.0	0.0	0.573	-0.801	0.0	0.0	-0.629	0.0	0.0	-0.407	0.0	-0.651	0.0	0.187	-0.324	-0.729	0.045	0.0	0.0	0.0	0.123	0.0	0.0	0.166	-0.026	0.431	0.0	0.0	0.0	-0.914	0.0	0.0	0.0	0.0	-1.014	0.0	0.0	0.0	0.347	0.197	0.0
taxongroup_topic	Spi-06e4_132_buffalo-6	0.0	0.0	0.0	0.425	-0.585	-0.198	0.216	0.0	0.0	0.0	0.0	-0.681	0.272	0.0	0.104	0.0	0.0	-0.294	0.0	0.0	0.0	-0.408	-0.166	0.0	0.104	0.0	0.0	0.0	0.278	-0.042	0.0	0.0	0.0	0.0	0.0	0.0	-0.205	0.0	-0.495	0.0	-1.161	-0.132	0.377	0.0	0.0	0.0	-0.36	0.0	-0.018	0.333	-0.625	0.323	0.0	0.0	-0.559	-0.351	0.675	0.0	0.0	0.0	0.0	0.0	0.0	-0.542	0.0	0.0	0.0	0.0	0.0	0.116	0.434	-0.525	-0.545	0.0	0.0	0.0	0.0	-0.223	0.0	0.0	-0.184	0.0	-0.364	0.0	0.0	0.0	0.0	0.0	0.0	0.0
taxongroup_topic	Ame-d5c4_22_buffalo-7	0.075	0.0	0.564	0.0	-0.1	-0.304	0.115	-0.943	0.103	-0.766	0.0	0.0	-0.353	-0.534	-0.176	0.052	0.0	0.137	0.0	-0.001	-0.106	0.0	0.0	-0.616	-0.351	-0.55	0.0	0.0	0.0	-0.711	-0.356	0.0	0.0	-0.906	-0.306	0.217	0.038	-0.85	0.142	-0.856	-0.181	-0.644	0.0	-0.006	0.56	0.0	0.0	0.667	0.0	0.0	0.0	-0.674	-0.452	0.0	0.296	0.0	-0.169	0.0	0.0	-0.727	0.055	-0.039	-0.458	-0.429	-0.394	-0.079	0.0	0.083	-0.38	0.0	-0.233	0.096	0.0	0.085	0.0	0.0	-0.212	0.0	-0.015	0.412	0.0	-0.266	0.0	0.0	-0.743	-0.578	0.352	0.0	-0.006	0.0
taxongroup_topic	Ame-d5c4_209_cow-43	0.798	-0.229	0.0	-0.267	0.0	0.3	-0.119	-0.325	-0.684	0.0	-0.063	0.0	-0.189	-0.649	-0.53	0.0	0.0	0.167	0.0	-0.048	0.0	-0.482	0.0	-0.621	-0.505	-0.109	0.0	-0.479	-0.198	0.346	0.038	-0.442	0.121	-0.311	-0.389	-0.649	0.086	-0.163	-0.513	0.393	0.353	0.0	0.0	0.0	0.0	0.168	0.594	0.02	-0.67	-0.711	-0.036	-0.296	-0.578	0.0	-0.101	-1.694	-1.173	0.0	0.0	0.143	0.0	-0.892	0.069	-0.302	-0.439	-0.542	-0.952	0.0	-0.239	-0.223	0.0	-0.228	0.13	-0.065	0.0	-0.347	0.0	0.02	0.351	-0.692	0.347	0.338	0.116	-0.494	0.0	-0.133	-0.491	0.0	-0.163	0.0
taxongroup_topic	Bla-b48c_24_cow-27	0.032	0.023	0.393	0.0	-1.722	-0.288	-0.329	0.147	0.0	-0.224	-0.236	0.0	0.0	-0.825	0.0	-0.37	-0.078	0.0	-0.22	0.147	-0.156	-0.5	-1.173	-0.693	0.0	0.0	-0.772	-0.67	-0.143	-0.08	-0.455	0.0	-0.172	-0.204	-0.576	0.0	-0.335	0.225	-0.477	0.0	0.375	0.0	-0.152	0.0	0.0	0.0	0.019	0.076	0.0	-0.137	0.0	-0.754	-0.098	0.0	0.0	-1.173	0.0	0.394	-0.287	0.0	-0.086	-0.522	0.0	0.0	0.226	-0.305	0.0	-0.55	-0.725	0.287	0.259	-0.542	-0.016	0.0	-0.392	-0.018	0.0	0.0	0.0	-0.462	0.224	0.0	-0.632	-0.455	0.0	0.0	0.308	0.0	-0.192	0.0
taxongroup_topic	Ant-7402_137_cow-33	-0.369	-0.233	0.0	0.0	0.0	0.0	0.0	0.0	0.0	0.0	0.0	0.0	0.0	0.152	0.0	-0.102	0.0	-0.231	0.0	0.0	0.0	-0.263	-0.138	0.0	0.376	0.0	0.421	0.0	0.018	0.313	0.0	0.0	0.0	0.0	0.0	0.0	0.0	-0.345	-0.153	0.0	-0.138	0.0	0.186	0.0	0.0	0.0	0.0	0.0	0.0	0.476	0.0	0.0	0.0	0.0	-0.581	-0.494	0.233	0.0	0.0	-0.271	0.408	0.0	0.0	0.0	0.0	0.0	0.0	0.0	0.0	-0.288	-0.255	-0.059	-0.215	0.0	0.0	0.0	0.0	0.0	0.0	0.0	-1.016	0.0	-0.696	0.0	0.0	0.0	0.0	0.0	0.0	0.0
taxongroup_topic	Pèr-9953_24_cow-77	-0.366	0.0	0.393	0.0	-0.625	0.0	0.132	-0.325	-0.006	-0.368	0.0	0.0	0.0	-1.002	0.0	0.0	0.0	0.0	-0.616	0.0	0.055	0.0	-0.051	-0.277	-0.598	-0.531	0.0	-0.543	0.158	0.0	-0.043	0.0	-0.523	-0.48	0.0	0.0	-0.454	0.019	0.0	-0.41	-0.231	0.0	0.0	0.0	-0.051	0.0	0.103	-0.392	0.0	-0.372	-0.551	-0.19	-0.098	0.0	-0.551	-0.223	0.0	0.0	-0.873	0.0	-0.134	0.0	0.0	-0.022	0.308	-0.697	-0.584	0.0	-0.747	0.0	0.0	-0.542	0.0	-0.364	0.16	-0.018	0.0	0.0	0.0	0.0	0.0	0.0	-0.25	0.0	0.0	0.0	0.0	0.0	-0.192	0.0
taxongroup_topic	Cat-605b_196_cows-27	0.587	0.0	0.31	-0.506	0.384	-0.374	-0.565	-0.882	-0.156	0.062	0.0	0.055	-0.812	0.084	-0.755	0.0	-0.391	-0.23	0.403	-0.108	0.0	0.0	0.0	0.014	-0.641	0.0	0.0	-0.056	0.0	-0.284	-0.331	0.26	-0.405	-0.818	-1.095	0.0	-0.155	0.354	-0.309	-0.034	-0.299	0.0	-0.265	-0.029	-0.029	-0.237	-0.48	-0.509	-0.408	-0.37	-0.05	-0.607	0.0	0.0	-0.366	-0.497	-1.277	0.0	-1.18	-0.129	0.0	-0.375	0.0	-0.503	-0.29	0.127	-0.788	0.36	0.0	0.0	0.092	-0.441	-0.445	-0.236	-0.173	0.0	-0.193	0.0	-0.645	0.0	-0.768	-0.238	0.0	-0.065	-0.683	-0.342	0.617	0.45	-0.052	0.0
taxongroup_topic	Cat-605b_23_cow-3	0.094	0.092	0.11	-0.227	0.306	0.0	0.0	-0.994	0.0	-0.892	0.0	0.0	0.0	0.125	0.533	0.0	0.0	0.012	-0.517	0.0	0.0	0.0	0.0	-0.123	-0.365	0.0	-0.468	-0.317	0.0	0.0	0.0	0.583	0.0	-0.888	-0.342	0.0	-0.641	0.0	0.0	0.468	0.298	0.0	0.0	-0.199	-0.003	0.145	-0.47	0.0	0.0	0.0	-0.309	-0.015	-0.05	-0.907	0.413	0.133	-0.47	0.0	-0.508	-0.411	0.184	0.067	-0.586	0.0	0.0	0.0	0.926	-0.411	-0.18	0.0	-1.508	-0.202	-0.24	-0.673	0.406	0.0	0.0	0.402	0.0	0.0	0.0	0.0	0.0	-0.065	-0.593	-0.092	-0.299	-0.105	-0.006	0.0
taxongroup_topic	Pèr-9953_24_cow-6	-1.087	0.0	1.605	-2.479	-1.949	-3.609	0.0	1.584	-0.006	-4.129	0.0	0.0	-0.583	-1.064	-5.427	-3.773	-2.553	-2.593	0.0	-0.298	0.0	0.0	-0.794	0.0	0.0	1.038	0.0	0.292	-1.084	0.399	-2.973	0.0	-0.523	-2.449	-2.052	-0.163	-3.192	-2.328	0.0	0.0	-1.697	1.525	0.0	0.113	0.564	-3.182	0.0	0.0	-1.0	0.194	-0.464	-1.264	-0.098	-0.323	-0.551	-2.568	0.0	-3.714	-0.41	0.0	0.252	-1.46	-4.135	1.562	0.22	-0.697	0.435	-0.966	-0.842	0.0	-3.225	-0.542	0.0	0.0	-1.922	-0.273	-2.241	0.0	-0.032	-3.117	-2.665	-0.594	-2.273	1.105	0.0	0.0	1.284	0.0	3.012	0.0
taxongroup_topic	Pèr-9953_24_cow-58	0.368	0.0	0.393	0.0	-0.625	0.0	0.132	-0.325	-0.006	-0.368	0.0	0.0	0.0	-1.002	-0.227	0.0	0.0	0.0	-0.616	0.0	0.122	0.0	-0.051	-0.125	-0.763	-0.702	0.0	-0.517	0.17	0.0	0.176	0.0	-0.523	-0.48	0.0	-0.604	-0.454	0.045	0.0	-0.41	-0.231	0.0	0.0	0.0	-0.051	0.0	0.195	-0.392	0.0	-0.372	-0.437	-0.19	-0.098	0.0	-0.551	-0.223	0.0	0.0	-0.765	0.0	-0.134	0.0	0.0	-0.534	0.308	-0.697	-0.584	0.0	-0.747	0.0	0.0	-1.031	0.0	-0.329	0.16	-0.018	0.0	0.0	0.0	0.0	0.0	0.0	-0.053	0.0	0.0	0.0	-0.4	0.0	-0.192	0.0
taxongroup_topic	Pèr-9953_24_cow-10	-0.295	0.034	-1.624	-0.018	-3.671	-2.052	0.0	0.08	0.817	-0.305	-3.535	-3.385	-0.562	0.222	0.209	-2.323	-0.157	2.002	0.0	-6.313	0.0	-3.486	-0.221	-1.199	-0.223	-0.072	-0.01	-2.788	0.202	0.39	-1.04	-0.316	1.968	-0.69	-0.117	0.0	0.0	0.0	-1.171	-0.786	2.218	-0.521	0.824	-0.753	0.0	-2.393	-2.506	-2.55	0.0	0.0	-0.523	0.567	-0.723	-1.922	-0.217	-0.249	-0.678	0.0	-0.289	0.0	-2.477	1.538	-3.83	-2.983	-0.616	-3.266	-0.41	-0.754	-0.449	-2.182	0.0	-4.549	0.362	-0.783	-1.59	-0.306	0.0	-1.655	-3.525	0.872	-0.23	-2.874	0.0	-2.337	-0.631	2.796	-0.292	0.0	0.309	0.0
taxongroup_topic	Pèr-9953_24_cow-108	-0.093	0.0	0.393	-0.219	-0.625	0.0	0.132	-0.325	-0.249	-0.585	0.0	0.0	-0.259	-1.398	-0.373	0.0	0.0	0.0	-0.616	0.0	0.146	0.225	-0.051	-0.375	-0.751	-0.477	-0.209	-1.01	0.159	0.0	0.679	0.515	-0.96	-0.455	0.0	-0.521	-0.265	0.406	0.0	-0.902	-0.231	0.0	0.0	0.0	-0.051	0.0	-0.506	-0.157	0.0	-0.372	-0.343	0.568	-0.832	0.0	-1.194	-0.223	0.581	-0.133	-0.703	0.0	-0.288	-0.304	0.403	-1.335	0.308	-0.697	-0.584	-0.868	-0.328	-0.295	0.203	-1.754	0.0	-0.76	-0.036	-0.018	0.0	0.0	-0.352	0.0	0.0	0.0	0.486	0.0	0.0	0.0	-0.624	0.37	-0.192	0.0
taxongroup_topic	Com-4c8f_41_cow-67	0.027	-0.051	-0.218	-0.124	-0.091	-0.346	0.0	-0.325	-0.745	-0.044	0.0	0.0	-0.133	-0.649	0.0	-1.108	0.0	-0.074	0.0	-1.539	-0.578	0.0	-0.262	-1.542	-0.223	-0.109	0.368	-0.564	-0.528	0.392	-0.834	-0.529	-0.583	-0.863	-0.405	0.073	0.0	-0.227	-1.394	0.274	-1.082	0.0	-0.214	0.02	-0.216	-0.024	-0.017	0.0	0.0	0.317	-1.164	0.274	-0.723	-0.387	0.0	-0.859	-0.643	-0.089	-0.201	-0.518	-1.056	-0.061	-0.836	-0.361	-0.657	-0.789	-0.672	-0.133	-0.446	0.026	0.0	-1.236	0.182	-1.569	0.438	-0.224	-0.3	0.0	-1.217	-0.522	0.0	0.186	0.0	-0.199	0.0	-0.321	-0.491	0.0	-0.049	0.0
taxongroup_topic	Coy-1bf1_280_cow-19	0.0	0.0	0.0	0.0	0.0	0.372	0.0	-0.014	-0.308	-0.179	0.0	0.0	0.0	0.0	0.0	-0.243	0.0	0.328	-0.29	0.0	0.0	-0.267	-0.411	0.0	0.181	0.0	0.0	0.0	0.0	-0.244	-0.032	0.0	-0.477	0.0	0.0	0.0	0.0	0.0	-0.26	0.0	0.802	-0.343	0.0	0.0	0.046	0.146	0.0	-0.38	0.0	0.0	-0.747	0.0	-1.091	-0.687	-0.429	0.0	0.735	0.0	0.0	0.0	0.0	0.0	-0.582	0.0	-0.2	-0.034	0.0	-0.541	0.0	0.0	0.0	-0.128	0.0	-0.026	-0.455	0.0	0.0	0.0	0.0	0.33	0.034	-0.059	0.37	1.39	0.0	0.0	0.0	0.0	0.0	0.0
taxongroup_topic	Hyp-f6cf_197_cows-11	-0.009	-0.161	0.32	0.0	-1.764	0.0	-1.133	-0.171	-0.765	-1.007	0.092	0.0	0.0	0.144	0.0	0.0	0.0	-0.097	-0.495	0.177	0.0	-0.5	0.204	0.0	0.0	0.0	0.072	-0.588	0.0	0.067	-0.455	-1.798	-0.172	0.104	-0.301	0.0	0.035	-0.277	0.0	0.0	0.0	0.0	0.0	-1.303	0.0	0.015	0.066	-0.262	0.0	-0.588	0.0	0.094	0.0	0.0	0.0	-1.27	0.0	0.0	0.0	1.114	-0.305	-0.259	0.181	0.863	0.0	-0.112	-0.6	0.0	-0.778	0.0	-0.875	-0.19	-0.504	0.0	-0.151	-0.502	0.0	0.0	-0.792	0.577	0.0	0.0	-0.359	0.0	-0.109	0.0	0.0	0.0	0.0	0.0
taxongroup_topic	Mac-251e_316_cow-29	0.0	0.0	0.443	0.338	-0.508	0.0	0.0	-0.566	0.0	0.104	-0.305	0.406	0.0	-0.534	0.065	0.0	0.0	0.229	-0.473	-0.359	-0.105	-0.414	-0.228	0.0	0.0	0.0	0.0	0.0	0.0	0.0	-0.66	0.0	-0.131	-0.398	0.0	0.0	0.0	-0.987	0.0	0.0	0.401	-0.094	0.259	0.0	-0.597	0.0	0.046	0.0	-0.269	-0.309	0.528	-0.338	-0.05	-0.621	0.0	-0.3	0.0	0.0	0.0	-0.248	0.0	0.0	-0.041	0.0	0.0	-0.469	0.0	-0.435	-0.265	0.0	0.0	-0.428	0.0	-0.183	0.0	-0.642	0.0	0.0	0.0	0.0	0.0	0.0	0.0	-0.12	0.0	0.0	0.0	0.0	-0.006	-0.57
taxongroup_topic	Bos-be23_2_cow-7	0.0	0.0	0.0	0.0	0.0	0.0	0.0	-0.943	0.0	0.439	0.054	-0.121	0.0	-0.248	0.0	0.0	-0.236	-0.583	0.531	0.0	0.0	0.038	0.322	0.0	0.0	0.0	0.0	0.0	-0.847	0.147	-0.089	0.0	0.0	0.0	0.0	0.0	0.0	-0.52	0.0	-0.652	0.0	0.0	0.0	-0.368	0.0	0.0	0.0	-0.513	-0.375	0.0	0.0	-0.256	-0.366	0.0	-0.229	0.0	0.213	0.0	-0.093	0.087	-0.676	-0.273	-0.244	0.005	0.0	0.0	0.0	0.0	0.0	-0.362	0.831	-0.606	0.0	0.0	-0.517	0.0	-0.036	0.0	0.0	0.0	0.072	0.0	0.0	0.0	-0.254	0.0	0.261	0.0	0.0	0.0
taxongroup_topic	Man-5a67_13_cow-4	0.0	0.0	0.148	-0.633	0.789	-0.367	-2.384	-1.316	0.352	0.267	0.0	0.0	0.015	-0.534	0.0	0.0	0.0	0.0	0.306	0.275	0.0	0.0	-0.066	-0.194	0.0	-0.825	0.0	0.0	0.0	0.501	-0.006	0.817	0.0	-1.137	0.0	0.0	-0.531	0.032	0.0	0.434	0.298	0.0	0.198	0.0	0.0	-0.59	-0.767	0.0	0.114	0.469	-0.67	0.013	-0.05	-0.393	-0.328	0.0	-0.303	0.0	0.0	0.412	-0.186	0.0	0.049	-0.679	-0.035	0.0	0.0	-1.091	-0.38	-0.541	0.0	-0.753	0.0	-0.382	-0.046	0.0	0.0	0.0	0.0	0.0	-0.396	0.0	0.0	0.0	-1.402	0.0	0.339	-0.353	-1.095	0.0
taxongroup_topic	Aur-c4ea_75_cows-4	0.0	0.036	-0.264	0.0	0.0	-0.37	-0.654	0.0	-0.279	0.0	-0.018	0.058	0.0	0.0	0.023	0.0	-0.293	-0.575	0.0	0.569	-1.131	0.0	0.0	-0.072	0.0	-0.806	0.04	-0.301	0.106	0.0	-0.63	0.0	-0.046	0.0	0.225	0.0	0.0	-0.203	0.0	-0.14	0.0	-0.631	0.0	0.0	0.185	0.232	0.0	-0.604	0.273	0.0	0.0	-0.342	0.0	-0.573	-0.653	-0.328	0.0	0.0	-0.694	0.0	0.0	0.0	0.061	0.0	0.0	-0.308	-0.406	0.052	0.0	0.352	-0.462	-0.354	-0.582	-0.267	0.0	-0.356	-0.308	0.0	-0.178	-0.359	-0.347	-0.543	0.0	-0.39	0.0	0.0	0.466	0.0	0.0	-0.325
taxongroup_topic	Tenba9e_6_cows-24	0.271	0.0	-0.56	0.194	0.381	0.0	0.0	0.463	-0.401	0.0	0.0	-0.323	0.0	0.0	0.0	-0.233	0.0	0.708	0.0	-0.513	-0.378	0.511	0.0	-1.017	0.0	-0.109	0.0	0.0	0.0	-0.115	-0.028	-0.259	0.0	-0.084	0.0	0.0	-0.093	0.0	-0.72	0.0	0.0	0.0	-0.33	-0.364	-0.086	-0.235	0.014	0.0	0.0	-0.03	-0.491	0.0	0.224	0.0	-0.426	-0.061	-1.205	0.218	0.0	0.0	0.313	0.0	-0.201	-0.302	-0.738	0.4	0.0	0.0	0.0	0.0	0.0	0.0	0.164	-0.622	0.104	0.0	-0.498	0.0	-0.997	0.078	0.0	0.332	-0.53	0.0	-0.66	-0.133	-0.491	-0.191	-0.476	0.0
taxongroup_topic	Art-6267_113_cows-33	0.746	0.0	0.0	-0.495	0.337	-0.005	0.0	-0.004	-0.317	0.137	0.0	0.038	0.0	0.0	0.108	0.0	0.0	0.0	0.0	0.408	0.002	0.413	0.0	-1.173	0.0	-0.044	0.0	0.0	0.0	0.653	0.188	-0.259	0.0	-0.749	0.0	0.0	-0.15	-0.233	-0.731	-0.123	0.0	0.0	-0.138	0.0	-0.964	-0.781	-1.419	0.0	-0.024	-0.038	-0.304	0.0	0.0	-0.03	-0.426	-0.041	-0.996	0.0	0.0	0.0	-0.388	0.0	-0.42	-0.393	-0.406	0.0	0.0	-0.472	0.0	-0.355	0.0	-0.814	0.005	-0.494	-0.617	0.0	0.366	0.0	-0.412	0.0	-0.473	0.314	0.0	-0.398	-0.66	-0.133	-0.491	0.0	0.0	-0.288
taxongroup_topic	Afr-7494_7_cows-12	0.0	0.0	0.445	0.024	-0.625	0.0	-0.343	-1.105	0.0	-0.219	0.0	0.0	0.0	0.0	-0.032	0.0	0.0	-0.277	-0.492	-0.147	0.0	-0.07	0.0	0.0	0.0	0.0	-0.564	-0.317	0.0	0.0	0.0	-0.64	0.0	-0.302	0.0	0.0	-0.759	-0.584	0.617	0.0	0.0	0.0	0.0	-0.423	-1.183	0.0	0.392	0.0	0.0	-0.07	-0.124	-0.126	-0.001	0.0	0.0	-0.223	0.403	-0.714	-0.372	0.57	0.0	-0.259	-0.231	0.0	0.0	-0.305	-0.491	-0.9	0.116	0.0	0.0	-0.837	0.0	-0.198	0.0	-0.018	0.028	0.0	-0.061	0.0	0.707	0.0	0.0	0.0	-0.109	0.0	0.0	0.0	0.0	-0.483
taxongroup_topic	Sir-1b7d_2_cows-11	-0.006	-0.062	0.853	0.265	-0.859	0.0	-0.268	-0.604	0.386	-0.356	0.0	-0.616	0.0	0.0	0.361	0.0	0.0	-0.536	-0.361	0.109	0.0	0.0	0.0	-0.31	0.0	0.0	-0.206	-0.328	0.0	0.0	0.0	-0.692	0.0	-0.442	-0.41	0.0	-0.093	-0.257	0.0	-0.551	0.0	0.0	-0.089	-1.085	-0.644	0.0	0.296	0.0	-0.392	-0.338	0.083	-0.459	0.308	0.0	-0.426	-0.463	-0.353	0.101	0.0	0.369	0.0	-0.375	-0.176	0.0	0.0	-1.48	-0.304	-0.266	0.121	0.0	0.0	-0.728	0.0	-0.092	0.0	-0.068	-0.288	0.0	-0.301	-0.307	0.15	0.0	0.0	0.0	-0.689	0.0	-0.523	0.0	0.0	0.215
taxongroup_topic	Orn-efbf_5_cow-34	0.0	0.0	0.32	0.0	-0.863	0.0	-0.075	-0.14	-0.514	-0.401	0.0	0.0	0.0	-0.24	0.0	0.0	0.0	0.032	0.0	-0.139	0.0	-0.33	-0.054	0.0	0.0	0.0	0.032	0.0	0.0	0.0	-2.161	-0.595	-0.147	-0.256	-0.301	0.0	0.245	0.0	0.0	0.0	-0.372	0.0	-0.161	0.0	0.0	0.0	0.271	0.0	0.0	-0.102	0.65	-0.571	-0.419	0.0	0.0	-1.443	-0.461	0.0	-0.181	0.028	0.137	0.0	0.0	0.213	0.0	-0.112	0.0	0.0	-1.164	0.0	-0.07	-0.19	0.286	0.0	-0.151	-0.502	-0.178	0.0	-0.584	0.558	0.0	0.0	-0.388	-0.12	0.0	0.0	0.0	0.0	-0.006	0.0
taxongroup_topic	Dug-bf37_20_cows-16	-0.023	0.376	0.0	0.39	0.381	0.0	0.011	-0.855	-0.145	-0.837	0.0	-0.06	0.0	0.0	-0.429	-0.669	0.0	-0.8	-0.978	-0.569	0.0	0.0	-1.0	-0.31	-0.617	-1.665	0.0	0.645	0.0	0.0	-0.833	-0.448	-0.094	-0.044	-0.13	0.0	-0.675	0.26	0.411	0.0	-0.928	-0.223	-0.296	-1.021	-0.655	-0.305	0.559	0.0	0.0	-0.464	0.143	-0.211	-0.296	-0.625	-0.529	0.165	-0.353	-0.863	-0.116	0.406	0.0	-0.184	-0.057	-0.301	0.0	0.307	-0.915	0.0	0.0	-0.608	0.0	0.0	-0.088	0.301	-0.018	-0.015	0.0	0.0	-0.061	-0.467	0.0	-0.151	0.0	-0.681	-0.769	0.54	-0.556	0.0	0.0	0.163
taxongroup_topic	Man-5a67_2_cows-24	0.0	-0.47	0.745	0.137	-0.35	-0.759	0.0	-0.004	0.367	-0.219	0.0	-0.59	0.0	0.0	0.134	0.0	-1.385	0.0	-0.501	0.0	-0.922	0.0	0.0	-0.31	-0.205	0.0	-0.533	-0.293	0.285	0.0	0.0	-0.666	0.0	0.0	0.0	0.0	-0.093	-0.45	0.0	0.0	0.0	0.0	-0.226	0.0	-0.595	0.0	0.0	0.0	-0.296	-0.029	0.006	-0.401	0.0	0.0	-0.426	-0.819	-0.353	-0.219	0.0	0.0	-0.008	0.0	-0.348	0.0	0.0	-0.306	0.0	-0.37	0.005	0.0	0.0	-0.3	-0.344	-0.092	0.0	0.055	-0.233	0.0	0.0	-0.539	0.142	0.0	0.0	-0.005	-0.66	0.0	0.0	0.0	0.0	0.345
taxongroup_topic	Rep-aa64_489_cows-23	0.0	0.0	0.089	0.0	-0.74	0.0	-0.075	0.425	-0.417	-0.511	0.0	0.274	0.0	0.039	0.0	-0.052	0.0	0.174	0.0	-0.111	-0.41	-0.33	-1.051	0.0	-0.061	0.029	-0.028	0.0	0.0	-0.622	-1.252	0.0	-0.828	-0.076	0.0	-0.422	0.253	0.0	-0.051	0.0	-0.392	0.0	0.253	0.0	0.0	0.0	0.606	0.0	0.0	0.075	-0.551	-0.129	-0.11	0.0	0.0	-0.677	-0.654	-0.015	-0.429	0.0	-0.017	0.0	0.644	-1.131	0.0	-0.453	0.0	0.0	-1.111	0.0	-0.094	0.141	0.035	0.0	0.0	-0.155	-0.054	0.0	0.343	-0.019	0.0	0.0	-0.216	0.176	0.0	0.0	0.0	0.0	0.0	0.0
taxongroup_topic	Bea-1194_99_ibex-14	0.0	0.0	-0.115	0.159	-0.449	0.0	-0.305	-0.643	0.0	-0.418	-1.349	0.0	-0.293	0.0	0.126	0.0	0.0	-1.289	-1.226	0.037	0.0	0.406	0.484	0.0	-0.744	0.0	0.303	-0.755	0.443	-1.047	-0.15	-0.051	0.0	-0.448	0.365	0.0	0.078	-0.45	0.0	-0.28	0.0	0.0	-0.162	-1.772	-0.595	0.233	-0.07	-0.09	-0.468	0.094	0.596	0.0	-1.126	0.0	0.0	-0.433	-0.164	-0.171	-0.431	0.635	0.0	-0.529	-0.348	0.188	0.0	-0.172	-0.491	-0.242	-0.858	0.0	0.0	-0.324	0.0	0.0	-0.606	-1.051	0.0	-0.006	0.269	0.0	-0.309	0.0	-0.006	-0.198	-0.155	-0.305	0.0	0.0	0.0	0.295
taxongroup_topic	Kor-3a14_2_korrigum-2	-0.455	0.0	0.326	-0.545	-1.191	-0.24	-0.253	-0.566	0.503	0.181	-0.508	0.0	0.18	-0.534	0.123	-0.848	-0.301	0.357	0.103	0.275	-0.358	0.0	0.145	0.0	0.641	-1.816	0.0	-1.081	-1.297	0.55	-0.006	0.0	0.366	-1.229	-1.435	-0.45	0.426	0.0	-0.151	0.055	0.298	0.0	-0.103	0.0	-0.158	0.052	-0.462	0.412	-0.761	-0.305	-0.147	-0.386	-0.731	0.006	-0.198	0.048	0.127	0.0	-0.835	-0.58	-0.868	0.129	0.437	0.959	-0.02	0.0	-0.417	-0.226	-0.625	0.0	-0.061	-1.009	0.0	-0.316	0.318	0.0	-0.412	0.0	-0.14	-0.414	-0.396	0.0	0.0	-1.17	0.0	-0.625	0.477	-0.643	-0.417	0.0
taxongroup_topic	Kor-3a14_2_korrigum-6	0.0	-0.689	0.384	-0.168	0.227	0.0	0.0	0.265	-0.445	-0.049	-0.551	-0.457	0.0	-0.344	0.0	-0.183	0.849	-0.006	0.0	0.0	-0.304	0.0	-0.603	-0.349	-0.051	-0.675	-0.621	-0.444	0.0	0.565	0.197	-0.089	0.0	0.586	0.0	0.0	-0.501	0.0	0.0	0.0	0.0	0.0	0.0	0.455	0.0	0.766	0.0	0.006	0.521	-0.223	-0.305	0.0	0.0	-0.901	0.391	-0.515	-1.044	-0.323	-0.354	-0.799	-0.645	0.412	0.247	-0.645	0.0	-0.103	0.0	-0.018	0.338	-0.629	-0.472	0.072	0.0	-0.529	-0.821	0.0	0.0	0.271	0.394	-0.366	-0.393	-0.228	-0.012	0.0	-0.488	0.0	0.0	-0.306	0.369	-0.258
taxongroup_topic	Mar-3955_130_markhor-2	0.0	0.0	-0.038	0.057	0.0	-0.105	-0.018	-0.566	0.352	-0.309	0.021	0.0	0.0	-0.534	0.0	0.129	0.0	0.0	0.0	0.245	0.0	0.0	-0.391	0.0	-0.07	-0.855	0.0	0.0	0.0	0.387	-0.006	0.0	0.0	-0.931	0.0	0.0	0.0	0.0	0.0	1.177	0.298	0.0	0.0	0.0	0.0	0.052	-0.734	0.0	-0.223	-0.305	0.0	-0.327	-0.05	0.0	-0.198	0.116	-0.062	0.0	0.0	-0.404	-0.312	0.0	-0.005	0.0	0.0	0.0	0.0	0.0	-0.38	0.0	0.0	-0.921	0.0	0.0	-0.046	0.0	0.039	0.0	0.0	0.0	-0.528	0.0	0.0	-0.542	0.0	-0.625	-0.509	0.0	-0.006	0.021
taxongroup_topic	Mar-3955_4_markhor-2	-0.822	0.0	0.384	0.057	-0.347	-0.105	-0.018	-0.566	0.352	-0.309	0.021	0.006	-0.345	-1.309	-0.551	-0.686	0.0	0.0	0.0	0.59	0.0	0.0	-1.011	-0.219	-0.116	-1.335	0.0	-0.524	0.0	0.387	-0.006	0.0	0.0	-0.931	-0.595	-0.254	0.467	0.134	0.0	1.177	-0.145	0.0	0.0	0.0	0.0	-0.234	-0.734	0.0	-0.171	-0.305	0.0	-0.327	-0.558	-0.198	-0.568	0.944	-0.062	0.0	0.0	-0.849	-0.312	0.0	-0.005	0.0	0.0	-0.318	-0.548	-0.807	-0.38	0.0	0.0	-0.921	0.0	-0.694	-0.046	0.0	0.039	0.0	-0.006	0.0	-0.528	0.352	0.0	-0.542	0.0	-0.625	-1.903	0.0	-0.006	0.021
taxongroup_topic	Sno-d342_91_markhor-29	0.755	-0.562	-0.478	0.0	-0.883	0.0	-0.501	0.0	-1.604	0.352	-0.829	-0.735	0.0	0.0	-0.045	-1.01	0.0	3.505	0.0	-2.313	0.0	-0.113	0.0	0.0	0.0	-0.096	0.024	-1.191	-0.343	-0.046	-0.199	0.0	0.392	-1.315	0.031	0.159	-0.134	0.0	-0.78	0.0	0.255	0.486	-1.051	0.283	0.183	-0.404	0.4	-0.006	0.0	0.65	0.0	0.383	0.0	-0.605	-0.878	-0.363	0.0	0.0	0.052	-0.721	-0.626	0.207	-0.29	-0.852	0.714	-1.118	-0.341	-0.332	-0.948	-1.633	-0.634	0.25	-0.206	0.042	0.009	0.0	0.0	0.0	-0.687	-1.053	0.0	-0.08	-1.505	0.778	-0.131	0.0	0.0	0.423	-0.377	1.185
taxongroup_topic	Cap-9b25_29_markhor-36	0.551	0.242	0.0	-0.372	-1.754	0.299	-1.101	-1.483	-1.179	-0.459	-0.754	-0.599	0.0	-0.843	0.0	0.114	-0.508	0.586	-0.465	-0.981	0.575	0.127	0.052	0.126	-0.035	-0.737	0.562	-1.338	-0.533	-0.107	-0.008	-0.374	-0.278	-1.367	0.115	-0.504	0.499	0.0	-1.421	-0.01	-0.629	-0.932	-0.216	0.022	0.0	-0.764	-0.164	-0.409	0.183	0.068	0.108	0.923	-0.635	-0.967	-0.347	-1.039	-0.87	0.0	0.0	0.347	-0.524	-0.014	-0.241	-1.355	-0.209	-1.715	0.388	0.221	-0.38	0.18	0.05	-0.32	-0.069	-0.013	0.832	-0.099	-0.504	-0.287	0.729	-1.525	0.462	-0.56	0.0	0.671	0.0	-0.741	0.045	-0.258	-0.098	0.0
taxongroup_topic	Cap-9b25_2_markhor-17	0.0	-0.023	0.331	0.0	-0.949	0.0	-0.503	-1.209	0.538	-0.525	-0.01	0.0	0.0	-0.406	0.0	0.0	0.0	-0.313	0.007	-0.166	0.0	-0.624	0.0	0.208	-0.115	-0.397	0.0	-0.14	-0.45	0.0	0.0	0.0	-0.566	-0.957	0.0	0.0	-0.453	0.0	0.0	-0.379	0.298	-0.219	-0.535	-0.612	0.0	-0.607	0.392	0.0	0.103	0.251	-0.351	-0.287	1.01	0.0	0.0	-0.517	-0.085	0.0	0.438	0.625	0.148	-0.259	0.0	-0.05	-0.092	-0.172	-0.551	0.0	-0.968	-0.02	0.0	-0.324	-0.348	-0.239	0.205	-0.315	0.0	0.0	-0.061	-0.272	0.0	-0.595	-0.353	0.0	-0.109	0.18	-0.201	0.0	0.03	0.0
taxongroup_topic	Mar-3955_2_markhor-2	-0.888	0.0	-0.038	-0.069	-0.121	-0.418	-0.331	-0.868	0.005	0.069	-0.287	-1.057	0.0	-0.534	0.0	-0.689	0.377	0.0	0.0	0.275	0.0	0.0	-0.391	0.0	0.063	-0.729	0.0	-0.815	-0.491	-0.045	-0.006	0.63	0.0	-2.12	0.0	0.0	0.0	-0.371	0.0	0.126	0.298	-0.223	-0.066	0.0	-0.09	0.661	-0.504	0.062	-0.159	1.309	0.274	-0.35	-0.05	-1.274	-0.198	-0.315	-0.344	0.0	0.0	-0.03	-0.237	-1.601	-0.541	-0.499	0.0	0.0	0.562	-0.415	-0.91	0.0	-1.137	-0.832	-0.661	-0.554	0.586	0.0	-0.467	-0.551	0.299	-0.483	-0.396	-0.063	0.308	-0.555	0.0	-0.546	-1.044	0.0	-0.006	-0.19
taxongroup_topic	Mar-3955_75_markhor-3	0.19	0.0	0.0	0.592	0.098	0.0	-0.351	-1.411	0.0	-0.174	0.0	0.0	0.079	-0.117	-0.372	-0.417	-0.404	0.0	0.0	0.0	0.0	0.0	0.0	-0.422	-0.288	0.0	0.0	-0.616	-0.694	0.493	-0.413	-0.511	0.0	-0.875	0.0	0.0	-0.533	-0.095	0.0	-0.715	-0.175	0.0	0.0	0.0	0.0	-0.427	-0.622	0.0	0.0	0.0	0.0	-0.476	-0.05	-0.704	0.026	-0.36	-0.477	0.0	0.0	-0.625	-1.006	-0.183	-0.228	0.0	0.0	0.0	0.0	0.0	-0.531	0.206	-0.347	-0.339	-0.473	-0.509	0.499	0.238	0.0	-0.883	0.299	-0.364	0.0	0.0	0.338	0.043	-0.361	-0.531	0.562	-0.288	0.489	0.0
taxongroup_topic	Mar-3955_52_markhor-11	0.629	0.099	-0.202	-0.123	0.281	0.0	0.0	-0.897	-0.337	0.0	0.299	0.0	0.0	-0.026	-0.147	0.388	0.0	0.0	-0.579	0.0	-0.378	0.0	0.0	-0.376	-0.199	-0.029	-0.42	-0.49	0.0	0.215	0.255	-0.168	0.0	-0.477	-0.695	-0.035	-0.543	-0.997	-0.556	0.0	-0.649	0.571	0.0	-0.491	-0.085	-0.339	0.546	0.0	-0.301	-0.6	-0.611	-0.148	-0.178	-0.481	-0.203	-0.645	-0.89	0.804	-0.527	0.0	0.0	0.0	-0.549	-0.805	-0.616	0.0	0.077	-0.088	0.0	0.0	-0.398	-0.59	-0.167	-0.117	0.0	0.194	-0.093	0.0	-0.508	-0.017	-0.033	0.332	-0.081	0.0	0.043	-0.268	-0.005	0.0	-0.131	-0.514
taxongroup_topic	Woo-2b74_103_saiga-21	0.0	0.0	0.0	0.0	0.0	-0.102	0.0	-0.617	-0.19	-0.319	0.0	0.0	-0.41	0.0	0.0	-0.196	0.0	-0.536	0.0	0.0	0.0	0.08	-0.629	0.0	0.0	0.0	0.0	0.0	0.392	-0.229	-0.466	0.0	-0.584	0.0	0.0	0.0	0.0	0.0	-1.018	0.0	0.493	0.46	0.0	0.0	0.0	-0.19	0.0	-0.643	-0.392	0.292	-0.053	0.0	-2.072	0.0	-0.37	-0.523	0.573	0.0	-0.469	-0.545	0.0	0.039	-0.863	0.0	-0.234	-0.189	0.0	-0.455	-0.019	0.0	0.0	-0.693	0.0	0.0	-1.027	0.0	0.0	0.0	0.0	-0.237	0.123	0.14	0.0	2.58	0.0	0.0	0.0	0.0	0.0	0.0
taxongroup_topic	Mac-9f03_40_saiga-34	0.304	0.0	0.0	0.0	0.0	-0.521	-0.006	-0.156	0.272	0.0	0.0	0.0	0.0	0.0	0.0	-0.051	0.0	0.0	0.043	0.0	0.0	-0.104	-0.629	-0.37	-0.402	0.0	0.053	0.0	0.0	-0.229	0.0	-0.743	0.0	-0.294	0.0	0.0	0.0	0.0	0.0	-0.014	0.197	0.147	0.0	-0.973	0.0	0.0	0.0	-0.461	0.0	0.0	-0.335	0.0	0.0	0.377	-0.37	0.0	0.573	-1.313	0.0	0.0	0.0	-0.236	-0.477	-0.315	0.0	0.0	0.0	0.0	0.0	0.0	-0.168	0.16	0.0	0.0	0.0	0.0	0.0	0.0	-0.731	-0.455	-0.395	0.032	-0.392	0.0	0.0	0.0	0.0	0.0	0.0	0.0
taxongroup_topic	Spr-39f8_18_springbok-2	0.0	0.0	0.12	0.057	0.0	-0.2	-0.018	-0.566	0.352	-0.309	0.021	0.0	0.0	-0.534	0.0	0.129	0.488	0.0	-0.021	0.245	0.0	0.0	-0.319	0.0	-0.07	-0.855	-0.29	0.0	0.0	0.372	-0.006	0.0	0.0	-0.863	0.0	0.0	0.0	0.0	0.0	0.626	0.298	0.0	0.0	0.0	0.0	0.052	-0.734	0.0	-0.223	-0.305	0.0	-0.327	-0.05	0.0	-0.198	0.116	-0.764	0.0	0.0	-0.404	-0.312	0.0	-0.005	0.0	0.0	0.0	0.0	0.0	-0.38	0.0	0.051	-0.921	0.0	0.0	-0.046	0.0	0.039	0.0	0.0	0.0	-0.528	0.0	0.0	-0.542	0.0	-0.625	-0.513	0.0	-0.006	0.021
taxongroup_topic	Spr-39f8_189_springbok-2	0.0	0.0	0.12	0.057	0.0	-0.2	-0.018	-0.566	0.352	-0.309	0.021	0.0	0.0	-0.534	0.0	0.129	0.488	0.0	-0.021	0.245	0.0	0.0	-0.319	0.0	-0.07	-0.855	-0.29	0.0	0.0	0.372	-0.006	0.0	0.0	-0.863	0.0	0.0	0.0	0.0	0.0	0.626	0.298	0.0	0.0	0.0	0.0	0.052	-0.734	0.0	-0.223	-0.305	0.0	-0.327	-0.05	0.0	-0.198	0.116	-0.764	0.0	0.0	-0.404	-0.312	0.0	-0.005	0.0	0.0	0.0	0.0	0.0	-0.38	0.0	0.051	-0.921	0.0	0.0	-0.046	0.0	0.039	0.0	0.0	0.0	-0.528	0.0	0.0	-0.542	0.0	-0.625	-0.513	0.0	-0.006	0.021
taxongroup_topic	Tho-fdaf_7_springbok-22	0.505	-0.253	0.0	0.005	-0.332	0.0	0.0	-0.565	-0.555	0.245	0.0	0.0	0.0	-0.895	0.0	-0.28	0.0	0.936	-0.312	-0.47	-0.415	-0.365	0.0	-0.81	-0.621	-0.109	0.112	0.0	-0.387	0.534	-0.143	-0.265	0.435	-0.128	-0.695	-0.035	-0.256	0.0	-0.56	-0.508	0.0	0.374	0.0	-0.444	-0.085	0.329	0.022	0.0	0.0	-0.98	-0.563	-0.71	0.131	-0.472	0.0	0.199	-0.228	-0.228	0.0	0.0	-0.465	0.0	-0.634	-0.997	-0.213	0.0	-0.653	-0.15	0.0	0.0	0.0	-1.064	-0.007	-0.063	-0.004	0.0	-0.497	0.0	-0.809	0.071	-0.006	0.334	0.064	-0.831	0.0	-0.133	-0.491	0.0	-1.327	-1.231
taxongroup_topic	Wil-de29_26_topi-41	-0.362	0.0	0.401	-0.374	-0.953	-0.302	-0.187	-0.114	-0.006	-0.919	0.0	0.0	0.0	-0.241	-0.41	-0.641	0.0	0.0	0.0	0.0	-0.248	0.497	-0.133	0.0	0.0	-0.173	0.106	-0.556	0.0	0.0	-1.549	0.0	-0.739	-0.137	-1.122	0.0	-1.166	-0.643	0.0	-0.057	-0.744	0.615	0.18	-0.183	-0.051	0.081	0.469	0.0	0.48	0.29	0.0	-0.753	-0.376	0.305	-0.551	-0.9	0.0	0.088	-0.41	0.0	-0.404	-0.392	-0.551	0.392	0.048	-0.504	-0.122	0.572	-0.955	0.0	-0.368	-0.809	0.0	0.0	-0.735	-0.863	-1.057	0.0	-1.031	-0.482	0.0	0.0	-1.378	-0.184	0.0	0.0	0.0	0.0	-0.006	-0.214
taxongroup_topic	Dam-2357_31_topi-49	-0.643	-0.444	0.0	0.0	0.392	0.853	-0.844	-0.334	0.0	0.0	0.039	0.156	0.0	-0.649	-0.233	0.0	0.0	-0.938	0.0	0.0	0.0	0.037	0.0	-0.29	0.0	-1.49	-0.379	-0.05	-0.376	-0.312	-0.285	0.0	0.0	-0.495	-0.133	0.0	-0.311	-0.233	-0.087	0.0	0.225	-0.311	0.016	0.0	-1.051	-0.077	0.0	0.0	0.0	-0.368	0.0	0.0	-0.357	-1.177	0.369	-0.138	-0.491	0.0	0.0	0.0	0.0	-0.691	0.216	0.0	-0.235	0.0	-0.051	-0.006	-0.239	0.0	0.0	0.786	-0.622	-0.664	0.0	0.0	0.0	0.242	-0.305	0.104	-0.198	0.0	0.0	0.0	0.0	0.0	0.289	0.0	0.394	-0.005
taxongroup_topic	Kor-3a14_2_topi-20	-0.102	-0.987	0.106	0.0	-0.625	0.0	-0.129	-0.463	-0.183	-0.11	0.0	-0.235	0.0	-0.204	0.0	-0.37	0.0	0.0	0.352	-0.146	0.0	0.0	0.959	0.0	-0.37	-0.229	0.0	-0.855	0.0	0.0	-0.682	0.0	-0.881	0.093	-0.82	0.0	-0.496	-0.046	0.0	0.0	-0.055	0.333	0.565	0.0	-0.094	0.0	-0.496	-0.348	0.63	-0.52	-1.146	-0.256	-0.05	0.0	-0.621	-0.223	0.0	0.0	-0.672	0.0	0.207	0.0	0.0	0.0	-0.003	-0.574	-0.591	0.368	0.347	0.006	0.0	-0.783	0.0	-0.219	-0.104	-0.346	0.0	0.504	-0.183	-0.228	-0.049	0.0	-1.119	0.0	0.0	-0.354	0.0	0.151	-0.486	-1.118
taxongroup_topic	Top-df25_5_topi-27	0.139	0.0	-0.695	0.0	0.233	0.172	-0.417	0.0	-0.045	-0.139	0.0	0.0	0.0	-0.658	0.0	-0.051	0.0	-0.176	-0.145	-0.087	0.115	-0.789	-0.41	0.083	0.677	0.227	-0.353	0.0	-0.229	-0.118	-0.56	0.09	-0.49	0.0	0.0	0.0	0.0	-0.455	0.357	-0.093	-0.012	0.0	0.673	-0.743	-0.302	0.517	0.0	-0.638	0.0	-0.051	-0.257	0.0	-0.469	-0.781	-0.391	0.0	-0.352	-0.85	0.0	-0.409	-0.457	-0.392	0.0	0.0	0.16	0.0	0.0	-0.143	0.0	-0.767	0.0	0.85	0.0	0.0	0.0	-0.309	0.0	0.0	-0.62	-0.495	-0.163	0.0	-0.017	-0.523	0.0	0.0	0.0	0.0	0.0	0.0
taxongroup_topic	Top-df25_5_topi-45	-0.565	0.359	0.572	0.364	0.523	-1.108	0.22	-0.345	0.063	-0.204	-0.572	-0.478	0.0	-0.457	0.409	0.0	-0.234	0.0	0.0	0.252	0.281	0.694	-0.037	-0.455	0.0	-0.664	-0.376	0.138	0.083	-0.228	-0.395	0.0	0.0	-0.163	-0.068	0.0	-0.35	-0.19	-0.061	-0.235	0.0	0.0	-0.244	0.07	-0.549	0.0	0.0	0.0	-0.024	0.141	-0.079	0.0	-0.604	1.04	0.781	-0.301	-0.732	-0.279	-0.849	-0.48	0.233	-0.876	-0.083	-0.37	0.921	-0.306	0.0	-0.72	0.005	0.0	-0.291	-0.843	-0.017	-0.143	-0.165	-0.844	0.0	0.0	-0.585	-0.301	0.0	-0.444	0.289	-0.656	-0.932	-0.315	0.392	0.0	0.183	0.783
taxongroup_topic	Dam-2357_28_topi-21	0.0	0.0	0.393	0.0	-1.044	0.0	0.0	-0.566	-0.129	-0.368	0.0	0.0	0.0	0.821	0.296	-0.139	0.0	0.508	0.463	-0.202	0.287	0.0	-0.018	-0.774	0.0	0.631	-0.163	0.0	0.0	-0.872	-0.309	0.308	-0.706	-0.218	0.0	0.108	-0.085	-0.162	0.0	-0.133	0.298	0.0	0.0	0.0	-0.051	-0.159	-0.685	0.0	0.0	-0.116	0.0	0.222	-0.05	0.0	-0.551	-0.868	-1.033	0.004	-0.41	0.0	-0.599	-0.428	0.0	0.171	-0.688	-1.287	-0.015	-0.738	-0.629	-0.382	0.082	-0.474	0.668	0.0	0.064	-0.018	0.0	0.0	-0.369	0.344	0.311	0.0	-0.288	0.0	0.0	0.0	0.0	0.386	-0.006	0.0
taxongroup_topic	Bov-d455_225_topi-7	0.465	0.253	0.0	-0.115	0.0	0.0	0.0	-0.846	-0.456	-0.293	0.0	-0.609	0.0	-0.486	0.0	-0.008	0.0	0.0	0.0	0.0	-0.615	0.02	-0.365	-1.766	0.0	-0.109	0.0	0.196	0.0	0.94	0.052	-0.265	0.0	-0.849	0.0	-0.156	0.0	0.0	-0.089	-0.185	0.298	0.203	0.0	-0.248	0.57	-0.231	0.0	0.0	0.0	0.03	-0.523	-0.868	-0.256	0.0	0.0	-0.061	-0.643	-0.473	0.0	0.0	0.0	-0.269	-0.977	-0.302	-0.611	0.409	-0.41	0.0	-0.989	0.0	0.64	-0.392	0.0	-0.188	0.0	0.0	-0.539	0.0	-1.376	0.0	0.0	1.072	-0.361	0.0	0.0	-0.133	-0.491	-0.39	0.033	-0.399
taxongroup_topic	Wal-cefe_2_ibex-3	0.0	-0.198	0.137	0.24	-0.609	-0.548	0.022	-0.566	0.123	0.139	-0.244	0.0	0.431	-0.534	0.0	0.174	-0.274	0.0	0.0	0.275	0.0	-0.701	-0.012	-0.195	-0.07	-0.841	0.136	-0.643	0.0	-0.701	-0.006	-0.223	0.0	-1.328	0.0	0.296	0.0	0.0	0.311	1.01	0.298	0.0	0.0	0.0	-0.294	0.052	-0.621	0.044	-0.223	-0.305	-0.574	0.818	-0.05	-1.54	-0.198	0.116	-0.44	-0.119	0.692	-0.423	-0.186	0.0	-0.578	0.0	0.0	0.0	0.0	-0.395	-0.177	0.0	0.0	-1.529	0.0	-0.268	0.759	0.0	-0.188	0.564	0.564	-0.19	-0.705	0.0	0.0	-0.571	0.0	-0.625	0.912	0.0	-0.006	0.025
taxongroup_topic	Wal-cefe_2_ibex-24	-0.624	-0.609	0.957	0.0	-0.625	0.006	-0.159	0.0	-0.457	-0.327	0.0	-0.357	0.0	-0.138	0.0	0.0	0.0	0.0	0.352	0.0	0.0	0.0	0.0	0.0	0.0	0.0	0.0	-0.855	0.0	-0.686	0.198	-0.479	-0.639	0.354	-0.347	0.0	0.183	-0.046	0.0	0.0	-0.01	-0.005	0.683	0.0	-0.094	0.0	0.0	0.0	1.221	-0.07	-0.402	-0.769	0.0	0.0	-0.621	-0.266	0.0	0.0	-0.672	0.0	-0.013	0.0	0.0	0.68	-0.132	-0.574	-0.591	0.245	0.288	0.0	0.025	-1.155	0.064	0.0	0.0	0.103	0.0	0.18	0.0	0.24	-0.049	0.0	-0.353	0.0	0.0	-0.643	0.0	0.0	-0.48	-0.312
taxongroup_topic	Wat-9861_20_buffalos-18	0.0	-0.16	0.393	0.0	-0.849	0.0	-0.32	0.484	-0.006	-0.427	0.0	0.0	-0.144	0.469	-0.354	0.042	0.0	-0.145	-0.644	-0.257	-0.14	-0.283	-0.816	0.0	0.0	0.498	0.0	0.352	0.0	0.183	-0.271	0.0	-0.845	0.206	-0.347	0.0	0.09	0.0	0.0	0.0	0.0	-0.28	0.57	0.0	-0.491	0.0	0.0	0.807	0.0	-0.07	-0.483	-0.123	0.0	0.0	-0.363	-0.77	0.463	-0.284	-0.41	0.0	-0.614	0.0	0.0	-1.251	0.308	-0.697	-0.061	0.0	-1.218	-0.192	-0.356	-0.961	-0.365	-0.003	-0.26	-0.018	0.052	0.0	0.0	-0.006	0.0	-0.694	-0.24	0.0	0.0	0.375	-0.266	0.0	0.0	0.0
taxongroup_topic	Wat-9861_91_buffalo-16	0.086	-0.592	0.62	-0.492	-0.136	-0.098	-0.551	-0.566	-0.449	-0.092	0.164	0.0	-0.02	-1.387	-0.491	-0.799	0.02	-0.464	0.142	0.0	-0.024	-0.523	0.0	0.0	0.154	-0.689	-0.032	-0.185	-0.351	0.0	0.0	0.647	0.791	-0.564	-0.17	-0.76	-0.731	0.0	-0.008	-0.069	-0.657	0.0	0.168	0.0	-0.056	0.0	-0.718	-0.577	-1.839	0.704	-0.255	-0.527	-0.812	0.178	0.308	-0.639	-0.91	0.449	-0.31	-0.661	-0.325	-0.606	-0.551	-0.446	-1.085	0.0	-0.654	-0.438	-1.387	-0.444	0.0	-0.403	-0.601	-0.217	-0.124	-0.533	-0.114	0.29	-0.344	-0.284	0.0	0.0	0.0	0.0	-0.061	0.181	-0.327	-0.953	-0.006	0.0
taxongroup_topic	Bub-df64_21_buffalo-39	0.0	1.892	-0.735	-0.977	0.629	0.0	0.115	2.098	-2.352	0.0	0.125	0.032	-0.944	-2.419	0.975	0.0	0.043	-1.919	0.0	0.0	-0.292	-0.367	0.677	-0.583	1.908	-0.381	-1.22	-0.593	-0.441	0.509	-0.408	-0.391	0.515	2.313	1.05	-0.214	0.077	-0.039	-0.356	-1.127	-0.274	-3.122	0.729	-0.312	-0.537	3.453	-1.157	-0.802	-0.309	0.512	-0.125	-2.626	-0.923	0.0	-0.314	-0.166	2.209	0.134	-0.258	-0.263	-0.843	-1.003	-0.021	-0.165	0.0	-0.29	0.545	0.0	-0.222	-0.251	0.0	0.227	-1.977	1.24	-0.597	-0.581	-0.214	-0.006	1.636	-0.199	-0.218	-0.132	0.0	0.023	-0.228	-0.107	0.0	-0.977	-0.988	0.368
taxongroup_topic	Bub-df64_21_buffalo-25	0.0	1.892	-1.056	-0.977	0.0	0.0	0.115	1.796	-1.956	0.0	0.125	0.032	-0.944	-2.419	0.975	0.0	0.49	-1.598	0.0	0.0	-0.292	-0.367	0.223	-0.283	1.908	-0.626	-1.22	-0.593	-0.441	0.509	-0.608	-0.391	0.609	2.313	1.05	-0.214	0.653	-0.463	-0.642	-1.184	-0.274	-3.122	0.448	-0.312	0.0	3.792	-0.871	-0.802	0.025	0.512	0.235	-2.162	-0.923	0.0	-0.456	-0.166	2.539	0.134	-0.258	0.065	-0.843	-1.33	-0.413	-0.165	0.0	-0.29	0.545	0.0	-0.222	-0.251	0.0	0.227	-2.275	1.439	-0.597	0.0	-0.678	-0.266	1.636	-0.199	-0.218	0.259	0.0	-0.311	0.0	0.124	0.0	-0.977	-0.988	0.368
taxongroup_topic	Bub-df64_21_buffalo-14	0.098	2.313	0.57	0.0	0.0	-1.713	0.134	-1.473	0.088	0.0	0.0	-0.037	0.0	-0.427	0.0	0.0	0.512	-0.234	2.285	-0.538	-1.372	-0.015	-0.015	-0.258	0.512	-0.055	-0.977	-0.868	-0.621	-0.254	-0.846	0.0	0.043	0.467	-0.248	0.0	-0.5	0.0	0.0	0.085	-0.165	-0.258	0.324	0.0	-0.469	0.688	-1.124	0.0	0.0	0.0	0.158	-0.664	-0.542	-0.218	1.439	0.0	-0.319	-0.238	-0.258	-0.263	-0.933	0.134	2.024	0.0	-2.211	0.0	1.636	-0.534	0.0	0.424	0.0	-0.287	-0.287	0.538	0.0	-0.527	0.0	0.0	0.775	0.0	-0.218	0.487	0.0	-0.574	0.512	-0.667	0.0	0.192	-0.613	0.0
taxongroup_comment	Afr-324e_131_animal-12	0.102	-0.46	0.823	0.121	-0.393	-1.499	0.0	-0.514	-0.499	-0.408	0.09	0.0	0.0	-0.534	0.0	-0.321	-0.368	0.0	-0.663	0.0	-0.694	0.218	-0.573	0.834	-0.302	-0.477	-0.013	0.433	0.0	0.055	0.3	0.0	0.306	-1.178	0.783	-0.359	0.293	0.078	-0.362	0.233	0.298	-0.362	0.352	-0.081	1.107	0.0	-0.198	0.0	0.0	-0.55	0.0	-0.006	-0.481	0.0	0.151	-0.411	-0.624	0.214	-0.069	0.042	-0.529	-0.354	-0.253	0.087	-1.505	-0.216	-0.428	-0.359	-1.341	-0.53	0.0	-0.144	0.0	0.0	-0.263	0.193	0.138	0.0	0.0	0.0	0.0	0.0	0.0	0.0	0.0	0.107	0.0	0.0	-0.006	-0.076
taxongroup_comment	Afr3777_5_animals-7	0.0	-0.133	0.0	-0.302	0.0	0.0	0.0	-0.291	0.116	0.0	0.039	0.0	0.0	0.0	-0.025	0.0	0.0	-0.255	0.0	-0.006	0.0	-0.061	-0.356	0.455	-0.542	0.0	-0.477	0.0	-0.198	0.0	-0.705	0.393	-0.719	-0.4	-0.009	-0.166	0.0	-0.557	-0.537	-0.401	0.0	0.0	0.0	0.0	-0.305	0.061	-0.775	-0.222	0.713	-0.694	0.139	-0.546	-0.883	0.207	0.0	-0.643	-0.379	0.0	-0.051	0.667	-0.171	-0.443	-0.714	0.0	0.0	0.0	0.0	-1.175	0.308	0.05	-0.006	-0.542	-0.39	-0.523	0.0	-0.347	0.0	0.0	-0.223	0.008	0.0	0.431	0.0	0.461	0.0	0.0	0.0	1.22	-0.504	0.0
taxongroup_comment	Bov-d455_230_bovids-5	-0.18	0.0	0.605	0.0	-0.779	-0.264	0.0	0.0	-0.208	-0.347	0.0	0.635	0.0	-0.346	0.0	-0.924	0.0	0.372	0.0	0.0	0.0	0.0	-0.172	-0.058	0.301	0.544	0.0	0.0	-0.287	-0.579	0.0	0.0	-0.141	0.219	0.0	-0.463	-0.206	0.053	0.0	0.0	0.0	0.0	0.0	0.0	-0.828	-0.172	0.0	-0.101	0.333	0.083	0.246	0.093	0.0	-1.284	0.0	-0.479	0.0	-0.279	0.0	0.0	0.316	0.0	0.284	-0.2	-0.068	-0.456	0.0	-0.759	-0.332	-0.638	0.0	-0.531	-0.016	0.0	-0.646	-0.078	0.0	0.0	-0.424	0.0	-0.434	0.236	-0.564	0.341	0.0	0.0	0.0	0.0	1.016	0.0
taxongroup_comment	Afr-324e_7_bovids-17	-1.519	0.16	-0.295	0.089	-0.8	0.489	0.329	0.466	-0.679	0.073	-1.126	-1.077	-0.44	-0.026	0.03	-0.182	0.0	-1.357	-0.571	0.103	-0.12	-0.019	-0.19	-0.393	-0.944	-0.42	-0.522	0.131	-0.298	1.027	-0.743	-0.749	-0.42	0.134	-0.496	-0.599	-0.442	0.352	-0.071	-0.538	0.621	0.0	-0.185	0.075	-0.887	0.338	-1.243	-0.519	0.225	-1.288	0.572	-1.667	0.046	-0.41	0.0	-0.212	-0.307	0.348	-0.153	0.039	-0.65	-0.254	-0.381	-0.428	0.025	-0.727	-0.849	-1.753	-0.829	-0.116	0.0	-1.801	-0.48	-0.218	-1.308	-0.545	-0.551	0.0	-0.236	0.65	-0.166	0.0	0.083	-0.718	-0.752	0.0	-0.146	1.506	-0.401	0.205
taxongroup_comment	Afr-324e_31_bovines-4	0.0	0.0	0.128	0.0	-0.957	0.0	-0.542	0.0	0.0	-0.174	0.0	0.008	0.0	0.0	0.0	-0.773	0.334	-0.692	0.0	0.0	0.0	0.0	0.0	0.289	-0.027	0.0	0.0	-0.198	-0.368	0.0	-0.955	0.745	-0.31	-0.086	-0.527	0.0	0.0	0.155	0.0	0.177	-0.305	0.0	0.0	0.0	0.0	-0.14	-0.654	0.0	0.0	0.032	0.507	-0.936	-0.054	0.0	0.36	-0.686	-0.137	0.0	0.0	-0.736	-0.269	0.0	0.0	0.0	0.0	-0.581	0.0	0.0	-0.07	0.051	0.0	-0.61	0.042	0.073	-0.234	-0.126	0.0	-0.384	-0.025	0.0	0.0	0.0	0.0	-0.085	0.0	0.0	0.784	0.0	0.0	0.0
taxongroup_comment	Afr-324e_2_bovine-13	-0.007	0.0	0.0	0.0	0.0	-0.453	0.293	-0.779	-0.279	0.0	0.0	-0.637	0.0	-0.649	-0.025	0.0	0.004	-0.754	0.0	-0.006	0.0	0.0	0.0	0.0	-0.542	0.0	0.0	0.0	-0.198	0.0	-1.651	-0.33	-0.149	-0.495	0.052	-0.236	0.0	0.0	-0.046	0.0	0.353	0.0	0.0	0.0	-0.305	0.061	0.125	-0.222	0.713	-1.199	1.541	-1.081	-0.549	0.0	0.0	0.0	0.0	0.268	0.535	0.836	-0.134	-0.84	-0.504	0.0	0.0	0.0	0.0	0.0	-0.239	0.0	0.0	0.0	0.695	0.0	0.0	-0.347	0.0	0.0	0.0	-0.233	0.0	0.0	0.0	-0.888	0.0	-0.154	0.0	0.0	-0.192	0.0
taxongroup_comment	Tai-3286_123_sheep-22	0.0	0.0	0.001	0.0	0.214	0.0	0.0	-0.598	-0.124	-0.435	0.759	0.0	0.0	-0.54	0.0	-0.551	0.0	-0.15	-0.056	0.0	0.0	0.0	0.0	-0.299	-0.185	-0.557	0.0	0.0	0.0	0.0	-0.402	-0.356	-0.178	-0.294	0.0	-0.433	0.044	-0.194	0.0	0.0	0.298	0.0	0.0	-0.055	-0.051	0.0	0.006	-0.076	-0.051	-0.07	0.761	-0.387	0.137	-0.271	-1.095	-0.437	-0.144	0.0	-0.41	-0.093	0.192	-0.161	0.0	1.12	0.308	-1.22	-0.061	-0.076	-0.887	0.0	0.059	-1.162	-0.368	-0.249	0.0	-0.018	0.0	0.0	0.02	-0.197	0.104	0.0	-0.945	-0.212	-0.346	0.0	0.0	-0.437	0.673	0.017
taxongroup_comment	Tai-3286_123_sheep-13	0.0	0.0	0.0	-0.242	1.313	-0.076	-1.18	-0.78	0.116	-0.247	-0.098	0.112	0.0	-0.285	0.083	-0.811	0.0	-0.1	-0.308	-0.147	0.761	-0.4	-0.408	-1.075	-0.633	-0.421	0.088	-0.493	0.393	-0.144	-0.753	0.869	-0.299	0.033	-0.101	0.0	-0.259	-0.08	-0.973	-0.448	0.432	-0.386	-0.007	-0.434	0.0	-0.138	-0.456	-0.005	-1.108	-0.19	-0.006	0.0	-0.07	-0.862	-0.433	-0.234	-0.749	-0.743	0.0	-0.805	0.755	-0.735	-0.035	-0.77	-0.598	-0.029	0.037	0.0	-0.467	0.536	0.0	0.0	-1.207	-0.282	0.02	-0.798	0.0	-0.055	0.198	-0.418	0.0	0.0	-0.212	-0.286	-0.437	0.0	0.497	-0.629	-0.352	0.129
taxongroup_comment	Cou-56f5_123_sheep-15	-0.534	0.0	-0.438	-0.144	1.065	-0.164	0.266	0.026	0.0	0.301	-0.204	-0.854	-0.662	-0.653	-0.507	-0.174	0.0	-0.037	0.0	-0.543	0.317	0.852	-0.984	-0.344	-0.444	0.517	-0.511	-0.006	-0.368	-0.089	-0.981	0.0	-0.51	-0.162	-1.047	-0.651	-0.112	0.319	-0.126	-0.452	0.0	-0.392	-0.331	0.555	-1.591	-0.494	-1.226	-0.044	0.0	-0.694	0.686	-0.423	-1.841	0.0	-0.029	0.559	-0.992	-0.021	-0.485	0.702	-1.15	-0.936	0.0	0.038	-0.002	-0.727	-0.81	-0.377	0.094	-0.657	0.72	-0.559	0.211	-0.123	0.0	-0.826	0.0	0.0	0.168	0.0	0.0	0.0	-0.101	0.139	-0.346	-0.055	-0.523	0.0	-0.197	0.308
taxongroup_comment	Big-0af3_25_sheep-21	0.0	0.0	0.432	0.748	-0.067	0.006	-0.921	0.032	0.0	-0.35	-0.076	-0.428	0.724	-0.449	0.077	-0.515	-0.584	-0.098	0.502	0.0	-1.253	0.0	0.0	-0.373	0.786	-1.917	0.414	-1.148	0.0	-0.035	-0.987	0.192	0.535	-0.963	-0.182	-0.396	1.688	0.379	-0.302	0.359	0.0	0.0	-0.168	-0.523	-0.086	-0.045	0.109	-0.159	-0.386	-0.454	0.594	0.255	-0.602	0.138	0.0	0.063	-0.693	0.0	-0.809	-0.032	0.308	-0.705	-0.54	0.0	-0.794	-0.386	-0.368	0.0	0.002	0.097	0.0	-0.392	-0.229	-0.956	0.453	-0.166	0.0	0.0	0.184	-0.211	0.0	0.0	0.0	-0.628	-0.006	0.0	0.195	-0.345	-0.665	0.249
taxongroup_comment	Big-0af3_40_sheep-4	-0.161	0.0	0.0	-0.372	-0.143	1.041	-0.446	0.0	0.116	0.035	-0.468	-0.099	0.0	-0.072	-0.434	-0.249	-0.043	1.326	0.438	-1.152	0.413	-0.347	-0.125	-0.541	-0.222	0.418	0.767	-0.533	0.393	-0.426	0.006	0.288	-0.756	-0.487	-0.55	0.0	0.621	-0.056	-0.367	-0.795	-0.584	0.0	-0.346	-0.329	0.0	-0.358	-0.036	0.981	0.0	0.0	0.0	-0.525	-0.495	0.246	-0.923	0.0	-0.922	0.0	-0.231	-0.08	-0.621	-0.109	0.0	-0.238	-0.056	-0.797	-0.39	0.0	-0.35	1.135	-0.131	0.616	-0.62	0.668	0.18	-0.868	-0.512	-0.055	-0.177	0.0	0.0	0.0	-0.029	-0.273	-1.02	0.74	-0.914	-0.769	0.0	-0.204
taxongroup_comment	Bla-3ee3_105_animals-14	0.0	0.0	-0.694	0.0	0.224	0.0	-0.133	-0.615	0.0	0.033	0.0	0.0	0.199	0.0	-0.031	0.0	0.0	-0.122	0.736	-0.301	-0.663	0.0	0.0	-0.085	0.0	-0.694	-0.326	0.163	0.0	-0.627	-1.281	0.0	-0.35	-0.302	0.0	0.0	0.075	0.0	-0.196	-0.159	0.0	0.0	1.557	-0.671	0.048	0.0	0.621	0.193	0.0	0.052	-0.389	-0.271	0.352	0.0	-0.154	-0.162	0.012	0.0	-0.403	0.195	0.0	-0.259	-0.073	0.0	0.0	0.0	-0.52	-0.634	0.0	0.0	0.0	0.0	0.0	-0.821	0.0	0.345	-0.552	0.0	-0.061	0.0	-0.889	0.0	0.0	0.382	-0.937	0.0	0.0	0.0	0.0	0.12
taxongroup_comment	Ame-d5c4_285_animal-30	0.026	0.0	0.393	0.0	-0.625	0.0	-0.32	-0.882	0.124	-0.378	0.0	0.0	0.0	-0.508	0.0	0.0	0.0	0.0	0.0	-0.371	0.0	-0.283	-0.274	0.0	0.0	0.477	-0.13	0.0	0.0	0.0	-0.734	-0.28	-0.714	-0.001	0.0	0.0	-0.045	0.0	0.0	0.0	-0.488	0.0	0.157	0.0	0.033	-0.153	0.25	0.0	0.0	-0.07	0.0	-0.565	-0.194	0.0	-0.65	-0.77	-0.721	0.0	-0.872	0.0	-0.253	0.0	-0.756	0.0	0.251	-0.403	-0.16	0.368	-0.805	0.0	-0.249	-0.542	0.237	0.0	0.0	-0.018	0.168	0.0	0.277	0.326	0.0	0.0	-0.516	-0.312	0.0	0.0	0.0	0.0	-0.006	0.09
taxongroup_comment	Ame-d5c4_7_animals-22	-0.128	0.288	-0.175	0.0	-0.161	0.392	0.168	-0.238	-0.138	-0.695	-1.117	0.076	-0.139	-0.183	-0.017	-0.626	-0.936	-0.768	0.087	-0.094	0.0	0.755	-0.109	0.236	-0.417	-0.351	-0.952	-0.194	-0.804	-1.842	-0.347	0.296	0.301	0.1	0.031	0.354	-1.76	-0.474	-0.274	-0.471	0.0	-0.308	0.059	-1.292	-0.353	0.111	-1.972	0.023	-1.743	-0.454	0.064	-0.268	-0.198	-0.274	-0.266	-0.821	0.517	-0.076	-1.181	0.213	-0.313	-0.326	0.753	0.0	0.303	-0.421	-0.473	-1.208	-0.01	-0.127	0.0	-0.791	-0.743	-0.505	-0.142	-0.517	-0.082	-0.483	-0.352	0.0	-0.362	0.0	-0.006	-0.198	-0.621	-0.133	0.0	0.016	-0.822	0.682
taxongroup_comment	Ame48f4_3_mammals-7	0.0	0.0	0.0	0.0	0.435	0.0	0.0	-0.956	0.045	-0.266	0.0	0.0	0.0	-0.534	-0.116	0.0	0.0	-0.524	0.0	-0.006	0.0	0.0	0.0	0.293	-0.614	0.0	-0.549	0.0	-0.198	0.0	-0.208	0.564	-0.191	-0.398	0.176	-0.393	0.202	0.0	-0.046	-0.315	0.298	0.0	0.0	0.0	-0.212	0.099	-0.472	-0.185	0.761	-0.694	0.41	-0.492	-0.622	0.0	-0.431	0.0	-0.226	0.0	0.0	0.973	-0.004	-0.099	-0.402	0.0	0.0	0.0	0.0	-0.403	-0.71	-0.19	-0.53	-0.578	0.069	-0.15	0.0	-0.347	0.0	0.0	-0.212	0.006	0.0	0.098	0.0	-0.198	-0.508	0.0	0.0	0.597	-0.006	0.0
taxongroup_comment	Ame-d5c4_353_mammal-10	0.867	0.0	0.308	-0.15	-0.214	-0.207	-0.957	-0.66	0.116	-0.208	0.0	0.0	0.0	0.212	0.0	0.078	0.638	-0.154	0.0	0.0	0.0	-0.061	0.0	0.604	0.156	-0.076	-0.215	0.0	0.0	0.0	-0.354	0.729	-0.46	-0.8	0.067	0.0	0.16	0.0	-0.099	-0.207	0.529	0.0	0.0	-0.686	-0.125	0.0	-0.521	0.0	-0.392	0.0	0.704	0.111	-0.601	0.097	0.369	0.0	-0.043	0.0	-0.158	-0.423	0.146	-0.392	0.0	-0.29	0.0	-0.59	0.0	-1.207	-0.748	-0.32	-0.218	-0.542	0.0	-0.523	0.0	-0.444	-0.185	0.0	-0.223	0.0	0.0	0.182	-0.458	-0.339	0.0	0.0	0.0	0.82	-0.006	-0.546
taxongroup_comment	Ame48f4_10_mammals-7	0.0	0.0	0.0	0.0	0.435	0.0	0.0	-0.956	0.045	-0.266	0.0	0.0	0.0	-0.534	-0.116	0.0	0.0	-0.524	0.0	-0.006	0.0	0.0	0.0	0.293	-0.614	0.0	-0.549	0.0	-0.198	0.0	-0.208	0.564	-0.191	-0.398	0.176	-0.393	0.202	0.0	-0.046	-0.315	0.298	0.0	0.0	0.0	-0.212	0.099	-0.472	-0.185	0.761	-0.694	0.41	-0.492	-0.622	0.0	-0.431	0.0	-0.226	0.0	0.0	0.973	-0.004	-0.099	-0.402	0.0	0.0	0.0	0.0	-0.403	-0.71	-0.19	-0.53	-0.578	0.069	-0.15	0.0	-0.347	0.0	0.0	-0.212	0.006	0.0	0.098	0.0	-0.198	-0.508	0.0	0.0	0.597	-0.006	0.0
taxongroup_comment	Bla-3ee3_34_animal-18	0.811	0.0	-0.067	0.0	0.259	0.0	-0.39	-0.545	0.308	0.368	-0.551	0.0	0.0	-0.051	0.0	0.0	0.08	-0.846	0.0	-0.234	-0.454	-0.392	-0.196	0.0	-0.051	0.0	-0.14	-0.436	0.517	0.37	-0.393	0.0	0.058	0.0	0.364	0.0	-0.706	-0.277	0.0	-0.019	0.0	0.0	0.245	-0.523	0.0	-0.238	-0.404	0.0	-0.512	0.0	0.091	-1.193	0.0	-0.523	0.109	-0.112	-0.729	0.0	-0.364	-0.337	-0.295	0.0	-0.128	-0.213	0.0	-0.551	0.0	0.0	-0.264	-0.569	0.0	-0.853	-0.45	-0.214	-0.41	0.568	-0.344	0.0	0.165	0.0	-0.099	0.0	0.0	0.025	0.0	-0.06	-0.41	0.0	0.0	0.0
taxongroup_comment	Bla-3ee3_2_Antilope-4	0.811	0.0	0.0	0.0	0.0	-0.168	-0.523	0.0	0.174	0.0	-0.41	0.0	0.0	0.0	0.0	0.0	0.0	0.0	0.0	0.0	0.0	-0.972	-0.436	0.0	0.0	0.0	0.0	0.0	0.0	-0.268	-0.06	0.0	-0.392	0.0	-0.209	-0.09	0.0	-0.125	0.0	-0.45	0.022	0.0	0.0	0.0	0.0	-0.234	-0.326	-0.305	0.0	0.0	0.0	0.0	0.0	0.308	-0.247	-0.404	0.165	0.0	0.0	-0.061	0.0	0.414	-0.46	0.0	0.0	0.0	0.0	0.0	0.0	0.0	0.0	-0.673	0.0	0.0	0.0	0.0	0.0	0.0	-0.551	0.0	0.517	0.0	0.0	-0.586	0.0	-0.286	-0.388	0.0	0.0	0.0
taxongroup_comment	Bla-3ee3_34_Antilope-7	-0.168	-0.06	0.0	0.561	-0.906	0.888	-0.337	0.0	0.0	0.0	0.0	-0.501	0.0	0.0	0.37	-0.645	0.0	-0.28	0.0	0.0	0.0	-0.569	-0.436	-0.523	-0.112	0.0	0.0	0.0	-0.14	-0.268	-0.551	0.0	0.0	0.0	0.0	0.0	0.0	-0.051	-0.635	0.0	-0.86	0.0	-0.267	0.0	0.0	0.0	0.0	0.0	-0.018	-0.209	-0.625	-0.099	0.0	0.0	-0.247	-0.545	0.346	0.0	-0.392	0.0	0.804	0.0	0.0	-0.91	-0.14	0.0	0.0	-0.153	-0.164	0.116	-0.163	-0.049	-0.098	0.0	0.0	0.0	0.0	-0.223	0.0	0.0	0.568	0.0	-0.185	0.0	0.0	0.0	0.0	0.0	0.0	0.0
taxongroup_comment	Argaf7f_3_sheep-2	0.0	0.0	0.0	0.0	0.0	0.0	0.0	0.0	0.0	0.0	0.0	0.0	0.0	0.0	0.0	0.0	0.0	0.0	0.0	0.0	0.0	0.0	0.0	0.0	0.0	0.0	0.0	0.0	0.0	0.0	0.0	0.0	0.0	0.0	0.0	0.0	0.0	0.0	0.0	0.0	0.0	0.0	0.0	0.0	0.0	0.0	0.0	0.0	0.0	0.0	0.0	0.0	0.0	0.0	0.0	0.0	0.0	0.0	0.0	0.0	0.0	0.0	0.0	0.0	0.0	0.0	0.0	0.0	0.0	0.0	0.0	0.0	0.0	0.0	0.0	0.0	0.0	0.0	0.0	0.0	0.0	0.0	0.0	0.0	0.0	0.0	0.0	0.0	0.0	0.0
taxongroup_comment	Argaf7f_1_sheep-2	0.0	0.119	0.586	-0.34	0.0	-0.873	0.0	0.683	0.0	-0.277	-0.709	0.0	0.0	0.0	0.142	0.0	-0.161	-0.474	0.0	-0.566	-0.006	0.0	-0.496	-0.106	-0.338	-0.061	-0.382	-0.282	-0.366	0.0	0.0	-0.021	0.0	-0.22	0.0	0.0	0.0	0.0	0.0	-0.181	0.0	0.0	0.0	0.0	-0.259	0.0	-0.335	0.0	-0.154	0.0	0.0	-0.114	0.0	-0.175	0.0	-0.23	-1.039	0.0	0.0	-0.195	0.255	-0.283	-0.972	-0.051	-0.109	-0.174	0.0	0.0	0.0	0.0	0.0	-0.203	0.0	0.0	0.0	0.674	0.17	0.061	0.0	-0.531	0.0	-0.094	-0.523	-0.308	0.0	-0.234	0.059	-0.523	0.0	-0.615
taxongroup_comment	Wat-9861_2_bovid-23	0.0	-0.386	0.013	0.0	-0.384	-0.729	0.261	-0.376	0.028	-0.387	0.024	-0.086	0.277	-0.936	0.784	0.0	-0.581	-0.77	0.863	0.26	-0.035	-0.246	-0.543	0.0	0.115	0.0	0.839	-0.184	-0.198	-0.461	-0.642	-0.473	-0.93	-1.112	0.052	-1.031	-0.357	0.0	-0.152	-0.06	-0.368	0.0	0.573	-0.183	0.221	0.352	-0.407	-0.392	-0.638	-1.556	0.246	-1.065	-0.984	-0.11	-0.118	-0.154	-0.991	-0.069	-0.547	-0.013	-1.236	0.971	0.308	-0.142	-0.543	-0.035	-0.836	-0.523	-0.662	-0.641	-0.348	-0.861	0.0	-0.406	0.045	-0.408	-0.889	-0.389	0.308	0.0	0.246	0.0	0.113	-0.351	0.0	-0.551	0.0	-0.771	-0.781	0.0
taxongroup_comment	Wil-28c2_2_bovine-24	-0.129	0.0	-0.191	0.0	0.0	-0.393	0.0	-0.426	0.108	-1.382	-0.103	0.323	-0.624	-0.732	1.568	0.0	-0.057	-0.464	0.0	0.26	-0.248	-0.271	-0.747	-0.428	-0.705	-0.036	-0.253	0.0	-0.198	-0.696	-1.682	-0.042	-1.362	-0.495	0.117	-0.184	0.0	0.443	-0.046	-0.53	0.123	-0.011	-0.043	-0.446	0.0	0.251	-0.265	0.0	0.0	-0.141	0.688	-1.088	-0.462	0.0	-0.475	0.0	-1.533	-0.062	0.095	-0.187	-0.328	0.48	0.296	0.117	-1.034	-0.035	-0.422	0.203	-0.65	-0.59	0.0	-1.027	0.0	0.0	0.0	0.23	-0.358	-0.384	-0.406	-0.711	0.246	0.0	0.113	-0.306	0.768	-0.551	-0.518	-0.524	-0.385	0.0
taxongroup_comment	Big-0af3_128_sheep-3	-0.256	0.0	1.079	0.0	0.0	0.159	0.0	-0.566	0.0	-0.594	0.0	0.0	-0.259	-0.485	0.567	-0.464	-0.226	0.266	0.0	-0.139	0.096	-0.116	0.0	0.0	-0.579	0.0	0.0	0.719	-0.664	0.0	0.0	0.0	0.04	-0.358	-0.645	1.026	0.0	-0.702	-0.471	-0.694	-0.181	0.0	-0.332	-0.322	1.577	0.0	0.0	0.147	0.153	0.0	0.688	-0.148	-0.911	0.0	0.0	0.0	0.0	0.0	0.0	0.0	-0.949	0.177	-0.207	0.0	-0.316	0.462	0.499	0.0	0.137	0.0	0.0	-0.422	0.0	0.0	0.0	0.053	-0.564	-0.422	0.0	0.0	0.0	0.0	-0.396	0.032	0.0	-0.941	0.047	0.0	-0.006	0.0
taxongroup_comment	Big-0af3_129_sheep-3	-0.455	0.0	0.368	0.52	-0.572	-1.361	-0.106	-0.566	0.0	-0.79	-0.228	-0.546	0.581	0.167	-0.511	0.0	-0.254	-0.295	0.032	0.0	-0.183	0.0	-0.33	0.0	-0.184	-0.377	0.0	-1.13	-0.153	0.41	0.0	0.0	-0.044	-0.897	-0.041	-0.028	0.0	-0.083	0.0	0.262	-0.173	0.0	0.0	0.0	0.017	0.0	-0.622	0.0	-0.377	1.385	-0.123	-0.659	-0.541	-0.337	0.499	-1.001	-0.506	0.0	-0.289	-0.57	-0.882	-0.888	-0.621	-1.022	-0.473	0.338	-0.099	0.0	-0.386	0.238	0.0	-0.344	0.0	-0.053	0.024	0.376	1.052	-0.077	0.0	-0.313	0.0	-0.012	-0.414	-1.524	-0.084	-0.796	-1.288	0.063	0.019	0.0
taxongroup_comment	Bos-be23_38_Bos-1	-0.462	0.0	0.0	-0.294	0.0	0.0	0.0	0.0	0.0	-0.277	0.0	0.0	0.0	0.0	0.0	0.0	0.0	0.0	0.0	0.0	0.0	-0.406	-0.342	0.0	0.0	0.0	0.0	0.0	0.0	-0.423	0.0	0.0	0.0	0.0	0.0	0.0	0.0	0.0	0.0	0.0	0.116	-0.048	0.0	0.0	0.0	0.0	0.0	0.0	0.0	0.0	0.0	0.0	0.0	0.0	-0.263	0.0	0.443	0.0	0.0	0.0	0.0	-0.257	0.0	0.393	0.0	0.0	0.526	0.0	0.0	0.0	0.0	-0.082	0.0	0.0	0.0	0.0	0.0	0.0	0.0	0.0	0.504	0.0	0.0	0.0	0.0	0.0	0.0	-0.352	0.0	0.0
taxongroup_comment	Blu-3a31_23_animals-24	0.0	0.052	-0.006	-0.302	0.0	0.0	-0.133	-0.491	-0.178	-0.702	-0.66	0.392	0.0	0.352	0.0	0.0	0.433	-0.982	0.0	0.0	0.0	0.0	-0.026	-0.621	-0.252	-0.5	-0.19	-0.01	-0.429	-0.193	-0.29	0.332	-0.127	0.0	0.039	-0.353	0.0	-0.006	0.0	-0.53	0.0	0.0	0.0	-0.616	0.0	0.0	-0.815	-0.403	0.037	0.433	-0.072	-0.275	-0.212	-0.523	0.0	-0.198	-0.295	0.0	-0.373	-0.486	-0.568	0.0	0.045	-0.061	0.0	-0.491	0.178	-1.177	-0.631	-0.719	-0.368	-0.792	0.0	0.0	-1.279	0.0	0.0	0.0	-0.044	0.0	-0.437	-0.367	-0.385	-0.631	-0.106	0.0	0.0	0.015	0.0	0.0
taxongroup_comment	Pro-10af_13_animal-2	0.352	0.0	-0.359	0.0	-0.685	0.224	0.0	-0.566	0.0	-0.359	-0.096	-0.336	0.0	-0.534	-0.347	0.0	-0.494	0.0	-0.178	-0.366	-0.86	0.0	0.0	0.0	0.0	-0.591	-0.699	-0.134	-0.492	0.0	0.0	-0.651	0.0	-0.398	0.0	-0.404	-0.412	-0.044	-0.254	0.226	-0.046	0.0	-0.187	0.0	-0.393	0.0	-0.849	0.0	-0.336	0.0	0.0	-0.011	-0.38	-0.548	0.0	-0.896	-1.043	-0.694	0.0	-0.333	-0.196	0.0	0.479	0.0	0.049	0.0	-0.403	0.0	-0.636	0.0	0.238	-0.731	0.0	0.0	-0.597	0.37	-0.512	-0.295	0.0	0.0	-0.211	0.0	0.0	0.581	0.0	0.0	0.0	-0.039	-0.571	0.0
taxongroup_comment	Bov-d455_30_Artiodactyla-9	-0.598	0.052	-0.006	0.0	0.0	-0.089	0.339	0.0	0.0	0.094	-0.397	0.0	0.0	0.352	-0.324	-0.551	0.868	0.0	0.0	0.0	0.0	0.0	-0.052	-0.463	0.044	-0.5	-0.037	0.14	0.214	-0.277	0.564	-0.804	0.0	-0.523	0.0	0.0	0.0	0.106	-0.464	0.0	-0.663	0.0	0.0	0.0	-0.721	0.194	0.0	-0.403	0.037	0.0	0.191	0.0	-0.918	-0.909	-0.315	-0.198	-0.218	0.0	-0.794	-0.48	-1.033	0.0	-0.792	0.372	0.0	-0.065	0.0	-0.832	0.199	0.117	-0.392	-0.3	0.0	-0.437	-1.279	-0.051	0.0	0.0	-0.046	0.0	-0.492	0.0	-0.563	-0.801	-0.106	0.0	0.0	0.0	0.0	0.0
taxongroup_comment	Wat-9861_20_Bubalus-44	1.023	0.0	0.62	-0.252	-0.323	-0.348	0.0	0.0	-0.123	-0.782	0.0	-0.535	0.0	-0.266	-0.814	0.597	0.0	-0.176	0.352	-0.323	-0.101	-0.848	-0.439	-0.058	0.0	0.0	0.29	0.206	0.373	-0.798	0.0	0.081	-0.222	-0.24	0.014	0.0	0.0	-0.266	-0.866	-0.125	0.145	-0.597	0.101	0.0	0.067	-0.06	0.0	0.101	-0.327	0.0	-0.257	0.0	-0.638	-0.644	-0.028	0.0	-0.196	-1.997	0.0	0.0	-0.185	-1.118	0.0	0.391	-0.48	0.0	0.512	0.0	0.0	-1.118	0.0	-0.143	0.0	-0.402	0.0	0.414	0.0	-0.006	0.164	0.0	0.321	0.0	0.375	0.0	0.0	0.0	0.0	-0.29	0.0	0.0
taxongroup_comment	Wat-9861_20_Bubalus-27	0.632	0.0	0.62	-0.25	0.0	-0.337	0.0	0.0	-0.123	-0.488	0.0	-0.372	0.0	-0.204	-0.814	0.838	-0.197	-0.654	0.352	-0.323	-0.275	-0.275	-0.288	0.0	0.0	0.0	-0.386	0.206	0.546	-1.034	0.0	0.081	-0.046	-0.959	0.014	0.0	0.0	-0.361	-1.264	-0.418	0.081	-0.65	-0.114	0.0	-0.048	-0.162	0.0	0.101	-0.327	0.0	-0.257	0.0	0.0	0.0	0.011	0.0	-0.046	-1.641	0.0	0.0	-0.194	-1.01	0.0	0.615	-0.48	-0.287	0.461	0.0	0.0	-0.694	0.0	-0.402	0.663	-0.402	0.323	0.514	0.0	-0.006	0.164	0.0	0.416	0.0	0.375	0.0	0.0	0.0	0.0	-0.149	0.0	0.0
taxongroup_comment	Wat-9861_333_Animal-10	-0.058	0.0	0.699	0.866	-0.635	0.0	0.0	-0.325	-0.006	-0.377	0.0	0.0	0.0	-0.965	0.0	0.157	0.0	-0.447	0.0	0.0	0.0	0.928	0.0	0.0	0.0	0.066	0.0	-0.308	0.0	0.0	-0.503	0.0	-0.607	-0.139	0.0	0.008	0.022	0.0	0.0	-0.191	0.353	0.0	0.0	0.0	-0.051	0.0	-0.249	0.0	0.409	-0.29	0.535	-0.008	-0.098	-0.03	-0.551	-0.293	0.0	0.0	-0.41	-0.362	0.015	0.0	0.0	0.0	0.308	-0.649	-0.441	0.415	-0.671	0.0	0.0	-0.061	0.09	0.0	-0.48	0.296	0.0	0.0	0.0	0.0	-0.288	0.0	-0.157	0.159	0.0	0.0	0.0	0.0	-0.192	-0.0
taxongroup_comment	Afr-324e_136_animals-21	0.0	0.0	0.0	0.0	0.532	-0.484	0.241	-0.566	0.0	0.0	0.0	0.0	0.0	-0.534	0.179	-1.387	-0.154	0.012	0.0	0.46	-0.553	0.0	0.0	-0.166	0.0	-0.208	-0.407	0.394	0.0	-0.186	-1.114	0.0	-0.232	-1.548	-0.032	0.0	-0.679	0.37	-0.301	-0.512	0.566	0.0	-0.123	0.0	-0.642	-0.676	-0.707	0.0	0.324	-0.005	0.413	-0.652	-0.05	0.0	-0.761	0.245	0.0	0.0	-0.651	-0.875	0.0	0.0	0.028	0.0	0.0	-0.901	-0.527	-0.523	-0.38	-0.461	-0.13	0.541	0.069	0.0	0.0	-0.261	0.0	0.655	0.0	0.0	0.0	0.0	0.0	-0.043	0.0	0.144	0.079	-1.16	-0.006	-0.262
taxongroup_comment	Afr-324e_10_animals-8	0.0	0.0	0.007	0.246	-0.412	0.0	0.0	-0.934	0.0	-0.365	-0.301	0.0	0.0	-1.251	-0.047	-0.166	0.0	-0.286	-0.272	0.0	0.005	-0.487	0.0	0.182	0.0	-0.629	0.0	-0.344	-0.777	0.101	-1.083	-0.08	-0.087	-0.544	-0.41	-0.482	-0.662	0.0	0.0	0.752	-0.246	0.007	0.0	-0.151	0.0	0.0	-0.869	0.0	0.727	-0.049	0.604	-0.487	-0.05	0.0	-0.132	-0.223	0.067	0.0	-0.651	-0.147	-0.237	0.0	0.227	0.0	0.0	-0.583	-0.282	-0.062	-0.691	0.0	0.0	-0.537	-0.223	-0.007	-0.083	-0.069	-0.53	0.0	-0.006	-0.858	-0.09	0.0	-1.184	0.062	-0.413	0.352	-0.883	0.41	-0.006	0.0
taxongroup_comment	Bea-1194_99_animals-2	0.204	0.0	0.395	0.0	0.0	0.229	0.205	0.0	-0.216	-0.596	-0.815	0.0	-0.869	0.0	0.233	0.052	0.0	-0.235	-0.735	-0.001	-0.315	0.0	0.0	-0.606	-0.446	-0.051	0.0	0.065	0.0	-0.58	-0.615	0.0	-0.27	-0.508	-0.172	0.227	0.0	-0.211	0.59	-1.61	-0.48	-0.538	0.0	-0.7	0.511	0.0	-0.008	0.346	-1.667	0.0	0.276	-1.43	-0.801	0.0	0.0	0.0	0.0	-0.48	0.0	-0.773	0.153	1.0	-0.349	0.0	-0.33	-0.372	0.0	0.083	0.052	0.079	-0.043	0.096	0.0	-0.293	0.0	0.0	-0.062	0.0	0.0	0.0	-0.347	-0.702	0.0	-0.091	0.0	-0.324	0.352	0.0	0.008	0.0
taxongroup_comment	Cap-9b25_2_mammals-6	-0.454	0.0	0.344	0.0	-0.625	0.157	0.0	-0.061	-0.183	-0.347	0.0	0.0	0.0	0.536	0.0	-0.351	0.0	0.0	0.352	0.0	0.0	0.0	0.0	0.0	0.0	-0.239	0.0	0.0	0.0	0.0	-0.551	-0.299	-0.115	0.155	-0.758	0.0	-1.023	-0.046	0.0	0.0	-0.202	0.513	0.562	0.0	-0.094	0.0	0.0	0.0	0.538	-0.07	0.0	-0.36	0.0	0.211	-0.621	-0.859	0.0	0.0	-0.672	0.0	0.087	0.0	0.0	0.0	-0.03	-0.534	-0.591	-0.006	-0.406	0.0	0.0	-0.548	0.0	-0.456	0.022	-0.172	0.0	0.388	-0.006	-0.392	0.0	0.0	-0.998	0.0	0.0	0.0	0.0	0.0	-0.48	0.208
taxongroup_comment	Tig-9404_89_mammals-4	0.489	0.0	0.0	0.051	0.0	0.0	0.0	-0.334	-0.373	0.0	0.0	-0.117	0.0	-0.153	0.111	-0.006	0.493	-0.367	0.0	0.0	0.0	0.133	-0.781	0.0	-1.403	0.0	0.0	0.0	0.296	-0.321	-0.974	0.0	0.223	0.036	0.0	-0.52	-0.026	0.0	0.0	-0.046	0.0	0.0	-0.191	0.0	0.0	-0.36	-0.378	-0.648	-0.947	0.0	0.109	-0.322	-0.48	-0.324	0.0	0.0	-0.198	0.732	0.0	0.004	0.052	0.0	-0.199	-0.438	-0.743	0.0	0.0	-0.699	0.0	0.0	0.352	0.0	0.0	-0.279	-0.589	-0.347	0.0	0.0	-0.121	0.0	0.0	0.0	0.0	-0.274	0.0	0.0	0.0	0.0	0.0	0.0
taxongroup_comment	Sno-d342_91_Capra-31	0.0	0.0	0.0	0.0	-0.48	0.0	0.0	-0.47	0.106	-0.076	-0.694	0.0	0.0	0.0	-0.353	0.0	0.646	-0.006	0.187	0.0	0.0	-0.391	-0.328	0.0	0.0	-0.468	-0.006	0.0	1.076	-0.887	0.02	0.0	0.023	0.0	0.0	0.0	0.0	0.0	-1.606	0.0	0.993	0.0	0.0	0.0	0.0	-0.709	0.0	-0.161	0.0	0.026	0.0	0.0	-2.012	0.0	-0.199	0.0	1.005	0.0	-0.341	-0.287	0.0	0.0	-0.347	0.183	-0.52	-0.612	0.0	-0.647	-0.768	0.052	0.0	-1.101	0.0	0.0	-0.789	0.0	0.0	0.0	0.0	0.0	0.451	0.275	0.0	2.57	0.0	0.0	0.0	0.0	0.0	0.0
taxongroup_comment	Cap-9b25_29_Capra-38	0.715	0.0	0.0	0.0	0.266	-0.03	-0.523	0.0	0.0	0.0	-0.41	0.0	0.0	0.0	0.0	0.0	-0.3	0.0	0.0	0.099	-0.864	-0.823	-0.328	0.0	0.396	0.0	0.0	0.0	0.0	-0.253	-0.085	0.0	-0.392	0.0	-0.407	-0.09	-0.638	0.0	0.0	-0.459	0.234	0.0	0.0	0.0	0.0	-0.322	0.0	0.288	0.0	0.0	0.0	0.0	0.0	0.308	-0.312	0.0	0.537	0.0	0.0	0.328	0.0	0.0	-0.006	0.0	0.0	0.0	0.0	0.0	0.0	0.0	-0.169	-0.27	0.0	-0.119	0.0	0.0	0.0	0.0	-0.517	0.0	0.4	0.0	-0.257	0.0	0.012	0.0	0.0	0.0	0.0	0.0
taxongroup_comment	Cap-9b25_29_Capra-46	0.294	0.0	-0.006	-0.327	0.0	0.0	0.262	0.352	0.0	-0.098	-1.181	0.0	0.0	-0.151	-0.372	-0.198	-0.173	-0.533	0.125	-0.267	0.0	0.0	-0.139	0.0	-0.051	0.0	-0.275	0.0	0.639	0.132	0.332	0.0	0.0	0.0	-0.215	0.005	0.106	-0.014	0.0	-0.443	0.0	0.0	0.0	-0.525	0.0	-0.046	0.0	-0.585	0.183	0.058	0.0	0.045	-0.035	-1.471	-0.393	0.0	-0.271	0.282	-0.01	-1.184	0.977	-0.615	-0.343	-0.628	0.0	0.0	0.0	0.0	0.0	0.009	0.0	-0.316	0.052	0.0	-0.658	-0.322	-0.285	0.0	-0.085	-0.261	-0.272	0.0	0.708	0.0	-0.055	-0.694	0.0	0.0	0.0	0.0
taxongroup_comment	Cap-9b25_29_Capra-21	0.222	0.05	0.0	0.0	0.231	0.276	-0.523	0.241	0.0	0.0	-0.41	0.0	0.13	0.086	0.0	0.435	-0.088	0.0	-0.591	-0.095	-1.199	-0.28	-0.525	0.0	-1.579	0.0	-0.292	0.276	0.0	-0.525	0.022	0.0	-0.392	0.026	-0.092	-0.05	-0.977	0.0	0.0	-0.725	0.21	0.0	0.0	-0.55	-0.256	-1.319	0.0	-0.459	-0.322	0.0	0.0	0.467	0.0	0.308	-0.188	0.0	0.137	0.0	0.0	-0.541	0.242	0.0	-0.006	0.0	0.0	0.0	0.0	0.0	0.0	-0.147	0.0	-0.151	0.0	-0.119	0.0	-0.386	0.0	0.0	-0.517	0.0	0.317	0.0	0.0	0.0	0.012	0.0	0.0	0.0	0.0	-0.627
taxongroup_comment	Cap-9b25_29_Capra-30	0.241	-0.508	0.0	-0.292	0.0	0.918	-0.7	0.0	0.0	0.0	-0.41	-0.035	0.0	0.086	-0.032	0.0	0.048	0.0	-0.362	0.0	0.0	-0.625	-0.876	0.0	-0.172	0.0	0.0	0.209	0.0	-0.354	-0.292	-0.351	-0.64	0.0	-0.382	-0.316	0.0	0.0	0.0	-0.779	0.074	0.0	0.0	0.0	0.0	-0.558	0.0	-0.195	-0.535	0.0	0.0	0.538	-0.05	0.308	-0.27	0.0	0.032	0.0	0.0	-0.061	-0.725	0.0	0.029	-0.235	0.0	-0.006	0.0	0.0	0.0	0.0	0.0	-0.505	-0.378	0.0	0.0	0.0	0.022	0.717	-0.551	0.0	0.156	0.0	0.0	0.0	0.0	-0.528	-0.539	0.0	0.0	0.0
taxongroup_comment	Cap-9b25_23_Capra-22	0.683	-0.548	-0.42	-0.449	0.0	0.741	0.0	0.0	0.174	0.562	0.0	0.0	0.0	0.0	0.084	0.0	-0.133	0.0	-0.301	0.0	0.0	-0.855	-0.371	0.0	-0.268	0.0	0.0	0.161	0.0	-0.432	-0.01	0.0	0.0	0.0	-0.396	-0.074	0.0	0.0	0.0	-0.624	0.06	0.0	0.0	0.0	0.0	-0.327	-0.326	0.18	-0.57	0.0	0.0	0.0	0.0	0.299	-0.426	0.388	0.587	0.0	0.0	0.0	0.0	0.0	-0.454	-0.332	0.0	0.0	0.0	0.0	0.0	0.0	0.0	-0.111	0.0	0.0	0.0	0.0	0.0	0.517	0.0	0.0	0.23	0.0	-0.106	-0.586	0.0	-0.65	0.305	0.0	0.0	0.0
taxongroup_comment	Cap-9b25_23_Capra-10	0.0	0.412	-0.017	0.0	0.0	0.0	-0.734	0.0	0.0	0.273	-0.547	0.106	-0.371	-0.952	0.0	0.0	0.18	-0.308	-0.011	0.0	-0.115	0.0	-0.311	0.0	-0.051	-0.402	-0.33	0.304	0.667	0.563	0.41	0.0	-0.06	0.0	-0.443	0.0	0.0	-0.412	0.0	0.008	0.0	0.0	0.18	0.0	0.0	0.0	0.0	-1.662	0.006	0.0	-0.183	-0.471	-0.301	-0.111	-0.329	0.706	-0.271	0.0	-0.01	0.0	-0.198	0.0	-0.236	-0.061	-0.012	0.0	0.0	-0.489	0.0	0.0	0.0	0.031	0.0	0.0	-0.043	-0.56	0.084	-0.119	0.0	0.0	-0.272	0.0	-0.168	0.0	-0.175	0.0	0.0	-0.624	0.121	0.0
taxongroup_comment	Cap-9b25_23_Capra-16	0.0	0.188	0.0	0.267	-0.348	0.0	-0.139	0.089	0.34	0.295	0.191	0.0	-0.807	-0.493	0.0	-0.183	0.965	-0.213	0.0	0.0	0.0	0.0	-0.188	0.0	0.0	-0.37	-0.347	0.0	0.639	0.683	-0.112	0.0	0.0	0.0	0.78	-0.368	-0.219	-0.241	0.103	0.317	0.0	0.0	0.0	-0.332	0.0	0.0	0.0	-0.707	0.671	0.305	0.0	-0.133	0.0	0.0	-0.57	-0.563	-0.105	0.0	-0.01	-0.799	-0.165	-0.212	-0.779	0.0	0.0	-0.552	0.0	0.0	0.0	0.0	-0.595	-0.354	-0.516	0.109	-0.13	-0.65	-0.268	-0.18	0.0	0.0	-0.272	0.409	0.429	0.0	0.087	-0.115	0.0	-0.306	0.0	0.0
taxongroup_comment	Blu-3a31_204_Connochaetes-7	0.186	-0.385	0.0	0.666	-0.538	0.0	0.0	0.0	0.0	0.0	0.0	0.0	0.0	-0.165	0.0	0.392	0.0	0.391	0.0	0.0	0.0	-0.297	-0.376	0.0	0.469	0.0	0.417	0.0	0.183	-0.374	0.0	0.0	0.0	0.0	0.0	0.0	0.0	-0.718	-0.633	0.0	0.499	0.0	-0.287	0.0	0.0	0.0	0.0	0.0	0.0	0.059	0.0	0.0	0.0	0.0	-0.171	-0.327	0.155	0.0	0.0	-0.265	0.636	0.0	0.0	-0.313	-0.026	0.0	0.0	-0.288	0.278	0.208	0.106	-0.359	0.294	0.0	0.0	0.0	0.0	0.0	0.0	0.0	0.134	0.0	-0.353	0.0	0.0	0.0	0.0	0.0	0.0	0.0
taxongroup_comment	Dal-d353_2_sheep-19	-0.328	-0.595	0.203	0.0	-0.625	0.0	0.0	0.0	-0.183	-0.657	0.0	0.0	-0.549	0.106	0.0	0.0	0.0	-0.168	0.177	0.0	-0.315	0.0	0.0	-0.428	-0.674	0.098	0.0	-0.623	0.0	0.482	-1.343	0.083	-0.197	0.274	-0.347	0.0	-0.346	0.397	0.0	-0.469	-0.572	0.042	0.571	-0.111	-0.094	-0.145	0.215	-0.348	0.0	-0.52	1.352	-1.207	0.115	-0.136	-0.621	-0.223	0.0	0.0	-0.672	-0.107	0.142	0.0	0.271	0.0	0.115	-0.244	-0.591	1.295	-0.172	0.006	0.0	-0.548	0.0	-0.219	0.0	0.146	0.0	0.077	-0.362	0.0	-0.353	0.0	-0.353	-0.868	0.0	0.0	-0.529	0.0	-0.616	0.158
taxongroup_comment	Dal-d353_2_sheep-12	-0.081	-0.012	0.41	0.403	0.938	-0.029	0.0	-0.365	0.412	-0.219	0.0	-0.62	-0.005	-0.534	0.272	0.0	0.0	0.0	-1.076	0.321	0.0	0.0	0.0	-0.128	0.0	0.0	-0.298	-0.06	-0.394	0.0	0.0	-0.678	0.0	-0.741	-0.206	0.135	-0.196	-0.45	0.0	-0.42	0.298	0.0	-0.226	0.138	-0.595	0.0	0.0	0.0	0.175	-0.029	0.109	-0.833	0.595	0.0	-0.013	-0.301	-0.281	-0.106	-0.301	0.0	0.0	0.0	-0.348	0.0	-0.375	-1.14	0.0	-1.085	-0.375	0.0	-0.268	-0.3	-0.407	-0.24	0.0	-0.151	-0.113	0.0	0.0	-0.697	0.571	-0.364	0.0	0.0	-0.72	0.0	-0.27	0.0	-0.006	0.345
taxongroup_comment	Dal-d353_2_sheep-9	0.11	0.0	0.747	0.0	0.0	-0.547	-0.275	-0.601	0.0	-0.461	0.0	0.0	0.0	-0.37	0.077	-0.051	0.0	-0.972	-0.21	0.001	0.0	0.02	-0.62	0.0	0.0	0.0	-0.364	-0.642	0.0	-0.076	0.0	-0.799	0.0	-0.394	0.0	0.0	-0.195	0.0	-0.219	-0.126	-0.006	0.0	-0.183	-1.116	0.0	0.0	0.296	-0.546	0.0	0.0	-0.462	0.412	-0.434	0.0	-0.161	0.0	0.165	-0.86	0.0	-0.367	0.0	-0.63	0.0	0.0	0.0	0.0	-0.304	-0.226	0.0	0.0	0.0	0.251	0.571	0.0	0.0	0.0	0.0	0.0	-0.362	0.0	-0.055	0.0	-0.258	0.0	-0.029	0.0	0.0	0.0	0.0	0.0
taxongroup_comment	Dal-d353_11_sheep-10	0.759	0.0	-0.249	0.0	0.909	-0.124	0.0	0.108	-0.161	-0.523	-0.109	0.0	0.0	0.795	0.07	0.0	-0.144	-0.061	-0.115	0.0	0.0	0.0	-0.247	-0.051	0.0	-0.421	0.0	0.0	0.0	-0.102	-0.006	-0.738	0.0	-0.055	-0.865	0.0	-0.139	0.0	0.0	0.753	-0.123	0.0	0.909	0.199	0.0	-0.076	0.0	0.0	-0.282	0.0	0.139	0.0	0.0	0.0	-0.357	-0.301	-0.985	0.0	0.193	-0.3	0.0	-0.144	-0.799	-0.394	-1.031	-0.548	0.0	0.0	0.0	0.0	-0.155	-0.139	0.0	-0.058	-0.551	0.516	0.0	0.0	0.041	0.0	0.308	0.0	0.0	0.0	-0.511	-0.268	-0.304	0.141	0.0	0.097
taxongroup_comment	Dal-d353_11_sheep-7	0.0	0.0	0.609	-0.175	-0.006	-0.244	-0.568	-1.508	0.052	0.141	-1.029	0.0	0.0	0.0	-0.144	0.277	0.481	-0.721	-0.169	-0.057	0.0	0.0	0.346	-0.55	-0.201	0.096	0.161	-0.086	0.516	0.37	0.0	0.0	0.0	-0.394	0.0	0.0	-0.263	-0.123	-0.242	-0.267	0.01	0.0	0.0	-0.648	0.0	0.0	0.296	-0.078	0.0	0.0	-0.036	0.004	0.909	-0.523	-0.158	-0.229	-0.729	0.0	-0.325	0.735	-1.293	-0.375	0.538	-0.2	0.353	0.0	-0.651	0.0	0.0	0.0	0.0	-0.935	0.203	-0.25	-0.175	-0.124	-0.3	0.0	-0.259	0.0	-0.099	0.0	-0.694	0.0	-0.029	-1.255	0.0	0.0	0.0	0.0
taxongroup_comment	Ovi-a47a_29_sheep-3	-0.008	-0.043	0.0	0.0	0.909	0.134	-0.147	-0.358	0.2	-0.596	-0.815	0.0	-0.671	-0.534	0.225	0.052	0.0	-0.128	0.0	-0.046	0.0	0.0	0.0	-0.529	-0.446	-0.146	0.0	0.065	0.0	-1.193	-0.097	0.0	0.0	-0.906	0.0	0.0	-0.139	-0.198	0.372	-0.897	-0.181	-0.261	0.0	0.084	0.0	0.0	0.0	0.346	0.0	-0.019	0.0	0.0	-0.05	0.0	0.041	0.0	-0.301	0.0	0.0	-0.788	0.0	-0.658	-0.672	-0.479	0.0	-0.227	0.0	0.083	-0.38	0.079	0.139	0.158	0.0	-0.169	0.0	0.0	0.0	0.0	0.0	0.0	0.0	-0.425	0.0	-0.042	-0.1	0.0	0.352	0.0	-0.527	0.0
taxongroup_comment	Big-0af3_12_sheep-6	-0.076	-0.11	1.066	0.503	0.113	-0.358	-0.671	-0.922	-0.161	0.387	-0.056	0.0	0.184	0.0	-0.467	-0.032	0.0	-0.571	-0.136	0.0	0.0	0.0	0.0	0.0	-0.432	-0.357	-0.762	0.0	-0.491	-0.669	-0.439	1.209	-0.334	-0.843	0.0	0.197	-0.585	0.0	0.0	-0.386	0.0	-0.043	-0.895	0.0	-1.297	-0.861	0.498	-0.412	0.266	0.0	0.768	-1.024	-0.423	-0.62	0.0	-0.175	0.211	0.0	0.0	0.029	0.694	-1.247	-0.508	-0.899	0.0	0.0	1.616	0.118	-0.109	-0.014	0.02	-0.552	-0.472	-0.533	0.759	0.0	0.0	0.125	0.0	0.0	0.0	0.0	0.0	-0.656	0.0	-0.837	-0.33	-1.26	-0.353	-0.027
taxongroup_comment	Big-0af3_12_sheep-14	0.469	0.617	0.0	-0.15	0.541	-0.358	-0.2	-0.692	-1.424	0.0	0.282	0.178	0.045	-0.006	0.0	0.0	0.0	0.0	-0.056	0.0	-0.283	-0.203	-0.145	-0.808	0.0	-0.164	-0.307	-0.281	0.0	-0.24	0.142	-0.021	-0.549	-1.179	-0.456	0.316	0.444	-0.696	-0.832	0.0	-0.291	0.875	-0.369	-1.029	-0.369	-0.662	-0.161	0.152	0.0	0.191	-0.076	-0.142	0.307	0.0	0.29	-0.791	-0.736	0.274	0.0	-0.374	0.0	0.0	-0.596	0.0	-0.795	0.0	-0.412	0.0	0.0	0.0	-0.189	0.897	-0.357	-0.745	-0.657	-0.89	-0.007	0.887	-0.743	0.0	-0.752	0.13	0.0	-0.109	-0.1	0.597	0.952	-0.431	-0.055	-0.622
taxongroup_comment	Big-0af3_12_sheep-25	0.277	0.0	0.0	-0.928	0.0	-0.719	0.0	0.0	-0.24	0.0	-0.161	0.111	0.0	0.231	0.0	-0.627	0.537	-0.144	0.0	0.694	-1.294	0.169	-0.639	-0.794	-0.339	-0.487	-0.013	0.0	-0.266	0.392	-0.171	-0.259	-0.358	0.252	-0.483	-0.504	0.682	0.0	-0.62	-0.771	0.0	-0.346	-1.312	0.0	-0.786	-0.308	-0.043	-1.318	-0.036	0.068	2.482	-0.056	0.0	0.0	-0.048	-0.222	-0.524	-0.248	0.0	-0.1	0.08	0.223	-0.13	-1.287	-0.283	0.0	0.0	-0.034	-0.474	-0.358	-0.006	-0.264	-0.843	0.181	-0.33	-0.099	-0.33	-0.076	0.0	1.066	0.623	0.0	0.0	-0.988	0.33	-0.415	-0.491	-0.514	0.0	-0.117
taxongroup_comment	Ame-d5c4_315_animals-16	0.0	-1.013	0.0	-0.126	0.412	0.0	0.0	-0.3	0.0	0.0	0.0	0.0	0.617	0.0	-0.602	-0.783	-0.729	0.0	-0.038	-0.397	-0.034	-0.075	0.0	0.0	0.0	-0.939	-0.349	0.149	0.0	0.057	0.198	0.0	0.0	0.0	0.0	0.0	0.0	0.976	-0.242	0.861	0.0	0.0	-0.229	0.0	-0.173	0.0	0.274	-0.175	0.43	-0.357	-0.556	0.0	-0.083	0.0	0.028	-0.05	0.0	-0.495	0.148	-0.304	0.0	-0.148	-0.618	-0.332	0.0	-0.592	-0.667	0.0	0.0	-0.565	0.0	0.0	-0.267	-0.368	0.0	-0.201	0.0	0.0	0.0	-0.189	0.0	0.653	0.408	0.0	0.0	-0.256	0.0	-0.447	0.0	0.037
taxongroup_comment	Art-6267_298_animals-24	1.083	0.0	0.41	-0.583	-0.209	-0.029	-0.341	-0.858	-0.378	0.0	0.0	0.0	0.0	-0.083	0.0	0.0	-0.111	0.0	0.277	0.0	0.0	0.0	-0.117	0.047	0.0	-0.029	0.273	0.0	0.0	0.296	-0.628	-0.375	0.0	-0.257	0.0	-0.818	-0.097	0.0	0.04	0.0	0.0	0.0	0.0	-0.026	0.0	0.015	0.0	0.0	0.0	-0.397	-0.218	0.0	0.0	-0.909	-0.276	-0.875	-0.739	0.0	0.0	0.0	0.0	0.0	-0.384	-0.689	-1.245	-0.306	0.264	0.0	0.005	0.0	0.187	-0.3	-0.151	-0.795	-0.154	-0.151	0.411	0.0	0.0	0.0	0.0	0.0	0.0	-0.104	-0.431	-0.268	0.096	-0.306	-0.301	0.25
taxongroup_comment	Blu-3a31_180_animals-14	0.0	-0.802	0.443	0.0	-0.359	0.734	0.0	-0.566	0.0	-0.092	-0.081	-0.224	0.0	-0.453	-0.603	0.0	0.0	0.0	-0.007	0.0	0.0	0.314	0.003	-0.22	0.0	0.0	-1.373	0.0	0.146	-0.911	-0.847	-0.264	0.0	-0.528	0.283	0.0	0.0	-0.138	0.0	0.564	0.298	0.0	0.0	0.0	-0.911	0.0	-0.172	-0.5	-0.615	-0.309	-0.384	-0.056	-0.583	0.0	0.0	-0.871	-0.245	0.018	-0.046	-0.532	-0.437	0.0	0.31	0.0	-0.014	-0.469	0.214	-0.285	-0.265	0.0	0.0	-0.428	0.0	0.0	0.0	-0.611	0.064	0.0	0.0	0.0	0.0	0.0	-0.006	-0.198	0.0	-0.098	0.0	0.0	-0.099	0.625
taxongroup_comment	Coy-1bf1_280_animals-37	0.0	0.0	1.263	-0.302	-1.373	0.0	-0.184	-0.24	-0.66	-1.266	-0.211	-0.006	0.0	-1.682	0.0	0.0	-1.122	-0.384	0.0	-0.304	0.086	-0.203	-0.133	0.064	0.0	-0.376	0.0	0.065	-1.053	-1.197	0.0	-0.387	-0.572	0.078	0.0	0.003	-0.205	0.0	0.0	0.529	-0.428	-0.244	0.0	-0.156	0.558	0.0	0.0	0.0	-0.385	-0.293	0.0	0.166	-0.036	0.0	-1.661	-0.455	0.0	-0.927	-0.718	0.0	-0.092	-0.311	-0.741	0.952	0.048	-0.697	-0.492	0.0	-0.396	-0.276	0.141	-0.312	-0.127	-0.483	-0.247	-0.018	-1.289	0.0	0.522	-0.054	0.0	0.0	-0.642	-0.491	0.0	0.0	0.0	0.464	0.231	-0.289
taxongroup_comment	Wil-de29_182_animals-18	0.0	0.018	0.295	-1.705	-0.779	-0.302	0.0	0.0	0.0	-0.127	-0.365	0.0	0.0	0.0	-0.409	0.0	0.0	-0.023	-0.028	-0.677	0.0	0.008	0.0	-0.172	0.0	0.032	-0.145	-0.761	0.0	-0.194	-0.008	-0.736	-0.337	-0.911	-0.259	-0.109	-0.098	0.135	0.0	0.133	0.607	-0.188	-0.629	-0.421	-0.753	-0.217	0.517	0.0	-0.403	0.316	0.172	0.0	-0.109	0.0	0.0	-0.057	-0.516	0.573	0.38	0.373	-0.629	0.314	0.135	-0.697	0.0	-0.456	-0.12	-0.876	-0.408	0.0	-0.316	-0.217	0.0	0.0	0.043	-0.057	0.0	0.0	0.0	0.0	0.0	-0.139	0.0	-0.259	0.0	0.585	0.074	0.31	0.0	0.272
taxongroup_comment	Bos-be23_36_Bos-2	0.0	0.0	-0.294	0.0	0.0	0.0	-0.372	0.65	0.0	0.0	0.0	0.032	0.0	0.281	0.0	0.0	0.295	0.0	0.0	-0.363	-0.575	0.0	0.386	0.0	0.0	0.096	0.046	0.0	0.927	-0.66	0.0	0.0	-0.764	0.0	0.0	-0.634	0.561	-0.729	0.482	0.0	0.0	0.0	0.837	-0.08	0.116	-0.167	0.0	0.978	0.546	0.028	0.0	-0.496	0.0	-0.096	0.0	0.0	-0.975	1.11	0.0	0.0	0.0	-0.858	0.0	-0.745	0.0	-0.43	-0.253	0.385	1.156	0.0	0.199	-0.425	0.0	-0.26	-0.435	0.0	0.0	-0.892	0.0	0.0	-0.343	0.0	0.0	0.0	0.0	-1.013	-0.118	0.0	0.0	-0.897
taxongroup_comment	Aur-c4ea_25_Bos-4	0.0	0.0	0.332	0.0	0.289	-0.289	0.504	0.0	0.052	0.636	-0.551	0.0	0.0	0.0	-0.363	0.138	0.581	-0.48	0.0	0.0	-0.18	0.0	-0.416	0.065	-0.051	0.0	-0.388	0.0	0.517	1.099	0.0	0.0	0.0	0.0	-0.636	-0.011	-0.057	-0.449	-0.456	0.468	-0.198	0.0	0.0	0.0	0.0	0.0	0.0	0.0	0.0	0.612	0.0	-0.225	0.0	-0.523	0.109	0.0	-0.729	0.0	-0.186	0.0	-0.295	0.0	-0.128	-0.366	0.0	0.467	-0.347	0.0	0.0	0.0	0.0	-0.664	0.0	0.0	-0.41	0.272	-0.135	0.0	0.0	0.0	-0.448	0.0	-0.251	0.0	-0.263	-0.379	0.0	0.0	0.0	0.0
taxongroup_comment	Bos-be23_2_Bos-1	-0.113	0.0	0.127	0.0	0.0	-0.856	-0.018	-0.049	0.308	0.093	-0.109	0.0	0.0	-0.373	0.0	0.0	0.0	0.0	-0.801	0.275	0.0	0.0	-0.087	-0.3	-0.07	-0.841	0.072	0.0	0.0	0.108	-0.006	-0.12	0.413	-1.44	0.0	-0.093	0.0	0.0	0.0	-0.706	0.0	0.0	0.0	0.0	0.331	-0.33	-1.096	0.045	-0.409	-0.699	1.013	-0.64	0.0	0.0	-0.198	0.116	-0.106	-0.68	-0.93	-0.368	-0.509	0.0	-0.149	0.0	0.0	0.0	0.0	-0.6	0.0	-0.14	0.0	-1.64	-0.311	0.0	0.053	0.0	0.393	0.0	-0.366	0.0	-0.396	0.0	0.0	-0.542	0.0	-0.797	-0.158	0.856	-0.791	0.0
taxongroup_comment	Bos-be23_36_Bos-6	-0.419	-0.391	0.0	0.0	0.0	0.0	0.0	0.0	0.0	0.579	0.0	1.258	0.0	0.0	0.0	0.0	0.0	0.0	-0.182	0.0	0.0	-0.344	-0.442	-0.596	-0.784	0.385	-0.951	-0.017	0.0	-0.352	0.0	0.0	0.0	-0.214	-0.47	0.0	0.0	0.0	-0.529	0.0	-0.276	-0.481	0.0	0.0	-0.032	-0.262	0.0	0.0	0.458	-0.735	-0.384	0.0	1.054	0.0	-0.395	0.0	0.586	0.0	0.0	-0.062	0.0	0.291	0.021	0.0	0.0	0.0	0.304	0.0	0.0	0.0	0.0	-0.31	0.996	0.0	0.0	0.0	0.0	0.0	0.0	0.0	0.744	0.0	0.0	-0.07	0.0	0.0	0.0	0.0	-0.296	0.0
taxongroup_comment	Bov-01d4_22_Bos-4	0.617	-0.026	-0.143	-0.167	-0.166	0.458	-0.124	0.0	-0.392	0.0	-0.14	0.0	0.0	0.515	0.0	-0.365	0.0	0.767	0.0	-0.627	0.304	0.091	0.187	0.296	0.11	0.091	-0.729	0.0	0.0	-0.07	-0.083	0.0	-0.117	-0.023	0.161	0.165	-0.31	0.0	-0.231	-0.109	-0.784	-0.083	0.296	0.0	0.0	-0.117	0.685	0.08	0.0	0.364	-0.43	0.727	-0.442	-1.226	0.046	-1.389	0.0	0.0	0.213	0.0	-0.387	-0.262	0.657	-0.536	-1.19	-0.464	-0.338	0.0	0.0	-0.21	0.0	0.021	0.206	-0.26	0.048	-0.392	0.0	0.0	-0.422	-0.032	0.0	-0.431	0.617	-0.663	-0.153	0.0	0.0	0.718	-0.246	0.617
taxongroup_comment	Bov439b_2_bovines-3	0.0	-0.084	0.0	0.0	-0.306	0.0	0.0	-0.519	0.0	-0.122	0.0	0.0	-0.694	-0.308	0.0	-0.812	-0.344	-0.271	-0.1	-0.212	-0.519	0.0	0.0	0.0	0.0	-0.141	-0.198	-0.059	-0.393	0.0	0.283	0.0	-0.288	-0.524	-1.288	0.0	0.76	0.071	-0.027	0.136	0.237	0.603	-0.48	-0.119	0.0	-0.173	-0.643	0.0	-0.621	0.0	0.09	-0.693	-0.431	0.0	-0.006	-1.296	-0.254	-0.251	0.0	-0.418	-0.652	0.0	0.41	-0.156	0.0	0.0	-0.01	0.0	0.165	0.0	0.0	-0.344	0.0	0.0	0.0	0.238	0.051	-0.263	0.0	0.369	0.0	0.0	0.0	0.39	-0.032	0.0	0.0	0.0	-0.226	0.0
taxongroup_comment	Bos-be23_2_bovines-17	-0.535	0.0	0.393	0.0	-0.686	0.042	0.0	-0.078	-0.183	-0.772	0.028	-0.504	0.0	0.536	0.0	-0.467	-0.172	0.0	0.295	-0.218	-0.66	-0.093	0.443	-0.092	0.0	0.0	-0.005	-0.669	-0.168	-0.133	-0.083	-0.117	-0.459	0.265	-1.148	0.046	0.006	0.257	-0.464	-0.661	-0.248	0.0	-0.004	-1.175	-0.094	-0.061	0.0	-0.12	0.331	-0.07	-0.729	-0.36	0.0	0.0	-0.621	-0.036	0.0	0.0	-0.928	-0.783	0.087	0.617	-0.643	0.072	0.028	-0.534	0.177	-0.035	-0.559	0.0	-0.727	-0.688	-0.606	0.094	0.0	-0.457	0.0	0.531	0.0	0.0	0.331	0.0	-0.273	0.0	0.259	0.0	0.0	-0.109	-0.48	0.0
taxongroup_comment	Bos-be23_11_mammals-20	0.0	-0.051	0.581	-0.175	-0.944	0.101	0.0	0.0	0.0	-0.392	-0.816	-0.315	-0.523	0.003	0.0	0.0	-0.515	-0.9	0.347	0.0	0.0	-0.41	0.0	-0.736	-0.593	0.199	0.0	0.0	-0.284	0.0	-0.66	0.308	0.11	0.438	0.0	0.0	-0.206	-0.973	0.0	0.003	-0.06	0.0	-0.123	0.0	-0.535	-0.676	0.033	0.0	0.0	-0.323	-0.059	-0.393	0.698	-0.395	0.0	-0.869	-0.006	0.0	0.266	-0.325	-0.237	0.0	0.141	0.0	0.0	-0.305	-0.665	0.0	-0.165	0.0	0.0	-0.542	0.0	0.0	0.042	-0.279	0.0	0.0	0.0	0.0	0.0	0.0	-0.642	-0.254	0.0	-0.325	0.0	0.0	0.0	0.0
taxongroup_comment	Gia-57fd_69_mammals-12	0.0	0.0	0.361	-0.516	0.041	0.0	-0.325	0.425	0.0	-0.849	0.0	0.0	-0.117	-0.069	0.0	0.0	0.0	-1.375	-0.575	0.0	-1.202	-0.33	-0.779	-0.3	0.196	0.332	-0.539	0.0	-0.035	-0.153	-3.019	-0.348	-0.631	0.23	-0.23	0.222	-0.154	0.41	-0.094	-0.685	-0.551	-0.093	0.0	-0.66	0.0	0.046	0.099	0.0	0.0	-0.563	0.041	-2.636	-0.69	0.0	0.0	-0.712	0.0	0.0	0.0	0.187	0.399	0.0	0.147	-0.414	-0.301	-0.162	0.0	0.403	-0.664	0.0	0.191	-0.428	0.0	0.0	0.0	0.7	0.173	0.086	0.11	-0.019	0.0	0.0	-0.53	-0.427	0.0	0.0	-0.12	0.0	-0.338	0.0
taxongroup_comment	Bha-2df5_29_Pseudois-30	0.304	0.0	0.0	-0.076	0.0	-0.674	-0.591	0.0	-0.62	0.0	0.338	-0.894	-0.161	-0.006	0.0	-0.016	0.0	0.0	0.0	0.0	0.0	0.434	0.28	-0.785	0.0	0.352	0.257	0.0	0.0	-0.597	-0.132	-0.164	0.019	0.0	0.0	0.0	0.0	-0.094	-0.694	0.007	0.033	-0.635	0.0	-0.084	0.0	0.0	-0.198	0.09	0.103	0.0	0.0	-0.006	0.0	0.224	-0.09	0.0	0.502	-0.901	0.0	-0.546	0.0	-0.236	-0.582	0.142	0.0	0.0	0.0	0.0	-0.768	0.0	0.0	0.14	0.0	0.0	0.0	0.0	0.0	-0.183	-0.633	0.0	0.093	0.106	0.0	0.0	0.491	0.0	0.0	0.0	0.0	-0.347
taxongroup_comment	Wil-28c2_11_Bubalus-12	0.622	-0.301	0.0	0.237	-0.394	0.0	0.0	-0.062	0.005	0.0	0.18	-0.166	0.0	-0.272	0.0	-0.253	0.0	0.686	0.0	-0.616	-0.253	0.0	0.0	-0.849	0.0	0.0	-0.33	0.0	-0.609	0.466	-0.25	0.0	0.296	0.265	0.0	0.193	-0.089	0.0	-1.106	-0.54	0.0	0.317	0.0	-0.208	-0.198	-0.317	-0.253	0.0	0.0	-0.071	0.0	-0.564	0.104	0.0	-0.029	0.0	0.0	-0.054	0.0	0.0	-0.15	0.0	-0.341	0.0	-0.368	0.784	0.0	0.0	0.0	-0.601	0.0	0.0	0.025	-0.485	0.453	0.0	-0.14	0.0	-0.453	0.0	0.0	0.661	-0.542	0.0	0.0	0.0	0.0	-0.051	0.623	-0.284
taxongroup_comment	Mar-3955_25_animals-9	-0.106	-0.243	-0.187	0.37	0.0	-0.117	-0.297	-0.348	0.0	0.0	0.018	0.216	-0.032	0.0	0.228	-0.393	-0.223	-0.798	0.0	-0.653	-0.232	0.013	0.0	-0.551	0.365	-0.804	0.0	-0.231	0.0	-1.205	-0.322	0.0	0.393	-0.234	0.0	-0.275	-0.487	0.086	-0.581	-0.057	0.0	0.332	0.0	0.0	-0.29	-0.29	-0.702	0.0	0.407	-0.081	0.0	0.0	-0.528	-0.7	-0.229	-0.716	0.859	0.0	-1.208	0.0	-1.256	0.133	-0.089	0.0	-0.337	0.0	-0.231	0.0	-0.062	-0.026	0.0	0.45	0.0	-0.714	0.116	-0.343	0.0	0.0	0.028	-0.246	0.0	-0.126	0.0	0.426	0.0	0.0	0.307	-0.305	0.322	0.096
taxongroup_comment	Cap-9b25_19_Capra-3	0.0	0.0	0.0	0.0	0.0	0.0	0.0	0.0	0.0	0.0	0.0	0.0	0.0	0.0	0.0	0.0	-0.038	0.0	0.0	-0.279	-0.336	0.0	0.0	0.0	0.0	0.0	0.0	0.0	0.546	0.0	0.0	0.0	0.859	0.0	0.0	-0.091	0.0	0.218	0.0	0.0	0.0	0.0	-0.344	-0.384	0.0	0.0	0.0	0.0	0.0	0.0	0.0	-0.246	0.0	-0.126	0.0	0.0	0.0	0.299	0.0	0.0	0.0	0.0	0.0	0.0	0.0	0.0	0.0	0.332	0.0	0.0	-0.106	-0.33	0.0	0.0	0.0	0.0	0.0	-0.234	0.0	0.0	0.0	0.0	0.0	0.0	0.0	0.0	0.0	0.0	0.0	0.0
taxongroup_comment	Mon-b346_27_animals-12	-1.136	0.0	1.08	-0.62	-1.214	0.053	0.357	-0.566	0.045	-0.815	-0.109	0.308	0.0	-0.604	-0.118	0.0	-0.523	-0.723	0.352	0.694	-0.178	-0.061	-0.199	0.223	0.435	-0.621	-0.276	-0.716	0.0	-0.19	-1.326	0.564	-0.912	-0.31	-0.485	0.105	-0.184	-0.441	-0.084	-1.962	-0.816	-0.005	0.642	-0.182	-0.814	-1.649	-0.847	-0.238	-1.478	0.14	0.36	-1.36	-0.601	0.0	-0.14	-0.223	0.526	0.333	-0.31	-1.448	-0.158	-0.392	-0.673	0.34	-0.109	-0.392	-1.069	-0.158	-0.332	-0.56	-0.591	-0.794	0.0	-0.523	-0.534	-0.557	-0.56	0.071	-0.212	0.609	-0.049	0.483	-0.642	-0.743	0.0	0.488	-0.378	0.698	-0.124	-0.312
taxongroup_comment	Arg-817f_2_Ovis-4	0.0	-1.04	-0.006	-0.061	-0.348	0.643	-0.036	-0.407	-0.582	-0.049	-0.556	-0.015	0.0	-0.268	-0.346	-0.187	0.369	-0.142	0.0	0.0	0.0	0.0	-0.741	-0.199	-0.051	-0.687	-1.128	0.0	0.0	0.741	0.738	0.0	0.0	-0.342	-0.449	0.0	-0.297	0.0	0.0	-0.057	0.0	0.0	0.0	0.578	0.0	0.0	-0.449	0.006	0.622	0.0	0.0	0.0	0.0	-1.405	0.0	-0.612	-0.656	-0.659	-0.131	-0.799	0.207	0.412	-0.027	-0.664	0.0	-0.202	0.0	0.0	0.338	-0.198	-0.801	-0.17	0.0	-0.166	-0.825	-0.355	0.0	0.583	-0.228	0.211	-0.343	-0.561	0.598	0.0	0.046	0.0	0.0	-0.306	0.0	0.0
taxongroup_comment	Arg-817f_2_sheep-18	0.025	-0.245	-0.303	0.0	-1.141	-0.612	-0.834	-0.779	-0.732	-0.325	-0.051	-0.637	-0.258	-0.649	0.283	-0.37	-0.666	-0.876	-0.109	-0.48	0.0	-0.176	-0.332	-0.41	-0.478	-0.337	-0.397	-1.359	-0.533	0.0	-0.378	-0.897	-0.005	-1.124	-0.29	-0.342	-0.445	0.225	-0.515	-0.41	0.477	0.308	-0.132	-0.434	-0.206	0.292	-0.314	-0.343	0.0	-1.905	0.631	0.358	-0.697	0.0	0.0	-0.142	-0.948	-0.084	0.848	0.07	0.044	-1.542	-0.631	0.0	-0.075	-0.523	0.0	0.0	0.521	0.0	-0.036	-0.648	0.806	-0.338	-0.761	-1.145	0.0	1.576	-0.03	-0.56	-0.15	0.0	0.0	-0.419	0.0	-0.187	0.95	-0.005	-0.128	0.0
taxongroup_comment	Arg-817f_2_sheep-13	-0.006	-0.012	0.41	0.283	-0.095	0.0	0.0	-0.505	0.412	-0.219	0.0	-0.852	-0.498	-0.534	0.128	0.0	0.0	0.0	-0.038	-0.051	-0.223	0.0	0.0	-0.465	0.0	0.0	-0.179	-0.06	0.0	0.0	0.0	-0.478	0.0	-0.55	-0.41	0.0	-0.161	-0.45	0.0	-0.412	0.298	-0.299	-0.226	0.735	-0.595	0.0	0.0	0.0	-0.392	-0.029	-0.046	-0.131	0.258	0.0	-0.308	-0.301	-0.23	-0.17	0.0	0.0	0.0	0.0	-0.348	0.0	0.0	-0.962	0.0	0.338	-0.375	0.0	0.0	-0.3	0.0	-0.136	0.0	-0.151	-0.343	0.0	0.0	-0.368	0.741	0.0	0.0	0.3	-0.366	0.0	-0.523	0.0	-0.006	0.345
taxongroup_comment	Dal-d353_109_sheep-2	0.0	0.0	0.0	0.0	0.674	0.0	0.0	0.061	0.116	-0.266	0.0	0.0	0.0	0.0	0.0	0.0	0.0	0.0	0.0	0.0	0.0	0.0	0.0	0.018	-0.175	0.0	-0.549	0.0	0.0	0.0	0.0	0.393	-0.07	0.0	0.125	0.0	-0.161	0.0	0.0	-0.315	0.0	0.0	0.0	0.0	0.0	0.0	-0.668	0.0	0.0	0.0	0.0	-0.018	0.0	0.0	-0.308	0.0	-0.115	0.0	0.0	0.0	0.147	0.0	0.0	0.0	0.0	0.0	0.0	-0.625	-0.33	-0.19	-0.53	-0.542	0.0	-0.136	0.0	0.0	0.0	0.0	-0.223	0.0	0.0	0.098	0.0	-0.136	-0.366	0.0	0.0	0.597	0.0	0.0
taxongroup_comment	Big-0af3_9_sheep-10	0.0	0.0	0.393	0.0	0.114	-0.402	-0.075	0.487	0.045	-0.951	-0.129	0.0	0.0	0.106	-0.274	-0.052	-0.113	-0.232	0.0	-0.541	0.0	-0.33	0.0	0.22	-0.609	0.0	-0.547	0.0	0.0	0.0	-0.823	0.564	-0.425	0.469	0.125	0.607	0.022	-0.461	-0.333	-0.315	-0.427	0.0	0.0	0.0	0.0	-0.7	-0.23	0.0	0.0	-0.07	0.0	-0.393	-0.161	0.0	-0.256	-0.968	-0.232	-0.48	0.352	0.0	0.289	0.0	0.0	-0.693	0.516	-0.459	0.0	-0.601	-0.847	-0.265	-0.473	-0.668	0.0	-0.136	0.0	-0.018	-0.642	0.0	-0.178	-0.019	0.0	0.098	-0.353	-0.136	-0.366	0.0	0.571	0.674	-0.347	0.0
taxongroup_comment	Big-0af3_9_sheep-24	-0.238	0.0	0.352	0.0	-0.394	0.347	0.0	-0.391	-0.195	-1.324	0.0	0.183	0.0	-0.534	0.0	0.192	0.077	-0.301	-0.327	0.0	0.0	-0.287	-0.482	0.0	0.0	0.0	-0.057	0.0	-0.046	0.574	0.06	0.0	0.621	-0.341	0.64	-0.765	0.0	-0.353	0.0	-0.765	-0.029	0.595	-0.604	-0.239	-0.387	-0.268	-0.139	0.0	0.0	0.361	0.909	-0.078	-0.056	0.0	-1.105	0.0	0.009	-0.535	-0.256	-0.158	0.403	-0.169	0.308	0.0	0.0	0.095	-0.41	-0.523	-0.772	-0.061	-0.347	-1.095	0.0	0.0	0.142	-0.237	-0.051	0.0	0.0	-0.626	-0.113	0.0	0.469	-0.051	0.261	-0.551	-0.683	0.052	-0.006	-0.392
taxongroup_comment	Mam-3742_279_animal-8	-1.025	0.0	1.213	-0.566	-0.256	-0.666	-0.553	-0.775	0.187	0.0	-0.289	0.369	0.0	-0.649	-0.03	-0.125	-0.203	-0.061	-0.173	-0.731	0.0	-0.008	0.0	-0.312	0.0	0.0	-0.105	0.564	0.0	-0.269	-0.293	0.245	-0.398	-1.838	0.279	-0.435	-0.388	-0.481	0.369	0.514	-0.268	-0.553	0.0	-0.344	0.0	0.142	0.0	0.323	0.0	0.227	0.0	-0.029	-0.098	-0.159	-0.303	-0.98	-1.503	0.0	0.0	-0.549	0.035	0.0	0.0	-0.206	0.0	-0.722	0.0	0.0	-0.624	0.174	0.0	-0.339	0.0	-0.027	0.0	0.193	-0.111	0.0	0.0	0.0	-0.609	0.0	0.0	0.0	0.194	0.0	0.0	-0.267	-0.485	0.196
taxongroup_comment	Tun-c63e_40_animals-2	-1.12	-0.002	-0.228	0.0	0.0	-0.265	0.0	-0.302	0.134	-0.061	0.0	0.087	0.0	0.0	0.0	-0.386	0.006	-0.218	0.0	-0.063	0.0	-0.473	-1.392	0.0	-0.541	-0.628	0.0	-0.192	-0.886	0.0	-0.59	1.526	0.406	0.29	1.545	-0.382	-0.23	-0.485	0.0	-0.322	-0.967	-0.583	-0.882	0.0	-2.556	-0.474	0.116	0.96	0.0	0.0	0.482	-2.373	-0.14	-0.823	0.0	-0.128	-1.388	0.631	0.0	-0.037	-0.415	-0.717	0.0	1.464	-0.157	-0.152	0.0	-0.549	-0.109	0.0	-0.693	-0.384	-0.061	-0.598	0.926	0.784	0.0	-0.658	0.0	0.0	-0.377	0.0	0.0	-0.37	0.0	0.0	-0.444	-0.437	0.0	0.0
taxongroup_comment	Mar2a6b_6_animals-7	-0.027	-0.227	0.393	-0.062	-2.36	-0.208	-0.083	0.472	0.129	-0.658	0.251	0.185	0.0	-0.248	0.094	0.0	0.0	0.51	0.0	0.0	0.539	-0.5	-0.778	0.0	0.0	0.0	0.0	0.0	0.0	-0.104	-0.731	0.0	-0.911	0.576	0.0	-0.284	0.3	0.0	-0.157	0.0	-1.017	0.0	0.0	-0.324	-0.094	-0.159	-0.234	0.539	-0.118	-0.282	0.0	-0.091	-0.378	0.0	-0.668	-0.64	-0.172	0.0	-0.94	0.0	-0.456	-0.088	0.506	-0.721	0.338	-0.534	-0.02	0.0	-0.485	-0.689	-0.252	-0.719	-0.973	0.0	0.0	-0.687	-0.057	0.0	0.0	0.088	0.0	0.0	-0.593	0.383	0.0	-0.348	0.045	-0.603	0.0	0.399
taxongroup_comment	Mam-3742_279_mammals-15	0.0	-0.305	0.29	-0.725	-0.19	-0.027	-0.314	0.277	0.0	-0.494	0.0	0.084	0.0	0.0	-0.067	-0.666	-0.435	-0.17	0.0	-0.175	-0.302	0.216	-0.263	0.0	0.0	-0.109	0.0	0.0	-0.776	0.392	-0.266	-0.618	-0.466	0.0	-0.505	0.0	0.0	-0.105	0.0	0.319	0.0	0.0	0.0	0.0	0.0	0.0	-0.576	0.0	0.0	0.0	0.353	-0.198	0.0	-0.319	0.362	-0.197	-0.614	-0.146	-0.174	-0.584	-0.117	-0.671	-0.206	-0.468	0.0	-0.526	0.0	0.196	0.0	0.0	0.406	-0.482	0.0	0.0	0.0	0.085	-0.553	0.002	0.0	0.0	0.0	0.0	0.0	-0.687	0.0	-0.133	-1.072	-0.532	0.433	-0.111
taxongroup_comment	Mus-840b_2_mammal-59	0.0	-0.96	-0.09	0.072	0.0	-0.306	0.456	-0.325	-0.405	-0.616	0.54	0.0	-0.432	-1.018	-0.081	-0.612	-0.552	-0.153	-0.46	-0.006	0.0	-0.061	0.0	-0.286	-0.792	-0.035	-0.366	-0.249	0.421	-0.151	-0.958	0.096	-0.63	-0.923	0.485	0.211	0.0	0.111	-0.44	-0.488	0.353	0.0	0.0	0.226	-0.318	0.314	-0.718	-1.485	0.376	-1.633	0.332	0.299	-1.319	0.0	0.0	0.0	0.473	-1.034	-0.05	0.066	-0.353	-0.882	-0.522	-0.289	-0.336	-0.557	0.0	-0.556	-0.422	0.253	-0.313	0.625	0.225	-0.387	0.0	0.601	0.0	0.0	-0.223	-0.379	0.0	-0.09	0.0	0.059	0.0	0.067	-0.342	0.197	0.898	0.018
taxongroup_comment	Nub-af58_2_Capra-5	0.0	-0.695	-0.006	0.0	0.0	0.0	-0.139	-0.202	-0.06	-0.215	-0.551	0.033	0.0	0.353	-0.246	-0.167	0.18	-0.623	0.0	0.0	0.0	0.0	-0.662	-0.199	-0.057	-0.451	-0.967	0.0	0.567	-0.043	0.491	0.0	0.0	-0.347	-0.42	0.0	-0.338	0.239	0.0	0.233	0.0	0.0	-0.473	-0.258	0.0	0.0	0.0	0.006	-0.103	0.0	0.0	0.211	0.0	-1.587	-0.189	-0.239	-0.271	-0.514	-0.406	0.0	0.103	-0.062	-0.029	-0.77	0.0	-0.51	0.0	0.0	0.338	-0.418	0.82	-0.316	0.0	0.0	-0.825	-0.65	-0.607	0.562	0.167	-0.588	-0.272	-0.228	0.441	0.0	0.087	0.0	0.538	0.0	0.0	-0.233
taxongroup_comment	Nub-af58_135_Capra-18	0.538	0.225	0.0	0.0	0.0	1.129	0.115	0.0	0.0	0.0	0.0	-0.257	0.0	0.083	0.0	0.0	0.028	0.0	0.032	0.0	0.0	0.196	-0.983	0.0	-0.338	0.0	0.0	0.094	0.0	0.01	0.022	0.0	-0.309	0.0	-0.193	-0.579	0.0	0.0	0.0	-0.725	0.071	0.0	0.0	0.0	0.159	-1.011	0.0	0.115	-0.12	0.0	0.0	0.0	0.0	0.0	-0.103	-0.576	0.621	0.0	0.0	0.0	0.0	0.0	0.0	-0.487	0.0	0.0	0.0	0.0	0.0	0.0	0.0	-0.461	-0.428	0.0	0.0	0.0	0.0	0.0	0.0	0.0	0.349	0.0	0.0	0.0	0.0	0.0	-0.508	0.0	0.0	0.0
taxongroup_comment	Nub-af58_2_Capra-17	-0.202	0.0	0.169	0.0	0.344	0.0	-0.695	0.514	0.0	-1.157	-0.768	0.74	0.0	-0.252	0.432	0.0	0.106	-0.686	0.0	0.083	0.0	-0.272	-0.353	-0.356	-0.094	-0.095	-0.189	0.0	0.146	0.469	-0.351	0.0	0.103	-0.265	0.244	-0.239	-0.349	-0.076	0.0	-0.529	-0.246	-0.521	-0.617	-0.957	0.0	-0.292	0.0	0.0	0.0	-0.333	0.0	-0.155	-0.006	-0.922	-0.896	0.0	-0.617	0.18	-0.472	-0.062	0.142	0.211	-0.03	-0.186	-0.093	0.022	-0.442	-0.523	-0.388	-0.47	0.37	-0.295	0.0	0.052	-0.473	0.555	-0.53	0.046	0.0	-1.465	-0.286	0.0	0.287	0.506	0.354	-0.551	0.0	0.052	0.0	0.0
taxongroup_comment	Nub-af58_142_ibex-18	-1.216	0.094	0.393	0.0	-0.625	0.0	0.0	0.0	-0.256	-0.286	0.0	0.0	-0.259	0.611	-0.057	-0.329	0.0	0.195	0.0	0.0	0.0	0.0	0.0	0.0	-0.494	0.032	-0.109	-0.569	0.151	0.0	-0.144	-0.388	-0.337	0.58	0.0	-0.448	0.149	-0.419	0.0	0.0	0.0	-0.086	-0.659	0.0	0.0	0.195	0.145	0.0	0.991	-0.07	0.246	-0.228	-0.061	0.0	-0.643	-0.669	0.658	-0.133	0.649	0.0	0.075	0.0	-0.485	-0.505	0.0	-0.305	-0.09	0.0	-0.502	0.0	0.256	-0.72	-0.037	-0.246	0.392	-0.018	0.0	0.0	0.0	0.408	0.0	-0.44	-0.0	0.0	0.0	0.0	-0.135	0.0	0.0	0.0
taxongroup_comment	Nub-af58_62_mammals-21	0.0	0.0	0.564	0.388	-0.838	0.0	0.0	0.0	-0.368	-0.84	-0.068	0.0	0.0	-0.428	-0.191	0.392	0.0	0.0	0.181	0.0	0.0	0.0	-0.268	0.577	-0.637	-0.192	0.057	0.0	0.0	0.0	-0.602	-0.523	-0.723	-0.307	-0.437	0.09	0.09	0.233	-0.109	-0.527	0.012	0.0	0.0	-0.035	-0.094	-0.767	-1.435	-0.226	-0.113	-0.184	0.251	0.479	-0.029	-0.492	-0.664	-0.327	-0.229	-0.528	-0.123	0.0	0.276	-0.346	0.0	-0.243	-0.598	-1.225	0.103	-0.846	-0.982	-0.156	-0.307	-1.331	-0.012	0.0	-0.325	-0.818	-0.643	-0.259	-0.829	-0.123	0.673	-1.259	-0.742	-0.262	0.0	0.117	0.048	-0.468	-0.13	-0.346
taxongroup_comment	Dal-d353_97_Ovis-16	0.0	0.0	0.0	0.0	0.0	0.0	0.0	0.0	0.0	0.0	0.0	0.0	0.0	0.0	0.0	0.0	-0.62	0.0	0.759	0.0	0.0	-0.232	-0.461	0.02	0.571	0.0	0.0	0.0	-0.434	-0.113	0.0	0.0	0.0	0.0	0.0	0.0	0.0	0.0	-0.461	0.0	0.805	0.0	-0.113	0.0	0.0	0.0	0.0	0.0	0.0	0.0	0.0	0.0	0.0	0.0	-0.195	-0.232	0.495	0.0	-0.056	0.0	0.0	0.0	0.0	0.0	0.0	0.0	0.0	-0.055	0.0	0.0	0.077	-0.595	-0.006	0.0	0.0	0.0	0.0	0.0	0.0	0.0	0.077	0.0	-0.195	0.0	0.0	0.0	0.0	0.0	0.0	0.0
taxongroup_comment	Dal-d353_97_sheep-14	-0.077	0.0	-0.029	-0.62	-0.738	-0.133	-0.461	0.0	-0.016	-0.285	-0.478	0.217	-0.259	0.041	0.147	0.0	-0.1	0.418	-0.289	0.0	-0.841	0.0	0.139	-0.301	-0.01	-0.5	-0.109	-0.264	0.264	0.3	0.0	-1.052	0.0	-0.256	0.0	0.0	1.099	-0.246	0.202	0.0	0.208	0.0	0.0	0.0	-0.736	0.0	0.007	0.0	0.0	-0.176	-0.078	-0.066	0.809	0.0	-0.886	-0.203	-0.195	-0.02	-0.139	0.0	-0.082	-0.498	0.791	0.017	0.0	-0.305	-0.223	0.0	-0.449	0.302	0.476	-0.542	0.082	-0.715	0.704	-0.018	0.0	0.0	0.403	0.683	0.342	0.0	-0.39	0.0	0.0	-0.469	0.673	0.0	0.0	0.0
taxongroup_comment	Tem-2c3b_12_vertebrates-15	-1.149	0.0	-0.004	0.031	-0.797	0.0	-0.51	0.091	-0.053	-0.275	0.0	0.0	0.321	-1.652	0.0	0.0	0.0	-0.374	0.257	-0.306	-0.445	-0.829	0.0	-0.571	-0.186	0.0	-0.471	0.0	0.0	0.0	-0.12	0.372	0.349	-0.042	0.0	-0.221	-0.063	0.0	0.0	-0.183	0.0	0.448	0.0	-0.226	-0.692	0.327	-0.281	-0.514	0.03	-1.392	0.625	-0.72	0.0	0.136	0.0	-0.801	0.184	-0.192	-0.124	-0.148	-0.057	-0.014	0.0	0.0	-0.274	-0.305	0.0	-0.863	-0.182	-0.538	0.0	-0.731	-0.831	0.0	0.205	1.348	0.0	0.0	-0.236	0.0	0.0	0.0	-0.312	-0.19	-0.435	0.0	-0.636	0.364	-0.609	0.0
taxongroup_comment	Big-0af3_118_animals-8	0.0	0.0	0.443	-0.893	-1.036	-0.177	-1.94	-1.209	0.116	-0.399	0.0	0.0	0.0	-0.534	0.092	-0.654	0.0	-0.34	-0.395	-0.075	0.0	0.291	0.0	0.426	-0.613	0.328	-0.013	-0.195	-0.198	-0.53	-1.754	0.393	-0.347	-0.7	0.115	-0.161	0.35	-0.353	-0.046	-0.734	0.298	0.0	0.685	-0.673	-0.786	-0.192	-0.336	-0.363	0.543	-1.049	0.61	-1.177	-1.356	0.0	-0.277	-0.012	-0.082	0.0	-0.051	-0.09	-0.75	-0.631	-0.365	0.0	0.0	-0.456	-0.946	-0.625	-0.17	-1.029	-0.116	-0.759	-0.403	-0.523	0.0	-0.926	0.561	-0.369	-0.629	0.492	0.132	0.035	0.0	-0.237	-0.109	0.649	0.0	0.039	0.124	0.092
taxongroup_comment	She-572b_363_animal-27	0.304	0.0	0.0	0.0	0.0	-0.842	-0.69	-0.018	0.438	0.0	0.308	-0.523	0.0	0.0	0.0	0.0	0.0	0.0	0.004	0.0	0.0	-0.134	-0.596	-0.944	-0.621	0.305	0.279	0.0	-0.08	-0.042	0.098	-0.643	-0.058	-0.557	0.0	0.0	0.0	-0.051	0.0	-0.014	-0.407	-0.335	0.0	-1.11	0.0	-0.69	0.0	0.09	-0.061	0.0	0.12	0.0	0.0	0.017	0.278	0.0	0.459	-0.866	0.174	0.0	0.0	-0.236	-0.632	-0.114	0.0	0.0	0.0	0.0	-0.68	0.0	0.056	0.244	0.0	0.0	0.0	0.0	0.0	-0.006	-0.814	-0.314	-0.761	0.164	0.0	0.0	0.341	0.0	0.0	0.0	0.0	0.0
taxongroup_comment	Big-0af3_126_animal-15	0.879	-0.061	0.0	-0.035	0.671	0.0	0.0	-1.494	0.599	0.137	0.0	0.096	0.0	-0.541	-0.046	-0.446	0.0	-0.04	0.0	-1.993	-0.542	0.0	-0.123	-0.525	0.13	-0.109	-0.694	0.0	0.0	1.223	-1.084	0.093	-0.583	-0.903	-0.022	0.0	-0.101	-0.58	-0.813	-0.54	0.298	0.812	0.393	-0.6	0.13	-0.453	0.166	0.0	-0.044	-0.18	0.308	0.621	-1.368	-0.03	-0.105	-0.623	-0.892	-0.006	0.0	0.0	-0.046	0.052	-0.34	-0.844	0.025	-0.435	0.0	0.124	-0.38	-0.949	0.0	0.0	-0.374	-0.501	-0.401	-0.198	0.0	0.0	-0.602	0.0	0.0	-0.086	-0.474	-0.305	-0.283	-0.133	-0.659	0.0	-0.44	0.0
taxongroup_comment	She-572b_443_animals-18	0.759	-0.167	0.244	-0.106	-0.034	0.0	0.0	-0.086	-0.081	-0.68	0.0	0.235	0.012	0.0	0.717	0.0	0.0	-0.436	0.0	0.0	-0.578	0.0	0.324	-1.072	0.0	-0.029	0.0	0.0	0.0	1.185	-1.267	-0.111	-0.7	-0.366	0.0	-0.565	-0.167	-0.036	-0.554	0.158	0.0	0.0	-0.68	-0.167	0.0	-1.106	0.038	0.0	-0.357	0.581	0.132	-0.472	-0.515	0.015	0.0	-0.301	-0.601	-0.183	-0.112	-0.169	0.155	0.0	-0.269	-0.394	-0.62	-0.621	-0.464	-0.03	0.0	-0.31	-0.215	-0.209	0.0	-0.891	0.0	-0.61	0.0	0.0	-0.306	0.0	0.0	0.281	-0.662	-0.057	0.0	-0.268	-0.71	0.0	0.0	0.0
taxongroup_comment	She-572b_61_animal-27	-0.331	0.0	0.765	-0.302	-1.458	0.0	0.146	-0.566	-0.006	-0.048	-0.293	0.0	-0.41	-1.224	0.0	0.0	0.0	0.883	0.259	0.0	0.0	-0.512	-0.133	0.019	-0.602	-0.046	0.0	0.215	0.0	-1.143	-0.599	0.0	-0.523	0.088	0.0	0.0	0.047	-0.959	0.0	-0.151	0.657	0.0	0.0	-0.061	0.401	0.0	0.0	-0.284	-0.291	-0.168	-0.282	0.437	-0.05	-0.528	-0.551	-0.923	-0.726	-0.604	-0.41	0.0	-0.183	-1.302	0.0	0.392	0.048	-0.697	-0.061	0.0	-0.41	-0.252	0.0	-0.542	-0.604	0.0	-0.021	-0.07	-0.643	0.0	0.0	0.0	0.0	0.0	0.06	-0.491	-0.241	0.0	0.0	0.0	-0.006	0.0
taxongroup_comment	She-572b_224_animals-10	-0.076	-0.172	0.26	0.0	0.198	0.0	0.0	-0.229	0.0	-1.363	0.0	0.02	0.0	0.0	0.122	0.0	0.0	-0.238	0.0	0.0	0.0	0.402	0.0	0.788	-0.161	0.0	0.642	-0.755	0.0	0.0	-0.787	0.0	-0.024	0.0	0.0	0.0	0.133	-0.398	-0.621	-0.186	-0.228	0.0	-0.15	-1.912	-0.297	-0.056	0.038	0.0	0.276	-0.309	0.535	-0.472	-0.094	-0.941	-0.192	-0.162	-0.126	0.336	0.0	-0.169	0.0	0.0	0.31	0.0	0.0	-0.469	0.0	-0.469	0.115	0.103	-0.029	-0.428	0.0	-0.564	0.44	0.083	0.0	-0.473	0.0	0.338	0.0	-0.152	0.0	-0.057	-0.243	0.0	0.0	0.0	0.0	0.496
taxongroup_comment	Ovi-a47a_37_animals-4	0.0	-0.053	0.0	0.0	0.0	-0.378	0.0	0.0	0.0	0.0	0.0	-0.348	0.0	0.0	-0.006	0.216	-0.091	-0.057	-0.928	-0.341	0.0	0.0	0.0	0.0	-0.62	-0.546	0.0	-0.059	-0.198	0.0	-0.373	0.212	-0.211	-0.643	0.052	-0.161	0.0	0.013	-0.046	-0.109	0.0	0.0	-0.651	-0.549	-0.061	0.352	0.202	-0.076	0.0	-0.694	-0.164	-0.314	-0.48	0.0	0.0	0.0	0.0	0.23	0.262	1.309	-0.734	0.02	0.228	0.392	0.0	0.0	0.23	0.0	0.0	0.0	0.0	-0.593	-0.056	-0.302	-0.071	-0.347	-0.518	-0.258	0.0	0.0	-0.259	0.0	0.0	0.393	0.0	0.0	-0.567	0.0	0.0	0.0
taxongroup_comment	Hum-c1bb_341_animals-8	-0.151	0.0	0.564	0.0	-0.403	0.0	-0.313	-0.124	-0.51	-0.426	0.0	-0.569	0.0	-0.841	0.0	-0.758	0.0	-0.147	-0.344	0.0	0.0	-0.178	0.0	0.23	-0.045	0.391	0.0	0.0	0.0	-0.029	-1.193	-0.589	-0.71	0.059	0.0	0.0	0.283	0.0	0.0	0.0	0.177	0.0	0.0	0.0	-0.233	0.0	0.038	-0.368	0.518	-0.184	0.629	-0.677	0.009	-0.469	0.0	-1.499	0.0	0.224	-0.032	-0.169	-0.159	0.0	0.0	-0.523	0.0	-0.306	0.0	0.0	-0.559	0.0	0.292	-0.51	0.55	0.0	0.0	-0.106	0.0	0.0	0.0	0.23	0.0	-0.787	-0.544	-0.057	0.0	0.0	-0.173	0.0	0.238	0.0
taxongroup_comment	Gua-668b_90_animals-18	0.184	0.0	-0.432	0.241	0.624	0.0	0.0	-0.437	-0.161	0.0	0.0	0.0	0.0	0.0	0.0	0.748	0.0	-0.338	-0.839	-0.508	-0.364	0.515	0.0	0.023	-0.094	-0.308	-0.249	0.0	0.0	-0.323	-0.389	-0.211	0.0	-0.481	-0.254	0.0	0.149	-0.405	-0.631	0.0	0.156	0.0	-0.359	-0.496	0.0	-0.076	0.0	0.0	0.146	-0.51	-0.431	0.773	-0.078	-0.54	-0.132	-0.061	-1.589	-0.134	0.588	-0.195	0.286	0.0	-0.408	-0.302	-0.62	0.0	-0.14	0.0	0.0	-0.286	0.0	0.0	-0.54	0.025	0.0	0.0	-0.161	-0.48	-0.339	0.207	0.0	0.515	0.0	0.0	-0.609	-0.133	-0.469	0.226	-0.404	0.0
taxongroup_comment	Wol-279e_421_animals-4	-0.629	0.0	0.953	0.575	-0.625	0.0	0.0	0.0	-0.129	-0.526	-0.116	0.0	-0.365	-0.195	0.0	-1.0	-0.688	-0.554	0.0	-0.06	0.0	-0.544	0.328	-0.038	-0.22	0.233	-0.006	-0.045	0.0	-0.462	0.144	0.0	0.042	0.634	0.0	-0.942	0.042	-0.103	-0.106	0.0	0.0	0.0	-0.651	0.0	-0.098	-0.293	-0.204	0.0	0.406	-0.07	-0.676	-0.053	-0.408	-0.352	-0.551	-0.691	-0.037	0.0	-0.813	-0.146	-0.703	0.0	0.142	0.0	-0.038	-0.697	0.078	-0.293	-0.313	-0.126	0.0	-0.5	0.0	-0.391	0.633	-0.011	-0.365	0.0	0.0	0.0	-1.207	0.357	-0.928	-0.578	0.0	0.0	0.0	0.05	1.193	-0.535
taxongroup_comment	Wol-279e_300_animal-31	-0.401	0.695	-0.365	-0.419	0.0	-0.654	-0.784	-0.072	0.686	0.0	0.275	-0.521	0.0	-0.534	-0.154	0.083	0.061	-0.643	-0.24	0.0	-0.479	-0.276	-0.664	-0.395	0.0	-0.849	-0.391	-0.51	0.0	0.0	0.586	0.443	0.028	-0.532	0.43	0.0	-0.469	-0.22	0.0	0.0	0.298	-0.623	0.0	0.214	0.0	-0.192	0.003	0.0	0.203	0.0	0.0	-0.289	-0.05	-0.908	-0.408	-0.223	0.0	0.62	0.0	-0.365	-0.985	-0.947	0.169	0.0	0.0	-1.319	0.0	0.0	-0.38	-0.721	-0.139	-0.189	0.0	-0.711	0.0	-0.019	0.139	0.0	-0.091	0.489	0.0	0.0	0.0	-0.037	-0.49	0.0	0.02	0.0	-0.757	0.148
taxongroup_comment	Flo-23b8_35_animals-19	-0.643	0.0	0.0	0.591	-0.077	-1.117	0.0	0.033	0.045	0.0	-0.133	-0.113	0.0	-0.069	0.523	0.392	-0.335	-0.37	0.0	0.0	0.0	-0.177	0.0	-0.287	0.0	-0.632	-0.117	-0.0	0.0	-0.376	-0.715	0.331	0.094	-4.699	-0.133	0.0	0.0	0.0	-0.109	-0.729	0.0	0.0	0.0	0.0	-0.388	0.101	-0.198	-0.273	-0.518	-0.109	4.112	-0.315	-0.046	0.0	0.0	-0.764	-0.584	-0.74	-2.399	-0.029	-0.126	-0.061	-0.26	0.0	0.0	0.0	0.0	-0.801	0.0	-0.083	0.0	-0.279	0.0	0.0	0.25	-0.491	-0.643	-0.32	-0.062	-0.857	0.0	0.0	0.443	0.0	0.0	0.0	-0.912	0.617	0.0	0.281
taxongroup_comment	Gua-668b_90_animal-2	0.0	-0.295	0.508	0.256	-0.863	0.0	-0.551	-0.096	0.0	-0.523	0.0	0.0	-0.694	-0.802	0.0	-0.056	0.0	-0.165	-1.191	-0.316	-1.14	0.0	0.0	0.0	-0.184	-0.45	-0.398	-0.441	-0.41	0.0	0.417	0.449	0.0	-0.861	-0.55	0.0	0.099	-0.134	0.221	-0.48	0.298	0.759	-0.48	-0.039	-0.267	0.0	-0.268	0.0	0.0	0.0	-0.62	-0.376	-0.337	0.0	0.301	-0.724	-0.368	-0.588	0.0	-0.481	0.564	-0.165	-0.172	-0.541	0.0	0.0	0.02	-0.018	-0.03	-0.006	0.0	-0.407	-0.172	0.0	0.0	0.0	-0.071	0.185	0.0	0.0	0.0	0.0	0.0	0.0	-0.061	-0.081	-0.257	-0.357	0.219	0.0
taxongroup_comment	Hyp-f6cf_10_animals-7	0.312	-1.068	0.443	0.0	-0.81	0.0	0.0	0.0	0.0	-0.403	0.0	-0.249	-0.006	-0.356	-0.952	0.0	0.0	-0.374	-1.38	0.0	-0.858	-0.413	-0.087	-0.199	0.187	0.352	0.0	-0.198	0.0	-0.056	-0.642	0.0	-0.287	0.0	0.0	0.0	0.0	-0.201	-0.943	0.333	-0.736	-0.006	0.0	-0.85	-0.829	0.175	-0.069	-0.267	0.0	-0.309	-0.214	-0.514	-0.347	0.0	0.0	-0.73	0.0	0.0	0.0	-0.049	-0.135	0.02	0.269	0.735	0.0	-0.469	-0.113	-0.083	-0.623	0.0	-0.194	-0.337	0.385	-0.525	0.0	0.083	0.419	0.0	0.0	0.0	0.0	0.0	0.0	-0.352	0.369	0.0	0.0	0.0	-0.093	0.508
taxongroup_comment	Hyp-f6cf_197_animals-8	-0.839	0.092	0.443	0.0	-0.508	0.0	0.41	0.0	-0.053	-0.15	-0.133	-0.472	0.0	-0.101	-0.244	0.392	0.0	-0.316	0.0	-0.306	0.0	-0.302	0.052	-0.392	0.067	0.352	0.22	-0.198	0.0	0.0	-1.32	0.314	0.101	-1.292	0.0	0.0	0.0	0.19	-0.109	-0.278	0.183	-0.006	0.0	-0.829	-1.081	-0.326	-0.228	-0.302	-0.197	-0.309	2.122	-0.961	-0.347	0.0	0.0	0.067	-0.396	-0.128	-0.495	-0.448	-0.117	-0.061	0.08	0.0	0.0	-0.469	0.0	-1.696	-0.665	-0.13	0.076	-0.617	0.0	-0.694	0.271	-0.408	-0.643	-0.259	-0.236	0.0	-0.609	0.0	0.0	-0.374	-0.3	0.0	-0.429	0.567	0.0	0.076
taxongroup_comment	She-572b_371_animal-22	-0.292	0.0	0.239	0.0	-0.469	-1.021	0.255	-0.566	0.0	-1.161	-0.52	-0.492	-0.337	-0.848	-0.396	0.109	0.0	-0.378	-0.14	0.0	0.0	0.268	0.0	0.0	-0.424	0.0	0.0	0.0	-0.051	0.0	-1.278	-0.327	-0.258	-0.502	0.0	-0.731	0.0	-0.336	0.0	-1.65	0.524	-0.068	0.0	-0.923	-0.518	0.0	0.216	-0.492	0.552	-0.29	0.329	-0.39	-0.05	-0.123	-0.437	-0.886	0.052	0.0	-0.341	-0.466	-0.03	-0.326	0.182	0.0	0.0	-0.257	0.0	-0.895	0.095	0.0	0.276	0.11	0.0	0.0	0.0	-0.398	0.088	0.301	0.0	0.0	0.0	0.233	-0.006	-0.547	0.37	-0.136	0.0	0.0	-0.006	0.497
taxongroup_comment	She-572b_103_animals-19	0.0	0.0	-0.171	0.0	0.0	0.0	-0.547	0.0	0.063	0.0	0.0	-0.787	0.0	-0.144	0.007	0.0	0.0	0.0	0.0	0.41	0.0	0.0	0.0	-0.363	0.0	-0.744	-0.066	-0.302	0.0	0.0	-0.094	0.0	0.0	0.0	0.0	0.0	-0.124	0.0	0.0	-0.023	0.0	0.0	0.0	0.0	0.0	0.0	0.277	0.0	0.0	0.0	0.0	0.0	0.0	0.0	-0.718	-0.305	0.0	0.0	0.0	0.0	0.0	0.0	0.188	0.0	0.0	-0.306	-0.731	0.0	0.0	0.0	0.0	0.0	-0.3	0.25	0.0	0.0	-0.048	-0.111	0.017	0.0	0.0	0.0	0.0	-0.382	0.0	-0.249	0.0	0.0	0.0	-0.208
taxongroup_comment	She-572b_334_animal-4	0.37	0.0	0.0	0.0	0.0	-0.258	0.0	-0.119	0.0	0.0	0.0	0.0	0.0	-0.787	0.0	0.0	0.0	0.0	0.704	0.0	0.0	-0.118	-0.605	-0.419	-0.239	0.0	0.091	0.0	-0.111	0.179	0.0	-0.453	0.0	-0.649	0.0	0.0	0.0	0.0	0.0	0.069	-0.513	0.123	-0.124	0.0	0.0	-0.249	0.0	0.096	0.0	0.0	0.051	-0.144	0.0	0.138	-0.207	0.0	0.474	-0.781	0.0	0.0	0.0	-0.392	-0.285	-0.258	0.0	0.0	0.0	0.0	0.0	0.0	0.0	0.16	0.25	0.0	0.0	0.0	0.0	0.0	-0.761	-0.344	-0.176	-0.112	0.0	0.0	0.0	0.0	0.0	-0.363	0.0	0.0
taxongroup_comment	Ovi-a47a_21_animal-24	0.0	0.074	0.069	0.0	-0.779	0.0	-0.887	0.214	-0.006	-0.578	0.0	0.0	0.0	-0.695	0.0	0.0	0.0	0.0	-0.314	-0.448	0.0	-0.755	0.0	0.0	0.0	0.0	-0.285	-0.057	0.246	0.0	-1.086	-0.157	-0.618	-0.001	0.0	0.0	0.261	0.28	-0.208	0.0	-0.685	0.0	0.0	0.0	-0.051	0.0	0.386	0.0	0.0	-0.765	0.0	0.1	0.383	0.0	-0.551	-1.279	0.0	0.0	-0.41	0.0	-0.089	0.0	-0.301	0.0	0.308	-0.697	-0.061	0.0	-0.353	-0.169	-0.267	-0.542	0.0	0.0	0.0	-0.018	-0.54	0.0	0.112	0.311	0.0	0.0	-0.623	0.0	0.0	0.0	0.0	0.0	-0.006	0.0
taxongroup_comment	Oce-3ad5_49_animals-10	0.0	0.0	-0.12	0.0	0.0	-0.601	0.339	-0.609	0.0	0.0	-0.261	0.0	0.453	0.001	0.473	-0.374	0.0	-0.238	0.737	-0.172	-0.069	0.0	-0.344	0.0	0.0	-0.457	-0.194	-0.264	0.0	-1.48	-1.125	0.0	-0.024	0.0	0.0	0.0	0.0	0.609	0.156	-0.186	0.0	-0.125	3.978	0.0	0.051	0.0	-0.813	-0.426	-0.313	0.383	-0.529	-0.472	0.0	0.0	0.0	-0.57	0.0	-0.208	-0.367	0.03	0.0	-0.465	0.141	0.268	0.0	0.7	-0.856	0.0	0.0	0.406	0.0	0.0	-0.023	-1.767	0.0	-0.616	0.0	0.0	0.0	-0.168	-4.456	0.0	0.139	-0.057	0.0	0.0	0.0	0.0	0.0	-0.077
taxongroup_comment	Ona-2309_143_animals-7	-0.122	-1.349	0.393	0.0	-1.228	0.0	-1.562	-0.566	-0.617	-0.597	0.0	0.138	0.131	-0.479	0.039	0.0	-0.331	0.199	0.0	0.125	-0.168	0.033	0.0	0.121	0.111	-0.459	0.0	-1.139	0.0	0.0	-0.183	-0.797	0.0	-0.486	0.103	0.329	0.22	-0.265	0.0	-0.136	-0.423	0.0	0.168	-0.279	-1.684	0.0	0.0	0.112	0.0	-0.834	-0.269	0.366	-0.05	0.0	0.0	-0.616	-1.084	0.548	0.034	-0.438	-0.34	0.0	-0.579	0.787	0.0	-0.305	-0.392	0.0	-0.712	-0.706	-0.597	-0.094	-0.22	-0.133	-0.691	-0.018	0.0	1.377	0.167	-0.076	-0.79	0.0	-0.504	-0.109	-0.266	0.0	-0.365	0.0	-0.006	0.0
taxongroup_comment	She-572b_21_animals-14	0.0	-0.106	0.41	0.0	0.31	0.564	0.0	0.034	0.0	-0.363	-0.509	0.0	0.0	-0.359	-0.124	0.0	-0.555	-0.326	0.0	-0.138	0.0	0.759	-0.558	0.0	-0.578	0.0	0.045	0.0	0.0	-0.403	-1.351	0.0	0.099	-0.055	0.217	0.0	0.0	-0.111	0.064	-0.056	0.0	0.0	-0.024	0.0	-0.787	0.0	-0.077	0.0	-0.076	-0.029	0.04	0.413	0.0	0.0	0.0	-0.54	0.512	0.0	-0.046	-1.063	0.0	0.0	0.277	0.0	0.0	-0.813	-0.574	-0.124	0.005	0.0	-0.343	-0.3	-0.481	-0.306	0.0	-0.844	0.022	0.0	0.0	0.0	-0.331	-0.17	-0.006	-0.082	-0.659	-0.006	0.0	0.0	-0.296	0.25
taxongroup_comment	She-572b_355_animals-19	0.0	0.0	-0.365	-0.274	-0.265	-0.302	-1.071	-1.338	0.368	0.0	-0.312	0.0	0.296	0.0	-0.16	-0.3	0.174	-0.874	-0.116	0.611	0.0	0.23	0.082	-0.347	0.0	-1.152	-0.238	-0.473	0.0	0.0	-0.89	0.0	-0.033	-0.92	-0.825	-0.04	0.083	-0.827	0.196	-0.341	0.0	-0.361	0.0	-0.774	-0.969	0.0	0.727	0.326	-0.413	-0.804	1.479	-0.441	0.0	0.729	-0.881	-0.826	0.366	0.0	0.0	0.197	-0.094	-0.343	0.001	0.658	0.0	-0.796	-1.856	-0.219	-0.123	-0.74	-0.621	0.646	-0.596	-0.456	-0.3	0.0	0.524	0.306	0.111	0.0	-0.141	-0.015	-0.508	0.098	-0.151	0.0	0.0	0.0	0.434	-0.143
taxongroup_comment	She-572b_438_animals-27	-1.152	0.0	0.666	0.483	-0.625	0.649	0.0	-0.566	-0.347	-0.6	0.0	0.0	-0.711	-0.291	0.52	-0.05	-0.035	-0.436	0.352	0.0	0.397	-0.493	-0.051	-0.738	-0.407	-0.546	-0.109	-1.381	0.578	0.26	-0.261	-0.41	-1.047	-0.347	-0.874	-0.082	-1.079	-0.185	0.086	0.088	0.312	-0.005	0.759	0.017	0.015	-0.12	-0.495	-0.784	0.301	-0.246	-1.143	-0.557	-0.913	0.013	-0.707	-0.447	0.0	0.219	-1.805	0.0	-1.036	0.0	-0.061	-0.986	-0.021	-0.738	-1.514	0.245	-0.018	-0.255	0.0	-1.296	0.052	-1.036	0.433	-0.671	0.0	-0.055	0.43	0.0	-0.049	0.0	0.144	0.0	0.0	0.0	-0.378	-0.489	-1.179	-0.312
taxongroup_comment	Big-0af3_67_animals-14	1.008	-0.006	0.0	0.0	0.226	-0.076	-0.864	-1.257	0.0	0.0	0.0	0.0	0.0	-0.321	-0.514	0.082	1.428	-0.073	-0.043	0.433	-0.029	0.0	-0.055	1.127	0.0	-0.681	0.0	-0.006	0.0	0.0	-1.489	0.199	-0.209	0.0	-1.59	0.0	-0.062	0.073	0.0	-0.34	-0.229	0.0	0.0	-0.176	-0.647	0.0	-0.021	0.0	0.0	0.0	0.312	-0.878	0.0	-0.59	-0.132	0.0	0.067	0.0	0.258	-0.353	0.0	0.0	0.0	-0.142	0.759	-0.384	0.0	-1.26	0.02	0.0	0.0	0.0	0.0	-0.007	-0.302	-0.343	0.0	0.0	0.0	0.0	0.0	0.0	0.13	0.258	-0.413	0.051	0.0	0.0	0.0	-0.61
taxongroup_comment	Big-0af3_130_animal-25	-0.186	0.736	0.134	0.432	0.0	0.0	-0.45	-1.145	-0.13	0.0	0.682	0.0	0.0	-0.58	-0.424	-0.604	0.0	-0.4	-0.049	0.224	-0.132	0.259	0.0	-0.077	0.0	-0.855	-0.91	0.054	0.0	0.0	-0.095	0.293	-0.294	-0.586	-0.386	-0.437	0.299	0.354	-0.236	-0.171	0.298	0.02	-0.198	-0.694	0.297	-0.035	-0.059	-0.199	0.0	-1.06	-0.202	-0.982	-0.948	-0.29	-0.893	-0.163	0.024	0.0	0.189	-0.285	-0.038	-0.247	0.141	0.0	-0.006	-0.475	-0.667	-1.464	-0.073	-0.328	-0.006	-0.909	-0.725	-0.87	0.0	-0.053	-0.348	0.0	-0.295	-0.315	-0.039	0.0	0.0	-0.281	0.0	0.0	0.0	1.449	-0.65	0.042
taxongroup_comment	She-572b_360_animals-15	0.298	0.0	-0.009	0.0	0.217	-0.579	-0.648	-0.302	0.0	-0.277	0.0	0.0	-0.62	0.0	0.0	0.0	0.039	-1.427	0.0	0.141	0.0	-0.535	-0.127	0.0	-0.374	0.0	0.0	-0.245	-0.594	0.0	-1.463	0.346	-0.087	0.0	-0.055	0.0	0.0	-0.21	-0.388	-0.712	-0.163	0.0	0.0	0.0	-0.232	-0.149	-0.21	0.0	-1.114	-0.056	0.294	-0.341	0.0	-0.885	0.426	-0.103	-1.633	0.225	0.061	-0.193	0.447	0.0	-0.289	-0.161	-0.541	-0.054	0.0	-0.489	-0.337	0.0	-1.023	-0.308	-0.4	-0.133	0.094	0.0	0.0	0.123	-0.127	0.0	0.0	-0.647	-0.044	-0.261	0.0	0.066	0.0	-1.474	-1.014	0.0
taxongroup_comment	Wat-9861_159_animals-19	0.0	0.0	-0.604	0.0	-0.343	0.0	0.0	-0.566	0.0	0.0	-0.062	0.0	0.438	-1.045	0.348	0.0	-0.05	0.0	0.272	0.295	0.047	0.0	0.0	0.0	0.0	-1.163	-0.456	-1.33	0.0	0.103	-0.755	0.0	0.0	-0.398	-0.523	0.0	0.0	0.0	-0.259	-0.201	-0.213	0.146	0.0	0.0	0.123	-0.375	-0.397	0.123	0.416	0.0	-1.726	0.0	-0.311	0.0	0.0	-0.164	0.0	0.0	-0.43	0.234	0.0	0.222	0.144	0.0	0.0	-0.708	-0.579	0.0	-0.38	-0.179	0.0	-0.317	-0.444	-0.563	0.484	0.116	0.0	0.0	0.0	-0.275	0.0	0.0	0.305	0.0	0.0	-0.326	0.0	-0.214	-0.006	-0.032
taxongroup_comment	Fro-2392_621_animals-29	0.431	-0.229	0.496	-0.268	0.302	0.0	-0.283	0.0	-0.046	-0.262	-1.994	-0.5	0.0	0.0	0.198	0.252	0.0	-0.422	-0.512	-0.078	-0.711	0.377	0.0	0.0	-0.134	0.0	0.377	0.0	-0.441	0.0	-1.095	0.0	0.17	-0.534	0.365	-0.347	-0.503	-0.369	0.308	-0.73	0.0	-0.458	-0.006	-0.074	-0.646	-0.198	0.336	0.0	-0.445	-0.184	0.094	-0.266	-1.404	0.399	0.0	-0.584	-0.482	-0.958	-0.869	-0.359	0.0	-0.03	0.538	0.765	-0.606	-0.306	-0.314	-1.009	0.045	-0.042	-0.056	-1.183	0.0	0.0	0.0	-0.8	0.0	0.0	0.0	0.0	0.0	-0.111	-0.382	-0.023	0.0	-0.588	0.0	0.349	-0.335	0.32
taxongroup_comment	Cam-1690_241_animals-13	0.0	0.297	0.393	0.0	-0.752	-0.111	-1.043	-0.71	0.045	-0.524	-0.013	0.0	0.0	-0.087	-0.363	0.0	0.0	0.0	0.814	0.0	0.0	0.006	-0.284	-0.68	0.0	-0.622	-0.328	0.0	0.0	0.0	-0.018	0.564	0.093	0.272	0.121	0.0	0.442	0.0	-0.449	-0.328	-0.488	0.0	0.0	-0.346	0.0	0.0	-0.684	-0.079	-0.822	-0.253	-0.304	-0.039	-0.05	0.16	0.0	-0.701	-0.18	0.312	0.0	0.0	-0.242	0.0	0.372	-0.124	0.0	-0.652	0.0	-0.403	0.117	-0.382	0.0	-1.119	-0.388	0.0	-0.509	-0.018	0.0	0.0	-0.212	-0.436	0.0	0.0	-0.708	0.0	0.0	0.0	0.0	0.397	-0.006	0.0
taxongroup_comment	Cap-9b25_33_animals-11	0.0	0.0	-0.612	0.0	-0.779	0.0	0.0	-1.186	0.0	0.0	0.0	-0.904	-0.238	-0.534	0.036	-0.831	0.0	-0.508	0.0	-0.006	-0.415	0.02	0.0	0.0	-0.725	0.0	0.0	0.0	-0.198	0.0	-0.671	-0.055	0.425	-0.474	0.052	0.408	-0.006	0.0	-0.046	-0.57	0.298	-0.161	0.0	0.0	0.0	0.352	0.17	-0.239	0.0	-0.602	1.031	-1.021	-0.529	0.0	0.0	-0.057	0.0	0.0	-0.514	-0.101	0.0	0.022	0.0	0.0	0.0	-0.456	0.0	0.648	-0.199	0.0	-0.056	-0.217	-0.05	0.0	0.0	-0.425	0.0	0.0	0.0	0.0	0.0	0.0	0.0	-0.185	0.0	0.0	0.0	0.0	-0.006	0.0
taxongroup_comment	Cal-fa4d_4_animals-23	0.0	0.0	-0.396	0.167	-0.801	0.0	-0.468	-0.643	0.017	0.0	0.352	0.0	0.0	-0.046	0.001	0.0	0.0	-0.002	-0.124	0.374	0.091	-0.135	0.0	-0.03	0.0	-0.768	-0.397	-0.687	0.0	0.0	0.067	0.0	0.0	-0.777	0.0	0.0	-1.095	-0.095	-0.643	-0.151	0.0	-0.259	-0.198	-2.195	0.0	0.0	0.392	0.0	0.0	0.0	-1.269	0.0	-0.347	0.0	-0.518	-0.209	0.0	-0.431	-0.126	1.454	0.0	-0.259	0.413	-0.586	-0.006	-0.83	-0.95	0.0	0.0	-0.755	0.0	0.0	-0.363	0.0	0.0	0.0	-0.29	-0.509	-0.182	0.0	0.392	0.0	0.0	-0.103	-0.109	-0.133	0.025	0.0	0.0	0.879
taxongroup_comment	Fun-7367_500_animals-16	-0.436	0.0	0.0	0.0	0.0	-0.16	0.41	0.116	-0.053	0.569	-0.133	-0.17	0.0	0.02	0.284	0.332	0.0	0.0	0.0	-0.306	0.0	-0.597	-0.62	-0.216	0.0	-0.793	-0.117	-1.063	0.0	-0.855	0.055	0.314	-0.102	-1.082	-0.199	0.0	0.0	-0.136	-0.109	-0.729	0.0	-0.369	0.0	0.0	0.259	0.0	0.185	-0.302	-0.299	0.123	1.15	-0.196	0.0	-0.292	0.0	-0.167	-0.204	-0.051	-0.161	-0.151	0.187	-0.061	-0.137	-0.604	-0.072	0.0	0.0	-0.863	-0.805	-0.083	0.0	0.085	0.0	-0.56	-0.055	-0.583	-0.643	-0.259	-0.236	-0.82	0.0	-0.009	0.0	0.0	-0.3	0.0	-0.621	0.645	0.02	0.068
taxongroup_comment	Kea-483e_87_animals-20	-0.418	0.0	0.461	-0.107	-0.459	0.0	-0.47	-0.75	0.0	-0.254	0.0	0.0	0.0	0.0	-0.238	-0.495	0.0	0.0	-0.066	0.264	0.0	0.402	0.0	0.0	0.0	-0.316	0.171	-0.114	0.0	0.0	-0.21	-0.831	0.157	0.0	0.0	0.0	-0.492	-0.156	-0.172	0.0	0.0	0.0	0.0	0.0	-0.73	-0.344	-0.431	-0.134	0.0	-0.013	0.283	-0.346	0.0	0.0	0.221	-0.352	0.082	-0.343	0.0	0.0	0.191	0.0	0.126	0.0	0.406	-0.339	0.0	-0.785	-0.242	-0.091	-0.337	-0.738	-0.451	-0.234	0.0	0.366	0.26	0.0	0.0	0.0	0.135	0.0	0.717	0.202	0.0	-0.316	0.0	-0.053	-0.49	-0.451
taxongroup_comment	Sno-0a8f_591_animals-2	-0.139	0.0	0.083	-0.433	-0.574	-0.356	0.759	0.0	-0.365	-0.509	-0.422	0.0	0.243	0.443	-0.066	-0.406	0.0	-0.425	0.319	-0.403	-0.153	0.0	0.0	-0.309	-0.85	0.0	-1.064	0.0	0.0	0.0	-1.196	0.089	-0.261	0.0	-1.851	-0.124	0.299	-0.592	-0.309	-1.047	-0.48	-0.016	0.0	-0.521	0.198	0.133	-0.483	0.544	0.381	-0.727	0.586	-0.693	-0.58	-0.588	-0.298	-0.032	-0.601	0.0	0.406	-0.852	-0.236	0.22	-0.544	0.0	0.0	0.0	-0.542	-1.996	0.098	-0.611	0.0	-1.217	-0.865	-0.162	0.02	0.139	-0.508	0.0	-0.34	0.0	-0.039	-0.336	0.0	0.121	0.0	0.0	0.352	1.882	0.0	-0.018
taxongroup_comment	Kea-483e_84_animal-7	0.0	-0.434	0.0	0.0	-0.015	0.0	0.0	0.0	0.0	0.0	0.0	0.0	0.0	0.0	0.0	0.0	0.0	0.266	0.0	0.0	-0.513	-0.137	-0.568	0.0	0.683	0.0	0.0	0.0	-0.53	0.345	0.0	0.0	0.0	0.0	0.0	0.0	0.0	0.0	0.145	0.0	0.0	0.0	0.217	0.0	0.0	0.0	0.0	0.19	0.0	0.0	-0.184	0.0	0.0	0.0	-0.02	-0.443	0.996	0.0	0.0	0.0	0.0	0.0	0.0	0.0	0.0	0.0	0.0	0.0	0.0	0.0	0.378	0.742	0.0	0.0	0.0	0.0	0.0	0.0	0.0	0.0	0.227	0.0	0.281	0.0	-0.411	0.0	0.0	0.0	0.332	0.0
taxongroup_comment	Lyn-0465_60_animals-8	-1.431	-0.15	6.362	-0.906	-3.233	0.0	-1.393	-0.034	-0.522	-3.626	-1.032	-0.721	0.0	-1.419	-0.525	0.226	0.0	0.0	0.0	0.102	-0.492	-0.332	-1.675	-0.38	0.0	1.422	-0.913	-2.002	0.0	-1.155	-0.405	-0.513	-1.074	-0.751	0.0	-1.361	0.297	-0.468	0.0	-0.8	-1.682	0.0	0.083	-0.294	-0.369	-0.339	-0.744	-0.597	-1.15	0.447	2.064	-0.798	0.0	0.0	-0.056	-1.284	0.062	-7.355	-1.579	-0.46	0.081	0.0	0.74	1.387	-0.44	-0.534	0.063	-0.747	-0.252	-0.386	-0.926	-0.635	0.041	0.55	0.167	-0.018	-1.928	0.0	-0.792	0.882	0.0	0.0	-0.353	-2.692	0.282	0.0	-1.034	0.929	-0.73	0.0
taxongroup_comment	She-572b_9_animal-10	-0.131	0.052	0.0	-0.62	-0.102	-0.825	-0.006	-0.48	-0.527	-0.694	0.0	0.0	-0.449	0.0	-0.198	-0.051	-0.197	0.0	-0.055	0.0	0.318	-0.587	-0.791	-0.952	-0.818	-0.456	0.125	-0.195	0.0	0.041	0.0	0.476	0.0	0.019	-0.32	0.0	-0.221	0.0	0.0	0.0	-0.167	-0.591	-0.936	-0.507	-0.516	0.331	0.0	-0.551	0.352	-0.48	-0.38	-0.347	-0.439	-0.811	0.451	-0.484	-0.136	0.0	0.0	-0.186	-0.039	0.0	-0.511	1.146	0.217	-0.006	-0.694	-0.138	0.0	-0.272	0.0	-0.572	0.0	-0.313	-0.056	0.0	0.0	0.0	-0.061	-0.18	-0.307	-0.633	-1.048	0.0	0.052	0.0	0.0	0.0	0.02	0.0
taxongroup_comment	She-572b_176_animals-2	-0.136	-0.153	-0.694	0.0	-0.503	-0.309	-0.539	0.0	-0.056	-0.403	0.0	0.0	-0.06	0.0	1.014	-0.207	0.0	-0.717	0.0	-0.046	0.245	0.0	0.0	-0.62	-0.748	0.02	0.392	0.0	0.0	-0.186	-0.558	0.193	-0.164	-0.556	-0.7	0.0	0.0	-0.919	-0.446	-0.856	0.321	-0.642	0.0	-0.205	-0.529	0.0	-0.044	0.109	0.113	-0.414	0.344	-0.633	0.0	-0.658	0.0	0.0	0.0	-0.69	-0.0	-1.094	0.052	-0.065	-0.483	-0.561	0.0	0.173	-0.133	-0.699	0.0	0.0	-0.076	-0.582	-0.491	-0.156	-0.046	0.0	0.0	0.0	0.0	0.0	0.0	0.042	-0.006	-0.522	0.0	0.0	0.352	0.0	0.0	-0.486
taxongroup_comment	She-572b_140_animals-9	-0.699	0.587	-0.445	0.0	-0.082	-0.214	0.284	0.0	0.34	0.123	-0.133	-0.161	0.0	-0.032	0.118	0.022	-0.343	0.0	-0.298	-0.031	-0.62	0.0	-0.506	-0.741	0.0	-0.91	-1.113	-0.833	-0.605	-0.502	-0.201	0.314	-0.281	-0.477	-1.35	0.0	-0.544	-0.191	-0.586	-1.115	-0.493	0.0	0.038	0.0	0.0	-0.076	-0.23	-0.302	0.02	0.0	0.448	-0.782	0.0	0.0	-0.779	-1.101	-0.006	-0.47	-0.421	-0.151	-0.05	-0.061	-0.309	0.0	-0.152	-0.583	-0.737	-0.863	-0.301	0.28	-0.256	-0.494	-0.266	0.4	0.146	-0.498	-0.592	-0.457	-0.043	0.373	0.341	0.0	-0.814	-0.352	-0.3	0.0	-0.208	0.538	-0.189	0.032
taxongroup_comment	Bov-d455_287_animal-15	-0.244	0.0	-0.279	0.0	-0.414	-0.059	-0.133	-1.601	-0.112	0.0	0.372	-0.637	-0.343	-0.534	-0.81	0.0	0.0	-0.281	-0.476	0.293	0.0	0.041	0.0	0.175	-0.638	-0.621	-0.741	-0.561	-0.561	0.0	-0.315	0.393	-0.237	-0.7	-0.171	-0.232	-0.094	0.0	-0.011	-1.147	0.302	0.0	0.0	-0.978	-0.073	0.156	-1.057	0.01	0.28	-1.235	0.213	-0.455	-0.765	0.0	0.0	0.0	0.174	0.0	-0.384	0.674	-0.377	-1.236	-0.363	-0.631	-0.717	0.0	-0.491	-0.766	-0.073	-0.472	-0.006	-0.542	-0.329	-0.523	-0.663	-0.009	0.0	0.0	-0.284	-0.403	0.0	0.0	0.0	0.711	-0.109	0.0	0.0	0.835	-0.481	0.0
taxongroup_comment	She-572b_18_animal-4	0.315	0.0	-0.925	0.555	-0.263	-0.315	-0.344	-0.325	0.045	-0.076	-0.347	0.0	-0.687	-0.649	0.526	-0.056	0.0	-0.976	0.679	-0.729	0.104	-0.578	0.06	-0.287	0.0	0.0	0.427	-0.478	-0.243	-0.173	-1.108	0.331	-0.591	-0.749	-0.574	0.0	-0.109	0.0	-0.74	-1.164	0.93	0.0	0.103	0.369	0.588	0.352	-0.633	0.0	0.0	-0.694	-0.091	-0.459	-1.924	-0.473	0.0	0.02	0.442	0.05	0.343	-0.878	-0.028	-0.872	0.0	-0.4	-0.006	-0.612	0.049	-0.662	0.427	-0.396	-0.006	-1.199	0.0	-0.523	0.0	-0.347	0.338	0.352	-0.848	-0.094	-0.198	-0.643	0.0	0.271	-0.276	-0.181	-0.218	0.451	0.238	-0.234
taxongroup_comment	She-572b_81_animal-7	-0.007	0.0	-0.483	-0.351	0.0	-0.197	-0.133	-2.134	0.0	-0.724	0.0	-0.637	0.0	-1.031	-0.006	0.0	-0.568	-0.114	-0.113	-0.325	0.0	0.0	0.072	0.0	-1.063	-0.006	0.0	-0.363	-0.198	-0.209	-0.697	0.0	-0.136	-0.797	0.052	-0.023	0.0	-0.278	-0.046	-0.373	0.206	-0.718	0.0	-1.544	-0.12	-0.017	0.847	-0.076	0.171	-0.694	0.248	-0.255	-0.904	0.0	0.0	-0.387	0.308	-0.22	0.276	0.6	0.032	-0.843	-1.185	0.0	0.352	0.0	-0.537	0.387	-0.727	-0.109	0.432	0.383	-0.107	-0.363	-0.061	-0.827	0.0	0.771	-0.471	0.046	-0.757	0.0	0.0	0.484	-0.109	0.0	0.0	0.0	-0.584	0.0
taxongroup_comment	She-572b_8_animals-5	0.0	0.0	0.954	-0.508	-0.972	0.75	0.0	-0.566	-0.309	-0.34	-0.388	-0.645	0.173	-0.531	0.0	0.0	-1.102	-0.68	0.115	-0.162	0.0	0.0	0.0	0.083	0.232	-0.204	-0.584	-0.29	0.0	0.0	-0.421	0.0	0.239	0.04	-0.183	-0.436	-0.2	0.0	-0.19	0.0	0.298	-0.428	0.313	-0.198	-0.524	-0.169	0.211	0.0	0.608	-0.07	0.604	-0.325	-0.589	-0.248	0.0	-1.036	-0.351	0.0	-0.914	-0.367	-0.621	0.0	0.0	-0.515	-0.09	-0.305	-0.972	0.052	-0.832	0.0	0.0	-0.709	0.0	-0.031	0.138	-0.018	0.0	0.0	-0.347	0.0	0.0	0.0	-0.642	-0.509	0.0	0.352	-1.0	-0.711	0.358	0.0
taxongroup_comment	She-572b_153_animals-4	-0.305	-0.006	-0.375	-0.198	-0.609	0.0	-0.133	-0.643	0.09	0.616	0.0	0.331	0.0	0.396	-0.605	-0.112	-0.202	-0.372	-0.646	-0.104	-0.061	0.0	0.0	0.0	-0.62	0.0	0.0	0.167	-0.413	0.382	-0.902	0.0	-0.179	-0.308	0.052	-0.026	-0.666	0.0	-0.046	0.0	-0.054	0.741	0.0	-0.601	0.266	-0.17	0.336	-0.056	-0.69	-0.702	-0.025	-0.508	-0.871	0.308	0.874	-0.58	0.0	-0.228	-0.164	1.06	-0.188	-1.346	0.069	-0.683	-0.987	0.364	-0.333	-0.562	-0.285	0.0	0.0	0.576	-0.056	-0.48	0.0	-1.424	-0.19	-0.355	-0.061	0.0	-0.19	-0.48	-0.744	-1.294	-0.457	-0.47	-0.392	-0.315	0.0	0.098
taxongroup_comment	She-572b_325_animals-2	-0.479	0.415	-0.314	0.0	-0.578	-0.147	0.0	0.0	-0.114	0.061	0.0	0.332	0.0	0.133	0.0	-0.37	0.176	-0.238	0.0	0.147	0.0	0.037	-0.055	0.0	0.046	0.0	-0.368	-0.67	-0.826	0.0	-0.787	-0.438	-0.024	0.0	1.474	0.168	-0.547	0.225	-1.157	0.44	-0.138	0.0	-0.056	0.0	-2.172	0.0	-0.76	0.0	-0.173	0.0	0.261	-1.273	0.0	0.0	0.472	-0.078	-0.791	0.0	0.0	-0.68	-0.243	0.0	0.0	-0.357	0.0	-0.548	0.0	-1.657	0.0	0.0	0.0	-0.323	0.0	0.0	-0.505	0.351	0.0	0.013	0.0	0.0	0.759	0.0	0.447	-0.115	-0.146	0.0	0.0	0.0	0.0	0.0
taxongroup_comment	She-572b_31_animals-23	0.0	0.0	0.0	0.0	0.0	-0.694	0.532	-0.011	0.0	0.0	0.0	0.0	0.0	0.0	0.173	0.0	0.0	-0.406	0.0	0.46	-0.643	0.0	-0.075	0.0	0.0	-0.882	0.0	0.401	0.0	-0.079	-0.557	0.0	-0.227	-0.566	-0.302	-0.347	0.0	0.0	-0.201	-0.201	0.468	0.0	0.0	0.0	-0.268	0.0	-0.104	0.0	0.424	-0.128	0.437	-1.925	0.0	-0.109	0.0	-0.251	0.272	0.0	0.0	-0.562	0.0	0.0	-0.005	0.0	0.0	-0.601	-0.527	0.0	0.0	-0.377	-0.207	0.089	-0.444	0.052	0.0	0.0	-0.491	-0.234	0.0	0.0	0.0	0.0	0.0	0.22	0.0	-0.046	0.0	-0.34	0.0	-0.31
taxongroup_comment	Ani-161e_221_animals-11	-0.476	0.392	0.41	-0.107	-0.117	-0.283	0.0	0.0	0.0	-0.32	0.0	0.0	-0.281	0.0	0.0	0.052	0.0	-0.238	0.0	-0.173	-0.505	0.0	0.0	0.0	-0.697	0.0	1.916	0.0	0.0	0.0	-0.787	-0.086	-0.312	-0.402	-1.419	-0.417	0.0	-0.099	0.0	-0.694	-0.48	-0.11	0.0	-0.074	0.61	0.0	0.038	0.386	-0.543	0.0	0.261	-3.237	-0.731	-0.302	0.0	0.0	-0.706	0.0	-0.504	-0.169	0.078	0.269	0.0	0.04	-0.505	-0.029	0.0	0.0	0.0	0.0	0.0	-0.347	0.0	0.0	0.0	0.0	-0.301	0.43	0.0	0.0	0.0	0.0	0.0	-0.057	-0.061	-0.3	0.352	0.0	-0.688	0.0
taxongroup_comment	She-572b_190_animals-7	0.0	0.0	0.284	0.0	0.073	0.0	0.0	-0.184	-0.365	-0.363	-0.509	0.397	-0.313	0.402	-0.635	0.0	0.0	0.0	0.059	0.0	0.0	0.759	0.068	0.047	0.028	-0.196	-0.464	-0.243	0.0	-0.632	-0.62	-0.15	0.0	-0.284	-0.156	0.0	-0.097	-0.433	-0.316	0.007	0.0	0.0	0.004	0.0	-0.787	0.0	-0.454	-0.331	-1.139	-0.029	-0.249	-0.306	-0.614	0.0	-0.798	-0.09	-0.086	-0.171	-0.046	0.241	0.147	0.0	0.089	0.0	0.207	0.401	0.0	-0.658	0.005	0.0	0.0	-0.3	0.069	-0.634	-0.076	-0.844	-0.487	-0.023	0.0	0.0	-0.18	0.0	-0.006	-0.198	-0.431	-0.006	0.0	0.0	0.0	0.743
taxongroup_comment	And-dffe_106_animals-12	-0.597	-1.71	1.278	-0.283	0.036	-0.378	-0.066	0.0	1.666	-0.41	-0.351	-2.973	-0.256	0.66	-5.624	-0.469	-0.684	-0.455	0.442	-0.312	-0.736	0.0	0.588	0.532	-0.39	-0.199	-1.16	-0.111	-0.287	0.025	-0.66	-0.471	-0.301	-0.355	-0.608	0.056	-1.108	-0.317	-0.464	1.306	-0.694	0.127	-1.872	-2.119	-0.248	-0.034	-0.228	-2.147	-0.376	-0.523	0.314	-0.338	-0.528	0.0	0.0	-0.658	-0.48	-0.212	-1.276	-1.8	-0.375	-0.183	-0.885	0.616	-0.101	-0.537	0.341	-1.46	0.523	-0.352	0.803	-1.145	0.051	0.0	-0.387	0.052	-1.859	0.155	0.0	-2.192	-0.799	-0.548	0.0	-0.302	1.239	0.657	0.0	-1.185	-0.487	4.745
taxongroup_comment	Poa-a930_88_animals-4	0.0	0.0	0.221	0.0	-0.625	-0.803	-0.315	0.0	-0.357	-0.427	0.0	0.0	0.0	0.098	0.0	0.095	0.0	-0.366	0.0	-0.492	-0.373	-0.155	0.0	-0.236	0.0	0.0	0.0	-0.284	0.0	0.0	0.0	-0.991	0.0	0.206	0.0	-0.454	0.014	-0.157	0.0	0.27	-0.762	0.0	0.0	0.0	-0.324	-0.016	0.0	0.0	0.0	-0.07	-0.208	-0.123	0.192	0.0	0.0	-0.859	0.0	-0.334	-0.325	-0.172	-0.114	0.0	0.091	0.42	0.0	-0.06	-0.805	0.0	-0.744	-0.282	-0.148	-0.542	-0.3	0.0	-0.179	-0.018	0.0	0.0	0.351	0.101	-0.659	0.0	-0.24	-0.696	-0.173	0.0	0.0	0.0	0.352	0.28
taxongroup_comment	Ama-9e7a_263_animals-22	-1.272	-0.167	-0.095	0.0	-0.141	0.236	1.306	0.0	0.596	-0.367	-1.448	-1.301	0.0	-0.508	0.471	0.392	0.06	-0.18	0.0	-0.456	0.0	0.505	-0.565	-0.161	-0.578	0.0	-0.445	0.144	-0.051	-0.403	-1.093	0.314	-0.009	-0.643	-0.115	-0.263	0.0	-0.13	-0.251	-1.425	0.0	-0.003	-0.411	-0.042	-0.287	-0.516	-0.337	-0.302	0.248	-0.222	0.94	-0.534	0.0	0.0	-0.576	-0.545	-0.415	-0.369	-0.305	-0.956	-0.056	-0.387	-0.187	-0.289	0.385	-0.666	0.0	-1.915	-0.345	-0.37	0.0	-0.726	-0.652	-0.327	0.065	-2.199	-1.039	-0.259	-0.236	-0.535	-0.07	0.0	-0.006	-0.318	-0.3	-0.617	-0.311	0.759	-0.134	0.065
taxongroup_comment	Red-1eff_77_animals-10	-0.731	-0.009	0.393	0.0	-1.227	0.0	0.335	0.425	-0.053	-0.868	-0.495	0.0	0.0	-0.681	-0.569	0.784	0.0	-0.342	0.0	-0.306	-0.26	-0.33	-0.451	-0.161	0.0	-0.429	-0.199	0.0	0.0	-0.4	-1.961	0.314	-0.536	-1.725	-0.019	0.0	-0.16	0.0	-0.219	-0.62	0.0	0.0	0.0	-0.292	0.0	0.246	0.069	-1.19	-0.223	-0.07	2.362	-1.274	0.0	0.0	0.0	-0.773	-0.055	-0.203	-0.584	-0.42	-0.1	-0.122	0.242	0.0	0.0	-0.305	-0.2	-0.863	-1.012	-0.006	-0.297	-0.731	-0.57	0.0	-1.356	-1.001	-1.285	-0.518	-0.236	0.51	0.0	0.0	-0.3	-0.533	-0.64	0.0	-0.406	0.759	0.0	0.0
taxongroup_comment	Sag-0ea8_54_animals-8	0.0	-0.094	0.443	0.0	-0.47	0.161	0.152	0.0	-0.19	-0.218	0.0	0.0	0.0	-0.501	0.0	0.0	0.0	0.0	0.272	0.824	0.0	-0.419	-0.319	-0.259	0.0	0.0	0.0	0.0	0.0	0.0	0.0	-0.668	0.0	0.289	0.0	0.0	-0.158	0.0	0.0	-0.186	0.0	0.0	0.0	0.0	0.0	0.0	0.0	-0.117	-0.487	-0.717	-0.611	0.558	0.0	-0.38	0.0	-1.262	0.0	0.0	0.0	0.0	-0.323	0.0	0.326	0.4	0.0	-0.719	0.0	0.0	-0.601	0.0	0.124	-0.428	-0.748	0.046	0.172	-0.055	0.0	0.0	0.0	-0.244	0.0	0.0	-0.238	0.0	0.0	0.0	0.169	0.0	-0.301	0.0
taxongroup_comment	She-572b_183_animals-8	0.0	-0.295	0.803	0.0	-1.003	0.0	0.0	0.0	0.527	-0.293	-0.509	-0.571	0.0	0.0	0.159	0.0	0.0	0.002	0.0	0.0	0.0	0.759	0.0	0.0	0.0	0.0	0.126	-0.208	0.0	0.0	-1.446	0.0	0.248	-0.055	0.0	0.0	0.0	-0.501	0.0	-0.056	0.0	0.0	-0.239	0.0	-0.655	0.0	0.064	0.0	-0.076	-0.099	0.509	-0.198	0.0	0.0	0.0	-0.524	0.052	-0.043	-0.046	-0.638	0.0	0.0	-0.127	0.0	0.0	-0.611	0.0	-0.259	0.122	0.0	0.0	-0.842	0.0	0.0	0.0	-0.862	0.0	0.0	0.0	-0.436	0.0	0.0	-0.006	0.046	0.0	-0.006	0.0	0.0	0.0	0.305
taxongroup_comment	She-572b_25_animals-6	-0.178	0.037	0.504	-0.707	-0.779	0.0	-0.689	-1.046	-0.015	-1.104	0.573	0.104	0.173	-0.846	-1.487	0.32	-1.541	-0.551	-0.049	0.24	-1.373	-0.577	0.0	-1.363	-0.712	-0.204	-0.92	1.026	-1.746	0.413	-0.156	-0.652	1.201	-1.047	-0.126	-0.115	0.126	0.0	0.128	-0.332	0.121	0.208	-0.892	0.0	-0.517	1.172	-0.093	-0.328	-0.051	-0.602	-0.032	-2.277	-0.606	0.018	0.316	-1.402	0.0	0.809	-1.236	0.301	-0.75	-0.076	-0.249	-0.52	-0.597	-0.326	-0.34	-0.209	-0.286	-0.219	0.389	-0.278	-0.056	-0.22	-0.282	-0.207	-0.369	-0.399	-0.347	-0.763	-0.133	-1.208	-0.675	-0.454	-0.917	0.0	-0.747	-0.887	0.109	-0.37
taxongroup_comment	She-572b_4_Artiodactyla-11	-0.116	-1.083	0.0	0.0	0.249	0.308	0.116	-0.094	-0.051	0.0	0.0	-0.56	0.0	0.0	-0.056	-1.141	-0.093	0.0	0.0	0.0	-0.006	-0.131	-0.598	0.0	-0.052	0.0	-0.662	-0.34	-0.763	-0.709	0.0	-0.061	0.21	-0.665	-0.015	-1.266	0.352	0.0	0.0	0.759	0.011	-0.608	-0.622	0.121	-0.127	0.084	-0.416	0.123	0.434	0.058	0.0	-0.546	-0.524	-0.222	-0.491	-0.62	-0.186	0.0	0.0	0.02	-0.814	-1.643	-0.072	0.074	0.307	-0.55	0.151	0.359	-0.554	-0.017	-0.471	-0.521	0.0	0.0	-0.682	0.0	0.103	-0.354	0.0	-0.223	0.0	0.0	-0.41	0.0	0.0	-0.523	0.0	-0.006	0.0	-0.854
taxongroup_comment	She-572b_4_ungulates-17	0.0	0.0	0.291	0.0	0.0	0.0	-0.015	-1.188	0.308	-0.855	0.257	-0.056	0.0	-0.585	0.0	0.0	0.793	-0.367	0.0	-0.453	-0.454	-0.468	-1.038	0.0	0.0	0.0	-0.3	0.0	0.075	-0.53	0.089	0.0	-0.006	-0.257	-0.099	0.0	-0.3	0.0	-0.121	-0.499	0.319	0.0	-0.399	-0.523	0.0	-0.238	0.121	0.0	-0.451	-0.527	0.0	-0.272	-0.056	-0.189	-1.284	0.029	0.123	0.122	-0.354	-0.075	-0.588	0.0	0.0	0.0	0.0	-0.551	0.0	0.0	-0.38	-0.293	-0.347	-1.313	0.0	0.326	-1.084	0.0	0.0	0.0	0.0	-0.198	-0.267	-0.006	0.759	0.103	0.0	0.0	-0.41	-0.143	-0.006	0.0
taxongroup_comment	Big-0af3_127_mammal-8	-0.007	0.0	0.0	-0.141	0.728	-0.059	0.0	-1.555	0.116	0.0	0.0	-0.637	0.0	-0.534	-0.006	0.0	0.0	0.0	0.0	0.037	0.0	0.0	0.0	0.177	-0.62	0.0	-0.497	0.0	-0.198	0.0	-0.055	0.206	-0.07	-0.398	0.052	-0.232	0.158	0.0	-0.046	-0.063	0.298	-0.756	0.0	-0.902	0.0	0.352	-0.817	-0.076	0.0	-0.694	0.0	-0.018	-0.648	0.0	0.005	0.0	-0.374	0.0	0.0	0.759	-0.054	-0.584	0.0	0.0	0.0	0.0	0.0	-0.625	-0.38	-0.449	0.0	-0.542	-0.056	-0.073	0.0	-0.773	0.0	0.0	-0.223	0.0	0.0	0.0	0.0	0.0	-0.283	0.0	0.0	0.675	-0.006	1.337
taxongroup_comment	Bea-1194_91_mammals-10	0.759	0.0	0.0	-0.21	-0.302	0.0	-0.259	-0.392	-0.161	-0.1	0.0	0.0	0.0	0.0	0.0	0.0	-0.074	-0.628	0.0	0.0	-0.542	0.0	-0.061	-0.625	0.0	-0.109	0.0	0.0	0.0	0.392	-1.857	-0.259	-0.288	-0.676	-0.591	0.0	0.0	0.232	-0.464	0.0	0.0	0.0	0.0	-0.523	0.0	-0.076	-0.14	0.307	0.0	-0.064	0.732	-0.915	-0.085	-0.074	0.0	-0.061	-0.643	-0.006	0.0	-0.128	-1.225	0.0	-0.279	-0.302	-0.62	-0.551	0.0	0.0	0.0	0.0	0.0	0.0	0.0	0.137	0.0	0.0	0.0	0.0	-0.305	0.0	0.0	0.393	-0.051	-0.365	0.0	-0.133	-0.491	0.0	0.0	0.0
taxongroup_comment	She-572b_400_mammals-45	0.0	-0.335	0.393	0.0	-0.756	-0.596	-0.297	0.485	-0.006	-0.531	0.0	0.0	0.0	0.759	0.0	0.0	0.0	-0.238	0.0	0.0	0.0	-0.319	-0.739	0.0	0.0	0.0	0.0	0.0	0.0	0.0	-1.13	0.0	-0.878	0.189	0.0	-0.027	0.265	0.0	0.0	0.627	0.104	0.0	0.255	0.0	-0.051	0.0	0.038	0.01	0.0	-0.07	0.261	-0.268	0.0	0.0	-0.551	-0.785	0.0	0.0	-0.41	-0.169	0.229	0.0	0.0	0.0	0.308	-0.697	-0.061	0.0	-0.389	0.0	0.0	-0.542	-0.372	0.0	0.0	-0.018	0.0	0.0	0.0	0.345	0.0	0.0	-0.043	0.25	0.0	0.0	0.0	0.0	0.0	0.0
taxongroup_comment	She-572b_398_mammal-28	-0.222	0.0	0.292	-0.456	0.0	-0.114	-0.132	-0.843	-0.542	-0.763	-0.143	-0.753	-0.625	-0.534	-0.006	0.0	-0.736	-0.621	0.352	-0.364	0.0	0.032	0.626	-0.077	-0.25	-0.204	0.0	-0.134	-0.198	0.0	-0.333	-0.679	0.271	-0.398	0.052	-0.426	-0.435	0.0	-1.734	0.0	1.027	-0.697	0.0	0.057	0.013	0.698	-0.225	-0.405	0.9	-0.694	0.47	-1.206	-1.225	-0.189	-0.473	-0.687	0.0	-0.094	-1.196	0.301	-1.415	-0.482	-0.201	0.319	-0.29	0.0	0.141	-0.792	-0.914	0.378	-0.657	0.0	-0.677	-0.343	-0.532	-0.741	0.0	0.0	-0.264	-0.248	0.0	0.0	0.0	0.037	0.0	0.0	-0.693	-0.393	0.109	0.122
taxongroup_comment	Big-0af3_126_mammal-9	-0.007	0.0	0.0	-0.328	0.078	0.04	0.0	-1.02	0.116	-0.088	0.041	0.329	0.0	-1.205	0.006	0.784	0.352	-0.212	-0.172	-1.08	0.0	0.0	-0.283	-0.161	-0.62	-1.253	-0.204	-0.096	-0.589	0.0	-0.61	0.388	-0.608	-1.702	-0.574	0.562	-0.595	0.057	-0.265	0.025	0.117	-0.395	0.0	-0.185	0.322	-0.147	-0.507	-0.68	0.16	0.035	1.457	0.176	-1.283	0.0	0.0	0.0	-1.517	0.04	-0.003	0.152	-0.304	-0.706	-0.918	0.0	0.0	0.0	-0.69	-0.625	-0.749	-0.244	0.0	-0.542	-0.056	0.0	0.243	-1.607	-1.285	-0.518	-0.991	-0.043	0.0	0.0	0.0	-0.173	0.0	0.0	0.436	0.681	-0.028	0.456
taxongroup_comment	Kea-483e_68_mammals-31	0.091	-0.094	0.0	0.0	-0.137	0.0	0.0	0.0	-0.295	-0.271	-0.133	-0.607	0.0	-0.497	0.0	-0.125	0.0	0.558	0.0	-1.933	0.0	0.0	0.0	-0.782	0.0	-0.109	-0.076	0.0	0.0	0.392	0.097	-0.111	0.094	-1.542	0.0	0.0	-0.327	0.0	-0.191	-0.62	-0.849	0.469	0.033	-0.287	0.106	-0.603	-0.264	-0.302	0.528	0.183	0.597	-0.315	0.0	0.0	0.0	-0.061	-0.697	-0.39	-0.277	0.0	-0.219	-0.061	0.099	-0.302	-0.851	-0.419	-0.473	-0.66	0.0	-0.006	0.0	-0.602	-0.002	0.371	-0.608	-0.491	-0.643	-0.259	-0.033	-0.549	0.0	0.127	0.0	0.232	0.0	-0.133	-0.727	0.759	-0.45	0.0
taxongroup_comment	Sno-0a8f_245_mammals-33	-0.576	-0.412	-0.357	0.694	-0.302	0.0	0.41	-1.487	-0.831	0.0	-0.231	-0.161	0.0	-1.622	-0.329	-0.115	-0.41	0.192	0.222	-1.128	-0.186	0.073	-0.344	-0.712	0.0	0.0	-0.262	0.0	0.0	0.046	-1.309	1.307	0.518	-1.413	0.018	0.106	0.299	-0.283	-0.242	-0.641	-0.261	-0.006	0.0	0.0	-0.515	-0.44	-0.319	-0.302	-0.031	0.064	1.574	-0.324	-0.05	-1.999	-0.538	0.0	-0.055	-0.075	-0.336	-1.232	0.092	-0.38	-0.06	0.105	-1.387	-0.115	0.108	-1.663	-0.681	-0.649	-1.928	-0.37	-0.191	-0.32	-0.344	-1.084	-1.1	-0.288	-1.095	0.471	-0.039	0.308	0.0	-1.123	-0.162	-0.913	-0.355	1.536	-0.537	0.0
taxongroup_comment	Cou-56f5_112_mammals-4	-0.963	-0.227	-0.44	0.0	0.0	0.0	0.079	-1.167	-0.053	0.0	-0.596	0.0	0.0	0.0	0.301	-0.551	0.0	-0.716	-2.126	-0.09	0.0	0.0	0.583	-0.38	-0.717	-1.438	-0.126	-1.461	0.0	0.0	-0.897	0.314	-1.202	-0.302	0.0	0.444	0.0	0.423	0.0	-0.332	0.0	0.0	-0.725	-3.036	-0.424	0.0	0.179	-0.117	0.0	-0.548	0.246	-0.71	0.0	0.0	-0.603	-0.073	0.146	0.005	0.949	2.854	-0.103	-0.298	-0.202	-0.139	0.0	0.0	-0.594	-0.944	-0.301	0.02	0.0	-0.19	-0.253	0.0	0.0	0.0	0.0	0.0	-0.563	-0.254	-0.001	0.0	0.0	-0.19	-0.41	0.0	-0.47	1.103	-0.66	-0.084
taxongroup_comment	Tas-3df1_202_mammals-23	0.0	-0.656	0.0	0.256	2.439	-0.501	-1.664	-0.445	0.0	-0.359	0.0	0.0	-0.155	0.579	-0.249	-1.065	-0.125	-0.48	-0.148	-0.78	-0.707	0.0	0.0	0.0	0.0	-0.533	-2.972	-0.21	0.0	-0.513	-1.535	0.646	0.162	-1.83	-0.401	0.0	-0.795	0.423	0.0	-0.901	-0.06	0.0	0.0	-0.006	0.0	0.217	-0.097	-0.511	-0.902	-0.548	0.747	-0.51	-0.418	0.0	0.0	0.282	0.0	0.0	-0.09	-0.384	0.0	-0.383	-1.503	0.0	-0.483	-0.048	0.0	0.141	-0.092	-1.14	0.0	-0.261	-0.096	0.0	0.0	-0.336	0.0	0.0	0.0	-0.254	0.0	0.0	0.0	-0.62	0.0	0.0	-0.091	0.0	0.117	-0.122
taxongroup_comment	Tas-3df1_202_mammals-33	0.192	-0.061	0.0	-0.495	-0.44	-0.146	0.0	-0.234	0.309	-0.155	0.0	-0.971	-0.056	0.0	0.75	-0.474	0.0	1.226	0.0	-0.882	-0.432	0.0	-0.46	-0.487	0.0	0.0	0.0	0.255	0.0	0.0	-0.928	0.0	-0.028	-0.418	0.0	0.245	0.137	-0.236	-0.895	-0.437	0.0	-0.678	0.019	0.0	0.0	-0.15	-0.933	0.0	0.0	0.091	-0.042	-0.338	-0.054	-0.752	-0.109	0.0	0.0	0.142	0.0	0.028	-0.308	0.0	-0.852	-0.03	-0.349	0.0	0.0	0.0	0.0	-0.643	-0.613	0.0	-0.018	-0.265	0.484	-0.006	0.0	0.0	-0.932	0.0	-0.233	0.314	-0.036	-0.62	0.0	0.0	-1.242	0.0	0.0	0.0
taxongroup_comment	Wes-7030_218_mammals-11	0.759	0.0	0.0	-0.018	-0.686	0.0	0.0	-0.392	-0.161	-0.32	0.0	0.0	0.0	0.0	-0.159	0.0	0.0	-0.238	0.0	0.0	-0.075	0.423	-0.061	-0.625	0.0	-0.366	0.0	0.0	0.0	0.392	-1.204	-0.259	-0.024	-0.375	0.0	0.0	0.0	-0.042	-0.166	-0.384	0.0	0.0	0.0	-0.523	-0.494	-0.076	-0.331	0.0	0.0	0.282	0.568	-0.472	0.0	-0.184	0.0	-0.689	-0.643	-0.006	0.0	-0.169	-0.559	0.0	-0.279	-0.302	-0.62	-0.551	0.0	0.0	0.0	0.0	0.0	0.0	0.0	0.188	-0.101	0.0	0.0	0.0	-0.305	0.0	-0.484	0.393	-0.051	-0.472	0.0	-0.133	-0.491	0.0	0.0	-0.348
taxongroup_comment	Ste-56e3_367_mammals-28	0.0	0.0	0.393	0.0	-0.625	0.0	-0.329	0.472	0.0	-0.37	0.0	0.0	0.0	0.032	0.0	0.0	0.0	-0.742	0.0	0.0	0.0	-0.5	-0.306	0.0	0.0	0.275	-0.161	0.0	-0.212	0.0	-1.82	0.0	0.234	0.225	0.0	0.0	0.123	-0.619	0.0	0.0	-0.656	0.0	0.0	0.0	0.0	0.0	0.475	0.0	0.0	-0.763	0.129	-1.177	-0.285	0.024	0.0	-0.64	0.0	0.0	0.0	-0.232	-0.315	0.0	-0.578	0.192	0.0	-0.305	0.0	-0.184	-0.508	0.0	-0.134	-0.542	0.02	0.0	0.0	-0.018	-0.357	-0.106	0.534	0.088	0.0	0.0	-0.477	-0.491	0.0	0.0	0.0	0.0	0.0	0.0
taxongroup_comment	Mam-3742_560_mammals-3	0.351	0.0	0.483	0.0	-0.491	-0.144	0.045	-0.787	-0.197	-0.218	0.0	0.0	0.0	-0.611	-0.076	0.264	-0.569	0.0	0.0	0.759	-0.085	0.0	0.0	0.0	-0.363	0.0	0.0	-0.344	0.0	0.0	-0.573	-0.697	-1.19	0.315	-0.946	0.094	-0.373	-0.62	0.0	-0.172	0.0	0.0	-1.558	-0.299	0.0	0.0	-0.114	-0.443	0.0	-0.196	-0.055	-0.329	-0.477	0.0	0.141	-0.366	-0.056	-0.03	0.0	0.0	-0.565	0.369	0.0	0.028	0.0	-0.443	-0.124	0.0	-0.664	0.02	-0.801	-0.205	0.369	0.0	0.0	-0.254	0.0	0.0	0.0	-0.795	0.0	0.817	-0.168	-0.188	0.0	0.25	-0.324	0.0	0.0	0.0
taxongroup_comment	Bov-d455_23_mammals-8	-0.071	-0.517	0.305	0.0	-2.16	0.029	-0.258	-0.566	0.0	-0.617	-0.893	0.0	-0.283	0.008	-0.047	-0.017	0.0	-1.515	0.331	0.0	0.0	-0.214	0.74	-0.227	-0.283	0.0	-1.346	0.0	-0.239	-0.542	-0.427	1.297	-0.126	-0.085	0.073	0.02	-0.326	0.0	0.0	-0.021	-0.504	-0.061	-0.149	0.0	-0.223	0.476	-0.558	0.861	-0.057	0.045	-0.452	-0.834	-2.016	-0.64	-0.34	-1.506	-0.083	-0.612	-0.609	-0.088	-0.778	-0.313	0.0	0.0	-0.037	-0.305	-0.25	0.221	-0.351	-0.001	-0.604	-0.173	-0.394	-0.273	0.191	-0.018	0.0	-0.032	0.0	-0.117	0.0	0.0	-0.68	-0.218	0.0	-0.066	0.0	0.0	-0.254	0.0
taxongroup_comment	Bov-d455_2_mammals-13	0.032	0.0	0.393	0.0	-0.985	0.11	-0.258	0.0	0.202	-0.67	0.0	0.0	0.0	0.97	0.0	-0.37	-0.172	-0.859	0.211	0.147	0.0	-0.188	0.094	0.208	0.0	-0.063	0.0	-0.67	0.0	-0.133	-1.345	-0.989	-0.431	0.127	-0.801	0.0	-1.259	0.225	-0.477	-0.488	0.0	0.0	-0.656	0.0	-0.252	-0.763	-0.225	0.253	0.0	0.087	-1.838	-1.271	0.0	0.117	-0.551	-1.088	0.0	0.0	-0.41	-0.14	0.177	1.297	-0.643	0.269	0.308	-0.697	-0.061	0.0	-0.816	0.0	-0.192	-0.542	-0.746	0.0	0.205	-0.414	0.0	0.0	0.0	0.474	0.331	0.0	-0.105	-0.379	0.0	-0.367	0.0	-0.109	0.0	0.0
taxongroup_comment	Sca-7ebf_3_mammals-16	0.0	-0.302	0.393	0.0	-1.006	0.365	-0.531	0.705	-0.006	-0.335	0.0	0.0	0.0	-0.914	-0.324	0.042	0.0	-0.374	0.0	0.466	0.032	-0.332	-0.513	0.0	0.0	-0.598	0.0	0.352	0.0	0.373	-2.033	-0.37	-3.467	0.071	-0.347	-0.102	0.142	-0.672	0.0	-0.112	0.0	-0.291	-0.342	0.0	-0.051	0.0	-0.069	-0.08	-0.496	-0.305	-0.06	-0.476	0.0	0.0	-0.914	-0.85	-0.378	0.0	-0.41	0.003	-0.43	0.0	0.0	-0.48	0.308	-0.697	-0.061	0.0	-0.582	-0.664	-0.705	-0.754	-1.255	-0.198	-0.342	-0.018	0.052	0.0	0.0	-0.013	-0.135	2.166	-0.131	-0.252	0.0	0.0	-0.19	0.0	0.0	0.0
taxongroup_comment	Spr-39f8_126_animals-5	0.0	0.922	0.003	0.0	0.206	0.0	-0.365	-1.074	0.031	0.41	-0.544	0.0	-0.237	-0.264	-0.135	-0.5	-0.244	-0.115	0.0	-0.022	-1.108	-0.19	-0.277	-0.622	-0.495	0.0	-0.392	0.136	-0.227	-0.193	-1.245	-0.235	-0.11	-0.301	-0.522	0.009	-0.005	0.0	-0.734	-0.328	0.0	-0.531	0.0	-0.051	-0.171	-0.267	0.121	-0.277	-0.025	-0.694	0.338	0.207	-1.696	-0.204	0.0	0.069	0.0	-0.284	-0.822	0.833	-0.48	-0.475	0.396	-1.228	0.347	-0.277	-0.646	-0.253	-0.554	0.0	0.35	-0.552	-0.224	0.0	-0.268	-0.911	0.0	-0.677	-0.151	-0.079	0.0	0.0	-0.041	0.141	0.0	-0.53	-0.414	-0.338	0.0	0.234
taxongroup_comment	Spr-39f8_140_mammals-17	-0.784	0.0	0.128	0.0	-1.686	0.717	-0.344	0.0	0.0	-0.132	0.0	0.615	0.0	-0.467	0.161	0.13	-1.045	-0.319	0.0	1.041	-0.019	0.0	0.0	-0.483	0.0	-0.41	0.0	0.0	0.0	-0.675	-1.744	0.0	-0.377	0.471	-0.102	-0.521	-0.05	-0.588	0.0	-0.8	-0.013	0.0	-0.127	0.0	-1.102	0.0	-0.898	0.0	0.0	-0.61	-0.094	-0.706	0.0	0.0	-0.285	-0.024	0.289	-0.093	-0.122	-0.706	-0.378	0.0	-0.821	-0.495	0.0	-0.581	0.0	0.0	-0.624	-0.547	-0.623	0.585	-0.489	0.0	0.0	-0.167	0.0	0.0	0.0	-0.22	0.0	0.333	-0.294	-0.24	0.0	-0.025	-0.999	0.0	0.0	0.0
taxongroup_comment	Dam-2357_169_Damaliscus-6	0.0	0.0	0.867	0.0	-0.816	0.0	-0.488	0.0	0.0	0.0	0.0	0.0	0.0	0.0	0.0	0.0	0.0	-0.251	0.0	0.0	0.0	0.0	0.0	0.0	0.0	0.0	0.044	-0.587	0.0	0.439	0.0	0.0	0.0	-0.139	0.0	0.0	-1.399	0.0	0.0	0.0	0.0	0.0	0.0	0.0	0.0	0.0	0.0	0.0	0.0	-0.73	0.0	0.0	0.0	0.0	0.0	0.0	-0.056	0.0	0.0	0.0	0.0	0.054	0.0	0.013	0.272	0.0	0.0	0.0	0.0	0.325	0.0	0.198	0.0	0.0	0.417	0.0	0.0	0.0	0.369	0.0	0.0	0.0	0.0	0.0	0.0	0.0	0.575	0.0	0.0	0.0
taxongroup_comment	Aur263f_8_animals-18	0.0	0.0	0.881	0.0	0.092	0.0	-0.075	0.019	-0.167	-0.393	0.0	0.0	-0.051	0.372	0.0	0.0	-0.549	-0.279	-0.712	-0.274	-0.473	-0.33	-0.533	-0.243	0.103	0.135	0.454	0.0	0.0	0.0	-2.269	-0.504	-0.565	0.177	0.086	-0.258	0.315	0.0	-0.094	-0.031	-0.654	0.0	-0.147	-0.059	-0.035	0.0	0.182	0.086	0.0	-0.07	-1.385	-0.281	-0.683	-0.098	-1.134	-0.85	-0.564	0.631	-0.826	0.0	0.007	0.0	0.338	0.354	0.196	-0.159	0.389	0.0	-0.399	0.0	-0.042	-0.542	0.425	0.012	-0.606	-0.018	0.077	0.0	0.191	0.107	0.0	0.0	-0.833	0.0	-0.411	0.0	0.0	0.0	0.0	0.0
taxongroup_comment	Wat-9861_114_animal-8	0.023	0.0	0.322	-0.005	1.157	-0.121	0.0	-1.301	-0.133	0.0	0.0	-0.637	-0.782	-0.534	-0.016	0.0	-0.346	-0.384	0.0	-0.041	0.0	0.0	0.0	-0.451	-0.542	0.0	-0.395	0.0	-0.198	-0.041	-1.12	0.493	-1.201	-0.398	-0.353	-0.339	-0.041	0.0	-0.046	-0.434	0.298	0.394	0.0	-0.532	0.677	0.352	-1.736	-1.083	-0.041	-0.694	0.262	-0.223	-1.228	0.0	-0.366	0.0	-0.455	0.0	0.567	0.325	-0.643	-0.655	0.0	0.0	0.0	-0.184	0.027	-0.988	-0.24	-0.847	0.0	-1.202	-0.086	0.187	0.0	-0.731	0.0	0.0	-0.248	0.0	0.0	0.0	0.0	-0.046	-0.654	0.0	0.0	0.93	-0.006	0.53
taxongroup_comment	Wat-9861_259_animal-6	-0.222	-0.1	0.564	-0.353	-0.189	0.0	-0.688	-1.209	0.084	-0.472	0.164	-0.29	-0.501	-0.534	0.244	-0.472	0.0	-0.737	-1.142	0.206	0.116	-0.429	0.053	1.176	-0.636	0.076	0.24	-0.931	0.0	0.0	-0.615	-0.535	-0.093	-1.34	0.332	-0.625	-0.511	0.045	-0.902	-0.018	-0.012	-0.068	-0.229	-0.995	-0.927	-0.301	0.628	-0.575	-0.542	-0.184	-0.217	-0.335	-0.221	0.31	0.0	-2.048	-0.41	0.0	-0.107	-0.52	0.0	-0.259	-0.635	-0.438	-0.006	-0.306	-0.491	-1.13	-1.45	-0.725	-0.025	-0.639	0.0	-0.763	0.089	-0.216	0.0	0.0	-0.411	0.0	-0.384	-0.218	0.0	-0.558	-0.116	0.0	0.0	-0.481	-0.006	0.214
taxongroup_comment	Wat-9861_274_animal-9	-0.472	0.052	-0.578	-0.595	-0.599	-0.461	-0.417	0.588	-0.046	-0.086	0.0	0.0	-0.005	-0.392	-0.333	-0.051	-0.108	0.196	0.0	0.564	0.485	-0.501	-1.121	-0.523	0.314	-0.057	-1.083	-0.061	-0.41	-0.394	-0.479	0.0	-0.312	-0.686	-0.551	0.0	-0.045	0.0	0.0	0.0	-0.491	0.0	-0.056	-0.479	0.096	0.214	0.0	-0.735	0.352	-0.531	0.067	-0.347	-0.097	0.11	-0.616	0.0	-0.379	0.0	-0.577	-0.562	0.0	0.0	-0.198	0.0	0.0	0.0	-0.694	0.003	0.0	0.441	0.0	0.308	0.0	0.0	0.0	0.0	0.0	0.0	-0.562	-0.229	-0.427	0.0	-0.982	-0.523	0.0	0.0	0.0	0.0	0.421	0.0
taxongroup_comment	Wat-9861_112_animal-12	0.0	-0.106	0.776	0.0	-0.419	-0.119	0.255	-0.325	0.23	-0.584	-1.083	-0.274	0.0	-2.032	-0.537	-0.374	-0.252	-0.128	-0.384	-0.242	0.0	0.723	-0.319	0.745	-0.709	0.254	-0.394	-0.524	-0.519	-0.866	-1.203	0.561	-0.522	-0.864	0.847	0.092	-0.805	-0.111	-0.029	-0.957	0.353	0.0	-0.026	-0.042	-0.787	-0.616	-0.91	-0.4	-0.478	0.825	0.918	-0.748	-0.649	-0.019	-0.035	-1.033	0.444	-0.687	-0.361	-0.452	-0.573	-2.552	-0.048	0.0	0.226	-0.306	-1.446	-1.022	-0.201	-0.482	-0.23	-0.593	-0.321	-0.706	-0.369	-1.201	-0.601	-0.005	-0.269	0.0	0.0	0.121	-0.006	-0.644	0.0	-0.201	0.255	0.803	-1.191	0.25
taxongroup_comment	Bov-01d4_16_Bubalus-25	0.784	-1.069	-0.384	0.0	-0.613	0.0	0.634	0.0	-1.062	-2.363	-0.005	0.0	0.0	-0.415	0.0	-1.61	-0.285	4.166	0.0	-2.087	0.0	0.0	-0.58	-0.096	0.0	0.0	-0.401	0.0	0.0	0.0	-0.283	-0.005	0.583	-0.625	-0.783	-2.375	0.0	-0.532	0.035	0.528	-0.157	-0.084	0.047	-0.21	0.0	-0.222	1.48	0.0	-0.035	-0.158	0.0	0.266	0.0	0.0	-0.092	-0.504	-0.454	0.0	0.521	0.0	-1.393	0.0	-0.086	-0.322	-0.542	-0.365	-0.365	0.096	0.0	-0.524	-0.548	0.0	0.314	0.018	0.792	-0.505	0.0	0.0	0.715	-0.235	0.0	0.033	-0.624	0.662	0.247	0.0	-0.219	0.0	0.0	0.849
taxongroup_comment	Bov-01d4_16_Bubalus-21	0.784	-1.069	-0.384	0.0	-0.613	0.0	0.424	0.0	-1.062	-1.802	-0.005	0.0	0.0	-0.415	0.0	-1.61	-0.285	4.166	0.0	-2.087	0.0	0.0	-0.895	-0.096	0.0	0.0	-0.761	0.0	0.0	0.0	-0.283	-0.005	0.583	-0.625	-0.722	-2.054	0.0	-0.532	0.035	-0.114	-0.157	-0.084	0.047	-0.21	0.0	-0.222	2.016	0.0	-0.035	-0.158	0.0	0.266	0.0	0.0	-0.092	-0.504	-0.454	0.0	0.835	0.0	-1.393	0.0	-0.086	-0.322	-0.542	-0.365	-0.365	0.096	0.0	-0.524	0.021	0.0	0.314	0.018	0.792	-0.679	0.0	0.0	0.715	-0.235	0.0	0.033	-0.842	0.662	-0.02	0.0	-0.219	0.0	0.0	0.849
taxongroup_comment	Bov-01d4_16_Bubalus-16	0.0	0.0	0.0	0.0	0.0	-0.099	0.276	0.483	0.0	-0.527	0.0	0.0	-0.677	0.0	0.0	0.0	0.0	-0.025	0.276	-0.519	0.0	-0.363	-0.619	-0.635	0.0	0.0	-0.504	-0.035	0.768	-0.395	-0.051	0.0	-0.95	0.166	-0.51	0.0	0.175	0.0	-1.019	0.033	0.849	0.0	0.0	-0.377	0.0	-0.14	0.0	-0.166	-0.491	0.0	0.0	0.0	-1.758	0.0	0.169	-0.019	0.811	-0.605	-0.346	0.0	0.0	0.0	0.0	0.0	0.0	-1.609	0.0	-1.217	0.126	-0.671	0.419	-0.717	0.0	-0.384	0.035	-0.408	0.266	0.0	0.0	0.0	-0.061	1.366	0.209	3.321	-0.102	0.0	0.0	0.0	-0.362	0.0
taxongroup_comment	Bov-01d4_16_Bubalus-11	0.784	-1.069	-0.384	0.0	-0.613	0.0	0.405	0.0	-1.062	-2.371	-0.005	0.0	0.0	-0.415	0.0	-1.61	-0.285	4.166	0.0	-2.087	0.0	0.0	-0.402	-0.096	0.0	0.0	-0.288	0.0	0.0	0.0	-0.283	-0.005	0.583	-0.625	-0.327	-2.502	0.0	-0.532	0.035	0.081	-0.157	-0.084	0.047	-0.21	0.0	-0.222	2.273	0.0	-0.035	-0.158	0.0	0.266	0.0	0.0	-0.092	-0.504	-0.454	0.0	0.81	0.0	-1.393	0.0	-0.086	-0.322	-0.542	-0.365	-0.365	0.096	0.0	-0.524	-0.473	0.0	0.314	0.018	0.792	-0.348	0.0	0.0	0.715	-0.235	0.0	0.033	-1.475	0.662	0.011	0.0	-0.219	0.0	0.0	0.849
taxongroup_comment	Wat-9861_312_animals-11	0.0	0.0	0.244	-0.508	0.0	0.066	0.0	0.0	-0.643	0.0	0.0	-0.365	-0.309	0.392	0.571	0.0	-0.604	0.0	0.181	0.0	-0.825	0.314	0.0	-0.199	0.0	-0.332	-1.161	-0.297	-0.593	0.0	0.097	0.0	0.0	0.251	-0.301	0.0	-1.124	-0.442	0.007	0.801	-0.284	-0.562	0.0	-0.523	-0.05	0.447	0.231	0.487	-0.52	-0.061	-0.984	0.0	0.088	0.0	0.0	-0.366	-0.551	-0.109	-0.131	0.0	-0.259	0.0	-0.359	-0.49	0.0	0.0	0.1	-0.431	0.0	0.0	0.0	-0.392	-0.356	-1.077	0.0	-0.644	0.0	0.0	0.0	0.0	-0.491	0.0	0.083	-0.349	-0.527	0.0	0.0	0.21	0.0	-0.081
taxongroup_comment	Afr-324e_15_bovids-5	-0.039	-0.733	0.375	0.0	-1.114	0.0	0.0	0.0	0.0	-1.204	0.0	-0.524	0.409	0.0	-0.032	0.0	0.0	-0.612	0.0	0.0	0.0	0.245	0.0	0.423	-0.548	0.0	-0.082	-0.482	0.0	0.0	-1.429	0.0	-0.31	0.0	0.0	0.0	0.0	-0.569	-0.621	-0.425	-0.228	0.0	-0.252	-0.89	-0.621	-0.096	0.29	0.0	-0.231	-0.939	0.221	-0.986	-0.094	-0.537	0.0	-0.174	0.0	0.04	0.0	-0.166	0.191	0.0	0.05	0.0	0.0	-1.126	0.0	-0.344	-0.057	0.103	0.049	-0.866	0.0	0.0	0.484	-0.117	0.0	-0.473	0.0	0.338	0.0	-0.425	0.0	-0.248	0.0	0.0	0.0	0.0	0.0	0.369
taxongroup_comment	Bov-d455_264_bovids-3	-1.146	-0.038	0.059	0.663	-0.181	-1.252	-1.539	-0.56	0.352	-0.232	-0.318	-0.215	0.0	0.0	0.266	-1.336	-0.188	-0.83	-0.564	0.456	-1.018	-0.312	-0.169	-0.159	0.551	-1.701	-0.474	-2.029	-0.631	1.15	-1.177	2.014	-0.405	-1.259	-0.856	-0.67	-0.505	-0.538	0.0	0.053	-1.136	0.046	-0.076	-0.337	0.032	-0.278	-0.18	-0.118	-1.349	-1.83	0.047	-1.446	-0.29	-0.057	-0.618	-0.089	0.335	0.0	-0.159	0.28	-0.779	0.288	-0.555	-0.183	-0.356	0.219	-0.424	-1.107	0.366	-0.093	-0.069	-0.887	0.213	-0.892	0.79	-0.621	-0.109	-0.005	0.028	-0.369	-1.424	0.0	0.0	-1.791	-0.338	-0.66	-0.473	-0.348	-0.346	-0.732
taxongroup_comment	Chi-6eec_28_mammals-31	-0.117	-0.445	-0.231	-0.238	-0.337	0.0	0.0	-0.104	-1.205	0.0	0.0	0.0	0.0	0.0	0.0	-1.476	0.0	0.965	-0.79	-1.964	-0.831	-0.046	0.0	-1.032	0.204	-0.308	-1.02	0.0	0.0	-0.074	-0.934	-0.493	0.469	-0.708	0.0	0.0	0.0	-0.445	-0.646	0.0	-1.301	-0.219	0.164	-0.613	0.0	0.013	0.546	0.0	-0.236	-0.973	0.364	-0.095	0.179	0.0	-0.109	-0.061	-0.643	-0.08	0.0	-0.052	-1.129	0.0	-0.689	-0.302	-0.3	-0.783	0.139	-0.026	0.0	-0.661	0.0	0.0	0.04	-0.704	0.689	0.0	-0.047	-0.48	-2.619	-0.154	0.0	0.357	0.0	0.609	-0.347	-0.014	-1.272	-0.325	0.0	0.266
taxongroup_comment	Dom-6f87_103_sheep-3	0.718	-0.759	0.381	-0.431	-0.115	0.44	0.0	0.099	0.882	-0.31	-0.176	-1.329	0.0	-0.777	-0.237	0.0	-0.305	-0.293	0.459	-0.094	0.0	-0.512	0.443	0.161	-0.909	-0.383	-0.007	-0.251	-0.188	-0.635	0.0	0.0	0.0	0.0	0.365	0.0	0.0	-1.076	-0.621	-0.476	-0.228	-0.213	-0.931	-1.233	-0.307	0.082	0.0	0.183	0.0	-0.184	-1.046	0.0	-0.094	0.0	0.0	-0.55	0.0	0.278	0.0	-0.052	0.0	0.0	0.487	-0.604	0.0	-0.306	-0.586	-0.633	-0.021	0.103	-0.312	-0.506	-0.446	-0.519	0.459	0.039	-0.3	-0.473	0.0	-0.642	-0.494	-0.257	-0.768	0.0	-0.621	0.234	0.0	-0.315	0.255	0.874
taxongroup_comment	Big-0af3_113_sheep-13	0.0	0.0	0.16	0.0	-1.09	0.0	0.1	-0.056	-0.006	-0.258	-0.617	0.0	0.0	0.006	0.0	0.0	0.0	0.0	0.48	0.0	0.0	-0.481	-0.032	-0.196	0.0	0.0	0.0	0.0	0.0	0.0	0.096	0.0	-0.523	0.601	0.024	0.0	0.329	0.0	0.0	0.221	0.0	0.283	0.0	0.0	-0.051	0.0	0.0	-0.536	-0.574	-0.448	0.391	0.276	0.0	0.158	-0.551	-0.856	0.0	-0.625	0.024	0.0	-0.365	0.0	0.372	0.0	0.068	-1.044	-0.061	0.0	0.355	0.0	0.0	-0.542	-0.283	0.0	-0.255	-0.018	0.0	0.0	0.0	-0.626	0.0	-0.12	0.154	0.0	0.0	0.0	0.0	0.0	-0.489	0.0
taxongroup_comment	Big-0af3_40_sheep-13	0.0	-0.182	-0.299	-0.032	-0.438	-0.104	-0.807	-0.182	-0.62	0.007	0.0	0.535	0.725	0.0	0.006	0.0	0.346	-0.401	-0.452	0.0	-0.816	0.0	-0.448	-0.449	-0.338	-0.495	-0.592	-0.056	0.676	-0.762	0.0	0.0	0.0	0.0	0.439	0.0	-0.049	0.0	-0.118	0.759	0.103	-0.137	0.0	-0.055	-0.183	-0.333	0.0	0.0	0.0	0.933	0.0	0.0	0.0	-0.225	0.192	-0.848	-0.347	-0.346	-0.234	-0.054	0.0	-0.055	-0.177	0.0	-0.611	0.02	-0.094	0.0	0.031	0.0	0.695	0.0	-0.457	0.006	0.0	0.085	0.0	-0.044	0.0	0.0	-0.516	0.0	-0.53	0.0	-0.369	0.498	0.0	-0.161	0.0	-0.249
taxongroup_comment	Big-0af3_126_sheep-5	0.0	0.0	-0.317	0.132	0.811	-0.151	-0.018	-0.502	0.352	0.138	-0.044	-0.622	0.0	-0.534	0.0	-0.172	0.0	0.0	0.0	0.245	-0.172	0.0	-0.332	-0.395	-0.07	-0.855	0.0	0.12	0.0	0.531	-0.006	0.0	0.0	0.375	0.0	0.0	-0.213	0.0	0.0	0.813	0.298	0.0	0.0	0.0	0.0	-0.017	-0.737	0.0	-0.223	0.321	-0.325	-0.619	-0.05	0.0	-0.259	-0.28	-0.061	0.0	0.0	-0.431	-0.312	-0.671	-0.005	0.243	0.0	0.0	0.0	-0.776	-0.38	0.0	0.0	-0.578	0.065	0.152	-0.046	0.0	0.144	0.0	0.0	0.0	-0.528	0.0	0.0	-0.542	-0.185	-0.625	-1.513	0.0	-0.203	-0.4
taxongroup_comment	Big-0af3_33_sheep-4	0.0	0.0	0.0	0.0	0.695	0.0	0.0	-0.161	0.0	0.0	0.0	0.0	0.0	-0.125	0.0	0.0	0.0	0.0	0.0	0.0	0.0	0.0	0.0	-0.516	0.0	0.0	0.0	0.0	0.0	0.0	0.0	0.0	0.0	0.0	0.0	0.0	-0.237	0.0	0.0	0.0	-0.512	0.0	0.0	0.0	0.0	0.0	0.0	0.0	-0.497	0.0	0.0	0.0	0.0	0.0	-0.062	0.0	-0.39	0.0	0.0	0.0	0.0	0.0	0.0	-0.063	0.0	0.0	0.675	0.0	0.0	0.0	0.0	0.0	0.0	0.085	0.0	0.077	0.0	0.0	0.0	-0.086	0.0	0.0	-0.054	0.0	-0.072	0.0	0.0	0.0	0.0	0.0
taxongroup_comment	Big-0af3_119_sheep-20	-0.403	0.559	0.443	-0.067	-0.508	0.0	-1.09	-0.566	0.245	0.268	0.0	0.56	0.0	-0.08	0.349	0.0	0.0	0.394	0.0	0.0	0.0	0.0	0.0	-0.414	0.0	0.0	0.0	0.0	-0.262	0.0	0.0	0.0	0.0	-0.398	0.0	0.0	0.29	-0.264	0.0	0.0	0.298	0.0	0.0	0.064	-0.996	0.0	0.0	0.599	0.0	-0.716	-0.608	0.0	-0.05	0.0	0.0	-0.663	0.0	0.0	0.0	-0.473	0.448	0.0	-0.733	-0.183	0.0	-0.698	0.0	-0.264	-0.45	0.148	-0.094	-0.428	0.0	0.0	-0.215	0.083	0.0	0.0	0.0	0.0	-0.02	0.0	0.0	0.0	0.0	-0.253	0.0	-0.364	-0.006	0.274
taxongroup_comment	Big-0af3_33_sheep-14	0.0	-0.852	0.414	0.0	0.328	0.0	-0.313	-0.161	-0.4	0.0	0.0	-0.257	0.0	0.0	0.0	0.0	0.0	0.0	0.33	0.002	-0.197	-0.214	0.0	-0.438	0.0	0.098	0.0	-0.367	-0.364	0.0	0.091	0.268	0.0	0.518	-0.55	0.0	-0.433	-0.378	0.0	0.305	-0.741	0.361	0.0	-0.329	0.0	-0.608	0.0	0.0	-0.238	-0.462	-0.226	0.0	0.0	0.477	0.035	0.0	-1.202	0.0	-0.469	0.62	0.512	0.297	-0.962	0.348	0.0	0.0	0.0	-1.041	-0.485	-0.502	-0.205	0.0	0.0	0.29	0.548	-0.746	0.0	0.0	0.197	-1.004	0.0	0.0	-0.165	0.0	-0.434	-0.113	0.269	-0.145	-0.356	-0.442
taxongroup_comment	Big-0af3_6_sheep-28	0.906	0.0	0.309	0.092	-0.651	0.0	0.0	-0.974	-0.313	-0.992	0.0	0.0	-0.455	-1.021	0.366	-0.473	-0.536	-0.187	0.0	-0.08	0.0	-0.598	0.0	-0.582	0.339	-0.109	0.0	-0.405	0.0	0.392	-0.006	-1.03	0.444	-0.453	0.0	-0.34	-1.578	0.0	-0.726	0.0	0.298	-0.08	0.0	-0.246	-0.582	-0.076	0.206	-0.392	-0.074	0.413	0.0	-0.551	-0.374	0.044	0.0	-0.009	-0.643	0.0	-0.441	0.0	-0.83	0.0	-0.83	-0.302	-0.295	-0.856	0.145	-0.202	-0.689	0.0	0.0	-0.478	-0.199	0.08	0.053	-0.404	0.0	0.0	0.679	-0.779	0.0	0.0	0.0	0.0	0.0	-0.133	-0.491	-0.578	0.656	0.0
taxongroup_comment	Big-0af3_125_sheep-17	0.0	0.0	0.0	0.41	-0.229	0.0	0.37	-0.632	0.045	-0.3	0.094	0.0	0.0	-0.534	0.003	-0.65	-0.306	-0.24	0.0	0.117	-0.004	0.0	0.0	-0.757	0.0	-0.787	-0.181	0.14	-0.725	0.0	-0.346	0.798	-0.184	-0.544	0.0	0.0	0.0	0.0	0.0	-1.075	0.283	0.0	0.0	0.0	-0.393	0.366	-0.417	0.0	0.0	0.0	0.0	-1.105	-0.05	-0.091	-0.043	-0.172	-0.376	0.0	0.0	0.0	0.222	0.0	0.201	0.0	-0.512	-1.083	-0.382	-1.189	-0.38	-0.342	0.0	-0.578	-0.164	0.0	0.0	0.0	0.0	-0.31	-0.213	0.0	0.0	0.0	0.0	0.0	0.0	0.0	0.0	0.344	-0.636	-0.082
taxongroup_comment	Big-0af3_40_sheep-22	0.03	0.0	0.393	0.959	-0.027	0.0	-0.263	-0.261	-0.829	-0.163	0.759	0.0	0.0	0.282	0.0	-0.959	0.0	0.594	-0.29	0.0	-0.314	0.0	-0.032	-0.635	0.0	0.211	0.0	-0.463	0.0	-0.281	-0.249	-0.53	-0.414	-0.878	0.0	0.0	0.43	0.0	-0.294	0.0	-0.442	0.0	0.0	-0.055	-0.094	0.0	0.0	0.0	0.414	-0.07	0.0	0.768	0.0	0.0	-1.122	-0.939	-0.673	-0.162	-0.473	0.0	-0.177	-0.142	0.0	-0.495	0.338	-0.563	0.103	-0.076	-0.255	-0.156	-0.11	-1.325	-0.111	0.358	0.445	-0.018	0.0	-0.713	0.162	-0.044	0.0	-0.346	-0.374	-0.043	-0.902	0.0	0.422	0.0	0.0	0.0
taxongroup_comment	Big-0af3_18_sheep-4	-0.413	-0.172	0.0	-0.243	0.0	-1.017	0.152	0.0	-0.185	0.0	-0.209	-0.385	0.0	-0.325	0.827	0.0	-0.333	0.0	0.135	0.0	0.0	0.0	0.0	0.202	-0.579	0.138	-0.188	-0.213	0.42	-0.329	0.0	0.0	0.0	0.0	0.0	-0.153	-0.197	-0.256	-0.325	0.811	-0.516	-0.096	0.0	-0.061	0.0	0.0	-0.402	0.0	0.0	0.0	0.0	0.0	0.0	0.782	-0.103	0.0	0.261	-0.182	0.057	0.0	0.0	0.0	0.0	0.0	-0.001	-0.277	-0.358	0.451	0.0	0.0	0.0	0.0	0.0	0.0	-0.46	-0.395	0.0	0.0	0.846	1.202	0.0	0.0	0.0	0.0	0.0	0.0	0.0	0.0	-0.129	0.0
taxongroup_comment	Big-0af3_30_sheep-33	0.811	0.0	-0.256	-0.36	1.223	0.0	-0.387	-0.161	0.152	0.055	0.0	0.109	0.0	-0.125	0.0	-0.182	-0.228	0.0	0.0	0.0	-0.564	0.0	0.0	-0.805	0.0	-0.109	0.0	0.0	0.0	0.7	0.064	-0.203	0.0	-0.702	-0.458	0.0	-0.016	-0.187	-0.39	0.0	-0.512	0.0	0.0	0.0	0.0	-0.97	0.0	0.423	-1.244	0.262	0.0	0.846	0.135	0.29	-0.062	-0.061	-1.032	0.0	0.0	0.0	-0.773	0.0	-0.1	-0.365	-0.185	0.0	0.349	-0.156	0.0	0.12	0.0	0.0	0.0	-0.326	0.0	0.077	0.0	0.0	-0.57	-0.086	0.0	0.421	-0.054	0.0	-0.072	-0.133	-0.689	0.0	0.0	0.0
taxongroup_comment	Big-0af3_108_sheep-16	0.0	-0.274	0.0	0.0	-0.006	0.0	0.0	-0.566	0.0	0.0	0.103	0.0	0.0	-1.262	0.531	0.0	0.0	0.0	0.0	0.069	0.338	-0.103	0.0	0.0	0.0	-0.417	0.0	-1.09	0.0	0.325	-0.23	0.0	0.0	-0.398	-0.414	0.0	0.0	0.774	0.0	-0.201	0.298	0.0	0.0	0.0	0.0	-0.172	0.0	0.0	0.806	0.0	-0.913	0.0	-0.05	0.0	0.0	-0.366	0.0	0.0	0.0	0.0	0.0	0.112	0.303	0.0	0.0	-0.487	-0.621	0.0	-0.38	-0.473	0.0	0.079	-0.444	0.0	0.45	0.0	0.0	0.0	0.0	-0.16	0.0	0.273	-0.127	0.0	0.0	0.19	0.0	-0.037	-0.006	-0.081
taxongroup_comment	Big-0af3_59_sheep-3	-0.229	-0.021	1.289	-1.028	-0.096	0.114	-0.648	0.0	0.0	-0.114	0.0	0.0	0.0	0.0	-0.251	0.419	0.0	-1.193	0.0	0.0	0.0	0.0	0.0	-0.284	-0.786	0.0	-0.271	0.0	-0.008	0.0	0.0	-0.021	-0.071	-0.435	0.0	0.0	0.0	-0.21	0.0	0.2	0.0	0.0	-0.17	0.0	-0.118	-0.288	-0.363	-1.069	0.012	-0.502	0.0	-0.653	-0.456	-0.656	0.0	-0.439	-0.624	0.234	0.067	-0.748	0.553	-0.437	-0.735	-0.564	0.0	-0.385	0.0	-0.854	0.619	-0.343	-0.214	-0.66	-0.516	-0.195	0.34	0.05	-0.315	0.0	-0.293	0.0	0.0	0.0	0.0	0.0	-0.055	-0.076	0.0	-0.774	0.0	0.0
taxongroup_comment	Big-0af3_47_sheep-3	0.187	0.0	0.0	0.0	-0.189	-0.755	0.0	-0.064	0.0	-0.174	0.0	0.0	0.0	0.0	-0.263	-0.572	0.229	-0.271	0.0	-0.404	0.0	0.0	0.025	0.0	-0.241	0.0	0.0	-0.715	-1.063	0.0	-0.345	-0.477	-0.288	0.0	0.0	0.0	0.0	0.0	0.0	-0.801	0.0	-0.41	-0.571	0.0	-1.835	-0.353	-0.643	0.0	0.002	0.0	0.421	-2.362	0.0	-1.381	0.0	-0.623	-1.271	0.0	0.0	-0.026	-0.384	0.257	0.0	0.0	0.0	-0.393	-0.187	0.0	-0.242	0.0	-1.893	-0.405	0.0	-0.133	-0.363	0.064	0.209	-0.264	0.0	-0.244	0.0	-0.162	0.0	0.253	0.0	0.0	0.043	-0.652	0.0	0.0
taxongroup_comment	Big-0af3_21_sheep-3	-0.117	-0.044	1.089	-0.609	0.207	0.0	-0.348	-0.134	0.0	-0.235	0.0	0.0	0.0	-0.299	0.0	0.0	0.0	-1.333	-0.204	-0.097	0.0	0.0	0.0	-1.53	-0.134	0.0	0.138	-0.495	-0.47	0.0	0.0	0.616	0.0	-0.328	0.0	0.0	-0.176	0.0	-0.816	0.194	1.182	0.0	0.0	0.0	-0.413	0.0	-0.473	0.0	0.0	-0.193	0.0	-0.372	0.0	0.0	-0.113	0.246	0.974	0.0	0.642	-0.399	0.433	-0.025	-1.116	0.0	0.0	0.0	0.0	0.712	0.0	0.0	0.0	-0.563	-0.266	0.202	0.046	0.0	0.0	0.059	0.12	0.078	-0.79	0.0	0.0	0.0	-0.214	-0.252	0.226	-0.443	0.0	0.381
taxongroup_comment	Big-0af3_19_sheep-10	-0.006	0.0	0.0	0.0	0.0	-0.346	-0.364	0.0	0.0	-0.359	-0.249	0.0	0.0	0.0	0.395	-0.515	0.0	0.0	0.692	-0.584	-0.34	0.0	-0.438	0.0	-0.197	-0.925	-0.346	-0.333	0.0	0.457	0.0	0.0	0.0	0.0	0.439	-0.352	-0.3	0.0	0.273	0.0	-0.241	-0.259	0.254	0.0	0.0	0.0	0.0	-0.043	-0.385	-0.239	0.0	-0.121	-0.556	0.0	-0.136	0.0	0.0	-0.239	-0.161	0.0	0.12	0.267	0.719	0.085	-0.541	-0.056	0.223	0.839	0.0	0.0	0.0	0.539	0.0	-0.159	0.0	0.0	0.0	0.0	0.0	0.0	0.0	-0.266	0.0	-0.62	0.0	0.806	-0.584	0.042	0.0	-0.147
taxongroup_comment	Big-0af3_32_sheep-4	-0.043	-0.072	0.278	-0.239	0.408	0.048	-0.274	0.23	0.0	0.0	-0.762	-0.263	-0.502	-0.06	0.0	1.069	0.0	-0.293	0.0	0.297	-0.172	-0.551	0.0	-0.601	0.0	-0.051	0.0	-0.429	0.603	-0.404	0.0	0.0	-0.006	0.692	0.0	-0.483	-0.213	0.141	-0.665	-0.466	-0.076	0.0	0.0	-0.215	0.0	0.0	0.428	0.0	-0.373	0.0	-0.325	0.0	-0.494	0.193	-0.512	0.052	0.193	0.196	0.0	0.0	-0.298	0.0	-0.294	0.0	0.0	0.0	-0.382	0.414	0.0	1.678	0.0	-0.061	-0.285	-0.261	0.451	0.0	0.0	-0.523	0.202	0.0	-0.206	0.0	0.0	0.0	-0.595	0.0	0.607	-0.438	-0.197	-0.256
taxongroup_comment	Big-0af3_19_sheep-4	0.0	0.0	-0.212	0.599	0.0	-0.205	-0.268	-0.873	0.0	0.0	0.0	0.0	0.404	-0.109	-0.231	0.0	0.0	0.335	0.371	-0.061	0.0	0.0	0.0	0.0	0.0	0.0	-0.197	0.145	0.0	0.726	-0.346	0.0	-0.429	-0.394	0.0	0.0	0.717	0.0	0.0	0.0	-0.468	-0.144	0.0	-0.225	0.0	-0.31	-0.093	0.839	0.0	-0.666	0.839	-0.279	0.0	0.0	0.0	0.0	0.0	0.0	-0.031	0.719	-0.299	-0.688	0.0	0.0	-0.052	-0.586	-0.304	0.0	0.0	0.0	0.0	-0.429	-0.352	-0.199	0.193	0.0	-0.216	0.022	-0.301	0.0	0.0	0.464	-0.279	-0.299	-0.414	-0.294	0.0	0.0	0.0	0.0
taxongroup_comment	Cou-56f5_112_sheep-23	-0.146	-0.778	0.0	-0.196	-0.629	0.0	0.0	0.0	-1.127	0.0	-0.287	0.0	-0.506	0.0	0.0	-0.318	0.0	2.487	-0.551	-2.273	0.0	0.0	0.0	0.0	-0.236	-0.109	0.386	0.0	-0.722	0.392	0.137	-0.259	-0.179	-0.132	-0.103	0.0	0.0	0.0	-0.19	-0.032	-0.107	0.061	-0.279	0.0	-0.082	-0.233	-0.558	0.0	0.0	-0.308	0.159	0.75	-0.863	-0.172	-0.069	-0.758	-0.643	0.0	0.0	0.0	-1.279	-0.239	0.586	-0.492	-0.731	-0.865	-0.602	-0.186	0.0	-0.319	0.0	0.0	0.245	-0.398	0.244	-0.656	-0.413	-0.039	-1.634	-0.161	0.0	-0.493	0.0	0.099	0.0	-0.133	-0.491	0.0	-0.076	0.445
taxongroup_comment	Big-0af3_56_sheep-8	0.0	0.0	-0.455	0.0	0.74	-1.049	0.0	-0.502	-0.043	0.521	-0.392	-0.263	-0.125	-0.534	-0.01	0.0	0.102	-0.442	-0.512	0.0	-0.178	0.0	0.0	-0.395	0.0	-0.061	0.0	-0.014	-0.712	0.0	0.0	0.077	0.0	0.492	0.82	0.675	-0.213	-0.142	0.0	-0.092	0.083	0.0	0.0	0.0	-0.207	0.0	-0.518	0.0	-0.248	0.0	-0.325	-1.279	-0.05	0.0	-0.647	-0.418	-0.958	0.0	-0.061	-0.506	-0.19	0.0	-0.551	-0.051	-0.67	0.203	0.0	-0.358	-0.38	0.887	-0.402	-0.426	-0.054	0.152	-0.081	0.517	0.97	-0.231	0.0	-1.023	0.0	-0.728	-0.523	-0.302	-0.185	-0.143	0.0	-0.11	-0.524	-0.256
taxongroup_comment	Big-0af3_34_sheep-9	-0.408	0.0	0.238	0.0	-0.399	0.198	-0.13	-0.236	0.0	-0.543	0.0	0.0	-0.192	-0.476	0.0	0.0	-0.308	-1.046	0.0	0.0	0.0	0.994	0.0	-0.603	0.264	0.0	-0.346	0.258	-0.211	0.0	-0.166	0.41	-0.101	-0.505	-0.029	0.0	0.0	-0.285	0.0	0.618	-1.255	0.0	0.703	0.0	0.192	0.0	-0.271	-0.621	-0.592	0.233	-0.413	0.401	0.034	-0.196	0.0	0.177	-0.683	0.0	-1.266	-0.374	0.754	0.0	-0.233	-0.457	-0.529	-0.502	-0.014	-1.298	0.354	0.0	0.0	-0.407	-0.344	0.0	0.0	0.0	0.0	0.0	-0.588	0.0	-0.701	0.0	0.0	0.0	0.0	0.0	0.0	-0.51	0.13	-0.254
taxongroup_comment	Bla-3ee3_186_animals-11	-0.456	-0.333	0.44	0.0	-0.61	0.0	0.0	0.0	0.045	-0.549	-0.866	-0.547	0.0	-0.165	-0.314	0.0	0.0	-0.261	0.0	0.0	0.0	0.137	0.337	-0.186	-0.038	0.0	-0.209	0.0	0.0	0.0	-0.676	0.331	-0.376	0.0	0.0	0.0	0.0	-0.405	0.013	-0.117	0.0	0.0	0.0	-0.421	-0.633	-0.018	-0.088	-0.412	-0.438	-0.29	0.044	-0.85	-0.551	-0.117	0.0	-0.293	0.015	0.0	-0.051	-0.175	-0.098	-0.392	-0.032	0.0	0.0	-0.257	-0.113	-0.957	0.446	-0.168	-0.006	-0.57	0.0	-0.523	0.0	0.296	0.525	0.076	-0.062	-0.005	0.0	0.0	0.0	-0.204	0.0	0.0	0.0	0.811	-0.093	0.83
taxongroup_comment	Bla-3ee3_12_Antilope-11	-0.45	0.0	0.818	-0.302	-0.022	0.0	0.0	-0.566	-0.499	-0.712	0.0	0.0	0.0	-0.118	0.0	-0.39	0.0	-0.166	0.352	0.0	0.0	0.0	-0.133	0.0	0.0	0.177	0.0	-0.918	0.0	-0.378	-0.522	-0.682	-0.482	-0.828	-0.347	0.352	0.123	-0.046	0.0	-0.694	-0.524	-0.005	0.811	-0.061	-0.051	0.0	-0.739	0.0	-1.669	-0.07	0.261	-0.842	-0.05	0.0	0.518	-0.62	0.0	0.722	-0.609	0.087	-0.024	0.0	0.0	0.042	-0.109	-0.784	-0.755	0.245	-0.856	0.0	-0.255	-0.806	-0.235	0.0	0.0	-0.115	-0.643	0.015	0.0	0.015	-0.049	-0.248	-0.471	-0.858	0.0	0.0	0.0	0.0	-0.486	-0.312
taxongroup_comment	Bla-3ee3_39_Antilope-11	-0.45	0.0	0.806	-0.302	-0.011	0.0	0.0	-0.566	-0.499	-0.609	0.0	0.0	0.0	-0.118	0.0	-0.39	0.0	-0.166	0.352	0.0	0.0	0.0	-0.133	0.0	0.0	0.446	0.0	-0.932	0.0	-0.378	-0.522	-0.682	-0.482	-1.03	-0.347	0.352	0.123	-0.046	0.0	-0.694	-0.026	-0.005	0.811	-0.061	-0.051	0.0	-0.558	0.0	-0.855	-0.07	0.261	-0.842	-0.05	0.0	-0.076	-0.62	0.0	-0.27	-0.609	0.087	-0.024	0.0	0.0	0.042	-0.109	-0.784	-0.755	0.245	-0.856	0.0	-0.255	-0.806	-0.235	0.0	0.0	-0.115	-0.643	0.015	0.0	0.015	-0.049	0.254	-0.471	-0.858	0.0	0.0	0.0	0.0	-0.486	-0.312
taxongroup_comment	Spr-39f8_25_Antilope-28	0.0	0.0	0.784	-0.475	0.052	0.0	0.152	-1.011	0.0	0.0	0.0	0.0	-0.183	-0.534	0.105	-0.217	-0.332	-0.273	0.553	-0.244	-0.567	0.0	-0.333	-0.886	0.0	-0.818	-0.933	0.868	0.0	1.263	-0.874	0.0	0.0	-0.878	0.0	0.0	-0.172	0.555	-0.496	0.148	0.298	0.0	0.0	-0.231	-0.661	-0.09	0.024	0.102	0.0	-0.358	-0.342	-0.973	-0.05	0.0	0.498	-0.109	-1.167	0.0	-0.202	0.0	0.0	0.333	-0.407	-0.207	0.0	0.0	0.0	0.0	-0.306	0.0	0.0	-0.368	-0.253	-0.333	0.015	-0.046	0.0	-0.205	-0.214	-0.061	0.0	0.0	0.0	0.0	-0.529	0.0	0.811	0.0	-0.006	0.089
taxongroup_comment	Ant-dc13_2_bovid-9	-0.461	0.0	0.393	0.0	-0.64	-0.704	0.0	0.167	-0.183	-0.616	-0.331	-0.398	0.0	0.66	0.0	-0.37	-0.14	-0.36	0.494	0.147	0.0	0.0	-0.23	-0.804	-0.596	0.0	-0.633	-0.936	0.106	-0.561	-0.378	0.0	-0.224	0.128	-1.582	0.0	-0.512	-0.308	-0.477	-0.06	-1.136	0.0	0.328	0.0	-0.094	0.0	-0.691	0.0	0.0	-0.152	0.238	-1.012	0.0	0.0	-0.789	-0.684	0.0	0.122	-0.375	-0.263	-0.209	-0.422	0.0	0.0	-0.297	-0.534	-0.591	0.0	-0.406	0.167	0.183	-1.027	0.0	0.0	-0.233	0.101	0.0	0.816	0.0	-0.633	-0.116	0.0	-0.972	-0.302	0.0	0.0	1.155	0.0	-0.48	0.0
taxongroup_comment	Wil-de29_100_animals-19	-0.118	-0.924	0.433	0.0	0.118	1.253	0.0	-0.061	0.0	-0.179	-0.241	-0.772	0.0	-0.006	-0.212	-0.442	0.047	-0.799	0.071	-0.051	0.001	-0.688	-0.188	0.599	-2.385	1.639	0.3	0.0	0.0	-1.717	0.0	0.0	0.0	0.0	2.836	-0.539	0.042	-0.514	-0.748	0.552	0.0	0.0	0.245	-0.527	-0.44	0.777	0.001	0.2	-1.269	0.163	0.152	0.0	-1.346	0.408	0.0	-3.42	0.0	-0.171	-0.941	0.0	0.0	0.0	0.525	0.0	0.0	-0.443	-0.41	-0.541	-0.098	0.0	0.0	-0.434	-0.927	-1.252	0.097	-0.254	0.0	0.35	0.0	-0.206	-0.523	0.0	0.0	0.0	-0.734	0.0	0.0	0.0	0.064	0.419
taxongroup_comment	Blu-3a31_198_animal-9	-0.051	-0.974	0.205	-0.276	-0.117	0.0	0.0	-0.325	0.0	-0.551	0.103	0.0	-0.13	-0.649	0.409	-0.012	0.0	-0.289	0.0	-0.576	-0.107	-1.148	0.0	-0.428	-0.519	-0.215	0.0	-1.608	0.0	-0.583	-2.154	0.083	-0.458	-0.495	-0.475	0.0	-0.222	1.011	0.0	0.154	-0.349	-0.125	-0.061	-0.462	-0.938	-1.232	-0.76	0.0	0.243	0.0	-0.282	-1.125	0.017	0.421	-0.056	-0.6	0.0	0.0	0.308	0.02	0.0	0.0	-0.306	0.0	-0.162	-0.059	-0.094	0.453	-0.239	-0.438	0.0	0.0	0.0	0.0	-0.577	0.36	0.0	0.0	-0.145	0.0	0.0	0.027	-0.707	-0.35	0.0	-0.344	-0.091	-0.442	-0.488	-0.377
taxongroup_comment	Blu-3a31_98_animals-17	-0.226	0.044	-0.243	0.0	-0.428	0.138	-0.514	-0.566	0.372	0.346	-0.321	-0.169	-0.784	-0.534	0.0	0.0	0.242	-0.441	-0.333	-0.162	-0.493	-0.31	0.0	-0.412	-0.048	-0.374	-0.159	-1.231	0.0	0.0	0.0	0.0	0.798	-1.196	0.023	-0.083	-0.113	0.115	0.119	0.504	-0.167	-0.218	0.0	0.0	0.036	-0.222	-0.961	-0.348	-0.34	0.347	-0.349	-0.317	-1.65	0.248	0.0	-1.592	-1.032	0.225	-0.197	-0.41	-0.667	0.0	0.443	-0.216	-0.945	-0.482	0.383	0.0	-1.034	0.0	-0.179	-0.706	0.032	-0.095	0.328	-0.306	-0.229	0.584	0.0	0.0	0.0	0.0	0.059	-0.129	0.0	0.0	0.0	-0.229	-0.491	0.0
taxongroup_comment	Blu-3a31_193_animals-20	-1.232	0.0	0.279	0.0	-1.426	0.049	-0.25	-0.566	0.0	-0.269	0.0	0.308	0.0	-0.526	-0.481	-0.37	-1.082	0.544	-0.59	0.345	0.26	-0.609	-0.425	0.0	0.0	0.461	-0.359	-1.525	-0.362	-0.151	0.0	0.0	-0.514	-0.997	-0.86	0.031	-0.453	-0.789	-1.095	-0.301	-0.245	-0.005	0.912	0.0	-0.42	0.0	0.108	-1.184	-0.215	-0.232	-0.516	0.035	-0.05	-0.469	0.0	-0.153	0.052	0.416	0.487	0.067	-0.528	0.0	-0.41	-0.703	-0.12	-0.779	-0.814	0.245	-0.691	-0.254	-0.535	-0.186	-1.324	0.0	0.0	-0.04	0.0	-0.122	-0.074	0.0	0.322	0.0	-0.642	-0.024	0.0	0.0	0.395	0.0	-0.61	-0.86
taxongroup_comment	Blu-3a31_26_animals-34	-0.185	-0.731	0.466	0.326	-1.5	-0.144	0.144	0.315	-0.006	-1.229	0.581	-0.356	0.0	-1.757	0.0	-0.138	0.0	-0.302	0.038	0.0	0.434	-0.437	-0.53	-0.058	0.0	-0.081	0.0	0.0	-0.485	-0.833	-1.149	0.0	-0.995	-1.076	-0.486	-0.15	-0.167	0.0	-0.363	0.0	0.202	0.338	0.0	0.0	-0.03	-0.295	-0.337	0.332	0.658	-0.29	0.0	-0.099	-0.359	-0.762	-0.551	-0.663	0.0	0.0	-0.41	0.0	-0.295	0.0	0.37	0.0	0.638	-0.649	-0.425	-0.082	-0.721	0.0	-0.186	-0.03	-1.427	0.0	0.038	0.202	-0.124	0.0	-0.183	-0.479	-0.346	0.12	-0.681	0.0	0.0	0.0	0.0	0.0	0.899	0.0
taxongroup_comment	Blu-3a31_160_bovids-5	0.0	0.0	0.443	0.0	-0.508	0.0	0.0	-0.412	0.0	-1.15	0.0	-0.332	-0.229	-0.671	0.116	-0.077	-0.133	-0.238	0.0	0.0	0.0	0.0	-0.341	-0.525	-0.445	0.0	0.0	0.0	-0.347	0.0	-0.912	0.0	-0.024	-0.465	-0.006	-0.395	0.0	-0.576	0.0	0.0	0.324	0.0	0.0	0.0	-0.621	-0.297	0.089	0.735	0.805	-0.309	0.396	-0.687	0.262	0.096	0.0	-0.162	0.0	0.0	0.019	0.546	-0.211	-0.145	-0.47	-0.48	0.0	-0.469	0.0	-0.487	-0.088	0.0	0.0	-0.428	-0.194	0.0	0.0	0.469	0.0	0.0	-0.9	-0.571	0.0	0.0	-0.198	-0.184	0.0	0.0	0.0	0.0	-0.681	0.226
taxongroup_comment	Blu-3a31_89_bovine-11	0.0	0.0	0.197	0.0	0.0	0.0	0.0	-0.445	0.0	0.0	0.0	0.0	0.0	0.0	0.0	0.0	0.573	0.0	0.0	0.0	0.0	-0.321	-1.184	0.0	0.257	-0.356	0.0	0.0	0.0	-0.025	0.0	0.0	0.0	0.0	0.0	0.0	0.0	0.714	0.0	0.0	-0.723	0.0	-0.13	-0.251	0.0	0.0	-0.104	0.0	0.0	-0.194	-0.774	-0.295	0.0	-1.211	-0.563	0.0	-0.017	0.0	0.0	-0.2	0.0	0.0	0.0	0.0	0.0	0.0	0.0	0.076	0.0	0.0	0.0	-0.561	0.0	0.0	0.0	0.0	0.187	0.0	0.211	0.0	0.145	0.0	0.0	0.0	0.0	-0.019	-0.147	0.0	0.0	0.0
taxongroup_comment	Bon-fbc3_160_animals-29	0.0	-0.433	0.0	0.0	-0.283	-1.151	0.0	0.0	0.0	0.0	0.051	0.003	0.0	0.0	0.317	-0.538	0.0	-0.468	-0.464	-0.037	0.0	-0.114	0.0	0.001	0.309	-0.804	0.0	0.272	0.0	-0.006	-1.218	0.0	0.0	0.0	0.0	0.0	0.244	0.362	0.0	0.419	0.0	0.0	0.0	0.0	0.333	0.0	-0.755	0.048	0.532	0.191	0.0	0.034	0.0	-0.528	0.0	-0.456	0.0	0.0	-1.257	0.0	0.0	0.0	0.006	0.0	0.0	0.0	0.0	0.0	0.0	-0.439	0.0	-0.552	0.0	0.0	0.142	0.0	0.0	0.0	0.0	0.0	0.0	0.376	0.879	0.0	-0.231	-0.277	-0.587	-0.613	0.0	0.287
taxongroup_comment	Bon-fbc3_117_animal-13	0.0	0.0	0.0	0.0	0.0	-0.013	0.0	-0.202	-0.364	0.201	0.274	0.0	0.0	0.0	-0.549	0.366	-0.643	-0.543	0.0	-0.103	-0.061	0.099	-0.621	0.0	0.392	0.0	0.0	0.0	-0.133	0.276	0.042	0.0	-0.578	0.0	0.0	0.0	0.0	-0.608	-0.001	0.0	-0.034	0.0	0.0	0.0	0.0	-0.227	0.0	-0.204	-0.259	0.0	-0.138	0.0	-0.461	0.0	-0.085	-0.491	0.472	0.0	0.0	0.0	0.0	0.167	-0.459	0.235	-0.339	0.217	0.0	0.269	0.0	0.0	0.0	0.029	0.0	0.0	0.059	0.0	0.0	0.0	-0.399	0.515	-0.362	-0.336	0.0	0.715	0.0	-0.109	0.0	0.0	0.0	0.0
taxongroup_comment	Bon7c8f_5_animals-11	0.032	-0.133	-0.443	-0.302	-0.719	-0.608	0.0	-0.651	-0.14	0.18	-0.109	-1.286	0.09	0.0	0.144	-0.474	-0.562	-0.019	0.25	-0.549	-0.107	-0.361	-0.389	-0.295	-1.036	0.0	0.021	-0.67	-0.402	0.0	-0.978	1.191	-2.098	-0.164	-1.486	-0.039	-0.165	-0.645	-1.014	-0.439	0.0	-0.994	-0.727	-1.396	0.533	0.707	-2.141	-0.612	-0.82	-1.29	0.439	-1.083	-2.124	0.274	0.0	-0.643	-1.067	0.0	-0.356	0.213	-0.232	-0.518	-0.182	0.0	0.0	0.0	-0.056	-0.973	0.684	-0.134	-0.805	-0.999	0.201	-1.096	0.0	-0.347	0.0	-0.064	-0.642	0.0	0.449	0.222	0.0	0.042	0.536	-0.061	-0.058	0.622	0.0	-0.342
taxongroup_comment	Bon-fbc3_78_animal-17	0.261	-1.151	0.041	0.005	-0.108	-0.455	-0.894	-1.632	0.0	-0.456	0.0	0.0	0.0	-1.192	-0.491	-0.714	0.0	-1.415	0.0	0.0	-0.499	0.109	0.0	0.0	-0.134	-0.683	-0.525	0.0	-0.433	-0.312	-0.403	-0.254	-0.924	-1.517	0.0	0.0	0.0	-0.243	0.392	0.021	0.298	0.0	-0.694	0.0	-0.165	-0.163	-0.514	0.0	-0.259	0.0	0.388	0.339	-0.248	-0.376	0.329	0.0	-0.519	0.045	0.156	-0.353	0.715	-0.522	-0.948	0.0	0.0	0.0	0.0	-0.609	-0.057	0.203	-0.006	-0.001	-0.516	0.0	-0.046	-0.271	0.0	-0.061	-0.293	-0.347	0.0	0.0	0.0	-0.318	0.225	0.37	0.0	-0.787	0.21	0.022
taxongroup_comment	Bon-fbc3_127_animal-32	0.638	0.0	0.0	0.0	0.0	-0.605	-0.176	0.0	0.489	0.0	0.308	-0.523	-0.061	0.0	0.0	0.0	0.0	0.0	0.0	0.0	0.0	-0.281	-0.479	-0.577	0.765	0.163	0.184	0.0	0.0	-0.118	0.105	0.0	0.373	0.0	0.0	0.0	0.0	-0.051	0.0	-0.014	-0.012	-0.062	0.0	-0.068	0.0	0.0	0.0	0.09	-0.061	-0.204	-0.174	0.0	0.0	0.136	-0.297	0.0	0.694	-0.901	0.0	0.0	0.0	-0.236	-0.423	0.082	0.0	0.0	0.0	-0.405	-0.78	0.0	0.0	0.439	0.0	0.0	0.0	-0.663	0.0	-0.006	-0.608	0.0	-0.163	0.014	0.0	0.0	0.255	0.0	0.0	0.0	0.0	0.0
taxongroup_comment	Bon-fbc3_103_animal-4	-0.089	-1.317	0.227	0.0	-0.897	0.0	-0.341	-0.325	0.0	-0.634	0.0	-0.04	-0.76	-0.771	-1.49	0.0	0.32	-0.374	-0.551	0.0	0.0	-0.41	0.024	0.552	-0.301	-0.079	-0.726	-0.652	0.0	0.0	-0.642	-0.339	-0.287	-0.495	0.0	0.0	0.0	-0.378	-0.983	-0.03	0.125	0.0	-0.045	-0.488	-0.67	0.508	-0.572	-0.3	0.0	0.082	0.225	-0.722	-0.192	0.0	-1.178	-0.179	0.0	0.182	0.0	-0.049	-0.25	0.0	0.363	-0.314	0.0	-0.306	-0.113	-0.326	-0.626	0.103	-0.798	-0.503	-0.508	0.278	0.546	-0.151	-0.344	-0.473	0.0	0.338	0.0	-0.532	0.0	-0.19	-0.006	0.0	0.0	0.0	-0.284	0.293
taxongroup_comment	Bon-fbc3_15_Bovidae-20	-0.039	-0.148	0.443	-0.643	0.421	-0.485	0.0	-0.111	0.052	-0.016	-0.347	-0.254	0.238	-0.534	0.745	0.0	0.0	-0.492	-0.494	-0.302	0.352	0.0	0.0	-0.29	-0.548	0.0	0.298	0.0	-0.225	-0.061	0.0	-0.105	0.0	-0.796	0.0	0.018	-0.309	0.281	0.581	0.0	0.568	0.0	0.0	-0.551	-0.471	0.272	0.0	-0.337	-0.295	-0.63	-0.266	-0.643	-0.05	0.0	0.736	-0.162	-0.811	0.0	-0.304	0.0	-0.291	0.0	-0.348	-0.406	-0.259	-0.43	0.0	-1.581	-0.486	0.0	-0.133	-0.428	-0.598	-0.276	0.0	0.083	0.0	0.0	0.0	0.0	0.0	0.177	0.37	-0.457	-1.02	0.0	0.0	-0.352	-0.44	0.198
taxongroup_comment	Bon-fbc3_160_mammals-18	-0.717	0.0	0.393	0.0	-1.126	1.29	0.225	-0.566	0.045	-0.392	0.147	0.551	-0.089	-0.531	-0.123	0.0	-1.245	-0.497	0.352	0.319	-0.328	0.0	-0.392	-0.874	0.0	-0.293	-0.558	-0.507	-0.441	0.015	-1.1	0.564	-0.883	-0.812	-0.797	-0.463	-0.115	-0.523	0.0	-1.494	-0.26	-0.005	0.856	-0.456	-1.155	-0.676	-1.898	0.007	-0.661	-0.045	-0.205	-0.794	-0.05	0.0	-0.653	-0.22	1.081	0.479	-0.096	-1.37	-0.283	0.0	-1.428	-0.551	0.27	-0.346	-0.694	-0.548	-0.691	-1.031	-0.48	-1.527	-0.105	-0.053	-0.652	0.464	-0.195	-0.109	-0.212	-0.41	0.229	0.0	-0.648	-0.156	0.0	1.411	-0.685	0.716	-0.538	-0.312
taxongroup_comment	Bov-d455_139_animals-31	-0.778	0.211	0.515	-0.891	-0.107	0.0	-0.338	-0.491	0.271	-0.507	-0.824	-0.625	0.048	-0.093	-0.074	0.0	-0.589	-0.426	-0.007	0.0	-0.361	0.225	0.0	0.126	-0.409	0.0	-0.503	0.114	-0.036	-0.531	-1.991	0.0	-0.09	0.032	-0.026	0.0	0.0	-0.111	0.0	0.322	0.096	0.0	-0.289	0.0	-0.787	0.0	0.125	0.0	-0.519	-0.153	0.325	-1.138	-0.534	-0.786	0.0	-1.667	0.052	-0.192	-0.534	-0.948	-0.797	0.103	-0.047	0.0	0.121	-0.339	0.0	-0.514	-0.138	0.0	-0.256	-0.372	-1.385	0.0	0.0	-0.328	0.362	0.0	-0.324	-0.576	0.0	-0.006	-0.331	-1.024	-0.173	-0.315	0.0	0.0	0.0	0.059
taxongroup_comment	Bov-d455_52_animals-28	0.0	0.0	0.186	0.045	0.0	0.0	-1.497	-0.291	0.0	0.0	0.158	-0.247	-0.025	-0.037	0.0	-0.765	-0.081	-1.468	-0.358	0.066	-1.38	-0.055	-0.726	-0.428	-0.076	0.259	-0.006	-0.308	-0.198	0.016	-1.566	0.196	-0.684	-0.302	0.052	0.0	-0.608	0.186	-0.551	-0.896	-0.663	0.071	-0.426	-2.091	-0.878	0.033	0.091	0.0	0.0	-0.694	-0.418	-1.569	-1.067	0.0	-0.328	0.0	-0.313	0.0	-0.715	0.782	-0.285	-0.365	-0.278	0.566	-0.451	0.0	-0.689	0.152	0.0	-0.551	0.0	-0.871	-0.819	0.0	0.3	0.047	0.102	-0.357	-0.073	-0.741	-0.254	0.0	-0.575	-0.658	-0.109	-0.251	-0.164	0.0	-0.514	0.308
taxongroup_comment	Dee-529a_81_artiodactyla-9	0.0	0.0	0.393	0.0	-0.852	0.0	-0.179	0.0	-0.213	-0.491	-0.198	0.0	0.0	0.517	0.0	0.0	0.0	0.0	0.321	0.0	0.0	-0.38	0.0	-0.028	-0.296	0.0	0.0	0.0	0.0	0.0	0.0	-0.755	-0.523	0.127	-0.523	0.0	-0.311	-0.802	0.0	-0.262	0.0	0.0	0.634	0.0	-0.051	0.0	0.0	0.02	0.0	0.023	0.234	-0.353	-0.93	-0.103	-0.551	-1.214	0.0	0.0	-0.564	0.0	-0.59	0.0	0.0	0.14	0.308	-0.697	-0.061	0.0	0.25	0.0	-0.313	-0.542	-0.462	0.0	0.368	-0.018	0.0	0.0	0.0	0.332	0.0	0.063	-1.264	0.0	-0.065	0.0	0.0	0.0	0.0	0.0
taxongroup_comment	Gir-cc25_2_mammals-9	-0.396	0.0	0.393	0.0	-0.632	-0.301	0.0	-0.363	-0.183	-0.368	0.0	-0.488	0.0	0.433	0.0	-0.37	-0.595	-0.491	0.114	-0.078	0.0	0.0	0.482	-0.449	0.0	0.0	-0.467	-1.525	0.397	-0.112	-0.75	0.0	-0.564	-0.077	-1.001	0.0	-0.032	0.134	-0.477	0.0	-0.887	-0.005	-0.091	-1.076	-0.094	0.0	-0.177	0.0	0.114	-0.152	-0.072	-0.713	0.0	0.0	-0.294	-0.951	-0.435	-0.276	-0.702	-0.486	0.177	-0.422	0.0	0.0	-0.321	-0.574	-0.342	0.213	-0.5	0.506	0.258	-0.548	0.0	-0.532	-0.233	-0.64	0.0	0.536	0.0	-0.633	0.194	0.0	-0.105	-0.583	0.15	0.0	0.345	0.0	-0.48	-0.312
taxongroup_comment	Smi-7190_286_animals-11	0.0	0.0	-0.343	0.0	0.415	-0.729	0.038	0.0	0.498	0.0	0.0	0.0	0.0	0.0	0.066	-0.57	-0.3	0.0	0.156	0.46	-1.032	0.0	0.0	0.0	0.0	-1.291	-0.801	-0.429	0.0	0.0	-0.14	0.0	-0.046	0.0	-0.38	0.0	-0.352	-0.344	0.413	-0.695	0.0	0.0	0.06	0.0	0.357	-0.006	-0.113	-0.388	0.037	-0.681	-0.74	-0.569	0.0	0.0	-0.615	-0.548	0.0	0.0	-1.113	-0.385	0.0	0.092	-0.315	0.0	0.0	-0.516	-0.527	0.052	0.188	0.352	0.0	0.0	-0.444	-0.321	-0.495	-0.444	0.078	-0.173	0.28	-0.153	-0.347	0.0	-1.046	0.241	0.0	0.0	-0.15	0.0	0.0	-0.261
taxongroup_comment	Hom-cefb_11_animals-16	-1.038	-1.312	0.397	-0.658	-0.633	0.0	0.536	0.0	0.25	-0.075	-0.166	-1.294	-0.044	-0.101	-0.327	0.296	-0.446	-0.374	-0.183	-0.306	0.0	0.0	-0.126	0.632	0.159	0.0	0.112	-0.75	0.0	-1.004	-0.162	-0.156	-0.389	-0.443	-0.006	0.0	0.0	-0.933	-0.029	-0.155	0.0	0.0	0.368	-0.346	-0.593	0.173	-0.569	-0.984	-0.894	-0.609	0.644	-0.804	-0.143	0.0	-0.694	-0.264	0.053	0.066	-0.481	-0.2	-0.667	-0.301	0.244	0.0	0.136	-0.469	-0.113	-1.213	-0.185	-0.067	-0.851	-0.926	0.0	0.0	0.178	-0.221	-0.409	-0.375	-0.236	-0.622	0.0	-0.883	-0.213	-0.19	-0.3	0.0	-0.131	0.433	-0.093	0.638
taxongroup_comment	Ele-f6cf_525_animals-8	0.0	0.0	0.0	-0.405	0.0	0.0	0.359	-1.098	0.0	0.0	-0.102	-0.296	0.0	-0.98	0.034	-0.217	0.0	0.0	1.69	-0.487	-0.036	0.0	-0.328	0.0	0.446	-0.494	-0.968	-0.436	0.0	0.0	-0.335	0.0	0.0	-0.061	-0.489	0.0	0.251	0.38	-0.449	0.104	0.298	-0.608	-0.558	-0.177	0.11	0.0	-0.333	-0.643	0.0	-0.201	-1.413	0.0	-0.05	0.0	0.0	-0.377	0.0	-0.555	-0.979	0.0	-0.392	0.497	0.016	0.0	0.0	0.0	0.334	-0.418	-0.38	-0.006	0.0	0.0	-0.253	-1.114	0.0	0.112	0.0	-0.204	-0.122	-0.061	0.0	0.0	0.0	-0.41	0.0	0.0	-0.211	0.0	-0.006	0.193
taxongroup_comment	Cap93c5_1_animals-9	0.147	-0.315	0.393	-0.015	-1.306	0.0	-0.372	-0.067	0.042	-0.382	0.0	0.0	0.0	0.755	0.004	0.0	0.0	0.469	0.027	0.0	0.0	-0.12	0.0	-0.41	0.0	0.0	0.0	0.0	0.0	0.0	0.174	0.0	-0.414	0.261	0.0	-0.287	-0.429	0.0	0.0	-0.024	-0.655	0.0	0.0	-0.704	-0.094	0.0	0.0	-0.117	0.0	-0.117	-0.208	-0.36	0.0	-0.025	-0.921	-0.88	-0.223	0.0	-0.843	0.0	0.087	0.123	-0.195	0.0	0.338	-0.534	0.103	0.0	0.399	0.0	0.0	-0.868	-0.307	-0.029	-0.038	-0.687	0.0	0.0	0.0	0.0	0.0	0.0	-0.273	-0.116	-0.868	0.183	0.063	-0.477	0.0	0.106
taxongroup_comment	Cat-605b_23_animal-27	0.386	0.0	0.279	-0.1	-0.017	0.114	0.0	-0.551	-0.49	0.0	-0.051	0.357	-0.333	0.0	0.0	0.0	-0.399	0.336	-0.416	-0.281	-1.07	-1.119	0.0	-0.136	-1.309	-0.219	0.0	-0.016	-0.151	0.0	-0.658	0.0	0.0	0.03	-0.115	-0.033	-0.345	-0.334	-0.801	-0.28	-0.032	0.0	0.138	-0.133	-1.099	0.417	0.0	0.0	0.228	0.0	-0.059	-0.396	0.0	0.005	0.295	-0.573	-0.045	-0.204	-0.488	-0.613	0.127	0.0	-0.635	-0.859	-0.469	-0.649	0.222	-0.564	0.133	0.0	0.0	0.533	-0.881	-0.321	0.0	0.0	-0.299	0.22	0.0	-0.218	0.012	1.208	0.0	0.238	-0.539	0.118	0.0	0.0	-0.492	-0.441
taxongroup_comment	Wat-9861_259_animal-17	-0.996	0.321	-1.625	0.0	0.0	-0.63	-0.417	-0.051	-0.046	-0.456	0.0	-0.394	0.239	-0.392	-0.375	-0.051	0.255	0.308	0.061	0.393	0.485	-1.001	-1.593	-0.888	-0.423	-0.099	-1.564	-0.542	-0.621	-0.31	-0.615	-0.061	-0.312	-0.686	-0.551	0.0	-0.045	0.0	-0.298	0.0	-0.491	0.0	-0.056	-0.708	0.481	0.629	-0.839	-0.767	0.759	-0.531	-0.747	-0.347	-0.077	-0.721	-0.492	-0.501	-0.103	0.0	-0.384	-0.276	-0.528	-0.193	-0.198	0.0	0.0	0.0	-0.694	0.165	0.0	0.488	0.214	0.308	-0.278	0.0	0.0	0.0	0.138	0.244	-0.406	0.0	-0.427	0.175	-0.392	-0.775	0.236	-0.479	0.0	0.0	0.0	-0.142
taxongroup_comment	Wat91ee_3_animals-7	-0.133	0.0	0.0	-0.051	0.0	-0.485	-0.353	0.0	-0.146	0.0	-0.7	-0.213	0.124	0.0	-0.018	-0.135	0.0	0.118	0.0	0.0	0.0	-0.467	0.0	0.022	0.0	0.0	-0.156	-0.465	0.0	-0.046	-0.815	0.0	-0.397	-0.202	0.0	-0.57	0.0	0.0	-0.542	0.0	0.0	0.377	0.0	0.0	0.0	-0.05	-0.381	0.0	-0.086	0.015	0.102	-0.529	0.0	-0.662	0.0	-0.166	-0.025	0.0	0.0	0.559	-0.61	0.338	0.012	0.014	-0.55	0.0	0.0	0.0	0.0	0.0	0.0	-1.25	0.0	-0.79	0.0	0.011	0.0	-0.222	0.351	-0.756	0.784	0.0	0.0	0.084	0.0	0.294	0.0	0.0	0.0	0.0
taxongroup_comment	Wat-9861_259_animal-25	-0.552	0.0	-0.806	-0.374	0.0	0.243	-0.417	0.309	-0.706	0.003	0.0	0.0	-0.41	-0.392	-0.638	-0.069	-0.86	-0.697	0.244	-0.058	-0.061	-0.608	-1.068	0.0	0.045	-0.23	-0.544	0.0	-0.133	-0.394	-0.564	-0.16	-0.582	0.0	0.0	0.0	0.0	0.0	0.0	0.0	-0.207	-0.501	0.0	-0.604	-0.476	0.775	0.0	-0.04	-0.651	-0.051	-0.365	0.0	-0.548	-0.022	-0.563	-1.014	-0.393	0.0	0.0	-0.485	0.0	0.0	-0.625	0.0	-0.305	-0.051	0.0	0.262	0.0	-0.247	0.0	0.308	0.0	0.061	-0.006	0.0	0.0	0.0	0.063	-0.158	0.244	0.0	-0.178	-0.523	0.0	-0.109	0.0	0.0	0.0	0.0
taxongroup_comment	Afr-354e_15_animals-19	0.0	0.0	-0.061	-0.491	0.0	-0.356	0.0	-0.566	0.0	-0.122	0.0	0.0	-0.425	-0.534	0.0	0.0	-0.329	0.0	0.0	0.0	0.0	0.0	-0.643	0.0	-0.084	0.0	0.0	0.0	-0.887	0.0	0.0	0.0	0.0	-0.398	-0.259	0.0	0.0	0.0	0.0	0.153	0.298	0.0	0.392	0.0	0.419	0.0	-0.567	0.0	0.0	0.0	-0.224	0.206	-0.05	0.0	-0.302	-0.982	-1.263	0.0	0.0	-0.561	-0.129	0.0	0.0	-0.149	-0.158	0.0	0.0	0.373	-0.38	0.0	0.0	-0.11	0.0	0.0	0.0	0.102	0.0	-0.148	0.0	0.0	0.0	-0.234	0.0	-0.283	-0.133	0.0	0.0	0.0	-0.006	0.0
taxongroup_comment	Spo962a_13_animals-11	0.0	-0.293	0.0	-0.362	0.0	0.0	-0.128	-0.066	0.0	0.0	-0.195	-0.142	-0.204	0.0	-0.357	-1.335	0.0	-0.564	0.816	-0.538	-0.321	0.0	-0.278	0.045	0.0	-0.293	-0.327	-0.688	-0.336	-0.264	-2.773	0.0	-0.274	0.594	0.0	0.0	0.0	0.317	-0.031	0.4	0.0	0.0	0.517	-0.432	-0.302	0.442	-0.549	-0.166	0.02	-0.477	-0.245	-0.626	0.0	0.0	0.0	-0.57	-0.637	-0.748	-0.062	-0.703	0.0	-0.254	0.026	0.0	0.0	0.0	-0.658	0.0	0.0	-0.516	0.0	0.0	0.123	-1.019	0.0	-0.266	0.0	0.0	0.0	-0.37	-0.679	0.0	0.0	-0.386	0.0	0.0	0.0	0.0	0.0	-0.335
taxongroup_comment	Art-6267_79_Bovidae-2	-0.083	0.0	0.0	0.0	0.127	0.0	0.0	0.177	0.0	0.049	0.0	0.0	0.0	0.0	-0.026	0.0	-0.633	0.0	-1.378	0.0	-0.05	0.0	0.0	-0.353	-2.587	-0.265	0.0	-0.121	0.106	0.0	0.0	0.0	0.0	-0.239	0.201	0.0	0.003	0.036	0.381	0.0	-0.293	0.0	0.0	-0.006	0.0	0.0	0.469	0.0	0.0	0.538	-0.327	-0.342	-0.537	0.0	-0.037	0.0	-0.491	-0.497	-0.153	0.0	0.0	-0.351	0.0	-0.129	0.0	0.187	0.0	0.0	0.0	0.0	0.183	0.0	0.0	-0.105	0.0	0.0	0.0	0.0	0.0	0.0	0.0	-0.106	0.0	-1.454	-0.616	2.192	-0.624	0.0	0.0	0.0
taxongroup_comment	Bov-d455_162_bovids-2	0.352	0.0	0.0	0.0	-0.306	0.586	0.0	0.0	0.352	0.26	-0.086	0.0	0.0	0.0	-0.347	0.0	0.0	-0.261	0.067	-0.13	-0.554	0.0	0.0	0.0	0.0	-0.357	-0.48	-0.05	0.0	-0.347	-0.683	0.0	-0.06	0.0	0.0	0.0	0.351	0.086	-0.095	0.379	0.0	0.0	0.0	0.0	0.0	0.052	-0.59	0.0	0.0	0.0	0.328	-0.931	-0.52	-0.166	-0.198	-0.687	-0.699	-0.694	0.0	-0.586	0.0	0.0	0.464	0.0	0.0	0.0	-0.051	0.0	0.0	0.0	0.0	-0.801	0.0	0.0	-0.634	0.0	-0.049	0.0	0.0	0.0	-0.428	0.0	0.0	-0.204	0.0	0.0	0.0	-0.222	0.0	0.0
taxongroup_comment	Liz-2f75_9_mammals-25	0.0	0.469	0.418	0.0	-0.827	0.0	-0.284	0.176	0.27	0.0	0.0	-0.353	0.0	0.0	0.064	-0.607	0.106	-0.119	0.6	0.291	-1.178	0.0	0.0	-0.444	0.0	-0.834	-0.481	-0.324	-0.173	0.0	-0.461	0.0	0.0	0.0	0.0	0.0	0.0	0.435	-0.031	-0.543	0.0	0.0	0.094	-0.205	0.006	-0.287	-0.282	-0.522	-0.605	-0.237	-1.337	-0.542	0.0	-0.637	-0.762	-0.137	-0.292	0.158	-0.21	0.0	0.0	0.004	-0.265	0.0	-0.051	-0.618	-0.431	0.0	0.0	0.0	0.0	-0.027	-0.32	-0.383	0.0	-0.113	-0.236	0.0	-0.138	-0.469	0.0	0.0	-0.887	-0.238	0.0	0.0	0.044	0.0	0.0	-0.122
taxongroup_comment	Ind-c6bf_44_mammals-2	0.121	0.0	-0.542	0.0	0.0	0.185	0.794	0.0	0.0	-0.587	0.045	0.0	0.0	0.0	0.0	0.0	0.0	-0.07	0.0	0.393	0.0	-0.321	-1.334	0.0	-0.069	0.008	0.0	0.0	0.0	0.204	-0.223	-0.014	-0.305	-0.801	0.0	0.0	-0.078	0.0	0.331	0.0	0.011	0.0	0.0	-0.188	0.017	0.181	0.0	-0.07	0.0	0.0	0.0	0.0	0.0	-0.642	-0.787	0.0	-0.642	0.0	0.0	-0.49	0.0	-0.324	0.0	0.0	0.0	-0.454	0.0	-0.171	0.0	0.008	0.0	-0.072	0.0	0.0	-0.062	0.0	0.0	0.0	-0.148	0.0	0.145	0.0	0.0	0.0	0.0	-0.172	0.0	0.0	0.0	0.0
taxongroup_comment	Cro-0859_132_mammals-34	0.123	0.0	0.644	-0.302	-0.636	0.0	-0.82	0.0	0.382	-0.413	0.159	0.0	0.0	-0.529	-0.304	-0.274	-0.52	-0.374	-0.33	0.0	-0.85	0.0	-0.184	-0.233	-0.283	-0.791	0.0	-0.278	-0.287	0.0	-0.494	-0.537	-0.656	0.347	0.0	0.183	-0.113	0.221	-0.398	-0.41	0.064	0.0	0.0	-0.061	0.015	0.0	0.4	-0.392	-0.233	-0.702	-0.592	-0.481	0.0	-0.349	-0.67	-0.162	0.0	-0.989	-0.915	0.003	0.041	-0.392	-1.055	-0.135	-0.034	-0.675	-0.437	0.0	-0.888	-0.726	-0.523	-0.791	-0.134	-0.329	0.244	0.168	-0.504	0.0	0.0	0.433	0.0	0.0	0.388	-0.374	0.0	0.0	-0.581	0.0	0.0	0.0
taxongroup_comment	Spi-06e4_132_mammals-67	-0.378	0.0	-0.006	0.0	0.0	-0.473	-0.194	-1.34	-0.053	-0.792	-1.287	-0.181	0.0	-0.539	0.0	0.0	0.189	-0.863	0.0	-0.306	-0.454	0.0	-0.419	0.116	-0.33	-0.287	-0.786	-0.393	-0.11	0.148	0.277	0.314	-0.263	0.0	0.519	0.0	0.0	-0.579	0.0	-0.381	0.0	0.0	-0.607	0.0	-0.363	-0.585	-0.979	-0.36	-1.446	0.0	-0.17	-0.598	-0.642	-0.521	0.407	0.111	-0.372	0.005	-0.559	-0.546	-0.968	-0.213	-0.568	-0.061	-0.209	0.0	0.044	-1.478	-1.063	-0.585	-0.459	-1.047	0.0	-0.651	-0.515	0.372	-0.285	0.0	0.539	0.0	0.152	-0.016	-0.19	0.001	-0.217	0.0	-0.029	0.389	0.0	-0.046
taxongroup_comment	Ame-d5c4_22_mammal-15	-0.421	-0.112	0.826	-1.359	-0.957	0.0	-0.1	-0.566	-0.084	-0.826	0.0	0.0	-0.859	-0.302	0.625	0.0	-0.046	0.075	0.0	0.0	0.0	-0.48	0.0	-0.097	-0.016	0.0	0.0	0.0	-0.225	-0.542	-0.551	-0.195	0.031	-0.398	-0.303	0.083	0.156	-0.986	-0.412	0.0	0.298	-0.686	0.0	-0.194	-0.793	0.495	0.006	0.441	0.0	-0.257	-0.402	-0.663	-0.05	0.0	0.0	-0.268	0.0	0.0	-0.165	-0.615	0.0	0.0	-0.176	-0.301	-0.069	-0.063	0.005	-0.266	-0.785	0.0	0.0	-0.312	-0.198	0.0	-0.719	0.071	0.0	0.393	0.0	-0.24	0.0	-0.029	0.0	-0.212	0.784	-0.413	-0.025	0.546	-0.006	0.215
taxongroup_comment	Ame-d5c4_209_animals-9	0.0	-0.989	0.0	-0.697	-1.053	-0.092	-1.012	-1.26	0.045	0.643	0.1	-0.449	-1.121	0.0	0.443	0.074	-0.615	-0.171	-0.724	-0.253	-0.847	-0.061	0.0	-0.293	-0.309	-0.074	0.029	-0.487	0.0	0.0	-0.225	0.564	-0.519	0.0	-0.604	0.0	0.323	-1.149	0.221	-0.467	0.0	0.191	-0.399	0.146	-1.03	-0.378	-1.312	0.0	0.0	0.0	-0.117	-0.823	-1.56	0.0	0.134	0.426	-1.088	-1.249	-0.198	-0.696	0.522	-0.392	0.122	-1.099	-0.602	-0.469	0.0	-1.909	0.12	0.06	-0.006	-0.794	0.095	-0.355	0.0	-0.162	0.189	0.0	-0.53	0.168	0.0	0.052	0.0	-0.116	0.0	0.083	0.352	0.252	-0.805	0.0
taxongroup_comment	Bla-b48c_24_animals-6	-0.346	-0.709	0.443	0.0	-0.531	0.0	0.0	0.0	-0.721	-0.15	0.0	-0.869	0.0	-0.255	-1.122	0.0	0.0	-0.261	0.0	0.0	0.0	-0.229	0.068	0.171	0.212	0.352	0.0	-0.198	0.0	-0.653	-0.676	-0.542	-0.06	0.0	0.0	0.0	0.0	-0.144	0.0	0.271	0.0	-0.006	0.054	-0.493	-0.912	-0.249	0.407	-0.319	0.0	-0.309	-0.171	-0.952	-0.347	0.0	0.0	-0.162	0.0	0.09	0.0	0.233	-0.156	0.0	-0.231	-0.655	0.315	-0.469	-0.153	-0.147	-0.364	0.0	0.0	-0.428	0.0	-0.694	0.0	0.075	0.488	0.0	0.0	0.0	0.0	0.0	-0.157	-0.204	0.0	0.534	0.0	-0.09	-0.056	0.037
taxongroup_comment	Ant-7402_137_animals-6	0.0	-0.27	1.448	-0.314	-0.424	0.131	0.0	0.0	-0.271	-0.111	0.0	0.0	0.0	0.0	-0.021	0.0	0.0	-1.15	0.04	-0.068	-0.519	0.0	0.0	0.0	-0.896	-0.247	-0.585	-0.327	0.0	0.0	-0.86	-0.379	-0.163	-1.1	0.0	0.262	0.193	-0.101	-0.058	-0.219	0.0	0.0	0.0	0.152	-2.286	0.0	-0.737	0.0	-0.635	0.0	0.202	-1.176	-0.445	0.421	0.0	-0.599	-0.541	0.0	0.0	-0.631	1.296	0.242	-0.92	0.0	-1.005	0.0	-0.271	0.026	0.0	-0.635	0.963	-0.243	-0.432	0.0	-0.345	0.0	-0.071	0.042	0.0	0.0	-0.164	0.0	0.0	0.367	0.0	-0.225	-0.349	-0.985	0.0	0.0
taxongroup_comment	Pèr-9953_24_animal-116	-1.804	-0.601	0.085	-0.805	-0.957	-1.022	0.0	-0.096	-2.34	-0.838	-1.069	-1.136	0.256	-1.115	-2.188	-0.598	-2.033	-0.032	-0.573	-0.845	-1.578	-0.01	0.842	-0.838	0.689	-0.392	0.6	-0.342	-0.257	-0.14	-1.397	-0.587	0.621	-0.776	-0.103	-3.67	-0.357	0.0	-0.284	-0.032	0.323	-0.521	0.393	0.393	-1.122	-0.79	-3.328	-1.21	-0.458	0.0	-0.008	-0.195	-4.846	-0.174	-0.363	0.325	-2.217	0.0	-0.731	0.111	0.222	0.338	-1.298	-0.078	-1.058	-1.227	-1.161	-0.104	0.211	-1.398	-0.33	-0.271	0.079	-0.512	-0.749	0.041	0.0	0.0	-0.865	0.03	3.111	0.33	0.0	-0.895	-0.627	-0.032	0.0	0.093	0.083	-1.223
taxongroup_comment	Cat-605b_196_animal-15	0.466	0.0	0.068	0.0	-0.168	-0.152	0.0	0.0	0.0	0.157	0.0	0.0	0.0	-0.103	0.0	0.193	0.0	0.182	0.0	-0.121	0.0	-0.15	-0.342	0.0	0.191	0.045	-0.454	0.0	0.0	-0.297	0.0	-0.078	0.294	0.0	0.0	0.0	0.0	-0.237	-0.397	-0.088	-0.338	0.0	0.423	-0.192	0.0	0.0	0.0	0.037	-0.235	0.0	-0.336	0.0	0.0	-0.988	-0.334	0.0	0.095	-1.117	0.0	0.0	-0.596	-0.253	0.0	0.0	0.0	0.0	0.0	-0.569	0.0	0.0	0.0	0.144	0.0	0.158	0.0	0.0	0.0	0.0	0.0	0.0	-0.586	0.0	-0.396	0.0	0.0	0.0	0.0	0.0	0.0	0.0
taxongroup_comment	Com-4c8f_41_animal-47	-0.306	-1.142	-0.695	0.0	-0.566	0.581	-0.41	-1.351	-0.863	0.072	0.0	-0.285	-0.381	-0.392	0.0	-0.315	-0.643	-0.407	-0.032	0.361	-0.632	0.006	-1.047	0.0	0.219	0.0	-0.384	-1.817	-0.133	-0.227	-0.555	-0.405	-1.171	0.0	0.0	0.0	0.0	0.0	-3.938	0.0	-0.294	-0.344	-0.357	0.0	0.002	-0.161	0.0	-0.171	-0.259	-0.334	-0.839	0.0	-9.859	-0.575	-0.548	-1.491	-0.086	0.0	-0.207	-0.675	0.0	0.0	-0.801	0.0	0.183	-1.041	-0.522	-2.51	0.0	-0.339	0.768	-0.152	0.0	0.06	-1.502	0.0	0.0	0.0	-0.898	0.352	-0.241	-2.386	-0.219	1.446	0.0	-0.109	0.0	0.0	0.424	0.0
taxongroup_comment	Com-4c8f_41_animal-9	0.672	0.0	0.0	0.0	0.0	-0.674	-0.732	-0.643	0.05	0.0	0.338	-0.414	-0.569	0.0	0.0	0.0	0.0	-0.391	0.118	-0.216	0.0	-0.447	-0.716	-0.656	0.0	0.0	0.07	-0.429	0.0	-0.134	0.075	0.0	-0.017	-0.302	0.0	0.0	0.0	-0.094	0.0	-0.014	-0.342	-0.131	0.0	-0.738	0.0	0.0	0.392	0.09	0.103	-0.173	-0.344	0.0	0.0	0.184	0.002	0.0	0.025	-0.901	0.0	0.242	0.0	-0.495	-0.386	0.246	0.0	0.0	-0.491	0.0	-0.892	0.0	0.0	0.158	0.0	0.0	0.0	-0.621	0.0	-0.183	-0.862	0.0	-0.356	-0.23	0.0	0.0	0.082	0.0	0.0	0.0	0.0	0.0
taxongroup_comment	Mac-251e_316_animal-24	-0.694	0.0	-0.136	0.0	0.392	-0.443	0.0	-0.462	0.0	-0.551	0.0	-0.297	0.22	-0.206	0.179	0.0	0.0	-0.289	0.0	0.0	-0.278	-0.209	-0.309	-0.525	-0.298	-0.817	-0.396	-0.25	0.0	-1.593	-1.41	0.083	-0.375	-0.495	-0.194	0.0	0.0	0.443	0.432	-0.884	0.386	-0.396	0.138	-0.913	-0.255	0.046	-0.123	0.0	0.0	-0.109	-0.001	-1.494	-0.304	0.0	0.0	-0.096	-0.491	-0.208	-0.201	0.02	0.0	0.0	0.118	0.0	-0.162	0.0	-0.473	0.65	-0.239	0.0	0.0	0.225	0.115	0.0	0.0	0.567	0.0	-0.061	-0.194	0.0	0.0	0.0	0.0	-0.35	0.0	-0.893	-0.12	0.0	-0.529	-0.244
taxongroup_comment	Man-5a67_13_bovines-23	0.0	0.018	0.393	0.0	-1.188	0.0	-0.075	0.425	0.0	-0.37	0.0	0.0	0.0	0.263	0.0	0.0	0.0	0.0	0.0	0.0	0.357	-0.33	-0.426	0.0	0.0	0.0	0.0	0.0	0.0	0.0	-0.586	0.0	-0.241	0.225	0.0	0.0	-0.51	0.0	0.0	0.0	0.0	0.0	0.0	0.0	0.0	0.0	0.0	0.018	0.228	-0.07	0.0	0.378	0.0	0.0	0.0	-0.773	0.0	0.0	0.0	0.0	-0.315	0.0	0.0	0.0	-0.178	-0.305	0.0	-0.663	-0.553	0.0	0.0	-0.542	-0.216	0.0	0.0	-0.018	0.0	0.0	0.0	-0.019	0.0	0.0	-0.697	0.0	0.498	0.0	0.0	0.0	0.0	0.0
taxongroup_comment	Cat-605b_23_bovine-26	-0.088	0.0	0.451	0.0	0.351	0.0	-0.537	-0.378	0.0	-0.047	0.206	0.0	0.0	0.567	0.0	0.493	0.304	-0.612	0.829	-0.241	0.0	-0.443	-0.521	-0.059	-0.044	-0.059	0.0	0.0	1.09	-0.321	-0.201	0.14	-0.469	0.0	0.0	0.0	-0.575	0.0	0.0	-1.336	0.359	0.0	0.0	0.11	-0.134	-0.453	-0.399	-0.41	-0.55	0.0	-0.573	0.386	-0.033	-0.221	-0.28	0.0	-0.618	0.0	0.0	0.0	0.095	0.0	0.0	-0.638	-0.592	-0.596	0.0	0.0	-0.468	0.0	0.0	0.084	0.0	-0.189	0.0	0.0	-0.488	-0.366	-0.396	-0.061	-0.389	0.0	0.0	0.426	-0.016	0.0	-0.278	0.0	0.0	0.0
taxongroup_comment	Aur-c4ea_75_bovines-26	-0.009	0.116	0.393	0.0	-0.91	0.0	-1.0	0.472	0.0	-1.017	0.387	0.0	0.0	0.277	0.0	0.0	0.0	-0.315	0.0	0.0	0.152	-0.5	-0.66	0.0	0.0	0.0	0.072	0.0	0.0	-0.39	-1.746	-0.477	-0.201	0.225	0.0	0.0	0.325	-0.277	0.0	0.0	0.0	0.0	0.0	0.0	0.0	-0.283	-0.077	-0.131	-0.412	-0.555	1.029	-0.633	0.0	0.0	0.0	-0.64	0.0	0.0	0.0	-0.1	-0.315	0.0	0.16	-0.064	-0.362	-0.305	0.193	-0.605	-0.553	0.0	-0.279	-0.542	-0.593	0.0	0.0	-0.018	0.0	0.0	0.0	0.088	0.0	0.0	-0.642	-0.156	-0.53	0.0	0.0	0.0	0.0	0.0
taxongroup_comment	Tenba9e_6_mammals-7	-0.337	-0.038	0.393	0.0	-1.052	-0.349	0.0	0.0	-0.528	-0.344	-0.278	0.0	0.0	0.431	0.499	0.0	-0.548	0.076	0.352	-0.776	-0.505	-0.166	-0.184	0.0	-0.18	0.271	0.06	0.0	0.225	0.0	0.0	-0.773	0.028	-0.716	-0.94	-0.67	0.339	-0.046	0.0	0.0	-0.02	0.556	0.65	0.123	-1.14	0.0	-0.235	0.0	-0.025	-0.07	-0.477	0.016	-0.474	0.0	-1.105	-0.433	0.0	-0.086	-0.672	0.0	-0.25	0.0	0.0	0.262	0.277	-1.021	-0.336	-0.569	0.057	0.0	0.387	-0.548	-0.265	0.0	-0.147	-0.694	-0.526	0.045	0.0	-0.289	-0.474	0.0	-0.105	0.0	0.0	0.0	0.0	0.0	-0.48	0.038
taxongroup_comment	Art-6267_113_mammals-18	0.0	-0.939	0.332	0.287	-0.01	0.564	-0.392	-0.39	0.0	0.136	-0.173	0.369	0.0	0.0	-0.275	0.0	-0.742	-0.212	0.0	-0.569	-0.253	-0.063	0.139	-0.19	-0.665	-0.363	-0.25	-0.737	0.0	-0.403	0.0	0.0	-0.344	0.0	0.516	0.0	0.202	-0.058	0.0	0.0	0.0	0.0	-0.3	-0.467	-0.568	0.0	0.0	0.0	0.0	-0.289	-0.037	0.0	0.0	-0.669	-0.431	-0.15	-0.341	0.0	0.0	0.0	0.0	0.0	0.106	0.0	0.0	-0.717	0.0	-0.358	-0.178	0.0	-0.143	-0.378	-0.429	-0.333	0.0	-0.505	0.0	0.0	0.0	-0.683	-0.088	0.0	0.0	0.0	-0.508	-0.002	0.0	0.0	-0.158	0.386
taxongroup_comment	Art-6267_113_mammals-26	-0.864	0.119	0.443	0.364	0.088	-0.485	0.483	-0.129	0.125	0.02	0.139	-0.625	0.0	-0.563	0.302	0.392	-1.456	-0.378	0.0	-0.431	-0.13	0.0	-0.472	-0.379	-0.698	-1.139	0.323	-0.198	-0.529	-0.716	-0.787	0.314	-0.126	-0.704	0.046	0.0	0.342	-0.617	-0.378	-0.548	0.0	-0.006	-0.042	-0.65	-1.034	-0.696	-0.145	-0.302	-0.089	-0.314	0.42	-0.717	-0.347	0.0	-0.174	-0.519	-0.651	-0.112	-1.264	-0.319	-0.149	-0.061	-0.041	-0.203	0.0	-0.721	0.0	-1.152	-0.668	0.188	0.0	-1.103	0.028	-1.304	-0.396	-0.408	-1.464	-0.259	-0.653	0.0	0.0	0.0	-0.199	-0.087	-1.062	0.0	0.191	0.746	0.37	0.191
taxongroup_comment	Afr-7494_7_mammal-5	0.0	0.0	-0.578	0.0	0.069	0.0	0.0	-0.555	0.0	0.0	0.0	0.0	-0.714	-0.649	-0.764	0.0	0.0	-0.036	0.0	0.022	0.0	0.0	-0.192	0.0	-0.551	0.0	-0.403	0.0	-0.382	-0.07	-0.915	0.0	0.657	-0.707	0.052	-1.076	0.0	0.0	-0.046	-0.564	0.353	0.0	0.0	-0.231	-0.124	0.352	0.202	-0.039	0.0	-0.694	0.328	-0.314	-1.01	0.0	0.0	-0.275	0.0	0.0	-0.198	0.475	-0.243	-0.254	0.0	-0.032	0.617	-0.132	-0.186	-0.522	-0.534	0.0	0.707	0.0	0.037	0.0	0.0	-0.347	0.0	0.0	-0.106	0.0	0.0	0.0	0.0	0.393	0.0	-0.219	0.0	0.0	-0.192	0.0
taxongroup_comment	Sir-1b7d_2_mammals-23	0.032	-0.405	0.169	0.0	-0.725	-0.251	-0.148	-0.343	0.0	-0.476	-0.621	0.135	0.0	0.0	0.122	-0.329	0.099	-0.384	-0.158	0.147	-0.454	-0.288	-0.34	-0.728	-0.094	0.0	-0.305	-1.207	-0.562	0.029	-0.743	0.0	0.347	-0.48	-0.764	0.199	-0.867	0.225	-0.477	-0.499	-2.159	-0.163	0.013	0.0	0.286	-0.238	-0.386	0.0	-0.557	-0.795	1.347	-0.679	-0.006	-0.414	-0.692	0.118	-0.054	0.327	-0.188	-3.014	-0.015	0.0	-0.022	-1.083	0.146	0.0	-0.063	-0.523	-0.262	-0.061	-0.651	-0.939	0.0	-0.391	-0.473	0.0	-0.051	0.0	0.0	-0.198	0.346	0.0	0.15	-0.643	0.0	-0.551	0.0	0.052	0.0	0.0
taxongroup_comment	Orn-efbf_5_mammals-29	-0.731	0.0	0.393	0.265	-1.635	0.0	0.41	-0.336	-0.053	-0.37	0.14	0.0	0.0	0.032	0.0	0.0	0.0	-0.357	0.508	-0.306	0.0	-0.061	0.0	-0.712	0.0	0.0	0.22	0.0	0.0	0.0	-0.595	0.314	-0.188	0.225	0.0	0.0	0.069	0.103	0.0	0.049	0.0	0.0	0.0	0.0	0.0	0.0	-0.14	0.0	0.0	-0.25	0.213	-0.562	-0.551	0.0	0.0	-0.885	-0.396	0.005	0.331	-0.372	-0.432	-0.392	0.0	0.0	0.0	-0.305	0.0	-0.831	-0.547	-0.877	-0.006	-0.731	-0.12	-0.523	-0.239	-0.018	0.0	0.0	-0.236	0.0	0.0	0.0	-0.477	-0.164	-0.3	0.0	-0.029	1.214	-0.657	0.0
taxongroup_comment	Com-4c8f_41_mammals-61	0.027	-0.112	-1.231	-0.124	-0.606	-0.346	0.0	0.0	-0.225	-0.044	0.0	0.0	-0.133	0.0	0.02	-0.901	0.0	-0.646	0.0	-1.086	-0.578	0.0	-0.262	-0.954	-0.223	0.0	0.105	-0.564	-0.546	0.0	-2.277	-0.006	0.078	-0.368	-0.405	0.073	0.0	-0.227	-0.961	0.274	-0.526	0.0	-0.053	-0.201	-0.216	-0.024	-0.521	-0.441	0.0	0.317	-1.275	-0.418	-0.625	-0.387	-0.109	-0.798	0.0	-0.089	0.0	-0.113	-0.603	-0.061	-1.393	-0.059	-0.657	-0.663	-0.672	-0.306	0.0	-0.616	0.0	-1.236	-0.084	-1.569	0.072	-0.224	-0.3	0.0	-1.662	-0.118	0.0	0.651	0.0	-0.526	-0.207	-0.188	0.0	0.0	0.142	0.0
taxongroup_comment	Dug-bf37_20_mammals-10	-0.167	-0.119	0.393	0.0	-0.417	-0.934	-0.075	1.085	-0.006	-0.802	-0.071	0.0	0.0	0.008	-0.474	-0.424	-0.299	-0.463	-0.13	-0.027	0.0	-0.33	0.157	0.486	-0.66	0.15	-0.561	-0.979	-0.396	-0.826	-1.57	0.0	-0.662	0.029	-0.456	0.695	-0.417	-0.179	-0.675	0.0	-1.674	0.0	0.205	0.0	-0.603	0.0	0.471	0.0	0.0	-0.2	0.011	-0.488	-0.378	0.0	-0.499	-0.694	0.0	-0.211	0.281	0.375	-0.015	0.0	0.0	-1.808	-0.265	-0.59	-0.061	-0.198	-0.492	0.219	-0.162	-0.033	-0.288	0.0	0.0	-0.018	-0.64	-0.093	-0.328	-0.019	0.211	0.0	-0.052	-0.254	0.0	-0.254	0.0	0.0	-0.347	0.0
taxongroup_comment	Man-5a67_2_mammals-19	0.0	0.0	0.345	0.381	-0.59	0.0	0.0	0.0	0.0	0.0	0.0	-0.007	0.134	0.0	0.111	-0.66	-0.617	-1.676	-0.29	0.0	0.0	0.13	-0.533	-1.142	0.567	0.325	-0.248	-0.029	0.0	0.058	-2.113	0.0	0.205	-0.137	-0.293	-0.45	-0.899	-0.698	-0.151	-0.164	-0.353	0.0	-0.19	0.0	-0.57	-2.663	0.061	0.367	-0.434	0.342	0.596	-0.922	-0.595	0.06	0.0	-1.206	0.188	0.0	-1.082	-0.008	-0.851	0.41	-0.129	0.0	-0.396	0.0	-0.348	-0.396	-0.117	-0.093	-0.163	-0.698	0.0	-0.194	0.005	-0.684	0.0	0.23	0.0	0.0	0.0	-0.251	0.0	-0.518	0.093	-0.057	0.0	-0.278	-0.391	0.0
taxongroup_comment	Rep-aa64_489_vertebrates-21	0.0	0.0	0.748	0.0	-0.793	0.0	0.0	-0.015	-0.34	-0.104	-0.377	0.0	0.0	-0.028	0.0	0.0	0.0	0.301	0.179	0.0	0.0	0.0	0.0	-0.742	-0.161	0.0	0.22	0.0	-0.417	-0.445	-0.327	0.089	-0.568	0.606	0.0	0.0	0.023	-0.71	0.0	0.017	0.0	0.0	0.0	0.0	-0.638	0.121	-0.647	0.0	0.0	-0.557	0.308	0.188	0.0	-0.323	-0.117	-0.877	-1.655	0.0	-0.676	0.0	-0.586	-0.424	0.0	0.0	0.308	-0.697	-0.061	-1.162	-0.377	-0.13	0.0	-0.834	0.0	-0.052	0.253	-0.018	0.0	0.0	-0.127	0.0	0.0	0.274	-0.349	0.0	-0.608	0.0	0.0	0.567	0.0	0.0
taxongroup_comment	Kor-3a14_2_Damaliscus-4	0.0	0.0	0.0	0.0	0.0	0.0	0.0	0.0	0.0	0.0	0.0	0.0	0.0	0.0	0.0	0.0	-0.235	0.0	0.565	0.0	0.0	-0.192	-0.488	-0.354	0.565	0.0	0.0	0.0	-0.235	-0.151	0.0	0.0	0.0	0.0	0.0	0.0	0.0	0.0	-0.235	0.0	0.229	0.0	-0.393	0.0	0.0	0.0	0.0	0.0	0.0	0.0	0.0	0.0	0.0	0.0	-0.056	-0.354	0.183	0.0	-0.235	0.0	0.0	0.0	0.0	0.0	0.0	0.0	0.0	0.504	0.0	0.0	0.504	-0.411	-0.14	0.0	0.0	0.0	0.0	0.0	0.0	0.0	0.391	0.0	-0.129	0.0	0.0	0.0	0.0	0.0	0.0	0.0
taxongroup_comment	Mar-3955_130_animal-6	-0.007	0.0	0.0	0.0	0.0	-0.059	0.0	-1.02	0.116	0.0	0.0	-0.637	0.0	-0.534	-0.03	0.0	0.0	-0.061	0.0	-0.006	0.0	0.0	0.0	-0.054	-0.459	0.0	-0.508	0.0	-0.198	0.0	-0.066	0.393	-0.049	-0.398	0.052	-0.393	0.0	0.0	-0.046	-0.071	0.298	0.0	0.0	0.0	0.0	0.352	-0.638	-0.275	0.0	-0.694	0.82	0.111	-0.648	0.0	0.0	0.0	0.027	0.0	0.0	0.292	-0.038	-0.69	0.0	0.0	0.0	0.0	0.0	-0.625	-0.38	-0.206	0.0	-0.542	-0.09	0.0	0.0	-0.347	0.0	0.0	-0.223	0.0	0.0	0.0	0.0	0.021	0.0	0.0	0.0	0.733	-0.006	0.0
taxongroup_comment	Mar-3955_4_animal-6	-0.007	-0.038	0.0	0.0	-0.219	-0.429	0.0	-0.998	0.116	-0.039	-0.804	-1.363	0.0	-0.534	-0.178	0.0	-0.843	-0.061	-0.127	-0.222	0.0	0.0	1.12	-0.313	-0.17	-0.081	-0.514	0.0	-0.845	0.0	-0.066	0.393	-0.293	-0.762	-0.543	-0.944	-0.348	-0.805	-0.046	-0.071	-0.094	-0.927	-1.939	-1.867	0.0	0.352	-0.638	-0.326	-0.028	-0.694	0.21	0.111	-0.648	0.0	-0.163	0.0	0.027	0.0	-0.89	-0.566	-0.038	-0.69	0.0	0.0	0.0	0.042	0.465	-1.143	0.543	0.102	0.608	-0.542	-0.667	0.0	-0.62	-0.705	-0.631	-0.445	-0.223	-0.62	-0.51	-0.245	0.0	0.021	0.683	0.0	0.0	0.733	-0.557	0.0
taxongroup_comment	Cap-9b25_2_Capra-1	0.0	0.0	0.24	-0.41	0.0	-1.452	-0.018	0.0	0.352	0.05	0.0	0.0	0.0	-0.332	-0.006	-0.006	0.0	0.235	-0.061	0.275	0.0	0.0	-0.392	0.0	-0.07	-0.841	0.0	0.228	0.0	-0.208	-0.006	0.0	0.0	-0.251	-0.239	0.0	0.0	0.0	0.0	-0.1	0.0	0.0	0.0	0.0	0.0	0.052	-0.611	0.0	-0.223	-0.305	-0.05	-0.386	0.0	0.0	-0.198	0.116	0.444	0.0	0.022	-0.368	-0.186	0.538	-0.149	0.0	0.0	0.0	-0.421	0.0	-0.276	0.0	0.0	-1.103	0.0	0.0	-0.046	0.0	0.393	0.0	0.0	-0.523	-0.396	0.0	0.0	-1.267	0.0	-0.625	-0.054	-0.515	-0.392	0.0
taxongroup_comment	Mar-3955_2_Capra-11	-0.205	0.0	-0.428	0.0	-0.719	0.037	-0.725	-0.474	0.0	-0.708	-0.694	0.0	-0.473	0.715	0.0	0.0	0.0	0.068	0.046	0.443	0.0	-0.201	-0.695	0.0	0.542	0.083	-0.006	0.022	-0.977	-0.287	-0.498	0.0	-0.971	-0.05	0.0	0.0	0.0	0.0	0.581	0.0	1.013	0.734	0.0	-0.59	0.117	0.18	0.0	-0.522	-0.228	0.352	-0.322	0.0	-0.565	-0.615	-0.354	-0.414	-0.391	0.0	-0.514	-0.687	0.0	0.0	-0.347	-0.085	-0.156	-0.518	0.0	-0.481	-0.069	-0.09	0.0	-0.908	0.0	0.0	-0.151	0.0	0.0	0.0	-0.134	-1.368	0.106	-0.076	0.0	0.633	0.0	0.0	0.079	0.0	-0.038	0.0
taxongroup_comment	Mar-3955_75_Capra-5	0.079	0.0	-0.518	0.0	-0.663	0.0	0.0	-0.181	-0.319	0.493	-0.228	0.0	0.0	0.0	-0.473	0.0	0.288	0.0	0.0	0.0	-0.263	0.0	-0.724	-0.591	-0.417	0.067	0.0	0.417	0.0	0.715	-0.576	-0.529	0.0	0.0	0.518	-0.422	0.0	0.0	0.0	-0.457	0.0	0.0	0.0	-0.705	0.0	-0.427	0.0	0.0	0.0	0.026	0.0	0.0	0.0	-0.901	-0.261	0.0	-0.24	0.0	-0.498	0.0	-0.459	-0.347	-0.235	-0.833	0.0	-0.448	0.0	0.0	0.0	0.0	0.0	-0.151	0.0	0.287	-0.41	0.112	-0.077	0.0	-0.043	-0.466	-0.275	0.0	0.0	-0.329	0.0	0.0	0.0	0.0	0.0	0.0
taxongroup_comment	Mar-3955_2_Capra-4	0.0	-0.695	0.04	0.0	0.0	0.0	0.299	0.0	-0.083	-0.183	-0.551	0.0	0.0	0.3	-0.514	-0.287	0.288	-0.006	0.0	0.0	-0.176	0.0	-2.049	-0.199	-0.051	-0.208	-0.965	0.0	0.0	0.715	0.246	-0.508	0.0	0.0	-0.279	0.0	-0.374	0.0	0.0	0.218	0.0	0.0	0.0	0.556	0.0	0.417	0.0	0.006	0.0	-0.39	0.0	0.0	0.0	-1.366	0.0	0.0	-0.482	-0.094	-0.085	0.0	-0.03	-0.683	0.144	-0.786	0.0	-0.19	0.0	-0.038	0.338	0.0	0.0	-0.151	0.0	0.0	-0.798	0.766	-0.888	-0.071	-0.01	-0.232	-0.275	-0.228	0.546	0.0	-0.384	0.0	0.0	0.0	0.0	0.0
taxongroup_comment	Mar-3955_52_Capra-5	0.034	-0.411	0.032	0.0	0.0	-0.236	-0.822	0.0	-0.024	0.0	-0.352	0.0	0.0	-0.438	-0.037	0.0	-0.039	-0.073	0.0	0.243	-0.543	-1.224	-0.7	-0.406	0.498	-0.357	-0.029	-0.698	0.0	-0.837	0.352	-0.551	-0.296	0.947	-0.046	0.0	0.05	0.0	-0.119	0.229	0.255	-0.355	-0.939	-0.127	-0.669	0.0	0.099	-0.148	0.0	-0.764	-0.197	0.0	-0.026	0.373	-0.36	-0.274	0.266	-0.802	0.0	-0.505	-1.081	-0.458	-0.698	0.268	-0.398	-0.579	-0.331	0.324	0.0	-0.067	0.0	-0.327	-0.422	-0.749	0.0	-0.328	0.0	0.0	0.0	0.0	0.235	-0.499	0.11	0.0	0.0	0.0	0.06	0.0	0.0	0.0
taxongroup_comment	Woo-2b74_103_animals-29	-0.3	0.0	0.738	0.655	-0.625	0.525	0.46	0.0	-0.183	-0.369	0.0	0.0	0.217	-0.473	0.327	-0.255	-0.301	-0.219	-1.176	0.0	-0.053	0.0	-0.051	0.0	-0.497	0.0	0.0	0.13	-0.319	0.358	0.039	-0.6	-0.527	0.299	-0.441	-0.626	-0.028	-0.735	-0.151	-0.41	-0.128	0.0	0.0	0.0	-0.137	0.155	0.357	-0.784	0.268	-0.676	-1.392	-0.394	-0.595	0.006	-0.621	-0.43	0.0	-0.236	-1.204	0.0	-1.071	0.0	-0.085	-1.754	0.396	-0.534	-1.121	0.0	-0.541	0.316	0.0	-2.031	-0.102	-0.663	-0.349	-0.871	0.0	0.0	0.308	0.314	0.0	0.0	3.26	0.0	0.0	0.0	-1.073	-0.864	0.0	0.0
taxongroup_comment	Mac-9f03_40_mammals-2	-0.341	0.045	0.257	0.467	-0.228	-0.364	-0.621	0.434	-0.178	-0.076	-0.852	0.0	0.0	-0.569	0.0	0.0	-0.341	-0.26	0.0	0.0	-0.42	0.0	0.0	-1.491	-0.184	-0.061	-0.515	0.0	-0.956	-0.283	0.0	0.226	-0.289	-0.403	0.0	-0.092	0.0	-0.173	0.0	-0.074	0.0	0.0	0.0	0.0	-0.856	0.06	-1.705	-1.267	-0.255	0.0	0.0	-0.051	-0.414	0.369	0.338	-0.526	-0.103	0.303	0.0	-0.509	-0.252	-0.522	-1.129	-0.761	-0.754	0.308	0.0	-0.585	-0.966	-0.314	0.0	-0.72	-0.534	-0.123	0.0	-0.037	0.0	0.049	-0.035	0.0	0.441	0.0	-0.523	-0.965	0.103	0.37	0.162	-0.367	0.0	0.0
taxongroup_comment	Spr-39f8_18_animal-6	-0.007	0.0	0.0	0.0	0.0	-0.059	0.0	-1.02	0.116	-0.144	0.0	-0.637	0.0	-0.534	0.148	0.0	0.0	-0.061	0.0	-0.006	0.0	0.0	0.0	0.562	-0.565	0.0	-0.51	0.0	-0.198	0.0	-0.556	0.393	-0.049	-0.398	0.093	-0.276	0.0	0.0	-0.046	-0.243	0.298	0.0	0.0	0.0	0.0	0.352	-0.566	-0.207	0.0	-0.694	0.82	0.111	-0.648	0.0	0.0	0.0	0.022	0.0	0.0	0.31	0.12	-0.695	0.0	0.0	0.0	0.0	0.0	-0.625	-0.729	-0.137	-0.504	-0.542	0.024	0.0	0.0	-0.347	0.0	0.0	-0.223	0.0	0.0	0.026	0.0	-0.188	0.0	0.0	0.0	0.716	-0.006	0.0
taxongroup_comment	Spr-39f8_189_animal-6	-0.007	0.0	0.0	0.0	0.0	-0.059	0.0	-1.02	0.116	-0.144	0.0	-0.637	0.0	-0.534	0.148	0.0	0.0	-0.061	0.0	-0.006	0.0	0.0	0.0	0.562	-0.565	0.0	-0.51	0.0	-0.198	0.0	-0.556	0.393	-0.049	-0.398	0.093	-0.276	0.0	0.0	-0.046	-0.243	0.298	0.0	0.0	0.0	0.0	0.352	-0.566	-0.207	0.0	-0.694	0.82	0.111	-0.648	0.0	0.0	0.0	0.022	0.0	0.0	0.31	0.12	-0.695	0.0	0.0	0.0	0.0	0.0	-0.625	-0.729	-0.137	-0.504	-0.542	0.024	0.0	0.0	-0.347	0.0	0.0	-0.223	0.0	0.0	0.026	0.0	-0.188	0.0	0.0	0.0	0.716	-0.006	0.0
taxongroup_comment	Tho-fdaf_7_animal-8	0.0	0.144	-1.54	0.0	0.435	0.0	0.0	-1.449	0.0	-0.181	0.081	-0.412	0.243	-0.534	-0.582	-0.415	-0.831	-0.49	0.0	-0.006	-0.458	-1.082	0.0	-0.19	-0.551	0.299	1.362	0.381	-0.198	0.0	-0.631	-0.129	-0.37	0.024	0.052	0.14	0.059	-0.202	-0.046	-0.048	0.085	-0.555	-0.77	0.0	-0.259	0.352	0.168	-0.09	-0.043	-1.476	-0.103	-0.44	-0.529	-0.565	-0.431	-0.206	-0.341	0.0	-0.726	0.509	0.0	-0.626	0.141	0.355	0.0	0.0	-0.156	0.503	-0.38	0.0	-0.545	0.0	-0.096	-0.856	0.046	-0.99	-0.716	0.0	0.0	-0.324	-0.011	-0.133	0.0	0.061	-0.508	0.0	-0.856	0.0	-0.232	-0.256
taxongroup_comment	Wil-de29_26_Bovidae-7	0.0	0.0	0.661	0.0	-0.494	-0.395	-0.133	-1.031	-0.392	-0.369	-0.895	-0.562	0.0	-0.534	0.061	-0.335	0.251	-1.01	-1.275	0.299	0.0	-0.161	0.0	-0.353	0.0	-0.551	0.0	-0.616	0.0	0.0	0.468	0.0	0.0	-1.688	-0.382	0.0	-0.801	-0.413	0.0	-0.36	0.834	-0.436	-0.623	-1.611	-1.186	0.0	-0.018	0.0	-0.039	-0.181	-1.426	0.0	-0.05	0.0	0.433	-0.34	-0.352	0.0	-1.188	-0.241	0.133	-0.259	-0.436	0.862	0.0	-0.322	-0.491	-0.679	-0.618	-0.435	0.261	-0.253	0.0	-0.899	0.0	-0.062	-0.974	-0.579	0.192	0.0	0.067	0.0	-0.006	-0.198	-0.725	-0.903	0.192	0.0	-0.006	0.979
taxongroup_comment	Dam-2357_31_Damaliscus-39	0.0	-0.915	0.41	0.45	-0.536	0.0	0.0	0.0	0.022	-0.104	-0.347	-0.189	0.0	0.728	-0.195	0.0	0.032	-0.518	0.0	0.0	0.0	0.0	-0.448	-0.414	-0.67	-1.237	-0.019	0.053	0.0	-0.242	0.0	0.352	0.391	0.0	-0.881	-0.557	0.0	-1.078	0.0	0.036	0.0	0.0	0.016	0.0	-0.627	0.0	-1.487	-0.117	-0.021	-0.399	-0.313	0.056	0.62	0.0	0.0	-0.789	0.52	0.067	-0.046	-0.806	-0.276	0.0	-0.093	0.0	-0.089	-0.306	-0.113	-1.157	-0.739	0.201	0.0	-0.492	0.0	-0.338	0.0	-0.844	-0.244	-0.701	0.369	-0.622	0.041	0.0	-0.006	-0.198	-0.081	0.147	-0.311	0.567	-0.093	0.838
taxongroup_comment	Top-df25_5_Damaliscus-43	0.342	0.0	1.174	0.0	0.0	-0.024	0.0	0.0	-0.118	-0.527	0.0	0.0	0.0	0.037	-0.395	0.575	0.0	-0.591	0.352	-0.079	-0.444	-0.171	-0.242	0.0	0.0	0.0	-0.251	0.831	0.0	-0.576	0.0	-0.109	-0.046	-0.225	0.439	0.0	0.0	0.0	-0.485	-0.312	-0.235	-0.347	-0.291	-0.301	0.0	0.0	0.0	0.005	-0.192	0.0	0.169	0.504	0.0	0.0	-0.491	0.0	0.461	-0.86	0.0	-0.376	0.0	-0.255	0.0	0.0	-0.48	0.0	0.0	-0.244	0.0	-0.694	0.0	-0.018	-0.028	-0.282	0.653	0.0	0.0	-0.006	-0.163	0.0	-0.053	0.0	0.409	0.0	0.0	0.0	0.0	0.0	0.0	0.0
taxongroup_comment	Wil-de29_26_Damaliscus-36	-0.061	-0.19	-0.554	0.0	-0.172	0.353	-0.758	0.0	0.147	0.0	-0.66	-0.411	0.0	-0.409	0.0	-0.39	-0.201	-0.203	-0.491	-0.302	0.0	0.0	0.0	-0.513	0.0	-0.061	-0.112	-0.784	-0.523	0.0	0.0	-0.173	0.261	-0.188	-0.323	-0.254	0.0	0.0	-0.061	0.0	0.57	-0.242	-0.223	-0.248	0.212	0.0	-0.831	-0.12	0.003	0.0	0.288	-0.788	0.0	-0.481	0.0	-0.645	-0.259	0.081	0.0	-1.091	-1.506	-1.164	0.744	-0.183	0.78	-1.099	-0.006	0.474	0.826	-0.491	-1.591	-0.735	0.0	0.474	-1.12	0.0	0.0	-0.382	0.0	-0.236	-0.184	0.307	-1.603	0.0	-0.669	-0.523	0.0	-0.006	-0.409	-1.231
taxongroup_comment	Dam-2357_28_Mammal-6	0.0	-0.28	0.011	0.0	-0.029	-0.244	0.0	0.0	0.054	0.0	0.0	-0.306	0.0	0.044	-0.143	-0.41	0.0	0.74	0.457	-0.283	-0.159	-0.369	-1.039	-0.523	0.44	0.0	0.0	0.0	0.291	-0.096	-0.551	0.0	0.0	0.0	0.0	0.0	0.0	-0.051	-0.434	0.0	0.271	-0.341	0.072	-0.122	0.0	0.0	0.0	0.108	-0.038	0.0	-1.245	0.0	0.0	0.0	-0.031	-0.388	0.938	0.0	-0.392	0.0	-0.006	0.352	0.0	-0.3	0.0	0.0	0.0	0.0	0.0	0.005	0.301	0.592	0.66	0.0	0.0	0.0	0.0	-0.301	0.0	0.288	0.014	0.0	0.46	0.0	0.632	0.0	0.0	0.0	0.713	0.0
taxongroup_comment	Bov-d455_225_bovids-10	0.0	-0.077	0.465	-0.103	-0.56	0.0	-0.551	-0.762	-0.491	0.024	-0.018	0.0	0.0	-0.613	-0.643	0.0	0.035	-1.071	-0.185	-0.102	-0.792	-0.787	0.0	0.0	-0.384	-0.271	-0.456	-0.013	-0.546	0.0	0.0	-0.115	0.068	-1.616	-0.218	0.0	0.307	-0.039	0.366	0.945	0.237	-0.263	0.0	0.0	-0.138	0.0	-0.628	-0.511	-0.249	0.0	0.0	0.74	-0.428	0.0	0.308	-0.666	-1.1	0.0	0.0	-0.071	0.156	-0.755	-0.1	0.0	-0.111	-0.031	0.0	-0.832	0.232	0.359	0.0	-0.198	-0.879	-0.235	0.0	0.409	0.06	-0.148	-0.293	0.0	0.0	0.0	0.0	-0.28	-0.061	-0.596	0.0	-1.228	0.062	0.0
taxongroup_comment	Wal-cefe_2_Capra-5	0.0	-0.169	-0.006	0.0	0.0	0.0	0.852	0.193	-0.06	-0.183	-0.254	0.0	-0.553	0.239	-0.274	0.048	0.18	-0.006	0.0	0.006	0.103	-0.514	-0.935	-0.199	-0.051	-0.248	-1.818	-0.128	0.0	0.683	0.582	0.292	0.0	0.0	-1.095	-0.686	-0.044	0.0	0.0	0.204	-0.117	0.0	0.0	-0.66	0.0	0.117	-0.232	-0.166	0.053	0.092	0.0	0.0	0.506	-1.482	0.0	0.0	-0.271	-0.094	-0.01	0.001	-0.003	0.0	0.223	-0.238	0.0	-0.456	0.0	0.121	0.338	0.0	-0.389	0.763	0.0	0.145	-0.93	-0.895	0.0	-0.624	0.167	-0.273	-0.272	-0.228	1.427	0.0	-0.096	-0.198	0.0	0.0	0.0	0.0
taxongroup_comment	Wat-9861_91_Bubalus-10	0.304	0.0	0.0	0.336	0.0	-0.417	0.043	-0.018	0.349	0.0	0.063	-0.652	0.0	0.0	0.0	0.0	0.0	0.0	0.332	0.0	0.0	-0.327	-0.633	-0.557	-0.69	0.0	-0.144	0.0	0.0	-0.287	0.0	-0.643	0.0	-0.578	0.0	0.0	0.0	0.396	0.0	-0.316	0.142	0.345	0.454	0.064	0.0	0.0	0.0	0.09	0.372	0.0	0.12	0.0	0.0	0.875	-0.353	0.0	0.469	-0.524	0.0	0.0	-0.687	-0.236	0.156	0.013	0.0	0.0	0.213	0.0	0.0	0.0	0.648	0.183	0.0	0.0	0.0	0.0	0.0	0.264	-0.607	-0.314	-0.196	0.148	0.0	0.0	0.0	0.0	0.0	0.0	0.0	0.0
taxongroup_comment	Bub-df64_21_Bubalus-7	-0.48	-0.591	0.0	0.0	0.0	0.0	0.0	0.0	0.0	0.698	0.604	0.756	0.0	0.0	0.0	0.0	0.0	0.0	0.199	0.0	0.0	-0.582	-0.503	-0.049	-0.284	0.512	-0.523	-0.199	-0.128	-0.017	0.0	0.0	0.0	0.705	0.169	0.0	0.0	0.0	-0.258	0.0	-0.572	-0.16	-0.226	0.0	-0.367	-0.336	0.0	0.0	-0.236	-1.192	-0.218	0.0	0.117	-0.016	-0.019	0.0	0.688	0.0	0.0	0.06	0.0	-0.024	0.171	0.0	0.0	0.0	0.713	0.0	0.0	0.0	-0.443	-0.291	0.375	0.0	0.0	0.0	0.0	0.0	0.0	0.0	0.692	0.0	0.0	0.095	0.0	0.531	0.0	0.0	-0.427	0.0
taxongroup_comment	Bub-df64_21_Bubalus-64	-0.59	-0.598	-0.116	0.0	0.0	0.086	0.0	0.0	0.0	0.411	0.0	2.316	0.0	0.0	0.0	0.304	-0.583	0.0	-0.09	0.0	0.0	-1.065	-0.387	0.058	-1.752	0.512	-1.442	-0.38	0.0	-0.663	0.0	-0.233	0.0	0.728	-0.669	0.0	0.0	0.0	-0.258	0.0	-1.28	-0.638	-0.074	0.0	-0.095	-0.986	0.0	0.0	-0.853	-1.937	0.294	0.0	1.82	0.0	0.279	-0.484	0.025	0.0	0.0	-0.216	-0.199	0.138	0.372	0.371	0.0	0.0	1.648	0.0	0.0	0.0	0.0	-0.109	2.144	0.141	0.0	0.0	0.0	0.0	0.0	0.0	0.165	-0.633	0.0	0.485	0.0	0.0	0.0	0.0	-0.427	0.0
taxongroup_comment	Bub-df64_21_Bubalus-46	-0.48	-0.598	0.376	0.0	0.0	0.0	0.0	0.0	0.0	0.321	0.0	2.316	0.0	0.0	0.0	0.316	-0.218	0.0	-0.142	0.0	0.0	-1.494	-0.103	-0.454	-1.607	0.512	-1.442	0.12	0.0	-0.557	0.0	-0.073	0.0	0.092	-0.669	0.0	0.0	0.0	-0.258	0.0	-1.192	-0.34	0.0	0.0	-0.318	-0.435	0.0	0.0	-0.896	-2.027	0.294	0.0	1.928	0.0	0.089	0.0	0.144	0.0	0.0	-0.036	0.0	0.138	0.643	-0.015	0.0	0.0	1.718	0.0	0.0	0.0	0.0	-0.661	2.144	-0.164	0.0	0.0	0.0	0.0	0.0	0.0	0.687	0.0	0.0	0.485	0.0	0.0	0.0	0.0	-0.427	0.0
taxongroup_comment	Bub-df64_21_Bubalus-20	0.086	-0.196	-1.059	-0.652	-0.079	-0.242	-0.176	-0.484	0.0	0.0	0.424	-0.45	0.283	0.757	0.0	-0.378	0.366	-0.005	-0.176	-1.935	-0.406	-2.983	-0.171	0.575	-0.691	-2.141	2.293	-1.612	0.0	-0.267	-1.034	1.424	0.0	-4.019	-1.541	-0.827	0.664	-0.195	0.786	1.899	-1.446	0.0	0.347	-0.495	0.0	-0.706	-2.777	-0.18	1.033	-0.729	-0.655	-1.249	1.504	-0.723	0.488	0.0	-0.887	-0.297	0.0	-0.717	1.456	-1.32	-0.002	-1.587	0.0	0.374	0.665	1.892	0.0	0.0	-1.061	2.239	0.0	-0.296	0.337	-0.596	-0.5	0.141	0.142	-1.083	0.0	0.0	-0.608	-0.545	0.47	0.372	2.151	0.248	-0.015	0.0
taxongroup_comment	Bub-df64_21_Bubalus-58	0.0	-0.625	-0.316	0.399	0.0	-1.444	-1.588	0.0	-0.287	-0.249	-0.852	1.162	0.0	-2.05	0.191	-0.108	-1.953	-0.613	2.151	-0.025	-0.135	-0.627	0.18	-0.489	-1.983	-0.607	-0.244	0.02	-1.0	-1.358	0.0	0.0	-0.166	-2.291	-0.677	-0.706	0.095	-0.258	-1.106	0.263	-0.662	-0.287	0.522	0.512	0.0	-2.832	0.733	0.188	0.438	-0.237	-0.495	1.058	0.392	1.657	-0.367	-0.346	0.322	0.512	-1.318	0.0	-0.651	0.0	0.458	-0.365	-1.41	-0.258	-1.537	1.273	-0.086	0.0	0.974	1.525	-1.291	0.636	0.0	-0.25	0.0	0.701	1.007	5.302	-0.199	-0.309	-0.332	0.0	-0.113	0.0	0.0	0.0	-0.236	0.005
taxongroup_comment	Bub-df64_21_Bubalus-52	-0.543	-0.598	0.097	0.0	0.0	0.0	0.0	0.0	0.0	0.033	0.0	2.316	0.0	0.0	0.0	0.619	-0.218	0.0	-0.165	0.0	0.0	-0.837	-0.387	-0.454	-1.979	0.512	-1.442	0.12	0.0	-0.117	0.0	0.111	0.0	0.177	-0.669	0.0	0.0	0.0	-0.258	0.0	-1.311	-0.34	0.0	0.0	-0.5	-0.783	0.0	0.0	-0.706	-1.914	0.294	0.0	1.928	0.0	-0.653	0.0	0.948	0.0	0.0	-0.23	0.0	0.138	1.593	-0.015	0.0	0.0	1.657	0.0	0.0	0.0	0.0	-0.312	2.144	-0.222	0.0	0.0	0.0	0.0	0.0	0.0	-0.119	0.0	0.0	0.485	0.0	0.0	0.0	0.0	-0.427	0.0
taxongroup_comment	Bub-df64_21_Bubalus-1	-0.346	0.0	-0.283	-1.376	-0.418	-0.053	-3.189	0.449	0.0	-2.052	-0.092	-0.887	-0.564	0.0	0.0	-0.367	-1.02	-0.167	0.205	-0.312	0.094	-2.552	-1.007	-0.457	0.207	-0.442	-0.867	2.242	-0.132	-0.218	-0.015	-0.224	-2.245	-0.874	-2.226	0.0	4.211	-0.433	-0.59	0.257	0.198	-0.954	0.393	-0.074	0.426	-0.655	-1.245	-0.839	0.0	-1.35	0.0	-0.919	0.691	0.0	1.595	0.395	0.418	-0.8	0.0	0.389	-0.154	-0.132	0.0	0.592	0.487	-1.444	1.859	0.064	-1.725	0.0	0.193	3.446	0.0	-0.406	2.328	0.939	0.463	-0.505	0.06	-1.376	0.512	0.0	0.065	0.206	0.124	-0.343	0.784	-2.591	0.0	-0.701
taxongroup_comment	Bub-df64_21_Bubalus-31	0.0	2.159	-0.398	-0.977	0.0	0.0	0.655	1.796	-2.201	0.0	-0.06	0.032	-0.893	-2.419	0.904	0.0	-0.262	-1.559	0.0	0.0	0.0	-0.367	0.92	-0.143	1.98	-0.626	-2.138	-0.985	-0.441	0.509	-0.015	0.0	0.472	2.313	0.353	-0.214	0.381	-0.502	-0.76	-0.55	-0.274	-2.639	0.0	-0.312	0.0	3.792	-0.623	-1.134	0.084	0.122	-0.319	-1.975	-0.923	0.0	-1.049	-0.166	2.539	0.134	-0.741	0.0	-0.843	-1.266	-0.435	-0.165	0.0	-0.29	0.545	0.0	-0.222	-0.251	0.0	-0.439	-2.871	1.439	-0.209	-0.092	-0.839	-0.272	1.636	-0.199	-0.218	0.127	0.392	0.0	-0.292	0.124	0.0	-0.72	-0.993	0.0
