,feat,cluster,pw_entr,feat_n,N,group,relrole
6,acl> ...,0,-0.001,1,627,Carnivora__order,taxongroup_topic
7,acl>obl> ...,0,-0.001,1,627,Carnivora__order,taxongroup_topic
8,acl>obl>case> ...,0,0.0,1,627,Carnivora__order,taxongroup_topic
13,acl>obl>det> the,0,0.0,1,627,Carnivora__order,taxongroup_topic
16,advmod> least,0,0.002,1,627,Carnivora__order,taxongroup_topic
17,amod> ...,0,-0.005,5,627,Carnivora__order,taxongroup_topic
19,amod> american,0,0.002,2,627,Carnivora__order,taxongroup_topic
21,amod> brown,0,0.0,1,627,Carnivora__order,taxongroup_topic
22,amod> european,0,-0.001,1,627,Carnivora__order,taxongroup_topic
23,amod> giant,0,0.0,1,627,Carnivora__order,taxongroup_topic
26,amod> maned,0,-0.0,1,627,Carnivora__order,taxongroup_topic
63,appos> ...,0,-0.002,3,627,Carnivora__order,taxongroup_topic
70,appos> nivalis,0,0.002,1,627,Carnivora__order,taxongroup_topic
73,appos> uncia,0,0.002,1,627,Carnivora__order,taxongroup_topic
74,appos>amod> ...,0,0.001,1,627,Carnivora__order,taxongroup_topic
77,appos>compound> ...,0,-0.0,1,627,Carnivora__order,taxongroup_topic
79,appos>compound> Mustela,0,0.001,1,627,Carnivora__order,taxongroup_topic
80,appos>compound> P.,0,0.002,1,627,Carnivora__order,taxongroup_topic
81,appos>compound> Panthera,0,0.002,1,627,Carnivora__order,taxongroup_topic
97,cc> and,0,0.028,17,627,Carnivora__order,taxongroup_topic
98,cc> or,0,0.0,1,627,Carnivora__order,taxongroup_topic
99,compound< ...,0,-0.002,1,627,Carnivora__order,taxongroup_topic
102,compound< family,0,0.0,1,627,Carnivora__order,taxongroup_topic
123,compound<case> as,0,0.002,1,627,Carnivora__order,taxongroup_topic
126,compound<compound> ...,0,-0.0,1,627,Carnivora__order,taxongroup_topic
129,compound<det> the,0,-0.001,1,627,Carnivora__order,taxongroup_topic
154,compound<obj< ...,0,0.001,1,627,Carnivora__order,taxongroup_topic
155,compound<obj<advmod> ...,0,0.001,1,627,Carnivora__order,taxongroup_topic
156,compound<obj<aux> ...,0,0.001,1,627,Carnivora__order,taxongroup_topic
157,compound<obl< ...,0,0.001,1,627,Carnivora__order,taxongroup_topic
159,compound> bay,0,0.002,1,627,Carnivora__order,taxongroup_topic
164,compound> mountain,0,0.003,2,627,Carnivora__order,taxongroup_topic
165,compound> sea,0,0.004,3,627,Carnivora__order,taxongroup_topic
166,compound> snow,0,0.0,1,627,Carnivora__order,taxongroup_topic
169,compound>compound> ...,0,0.001,1,627,Carnivora__order,taxongroup_topic
170,conj< ...,0,0.033,19,627,Carnivora__order,taxongroup_topic
171,conj< cat,0,0.011,4,627,Carnivora__order,taxongroup_topic
173,conj< fox,0,0.011,4,627,Carnivora__order,taxongroup_topic
174,conj< include,0,0.002,1,627,Carnivora__order,taxongroup_topic
175,conj< marten,0,0.002,1,627,Carnivora__order,taxongroup_topic
176,conj< otter,0,0.006,2,627,Carnivora__order,taxongroup_topic
177,conj< seal,0,0.0,1,627,Carnivora__order,taxongroup_topic
178,conj< tiger,0,0.004,2,627,Carnivora__order,taxongroup_topic
179,conj< type,0,0.006,2,627,Carnivora__order,taxongroup_topic
180,conj< weasel,0,0.017,6,627,Carnivora__order,taxongroup_topic
181,conj<amod> ...,0,0.011,5,627,Carnivora__order,taxongroup_topic
182,conj<amod> least,0,0.006,2,627,Carnivora__order,taxongroup_topic
183,conj<amod> red,0,0.006,2,627,Carnivora__order,taxongroup_topic
184,conj<appos< ...,0,0.002,2,627,Carnivora__order,taxongroup_topic
185,conj<appos<cop> be,0,0.001,1,627,Carnivora__order,taxongroup_topic
188,conj<appos<nsubj> ...,0,0.004,2,627,Carnivora__order,taxongroup_topic
189,conj<appos> ...,0,0.04,15,627,Carnivora__order,taxongroup_topic
190,conj<appos> animal,0,0.006,2,627,Carnivora__order,taxongroup_topic
191,conj<appos> leo,0,0.006,2,627,Carnivora__order,taxongroup_topic
192,conj<appos> nivalis,0,0.006,2,627,Carnivora__order,taxongroup_topic
193,conj<appos> tigris,0,0.006,2,627,Carnivora__order,taxongroup_topic
194,conj<appos>amod> ...,0,0.009,3,627,Carnivora__order,taxongroup_topic
195,conj<appos>compound> ...,0,0.017,7,627,Carnivora__order,taxongroup_topic
196,conj<appos>compound> Mustela,0,0.009,3,627,Carnivora__order,taxongroup_topic
197,conj<appos>compound> P.,0,0.011,4,627,Carnivora__order,taxongroup_topic
198,conj<case> ...,0,0.004,2,627,Carnivora__order,taxongroup_topic
199,conj<case> as,0,0.005,3,627,Carnivora__order,taxongroup_topic
200,conj<case> by,0,0.002,1,627,Carnivora__order,taxongroup_topic
201,conj<case> include,0,0.011,4,627,Carnivora__order,taxongroup_topic
202,conj<case> like,0,0.002,1,627,Carnivora__order,taxongroup_topic
203,conj<case> of,0,0.002,1,627,Carnivora__order,taxongroup_topic
204,conj<case> such,0,0.005,3,627,Carnivora__order,taxongroup_topic
205,conj<case> with,0,0.006,2,627,Carnivora__order,taxongroup_topic
206,conj<case>fixed> as,0,0.005,3,627,Carnivora__order,taxongroup_topic
207,conj<compound> ...,0,0.006,3,627,Carnivora__order,taxongroup_topic
208,conj<compound> grey,0,0.002,1,627,Carnivora__order,taxongroup_topic
209,conj<conj> ...,0,0.242,92,627,Carnivora__order,taxongroup_topic
210,conj<conj> animal,0,0.007,3,627,Carnivora__order,taxongroup_topic
211,conj<conj> bear,0,0.023,8,627,Carnivora__order,taxongroup_topic
212,conj<conj> cat,0,0.017,6,627,Carnivora__order,taxongroup_topic
213,conj<conj> dog,0,0.011,4,627,Carnivora__order,taxongroup_topic
214,conj<conj> fox,0,0.011,4,627,Carnivora__order,taxongroup_topic
215,conj<conj> leopard,0,0.017,6,627,Carnivora__order,taxongroup_topic
216,conj<conj> mink,0,0.019,7,627,Carnivora__order,taxongroup_topic
217,conj<conj> polecat,0,0.011,4,627,Carnivora__order,taxongroup_topic
218,conj<conj> weasel,0,0.011,4,627,Carnivora__order,taxongroup_topic
219,conj<conj> wolf,0,0.017,6,627,Carnivora__order,taxongroup_topic
220,conj<conj>advmod> ...,0,0.006,2,627,Carnivora__order,taxongroup_topic
221,conj<conj>advmod> simply,0,0.006,2,627,Carnivora__order,taxongroup_topic
222,conj<conj>amod> ...,0,0.038,14,627,Carnivora__order,taxongroup_topic
223,conj<conj>amod> big,0,0.006,2,627,Carnivora__order,taxongroup_topic
224,conj<conj>amod> common,0,0.002,1,627,Carnivora__order,taxongroup_topic
225,conj<conj>amod> domestic,0,0.011,4,627,Carnivora__order,taxongroup_topic
226,conj<conj>amod> other,0,0.01,4,627,Carnivora__order,taxongroup_topic
227,conj<conj>amod> smallest,0,0.006,2,627,Carnivora__order,taxongroup_topic
228,conj<conj>appos> ...,0,0.011,4,627,Carnivora__order,taxongroup_topic
229,conj<conj>cc> ...,0,0.006,2,627,Carnivora__order,taxongroup_topic
230,conj<conj>cc> and,0,0.066,26,627,Carnivora__order,taxongroup_topic
231,conj<conj>cc> or,0,0.006,2,627,Carnivora__order,taxongroup_topic
232,conj<conj>compound> ...,0,0.03,11,627,Carnivora__order,taxongroup_topic
233,conj<conj>compound> snow,0,0.006,2,627,Carnivora__order,taxongroup_topic
234,conj<conj>det> any,0,0.006,2,627,Carnivora__order,taxongroup_topic
235,conj<conj>det> the,0,0.007,3,627,Carnivora__order,taxongroup_topic
236,conj<conj>flat> E.,0,0.006,2,627,Carnivora__order,taxongroup_topic
237,conj<conj>flat> Gray,0,0.006,2,627,Carnivora__order,taxongroup_topic
238,conj<conj>flat> J.,0,0.006,2,627,Carnivora__order,taxongroup_topic
239,conj<conj>nmod> ...,0,0.01,4,627,Carnivora__order,taxongroup_topic
240,conj<conj>nmod> Mustelidae,0,0.006,2,627,Carnivora__order,taxongroup_topic
241,conj<conj>nmod> cat,0,0.006,2,627,Carnivora__order,taxongroup_topic
242,conj<conj>nmod> species,0,0.006,2,627,Carnivora__order,taxongroup_topic
243,conj<conj>nummod> ...,0,0.009,3,627,Carnivora__order,taxongroup_topic
244,conj<conj>obj> ...,0,0.006,2,627,Carnivora__order,taxongroup_topic
245,conj<conj>obj> Carnivora,0,0.006,2,627,Carnivora__order,taxongroup_topic
246,conj<conj>parataxis> lions,0,0.006,2,627,Carnivora__order,taxongroup_topic
247,conj<conj>parataxis> parrot,0,0.006,2,627,Carnivora__order,taxongroup_topic
248,conj<cop> be,0,0.003,2,627,Carnivora__order,taxongroup_topic
250,conj<det> the,0,0.032,16,627,Carnivora__order,taxongroup_topic
251,conj<nmod< ...,0,0.015,7,627,Carnivora__order,taxongroup_topic
252,conj<nmod< animal,0,0.006,2,627,Carnivora__order,taxongroup_topic
253,conj<nmod< mammal,0,0.013,5,627,Carnivora__order,taxongroup_topic
254,conj<nmod<advmod> ...,0,0.003,1,627,Carnivora__order,taxongroup_topic
255,conj<nmod<advmod> also,0,0.006,2,627,Carnivora__order,taxongroup_topic
256,conj<nmod<amod> ...,0,0.016,7,627,Carnivora__order,taxongroup_topic
257,conj<nmod<amod> carnivorous,0,0.006,2,627,Carnivora__order,taxongroup_topic
258,conj<nmod<amod> such,0,0.006,2,627,Carnivora__order,taxongroup_topic
259,conj<nmod<case> ...,0,0.009,4,627,Carnivora__order,taxongroup_topic
260,conj<nmod<compound> ...,0,0.004,2,627,Carnivora__order,taxongroup_topic
261,conj<nmod<det> a,0,0.002,1,627,Carnivora__order,taxongroup_topic
262,conj<nmod<det> the,0,0.007,3,627,Carnivora__order,taxongroup_topic
263,conj<nmod<nmod> ...,0,0.002,1,627,Carnivora__order,taxongroup_topic
264,conj<nmod<nmod> mammal,0,0.006,2,627,Carnivora__order,taxongroup_topic
265,conj<nmod<nsubj< ...,0,0.007,3,627,Carnivora__order,taxongroup_topic
266,conj<nmod<obl< ...,0,0.006,3,627,Carnivora__order,taxongroup_topic
267,conj<nmod> ...,0,0.013,6,627,Carnivora__order,taxongroup_topic
268,conj<nmod> animal,0,0.006,2,627,Carnivora__order,taxongroup_topic
269,conj<nmod> kilometer,0,0.006,2,627,Carnivora__order,taxongroup_topic
270,conj<nmod> vary,0,0.006,2,627,Carnivora__order,taxongroup_topic
271,conj<nmod> wolf,0,0.006,2,627,Carnivora__order,taxongroup_topic
272,conj<nmod>amod> ...,0,0.003,1,627,Carnivora__order,taxongroup_topic
273,conj<nmod>amod> dire,0,0.006,2,627,Carnivora__order,taxongroup_topic
274,conj<nmod>amod> other,0,0.002,1,627,Carnivora__order,taxongroup_topic
275,conj<nmod>amod> square,0,0.006,2,627,Carnivora__order,taxongroup_topic
276,conj<nmod>amod> use,0,0.006,2,627,Carnivora__order,taxongroup_topic
277,conj<nmod>case> ...,0,0.009,3,627,Carnivora__order,taxongroup_topic
278,conj<nmod>case> among,0,0.002,1,627,Carnivora__order,taxongroup_topic
279,conj<nmod>case> in,0,0.006,2,627,Carnivora__order,taxongroup_topic
280,conj<nmod>case> of,0,0.009,3,627,Carnivora__order,taxongroup_topic
281,conj<nmod>case> per,0,0.006,2,627,Carnivora__order,taxongroup_topic
282,conj<nmod>case> to,0,0.002,1,627,Carnivora__order,taxongroup_topic
283,conj<nmod>case> with,0,0.002,1,627,Carnivora__order,taxongroup_topic
284,conj<nmod>compound> ...,0,0.011,4,627,Carnivora__order,taxongroup_topic
286,conj<nmod>det> the,0,0.007,3,627,Carnivora__order,taxongroup_topic
287,conj<nmod>nmod> ...,0,0.001,1,627,Carnivora__order,taxongroup_topic
288,conj<nmod>nmod> animal,0,0.006,2,627,Carnivora__order,taxongroup_topic
289,conj<nmod>nmod> circus,0,0.006,2,627,Carnivora__order,taxongroup_topic
290,conj<nsubj< ...,0,0.01,4,627,Carnivora__order,taxongroup_topic
292,conj<nsubj< common,0,0.006,2,627,Carnivora__order,taxongroup_topic
293,conj<nsubj<advmod> ...,0,0.006,2,627,Carnivora__order,taxongroup_topic
295,conj<nsubj<advmod> most,0,0.006,2,627,Carnivora__order,taxongroup_topic
298,conj<nsubj<cop> be,0,0.003,2,627,Carnivora__order,taxongroup_topic
299,conj<nsubj<det> the,0,0.003,2,627,Carnivora__order,taxongroup_topic
300,conj<nsubj<mark> while,0,0.011,4,627,Carnivora__order,taxongroup_topic
301,conj<nsubj<obl> ...,0,0.009,3,627,Carnivora__order,taxongroup_topic
303,conj<nsubj> ...,0,0.004,3,627,Carnivora__order,taxongroup_topic
304,conj<nsubj>amod> ...,0,0.003,2,627,Carnivora__order,taxongroup_topic
305,conj<nsubj>det> the,0,0.001,1,627,Carnivora__order,taxongroup_topic
307,conj<obj< include,0,0.021,8,627,Carnivora__order,taxongroup_topic
308,conj<obj< subordinate,0,0.006,2,627,Carnivora__order,taxongroup_topic
309,conj<obj<acl:relcl< ...,0,0.006,2,627,Carnivora__order,taxongroup_topic
310,conj<obj<acl:relcl< omnivore,0,0.006,2,627,Carnivora__order,taxongroup_topic
311,conj<obj<advmod> also,0,0.011,4,627,Carnivora__order,taxongroup_topic
312,conj<obj<nsubj> ...,0,0.002,1,627,Carnivora__order,taxongroup_topic
313,conj<obj<nsubj> Pocock,0,0.006,2,627,Carnivora__order,taxongroup_topic
314,conj<obj<nsubj> member,0,0.002,1,627,Carnivora__order,taxongroup_topic
315,conj<obj<nsubj> predator,0,0.006,2,627,Carnivora__order,taxongroup_topic
316,conj<obj<nsubj> which,0,0.011,4,627,Carnivora__order,taxongroup_topic
317,conj<obj<obl> 1917,0,0.006,2,627,Carnivora__order,taxongroup_topic
318,conj<obj<obl> Panthera,0,0.006,2,627,Carnivora__order,taxongroup_topic
319,conj<obj> ...,0,0.001,1,627,Carnivora__order,taxongroup_topic
320,conj<obj>amod> ...,0,0.001,1,627,Carnivora__order,taxongroup_topic
321,conj<obl< ...,0,0.005,3,627,Carnivora__order,taxongroup_topic
323,conj<obl<advmod> ...,0,0.001,1,627,Carnivora__order,taxongroup_topic
326,conj<obl<aux:pass> be,0,0.001,1,627,Carnivora__order,taxongroup_topic
327,conj<obl<nsubj:pass> ...,0,0.001,1,627,Carnivora__order,taxongroup_topic
328,conj<obl<obl> ...,0,0.001,1,627,Carnivora__order,taxongroup_topic
329,conj<obl> ...,0,0.001,1,627,Carnivora__order,taxongroup_topic
330,conj<obl>case> ...,0,0.001,1,627,Carnivora__order,taxongroup_topic
368,det> the,0,-0.012,5,627,Carnivora__order,taxongroup_topic
378,flat> ...,0,0.004,2,627,Carnivora__order,taxongroup_topic
474,nmod> ...,0,-0.002,1,627,Carnivora__order,taxongroup_topic
479,nmod>case> in,0,-0.0,1,627,Carnivora__order,taxongroup_topic
650,nummod> 20,0,0.002,1,627,Carnivora__order,taxongroup_topic
738,acl:relcl> ...,1,-0.0,2,1054,Carnivora__order,taxongroup_topic
741,acl:relcl>nsubj> which,1,-0.0,1,1054,Carnivora__order,taxongroup_topic
742,acl:relcl>obj> ...,1,0.0,1,1054,Carnivora__order,taxongroup_topic
743,acl:relcl>obl> ...,1,0.0,1,1054,Carnivora__order,taxongroup_topic
744,acl> ...,1,0.001,4,1054,Carnivora__order,taxongroup_topic
745,acl>obl> ...,1,0.001,4,1054,Carnivora__order,taxongroup_topic
746,acl>obl>case> ...,1,0.001,2,1054,Carnivora__order,taxongroup_topic
747,acl>obl>case> from,1,0.001,1,1054,Carnivora__order,taxongroup_topic
748,acl>obl>case> in,1,-0.0,1,1054,Carnivora__order,taxongroup_topic
749,acl>obl>compound> ...,1,0.001,2,1054,Carnivora__order,taxongroup_topic
750,acl>obl>det> a,1,0.001,1,1054,Carnivora__order,taxongroup_topic
751,acl>obl>det> the,1,-0.0,1,1054,Carnivora__order,taxongroup_topic
753,advmod> ...,1,0.002,3,1054,Carnivora__order,taxongroup_topic
755,amod> ...,1,0.003,19,1054,Carnivora__order,taxongroup_topic
756,amod> african,1,-0.0,2,1054,Carnivora__order,taxongroup_topic
757,amod> american,1,0.001,3,1054,Carnivora__order,taxongroup_topic
758,amod> asian,1,-0.003,2,1054,Carnivora__order,taxongroup_topic
759,amod> brown,1,-0.0,1,1054,Carnivora__order,taxongroup_topic
760,amod> european,1,0.003,5,1054,Carnivora__order,taxongroup_topic
762,amod> golden,1,-0.003,2,1054,Carnivora__order,taxongroup_topic
763,amod> least,1,0.001,3,1054,Carnivora__order,taxongroup_topic
764,amod> maned,1,0.006,6,1054,Carnivora__order,taxongroup_topic
765,amod> wild,1,-0.0,1,1054,Carnivora__order,taxongroup_topic
766,appos< ...,1,0.003,6,1054,Carnivora__order,taxongroup_topic
768,appos< species,1,0.002,2,1054,Carnivora__order,taxongroup_topic
769,appos< term,1,0.001,1,1054,Carnivora__order,taxongroup_topic
770,appos< tiger,1,0.002,2,1054,Carnivora__order,taxongroup_topic
771,appos<advmod> ...,1,0.001,1,1054,Carnivora__order,taxongroup_topic
772,appos<advmod> namely,1,0.002,2,1054,Carnivora__order,taxongroup_topic
773,appos<amod> ...,1,0.005,4,1054,Carnivora__order,taxongroup_topic
775,appos<appos< refer,1,0.002,2,1054,Carnivora__order,taxongroup_topic
776,appos<appos> ...,1,0.006,5,1054,Carnivora__order,taxongroup_topic
777,appos<appos> gulo,1,0.002,2,1054,Carnivora__order,taxongroup_topic
778,appos<case> ...,1,0.005,4,1054,Carnivora__order,taxongroup_topic
779,appos<compound> ...,1,0.0,1,1054,Carnivora__order,taxongroup_topic
780,appos<conj> ...,1,0.005,5,1054,Carnivora__order,taxongroup_topic
781,appos<conj> descend,1,0.002,2,1054,Carnivora__order,taxongroup_topic
782,appos<conj> leopard,1,0.005,4,1054,Carnivora__order,taxongroup_topic
783,appos<conj>advmod> ...,1,0.002,2,1054,Carnivora__order,taxongroup_topic
784,appos<conj>cc> and,1,0.007,6,1054,Carnivora__order,taxongroup_topic
785,appos<conj>cc> as,1,0.004,3,1054,Carnivora__order,taxongroup_topic
786,appos<conj>compound> ...,1,0.001,1,1054,Carnivora__order,taxongroup_topic
787,appos<conj>compound> snow,1,0.002,2,1054,Carnivora__order,taxongroup_topic
789,appos<det> some,1,0.001,1,1054,Carnivora__order,taxongroup_topic
790,appos<det> the,1,0.004,5,1054,Carnivora__order,taxongroup_topic
791,appos<flat> ...,1,0.001,1,1054,Carnivora__order,taxongroup_topic
793,appos<list> ...,1,0.004,3,1054,Carnivora__order,taxongroup_topic
794,appos<nmod< ...,1,0.004,3,1054,Carnivora__order,taxongroup_topic
795,appos<nmod> ...,1,0.0,1,1054,Carnivora__order,taxongroup_topic
796,appos<nmod>case> ...,1,0.0,1,1054,Carnivora__order,taxongroup_topic
797,appos<nsubj< ...,1,0.001,1,1054,Carnivora__order,taxongroup_topic
798,appos<nsubj< refer,1,0.001,1,1054,Carnivora__order,taxongroup_topic
799,appos<nsubj<advmod> ...,1,0.002,2,1054,Carnivora__order,taxongroup_topic
800,appos<nsubj<obl> ...,1,0.001,2,1054,Carnivora__order,taxongroup_topic
801,appos> ...,1,-0.002,5,1054,Carnivora__order,taxongroup_topic
802,appos> Gulo,1,0.004,3,1054,Carnivora__order,taxongroup_topic
803,appos> Panthera,1,0.003,3,1054,Carnivora__order,taxongroup_topic
811,appos> uncia,1,0.001,1,1054,Carnivora__order,taxongroup_topic
812,appos>amod> ...,1,0.0,1,1054,Carnivora__order,taxongroup_topic
815,appos>compound> ...,1,-0.001,1,1054,Carnivora__order,taxongroup_topic
818,appos>compound> P.,1,0.001,1,1054,Carnivora__order,taxongroup_topic
819,appos>compound> Panthera,1,0.001,1,1054,Carnivora__order,taxongroup_topic
820,appos>flat> ...,1,0.001,2,1054,Carnivora__order,taxongroup_topic
821,appos>flat> gulo,1,0.002,2,1054,Carnivora__order,taxongroup_topic
822,appos>flat> onca,1,0.002,2,1054,Carnivora__order,taxongroup_topic
823,case> 's,1,0.009,11,1054,Carnivora__order,taxongroup_topic
824,case> ...,1,-0.002,2,1054,Carnivora__order,taxongroup_topic
828,case> from,1,-0.0,1,1054,Carnivora__order,taxongroup_topic
831,case> of,1,-0.003,2,1054,Carnivora__order,taxongroup_topic
833,case> to,1,-0.001,1,1054,Carnivora__order,taxongroup_topic
835,cc> and,1,-0.003,3,1054,Carnivora__order,taxongroup_topic
836,cc> or,1,0.002,3,1054,Carnivora__order,taxongroup_topic
837,compound< ...,1,0.002,9,1054,Carnivora__order,taxongroup_topic
839,compound< familiaris,1,-0.0,1,1054,Carnivora__order,taxongroup_topic
841,compound< species,1,0.0,1,1054,Carnivora__order,taxongroup_topic
842,compound< varies,1,0.001,1,1054,Carnivora__order,taxongroup_topic
846,compound<acl> ...,1,0.004,3,1054,Carnivora__order,taxongroup_topic
847,compound<acl>obl> ...,1,0.004,3,1054,Carnivora__order,taxongroup_topic
848,compound<advmod> ...,1,0.001,2,1054,Carnivora__order,taxongroup_topic
849,compound<amod> ...,1,0.001,3,1054,Carnivora__order,taxongroup_topic
850,compound<amod> african,1,0.001,1,1054,Carnivora__order,taxongroup_topic
851,compound<appos< ...,1,0.001,2,1054,Carnivora__order,taxongroup_topic
852,compound<appos<amod> ...,1,0.0,1,1054,Carnivora__order,taxongroup_topic
853,compound<appos<case> ...,1,0.002,2,1054,Carnivora__order,taxongroup_topic
854,compound<appos<conj> ...,1,0.001,2,1054,Carnivora__order,taxongroup_topic
857,compound<appos<det> a,1,0.002,2,1054,Carnivora__order,taxongroup_topic
858,compound<appos<nmod< ...,1,0.002,2,1054,Carnivora__order,taxongroup_topic
859,compound<appos> ...,1,0.0,1,1054,Carnivora__order,taxongroup_topic
860,compound<case> ...,1,0.001,1,1054,Carnivora__order,taxongroup_topic
863,compound<case> of,1,-0.001,2,1054,Carnivora__order,taxongroup_topic
864,compound<compound> ...,1,0.001,3,1054,Carnivora__order,taxongroup_topic
865,compound<det> ...,1,0.001,1,1054,Carnivora__order,taxongroup_topic
866,compound<det> a,1,0.002,2,1054,Carnivora__order,taxongroup_topic
868,compound<nmod< ...,1,-0.001,2,1054,Carnivora__order,taxongroup_topic
873,compound<nmod<compound> ...,1,0.0,1,1054,Carnivora__order,taxongroup_topic
874,compound<nmod<cop> be,1,0.0,1,1054,Carnivora__order,taxongroup_topic
877,compound<nmod<det> the,1,-0.0,1,1054,Carnivora__order,taxongroup_topic
880,compound<nmod<nsubj> ...,1,0.0,1,1054,Carnivora__order,taxongroup_topic
881,compound<nmod> ...,1,0.005,7,1054,Carnivora__order,taxongroup_topic
882,compound<nmod>amod> ...,1,0.001,2,1054,Carnivora__order,taxongroup_topic
883,compound<nmod>case> ...,1,0.004,5,1054,Carnivora__order,taxongroup_topic
884,compound<nmod>case> on,1,0.001,1,1054,Carnivora__order,taxongroup_topic
885,compound<nmod>case> with,1,0.0,1,1054,Carnivora__order,taxongroup_topic
886,compound<nmod>compound> ...,1,0.0,1,1054,Carnivora__order,taxongroup_topic
887,compound<nmod>det> a,1,0.002,2,1054,Carnivora__order,taxongroup_topic
888,compound<nmod>det> the,1,0.001,1,1054,Carnivora__order,taxongroup_topic
889,compound<nsubj< ...,1,0.0,2,1054,Carnivora__order,taxongroup_topic
890,compound<nsubj<obj> ...,1,0.0,1,1054,Carnivora__order,taxongroup_topic
892,compound<obj< ...,1,0.0,1,1054,Carnivora__order,taxongroup_topic
894,compound<obj<aux> ...,1,0.002,2,1054,Carnivora__order,taxongroup_topic
895,compound<obl< ...,1,0.0,1,1054,Carnivora__order,taxongroup_topic
896,compound> ...,1,0.002,5,1054,Carnivora__order,taxongroup_topic
898,compound> elephant,1,0.001,1,1054,Carnivora__order,taxongroup_topic
899,compound> family,1,-0.0,1,1054,Carnivora__order,taxongroup_topic
900,compound> genus,1,0.0,1,1054,Carnivora__order,taxongroup_topic
901,compound> grey,1,0.002,3,1054,Carnivora__order,taxongroup_topic
903,compound> sea,1,-0.001,1,1054,Carnivora__order,taxongroup_topic
904,compound> snow,1,0.001,2,1054,Carnivora__order,taxongroup_topic
906,compound>amod> ...,1,0.0,1,1054,Carnivora__order,taxongroup_topic
908,conj< ...,1,-0.004,5,1054,Carnivora__order,taxongroup_topic
915,conj< seal,1,-0.0,1,1054,Carnivora__order,taxongroup_topic
936,conj<case> ...,1,0.0,1,1054,Carnivora__order,taxongroup_topic
941,conj<case> of,1,0.001,1,1054,Carnivora__order,taxongroup_topic
946,conj<compound> grey,1,0.001,1,1054,Carnivora__order,taxongroup_topic
947,conj<conj> ...,1,-0.003,1,1054,Carnivora__order,taxongroup_topic
962,conj<conj>amod> common,1,0.001,1,1054,Carnivora__order,taxongroup_topic
988,conj<det> the,1,-0.002,1,1054,Carnivora__order,taxongroup_topic
989,conj<nmod< ...,1,-0.001,1,1054,Carnivora__order,taxongroup_topic
997,conj<nmod<case> ...,1,-0.0,1,1054,Carnivora__order,taxongroup_topic
998,conj<nmod<compound> ...,1,0.0,1,1054,Carnivora__order,taxongroup_topic
1000,conj<nmod<det> the,1,-0.0,1,1054,Carnivora__order,taxongroup_topic
1004,conj<nmod<obl< ...,1,-0.0,1,1054,Carnivora__order,taxongroup_topic
1028,conj<nsubj< ...,1,-0.0,1,1054,Carnivora__order,taxongroup_topic
1034,conj<nsubj<amod> ...,1,0.002,2,1054,Carnivora__order,taxongroup_topic
1036,conj<nsubj<cop> be,1,-0.0,1,1054,Carnivora__order,taxongroup_topic
1037,conj<nsubj<det> the,1,-0.0,1,1054,Carnivora__order,taxongroup_topic
1045,conj<obj< include,1,-0.001,1,1054,Carnivora__order,taxongroup_topic
1052,conj<obj<nsubj> member,1,0.001,1,1054,Carnivora__order,taxongroup_topic
1057,conj<obj> ...,1,-0.0,1,1054,Carnivora__order,taxongroup_topic
1058,conj<obj>amod> ...,1,0.0,1,1054,Carnivora__order,taxongroup_topic
1059,conj<obl< ...,1,-0.0,1,1054,Carnivora__order,taxongroup_topic
1061,conj<obl<advmod> ...,1,0.0,1,1054,Carnivora__order,taxongroup_topic
1067,conj<obl> ...,1,0.0,1,1054,Carnivora__order,taxongroup_topic
1068,conj<obl>case> ...,1,0.0,1,1054,Carnivora__order,taxongroup_topic
1069,conj> ...,1,-0.005,4,1054,Carnivora__order,taxongroup_topic
1085,conj>amod> other,1,0.0,1,1054,Carnivora__order,taxongroup_topic
1089,conj>cc> and,1,-0.003,2,1054,Carnivora__order,taxongroup_topic
1090,conj>cc> or,1,-0.0,1,1054,Carnivora__order,taxongroup_topic
1093,conj>cop> be,1,0.0,1,1054,Carnivora__order,taxongroup_topic
1095,conj>det> the,1,-0.001,1,1054,Carnivora__order,taxongroup_topic
1096,conj>nmod> ...,1,-0.0,1,1054,Carnivora__order,taxongroup_topic
1098,conj>nmod>case> of,1,0.001,1,1054,Carnivora__order,taxongroup_topic
1100,conj>nmod>compound> ...,1,-0.0,1,1054,Carnivora__order,taxongroup_topic
1101,conj>nmod>det> the,1,0.0,1,1054,Carnivora__order,taxongroup_topic
1102,cop> ...,1,0.001,1,1054,Carnivora__order,taxongroup_topic
1103,cop> be,1,0.0,2,1054,Carnivora__order,taxongroup_topic
1104,det> ...,1,0.002,2,1054,Carnivora__order,taxongroup_topic
1105,det> a,1,0.002,9,1054,Carnivora__order,taxongroup_topic
1106,det> the,1,0.025,60,1054,Carnivora__order,taxongroup_topic
1107,flat< ...,1,-0.0,1,1054,Carnivora__order,taxongroup_topic
1111,flat<case> of,1,-0.0,1,1054,Carnivora__order,taxongroup_topic
1112,flat<det> the,1,-0.0,1,1054,Carnivora__order,taxongroup_topic
1114,flat<nmod< member,1,0.0,1,1054,Carnivora__order,taxongroup_topic
1117,flat> latrans,1,0.002,2,1054,Carnivora__order,taxongroup_topic
1118,mark> ...,1,0.0,1,1054,Carnivora__order,taxongroup_topic
1119,nmod:poss< ...,1,0.007,8,1054,Carnivora__order,taxongroup_topic
1120,nmod:poss< diet,1,0.002,2,1054,Carnivora__order,taxongroup_topic
1121,nmod:poss< jellyfish,1,0.001,1,1054,Carnivora__order,taxongroup_topic
1122,nmod:poss<amod> ...,1,0.004,4,1054,Carnivora__order,taxongroup_topic
1123,nmod:poss<case> ...,1,0.001,1,1054,Carnivora__order,taxongroup_topic
1124,nmod:poss<case> in,1,0.002,2,1054,Carnivora__order,taxongroup_topic
1125,nmod:poss<case> of,1,0.002,3,1054,Carnivora__order,taxongroup_topic
1126,nmod:poss<compound> ...,1,0.001,2,1054,Carnivora__order,taxongroup_topic
1127,nmod:poss<compound> mane,1,0.001,1,1054,Carnivora__order,taxongroup_topic
1128,nmod:poss<nmod< ...,1,0.004,3,1054,Carnivora__order,taxongroup_topic
1129,nmod:poss<nmod< part,1,0.001,1,1054,Carnivora__order,taxongroup_topic
1130,nmod:poss<nmod<amod> ...,1,0.002,2,1054,Carnivora__order,taxongroup_topic
1131,nmod:poss<nmod<det> ...,1,0.001,1,1054,Carnivora__order,taxongroup_topic
1132,nmod:poss<nmod<det> the,1,0.001,1,1054,Carnivora__order,taxongroup_topic
1133,nmod:poss<nsubj< ...,1,0.003,3,1054,Carnivora__order,taxongroup_topic
1134,nmod:poss<nsubj<obl> ...,1,0.001,2,1054,Carnivora__order,taxongroup_topic
1213,nmod> America,1,0.001,1,1054,Carnivora__order,taxongroup_topic
1218,nmod>case> of,1,0.001,1,1054,Carnivora__order,taxongroup_topic
1221,nmod>compound> North,1,0.001,1,1054,Carnivora__order,taxongroup_topic
1224,nsubj:pass< ...,1,-0.001,2,1054,Carnivora__order,taxongroup_topic
1225,nsubj:pass< call,1,0.0,1,1054,Carnivora__order,taxongroup_topic
1226,nsubj:pass< consider,1,0.0,1,1054,Carnivora__order,taxongroup_topic
1227,nsubj:pass< record,1,0.002,2,1054,Carnivora__order,taxongroup_topic
1228,nsubj:pass< think,1,0.001,1,1054,Carnivora__order,taxongroup_topic
1229,nsubj:pass<advcl> ...,1,0.003,4,1054,Carnivora__order,taxongroup_topic
1230,nsubj:pass<advcl>advmod> ...,1,0.0,1,1054,Carnivora__order,taxongroup_topic
1231,nsubj:pass<advcl>mark> ...,1,0.002,3,1054,Carnivora__order,taxongroup_topic
1232,nsubj:pass<advcl>obl> ...,1,0.002,2,1054,Carnivora__order,taxongroup_topic
1234,nsubj:pass<advmod> also,1,0.001,1,1054,Carnivora__order,taxongroup_topic
1235,nsubj:pass<aux:pass> be,1,0.001,7,1054,Carnivora__order,taxongroup_topic
1236,nsubj:pass<aux> have,1,0.004,4,1054,Carnivora__order,taxongroup_topic
1238,nsubj:pass<cc> but,1,0.001,1,1054,Carnivora__order,taxongroup_topic
1239,nsubj:pass<conj< ...,1,0.0,1,1054,Carnivora__order,taxongroup_topic
1243,nsubj:pass<obj> species,1,0.002,2,1054,Carnivora__order,taxongroup_topic
1244,nsubj:pass<obl> ...,1,-0.002,1,1054,Carnivora__order,taxongroup_topic
1246,nsubj:pass<obl>case> ...,1,-0.001,1,1054,Carnivora__order,taxongroup_topic
1254,nsubj:pass<xcomp> ...,1,0.001,3,1054,Carnivora__order,taxongroup_topic
1256,nsubj:pass<xcomp>amod> ...,1,0.001,2,1054,Carnivora__order,taxongroup_topic
1257,nsubj:pass<xcomp>cop> be,1,0.001,2,1054,Carnivora__order,taxongroup_topic
1258,nsubj:pass<xcomp>det> a,1,0.0,1,1054,Carnivora__order,taxongroup_topic
1259,nsubj:pass<xcomp>det> the,1,0.001,1,1054,Carnivora__order,taxongroup_topic
1260,nsubj:pass<xcomp>mark> to,1,0.002,3,1054,Carnivora__order,taxongroup_topic
1261,nsubj< ...,1,0.022,25,1054,Carnivora__order,taxongroup_topic
1262,nsubj< animal,1,0.007,6,1054,Carnivora__order,taxongroup_topic
1263,nsubj< cat,1,0.004,4,1054,Carnivora__order,taxongroup_topic
1265,nsubj< diverge,1,0.001,1,1054,Carnivora__order,taxongroup_topic
1266,nsubj< have,1,0.005,5,1054,Carnivora__order,taxongroup_topic
1267,nsubj< one,1,0.005,4,1054,Carnivora__order,taxongroup_topic
1268,nsubj< pry,1,0.001,1,1054,Carnivora__order,taxongroup_topic
1269,nsubj< species,1,0.005,4,1054,Carnivora__order,taxongroup_topic
1270,nsubj< tend,1,0.004,3,1054,Carnivora__order,taxongroup_topic
1271,nsubj< use,1,0.001,1,1054,Carnivora__order,taxongroup_topic
1272,nsubj<acl:relcl> ...,1,0.003,3,1054,Carnivora__order,taxongroup_topic
1273,nsubj<acl:relcl>cop> be,1,0.002,2,1054,Carnivora__order,taxongroup_topic
1275,nsubj<acl:relcl>nsubj> that,1,0.002,2,1054,Carnivora__order,taxongroup_topic
1276,nsubj<acl:relcl>obl> ...,1,0.004,3,1054,Carnivora__order,taxongroup_topic
1277,nsubj<acl> ...,1,0.004,4,1054,Carnivora__order,taxongroup_topic
1278,nsubj<acl>obj> ...,1,0.004,3,1054,Carnivora__order,taxongroup_topic
1279,nsubj<advcl< ...,1,0.002,2,1054,Carnivora__order,taxongroup_topic
1280,nsubj<advcl<nsubj> ...,1,0.002,2,1054,Carnivora__order,taxongroup_topic
1281,nsubj<advcl> ...,1,0.004,5,1054,Carnivora__order,taxongroup_topic
1282,nsubj<advcl>conj> ...,1,0.0,1,1054,Carnivora__order,taxongroup_topic
1283,nsubj<advcl>mark> ...,1,0.004,4,1054,Carnivora__order,taxongroup_topic
1285,nsubj<advcl>obl> ...,1,0.0,1,1054,Carnivora__order,taxongroup_topic
1286,nsubj<advmod> ...,1,0.014,13,1054,Carnivora__order,taxongroup_topic
1287,nsubj<advmod> ago,1,0.001,1,1054,Carnivora__order,taxongroup_topic
1288,nsubj<advmod> also,1,0.002,2,1054,Carnivora__order,taxongroup_topic
1289,nsubj<advmod> occasionally,1,0.002,2,1054,Carnivora__order,taxongroup_topic
1290,nsubj<advmod> previously,1,0.002,2,1054,Carnivora__order,taxongroup_topic
1292,nsubj<amod> ...,1,0.012,13,1054,Carnivora__order,taxongroup_topic
1293,nsubj<amod> large,1,0.004,3,1054,Carnivora__order,taxongroup_topic
1294,nsubj<amod> only,1,0.005,4,1054,Carnivora__order,taxongroup_topic
1295,nsubj<amod>conj> ...,1,0.002,2,1054,Carnivora__order,taxongroup_topic
1296,nsubj<appos> ...,1,0.004,3,1054,Carnivora__order,taxongroup_topic
1297,nsubj<appos>conj> ...,1,0.004,3,1054,Carnivora__order,taxongroup_topic
1298,nsubj<aux> ...,1,0.002,2,1054,Carnivora__order,taxongroup_topic
1299,nsubj<aux> be,1,0.0,1,1054,Carnivora__order,taxongroup_topic
1300,nsubj<aux> can,1,0.004,3,1054,Carnivora__order,taxongroup_topic
1301,nsubj<aux> have,1,0.002,2,1054,Carnivora__order,taxongroup_topic
1302,nsubj<case> ...,1,0.003,3,1054,Carnivora__order,taxongroup_topic
1303,nsubj<ccomp< ...,1,0.006,6,1054,Carnivora__order,taxongroup_topic
1304,nsubj<ccomp<nsubj> ...,1,0.007,6,1054,Carnivora__order,taxongroup_topic
1305,nsubj<compound> ...,1,0.004,4,1054,Carnivora__order,taxongroup_topic
1306,nsubj<conj<conj> ...,1,0.004,3,1054,Carnivora__order,taxongroup_topic
1307,nsubj<conj<conj> weasel,1,0.002,2,1054,Carnivora__order,taxongroup_topic
1308,nsubj<conj> ...,1,0.011,12,1054,Carnivora__order,taxongroup_topic
1309,nsubj<conj> member,1,0.002,2,1054,Carnivora__order,taxongroup_topic
1310,nsubj<conj>amod> ...,1,0.003,4,1054,Carnivora__order,taxongroup_topic
1311,nsubj<conj>aux> ...,1,0.001,1,1054,Carnivora__order,taxongroup_topic
1312,nsubj<conj>aux> have,1,0.002,2,1054,Carnivora__order,taxongroup_topic
1313,nsubj<conj>cc> and,1,0.005,6,1054,Carnivora__order,taxongroup_topic
1314,nsubj<conj>cc> but,1,0.004,3,1054,Carnivora__order,taxongroup_topic
1315,nsubj<conj>compound> ...,1,0.003,3,1054,Carnivora__order,taxongroup_topic
1316,nsubj<conj>cop> be,1,0.002,2,1054,Carnivora__order,taxongroup_topic
1317,nsubj<conj>det> ...,1,0.001,1,1054,Carnivora__order,taxongroup_topic
1318,nsubj<conj>det> the,1,0.005,4,1054,Carnivora__order,taxongroup_topic
1319,nsubj<conj>nmod> ...,1,0.004,3,1054,Carnivora__order,taxongroup_topic
1320,nsubj<conj>nsubj> ...,1,0.004,3,1054,Carnivora__order,taxongroup_topic
1321,nsubj<conj>obl> ...,1,0.011,9,1054,Carnivora__order,taxongroup_topic
1322,nsubj<cop> ...,1,0.002,2,1054,Carnivora__order,taxongroup_topic
1323,nsubj<cop> be,1,0.03,32,1054,Carnivora__order,taxongroup_topic
1324,nsubj<det> a,1,0.016,16,1054,Carnivora__order,taxongroup_topic
1325,nsubj<det> the,1,0.012,10,1054,Carnivora__order,taxongroup_topic
1326,nsubj<mark> ...,1,0.001,1,1054,Carnivora__order,taxongroup_topic
1327,nsubj<mark> that,1,0.006,6,1054,Carnivora__order,taxongroup_topic
1328,nsubj<mark> while,1,0.001,1,1054,Carnivora__order,taxongroup_topic
1329,nsubj<nmod> ...,1,0.013,15,1054,Carnivora__order,taxongroup_topic
1330,nsubj<nmod> animal,1,0.002,2,1054,Carnivora__order,taxongroup_topic
1331,nsubj<nmod> cat,1,0.002,2,1054,Carnivora__order,taxongroup_topic
1332,nsubj<nmod> genus,1,0.001,1,1054,Carnivora__order,taxongroup_topic
1333,nsubj<nmod> head,1,0.001,1,1054,Carnivora__order,taxongroup_topic
1335,nsubj<nmod>acl:relcl> diverge,1,0.002,2,1054,Carnivora__order,taxongroup_topic
1336,nsubj<nmod>amod> ...,1,0.015,14,1054,Carnivora__order,taxongroup_topic
1338,nsubj<nmod>case> for,1,0.001,1,1054,Carnivora__order,taxongroup_topic
1339,nsubj<nmod>case> in,1,0.002,2,1054,Carnivora__order,taxongroup_topic
1340,nsubj<nmod>case> of,1,0.013,13,1054,Carnivora__order,taxongroup_topic
1341,nsubj<nmod>case> to,1,0.001,1,1054,Carnivora__order,taxongroup_topic
1342,nsubj<nmod>case> with,1,0.003,4,1054,Carnivora__order,taxongroup_topic
1343,nsubj<nmod>compound> ...,1,0.003,3,1054,Carnivora__order,taxongroup_topic
1344,nsubj<nmod>compound> family,1,0.002,2,1054,Carnivora__order,taxongroup_topic
1345,nsubj<nmod>det> ...,1,0.001,1,1054,Carnivora__order,taxongroup_topic
1346,nsubj<nmod>det> a,1,0.006,6,1054,Carnivora__order,taxongroup_topic
1347,nsubj<nmod>det> the,1,0.007,8,1054,Carnivora__order,taxongroup_topic
1348,nsubj<nmod>nmod> ...,1,0.005,5,1054,Carnivora__order,taxongroup_topic
1349,nsubj<obj> ...,1,0.012,12,1054,Carnivora__order,taxongroup_topic
1350,nsubj<obj> prey,1,0.001,1,1054,Carnivora__order,taxongroup_topic
1351,nsubj<obj>amod> ...,1,0.003,4,1054,Carnivora__order,taxongroup_topic
1352,nsubj<obj>compound> ...,1,0.002,2,1054,Carnivora__order,taxongroup_topic
1354,nsubj<obj>det> a,1,0.006,5,1054,Carnivora__order,taxongroup_topic
1355,nsubj<obj>det> the,1,0.002,2,1054,Carnivora__order,taxongroup_topic
1356,nsubj<obj>nmod> ...,1,0.004,3,1054,Carnivora__order,taxongroup_topic
1357,nsubj<obl> ...,1,0.015,17,1054,Carnivora__order,taxongroup_topic
1359,nsubj<obl>amod> ...,1,0.005,4,1054,Carnivora__order,taxongroup_topic
1360,nsubj<obl>amod> typical,1,0.001,1,1054,Carnivora__order,taxongroup_topic
1361,nsubj<obl>case> ...,1,0.004,4,1054,Carnivora__order,taxongroup_topic
1362,nsubj<obl>case> around,1,0.0,1,1054,Carnivora__order,taxongroup_topic
1363,nsubj<obl>case> as,1,0.001,1,1054,Carnivora__order,taxongroup_topic
1364,nsubj<obl>case> between,1,0.001,1,1054,Carnivora__order,taxongroup_topic
1365,nsubj<obl>case> for,1,0.002,2,1054,Carnivora__order,taxongroup_topic
1366,nsubj<obl>case> from,1,0.001,1,1054,Carnivora__order,taxongroup_topic
1367,nsubj<obl>case> in,1,0.003,4,1054,Carnivora__order,taxongroup_topic
1368,nsubj<obl>case> on,1,0.001,1,1054,Carnivora__order,taxongroup_topic
1369,nsubj<obl>case> to,1,0.004,3,1054,Carnivora__order,taxongroup_topic
1370,nsubj<obl>compound> ...,1,0.002,2,1054,Carnivora__order,taxongroup_topic
1372,nsubj<obl>det> a,1,0.002,2,1054,Carnivora__order,taxongroup_topic
1373,nsubj<obl>det> the,1,0.003,5,1054,Carnivora__order,taxongroup_topic
1374,nsubj<obl>nmod> ...,1,0.004,4,1054,Carnivora__order,taxongroup_topic
1375,nsubj<obl>nummod> ...,1,0.0,1,1054,Carnivora__order,taxongroup_topic
1376,nsubj<parataxis< ...,1,0.005,4,1054,Carnivora__order,taxongroup_topic
1377,nsubj<parataxis<nsubj> ...,1,0.004,3,1054,Carnivora__order,taxongroup_topic
1378,nsubj<parataxis<obl> ...,1,0.005,4,1054,Carnivora__order,taxongroup_topic
1379,nsubj<parataxis> ...,1,0.003,3,1054,Carnivora__order,taxongroup_topic
1381,nsubj<parataxis>obj> ...,1,0.001,1,1054,Carnivora__order,taxongroup_topic
1383,nsubj<xcomp> ...,1,0.004,3,1054,Carnivora__order,taxongroup_topic
1384,nsubj<xcomp>mark> to,1,0.004,3,1054,Carnivora__order,taxongroup_topic
1385,nsubj> ...,1,0.001,2,1054,Carnivora__order,taxongroup_topic
1386,nsubj>det> the,1,0.0,1,1054,Carnivora__order,taxongroup_topic
1387,nummod> ...,1,0.002,2,1054,Carnivora__order,taxongroup_topic
1389,obj< ...,1,0.012,12,1054,Carnivora__order,taxongroup_topic
1390,obj< describe,1,0.0,1,1054,Carnivora__order,taxongroup_topic
1392,obj< kill,1,0.001,1,1054,Carnivora__order,taxongroup_topic
1397,obj<advcl< ...,1,0.004,3,1054,Carnivora__order,taxongroup_topic
1398,obj<advmod> ...,1,0.001,1,1054,Carnivora__order,taxongroup_topic
1399,obj<advmod> also,1,0.001,1,1054,Carnivora__order,taxongroup_topic
1400,obj<mark> ...,1,0.002,2,1054,Carnivora__order,taxongroup_topic
1401,obj<mark> to,1,0.002,2,1054,Carnivora__order,taxongroup_topic
1402,obj<nsubj> ...,1,0.009,8,1054,Carnivora__order,taxongroup_topic
1406,obj<nsubj>amod> ...,1,0.001,2,1054,Carnivora__order,taxongroup_topic
1407,obj<nsubj>compound> ...,1,0.006,5,1054,Carnivora__order,taxongroup_topic
1408,obj<nsubj>nmod> ...,1,0.002,2,1054,Carnivora__order,taxongroup_topic
1409,obj<obl> ...,1,0.006,7,1054,Carnivora__order,taxongroup_topic
1410,obj<obl>case> ...,1,0.003,3,1054,Carnivora__order,taxongroup_topic
1411,obj<obl>case> as,1,0.002,2,1054,Carnivora__order,taxongroup_topic
1412,obj<obl>case> in,1,0.002,2,1054,Carnivora__order,taxongroup_topic
1414,obj<obl>det> a,1,0.004,3,1054,Carnivora__order,taxongroup_topic
1415,obj<obl>det> the,1,0.002,2,1054,Carnivora__order,taxongroup_topic
1416,obj<obl>nmod> ...,1,0.004,3,1054,Carnivora__order,taxongroup_topic
1417,obj<xcomp> ...,1,0.004,3,1054,Carnivora__order,taxongroup_topic
1419,obl< ...,1,-0.003,3,1054,Carnivora__order,taxongroup_topic
1420,obl< gai,1,0.001,1,1054,Carnivora__order,taxongroup_topic
1427,obl<acl< amount,1,0.001,1,1054,Carnivora__order,taxongroup_topic
1431,obl<acl<det> the,1,0.0,1,1054,Carnivora__order,taxongroup_topic
1434,obl<acl<nmod> meat,1,0.001,1,1054,Carnivora__order,taxongroup_topic
1444,obl<cc> and,1,0.001,1,1054,Carnivora__order,taxongroup_topic
1446,obl<conj< ...,1,-0.0,1,1054,Carnivora__order,taxongroup_topic
1448,obl<conj<nsubj> ...,1,-0.0,1,1054,Carnivora__order,taxongroup_topic
1475,xcomp< ...,1,0.002,2,1054,Carnivora__order,taxongroup_topic
1476,acl:relcl> ...,2,0.004,3,603,Carnivora__order,taxongroup_topic
1477,acl:relcl>advmod> ...,2,0.004,2,603,Carnivora__order,taxongroup_topic
1479,acl:relcl>nsubj> which,2,0.003,2,603,Carnivora__order,taxongroup_topic
1480,acl:relcl>obj> ...,2,0.001,1,603,Carnivora__order,taxongroup_topic
1482,acl> ...,2,0.0,2,603,Carnivora__order,taxongroup_topic
1483,acl>obl> ...,2,0.0,2,603,Carnivora__order,taxongroup_topic
1484,acl>obl>case> ...,2,0.0,1,603,Carnivora__order,taxongroup_topic
1486,acl>obl>case> in,2,0.001,1,603,Carnivora__order,taxongroup_topic
1487,acl>obl>compound> ...,2,0.001,1,603,Carnivora__order,taxongroup_topic
1488,acl>obl>det> a,2,0.002,1,603,Carnivora__order,taxongroup_topic
1489,acl>obl>det> the,2,0.0,1,603,Carnivora__order,taxongroup_topic
1490,advcl<obl>nmod> ...,2,0.009,3,603,Carnivora__order,taxongroup_topic
1491,advmod> ...,2,0.0,1,603,Carnivora__order,taxongroup_topic
1493,amod> ...,2,0.01,14,603,Carnivora__order,taxongroup_topic
1494,amod> african,2,0.001,2,603,Carnivora__order,taxongroup_topic
1495,amod> american,2,0.002,2,603,Carnivora__order,taxongroup_topic
1496,amod> asian,2,-0.003,1,603,Carnivora__order,taxongroup_topic
1497,amod> brown,2,0.006,3,603,Carnivora__order,taxongroup_topic
1498,amod> european,2,0.001,2,603,Carnivora__order,taxongroup_topic
1499,amod> giant,2,0.006,3,603,Carnivora__order,taxongroup_topic
1500,amod> golden,2,-0.003,1,603,Carnivora__order,taxongroup_topic
1501,amod> least,2,0.005,3,603,Carnivora__order,taxongroup_topic
1502,amod> maned,2,-0.0,1,603,Carnivora__order,taxongroup_topic
1503,amod> wild,2,0.0,1,603,Carnivora__order,taxongroup_topic
1539,appos> ...,2,0.002,5,603,Carnivora__order,taxongroup_topic
1553,appos>compound> ...,2,-0.0,1,603,Carnivora__order,taxongroup_topic
1555,appos>compound> Mustela,2,0.004,2,603,Carnivora__order,taxongroup_topic
1558,appos>flat> ...,2,0.003,2,603,Carnivora__order,taxongroup_topic
1561,case> 's,2,-0.002,1,603,Carnivora__order,taxongroup_topic
1562,case> ...,2,0.028,12,603,Carnivora__order,taxongroup_topic
1563,case> as,2,0.001,1,603,Carnivora__order,taxongroup_topic
1564,case> by,2,0.006,3,603,Carnivora__order,taxongroup_topic
1565,case> for,2,0.001,1,603,Carnivora__order,taxongroup_topic
1566,case> from,2,0.014,5,603,Carnivora__order,taxongroup_topic
1567,case> in,2,0.005,3,603,Carnivora__order,taxongroup_topic
1568,case> like,2,0.007,3,603,Carnivora__order,taxongroup_topic
1569,case> of,2,0.057,22,603,Carnivora__order,taxongroup_topic
1570,case> such,2,0.008,4,603,Carnivora__order,taxongroup_topic
1571,case> to,2,0.015,6,603,Carnivora__order,taxongroup_topic
1572,case>fixed> as,2,0.008,4,603,Carnivora__order,taxongroup_topic
1576,compound< attack,2,0.002,1,603,Carnivora__order,taxongroup_topic
1577,compound< familiaris,2,0.001,1,603,Carnivora__order,taxongroup_topic
1597,compound<appos> ...,2,0.001,1,603,Carnivora__order,taxongroup_topic
1601,compound<case> of,2,-0.001,1,603,Carnivora__order,taxongroup_topic
1602,compound<compound> ...,2,-0.0,1,603,Carnivora__order,taxongroup_topic
1605,compound<det> the,2,-0.001,1,603,Carnivora__order,taxongroup_topic
1606,compound<nmod< ...,2,-0.001,1,603,Carnivora__order,taxongroup_topic
1609,compound<nmod<case> ...,2,0.002,1,603,Carnivora__order,taxongroup_topic
1611,compound<nmod<compound> ...,2,0.001,1,603,Carnivora__order,taxongroup_topic
1617,compound<nmod<nmod> data,2,0.006,2,603,Carnivora__order,taxongroup_topic
1619,compound<nmod> ...,2,-0.001,1,603,Carnivora__order,taxongroup_topic
1621,compound<nmod>case> ...,2,-0.0,1,603,Carnivora__order,taxongroup_topic
1634,compound> ...,2,-0.0,2,603,Carnivora__order,taxongroup_topic
1636,compound> elephant,2,0.002,1,603,Carnivora__order,taxongroup_topic
1637,compound> family,2,0.001,1,603,Carnivora__order,taxongroup_topic
1643,compound> weasel,2,0.002,1,603,Carnivora__order,taxongroup_topic
1644,compound>amod> ...,2,0.001,1,603,Carnivora__order,taxongroup_topic
1645,compound>compound> ...,2,0.001,1,603,Carnivora__order,taxongroup_topic
1807,conj> ...,2,-0.004,4,603,Carnivora__order,taxongroup_topic
1810,conj> cat,2,0.001,1,603,Carnivora__order,taxongroup_topic
1814,conj> panda,2,0.001,1,603,Carnivora__order,taxongroup_topic
1815,conj> seal,2,0.001,1,603,Carnivora__order,taxongroup_topic
1818,conj>advmod> ...,2,0.001,1,603,Carnivora__order,taxongroup_topic
1820,conj>amod> ...,2,-0.0,3,603,Carnivora__order,taxongroup_topic
1827,conj>cc> and,2,-0.001,5,603,Carnivora__order,taxongroup_topic
1828,conj>cc> or,2,0.0,1,603,Carnivora__order,taxongroup_topic
1832,conj>det> a,2,0.002,1,603,Carnivora__order,taxongroup_topic
1833,conj>det> the,2,-0.0,1,603,Carnivora__order,taxongroup_topic
1841,cop> be,2,0.0,1,603,Carnivora__order,taxongroup_topic
1842,det> ...,2,0.001,1,603,Carnivora__order,taxongroup_topic
1843,det> a,2,0.009,8,603,Carnivora__order,taxongroup_topic
1844,det> the,2,0.009,27,603,Carnivora__order,taxongroup_topic
1856,mark> ...,2,0.005,2,603,Carnivora__order,taxongroup_topic
1857,nmod:poss< ...,2,-0.001,1,603,Carnivora__order,taxongroup_topic
1864,nmod:poss<compound> ...,2,0.0,1,603,Carnivora__order,taxongroup_topic
1873,nmod< ...,2,0.061,24,603,Carnivora__order,taxongroup_topic
1874,nmod< animal,2,0.004,2,603,Carnivora__order,taxongroup_topic
1875,nmod< mammal,2,0.002,1,603,Carnivora__order,taxongroup_topic
1876,nmod< member,2,0.001,1,603,Carnivora__order,taxongroup_topic
1877,nmod< roar,2,0.006,2,603,Carnivora__order,taxongroup_topic
1878,nmod< species,2,0.005,2,603,Carnivora__order,taxongroup_topic
1879,nmod< those,2,0.009,3,603,Carnivora__order,taxongroup_topic
1880,nmod<acl:relcl> ...,2,0.001,1,603,Carnivora__order,taxongroup_topic
1882,nmod<acl:relcl>nsubj> which,2,0.002,1,603,Carnivora__order,taxongroup_topic
1883,nmod<amod> ...,2,0.037,16,603,Carnivora__order,taxongroup_topic
1885,nmod<amod> low,2,0.006,2,603,Carnivora__order,taxongroup_topic
1886,nmod<amod> related,2,0.006,2,603,Carnivora__order,taxongroup_topic
1887,nmod<appos> ...,2,0.009,6,603,Carnivora__order,taxongroup_topic
1888,nmod<appos>amod> ...,2,0.0,1,603,Carnivora__order,taxongroup_topic
1889,nmod<appos>compound> ...,2,0.009,4,603,Carnivora__order,taxongroup_topic
1890,nmod<case> ...,2,0.005,2,603,Carnivora__order,taxongroup_topic
1891,nmod<case> at,2,0.006,2,603,Carnivora__order,taxongroup_topic
1893,nmod<case> in,2,0.009,3,603,Carnivora__order,taxongroup_topic
1894,nmod<case> of,2,0.009,3,603,Carnivora__order,taxongroup_topic
1895,nmod<case> than,2,0.009,3,603,Carnivora__order,taxongroup_topic
1896,nmod<case> to,2,0.005,2,603,Carnivora__order,taxongroup_topic
1898,nmod<cc> or,2,0.002,1,603,Carnivora__order,taxongroup_topic
1899,nmod<compound<nmod> ...,2,0.005,2,603,Carnivora__order,taxongroup_topic
1900,nmod<compound> ...,2,0.011,4,603,Carnivora__order,taxongroup_topic
1901,nmod<compound>nmod> ...,2,0.012,4,603,Carnivora__order,taxongroup_topic
1902,nmod<conj< ...,2,0.001,1,603,Carnivora__order,taxongroup_topic
1903,nmod<conj<amod> ...,2,0.001,1,603,Carnivora__order,taxongroup_topic
1906,nmod<conj<det> the,2,0.001,1,603,Carnivora__order,taxongroup_topic
1907,nmod<conj> ...,2,0.02,7,603,Carnivora__order,taxongroup_topic
1908,nmod<conj> miaow,2,0.006,2,603,Carnivora__order,taxongroup_topic
1909,nmod<conj>appos> ...,2,0.005,2,603,Carnivora__order,taxongroup_topic
1910,nmod<conj>cc> and,2,0.011,4,603,Carnivora__order,taxongroup_topic
1911,nmod<conj>cc> or,2,0.009,3,603,Carnivora__order,taxongroup_topic
1912,nmod<cop> be,2,0.006,3,603,Carnivora__order,taxongroup_topic
1913,nmod<det> ...,2,0.003,1,603,Carnivora__order,taxongroup_topic
1914,nmod<det> a,2,0.008,4,603,Carnivora__order,taxongroup_topic
1915,nmod<det> the,2,0.047,17,603,Carnivora__order,taxongroup_topic
1916,nmod<nmod< ...,2,0.018,6,603,Carnivora__order,taxongroup_topic
1917,nmod<nmod<amod> ...,2,0.012,4,603,Carnivora__order,taxongroup_topic
1918,nmod<nmod<det> ...,2,0.003,1,603,Carnivora__order,taxongroup_topic
1919,nmod<nmod<det> the,2,0.009,3,603,Carnivora__order,taxongroup_topic
1920,nmod<nmod> ...,2,0.012,6,603,Carnivora__order,taxongroup_topic
1921,nmod<nmod>amod> ...,2,0.005,2,603,Carnivora__order,taxongroup_topic
1922,nmod<nmod>case> ...,2,0.003,1,603,Carnivora__order,taxongroup_topic
1923,nmod<nmod>case> in,2,0.004,2,603,Carnivora__order,taxongroup_topic
1924,nmod<nmod>case> of,2,0.001,1,603,Carnivora__order,taxongroup_topic
1925,nmod<nmod>case> to,2,0.005,2,603,Carnivora__order,taxongroup_topic
1926,nmod<nmod>conj> ...,2,0.001,1,603,Carnivora__order,taxongroup_topic
1927,nmod<nsubj:pass< ...,2,0.005,2,603,Carnivora__order,taxongroup_topic
1928,nmod<nsubj:pass<aux:pass> be,2,0.005,2,603,Carnivora__order,taxongroup_topic
1929,nmod<nsubj:pass<obl> ...,2,0.005,2,603,Carnivora__order,taxongroup_topic
1930,nmod<nsubj< ...,2,0.015,6,603,Carnivora__order,taxongroup_topic
1931,nmod<nsubj< more,2,0.006,2,603,Carnivora__order,taxongroup_topic
1932,nmod<nsubj<aux> ...,2,0.012,4,603,Carnivora__order,taxongroup_topic
1933,nmod<nsubj<aux> may,2,0.006,2,603,Carnivora__order,taxongroup_topic
1934,nmod<nsubj<conj> ...,2,0.009,3,603,Carnivora__order,taxongroup_topic
1935,nmod<nsubj<cop> be,2,0.012,4,603,Carnivora__order,taxongroup_topic
1936,nmod<nsubj<obj> ...,2,0.009,3,603,Carnivora__order,taxongroup_topic
1937,nmod<nsubj<obl> ...,2,0.003,2,603,Carnivora__order,taxongroup_topic
1938,nmod<nsubj> ...,2,0.003,2,603,Carnivora__order,taxongroup_topic
1939,nmod<nsubj>det> the,2,0.001,1,603,Carnivora__order,taxongroup_topic
1940,nmod<obj< ...,2,0.011,4,603,Carnivora__order,taxongroup_topic
1941,nmod<obl< ...,2,0.026,10,603,Carnivora__order,taxongroup_topic
1942,nmod<obl<advmod> ...,2,0.009,3,603,Carnivora__order,taxongroup_topic
1943,nmod<obl<conj< ...,2,0.005,2,603,Carnivora__order,taxongroup_topic
1944,nmod<obl<conj> ...,2,0.008,3,603,Carnivora__order,taxongroup_topic
1945,nmod<obl<conj> bear,2,0.006,2,603,Carnivora__order,taxongroup_topic
1946,nmod<obl<cop> be,2,0.008,3,603,Carnivora__order,taxongroup_topic
1947,nmod<obl<nsubj> ...,2,0.011,4,603,Carnivora__order,taxongroup_topic
1948,nmod<obl<obj> ...,2,0.005,2,603,Carnivora__order,taxongroup_topic
1949,nmod<obl<obl> ...,2,0.001,1,603,Carnivora__order,taxongroup_topic
1950,nmod> ...,2,-0.002,1,603,Carnivora__order,taxongroup_topic
1951,nmod> America,2,0.002,1,603,Carnivora__order,taxongroup_topic
1955,nmod>case> in,2,0.001,2,603,Carnivora__order,taxongroup_topic
1959,nmod>compound> North,2,0.002,1,603,Carnivora__order,taxongroup_topic
2157,obl< ...,2,0.032,15,603,Carnivora__order,taxongroup_topic
2158,obl< gai,2,0.002,1,603,Carnivora__order,taxongroup_topic
2160,obl< range,2,0.009,3,603,Carnivora__order,taxongroup_topic
2161,obl< related,2,0.008,3,603,Carnivora__order,taxongroup_topic
2162,obl<acl:relcl< ...,2,0.005,2,603,Carnivora__order,taxongroup_topic
2163,obl<acl:relcl<amod> ...,2,0.005,2,603,Carnivora__order,taxongroup_topic
2164,obl<acl< ...,2,0.014,5,603,Carnivora__order,taxongroup_topic
2165,obl<acl< amount,2,0.002,1,603,Carnivora__order,taxongroup_topic
2166,obl<acl<case> ...,2,0.009,3,603,Carnivora__order,taxongroup_topic
2167,obl<acl<case> of,2,0.002,1,603,Carnivora__order,taxongroup_topic
2168,obl<acl<det> a,2,0.009,3,603,Carnivora__order,taxongroup_topic
2169,obl<acl<det> the,2,0.005,2,603,Carnivora__order,taxongroup_topic
2170,obl<acl<nmod< ...,2,0.005,2,603,Carnivora__order,taxongroup_topic
2171,obl<acl<nmod> ...,2,0.006,2,603,Carnivora__order,taxongroup_topic
2172,obl<acl<nmod> meat,2,0.002,1,603,Carnivora__order,taxongroup_topic
2173,obl<advcl< ...,2,0.005,2,603,Carnivora__order,taxongroup_topic
2174,obl<advcl> ...,2,0.003,2,603,Carnivora__order,taxongroup_topic
2175,obl<advcl>mark> ...,2,0.005,2,603,Carnivora__order,taxongroup_topic
2176,obl<advcl>obj> ...,2,0.004,2,603,Carnivora__order,taxongroup_topic
2177,obl<advmod> ...,2,0.02,9,603,Carnivora__order,taxongroup_topic
2178,obl<advmod> closely,2,0.009,3,603,Carnivora__order,taxongroup_topic
2179,obl<aux:pass> be,2,0.005,3,603,Carnivora__order,taxongroup_topic
2180,obl<aux> ...,2,0.002,1,603,Carnivora__order,taxongroup_topic
2183,obl<cc> but,2,0.005,2,603,Carnivora__order,taxongroup_topic
2184,obl<conj< ...,2,0.003,2,603,Carnivora__order,taxongroup_topic
2185,obl<conj<cop> be,2,0.001,1,603,Carnivora__order,taxongroup_topic
2186,obl<conj<nsubj> ...,2,0.004,2,603,Carnivora__order,taxongroup_topic
2187,obl<conj> ...,2,0.008,3,603,Carnivora__order,taxongroup_topic
2188,obl<conj>cc> and,2,0.005,2,603,Carnivora__order,taxongroup_topic
2189,obl<cop> be,2,0.017,7,603,Carnivora__order,taxongroup_topic
2190,obl<mark> ...,2,0.004,2,603,Carnivora__order,taxongroup_topic
2191,obl<mark> to,2,0.005,2,603,Carnivora__order,taxongroup_topic
2192,obl<nsubj:pass> ...,2,0.004,2,603,Carnivora__order,taxongroup_topic
2193,obl<nsubj:pass> which,2,0.002,1,603,Carnivora__order,taxongroup_topic
2194,obl<nsubj> ...,2,0.016,7,603,Carnivora__order,taxongroup_topic
2195,obl<nsubj> it,2,0.005,2,603,Carnivora__order,taxongroup_topic
2196,obl<nsubj>amod> ...,2,0.009,4,603,Carnivora__order,taxongroup_topic
2197,obl<nsubj>compound> ...,2,0.004,2,603,Carnivora__order,taxongroup_topic
2198,obl<nsubj>det> the,2,0.011,4,603,Carnivora__order,taxongroup_topic
2199,obl<obj> ...,2,0.006,3,603,Carnivora__order,taxongroup_topic
2200,obl<obj>conj> ...,2,0.009,3,603,Carnivora__order,taxongroup_topic
2202,obl<obj>det> the,2,0.001,1,603,Carnivora__order,taxongroup_topic
2203,obl<obl> ...,2,0.016,7,603,Carnivora__order,taxongroup_topic
2204,obl<obl> size,2,0.006,2,603,Carnivora__order,taxongroup_topic
2205,obl<obl>amod> ...,2,0.015,6,603,Carnivora__order,taxongroup_topic
2206,obl<obl>case> ...,2,0.011,5,603,Carnivora__order,taxongroup_topic
2207,obl<obl>case> in,2,0.008,3,603,Carnivora__order,taxongroup_topic
2208,obl<obl>case> to,2,0.002,1,603,Carnivora__order,taxongroup_topic
2209,obl<obl>det> ...,2,0.003,1,603,Carnivora__order,taxongroup_topic
2210,obl<obl>det> the,2,0.005,2,603,Carnivora__order,taxongroup_topic
2211,obl<xcomp< ...,2,0.001,1,603,Carnivora__order,taxongroup_topic
2212,obl<xcomp<nsubj> ...,2,0.001,1,603,Carnivora__order,taxongroup_topic
2214,acl:relcl> ...,3,0.001,1,367,Carnivora__order,taxongroup_topic
2215,acl:relcl>advmod> ...,3,0.003,1,367,Carnivora__order,taxongroup_topic
2216,acl:relcl>aux> ...,3,0.01,2,367,Carnivora__order,taxongroup_topic
2217,acl:relcl>nsubj> which,3,0.002,1,367,Carnivora__order,taxongroup_topic
2220,acl> ...,3,0.008,3,367,Carnivora__order,taxongroup_topic
2221,acl>obl> ...,3,0.008,3,367,Carnivora__order,taxongroup_topic
2222,acl>obl>case> ...,3,0.002,1,367,Carnivora__order,taxongroup_topic
2223,acl>obl>case> from,3,0.004,1,367,Carnivora__order,taxongroup_topic
2224,acl>obl>case> in,3,0.003,1,367,Carnivora__order,taxongroup_topic
2227,acl>obl>det> the,3,0.002,1,367,Carnivora__order,taxongroup_topic
2231,amod> ...,3,-0.004,4,367,Carnivora__order,taxongroup_topic
2232,amod> african,3,0.0,1,367,Carnivora__order,taxongroup_topic
2237,amod> giant,3,0.001,1,367,Carnivora__order,taxongroup_topic
2277,appos> ...,3,-0.001,2,367,Carnivora__order,taxongroup_topic
2279,appos> Panthera,3,0.003,1,367,Carnivora__order,taxongroup_topic
2291,appos>compound> ...,3,0.005,2,367,Carnivora__order,taxongroup_topic
2298,appos>flat> onca,3,0.003,1,367,Carnivora__order,taxongroup_topic
2300,case> ...,3,-0.002,1,367,Carnivora__order,taxongroup_topic
2301,case> as,3,0.017,3,367,Carnivora__order,taxongroup_topic
2302,case> by,3,0.007,2,367,Carnivora__order,taxongroup_topic
2303,case> for,3,0.01,2,367,Carnivora__order,taxongroup_topic
2305,case> in,3,0.012,3,367,Carnivora__order,taxongroup_topic
2307,case> of,3,-0.002,2,367,Carnivora__order,taxongroup_topic
2308,case> such,3,0.001,1,367,Carnivora__order,taxongroup_topic
2309,case> to,3,0.001,1,367,Carnivora__order,taxongroup_topic
2310,case>fixed> as,3,0.001,1,367,Carnivora__order,taxongroup_topic
2311,cc> and,3,0.029,10,367,Carnivora__order,taxongroup_topic
2312,cc> or,3,0.002,1,367,Carnivora__order,taxongroup_topic
2313,compound< ...,3,-0.002,1,367,Carnivora__order,taxongroup_topic
2327,compound<appos< ...,3,0.003,1,367,Carnivora__order,taxongroup_topic
2328,compound<appos<amod> ...,3,0.003,1,367,Carnivora__order,taxongroup_topic
2330,compound<appos<conj> ...,3,0.009,2,367,Carnivora__order,taxongroup_topic
2331,compound<appos<conj> weasel,3,0.013,2,367,Carnivora__order,taxongroup_topic
2332,compound<appos<det> ...,3,0.006,1,367,Carnivora__order,taxongroup_topic
2372,compound> ...,3,0.002,2,367,Carnivora__order,taxongroup_topic
2375,compound> family,3,0.009,2,367,Carnivora__order,taxongroup_topic
2376,compound> genus,3,0.003,1,367,Carnivora__order,taxongroup_topic
2377,compound> grey,3,0.002,1,367,Carnivora__order,taxongroup_topic
2378,compound> mountain,3,0.008,2,367,Carnivora__order,taxongroup_topic
2379,compound> sea,3,0.001,1,367,Carnivora__order,taxongroup_topic
2380,compound> snow,3,0.002,1,367,Carnivora__order,taxongroup_topic
2381,compound> weasel,3,0.004,1,367,Carnivora__order,taxongroup_topic
2382,compound>amod> ...,3,0.003,1,367,Carnivora__order,taxongroup_topic
2384,conj< ...,3,0.017,8,367,Carnivora__order,taxongroup_topic
2386,conj< cougar,3,0.013,2,367,Carnivora__order,taxongroup_topic
2389,conj< marten,3,0.004,1,367,Carnivora__order,taxongroup_topic
2391,conj< seal,3,0.002,1,367,Carnivora__order,taxongroup_topic
2392,conj< tiger,3,0.003,1,367,Carnivora__order,taxongroup_topic
2395,conj<amod> ...,3,0.011,3,367,Carnivora__order,taxongroup_topic
2398,conj<appos< ...,3,0.001,1,367,Carnivora__order,taxongroup_topic
2399,conj<appos<cop> be,3,0.003,1,367,Carnivora__order,taxongroup_topic
2400,conj<appos<det> ...,3,0.006,1,367,Carnivora__order,taxongroup_topic
2402,conj<appos<nsubj> ...,3,0.003,1,367,Carnivora__order,taxongroup_topic
2403,conj<appos> ...,3,0.001,2,367,Carnivora__order,taxongroup_topic
2409,conj<appos>compound> ...,3,0.004,2,367,Carnivora__order,taxongroup_topic
2413,conj<case> as,3,0.012,3,367,Carnivora__order,taxongroup_topic
2414,conj<case> by,3,0.004,1,367,Carnivora__order,taxongroup_topic
2416,conj<case> like,3,0.004,1,367,Carnivora__order,taxongroup_topic
2418,conj<case> such,3,0.007,2,367,Carnivora__order,taxongroup_topic
2420,conj<case>fixed> as,3,0.007,2,367,Carnivora__order,taxongroup_topic
2421,conj<compound> ...,3,0.008,2,367,Carnivora__order,taxongroup_topic
2423,conj<conj> ...,3,-0.009,2,367,Carnivora__order,taxongroup_topic
2424,conj<conj> animal,3,0.003,1,367,Carnivora__order,taxongroup_topic
2436,conj<conj>amod> ...,3,-0.001,1,367,Carnivora__order,taxongroup_topic
2440,conj<conj>amod> other,3,0.002,1,367,Carnivora__order,taxongroup_topic
2444,conj<conj>cc> and,3,-0.0,3,367,Carnivora__order,taxongroup_topic
2449,conj<conj>det> the,3,0.003,1,367,Carnivora__order,taxongroup_topic
2453,conj<conj>nmod> ...,3,0.002,1,367,Carnivora__order,taxongroup_topic
2462,conj<cop> be,3,0.008,2,367,Carnivora__order,taxongroup_topic
2463,conj<det> a,3,0.01,2,367,Carnivora__order,taxongroup_topic
2464,conj<det> the,3,0.024,8,367,Carnivora__order,taxongroup_topic
2465,conj<nmod< ...,3,0.003,2,367,Carnivora__order,taxongroup_topic
2467,conj<nmod< mammal,3,0.001,1,367,Carnivora__order,taxongroup_topic
2470,conj<nmod<amod> ...,3,0.009,3,367,Carnivora__order,taxongroup_topic
2473,conj<nmod<case> ...,3,0.001,1,367,Carnivora__order,taxongroup_topic
2479,conj<nmod<nsubj< ...,3,0.003,1,367,Carnivora__order,taxongroup_topic
2480,conj<nmod<obl< ...,3,0.002,1,367,Carnivora__order,taxongroup_topic
2481,conj<nmod> ...,3,0.01,3,367,Carnivora__order,taxongroup_topic
2488,conj<nmod>amod> other,3,0.004,1,367,Carnivora__order,taxongroup_topic
2492,conj<nmod>case> among,3,0.004,1,367,Carnivora__order,taxongroup_topic
2496,conj<nmod>case> to,3,0.004,1,367,Carnivora__order,taxongroup_topic
2497,conj<nmod>case> with,3,0.004,1,367,Carnivora__order,taxongroup_topic
2499,conj<nmod>det> ...,3,0.006,1,367,Carnivora__order,taxongroup_topic
2500,conj<nmod>det> the,3,0.003,1,367,Carnivora__order,taxongroup_topic
2501,conj<nmod>nmod> ...,3,0.01,2,367,Carnivora__order,taxongroup_topic
2505,conj<nsubj< animal,3,0.013,2,367,Carnivora__order,taxongroup_topic
2508,conj<nsubj<advmod> arguably,3,0.013,2,367,Carnivora__order,taxongroup_topic
2511,conj<nsubj<amod> important,3,0.013,2,367,Carnivora__order,taxongroup_topic
2512,conj<nsubj<cop> be,3,0.008,2,367,Carnivora__order,taxongroup_topic
2513,conj<nsubj<det> the,3,0.008,2,367,Carnivora__order,taxongroup_topic
2516,conj<nsubj<obl> term,3,0.013,2,367,Carnivora__order,taxongroup_topic
2517,conj<nsubj> ...,3,0.011,3,367,Carnivora__order,taxongroup_topic
2518,conj<nsubj>amod> ...,3,0.002,1,367,Carnivora__order,taxongroup_topic
2519,conj<nsubj>det> the,3,0.003,1,367,Carnivora__order,taxongroup_topic
2533,conj<obj> ...,3,0.003,1,367,Carnivora__order,taxongroup_topic
2534,conj<obj>amod> ...,3,0.003,1,367,Carnivora__order,taxongroup_topic
2535,conj<obl< ...,3,0.007,2,367,Carnivora__order,taxongroup_topic
2536,conj<obl< know,3,0.01,2,367,Carnivora__order,taxongroup_topic
2537,conj<obl<advmod> ...,3,0.003,1,367,Carnivora__order,taxongroup_topic
2538,conj<obl<advmod> also,3,0.01,2,367,Carnivora__order,taxongroup_topic
2539,conj<obl<advmod> commonly,3,0.013,2,367,Carnivora__order,taxongroup_topic
2540,conj<obl<aux:pass> be,3,0.01,2,367,Carnivora__order,taxongroup_topic
2541,conj<obl<nsubj:pass> ...,3,0.01,2,367,Carnivora__order,taxongroup_topic
2542,conj<obl<obl> ...,3,0.017,3,367,Carnivora__order,taxongroup_topic
2543,conj<obl> ...,3,0.003,1,367,Carnivora__order,taxongroup_topic
2544,conj<obl>case> ...,3,0.003,1,367,Carnivora__order,taxongroup_topic
2545,conj> ...,3,0.001,5,367,Carnivora__order,taxongroup_topic
2549,conj> leopard,3,0.008,2,367,Carnivora__order,taxongroup_topic
2551,conj> otter,3,0.003,1,367,Carnivora__order,taxongroup_topic
2552,conj> panda,3,0.003,1,367,Carnivora__order,taxongroup_topic
2556,conj>advmod> ...,3,0.01,2,367,Carnivora__order,taxongroup_topic
2557,conj>advmod> simply,3,0.004,1,367,Carnivora__order,taxongroup_topic
2558,conj>amod> ...,3,0.008,4,367,Carnivora__order,taxongroup_topic
2564,conj>cc> ...,3,0.006,1,367,Carnivora__order,taxongroup_topic
2565,conj>cc> and,3,-0.003,2,367,Carnivora__order,taxongroup_topic
2566,conj>cc> or,3,0.013,3,367,Carnivora__order,taxongroup_topic
2567,conj>compound> ...,3,0.002,1,367,Carnivora__order,taxongroup_topic
2582,det> the,3,0.008,16,367,Carnivora__order,taxongroup_topic
2611,nmod< ...,3,-0.003,1,367,Carnivora__order,taxongroup_topic
2613,nmod< mammal,3,0.004,1,367,Carnivora__order,taxongroup_topic
2614,nmod< member,3,0.017,3,367,Carnivora__order,taxongroup_topic
2621,nmod<amod> ...,3,0.005,4,367,Carnivora__order,taxongroup_topic
2625,nmod<appos> ...,3,0.045,9,367,Carnivora__order,taxongroup_topic
2626,nmod<appos>amod> ...,3,0.023,4,367,Carnivora__order,taxongroup_topic
2627,nmod<appos>compound> ...,3,0.007,2,367,Carnivora__order,taxongroup_topic
2630,nmod<case> from,3,0.004,1,367,Carnivora__order,taxongroup_topic
2636,nmod<cc> or,3,0.004,1,367,Carnivora__order,taxongroup_topic
2637,nmod<compound<nmod> ...,3,0.003,1,367,Carnivora__order,taxongroup_topic
2640,nmod<conj< ...,3,0.003,1,367,Carnivora__order,taxongroup_topic
2641,nmod<conj<amod> ...,3,0.003,1,367,Carnivora__order,taxongroup_topic
2642,nmod<conj<conj> ...,3,0.006,1,367,Carnivora__order,taxongroup_topic
2643,nmod<conj<conj> weasel,3,0.013,2,367,Carnivora__order,taxongroup_topic
2644,nmod<conj<det> the,3,0.003,1,367,Carnivora__order,taxongroup_topic
2645,nmod<conj> ...,3,0.001,1,367,Carnivora__order,taxongroup_topic
2647,nmod<conj>appos> ...,3,0.003,1,367,Carnivora__order,taxongroup_topic
2648,nmod<conj>cc> and,3,0.002,1,367,Carnivora__order,taxongroup_topic
2650,nmod<cop> be,3,0.001,1,367,Carnivora__order,taxongroup_topic
2653,nmod<det> the,3,-0.002,1,367,Carnivora__order,taxongroup_topic
2658,nmod<nmod> ...,3,0.014,4,367,Carnivora__order,taxongroup_topic
2661,nmod<nmod>case> in,3,0.009,2,367,Carnivora__order,taxongroup_topic
2662,nmod<nmod>case> of,3,0.003,1,367,Carnivora__order,taxongroup_topic
2663,nmod<nmod>case> to,3,0.003,1,367,Carnivora__order,taxongroup_topic
2664,nmod<nmod>conj> ...,3,0.01,2,367,Carnivora__order,taxongroup_topic
2665,nmod<nsubj:pass< ...,3,0.003,1,367,Carnivora__order,taxongroup_topic
2666,nmod<nsubj:pass<aux:pass> be,3,0.003,1,367,Carnivora__order,taxongroup_topic
2667,nmod<nsubj:pass<obl> ...,3,0.003,1,367,Carnivora__order,taxongroup_topic
2676,nmod<nsubj> ...,3,0.002,1,367,Carnivora__order,taxongroup_topic
2688,nmod> ...,3,0.0,2,367,Carnivora__order,taxongroup_topic
2691,nmod>case> ...,3,0.001,1,367,Carnivora__order,taxongroup_topic
2693,nmod>case> in,3,0.001,1,367,Carnivora__order,taxongroup_topic
2696,nmod>compound> ...,3,0.003,1,367,Carnivora__order,taxongroup_topic
2747,nsubj< use,3,0.004,1,367,Carnivora__order,taxongroup_topic
2753,nsubj<acl> ...,3,0.002,1,367,Carnivora__order,taxongroup_topic
2757,nsubj<advcl> ...,3,0.001,1,367,Carnivora__order,taxongroup_topic
2758,nsubj<advcl>conj> ...,3,0.01,2,367,Carnivora__order,taxongroup_topic
2760,nsubj<advcl>mark> if,3,0.004,1,367,Carnivora__order,taxongroup_topic
2825,nsubj<obj> ...,3,-0.001,1,367,Carnivora__order,taxongroup_topic
2895,obl< ...,3,0.014,6,367,Carnivora__order,taxongroup_topic
2897,obl< know,3,0.019,3,367,Carnivora__order,taxongroup_topic
2899,obl< related,3,0.003,1,367,Carnivora__order,taxongroup_topic
2900,obl<acl:relcl< ...,3,0.003,1,367,Carnivora__order,taxongroup_topic
2901,obl<acl:relcl<amod> ...,3,0.003,1,367,Carnivora__order,taxongroup_topic
2911,obl<advcl< ...,3,0.003,1,367,Carnivora__order,taxongroup_topic
2912,obl<advcl> ...,3,0.008,2,367,Carnivora__order,taxongroup_topic
2914,obl<advcl>obj> ...,3,0.009,2,367,Carnivora__order,taxongroup_topic
2915,obl<advmod> ...,3,0.023,6,367,Carnivora__order,taxongroup_topic
2917,obl<aux:pass> be,3,0.019,4,367,Carnivora__order,taxongroup_topic
2918,obl<aux> ...,3,0.004,1,367,Carnivora__order,taxongroup_topic
2919,obl<aux> will,3,0.013,2,367,Carnivora__order,taxongroup_topic
2920,obl<cc> and,3,0.004,1,367,Carnivora__order,taxongroup_topic
2921,obl<cc> but,3,0.003,1,367,Carnivora__order,taxongroup_topic
2922,obl<conj< ...,3,0.008,2,367,Carnivora__order,taxongroup_topic
2923,obl<conj<cop> be,3,0.01,2,367,Carnivora__order,taxongroup_topic
2924,obl<conj<nsubj> ...,3,0.003,1,367,Carnivora__order,taxongroup_topic
2925,obl<conj> ...,3,0.003,1,367,Carnivora__order,taxongroup_topic
2926,obl<conj>cc> and,3,0.003,1,367,Carnivora__order,taxongroup_topic
2927,obl<cop> be,3,0.009,3,367,Carnivora__order,taxongroup_topic
2928,obl<mark> ...,3,0.009,2,367,Carnivora__order,taxongroup_topic
2929,obl<mark> to,3,0.003,1,367,Carnivora__order,taxongroup_topic
2930,obl<nsubj:pass> ...,3,0.009,2,367,Carnivora__order,taxongroup_topic
2931,obl<nsubj:pass> which,3,0.004,1,367,Carnivora__order,taxongroup_topic
2932,obl<nsubj> ...,3,0.008,3,367,Carnivora__order,taxongroup_topic
2933,obl<nsubj> it,3,0.003,1,367,Carnivora__order,taxongroup_topic
2934,obl<nsubj>amod> ...,3,0.001,1,367,Carnivora__order,taxongroup_topic
2935,obl<nsubj>compound> ...,3,0.009,2,367,Carnivora__order,taxongroup_topic
2936,obl<nsubj>det> the,3,0.002,1,367,Carnivora__order,taxongroup_topic
2937,obl<obj> ...,3,0.007,2,367,Carnivora__order,taxongroup_topic
2939,obl<obj>det> ...,3,0.006,1,367,Carnivora__order,taxongroup_topic
2940,obl<obj>det> the,3,0.003,1,367,Carnivora__order,taxongroup_topic
2941,obl<obl> ...,3,0.014,4,367,Carnivora__order,taxongroup_topic
2943,obl<obl>amod> ...,3,0.005,2,367,Carnivora__order,taxongroup_topic
2944,obl<obl>case> ...,3,0.011,3,367,Carnivora__order,taxongroup_topic
2945,obl<obl>case> in,3,0.003,1,367,Carnivora__order,taxongroup_topic
2946,obl<obl>case> to,3,0.004,1,367,Carnivora__order,taxongroup_topic
2948,obl<obl>det> the,3,0.003,1,367,Carnivora__order,taxongroup_topic
2949,obl<xcomp< ...,3,0.01,2,367,Carnivora__order,taxongroup_topic
2950,obl<xcomp<nsubj> ...,3,0.01,2,367,Carnivora__order,taxongroup_topic
2958,acl> ...,4,0.0,1,330,Carnivora__order,taxongroup_topic
2959,acl>obl> ...,4,0.0,1,330,Carnivora__order,taxongroup_topic
2962,acl>obl>case> in,4,0.003,1,330,Carnivora__order,taxongroup_topic
2963,acl>obl>compound> ...,4,0.003,1,330,Carnivora__order,taxongroup_topic
2965,acl>obl>det> the,4,0.002,1,330,Carnivora__order,taxongroup_topic
2969,amod> ...,4,0.007,7,330,Carnivora__order,taxongroup_topic
2972,amod> asian,4,0.269,38,330,Carnivora__order,taxongroup_topic
2976,amod> golden,4,0.269,38,330,Carnivora__order,taxongroup_topic
2979,amod> wild,4,0.002,1,330,Carnivora__order,taxongroup_topic
3015,appos> ...,4,0.003,3,330,Carnivora__order,taxongroup_topic
3018,appos> Taxonomy,4,0.015,2,330,Carnivora__order,taxongroup_topic
3019,appos> behaviour,4,0.015,2,330,Carnivora__order,taxongroup_topic
3020,appos> conservation,4,0.015,2,330,Carnivora__order,taxongroup_topic
3021,appos> link,4,0.005,1,330,Carnivora__order,taxongroup_topic
3024,appos> threats,4,0.015,2,330,Carnivora__order,taxongroup_topic
3027,appos>amod> external,4,0.005,1,330,Carnivora__order,taxongroup_topic
3028,appos>appos> ...,4,0.02,3,330,Carnivora__order,taxongroup_topic
3029,appos>compound> ...,4,0.001,1,330,Carnivora__order,taxongroup_topic
3037,case> 's,4,0.006,3,330,Carnivora__order,taxongroup_topic
3043,case> in,4,0.001,1,330,Carnivora__order,taxongroup_topic
3051,compound< ...,4,-0.001,2,330,Carnivora__order,taxongroup_topic
3057,compound<acl:relcl> ...,4,0.012,2,330,Carnivora__order,taxongroup_topic
3058,compound<acl:relcl>advmod> ...,4,0.022,3,330,Carnivora__order,taxongroup_topic
3059,compound<acl:relcl>obl> ...,4,0.012,2,330,Carnivora__order,taxongroup_topic
3062,compound<advmod> ...,4,0.002,1,330,Carnivora__order,taxongroup_topic
3081,compound<det> the,4,0.004,2,330,Carnivora__order,taxongroup_topic
3095,compound<nmod> ...,4,0.01,3,330,Carnivora__order,taxongroup_topic
3096,compound<nmod>amod> ...,4,0.011,2,330,Carnivora__order,taxongroup_topic
3097,compound<nmod>case> ...,4,0.006,2,330,Carnivora__order,taxongroup_topic
3099,compound<nmod>case> with,4,0.012,2,330,Carnivora__order,taxongroup_topic
3100,compound<nmod>compound> ...,4,0.012,2,330,Carnivora__order,taxongroup_topic
3101,compound<nmod>det> a,4,0.004,1,330,Carnivora__order,taxongroup_topic
3102,compound<nmod>det> the,4,0.005,1,330,Carnivora__order,taxongroup_topic
3103,compound<nsubj< ...,4,0.001,1,330,Carnivora__order,taxongroup_topic
3105,compound<nsubj<obl> ...,4,0.004,1,330,Carnivora__order,taxongroup_topic
3122,conj< ...,4,-0.004,1,330,Carnivora__order,taxongroup_topic
3161,conj<conj> ...,4,-0.009,2,330,Carnivora__order,taxongroup_topic
3182,conj<conj>cc> and,4,-0.003,1,330,Carnivora__order,taxongroup_topic
3184,conj<conj>compound> ...,4,-0.0,1,330,Carnivora__order,taxongroup_topic
3200,conj<cop> be,4,0.002,1,330,Carnivora__order,taxongroup_topic
3201,conj<det> a,4,0.004,1,330,Carnivora__order,taxongroup_topic
3255,conj<nsubj> ...,4,0.001,1,330,Carnivora__order,taxongroup_topic
3256,conj<nsubj>amod> ...,4,0.009,2,330,Carnivora__order,taxongroup_topic
3257,conj<nsubj>det> the,4,0.004,1,330,Carnivora__order,taxongroup_topic
3286,conj> cat,4,0.004,1,330,Carnivora__order,taxongroup_topic
3303,conj>cc> and,4,-0.003,1,330,Carnivora__order,taxongroup_topic
3305,conj>compound> ...,4,0.002,1,330,Carnivora__order,taxongroup_topic
3309,conj>det> the,4,0.001,1,330,Carnivora__order,taxongroup_topic
3317,cop> be,4,0.002,1,330,Carnivora__order,taxongroup_topic
3319,det> a,4,-0.001,2,330,Carnivora__order,taxongroup_topic
3320,det> the,4,-0.008,9,330,Carnivora__order,taxongroup_topic
3333,nmod:poss< ...,4,0.01,3,330,Carnivora__order,taxongroup_topic
3336,nmod:poss<amod> ...,4,0.002,1,330,Carnivora__order,taxongroup_topic
3339,nmod:poss<case> of,4,0.009,2,330,Carnivora__order,taxongroup_topic
3340,nmod:poss<compound> ...,4,0.009,2,330,Carnivora__order,taxongroup_topic
3343,nmod:poss<nmod< part,4,0.005,1,330,Carnivora__order,taxongroup_topic
3344,nmod:poss<nmod<amod> ...,4,0.004,1,330,Carnivora__order,taxongroup_topic
3346,nmod:poss<nmod<det> the,4,0.005,1,330,Carnivora__order,taxongroup_topic
3426,nmod> ...,4,0.016,5,330,Carnivora__order,taxongroup_topic
3428,nmod>amod> ...,4,0.002,1,330,Carnivora__order,taxongroup_topic
3430,nmod>case> from,4,0.005,1,330,Carnivora__order,taxongroup_topic
3431,nmod>case> in,4,0.021,4,330,Carnivora__order,taxongroup_topic
3434,nmod>compound> ...,4,0.004,1,330,Carnivora__order,taxongroup_topic
3438,nsubj:pass< ...,4,0.004,2,330,Carnivora__order,taxongroup_topic
3439,nsubj:pass< call,4,0.004,1,330,Carnivora__order,taxongroup_topic
3441,nsubj:pass< record,4,0.004,1,330,Carnivora__order,taxongroup_topic
3442,nsubj:pass< think,4,0.005,1,330,Carnivora__order,taxongroup_topic
3447,nsubj:pass<advmod> ...,4,0.016,3,330,Carnivora__order,taxongroup_topic
3449,nsubj:pass<aux:pass> be,4,0.014,5,330,Carnivora__order,taxongroup_topic
3458,nsubj:pass<obl> ...,4,0.012,5,330,Carnivora__order,taxongroup_topic
3459,nsubj:pass<obl>amod> ...,4,0.001,1,330,Carnivora__order,taxongroup_topic
3460,nsubj:pass<obl>case> ...,4,0.0,1,330,Carnivora__order,taxongroup_topic
3461,nsubj:pass<obl>case> for,4,0.005,1,330,Carnivora__order,taxongroup_topic
3462,nsubj:pass<obl>case> in,4,0.009,3,330,Carnivora__order,taxongroup_topic
3464,nsubj:pass<obl>det> ...,4,0.007,1,330,Carnivora__order,taxongroup_topic
3467,nsubj:pass<obl>nmod> ...,4,0.002,1,330,Carnivora__order,taxongroup_topic
3468,nsubj:pass<xcomp> ...,4,0.014,3,330,Carnivora__order,taxongroup_topic
3470,nsubj:pass<xcomp>amod> ...,4,0.003,1,330,Carnivora__order,taxongroup_topic
3471,nsubj:pass<xcomp>cop> be,4,0.003,1,330,Carnivora__order,taxongroup_topic
3472,nsubj:pass<xcomp>det> a,4,0.004,1,330,Carnivora__order,taxongroup_topic
3474,nsubj:pass<xcomp>mark> to,4,0.002,1,330,Carnivora__order,taxongroup_topic
3475,nsubj< ...,4,0.023,8,330,Carnivora__order,taxongroup_topic
3477,nsubj< cat,4,0.002,1,330,Carnivora__order,taxongroup_topic
3479,nsubj< diverge,4,0.005,1,330,Carnivora__order,taxongroup_topic
3480,nsubj< have,4,0.002,1,330,Carnivora__order,taxongroup_topic
3482,nsubj< pry,4,0.005,1,330,Carnivora__order,taxongroup_topic
3486,nsubj<acl:relcl> ...,4,0.003,1,330,Carnivora__order,taxongroup_topic
3487,nsubj<acl:relcl>cop> be,4,0.004,1,330,Carnivora__order,taxongroup_topic
3488,nsubj<acl:relcl>nsubj> ...,4,0.007,1,330,Carnivora__order,taxongroup_topic
3493,nsubj<advcl< ...,4,0.004,1,330,Carnivora__order,taxongroup_topic
3494,nsubj<advcl<nsubj> ...,4,0.004,1,330,Carnivora__order,taxongroup_topic
3495,nsubj<advcl> ...,4,0.001,1,330,Carnivora__order,taxongroup_topic
3497,nsubj<advcl>mark> ...,4,0.002,1,330,Carnivora__order,taxongroup_topic
3499,nsubj<advcl>obl> ...,4,0.004,1,330,Carnivora__order,taxongroup_topic
3500,nsubj<advmod> ...,4,0.003,2,330,Carnivora__order,taxongroup_topic
3501,nsubj<advmod> ago,4,0.005,1,330,Carnivora__order,taxongroup_topic
3506,nsubj<amod> ...,4,0.012,4,330,Carnivora__order,taxongroup_topic
3509,nsubj<amod>conj> ...,4,0.004,1,330,Carnivora__order,taxongroup_topic
3516,nsubj<case> ...,4,0.003,1,330,Carnivora__order,taxongroup_topic
3517,nsubj<ccomp< ...,4,0.001,1,330,Carnivora__order,taxongroup_topic
3519,nsubj<compound> ...,4,0.002,1,330,Carnivora__order,taxongroup_topic
3522,nsubj<conj> ...,4,0.018,5,330,Carnivora__order,taxongroup_topic
3524,nsubj<conj>amod> ...,4,0.014,3,330,Carnivora__order,taxongroup_topic
3527,nsubj<conj>cc> and,4,0.012,3,330,Carnivora__order,taxongroup_topic
3529,nsubj<conj>compound> ...,4,0.003,1,330,Carnivora__order,taxongroup_topic
3530,nsubj<conj>cop> be,4,0.004,1,330,Carnivora__order,taxongroup_topic
3537,nsubj<cop> be,4,0.014,7,330,Carnivora__order,taxongroup_topic
3538,nsubj<det> a,4,0.001,2,330,Carnivora__order,taxongroup_topic
3541,nsubj<mark> that,4,0.001,1,330,Carnivora__order,taxongroup_topic
3542,nsubj<mark> while,4,0.005,1,330,Carnivora__order,taxongroup_topic
3543,nsubj<nmod> ...,4,0.014,5,330,Carnivora__order,taxongroup_topic
3547,nsubj<nmod> head,4,0.005,1,330,Carnivora__order,taxongroup_topic
3550,nsubj<nmod>amod> ...,4,-0.001,1,330,Carnivora__order,taxongroup_topic
3551,nsubj<nmod>case> ...,4,0.015,2,330,Carnivora__order,taxongroup_topic
3552,nsubj<nmod>case> for,4,0.005,1,330,Carnivora__order,taxongroup_topic
3555,nsubj<nmod>case> to,4,0.005,1,330,Carnivora__order,taxongroup_topic
3556,nsubj<nmod>case> with,4,0.008,2,330,Carnivora__order,taxongroup_topic
3557,nsubj<nmod>compound> ...,4,0.003,1,330,Carnivora__order,taxongroup_topic
3560,nsubj<nmod>det> a,4,0.006,2,330,Carnivora__order,taxongroup_topic
3561,nsubj<nmod>det> the,4,0.0,1,330,Carnivora__order,taxongroup_topic
3563,nsubj<obj> ...,4,0.003,2,330,Carnivora__order,taxongroup_topic
3564,nsubj<obj> prey,4,0.005,1,330,Carnivora__order,taxongroup_topic
3565,nsubj<obj>amod> ...,4,0.014,3,330,Carnivora__order,taxongroup_topic
3566,nsubj<obj>compound> ...,4,0.004,1,330,Carnivora__order,taxongroup_topic
3567,nsubj<obj>det> ...,4,0.007,1,330,Carnivora__order,taxongroup_topic
3571,nsubj<obl> ...,4,0.026,7,330,Carnivora__order,taxongroup_topic
3574,nsubj<obl>amod> typical,4,0.005,1,330,Carnivora__order,taxongroup_topic
3575,nsubj<obl>case> ...,4,0.002,1,330,Carnivora__order,taxongroup_topic
3577,nsubj<obl>case> as,4,0.005,1,330,Carnivora__order,taxongroup_topic
3578,nsubj<obl>case> between,4,0.005,1,330,Carnivora__order,taxongroup_topic
3580,nsubj<obl>case> from,4,0.005,1,330,Carnivora__order,taxongroup_topic
3581,nsubj<obl>case> in,4,0.008,2,330,Carnivora__order,taxongroup_topic
3582,nsubj<obl>case> on,4,0.005,1,330,Carnivora__order,taxongroup_topic
3584,nsubj<obl>compound> ...,4,0.004,1,330,Carnivora__order,taxongroup_topic
3585,nsubj<obl>det> ...,4,0.007,1,330,Carnivora__order,taxongroup_topic
3587,nsubj<obl>det> the,4,0.006,2,330,Carnivora__order,taxongroup_topic
3588,nsubj<obl>nmod> ...,4,0.002,1,330,Carnivora__order,taxongroup_topic
3589,nsubj<obl>nummod> ...,4,0.012,2,330,Carnivora__order,taxongroup_topic
3599,nsubj> ...,4,0.002,1,330,Carnivora__order,taxongroup_topic
3602,nummod> 20,4,0.005,1,330,Carnivora__order,taxongroup_topic
3603,obj< ...,4,-0.001,1,330,Carnivora__order,taxongroup_topic
3618,obj<nsubj> which,4,0.003,1,330,Carnivora__order,taxongroup_topic
3633,obl< ...,4,-0.002,1,330,Carnivora__order,taxongroup_topic
3640,obl<acl< ...,4,0.002,1,330,Carnivora__order,taxongroup_topic
3643,obl<acl<case> of,4,0.005,1,330,Carnivora__order,taxongroup_topic
3646,obl<acl<nmod< ...,4,0.004,1,330,Carnivora__order,taxongroup_topic
3711,amod> brown,5,0.003,1,284,Carnivora__order,taxongroup_topic
3712,amod> european,5,0.001,1,284,Carnivora__order,taxongroup_topic
3713,amod> giant,5,0.003,1,284,Carnivora__order,taxongroup_topic
3715,amod> least,5,0.002,1,284,Carnivora__order,taxongroup_topic
3718,appos< ...,5,0.012,3,284,Carnivora__order,taxongroup_topic
3731,appos<compound> ...,5,0.005,1,284,Carnivora__order,taxongroup_topic
3732,appos<conj> ...,5,0.003,1,284,Carnivora__order,taxongroup_topic
3735,appos<conj>advmod> ...,5,0.005,1,284,Carnivora__order,taxongroup_topic
3740,appos<det> ...,5,0.009,1,284,Carnivora__order,taxongroup_topic
3741,appos<det> some,5,0.007,1,284,Carnivora__order,taxongroup_topic
3753,appos> ...,5,0.0,2,284,Carnivora__order,taxongroup_topic
3760,appos> nivalis,5,0.007,1,284,Carnivora__order,taxongroup_topic
3761,appos> silvestris,5,0.007,1,284,Carnivora__order,taxongroup_topic
3767,appos>compound> ...,5,0.008,2,284,Carnivora__order,taxongroup_topic
3768,appos>compound> Felis,5,0.007,1,284,Carnivora__order,taxongroup_topic
3769,appos>compound> Mustela,5,0.004,1,284,Carnivora__order,taxongroup_topic
3775,case> 's,5,0.003,2,284,Carnivora__order,taxongroup_topic
3776,case> ...,5,0.008,3,284,Carnivora__order,taxongroup_topic
3778,case> by,5,0.003,1,284,Carnivora__order,taxongroup_topic
3782,case> like,5,0.012,2,284,Carnivora__order,taxongroup_topic
3783,case> of,5,-0.001,2,284,Carnivora__order,taxongroup_topic
3784,case> such,5,0.017,3,284,Carnivora__order,taxongroup_topic
3786,case>fixed> as,5,0.017,3,284,Carnivora__order,taxongroup_topic
3789,compound< ...,5,-0.002,1,284,Carnivora__order,taxongroup_topic
3816,compound<compound> ...,5,0.002,1,284,Carnivora__order,taxongroup_topic
3844,compound<obj< ...,5,0.005,1,284,Carnivora__order,taxongroup_topic
3845,compound<obj<advmod> ...,5,0.015,2,284,Carnivora__order,taxongroup_topic
3848,compound> ...,5,0.0,1,284,Carnivora__order,taxongroup_topic
3849,compound> bay,5,0.007,1,284,Carnivora__order,taxongroup_topic
3853,compound> grey,5,0.003,1,284,Carnivora__order,taxongroup_topic
4021,conj> ...,5,0.248,32,284,Carnivora__order,taxongroup_topic
4022,conj> badger,5,0.027,3,284,Carnivora__order,taxongroup_topic
4023,conj> bear,5,0.027,3,284,Carnivora__order,taxongroup_topic
4024,conj> cat,5,0.005,1,284,Carnivora__order,taxongroup_topic
4025,conj> leopard,5,0.022,3,284,Carnivora__order,taxongroup_topic
4026,conj> mink,5,0.018,2,284,Carnivora__order,taxongroup_topic
4027,conj> otter,5,0.015,2,284,Carnivora__order,taxongroup_topic
4028,conj> panda,5,0.005,1,284,Carnivora__order,taxongroup_topic
4029,conj> seal,5,0.015,2,284,Carnivora__order,taxongroup_topic
4030,conj> stoat,5,0.018,2,284,Carnivora__order,taxongroup_topic
4031,conj> wolverine,5,0.018,2,284,Carnivora__order,taxongroup_topic
4033,conj>advmod> simply,5,0.007,1,284,Carnivora__order,taxongroup_topic
4034,conj>amod> ...,5,0.099,13,284,Carnivora__order,taxongroup_topic
4035,conj>amod> big,5,0.018,2,284,Carnivora__order,taxongroup_topic
4036,conj>amod> common,5,0.018,2,284,Carnivora__order,taxongroup_topic
4037,conj>amod> other,5,0.015,2,284,Carnivora__order,taxongroup_topic
4038,conj>amod> small,5,0.018,2,284,Carnivora__order,taxongroup_topic
4039,conj>appos> ...,5,0.015,2,284,Carnivora__order,taxongroup_topic
4041,conj>cc> and,5,0.178,23,284,Carnivora__order,taxongroup_topic
4042,conj>cc> or,5,0.003,1,284,Carnivora__order,taxongroup_topic
4043,conj>compound> ...,5,0.022,3,284,Carnivora__order,taxongroup_topic
4044,conj>compound> eat,5,0.018,2,284,Carnivora__order,taxongroup_topic
4045,conj>cop> be,5,0.005,1,284,Carnivora__order,taxongroup_topic
4047,conj>det> the,5,0.037,5,284,Carnivora__order,taxongroup_topic
4048,conj>nmod> ...,5,0.033,4,284,Carnivora__order,taxongroup_topic
4049,conj>nmod>case> ...,5,0.009,1,284,Carnivora__order,taxongroup_topic
4050,conj>nmod>case> of,5,0.007,1,284,Carnivora__order,taxongroup_topic
4051,conj>nmod>case> such,5,0.018,2,284,Carnivora__order,taxongroup_topic
4052,conj>nmod>compound> ...,5,0.024,3,284,Carnivora__order,taxongroup_topic
4053,conj>nmod>det> the,5,0.015,2,284,Carnivora__order,taxongroup_topic
4058,det> the,5,0.002,11,284,Carnivora__order,taxongroup_topic
4073,nmod:poss< jellyfish,5,0.007,1,284,Carnivora__order,taxongroup_topic
4079,nmod:poss<compound> mane,5,0.007,1,284,Carnivora__order,taxongroup_topic
4085,nmod:poss<nsubj< ...,5,0.004,1,284,Carnivora__order,taxongroup_topic
4086,nmod:poss<nsubj<obl> ...,5,0.013,2,284,Carnivora__order,taxongroup_topic
4087,nmod< ...,5,0.019,6,284,Carnivora__order,taxongroup_topic
4088,nmod< animal,5,0.013,2,284,Carnivora__order,taxongroup_topic
4092,nmod< species,5,0.005,1,284,Carnivora__order,taxongroup_topic
4094,nmod<acl:relcl> ...,5,0.015,2,284,Carnivora__order,taxongroup_topic
4095,nmod<acl:relcl>nsubj> ...,5,0.009,1,284,Carnivora__order,taxongroup_topic
4096,nmod<acl:relcl>nsubj> which,5,0.007,1,284,Carnivora__order,taxongroup_topic
4097,nmod<amod> ...,5,0.017,5,284,Carnivora__order,taxongroup_topic
4098,nmod<amod> large,5,0.018,2,284,Carnivora__order,taxongroup_topic
4104,nmod<case> ...,5,0.005,1,284,Carnivora__order,taxongroup_topic
4106,nmod<case> from,5,0.007,1,284,Carnivora__order,taxongroup_topic
4110,nmod<case> to,5,0.005,1,284,Carnivora__order,taxongroup_topic
4111,nmod<cc> ...,5,0.009,1,284,Carnivora__order,taxongroup_topic
4114,nmod<compound> ...,5,0.003,1,284,Carnivora__order,taxongroup_topic
4116,nmod<conj< ...,5,0.005,1,284,Carnivora__order,taxongroup_topic
4117,nmod<conj<amod> ...,5,0.005,1,284,Carnivora__order,taxongroup_topic
4120,nmod<conj<det> the,5,0.005,1,284,Carnivora__order,taxongroup_topic
4126,nmod<cop> be,5,0.01,2,284,Carnivora__order,taxongroup_topic
4128,nmod<det> a,5,0.009,2,284,Carnivora__order,taxongroup_topic
4129,nmod<det> the,5,0.002,2,284,Carnivora__order,taxongroup_topic
4134,nmod<nmod> ...,5,0.001,1,284,Carnivora__order,taxongroup_topic
4135,nmod<nmod>amod> ...,5,0.005,1,284,Carnivora__order,taxongroup_topic
4138,nmod<nmod>case> of,5,0.005,1,284,Carnivora__order,taxongroup_topic
4144,nmod<nsubj< ...,5,0.008,2,284,Carnivora__order,taxongroup_topic
4151,nmod<nsubj<obl> ...,5,0.022,3,284,Carnivora__order,taxongroup_topic
4152,nmod<nsubj> ...,5,0.012,2,284,Carnivora__order,taxongroup_topic
4153,nmod<nsubj>det> the,5,0.015,2,284,Carnivora__order,taxongroup_topic
4154,nmod<obj< ...,5,0.003,1,284,Carnivora__order,taxongroup_topic
4155,nmod<obl< ...,5,0.012,3,284,Carnivora__order,taxongroup_topic
4157,nmod<obl<conj< ...,5,0.005,1,284,Carnivora__order,taxongroup_topic
4158,nmod<obl<conj> ...,5,0.004,1,284,Carnivora__order,taxongroup_topic
4160,nmod<obl<cop> be,5,0.004,1,284,Carnivora__order,taxongroup_topic
4161,nmod<obl<nsubj> ...,5,0.003,1,284,Carnivora__order,taxongroup_topic
4162,nmod<obl<obj> ...,5,0.005,1,284,Carnivora__order,taxongroup_topic
4163,nmod<obl<obl> ...,5,0.015,2,284,Carnivora__order,taxongroup_topic
4164,nmod> ...,5,-0.001,1,284,Carnivora__order,taxongroup_topic
4166,nmod>amod> ...,5,0.003,1,284,Carnivora__order,taxongroup_topic
4167,nmod>case> ...,5,0.002,1,284,Carnivora__order,taxongroup_topic
4216,nsubj< decline,5,0.018,2,284,Carnivora__order,taxongroup_topic
4243,nsubj<advmod> rapidly,5,0.018,2,284,Carnivora__order,taxongroup_topic
4251,nsubj<aux> be,5,0.015,2,284,Carnivora__order,taxongroup_topic
4310,nsubj<obl> world,5,0.018,2,284,Carnivora__order,taxongroup_topic
4314,nsubj<obl>case> around,5,0.015,2,284,Carnivora__order,taxongroup_topic
4325,nsubj<obl>det> the,5,0.008,2,284,Carnivora__order,taxongroup_topic
4332,nsubj<parataxis> say,5,0.018,2,284,Carnivora__order,taxongroup_topic
4334,nsubj<parataxis>obj> scientist,5,0.018,2,284,Carnivora__order,taxongroup_topic
4343,obj< include,5,0.033,4,284,Carnivora__order,taxongroup_topic
4345,obj<acl:relcl< ...,5,0.01,2,284,Carnivora__order,taxongroup_topic
4346,obj<acl:relcl<case> ...,5,0.005,1,284,Carnivora__order,taxongroup_topic
4347,obj<acl:relcl<det> ...,5,0.009,1,284,Carnivora__order,taxongroup_topic
4348,obj<acl:relcl<det> the,5,0.005,1,284,Carnivora__order,taxongroup_topic
4351,obj<advmod> also,5,0.007,1,284,Carnivora__order,taxongroup_topic
4354,obj<nsubj> ...,5,0.001,1,284,Carnivora__order,taxongroup_topic
4355,obj<nsubj> predator,5,0.007,1,284,Carnivora__order,taxongroup_topic
4356,obj<nsubj> which,5,0.013,2,284,Carnivora__order,taxongroup_topic
4360,obj<nsubj>nmod> ...,5,0.005,1,284,Carnivora__order,taxongroup_topic
4371,obl< ...,5,-0.002,1,284,Carnivora__order,taxongroup_topic
4388,obl<advcl> ...,5,0.003,1,284,Carnivora__order,taxongroup_topic
4389,obl<advcl>mark> ...,5,0.005,1,284,Carnivora__order,taxongroup_topic
4408,obl<nsubj> ...,5,0.001,1,284,Carnivora__order,taxongroup_topic
4410,obl<nsubj>amod> ...,5,0.003,1,284,Carnivora__order,taxongroup_topic
4413,obl<obj> ...,5,0.003,1,284,Carnivora__order,taxongroup_topic
4416,obl<obj>det> the,5,0.005,1,284,Carnivora__order,taxongroup_topic
4427,xcomp< ...,5,0.005,1,284,Carnivora__order,taxongroup_topic
4428,acl:relcl> ...,6,0.002,1,299,Carnivora__order,taxongroup_topic
4430,acl:relcl>aux> ...,6,0.005,1,299,Carnivora__order,taxongroup_topic
4431,acl:relcl>nsubj> which,6,0.003,1,299,Carnivora__order,taxongroup_topic
4432,acl:relcl>obj> ...,6,0.005,1,299,Carnivora__order,taxongroup_topic
4445,amod> ...,6,-0.002,4,299,Carnivora__order,taxongroup_topic
4446,amod> african,6,0.014,3,299,Carnivora__order,taxongroup_topic
4455,amod> wild,6,0.01,2,299,Carnivora__order,taxongroup_topic
4456,appos< ...,6,0.018,4,299,Carnivora__order,taxongroup_topic
4457,appos< Ecclesiastical,6,0.017,2,299,Carnivora__order,taxongroup_topic
4458,appos< species,6,0.005,1,299,Carnivora__order,taxongroup_topic
4459,appos< term,6,0.006,1,299,Carnivora__order,taxongroup_topic
4464,appos<appos< ...,6,0.025,3,299,Carnivora__order,taxongroup_topic
4469,appos<compound> ...,6,0.005,1,299,Carnivora__order,taxongroup_topic
4480,appos<det> the,6,0.016,3,299,Carnivora__order,taxongroup_topic
4481,appos<flat> ...,6,0.006,1,299,Carnivora__order,taxongroup_topic
4482,appos<flat> latin,6,0.017,2,299,Carnivora__order,taxongroup_topic
4485,appos<nmod> ...,6,0.014,2,299,Carnivora__order,taxongroup_topic
4486,appos<nmod>case> ...,6,0.014,2,299,Carnivora__order,taxongroup_topic
4487,appos<nsubj< ...,6,0.006,1,299,Carnivora__order,taxongroup_topic
4488,appos<nsubj< refer,6,0.006,1,299,Carnivora__order,taxongroup_topic
4489,appos<nsubj<advmod> ...,6,0.005,1,299,Carnivora__order,taxongroup_topic
4490,appos<nsubj<obl> ...,6,0.012,2,299,Carnivora__order,taxongroup_topic
4491,appos> ...,6,0.0,2,299,Carnivora__order,taxongroup_topic
4497,appos> link,6,0.006,1,299,Carnivora__order,taxongroup_topic
4499,appos> silvestris,6,0.006,1,299,Carnivora__order,taxongroup_topic
4502,appos>amod> ...,6,0.005,1,299,Carnivora__order,taxongroup_topic
4503,appos>amod> external,6,0.006,1,299,Carnivora__order,taxongroup_topic
4504,appos>appos> ...,6,0.004,1,299,Carnivora__order,taxongroup_topic
4506,appos>compound> Felis,6,0.006,1,299,Carnivora__order,taxongroup_topic
4521,case> of,6,-0.003,1,299,Carnivora__order,taxongroup_topic
4525,cc> and,6,0.015,6,299,Carnivora__order,taxongroup_topic
4527,compound< ...,6,0.063,11,299,Carnivora__order,taxongroup_topic
4528,compound< attack,6,0.006,1,299,Carnivora__order,taxongroup_topic
4529,compound< familiaris,6,0.012,2,299,Carnivora__order,taxongroup_topic
4530,compound< family,6,0.031,4,299,Carnivora__order,taxongroup_topic
4531,compound< species,6,0.014,2,299,Carnivora__order,taxongroup_topic
4532,compound< varies,6,0.006,1,299,Carnivora__order,taxongroup_topic
4533,compound<acl:relcl> ...,6,0.005,1,299,Carnivora__order,taxongroup_topic
4535,compound<acl:relcl>obl> ...,6,0.005,1,299,Carnivora__order,taxongroup_topic
4538,compound<advmod> ...,6,0.011,2,299,Carnivora__order,taxongroup_topic
4539,compound<amod> ...,6,0.026,4,299,Carnivora__order,taxongroup_topic
4540,compound<amod> african,6,0.006,1,299,Carnivora__order,taxongroup_topic
4541,compound<appos< ...,6,0.004,1,299,Carnivora__order,taxongroup_topic
4542,compound<appos<amod> ...,6,0.005,1,299,Carnivora__order,taxongroup_topic
4543,compound<appos<case> ...,6,0.005,1,299,Carnivora__order,taxongroup_topic
4547,compound<appos<det> a,6,0.005,1,299,Carnivora__order,taxongroup_topic
4548,compound<appos<nmod< ...,6,0.005,1,299,Carnivora__order,taxongroup_topic
4549,compound<appos> ...,6,0.005,1,299,Carnivora__order,taxongroup_topic
4550,compound<case> ...,6,0.006,1,299,Carnivora__order,taxongroup_topic
4551,compound<case> as,6,0.006,1,299,Carnivora__order,taxongroup_topic
4552,compound<case> in,6,0.017,2,299,Carnivora__order,taxongroup_topic
4553,compound<case> of,6,0.076,10,299,Carnivora__order,taxongroup_topic
4554,compound<compound> ...,6,0.008,2,299,Carnivora__order,taxongroup_topic
4555,compound<det> ...,6,0.006,1,299,Carnivora__order,taxongroup_topic
4556,compound<det> a,6,0.005,1,299,Carnivora__order,taxongroup_topic
4557,compound<det> the,6,0.057,8,299,Carnivora__order,taxongroup_topic
4558,compound<nmod< ...,6,0.084,11,299,Carnivora__order,taxongroup_topic
4559,compound<nmod< member,6,0.017,2,299,Carnivora__order,taxongroup_topic
4560,compound<nmod<amod> ...,6,0.059,7,299,Carnivora__order,taxongroup_topic
4561,compound<nmod<case> ...,6,0.006,1,299,Carnivora__order,taxongroup_topic
4562,compound<nmod<case> of,6,0.017,2,299,Carnivora__order,taxongroup_topic
4563,compound<nmod<compound> ...,6,0.005,1,299,Carnivora__order,taxongroup_topic
4564,compound<nmod<cop> be,6,0.014,2,299,Carnivora__order,taxongroup_topic
4565,compound<nmod<det> ...,6,0.008,1,299,Carnivora__order,taxongroup_topic
4566,compound<nmod<det> a,6,0.017,2,299,Carnivora__order,taxongroup_topic
4567,compound<nmod<det> the,6,0.039,5,299,Carnivora__order,taxongroup_topic
4568,compound<nmod<nmod> ...,6,0.008,1,299,Carnivora__order,taxongroup_topic
4570,compound<nmod<nsubj> ...,6,0.014,2,299,Carnivora__order,taxongroup_topic
4571,compound<nmod> ...,6,0.0,1,299,Carnivora__order,taxongroup_topic
4574,compound<nmod>case> on,6,0.006,1,299,Carnivora__order,taxongroup_topic
4579,compound<nsubj< ...,6,0.026,4,299,Carnivora__order,taxongroup_topic
4580,compound<nsubj<obj> ...,6,0.014,2,299,Carnivora__order,taxongroup_topic
4581,compound<nsubj<obl> ...,6,0.014,2,299,Carnivora__order,taxongroup_topic
4585,compound<obl< ...,6,0.005,1,299,Carnivora__order,taxongroup_topic
4586,compound> ...,6,0.004,2,299,Carnivora__order,taxongroup_topic
4592,compound> mountain,6,0.003,1,299,Carnivora__order,taxongroup_topic
4593,compound> sea,6,0.008,2,299,Carnivora__order,taxongroup_topic
4594,compound> snow,6,0.003,1,299,Carnivora__order,taxongroup_topic
4598,conj< ...,6,0.008,5,299,Carnivora__order,taxongroup_topic
4602,conj< include,6,0.006,1,299,Carnivora__order,taxongroup_topic
4605,conj< seal,6,0.011,2,299,Carnivora__order,taxongroup_topic
4612,conj<appos< ...,6,0.026,4,299,Carnivora__order,taxongroup_topic
4613,conj<appos<cop> be,6,0.005,1,299,Carnivora__order,taxongroup_topic
4615,conj<appos<det> the,6,0.017,2,299,Carnivora__order,taxongroup_topic
4616,conj<appos<nsubj> ...,6,0.004,1,299,Carnivora__order,taxongroup_topic
4627,conj<case> as,6,0.002,1,299,Carnivora__order,taxongroup_topic
4632,conj<case> such,6,0.002,1,299,Carnivora__order,taxongroup_topic
4634,conj<case>fixed> as,6,0.002,1,299,Carnivora__order,taxongroup_topic
4637,conj<conj> ...,6,0.002,9,299,Carnivora__order,taxongroup_topic
4644,conj<conj> mink,6,0.002,1,299,Carnivora__order,taxongroup_topic
4658,conj<conj>cc> and,6,-0.002,2,299,Carnivora__order,taxongroup_topic
4678,conj<det> the,6,-0.0,2,299,Carnivora__order,taxongroup_topic
4679,conj<nmod< ...,6,0.0,1,299,Carnivora__order,taxongroup_topic
4689,conj<nmod<det> a,6,0.006,1,299,Carnivora__order,taxongroup_topic
4691,conj<nmod<nmod> ...,6,0.006,1,299,Carnivora__order,taxongroup_topic
4731,conj<nsubj> ...,6,0.002,1,299,Carnivora__order,taxongroup_topic
4734,conj<obj< ...,6,0.008,1,299,Carnivora__order,taxongroup_topic
4740,conj<obj<nsubj> ...,6,0.006,1,299,Carnivora__order,taxongroup_topic
4747,conj<obj> ...,6,0.004,1,299,Carnivora__order,taxongroup_topic
4750,conj<obl< know,6,0.005,1,299,Carnivora__order,taxongroup_topic
4752,conj<obl<advmod> also,6,0.005,1,299,Carnivora__order,taxongroup_topic
4795,det> a,6,-0.0,2,299,Carnivora__order,taxongroup_topic
4796,det> the,6,-0.013,3,299,Carnivora__order,taxongroup_topic
4797,flat< ...,6,0.023,3,299,Carnivora__order,taxongroup_topic
4798,flat< genus,6,0.034,4,299,Carnivora__order,taxongroup_topic
4799,flat<appos> ...,6,0.034,4,299,Carnivora__order,taxongroup_topic
4800,flat<appos>compound> ...,6,0.025,3,299,Carnivora__order,taxongroup_topic
4801,flat<case> of,6,0.023,3,299,Carnivora__order,taxongroup_topic
4802,flat<det> the,6,0.023,3,299,Carnivora__order,taxongroup_topic
4803,flat<nmod< ...,6,0.008,1,299,Carnivora__order,taxongroup_topic
4804,flat<nmod< member,6,0.014,2,299,Carnivora__order,taxongroup_topic
4805,flat<nmod>conj> ...,6,0.025,3,299,Carnivora__order,taxongroup_topic
4806,flat> ...,6,0.012,2,299,Carnivora__order,taxongroup_topic
4825,nmod< ...,6,-0.003,1,299,Carnivora__order,taxongroup_topic
4866,nmod<det> a,6,0.002,1,299,Carnivora__order,taxongroup_topic
4902,nmod> ...,6,0.002,2,299,Carnivora__order,taxongroup_topic
4904,nmod>amod> ...,6,0.002,1,299,Carnivora__order,taxongroup_topic
4905,nmod>case> ...,6,0.008,2,299,Carnivora__order,taxongroup_topic
4906,nmod>case> from,6,0.006,1,299,Carnivora__order,taxongroup_topic
4912,nmod>det> a,6,0.004,1,299,Carnivora__order,taxongroup_topic
4951,nsubj< ...,6,-0.002,2,299,Carnivora__order,taxongroup_topic
5013,nsubj<cop> be,6,-0.003,2,299,Carnivora__order,taxongroup_topic
5014,nsubj<det> a,6,-0.002,1,299,Carnivora__order,taxongroup_topic
5019,nsubj<nmod> ...,6,-0.002,1,299,Carnivora__order,taxongroup_topic
5022,nsubj<nmod> genus,6,0.006,1,299,Carnivora__order,taxongroup_topic
5024,nsubj<nmod>acl:relcl> ...,6,0.008,1,299,Carnivora__order,taxongroup_topic
5030,nsubj<nmod>case> of,6,0.003,2,299,Carnivora__order,taxongroup_topic
5037,nsubj<nmod>det> the,6,0.006,2,299,Carnivora__order,taxongroup_topic
5038,nsubj<nmod>nmod> ...,6,0.002,1,299,Carnivora__order,taxongroup_topic
5079,obj< ...,6,0.003,2,299,Carnivora__order,taxongroup_topic
5080,obj< describe,6,0.014,2,299,Carnivora__order,taxongroup_topic
5081,obj< include,6,0.003,1,299,Carnivora__order,taxongroup_topic
5082,obj< kill,6,0.006,1,299,Carnivora__order,taxongroup_topic
5083,obj<acl:relcl< ...,6,0.028,4,299,Carnivora__order,taxongroup_topic
5084,obj<acl:relcl<case> ...,6,0.014,2,299,Carnivora__order,taxongroup_topic
5086,obj<acl:relcl<det> the,6,0.014,2,299,Carnivora__order,taxongroup_topic
5093,obj<nsubj> predator,6,0.006,1,299,Carnivora__order,taxongroup_topic
5094,obj<nsubj> which,6,0.004,1,299,Carnivora__order,taxongroup_topic
5095,obj<nsubj> who,6,0.025,3,299,Carnivora__order,taxongroup_topic
5096,obj<nsubj>amod> ...,6,0.012,2,299,Carnivora__order,taxongroup_topic
5099,obj<obl> ...,6,0.013,3,299,Carnivora__order,taxongroup_topic
5100,obj<obl>case> ...,6,0.004,1,299,Carnivora__order,taxongroup_topic
5103,obj<obl>case> on,6,0.017,2,299,Carnivora__order,taxongroup_topic
5105,obj<obl>det> the,6,0.005,1,299,Carnivora__order,taxongroup_topic
5108,obl:npmod<amod<nmod> ...,6,0.025,3,299,Carnivora__order,taxongroup_topic
5166,acl:relcl> ...,7,0.004,1,201,Carnivora__order,taxongroup_topic
5167,acl:relcl>advmod> ...,7,0.008,1,201,Carnivora__order,taxongroup_topic
5171,acl:relcl>obl> ...,7,0.025,2,201,Carnivora__order,taxongroup_topic
5181,advmod> ...,7,0.007,1,201,Carnivora__order,taxongroup_topic
5182,advmod> least,7,0.011,1,201,Carnivora__order,taxongroup_topic
5183,amod> ...,7,0.005,4,201,Carnivora__order,taxongroup_topic
5184,amod> african,7,0.004,1,201,Carnivora__order,taxongroup_topic
5186,amod> asian,7,-0.004,1,201,Carnivora__order,taxongroup_topic
5190,amod> golden,7,-0.004,1,201,Carnivora__order,taxongroup_topic
5193,amod> wild,7,0.006,1,201,Carnivora__order,taxongroup_topic
5229,appos> ...,7,0.012,3,201,Carnivora__order,taxongroup_topic
5248,appos>flat> ...,7,0.007,1,201,Carnivora__order,taxongroup_topic
5324,compound> ...,7,0.002,1,201,Carnivora__order,taxongroup_topic
5328,compound> genus,7,0.009,1,201,Carnivora__order,taxongroup_topic
5331,compound> sea,7,0.004,1,201,Carnivora__order,taxongroup_topic
5335,compound>compound> ...,7,0.009,1,201,Carnivora__order,taxongroup_topic
5497,conj> ...,7,-0.002,2,201,Carnivora__order,taxongroup_topic
5515,conj>appos> ...,7,0.009,1,201,Carnivora__order,taxongroup_topic
5517,conj>cc> and,7,-0.003,1,201,Carnivora__order,taxongroup_topic
5521,conj>cop> be,7,0.009,1,201,Carnivora__order,taxongroup_topic
5522,conj>det> a,7,0.011,1,201,Carnivora__order,taxongroup_topic
5531,cop> be,7,0.018,2,201,Carnivora__order,taxongroup_topic
5533,det> a,7,0.032,5,201,Carnivora__order,taxongroup_topic
5534,det> the,7,-0.006,6,201,Carnivora__order,taxongroup_topic
5640,nmod> ...,7,0.08,8,201,Carnivora__order,taxongroup_topic
5642,nmod>amod> ...,7,0.033,3,201,Carnivora__order,taxongroup_topic
5643,nmod>case> ...,7,0.045,4,201,Carnivora__order,taxongroup_topic
5646,nmod>case> of,7,0.011,1,201,Carnivora__order,taxongroup_topic
5647,nmod>case> with,7,0.044,3,201,Carnivora__order,taxongroup_topic
5648,nmod>compound> ...,7,0.009,1,201,Carnivora__order,taxongroup_topic
5650,nmod>det> a,7,0.039,3,201,Carnivora__order,taxongroup_topic
5651,nmod>det> the,7,0.029,2,201,Carnivora__order,taxongroup_topic
5652,nsubj:pass< ...,7,0.1,8,201,Carnivora__order,taxongroup_topic
5653,nsubj:pass< call,7,0.009,1,201,Carnivora__order,taxongroup_topic
5654,nsubj:pass< consider,7,0.025,2,201,Carnivora__order,taxongroup_topic
5657,nsubj:pass<advcl> ...,7,0.018,2,201,Carnivora__order,taxongroup_topic
5658,nsubj:pass<advcl>advmod> ...,7,0.025,2,201,Carnivora__order,taxongroup_topic
5659,nsubj:pass<advcl>mark> ...,7,0.02,2,201,Carnivora__order,taxongroup_topic
5660,nsubj:pass<advcl>obl> ...,7,0.009,1,201,Carnivora__order,taxongroup_topic
5661,nsubj:pass<advmod> ...,7,0.033,3,201,Carnivora__order,taxongroup_topic
5662,nsubj:pass<advmod> also,7,0.011,1,201,Carnivora__order,taxongroup_topic
5663,nsubj:pass<aux:pass> be,7,0.12,11,201,Carnivora__order,taxongroup_topic
5664,nsubj:pass<aux> have,7,0.007,1,201,Carnivora__order,taxongroup_topic
5665,nsubj:pass<cc> ...,7,0.015,1,201,Carnivora__order,taxongroup_topic
5666,nsubj:pass<cc> but,7,0.011,1,201,Carnivora__order,taxongroup_topic
5667,nsubj:pass<conj< ...,7,0.025,2,201,Carnivora__order,taxongroup_topic
5668,nsubj:pass<conj> ...,7,0.058,4,201,Carnivora__order,taxongroup_topic
5669,nsubj:pass<conj>cc> and,7,0.058,4,201,Carnivora__order,taxongroup_topic
5670,nsubj:pass<obj> ...,7,0.015,1,201,Carnivora__order,taxongroup_topic
5672,nsubj:pass<obl> ...,7,0.251,19,201,Carnivora__order,taxongroup_topic
5673,nsubj:pass<obl>amod> ...,7,0.097,7,201,Carnivora__order,taxongroup_topic
5674,nsubj:pass<obl>case> ...,7,0.122,9,201,Carnivora__order,taxongroup_topic
5675,nsubj:pass<obl>case> for,7,0.011,1,201,Carnivora__order,taxongroup_topic
5676,nsubj:pass<obl>case> in,7,0.133,10,201,Carnivora__order,taxongroup_topic
5677,nsubj:pass<obl>compound> ...,7,0.073,5,201,Carnivora__order,taxongroup_topic
5679,nsubj:pass<obl>det> a,7,0.029,2,201,Carnivora__order,taxongroup_topic
5680,nsubj:pass<obl>det> the,7,0.102,7,201,Carnivora__order,taxongroup_topic
5681,nsubj:pass<obl>nmod> ...,7,0.068,5,201,Carnivora__order,taxongroup_topic
5682,nsubj:pass<xcomp> ...,7,0.005,1,201,Carnivora__order,taxongroup_topic
5683,nsubj:pass<xcomp> animal,7,0.029,2,201,Carnivora__order,taxongroup_topic
5684,nsubj:pass<xcomp>amod> ...,7,0.008,1,201,Carnivora__order,taxongroup_topic
5685,nsubj:pass<xcomp>cop> be,7,0.008,1,201,Carnivora__order,taxongroup_topic
5686,nsubj:pass<xcomp>det> a,7,0.009,1,201,Carnivora__order,taxongroup_topic
5687,nsubj:pass<xcomp>det> the,7,0.011,1,201,Carnivora__order,taxongroup_topic
5688,nsubj:pass<xcomp>mark> to,7,0.018,2,201,Carnivora__order,taxongroup_topic
5689,nsubj< ...,7,-0.003,1,201,Carnivora__order,taxongroup_topic
5709,nsubj<advcl> ...,7,0.004,1,201,Carnivora__order,taxongroup_topic
5712,nsubj<advcl>mark> if,7,0.011,1,201,Carnivora__order,taxongroup_topic
5713,nsubj<advcl>obl> ...,7,0.009,1,201,Carnivora__order,taxongroup_topic
5751,nsubj<cop> be,7,-0.004,1,201,Carnivora__order,taxongroup_topic
5752,nsubj<det> a,7,-0.0,1,201,Carnivora__order,taxongroup_topic
5757,nsubj<nmod> ...,7,-0.001,1,201,Carnivora__order,taxongroup_topic
5764,nsubj<nmod>amod> ...,7,0.001,1,201,Carnivora__order,taxongroup_topic
5768,nsubj<nmod>case> of,7,0.001,1,201,Carnivora__order,taxongroup_topic
5807,nsubj<parataxis> ...,7,0.008,1,201,Carnivora__order,taxongroup_topic
5813,nsubj> ...,7,0.02,2,201,Carnivora__order,taxongroup_topic
5814,nsubj>det> the,7,0.025,2,201,Carnivora__order,taxongroup_topic
