,feat,cluster,pw_entr,feat_n,N,group,relrole
0,acl:relcl> ...,0,0.004,4,912,Charadriiformes__order,taxongroup_comment
2,acl:relcl>nsubj> ...,0,0.002,1,912,Charadriiformes__order,taxongroup_comment
4,acl:relcl>nsubj> which,0,0.001,1,912,Charadriiformes__order,taxongroup_comment
5,acl:relcl>obj> ...,0,0.003,3,912,Charadriiformes__order,taxongroup_comment
6,acl:relcl>obj>conj> ...,0,0.001,2,912,Charadriiformes__order,taxongroup_comment
11,acl> ...,0,-0.0,1,912,Charadriiformes__order,taxongroup_comment
12,acl> know,0,-0.0,1,912,Charadriiformes__order,taxongroup_comment
14,acl>obl> ...,0,-0.001,1,912,Charadriiformes__order,taxongroup_comment
15,acl>obl>amod> ...,0,0.0,1,912,Charadriiformes__order,taxongroup_comment
19,acl>obl>case> in,0,0.0,1,912,Charadriiformes__order,taxongroup_comment
23,acl>xcomp> ...,0,0.0,1,912,Charadriiformes__order,taxongroup_comment
24,acl>xcomp>mark> to,0,0.0,1,912,Charadriiformes__order,taxongroup_comment
25,acl>xcomp>obj> ...,0,0.0,1,912,Charadriiformes__order,taxongroup_comment
26,advcl> ...,0,0.0,1,912,Charadriiformes__order,taxongroup_comment
27,advcl>mark> ...,0,0.0,1,912,Charadriiformes__order,taxongroup_comment
28,advmod> ...,0,-0.0,1,912,Charadriiformes__order,taxongroup_comment
29,amod> ...,0,-0.011,12,912,Charadriiformes__order,taxongroup_comment
30,amod> american,0,0.001,2,912,Charadriiformes__order,taxongroup_comment
31,amod> back,0,-0.001,8,912,Charadriiformes__order,taxongroup_comment
32,amod> common,0,-0.001,3,912,Charadriiformes__order,taxongroup_comment
33,amod> european,0,-0.003,2,912,Charadriiformes__order,taxongroup_comment
34,amod> great,0,-0.001,8,912,Charadriiformes__order,taxongroup_comment
35,amod> large,0,0.003,4,912,Charadriiformes__order,taxongroup_comment
37,amod> most,0,0.004,3,912,Charadriiformes__order,taxongroup_comment
38,amod> other,0,0.003,8,912,Charadriiformes__order,taxongroup_comment
39,amod> ring,0,-0.001,2,912,Charadriiformes__order,taxongroup_comment
40,amod>advmod> ...,0,-0.001,1,912,Charadriiformes__order,taxongroup_comment
41,amod>advmod> black,0,-0.0,6,912,Charadriiformes__order,taxongroup_comment
47,amod>amod> black,0,-0.0,3,912,Charadriiformes__order,taxongroup_comment
58,appos< ...,0,0.003,5,912,Charadriiformes__order,taxongroup_comment
60,appos< family,0,0.003,2,912,Charadriiformes__order,taxongroup_comment
62,appos< guillemot,0,0.0,1,912,Charadriiformes__order,taxongroup_comment
63,appos< kittiwake,0,0.003,2,912,Charadriiformes__order,taxongroup_comment
64,appos< lapwing,0,0.01,7,912,Charadriiformes__order,taxongroup_comment
65,appos< name,0,0.003,2,912,Charadriiformes__order,taxongroup_comment
67,appos< puffin,0,0.003,2,912,Charadriiformes__order,taxongroup_comment
68,appos<amod> ...,0,0.014,12,912,Charadriiformes__order,taxongroup_comment
69,appos<amod> common,0,0.001,1,912,Charadriiformes__order,taxongroup_comment
70,appos<amod> head,0,0.001,1,912,Charadriiformes__order,taxongroup_comment
71,appos<appos< ...,0,0.004,4,912,Charadriiformes__order,taxongroup_comment
72,appos<appos<nmod> ...,0,0.0,1,912,Charadriiformes__order,taxongroup_comment
73,appos<appos<obl> ...,0,0.005,3,912,Charadriiformes__order,taxongroup_comment
74,appos<appos> ...,0,0.002,2,912,Charadriiformes__order,taxongroup_comment
75,appos<case> ...,0,0.005,3,912,Charadriiformes__order,taxongroup_comment
76,appos<case> in,0,0.003,2,912,Charadriiformes__order,taxongroup_comment
77,appos<compound> ...,0,0.009,7,912,Charadriiformes__order,taxongroup_comment
79,appos<conj> ...,0,0.002,3,912,Charadriiformes__order,taxongroup_comment
80,appos<conj> plover,0,0.002,2,912,Charadriiformes__order,taxongroup_comment
81,appos<conj>amod> ...,0,0.009,6,912,Charadriiformes__order,taxongroup_comment
83,appos<conj>cc> or,0,0.006,4,912,Charadriiformes__order,taxongroup_comment
84,appos<det> a,0,0.001,1,912,Charadriiformes__order,taxongroup_comment
85,appos<det> the,0,0.016,11,912,Charadriiformes__order,taxongroup_comment
87,appos<nmod:poss> ...,0,0.001,1,912,Charadriiformes__order,taxongroup_comment
89,appos<nmod:poss>case> 's,0,0.0,1,912,Charadriiformes__order,taxongroup_comment
90,appos<nmod< ...,0,0.005,3,912,Charadriiformes__order,taxongroup_comment
91,appos<nmod> ...,0,0.0,1,912,Charadriiformes__order,taxongroup_comment
93,appos<nmod>case> of,0,0.0,1,912,Charadriiformes__order,taxongroup_comment
94,appos<nsubj< ...,0,0.005,4,912,Charadriiformes__order,taxongroup_comment
95,appos<nsubj< bird,0,0.001,1,912,Charadriiformes__order,taxongroup_comment
96,appos<nsubj< have,0,0.001,1,912,Charadriiformes__order,taxongroup_comment
97,appos<nsubj< place,0,0.004,3,912,Charadriiformes__order,taxongroup_comment
98,appos<nsubj< species,0,0.003,2,912,Charadriiformes__order,taxongroup_comment
99,appos<nsubj<advmod> ...,0,0.002,1,912,Charadriiformes__order,taxongroup_comment
100,appos<nsubj<advmod> Alternatively,0,0.004,3,912,Charadriiformes__order,taxongroup_comment
101,appos<nsubj<amod> ...,0,0.006,4,912,Charadriiformes__order,taxongroup_comment
102,appos<nsubj<conj> ...,0,0.002,1,912,Charadriiformes__order,taxongroup_comment
103,appos<nsubj<conj> kittiwake,0,0.003,2,912,Charadriiformes__order,taxongroup_comment
104,appos<nsubj<cop> be,0,0.006,5,912,Charadriiformes__order,taxongroup_comment
105,appos<nsubj<det> ...,0,0.002,1,912,Charadriiformes__order,taxongroup_comment
106,appos<nsubj<det> a,0,0.002,2,912,Charadriiformes__order,taxongroup_comment
107,appos<nsubj<nmod> ...,0,0.007,4,912,Charadriiformes__order,taxongroup_comment
108,appos<nsubj<nmod> family,0,0.001,1,912,Charadriiformes__order,taxongroup_comment
109,appos<nsubj<obj> ...,0,0.0,1,912,Charadriiformes__order,taxongroup_comment
110,appos<nsubj<obl> ...,0,0.006,4,912,Charadriiformes__order,taxongroup_comment
111,appos> ...,0,-0.002,1,912,Charadriiformes__order,taxongroup_comment
116,appos> argentatus,0,-0.0,1,912,Charadriiformes__order,taxongroup_comment
120,appos> marinus,0,0.0,1,912,Charadriiformes__order,taxongroup_comment
124,appos>amod> Larus,0,0.0,2,912,Charadriiformes__order,taxongroup_comment
136,case> 's,0,0.004,3,912,Charadriiformes__order,taxongroup_comment
137,case> ...,0,0.009,10,912,Charadriiformes__order,taxongroup_comment
138,case> by,0,0.007,6,912,Charadriiformes__order,taxongroup_comment
139,case> for,0,0.002,3,912,Charadriiformes__order,taxongroup_comment
140,case> from,0,0.0,1,912,Charadriiformes__order,taxongroup_comment
141,case> in,0,0.006,5,912,Charadriiformes__order,taxongroup_comment
142,case> of,0,0.046,35,912,Charadriiformes__order,taxongroup_comment
143,case> on,0,0.002,2,912,Charadriiformes__order,taxongroup_comment
144,case> such,0,0.0,1,912,Charadriiformes__order,taxongroup_comment
145,case> than,0,0.002,2,912,Charadriiformes__order,taxongroup_comment
146,case> with,0,0.009,6,912,Charadriiformes__order,taxongroup_comment
147,case>fixed> as,0,0.0,1,912,Charadriiformes__order,taxongroup_comment
148,cc> ...,0,0.001,1,912,Charadriiformes__order,taxongroup_comment
149,cc> and,0,-0.002,2,912,Charadriiformes__order,taxongroup_comment
154,compound< ...,0,0.004,8,912,Charadriiformes__order,taxongroup_comment
156,compound< complex,0,0.001,1,912,Charadriiformes__order,taxongroup_comment
157,compound< family,0,-0.0,1,912,Charadriiformes__order,taxongroup_comment
158,compound< fuscus,0,0.003,2,912,Charadriiformes__order,taxongroup_comment
161,compound< species,0,0.001,3,912,Charadriiformes__order,taxongroup_comment
163,compound<acl>obl> ...,0,0.0,1,912,Charadriiformes__order,taxongroup_comment
164,compound<amod> ...,0,-0.001,1,912,Charadriiformes__order,taxongroup_comment
165,compound<amod> back,0,0.002,2,912,Charadriiformes__order,taxongroup_comment
166,compound<amod> other,0,0.002,2,912,Charadriiformes__order,taxongroup_comment
167,compound<amod>amod> black,0,0.0,1,912,Charadriiformes__order,taxongroup_comment
168,compound<appos< ...,0,-0.0,1,912,Charadriiformes__order,taxongroup_comment
171,compound<appos<amod> ...,0,-0.001,1,912,Charadriiformes__order,taxongroup_comment
178,compound<appos<det> the,0,0.0,1,912,Charadriiformes__order,taxongroup_comment
181,compound<appos> ...,0,0.001,2,912,Charadriiformes__order,taxongroup_comment
182,compound<case> ...,0,0.001,1,912,Charadriiformes__order,taxongroup_comment
183,compound<case> for,0,0.005,3,912,Charadriiformes__order,taxongroup_comment
184,compound<case> in,0,-0.0,1,912,Charadriiformes__order,taxongroup_comment
185,compound<case> of,0,0.001,2,912,Charadriiformes__order,taxongroup_comment
187,compound<compound< ...,0,0.0,1,912,Charadriiformes__order,taxongroup_comment
188,compound<compound> ...,0,-0.0,1,912,Charadriiformes__order,taxongroup_comment
189,compound<compound> Larus,0,0.003,2,912,Charadriiformes__order,taxongroup_comment
190,compound<compound> fuscus,0,0.003,2,912,Charadriiformes__order,taxongroup_comment
191,compound<compound> gull,0,0.001,1,912,Charadriiformes__order,taxongroup_comment
192,compound<compound>compound> ...,0,-0.0,1,912,Charadriiformes__order,taxongroup_comment
193,compound<conj> ...,0,0.001,2,912,Charadriiformes__order,taxongroup_comment
194,compound<conj>cc> ...,0,0.002,1,912,Charadriiformes__order,taxongroup_comment
195,compound<conj>cc> and,0,0.001,1,912,Charadriiformes__order,taxongroup_comment
196,compound<det> ...,0,0.003,2,912,Charadriiformes__order,taxongroup_comment
197,compound<det> the,0,-0.001,3,912,Charadriiformes__order,taxongroup_comment
199,compound<nmod< factsheet,0,0.003,2,912,Charadriiformes__order,taxongroup_comment
201,compound<nmod< taxonomy,0,0.0,1,912,Charadriiformes__order,taxongroup_comment
205,compound<nmod<case> in,0,0.003,2,912,Charadriiformes__order,taxongroup_comment
207,compound<nmod<compound> Amsterdam,0,0.003,2,912,Charadriiformes__order,taxongroup_comment
208,compound<nmod<compound> species,0,0.003,2,912,Charadriiformes__order,taxongroup_comment
211,compound<nmod<det> the,0,-0.0,1,912,Charadriiformes__order,taxongroup_comment
213,compound<nmod<nmod< gull,0,0.003,2,912,Charadriiformes__order,taxongroup_comment
216,compound<nmod<nsubj< complicated,0,0.001,1,912,Charadriiformes__order,taxongroup_comment
218,compound<nmod> ...,0,0.003,3,912,Charadriiformes__order,taxongroup_comment
219,compound<nmod> gull,0,0.001,1,912,Charadriiformes__order,taxongroup_comment
220,compound<nmod>amod> ...,0,0.002,2,912,Charadriiformes__order,taxongroup_comment
221,compound<nmod>case> ...,0,0.004,4,912,Charadriiformes__order,taxongroup_comment
222,compound<nmod>conj> ...,0,0.002,2,912,Charadriiformes__order,taxongroup_comment
223,compound<nsubj:pass<obl> ...,0,0.0,1,912,Charadriiformes__order,taxongroup_comment
224,compound<nsubj< ...,0,-0.0,1,912,Charadriiformes__order,taxongroup_comment
225,compound<nsubj<conj> ...,0,0.0,1,912,Charadriiformes__order,taxongroup_comment
227,compound<obl< ...,0,0.003,3,912,Charadriiformes__order,taxongroup_comment
228,compound<obl<advmod> ...,0,0.0,1,912,Charadriiformes__order,taxongroup_comment
229,compound<parataxis<conj> ...,0,0.003,2,912,Charadriiformes__order,taxongroup_comment
230,compound<parataxis<conj> Eurasian,0,0.003,2,912,Charadriiformes__order,taxongroup_comment
231,compound> ...,0,0.005,7,912,Charadriiformes__order,taxongroup_comment
233,compound> family,0,-0.0,1,912,Charadriiformes__order,taxongroup_comment
235,compound> gull,0,0.001,1,912,Charadriiformes__order,taxongroup_comment
236,compound> herring,0,-0.003,12,912,Charadriiformes__order,taxongroup_comment
238,compound> marine,0,0.003,2,912,Charadriiformes__order,taxongroup_comment
239,compound> name,0,0.0,1,912,Charadriiformes__order,taxongroup_comment
241,compound>amod> ...,0,0.0,1,912,Charadriiformes__order,taxongroup_comment
243,compound>compound> ...,0,0.001,1,912,Charadriiformes__order,taxongroup_comment
244,compound>compound> Cepphus,0,0.003,2,912,Charadriiformes__order,taxongroup_comment
246,compound>compound> herring,0,0.001,1,912,Charadriiformes__order,taxongroup_comment
247,conj< ...,0,-0.002,2,912,Charadriiformes__order,taxongroup_comment
248,conj< gull,0,-0.0,1,912,Charadriiformes__order,taxongroup_comment
254,conj<amod> ...,0,-0.001,1,912,Charadriiformes__order,taxongroup_comment
270,conj<case> ...,0,-0.0,1,912,Charadriiformes__order,taxongroup_comment
275,conj<compound> ...,0,0.0,1,912,Charadriiformes__order,taxongroup_comment
298,conj<cop> be,0,0.0,2,912,Charadriiformes__order,taxongroup_comment
300,conj<det> the,0,-0.001,1,912,Charadriiformes__order,taxongroup_comment
316,conj<nsubj> ...,0,-0.001,1,912,Charadriiformes__order,taxongroup_comment
317,conj<nsubj> it,0,0.001,1,912,Charadriiformes__order,taxongroup_comment
319,conj<obj< ...,0,0.001,1,912,Charadriiformes__order,taxongroup_comment
322,conj<obj<nsubj> which,0,0.001,1,912,Charadriiformes__order,taxongroup_comment
327,conj> lapwing,0,0.0,1,912,Charadriiformes__order,taxongroup_comment
334,conj>cc> and,0,-0.002,1,912,Charadriiformes__order,taxongroup_comment
349,det> a,0,0.001,7,912,Charadriiformes__order,taxongroup_comment
350,det> any,0,0.004,3,912,Charadriiformes__order,taxongroup_comment
352,det> the,0,0.004,22,912,Charadriiformes__order,taxongroup_comment
353,det> these,0,0.001,2,912,Charadriiformes__order,taxongroup_comment
354,det> this,0,0.0,1,912,Charadriiformes__order,taxongroup_comment
363,flat> ...,0,0.011,10,912,Charadriiformes__order,taxongroup_comment
364,flat> avosetta,0,0.005,3,912,Charadriiformes__order,taxongroup_comment
365,flat> hiaticula,0,0.001,1,912,Charadriiformes__order,taxongroup_comment
366,flat> lomvia,0,0.0,1,912,Charadriiformes__order,taxongroup_comment
367,flat> tridactyla,0,0.002,2,912,Charadriiformes__order,taxongroup_comment
368,flat> vanellus,0,0.003,2,912,Charadriiformes__order,taxongroup_comment
369,list<list> carbo,0,0.003,2,912,Charadriiformes__order,taxongroup_comment
370,list<list> guillemot,0,0.003,2,912,Charadriiformes__order,taxongroup_comment
371,list<list>compound> ...,0,0.003,2,912,Charadriiformes__order,taxongroup_comment
372,list<list>compound> Cepphus,0,0.003,2,912,Charadriiformes__order,taxongroup_comment
376,nmod:poss< ...,0,0.004,3,912,Charadriiformes__order,taxongroup_comment
377,nmod:poss< habit,0,0.003,2,912,Charadriiformes__order,taxongroup_comment
379,nmod:poss<case> because,0,0.003,2,912,Charadriiformes__order,taxongroup_comment
380,nmod:poss<case> of,0,0.005,3,912,Charadriiformes__order,taxongroup_comment
381,nmod:poss<nsubj<amod> ...,0,0.005,3,912,Charadriiformes__order,taxongroup_comment
382,nmod:poss> ...,0,0.0,1,912,Charadriiformes__order,taxongroup_comment
385,nmod:poss>case> 's,0,-0.001,1,912,Charadriiformes__order,taxongroup_comment
387,nmod< ...,0,0.051,37,912,Charadriiformes__order,taxongroup_comment
390,nmod< call,0,0.003,2,912,Charadriiformes__order,taxongroup_comment
391,nmod< group,0,0.007,4,912,Charadriiformes__order,taxongroup_comment
392,nmod< map,0,0.005,3,912,Charadriiformes__order,taxongroup_comment
393,nmod< migration,0,0.003,2,912,Charadriiformes__order,taxongroup_comment
394,nmod< name,0,0.001,1,912,Charadriiformes__order,taxongroup_comment
397,nmod< species,0,0.003,3,912,Charadriiformes__order,taxongroup_comment
398,nmod<advmod> ...,0,0.005,3,912,Charadriiformes__order,taxongroup_comment
399,nmod<amod> ...,0,0.015,13,912,Charadriiformes__order,taxongroup_comment
401,nmod<amod> Interactive,0,0.005,3,912,Charadriiformes__order,taxongroup_comment
402,nmod<amod> common,0,0.001,1,912,Charadriiformes__order,taxongroup_comment
403,nmod<amod> longest,0,0.005,3,912,Charadriiformes__order,taxongroup_comment
404,nmod<appos< ...,0,0.007,4,912,Charadriiformes__order,taxongroup_comment
405,nmod<appos> ...,0,0.005,3,912,Charadriiformes__order,taxongroup_comment
406,nmod<case> ...,0,0.001,1,912,Charadriiformes__order,taxongroup_comment
407,nmod<case> as,0,0.003,2,912,Charadriiformes__order,taxongroup_comment
408,nmod<case> for,0,0.003,2,912,Charadriiformes__order,taxongroup_comment
409,nmod<case> in,0,0.006,5,912,Charadriiformes__order,taxongroup_comment
410,nmod<case> of,0,0.007,4,912,Charadriiformes__order,taxongroup_comment
411,nmod<case> on,0,0.001,1,912,Charadriiformes__order,taxongroup_comment
412,nmod<case> to,0,0.003,2,912,Charadriiformes__order,taxongroup_comment
413,nmod<cc:preconj> ...,0,0.002,1,912,Charadriiformes__order,taxongroup_comment
414,nmod<cc:preconj> both,0,0.003,2,912,Charadriiformes__order,taxongroup_comment
415,nmod<cc> ...,0,0.001,1,912,Charadriiformes__order,taxongroup_comment
416,nmod<cc> or,0,0.003,2,912,Charadriiformes__order,taxongroup_comment
417,nmod<compound> ...,0,0.018,13,912,Charadriiformes__order,taxongroup_comment
420,nmod<compound> range,0,0.005,3,912,Charadriiformes__order,taxongroup_comment
422,nmod<conj< ...,0,0.005,4,912,Charadriiformes__order,taxongroup_comment
423,nmod<conj> ...,0,0.007,4,912,Charadriiformes__order,taxongroup_comment
424,nmod<conj>cc> and,0,0.005,3,912,Charadriiformes__order,taxongroup_comment
425,nmod<cop> be,0,0.002,3,912,Charadriiformes__order,taxongroup_comment
426,nmod<det> ...,0,0.003,2,912,Charadriiformes__order,taxongroup_comment
427,nmod<det> a,0,0.004,3,912,Charadriiformes__order,taxongroup_comment
428,nmod<det> some,0,0.001,1,912,Charadriiformes__order,taxongroup_comment
429,nmod<det> the,0,0.032,21,912,Charadriiformes__order,taxongroup_comment
430,nmod<nmod< ...,0,0.011,7,912,Charadriiformes__order,taxongroup_comment
431,nmod<nmod<amod> ...,0,0.002,2,912,Charadriiformes__order,taxongroup_comment
432,nmod<nmod<case> ...,0,0.007,4,912,Charadriiformes__order,taxongroup_comment
433,nmod<nmod<compound> ...,0,0.002,2,912,Charadriiformes__order,taxongroup_comment
434,nmod<nmod<det> ...,0,0.002,1,912,Charadriiformes__order,taxongroup_comment
435,nmod<nmod<det> the,0,0.003,2,912,Charadriiformes__order,taxongroup_comment
436,nmod<nmod> ...,0,-0.0,2,912,Charadriiformes__order,taxongroup_comment
439,nmod<nmod> list,0,0.005,3,912,Charadriiformes__order,taxongroup_comment
442,nmod<nmod>appos> ...,0,0.0,1,912,Charadriiformes__order,taxongroup_comment
444,nmod<nmod>case> ...,0,-0.0,1,912,Charadriiformes__order,taxongroup_comment
445,nmod<nmod>case> at,0,0.003,3,912,Charadriiformes__order,taxongroup_comment
448,nmod<nmod>case> with,0,0.001,1,912,Charadriiformes__order,taxongroup_comment
450,nmod<nmod>compound> IUCN,0,0.005,3,912,Charadriiformes__order,taxongroup_comment
451,nmod<nmod>compound> Red,0,0.005,3,912,Charadriiformes__order,taxongroup_comment
452,nmod<nmod>conj> ...,0,0.002,1,912,Charadriiformes__order,taxongroup_comment
454,nmod<nmod>det> a,0,0.001,1,912,Charadriiformes__order,taxongroup_comment
456,nmod<nmod>nmod> ...,0,-0.0,1,912,Charadriiformes__order,taxongroup_comment
457,nmod<nmod>nummod> ...,0,0.001,1,912,Charadriiformes__order,taxongroup_comment
459,nmod<nsubj:pass< ...,0,0.003,2,912,Charadriiformes__order,taxongroup_comment
460,nmod<nsubj:pass< record,0,0.003,2,912,Charadriiformes__order,taxongroup_comment
461,nmod<nsubj:pass<advmod> ...,0,0.005,3,912,Charadriiformes__order,taxongroup_comment
462,nmod<nsubj:pass<aux:pass> be,0,0.007,4,912,Charadriiformes__order,taxongroup_comment
463,nmod<nsubj< ...,0,0.004,3,912,Charadriiformes__order,taxongroup_comment
464,nmod<nsubj< have,0,0.003,2,912,Charadriiformes__order,taxongroup_comment
465,nmod<nsubj< map,0,0.005,3,912,Charadriiformes__order,taxongroup_comment
466,nmod<nsubj< show,0,0.003,2,912,Charadriiformes__order,taxongroup_comment
467,nmod<nsubj<obj> ...,0,0.005,3,912,Charadriiformes__order,taxongroup_comment
468,nmod<nsubj<obj> recording,0,0.005,3,912,Charadriiformes__order,taxongroup_comment
469,nmod<nsubj> ...,0,0.002,3,912,Charadriiformes__order,taxongroup_comment
470,nmod<obj< ...,0,0.013,9,912,Charadriiformes__order,taxongroup_comment
472,nmod<obj<advmod> ...,0,0.007,4,912,Charadriiformes__order,taxongroup_comment
473,nmod<obj<conj> ...,0,0.002,2,912,Charadriiformes__order,taxongroup_comment
474,nmod<obj<nsubj> ...,0,0.003,2,912,Charadriiformes__order,taxongroup_comment
475,nmod<obj<nsubj> it,0,0.003,2,912,Charadriiformes__order,taxongroup_comment
477,nmod<obl< ...,0,0.01,8,912,Charadriiformes__order,taxongroup_comment
478,nmod<obl<advmod> ...,0,0.002,2,912,Charadriiformes__order,taxongroup_comment
479,nmod<obl<aux:pass> be,0,0.002,2,912,Charadriiformes__order,taxongroup_comment
480,nmod<obl<nsubj:pass> ...,0,0.002,2,912,Charadriiformes__order,taxongroup_comment
481,nmod<obl<nsubj> ...,0,0.006,4,912,Charadriiformes__order,taxongroup_comment
561,nsubj< ...,0,-0.004,2,912,Charadriiformes__order,taxongroup_comment
583,nsubj<advcl> ...,0,-0.002,1,912,Charadriiformes__order,taxongroup_comment
584,nsubj<advcl>advmod> ...,0,-0.0,1,912,Charadriiformes__order,taxongroup_comment
590,nsubj<advcl>mark> when,0,0.001,1,912,Charadriiformes__order,taxongroup_comment
592,nsubj<advcl>nsubj> they,0,0.0,1,912,Charadriiformes__order,taxongroup_comment
598,nsubj<advmod> ...,0,-0.002,1,912,Charadriiformes__order,taxongroup_comment
614,nsubj<conj> ...,0,-0.003,2,912,Charadriiformes__order,taxongroup_comment
615,nsubj<conj>advmod> ...,0,-0.001,1,912,Charadriiformes__order,taxongroup_comment
617,nsubj<conj>aux> ...,0,0.002,1,912,Charadriiformes__order,taxongroup_comment
620,nsubj<conj>cc> and,0,-0.002,2,912,Charadriiformes__order,taxongroup_comment
624,nsubj<conj>nsubj> ...,0,-0.0,1,912,Charadriiformes__order,taxongroup_comment
625,nsubj<conj>obj> ...,0,-0.0,1,912,Charadriiformes__order,taxongroup_comment
626,nsubj<conj>obl> ...,0,-0.001,1,912,Charadriiformes__order,taxongroup_comment
627,nsubj<cop> be,0,-0.003,2,912,Charadriiformes__order,taxongroup_comment
697,obj< ...,0,0.002,6,912,Charadriiformes__order,taxongroup_comment
699,obj< do,0,0.001,1,912,Charadriiformes__order,taxongroup_comment
700,obj< eat,0,0.001,1,912,Charadriiformes__order,taxongroup_comment
704,obj<acl:relcl< species,0,0.001,1,912,Charadriiformes__order,taxongroup_comment
705,obj<advcl< ...,0,0.0,2,912,Charadriiformes__order,taxongroup_comment
706,obj<advcl<advmod> ...,0,-0.0,1,912,Charadriiformes__order,taxongroup_comment
707,obj<advcl<conj> ...,0,-0.0,1,912,Charadriiformes__order,taxongroup_comment
708,obj<advcl<nsubj> ...,0,0.0,1,912,Charadriiformes__order,taxongroup_comment
709,obj<advcl<nsubj> gull,0,0.001,1,912,Charadriiformes__order,taxongroup_comment
712,obj<advcl<obl> ...,0,0.0,1,912,Charadriiformes__order,taxongroup_comment
713,obj<advcl> ...,0,0.0,1,912,Charadriiformes__order,taxongroup_comment
715,obj<advcl>advmod> ...,0,0.0,1,912,Charadriiformes__order,taxongroup_comment
716,obj<advcl>obj> ...,0,0.001,2,912,Charadriiformes__order,taxongroup_comment
717,obj<advcl>obl> ...,0,0.0,1,912,Charadriiformes__order,taxongroup_comment
718,obj<advmod> ...,0,-0.0,1,912,Charadriiformes__order,taxongroup_comment
720,obj<cc> and,0,0.001,1,912,Charadriiformes__order,taxongroup_comment
721,obj<conj< ...,0,0.0,1,912,Charadriiformes__order,taxongroup_comment
722,obj<conj> ...,0,0.002,2,912,Charadriiformes__order,taxongroup_comment
723,obj<conj>cc> ...,0,0.002,1,912,Charadriiformes__order,taxongroup_comment
724,obj<conj>cc> and,0,0.001,1,912,Charadriiformes__order,taxongroup_comment
725,obj<mark> ...,0,0.002,2,912,Charadriiformes__order,taxongroup_comment
726,obj<mark> to,0,-0.0,1,912,Charadriiformes__order,taxongroup_comment
728,obj<nsubj> ...,0,0.001,2,912,Charadriiformes__order,taxongroup_comment
732,obj<nsubj>nmod> ...,0,0.0,1,912,Charadriiformes__order,taxongroup_comment
733,obj<obl> ...,0,0.004,4,912,Charadriiformes__order,taxongroup_comment
734,obj<obl>amod> ...,0,0.003,3,912,Charadriiformes__order,taxongroup_comment
735,obj<obl>case> ...,0,0.001,1,912,Charadriiformes__order,taxongroup_comment
736,obj<obl>case> in,0,0.002,2,912,Charadriiformes__order,taxongroup_comment
739,obj<obl>det> a,0,0.002,2,912,Charadriiformes__order,taxongroup_comment
740,obj<obl>nmod> ...,0,0.002,2,912,Charadriiformes__order,taxongroup_comment
743,obl< ...,0,0.012,14,912,Charadriiformes__order,taxongroup_comment
744,obl< disgorge,0,0.003,2,912,Charadriiformes__order,taxongroup_comment
746,obl<acl< ...,0,0.006,4,912,Charadriiformes__order,taxongroup_comment
747,obl<acl< food,0,0.003,2,912,Charadriiformes__order,taxongroup_comment
748,obl<acl<det> ...,0,0.002,1,912,Charadriiformes__order,taxongroup_comment
749,obl<acl<det> the,0,0.005,3,912,Charadriiformes__order,taxongroup_comment
750,obl<advcl> ...,0,-0.0,1,912,Charadriiformes__order,taxongroup_comment
751,obl<advcl> pursue,0,0.003,2,912,Charadriiformes__order,taxongroup_comment
755,obl<advcl>mark> when,0,0.002,2,912,Charadriiformes__order,taxongroup_comment
759,obl<advcl>obl> ...,0,0.001,1,912,Charadriiformes__order,taxongroup_comment
760,obl<advcl>obl> skua,0,0.003,2,912,Charadriiformes__order,taxongroup_comment
761,obl<advmod> ...,0,0.004,5,912,Charadriiformes__order,taxongroup_comment
762,obl<advmod> actually,0,0.003,2,912,Charadriiformes__order,taxongroup_comment
764,obl<aux:pass> be,0,0.001,2,912,Charadriiformes__order,taxongroup_comment
765,obl<aux> ...,0,0.002,1,912,Charadriiformes__order,taxongroup_comment
766,obl<aux> have,0,0.0,1,912,Charadriiformes__order,taxongroup_comment
774,obl<conj> ...,0,-0.0,1,912,Charadriiformes__order,taxongroup_comment
775,obl<conj>cc> and,0,-0.0,1,912,Charadriiformes__order,taxongroup_comment
776,obl<cop> be,0,0.002,2,912,Charadriiformes__order,taxongroup_comment
778,obl<mark> to,0,0.002,2,912,Charadriiformes__order,taxongroup_comment
779,obl<nsubj:pass> ...,0,0.001,2,912,Charadriiformes__order,taxongroup_comment
780,obl<nsubj:pass>compound> ...,0,0.0,1,912,Charadriiformes__order,taxongroup_comment
781,obl<nsubj> ...,0,0.001,3,912,Charadriiformes__order,taxongroup_comment
782,obl<nsubj> gull,0,0.003,2,912,Charadriiformes__order,taxongroup_comment
783,obl<nsubj>amod> ...,0,0.002,2,912,Charadriiformes__order,taxongroup_comment
784,obl<nsubj>conj> ...,0,0.0,1,912,Charadriiformes__order,taxongroup_comment
786,obl<nsubj>det> the,0,0.001,1,912,Charadriiformes__order,taxongroup_comment
788,obl<obl> ...,0,0.003,3,912,Charadriiformes__order,taxongroup_comment
789,obl<obl>amod> ...,0,0.0,1,912,Charadriiformes__order,taxongroup_comment
790,obl<obl>case> ...,0,0.001,1,912,Charadriiformes__order,taxongroup_comment
791,obl<obl>case> in,0,0.002,2,912,Charadriiformes__order,taxongroup_comment
792,obl<obl>det> ...,0,0.002,1,912,Charadriiformes__order,taxongroup_comment
793,obl<obl>det> the,0,0.001,1,912,Charadriiformes__order,taxongroup_comment
808,acl> ...,1,0.002,1,382,Charadriiformes__order,taxongroup_comment
811,acl>obl> ...,1,0.0,1,382,Charadriiformes__order,taxongroup_comment
813,acl>obl>case> ...,1,0.004,1,382,Charadriiformes__order,taxongroup_comment
816,acl>obl>case> in,1,0.003,1,382,Charadriiformes__order,taxongroup_comment
817,acl>obl>compound> ...,1,0.002,1,382,Charadriiformes__order,taxongroup_comment
825,advmod> ...,1,0.001,1,382,Charadriiformes__order,taxongroup_comment
827,amod> american,1,0.002,1,382,Charadriiformes__order,taxongroup_comment
828,amod> back,1,0.041,13,382,Charadriiformes__order,taxongroup_comment
829,amod> common,1,0.028,7,382,Charadriiformes__order,taxongroup_comment
831,amod> great,1,0.043,13,382,Charadriiformes__order,taxongroup_comment
836,amod> ring,1,0.034,7,382,Charadriiformes__order,taxongroup_comment
838,amod>advmod> black,1,0.013,6,382,Charadriiformes__order,taxongroup_comment
843,amod>amod> ...,1,0.006,1,382,Charadriiformes__order,taxongroup_comment
844,amod>amod> black,1,0.03,7,382,Charadriiformes__order,taxongroup_comment
855,appos< ...,1,0.008,3,382,Charadriiformes__order,taxongroup_comment
858,appos< genus,1,0.004,1,382,Charadriiformes__order,taxongroup_comment
859,appos< guillemot,1,0.009,2,382,Charadriiformes__order,taxongroup_comment
861,appos< lapwing,1,0.005,2,382,Charadriiformes__order,taxongroup_comment
863,appos< plover,1,0.004,1,382,Charadriiformes__order,taxongroup_comment
865,appos<amod> ...,1,0.014,5,382,Charadriiformes__order,taxongroup_comment
867,appos<amod> head,1,0.004,1,382,Charadriiformes__order,taxongroup_comment
868,appos<appos< ...,1,0.001,1,382,Charadriiformes__order,taxongroup_comment
871,appos<appos> ...,1,0.009,2,382,Charadriiformes__order,taxongroup_comment
876,appos<conj> ...,1,0.006,2,382,Charadriiformes__order,taxongroup_comment
879,appos<conj>cc> ...,1,0.004,1,382,Charadriiformes__order,taxongroup_comment
881,appos<det> a,1,0.004,1,382,Charadriiformes__order,taxongroup_comment
883,appos<flat> ...,1,0.01,2,382,Charadriiformes__order,taxongroup_comment
885,appos<nmod:poss> murre,1,0.012,2,382,Charadriiformes__order,taxongroup_comment
886,appos<nmod:poss>case> 's,1,0.009,2,382,Charadriiformes__order,taxongroup_comment
892,appos<nsubj< bird,1,0.004,1,382,Charadriiformes__order,taxongroup_comment
893,appos<nsubj< have,1,0.004,1,382,Charadriiformes__order,taxongroup_comment
894,appos<nsubj< place,1,0.003,1,382,Charadriiformes__order,taxongroup_comment
897,appos<nsubj<advmod> Alternatively,1,0.003,1,382,Charadriiformes__order,taxongroup_comment
901,appos<nsubj<cop> be,1,0.001,1,382,Charadriiformes__order,taxongroup_comment
903,appos<nsubj<det> a,1,0.003,1,382,Charadriiformes__order,taxongroup_comment
905,appos<nsubj<nmod> family,1,0.004,1,382,Charadriiformes__order,taxongroup_comment
906,appos<nsubj<obj> ...,1,0.003,1,382,Charadriiformes__order,taxongroup_comment
907,appos<nsubj<obl> ...,1,0.002,1,382,Charadriiformes__order,taxongroup_comment
908,appos> ...,1,0.028,9,382,Charadriiformes__order,taxongroup_comment
909,appos> Gallery,1,0.004,1,382,Charadriiformes__order,taxongroup_comment
911,appos> Taxonomy,1,0.012,2,382,Charadriiformes__order,taxongroup_comment
914,appos> description,1,0.01,2,382,Charadriiformes__order,taxongroup_comment
915,appos> diet,1,0.012,2,382,Charadriiformes__order,taxongroup_comment
918,appos> reference,1,0.012,2,382,Charadriiformes__order,taxongroup_comment
919,appos>advmod> ...,1,0.003,1,382,Charadriiformes__order,taxongroup_comment
920,appos>amod> ...,1,0.01,3,382,Charadriiformes__order,taxongroup_comment
923,appos>compound> ...,1,0.001,1,382,Charadriiformes__order,taxongroup_comment
924,appos>conj> ...,1,0.004,2,382,Charadriiformes__order,taxongroup_comment
925,appos>conj>cc> and,1,0.008,2,382,Charadriiformes__order,taxongroup_comment
936,case> for,1,0.001,1,382,Charadriiformes__order,taxongroup_comment
951,compound< ...,1,0.054,12,382,Charadriiformes__order,taxongroup_comment
952,compound< collection,1,0.012,2,382,Charadriiformes__order,taxongroup_comment
953,compound< complex,1,0.004,1,382,Charadriiformes__order,taxongroup_comment
954,compound< family,1,0.021,4,382,Charadriiformes__order,taxongroup_comment
956,compound< gull,1,0.004,1,382,Charadriiformes__order,taxongroup_comment
957,compound< kingdom,1,0.012,2,382,Charadriiformes__order,taxongroup_comment
958,compound< species,1,0.028,6,382,Charadriiformes__order,taxongroup_comment
959,compound< tridactyla,1,0.012,2,382,Charadriiformes__order,taxongroup_comment
960,compound<acl>obl> ...,1,0.01,2,382,Charadriiformes__order,taxongroup_comment
961,compound<amod> ...,1,0.041,8,382,Charadriiformes__order,taxongroup_comment
962,compound<amod> back,1,0.003,1,382,Charadriiformes__order,taxongroup_comment
963,compound<amod> other,1,0.003,1,382,Charadriiformes__order,taxongroup_comment
964,compound<amod>amod> black,1,0.01,2,382,Charadriiformes__order,taxongroup_comment
965,compound<appos< ...,1,0.008,2,382,Charadriiformes__order,taxongroup_comment
966,compound<appos< kittiwake,1,0.019,3,382,Charadriiformes__order,taxongroup_comment
967,compound<appos< lapwing,1,0.031,5,382,Charadriiformes__order,taxongroup_comment
968,compound<appos<amod> ...,1,0.049,9,382,Charadriiformes__order,taxongroup_comment
969,compound<appos<amod> legged,1,0.012,2,382,Charadriiformes__order,taxongroup_comment
970,compound<appos<appos> ...,1,-0.0,1,382,Charadriiformes__order,taxongroup_comment
971,compound<appos<conj> ...,1,0.011,3,382,Charadriiformes__order,taxongroup_comment
974,compound<appos<conj> puffin,1,0.004,1,382,Charadriiformes__order,taxongroup_comment
975,compound<appos<det> the,1,0.016,3,382,Charadriiformes__order,taxongroup_comment
978,compound<appos> ...,1,0.002,1,382,Charadriiformes__order,taxongroup_comment
981,compound<case> in,1,0.035,6,382,Charadriiformes__order,taxongroup_comment
982,compound<case> of,1,0.021,4,382,Charadriiformes__order,taxongroup_comment
983,compound<case> on,1,0.019,3,382,Charadriiformes__order,taxongroup_comment
984,compound<compound< ...,1,0.016,3,382,Charadriiformes__order,taxongroup_comment
985,compound<compound> ...,1,0.007,2,382,Charadriiformes__order,taxongroup_comment
988,compound<compound> gull,1,0.004,1,382,Charadriiformes__order,taxongroup_comment
989,compound<compound>compound> ...,1,0.015,3,382,Charadriiformes__order,taxongroup_comment
990,compound<conj> ...,1,0.001,1,382,Charadriiformes__order,taxongroup_comment
994,compound<det> the,1,0.074,13,382,Charadriiformes__order,taxongroup_comment
995,compound<nmod< ...,1,0.031,5,382,Charadriiformes__order,taxongroup_comment
997,compound<nmod< one,1,0.012,2,382,Charadriiformes__order,taxongroup_comment
998,compound<nmod< taxonomy,1,0.01,2,382,Charadriiformes__order,taxongroup_comment
999,compound<nmod< video,1,0.012,2,382,Charadriiformes__order,taxongroup_comment
1000,compound<nmod<amod> ...,1,0.025,4,382,Charadriiformes__order,taxongroup_comment
1001,compound<nmod<case> ...,1,0.006,1,382,Charadriiformes__order,taxongroup_comment
1003,compound<nmod<compound> ...,1,0.006,1,382,Charadriiformes__order,taxongroup_comment
1006,compound<nmod<cop> be,1,0.019,3,382,Charadriiformes__order,taxongroup_comment
1007,compound<nmod<det> ...,1,0.006,1,382,Charadriiformes__order,taxongroup_comment
1008,compound<nmod<det> the,1,0.029,5,382,Charadriiformes__order,taxongroup_comment
1009,compound<nmod<nmod< ...,1,0.006,1,382,Charadriiformes__order,taxongroup_comment
1011,compound<nmod<nmod> ...,1,0.019,3,382,Charadriiformes__order,taxongroup_comment
1012,compound<nmod<nsubj< ...,1,0.019,3,382,Charadriiformes__order,taxongroup_comment
1013,compound<nmod<nsubj< complicated,1,0.004,1,382,Charadriiformes__order,taxongroup_comment
1014,compound<nmod<nsubj> ...,1,0.019,3,382,Charadriiformes__order,taxongroup_comment
1015,compound<nmod> ...,1,0.002,1,382,Charadriiformes__order,taxongroup_comment
1018,compound<nmod>case> ...,1,0.001,1,382,Charadriiformes__order,taxongroup_comment
1020,compound<nsubj:pass<obl> ...,1,0.01,2,382,Charadriiformes__order,taxongroup_comment
1021,compound<nsubj< ...,1,0.015,3,382,Charadriiformes__order,taxongroup_comment
1022,compound<nsubj<conj> ...,1,0.01,2,382,Charadriiformes__order,taxongroup_comment
1023,compound<nsubj<obl> ...,1,0.019,3,382,Charadriiformes__order,taxongroup_comment
1024,compound<obl< ...,1,0.002,1,382,Charadriiformes__order,taxongroup_comment
1025,compound<obl<advmod> ...,1,0.003,1,382,Charadriiformes__order,taxongroup_comment
1031,compound> genus,1,0.003,1,382,Charadriiformes__order,taxongroup_comment
1033,compound> herring,1,0.044,17,382,Charadriiformes__order,taxongroup_comment
1034,compound> internet,1,0.012,2,382,Charadriiformes__order,taxongroup_comment
1037,compound> water,1,0.003,1,382,Charadriiformes__order,taxongroup_comment
1039,compound>amod> european,1,0.075,12,382,Charadriiformes__order,taxongroup_comment
1122,conj> ...,1,-0.002,1,382,Charadriiformes__order,taxongroup_comment
1124,conj> lapwing,1,0.003,1,382,Charadriiformes__order,taxongroup_comment
1125,conj> lesser,1,0.012,2,382,Charadriiformes__order,taxongroup_comment
1130,conj>cc> ...,1,0.006,1,382,Charadriiformes__order,taxongroup_comment
1131,conj>cc> and,1,-0.002,1,382,Charadriiformes__order,taxongroup_comment
1144,cop> be,1,-0.002,1,382,Charadriiformes__order,taxongroup_comment
1147,det> any,1,0.003,1,382,Charadriiformes__order,taxongroup_comment
1149,det> the,1,-0.006,5,382,Charadriiformes__order,taxongroup_comment
1152,flat< ...,1,0.012,2,382,Charadriiformes__order,taxongroup_comment
1153,flat< Cerorhinca,1,0.012,2,382,Charadriiformes__order,taxongroup_comment
1154,flat< genus,1,0.012,2,382,Charadriiformes__order,taxongroup_comment
1155,flat<flat> Fratercula,1,0.012,2,382,Charadriiformes__order,taxongroup_comment
1156,flat<flat> monocerata,1,0.012,2,382,Charadriiformes__order,taxongroup_comment
1157,flat<flat> puffin,1,0.012,2,382,Charadriiformes__order,taxongroup_comment
1158,flat<nsubj:pass<obl> ...,1,0.012,2,382,Charadriiformes__order,taxongroup_comment
1159,flat<nsubj:pass<obl> 1758,1,0.019,3,382,Charadriiformes__order,taxongroup_comment
1160,flat> ...,1,0.005,3,382,Charadriiformes__order,taxongroup_comment
1163,flat> lomvia,1,0.009,2,382,Charadriiformes__order,taxongroup_comment
1164,flat> tridactyla,1,0.003,1,382,Charadriiformes__order,taxongroup_comment
1180,nmod:poss> Brünnich,1,0.003,1,382,Charadriiformes__order,taxongroup_comment
1182,nmod:poss>case> 's,1,0.001,1,382,Charadriiformes__order,taxongroup_comment
1184,nmod< ...,1,-0.004,1,382,Charadriiformes__order,taxongroup_comment
1218,nmod<compound> species,1,0.004,1,382,Charadriiformes__order,taxongroup_comment
1233,nmod<nmod> ...,1,-0.0,1,382,Charadriiformes__order,taxongroup_comment
1239,nmod<nmod>appos> ...,1,0.003,1,382,Charadriiformes__order,taxongroup_comment
1242,nmod<nmod>case> at,1,0.002,1,382,Charadriiformes__order,taxongroup_comment
1358,nsubj< ...,1,-0.004,1,382,Charadriiformes__order,taxongroup_comment
1411,nsubj<conj> ...,1,-0.003,1,382,Charadriiformes__order,taxongroup_comment
1412,nsubj<conj>advmod> ...,1,0.0,1,382,Charadriiformes__order,taxongroup_comment
1424,nsubj<cop> be,1,-0.003,1,382,Charadriiformes__order,taxongroup_comment
1479,nsubj> species,1,0.004,1,382,Charadriiformes__order,taxongroup_comment
1481,nsubj>amod> ...,1,-0.001,1,382,Charadriiformes__order,taxongroup_comment
1492,nsubj>det> a,1,0.003,1,382,Charadriiformes__order,taxongroup_comment
1494,obj< ...,1,0.004,3,382,Charadriiformes__order,taxongroup_comment
1501,obj<acl:relcl< species,1,0.004,1,382,Charadriiformes__order,taxongroup_comment
1511,obj<advcl> attack,1,0.004,1,382,Charadriiformes__order,taxongroup_comment
1512,obj<advcl>advmod> ...,1,0.003,1,382,Charadriiformes__order,taxongroup_comment
1513,obj<advcl>obj> ...,1,0.002,1,382,Charadriiformes__order,taxongroup_comment
1516,obj<cc> ...,1,0.006,1,382,Charadriiformes__order,taxongroup_comment
1518,obj<conj< ...,1,0.003,1,382,Charadriiformes__order,taxongroup_comment
1523,obj<mark> to,1,0.001,1,382,Charadriiformes__order,taxongroup_comment
1528,obj<nsubj> that,1,0.004,1,382,Charadriiformes__order,taxongroup_comment
1538,obj<xcomp< ...,1,0.002,1,382,Charadriiformes__order,taxongroup_comment
1594,acl:relcl> ...,2,-0.001,1,1490,Charadriiformes__order,taxongroup_comment
1597,acl:relcl>nsubj> that,2,-0.0,1,1490,Charadriiformes__order,taxongroup_comment
1599,acl:relcl>obj> ...,2,-0.001,1,1490,Charadriiformes__order,taxongroup_comment
1600,acl:relcl>obj>conj> ...,2,0.001,3,1490,Charadriiformes__order,taxongroup_comment
1605,acl> ...,2,-0.0,2,1490,Charadriiformes__order,taxongroup_comment
1606,acl> know,2,0.002,4,1490,Charadriiformes__order,taxongroup_comment
1607,acl>advmod> ...,2,0.002,3,1490,Charadriiformes__order,taxongroup_comment
1608,acl>obl> ...,2,0.001,5,1490,Charadriiformes__order,taxongroup_comment
1609,acl>obl>amod> ...,2,-0.0,1,1490,Charadriiformes__order,taxongroup_comment
1611,acl>obl>case> as,2,0.002,3,1490,Charadriiformes__order,taxongroup_comment
1612,acl>obl>case> by,2,0.001,2,1490,Charadriiformes__order,taxongroup_comment
1614,acl>obl>compound> ...,2,0.001,3,1490,Charadriiformes__order,taxongroup_comment
1615,acl>obl>det> ...,2,0.001,1,1490,Charadriiformes__order,taxongroup_comment
1616,acl>obl>det> the,2,0.001,3,1490,Charadriiformes__order,taxongroup_comment
1617,acl>xcomp> ...,2,-0.0,1,1490,Charadriiformes__order,taxongroup_comment
1618,acl>xcomp>mark> to,2,-0.0,1,1490,Charadriiformes__order,taxongroup_comment
1619,acl>xcomp>obj> ...,2,-0.0,1,1490,Charadriiformes__order,taxongroup_comment
1622,advmod> ...,2,0.0,3,1490,Charadriiformes__order,taxongroup_comment
1623,amod> ...,2,-0.004,37,1490,Charadriiformes__order,taxongroup_comment
1624,amod> american,2,-0.0,2,1490,Charadriiformes__order,taxongroup_comment
1625,amod> back,2,-0.001,13,1490,Charadriiformes__order,taxongroup_comment
1626,amod> common,2,-0.001,2,1490,Charadriiformes__order,taxongroup_comment
1627,amod> european,2,0.008,21,1490,Charadriiformes__order,taxongroup_comment
1628,amod> great,2,-0.002,11,1490,Charadriiformes__order,taxongroup_comment
1629,amod> large,2,-0.0,3,1490,Charadriiformes__order,taxongroup_comment
1632,amod> other,2,-0.002,6,1490,Charadriiformes__order,taxongroup_comment
1633,amod> ring,2,-0.001,2,1490,Charadriiformes__order,taxongroup_comment
1634,amod>advmod> ...,2,-0.001,4,1490,Charadriiformes__order,taxongroup_comment
1635,amod>advmod> black,2,0.001,11,1490,Charadriiformes__order,taxongroup_comment
1638,amod>advmod> fully,2,0.0,1,1490,Charadriiformes__order,taxongroup_comment
1641,amod>amod> black,2,-0.001,2,1490,Charadriiformes__order,taxongroup_comment
1644,amod>conj> ...,2,0.001,2,1490,Charadriiformes__order,taxongroup_comment
1646,amod>conj>cc> and,2,0.0,1,1490,Charadriiformes__order,taxongroup_comment
1647,amod>conj>cc> or,2,0.0,1,1490,Charadriiformes__order,taxongroup_comment
1648,amod>obl:npmod> ...,2,0.001,3,1490,Charadriiformes__order,taxongroup_comment
1649,amod>obl:npmod> thick,2,0.001,2,1490,Charadriiformes__order,taxongroup_comment
1650,amod>obl> ...,2,-0.0,1,1490,Charadriiformes__order,taxongroup_comment
1651,amod>obl>case> ...,2,-0.0,1,1490,Charadriiformes__order,taxongroup_comment
1652,appos< ...,2,-0.001,2,1490,Charadriiformes__order,taxongroup_comment
1655,appos< genus,2,0.0,1,1490,Charadriiformes__order,taxongroup_comment
1660,appos< plover,2,0.0,1,1490,Charadriiformes__order,taxongroup_comment
1662,appos<amod> ...,2,-0.001,1,1490,Charadriiformes__order,taxongroup_comment
1663,appos<amod> common,2,0.0,1,1490,Charadriiformes__order,taxongroup_comment
1665,appos<appos< ...,2,-0.001,1,1490,Charadriiformes__order,taxongroup_comment
1666,appos<appos<nmod> ...,2,-0.0,1,1490,Charadriiformes__order,taxongroup_comment
1671,appos<compound> ...,2,-0.001,2,1490,Charadriiformes__order,taxongroup_comment
1674,appos<conj> plover,2,-0.0,1,1490,Charadriiformes__order,taxongroup_comment
1675,appos<conj>amod> ...,2,-0.001,1,1490,Charadriiformes__order,taxongroup_comment
1677,appos<conj>cc> or,2,-0.0,1,1490,Charadriiformes__order,taxongroup_comment
1679,appos<det> the,2,-0.001,2,1490,Charadriiformes__order,taxongroup_comment
1680,appos<flat> ...,2,-0.0,1,1490,Charadriiformes__order,taxongroup_comment
1685,appos<nmod> ...,2,0.0,2,1490,Charadriiformes__order,taxongroup_comment
1687,appos<nmod>case> of,2,0.001,2,1490,Charadriiformes__order,taxongroup_comment
1688,appos<nsubj< ...,2,-0.0,2,1490,Charadriiformes__order,taxongroup_comment
1695,appos<nsubj<amod> ...,2,-0.0,1,1490,Charadriiformes__order,taxongroup_comment
1698,appos<nsubj<cop> be,2,-0.001,1,1490,Charadriiformes__order,taxongroup_comment
1700,appos<nsubj<det> a,2,-0.0,1,1490,Charadriiformes__order,taxongroup_comment
1703,appos<nsubj<obj> ...,2,-0.0,1,1490,Charadriiformes__order,taxongroup_comment
1705,appos> ...,2,-0.001,10,1490,Charadriiformes__order,taxongroup_comment
1707,appos> L.,2,-0.0,1,1490,Charadriiformes__order,taxongroup_comment
1709,appos> Uria,2,0.001,3,1490,Charadriiformes__order,taxongroup_comment
1710,appos> argentatus,2,0.002,4,1490,Charadriiformes__order,taxongroup_comment
1713,appos> gull,2,0.001,2,1490,Charadriiformes__order,taxongroup_comment
1714,appos> marinus,2,-0.0,1,1490,Charadriiformes__order,taxongroup_comment
1716,appos>advmod> ...,2,0.0,2,1490,Charadriiformes__order,taxongroup_comment
1717,appos>amod> ...,2,0.001,4,1490,Charadriiformes__order,taxongroup_comment
1718,appos>amod> Larus,2,0.001,5,1490,Charadriiformes__order,taxongroup_comment
1719,appos>appos> ...,2,0.001,3,1490,Charadriiformes__order,taxongroup_comment
1720,appos>compound> ...,2,0.002,5,1490,Charadriiformes__order,taxongroup_comment
1721,appos>conj> ...,2,-0.001,2,1490,Charadriiformes__order,taxongroup_comment
1722,appos>conj>cc> and,2,0.0,2,1490,Charadriiformes__order,taxongroup_comment
1723,appos>det> ...,2,0.001,1,1490,Charadriiformes__order,taxongroup_comment
1724,appos>det> the,2,0.0,1,1490,Charadriiformes__order,taxongroup_comment
1725,appos>flat> ...,2,-0.0,1,1490,Charadriiformes__order,taxongroup_comment
1726,appos>flat> lomvia,2,0.001,3,1490,Charadriiformes__order,taxongroup_comment
1727,appos>nmod> ...,2,0.001,3,1490,Charadriiformes__order,taxongroup_comment
1728,appos>nmod>case> ...,2,0.0,1,1490,Charadriiformes__order,taxongroup_comment
1729,appos>nmod>case> in,2,0.001,2,1490,Charadriiformes__order,taxongroup_comment
1730,case> 's,2,-0.0,1,1490,Charadriiformes__order,taxongroup_comment
1731,case> ...,2,-0.0,7,1490,Charadriiformes__order,taxongroup_comment
1732,case> by,2,-0.001,1,1490,Charadriiformes__order,taxongroup_comment
1733,case> for,2,0.001,4,1490,Charadriiformes__order,taxongroup_comment
1734,case> from,2,0.0,2,1490,Charadriiformes__order,taxongroup_comment
1735,case> in,2,0.0,3,1490,Charadriiformes__order,taxongroup_comment
1736,case> of,2,-0.004,9,1490,Charadriiformes__order,taxongroup_comment
1737,case> on,2,0.0,2,1490,Charadriiformes__order,taxongroup_comment
1739,case> than,2,-0.0,1,1490,Charadriiformes__order,taxongroup_comment
1740,case> with,2,-0.001,1,1490,Charadriiformes__order,taxongroup_comment
1743,cc> and,2,-0.002,3,1490,Charadriiformes__order,taxongroup_comment
1744,cc> as,2,0.001,2,1490,Charadriiformes__order,taxongroup_comment
1745,cc> or,2,0.0,1,1490,Charadriiformes__order,taxongroup_comment
1746,cc>fixed> as,2,0.001,2,1490,Charadriiformes__order,taxongroup_comment
1747,cc>fixed> well,2,0.001,2,1490,Charadriiformes__order,taxongroup_comment
1753,compound< gull,2,0.0,1,1490,Charadriiformes__order,taxongroup_comment
1755,compound< species,2,-0.001,2,1490,Charadriiformes__order,taxongroup_comment
1758,compound<amod> ...,2,-0.001,2,1490,Charadriiformes__order,taxongroup_comment
1775,compound<appos> ...,2,-0.0,2,1490,Charadriiformes__order,taxongroup_comment
1776,compound<case> ...,2,0.0,1,1490,Charadriiformes__order,taxongroup_comment
1782,compound<compound> ...,2,-0.0,2,1490,Charadriiformes__order,taxongroup_comment
1786,compound<compound>compound> ...,2,-0.0,1,1490,Charadriiformes__order,taxongroup_comment
1812,compound<nmod> ...,2,-0.0,1,1490,Charadriiformes__order,taxongroup_comment
1813,compound<nmod> gull,2,0.0,1,1490,Charadriiformes__order,taxongroup_comment
1814,compound<nmod>amod> ...,2,-0.0,1,1490,Charadriiformes__order,taxongroup_comment
1815,compound<nmod>case> ...,2,-0.0,2,1490,Charadriiformes__order,taxongroup_comment
1816,compound<nmod>conj> ...,2,-0.0,1,1490,Charadriiformes__order,taxongroup_comment
1818,compound<nsubj< ...,2,-0.0,1,1490,Charadriiformes__order,taxongroup_comment
1821,compound<obl< ...,2,-0.0,1,1490,Charadriiformes__order,taxongroup_comment
1822,compound<obl<advmod> ...,2,-0.0,1,1490,Charadriiformes__order,taxongroup_comment
1825,compound> ...,2,-0.001,4,1490,Charadriiformes__order,taxongroup_comment
1826,compound> Uria,2,0.0,1,1490,Charadriiformes__order,taxongroup_comment
1827,compound> family,2,0.0,2,1490,Charadriiformes__order,taxongroup_comment
1828,compound> genus,2,0.001,2,1490,Charadriiformes__order,taxongroup_comment
1829,compound> gull,2,0.0,1,1490,Charadriiformes__order,taxongroup_comment
1830,compound> herring,2,0.002,28,1490,Charadriiformes__order,taxongroup_comment
1833,compound> name,2,-0.0,1,1490,Charadriiformes__order,taxongroup_comment
1835,compound>amod> ...,2,0.001,3,1490,Charadriiformes__order,taxongroup_comment
1837,compound>compound> ...,2,0.0,1,1490,Charadriiformes__order,taxongroup_comment
1839,compound>compound> ground,2,0.001,2,1490,Charadriiformes__order,taxongroup_comment
1840,compound>compound> herring,2,0.0,1,1490,Charadriiformes__order,taxongroup_comment
1841,conj< ...,2,-0.002,4,1490,Charadriiformes__order,taxongroup_comment
1844,conj< plover,2,0.0,1,1490,Charadriiformes__order,taxongroup_comment
1846,conj< skua,2,0.0,1,1490,Charadriiformes__order,taxongroup_comment
1847,conj<advmod> ...,2,-0.0,1,1490,Charadriiformes__order,taxongroup_comment
1848,conj<amod> ...,2,-0.001,2,1490,Charadriiformes__order,taxongroup_comment
1850,conj<amod> common,2,0.0,1,1490,Charadriiformes__order,taxongroup_comment
1851,conj<amod>advmod> ...,2,0.0,2,1490,Charadriiformes__order,taxongroup_comment
1855,conj<appos> ...,2,-0.001,1,1490,Charadriiformes__order,taxongroup_comment
1860,conj<appos>flat> ...,2,-0.0,1,1490,Charadriiformes__order,taxongroup_comment
1866,conj<case> such,2,-0.0,1,1490,Charadriiformes__order,taxongroup_comment
1868,conj<case>fixed> as,2,-0.0,1,1490,Charadriiformes__order,taxongroup_comment
1869,conj<compound> ...,2,-0.0,1,1490,Charadriiformes__order,taxongroup_comment
1892,conj<cop> be,2,-0.001,1,1490,Charadriiformes__order,taxongroup_comment
1893,conj<det> a,2,-0.0,1,1490,Charadriiformes__order,taxongroup_comment
1894,conj<det> the,2,-0.001,1,1490,Charadriiformes__order,taxongroup_comment
1900,conj<nmod< ...,2,-0.0,1,1490,Charadriiformes__order,taxongroup_comment
1905,conj<nmod> ...,2,0.001,3,1490,Charadriiformes__order,taxongroup_comment
1907,conj<nmod>case> ...,2,0.001,3,1490,Charadriiformes__order,taxongroup_comment
1910,conj<nsubj> ...,2,-0.0,2,1490,Charadriiformes__order,taxongroup_comment
1912,conj<nsubj>det> the,2,0.001,2,1490,Charadriiformes__order,taxongroup_comment
1917,conj<obj> ...,2,0.001,2,1490,Charadriiformes__order,taxongroup_comment
1921,conj> lapwing,2,-0.0,1,1490,Charadriiformes__order,taxongroup_comment
1928,conj>cc> and,2,-0.001,1,1490,Charadriiformes__order,taxongroup_comment
1941,cop> be,2,-0.002,2,1490,Charadriiformes__order,taxongroup_comment
1942,det> ...,2,0.001,1,1490,Charadriiformes__order,taxongroup_comment
1943,det> a,2,-0.002,6,1490,Charadriiformes__order,taxongroup_comment
1945,det> some,2,0.002,4,1490,Charadriiformes__order,taxongroup_comment
1946,det> the,2,0.003,34,1490,Charadriiformes__order,taxongroup_comment
1947,det> these,2,0.001,3,1490,Charadriiformes__order,taxongroup_comment
1948,det> this,2,0.0,2,1490,Charadriiformes__order,taxongroup_comment
1957,flat> ...,2,-0.002,2,1490,Charadriiformes__order,taxongroup_comment
1959,flat> hiaticula,2,0.0,1,1490,Charadriiformes__order,taxongroup_comment
1970,nmod:poss< ...,2,-0.0,1,1490,Charadriiformes__order,taxongroup_comment
1972,nmod:poss<case> ...,2,0.001,1,1490,Charadriiformes__order,taxongroup_comment
1976,nmod:poss> ...,2,-0.0,1,1490,Charadriiformes__order,taxongroup_comment
1977,nmod:poss> Brünnich,2,0.001,3,1490,Charadriiformes__order,taxongroup_comment
1978,nmod:poss> murre,2,0.001,2,1490,Charadriiformes__order,taxongroup_comment
1979,nmod:poss>case> 's,2,0.002,5,1490,Charadriiformes__order,taxongroup_comment
1980,nmod:poss>det> the,2,0.002,3,1490,Charadriiformes__order,taxongroup_comment
1981,nmod< ...,2,-0.004,7,1490,Charadriiformes__order,taxongroup_comment
1983,nmod< any,2,0.001,2,1490,Charadriiformes__order,taxongroup_comment
1988,nmod< name,2,0.0,1,1490,Charadriiformes__order,taxongroup_comment
1989,nmod< range,2,0.001,2,1490,Charadriiformes__order,taxongroup_comment
1990,nmod< recording,2,0.001,2,1490,Charadriiformes__order,taxongroup_comment
1991,nmod< species,2,-0.0,2,1490,Charadriiformes__order,taxongroup_comment
1993,nmod<amod> ...,2,-0.002,4,1490,Charadriiformes__order,taxongroup_comment
1994,nmod<amod> Gull,2,0.001,2,1490,Charadriiformes__order,taxongroup_comment
1996,nmod<amod> common,2,0.0,1,1490,Charadriiformes__order,taxongroup_comment
2000,nmod<case> ...,2,0.0,1,1490,Charadriiformes__order,taxongroup_comment
2005,nmod<case> on,2,0.0,1,1490,Charadriiformes__order,taxongroup_comment
2011,nmod<compound> ...,2,-0.001,1,1490,Charadriiformes__order,taxongroup_comment
2012,nmod<compound> audio,2,0.001,2,1490,Charadriiformes__order,taxongroup_comment
2013,nmod<compound> gull,2,0.0,1,1490,Charadriiformes__order,taxongroup_comment
2016,nmod<conj< ...,2,-0.001,1,1490,Charadriiformes__order,taxongroup_comment
2019,nmod<cop> be,2,0.002,5,1490,Charadriiformes__order,taxongroup_comment
2021,nmod<det> a,2,-0.0,1,1490,Charadriiformes__order,taxongroup_comment
2022,nmod<det> some,2,0.0,1,1490,Charadriiformes__order,taxongroup_comment
2023,nmod<det> the,2,-0.001,1,1490,Charadriiformes__order,taxongroup_comment
2030,nmod<nmod> ...,2,0.001,5,1490,Charadriiformes__order,taxongroup_comment
2031,nmod<nmod> gram,2,0.001,2,1490,Charadriiformes__order,taxongroup_comment
2032,nmod<nmod> gull,2,0.001,2,1490,Charadriiformes__order,taxongroup_comment
2034,nmod<nmod> size,2,0.001,2,1490,Charadriiformes__order,taxongroup_comment
2035,nmod<nmod>amod> ...,2,0.003,5,1490,Charadriiformes__order,taxongroup_comment
2036,nmod<nmod>appos> ...,2,-0.0,1,1490,Charadriiformes__order,taxongroup_comment
2037,nmod<nmod>appos> ounce,2,0.001,2,1490,Charadriiformes__order,taxongroup_comment
2038,nmod<nmod>case> ...,2,-0.0,2,1490,Charadriiformes__order,taxongroup_comment
2039,nmod<nmod>case> at,2,-0.0,2,1490,Charadriiformes__order,taxongroup_comment
2040,nmod<nmod>case> in,2,0.002,4,1490,Charadriiformes__order,taxongroup_comment
2041,nmod<nmod>case> to,2,0.001,2,1490,Charadriiformes__order,taxongroup_comment
2042,nmod<nmod>case> with,2,0.0,1,1490,Charadriiformes__order,taxongroup_comment
2043,nmod<nmod>compound> ...,2,0.0,1,1490,Charadriiformes__order,taxongroup_comment
2047,nmod<nmod>conj> centimetre,2,0.001,2,1490,Charadriiformes__order,taxongroup_comment
2048,nmod<nmod>det> a,2,0.0,1,1490,Charadriiformes__order,taxongroup_comment
2049,nmod<nmod>det> the,2,0.001,3,1490,Charadriiformes__order,taxongroup_comment
2050,nmod<nmod>nmod> ...,2,0.001,3,1490,Charadriiformes__order,taxongroup_comment
2051,nmod<nmod>nummod> ...,2,0.0,1,1490,Charadriiformes__order,taxongroup_comment
2052,nmod<nmod>nummod> 120,2,0.001,2,1490,Charadriiformes__order,taxongroup_comment
2063,nmod<nsubj> ...,2,0.001,4,1490,Charadriiformes__order,taxongroup_comment
2064,nmod<obj< ...,2,-0.001,2,1490,Charadriiformes__order,taxongroup_comment
2065,nmod<obj< map,2,0.001,2,1490,Charadriiformes__order,taxongroup_comment
2067,nmod<obj<conj> ...,2,-0.0,1,1490,Charadriiformes__order,taxongroup_comment
2070,nmod<obj<nsubj> map,2,0.001,2,1490,Charadriiformes__order,taxongroup_comment
2071,nmod<obl< ...,2,-0.001,2,1490,Charadriiformes__order,taxongroup_comment
2072,nmod<obl<advmod> ...,2,-0.0,1,1490,Charadriiformes__order,taxongroup_comment
2073,nmod<obl<aux:pass> be,2,-0.0,1,1490,Charadriiformes__order,taxongroup_comment
2074,nmod<obl<nsubj:pass> ...,2,-0.0,1,1490,Charadriiformes__order,taxongroup_comment
2076,nmod> ...,2,0.004,21,1490,Charadriiformes__order,taxongroup_comment
2077,nmod> canto,2,0.001,2,1490,Charadriiformes__order,taxongroup_comment
2078,nmod> factsheet,2,0.0,1,1490,Charadriiformes__order,taxongroup_comment
2080,nmod> world,2,-0.0,1,1490,Charadriiformes__order,taxongroup_comment
2081,nmod>amod> ...,2,-0.001,4,1490,Charadriiformes__order,taxongroup_comment
2083,nmod>appos> ...,2,0.001,3,1490,Charadriiformes__order,taxongroup_comment
2084,nmod>appos>compound> ...,2,0.001,2,1490,Charadriiformes__order,taxongroup_comment
2085,nmod>case> ...,2,0.001,4,1490,Charadriiformes__order,taxongroup_comment
2086,nmod>case> <ith,2,0.0,1,1490,Charadriiformes__order,taxongroup_comment
2087,nmod>case> at,2,0.001,2,1490,Charadriiformes__order,taxongroup_comment
2088,nmod>case> from,2,-0.0,1,1490,Charadriiformes__order,taxongroup_comment
2089,nmod>case> in,2,0.001,4,1490,Charadriiformes__order,taxongroup_comment
2090,nmod>case> include,2,0.0,1,1490,Charadriiformes__order,taxongroup_comment
2091,nmod>case> of,2,0.001,5,1490,Charadriiformes__order,taxongroup_comment
2092,nmod>case> on,2,0.0,2,1490,Charadriiformes__order,taxongroup_comment
2093,nmod>case> such,2,0.001,3,1490,Charadriiformes__order,taxongroup_comment
2094,nmod>case> to,2,-0.0,1,1490,Charadriiformes__order,taxongroup_comment
2095,nmod>case> with,2,-0.0,1,1490,Charadriiformes__order,taxongroup_comment
2096,nmod>case>fixed> as,2,0.001,3,1490,Charadriiformes__order,taxongroup_comment
2097,nmod>compound> ...,2,0.002,7,1490,Charadriiformes__order,taxongroup_comment
2098,nmod>compound> Xeno,2,0.001,2,1490,Charadriiformes__order,taxongroup_comment
2099,nmod>compound> family,2,0.0,1,1490,Charadriiformes__order,taxongroup_comment
2100,nmod>compound> species,2,0.0,1,1490,Charadriiformes__order,taxongroup_comment
2101,nmod>compound>compound> ...,2,0.001,2,1490,Charadriiformes__order,taxongroup_comment
2102,nmod>conj> ...,2,0.004,12,1490,Charadriiformes__order,taxongroup_comment
2103,nmod>conj> gull,2,0.001,2,1490,Charadriiformes__order,taxongroup_comment
2104,nmod>conj>amod> ...,2,0.002,4,1490,Charadriiformes__order,taxongroup_comment
2105,nmod>conj>cc> and,2,0.001,6,1490,Charadriiformes__order,taxongroup_comment
2106,nmod>conj>cc> or,2,0.0,1,1490,Charadriiformes__order,taxongroup_comment
2107,nmod>conj>compound> ...,2,-0.0,1,1490,Charadriiformes__order,taxongroup_comment
2108,nmod>det> a,2,-0.0,1,1490,Charadriiformes__order,taxongroup_comment
2109,nmod>det> the,2,0.0,9,1490,Charadriiformes__order,taxongroup_comment
2110,nmod>nmod> ...,2,-0.0,3,1490,Charadriiformes__order,taxongroup_comment
2111,nmod>nmod>case> for,2,0.0,1,1490,Charadriiformes__order,taxongroup_comment
2112,nmod>nmod>case> in,2,0.001,2,1490,Charadriiformes__order,taxongroup_comment
2114,nmod>nmod>compound> ...,2,0.001,1,1490,Charadriiformes__order,taxongroup_comment
2116,nmod>nmod>compound> Larus,2,0.001,2,1490,Charadriiformes__order,taxongroup_comment
2117,nsubj:pass< ...,2,-0.0,5,1490,Charadriiformes__order,taxongroup_comment
2118,nsubj:pass< find,2,0.001,2,1490,Charadriiformes__order,taxongroup_comment
2119,nsubj:pass< see,2,0.001,2,1490,Charadriiformes__order,taxongroup_comment
2120,nsubj:pass<advmod> ...,2,0.004,7,1490,Charadriiformes__order,taxongroup_comment
2121,nsubj:pass<advmod> also,2,-0.0,1,1490,Charadriiformes__order,taxongroup_comment
2122,nsubj:pass<advmod> long,2,0.0,1,1490,Charadriiformes__order,taxongroup_comment
2125,nsubj:pass<aux:pass> ...,2,0.001,1,1490,Charadriiformes__order,taxongroup_comment
2126,nsubj:pass<aux:pass> be,2,0.001,8,1490,Charadriiformes__order,taxongroup_comment
2128,nsubj:pass<aux> can,2,0.001,2,1490,Charadriiformes__order,taxongroup_comment
2129,nsubj:pass<aux> have,2,-0.0,1,1490,Charadriiformes__order,taxongroup_comment
2130,nsubj:pass<conj> ...,2,0.001,5,1490,Charadriiformes__order,taxongroup_comment
2131,nsubj:pass<conj>advmod> ...,2,0.003,5,1490,Charadriiformes__order,taxongroup_comment
2132,nsubj:pass<conj>amod> ...,2,-0.0,1,1490,Charadriiformes__order,taxongroup_comment
2133,nsubj:pass<conj>aux:pass> be,2,0.002,3,1490,Charadriiformes__order,taxongroup_comment
2134,nsubj:pass<conj>cc> ...,2,0.001,1,1490,Charadriiformes__order,taxongroup_comment
2135,nsubj:pass<conj>cc> and,2,0.001,3,1490,Charadriiformes__order,taxongroup_comment
2137,nsubj:pass<conj>cop> be,2,-0.0,1,1490,Charadriiformes__order,taxongroup_comment
2138,nsubj:pass<conj>nsubj> ...,2,-0.0,1,1490,Charadriiformes__order,taxongroup_comment
2139,nsubj:pass<conj>obl> ...,2,0.002,5,1490,Charadriiformes__order,taxongroup_comment
2140,nsubj:pass<obl> ...,2,0.002,7,1490,Charadriiformes__order,taxongroup_comment
2141,nsubj:pass<obl>amod> ...,2,-0.0,2,1490,Charadriiformes__order,taxongroup_comment
2142,nsubj:pass<obl>case> ...,2,0.0,2,1490,Charadriiformes__order,taxongroup_comment
2143,nsubj:pass<obl>case> as,2,0.0,1,1490,Charadriiformes__order,taxongroup_comment
2144,nsubj:pass<obl>case> in,2,0.001,2,1490,Charadriiformes__order,taxongroup_comment
2145,nsubj:pass<obl>case> on,2,0.0,1,1490,Charadriiformes__order,taxongroup_comment
2146,nsubj:pass<obl>case> with,2,0.0,1,1490,Charadriiformes__order,taxongroup_comment
2147,nsubj:pass<obl>conj> ...,2,-0.001,1,1490,Charadriiformes__order,taxongroup_comment
2148,nsubj:pass<obl>det> ...,2,0.001,1,1490,Charadriiformes__order,taxongroup_comment
2149,nsubj:pass<obl>det> a,2,0.001,2,1490,Charadriiformes__order,taxongroup_comment
2150,nsubj:pass<obl>nmod> ...,2,0.002,5,1490,Charadriiformes__order,taxongroup_comment
2151,nsubj:pass<xcomp> ...,2,0.0,2,1490,Charadriiformes__order,taxongroup_comment
2152,nsubj:pass<xcomp>mark> to,2,0.001,2,1490,Charadriiformes__order,taxongroup_comment
2153,nsubj:pass<xcomp>obj> ...,2,0.0,2,1490,Charadriiformes__order,taxongroup_comment
2154,nsubj:pass<xcomp>obl> ...,2,-0.0,1,1490,Charadriiformes__order,taxongroup_comment
2155,nsubj< ...,2,0.03,49,1490,Charadriiformes__order,taxongroup_comment
2156,nsubj< bird,2,0.001,2,1490,Charadriiformes__order,taxongroup_comment
2157,nsubj< feed,2,0.0,1,1490,Charadriiformes__order,taxongroup_comment
2158,nsubj< gull,2,0.001,2,1490,Charadriiformes__order,taxongroup_comment
2159,nsubj< have,2,0.002,3,1490,Charadriiformes__order,taxongroup_comment
2160,nsubj< include,2,0.001,2,1490,Charadriiformes__order,taxongroup_comment
2161,nsubj< latin,2,0.001,2,1490,Charadriiformes__order,taxongroup_comment
2162,nsubj< mention,2,0.002,3,1490,Charadriiformes__order,taxongroup_comment
2163,nsubj< show,2,0.001,2,1490,Charadriiformes__order,taxongroup_comment
2164,nsubj<acl:relcl< ...,2,0.001,1,1490,Charadriiformes__order,taxongroup_comment
2165,nsubj<acl:relcl< word,2,0.002,3,1490,Charadriiformes__order,taxongroup_comment
2166,nsubj<acl:relcl<amod> ...,2,0.001,1,1490,Charadriiformes__order,taxongroup_comment
2167,nsubj<acl:relcl<amod> Latin,2,0.002,3,1490,Charadriiformes__order,taxongroup_comment
2168,nsubj<acl:relcl<amod> late,2,0.002,3,1490,Charadriiformes__order,taxongroup_comment
2169,nsubj<acl:relcl<cop> be,2,0.002,3,1490,Charadriiformes__order,taxongroup_comment
2170,nsubj<acl:relcl<det> ...,2,0.001,1,1490,Charadriiformes__order,taxongroup_comment
2171,nsubj<acl:relcl<det> a,2,0.002,3,1490,Charadriiformes__order,taxongroup_comment
2172,nsubj<acl:relcl<nsubj> name,2,0.002,3,1490,Charadriiformes__order,taxongroup_comment
2173,nsubj<advcl< ...,2,0.004,6,1490,Charadriiformes__order,taxongroup_comment
2174,nsubj<advcl<nsubj> ...,2,0.003,5,1490,Charadriiformes__order,taxongroup_comment
2175,nsubj<advcl<obl> ...,2,0.001,2,1490,Charadriiformes__order,taxongroup_comment
2176,nsubj<advcl<obl> side,2,0.001,2,1490,Charadriiformes__order,taxongroup_comment
2177,nsubj<advcl> ...,2,0.011,17,1490,Charadriiformes__order,taxongroup_comment
2178,nsubj<advcl>advmod> ...,2,0.002,4,1490,Charadriiformes__order,taxongroup_comment
2179,nsubj<advcl>cop> be,2,0.002,3,1490,Charadriiformes__order,taxongroup_comment
2180,nsubj<advcl>mark> ...,2,0.004,6,1490,Charadriiformes__order,taxongroup_comment
2181,nsubj<advcl>mark> in,2,0.001,2,1490,Charadriiformes__order,taxongroup_comment
2182,nsubj<advcl>mark> though,2,0.001,2,1490,Charadriiformes__order,taxongroup_comment
2183,nsubj<advcl>mark> to,2,0.003,4,1490,Charadriiformes__order,taxongroup_comment
2184,nsubj<advcl>mark> when,2,0.0,1,1490,Charadriiformes__order,taxongroup_comment
2185,nsubj<advcl>nsubj> ...,2,0.002,3,1490,Charadriiformes__order,taxongroup_comment
2186,nsubj<advcl>nsubj> they,2,0.001,2,1490,Charadriiformes__order,taxongroup_comment
2187,nsubj<advcl>obj> ...,2,0.003,4,1490,Charadriiformes__order,taxongroup_comment
2188,nsubj<advcl>obj> bird,2,0.001,2,1490,Charadriiformes__order,taxongroup_comment
2189,nsubj<advcl>obl> ...,2,0.004,6,1490,Charadriiformes__order,taxongroup_comment
2190,nsubj<advcl>parataxis> ...,2,0.002,3,1490,Charadriiformes__order,taxongroup_comment
2191,nsubj<advcl>xcomp> ...,2,0.003,4,1490,Charadriiformes__order,taxongroup_comment
2192,nsubj<advmod> ...,2,0.009,16,1490,Charadriiformes__order,taxongroup_comment
2193,nsubj<advmod> also,2,0.002,3,1490,Charadriiformes__order,taxongroup_comment
2194,nsubj<advmod> more,2,0.001,2,1490,Charadriiformes__order,taxongroup_comment
2195,nsubj<advmod> not,2,0.001,2,1490,Charadriiformes__order,taxongroup_comment
2196,nsubj<advmod> often,2,0.001,2,1490,Charadriiformes__order,taxongroup_comment
2197,nsubj<amod> ...,2,0.004,7,1490,Charadriiformes__order,taxongroup_comment
2198,nsubj<amod> largest,2,0.001,2,1490,Charadriiformes__order,taxongroup_comment
2199,nsubj<appos> ...,2,0.004,6,1490,Charadriiformes__order,taxongroup_comment
2200,nsubj<appos>amod> ...,2,0.003,4,1490,Charadriiformes__order,taxongroup_comment
2201,nsubj<aux> ...,2,0.002,4,1490,Charadriiformes__order,taxongroup_comment
2202,nsubj<aux> be,2,0.002,3,1490,Charadriiformes__order,taxongroup_comment
2203,nsubj<aux> can,2,0.001,2,1490,Charadriiformes__order,taxongroup_comment
2204,nsubj<aux> have,2,0.001,2,1490,Charadriiformes__order,taxongroup_comment
2205,nsubj<cc> and,2,0.001,2,1490,Charadriiformes__order,taxongroup_comment
2206,nsubj<ccomp< ...,2,0.003,4,1490,Charadriiformes__order,taxongroup_comment
2207,nsubj<conj< ...,2,0.001,2,1490,Charadriiformes__order,taxongroup_comment
2208,nsubj<conj> ...,2,0.012,25,1490,Charadriiformes__order,taxongroup_comment
2209,nsubj<conj>advmod> ...,2,0.003,7,1490,Charadriiformes__order,taxongroup_comment
2210,nsubj<conj>amod> ...,2,0.003,6,1490,Charadriiformes__order,taxongroup_comment
2212,nsubj<conj>aux> have,2,0.001,2,1490,Charadriiformes__order,taxongroup_comment
2213,nsubj<conj>aux> may,2,0.002,3,1490,Charadriiformes__order,taxongroup_comment
2214,nsubj<conj>cc> and,2,0.007,14,1490,Charadriiformes__order,taxongroup_comment
2215,nsubj<conj>cc> but,2,0.005,7,1490,Charadriiformes__order,taxongroup_comment
2216,nsubj<conj>cop> be,2,0.005,7,1490,Charadriiformes__order,taxongroup_comment
2217,nsubj<conj>nmod> ...,2,0.003,4,1490,Charadriiformes__order,taxongroup_comment
2218,nsubj<conj>nsubj> ...,2,0.003,6,1490,Charadriiformes__order,taxongroup_comment
2219,nsubj<conj>obj> ...,2,0.002,5,1490,Charadriiformes__order,taxongroup_comment
2220,nsubj<conj>obl> ...,2,0.003,8,1490,Charadriiformes__order,taxongroup_comment
2221,nsubj<cop> be,2,0.015,26,1490,Charadriiformes__order,taxongroup_comment
2222,nsubj<det> a,2,0.003,6,1490,Charadriiformes__order,taxongroup_comment
2223,nsubj<det> the,2,0.003,5,1490,Charadriiformes__order,taxongroup_comment
2224,nsubj<mark> ...,2,0.003,4,1490,Charadriiformes__order,taxongroup_comment
2225,nsubj<mark> as,2,0.001,2,1490,Charadriiformes__order,taxongroup_comment
2226,nsubj<mark> that,2,0.001,2,1490,Charadriiformes__order,taxongroup_comment
2227,nsubj<mark> when,2,0.001,2,1490,Charadriiformes__order,taxongroup_comment
2228,nsubj<nmod> ...,2,0.004,7,1490,Charadriiformes__order,taxongroup_comment
2229,nsubj<nmod> family,2,0.001,2,1490,Charadriiformes__order,taxongroup_comment
2230,nsubj<nmod>amod> ...,2,0.003,5,1490,Charadriiformes__order,taxongroup_comment
2231,nsubj<nmod>case> ...,2,0.001,1,1490,Charadriiformes__order,taxongroup_comment
2232,nsubj<nmod>case> in,2,0.001,3,1490,Charadriiformes__order,taxongroup_comment
2233,nsubj<nmod>case> of,2,0.003,5,1490,Charadriiformes__order,taxongroup_comment
2234,nsubj<nmod>det> ...,2,0.001,1,1490,Charadriiformes__order,taxongroup_comment
2235,nsubj<nmod>det> the,2,0.002,4,1490,Charadriiformes__order,taxongroup_comment
2236,nsubj<obj> ...,2,0.014,23,1490,Charadriiformes__order,taxongroup_comment
2237,nsubj<obj>amod> ...,2,0.007,10,1490,Charadriiformes__order,taxongroup_comment
2238,nsubj<obj>amod> little,2,0.0,1,1490,Charadriiformes__order,taxongroup_comment
2239,nsubj<obj>compound> ...,2,0.003,5,1490,Charadriiformes__order,taxongroup_comment
2240,nsubj<obj>conj> ...,2,0.006,10,1490,Charadriiformes__order,taxongroup_comment
2241,nsubj<obj>det> a,2,0.004,6,1490,Charadriiformes__order,taxongroup_comment
2242,nsubj<obj>det> the,2,0.001,2,1490,Charadriiformes__order,taxongroup_comment
2243,nsubj<obj>nmod> ...,2,0.002,4,1490,Charadriiformes__order,taxongroup_comment
2244,nsubj<obl> ...,2,0.012,19,1490,Charadriiformes__order,taxongroup_comment
2245,nsubj<obl> Vulgate,2,0.002,3,1490,Charadriiformes__order,taxongroup_comment
2246,nsubj<obl> gull,2,0.002,3,1490,Charadriiformes__order,taxongroup_comment
2247,nsubj<obl> pursuit,2,0.001,2,1490,Charadriiformes__order,taxongroup_comment
2248,nsubj<obl> surface,2,0.0,1,1490,Charadriiformes__order,taxongroup_comment
2249,nsubj<obl> water,2,0.001,2,1490,Charadriiformes__order,taxongroup_comment
2250,nsubj<obl> winter,2,0.002,3,1490,Charadriiformes__order,taxongroup_comment
2251,nsubj<obl> word,2,0.001,2,1490,Charadriiformes__order,taxongroup_comment
2252,nsubj<obl>amod> ...,2,0.009,13,1490,Charadriiformes__order,taxongroup_comment
2253,nsubj<obl>amod> european,2,0.001,2,1490,Charadriiformes__order,taxongroup_comment
2254,nsubj<obl>appos> ...,2,0.002,3,1490,Charadriiformes__order,taxongroup_comment
2255,nsubj<obl>case> ...,2,0.004,6,1490,Charadriiformes__order,taxongroup_comment
2256,nsubj<obl>case> during,2,0.001,2,1490,Charadriiformes__order,taxongroup_comment
2257,nsubj<obl>case> for,2,0.001,2,1490,Charadriiformes__order,taxongroup_comment
2258,nsubj<obl>case> from,2,0.001,3,1490,Charadriiformes__order,taxongroup_comment
2259,nsubj<obl>case> in,2,0.008,12,1490,Charadriiformes__order,taxongroup_comment
2260,nsubj<obl>case> on,2,0.001,3,1490,Charadriiformes__order,taxongroup_comment
2261,nsubj<obl>case> than,2,0.002,3,1490,Charadriiformes__order,taxongroup_comment
2262,nsubj<obl>case> to,2,0.003,4,1490,Charadriiformes__order,taxongroup_comment
2263,nsubj<obl>compound> ...,2,0.001,2,1490,Charadriiformes__order,taxongroup_comment
2264,nsubj<obl>compound> century,2,0.002,3,1490,Charadriiformes__order,taxongroup_comment
2265,nsubj<obl>compound> herring,2,0.001,2,1490,Charadriiformes__order,taxongroup_comment
2266,nsubj<obl>conj> ...,2,0.001,5,1490,Charadriiformes__order,taxongroup_comment
2267,nsubj<obl>det> ...,2,0.001,2,1490,Charadriiformes__order,taxongroup_comment
2268,nsubj<obl>det> the,2,0.01,15,1490,Charadriiformes__order,taxongroup_comment
2269,nsubj<obl>nmod> ...,2,0.005,8,1490,Charadriiformes__order,taxongroup_comment
2270,nsubj<obl>nmod> water,2,0.0,1,1490,Charadriiformes__order,taxongroup_comment
2271,nsubj<xcomp> ...,2,0.002,3,1490,Charadriiformes__order,taxongroup_comment
2272,nsubj<xcomp>mark> to,2,0.002,3,1490,Charadriiformes__order,taxongroup_comment
2273,nsubj> ...,2,-0.001,1,1490,Charadriiformes__order,taxongroup_comment
2278,nsubj>amod> ...,2,-0.001,1,1490,Charadriiformes__order,taxongroup_comment
2281,nsubj>appos> ...,2,-0.0,2,1490,Charadriiformes__order,taxongroup_comment
2285,nsubj>conj> eagle,2,0.001,2,1490,Charadriiformes__order,taxongroup_comment
2286,nsubj>conj>amod> ...,2,0.0,2,1490,Charadriiformes__order,taxongroup_comment
2287,nsubj>conj>cc> ...,2,0.001,1,1490,Charadriiformes__order,taxongroup_comment
2290,nsubj>det> the,2,-0.001,1,1490,Charadriiformes__order,taxongroup_comment
2291,obj< ...,2,-0.002,3,1490,Charadriiformes__order,taxongroup_comment
2292,obj< attack,2,-0.0,1,1490,Charadriiformes__order,taxongroup_comment
2296,obj< medium,2,0.0,1,1490,Charadriiformes__order,taxongroup_comment
2299,obj<advcl< ...,2,-0.0,3,1490,Charadriiformes__order,taxongroup_comment
2300,obj<advcl<advmod> ...,2,-0.0,1,1490,Charadriiformes__order,taxongroup_comment
2301,obj<advcl<conj> ...,2,0.001,3,1490,Charadriiformes__order,taxongroup_comment
2302,obj<advcl<nsubj> ...,2,0.0,2,1490,Charadriiformes__order,taxongroup_comment
2304,obj<advcl<nsubj> it,2,0.0,1,1490,Charadriiformes__order,taxongroup_comment
2305,obj<advcl<obj> ...,2,0.001,3,1490,Charadriiformes__order,taxongroup_comment
2306,obj<advcl<obl> ...,2,0.0,2,1490,Charadriiformes__order,taxongroup_comment
2307,obj<advcl> ...,2,-0.0,1,1490,Charadriiformes__order,taxongroup_comment
2310,obj<advcl>obj> ...,2,-0.0,1,1490,Charadriiformes__order,taxongroup_comment
2312,obj<advmod> ...,2,-0.001,1,1490,Charadriiformes__order,taxongroup_comment
2319,obj<mark> ...,2,-0.0,1,1490,Charadriiformes__order,taxongroup_comment
2320,obj<mark> to,2,-0.0,2,1490,Charadriiformes__order,taxongroup_comment
2321,obj<mark> when,2,-0.0,1,1490,Charadriiformes__order,taxongroup_comment
2327,obj<obl> ...,2,-0.0,2,1490,Charadriiformes__order,taxongroup_comment
2328,obj<obl>amod> ...,2,0.0,2,1490,Charadriiformes__order,taxongroup_comment
2330,obj<obl>case> in,2,-0.0,1,1490,Charadriiformes__order,taxongroup_comment
2331,obj<obl>case> with,2,0.0,1,1490,Charadriiformes__order,taxongroup_comment
2333,obj<obl>det> a,2,0.0,2,1490,Charadriiformes__order,taxongroup_comment
2334,obj<obl>nmod> ...,2,-0.0,1,1490,Charadriiformes__order,taxongroup_comment
2335,obj<xcomp< ...,2,0.0,2,1490,Charadriiformes__order,taxongroup_comment
2336,obj<xcomp<conj> ...,2,0.001,3,1490,Charadriiformes__order,taxongroup_comment
2337,obl< ...,2,-0.001,8,1490,Charadriiformes__order,taxongroup_comment
2339,obl< know,2,0.001,2,1490,Charadriiformes__order,taxongroup_comment
2340,obl<acl< ...,2,-0.0,1,1490,Charadriiformes__order,taxongroup_comment
2344,obl<advcl> ...,2,0.003,6,1490,Charadriiformes__order,taxongroup_comment
2346,obl<advcl>advmod> ...,2,0.002,3,1490,Charadriiformes__order,taxongroup_comment
2347,obl<advcl>mark> ...,2,0.003,4,1490,Charadriiformes__order,taxongroup_comment
2348,obl<advcl>mark> as,2,0.001,2,1490,Charadriiformes__order,taxongroup_comment
2349,obl<advcl>mark> when,2,-0.0,1,1490,Charadriiformes__order,taxongroup_comment
2350,obl<advcl>nsubj> ...,2,0.001,1,1490,Charadriiformes__order,taxongroup_comment
2351,obl<advcl>nsubj> they,2,0.001,2,1490,Charadriiformes__order,taxongroup_comment
2352,obl<advcl>obj> ...,2,0.002,3,1490,Charadriiformes__order,taxongroup_comment
2353,obl<advcl>obl> ...,2,0.0,1,1490,Charadriiformes__order,taxongroup_comment
2355,obl<advmod> ...,2,-0.001,2,1490,Charadriiformes__order,taxongroup_comment
2357,obl<advmod> sometimes,2,0.001,2,1490,Charadriiformes__order,taxongroup_comment
2358,obl<aux:pass> be,2,0.0,3,1490,Charadriiformes__order,taxongroup_comment
2360,obl<aux> have,2,0.001,2,1490,Charadriiformes__order,taxongroup_comment
2362,obl<cc> and,2,0.0,1,1490,Charadriiformes__order,taxongroup_comment
2363,obl<conj< ...,2,-0.0,1,1490,Charadriiformes__order,taxongroup_comment
2366,obl<conj<nsubj> ...,2,-0.0,1,1490,Charadriiformes__order,taxongroup_comment
2367,obl<conj<obl> ...,2,-0.0,1,1490,Charadriiformes__order,taxongroup_comment
2368,obl<conj> ...,2,0.002,4,1490,Charadriiformes__order,taxongroup_comment
2369,obl<conj>cc> and,2,0.002,4,1490,Charadriiformes__order,taxongroup_comment
2370,obl<cop> be,2,-0.0,1,1490,Charadriiformes__order,taxongroup_comment
2373,obl<nsubj:pass> ...,2,0.001,3,1490,Charadriiformes__order,taxongroup_comment
2374,obl<nsubj:pass>compound> ...,2,-0.0,1,1490,Charadriiformes__order,taxongroup_comment
2375,obl<nsubj> ...,2,0.001,5,1490,Charadriiformes__order,taxongroup_comment
2377,obl<nsubj>amod> ...,2,-0.0,1,1490,Charadriiformes__order,taxongroup_comment
2378,obl<nsubj>conj> ...,2,-0.0,1,1490,Charadriiformes__order,taxongroup_comment
2379,obl<nsubj>det> ...,2,0.001,1,1490,Charadriiformes__order,taxongroup_comment
2380,obl<nsubj>det> the,2,0.0,1,1490,Charadriiformes__order,taxongroup_comment
2381,obl<obj> ...,2,0.0,2,1490,Charadriiformes__order,taxongroup_comment
2382,obl<obl> ...,2,-0.001,1,1490,Charadriiformes__order,taxongroup_comment
2383,obl<obl>amod> ...,2,0.001,2,1490,Charadriiformes__order,taxongroup_comment
2384,obl<obl>case> ...,2,0.0,1,1490,Charadriiformes__order,taxongroup_comment
2387,obl<obl>det> the,2,0.0,1,1490,Charadriiformes__order,taxongroup_comment
2388,parataxis< ...,2,0.001,2,1490,Charadriiformes__order,taxongroup_comment
2389,parataxis<nsubj> ...,2,0.001,2,1490,Charadriiformes__order,taxongroup_comment
2390,parataxis<obj>conj> ...,2,0.003,5,1490,Charadriiformes__order,taxongroup_comment
2419,advmod> ...,3,0.004,1,245,Charadriiformes__order,taxongroup_comment
2420,amod> ...,3,0.019,11,245,Charadriiformes__order,taxongroup_comment
2422,amod> back,3,-0.004,1,245,Charadriiformes__order,taxongroup_comment
2431,amod>advmod> ...,3,0.026,4,245,Charadriiformes__order,taxongroup_comment
2433,amod>advmod> closely,3,0.007,1,245,Charadriiformes__order,taxongroup_comment
2440,amod>case> from,3,0.009,1,245,Charadriiformes__order,taxongroup_comment
2531,case> from,3,0.006,1,245,Charadriiformes__order,taxongroup_comment
2533,case> of,3,-0.004,1,245,Charadriiformes__order,taxongroup_comment
2545,compound< ...,3,0.003,2,245,Charadriiformes__order,taxongroup_comment
2559,compound<appos< ...,3,0.016,2,245,Charadriiformes__order,taxongroup_comment
2562,compound<appos<amod> ...,3,0.008,2,245,Charadriiformes__order,taxongroup_comment
2564,compound<appos<appos> ...,3,0.123,11,245,Charadriiformes__order,taxongroup_comment
2565,compound<appos<conj> ...,3,0.048,5,245,Charadriiformes__order,taxongroup_comment
2566,compound<appos<conj> Miocepphus,3,0.023,2,245,Charadriiformes__order,taxongroup_comment
2567,compound<appos<conj> Olson,3,0.035,3,245,Charadriiformes__order,taxongroup_comment
2568,compound<appos<conj> puffin,3,0.009,1,245,Charadriiformes__order,taxongroup_comment
2570,compound<appos<flat> ...,3,0.058,5,245,Charadriiformes__order,taxongroup_comment
2571,compound<appos<list> ...,3,0.092,8,245,Charadriiformes__order,taxongroup_comment
2579,compound<compound> ...,3,0.004,1,245,Charadriiformes__order,taxongroup_comment
2622,compound> ...,3,0.0,1,245,Charadriiformes__order,taxongroup_comment
2641,conj< plover,3,0.009,1,245,Charadriiformes__order,taxongroup_comment
2644,conj<advmod> ...,3,0.005,1,245,Charadriiformes__order,taxongroup_comment
2669,conj<conj> ...,3,0.005,3,245,Charadriiformes__order,taxongroup_comment
2686,conj<conj>compound> ...,3,0.014,2,245,Charadriiformes__order,taxongroup_comment
2687,conj<conj>det> ...,3,0.023,2,245,Charadriiformes__order,taxongroup_comment
2689,conj<cop> be,3,0.003,1,245,Charadriiformes__order,taxongroup_comment
2690,conj<det> a,3,0.007,1,245,Charadriiformes__order,taxongroup_comment
2707,conj<nsubj> ...,3,0.003,1,245,Charadriiformes__order,taxongroup_comment
2716,conj> ...,3,0.024,5,245,Charadriiformes__order,taxongroup_comment
2722,conj>amod> ...,3,0.001,1,245,Charadriiformes__order,taxongroup_comment
2725,conj>cc> and,3,-0.001,1,245,Charadriiformes__order,taxongroup_comment
2727,conj>compound> ...,3,0.017,2,245,Charadriiformes__order,taxongroup_comment
2728,conj>det> ...,3,0.012,1,245,Charadriiformes__order,taxongroup_comment
2729,conj>det> a,3,0.007,1,245,Charadriiformes__order,taxongroup_comment
2731,conj>nmod> ...,3,0.031,3,245,Charadriiformes__order,taxongroup_comment
2733,conj>nmod>amod> black,3,0.023,2,245,Charadriiformes__order,taxongroup_comment
2734,conj>nmod>case> ...,3,0.009,1,245,Charadriiformes__order,taxongroup_comment
2735,conj>nmod>case> with,3,0.023,2,245,Charadriiformes__order,taxongroup_comment
2736,conj>nmod>det> ...,3,0.012,1,245,Charadriiformes__order,taxongroup_comment
2737,conj>nmod>det> a,3,0.023,2,245,Charadriiformes__order,taxongroup_comment
2738,cop> be,3,0.055,8,245,Charadriiformes__order,taxongroup_comment
2740,det> a,3,0.042,7,245,Charadriiformes__order,taxongroup_comment
2743,det> the,3,-0.007,2,245,Charadriiformes__order,taxongroup_comment
2778,nmod< ...,3,-0.004,1,245,Charadriiformes__order,taxongroup_comment
2808,nmod<compound> ...,3,0.0,1,245,Charadriiformes__order,taxongroup_comment
2812,nmod<compound> species,3,0.009,1,245,Charadriiformes__order,taxongroup_comment
2827,nmod<nmod> ...,3,0.019,3,245,Charadriiformes__order,taxongroup_comment
2835,nmod<nmod>case> ...,3,0.026,3,245,Charadriiformes__order,taxongroup_comment
2837,nmod<nmod>case> in,3,0.005,1,245,Charadriiformes__order,taxongroup_comment
2840,nmod<nmod>compound> ...,3,0.009,1,245,Charadriiformes__order,taxongroup_comment
2846,nmod<nmod>det> the,3,0.006,1,245,Charadriiformes__order,taxongroup_comment
2847,nmod<nmod>nmod> ...,3,0.005,1,245,Charadriiformes__order,taxongroup_comment
2873,nmod> ...,3,0.085,13,245,Charadriiformes__order,taxongroup_comment
2876,nmod> tip,3,0.023,2,245,Charadriiformes__order,taxongroup_comment
2877,nmod> world,3,0.017,2,245,Charadriiformes__order,taxongroup_comment
2878,nmod>amod> ...,3,0.037,5,245,Charadriiformes__order,taxongroup_comment
2879,nmod>amod> black,3,0.009,1,245,Charadriiformes__order,taxongroup_comment
2880,nmod>appos> ...,3,0.005,1,245,Charadriiformes__order,taxongroup_comment
2882,nmod>case> ...,3,0.012,2,245,Charadriiformes__order,taxongroup_comment
2885,nmod>case> from,3,0.02,2,245,Charadriiformes__order,taxongroup_comment
2886,nmod>case> in,3,0.033,4,245,Charadriiformes__order,taxongroup_comment
2888,nmod>case> of,3,0.033,4,245,Charadriiformes__order,taxongroup_comment
2889,nmod>case> on,3,0.006,1,245,Charadriiformes__order,taxongroup_comment
2891,nmod>case> to,3,0.031,3,245,Charadriiformes__order,taxongroup_comment
2892,nmod>case> with,3,0.006,1,245,Charadriiformes__order,taxongroup_comment
2894,nmod>compound> ...,3,0.038,5,245,Charadriiformes__order,taxongroup_comment
2896,nmod>compound> family,3,0.009,1,245,Charadriiformes__order,taxongroup_comment
2898,nmod>compound>compound> ...,3,0.007,1,245,Charadriiformes__order,taxongroup_comment
2899,nmod>conj> ...,3,-0.001,1,245,Charadriiformes__order,taxongroup_comment
2902,nmod>conj>cc> and,3,0.001,1,245,Charadriiformes__order,taxongroup_comment
2904,nmod>conj>compound> ...,3,0.007,1,245,Charadriiformes__order,taxongroup_comment
2905,nmod>det> a,3,0.017,2,245,Charadriiformes__order,taxongroup_comment
2906,nmod>det> the,3,0.093,11,245,Charadriiformes__order,taxongroup_comment
2907,nmod>nmod> ...,3,0.046,5,245,Charadriiformes__order,taxongroup_comment
2909,nmod>nmod>case> in,3,0.007,1,245,Charadriiformes__order,taxongroup_comment
2910,nmod>nmod>case> of,3,0.046,4,245,Charadriiformes__order,taxongroup_comment
2952,nsubj< ...,3,-0.005,1,245,Charadriiformes__order,taxongroup_comment
3005,nsubj<conj> ...,3,-0.003,1,245,Charadriiformes__order,taxongroup_comment
3011,nsubj<conj>cc> and,3,-0.001,1,245,Charadriiformes__order,taxongroup_comment
3070,nsubj> ...,3,0.052,6,245,Charadriiformes__order,taxongroup_comment
3072,nsubj> gull,3,0.006,1,245,Charadriiformes__order,taxongroup_comment
3074,nsubj> tern,3,0.006,1,245,Charadriiformes__order,taxongroup_comment
3075,nsubj>amod> ...,3,0.048,6,245,Charadriiformes__order,taxongroup_comment
3076,nsubj>amod> arctic,3,0.006,1,245,Charadriiformes__order,taxongroup_comment
3077,nsubj>amod> common,3,0.009,1,245,Charadriiformes__order,taxongroup_comment
3078,nsubj>appos> ...,3,0.013,2,245,Charadriiformes__order,taxongroup_comment
3079,nsubj>appos>flat> ...,3,0.017,2,245,Charadriiformes__order,taxongroup_comment
3080,nsubj>compound> ...,3,0.007,1,245,Charadriiformes__order,taxongroup_comment
3081,nsubj>conj> ...,3,0.017,2,245,Charadriiformes__order,taxongroup_comment
3083,nsubj>conj>amod> ...,3,0.016,2,245,Charadriiformes__order,taxongroup_comment
3085,nsubj>conj>cc> or,3,0.017,2,245,Charadriiformes__order,taxongroup_comment
3086,nsubj>det> a,3,0.02,2,245,Charadriiformes__order,taxongroup_comment
3087,nsubj>det> the,3,0.041,5,245,Charadriiformes__order,taxongroup_comment
3134,obl< ...,3,-0.002,1,245,Charadriiformes__order,taxongroup_comment
3152,obl<advmod> ...,3,0.01,2,245,Charadriiformes__order,taxongroup_comment
3168,obl<mark> ...,3,0.012,1,245,Charadriiformes__order,taxongroup_comment
3172,obl<nsubj> ...,3,0.003,1,245,Charadriiformes__order,taxongroup_comment
3175,obl<nsubj>conj> ...,3,0.007,1,245,Charadriiformes__order,taxongroup_comment
3222,amod> great,4,0.013,1,52,Charadriiformes__order,taxongroup_comment
3419,compound> ...,4,0.031,1,52,Charadriiformes__order,taxongroup_comment
3420,compound> Uria,4,0.071,1,52,Charadriiformes__order,taxongroup_comment
3437,conj< murre,4,0.133,2,52,Charadriiformes__order,taxongroup_comment
3443,conj<amod> bille,4,0.152,2,52,Charadriiformes__order,taxongroup_comment
3448,conj<amod>obl:npmod> Miocepphus,4,0.168,2,52,Charadriiformes__order,taxongroup_comment
3450,conj<appos> Alle,4,0.168,2,52,Charadriiformes__order,taxongroup_comment
3451,conj<appos> Synthliboramphus,4,0.168,2,52,Charadriiformes__order,taxongroup_comment
3452,conj<appos> murrelet,4,0.168,2,52,Charadriiformes__order,taxongroup_comment
3455,conj<appos>flat> Pinguinus,4,0.168,2,52,Charadriiformes__order,taxongroup_comment
3456,conj<appos>flat> alle,4,0.168,2,52,Charadriiformes__order,taxongroup_comment
3457,conj<appos>flat> scrippsi,4,0.168,2,52,Charadriiformes__order,taxongroup_comment
3464,conj<compound> Alca,4,0.168,2,52,Charadriiformes__order,taxongroup_comment
3466,conj<conj> ...,4,0.307,6,52,Charadriiformes__order,taxongroup_comment
3467,conj<conj> Alca,4,0.168,2,52,Charadriiformes__order,taxongroup_comment
3470,conj<conj> dovekie,4,0.152,2,52,Charadriiformes__order,taxongroup_comment
3477,conj<conj>amod> ...,4,0.053,1,52,Charadriiformes__order,taxongroup_comment
3480,conj<conj>cc> Pinguinus,4,0.168,2,52,Charadriiformes__order,taxongroup_comment
3482,conj<conj>cc> or,4,0.319,4,52,Charadriiformes__order,taxongroup_comment
3483,conj<conj>compound> ...,4,0.126,2,52,Charadriiformes__order,taxongroup_comment
3489,conj<flat> Synthliboramphini,4,0.168,2,52,Charadriiformes__order,taxongroup_comment
3490,conj<flat> tribe,4,0.168,2,52,Charadriiformes__order,taxongroup_comment
3492,conj<list> murrelet,4,0.168,2,52,Charadriiformes__order,taxongroup_comment
3500,conj<nmod> hypoleucus,4,0.168,2,52,Charadriiformes__order,taxongroup_comment
3502,conj<nmod>case> in,4,0.152,2,52,Charadriiformes__order,taxongroup_comment
4014,amod> ...,5,-0.007,1,49,Charadriiformes__order,taxongroup_comment
4028,amod>advmod> even,5,0.076,1,49,Charadriiformes__order,taxongroup_comment
4134,cc> and,5,0.028,1,49,Charadriiformes__order,taxongroup_comment
4232,conj< ...,5,0.029,1,49,Charadriiformes__order,taxongroup_comment
4239,conj<amod> ...,5,0.038,1,49,Charadriiformes__order,taxongroup_comment
4246,conj<appos> ...,5,0.91,11,49,Charadriiformes__order,taxongroup_comment
4250,conj<appos>compound> ...,5,0.794,9,49,Charadriiformes__order,taxongroup_comment
4260,conj<compound> ...,5,0.068,1,49,Charadriiformes__order,taxongroup_comment
4263,conj<conj> ...,5,0.124,3,49,Charadriiformes__order,taxongroup_comment
4271,conj<conj> puffin,5,0.076,1,49,Charadriiformes__order,taxongroup_comment
4273,conj<conj> tern,5,0.076,1,49,Charadriiformes__order,taxongroup_comment
4274,conj<conj>amod> ...,5,0.058,1,49,Charadriiformes__order,taxongroup_comment
4275,conj<conj>amod> common,5,0.068,1,49,Charadriiformes__order,taxongroup_comment
4280,conj<conj>compound> ...,5,0.054,1,49,Charadriiformes__order,taxongroup_comment
4288,conj<list> ...,5,0.452,5,49,Charadriiformes__order,taxongroup_comment
4290,conj<list>compound> ...,5,0.362,4,49,Charadriiformes__order,taxongroup_comment
4305,conj<obj< include,5,0.062,1,49,Charadriiformes__order,taxongroup_comment
4467,nmod> ...,5,0.013,1,49,Charadriiformes__order,taxongroup_comment
4474,nmod>appos> ...,5,0.058,1,49,Charadriiformes__order,taxongroup_comment
4475,nmod>appos>compound> ...,5,0.068,1,49,Charadriiformes__order,taxongroup_comment
4484,nmod>case> such,5,0.054,1,49,Charadriiformes__order,taxongroup_comment
4487,nmod>case>fixed> as,5,0.054,1,49,Charadriiformes__order,taxongroup_comment
4782,acl:relcl> ...,6,-0.0,1,550,Charadriiformes__order,taxongroup_comment
4783,acl:relcl> breed,6,0.002,1,550,Charadriiformes__order,taxongroup_comment
4785,acl:relcl>nsubj> that,6,0.001,1,550,Charadriiformes__order,taxongroup_comment
4786,acl:relcl>nsubj> which,6,0.002,1,550,Charadriiformes__order,taxongroup_comment
4789,acl:relcl>obl> ...,6,0.02,6,550,Charadriiformes__order,taxongroup_comment
4790,acl:relcl>obl>amod> ...,6,0.013,4,550,Charadriiformes__order,taxongroup_comment
4791,acl:relcl>obl>case> ...,6,0.011,3,550,Charadriiformes__order,taxongroup_comment
4792,acl:relcl>obl>case> in,6,0.009,3,550,Charadriiformes__order,taxongroup_comment
4793,acl> ...,6,0.0,1,550,Charadriiformes__order,taxongroup_comment
4796,acl>obl> ...,6,-0.0,1,550,Charadriiformes__order,taxongroup_comment
4801,acl>obl>case> in,6,0.002,1,550,Charadriiformes__order,taxongroup_comment
4802,acl>obl>compound> ...,6,0.001,1,550,Charadriiformes__order,taxongroup_comment
4804,acl>obl>det> the,6,0.001,1,550,Charadriiformes__order,taxongroup_comment
4810,advmod> ...,6,0.0,1,550,Charadriiformes__order,taxongroup_comment
4811,amod> ...,6,0.012,22,550,Charadriiformes__order,taxongroup_comment
4812,amod> american,6,0.0,1,550,Charadriiformes__order,taxongroup_comment
4813,amod> back,6,0.001,6,550,Charadriiformes__order,taxongroup_comment
4814,amod> common,6,-0.0,2,550,Charadriiformes__order,taxongroup_comment
4816,amod> great,6,0.001,6,550,Charadriiformes__order,taxongroup_comment
4820,amod> other,6,0.003,5,550,Charadriiformes__order,taxongroup_comment
4821,amod> ring,6,-0.001,1,550,Charadriiformes__order,taxongroup_comment
4822,amod>advmod> ...,6,-0.001,1,550,Charadriiformes__order,taxongroup_comment
4823,amod>advmod> black,6,0.003,5,550,Charadriiformes__order,taxongroup_comment
4824,amod>advmod> closely,6,0.006,2,550,Charadriiformes__order,taxongroup_comment
4825,amod>advmod> even,6,0.002,1,550,Charadriiformes__order,taxongroup_comment
4829,amod>amod> black,6,-0.0,2,550,Charadriiformes__order,taxongroup_comment
4830,amod>case> ...,6,0.004,1,550,Charadriiformes__order,taxongroup_comment
4831,amod>case> from,6,0.002,1,550,Charadriiformes__order,taxongroup_comment
4836,amod>obl:npmod> ...,6,0.001,1,550,Charadriiformes__order,taxongroup_comment
4838,amod>obl> ...,6,0.002,1,550,Charadriiformes__order,taxongroup_comment
4839,amod>obl>case> ...,6,0.002,1,550,Charadriiformes__order,taxongroup_comment
4840,appos< ...,6,0.001,2,550,Charadriiformes__order,taxongroup_comment
4859,appos<compound> ...,6,-0.001,1,550,Charadriiformes__order,taxongroup_comment
4861,appos<conj> ...,6,0.003,2,550,Charadriiformes__order,taxongroup_comment
4864,appos<conj>cc> ...,6,0.002,1,550,Charadriiformes__order,taxongroup_comment
4873,appos<nmod> ...,6,0.001,1,550,Charadriiformes__order,taxongroup_comment
4874,appos<nmod>case> ...,6,0.004,1,550,Charadriiformes__order,taxongroup_comment
4893,appos> ...,6,-0.0,4,550,Charadriiformes__order,taxongroup_comment
4897,appos> Uria,6,0.001,1,550,Charadriiformes__order,taxongroup_comment
4898,appos> argentatus,6,0.0,1,550,Charadriiformes__order,taxongroup_comment
4902,appos> marinus,6,0.005,2,550,Charadriiformes__order,taxongroup_comment
4905,appos>amod> ...,6,-0.0,1,550,Charadriiformes__order,taxongroup_comment
4906,appos>amod> Larus,6,0.002,2,550,Charadriiformes__order,taxongroup_comment
4909,appos>conj> ...,6,0.02,7,550,Charadriiformes__order,taxongroup_comment
4910,appos>conj>cc> and,6,0.001,1,550,Charadriiformes__order,taxongroup_comment
4912,appos>det> the,6,0.002,1,550,Charadriiformes__order,taxongroup_comment
4913,appos>flat> ...,6,0.006,2,550,Charadriiformes__order,taxongroup_comment
4914,appos>flat> lomvia,6,0.001,1,550,Charadriiformes__order,taxongroup_comment
4919,case> ...,6,-0.001,2,550,Charadriiformes__order,taxongroup_comment
4920,case> by,6,0.002,2,550,Charadriiformes__order,taxongroup_comment
4926,case> such,6,0.009,3,550,Charadriiformes__order,taxongroup_comment
4929,case>fixed> as,6,0.009,3,550,Charadriiformes__order,taxongroup_comment
4930,cc> ...,6,0.002,1,550,Charadriiformes__order,taxongroup_comment
4931,cc> and,6,0.032,12,550,Charadriiformes__order,taxongroup_comment
5013,compound> ...,6,-0.0,2,550,Charadriiformes__order,taxongroup_comment
5018,compound> herring,6,-0.006,2,550,Charadriiformes__order,taxongroup_comment
5021,compound> name,6,0.002,1,550,Charadriiformes__order,taxongroup_comment
5022,compound> water,6,0.006,2,550,Charadriiformes__order,taxongroup_comment
5029,conj< ...,6,0.02,9,550,Charadriiformes__order,taxongroup_comment
5030,conj< gull,6,0.013,4,550,Charadriiformes__order,taxongroup_comment
5031,conj< murre,6,0.004,2,550,Charadriiformes__order,taxongroup_comment
5033,conj< rabbit,6,0.007,2,550,Charadriiformes__order,taxongroup_comment
5034,conj< skua,6,0.002,1,550,Charadriiformes__order,taxongroup_comment
5035,conj<advmod> ...,6,0.008,3,550,Charadriiformes__order,taxongroup_comment
5036,conj<amod> ...,6,0.022,8,550,Charadriiformes__order,taxongroup_comment
5037,conj<amod> bille,6,0.002,1,550,Charadriiformes__order,taxongroup_comment
5039,conj<amod>advmod> ...,6,0.001,1,550,Charadriiformes__order,taxongroup_comment
5040,conj<amod>advmod> black,6,0.007,2,550,Charadriiformes__order,taxongroup_comment
5041,conj<amod>obl:npmod> ...,6,0.004,1,550,Charadriiformes__order,taxongroup_comment
5043,conj<appos> ...,6,0.002,3,550,Charadriiformes__order,taxongroup_comment
5047,conj<appos>compound> ...,6,-0.001,1,550,Charadriiformes__order,taxongroup_comment
5048,conj<appos>flat> ...,6,0.001,1,550,Charadriiformes__order,taxongroup_comment
5052,conj<case> ...,6,0.008,3,550,Charadriiformes__order,taxongroup_comment
5053,conj<case> as,6,0.007,2,550,Charadriiformes__order,taxongroup_comment
5054,conj<case> such,6,0.006,2,550,Charadriiformes__order,taxongroup_comment
5055,conj<case> with,6,0.007,2,550,Charadriiformes__order,taxongroup_comment
5056,conj<case>fixed> as,6,0.006,2,550,Charadriiformes__order,taxongroup_comment
5059,conj<compound> herring,6,0.007,2,550,Charadriiformes__order,taxongroup_comment
5060,conj<conj> ...,6,0.06,21,550,Charadriiformes__order,taxongroup_comment
5062,conj<conj> carrion,6,0.007,2,550,Charadriiformes__order,taxongroup_comment
5063,conj<conj> chick,6,0.007,2,550,Charadriiformes__order,taxongroup_comment
5064,conj<conj> dovekie,6,0.002,1,550,Charadriiformes__order,taxongroup_comment
5065,conj<conj> egg,6,0.011,3,550,Charadriiformes__order,taxongroup_comment
5066,conj<conj> gull,6,0.007,2,550,Charadriiformes__order,taxongroup_comment
5067,conj<conj> offal,6,0.007,2,550,Charadriiformes__order,taxongroup_comment
5068,conj<conj> puffin,6,0.002,1,550,Charadriiformes__order,taxongroup_comment
5069,conj<conj> rodent,6,0.007,2,550,Charadriiformes__order,taxongroup_comment
5070,conj<conj> tern,6,0.002,1,550,Charadriiformes__order,taxongroup_comment
5071,conj<conj>amod> ...,6,0.008,3,550,Charadriiformes__order,taxongroup_comment
5072,conj<conj>amod> common,6,0.006,2,550,Charadriiformes__order,taxongroup_comment
5073,conj<conj>cc> ...,6,0.007,2,550,Charadriiformes__order,taxongroup_comment
5075,conj<conj>cc> and,6,0.026,7,550,Charadriiformes__order,taxongroup_comment
5076,conj<conj>cc> or,6,0.001,1,550,Charadriiformes__order,taxongroup_comment
5077,conj<conj>compound> ...,6,0.0,1,550,Charadriiformes__order,taxongroup_comment
5079,conj<conj>det> the,6,0.007,2,550,Charadriiformes__order,taxongroup_comment
5080,conj<cop> be,6,0.006,3,550,Charadriiformes__order,taxongroup_comment
5081,conj<det> a,6,0.002,1,550,Charadriiformes__order,taxongroup_comment
5082,conj<det> the,6,0.022,7,550,Charadriiformes__order,taxongroup_comment
5088,conj<nmod< ...,6,0.006,2,550,Charadriiformes__order,taxongroup_comment
5089,conj<nmod< species,6,0.007,2,550,Charadriiformes__order,taxongroup_comment
5090,conj<nmod<compound> ...,6,0.011,3,550,Charadriiformes__order,taxongroup_comment
5091,conj<nmod<nsubj< ...,6,0.004,1,550,Charadriiformes__order,taxongroup_comment
5092,conj<nmod<nsubj< be,6,0.007,2,550,Charadriiformes__order,taxongroup_comment
5093,conj<nmod> ...,6,0.007,3,550,Charadriiformes__order,taxongroup_comment
5095,conj<nmod>case> ...,6,0.004,2,550,Charadriiformes__order,taxongroup_comment
5096,conj<nmod>case> in,6,0.002,1,550,Charadriiformes__order,taxongroup_comment
5097,conj<nmod>conj> ...,6,0.011,3,550,Charadriiformes__order,taxongroup_comment
5098,conj<nsubj> ...,6,0.002,2,550,Charadriiformes__order,taxongroup_comment
5099,conj<nsubj> it,6,0.002,1,550,Charadriiformes__order,taxongroup_comment
5100,conj<nsubj>det> the,6,0.002,1,550,Charadriiformes__order,taxongroup_comment
5102,conj<obj< include,6,0.009,3,550,Charadriiformes__order,taxongroup_comment
5103,conj<obj<nsubj> ...,6,0.006,2,550,Charadriiformes__order,taxongroup_comment
5104,conj<obj<nsubj> which,6,0.002,1,550,Charadriiformes__order,taxongroup_comment
5105,conj<obj> ...,6,0.002,1,550,Charadriiformes__order,taxongroup_comment
5106,conj<obl< ...,6,0.013,4,550,Charadriiformes__order,taxongroup_comment
5107,conj> ...,6,0.064,20,550,Charadriiformes__order,taxongroup_comment
5108,conj> gull,6,0.018,5,550,Charadriiformes__order,taxongroup_comment
5109,conj> lapwing,6,0.001,1,550,Charadriiformes__order,taxongroup_comment
5111,conj> puffin,6,0.007,2,550,Charadriiformes__order,taxongroup_comment
5112,conj> species,6,0.007,2,550,Charadriiformes__order,taxongroup_comment
5113,conj>amod> ...,6,0.042,12,550,Charadriiformes__order,taxongroup_comment
5114,conj>amod> small,6,0.011,3,550,Charadriiformes__order,taxongroup_comment
5116,conj>cc> and,6,0.052,16,550,Charadriiformes__order,taxongroup_comment
5117,conj>cc> or,6,0.011,3,550,Charadriiformes__order,taxongroup_comment
5118,conj>compound> ...,6,0.005,2,550,Charadriiformes__order,taxongroup_comment
5120,conj>det> a,6,0.006,2,550,Charadriiformes__order,taxongroup_comment
5121,conj>det> the,6,0.011,3,550,Charadriiformes__order,taxongroup_comment
5122,conj>nmod> ...,6,0.001,1,550,Charadriiformes__order,taxongroup_comment
5123,conj>nmod>amod> ...,6,0.004,1,550,Charadriiformes__order,taxongroup_comment
5125,conj>nmod>case> ...,6,0.002,1,550,Charadriiformes__order,taxongroup_comment
5129,cop> be,6,0.001,4,550,Charadriiformes__order,taxongroup_comment
5131,det> a,6,0.001,4,550,Charadriiformes__order,taxongroup_comment
5134,det> the,6,0.008,15,550,Charadriiformes__order,taxongroup_comment
5136,det> this,6,0.001,1,550,Charadriiformes__order,taxongroup_comment
5145,flat> ...,6,-0.001,1,550,Charadriiformes__order,taxongroup_comment
5155,list> ...,6,0.004,1,550,Charadriiformes__order,taxongroup_comment
5156,list> guillemot,6,0.007,2,550,Charadriiformes__order,taxongroup_comment
5157,list>compound> ...,6,0.011,3,550,Charadriiformes__order,taxongroup_comment
5164,nmod:poss> ...,6,0.002,1,550,Charadriiformes__order,taxongroup_comment
5167,nmod:poss>case> 's,6,-0.0,1,550,Charadriiformes__order,taxongroup_comment
5169,nmod< ...,6,-0.003,1,550,Charadriiformes__order,taxongroup_comment
5179,nmod< species,6,0.0,1,550,Charadriiformes__order,taxongroup_comment
5181,nmod<amod> ...,6,-0.001,2,550,Charadriiformes__order,taxongroup_comment
5197,nmod<cc> ...,6,0.002,1,550,Charadriiformes__order,taxongroup_comment
5199,nmod<compound> ...,6,-0.001,1,550,Charadriiformes__order,taxongroup_comment
5201,nmod<compound> gull,6,0.002,1,550,Charadriiformes__order,taxongroup_comment
5204,nmod<conj< ...,6,0.0,1,550,Charadriiformes__order,taxongroup_comment
5245,nmod<nsubj< ...,6,0.001,1,550,Charadriiformes__order,taxongroup_comment
5264,nmod> ...,6,-0.003,4,550,Charadriiformes__order,taxongroup_comment
5269,nmod>amod> ...,6,0.0,2,550,Charadriiformes__order,taxongroup_comment
5270,nmod>amod> black,6,0.002,1,550,Charadriiformes__order,taxongroup_comment
5274,nmod>case> <ith,6,0.002,1,550,Charadriiformes__order,taxongroup_comment
5275,nmod>case> at,6,0.002,1,550,Charadriiformes__order,taxongroup_comment
5280,nmod>case> on,6,0.001,1,550,Charadriiformes__order,taxongroup_comment
5283,nmod>case> with,6,0.001,1,550,Charadriiformes__order,taxongroup_comment
5290,nmod>conj> ...,6,-0.001,2,550,Charadriiformes__order,taxongroup_comment
5293,nmod>conj>cc> and,6,-0.001,1,550,Charadriiformes__order,taxongroup_comment
5294,nmod>conj>cc> or,6,0.002,1,550,Charadriiformes__order,taxongroup_comment
5295,nmod>conj>compound> ...,6,0.002,1,550,Charadriiformes__order,taxongroup_comment
5296,nmod>det> a,6,0.001,1,550,Charadriiformes__order,taxongroup_comment
5297,nmod>det> the,6,-0.002,1,550,Charadriiformes__order,taxongroup_comment
5305,nsubj:pass< ...,6,-0.001,1,550,Charadriiformes__order,taxongroup_comment
5311,nsubj:pass<appos>conj> ...,6,0.018,5,550,Charadriiformes__order,taxongroup_comment
5312,nsubj:pass<appos>conj> species,6,0.007,2,550,Charadriiformes__order,taxongroup_comment
5314,nsubj:pass<aux:pass> be,6,-0.002,1,550,Charadriiformes__order,taxongroup_comment
5317,nsubj:pass<aux> have,6,0.002,1,550,Charadriiformes__order,taxongroup_comment
5343,nsubj< ...,6,-0.005,2,550,Charadriiformes__order,taxongroup_comment
5345,nsubj< feed,6,0.002,1,550,Charadriiformes__order,taxongroup_comment
5380,nsubj<advmod> ...,6,-0.001,2,550,Charadriiformes__order,taxongroup_comment
5385,nsubj<amod> ...,6,-0.0,1,550,Charadriiformes__order,taxongroup_comment
5389,nsubj<aux> ...,6,0.001,1,550,Charadriiformes__order,taxongroup_comment
5396,nsubj<conj> ...,6,-0.001,4,550,Charadriiformes__order,taxongroup_comment
5397,nsubj<conj>advmod> ...,6,-0.001,1,550,Charadriiformes__order,taxongroup_comment
5398,nsubj<conj>amod> ...,6,0.0,1,550,Charadriiformes__order,taxongroup_comment
5402,nsubj<conj>cc> and,6,-0.001,2,550,Charadriiformes__order,taxongroup_comment
5407,nsubj<conj>obj> ...,6,0.0,1,550,Charadriiformes__order,taxongroup_comment
5408,nsubj<conj>obl> ...,6,0.003,3,550,Charadriiformes__order,taxongroup_comment
5409,nsubj<cop> be,6,-0.003,1,550,Charadriiformes__order,taxongroup_comment
5410,nsubj<det> a,6,0.0,1,550,Charadriiformes__order,taxongroup_comment
5416,nsubj<nmod> ...,6,-0.0,1,550,Charadriiformes__order,taxongroup_comment
5420,nsubj<nmod>case> in,6,0.001,1,550,Charadriiformes__order,taxongroup_comment
5423,nsubj<nmod>det> the,6,0.001,1,550,Charadriiformes__order,taxongroup_comment
5432,nsubj<obl> ...,6,-0.002,1,550,Charadriiformes__order,taxongroup_comment
5436,nsubj<obl> surface,6,0.002,1,550,Charadriiformes__order,taxongroup_comment
5446,nsubj<obl>case> from,6,0.001,1,550,Charadriiformes__order,taxongroup_comment
5448,nsubj<obl>case> on,6,0.001,1,550,Charadriiformes__order,taxongroup_comment
5454,nsubj<obl>conj> ...,6,0.009,4,550,Charadriiformes__order,taxongroup_comment
5458,nsubj<obl>nmod> water,6,0.002,1,550,Charadriiformes__order,taxongroup_comment
5461,nsubj> ...,6,0.001,2,550,Charadriiformes__order,taxongroup_comment
5462,nsubj> Kittiwake,6,0.002,1,550,Charadriiformes__order,taxongroup_comment
5464,nsubj> species,6,0.002,1,550,Charadriiformes__order,taxongroup_comment
5466,nsubj>amod> ...,6,0.0,2,550,Charadriiformes__order,taxongroup_comment
5469,nsubj>appos> ...,6,0.0,1,550,Charadriiformes__order,taxongroup_comment
5470,nsubj>appos>flat> ...,6,0.001,1,550,Charadriiformes__order,taxongroup_comment
5471,nsubj>compound> ...,6,0.002,1,550,Charadriiformes__order,taxongroup_comment
5472,nsubj>conj> ...,6,0.001,1,550,Charadriiformes__order,taxongroup_comment
5476,nsubj>conj>cc> or,6,0.001,1,550,Charadriiformes__order,taxongroup_comment
5478,nsubj>det> the,6,0.004,3,550,Charadriiformes__order,taxongroup_comment
5479,obj< ...,6,-0.001,2,550,Charadriiformes__order,taxongroup_comment
5480,obj< attack,6,0.002,1,550,Charadriiformes__order,taxongroup_comment
5483,obj< include,6,0.011,3,550,Charadriiformes__order,taxongroup_comment
5485,obj<acl:relcl< ...,6,0.004,1,550,Charadriiformes__order,taxongroup_comment
5487,obj<advcl< ...,6,-0.0,1,550,Charadriiformes__order,taxongroup_comment
5488,obj<advcl<advmod> ...,6,0.004,2,550,Charadriiformes__order,taxongroup_comment
5492,obj<advcl<nsubj> it,6,0.002,1,550,Charadriiformes__order,taxongroup_comment
5493,obj<advcl<obj> ...,6,0.0,1,550,Charadriiformes__order,taxongroup_comment
5500,obj<advmod> ...,6,0.0,1,550,Charadriiformes__order,taxongroup_comment
5504,obj<conj> ...,6,0.002,1,550,Charadriiformes__order,taxongroup_comment
5506,obj<conj>cc> and,6,0.002,1,550,Charadriiformes__order,taxongroup_comment
5509,obj<mark> when,6,0.002,1,550,Charadriiformes__order,taxongroup_comment
5510,obj<nsubj> ...,6,0.004,2,550,Charadriiformes__order,taxongroup_comment
5511,obj<nsubj> it,6,0.002,1,550,Charadriiformes__order,taxongroup_comment
5512,obj<nsubj> predator,6,0.007,2,550,Charadriiformes__order,taxongroup_comment
5513,obj<nsubj> that,6,0.002,1,550,Charadriiformes__order,taxongroup_comment
5514,obj<nsubj>nmod> ...,6,0.006,2,550,Charadriiformes__order,taxongroup_comment
5515,obj<obl> ...,6,0.002,2,550,Charadriiformes__order,taxongroup_comment
5517,obj<obl>case> ...,6,0.002,1,550,Charadriiformes__order,taxongroup_comment
5519,obj<obl>case> with,6,0.002,1,550,Charadriiformes__order,taxongroup_comment
5520,obj<obl>det> ...,6,0.004,1,550,Charadriiformes__order,taxongroup_comment
5525,obl< ...,6,0.002,5,550,Charadriiformes__order,taxongroup_comment
5543,obl<advmod> ...,6,-0.001,1,550,Charadriiformes__order,taxongroup_comment
5546,obl<aux:pass> be,6,0.003,2,550,Charadriiformes__order,taxongroup_comment
5549,obl<cc> ...,6,0.004,1,550,Charadriiformes__order,taxongroup_comment
5550,obl<cc> and,6,0.002,1,550,Charadriiformes__order,taxongroup_comment
5551,obl<conj< ...,6,0.008,3,550,Charadriiformes__order,taxongroup_comment
5552,obl<conj<advmod> ...,6,0.008,3,550,Charadriiformes__order,taxongroup_comment
5553,obl<conj<conj> ...,6,0.006,2,550,Charadriiformes__order,taxongroup_comment
5554,obl<conj<nsubj> ...,6,0.006,2,550,Charadriiformes__order,taxongroup_comment
5555,obl<conj<obl> ...,6,0.006,2,550,Charadriiformes__order,taxongroup_comment
5560,obl<mark> to,6,0.002,1,550,Charadriiformes__order,taxongroup_comment
5561,obl<nsubj:pass> ...,6,0.0,1,550,Charadriiformes__order,taxongroup_comment
5562,obl<nsubj:pass>compound> ...,6,0.002,1,550,Charadriiformes__order,taxongroup_comment
5569,obl<obj> ...,6,0.004,2,550,Charadriiformes__order,taxongroup_comment
5570,obl<obl> ...,6,0.003,2,550,Charadriiformes__order,taxongroup_comment
5573,obl<obl>case> in,6,0.002,1,550,Charadriiformes__order,taxongroup_comment
5576,parataxis< ...,6,0.002,1,550,Charadriiformes__order,taxongroup_comment
5577,parataxis<nsubj> ...,6,0.002,1,550,Charadriiformes__order,taxongroup_comment
5579,acl:relcl> ...,7,0.004,2,428,Charadriiformes__order,taxongroup_comment
5580,acl:relcl> breed,7,0.004,1,428,Charadriiformes__order,taxongroup_comment
5582,acl:relcl>nsubj> that,7,0.012,3,428,Charadriiformes__order,taxongroup_comment
5584,acl:relcl>obj> ...,7,0.005,2,428,Charadriiformes__order,taxongroup_comment
5586,acl:relcl>obl> ...,7,0.001,1,428,Charadriiformes__order,taxongroup_comment
5587,acl:relcl>obl>amod> ...,7,0.002,1,428,Charadriiformes__order,taxongroup_comment
5589,acl:relcl>obl>case> in,7,0.002,1,428,Charadriiformes__order,taxongroup_comment
5590,acl> ...,7,0.001,1,428,Charadriiformes__order,taxongroup_comment
5591,acl> know,7,0.001,1,428,Charadriiformes__order,taxongroup_comment
5593,acl>obl> ...,7,0.0,1,428,Charadriiformes__order,taxongroup_comment
5594,acl>obl>amod> ...,7,0.003,1,428,Charadriiformes__order,taxongroup_comment
5595,acl>obl>case> ...,7,0.004,1,428,Charadriiformes__order,taxongroup_comment
5601,acl>obl>det> the,7,0.002,1,428,Charadriiformes__order,taxongroup_comment
5602,acl>xcomp> ...,7,0.003,1,428,Charadriiformes__order,taxongroup_comment
5603,acl>xcomp>mark> to,7,0.003,1,428,Charadriiformes__order,taxongroup_comment
5604,acl>xcomp>obj> ...,7,0.003,1,428,Charadriiformes__order,taxongroup_comment
5605,advcl> ...,7,0.009,2,428,Charadriiformes__order,taxongroup_comment
5606,advcl>mark> ...,7,0.009,2,428,Charadriiformes__order,taxongroup_comment
5608,amod> ...,7,0.098,38,428,Charadriiformes__order,taxongroup_comment
5610,amod> back,7,-0.003,1,428,Charadriiformes__order,taxongroup_comment
5611,amod> common,7,0.001,2,428,Charadriiformes__order,taxongroup_comment
5612,amod> european,7,0.021,9,428,Charadriiformes__order,taxongroup_comment
5613,amod> great,7,-0.003,1,428,Charadriiformes__order,taxongroup_comment
5614,amod> large,7,0.004,2,428,Charadriiformes__order,taxongroup_comment
5615,amod> liv,7,0.016,3,428,Charadriiformes__order,taxongroup_comment
5616,amod> most,7,0.002,1,428,Charadriiformes__order,taxongroup_comment
5617,amod> other,7,0.02,8,428,Charadriiformes__order,taxongroup_comment
5619,amod>advmod> ...,7,0.009,4,428,Charadriiformes__order,taxongroup_comment
5623,amod>advmod> fully,7,0.004,1,428,Charadriiformes__order,taxongroup_comment
5624,amod>advmod> long,7,0.016,3,428,Charadriiformes__order,taxongroup_comment
5626,amod>amod> black,7,-0.001,1,428,Charadriiformes__order,taxongroup_comment
5629,amod>conj> ...,7,0.003,1,428,Charadriiformes__order,taxongroup_comment
5630,amod>conj> injured,7,0.011,2,428,Charadriiformes__order,taxongroup_comment
5631,amod>conj>cc> and,7,0.004,1,428,Charadriiformes__order,taxongroup_comment
5632,amod>conj>cc> or,7,0.004,1,428,Charadriiformes__order,taxongroup_comment
5633,amod>obl:npmod> ...,7,0.002,1,428,Charadriiformes__order,taxongroup_comment
5634,amod>obl:npmod> thick,7,0.003,1,428,Charadriiformes__order,taxongroup_comment
5635,amod>obl> ...,7,0.003,1,428,Charadriiformes__order,taxongroup_comment
5636,amod>obl>case> ...,7,0.003,1,428,Charadriiformes__order,taxongroup_comment
5638,appos< Ibidorhynchidae,7,0.011,2,428,Charadriiformes__order,taxongroup_comment
5641,appos< guillemot,7,0.002,1,428,Charadriiformes__order,taxongroup_comment
5650,appos<appos< ...,7,0.001,1,428,Charadriiformes__order,taxongroup_comment
5651,appos<appos<nmod> ...,7,0.003,1,428,Charadriiformes__order,taxongroup_comment
5657,appos<compound> family,7,0.011,2,428,Charadriiformes__order,taxongroup_comment
5666,appos<nmod:poss> ...,7,0.004,1,428,Charadriiformes__order,taxongroup_comment
5668,appos<nmod:poss>case> 's,7,0.002,1,428,Charadriiformes__order,taxongroup_comment
5690,appos> ...,7,0.009,6,428,Charadriiformes__order,taxongroup_comment
5691,appos> Gallery,7,0.004,1,428,Charadriiformes__order,taxongroup_comment
5692,appos> L.,7,0.009,2,428,Charadriiformes__order,taxongroup_comment
5696,appos> description,7,0.003,1,428,Charadriiformes__order,taxongroup_comment
5701,appos>advmod> ...,7,0.002,1,428,Charadriiformes__order,taxongroup_comment
5702,appos>amod> ...,7,0.0,1,428,Charadriiformes__order,taxongroup_comment
5704,appos>appos> ...,7,0.002,1,428,Charadriiformes__order,taxongroup_comment
5705,appos>compound> ...,7,0.004,2,428,Charadriiformes__order,taxongroup_comment
5712,appos>nmod> ...,7,0.006,2,428,Charadriiformes__order,taxongroup_comment
5713,appos>nmod>case> ...,7,0.004,1,428,Charadriiformes__order,taxongroup_comment
5714,appos>nmod>case> in,7,0.003,1,428,Charadriiformes__order,taxongroup_comment
5716,case> ...,7,-0.002,1,428,Charadriiformes__order,taxongroup_comment
5721,case> of,7,-0.004,2,428,Charadriiformes__order,taxongroup_comment
5724,case> than,7,0.002,1,428,Charadriiformes__order,taxongroup_comment
5728,cc> and,7,0.002,3,428,Charadriiformes__order,taxongroup_comment
5730,cc> or,7,0.004,1,428,Charadriiformes__order,taxongroup_comment
5733,compound< ...,7,-0.002,1,428,Charadriiformes__order,taxongroup_comment
5736,compound< family,7,0.001,1,428,Charadriiformes__order,taxongroup_comment
5743,compound<amod> ...,7,-0.001,1,428,Charadriiformes__order,taxongroup_comment
5760,compound<appos> ...,7,0.001,1,428,Charadriiformes__order,taxongroup_comment
5772,compound<conj> ...,7,0.016,4,428,Charadriiformes__order,taxongroup_comment
5774,compound<conj>cc> and,7,0.004,1,428,Charadriiformes__order,taxongroup_comment
5810,compound> ...,7,-0.001,1,428,Charadriiformes__order,taxongroup_comment
5812,compound> family,7,0.006,2,428,Charadriiformes__order,taxongroup_comment
5815,compound> herring,7,0.005,9,428,Charadriiformes__order,taxongroup_comment
5826,conj< ...,7,0.006,4,428,Charadriiformes__order,taxongroup_comment
5828,conj< murre,7,0.002,1,428,Charadriiformes__order,taxongroup_comment
5833,conj<amod> ...,7,-0.001,1,428,Charadriiformes__order,taxongroup_comment
5835,conj<amod> common,7,0.004,1,428,Charadriiformes__order,taxongroup_comment
5836,conj<amod>advmod> ...,7,0.002,1,428,Charadriiformes__order,taxongroup_comment
5840,conj<appos> ...,7,-0.001,1,428,Charadriiformes__order,taxongroup_comment
5845,conj<appos>flat> ...,7,0.007,2,428,Charadriiformes__order,taxongroup_comment
5849,conj<case> ...,7,0.002,1,428,Charadriiformes__order,taxongroup_comment
5877,conj<cop> be,7,0.0,1,428,Charadriiformes__order,taxongroup_comment
5895,conj<nsubj> ...,7,0.004,2,428,Charadriiformes__order,taxongroup_comment
5898,conj<obj< ...,7,0.004,1,428,Charadriiformes__order,taxongroup_comment
5900,conj<obj<nsubj> ...,7,0.003,1,428,Charadriiformes__order,taxongroup_comment
5903,conj<obl< ...,7,0.002,1,428,Charadriiformes__order,taxongroup_comment
5926,cop> be,7,0.031,10,428,Charadriiformes__order,taxongroup_comment
5928,det> a,7,0.0,3,428,Charadriiformes__order,taxongroup_comment
5930,det> some,7,0.002,1,428,Charadriiformes__order,taxongroup_comment
5931,det> the,7,-0.005,6,428,Charadriiformes__order,taxongroup_comment
5942,flat> ...,7,-0.001,1,428,Charadriiformes__order,taxongroup_comment
5945,flat> lomvia,7,0.002,1,428,Charadriiformes__order,taxongroup_comment
5966,nmod< ...,7,-0.004,1,428,Charadriiformes__order,taxongroup_comment
5967,nmod< Atlas,7,0.011,2,428,Charadriiformes__order,taxongroup_comment
5978,nmod<amod> ...,7,-0.002,1,428,Charadriiformes__order,taxongroup_comment
5988,nmod<case> in,7,0.005,2,428,Charadriiformes__order,taxongroup_comment
6008,nmod<det> the,7,-0.001,2,428,Charadriiformes__order,taxongroup_comment
6009,nmod<nmod< ...,7,0.0,1,428,Charadriiformes__order,taxongroup_comment
6010,nmod<nmod<amod> ...,7,0.007,2,428,Charadriiformes__order,taxongroup_comment
6012,nmod<nmod<compound> ...,7,0.003,1,428,Charadriiformes__order,taxongroup_comment
6056,nmod<obl< ...,7,-0.0,1,428,Charadriiformes__order,taxongroup_comment
6060,nmod<obl<nsubj> ...,7,0.002,1,428,Charadriiformes__order,taxongroup_comment
6061,nmod> ...,7,0.001,5,428,Charadriiformes__order,taxongroup_comment
6063,nmod> factsheet,7,0.004,1,428,Charadriiformes__order,taxongroup_comment
6065,nmod> world,7,0.002,1,428,Charadriiformes__order,taxongroup_comment
6066,nmod>amod> ...,7,0.005,3,428,Charadriiformes__order,taxongroup_comment
6070,nmod>case> ...,7,0.004,2,428,Charadriiformes__order,taxongroup_comment
6074,nmod>case> in,7,0.0,1,428,Charadriiformes__order,taxongroup_comment
6075,nmod>case> include,7,0.004,1,428,Charadriiformes__order,taxongroup_comment
6078,nmod>case> such,7,0.005,2,428,Charadriiformes__order,taxongroup_comment
6080,nmod>case> with,7,0.002,1,428,Charadriiformes__order,taxongroup_comment
6081,nmod>case>fixed> as,7,0.005,2,428,Charadriiformes__order,taxongroup_comment
6082,nmod>compound> ...,7,-0.001,1,428,Charadriiformes__order,taxongroup_comment
6085,nmod>compound> species,7,0.004,1,428,Charadriiformes__order,taxongroup_comment
6087,nmod>conj> ...,7,0.01,5,428,Charadriiformes__order,taxongroup_comment
6088,nmod>conj> gull,7,0.003,1,428,Charadriiformes__order,taxongroup_comment
6089,nmod>conj>amod> ...,7,0.005,2,428,Charadriiformes__order,taxongroup_comment
6090,nmod>conj>cc> and,7,0.011,4,428,Charadriiformes__order,taxongroup_comment
6094,nmod>det> the,7,-0.001,2,428,Charadriiformes__order,taxongroup_comment
6095,nmod>nmod> ...,7,0.0,1,428,Charadriiformes__order,taxongroup_comment
6096,nmod>nmod>case> for,7,0.004,1,428,Charadriiformes__order,taxongroup_comment
6100,nmod>nmod>compound> Charadrius,7,0.011,2,428,Charadriiformes__order,taxongroup_comment
6102,nsubj:pass< ...,7,0.037,9,428,Charadriiformes__order,taxongroup_comment
6103,nsubj:pass< find,7,0.003,1,428,Charadriiformes__order,taxongroup_comment
6105,nsubj:pass<advmod> ...,7,0.004,2,428,Charadriiformes__order,taxongroup_comment
6106,nsubj:pass<advmod> also,7,0.009,2,428,Charadriiformes__order,taxongroup_comment
6107,nsubj:pass<advmod> long,7,0.004,1,428,Charadriiformes__order,taxongroup_comment
6111,nsubj:pass<aux:pass> be,7,0.038,10,428,Charadriiformes__order,taxongroup_comment
6112,nsubj:pass<aux> ...,7,0.005,1,428,Charadriiformes__order,taxongroup_comment
6113,nsubj:pass<aux> can,7,0.003,1,428,Charadriiformes__order,taxongroup_comment
6114,nsubj:pass<aux> have,7,0.003,1,428,Charadriiformes__order,taxongroup_comment
6115,nsubj:pass<conj> ...,7,0.023,6,428,Charadriiformes__order,taxongroup_comment
6117,nsubj:pass<conj>amod> ...,7,0.009,2,428,Charadriiformes__order,taxongroup_comment
6120,nsubj:pass<conj>cc> and,7,0.006,2,428,Charadriiformes__order,taxongroup_comment
6121,nsubj:pass<conj>conj> ...,7,0.016,3,428,Charadriiformes__order,taxongroup_comment
6122,nsubj:pass<conj>cop> be,7,0.009,2,428,Charadriiformes__order,taxongroup_comment
6123,nsubj:pass<conj>nsubj> ...,7,0.014,3,428,Charadriiformes__order,taxongroup_comment
6124,nsubj:pass<conj>obl> ...,7,0.005,2,428,Charadriiformes__order,taxongroup_comment
6125,nsubj:pass<obl> ...,7,0.026,7,428,Charadriiformes__order,taxongroup_comment
6126,nsubj:pass<obl>amod> ...,7,0.017,4,428,Charadriiformes__order,taxongroup_comment
6127,nsubj:pass<obl>case> ...,7,0.012,3,428,Charadriiformes__order,taxongroup_comment
6128,nsubj:pass<obl>case> as,7,0.004,1,428,Charadriiformes__order,taxongroup_comment
6129,nsubj:pass<obl>case> in,7,0.003,1,428,Charadriiformes__order,taxongroup_comment
6130,nsubj:pass<obl>case> on,7,0.004,1,428,Charadriiformes__order,taxongroup_comment
6131,nsubj:pass<obl>case> with,7,0.004,1,428,Charadriiformes__order,taxongroup_comment
6132,nsubj:pass<obl>conj> ...,7,0.04,8,428,Charadriiformes__order,taxongroup_comment
6134,nsubj:pass<obl>det> a,7,0.003,1,428,Charadriiformes__order,taxongroup_comment
6135,nsubj:pass<obl>nmod> ...,7,0.005,2,428,Charadriiformes__order,taxongroup_comment
6136,nsubj:pass<xcomp> ...,7,0.007,2,428,Charadriiformes__order,taxongroup_comment
6137,nsubj:pass<xcomp>mark> to,7,0.003,1,428,Charadriiformes__order,taxongroup_comment
6138,nsubj:pass<xcomp>obj> ...,7,0.007,2,428,Charadriiformes__order,taxongroup_comment
6139,nsubj:pass<xcomp>obl> ...,7,0.009,2,428,Charadriiformes__order,taxongroup_comment
6145,nsubj< include,7,0.003,1,428,Charadriiformes__order,taxongroup_comment
6148,nsubj< show,7,0.003,1,428,Charadriiformes__order,taxongroup_comment
6190,nsubj<cc> and,7,0.003,1,428,Charadriiformes__order,taxongroup_comment
6192,nsubj<conj< ...,7,0.003,1,428,Charadriiformes__order,taxongroup_comment
6221,nsubj<obj> ...,7,-0.001,2,428,Charadriiformes__order,taxongroup_comment
6223,nsubj<obj>amod> little,7,0.004,1,428,Charadriiformes__order,taxongroup_comment
6225,nsubj<obj>conj> ...,7,0.002,2,428,Charadriiformes__order,taxongroup_comment
6228,nsubj<obj>nmod> ...,7,0.005,2,428,Charadriiformes__order,taxongroup_comment
6258,nsubj> ...,7,0.006,3,428,Charadriiformes__order,taxongroup_comment
6259,nsubj> Kittiwake,7,0.004,1,428,Charadriiformes__order,taxongroup_comment
6260,nsubj> gull,7,0.014,3,428,Charadriiformes__order,taxongroup_comment
6262,nsubj> tern,7,0.014,3,428,Charadriiformes__order,taxongroup_comment
6263,nsubj>amod> ...,7,0.009,4,428,Charadriiformes__order,taxongroup_comment
6264,nsubj>amod> arctic,7,0.014,3,428,Charadriiformes__order,taxongroup_comment
6265,nsubj>amod> common,7,0.004,1,428,Charadriiformes__order,taxongroup_comment
6266,nsubj>appos> ...,7,0.005,2,428,Charadriiformes__order,taxongroup_comment
6267,nsubj>appos>flat> ...,7,0.002,1,428,Charadriiformes__order,taxongroup_comment
6268,nsubj>compound> ...,7,0.003,1,428,Charadriiformes__order,taxongroup_comment
6269,nsubj>conj> ...,7,0.002,1,428,Charadriiformes__order,taxongroup_comment
6271,nsubj>conj>amod> ...,7,0.002,1,428,Charadriiformes__order,taxongroup_comment
6273,nsubj>conj>cc> or,7,0.002,1,428,Charadriiformes__order,taxongroup_comment
6275,nsubj>det> the,7,0.003,2,428,Charadriiformes__order,taxongroup_comment
6276,obj< ...,7,0.011,5,428,Charadriiformes__order,taxongroup_comment
6277,obj< attack,7,0.003,1,428,Charadriiformes__order,taxongroup_comment
6278,obj< do,7,0.004,1,428,Charadriiformes__order,taxongroup_comment
6279,obj< eat,7,0.004,1,428,Charadriiformes__order,taxongroup_comment
6281,obj< medium,7,0.004,1,428,Charadriiformes__order,taxongroup_comment
6284,obj<advcl< ...,7,0.008,3,428,Charadriiformes__order,taxongroup_comment
6285,obj<advcl<advmod> ...,7,0.002,1,428,Charadriiformes__order,taxongroup_comment
6286,obj<advcl<conj> ...,7,0.002,1,428,Charadriiformes__order,taxongroup_comment
6287,obj<advcl<nsubj> ...,7,0.002,1,428,Charadriiformes__order,taxongroup_comment
6288,obj<advcl<nsubj> gull,7,0.004,1,428,Charadriiformes__order,taxongroup_comment
6290,obj<advcl<obj> ...,7,0.005,2,428,Charadriiformes__order,taxongroup_comment
6291,obj<advcl<obl> ...,7,0.002,1,428,Charadriiformes__order,taxongroup_comment
6292,obj<advcl> ...,7,0.003,1,428,Charadriiformes__order,taxongroup_comment
6293,obj<advcl> attack,7,0.004,1,428,Charadriiformes__order,taxongroup_comment
6294,obj<advcl>advmod> ...,7,0.007,2,428,Charadriiformes__order,taxongroup_comment
6295,obj<advcl>obj> ...,7,0.002,1,428,Charadriiformes__order,taxongroup_comment
6296,obj<advcl>obl> ...,7,0.014,3,428,Charadriiformes__order,taxongroup_comment
6297,obj<advmod> ...,7,0.011,3,428,Charadriiformes__order,taxongroup_comment
6299,obj<cc> and,7,0.004,1,428,Charadriiformes__order,taxongroup_comment
6300,obj<conj< ...,7,0.003,1,428,Charadriiformes__order,taxongroup_comment
6304,obj<mark> ...,7,0.002,1,428,Charadriiformes__order,taxongroup_comment
6305,obj<mark> to,7,0.01,3,428,Charadriiformes__order,taxongroup_comment
6306,obj<mark> when,7,0.003,1,428,Charadriiformes__order,taxongroup_comment
6307,obj<nsubj> ...,7,0.002,1,428,Charadriiformes__order,taxongroup_comment
6308,obj<nsubj> it,7,0.004,1,428,Charadriiformes__order,taxongroup_comment
6320,obj<xcomp< ...,7,0.006,2,428,Charadriiformes__order,taxongroup_comment
6321,obj<xcomp<conj> ...,7,0.006,2,428,Charadriiformes__order,taxongroup_comment
6322,obl< ...,7,-0.003,1,428,Charadriiformes__order,taxongroup_comment
6348,obl<conj< ...,7,0.002,1,428,Charadriiformes__order,taxongroup_comment
6349,obl<conj<advmod> ...,7,0.006,2,428,Charadriiformes__order,taxongroup_comment
6350,obl<conj<conj> ...,7,0.003,1,428,Charadriiformes__order,taxongroup_comment
6366,obl<obj> ...,7,0.002,1,428,Charadriiformes__order,taxongroup_comment
